####
#
# OBJ File Generated by Meshlab
#
####
# Object cap_conicaltube050.obj
#
# Vertices: 3502
# Faces: 6998
#
####
mtllib ./cap_conicaltube050.obj.mtl

vn -2.5424328 -4.7614107 0.1187096
v 0.1475980 -16.9993610 5.1500020 0.000000 0.301961 1.000000
vn -1.3028359 -2.3836460 4.1940432
v 0.1475980 -16.9993610 -5.6500020 0.000000 0.019608 1.000000
vn 0.2048976 -6.2666674 0.2679767
v 0.6281755 -16.9883900 5.1500020 0.000000 0.266667 1.000000
vn 1.4257942 -2.3121967 4.1940370
v 0.7421364 -16.9837933 -5.6500020 0.000000 0.058824 1.000000
vn 2.8090467 -4.6206665 0.1348660
v 0.7421364 -16.9837933 5.1500020 0.000000 0.266667 1.000000
vn -2.8224308 -4.6214671 0.1180257
v -0.7421364 -16.9837933 5.1500020 0.000000 0.309804 1.000000
vn -1.4257942 -2.3121967 4.1940374
v -0.7421364 -16.9837933 -5.6500020 0.000000 0.058824 1.000000
vn -0.1851469 -6.2680712 0.2588400
v -0.6281755 -16.9883900 5.1500020 0.000000 0.301961 1.000000
vn 1.3028359 -2.3836460 4.1940432
v -0.1475980 -16.9993610 -5.6500020 0.000000 0.019608 1.000000
vn 2.5343812 -4.7606769 0.1258093
v -0.1475980 -16.9993610 5.1500020 0.000000 0.301961 1.000000
vn 2.2791686 -4.8868933 0.1189258
v -1.0369325 -16.9683456 5.1500020 0.000000 0.309804 1.000000
vn -3.0155201 -4.4701428 0.1189257
v -1.6298331 -16.9216919 5.1500020 0.000000 0.321569 1.000000
vn 1.1761675 -2.4485612 4.1942534
v -1.0369325 -16.9683456 -5.6500020 0.000000 0.082353 1.000000
vn -1.5446813 -2.2344251 4.1942821
v -1.6298331 -16.9216919 -5.6500020 0.000000 0.121569 1.000000
vn 3.0155196 -4.4701419 0.1189260
v 1.6298331 -16.9216919 5.1500020 0.000000 0.258824 1.000000
vn -2.2791681 -4.8868933 0.1189261
v 1.0369325 -16.9683456 5.1500020 0.000000 0.266667 1.000000
vn 1.5446814 -2.2344255 4.1942816
v 1.6298331 -16.9216919 -5.6500020 0.000000 0.121569 1.000000
vn -1.1761676 -2.4485607 4.1942534
v 1.0369325 -16.9683456 -5.6500020 0.000000 0.082353 1.000000
vn 3.2452776 -4.3062735 0.1189300
v 2.5130606 -16.8132248 5.1500020 0.000000 0.258824 1.000000
vn -2.0202854 -4.9994855 0.1189450
v 1.9234306 -16.8908386 5.1500020 0.000000 0.258824 1.000000
vn 1.6594970 -2.1505175 4.1942916
v 2.5130606 -16.8132248 -5.6500020 0.000000 0.184314 1.000000
vn -1.0464178 -2.5067620 4.1942472
v 1.9234306 -16.8908386 -5.6500020 0.000000 0.137255 1.000000
vn -2.5975349 4.7670345 0.0123214
v 0.1509167 16.9993305 5.1500020 1.000000 0.000000 0.000000
vn 2.8435535 4.6245589 0.0122211
v 0.7391120 16.9839249 5.1500020 1.000000 0.058824 0.000000
vn -1.3026747 2.3836436 4.1942759
v 0.1509167 16.9993305 -5.6500020 1.000000 0.000000 0.000000
vn 1.4256554 2.3122022 4.1942635
v 0.7391120 16.9839249 -5.6500020 1.000000 0.015686 0.000000
vn 3.1016288 4.4678125 0.0121154
v 1.6271182 16.9219532 5.1500020 1.000000 0.886275 0.000000
vn 1.5449421 2.2343998 4.1939225
v 1.6271182 16.9219532 -5.6500020 1.000000 0.101961 0.000000
vn 0.4808079 6.2524495 0.2587042
v 1.2554929 16.9535770 5.1500020 1.000000 0.886275 0.000000
vn -1.1763458 2.4485698 4.1939425
v 1.0405269 16.9681263 -5.6500020 0.992157 0.054902 0.000000
vn -2.3789670 4.8990583 0.0121131
v 1.0405269 16.9681263 5.1500020 1.000000 0.564706 0.000000
vn 3.3656244 4.2945156 0.0118873
v 2.5106668 16.8135815 5.1500020 1.000000 0.901961 0.000000
vn 1.6595701 2.1504977 4.1942267
v 2.5106668 16.8135815 -5.6500020 1.000000 0.176471 0.000000
vn 0.8006337 6.2247500 0.1681617
v 2.5041289 16.8145580 5.1500020 1.000000 0.901961 0.000000
vn -1.0463638 2.5067482 4.1942801
v 1.9272794 16.8903999 -5.6500020 1.000000 0.129412 0.000000
vn -2.0856259 5.0125136 0.0122335
v 1.9272794 16.8903999 5.1500020 1.000000 0.894118 0.000000
vn -1.8198297 5.1147003 0.0121782
v 2.8087425 16.7663631 5.1500020 1.000000 0.909804 0.000000
vn 3.5320807 4.1227765 0.0121857
v 3.3873348 16.6591110 5.1500020 1.000000 0.921569 0.000000
vn -0.9137133 2.5580812 4.1942925
v 2.8087425 16.7663631 -5.6500020 1.000000 0.203922 0.000000
vn 1.7698456 2.0607064 4.1942425
v 3.3873348 16.6591110 -5.6500020 1.000000 0.247059 0.000000
vn 3.7483785 3.9309916 0.0119859
v 4.2547178 16.4589596 5.1500020 1.000000 0.956863 0.000000
vn 1.8753678 1.9652333 4.1941051
v 4.2547178 16.4589596 -5.6500020 1.000000 0.321569 0.000000
vn 1.4520068 6.1020432 0.2391636
v 3.7390881 16.5837040 5.1500020 1.000000 0.937255 0.000000
vn -0.7786490 2.6024046 4.1941686
v 3.6824992 16.5963593 -5.6500020 1.000000 0.274510 0.000000
vn -1.5975442 5.2141724 0.0120446
v 3.6824992 16.5963593 5.1500020 1.000000 0.937255 0.000000
vn 3.9813662 3.7196741 0.0120207
v 5.1104369 16.2136803 5.1500020 1.000000 0.984314 0.000000
vn 1.9757638 1.8643585 4.1939259
v 5.1104369 16.2136803 -5.6500020 1.000000 0.392157 0.000000
vn 1.7931784 6.0093355 0.2555963
v 4.9536257 16.2622738 5.1500020 1.000000 0.984314 0.000000
vn -0.6414745 2.6396143 4.1940289
v 4.5461540 16.3808575 -5.6500020 1.000000 0.337255 0.000000
vn -1.2897475 5.2811947 0.0121299
v 4.5461540 16.3808575 5.1500020 1.000000 0.972549 0.000000
vn -0.9973078 5.3364067 0.0120727
v 5.3973384 16.1204453 5.1500020 0.984314 1.000000 0.000000
vn 4.0717940 3.5365536 0.1196918
v 5.9521461 15.9239435 5.1500020 0.964706 1.000000 0.000000
vn -0.5022581 2.6695032 4.1943250
v 5.3973384 16.1204453 -5.6500020 1.000000 0.411765 0.000000
vn 2.0704622 1.7584544 4.1942163
v 5.9521461 15.9239435 -5.6500020 1.000000 0.458824 0.000000
vn -0.6554087 5.3508053 0.1225129
v 6.2337193 15.8158388 5.1500020 0.949020 1.000000 0.000000
vn 4.2474194 3.3201294 0.1224535
v 6.7775350 15.5905418 5.1500020 0.921569 1.000000 0.000000
vn -0.3618413 2.6921270 4.1943321
v 6.2337193 15.8158388 -5.6500020 1.000000 0.486275 0.000000
vn 2.1596694 1.6476830 4.1942039
v 6.7775350 15.5905418 -5.6500020 1.000000 0.529412 0.000000
vn 4.4381928 3.0829153 0.1218955
v 7.5843425 15.2143927 5.1500020 0.882353 1.000000 0.000000
vn 2.2431626 1.5322902 4.1938381
v 7.5843425 15.2143927 -5.6500020 1.000000 0.603922 0.000000
vn 2.6882300 5.6646428 0.2667039
v 7.2950501 15.3552027 5.1500020 0.894118 1.000000 0.000000
vn -0.2206544 2.7074699 4.1939793
v 7.0530038 15.4678745 -5.6500020 1.000000 0.556863 0.000000
vn -0.3932851 5.3867226 0.1313238
v 7.0530038 15.4678745 5.1500020 0.901961 1.000000 0.000000
vn -0.0924666 5.3900666 0.1223799
v 7.8529453 15.0775080 5.1500020 0.858824 1.000000 0.000000
vn 4.5713015 2.8579493 0.1223368
v 8.3703537 14.7965260 5.1500020 0.831373 0.992157 0.000000
vn -0.0784395 2.7151904 4.1943479
v 7.8529453 15.0775080 -5.6500020 1.000000 0.631373 0.000000
vn 2.3200865 1.4128997 4.1941910
v 8.3703537 14.7965260 -5.6500020 1.000000 0.674510 0.000000
vn 0.1897680 5.3875504 0.1223069
v 8.6313524 14.6458101 5.1500020 0.803922 1.000000 0.000000
vn 4.7146730 2.6146886 0.1222598
v 9.1334143 14.3380871 5.1500020 0.776471 1.000000 0.000000
vn 0.0637821 2.7155690 4.1943550
v 8.6313524 14.6458101 -5.6500020 1.000000 0.701961 0.000000
vn 2.3908627 1.2895316 4.1941838
v 9.1334143 14.3380871 -5.6500020 1.000000 0.749020 0.000000
vn 4.8537025 2.3587337 0.1219831
v 9.8714314 13.8403339 5.1500020 0.721569 1.000000 0.000000
vn 2.4551997 1.1625501 4.1939602
v 9.8714314 13.8403339 -5.6500020 1.000000 0.819608 0.000000
vn 3.5186355 5.1895776 0.2686679
v 9.4773197 14.1131287 5.1500020 0.749020 1.000000 0.000000
vn 0.2057071 2.7085874 4.1941366
v 9.3860893 14.1739655 -5.6500020 1.000000 0.764706 0.000000
vn 0.4438425 5.3889751 0.1359546
v 9.3860893 14.1739655 5.1500020 0.756863 1.000000 0.000000
vn 5.0533490 2.0431118 0.0130420
v 10.5823812 13.3046312 5.1500020 0.666667 1.000000 0.000000
vn 2.5126877 1.0324408 4.1939459
v 10.5823812 13.3046312 -5.6500020 1.000000 0.886275 0.000000
vn 3.8251128 4.9695258 0.2548929
v 10.4937305 13.3746643 5.1500020 0.674510 1.000000 0.000000
vn 0.3471839 2.6940999 4.1941490
v 10.1150894 13.6632710 -5.6500020 1.000000 0.839216 0.000000
vn 0.7487134 5.3402085 0.1280889
v 10.1150894 13.6632710 5.1500020 0.701961 1.000000 0.000000
vn 0.9819669 5.3388162 0.0131284
v 10.8163557 13.1151237 5.1500020 0.647059 1.000000 0.000000
vn 5.1200514 1.8045720 0.0130109
v 11.2643118 12.7324486 5.1500020 0.611765 1.000000 0.000000
vn 0.4878330 2.6721344 4.1943789
v 10.8163557 13.1151237 -5.6500020 1.000000 0.909804 0.000000
vn 2.5631828 0.8996241 4.1941566
v 11.2643118 12.7324486 -5.6500020 1.000000 0.956863 0.000000
vn 1.2599719 5.2801590 0.0129886
v 11.4879627 12.5310297 5.1500020 0.584314 1.000000 0.000000
vn 5.2075472 1.5340605 0.0128785
v 11.9153566 12.1253557 5.1500020 0.556863 1.000000 0.000000
vn 0.6270171 2.6429353 4.1943836
v 11.4879627 12.5310297 -5.6500020 1.000000 0.984314 0.000000
vn 2.6067564 0.7642336 4.1941566
v 11.9153566 12.1253557 -5.6500020 0.964706 1.000000 0.000000
vn 5.3010015 1.2379133 0.0127470
v 12.5337286 11.4850178 5.1500020 0.494118 1.000000 0.000000
vn 2.6433501 0.6265784 4.1937890
v 12.5337286 11.4850178 -5.6500020 0.894118 1.000000 0.000000
vn 4.5501957 4.3150477 0.2590223
v 12.3493710 11.6830235 5.1500020 0.509804 1.000000 0.000000
vn 0.7643213 2.6066604 4.1940312
v 12.1280737 11.9125919 -5.6500020 0.937255 1.000000 0.000000
vn 1.5173247 5.2251186 0.0128890
v 12.1280737 11.9125919 5.1500020 0.529412 1.000000 0.000000
vn 1.8049496 5.1195936 0.0127936
v 12.7349329 11.2615042 5.1500020 0.466667 1.000000 0.000000
vn 5.3394370 0.9812455 0.0127860
v 13.1177320 10.8131905 5.1500020 0.431373 1.000000 0.000000
vn 0.8998573 2.5629029 4.1943946
v 12.7349329 11.2615042 -5.6500020 0.866667 1.000000 0.000000
vn 2.6723735 0.4875534 4.1941442
v 13.1177320 10.8131905 -5.6500020 0.819608 1.000000 0.000000
vn 2.0703647 5.0181875 0.0126255
v 13.3068781 10.5795546 5.1500020 0.403922 1.000000 0.000000
vn 5.3835077 0.7004138 0.0127093
v 13.6657667 10.1117172 5.1500020 0.364706 1.000000 0.000000
vn 1.0327606 2.5122910 4.1943970
v 13.3068781 10.5795546 -5.6500020 0.792157 1.000000 0.000000
vn 2.6942308 0.3470207 4.1941395
v 13.6657667 10.1117172 -5.6500020 0.749020 1.000000 0.000000
vn 5.4213085 0.4053046 0.0125892
v 14.1763287 9.3825207 5.1500020 0.309804 1.000000 0.000000
vn 2.7088122 0.2053748 4.1938453
v 14.1763287 9.3825207 -5.6500020 0.674510 1.000000 0.000000
vn 5.1595297 3.5645297 0.2565224
v 13.9355879 9.7364969 5.1500020 0.337255 1.000000 0.000000
vn 1.1627264 2.4549432 4.1941113
v 13.8423443 9.8686123 -5.6500020 0.721569 1.000000 0.000000
vn 2.3076136 4.9355073 0.0125241
v 13.8423443 9.8686123 5.1500020 0.337255 1.000000 0.000000
vn 5.4526472 0.0918599 0.0123243
v 14.6480198 8.6276016 5.1500020 0.247059 1.000000 0.000000
vn 2.7158017 0.0633989 4.1939907
v 14.6480198 8.6276016 -5.6500020 0.603922 1.000000 0.000000
vn 5.3541794 3.2674041 0.2392054
v 14.6165972 8.6807299 5.1500020 0.247059 1.000000 0.000000
vn 1.2896680 2.3906338 4.1942778
v 14.3398628 9.1306276 -5.6500020 0.654902 1.000000 0.000000
vn 2.5805779 4.7791629 0.0125607
v 14.3398628 9.1306276 5.1500020 0.282353 1.000000 0.000000
vn 2.8298247 4.6326509 0.0123500
v 14.7980700 8.3676233 5.1500020 0.211765 1.000000 0.000000
vn 5.4269247 -0.1506289 0.0123412
v 15.0795460 7.8490319 5.1500020 0.176471 1.000000 0.000000
vn 1.4130613 2.3197808 4.1944146
v 14.7980700 8.3676233 -5.6500020 0.584314 1.000000 0.000000
vn 2.7153556 -0.0787486 4.1941299
v 15.0795460 7.8490319 -5.6500020 0.537255 0.992157 0.000000
vn 1.5325389 2.2426412 4.1944175
v 15.2157145 7.5816913 -5.6500020 0.509804 1.000000 0.000000
vn 3.0452011 4.5261230 0.0107347
v 15.2157145 7.5816913 5.1500020 0.149020 1.000000 0.000000
vn 2.7075737 -0.2207282 4.1941237
v 15.4697247 7.0489450 -5.6500020 0.466667 1.000000 0.000000
vn 5.6729727 2.6851373 0.1592546
v 15.2177763 7.5775518 5.1500020 0.149020 1.000000 0.000000
vn 5.4118462 -0.4349257 0.0121933
v 15.4697247 7.0489450 5.1500020 0.109804 1.000000 0.000000
vn 5.3945904 -0.7490474 0.0119618
v 15.8174858 6.2295361 5.1500020 0.047059 1.000000 0.000000
vn 2.6923413 -0.3623619 4.1937742
v 15.8174858 6.2295361 -5.6500020 0.392157 1.000000 0.000000
vn 5.7966170 2.3925030 0.2580884
v 15.7358408 6.4329877 5.1500020 0.058824 1.000000 0.000000
vn 1.6477275 2.1595588 4.1940808
v 15.5916500 6.7749872 -5.6500020 0.439216 1.000000 0.000000
vn 3.2907655 4.3302832 0.0121487
v 15.5916500 6.7749872 5.1500020 0.086275 1.000000 0.000000
vn 3.5379968 4.0671878 0.1224856
v 15.9248486 5.9497223 5.1500020 0.019608 1.000000 0.000000
vn 5.3095088 -0.9351087 0.1224621
v 16.1218796 5.3930521 5.1500020 0.000000 1.000000 0.011765
vn 1.7585654 2.0701537 4.1944232
v 15.9248486 5.9497223 -5.6500020 0.364706 1.000000 0.000000
vn 2.6696110 -0.5025681 4.1941180
v 16.1218796 5.3930521 -5.6500020 0.321569 1.000000 0.000000
vn 3.7459860 3.8765094 0.1223615
v 16.2143993 5.1081586 5.1500020 0.000000 1.000000 0.039216
vn 5.2532377 -1.2118752 0.1223500
v 16.3820686 4.5417876 5.1500020 0.000000 1.000000 0.074510
vn 1.8644996 1.9752736 4.1944289
v 16.2143993 5.1081586 -5.6500020 0.294118 1.000000 0.000000
vn 2.6396527 -0.6416020 4.1941137
v 16.3820686 4.5417876 -5.6500020 0.247059 1.000000 0.000000
vn 5.1878529 -1.5045271 0.1217940
v 16.5973415 3.6780770 5.1500020 0.000000 1.000000 0.137255
vn 2.6025062 -0.7790827 4.1937776
v 16.5973415 3.6780770 -5.6500020 0.184314 1.000000 0.000000
vn 6.0918555 1.4842701 0.2674998
v 16.5117779 4.0448985 5.1500020 0.000000 1.000000 0.109804
vn 1.9652750 1.8752028 4.1940846
v 16.4595051 4.2526031 -5.6500020 0.227451 1.000000 0.000000
vn 3.9378719 3.6996469 0.1324845
v 16.4595051 4.2526031 5.1500020 0.000000 1.000000 0.101961
vn 5.1087303 -1.8075092 0.1209471
v 16.7671089 2.8042884 5.1500020 0.000000 1.000000 0.211765
vn 2.5580966 -0.9140333 4.1940808
v 16.7671089 2.8042884 -5.6500020 0.109804 1.000000 0.000000
vn 6.1734581 1.1022718 0.2554719
v 16.7654114 2.8144159 5.1500020 0.000000 1.000000 0.211765
vn 2.0607567 1.7695689 4.1944094
v 16.6595039 3.3854010 -5.6500020 0.156863 1.000000 0.000000
vn 4.1312451 3.4587548 0.1272037
v 16.6595039 3.3854010 5.1500020 0.000000 1.000000 0.164706
vn 4.3062477 3.2430348 0.1219564
v 16.8138428 2.5089290 5.1500020 0.000000 1.000000 0.239216
vn 4.9992328 -2.0188930 0.1218942
v 16.8909073 1.9228184 5.1500020 0.000000 1.000000 0.274510
vn 2.1505451 1.6592731 4.1944370
v 16.8138428 2.5089290 -5.6500020 0.094118 1.000000 0.000000
vn 2.5067894 -1.0466442 4.1941051
v 16.8909073 1.9228184 -5.6500020 0.047059 1.000000 0.000000
vn 4.8872166 -2.2832277 0.1216490
v 16.9683971 1.0360837 5.1500020 0.000000 1.000000 0.337255
vn 2.4485807 -1.1764898 4.1939793
v 16.9683971 1.0360837 -5.6500020 0.000000 1.000000 0.011765
vn 6.2465968 0.5404118 0.2690491
v 16.9274807 1.5685622 5.1500020 0.000000 1.000000 0.309804
vn 2.2344325 1.5445304 4.1943064
v 16.9221001 1.6255893 -5.6500020 0.027451 1.000000 0.000000
vn 4.4668412 3.0508194 0.1380799
v 16.9221001 1.6255893 5.1500020 0.000000 1.000000 0.301961
vn 4.7624331 -2.5702875 0.1208274
v 16.9993687 0.1465158 5.1500020 0.000000 1.000000 0.411765
vn 2.3836544 -1.3031329 4.1938047
v 16.9993687 0.1465158 -5.6500020 0.000000 1.000000 0.074510
vn 6.2687073 0.1499325 0.2625515
v 16.9970970 0.3141414 5.1500020 0.000000 1.000000 0.400000
vn 2.3122005 1.4255857 4.1941385
v 16.9839821 0.7378024 -5.6500020 0.000000 1.000000 0.031373
vn 4.6214056 2.7832673 0.1283123
v 16.9839821 0.7378024 5.1500020 0.000000 1.000000 0.364706
vn 4.7607055 2.5296507 0.1215301
v 16.9993210 -0.1519986 5.1500020 0.000000 1.000000 0.439216
vn 4.6217999 -2.7763922 0.1214645
v 16.9837360 -0.7434462 5.1500020 0.000000 1.000000 0.474510
vn 2.3836365 1.3024251 4.1944351
v 16.9993210 -0.1519986 -5.6500020 0.000000 1.000000 0.101961
vn 2.3121912 -1.4259081 4.1941080
v 16.9837360 -0.7434462 -5.6500020 0.000000 1.000000 0.137255
vn 4.8866463 2.2770901 0.1213851
v 16.9680729 -1.0413755 5.1500020 0.000000 1.000000 0.501961
vn 4.4701185 -3.0145690 0.1213266
v 16.9215450 -1.6313623 5.1500020 0.000000 1.000000 0.537255
vn 2.4485357 1.1758971 4.1944318
v 16.9680729 -1.0413755 -5.6500020 0.000000 1.000000 0.164706
vn 2.2343979 -1.5449568 4.1941118
v 16.9215450 -1.6313623 -5.6500020 0.000000 1.000000 0.203922
vn 4.3035164 -3.2692995 0.1206791
v 16.8129654 -2.5147984 5.1500020 0.000000 1.000000 0.611765
vn 2.1504498 -1.6600149 4.1937456
v 16.8129654 -2.5147984 -5.6500020 0.000000 1.000000 0.274510
vn 6.2181406 -0.8060630 0.2663802
v 16.8579597 -2.1929867 5.1500020 0.000000 1.000000 0.592157
vn 2.5067525 1.0463712 4.1940656
v 16.8903294 -1.9278916 -5.6500020 0.000000 1.000000 0.231373
vn 5.0016532 2.0387433 0.1307183
v 16.8903294 -1.9278916 5.1500020 0.000000 1.000000 0.564706
vn 5.0979180 1.7540035 0.1211228
v 16.7663002 -2.8091176 5.1500020 0.000000 1.000000 0.639216
vn 4.1305723 -3.4654698 0.1210300
v 16.6582966 -3.3913326 5.1500020 0.000000 1.000000 0.682353
vn 2.5580392 0.9135116 4.1944289
v 16.7663002 -2.8091176 -5.6500020 0.000000 1.000000 0.294118
vn 2.0606689 -1.7700509 4.1941094
v 16.6582966 -3.3913326 -5.6500020 0.000000 1.000000 0.337255
vn 5.1826715 1.4849422 0.1210051
v 16.5963306 -3.6826391 5.1500020 0.000000 1.000000 0.709804
vn 3.9434519 -3.6770022 0.1209006
v 16.4579659 -4.2585626 5.1500020 0.000000 1.000000 0.749020
vn 2.6023357 0.7783875 4.1944351
v 16.5963306 -3.6826391 -5.6500020 0.000000 0.992157 0.356863
vn 1.9652057 -1.8754735 4.1941099
v 16.4579659 -4.2585626 -5.6500020 0.000000 1.000000 0.400000
vn 3.7429917 -3.8883557 0.1205572
v 16.2125225 -5.1141100 5.1500020 0.000000 1.000000 0.811765
vn 1.8643181 -1.9758862 4.1938925
v 16.2125225 -5.1141100 -5.6500020 0.000000 1.000000 0.458824
vn 6.0229616 -1.7425938 0.2683925
v 16.3510361 -4.6522713 5.1500020 0.000000 1.000000 0.784314
vn 2.6395578 0.6412658 4.1942010
v 16.3808823 -4.5460634 -5.6500020 0.000000 1.000000 0.419608
vn 5.2624779 1.2431939 0.1355679
v 16.3808823 -4.5460634 5.1500020 0.000000 1.000000 0.776471
vn 3.5233731 -4.1115150 0.1197408
v 15.9226398 -5.9556308 5.1500020 0.000000 1.000000 0.882353
vn 1.7583461 -2.0707493 4.1938801
v 15.9226398 -5.9556308 -5.6500020 0.000000 1.000000 0.529412
vn 5.9035077 -2.1143479 0.2599395
v 15.9628019 -5.8471317 5.1500020 0.000000 1.000000 0.874510
vn 2.6694980 0.5022528 4.1941977
v 16.1205502 -5.3970246 -5.6500020 0.000000 1.000000 0.486275
vn 5.3104744 0.9384582 0.1271115
v 16.1205502 -5.3970246 5.1500020 0.000000 1.000000 0.839216
vn 5.3513932 0.6560399 0.1205763
v 15.8160458 -6.2331920 5.1500020 0.000000 1.000000 0.909804
vn 3.3196330 -4.2488327 0.1204967
v 15.5891142 -6.7808189 5.1500020 0.000000 1.000000 0.949020
vn 2.6920729 0.3617186 4.1944213
v 15.8160458 -6.2331920 -5.6500020 0.000000 1.000000 0.549020
vn 1.6476264 -2.1597958 4.1941204
v 15.5891142 -6.7808189 -5.6500020 0.000000 1.000000 0.592157
vn 5.3783636 0.3752462 0.1204524
v 15.4682074 -7.0522742 5.1500020 0.000000 1.000000 0.976471
vn 3.0927143 -4.4168086 0.1203732
v 15.2128620 -7.5874119 5.1500020 0.000000 0.976471 1.000000
vn 2.7073154 0.2203339 4.1944194
v 15.4682074 -7.0522742 -5.6500020 0.000000 1.000000 0.611765
vn 1.5323378 -2.2430623 4.1941209
v 15.2128620 -7.5874119 -5.6500020 0.000000 1.000000 0.654902
vn 2.8436341 -4.5992937 0.1196443
v 14.7949152 -8.3732004 5.1500020 0.000000 0.909804 1.000000
vn 1.4127364 -2.3203881 4.1937571
v 14.7949152 -8.3732004 -5.6500020 0.000000 1.000000 0.721569
vn 5.5123353 -2.9884193 0.2650068
v 14.9273815 -8.1346970 5.1500020 0.000000 0.929412 1.000000
vn 2.7152529 0.0785592 4.1940498
v 15.0779858 -7.8520288 -5.6500020 0.000000 1.000000 0.674510
vn 5.3981900 0.1074885 0.1290879
v 15.0779858 -7.8520288 5.1500020 0.000000 0.949020 0.992157
vn 5.3882279 -0.1888378 0.1201946
v 14.6464520 -8.6302633 5.1500020 0.000000 0.886275 1.000000
vn 2.6140642 -4.7160048 0.1201243
v 14.3364201 -9.1360302 5.1500020 0.000000 0.847059 1.000000
vn 2.7155218 -0.0638515 4.1944122
v 14.6464520 -8.6302633 -5.6500020 0.000000 1.000000 0.737255
vn 1.2894874 -2.3909359 4.1941290
v 14.3364201 -9.1360302 -5.6500020 0.000000 1.000000 0.784314
vn 5.3710289 -0.4705426 0.1200761
v 14.1747885 -9.3848486 5.1500020 0.000000 0.819608 1.000000
vn 2.3635936 -4.8464022 0.1200090
v 13.8386354 -9.8738117 5.1500020 0.000000 0.776471 1.000000
vn 2.7084641 -0.2058808 4.1944075
v 14.1747885 -9.3848486 -5.6500020 0.000000 1.000000 0.803922
vn 1.1625948 -2.4551406 4.1941319
v 13.8386354 -9.8738117 -5.6500020 0.000000 1.000000 0.847059
vn 2.0976820 -4.9758587 0.1195936
v 13.3029261 -10.5845242 5.1500020 0.000000 0.709804 1.000000
vn 1.0323941 -2.5127656 4.1938477
v 13.3029261 -10.5845242 -5.6500020 0.000000 1.000000 0.909804
vn 4.9931693 -3.7923396 0.2675961
v 13.5662928 -10.2447882 5.1500020 0.000000 0.737255 1.000000
vn 2.6940999 -0.3471891 4.1941023
v 13.6642885 -10.1137142 -5.6500020 0.000000 1.000000 0.866667
vn 5.3560233 -0.7283922 0.1331777
v 13.6642885 -10.1137142 5.1500020 0.000000 0.749020 1.000000
vn 1.8123960 -5.1052947 0.1188030
v 12.7307615 -11.2662191 5.1500020 0.000000 0.647059 1.000000
vn 0.8995494 -2.5632753 4.1940002
v 12.7307615 -11.2662191 -5.6500020 0.000000 1.000000 0.972549
vn 4.7484522 -4.0960250 0.2566882
v 12.7726421 -11.2187176 5.1500020 0.000000 0.647059 1.000000
vn 2.6721778 -0.4877834 4.1942534
v 13.1163502 -10.8148670 -5.6500020 0.000000 1.000000 0.929412
vn 5.2914333 -1.0300703 0.1259741
v 13.1163502 -10.8148670 5.1500020 0.000000 0.686275 1.000000
vn 5.2314754 -1.3047729 0.1197440
v 12.5324764 -11.4863853 5.1500020 0.000000 0.619608 1.000000
vn 1.5763094 -5.1566081 0.1196906
v 12.1237116 -11.9170303 5.1500020 0.000000 0.576471 1.000000
vn 2.6429276 -0.6270202 4.1943922
v 12.5324764 -11.4863853 -5.6500020 0.000000 1.000000 0.992157
vn 0.7642294 -2.6067648 4.1941485
v 12.1237116 -11.9170303 -5.6500020 0.000000 0.956863 1.000000
vn 2.6065001 -0.7644737 4.1943831
v 11.9142656 -12.1264286 -5.6500020 0.000000 0.937255 1.000000
vn 5.1847057 -1.5487902 0.1388893
v 11.9142656 -12.1264286 5.1500020 0.000000 0.549020 1.000000
vn 0.6267183 -2.6431389 4.1941614
v 11.4834404 -12.5351753 -5.6500020 0.000000 0.894118 1.000000
vn 4.3588428 -4.5069227 0.2675225
v 11.9092312 -12.1313725 5.1500020 0.000000 0.549020 0.992157
vn 1.3037899 -5.2325258 0.1195915
v 11.4834404 -12.5351753 5.1500020 0.000000 0.509804 1.000000
vn 1.0025073 -5.3164120 0.1188128
v 10.8117027 -13.1189594 5.1500020 0.000000 0.447059 1.000000
vn 0.4874014 -2.6724958 4.1938200
v 10.8117027 -13.1189594 -5.6500020 0.000000 0.831373 1.000000
vn 4.0690207 -4.7708831 0.2633282
v 10.9807777 -12.9777708 5.1500020 0.000000 0.458824 1.000000
vn 2.5630965 -0.8996948 4.1940274
v 11.2634115 -12.7332458 -5.6500020 0.000000 0.874510 1.000000
vn 5.0752206 -1.8369201 0.1276605
v 11.2634115 -12.7332458 5.1500020 0.000000 0.486275 1.000000
vn 4.9631724 -2.1070738 0.1194452
v 10.5816984 -13.3051739 5.1500020 0.000000 0.419608 1.000000
vn 0.7501903 -5.3398004 0.1194174
v 10.1103411 -13.6667843 5.1500020 0.000000 0.376471 1.000000
vn 2.5123270 -1.0327303 4.1943703
v 10.5816984 -13.3051739 -5.6500020 0.000000 0.811765 1.000000
vn 0.3470580 -2.6942043 4.1941681
v 10.1103411 -13.6667843 -5.6500020 0.000000 0.764706 1.000000
vn 4.8461490 -2.3638966 0.1193695
v 9.8709936 -13.8406467 5.1500020 0.000000 0.349020 1.000000
vn 0.4695837 -5.3717132 0.1193564
v 9.3812780 -14.1771507 5.1500020 0.000000 0.309804 1.000000
vn 2.4548416 -1.1627961 4.1943645
v 9.8709936 -13.8406467 -5.6500020 0.000000 0.749020 1.000000
vn 0.2055820 -2.7086692 4.1941752
v 9.3812780 -14.1771507 -5.6500020 0.000000 0.709804 1.000000
vn 0.1708099 -5.3999820 0.1188757
v 8.6265135 -14.6486607 5.1500020 0.000000 0.258824 1.000000
vn 0.0633635 -2.7158253 4.1938419
v 8.6265135 -14.6486607 -5.6500020 0.000000 0.647059 1.000000
vn 3.2951374 -5.3344755 0.2666985
v 8.9493465 -14.4536915 5.1500020 0.000000 0.258824 1.000000
vn 2.3908238 -1.2895567 4.1940069
v 9.1332426 -14.3381958 -5.6500020 0.000000 0.686275 1.000000
vn 4.7359896 -2.6017187 0.1310845
v 9.1332426 -14.3381958 5.1500020 0.000000 0.258824 1.000000
vn -0.1420319 -5.4183154 0.1181225
v 7.8481145 -15.0800228 5.1500020 0.000000 0.258824 1.000000
vn -0.0786965 -2.7152610 4.1941648
v 7.8481145 -15.0800228 -5.6500020 0.000000 0.584314 0.992157
vn 2.9576559 -5.5300245 0.2529719
v 7.8574662 -15.0751524 5.1500020 0.000000 0.258824 1.000000
vn 2.3198860 -1.4130088 4.1943212
v 8.3704691 -14.7964602 -5.6500020 0.000000 0.627451 1.000000
vn 4.5671811 -2.8599520 0.1250694
v 8.3704691 -14.7964602 5.1500020 0.000000 0.258824 1.000000
vn 4.4168720 -3.0928402 0.1191588
v 7.5847607 -15.2141848 5.1500020 0.000000 0.258824 1.000000
vn -0.3764512 -5.3791366 0.1191583
v 7.0482159 -15.4700565 5.1500020 0.000000 0.258824 1.000000
vn 2.2427492 -1.5324887 4.1943383
v 7.5847607 -15.2141848 -5.6500020 0.000000 0.564706 1.000000
vn -0.2206417 -2.7074680 4.1941962
v 7.0482159 -15.4700565 -5.6500020 0.000000 0.521569 1.000000
vn -0.6627806 -5.3542390 0.1190205
v 6.2290087 -15.8176947 5.1500020 0.000000 0.258824 1.000000
vn -0.3621062 -2.6922355 4.1940742
v 6.2290087 -15.8176947 -5.6500020 0.000000 0.458824 1.000000
vn 2.4452648 -5.7734866 0.2685326
v 6.7226706 -15.6142788 5.1500020 0.000000 0.258824 1.000000
vn 2.1595685 -1.6477253 4.1941915
v 6.7782702 -15.5902224 -5.6500020 0.000000 0.501961 1.000000
vn 4.2822180 -3.3054411 0.1374781
v 6.7782702 -15.5902224 5.1500020 0.000000 0.258824 1.000000
vn -0.9738985 -5.3245535 0.1182598
v 5.3927388 -16.1219826 5.1500020 0.000000 0.258824 1.000000
vn -0.5026028 -2.6696320 4.1939049
v 5.3927388 -16.1219826 -5.6500020 0.000000 0.400000 1.000000
vn 2.0812457 -5.9151363 0.2612875
v 5.5511580 -16.0681248 5.1500020 0.000000 0.258824 1.000000
vn 2.0704789 -1.7584490 4.1940303
v 5.9532075 -15.9235468 -5.6500020 0.000000 0.439216 1.000000
vn 4.0760503 -3.5349350 0.1265594
v 5.9532075 -15.9235468 5.1500020 0.000000 0.258824 1.000000
vn 3.8788340 -3.7456653 0.1190101
v 5.1118312 -16.2132397 5.1500020 0.000000 0.258824 1.000000
vn -1.2132640 -5.2540369 0.1190502
v 4.5416975 -16.3820934 5.1500020 0.000000 0.258824 1.000000
vn 1.9754440 -1.8644540 4.1943111
v 5.1118312 -16.2132397 -5.6500020 0.000000 0.376471 1.000000
vn -0.6414238 -2.6396086 4.1942210
v 4.5416975 -16.3820934 -5.6500020 0.000000 0.337255 1.000000
vn 3.6775286 -3.9435282 0.1189755
v 4.2564473 -16.4585133 5.1500020 0.000000 0.258824 1.000000
vn -1.4866955 -5.1832108 0.1190195
v 3.6782172 -16.5973110 5.1500020 0.000000 0.258824 1.000000
vn 1.8751693 -1.9652814 4.1943054
v 4.2564473 -16.4585133 -5.6500020 0.000000 0.309804 1.000000
vn -0.7786877 -2.6024117 4.1942339
v 3.6782172 -16.5973110 -5.6500020 0.000000 0.274510 1.000000
vn -1.7807109 -5.1034307 0.1184823
v 2.8046634 -16.7670479 5.1500020 0.000000 0.258824 1.000000
vn -0.9140399 -2.5581284 4.1938796
v 2.8046634 -16.7670479 -5.6500020 0.000000 0.211765 1.000000
vn 1.1561199 -6.1627140 0.2656831
v 3.1237419 -16.7105427 5.1500020 0.000000 0.258824 1.000000
vn 1.7699975 -2.0606775 4.1939263
v 3.3893988 -16.6586895 -5.6500020 0.000000 0.247059 1.000000
vn 3.4852631 -4.1268258 0.1294186
v 3.3893988 -16.6586895 5.1500020 0.000000 0.258824 1.000000
vn -2.8435473 4.6245570 0.0122234
v -0.7391120 16.9839249 5.1500020 1.000000 0.000000 0.000000
vn 2.5975344 4.7670336 0.0123238
v -0.1509167 16.9993305 5.1500020 1.000000 0.000000 0.000000
vn -1.4256557 2.3122017 4.1942635
v -0.7391120 16.9839249 -5.6500020 1.000000 0.000000 0.000000
vn 1.3026738 2.3836441 4.1942759
v -0.1509167 16.9993305 -5.6500020 1.000000 0.000000 0.000000
vn 2.3789690 4.8990598 0.0121130
v -1.0405269 16.9681263 5.1500020 1.000000 0.352941 0.000000
vn 1.1763456 2.4485695 4.1939425
v -1.0405269 16.9681263 -5.6500020 1.000000 0.027451 0.000000
vn -0.4848599 6.2521987 0.2579454
v -1.2554929 16.9535770 5.1500020 1.000000 0.705882 0.000000
vn -1.5449439 2.2344007 4.1939225
v -1.6271182 16.9219532 -5.6500020 1.000000 0.101961 0.000000
vn -3.1016266 4.4678116 0.0121154
v -1.6271182 16.9219532 5.1500020 1.000000 0.886275 0.000000
vn 2.0202904 -4.9994869 0.1189410
v -1.9234306 -16.8908386 5.1500020 0.000000 0.321569 1.000000
vn -3.2452826 -4.3062730 0.1189260
v -2.5130606 -16.8132248 5.1500020 0.000000 0.337255 1.000000
vn 1.0464178 -2.5067618 4.1942468
v -1.9234306 -16.8908386 -5.6500020 0.000000 0.137255 1.000000
vn -1.6594970 -2.1505177 4.1942911
v -2.5130606 -16.8132248 -5.6500020 0.000000 0.184314 1.000000
vn -3.4960928 -4.1255975 0.1183461
v -3.3893988 -16.6586895 5.1500020 0.000000 0.356863 1.000000
vn -1.7699975 -2.0606775 4.1939268
v -3.3893988 -16.6586895 -5.6500020 0.000000 0.247059 1.000000
vn -1.1377034 -6.1662469 0.2644936
v -3.1237419 -16.7105427 5.1500020 0.000000 0.337255 1.000000
vn 0.9140399 -2.5581284 4.1938796
v -2.8046634 -16.7670479 -5.6500020 0.000000 0.203922 1.000000
vn 1.7709643 -5.1009312 0.1282269
v -2.8046634 -16.7670479 5.1500020 0.000000 0.337255 1.000000
vn 1.4867088 -5.1832161 0.1190080
v -3.6782172 -16.5973110 5.1500020 0.000000 0.356863 1.000000
vn -3.6775422 -3.9435246 0.1189640
v -4.2564473 -16.4585133 5.1500020 0.000000 0.376471 1.000000
vn 0.7786880 -2.6024108 4.1942339
v -3.6782172 -16.5973110 -5.6500020 0.000000 0.266667 1.000000
vn -1.8751695 -1.9652823 4.1943059
v -4.2564473 -16.4585133 -5.6500020 0.000000 0.309804 1.000000
vn 1.2132772 -5.2540417 0.1190389
v -4.5416975 -16.3820934 5.1500020 0.000000 0.376471 1.000000
vn -3.8788476 -3.7456617 0.1189987
v -5.1118312 -16.2132397 5.1500020 0.000000 0.403922 1.000000
vn 0.6414239 -2.6396084 4.1942210
v -4.5416975 -16.3820934 -5.6500020 0.000000 0.329412 1.000000
vn -1.9754441 -1.8644544 4.1943116
v -5.1118312 -16.2132397 -5.6500020 0.000000 0.376471 1.000000
vn -4.0843692 -3.5325882 0.1187551
v -5.9532075 -15.9235468 5.1500020 0.000000 0.427451 1.000000
vn -2.0704789 -1.7584490 4.1940308
v -5.9532075 -15.9235468 -5.6500020 0.000000 0.431373 1.000000
vn -2.0629215 -5.9209914 0.2673680
v -5.5511580 -16.0681248 5.1500020 0.000000 0.392157 1.000000
vn 0.5026028 -2.6696320 4.1939054
v -5.3927388 -16.1219826 -5.6500020 0.000000 0.392157 1.000000
vn 0.9624537 -5.3194547 0.1326920
v -5.3927388 -16.1219826 5.1500020 0.000000 0.403922 1.000000
vn -4.2955151 -3.3013754 0.1181043
v -6.7782702 -15.5902224 5.1500020 0.000000 0.454902 1.000000
vn -2.1595685 -1.6477253 4.1941919
v -6.7782702 -15.5902224 -5.6500020 0.000000 0.501961 1.000000
vn -2.4272752 -5.7822332 0.2560158
v -6.7226706 -15.6142788 5.1500020 0.000000 0.447059 1.000000
vn 0.3621062 -2.6922355 4.1940737
v -6.2290087 -15.8176947 -5.6500020 0.000000 0.458824 1.000000
vn 0.6560847 -5.3509440 0.1254218
v -6.2290087 -15.8176947 5.1500020 0.000000 0.427451 1.000000
vn 0.3764503 -5.3791375 0.1191588
v -7.0482159 -15.4700565 5.1500020 0.000000 0.454902 1.000000
vn -4.4168711 -3.0928395 0.1191593
v -7.5847607 -15.2141848 5.1500020 0.000000 0.482353 1.000000
vn 0.2206422 -2.7074671 4.1941962
v -7.0482159 -15.4700565 -5.6500020 0.000000 0.521569 1.000000
vn -2.2427497 -1.5324898 4.1943388
v -7.5847607 -15.2141848 -5.6500020 0.000000 0.556863 1.000000
vn 0.0786527 -2.7153087 4.1941910
v -7.8481145 -15.0800228 -5.6500020 0.000000 0.576471 1.000000
vn 0.1295846 -5.4098396 0.1386845
v -7.8481145 -15.0800228 5.1500020 0.000000 0.482353 1.000000
vn -2.3198435 -1.4129636 4.1943450
v -8.3704691 -14.7964602 -5.6500020 0.000000 0.619608 1.000000
vn -2.9385853 -5.5386438 0.2674305
v -7.8574662 -15.0751524 5.1500020 0.000000 0.482353 1.000000
vn -4.5735149 -2.8570280 0.1191976
v -8.3704691 -14.7964602 5.1500020 0.000000 0.509804 1.000000
vn -4.7462974 -2.5964093 0.1185906
v -9.1332426 -14.3381958 5.1500020 0.000000 0.537255 1.000000
vn -2.3908238 -1.2895567 4.1940064
v -9.1332426 -14.3381958 -5.6500020 0.000000 0.682353 1.000000
vn -3.2793620 -5.3445539 0.2631374
v -8.9493465 -14.4536915 5.1500020 0.000000 0.529412 1.000000
vn -0.0633635 -2.7158253 4.1938419
v -8.6265135 -14.6486607 -5.6500020 0.000000 0.639216 1.000000
vn -0.1783121 -5.3946705 0.1274360
v -8.6265135 -14.6486607 5.1500020 0.000000 0.509804 1.000000
vn -0.4695886 -5.3717093 0.1193613
v -9.3812780 -14.1771507 5.1500020 0.000000 0.537255 1.000000
vn -4.8461437 -2.3638997 0.1193744
v -9.8709936 -13.8406467 5.1500020 0.000000 0.584314 1.000000
vn -0.2055820 -2.7086692 4.1941757
v -9.3812780 -14.1771507 -5.6500020 0.000000 0.701961 1.000000
vn -2.4548416 -1.1627961 4.1943650
v -9.8709936 -13.8406467 -5.6500020 0.000000 0.737255 1.000000
vn -0.7501981 -5.3397932 0.1194259
v -10.1103411 -13.6667843 5.1500020 0.000000 0.584314 1.000000
vn -4.9631639 -2.1070800 0.1194538
v -10.5816984 -13.3051739 5.1500020 0.000000 0.611765 0.992157
vn -0.3470583 -2.6942048 4.1941676
v -10.1103411 -13.6667843 -5.6500020 0.000000 0.764706 1.000000
vn -2.5123267 -1.0327300 4.1943703
v -10.5816984 -13.3051739 -5.6500020 0.000000 0.811765 0.992157
vn -5.0825391 -1.8314692 0.1191420
v -11.2634115 -12.7332458 5.1500020 0.000000 0.654902 1.000000
vn -2.5630965 -0.8996948 4.1940274
v -11.2634115 -12.7332458 -5.6500020 0.000000 0.874510 0.992157
vn -4.0547166 -4.7826557 0.2667257
v -10.9807777 -12.9777708 5.1500020 0.000000 0.627451 1.000000
vn -0.4874014 -2.6724958 4.1938195
v -10.8117027 -13.1189594 -5.6500020 0.000000 0.831373 1.000000
vn -1.0106325 -5.3083634 0.1310908
v -10.8117027 -13.1189594 5.1500020 0.000000 0.611765 1.000000
vn -5.1964169 -1.5397466 0.1185524
v -11.9142656 -12.1264286 5.1500020 0.000000 0.694118 1.000000
vn -2.6064696 -0.7644265 4.1943655
v -11.9142656 -12.1264286 -5.6500020 0.000000 0.937255 1.000000
vn -4.3450041 -4.5221434 0.2531402
v -11.9092312 -12.1313725 5.1500020 0.000000 0.694118 1.000000
vn -0.6267475 -2.6431847 4.1941452
v -11.4834404 -12.5351753 -5.6500020 0.000000 0.894118 1.000000
vn -1.3084277 -5.2275147 0.1253331
v -11.4834404 -12.5351753 5.1500020 0.000000 0.654902 1.000000
vn -1.5763221 -5.1565933 0.1197063
v -12.1237116 -11.9170303 5.1500020 0.000000 0.694118 1.000000
vn -5.2314610 -1.3047860 0.1197596
v -12.5324764 -11.4863853 5.1500020 0.000000 0.737255 1.000000
vn -0.7642292 -2.6067648 4.1941490
v -12.1237116 -11.9170303 -5.6500020 0.000000 0.956863 1.000000
vn -2.6429281 -0.6270203 4.1943927
v -12.5324764 -11.4863853 -5.6500020 0.000000 1.000000 0.992157
vn -5.2964911 -1.0248746 0.1197438
v -13.1163502 -10.8148670 5.1500020 0.000000 0.784314 1.000000
vn -2.6721778 -0.4877834 4.1942544
v -13.1163502 -10.8148670 -5.6500020 0.000000 1.000000 0.929412
vn -4.7349906 -4.1100149 0.2686523
v -12.7726421 -11.2187176 5.1500020 0.000000 0.737255 1.000000
vn -0.8995494 -2.5632753 4.1939998
v -12.7307615 -11.2662191 -5.6500020 0.000000 1.000000 0.976471
vn -1.8201269 -5.0942636 0.1374665
v -12.7307615 -11.2662191 5.1500020 0.000000 0.737255 1.000000
vn -5.3641200 -0.7194223 0.1191806
v -13.6642885 -10.1137142 5.1500020 0.000000 0.831373 1.000000
vn -2.6940999 -0.3471891 4.1941023
v -13.6642885 -10.1137142 -5.6500020 0.000000 1.000000 0.866667
vn -4.9823318 -3.8074286 0.2615966
v -13.5662928 -10.2447882 5.1500020 0.000000 0.819608 1.000000
vn -1.0323941 -2.5127656 4.1938477
v -13.3029261 -10.5845242 -5.6500020 0.000000 1.000000 0.909804
vn -2.1022885 -4.9689636 0.1270711
v -13.3029261 -10.5845242 5.1500020 0.000000 0.784314 1.000000
vn -2.3636065 -4.8463807 0.1200290
v -13.8386354 -9.8738117 5.1500020 0.000000 0.831373 1.000000
vn -5.3710132 -0.4705620 0.1200962
v -14.1747885 -9.3848486 5.1500020 0.000000 0.874510 0.992157
vn -1.1625946 -2.4551404 4.1941319
v -13.8386354 -9.8738117 -5.6500020 0.000000 1.000000 0.847059
vn -2.7084641 -0.2058811 4.1944065
v -14.1747885 -9.3848486 -5.6500020 0.000000 1.000000 0.803922
vn -2.6140769 -4.7159824 0.1201449
v -14.3364201 -9.1360302 5.1500020 0.000000 0.886275 1.000000
vn -5.3882132 -0.1888582 0.1202152
v -14.6464520 -8.6302633 5.1500020 0.000000 0.929412 1.000000
vn -1.2894868 -2.3909357 4.1941290
v -14.3364201 -9.1360302 -5.6500020 0.000000 1.000000 0.784314
vn -2.7155225 -0.0638518 4.1944118
v -14.6464520 -8.6302633 -5.6500020 0.000000 1.000000 0.737255
vn -5.4032912 0.1155150 0.1198471
v -15.0779858 -7.8520288 5.1500020 0.000000 0.976471 1.000000
vn -2.7152529 0.0785592 4.1940503
v -15.0779858 -7.8520288 -5.6500020 0.000000 1.000000 0.674510
vn -5.5037642 -3.0039849 0.2660390
v -14.9273815 -8.1346970 5.1500020 0.000000 0.956863 0.992157
vn -1.4127364 -2.3203881 4.1937571
v -14.7949152 -8.3732004 -5.6500020 0.000000 1.000000 0.721569
vn -2.8478785 -4.5899606 0.1300415
v -14.7949152 -8.3732004 5.1500020 0.000000 0.937255 1.000000
vn -3.0927260 -4.4167819 0.1203968
v -15.2128620 -7.5874119 5.1500020 0.000000 0.992157 1.000000
vn -5.3783488 0.3752211 0.1204759
v -15.4682074 -7.0522742 5.1500020 0.000000 1.000000 0.956863
vn -1.5323370 -2.2430620 4.1941214
v -15.2128620 -7.5874119 -5.6500020 0.000000 1.000000 0.658824
vn -2.7073164 0.2203336 4.1944194
v -15.4682074 -7.0522742 -5.6500020 0.000000 1.000000 0.611765
vn -3.3196425 -4.2488041 0.1205214
v -15.5891142 -6.7808189 5.1500020 0.000000 1.000000 0.937255
vn -5.3513808 0.6560125 0.1206009
v -15.8160458 -6.2331920 5.1500020 0.000000 1.000000 0.894118
vn -1.6476266 -2.1597958 4.1941195
v -15.5891142 -6.7808189 -5.6500020 0.000000 1.000000 0.592157
vn -2.6920726 0.3617187 4.1944222
v -15.8160458 -6.2331920 -5.6500020 0.000000 1.000000 0.549020
vn -5.3134212 0.9453114 0.1205467
v -16.1205502 -5.3970246 5.1500020 0.000000 1.000000 0.831373
vn -2.6694980 0.5022528 4.1941977
v -16.1205502 -5.3970246 -5.6500020 0.000000 1.000000 0.486275
vn -5.8966064 -2.1313772 0.2683355
v -15.9628019 -5.8471317 5.1500020 0.000000 1.000000 0.858824
vn -1.7583461 -2.0707493 4.1938796
v -15.9226398 -5.9556308 -5.6500020 0.000000 1.000000 0.529412
vn -3.5264893 -4.0995131 0.1352744
v -15.9226398 -5.9556308 5.1500020 0.000000 1.000000 0.866667
vn -5.2669978 1.2546561 0.1199841
v -16.3808823 -4.5460634 5.1500020 0.000000 1.000000 0.764706
vn -2.6395578 0.6412658 4.1942015
v -16.3808823 -4.5460634 -5.6500020 0.000000 1.000000 0.427451
vn -6.0185714 -1.7603376 0.2598510
v -16.3510361 -4.6522713 5.1500020 0.000000 1.000000 0.764706
vn -1.8643181 -1.9758862 4.1938925
v -16.2125225 -5.1141100 -5.6500020 0.000000 1.000000 0.466667
vn -3.7446272 -3.8811309 0.1270602
v -16.2125225 -5.1141100 5.1500020 0.000000 1.000000 0.803922
vn -3.9434590 -3.6769643 0.1209317
v -16.4579659 -4.2585626 5.1500020 0.000000 1.000000 0.737255
vn -5.1826596 1.4849057 0.1210362
v -16.5963306 -3.6826391 5.1500020 0.000000 1.000000 0.694118
vn -1.9652048 -1.8754733 4.1941099
v -16.4579659 -4.2585626 -5.6500020 0.000000 1.000000 0.403922
vn -2.6023364 0.7783873 4.1944346
v -16.5963306 -3.6826391 -5.6500020 0.000000 1.000000 0.356863
vn -4.1305761 -3.4654357 0.1210579
v -16.6582966 -3.3913326 5.1500020 0.000000 1.000000 0.666667
vn -5.0979099 1.7539703 0.1211506
v -16.7663002 -2.8091176 5.1500020 0.000000 1.000000 0.627451
vn -2.0606692 -1.7700509 4.1941094
v -16.6582966 -3.3913326 -5.6500020 0.000000 1.000000 0.337255
vn -2.5580389 0.9135116 4.1944294
v -16.7663002 -2.8091176 -5.6500020 0.000000 1.000000 0.294118
vn -5.0036330 2.0483820 0.1206813
v -16.8903294 -1.9278916 5.1500020 0.000000 1.000000 0.556863
vn -2.5067525 1.0463712 4.1940660
v -16.8903294 -1.9278916 -5.6500020 0.000000 1.000000 0.231373
vn -6.2160206 -0.8230073 0.2652500
v -16.8579597 -2.1929867 5.1500020 0.000000 1.000000 0.576471
vn -2.1504498 -1.6600149 4.1937456
v -16.8129654 -2.5147984 -5.6500020 0.000000 1.000000 0.274510
vn -4.3040814 -3.2602348 0.1294722
v -16.8129654 -2.5147984 5.1500020 0.000000 1.000000 0.603922
vn -4.4701190 -3.0145464 0.1213451
v -16.9215450 -1.6313623 5.1500020 0.000000 1.000000 0.537255
vn -4.8866434 2.2770674 0.1214036
v -16.9680729 -1.0413755 5.1500020 0.000000 1.000000 0.494118
vn -2.2343979 -1.5449568 4.1941118
v -16.9215450 -1.6313623 -5.6500020 0.000000 1.000000 0.211765
vn -2.4485357 1.1758971 4.1944308
v -16.9680729 -1.0413755 -5.6500020 0.000000 1.000000 0.164706
vn -4.6218004 -2.7763677 0.1214843
v -16.9837360 -0.7434462 5.1500020 0.000000 1.000000 0.466667
vn -4.7607026 2.5296264 0.1215499
v -16.9993210 -0.1519986 5.1500020 0.000000 1.000000 0.427451
vn -2.3121903 -1.4259081 4.1941090
v -16.9837360 -0.7434462 -5.6500020 0.000000 1.000000 0.149020
vn -2.3836374 1.3024251 4.1944351
v -16.9993210 -0.1519986 -5.6500020 0.000000 1.000000 0.101961
vn -4.6217155 2.7909284 0.1213720
v -16.9839821 0.7378024 5.1500020 0.000000 1.000000 0.356863
vn -2.3122005 1.4255857 4.1941395
v -16.9839821 0.7378024 -5.6500020 0.000000 1.000000 0.039216
vn -6.2686214 0.1327174 0.2679506
v -16.9970970 0.3141414 5.1500020 0.000000 1.000000 0.392157
vn -2.3836544 -1.3031329 4.1938047
v -16.9993687 0.1465158 -5.6500020 0.000000 1.000000 0.086275
vn -4.7612557 -2.5592213 0.1336464
v -16.9993687 0.1465158 5.1500020 0.000000 1.000000 0.403922
vn -4.4670835 3.0631170 0.1208155
v -16.9221001 1.6255893 5.1500020 0.000000 1.000000 0.294118
vn -2.2344325 1.5445304 4.1943064
v -16.9221001 1.6255893 -5.6500020 0.019608 1.000000 0.000000
vn -6.2490621 0.5228077 0.2578492
v -16.9274807 1.5685622 5.1500020 0.000000 1.000000 0.294118
vn -2.4485807 -1.1764898 4.1939788
v -16.9683971 1.0360837 -5.6500020 0.000000 1.000000 0.019608
vn -4.8862720 -2.2767210 0.1272917
v -16.9683971 1.0360837 5.1500020 0.000000 1.000000 0.337255
vn -4.9992285 -2.0188718 0.1219117
v -16.8909073 1.9228184 5.1500020 0.000000 1.000000 0.266667
vn -4.3062491 3.2430136 0.1219739
v -16.8138428 2.5089290 5.1500020 0.000000 1.000000 0.227451
vn -2.5067897 -1.0466442 4.1941047
v -16.8909073 1.9228184 -5.6500020 0.039216 1.000000 0.000000
vn -2.1505446 1.6592731 4.1944370
v -16.8138428 2.5089290 -5.6500020 0.086275 1.000000 0.000000
vn -2.5581307 -0.9140112 4.1941066
v -16.7671089 2.8042884 -5.6500020 0.101961 1.000000 0.000000
vn -5.1049953 -1.7947193 0.1388673
v -16.7671089 2.8042884 5.1500020 0.000000 1.000000 0.203922
vn -2.0607877 1.7695577 4.1944332
v -16.6595039 3.3854010 -5.6500020 0.149020 1.000000 0.000000
vn -6.1754961 1.0838617 0.2679535
v -16.7654114 2.8144159 5.1500020 0.000000 1.000000 0.200000
vn -4.1305351 3.4647973 0.1220740
v -16.6595039 3.3854010 5.1500020 0.000000 0.992157 0.156863
vn -3.9362564 3.7096720 0.1214973
v -16.4595051 4.2526031 5.1500020 0.000000 1.000000 0.094118
vn -1.9652750 1.8752028 4.1940846
v -16.4595051 4.2526031 -5.6500020 0.219608 1.000000 0.000000
vn -6.0960207 1.4682797 0.2642896
v -16.5117779 4.0448985 5.1500020 0.000000 0.992157 0.109804
vn -2.6025062 -0.7790827 4.1937771
v -16.5973415 3.6780770 -5.6500020 0.164706 1.000000 0.000000
vn -5.1854644 -1.4968902 0.1292526
v -16.5973415 3.6780770 5.1500020 0.000000 1.000000 0.137255
vn -5.2532363 -1.2118698 0.1223543
v -16.3820686 4.5417876 5.1500020 0.000000 1.000000 0.066667
vn -3.7459867 3.8765042 0.1223658
v -16.2143993 5.1081586 5.1500020 0.000000 1.000000 0.031373
vn -2.6396520 -0.6416023 4.1941137
v -16.3820686 4.5417876 -5.6500020 0.239216 1.000000 0.000000
vn -1.8645002 1.9752738 4.1944284
v -16.2143993 5.1081586 -5.6500020 0.286275 1.000000 0.000000
vn -5.3095050 -0.9351008 0.1224691
v -16.1218796 5.3930521 5.1500020 0.000000 1.000000 0.003922
vn -3.5379992 4.0671797 0.1224926
v -15.9248486 5.9497223 5.1500020 0.031373 1.000000 0.000000
vn -2.6696110 -0.5025681 4.1941185
v -16.1218796 5.3930521 -5.6500020 0.309804 1.000000 0.000000
vn -1.7585657 2.0701540 4.1944237
v -15.9248486 5.9497223 -5.6500020 0.356863 1.000000 0.000000
vn -3.2907658 4.3302836 0.0121481
v -15.5916500 6.7749872 5.1500020 0.094118 1.000000 0.000000
vn -1.6477274 2.1595583 4.1940813
v -15.5916500 6.7749872 -5.6500020 0.427451 1.000000 0.000000
vn -5.7981582 2.3886006 0.2588639
v -15.7358408 6.4329877 5.1500020 0.074510 1.000000 0.000000
vn -2.6923428 -0.3623629 4.1937747
v -15.8174858 6.2295361 -5.6500020 0.376471 1.000000 0.000000
vn -5.3945885 -0.7490464 0.0119620
v -15.8174858 6.2295361 5.1500020 0.058824 1.000000 0.000000
vn -3.0447836 4.5269647 0.0121610
v -15.2157145 7.5816913 5.1500020 0.164706 1.000000 0.000000
vn -1.5324614 2.2426097 4.1944056
v -15.2157145 7.5816913 -5.6500020 0.494118 1.000000 0.000000
vn -5.6738710 2.6830893 0.1618272
v -15.2177763 7.5775518 5.1500020 0.156863 1.000000 0.000000
vn -2.7075202 -0.2207609 4.1941118
v -15.4697247 7.0489450 -5.6500020 0.447059 1.000000 0.000000
vn -5.4118457 -0.4349256 0.0121921
v -15.4697247 7.0489450 5.1500020 0.121569 1.000000 0.000000
vn -5.4269261 -0.1506268 0.0123415
v -15.0795460 7.8490319 5.1500020 0.184314 1.000000 0.000000
vn -2.8298225 4.6326480 0.0123495
v -14.7980700 8.3676233 5.1500020 0.227451 1.000000 0.000000
vn -2.7153535 -0.0787481 4.1941295
v -15.0795460 7.8490319 -5.6500020 0.521569 1.000000 0.000000
vn -1.4130620 2.3197825 4.1944141
v -14.7980700 8.3676233 -5.6500020 0.564706 1.000000 0.000000
vn -2.5805779 4.7791624 0.0125607
v -14.3398628 9.1306276 5.1500020 0.286275 1.000000 0.000000
vn -1.2896680 2.3906324 4.1942768
v -14.3398628 9.1306276 -5.6500020 0.639216 0.992157 0.000000
vn -5.3554192 3.2652214 0.2403380
v -14.6165972 8.6807299 5.1500020 0.254902 1.000000 0.000000
vn -2.7158003 0.0633997 4.1939907
v -14.6480198 8.6276016 -5.6500020 0.592157 0.992157 0.000000
vn -5.4526463 0.0918605 0.0123245
v -14.6480198 8.6276016 5.1500020 0.247059 1.000000 0.000000
vn -2.3076138 4.9355059 0.0125242
v -13.8423443 9.8686123 5.1500020 0.349020 1.000000 0.000000
vn -1.1627265 2.4549422 4.1941113
v -13.8423443 9.8686123 -5.6500020 0.709804 1.000000 0.000000
vn -5.1615214 3.5617943 0.2554672
v -13.9355879 9.7364969 5.1500020 0.337255 1.000000 0.000000
vn -2.7088130 0.2053745 4.1938457
v -14.1763287 9.3825207 -5.6500020 0.666667 1.000000 0.000000
vn -5.4213076 0.4053052 0.0125890
v -14.1763287 9.3825207 5.1500020 0.309804 1.000000 0.000000
vn -5.3835101 0.7004119 0.0127073
v -13.6657667 10.1117172 5.1500020 0.376471 1.000000 0.000000
vn -2.0703611 5.0181913 0.0126224
v -13.3068781 10.5795546 5.1500020 0.411765 1.000000 0.000000
vn -2.6942306 0.3470203 4.1941395
v -13.6657667 10.1117172 -5.6500020 0.737255 1.000000 0.000000
vn -1.0327607 2.5122933 4.1943974
v -13.3068781 10.5795546 -5.6500020 0.784314 1.000000 0.000000
vn -5.3394351 0.9812471 0.0127861
v -13.1177320 10.8131905 5.1500020 0.439216 1.000000 0.000000
vn -1.8049501 5.1195936 0.0127926
v -12.7349329 11.2615042 5.1500020 0.474510 1.000000 0.000000
vn -2.6723735 0.4875539 4.1941447
v -13.1177320 10.8131905 -5.6500020 0.803922 1.000000 0.000000
vn -0.8998566 2.5629039 4.1943951
v -12.7349329 11.2615042 -5.6500020 0.854902 1.000000 0.000000
vn -1.5173242 5.2251225 0.0128884
v -12.1280737 11.9125919 5.1500020 0.529412 1.000000 0.000000
vn -0.7643213 2.6066608 4.1940308
v -12.1280737 11.9125919 -5.6500020 0.921569 1.000000 0.000000
vn -4.5522852 4.3128185 0.2592318
v -12.3493710 11.6830235 5.1500020 0.509804 1.000000 0.000000
vn -2.6433504 0.6265783 4.1937895
v -12.5337286 11.4850178 -5.6500020 0.874510 1.000000 0.000000
vn -5.3010006 1.2379136 0.0127471
v -12.5337286 11.4850178 5.1500020 0.494118 1.000000 0.000000
vn -5.2075453 1.5340644 0.0128811
v -11.9153566 12.1253557 5.1500020 0.556863 1.000000 0.000000
vn -1.2599746 5.2801571 0.0129905
v -11.4879627 12.5310297 5.1500020 0.592157 1.000000 0.000000
vn -2.6067572 0.7642332 4.1941562
v -11.9153566 12.1253557 -5.6500020 0.949020 1.000000 0.000000
vn -0.6270165 2.6429384 4.1943836
v -11.4879627 12.5310297 -5.6500020 0.992157 1.000000 0.000000
vn -5.1200466 1.8045734 0.0130143
v -11.2643118 12.7324486 5.1500020 0.611765 1.000000 0.000000
vn -0.9819695 5.3388109 0.0131336
v -10.8163557 13.1151237 5.1500020 0.647059 1.000000 0.000000
vn -2.5631838 0.8996243 4.1941571
v -11.2643118 12.7324486 -5.6500020 1.000000 0.976471 0.000000
vn -0.4878326 2.6721346 4.1943789
v -10.8163557 13.1151237 -5.6500020 1.000000 0.929412 0.000000
vn -0.7434856 5.3448019 0.1219606
v -10.1150894 13.6632710 5.1500020 0.701961 1.000000 0.000000
vn -0.3471839 2.6940999 4.1941485
v -10.1150894 13.6632710 -5.6500020 1.000000 0.858824 0.000000
vn -3.8311834 4.9652343 0.2516893
v -10.4937305 13.3746643 5.1500020 0.674510 1.000000 0.000000
vn -2.5126879 1.0324407 4.1939459
v -10.5823812 13.3046312 -5.6500020 1.000000 0.901961 0.000000
vn -5.0533485 2.0431118 0.0130420
v -10.5823812 13.3046312 5.1500020 0.674510 1.000000 0.000000
vn -0.4349409 5.3963294 0.1213294
v -9.3860893 14.1739655 5.1500020 0.756863 1.000000 0.000000
vn -0.2057071 2.7085874 4.1941361
v -9.3860893 14.1739655 -5.6500020 1.000000 0.784314 0.000000
vn -3.5332170 5.1805077 0.2606373
v -9.4773197 14.1131287 5.1500020 0.749020 1.000000 0.000000
vn -2.4551997 1.1625501 4.1939592
v -9.8714314 13.8403339 -5.6500020 1.000000 0.831373 0.000000
vn -4.8477540 2.3622668 0.1280664
v -9.8714314 13.8403339 5.1500020 0.729412 1.000000 0.000000
vn -4.7146573 2.6146972 0.1222743
v -9.1334143 14.3380871 5.1500020 0.776471 1.000000 0.000000
vn -0.1897825 5.3875403 0.1223214
v -8.6313524 14.6458101 5.1500020 0.811765 1.000000 0.000000
vn -2.3908625 1.2895315 4.1941843
v -9.1334143 14.3380871 -5.6500020 1.000000 0.756863 0.000000
vn -0.0637822 2.7155693 4.1943550
v -8.6313524 14.6458101 -5.6500020 1.000000 0.709804 0.000000
vn -4.5712872 2.8579562 0.1223495
v -8.3703537 14.7965260 5.1500020 0.831373 1.000000 0.000000
vn 0.0924535 5.3900585 0.1223925
v -7.8529453 15.0775080 5.1500020 0.858824 1.000000 0.000000
vn -2.3200865 1.4128997 4.1941910
v -8.3703537 14.7965260 -5.6500020 1.000000 0.686275 0.000000
vn 0.0784395 2.7151904 4.1943483
v -7.8529453 15.0775080 -5.6500020 1.000000 0.639216 0.000000
vn 0.4013498 5.3913112 0.1218565
v -7.0530038 15.4678745 5.1500020 0.909804 1.000000 0.000000
vn 0.2206544 2.7074699 4.1939793
v -7.0530038 15.4678745 -5.6500020 1.000000 0.564706 0.000000
vn -2.7028887 5.6577640 0.2656732
v -7.2950501 15.3552027 5.1500020 0.894118 1.000000 0.000000
vn -2.2431626 1.5322902 4.1938376
v -7.5843425 15.2143927 -5.6500020 1.000000 0.611765 0.000000
vn -4.4302087 3.0860636 0.1302282
v -7.5843425 15.2143927 5.1500020 0.882353 1.000000 0.000000
vn -4.2473993 3.3201365 0.1224705
v -6.7775350 15.5905418 5.1500020 0.929412 0.992157 0.000000
vn 0.6553895 5.3507962 0.1225299
v -6.2337193 15.8158388 5.1500020 0.949020 1.000000 0.000000
vn -2.1596694 1.6476829 4.1942034
v -6.7775350 15.5905418 -5.6500020 1.000000 0.537255 0.000000
vn 0.3618412 2.6921272 4.1943331
v -6.2337193 15.8158388 -5.6500020 1.000000 0.494118 0.000000
vn -4.0686784 3.5374429 0.1223997
v -5.9521461 15.9239435 5.1500020 0.972549 1.000000 0.000000
vn 0.9973078 5.3364058 0.0120731
v -5.3973384 16.1204453 5.1500020 0.992157 1.000000 0.000000
vn -2.0704622 1.7584543 4.1942163
v -5.9521461 15.9239435 -5.6500020 1.000000 0.466667 0.000000
vn 0.5022587 2.6695042 4.1943250
v -5.3973384 16.1204453 -5.6500020 1.000000 0.419608 0.000000
vn 1.2897487 5.2811961 0.0121296
v -4.5461540 16.3808575 5.1500020 1.000000 0.964706 0.000000
vn 0.6414741 2.6396136 4.1940284
v -4.5461540 16.3808575 -5.6500020 1.000000 0.349020 0.000000
vn -1.7970723 6.0080581 0.2569499
v -4.9536257 16.2622738 5.1500020 1.000000 0.976471 0.000000
vn -1.9757642 1.8643585 4.1939254
v -5.1104369 16.2136803 -5.6500020 1.000000 0.392157 0.000000
vn -3.9813657 3.7196741 0.0120207
v -5.1104369 16.2136803 5.1500020 1.000000 0.984314 0.000000
vn 1.5975457 5.2141743 0.0120447
v -3.6824992 16.5963593 5.1500020 1.000000 0.937255 0.000000
vn 0.7786497 2.6024053 4.1941686
v -3.6824992 16.5963593 -5.6500020 1.000000 0.274510 0.000000
vn -1.4547915 6.1014662 0.2379090
v -3.7390881 16.5837040 5.1500020 1.000000 0.937255 0.000000
vn -1.8753653 1.9652325 4.1941056
v -4.2547178 16.4589596 -5.6500020 1.000000 0.321569 0.000000
vn -3.7483778 3.9309912 0.0119859
v -4.2547178 16.4589596 5.1500020 1.000000 0.949020 0.000000
vn -3.5320811 4.1227746 0.0121856
v -3.3873348 16.6591110 5.1500020 1.000000 0.921569 0.000000
vn 1.8198304 5.1147046 0.0121781
v -2.8087425 16.7663631 5.1500020 1.000000 0.909804 0.000000
vn -1.7698457 2.0607064 4.1942420
v -3.3873348 16.6591110 -5.6500020 1.000000 0.247059 0.000000
vn 0.9137119 2.5580800 4.1942925
v -2.8087425 16.7663631 -5.6500020 0.992157 0.203922 0.000000
vn -1.6595640 2.1505136 4.1942434
v -2.5106668 16.8135815 -5.6500020 1.000000 0.176471 0.000000
vn -3.3646894 4.2946548 0.0104539
v -2.5106668 16.8135815 5.1500020 1.000000 0.901961 0.000000
vn 1.0463539 2.5067337 4.1942954
v -1.9272794 16.8903999 -5.6500020 1.000000 0.129412 0.000000
vn -0.8028800 6.2245269 0.1655644
v -2.5041289 16.8145580 5.1500020 1.000000 0.901961 0.000000
vn 2.0856268 5.0125141 0.0122336
v -1.9272794 16.8903999 5.1500020 1.000000 0.894118 0.000000
vn 3.1386566 0.1290468 3.1117306
v 17.2394199 0.6015280 -5.6500020 0.000000 1.000000 0.039216
vn 3.1405368 0.0813380 3.1401856
v 17.2436142 0.4487835 -5.6500020 0.000000 1.000000 0.047059
vn 3.1379902 0.0809520 -3.0826368
v 17.2442818 0.4441515 -6.6499963 0.000000 0.992157 0.011765
vn 0.5494537 -3.0929294 3.1102228
v 2.9922540 -16.9885311 -5.6500020 0.000000 0.231373 1.000000
vn 0.4872279 -3.1034636 3.1244092
v 2.6546125 -17.0445156 -5.6500020 0.000000 0.203922 1.000000
vn 0.4803318 -3.1018653 -3.0803189
v 2.6546125 -17.0445156 -6.6499963 0.000000 0.239216 1.000000
vn -0.1531178 -3.1340866 3.0400541
v -0.8880085 -17.2271290 -5.6500020 0.000000 0.082353 1.000000
vn -0.1615122 -3.1332672 -3.0385888
v -0.8880085 -17.2271290 -6.6499963 0.000000 0.109804 1.000000
vn 0.1503949 -3.1343629 -3.0488539
v 0.8880085 -17.2271290 -6.6499963 0.000000 0.109804 1.000000
vn -3.1412511 0.0290774 3.1156075
v -17.2473221 0.2964958 -5.6500020 0.000000 1.000000 0.066667
vn -3.1404977 0.0812620 3.1310287
v -17.2442818 0.4441515 -5.6500020 0.000000 1.000000 0.054902
vn -3.1380084 0.0812436 -3.0832582
v -17.2442818 0.4441515 -6.6499963 0.000000 1.000000 0.019608
vn -0.7113482 3.0597749 3.1113381
v -3.8801959 16.8075390 -5.6500020 1.000000 0.286275 0.000000
vn -0.6482992 3.0738242 3.1223059
v -3.5285230 16.8852596 -5.6500020 1.000000 0.258824 0.000000
vn -0.6421481 3.0725121 -3.0816312
v -3.5285230 16.8852596 -6.6499963 1.000000 0.282353 0.000000
vn -0.1454951 3.1373496 3.0706739
v -0.6033369 17.2387562 -5.6500020 1.000000 0.000000 0.000000
vn -0.0004122 3.1389370 -3.0810955
v 0.0000000 17.2500000 -6.6499963 1.000000 0.074510 0.000000
vn -0.1890825 3.1349676 3.0709088
v -1.2021949 17.2073669 -5.6500020 1.000000 0.054902 0.000000
vn -0.3224427 3.1223111 -3.0820198
v -1.7736622 17.1585732 -6.6499963 1.000000 0.156863 0.000000
vn -0.2643394 3.1302781 3.1158273
v -1.5051982 17.1839676 -5.6500020 1.000000 0.094118 0.000000
vn -0.0836578 3.1401520 3.1028767
v -0.4516196 17.2439098 -5.6500020 1.000000 0.000000 0.000000
vn -0.0428618 3.1413002 3.1406217
v -0.2994288 17.2460251 -5.6500020 1.000000 0.000000 0.000000
vn 0.0036285 3.1412635 0.0000000
v 0.0000000 17.2500000 -5.6500020 1.000000 0.000000 0.000000
vn -0.5920609 3.0851715 3.1200976
v -3.2930026 16.9325657 -5.6500020 1.000000 0.239216 0.000000
vn -0.5154728 3.0980184 3.0697224
v -2.9952106 16.9877491 -5.6500020 1.000000 0.211765 0.000000
vn -0.4696670 3.1052060 3.0634818
v -2.4026039 17.0816040 -5.6500020 1.000000 0.164706 0.000000
vn -0.4149652 3.1139007 3.1108789
v -2.2519004 17.1021271 -5.6500020 1.000000 0.149020 0.000000
vn -0.3810881 3.1182599 3.1183071
v -2.1019354 17.1213245 -5.6500020 1.000000 0.137255 0.000000
vn -0.3250231 3.1245966 3.1229186
v -1.7736622 17.1585732 -5.6500020 1.000000 0.109804 0.000000
vn -0.9542708 2.9902940 -3.0810366
v -5.2459807 16.4329605 -6.6499963 1.000000 0.411765 0.000000
vn -0.9097645 3.0068831 3.1233847
v -5.0454559 16.4952774 -5.6500020 1.000000 0.384314 0.000000
vn -0.8350120 3.0275855 3.0709407
v -4.7545533 16.5814686 -5.6500020 1.000000 0.356863 0.000000
vn -0.7879018 3.0398588 3.0569019
v -4.1753154 16.7367535 -5.6500020 1.000000 0.309804 0.000000
vn -1.2564358 2.8763993 -3.0803897
v -6.9078302 15.8064661 -6.6499963 1.000000 0.549020 0.000000
vn -1.2181221 2.8957343 3.1250334
v -6.7425609 15.8773565 -5.6500020 1.000000 0.529412 0.000000
vn -1.1452243 2.9243879 3.0719545
v -6.4619322 15.9935656 -5.6500020 1.000000 0.501961 0.000000
vn -1.1059383 2.9390633 3.0533276
v -5.9022155 16.2085323 -5.6500020 1.000000 0.454902 0.000000
vn -1.0523317 2.9598608 3.1051612
v -5.7589302 16.2599564 -5.6500020 1.000000 0.439216 0.000000
vn -1.0187459 2.9716654 3.1157875
v -5.6159453 16.3098717 -5.6500020 1.000000 0.431373 0.000000
vn -0.9620488 2.9905005 3.1217160
v -5.2459807 16.4329605 -5.6500020 1.000000 0.400000 0.000000
vn -1.5452549 2.7320819 -3.0796082
v -8.4964542 15.0124207 -6.6499963 1.000000 0.694118 0.000000
vn -1.5128412 2.7532811 3.1279030
v -8.3653612 15.0854721 -5.6500020 1.000000 0.674510 0.000000
vn -1.4434067 2.7892952 3.0728173
v -8.0984831 15.2304068 -5.6500020 1.000000 0.647059 0.000000
vn -1.4075605 2.8069651 3.0482192
v -7.5644155 15.5026512 -5.6500020 1.000000 0.600000 0.000000
vn -1.3562913 2.8334377 3.1015396
v -7.4272575 15.5688105 -5.6500020 1.000000 0.584314 0.000000
vn -1.3229768 2.8492460 3.1132798
v -7.2902083 15.6334133 -5.6500020 1.000000 0.576471 0.000000
vn -1.2668710 2.8746610 3.1218052
v -6.9078302 15.8064661 -5.6500020 1.000000 0.537255 0.000000
vn -1.8176966 2.5588763 -3.0787673
v -9.9950142 14.0592394 -6.6499963 1.000000 0.831373 0.000000
vn -1.7912178 2.5808628 3.1295714
v -9.8968124 14.1281805 -5.6500020 1.000000 0.811765 0.000000
vn -1.7256622 2.6240675 3.0738571
v -9.6462841 14.3003483 -5.6500020 1.000000 0.792157 0.000000
vn -1.6937128 2.6439793 3.0429695
v -9.1436872 14.6268740 -5.6500020 1.000000 0.737255 0.000000
vn -1.6454289 2.6758382 3.0974898
v -9.0141850 14.7070541 -5.6500020 1.000000 0.729412 0.000000
vn -1.6127005 2.6958284 3.1107855
v -8.8845558 14.7856503 -5.6500020 1.000000 0.721569 0.000000
vn -1.5570848 2.7283812 3.1211834
v -8.4964542 15.0124207 -5.6500020 1.000000 0.686275 0.000000
vn -2.0708566 2.3586366 -3.0778077
v -11.3876238 12.9570265 -6.6499963 1.000000 0.972549 0.000000
vn -2.0495615 2.3809047 3.1319785
v -11.3195887 13.0161190 -5.6500020 1.000000 0.956863 0.000000
vn -1.9893746 2.4302378 3.0748744
v -11.0883732 13.2135754 -5.6500020 1.000000 0.937255 0.000000
vn -1.9611833 2.4519289 3.0374990
v -10.6227560 13.5907841 -5.6500020 1.000000 0.886275 0.000000
vn -1.9164259 2.4888678 3.0933080
v -10.5023136 13.6841230 -5.6500020 1.000000 0.874510 0.000000
vn -1.8848708 2.5130386 3.1082277
v -10.3815565 13.7758455 -5.6500020 1.000000 0.866667 0.000000
vn -1.8313097 2.5524242 3.1210527
v -9.9950142 14.0592394 -5.6500020 1.000000 0.827451 0.000000
vn -2.3020749 2.1334960 -3.0767531
v -12.6595230 11.7174644 -6.6499963 0.882353 1.000000 0.000000
vn -2.2842765 2.1567612 3.1360877
v -12.6181068 11.7615585 -5.6500020 0.886275 1.000000 0.000000
vn -2.2316785 2.2098112 3.0757732
v -12.4089260 11.9820404 -5.6500020 0.909804 1.000000 0.000000
vn -2.2070069 2.2329631 3.0318518
v -11.9853754 12.4057732 -5.6500020 0.956863 1.000000 0.000000
vn -2.1663477 2.2745647 3.0889773
v -11.8753386 12.5112381 -5.6500020 0.972549 0.992157 0.000000
vn -2.1365435 2.3028371 3.1054866
v -11.7647715 12.6151037 -5.6500020 0.984314 1.000000 0.000000
vn -2.0850883 2.3496580 3.1203127
v -11.3876238 12.9570265 -5.6500020 1.000000 0.964706 0.000000
vn -2.5130870 1.8798862 -3.0632231
v -13.7972269 10.3536968 -6.6499963 0.737255 1.000000 0.000000
vn -2.4923103 1.9125884 3.1419191
v -13.7785492 10.3780279 -5.6500020 0.737255 1.000000 0.000000
vn -2.4496281 1.9654458 3.0767083
v -13.5935173 10.6192207 -5.6500020 0.764706 1.000000 0.000000
vn -2.4284422 1.9895570 3.0259004
v -13.2166290 11.0848570 -5.6500020 0.819608 1.000000 0.000000
vn -2.3923025 2.0354693 3.0848007
v -13.1182165 11.2012587 -5.6500020 0.831373 1.000000 0.000000
vn -2.3649962 2.0674648 3.1024857
v -13.0190706 11.3161354 -5.6500020 0.839216 1.000000 0.000000
vn -2.3148942 2.1235588 3.1180420
v -12.6595230 11.7174644 -5.6500020 0.886275 1.000000 0.000000
vn -2.6929913 1.6115043 -3.0612340
v -14.7886772 8.8801756 -6.6499963 0.611765 1.000000 0.000000
vn -2.6326175 1.7121012 3.0746078
v -14.6291981 9.1399422 -5.6500020 0.627451 1.000000 0.000000
vn -2.5416427 1.8445909 3.0877893
v -13.7972269 10.3536968 -5.6500020 0.737255 1.000000 0.000000
vn -2.8464203 1.3209832 -3.0556774
v -15.6233635 7.3125234 -6.6499963 0.482353 1.000000 0.000000
vn -2.7954483 1.4309876 3.0765576
v -15.5045071 7.5606604 -5.6500020 0.482353 1.000000 0.000000
vn -2.7199397 1.5699903 3.0902138
v -14.7878284 8.8810139 -5.6500020 0.603922 1.000000 0.000000
vn -2.9658012 1.0359442 3.1281123
v -16.2924404 5.6673565 -5.6500020 0.329412 1.000000 0.000000
vn -2.9260006 1.1399113 3.0696886
v -16.2099342 5.8985457 -5.6500020 0.349020 1.000000 0.000000
vn -2.9644871 1.0283821 -3.0531707
v -16.2924404 5.6673565 -6.6499963 0.349020 1.000000 0.000000
vn -2.8834176 1.2455730 3.0985878
v -15.6352406 7.2864847 -5.6500020 0.458824 1.000000 0.000000
vn -2.8458090 1.3304541 3.1228313
v -15.6233635 7.3125234 -5.6500020 0.458824 1.000000 0.000000
vn -2.9946527 0.9467511 3.0916040
v -16.3113079 5.6121483 -5.6500020 0.321569 1.000000 0.000000
vn -3.0513611 0.7345323 -3.0710101
v -16.7888107 3.9621136 -6.6499963 0.227451 1.000000 0.000000
vn -3.0293612 0.8273050 3.0734310
v -16.7377834 4.1718521 -5.6500020 0.211765 1.000000 0.000000
vn -3.1130722 0.4030173 -3.0830302
v -17.1072159 2.2148716 -6.6499963 0.101961 1.000000 0.000000
vn -3.1073802 0.4607320 3.1127281
v -17.0821152 2.3996062 -5.6500020 0.082353 1.000000 0.000000
vn -3.0936916 0.5405067 3.0647075
v -16.9886703 2.9906769 -5.6500020 0.121569 1.000000 0.000000
vn -3.0892198 0.5655248 3.0617418
v -16.9616203 3.1408944 -5.6500020 0.137255 1.000000 0.000000
vn -3.0815301 0.6083224 3.0851407
v -16.9331055 3.2903008 -5.6500020 0.149020 1.000000 0.000000
vn -3.0669198 0.6801175 3.1193318
v -16.8088684 3.8758583 -5.6500020 0.192157 1.000000 0.000000
vn -3.0562506 0.7271057 3.1314170
v -16.7888107 3.9621136 -5.6500020 0.200000 1.000000 0.000000
vn -3.1385221 0.1339394 3.1150022
v -17.2393951 0.6009657 -5.6500020 0.000000 1.000000 0.039216
vn -3.1331275 0.2157989 3.0648823
v -17.2082558 1.1983905 -5.6500020 0.000000 0.992157 0.000000
vn -3.1312919 0.2385206 3.0546191
v -17.1971359 1.3506880 -5.6500020 0.003922 1.000000 0.000000
vn -3.1281013 0.2838909 3.0825796
v -17.1843033 1.5023403 -5.6500020 0.011765 1.000000 0.000000
vn -3.1211886 0.3559428 3.1183243
v -17.1218090 2.0977671 -5.6500020 0.058824 1.000000 0.000000
vn -3.1152339 0.4057320 3.1305223
v -17.1072159 2.2148716 -5.6500020 0.066667 1.000000 0.000000
vn -3.1271718 -0.2979866 3.1120915
v -17.1839046 -1.5084370 -5.6500020 0.000000 1.000000 0.192157
vn -3.1320882 -0.2437192 3.1319344
v -17.1985512 -1.3312768 -5.6500020 0.000000 1.000000 0.176471
vn -3.1297126 -0.2422907 -3.0836716
v -17.1985512 -1.3312768 -6.6499963 0.000000 1.000000 0.137255
vn -3.1353817 -0.1943942 3.1170425
v -17.2078190 -1.2042458 -5.6500020 0.000000 1.000000 0.164706
vn -3.1386151 -0.1196869 3.0796609
v -17.2392883 -0.6069955 -5.6500020 0.000000 1.000000 0.129412
vn -3.1396170 -0.0814469 3.0664072
v -17.2441578 -0.4543100 -5.6500020 0.000000 1.000000 0.121569
vn -3.1405637 -0.0448582 3.0787463
v -17.2472382 -0.3020516 -5.6500020 0.000000 1.000000 0.109804
vn -3.0789821 -0.6226882 3.1103132
v -16.9320869 -3.2961144 -5.6500020 0.000000 1.000000 0.321569
vn -3.0899239 -0.5672057 3.1314342
v -16.9705162 -3.0925930 -5.6500020 0.000000 1.000000 0.301961
vn -3.0881877 -0.5629278 -3.0835891
v -16.9705162 -3.0925930 -6.6499963 0.000000 1.000000 0.266667
vn -3.0980821 -0.5200621 3.1193562
v -16.9877110 -2.9961669 -5.6500020 0.000000 1.000000 0.294118
vn -3.1088538 -0.4481173 3.0842187
v -17.0813923 -2.4057293 -5.6500020 0.000000 1.000000 0.258824
vn -3.1141701 -0.4071107 3.0662689
v -17.1022491 -2.2543097 -5.6500020 0.000000 0.992157 0.247059
vn -3.1185384 -0.3733039 3.0746608
v -17.1212330 -2.1031265 -5.6500020 0.000000 1.000000 0.231373
vn -2.9971752 -0.9405034 3.1073675
v -16.4948006 -5.0480266 -5.6500020 0.000000 1.000000 0.447059
vn -3.0143075 -0.8850629 3.1321836
v -16.5625839 -4.8211274 -5.6500020 0.000000 1.000000 0.431373
vn -3.0139279 -0.8775002 -3.0835421
v -16.5625839 -4.8211274 -6.6499963 0.000000 1.000000 0.392157
vn -3.0267577 -0.8410575 3.1205854
v -16.5816116 -4.7551775 -5.6500020 0.000000 1.000000 0.427451
vn -3.0452251 -0.7698072 3.0864277
v -16.7363529 -4.1781540 -5.6500020 0.000000 1.000000 0.384314
vn -3.0550690 -0.7283279 3.0669351
v -16.7728786 -4.0295677 -5.6500020 0.000000 1.000000 0.364706
vn -3.0618467 -0.6990961 3.0679092
v -16.8077240 -3.8810337 -5.6500020 0.000000 1.000000 0.364706
vn -2.8826871 -1.2479746 3.1043777
v -15.8768244 -6.7445521 -5.6500020 0.000000 1.000000 0.576471
vn -2.9062135 -1.1930346 3.1327019
v -15.9790888 -6.4985561 -5.6500020 0.000000 1.000000 0.556863
vn -2.9077070 -1.1827824 -3.0834727
v -15.9790888 -6.4985561 -6.6499963 0.000000 1.000000 0.509804
vn -2.9223647 -1.1526115 3.1220689
v -15.9938202 -6.4622116 -5.6500020 0.000000 1.000000 0.549020
vn -2.9480128 -1.0842358 3.0897460
v -16.2079449 -5.9047418 -5.6500020 0.000000 1.000000 0.509804
vn -2.9630384 -1.0413013 3.0670652
v -16.2598381 -5.7606659 -5.6500020 0.000000 1.000000 0.501961
vn -2.9719429 -1.0152066 3.0641112
v -16.3100414 -5.6164174 -5.6500020 0.000000 1.000000 0.486275
vn -2.7799535 -1.4627934 3.1152081
v -15.2308273 -8.0984888 -5.6500020 0.000000 1.000000 0.682353
vn -2.8182831 -1.3870821 3.0933945
v -15.5019503 -7.5665822 -5.6500020 0.000000 1.000000 0.639216
vn -2.7708004 -1.4752622 -3.0835059
v -15.2262096 -8.1070986 -6.6499963 0.000000 1.000000 0.639216
vn -2.8388457 -1.3434523 3.0672834
v -15.5686827 -7.4286361 -5.6500020 0.000000 1.000000 0.627451
vn -2.8491740 -1.3207864 3.0589914
v -15.6337528 -7.2903299 -5.6500020 0.000000 1.000000 0.611765
vn -2.6000714 -1.7631826 3.1283143
v -14.3010187 -9.6460209 -5.6500020 0.000000 1.000000 0.803922
vn -2.6234741 -1.7281547 3.1278105
v -14.3119287 -9.6297045 -5.6500020 0.000000 1.000000 0.803922
vn -2.6042879 -1.7525641 -3.0838566
v -14.3119287 -9.6297045 -6.6499963 0.000000 1.000000 0.764706
vn -2.6578841 -1.6741303 3.0968630
v -14.6261969 -9.1453886 -5.6500020 0.000000 1.000000 0.764706
vn -2.6812856 -1.6358404 3.0768321
v -14.7069759 -9.0152016 -5.6500020 0.000000 1.000000 0.749020
vn -2.6981614 -1.6072109 3.0644031
v -14.7861862 -8.8844242 -5.6500020 0.000000 1.000000 0.737255
vn -2.7367964 -1.5417331 3.1011713
v -15.0849123 -8.3671570 -5.6500020 0.000000 1.000000 0.701961
vn -2.4007392 -2.0262423 3.1283174
v -13.2145567 -11.0878954 -5.6500020 0.000000 1.000000 0.929412
vn -2.4286981 -1.9926022 3.1264277
v -13.2459373 -11.0502329 -5.6500020 0.000000 1.000000 0.929412
vn -2.4102237 -2.0111265 -3.0841534
v -13.2459373 -11.0502329 -6.6499963 0.000000 1.000000 0.894118
vn -2.4688725 -1.9421647 3.0996861
v -13.5902815 -10.6239758 -5.6500020 0.000000 1.000000 0.886275
vn -2.4953632 -1.9076278 3.0816875
v -13.6841612 -10.5029812 -5.6500020 0.000000 1.000000 0.882353
vn -2.5165572 -1.8788722 3.0644264
v -13.7766628 -10.3811855 -5.6500020 0.000000 1.000000 0.866667
vn -2.5602248 -1.8198994 3.0985672
v -14.1277571 -9.8980560 -5.6500020 0.000000 1.000000 0.827451
vn -2.1760592 -2.2658162 3.1271603
v -11.9833555 -12.4083099 -5.6500020 0.000000 0.937255 1.000000
vn -2.2085412 -2.2341352 3.1261227
v -12.0395365 -12.3536253 -5.6500020 0.000000 0.937255 1.000000
vn -2.1906013 -2.2483459 -3.0843945
v -12.0395365 -12.3536253 -6.6499963 0.000000 0.976471 1.000000
vn -2.2530408 -2.1889195 3.1021931
v -12.4054852 -11.9862289 -5.6500020 0.000000 0.976471 1.000000
vn -2.2820470 -2.1584013 3.0863926
v -12.5114613 -11.8756886 -5.6500020 0.000000 0.984314 1.000000
vn -2.3077006 -2.1302018 3.0645275
v -12.6162405 -11.7642250 -5.6500020 0.000000 1.000000 0.992157
vn -2.3555028 -2.0780153 3.0957661
v -13.0158472 -11.3205051 -5.6500020 0.000000 1.000000 0.956863
vn -1.9276907 -2.4805427 3.1256516
v -10.6209021 -13.5928040 -5.6500020 0.000000 0.803922 1.000000
vn -1.9646918 -2.4513245 3.1259992
v -10.7055140 -13.5260658 -5.6500020 0.000000 0.811765 1.000000
vn -1.9477574 -2.4617083 -3.0845628
v -10.7055140 -13.5260658 -6.6499963 0.000000 0.854902 1.000000
vn -2.0126770 -2.4118247 3.1045799
v -11.0848055 -13.2171831 -5.6500020 0.000000 0.847059 1.000000
vn -2.0436866 -2.3854275 3.0908675
v -11.2017279 -13.1182938 -5.6500020 0.000000 0.858824 1.000000
vn -2.0738606 -2.3584678 3.0647180
v -11.3176336 -13.0183945 -5.6500020 0.000000 0.866667 1.000000
vn -2.1248770 -2.3132582 3.0927782
v -11.7613688 -12.6189270 -5.6500020 0.000000 0.909804 1.000000
vn -1.6584294 -2.6680732 3.1240788
v -9.1421213 -14.6284075 -5.6500020 0.000000 0.686275 1.000000
vn -1.6996905 -2.6419787 3.1259346
v -9.2580099 -14.5551281 -5.6500020 0.000000 0.694118 1.000000
vn -1.6842760 -2.6489477 -3.0846777
v -9.2580099 -14.5551281 -6.6499963 0.000000 0.737255 1.000000
vn -1.7503632 -2.6084828 3.1069117
v -9.6427174 -14.3033504 -5.6500020 0.000000 0.721569 1.000000
vn -1.7828717 -2.5862541 3.0951257
v -9.7693119 -14.2171936 -5.6500020 0.000000 0.737255 1.000000
vn -1.8175802 -2.5611904 3.0649750
v -9.8950672 -14.1299667 -5.6500020 0.000000 0.737255 1.000000
vn -1.8708875 -2.5230448 3.0897598
v -10.3779802 -13.7791462 -5.6500020 0.000000 0.784314 1.000000
vn -1.3710806 -2.8264904 3.1223583
v -7.5632100 -15.5037813 -5.6500020 0.000000 0.556863 1.000000
vn -1.4163773 -2.8040814 3.1259081
v -7.7123680 -15.4299021 -5.6500020 0.000000 0.564706 1.000000
vn -1.4029548 -2.8080893 -3.0847263
v -7.7123680 -15.4299021 -6.6499963 0.000000 0.611765 1.000000
vn -1.4687576 -2.7768509 3.1093869
v -8.0950155 -15.2328405 -5.6500020 0.000000 0.603922 1.000000
vn -1.5026144 -2.7585905 3.0987682
v -8.2299137 -15.1603718 -5.6500020 0.000000 0.611765 1.000000
vn -1.5416927 -2.7361512 3.0653658
v -8.3641253 -15.0867643 -5.6500020 0.000000 0.619608 1.000000
vn -1.5963584 -2.7050431 3.0863771
v -8.8810339 -14.7883587 -5.6500020 0.000000 0.658824 1.000000
vn -1.0687534 -2.9540772 3.1205182
v -5.9014616 -16.2093391 -5.6500020 0.000000 0.439216 1.000000
vn -1.1177818 -2.9359088 3.1258972
v -6.0849733 -16.1411152 -5.6500020 0.000000 0.447059 1.000000
vn -1.1067839 -2.9374495 -3.0847046
v -6.0849733 -16.1411152 -6.6499963 0.000000 0.486275 1.000000
vn -1.1710105 -2.9149728 3.1118684
v -6.4586592 -15.9954748 -5.6500020 0.000000 0.474510 1.000000
vn -1.2059455 -2.9006264 3.1020112
v -6.6003866 -15.9374981 -5.6500020 0.000000 0.486275 1.000000
vn -1.2491736 -2.8814862 3.0658617
v -6.7415729 -15.8783140 -5.6500020 0.000000 0.494118 1.000000
vn -1.3042954 -2.8572774 3.0828269
v -7.2868209 -15.6355801 -5.6500020 0.000000 0.537255 1.000000
vn -0.7547494 -3.0494328 3.1185598
v -4.1750755 -16.7373562 -5.6500020 0.000000 0.309804 1.000000
vn -0.8071350 -3.0360384 3.1258934
v -4.3930769 -16.6812286 -5.6500020 0.000000 0.329412 1.000000
vn -0.7989056 -3.0356617 -3.0846076
v -4.3930769 -16.6812286 -6.6499963 0.000000 0.364706 1.000000
vn -0.8604687 -3.0212741 3.1142628
v -4.7515650 -16.5829048 -5.6500020 0.000000 0.349020 1.000000
vn -0.8960254 -3.0108654 3.1050880
v -4.8985720 -16.5400562 -5.6500020 0.000000 0.364706 1.000000
vn -0.9431214 -2.9956598 3.0664337
v -5.0451822 -16.4959488 -5.6500020 0.000000 0.376471 1.000000
vn -0.9979215 -2.9780750 3.0791144
v -5.6128011 -16.3115368 -5.6500020 0.000000 0.411765 1.000000
vn -0.4324884 -3.1115112 3.1164484
v -2.4029577 -17.0820522 -5.6500020 0.000000 0.184314 1.000000
vn -0.4877961 -3.1033940 3.1259162
v -2.6546125 -17.0445156 -5.6500020 0.000000 0.203922 1.000000
vn -0.4730582 -3.1027570 -3.0788350
v -2.6546125 -17.0445156 -6.6499963 0.000000 0.239216 1.000000
vn -0.5404961 -3.0945950 3.1165733
v -2.9924374 -16.9886990 -5.6500020 0.000000 0.227451 1.000000
vn -0.5763070 -3.0880804 3.1079111
v -3.1431086 -16.9614525 -5.6500020 0.000000 0.239216 1.000000
vn -0.6268652 -3.0774279 3.0670977
v -3.2935300 -16.9329033 -5.6500020 0.000000 0.247059 1.000000
vn -0.6805990 -3.0661163 3.0752170
v -3.8773124 -16.8088303 -5.6500020 0.000000 0.286275 1.000000
vn -0.3181402 -3.1230993 3.0318761
v -2.0993667 -17.1220150 -5.6500020 0.000000 0.164706 1.000000
vn 0.4404586 -3.1104913 3.1252713
v 2.4030330 -17.0818005 -5.6500020 0.000000 0.184314 1.000000
vn 0.3542513 -3.1204269 3.0717986
v 2.2512331 -17.1025696 -5.6500020 0.000000 0.176471 1.000000
vn 0.1429301 -3.1350765 3.0504742
v 0.8880085 -17.2271290 -5.6500020 0.000000 0.082353 1.000000
vn 0.8687919 -3.0187912 3.1075983
v 4.7514181 -16.5827980 -5.6500020 0.000000 0.356863 1.000000
vn 0.8065826 -3.0361705 3.1247683
v 4.3930769 -16.6812286 -5.6500020 0.000000 0.329412 1.000000
vn 0.7993447 -3.0354249 -3.0825472
v 4.3930769 -16.6812286 -6.6499963 0.000000 0.364706 1.000000
vn 0.7642112 -3.0471733 3.1280069
v 4.1751308 -16.7371693 -5.6500020 0.000000 0.309804 1.000000
vn 0.7293288 -3.0556085 3.1143062
v 4.0263767 -16.7738190 -5.6500020 0.000000 0.301961 1.000000
vn 0.6697387 -3.0684655 3.0715141
v 3.8771715 -16.8087158 -5.6500020 0.000000 0.294118 1.000000
vn 0.6271378 -3.0771136 3.0590937
v 3.2936056 -16.9326591 -5.6500020 0.000000 0.247059 1.000000
vn 1.1792123 -2.9115453 3.1046119
v 6.4583001 -15.9954872 -5.6500020 0.000000 0.482353 1.000000
vn 1.1172372 -2.9361033 3.1249361
v 6.0849733 -16.1411152 -5.6500020 0.000000 0.454902 1.000000
vn 1.1070247 -2.9371891 -3.0819480
v 6.0849733 -16.1411152 -6.6499963 0.000000 0.486275 1.000000
vn 1.0769548 -2.9511824 3.1287470
v 5.9017353 -16.2090988 -5.6500020 0.000000 0.439216 1.000000
vn 1.0451720 -2.9625139 3.1177516
v 5.7573800 -16.2610931 -5.6500020 0.000000 0.427451 1.000000
vn 0.9856018 -2.9820518 3.0722756
v 5.6124463 -16.3115349 -5.6500020 0.000000 0.419608 1.000000
vn 0.9458921 -2.9943776 3.0537379
v 5.0454593 -16.4957294 -5.6500020 0.000000 0.376471 1.000000
vn 1.4767172 -2.7724874 3.1017680
v 8.0946884 -15.2328663 -5.6500020 0.000000 0.603922 1.000000
vn 1.4155772 -2.8044691 3.1247525
v 7.7123680 -15.4299021 -5.6500020 0.000000 0.576471 1.000000
vn 1.4029161 -2.8078821 -3.0811901
v 7.7123680 -15.4299021 -6.6499963 0.000000 0.611765 1.000000
vn 1.3784201 -2.8229995 3.1304054
v 7.5634789 -15.5034885 -5.6500020 0.000000 0.564706 1.000000
vn 1.3493731 -2.8369300 3.1200304
v 7.4253287 -15.5702810 -5.6500020 0.000000 0.549020 1.000000
vn 1.2903562 -2.8634052 3.0733542
v 7.2864752 -15.6356001 -5.6500020 0.000000 0.537255 0.992157
vn 1.2541726 -2.8787513 3.0489326
v 6.7418447 -15.8780460 -5.6500020 0.000000 0.501961 1.000000
vn 1.7579762 -2.6031933 3.0988135
v 9.6424923 -14.3033543 -5.6500020 0.000000 0.729412 1.000000
vn 1.6984762 -2.6427376 3.1245010
v 9.2580099 -14.5551281 -5.6500020 0.000000 0.694118 1.000000
vn 1.6838976 -2.6488950 -3.0803452
v 9.2580099 -14.5551281 -6.6499963 0.000000 0.737255 1.000000
vn 1.6644988 -2.6643691 3.1318851
v 9.1423159 -14.6280947 -5.6500020 0.000000 0.686275 1.000000
vn 1.6388798 -2.6801438 3.1226161
v 9.0119352 -14.7088966 -5.6500020 0.000000 0.674510 1.000000
vn 1.5813577 -2.7135689 3.0743933
v 8.8807201 -14.7883854 -5.6500020 0.000000 0.666667 1.000000
vn 1.5485461 -2.7315240 3.0439498
v 8.3643475 -15.0864630 -5.6500020 0.000000 0.627451 1.000000
vn 2.0201812 -2.4053340 3.0955768
v 11.0845919 -13.2172060 -5.6500020 0.000000 0.854902 1.000000
vn 1.9632173 -2.4524779 3.1243286
v 10.7055140 -13.5260658 -5.6500020 0.000000 0.819608 1.000000
vn 1.9470514 -2.4618895 -3.0794091
v 10.7055140 -13.5260658 -6.6499963 0.000000 0.858824 1.000000
vn 1.9324690 -2.4768968 3.1330471
v 10.6210394 -13.5924997 -5.6500020 0.000000 0.811765 1.000000
vn 1.9104021 -2.4939067 3.1251903
v 10.4998350 -13.6864071 -5.6500020 0.000000 0.803922 1.000000
vn 1.8553450 -2.5341382 3.0753462
v 10.3777342 -13.7791748 -5.6500020 0.000000 0.792157 1.000000
vn 1.8258541 -2.5542927 3.0386257
v 9.8952770 -14.1296520 -5.6500020 0.000000 0.749020 1.000000
vn 2.2602408 -2.1812172 3.0922232
v 12.4054260 -11.9861393 -5.6500020 0.000000 0.976471 1.000000
vn 2.2065625 -2.2360499 3.1239643
v 12.0395365 -12.3536253 -5.6500020 0.000000 0.937255 1.000000
vn 2.1895497 -2.2488956 -3.0783615
v 12.0395365 -12.3536253 -6.6499963 0.000000 0.984314 1.000000
vn 2.1790001 -2.2630606 3.1341286
v 11.9834156 -12.4080381 -5.6500020 0.000000 0.937255 1.000000
vn 2.1609788 -2.2802396 3.1281345
v 11.8727007 -12.5139723 -5.6500020 0.000000 0.929412 1.000000
vn 2.1093779 -2.3269420 3.0762243
v 11.7610931 -12.6189880 -5.6500020 0.000000 0.909804 1.000000
vn 2.0830445 -2.3490398 3.0333903
v 11.3177481 -13.0180950 -5.6500020 0.000000 0.874510 0.992157
vn 2.4755628 -1.9332800 3.0886581
v 13.5903015 -10.6238337 -5.6500020 0.000000 1.000000 0.886275
vn 2.4262371 -1.9955426 3.1237173
v 13.2459373 -11.0502329 -5.6500020 0.000000 1.000000 0.929412
vn 2.4088707 -2.0121486 -3.0772376
v 13.2459373 -11.0502329 -6.6499963 0.000000 1.000000 0.894118
vn 2.4016414 -2.0252440 3.1346054
v 13.2144918 -11.0877762 -5.6500020 0.000000 1.000000 0.929412
vn 2.3878722 -2.0414491 3.1318440
v 13.1154852 -11.2044392 -5.6500020 0.000000 1.000000 0.937255
vn 2.3408172 -2.0939434 3.0767934
v 13.0156145 -11.3205938 -5.6500020 0.000000 1.000000 0.949020
vn 2.3172839 -2.1180296 3.0279043
v 12.6162949 -11.7639589 -5.6500020 0.000000 1.000000 0.992157
vn 2.6638355 -1.6641846 3.0849490
v 14.6263084 -9.1451139 -5.6500020 0.000000 1.000000 0.764706
vn 2.6192155 -1.7344856 3.1227593
v 14.3119287 -9.6297045 -5.6500020 0.000000 1.000000 0.803922
vn 2.6026878 -1.7541595 -3.0760257
v 14.3119287 -9.6297045 -6.6499963 0.000000 1.000000 0.764706
vn 2.5984540 -1.7656667 3.1364841
v 14.3009529 -9.6459446 -5.6500020 0.000000 1.000000 0.803922
vn 2.5883446 -1.7804396 3.1336594
v 14.2146835 -9.7722378 -5.6500020 0.000000 1.000000 0.811765
vn 2.5462811 -1.8386011 3.0777056
v 14.1276617 -9.8980417 -5.6500020 0.000000 1.000000 0.827451
vn 2.5260563 -1.8637483 3.0221291
v 13.7766056 -10.3810759 -5.6500020 0.000000 1.000000 0.866667
vn 2.7819812 -1.4590516 3.1181290
v 15.2307453 -8.0984936 -5.6500020 0.000000 1.000000 0.674510
vn 2.7604098 -1.4998872 3.1352026
v 15.1581821 -8.2329769 -5.6500020 0.000000 1.000000 0.686275
vn 2.7669864 -1.4818362 -3.0770967
v 15.2262096 -8.1070986 -6.6499963 0.000000 1.000000 0.639216
vn 2.7240441 -1.5631880 3.0786142
v 15.0848761 -8.3671083 -5.6500020 0.000000 1.000000 0.701961
vn 2.7070367 -1.5890329 3.0161934
v 14.7861156 -8.8843813 -5.6500020 0.000000 1.000000 0.737255
vn 2.9233878 -1.1500881 3.1240602
v 15.9936867 -6.4623513 -5.6500020 0.000000 1.000000 0.549020
vn 2.9080980 -1.1884251 3.1322217
v 15.9790888 -6.4985561 -5.6500020 0.000000 1.000000 0.549020
vn 2.9077778 -1.1826041 -3.0833759
v 15.9790888 -6.4985561 -6.6499963 0.000000 1.000000 0.509804
vn 2.9007993 -1.2062120 3.1384044
v 15.9356241 -6.6035080 -5.6500020 0.000000 1.000000 0.556863
vn 2.8820000 -1.2496254 3.1053729
v 15.8768368 -6.7443910 -5.6500020 0.000000 1.000000 0.564706
vn 2.8485787 -1.3222779 3.0633397
v 15.6336393 -7.2904139 -5.6500020 0.000000 1.000000 0.611765
vn 2.8231080 -1.3766301 3.0811512
v 15.5021019 -7.5661378 -5.6500020 0.000000 1.000000 0.631373
vn 3.0268435 -0.8407482 3.1205854
v 16.5814991 -4.7555432 -5.6500020 0.000000 1.000000 0.419608
vn 3.0142961 -0.8850966 3.1319637
v 16.5625839 -4.8211274 -5.6500020 0.000000 0.992157 0.427451
vn 3.0139792 -0.8772943 -3.0832794
v 16.5625839 -4.8211274 -6.6499963 0.000000 1.000000 0.392157
vn 3.0098672 -0.9001678 3.1411910
v 16.5385075 -4.9016857 -5.6500020 0.000000 1.000000 0.431373
vn 2.9970703 -0.9408883 3.1081369
v 16.4947224 -5.0479999 -5.6500020 0.000000 1.000000 0.447059
vn 2.9705567 -1.0190988 3.0632601
v 16.3101082 -5.6161971 -5.6500020 0.000000 1.000000 0.486275
vn 2.9516194 -1.0735583 3.0773826
v 16.2080059 -5.9044471 -5.6500020 0.000000 1.000000 0.509804
vn 3.0979772 -0.5206100 3.1185055
v 16.9878235 -2.9958508 -5.6500020 0.000000 1.000000 0.294118
vn 3.0902834 -0.5653355 3.1337714
v 16.9705162 -3.0925930 -5.6500020 0.000000 1.000000 0.301961
vn 3.0882134 -0.5626836 -3.0832810
v 16.9705162 -3.0925930 -6.6499963 0.000000 1.000000 0.266667
vn 3.0873742 -0.5811281 3.1390655
v 16.9604931 -3.1461971 -5.6500020 0.000000 1.000000 0.301961
vn 3.0788202 -0.6235266 3.1105757
v 16.9320641 -3.2963073 -5.6500020 0.000000 1.000000 0.309804
vn 3.0602865 -0.7052563 3.0633349
v 16.8077602 -3.8807819 -5.6500020 0.000000 1.000000 0.356863
vn 3.0476713 -0.7588754 3.0741801
v 16.7363434 -4.1778822 -5.6500020 0.000000 1.000000 0.376471
vn 3.1354022 -0.1940622 3.1170359
v 17.2078228 -1.2040088 -5.6500020 0.000000 0.992157 0.164706
vn 3.1299455 -0.2674014 3.1165853
v 17.1985512 -1.3312768 -5.6500020 0.000000 1.000000 0.176471
vn 3.1296978 -0.2420684 -3.0830095
v 17.1985512 -1.3312768 -6.6499963 0.000000 1.000000 0.137255
vn 3.1290817 -0.2786941 3.1598091
v 17.1961155 -1.3561200 -5.6500020 0.000000 1.000000 0.176471
vn 3.1274626 -0.2945315 3.1107199
v 17.1839123 -1.5079321 -5.6500020 0.000000 1.000000 0.184314
vn 3.1169977 -0.3834653 3.0635006
v 17.1213284 -2.1027102 -5.6500020 0.000000 1.000000 0.231373
vn 3.1102927 -0.4355307 3.0699251
v 17.0813789 -2.4056020 -5.6500020 0.000000 1.000000 0.254902
vn 3.1411324 0.0344298 3.1126902
v 17.2473164 0.2966210 -5.6500020 0.000000 1.000000 0.058824
vn 3.1399770 -0.0574220 3.0640159
v 17.2472420 -0.3018240 -5.6500020 0.000000 1.000000 0.101961
vn 3.1386976 -0.1071896 3.0652649
v 17.2392445 -0.6064858 -5.6500020 0.000000 1.000000 0.121569
vn 3.1130145 0.4032402 -3.0824723
v 17.1072159 2.2148716 -6.6499963 0.101961 1.000000 0.000000
vn 3.1211457 0.3563010 3.1182117
v 17.1218395 2.0976791 -5.6500020 0.066667 1.000000 0.000000
vn 3.1289454 0.2690804 3.0641923
v 17.1843090 1.5029083 -5.6500020 0.019608 1.000000 0.000000
vn 3.1326017 0.2216706 3.0613875
v 17.2081833 1.1986407 -5.6500020 0.000000 1.000000 0.000000
vn 3.0550420 0.7211625 -3.0821216
v 16.7888107 3.9621136 -6.6499963 0.231373 1.000000 0.000000
vn 3.0672541 0.6787324 3.1212027
v 16.8087044 3.8760517 -5.6500020 0.200000 1.000000 0.000000
vn 3.0840483 0.5927431 3.0646336
v 16.9330463 3.2908993 -5.6500020 0.156863 1.000000 0.000000
vn 3.0920982 0.5482447 3.0571141
v 16.9885445 2.9909530 -5.6500020 0.129412 1.000000 0.000000
vn 3.1078897 0.4568532 3.1099815
v 17.0820751 2.4001887 -5.6500020 0.086275 1.000000 0.000000
vn 3.1108909 0.4373945 3.1583111
v 17.1021671 2.2487862 -5.6500020 0.074510 1.000000 0.000000
vn 3.1123829 0.4257910 3.1179528
v 17.1072159 2.2148716 -5.6500020 0.074510 1.000000 0.000000
vn 2.9647014 1.0314074 -3.0818248
v 16.2924404 5.6673565 -6.6499963 0.356863 1.000000 0.000000
vn 2.9803541 0.9931954 3.1243930
v 16.3113976 5.6119781 -5.6500020 0.337255 1.000000 0.000000
vn 3.0057864 0.9098979 3.0650167
v 16.4962864 5.0428619 -5.6500020 0.286275 1.000000 0.000000
vn 3.0177507 0.8684499 3.0533404
v 16.5826626 4.7506628 -5.6500020 0.266667 1.000000 0.000000
vn 3.0429440 0.7797510 3.1077538
v 16.7376060 4.1725965 -5.6500020 0.219608 1.000000 0.000000
vn 3.0514765 0.7469512 3.1501329
v 16.7733555 4.0241699 -5.6500020 0.211765 1.000000 0.000000
vn 3.0546765 0.7333829 3.1246712
v 16.7888107 3.9621136 -5.6500020 0.203922 1.000000 0.000000
vn 2.8429453 1.3307111 -3.0814524
v 15.6233635 7.3125234 -6.6499963 0.486275 1.000000 0.000000
vn 2.8629158 1.2934442 3.1298795
v 15.6353302 7.2864337 -5.6500020 0.474510 1.000000 0.000000
vn 2.8948507 1.2175826 3.0655489
v 15.8787766 6.7395964 -5.6500020 0.427451 1.000000 0.000000
vn 2.9099493 1.1798880 3.0474598
v 15.9952898 6.4580531 -5.6500020 0.403922 1.000000 0.000000
vn 2.9446902 1.0936956 3.1057286
v 16.2097492 5.8993125 -5.6500020 0.356863 1.000000 0.000000
vn 2.9587591 1.0560760 3.1465707
v 16.2607594 5.7554803 -5.6500020 0.337255 1.000000 0.000000
vn 2.9643083 1.0401461 3.1262908
v 16.2924404 5.6673565 -5.6500020 0.337255 1.000000 0.000000
vn 2.6791215 1.6407049 3.1413584
v 14.7085924 9.0106802 -5.6500020 0.627451 1.000000 0.000000
vn 2.7002163 1.6052601 3.1167126
v 14.7879028 8.8810663 -5.6500020 0.611765 1.000000 0.000000
vn 2.6918237 1.6147493 -3.0817406
v 14.7886772 8.8801756 -6.6499963 0.619608 1.000000 0.000000
vn 2.7525721 1.5119516 3.0660841
v 15.0872860 8.3624973 -5.6500020 0.564706 1.000000 0.000000
vn 2.7703252 1.4779221 3.0423205
v 15.2324991 8.0948439 -5.6500020 0.537255 1.000000 0.000000
vn 2.8140247 1.3958683 3.1033592
v 15.5042810 7.5614095 -5.6500020 0.494118 1.000000 0.000000
vn 2.8338737 1.3560047 3.1442327
v 15.5699835 7.4237442 -5.6500020 0.486275 1.000000 0.000000
vn 2.8439093 1.3345543 3.1241620
v 15.6233635 7.3125234 -5.6500020 0.474510 1.000000 0.000000
vn 2.5105844 1.8843151 -3.0831609
v 13.7972269 10.3536968 -6.6499963 0.749020 1.000000 0.000000
vn 2.5740991 1.7999177 3.0862393
v 14.1304731 9.8937941 -5.6500020 0.709804 1.000000 0.000000
vn 2.6087275 1.7485783 3.0641263
v 14.3029842 9.6425610 -5.6500020 0.686275 1.000000 0.000000
vn 2.6523943 1.6827854 3.1007569
v 14.6289320 9.1406698 -5.6500020 0.639216 1.000000 0.000000
vn 2.3034658 2.1325374 -3.0833373
v 12.6595230 11.7174644 -6.6499963 0.886275 0.992157 0.000000
vn 2.3721492 2.0588951 3.0899694
v 13.0188141 11.3167038 -5.6500020 0.854902 1.000000 0.000000
vn 2.4129791 2.0101137 3.0643184
v 13.2165384 11.0850000 -5.6500020 0.827451 1.000000 0.000000
vn 2.4616275 1.9511828 3.0980370
v 13.5932760 10.6198015 -5.6500020 0.776471 1.000000 0.000000
vn 2.4929724 1.9117253 3.1409597
v 13.6860180 10.4988947 -5.6500020 0.764706 1.000000 0.000000
vn 2.4956188 1.9082651 3.1389751
v 13.7784014 10.3783817 -5.6500020 0.756863 1.000000 0.000000
vn 2.5209966 1.8742204 3.1171021
v 13.7972269 10.3536968 -5.6500020 0.756863 1.000000 0.000000
vn 2.0719261 2.3581259 -3.0834718
v 11.3876238 12.9570265 -6.6499963 1.000000 0.964706 0.000000
vn 2.1442688 2.2953560 3.0935521
v 11.7644815 12.6156330 -5.6500020 0.992157 1.000000 0.000000
vn 2.1911182 2.2499049 3.0645816
v 11.9852390 12.4059658 -5.6500020 0.972549 1.000000 0.000000
vn 2.2437823 2.1981583 3.0951376
v 12.4086580 11.9825888 -5.6500020 0.921569 1.000000 0.000000
vn 2.2797089 2.1616035 3.1401768
v 12.5134621 11.8720760 -5.6500020 0.909804 1.000000 0.000000
vn 2.2862737 2.1546361 3.1348667
v 12.6181870 11.7616062 -5.6500020 0.901961 1.000000 0.000000
vn 2.3161452 2.1222429 3.1198974
v 12.6595230 11.7174644 -5.6500020 0.894118 1.000000 0.000000
vn 1.8184299 2.5586913 -3.0835383
v 9.9950142 14.0592394 -6.6499963 1.000000 0.827451 0.000000
vn 1.8929620 2.5067127 3.0969803
v 10.3812151 13.7763395 -5.6500020 1.000000 0.858824 0.000000
vn 1.9455382 2.4653587 3.0649233
v 10.6225767 13.5909758 -5.6500020 1.000000 0.882353 0.000000
vn 2.0012488 2.4209838 3.0920570
v 11.0880480 13.2140961 -5.6500020 1.000000 0.929412 0.000000
vn 2.0410881 2.3882127 3.1394668
v 11.2037687 13.1151705 -5.6500020 1.000000 0.937255 0.000000
vn 2.0506811 2.3799348 3.1313300
v 11.3190756 13.0166569 -5.6500020 1.000000 0.949020 0.000000
vn 2.0855453 2.3492780 3.1214671
v 11.3876238 12.9570265 -5.6500020 1.000000 0.956863 0.000000
vn 1.5456159 2.7321389 -3.0835114
v 8.4964542 15.0124207 -6.6499963 1.000000 0.686275 0.000000
vn 1.6209730 2.6906672 3.1002581
v 8.8841696 14.7860975 -5.6500020 1.000000 0.709804 0.000000
vn 1.6788892 2.6541462 3.0653310
v 9.1434870 14.6270399 -5.6500020 1.000000 0.737255 0.000000
vn 1.7366877 2.6172009 3.0887916
v 9.6459179 14.3008184 -5.6500020 1.000000 0.784314 0.000000
vn 1.7805539 2.5882850 3.1382098
v 9.7712870 14.2145538 -5.6500020 1.000000 0.800000 0.000000
vn 1.7920452 2.5802884 3.1295922
v 9.8965988 14.1283760 -5.6500020 1.000000 0.811765 0.000000
vn 1.8311880 2.5525255 3.1217735
v 9.9950142 14.0592394 -5.6500020 1.000000 0.819608 0.000000
vn 1.2565557 2.8765416 -3.0834136
v 6.9078302 15.8064661 -6.6499963 1.000000 0.549020 0.000000
vn 1.3317971 2.8449602 3.1028700
v 7.2897458 15.6338329 -5.6500020 1.000000 0.564706 0.000000
vn 1.3941846 2.8141680 3.0662272
v 7.5638132 15.5028753 -5.6500020 1.000000 0.592157 0.000000
vn 1.4527221 2.7847805 3.0850382
v 8.0980606 15.2308416 -5.6500020 1.000000 0.639216 0.000000
vn 1.5002770 2.7602084 3.1368754
v 8.2317114 15.1581697 -5.6500020 1.000000 0.654902 0.000000
vn 1.5137031 2.7528019 3.1273737
v 8.3653030 15.0855980 -5.6500020 1.000000 0.666667 0.000000
vn 1.5572524 2.7283030 3.1221535
v 8.4964542 15.0124207 -5.6500020 1.000000 0.674510 0.000000
vn 0.9542053 2.9904583 -3.0833464
v 5.2459807 16.4329605 -6.6499963 1.000000 0.403922 0.000000
vn 1.0276182 2.9684596 3.1058645
v 5.6154156 16.3102512 -5.6500020 1.000000 0.431373 0.000000
vn 1.0942473 2.9438016 3.0667868
v 5.9015851 16.2086887 -5.6500020 1.000000 0.454902 0.000000
vn 1.1529983 2.9215715 3.0813966
v 6.4614420 15.9939661 -5.6500020 1.000000 0.501961 0.000000
vn 1.2035284 2.9019103 3.1352334
v 6.6019158 15.9356785 -5.6500020 1.000000 0.509804 0.000000
vn 1.2187753 2.8954613 3.1251979
v 6.7423177 15.8774910 -5.6500020 1.000000 0.521569 0.000000
vn 1.2664390 2.8748617 3.1224167
v 6.9078302 15.8064661 -5.6500020 1.000000 0.537255 0.000000
vn 0.6416354 3.0727143 -3.0832446
v 3.5285230 16.8852596 -6.6499963 1.000000 0.274510 0.000000
vn 0.7116345 3.0596769 3.1092749
v 3.8795283 16.8079281 -5.6500020 1.000000 0.286275 0.000000
vn 0.7822507 3.0416090 3.0669377
v 4.1750727 16.7368584 -5.6500020 1.000000 0.309804 0.000000
vn 0.8409422 3.0261190 3.0779557
v 4.7539916 16.5818195 -5.6500020 1.000000 0.356863 0.000000
vn 0.8935561 3.0118260 3.1333714
v 4.8997574 16.5385475 -5.6500020 1.000000 0.364706 0.000000
vn 0.9104433 3.0066738 3.1230044
v 5.0454383 16.4953671 -5.6500020 1.000000 0.384314 0.000000
vn 0.9618840 2.9905672 3.1225939
v 5.2459807 16.4329605 -5.6500020 1.000000 0.400000 0.000000
vn 0.3221732 3.1223929 -3.0825608
v 1.7736622 17.1585732 -6.6499963 0.992157 0.137255 0.000000
vn 0.3884878 3.1172638 3.1119773
v 2.1011076 17.1214104 -5.6500020 1.000000 0.137255 0.000000
vn 0.4619155 3.1064420 3.0676043
v 2.4024196 17.0816307 -5.6500020 1.000000 0.164706 0.000000
vn 0.5192873 3.0974846 3.0739746
v 2.9944270 16.9879570 -5.6500020 1.000000 0.211765 0.000000
vn 0.5737722 3.0887346 3.1312206
v 3.1438930 16.9601727 -5.6500020 1.000000 0.227451 0.000000
vn 0.5921828 3.0851560 3.1207829
v 3.2932591 16.9324570 -5.6500020 1.000000 0.239216 0.000000
vn 0.6469327 3.0741186 3.1227288
v 3.5285230 16.8852596 -5.6500020 1.000000 0.258824 0.000000
vn 0.0575441 3.1410527 3.1344094
v 0.2992152 17.2453365 -5.6500020 1.000000 0.000000 0.000000
vn 0.1307971 3.1377351 3.0657303
v 0.6034421 17.2391911 -5.6500020 1.000000 0.003922 0.000000
vn 0.1896617 3.1350815 3.0760477
v 1.2017713 17.2072735 -5.6500020 1.000000 0.066667 0.000000
vn 0.2435895 3.1320386 3.1189144
v 1.3535657 17.1959248 -5.6500020 1.000000 0.082353 0.000000
vn 0.2716415 3.1297746 3.1274903
v 1.5052803 17.1833572 -5.6500020 1.000000 0.094118 0.000000
vn 0.3215801 3.1249180 3.1206684
v 1.7736622 17.1585732 -5.6500020 1.000000 0.109804 0.000000
vn -2.5294316 4.7597680 0.1478507
v 0.1508101 16.9991531 5.1730394 1.000000 0.000000 0.000000
vn -2.5499156 4.3207188 1.6081705
v 0.0294939 16.7987270 5.9004917 1.000000 0.000000 0.000000
vn 0.0000029 1.6267716 1.0885968
v 0.0000000 16.7500000 -5.6500020 1.000000 0.000000 0.000000
vn -0.0000008 5.2992473 3.2206967
v 0.0000000 16.7500000 5.9791551 1.000000 0.000000 0.000000
vn -2.5359111 4.5494943 1.1385490
v 0.0962971 16.9090919 5.6635036 1.000000 0.000000 0.000000
vn -2.5227411 4.6335025 0.8875652
v 0.1136501 16.9377632 5.5763168 1.000000 0.000000 0.000000
vn -2.5384023 4.6986156 0.6362322
v 0.1371770 16.9766312 5.4106236 1.000000 0.000000 0.000000
vn -2.5304480 4.4389591 1.3876770
v 0.0638067 16.8554153 5.7922792 1.000000 0.000000 0.000000
vn -2.5260839 4.7370272 0.3996739
v 0.1406897 16.9824352 5.3750768 1.000000 0.000000 0.000000
vn 2.5499153 4.3207197 1.6081707
v -0.0294939 16.7987270 5.9004917 1.000000 0.000000 0.000000
vn 2.5294254 4.7597647 0.1478523
v -0.1508101 16.9991531 5.1730394 1.000000 0.000000 0.000000
vn 2.5383990 4.6986141 0.6362351
v -0.1371770 16.9766312 5.4106236 1.000000 0.000000 0.000000
vn 2.5227385 4.6335020 0.8875632
v -0.1136501 16.9377632 5.5763168 1.000000 0.000000 0.000000
vn 2.5359168 4.5494967 1.1385442
v -0.0962971 16.9090919 5.6635036 1.000000 0.000000 0.000000
vn 2.5260801 4.7370272 0.3996709
v -0.1406897 16.9824352 5.3750768 1.000000 0.000000 0.000000
vn 2.5304523 4.4389582 1.3876796
v -0.0638067 16.8554153 5.7922792 1.000000 0.000000 0.000000
vn -0.1700383 -1.6178319 1.0886024
v -1.7511399 -16.6637402 -5.6500020 0.000000 0.121569 1.000000
vn -2.9997163 -4.4496675 0.3808820
v -1.6377400 -16.9048767 5.3683338 0.000000 0.329412 1.000000
vn -3.0157804 -4.4089265 0.6288682
v -1.6411275 -16.8976746 5.4106383 0.000000 0.329412 1.000000
vn -2.9931750 -4.3469543 0.8804723
v -1.6594867 -16.8586349 5.5696115 0.000000 0.337255 1.000000
vn -2.9986920 -4.2627625 1.1298012
v -1.6747249 -16.8262310 5.6634960 0.000000 0.337255 1.000000
vn -2.9808345 -4.1546946 1.3783208
v -1.6993829 -16.7737980 5.7835026 0.000000 0.337255 1.000000
vn -2.9880431 -4.0359659 1.5990311
v -1.7296263 -16.7094860 5.9004693 0.000000 0.349020 1.000000
vn -0.7095526 -5.2516832 3.2006698
v -1.7511399 -16.6637402 5.9708104 0.000000 0.356863 1.000000
vn -3.0228255 4.4680595 0.1544456
v -1.6272055 16.9217682 5.1730022 1.000000 0.886275 0.000000
vn -2.9803917 4.0161009 1.6321604
v -1.7269081 16.7097549 5.9004917 1.000000 0.949020 0.000000
vn -0.1700407 1.6178571 1.0885941
v -1.7511399 16.6582260 -5.6500020 1.000000 0.129412 0.000000
vn -0.5298404 5.2020459 3.3068736
v -1.7511399 16.6582260 5.9791327 1.000000 0.956863 0.000000
vn -2.9951267 4.2513442 1.1586945
v -1.6720067 16.8264999 5.6635036 1.000000 0.929412 0.000000
vn -2.9862545 4.3505249 0.8694579
v -1.6577395 16.8568382 5.5762720 1.000000 0.921569 0.000000
vn -3.0165336 4.4034042 0.6531165
v -1.6384100 16.8979416 5.4106236 1.000000 0.909804 0.000000
vn -2.9741759 4.1599984 1.3679878
v -1.6987032 16.7697315 5.7922568 1.000000 0.937255 0.000000
vn -3.0167520 4.4477034 0.3913206
v -1.6355202 16.9040852 5.3750396 1.000000 0.901961 0.000000
vn 2.0942411 4.5665188 1.6058967
v -1.7855545 16.7035885 5.9004917 1.000000 0.949020 0.000000
vn 2.0137594 4.9970655 0.1509329
v -1.9271551 16.8902359 5.1730318 1.000000 0.894118 0.000000
vn 2.0351462 4.9384661 0.6360766
v -1.9112425 16.8692608 5.4106236 1.000000 0.909804 0.000000
vn 2.0246453 4.8728728 0.8858293
v -1.8837826 16.8330650 5.5763092 1.000000 0.929412 0.000000
vn 2.0515361 4.7908344 1.1376274
v -1.8635274 16.8063660 5.6635036 1.000000 0.929412 0.000000
vn 2.0129368 4.9749451 0.3963888
v -1.9153430 16.8746662 5.3750768 1.000000 0.909804 0.000000
vn 2.0572960 4.6815639 1.3842294
v -1.8256129 16.7563915 5.7922568 1.000000 0.937255 0.000000
vn -2.5367663 4.2952127 0.2459186
v -2.5107441 16.8133945 5.1729646 1.000000 0.901961 0.000000
vn -3.1937416 3.8353014 1.6607141
v -2.5992148 16.5964508 5.9004917 1.000000 0.964706 0.000000
vn -0.2544867 1.6067562 1.0886055
v -2.6207085 16.5437469 -5.6500020 1.000000 0.203922 0.000000
vn -0.7493726 5.2282429 3.2322121
v -2.6207085 16.5437469 5.9791026 1.000000 0.972549 0.000000
vn -3.2289045 4.0748110 1.1867605
v -2.5504982 16.7159100 5.6635036 1.000000 0.937255 0.000000
vn -2.9125781 4.2162480 0.8251801
v -2.5378337 16.7469654 5.5762424 1.000000 0.937255 0.000000
vn -3.2644088 4.2307706 0.6788554
v -2.5206864 16.7890129 5.4106236 1.000000 0.921569 0.000000
vn -3.0568428 4.0224075 1.3396685
v -2.5741811 16.6578369 5.7922273 1.000000 0.956863 0.000000
vn -2.8853538 4.3102674 0.3229033
v -2.5181201 16.7953053 5.3750095 1.000000 0.921569 0.000000
vn 1.8424249 4.6665812 1.6081327
v -2.6574359 16.5872269 5.9004917 1.000000 0.964706 0.000000
vn 1.7537721 5.0965452 0.1476031
v -2.8086102 16.7662067 5.1730094 1.000000 0.909804 0.000000
vn 1.7720559 5.0378137 0.6362090
v -2.7916212 16.7460938 5.4106236 1.000000 0.929412 0.000000
vn 1.7663840 4.9716039 0.8876909
v -2.7623088 16.7113895 5.5762944 1.000000 0.937255 0.000000
vn 1.7929883 4.8900375 1.1384337
v -2.7406802 16.6857834 5.6635036 1.000000 0.949020 0.000000
vn 1.7538432 5.0738554 0.3996425
v -2.7960012 16.7512798 5.3750544 1.000000 0.929412 0.000000
vn 1.8048774 4.7801476 1.3876001
v -2.7002132 16.6378727 5.7922196 1.000000 0.956863 0.000000
vn -3.4639008 4.1296854 0.1475680
v -3.3874016 16.6589184 5.1729202 1.000000 0.921569 0.000000
vn -3.3926103 3.6962428 1.6080544
v -3.4643979 16.4376411 5.9004917 1.000000 0.984314 0.000000
vn -0.3382326 1.5912335 1.0886045
v -3.4830937 16.3839130 -5.6500020 1.000000 0.274510 0.000000
vn -1.0578150 5.1517940 3.2732918
v -3.4830937 16.3839130 5.9790654 1.000000 0.992157 0.000000
vn -3.4264746 3.9227915 1.1384096
v -3.4220002 16.5594864 5.6635036 1.000000 0.964706 0.000000
vn -3.4309692 4.0081606 0.8875158
v -3.4109726 16.5911789 5.5761900 1.000000 0.956863 0.000000
vn -3.4599614 4.0679297 0.6359467
v -3.3960550 16.6340504 5.4106236 1.000000 0.937255 0.000000
vn -3.3981996 3.8158724 1.3875614
v -3.4426038 16.5002747 5.7921824 1.000000 0.976471 0.000000
vn -3.4558527 4.1083951 0.3994384
v -3.3938186 16.6404762 5.3749576 1.000000 0.937255 0.000000
vn 1.6449836 4.7764683 1.5961833
v -3.5220253 16.4253902 5.9004917 1.000000 0.992157 0.000000
vn 1.4744518 5.1770906 0.1774538
v -3.6823592 16.5962105 5.1729798 1.000000 0.937255 0.000000
vn 1.5537571 5.1369982 0.6311619
v -3.6643407 16.5770149 5.4106236 1.000000 0.956863 0.000000
vn 1.4552228 5.0501933 0.8678396
v -3.6332586 16.5438995 5.5762649 1.000000 0.964706 0.000000
vn 1.5830190 4.9932179 1.1298056
v -3.6103134 16.5194530 5.6635036 1.000000 0.976471 0.000000
vn 1.4587526 5.1558032 0.3653544
v -3.6689894 16.5819683 5.3750243 1.000000 0.949020 0.000000
vn 1.5446419 4.8739872 1.3734169
v -3.5674105 16.4737434 5.7921824 1.000000 0.984314 0.000000
vn -3.6732240 3.9426947 0.1523260
v -4.2547741 16.4587669 5.1728606 1.000000 0.949020 0.000000
vn -3.5658827 3.5041709 1.6283326
v -4.3200850 16.2337608 5.9004917 0.976471 1.000000 0.000000
vn -0.4210378 1.5713415 1.0885962
v -4.3359323 16.1791630 -5.6500020 0.992157 0.349020 0.000000
vn -1.3201249 5.0563893 3.3116503
v -4.3359323 16.1791630 5.9790134 0.972549 1.000000 0.000000
vn -3.6149676 3.7337170 1.1551067
v -4.2841220 16.3576584 5.6635036 1.000000 0.992157 0.000000
vn -3.6249444 3.8292379 0.8751538
v -4.2747626 16.3899021 5.5761304 1.000000 0.984314 0.000000
vn -3.6581793 3.8804438 0.6497647
v -4.2621145 16.4334774 5.4106236 1.000000 0.972549 0.000000
vn -3.5841799 3.6415982 1.3737768
v -4.3015904 16.2974758 5.7921305 0.992157 1.000000 0.000000
vn -3.6644185 3.9229617 0.3941198
v -4.2602143 16.4400234 5.3749051 1.000000 0.964706 0.000000
vn 1.3656975 4.8433089 1.6028551
v -4.3769526 16.2185211 5.9004917 0.976471 1.000000 0.000000
vn 1.2195239 5.2543712 0.1515497
v -4.5460067 16.3807163 5.1729426 1.000000 0.964706 0.000000
vn 1.2512034 5.2006021 0.6343824
v -4.5270076 16.3624878 5.4106236 1.000000 0.984314 0.000000
vn 1.2483908 5.1335239 0.8834823
v -4.4942446 16.3310547 5.5762277 0.992157 1.000000 0.000000
vn 1.2895671 5.0579209 1.1351619
v -4.4700422 16.3078327 5.6635036 0.992157 1.000000 0.000000
vn 1.2214360 5.2326789 0.3941752
v -4.5319142 16.3671951 5.3749871 1.000000 0.984314 0.000000
vn 1.3095001 4.9505916 1.3813889
v -4.4248276 16.2644539 5.7921305 0.984314 1.000000 0.000000
vn -3.8929818 3.7395515 0.1617709
v -5.1104832 16.2134838 5.1727934 1.000000 0.984314 0.000000
vn -3.7541478 3.3004107 1.6431869
v -5.1639290 15.9853659 5.9004917 0.949020 1.000000 0.000000
vn -0.5026988 1.5471568 1.0885994
v -5.1768866 15.9300623 -5.6500020 1.000000 0.419608 0.000000
vn -1.6077329 5.0004396 3.2752655
v -5.1768866 15.9300623 5.9789538 0.937255 1.000000 0.000000
vn -3.8215251 3.5287862 1.1695691
v -5.1344991 16.1109772 5.6635036 0.964706 1.000000 0.000000
vn -3.8077950 3.6436760 0.8536938
v -5.1268349 16.1436920 5.5760636 0.976471 1.000000 0.000000
vn -3.8773401 3.6744020 0.6633189
v -5.1164904 16.1878452 5.4106236 0.992157 1.000000 0.000000
vn -3.7601686 3.4607458 1.3553257
v -5.1487861 16.0499973 5.7920709 0.956863 0.992157 0.000000
vn -3.8790269 3.7235456 0.3816822
v -5.1149325 16.1944923 5.3748307 0.992157 1.000000 0.000000
vn 1.0897912 4.8972759 1.6078935
v -5.2198739 15.9671869 5.9004917 0.937255 1.000000 0.000000
vn 0.9303436 5.3062763 0.1504760
v -5.3971858 16.1203136 5.1728306 0.992157 1.000000 0.000000
vn 0.9618273 5.2532444 0.6361636
v -5.3772573 16.1031017 5.4106236 0.972549 1.000000 0.000000
vn 0.9671298 5.1864681 0.8873659
v -5.3429213 16.0734501 5.5761232 0.964706 1.000000 0.000000
vn 1.0058885 5.1103487 1.1382070
v -5.3175097 16.0515041 5.6635036 0.956863 1.000000 0.000000
vn 0.9350284 5.2848349 0.3968405
v -5.3824172 16.1075592 5.3748832 0.976471 1.000000 0.000000
vn 1.0346004 5.0038261 1.3874981
v -5.2701139 16.0105724 5.7920632 0.949020 1.000000 0.000000
vn -2.0599823 4.8621373 3.2273684
v -6.0036507 15.6372900 5.9788790 0.901961 1.000000 0.000000
vn -3.9291699 3.1200809 1.6078485
v -5.9936152 15.6931410 5.9004917 0.909804 1.000000 0.000000
vn -0.5830194 1.5188019 1.0885983
v -6.0036507 15.6372900 -5.6500020 1.000000 0.494118 0.000000
vn -3.9534204 3.2373507 1.3873580
v -5.9818687 15.7585182 5.7919888 0.921569 1.000000 0.000000
vn -3.9980304 3.3384814 1.1381792
v -5.9708004 15.8201218 5.6635036 0.929412 1.000000 0.000000
vn -4.0158339 3.4222240 0.8872880
v -5.9648533 15.8532190 5.5759816 0.937255 1.000000 0.000000
vn -4.0538015 3.4767270 0.6358131
v -5.9568386 15.8978271 5.4106236 0.949020 1.000000 0.000000
vn -4.0490384 3.5209341 0.3878457
v -5.9556279 15.9045610 5.3747487 0.956863 1.000000 0.000000
vn 0.6528564 5.3256507 0.3879293
v -6.2181582 15.8037615 5.3747859 0.937255 0.992157 0.000000
vn 0.6858610 5.2961049 0.6358631
v -6.2127581 15.7995710 5.4106236 0.929412 0.992157 0.000000
vn 0.6941687 5.2301369 0.8873419
v -6.1769433 15.7717762 5.5760264 0.921569 1.000000 0.000000
vn 0.7369131 5.1560802 1.1381583
v -6.1503921 15.7511702 5.6635036 0.921569 1.000000 0.000000
vn 0.7753554 5.0539317 1.3850771
v -6.1009536 15.7128029 5.7919812 0.909804 1.000000 0.000000
vn -2.0819237 4.8036890 3.3005509
v -6.8139596 15.3016481 5.9787974 0.858824 1.000000 0.000000
vn -4.0629449 2.9072232 1.6265271
v -6.8068690 15.3578854 5.9004917 0.866667 1.000000 0.000000
vn -0.6616060 1.4862379 1.0885993
v -6.8139596 15.3016481 -5.6500020 1.000000 0.564706 0.000000
vn -4.1184878 3.0260477 1.3865027
v -6.7985544 15.4238358 5.7919068 0.882353 1.000000 0.000000
vn -4.1673388 3.1247308 1.1380720
v -6.7907305 15.4858856 5.6635036 0.886275 1.000000 0.000000
vn -4.1894460 3.2073450 0.8872073
v -6.7865200 15.5192814 5.5758920 0.894118 0.992157 0.000000
vn -4.2302489 3.2598252 0.6357141
v -6.7808547 15.5642157 5.4106236 0.909804 1.000000 0.000000
vn -4.2278256 3.3039072 0.3877545
v -6.7799969 15.5710192 5.3746595 0.909804 1.000000 0.000000
vn 0.3932959 5.3633857 0.3840291
v -7.0368476 15.4566393 5.3746819 0.894118 1.000000 0.000000
vn 0.4349426 5.3390326 0.6326268
v -7.0312200 15.4527264 5.4106236 0.886275 0.992157 0.000000
vn 0.4350175 5.2697964 0.8806090
v -6.9940300 15.4268646 5.5759220 0.882353 1.000000 0.000000
vn 0.4943769 5.2042832 1.1324331
v -6.9664063 15.4076567 5.6635036 0.874510 1.000000 0.000000
vn 0.5248042 5.0992661 1.3783227
v -6.9150677 15.3719568 5.7918992 0.866667 1.000000 0.000000
vn 0.6016601 5.0047450 1.5997202
v -6.8604932 15.3340063 5.9004917 0.866667 1.000000 0.000000
vn -2.3646917 4.6689005 3.3006675
v -7.6055923 14.9240589 5.9787002 0.819608 1.000000 0.000000
vn -4.2229671 2.6796613 1.6337146
v -7.6014600 14.9805183 5.9004917 0.827451 1.000000 0.000000
vn -0.7386720 1.4494742 1.0885979
v -7.6055923 14.9240589 -5.6500020 1.000000 0.639216 0.000000
vn -4.2675405 2.8193817 1.3650744
v -7.5966034 15.0468674 5.7918100 0.831373 1.000000 0.000000
vn -4.3218942 2.8939347 1.1601456
v -7.5920424 15.1091890 5.6635036 0.847059 0.992157 0.000000
vn -4.3470297 2.9923429 0.8662615
v -7.5895829 15.1427937 5.5757880 0.854902 1.000000 0.000000
vn -4.3970551 3.0284674 0.6545799
v -7.5862794 15.1879282 5.4106236 0.866667 1.000000 0.000000
vn -4.4051065 3.0750780 0.3771528
v -7.5857773 15.1947861 5.3745551 0.866667 1.000000 0.000000
vn 0.0928253 5.3644991 0.3877368
v -7.8362412 15.0671453 5.3745627 0.847059 1.000000 0.000000
vn 0.1284760 5.3388448 0.6356364
v -7.8303990 15.0635204 5.4106236 0.839216 0.992157 0.000000
vn 0.1420110 5.2725353 0.8888397
v -7.7919402 15.0396624 5.5758104 0.831373 1.000000 0.000000
vn 0.1963680 5.2088499 1.1324328
v -7.7633157 15.0219040 5.6635036 0.831373 1.000000 0.000000
vn 0.2444791 5.1074853 1.3867550
v -7.7102256 14.9889698 5.7917953 0.827451 1.000000 0.000000
vn 0.3150496 5.0113139 1.6063471
v -7.6536932 14.9538994 5.9004917 0.819608 1.000000 0.000000
vn -0.8134021 1.4087756 1.0885996
v -8.3763781 14.5055561 -5.6500020 1.000000 0.709804 0.000000
vn -2.5197043 4.6516409 3.2151232
v -8.3763781 14.5055561 5.9785962 0.764706 0.992157 0.000000
vn -4.3370380 2.4559798 1.6427767
v -8.3752079 14.5620737 5.9004917 0.776471 1.000000 0.000000
vn -4.0706496 2.6538229 1.5141339
v -8.3738298 14.6286478 5.7916985 0.784314 1.000000 0.000000
vn -4.4924212 2.7463923 0.9138349
v -8.3718395 14.7247896 5.5756760 0.803922 1.000000 0.000000
vn -4.5479174 2.7998354 0.6354750
v -8.3709030 14.7699957 5.4106236 0.811765 1.000000 0.000000
vn -4.5500746 2.8436151 0.3875461
v -8.3707609 14.7768898 5.3744435 0.819608 1.000000 0.000000
vn -0.1883770 5.3621702 0.3875973
v -8.6141481 14.6363468 5.3744359 0.792157 1.000000 0.000000
vn -0.1510902 5.3382158 0.6355183
v -8.6081038 14.6330223 5.4106236 0.792157 1.000000 0.000000
vn -0.1326857 5.2743750 0.8869845
v -8.5684881 14.6112299 5.5756836 0.784314 1.000000 0.000000
vn -0.0788779 5.2079806 1.1378028
v -8.5389357 14.5949736 5.6635036 0.784314 1.000000 0.000000
vn -0.0284341 5.1096125 1.3870441
v -8.4842472 14.5648918 5.7916908 0.776471 1.000000 0.000000
vn 0.0475665 5.0169544 1.6075816
v -8.4259043 14.5327997 5.9004917 0.764706 0.992157 0.000000
vn -2.8268757 4.4262156 3.2826724
v -9.1242046 14.0472870 5.9784842 0.721569 1.000000 0.000000
vn -4.4921646 2.2350955 1.6074741
v -9.1259918 14.1037025 5.9004917 0.729412 1.000000 0.000000
vn -0.8862286 1.3643948 1.0885992
v -9.1242046 14.0472870 -5.6500020 1.000000 0.784314 0.000000
vn -4.5402837 2.3448277 1.3869154
v -9.1281013 14.1703215 5.7915792 0.737255 1.000000 0.000000
vn -4.6049623 2.4343996 1.1377308
v -9.1300755 14.2326536 5.6635036 0.749020 1.000000 0.000000
vn -4.6397190 2.5125642 0.8868364
v -9.1311445 14.2664127 5.5755568 0.749020 1.000000 0.000000
vn -4.6882668 2.5579543 0.6354123
v -9.1325741 14.3115644 5.4106236 0.764706 1.000000 0.000000
vn -4.6926436 2.6017222 0.3874765
v -9.1327934 14.3184795 5.3743243 0.764706 1.000000 0.000000
vn -0.4587729 5.3547492 0.3752242
v -9.3684359 14.1654263 5.3743019 0.737255 1.000000 0.000000
vn -0.3940676 5.3499260 0.6307659
v -9.3622036 14.1624126 5.4106236 0.737255 1.000000 0.000000
vn -0.4142715 5.2614579 0.8738277
v -9.3215437 14.1427441 5.5755496 0.737255 1.000000 0.000000
vn -0.3153051 5.2262688 1.1297984
v -9.2911396 14.1280365 5.6635036 0.729412 1.000000 0.000000
vn -0.2884443 5.1146574 1.3745368
v -9.2350121 14.1008873 5.7915640 0.729412 1.000000 0.000000
vn -0.1793592 5.0460520 1.5964851
v -9.1750097 14.0718632 5.9004917 0.721569 1.000000 0.000000
vn -3.0499389 4.2446771 3.3101070
v -9.8470230 13.5505085 5.9783649 0.666667 1.000000 0.000000
vn -4.5867772 1.9920304 1.6286627
v -9.8517523 13.6066570 5.9004917 0.674510 1.000000 0.000000
vn -0.9563333 1.3159871 1.0885957
v -9.8470230 13.5505085 -5.6500020 1.000000 0.854902 0.000000
vn -4.6533275 2.1152949 1.3712089
v -9.8573513 13.6731462 5.7914524 0.686275 1.000000 0.000000
vn -4.7155056 2.1884842 1.1553687
v -9.8625784 13.7352180 5.6635036 0.694118 0.992157 0.000000
vn -4.7586756 2.2751119 0.8726374
v -9.8654175 13.7689219 5.5754228 0.701961 1.000000 0.000000
vn -4.8088436 2.3097608 0.6499562
v -9.8692045 13.8138914 5.4106236 0.709804 0.992157 0.000000
vn -4.8237000 2.3528113 0.3804695
v -9.8697872 13.8208084 5.3741899 0.709804 0.992157 0.000000
vn -0.7412848 5.3185110 0.3858497
v -10.0970364 13.6556759 5.3741527 0.686275 1.000000 0.000000
vn -0.6995217 5.3006763 0.6340215
v -10.0906324 13.6529818 5.4106236 0.686275 1.000000 0.000000
vn -0.6775165 5.2378230 0.8834470
v -10.0490446 13.6354885 5.5754080 0.682353 1.000000 0.000000
vn -0.6121087 5.1811032 1.1351025
v -10.0178661 13.6223736 5.6635036 0.674510 1.000000 0.000000
vn -0.5542985 5.0888195 1.3815432
v -9.9604616 13.5982256 5.7914376 0.674510 1.000000 0.000000
vn -0.4641091 5.0083780 1.6030581
v -9.8989573 13.5723543 5.9004917 0.666667 1.000000 0.000000
vn -4.9689541 2.1002617 0.1703146
v -10.5823479 13.3043966 5.1747680 0.666667 1.000000 0.000000
vn -4.6867099 1.7330542 1.6472350
v -10.5504980 13.0723038 5.9004917 0.619608 1.000000 0.000000
vn -1.0237613 1.2642355 1.0885942
v -10.5428505 13.0165806 -5.6500020 1.000000 0.921569 0.000000
vn -3.2919605 4.1053901 3.2617724
v -10.5428505 13.0165806 5.9782310 0.611765 1.000000 0.000000
vn -4.8333960 1.9212221 1.1745620
v -10.5680399 13.2001286 5.6634889 0.639216 1.000000 0.000000
vn -4.8448815 2.0501752 0.8489145
v -10.5725164 13.2327528 5.5779858 0.647059 1.000000 0.000000
vn -4.9389539 2.0377574 0.6688971
v -10.5787725 13.2783442 5.4106159 0.654902 1.000000 0.000000
vn -4.7389269 1.8948998 1.3495935
v -10.5595808 13.1384907 5.7913032 0.631373 1.000000 0.000000
vn -4.9520278 2.0891654 0.3799418
v -10.5796537 13.2847643 5.3767829 0.658824 1.000000 0.000000
vn -0.7381083 4.9628305 1.6071398
v -10.5957603 13.0356436 5.9004917 0.611765 1.000000 0.000000
vn -1.0299019 5.2899609 0.1504349
v -10.8161325 13.1150436 5.1746931 0.647059 1.000000 0.000000
vn -0.9842240 5.2484875 0.6380342
v -10.7913942 13.1061296 5.4106159 0.631373 1.000000 0.000000
vn -0.9557729 5.1880956 0.8894640
v -10.7481155 13.0905371 5.5779634 0.627451 1.000000 0.000000
vn -0.8916498 5.1318483 1.1384043
v -10.7171297 13.0793734 5.6634889 0.619608 1.000000 0.000000
vn -1.0176790 5.2710142 0.4023518
v -10.7974997 13.1083298 5.3767309 0.631373 1.000000 0.000000
vn -0.8275480 5.0423861 1.3865905
v -10.6586113 13.0582886 5.7912884 0.619608 1.000000 0.000000
vn -5.0642657 1.8444705 0.1502369
v -11.2642679 12.7322187 5.1746116 0.611765 1.000000 0.000000
vn -4.7867560 1.5050173 1.6070035
v -11.2203150 12.5021076 5.9004917 0.564706 1.000000 0.000000
vn -1.0885259 1.2089356 1.0886018
v -11.2097826 12.4469681 -5.6500020 1.000000 0.992157 0.000000
vn -3.5522478 3.9066520 3.2433662
v -11.2097826 12.4469681 5.9780893 0.556863 0.992157 0.000000
vn -4.9297814 1.6834636 1.1384047
v -11.2445211 12.6288395 5.6634889 0.584314 1.000000 0.000000
vn -4.9752145 1.7550458 0.8892889
v -11.2507105 12.6612387 5.5778294 0.584314 1.000000 0.000000
vn -5.0303392 1.7924330 0.6377853
v -11.2593346 12.7063856 5.4106159 0.600000 1.000000 0.000000
vn -4.8513689 1.6059078 1.3864748
v -11.2328644 12.5678091 5.7911544 0.576471 1.000000 0.000000
vn -5.0474253 1.8292959 0.4021446
v -11.2605553 12.7127790 5.3766265 0.603922 1.000000 0.000000
vn -1.2236459 5.1203651 0.9158996
v -11.4185858 12.5100651 5.5777922 0.564706 1.000000 0.000000
vn -1.1470370 4.9340072 1.3871400
v -11.3275404 12.4825525 5.7911396 0.564706 1.000000 0.000000
vn -1.2575554 5.1897864 0.6378459
v -11.4625654 12.5233545 5.4106159 0.576471 0.992157 0.000000
vn -0.9586187 4.9659858 1.5933526
v -11.2635107 12.4632044 5.9004917 0.556863 1.000000 0.000000
vn -1.2922087 5.2104869 0.4020828
v -11.4688072 12.5252409 5.3765593 0.576471 1.000000 0.000000
vn -1.3056976 5.2289333 0.1501893
v -11.4877405 12.5309620 5.1745219 0.592157 1.000000 0.000000
vn -5.1538277 1.5765797 0.1498565
v -11.9153023 12.1251316 5.1744475 0.556863 1.000000 0.000000
vn -4.8372264 1.2563818 1.6260771
v -11.8593636 11.8976316 5.9004917 0.509804 1.000000 0.000000
vn -1.1502994 1.1503029 1.0885955
v -11.8459873 11.8432312 -5.6500020 0.921569 1.000000 0.000000
vn -3.6673725 3.7324662 3.3036127
v -11.8459873 11.8432312 5.9779406 0.501961 1.000000 0.000000
vn -4.9938335 1.4308439 1.1526523
v -11.8901701 12.0229235 5.6634889 0.521569 1.000000 0.000000
vn -5.0584126 1.4934142 0.8908139
v -11.8980598 12.0550098 5.5776653 0.529412 1.000000 0.000000
vn -5.1172533 1.5266378 0.6375453
v -11.9090214 12.0995893 5.4106159 0.537255 1.000000 0.000000
vn -4.9203763 1.3641779 1.3756771
v -11.8753557 11.9626713 5.7909980 0.509804 1.000000 0.000000
vn -5.1362872 1.5627508 0.4018998
v -11.9105816 12.1059380 5.3764625 0.537255 1.000000 0.000000
vn -1.2347288 4.8848200 1.5997026
v -11.9003801 11.8566055 5.9004917 0.501961 1.000000 0.000000
vn -1.5669103 5.1647277 0.1555534
v -12.1278505 11.9125366 5.1743431 0.529412 1.000000 0.000000
vn -1.5104866 5.1365056 0.6350849
v -12.1023092 11.9062557 5.4106159 0.521569 1.000000 0.000000
vn -1.4824064 5.0741830 0.8834363
v -12.0577536 11.8953009 5.5776205 0.509804 1.000000 0.000000
vn -1.4056087 5.0328665 1.1332176
v -12.0256538 11.8874083 5.6634889 0.509804 1.000000 0.000000
vn -1.5538754 5.1474819 0.3941712
v -12.1086712 11.9078207 5.3763881 0.521569 1.000000 0.000000
vn -1.3387611 4.9473162 1.3783077
v -11.9654188 11.8725967 5.7909832 0.509804 1.000000 0.000000
vn -5.2401633 1.2935226 0.1585754
v -12.5336628 11.4848003 5.1742687 0.494118 1.000000 0.000000
vn -4.9030457 0.9864352 1.6353319
v -12.4658937 11.2605352 5.9004917 0.447059 1.000000 0.000000
vn -1.2089286 1.0885220 1.0885961
v -12.4497232 11.2070255 -5.6500020 0.854902 1.000000 0.000000
vn -3.8875811 3.5140615 3.2915132
v -12.4497232 11.2070255 5.9777765 0.447059 1.000000 0.000000
vn -5.0734515 1.1497877 1.1627343
v -12.5032158 11.3840427 5.6634889 0.466667 1.000000 0.000000
vn -5.1302342 1.2370199 0.8654670
v -12.5127907 11.4157305 5.5774941 0.474510 1.000000 0.000000
vn -5.1922464 1.2479945 0.6580691
v -12.5260534 11.4596167 5.4106159 0.486275 1.000000 0.000000
vn -4.9941263 1.1059072 1.3611678
v -12.4852934 11.3247356 5.7908340 0.458824 1.000000 0.000000
vn -5.2224712 1.2822247 0.3907009
v -12.5279531 11.4659061 5.3762913 0.486275 1.000000 0.000000
vn -1.5045003 4.7880626 1.6062818
v -12.5046225 11.2175121 5.9004917 0.447059 1.000000 0.000000
vn -1.8446538 5.0638146 0.1494740
v -12.7347107 11.2614622 5.1741567 0.474510 1.000000 0.000000
vn -1.7934440 5.0299382 0.6375090
v -12.7088728 11.2565260 5.4106236 0.458824 1.000000 0.000000
vn -1.7553276 4.9747005 0.8887746
v -12.6638660 11.2479305 5.5774345 0.454902 1.000000 0.000000
vn -1.6836705 4.9292893 1.1378578
v -12.6313362 11.2417164 5.6634889 0.447059 1.000000 0.000000
vn -1.8299177 5.0468187 0.4014586
v -12.7153397 11.2577620 5.3762016 0.458824 1.000000 0.000000
vn -1.6060371 4.8521848 1.3851829
v -12.5704985 11.2300949 5.7908115 0.447059 1.000000 0.000000
vn -1.2642426 1.0237641 1.0885999
v -13.0193367 10.5400953 -5.6500020 0.784314 1.000000 0.000000
vn -4.0032640 3.4477825 3.2257843
v -13.0193367 10.5400953 5.9776125 0.384314 1.000000 0.000000
vn -5.0475183 0.8238222 1.3833444
v -13.0610075 10.6557512 5.7906551 0.400000 1.000000 0.000000
vn -5.1326051 0.8915607 1.1378564
v -13.0819759 10.7139511 5.6634889 0.403922 1.000000 0.000000
vn -5.1887312 0.9553784 0.8887983
v -13.0932178 10.7451515 5.5773153 0.411765 1.000000 0.000000
vn -5.2489109 0.9835210 0.6371967
v -13.1087379 10.7882261 5.4106236 0.419608 1.000000 0.000000
vn -5.2714801 1.0173399 0.4012797
v -13.1109753 10.7944374 5.3761048 0.427451 1.000000 0.000000
vn -5.2906723 1.0293705 0.1494314
v -13.1176558 10.8129787 5.1740899 0.439216 1.000000 0.000000
vn -1.7541984 4.7010703 1.6065133
v -13.0745821 10.5476761 5.9004917 0.384314 1.000000 0.000000
vn -2.1071229 4.9603472 0.1490851
v -13.3066587 10.5795250 5.1739559 0.411765 1.000000 0.000000
vn -2.0538323 4.9291000 0.6370971
v -13.2805939 10.5759478 5.4106236 0.400000 1.000000 0.000000
vn -2.0140104 4.8761597 0.8887637
v -13.2352648 10.5697269 5.5772409 0.392157 1.000000 0.000000
vn -1.9394584 4.8344374 1.1376601
v -13.2023888 10.5652161 5.6634889 0.392157 1.000000 0.000000
vn -2.0916409 4.9441204 0.4011186
v -13.2871504 10.5768471 5.3760080 0.403922 1.000000 0.000000
vn -1.8581407 4.7602811 1.3858894
v -13.1411209 10.5568075 5.7906404 0.384314 1.000000 0.000000
vn -5.3373022 0.7508405 0.1491028
v -13.6656809 10.1115122 5.1739035 0.376471 1.000000 0.000000
vn -4.9954209 0.4771411 1.6063423
v -13.5748377 9.8955526 5.9004917 0.329412 1.000000 0.000000
vn -1.3160900 0.9561964 1.0886002
v -13.5532646 9.8442669 -5.6500020 0.709804 1.000000 0.000000
vn -4.2212067 3.1148567 3.2898388
v -13.5532646 9.8442669 5.9774413 0.321569 1.000000 0.000000
vn -5.1722903 0.6217004 1.1376213
v -13.6248655 10.0144835 5.6634889 0.349020 1.000000 0.000000
vn -5.2315288 0.6822370 0.8884932
v -13.6377506 10.0451136 5.5771289 0.349020 1.000000 0.000000
vn -5.2933784 0.7077664 0.6371433
v -13.6554775 10.0872574 5.4106236 0.364706 1.000000 0.000000
vn -5.0795164 0.5622111 1.3856903
v -13.6009188 9.9575539 5.7904763 0.337255 1.000000 0.000000
vn -5.3174877 0.7401270 0.4010158
v -13.6580505 10.0933733 5.3759184 0.364706 1.000000 0.000000
vn -1.9783416 4.6431642 1.5962775
v -13.6086979 9.8489351 5.9004917 0.329412 1.000000 0.000000
vn -2.3523545 4.8600483 0.1598284
v -13.8421259 9.8685942 5.1737547 0.349020 1.000000 0.000000
vn -2.2877145 4.8490906 0.6328923
v -13.8159056 9.8663855 5.4106236 0.337255 1.000000 0.000000
vn -2.2618012 4.7762361 0.8784724
v -13.7703819 9.8625526 5.5770469 0.329412 1.000000 0.000000
vn -2.1691127 4.7630382 1.1303478
v -13.7372465 9.8597612 5.6634889 0.329412 1.000000 0.000000
vn -2.3400052 4.8428187 0.3864685
v -13.8225365 9.8669443 5.3758068 0.337255 1.000000 0.000000
vn -2.0979524 4.6777353 1.3746469
v -13.6757231 9.8545799 5.7904539 0.329412 1.000000 0.000000
vn -5.3727465 0.4656654 0.1547860
v -14.1762333 9.3823242 5.1737022 0.309804 1.000000 0.000000
vn -4.9970927 0.2141381 1.6289017
v -14.0742111 9.1714106 5.9004917 0.266667 1.000000 0.000000
vn -1.3643248 0.8860064 1.0885971
v -14.0500431 9.1214485 -5.6500020 0.639216 1.000000 0.000000
vn -4.3741307 2.8668530 3.3057885
v -14.0500431 9.1214485 5.9772625 0.266667 1.000000 0.000000
vn -5.1884265 0.3499495 1.1565051
v -14.1303949 9.2875605 5.6634889 0.286275 1.000000 0.000000
vn -5.2593913 0.4166839 0.8726058
v -14.1448946 9.3175354 5.5769277 0.294118 1.000000 0.000000
vn -5.3190536 0.4294870 0.6524065
v -14.1647739 9.3586321 5.4106236 0.301961 1.000000 0.000000
vn -5.1042347 0.3072925 1.3679116
v -14.1035461 9.2320557 5.7902899 0.274510 1.000000 0.000000
vn -5.3531590 0.4564572 0.3937758
v -14.1676788 9.3646374 5.3757248 0.301961 1.000000 0.000000
vn -2.2303770 4.5058136 1.6028142
v -14.1055059 9.1232052 5.9004917 0.266667 1.000000 0.000000
vn -2.6143842 4.7131591 0.1522132
v -14.3396473 9.1306200 5.1735458 0.286275 1.000000 0.000000
vn -2.5546818 4.6934934 0.6360514
v -14.3133430 9.1297874 5.4106236 0.274510 1.000000 0.000000
vn -2.5109191 4.6434765 0.8857245
v -14.2677526 9.1283436 5.5768385 0.274510 1.000000 0.000000
vn -2.4299078 4.6143675 1.1356111
v -14.2344446 9.1272888 5.6634889 0.266667 1.000000 0.000000
vn -2.5973372 4.6988764 0.3964767
v -14.3200312 9.1299992 5.3755984 0.274510 1.000000 0.000000
vn -2.3431482 4.5490522 1.3811539
v -14.1728392 9.1253376 5.7902679 0.266667 1.000000 0.000000
vn -5.3783388 0.1987354 0.1814929
v -14.6479168 8.6274147 5.1735010 0.247059 1.000000 0.000000
vn -4.9942398 -0.0639340 1.6520975
v -14.5349922 8.4221249 5.9004917 0.203922 1.000000 0.000000
vn -1.4088246 0.8133863 1.0885956
v -14.5083122 8.3736219 -5.6500020 0.564706 1.000000 0.000000
vn -4.5450034 2.6737885 3.2458425
v -14.5083122 8.3736219 5.9770761 0.203922 1.000000 0.000000
vn -5.2003136 0.0586826 1.1794426
v -14.5971785 8.5351753 5.6634889 0.219608 1.000000 0.000000
vn -5.2291975 0.2257669 0.8366258
v -14.6132603 8.5644121 5.5767341 0.231373 1.000000 0.000000
vn -5.3418341 0.1290053 0.6728811
v -14.6352301 8.6043510 5.4106236 0.239216 1.000000 0.000000
vn -5.0881300 0.0988404 1.3424532
v -14.5675135 8.4812450 5.7900891 0.211765 1.000000 0.000000
vn -5.3557110 0.2039093 0.3643985
v -14.6384621 8.6102276 5.3755236 0.239216 1.000000 0.000000
vn -1.4494643 0.7385371 1.0885956
v -14.9268141 7.6028361 -5.6500020 0.494118 1.000000 0.000000
vn -4.6898165 2.4111633 3.2545047
v -14.9268141 7.6028361 5.9768825 0.137255 1.000000 0.000000
vn -2.6767097 4.2888570 1.5929070
v -14.9818668 7.5988069 5.9004917 0.137255 1.000000 0.000000
vn -3.3483753 3.4153442 0.2437359
v -15.2155075 7.5817065 5.1731138 0.156863 1.000000 0.000000
vn -3.0124149 4.4441319 0.6311747
v -15.1892529 7.5836282 5.4106236 0.149020 1.000000 0.000000
vn -3.0868573 4.1213150 0.8498963
v -15.1439085 7.5869465 5.5764136 0.149020 1.000000 0.000000
vn -2.8828480 4.3777952 1.1277353
v -15.1105251 7.5893898 5.6634889 0.137255 1.000000 0.000000
vn -3.2236314 4.0246649 0.3215208
v -15.1960020 7.5831342 5.3751659 0.149020 1.000000 0.000000
vn -2.8416686 4.2137690 1.3680556
v -15.0492725 7.5938735 5.7898726 0.137255 1.000000 0.000000
vn -5.3892341 -0.0934554 0.1480735
v -15.0794353 7.8488531 5.1732926 0.184314 1.000000 0.000000
vn -5.0088110 -0.3101496 1.6057045
v -14.9559193 7.6497502 5.9004917 0.137255 1.000000 0.000000
vn -5.2060757 -0.1950276 1.1369824
v -15.0239363 7.7593918 5.6634889 0.156863 1.000000 0.000000
vn -5.2742138 -0.1442205 0.8879495
v -15.0415640 7.7878070 5.5765257 0.164706 1.000000 0.000000
vn -5.3389812 -0.1291457 0.6364295
v -15.0655565 7.8264818 5.4106236 0.176471 1.000000 0.000000
vn -5.1053061 -0.2391300 1.3850912
v -14.9915476 7.7071824 5.7898879 0.149020 1.000000 0.000000
vn -5.3678331 -0.1006091 0.4000884
v -15.0691109 7.8322115 5.3753152 0.176471 1.000000 0.000000
vn -2.4682541 4.3689055 1.6058869
v -14.5636482 8.3724766 5.9004917 0.203922 1.000000 0.000000
vn -2.8571570 4.5698700 0.1481108
v -14.7978592 8.3676281 5.1733298 0.219608 1.000000 0.000000
vn -2.7999349 4.5471826 0.6365448
v -14.7715445 8.3681726 5.4106236 0.211765 1.000000 0.000000
vn -2.7520432 4.5010877 0.8880886
v -14.7260132 8.3691149 5.5766296 0.211765 1.000000 0.000000
vn -2.6721685 4.4716125 1.1370724
v -14.6926231 8.3698063 5.6634889 0.203922 1.000000 0.000000
vn -2.8395197 4.5558286 0.4001873
v -14.7782717 8.3680334 5.3753896 0.211765 1.000000 0.000000
vn -2.5803325 4.4110909 1.3853137
v -14.6311073 8.3710794 5.7900739 0.203922 1.000000 0.000000
vn -5.3738909 -0.3698964 0.1523539
v -15.4696074 7.0487757 5.1730838 0.121569 1.000000 0.000000
vn -4.9676805 -0.5627241 1.6254435
v -15.3358374 6.8564062 5.9004917 0.082353 1.000000 0.000000
vn -1.4861335 0.6616685 1.0885986
v -15.3044043 6.8112040 -5.6500020 0.427451 1.000000 0.000000
vn -4.7632484 2.1645162 3.3040185
v -15.3044043 6.8112040 5.9766889 0.074510 1.000000 0.000000
vn -5.1762462 -0.4570897 1.1532634
v -15.4094992 6.9623375 5.6634889 0.094118 1.000000 0.000000
vn -5.2553668 -0.4056583 0.8769549
v -15.4286318 6.9898505 5.5763168 0.101961 1.000000 0.000000
vn -5.3163257 -0.3978467 0.6491019
v -15.4545746 7.0271583 5.4106236 0.109804 1.000000 0.000000
vn -5.0849609 -0.4911394 1.3726348
v -15.3744869 6.9119878 5.7896867 0.086275 1.000000 0.000000
vn -5.3530598 -0.3757896 0.3951905
v -15.4584446 7.0327244 5.3751063 0.109804 1.000000 0.000000
vn -1.5187386 0.5830690 1.0885977
v -15.6400442 6.0008950 -5.6500020 0.356863 1.000000 0.000000
vn -3.5209079 4.0484896 0.3878299
v -15.9054737 5.9532032 5.3747115 0.019608 1.000000 0.000000
vn -3.4769578 4.0532160 0.6357703
v -15.8987341 5.9544144 5.4106236 0.019608 1.000000 0.000000
vn -3.4224000 4.0152183 0.8873088
v -15.8541393 5.9624271 5.5759592 0.019608 1.000000 0.000000
vn -3.3390756 3.9985750 1.1364050
v -15.8210411 5.9683743 5.6634889 0.011765 1.000000 0.000000
vn -3.2388468 3.9532163 1.3846371
v -15.7608185 5.9791946 5.7894483 0.011765 1.000000 0.000000
vn -3.1217782 3.9297149 1.6048055
v -15.6940727 5.9911876 5.9004841 0.011765 1.000000 0.000000
vn -4.8957496 1.8930560 3.2800350
v -15.6400442 6.0008950 5.9764876 0.011765 1.000000 0.000000
vn -5.3562984 -0.6728252 0.1584068
v -15.8173628 6.2293758 5.1728678 0.058824 1.000000 0.000000
vn -4.9301815 -0.8377834 1.6371804
v -15.6737061 6.0442677 5.9004841 0.019608 1.000000 0.000000
vn -5.1485319 -0.7469025 1.1646392
v -15.7528114 6.1461992 5.6634889 0.031373 1.000000 0.000000
vn -5.2317376 -0.6779160 0.8595805
v -15.7734022 6.1727314 5.5761008 0.039216 1.000000 0.000000
vn -5.2954731 -0.6980412 0.6597662
v -15.8012171 6.2085714 5.4106236 0.047059 1.000000 0.000000
vn -5.0588088 -0.7515770 1.3562896
v -15.7152824 6.0978427 5.7894707 0.027451 1.000000 0.000000
vn -5.3355241 -0.6739244 0.3856596
v -15.8053970 6.2139578 5.3748903 0.047059 1.000000 0.000000
vn -2.9051294 4.1141124 1.5992562
v -15.3590193 6.8043175 5.9004841 0.074510 1.000000 0.000000
vn -3.3146634 4.2580376 0.1520404
v -15.5914478 6.7750125 5.1728902 0.094118 1.000000 0.000000
vn -3.2526011 4.2496209 0.6338588
v -15.5653267 6.7783065 5.4106236 0.086275 1.000000 0.000000
vn -3.2034822 4.2036490 0.8827863
v -15.5202942 6.7839842 5.5761900 0.082353 1.000000 0.000000
vn -3.1179600 4.1906481 1.1325719
v -15.4870090 6.7881808 5.6634889 0.082353 1.000000 0.000000
vn -3.2966805 4.2455482 0.3931793
v -15.5720806 6.7774549 5.3749428 0.086275 1.000000 0.000000
vn -3.0237999 4.1366043 1.3778100
v -15.4261866 6.7958493 5.7896643 0.074510 1.000000 0.000000
vn -4.8416204 1.9857700 3.2612813
v -15.9328175 5.1741304 5.9762788 0.000000 1.000000 0.047059
vn -4.7821522 -1.1224948 1.7924032
v -15.9365139 5.1784096 5.9689031 0.000000 0.992157 0.047059
vn -1.5471119 0.5026598 1.0885950
v -15.9328175 5.1741304 -5.6500020 0.286275 1.000000 0.000000
vn -4.9032907 -1.0911720 1.5995874
v -15.9685984 5.2155623 5.9004841 0.000000 1.000000 0.039216
vn -5.0053005 -1.0347502 1.3844272
v -16.0130005 5.2669773 5.7892547 0.000000 1.000000 0.031373
vn -5.1117716 -1.0069841 1.1363084
v -16.0529289 5.3132138 5.6634889 0.000000 0.992157 0.027451
vn -5.1867614 -0.9676187 0.8872763
v -16.0749321 5.3386889 5.5758848 0.000000 1.000000 0.019608
vn -5.2532630 -0.9627167 0.6357942
v -16.1045341 5.3729677 5.4106236 0.000000 1.000000 0.011765
vn -5.2840953 -0.9316384 0.3878706
v -16.1090164 5.3781567 5.3746743 0.000000 1.000000 0.011765
vn -1.5712719 0.4212151 1.0885971
v -16.1819191 4.3331761 -5.6500020 0.219608 1.000000 0.000000
vn -3.9204745 3.6821880 0.3822911
v -16.4406815 4.2580671 5.3742495 0.000000 1.000000 0.101961
vn -3.8746691 3.7026844 0.6316866
v -16.4340248 4.2599993 5.4106236 0.000000 1.000000 0.101961
vn -3.8223987 3.6533990 0.8788757
v -16.3906651 4.2725854 5.5754972 0.000000 1.000000 0.109804
vn -3.7332797 3.6649687 1.1294844
v -16.3582172 4.2820039 5.6634889 0.000000 1.000000 0.109804
vn -3.6346316 3.6174579 1.3742565
v -16.2996845 4.2989931 5.7890162 0.000000 1.000000 0.109804
vn -3.5121059 3.6218624 1.5956876
v -16.2343292 4.3179641 5.9004841 0.000000 0.992157 0.109804
vn -5.0539289 1.3908374 3.2947619
v -16.1819191 4.3331761 5.9760704 0.000000 0.992157 0.109804
vn -4.8355432 -1.3446220 1.6048162
v -16.2197075 4.3725629 5.9004841 0.000000 1.000000 0.101961
vn -4.9443436 -1.2952765 1.3842298
v -16.2668247 4.4216709 5.7890382 0.000000 1.000000 0.101961
vn -5.0521197 -1.2731264 1.1360340
v -16.3090363 4.4656672 5.6634889 0.000000 1.000000 0.094118
vn -5.1291933 -1.2376525 0.8870015
v -16.3323917 4.4900093 5.5756688 0.000000 1.000000 0.086275
vn -5.1957536 -1.2362915 0.6355141
v -16.3636951 4.5226383 5.4106236 0.000000 1.000000 0.082353
vn -5.2283454 -1.2067342 0.3875967
v -16.3684692 4.5276141 5.3744507 0.000000 1.000000 0.074510
vn -3.7280855 3.8586526 0.3875647
v -16.1952724 5.1126394 5.3744807 0.000000 1.000000 0.039216
vn -3.6843691 3.8656850 0.6355059
v -16.1885662 5.1142111 5.4106236 0.000000 1.000000 0.039216
vn -3.6279168 3.8305914 0.8870837
v -16.1445274 5.1245289 5.5757356 0.000000 1.000000 0.039216
vn -3.5438604 3.8183742 1.1361697
v -16.1117096 5.1322179 5.6634889 0.000000 1.000000 0.039216
vn -3.4414020 3.7783139 1.3844109
v -16.0522518 5.1461482 5.7892323 0.000000 1.000000 0.047059
vn -3.3231969 3.7604198 1.6049881
v -15.9861088 5.1616449 5.9004841 0.000000 1.000000 0.047059
vn -5.1169000 1.1054262 3.2989497
v -16.3866673 3.4803379 5.9758544 0.000000 1.000000 0.176471
vn -4.7421784 -1.5927308 1.6292093
v -16.4263477 3.5175807 5.9004841 0.000000 1.000000 0.164706
vn -1.5911317 0.3383073 1.0885953
v -16.3866673 3.4803379 -5.6500020 0.149020 1.000000 0.000000
vn -4.8771973 -1.5419196 1.3640021
v -16.4760571 3.5642395 5.7888150 0.000000 1.000000 0.164706
vn -4.9697561 -1.5351967 1.1567059
v -16.5204239 3.6058822 5.6634889 0.000000 1.000000 0.156863
vn -5.0606184 -1.4959772 0.8686194
v -16.5450840 3.6290271 5.5754228 0.000000 1.000000 0.156863
vn -5.1204052 -1.5082853 0.6524415
v -16.5779934 3.6599152 5.4106236 0.000000 1.000000 0.149020
vn -5.1613560 -1.4857025 0.3782786
v -16.5830517 3.6646638 5.3742123 0.000000 1.000000 0.137255
vn -4.1109672 3.4475815 0.3864680
v -16.6410294 3.3918293 5.3740110 0.000000 1.000000 0.164706
vn -4.0680728 3.4616213 0.6348715
v -16.6344433 3.3941207 5.4106236 0.000000 1.000000 0.164706
vn -4.0090756 3.4312422 0.8846689
v -16.5918789 3.4089322 5.5752664 0.000000 0.992157 0.176471
vn -3.9232259 3.4325786 1.1348157
v -16.5598907 3.4200625 5.6634960 0.000000 1.000000 0.176471
vn -3.8186221 3.4034965 1.3804913
v -16.5024452 3.4400516 5.7887850 0.000000 1.000000 0.176471
vn -3.6980324 3.4031930 1.6021986
v -16.4380531 3.4624572 5.9004841 0.000000 1.000000 0.176471
vn -5.2078900 0.9044313 3.2261701
v -16.5465012 2.6179523 5.9756384 0.000000 1.000000 0.239216
vn -4.6359382 -1.8512092 1.6580335
v -16.5879478 2.6529608 5.9004841 0.000000 1.000000 0.239216
vn -1.6067435 0.2545498 1.0885960
v -16.5465012 2.6179523 -5.6500020 0.082353 1.000000 0.000000
vn -4.7717876 -1.6633117 1.3357291
v -16.6401291 2.6970341 5.7885838 0.000000 1.000000 0.231373
vn -4.8737669 -1.8115480 1.1851971
v -16.6865196 2.7362177 5.6634960 0.000000 1.000000 0.227451
vn -4.9167533 -1.4875180 0.8240800
v -16.7124252 2.7580988 5.5751619 0.000000 1.000000 0.219608
vn -5.0327950 -1.7972196 0.6778796
v -16.7468357 2.7871642 5.4106236 0.000000 1.000000 0.211765
vn -4.9987898 -1.4319319 0.3049147
v -16.7521725 2.7916713 5.3739443 0.000000 1.000000 0.211765
vn -4.2857652 3.2279656 0.3868597
v -16.7957668 2.5162997 5.3737726 0.000000 1.000000 0.231373
vn -4.2438936 3.2417796 0.6347841
v -16.7892723 2.5189483 5.4106236 0.000000 1.000000 0.239216
vn -4.1827183 3.2159307 0.8862768
v -16.7476158 2.5359364 5.5750279 0.000000 1.000000 0.239216
vn -4.0978427 3.2169592 1.1354364
v -16.7161789 2.5487566 5.6634960 0.000000 1.000000 0.239216
vn -3.9904501 3.1934984 1.3836931
v -16.6599731 2.5716777 5.7885613 0.000000 1.000000 0.239216
vn -3.8709242 3.1942713 1.6043247
v -16.5967293 2.5974693 5.9004841 0.000000 0.992157 0.239216
vn -5.2323294 0.5862120 3.2655010
v -16.6609821 1.7483839 5.9754219 0.000000 1.000000 0.309804
vn -4.5660000 -2.0844581 1.6041594
v -16.7040730 1.7810744 5.9004841 0.000000 0.992157 0.301961
vn -1.6178457 0.1699742 1.0885971
v -16.6609821 1.7483839 -5.6500020 0.019608 1.000000 0.000000
vn -4.6812458 -2.0527613 1.3835068
v -16.7585869 1.8224319 5.7883606 0.000000 1.000000 0.294118
vn -4.7910247 -2.0476952 1.1352670
v -16.8068657 1.8590585 5.6634960 0.000000 1.000000 0.294118
vn -4.8727608 -2.0247428 0.8861214
v -16.8339520 1.8796080 5.5749011 0.000000 1.000000 0.286275
vn -4.9385233 -2.0339432 0.6347893
v -16.8697643 1.9067785 5.4106236 0.000000 1.000000 0.282353
vn -4.9748592 -2.0099876 0.3868576
v -16.8753681 1.9110280 5.3736835 0.000000 1.000000 0.274510
vn -4.4533715 2.9760280 0.3610662
v -16.9044743 1.6338778 5.3735342 0.000000 1.000000 0.301961
vn -4.4056492 3.0652616 0.6294743
v -16.8980885 1.6368806 5.4106307 0.000000 1.000000 0.301961
vn -4.3539467 2.9418819 0.8664156
v -16.8574524 1.6559908 5.5747895 0.000000 1.000000 0.309804
vn -4.2608657 3.0493999 1.1265391
v -16.8266563 1.6704735 5.6634960 0.000000 1.000000 0.309804
vn -4.1599016 2.9737058 1.3697934
v -16.7718391 1.6962516 5.7883382 0.000000 1.000000 0.309804
vn -4.0366297 3.0406854 1.5921752
v -16.7099190 1.7253710 5.9004841 0.000000 1.000000 0.309804
vn -5.2239776 0.3080153 3.3022072
v -16.7297955 0.8740156 5.9752059 0.000000 1.000000 0.376471
vn -4.4367094 -2.3079722 1.6248296
v -16.7743988 0.9043120 5.9004841 0.000000 1.000000 0.364706
vn -1.6244953 0.0852410 1.0885946
v -16.7297955 0.8740156 -5.6500020 0.000000 0.992157 0.039216
vn -4.5729780 -2.2826529 1.3691819
v -16.8311081 0.9428303 5.7881293 0.000000 1.000000 0.364706
vn -4.6692629 -2.2846270 1.1524301
v -16.8811321 0.9768094 5.6634960 0.000000 1.000000 0.356863
vn -4.7624474 -2.2642572 0.8734339
v -16.9093304 0.9959635 5.5746403 0.000000 1.000000 0.349020
vn -4.8212948 -2.2800839 0.6483769
v -16.9464436 1.0211722 5.4106307 0.000000 1.000000 0.349020
vn -4.8635397 -2.2644081 0.3804495
v -16.9522991 1.0251486 5.3734226 0.000000 1.000000 0.337255
vn -4.5998535 2.7751689 0.3844392
v -16.9668522 0.7469822 5.3732886 0.000000 1.000000 0.364706
vn -4.5598416 2.7969975 0.6326036
v -16.9605942 0.7503351 5.4106307 0.000000 1.000000 0.364706
vn -4.4974852 2.7733016 0.8817580
v -16.9210854 0.7715071 5.5745511 0.000000 1.000000 0.364706
vn -4.4130449 2.7903373 1.1316409
v -16.8910179 0.7876205 5.6634960 0.000000 1.000000 0.376471
vn -4.3058195 2.7751508 1.3770540
v -16.8377361 0.8161728 5.7881069 0.000000 1.000000 0.376471
vn -4.1867981 2.7955215 1.5986603
v -16.7773151 0.8485523 5.9004841 0.000000 1.000000 0.376471
vn -5.2589211 0.0175910 3.2664783
v -16.7527561 -0.0027560 5.9749827 0.000000 1.000000 0.439216
vn -4.3008614 -2.5497019 1.6399207
v -16.7987404 0.0250775 5.9004841 0.000000 1.000000 0.439216
vn -1.6268167 0.0000397 1.0885974
v -16.7527561 -0.0027560 -5.6500020 0.000000 1.000000 0.109804
vn -4.4554987 -2.5047181 1.3503453
v -16.8574944 0.0606405 5.7878985 0.000000 0.992157 0.431373
vn -4.5379205 -2.5440168 1.1672106
v -16.9091206 0.0918897 5.6634960 0.000000 1.000000 0.427451
vn -4.6426668 -2.4954484 0.8518600
v -16.9383602 0.1095879 5.5743799 0.000000 1.000000 0.419608
vn -4.6931858 -2.5518944 0.6619153
v -16.9766655 0.1327735 5.4106307 0.000000 1.000000 0.411765
vn -4.7412224 -2.5273354 0.3666273
v -16.9827576 0.1364620 5.3731618 0.000000 1.000000 0.411765
vn -4.7379427 2.5178480 0.3860440
v -16.9827309 -0.1419564 5.3730502 0.000000 1.000000 0.431373
vn -4.6988616 2.5379605 0.6340309
v -16.9766216 -0.1382589 5.4106307 0.000000 1.000000 0.439216
vn -4.6345859 2.5220106 0.8855032
v -16.9383430 -0.1150904 5.5743127 0.000000 1.000000 0.439216
vn -4.5509591 2.5362780 1.1346364
v -16.9090900 -0.0973831 5.6634960 0.000000 1.000000 0.439216
vn -4.4412127 2.5299001 1.3829727
v -16.8574848 -0.0661467 5.7878761 0.000000 1.000000 0.439216
vn -4.3234029 2.5493817 1.6036316
v -16.7987309 -0.0305842 5.9004841 0.000000 0.992157 0.439216
vn -5.2642436 -0.4609995 3.2215099
v -16.7297955 -0.8795274 5.9747663 0.000000 1.000000 0.509804
vn -4.1841526 -2.7730899 1.6034245
v -16.7770252 -0.8542181 5.9004841 0.000000 1.000000 0.501961
vn -1.6246123 -0.0850247 1.0885949
v -16.7297955 -0.8795274 -5.6500020 0.000000 1.000000 0.164706
vn -4.3028431 -2.7598469 1.3827573
v -16.8376713 -0.8217193 5.7876673 0.000000 1.000000 0.494118
vn -4.4119949 -2.7719669 1.1345065
v -16.8907528 -0.7932745 5.6634960 0.000000 0.992157 0.494118
vn -4.4962845 -2.7620749 0.8852929
v -16.9209557 -0.7770889 5.5741262 0.000000 1.000000 0.486275
vn -4.5597000 -2.7814503 0.6339374
v -16.9603424 -0.7559816 5.4106307 0.000000 1.000000 0.482353
vn -4.5994062 -2.7634466 0.3859707
v -16.9666634 -0.7525956 5.3729010 0.000000 1.000000 0.474510
vn -4.8629699 2.2665422 0.3858988
v -16.9520664 -1.0305022 5.3728189 0.000000 1.000000 0.501961
vn -4.8253984 2.2885871 0.6338375
v -16.9461231 -1.0264666 5.4106307 0.000000 1.000000 0.501961
vn -4.7602515 2.2760167 0.8852354
v -16.9091797 -1.0013720 5.5740743 0.000000 1.000000 0.509804
vn -4.6775646 2.2946239 1.1343936
v -16.8808250 -0.9821123 5.6634960 0.000000 1.000000 0.509804
vn -4.5692272 2.2983966 1.3802930
v -16.8310299 -0.9482887 5.7876453 0.000000 1.000000 0.509804
vn -5.2196960 -0.4957884 3.2902741
v -16.6609821 -1.7538958 5.9745502 0.000000 1.000000 0.576471
vn -4.0228915 -2.9654515 1.6224772
v -16.7093201 -1.7311643 5.9004841 0.000000 1.000000 0.564706
vn -1.6177760 -0.1700571 1.0885959
v -16.6609821 -1.7538958 -5.6500020 0.000000 1.000000 0.231373
vn -4.1529894 -2.9822755 1.3817315
v -16.7716961 -1.7018305 5.7874365 0.000000 1.000000 0.564706
vn -4.2609529 -2.9990966 1.1342901
v -16.8260803 -1.6762562 5.6634960 0.000000 1.000000 0.556863
vn -4.3455834 -2.9935968 0.8850506
v -16.8571701 -1.6616360 5.5738730 0.000000 1.000000 0.556863
vn -4.4079518 -3.0162494 0.6336198
v -16.8975277 -1.6426564 5.4106307 0.000000 1.000000 0.549020
vn -4.4487715 -3.0002604 0.3856654
v -16.9040565 -1.6395866 5.3726478 0.000000 1.000000 0.537255
vn -4.9795032 2.0310407 0.3816659
v -16.8749447 -1.9162199 5.3725805 0.000000 1.000000 0.564706
vn -4.9437618 2.0634410 0.6303467
v -16.8691902 -1.9118541 5.4106307 0.000000 1.000000 0.564706
vn -4.8780584 2.0419199 0.8783822
v -16.8336716 -1.8849087 5.5738435 0.000000 1.000000 0.564706
vn -4.7984686 2.0790777 1.1285186
v -16.8063011 -1.8641430 5.6634960 0.000000 1.000000 0.576471
vn -4.6898184 2.0744448 1.3735442
v -16.7584438 -1.8278354 5.7874141 0.000000 1.000000 0.576471
vn -4.5766163 2.1184216 1.5950174
v -16.7035294 -1.7861745 5.9004841 0.000000 1.000000 0.576471
vn -5.1791086 -0.8060953 3.2901340
v -16.5465012 -2.6234643 5.9743342 0.000000 1.000000 0.639216
vn -3.8558655 -3.1878002 1.6298470
v -16.5958080 -2.6033568 5.9004841 0.000000 1.000000 0.639216
vn -1.6067715 -0.2546284 1.0885980
v -16.5465012 -2.6234643 -5.6500020 0.000000 1.000000 0.301961
vn -4.0028601 -3.1863558 1.3596381
v -16.6597500 -2.5772805 5.7872128 0.000000 1.000000 0.631373
vn -4.0890303 -3.2163596 1.1572039
v -16.7152805 -2.5546346 5.6634960 0.000000 1.000000 0.627451
vn -4.1899333 -3.2092550 0.8637028
v -16.7471733 -2.5416288 5.5736198 0.000000 1.000000 0.619608
vn -4.2394290 -3.2459598 0.6527418
v -16.7883892 -2.5248201 5.4106307 0.000000 1.000000 0.611765
vn -4.2858171 -3.2388160 0.3744633
v -16.7951126 -2.5220792 5.3723869 0.000000 1.000000 0.611765
vn -5.0734243 1.7457542 0.3853377
v -16.7515793 -2.7966828 5.3723497 0.000000 1.000000 0.631373
vn -5.0383248 1.7716296 0.6332611
v -16.7460289 -2.7919958 5.4106307 0.000000 1.000000 0.639216
vn -4.9712534 1.7640190 0.8864446
v -16.7120323 -2.7632790 5.5736122 0.000000 1.000000 0.639216
vn -4.8947983 1.7965891 1.1285264
v -16.6857243 -2.7410586 5.6634960 0.000000 1.000000 0.639216
vn -4.7843614 1.8101386 1.3816780
v -16.6399269 -2.7023764 5.7871904 0.000000 1.000000 0.639216
vn -4.6715508 1.8477323 1.6014907
v -16.5871735 -2.6578181 5.9004841 0.000000 1.000000 0.639216
vn -1.5912466 -0.3381109 1.0885943
v -16.3866673 -3.4858499 -5.6500020 0.000000 1.000000 0.364706
vn -5.2082658 -0.9567581 3.2073154
v -16.3866673 -3.4858499 5.9741182 0.000000 1.000000 0.709804
vn -3.6770682 -3.3660064 1.6410317
v -16.4368038 -3.4684045 5.9004841 0.000000 1.000000 0.701961
vn -3.7877073 -3.0823855 1.5011704
v -16.5021400 -3.4456701 5.7869821 0.000000 1.000000 0.694118
vn -4.0011978 -3.4243798 0.9105570
v -16.5912724 -3.4146550 5.5733666 0.000000 1.000000 0.686275
vn -4.0685844 -3.4605148 0.6330576
v -16.6332321 -3.4000547 5.4106307 0.000000 1.000000 0.682353
vn -4.1110115 -3.4487956 0.3850739
v -16.6401291 -3.3976548 5.3721414 0.000000 1.000000 0.674510
vn -5.1580153 1.4777124 0.3850782
v -16.5823078 -3.6694777 5.3721261 0.000000 1.000000 0.701961
vn -5.1241174 1.5055149 0.6330264
v -16.5769825 -3.6644797 5.4106307 0.000000 1.000000 0.701961
vn -5.0579472 1.5032372 0.8845024
v -16.5445900 -3.6340759 5.5733886 0.000000 1.000000 0.709804
vn -4.9791327 1.5346130 1.1336783
v -16.5194263 -3.6104562 5.6634960 0.000000 1.000000 0.709804
vn -4.8706641 1.5511556 1.3819811
v -16.4758053 -3.5695150 5.7869596 0.000000 1.000000 0.709804
vn -4.7595339 1.5946617 1.6026373
v -16.4253654 -3.5221720 5.9004841 0.000000 1.000000 0.709804
vn -5.0903225 -1.3225737 3.2727182
v -16.1819191 -4.3386884 5.9739022 0.000000 1.000000 0.776471
vn -3.5167153 -3.5825028 1.6024899
v -16.2327423 -4.3239365 5.9004841 0.000000 1.000000 0.764706
vn -1.5714281 -0.4208737 1.0885957
v -16.1819191 -4.3386884 -5.6500020 0.000000 1.000000 0.427451
vn -3.6355329 -3.5942426 1.3817546
v -16.2992954 -4.3046179 5.7867584 0.000000 1.000000 0.764706
vn -3.7396522 -3.6287618 1.1334835
v -16.3566532 -4.2879696 5.6634960 0.000000 1.000000 0.756863
vn -3.8240471 -3.6366239 0.8842260
v -16.3898926 -4.2783213 5.5731206 0.000000 1.000000 0.756863
vn -3.8819609 -3.6686320 0.6327571
v -16.4324799 -4.2659602 5.4106307 0.000000 1.000000 0.749020
vn -3.9249792 -3.6592643 0.3847184
v -16.4395332 -4.2639127 5.3718877 0.000000 1.000000 0.737255
vn -5.2339668 1.2167882 0.3723255
v -16.3675976 -4.5322161 5.3718877 0.000000 1.000000 0.764706
vn -5.2103267 1.2782964 0.6281817
v -16.3625126 -4.5269160 5.4106307 0.000000 1.000000 0.764706
vn -5.1325536 1.2310674 0.8714722
v -16.3318100 -4.4949169 5.5731502 0.000000 1.000000 0.776471
vn -5.0697989 1.3155854 1.1254611
v -16.3078613 -4.4699540 5.6634960 0.000000 1.000000 0.776471
vn -4.9555240 1.3051928 1.3697603
v -16.2665291 -4.4268742 5.7867360 0.000000 1.000000 0.776471
vn -4.8574204 1.3879659 1.5914627
v -16.2185497 -4.3768682 5.9004841 0.000000 1.000000 0.776471
vn -4.9880915 -1.5906084 3.2985253
v -15.9328175 -5.1796422 5.9736934 0.000000 1.000000 0.839216
vn -3.3146098 -3.7467952 1.6243705
v -15.9841852 -5.1676073 5.9004769 0.000000 1.000000 0.839216
vn -1.5471509 -0.5026444 1.0885956
v -15.9328175 -5.1796422 -5.6500020 0.000000 1.000000 0.486275
vn -3.4526110 -3.7716825 1.3655221
v -16.0517769 -5.1517711 5.7865348 0.000000 1.000000 0.831373
vn -3.5398099 -3.8089392 1.1518945
v -16.1098099 -5.1381750 5.6634960 0.000000 1.000000 0.827451
vn -3.6352627 -3.8225904 0.8695906
v -16.1435909 -5.1302605 5.5728745 0.000000 1.000000 0.819608
vn -3.6832490 -3.8596826 0.6476358
v -16.1866817 -5.1201644 5.4106307 0.000000 1.000000 0.811765
vn -3.7286453 -3.8602238 0.3773261
v -16.1938763 -5.1184793 5.3716421 0.000000 1.000000 0.811765
vn -5.2876959 0.9382068 0.3830200
v -16.1080360 -5.3825345 5.3716269 0.000000 1.000000 0.831373
vn -5.2579374 0.9725676 0.6312578
v -16.1032066 -5.3769422 5.4106307 0.000000 1.000000 0.839216
vn -5.1915674 0.9739964 0.8807313
v -16.0742798 -5.3434463 5.5728970 0.000000 1.000000 0.839216
vn -5.1186619 1.0191934 1.1307199
v -16.0516109 -5.3171973 5.6634960 0.000000 1.000000 0.839216
vn -5.0134544 1.0445390 1.3762769
v -16.0126686 -5.2721047 5.7865129 0.000000 1.000000 0.839216
vn -4.9096088 1.1053965 1.5978799
v -15.9672947 -5.2195649 5.9004769 0.000000 1.000000 0.839216
vn -4.9297533 -1.8622104 3.2512798
v -15.6400442 -6.0064068 5.9734850 0.000000 1.000000 0.909804
vn -3.0990322 -3.9214277 1.6435380
v -15.6918163 -5.9971046 5.9004769 0.000000 1.000000 0.901961
vn -1.5186912 -0.5831371 1.0885973
v -15.6400442 -6.0064068 -5.6500020 0.000000 1.000000 0.549020
vn -3.2702980 -3.9189200 1.3436110
v -15.7602615 -5.9848070 5.7863188 0.000000 1.000000 0.894118
vn -3.3227844 -4.0022888 1.1708179
v -15.8188086 -5.9742870 5.6634960 0.000000 1.000000 0.894118
vn -3.4502959 -3.9698153 0.8418516
v -15.8530359 -5.9681373 5.5726361 0.000000 1.000000 0.886275
vn -3.4653664 -4.0664768 0.6650860
v -15.8965178 -5.9603243 5.4106307 0.000000 1.000000 0.882353
vn -3.5252306 -4.0467243 0.3568807
v -15.9038305 -5.9590106 5.3714037 0.000000 1.000000 0.874510
vn -5.3258410 0.6524949 0.3842775
v -15.8043356 -6.2181015 5.3713813 0.000000 1.000000 0.901961
vn -5.2966557 0.6854156 0.6322572
v -15.7997780 -6.2122288 5.4106307 0.000000 1.000000 0.901961
vn -5.2310514 0.6934518 0.8837060
v -15.7726946 -6.1773324 5.5726438 0.000000 1.000000 0.909804
vn -5.1582236 0.7366633 1.1329188
v -15.7513790 -6.1498656 5.6634960 0.000000 1.000000 0.909804
vn -5.0536757 0.7699932 1.3812780
v -15.7149229 -6.1028900 5.7862964 0.000000 1.000000 0.909804
vn -4.9507709 0.8303940 1.6019404
v -15.6722889 -6.0479541 5.9004769 0.000000 1.000000 0.909804
vn -4.8194914 -2.1713853 3.2354326
v -15.3044043 -6.8167152 5.9732838 0.000000 1.000000 0.972549
vn -2.9133446 -4.0887523 1.6017659
v -15.3564377 -6.8101554 5.9004769 0.000000 1.000000 0.972549
vn -1.4861931 -0.6616861 1.0885960
v -15.3044043 -6.8167152 -5.6500020 0.000000 1.000000 0.619608
vn -3.0288155 -4.1187582 1.3811046
v -15.4255466 -6.8014417 5.7861104 0.000000 1.000000 0.964706
vn -3.1262412 -4.1691866 1.1327283
v -15.4844484 -6.7940154 5.6634960 0.000000 1.000000 0.956863
vn -3.2083182 -4.1901007 0.8834504
v -15.5190315 -6.7896547 5.5724053 0.000000 1.000000 0.956863
vn -3.2604082 -4.2308302 0.6320176
v -15.5627832 -6.7841387 5.4106307 0.000000 1.000000 0.949020
vn -3.3042769 -4.2282000 0.3840082
v -15.5701952 -6.7832041 5.3711724 0.000000 1.000000 0.937255
vn -5.0221548 0.6217614 1.5880511
v -15.3343410 -6.8597665 5.9004769 0.000000 1.000000 0.972549
vn -5.3526316 0.3730017 0.3840212
v -15.4573259 -7.0366263 5.3711352 0.000000 1.000000 0.964706
vn -5.3253808 0.4072024 0.6319721
v -15.4530573 -7.0304885 5.4106307 0.000000 1.000000 0.964706
vn -5.2494755 0.4171725 0.9096072
v -15.4278860 -6.9942904 5.5724053 0.000000 1.000000 0.972549
vn -5.0515676 0.4369032 1.3816350
v -15.3741083 -6.9169540 5.7860880 0.000000 1.000000 0.972549
vn -4.6914301 -2.3375702 3.2918687
v -14.9268141 -7.6083479 5.9730825 0.000000 0.964706 1.000000
vn -2.6924162 -4.2128239 1.6215364
v -14.9789686 -7.6045308 5.9004769 0.000000 0.964706 1.000000
vn -1.4494981 -0.7385563 1.0885956
v -14.9268141 -7.6083479 -5.6500020 0.000000 1.000000 0.682353
vn -2.8208060 -4.2584147 1.3698372
v -15.0485525 -7.5994382 5.7859015 0.000000 0.964706 1.000000
vn -2.9060822 -4.3072162 1.1475896
v -15.1076488 -7.5951123 5.6634960 0.000000 0.972549 1.000000
vn -2.9850669 -4.3499660 0.8850478
v -15.1424894 -7.5925627 5.5721817 0.000000 0.976471 1.000000
vn -3.0345664 -4.3956757 0.6317352
v -15.1863928 -7.5893497 5.4106307 0.000000 0.984314 1.000000
vn -3.0786891 -4.3953457 0.3837363
v -15.1938829 -7.5888009 5.3709416 0.000000 0.984314 1.000000
vn -5.3753724 0.1090707 0.3807126
v -15.0679588 -7.8358669 5.3708968 0.000000 0.972549 1.000000
vn -5.3528490 0.1504886 0.6290323
v -15.0639963 -7.8294787 5.4106307 0.000000 0.972549 1.000000
vn -5.2853899 0.1571433 0.8775935
v -15.0407963 -7.7920818 5.5721669 0.000000 0.964706 1.000000
vn -5.2229271 0.2172882 1.1275849
v -15.0223818 -7.7623982 5.6634960 0.000000 0.964706 1.000000
vn -5.1211805 0.2544023 1.3728857
v -14.9911566 -7.7120647 5.7858791 0.000000 0.964706 1.000000
vn -5.0301104 0.3338773 1.5943899
v -14.9543772 -7.6527772 5.9004769 0.000000 0.964706 1.000000
vn -4.5519915 -2.6139541 3.2797382
v -14.5083122 -8.3791342 5.9728889 0.000000 0.909804 1.000000
vn -2.4560647 -4.3585515 1.6311544
v -14.5604458 -8.3780546 5.9004769 0.000000 0.909804 1.000000
vn -1.4087803 -0.8133898 1.0885968
v -14.5083122 -8.3791342 -5.6500020 0.000000 1.000000 0.737255
vn -2.5984411 -4.4074802 1.3549664
v -14.6303120 -8.3766088 5.7856932 0.000000 0.909804 0.992157
vn -2.6634605 -4.4695559 1.1583645
v -14.6894426 -8.3753843 5.6634960 0.000000 0.909804 1.000000
vn -2.7644000 -4.4954872 0.8583188
v -14.7244434 -8.3746595 5.5719581 0.000000 0.921569 0.992157
vn -2.7931828 -4.5517797 0.6536211
v -14.7683811 -8.3737497 5.4106383 0.000000 0.929412 1.000000
vn -2.8406465 -4.5605202 0.3700643
v -14.7759285 -8.3735943 5.3707180 0.000000 0.929412 1.000000
vn -5.3624821 -0.1887147 0.3834682
v -14.6373043 -8.6136341 5.3706732 0.000000 0.921569 1.000000
vn -5.3388572 -0.1517303 0.6314468
v -14.6336622 -8.6070127 5.4106383 0.000000 0.921569 0.992157
vn -5.2752509 -0.1334273 0.8829875
v -14.6124887 -8.5685205 5.5719433 0.000000 0.909804 1.000000
vn -5.2102313 -0.0793922 1.1321988
v -14.5956144 -8.5378456 5.6634960 0.000000 0.909804 1.000000
vn -5.1132855 -0.0294461 1.3796518
v -14.5671196 -8.4860439 5.7856784 0.000000 0.909804 1.000000
vn -5.0215011 0.0472153 1.6008878
v -14.5334406 -8.4248161 5.9004769 0.000000 0.909804 1.000000
vn -1.3642768 -0.8859483 1.0885988
v -14.0500431 -9.1269608 -5.6500020 0.000000 1.000000 0.803922
vn -4.5163965 -2.7528143 3.2184455
v -14.0500431 -9.1269608 5.9727025 0.000000 0.866667 1.000000
vn -2.3458164 -4.5475016 1.3775754
v -14.1719723 -9.1308222 5.7854996 0.000000 0.866667 1.000000
vn -2.4358113 -4.6070404 1.1320479
v -14.2309780 -9.1326904 5.6634960 0.000000 0.866667 1.000000
vn -2.5134525 -4.6404767 0.8827636
v -14.2660418 -9.1338015 5.5717497 0.000000 0.866667 1.000000
vn -2.5585928 -4.6888342 0.6312931
v -14.3098927 -9.1351900 5.4106383 0.000000 0.874510 1.000000
vn -2.6021509 -4.6930666 0.3832816
v -14.3174753 -9.1354303 5.3705096 0.000000 0.874510 1.000000
vn -5.3454037 -0.4692691 0.3831746
v -14.1665401 -9.3677969 5.3704500 0.000000 0.866667 1.000000
vn -5.3236132 -0.4309635 0.6311868
v -14.1632338 -9.3609600 5.4106383 0.000000 0.866667 1.000000
vn -5.2611885 -0.4094477 0.8827229
v -14.1441355 -9.3214788 5.5717196 0.000000 0.866667 1.000000
vn -5.1989594 -0.3520216 1.1319844
v -14.1288586 -9.2898951 5.6634960 0.000000 0.866667 1.000000
vn -5.1036835 -0.2977499 1.3804137
v -14.1031599 -9.2367697 5.7854772 0.000000 0.866667 1.000000
vn -5.0157051 -0.2173812 1.6011097
v -14.0726833 -9.1737661 5.9004769 0.000000 0.866667 1.000000
vn -4.2736011 -3.0565135 3.2790098
v -13.5532646 -9.8497791 5.9725237 0.000000 0.819608 0.992157
vn -2.0000477 -4.6053567 1.6009250
v -13.6049442 -9.8541317 5.9004769 0.000000 0.819608 1.000000
vn -1.3161132 -0.9562723 1.0886002
v -13.5532646 -9.8497791 -5.6500020 0.000000 1.000000 0.866667
vn -2.1066446 -4.6587005 1.3802217
v -13.6747894 -9.8600140 5.7853055 0.000000 0.819608 0.992157
vn -2.1914620 -4.7282133 1.1318374
v -13.7335119 -9.8649588 5.6634960 0.000000 0.819608 1.000000
vn -2.2672620 -4.7657161 0.8825293
v -13.7685394 -9.8679085 5.5715408 0.000000 0.819608 1.000000
vn -2.3097005 -4.8163152 0.6310716
v -13.8121881 -9.8715849 5.4106383 0.000000 0.827451 1.000000
vn -2.3533390 -4.8228631 0.3830423
v -13.8197842 -9.8722239 5.3703008 0.000000 0.827451 1.000000
vn -5.3278470 -0.7325406 0.3753556
v -13.6569576 -10.0962887 5.3702340 0.000000 0.819608 1.000000
vn -5.3197126 -0.6777893 0.6268032
v -13.6539993 -10.0892544 5.4106383 0.000000 0.819608 1.000000
vn -5.2424984 -0.6770418 0.8729689
v -13.6370220 -10.0488939 5.5715113 0.000000 0.819608 1.000000
vn -5.2020502 -0.5923596 1.1245884
v -13.6233902 -10.0164881 5.6634960 0.000000 0.819608 1.000000
vn -5.0991669 -0.5512996 1.3694232
v -13.6005478 -9.9621849 5.7852907 0.000000 0.819608 1.000000
vn -5.0299616 -0.4483746 1.5908537
v -13.5733709 -9.8975773 5.9004769 0.000000 0.819608 1.000000
vn -4.0862956 -3.2786672 3.2936721
v -13.0193367 -10.5456066 5.9723449 0.000000 0.776471 1.000000
vn -1.7504971 -4.6872382 1.6245208
v -13.0705862 -10.5526400 5.9004769 0.000000 0.776471 1.000000
vn -1.2642494 -1.0237447 1.0885986
v -13.0193367 -10.5456066 -5.6500020 0.000000 1.000000 0.929412
vn -1.8726921 -4.7600265 1.3618283
v -13.1401262 -10.5621834 5.7851267 0.000000 0.764706 1.000000
vn -1.9381951 -4.8266244 1.1517794
v -13.1984100 -10.5701818 5.6634960 0.000000 0.764706 1.000000
vn -2.0242293 -4.8730092 0.8657966
v -13.2333021 -10.5749693 5.5713472 0.000000 0.776471 1.000000
vn -2.0535374 -4.9257832 0.6473969
v -13.2766323 -10.5809164 5.4106383 0.000000 0.776471 1.000000
vn -2.0965133 -4.9427490 0.3742166
v -13.2842178 -10.5819569 5.3700995 0.000000 0.776471 1.000000
vn -5.2700562 -1.0227270 0.3816559
v -13.1099539 -10.7971144 5.3700328 0.000000 0.776471 1.000000
vn -5.2543116 -0.9799805 0.6300262
v -13.1073561 -10.7899008 5.4106383 0.000000 0.776471 1.000000
vn -5.1934266 -0.9540985 0.8797586
v -13.0925379 -10.7487726 5.5713100 0.000000 0.776471 1.000000
vn -5.1411972 -0.8864396 1.1299014
v -13.0805960 -10.7156315 5.6634960 0.000000 0.764706 1.000000
vn -5.0525880 -0.8243326 1.3756471
v -13.0606613 -10.6603022 5.7851043 0.000000 0.764706 0.992157
vn -4.9770775 -0.7308168 1.5974696
v -13.0368681 -10.5942678 5.9004769 0.000000 0.776471 1.000000
vn -3.9559078 -3.4978876 3.2352300
v -12.4497232 -11.2125378 5.9721813 0.000000 0.729412 1.000000
vn -1.4850346 -4.7698002 1.6485684
v -12.5004091 -11.2222195 5.9004769 0.000000 0.729412 1.000000
vn -1.2089456 -1.0885104 1.0885968
v -12.4497232 -11.2125378 -5.6500020 0.000000 1.000000 0.992157
vn -1.6723633 -4.8056178 1.3362989
v -12.5694475 -11.2354069 5.7849479 0.000000 0.729412 1.000000
vn -1.6649261 -4.9272490 1.1758488
v -12.6271400 -11.2464256 5.6634960 0.000000 0.729412 1.000000
vn -1.8378814 -4.8967934 0.8291776
v -12.6617956 -11.2530460 5.5711613 0.000000 0.729412 1.000000
vn -1.7752106 -5.0397015 0.6693987
v -12.7046919 -11.2612400 5.4106383 0.000000 0.729412 1.000000
vn -1.8696141 -5.0089302 0.3388337
v -12.7122450 -11.2626820 5.3699136 0.000000 0.729412 1.000000
vn -5.2061539 -1.2993532 0.3825451
v -12.5270271 -11.4683533 5.3698387 0.000000 0.729412 1.000000
vn -5.1908431 -1.2585605 0.6305264
v -12.5247993 -11.4609823 5.4106383 0.000000 0.729412 1.000000
vn -5.1324854 -1.2274632 0.8820714
v -12.5121737 -11.4191980 5.5711164 0.000000 0.729412 1.000000
vn -5.0801139 -1.1611415 1.1313807
v -12.5019646 -11.3854151 5.6634960 0.000000 0.729412 1.000000
vn -4.9945011 -1.0926635 1.3798275
v -12.4849796 -11.3292074 5.7849331 0.000000 0.729412 1.000000
vn -4.9202042 -0.9994838 1.6005442
v -12.4646482 -11.2619267 5.9004769 0.000000 0.729412 1.000000
vn -3.7484744 -3.7182984 3.2456429
v -11.8459873 -11.8487434 5.9720173 0.000000 0.694118 1.000000
vn -1.2552605 -4.8616705 1.6004364
v -11.8959780 -11.8610353 5.9004769 0.000000 0.686275 1.000000
vn -1.1503582 -1.1501861 1.0885979
v -11.8459873 -11.8487434 -5.6500020 0.000000 0.929412 1.000000
vn -1.3521717 -4.9310799 1.3796542
v -11.9643211 -11.8778391 5.7847767 0.000000 0.686275 1.000000
vn -1.4249457 -5.0129209 1.1312826
v -12.0212679 -11.8918419 5.6634960 0.000000 0.686275 1.000000
vn -1.4939679 -5.0617719 0.8819368
v -12.0555887 -11.9002810 5.5709825 0.000000 0.686275 1.000000
vn -1.5279455 -5.1184039 0.6304372
v -12.0979376 -11.9106941 5.4106383 0.000000 0.686275 1.000000
vn -1.5700883 -5.1316605 0.3824384
v -12.1054354 -11.9125366 5.3697348 0.000000 0.686275 1.000000
vn -4.8004694 -1.8392324 0.3082354
v -11.9097757 -12.1081676 5.3696599 0.000000 0.686275 1.000000
vn -5.1586809 -1.4922411 0.6253091
v -11.9079285 -12.1006594 5.4106383 0.000000 0.686275 1.000000
vn -4.8768668 -1.6605273 0.8475835
v -11.8975210 -12.0583315 5.5709300 0.000000 0.686275 1.000000
vn -5.0559192 -1.3903167 1.1220323
v -11.8890800 -12.0239992 5.6634960 0.000000 0.686275 0.992157
vn -4.8882780 -1.4006474 1.3643641
v -11.8750820 -11.9670696 5.7847619 0.000000 0.686275 1.000000
vn -4.9084764 -1.2223953 1.5875626
v -11.8582783 -11.8987274 5.9004769 0.000000 0.686275 1.000000
vn -3.5373774 -3.8668489 3.2923846
v -11.2097826 -12.4524794 5.9718680 0.000000 0.654902 1.000000
vn -1.0023196 -4.8998280 1.6209677
v -11.2589493 -12.4673376 5.9004769 0.000000 0.647059 1.000000
vn -1.0885785 -1.2087879 1.0885983
v -11.2097826 -12.4524794 -5.6500020 0.000000 0.866667 1.000000
vn -1.1069117 -4.9891071 1.3667359
v -11.3264027 -12.4877205 5.7846203 0.000000 0.647059 1.000000
vn -1.1668003 -5.0648451 1.1483859
v -11.3824549 -12.5046587 5.6634960 0.000000 0.647059 1.000000
vn -1.2406149 -5.1240854 0.8703804
v -11.4163418 -12.5148983 5.5708108 0.000000 0.647059 1.000000
vn -1.2659241 -5.1792860 0.6440718
v -11.4580336 -12.5274973 5.4106383 0.000000 0.647059 1.000000
vn -1.3048220 -5.2016106 0.3764547
v -11.4654512 -12.5297394 5.3695631 0.000000 0.647059 1.000000
vn -5.0547576 -1.8263366 0.3797921
v -11.2598896 -12.7148037 5.3694811 0.000000 0.647059 1.000000
vn -5.0477762 -1.7810159 0.6280062
v -11.2584324 -12.7071791 5.4106383 0.000000 0.647059 1.000000
vn -4.9889555 -1.7488939 0.8769637
v -11.2502661 -12.6644230 5.5707588 0.000000 0.647059 1.000000
vn -4.9505939 -1.6718968 1.1269647
v -11.2436209 -12.6296377 5.6634960 0.000000 0.647059 1.000000
vn -4.8704314 -1.5994537 1.3724375
v -11.2326374 -12.5721378 5.7846055 0.000000 0.647059 0.992157
vn -4.8125916 -1.4938372 1.5940659
v -11.2194176 -12.5029259 5.9004769 0.000000 0.647059 1.000000
vn -3.3204539 -4.0760798 3.2686367
v -10.5428505 -13.0220919 5.9717264 0.000000 0.611765 1.000000
vn -0.7293036 -4.9487081 1.6334137
v -10.5910711 -13.0394659 5.9004769 0.000000 0.611765 1.000000
vn -1.0236586 -1.2642031 1.0885947
v -10.5428505 -13.0220919 -5.6500020 0.000000 0.803922 1.000000
vn -0.8523473 -5.0436406 1.3500671
v -10.6574411 -13.0633793 5.7844710 0.000000 0.611765 1.000000
vn -0.8828295 -5.1276541 1.1605685
v -10.7124529 -13.0831995 5.6634960 0.000000 0.611765 1.000000
vn -0.9758821 -5.1841803 0.8524034
v -10.7458076 -13.0952177 5.5706544 0.000000 0.611765 1.000000
vn -0.9742017 -5.2517767 0.6556000
v -10.7867327 -13.1099625 5.4106383 0.000000 0.611765 1.000000
vn -1.0189810 -5.2751856 0.3653861
v -10.7940493 -13.1125994 5.3694067 0.000000 0.611765 1.000000
vn -4.9388704 -2.0978158 0.3819801
v -10.5791502 -13.2866011 5.3693175 0.000000 0.611765 1.000000
vn -4.9301581 -2.0550780 0.6299896
v -10.5780907 -13.2788830 5.4106383 0.000000 0.611765 1.000000
vn -4.8774495 -2.0154266 0.8815122
v -10.5721798 -13.2358122 5.5705948 0.000000 0.611765 0.992157
vn -4.8361034 -1.9416695 1.1308268
v -10.5673580 -13.2006712 5.6634960 0.000000 0.611765 1.000000
vn -4.7622709 -1.8606695 1.3793064
v -10.5594101 -13.1427565 5.7844563 0.000000 0.611765 1.000000
vn -4.7038097 -1.7570220 1.5998609
v -10.5498180 -13.0728655 5.9004769 0.000000 0.611765 1.000000
vn -3.4012506 -3.9802856 3.2539234
v -9.8470230 -13.5560207 5.9715924 0.000000 0.584314 1.000000
vn -0.4121856 -4.8962064 1.7900956
v -9.8502522 -13.5573788 5.9669957 0.000000 0.584314 1.000000
vn -0.9560153 -1.3161530 1.0886002
v -9.8470230 -13.5560207 -5.6500020 0.000000 0.737255 1.000000
vn -0.4794469 -5.0011277 1.5965830
v -9.8941736 -13.5758533 5.9004769 0.000000 0.584314 1.000000
vn -0.5642959 -5.0820107 1.3791742
v -9.9592714 -13.6032372 5.7843294 0.000000 0.576471 1.000000
vn -0.6233706 -5.1742554 1.1307690
v -10.0130997 -13.6258802 5.6634960 0.000000 0.576471 1.000000
vn -0.6838970 -5.2332363 0.8814367
v -10.0458260 -13.6396465 5.5705128 0.000000 0.576471 1.000000
vn -0.7085676 -5.2945004 0.6299520
v -10.0858765 -13.6564932 5.4106383 0.000000 0.576471 1.000000
vn -0.7476010 -5.3138938 0.3819647
v -10.0930691 -13.6595192 5.3692579 0.000000 0.576471 1.000000
vn -4.8222814 -2.3531971 0.3818798
v -9.8694229 -13.8219910 5.3691683 0.000000 0.576471 1.000000
vn -4.8159161 -2.3102956 0.6298501
v -9.8687658 -13.8142014 5.4106383 0.000000 0.576471 1.000000
vn -4.7653117 -2.2679796 0.8813560
v -9.8651218 -13.7709322 5.5704460 0.000000 0.576471 1.000000
vn -4.7278948 -2.1921315 1.1306907
v -9.8621416 -13.7355356 5.6634960 0.000000 0.576471 1.000000
vn -4.6584458 -2.1074619 1.3791504
v -9.8572416 -13.6773596 5.7843146 0.000000 0.576471 1.000000
vn -4.6051497 -2.0008953 1.5999057
v -9.8513155 -13.6069860 5.9004769 0.000000 0.584314 1.000000
vn -2.8890913 -4.3828812 3.2846353
v -9.1242046 -14.0527992 5.9714661 0.000000 0.549020 1.000000
vn -0.2172900 -5.0166664 1.5998330
v -9.1701670 -14.0750322 5.9004769 0.000000 0.549020 1.000000
vn -0.8858793 -1.3643564 1.0886004
v -9.1242046 -14.0527992 -5.6500020 0.000000 0.682353 0.992157
vn -0.2976236 -5.1046505 1.3790131
v -9.2338066 -14.1058159 5.7841954 0.000000 0.537255 1.000000
vn -0.3518069 -5.1998281 1.1306055
v -9.2863111 -14.1312132 5.6634960 0.000000 0.537255 0.992157
vn -0.4091007 -5.2619162 0.8812721
v -9.3183136 -14.1466932 5.5703712 0.000000 0.537255 1.000000
vn -0.4305966 -5.3243074 0.6297344
v -9.3573866 -14.1655931 5.4106383 0.000000 0.537255 1.000000
vn -0.4685105 -5.3458247 0.3817289
v -9.3644304 -14.1690006 5.3691163 0.000000 0.537255 1.000000
vn -4.7129955 -2.5919569 0.3764665
v -9.1326513 -14.3195086 5.3690267 0.000000 0.537255 1.000000
vn -4.7196188 -2.5416467 0.6260450
v -9.1324034 -14.3116713 5.4106383 0.000000 0.537255 1.000000
vn -4.6565561 -2.5076785 0.8735045
v -9.1310301 -14.2683172 5.5703044 0.000000 0.537255 1.000000
vn -4.6405072 -2.4196997 1.1241698
v -9.1299038 -14.2327652 5.6634960 0.000000 0.537255 1.000000
vn -4.5651703 -2.3407674 1.3692209
v -9.1280584 -14.1744823 5.7841806 0.000000 0.537255 1.000000
vn -4.5316091 -2.2233777 1.5907283
v -9.1258211 -14.1038256 5.9004769 0.000000 0.549020 1.000000
vn -2.6382816 -4.5310950 3.2878909
v -8.3763781 -14.5110683 5.9713540 0.000000 0.521569 1.000000
vn 0.0471815 -5.0037308 1.6252584
v -8.4210367 -14.5356340 5.9004769 0.000000 0.509804 1.000000
vn -0.8133343 -1.4088064 1.0886002
v -8.3763781 -14.5110683 -5.6500020 0.000000 0.619608 1.000000
vn -0.0435268 -5.1163363 1.3583076
v -8.4830351 -14.5697374 5.7840762 0.000000 0.509804 1.000000
vn -0.0775611 -5.2016706 1.1524515
v -8.5340805 -14.5978165 5.6634960 0.000000 0.509804 1.000000
vn -0.1438580 -5.2757478 0.8621144
v -8.5652647 -14.6149693 5.5702519 0.000000 0.509804 1.000000
vn -0.1492555 -5.3360667 0.6479951
v -8.6032581 -14.6358690 5.4106383 0.000000 0.509804 1.000000
vn -0.1838710 -5.3673210 0.3715166
v -8.6101341 -14.6396513 5.3689971 0.000000 0.509804 1.000000
vn -4.5496030 -2.8448644 0.3808377
v -8.3708563 -14.7777891 5.3689003 0.000000 0.509804 1.000000
vn -4.5500717 -2.8001435 0.6293365
v -8.3710184 -14.7699280 5.4106383 0.000000 0.509804 1.000000
vn -4.5030947 -2.7539043 0.8792200
v -8.3719158 -14.7266054 5.5701776 0.000000 0.509804 1.000000
vn -4.4781075 -2.6721532 1.1295402
v -8.3726530 -14.6909990 5.6634960 0.000000 0.509804 1.000000
vn -4.4183111 -2.5820944 1.3754274
v -8.3738585 -14.6327648 5.7840614 0.000000 0.509804 1.000000
vn -4.3809757 -2.4678118 1.5973004
v -8.3753233 -14.5620213 5.9004769 0.000000 0.509804 1.000000
vn -2.4780931 -4.6760669 3.2168458
v -7.6055923 -14.9295712 5.9712424 0.000000 0.486275 1.000000
vn 0.3257557 -4.9817333 1.6552526
v -7.6488357 -14.9563971 5.9004769 0.000000 0.486275 1.000000
vn -0.7383977 -1.4495811 1.0886009
v -7.6055923 -14.9295712 -5.6500020 0.000000 0.556863 1.000000
vn 0.0973633 -5.0487680 1.3304186
v -7.7090154 -14.9937305 5.7839646 0.000000 0.486275 1.000000
vn 0.2148917 -5.1951628 1.1824108
v -7.7584696 -15.0244102 5.6634960 0.000000 0.482353 1.000000
vn -0.1240320 -5.1237335 0.8183645
v -7.7887454 -15.0431929 5.5701404 0.000000 0.482353 1.000000
vn 0.1522657 -5.3414488 0.6751901
v -7.8255610 -15.0660315 5.4106383 0.000000 0.474510 1.000000
vn -0.2321062 -5.1612339 0.2961376
v -7.8322458 -15.0701790 5.3688850 0.000000 0.474510 1.000000
vn -4.3948841 -3.0790215 0.3814012
v -7.5861230 -15.1955786 5.3687811 0.000000 0.474510 1.000000
vn -4.3952899 -3.0352757 0.6294079
v -7.5866985 -15.1877165 5.4106383 0.000000 0.474510 1.000000
vn -4.3519921 -2.9855347 0.8809282
v -7.5898585 -15.1445389 5.5700583 0.000000 0.482353 1.000000
vn -4.3268671 -2.9048758 1.1303147
v -7.5924611 -15.1089811 5.6634960 0.000000 0.482353 1.000000
vn -4.2715540 -2.8103602 1.3787923
v -7.5967083 -15.0509491 5.7839499 0.000000 0.486275 1.000000
vn -4.2356181 -2.6968722 1.5995274
v -7.6018777 -14.9803190 5.9004693 0.000000 0.486275 1.000000
vn -2.1782324 -4.8000197 3.2572274
v -6.8139596 -15.3071604 5.9711528 0.000000 0.466667 1.000000
vn 0.5700467 -4.9891253 1.5993923
v -6.8556800 -15.3361721 5.9004693 0.000000 0.458824 1.000000
vn -0.6616257 -1.4861128 1.0886018
v -6.8139596 -15.3071604 -5.6500020 0.000000 0.494118 1.000000
vn 0.5044318 -5.0885010 1.3786931
v -6.9138680 -15.3766336 5.7838602 0.000000 0.458824 1.000000
vn 0.4658783 -5.1909065 1.1302792
v -6.9616041 -15.4098291 5.6634960 0.000000 0.454902 1.000000
vn 0.4190260 -5.2611456 0.8809254
v -6.9908819 -15.4301891 5.5700436 0.000000 0.454902 1.000000
vn 0.4075715 -5.3261662 0.6294222
v -7.0264249 -15.4549046 5.4106383 0.000000 0.447059 1.000000
vn 0.3732293 -5.3534079 0.3814317
v -7.0328975 -15.4594049 5.3687882 0.000000 0.447059 1.000000
vn -4.2020559 -3.3182085 0.3558787
v -6.7806020 -15.5717316 5.3686767 0.000000 0.447059 1.000000
vn -4.2773852 -3.2436333 0.6242732
v -6.7815905 -15.5638924 5.4106383 0.000000 0.447059 1.000000
vn -4.1449161 -3.2322884 0.8627515
v -6.7870016 -15.5209751 5.5699539 0.000000 0.454902 1.000000
vn -4.2179480 -3.1116409 1.1215727
v -6.7914658 -15.4855661 5.6634960 0.000000 0.454902 1.000000
vn -4.1158748 -3.0385804 1.3657978
v -6.7987380 -15.4278889 5.7838526 0.000000 0.458824 1.000000
vn -4.1407280 -2.9018903 1.5874207
v -6.8076034 -15.3575726 5.9004693 0.000000 0.458824 1.000000
vn -1.9112687 -4.8796897 3.2921052
v -6.0036507 -15.6428013 5.9710636 0.000000 0.439216 1.000000
vn 0.8223214 -4.9345264 1.6210363
v -6.0437446 -15.6739168 5.9004693 0.000000 0.439216 1.000000
vn -0.5830330 -1.5186758 1.0885978
v -6.0036507 -15.6428013 -5.6500020 0.000000 0.431373 1.000000
vn 0.7556718 -5.0563407 1.3640407
v -6.0997729 -15.7173986 5.7837782 0.000000 0.431373 1.000000
vn 0.7284772 -5.1478343 1.1483558
v -6.1456680 -15.7530155 5.6634960 0.000000 0.431373 1.000000
vn 0.6799284 -5.2299471 0.8677793
v -6.1738625 -15.7748966 5.5699615 0.000000 0.427451 1.000000
vn 0.6774224 -5.2903423 0.6439950
v -6.2080407 -15.8014221 5.4106383 0.000000 0.427451 1.000000
vn 0.6487059 -5.3258047 0.3744924
v -6.2142801 -15.8062630 5.3686991 0.000000 0.427451 1.000000
vn -4.0609303 -3.5178382 0.3793184
v -5.9565010 -15.9052162 5.3685870 0.000000 0.427451 1.000000
vn -4.0698342 -3.4732544 0.6275135
v -5.9579005 -15.8974247 5.4106383 0.000000 0.427451 1.000000
vn -4.0280094 -3.4216027 0.8767825
v -5.9655452 -15.8548803 5.5698647 0.000000 0.427451 1.000000
vn -4.0183711 -3.3364406 1.1268659
v -5.9718618 -15.8197231 5.6634960 0.000000 0.431373 1.000000
vn -3.9709234 -3.2394741 1.3724921
v -5.9821339 -15.7625523 5.7837634 0.000000 0.431373 1.000000
vn -3.9537573 -3.1205187 1.5941175
v -5.9946761 -15.6927481 5.9004693 0.000000 0.439216 1.000000
vn -1.6469958 -5.0017138 3.2568512
v -5.1768866 -15.9355736 5.9709892 0.000000 0.419608 1.000000
vn 1.0940884 -4.8795648 1.6368700
v -5.2152543 -15.9687080 5.9004693 0.000000 0.411765 1.000000
vn -0.5025918 -1.5472025 1.0886046
v -5.1768866 -15.9355736 -5.6500020 0.000000 0.364706 1.000000
vn 1.0012203 -5.0124784 1.3450484
v -5.2689614 -16.0150909 5.7836962 0.000000 0.411765 1.000000
vn 1.0155137 -5.1026359 1.1640519
v -5.3128977 -16.0530338 5.6634960 0.000000 0.403922 1.000000
vn 0.9337234 -5.1865768 0.8457016
v -5.3399258 -16.0763741 5.5698943 0.000000 0.403922 1.000000
vn 0.9752821 -5.2521710 0.6587917
v -5.3726516 -16.1046371 5.4106383 0.000000 0.403922 1.000000
vn 0.9344338 -5.2887402 0.3597299
v -5.3786373 -16.1098080 5.3686318 0.000000 0.403922 1.000000
vn -3.8592026 -3.7285018 0.3811331
v -5.1160765 -16.1951218 5.3685126 0.000000 0.403922 1.000000
vn -3.8664680 -3.6855409 0.6291333
v -5.1178851 -16.1874008 5.4106383 0.000000 0.403922 1.000000
vn -3.8314812 -3.6296628 0.8806044
v -5.1277399 -16.1453400 5.5697827 0.000000 0.403922 1.000000
vn -3.8192761 -3.5460844 1.1300044
v -5.1358943 -16.1105366 5.6634960 0.000000 0.403922 1.000000
vn -3.7794201 -3.4441004 1.3785114
v -5.1491351 -16.0540218 5.7836890 0.000000 0.411765 1.000000
vn -3.7616930 -3.3263657 1.5992880
v -5.1653228 -15.9849300 5.9004693 0.000000 0.411765 1.000000
vn -1.2093134 -5.1499090 3.2158856
v -4.3359323 -16.1846771 5.9709296 0.000000 0.400000 1.000000
vn 1.3433418 -4.8387661 1.5991715
v -4.3724790 -16.2197380 5.9004693 0.000000 0.392157 1.000000
vn -0.4210699 -1.5713128 1.0886045
v -4.3359323 -16.1846771 -5.6500020 0.000000 0.309804 1.000000
vn 1.2941973 -4.9469299 1.3784575
v -4.4237108 -16.2688942 5.7836294 0.000000 0.392157 1.000000
vn 1.2720739 -5.0542464 1.1300144
v -4.4655747 -16.3090591 5.6634960 0.000000 0.384314 1.000000
vn 1.2367840 -5.1308970 0.8807356
v -4.4913530 -16.3337917 5.5698571 0.000000 0.384314 1.000000
vn 1.2356912 -5.1968079 0.6291900
v -4.5225458 -16.3637199 5.4106383 0.000000 0.376471 1.000000
vn 1.2060531 -5.2291107 0.3811999
v -4.5282578 -16.3691998 5.3685946 0.000000 0.376471 1.000000
vn -3.6587591 -3.9254634 0.3810896
v -4.2616320 -16.4406528 5.3684459 0.000000 0.376471 1.000000
vn -3.6683240 -3.8828168 0.6290784
v -4.2638459 -16.4330254 5.4106383 0.000000 0.376471 1.000000
vn -3.6362751 -3.8252268 0.8805565
v -4.2758822 -16.3915577 5.5697231 0.000000 0.384314 1.000000
vn -3.6284828 -3.7411308 1.1299467
v -4.2858529 -16.3572083 5.6634960 0.000000 0.384314 1.000000
vn -3.5992227 -3.6374350 1.3756069
v -4.3020234 -16.3014984 5.7836218 0.000000 0.392157 1.000000
vn -1.1440163 -5.1232538 3.2818968
v -3.4830937 -16.3894234 5.9708772 0.000000 0.384314 1.000000
vn 1.5760037 -4.7442408 1.6190133
v -3.5177281 -16.4263229 5.9004693 0.000000 0.376471 1.000000
vn -0.3380721 -1.5911913 1.0885963
v -3.4830937 -16.3894234 -5.6500020 0.000000 0.247059 1.000000
vn 1.5522310 -4.8731985 1.3775028
v -3.5663378 -16.4781132 5.7835770 0.000000 0.376471 1.000000
vn 1.5348117 -4.9807844 1.1299188
v -3.6060214 -16.5203915 5.6634960 0.000000 0.364706 1.000000
vn 1.5035897 -5.0591688 0.8806455
v -3.6304889 -16.5464592 5.5697751 0.000000 0.364706 1.000000
vn 1.5059712 -5.1249990 0.6290974
v -3.6600533 -16.5779591 5.4106383 0.000000 0.364706 1.000000
vn 1.4779506 -5.1589479 0.3811104
v -3.6654806 -16.5837402 5.3685126 0.000000 0.356863 1.000000
vn -3.4701519 -4.1089053 0.3770819
v -3.3955081 -16.6411324 5.3683934 0.000000 0.356863 1.000000
vn -3.4906800 -4.0650482 0.6258101
v -3.3981209 -16.6336250 5.4106383 0.000000 0.364706 1.000000
vn -3.4498200 -4.0094867 0.8740432
v -3.4123051 -16.5928612 5.5696712 0.000000 0.364706 1.000000
vn -3.4607282 -3.9226928 1.1242740
v -3.4240658 -16.5590630 5.6634960 0.000000 0.364706 1.000000
vn -3.4228835 -3.8210776 1.3695768
v -3.4431205 -16.5043030 5.7835698 0.000000 0.376471 1.000000
vn -3.4297948 -3.7001867 1.5910704
v -3.4664629 -16.4372196 5.9004693 0.000000 0.376471 1.000000
vn -0.8367075 -5.1808062 3.2814209
v -2.6207085 -16.5492573 5.9708400 0.000000 0.364706 1.000000
vn 1.8389542 -4.6537528 1.6268936
v -2.6533442 -16.5878963 5.9004693 0.000000 0.364706 1.000000
vn -0.2544647 -1.6068022 1.0885936
v -2.6207085 -16.5492573 -5.6500020 0.000000 0.184314 1.000000
vn 1.7912843 -4.7933187 1.3551288
v -2.6991913 -16.6421757 5.7835326 0.000000 0.356863 1.000000
vn 1.7940439 -4.8837709 1.1540576
v -2.7365930 -16.6864567 5.6634960 0.000000 0.349020 1.000000
vn 1.7551011 -4.9776216 0.8586477
v -2.7596767 -16.7137852 5.5697083 0.000000 0.349020 1.000000
vn 1.7758453 -5.0353870 0.6494734
v -2.7875376 -16.7467709 5.4106383 0.000000 0.337255 1.000000
vn 1.7536845 -5.0773711 0.3691094
v -2.7926621 -16.7528381 5.3684459 0.000000 0.337255 1.000000
vn -3.2285006 -4.2864485 0.3809089
v -2.5200782 -16.7960167 5.3683562 0.000000 0.337255 1.000000
vn -3.2423687 -4.2450190 0.6289202
v -2.5230823 -16.7886505 5.4106383 0.000000 0.337255 1.000000
vn -3.2142110 -4.1841002 0.8823049
v -2.5393760 -16.7486954 5.5696335 0.000000 0.349020 1.000000
vn -3.2214966 -4.1015754 1.1244584
v -2.5528946 -16.7155476 5.6634960 0.000000 0.349020 1.000000
vn -3.2005110 -3.9926758 1.3778191
v -2.5747805 -16.6618786 5.7835326 0.000000 0.356863 1.000000
vn -3.2015448 -3.8741124 1.5977020
v -2.6016104 -16.5960884 5.9004693 0.000000 0.364706 1.000000
vn 2.0648501 -4.5377026 1.6404246
v -1.7816952 -16.7040138 5.9004693 0.000000 0.349020 1.000000
vn 1.7818561 -4.5662260 1.4909046
v -1.8246490 -16.7606316 5.7835026 0.000000 0.337255 1.000000
vn 2.0193553 -4.8647165 0.9062628
v -1.8813033 -16.8353100 5.5696635 0.000000 0.337255 1.000000
vn 2.0333557 -4.9396095 0.6289885
v -1.9073893 -16.8696938 5.4106383 0.000000 0.329412 1.000000
vn 2.0092320 -4.9759154 0.3810189
v -1.9121946 -16.8760281 5.3683934 0.000000 0.329412 1.000000
vn -0.0851354 1.6245452 1.0885990
v -0.8767715 16.7270412 -5.6500020 1.000000 0.007843 0.000000
vn -0.2383238 5.2307715 3.3021650
v -0.8767715 16.7270412 5.9791474 1.000000 0.050980 0.000000
vn 2.3594589 4.4574809 1.5992006
v -0.9087726 16.7741528 5.9004917 1.000000 0.070588 0.000000
vn 2.2977340 4.8870516 0.1554983
v -1.0404115 16.9679565 5.1730394 1.000000 0.352941 0.000000
vn 2.3243303 4.8287654 0.6323955
v -1.0256183 16.9461784 5.4106236 1.000000 0.360784 0.000000
vn 2.2939205 4.7639527 0.8797796
v -1.0000888 16.9085922 5.5763168 1.000000 0.333333 0.000000
vn 2.3311005 4.6821675 1.1321844
v -0.9812600 16.8808708 5.6635036 1.000000 0.090196 0.000000
vn 2.2927825 4.8660922 0.3887648
v -1.0294294 16.9517879 5.3750839 1.000000 0.360784 0.000000
vn 2.3178537 4.5728388 1.3776934
v -0.9460070 16.8289719 5.7922721 1.000000 0.082353 0.000000
vn -2.7751544 4.6206512 0.1476731
v -0.7392090 16.9837437 5.1730242 1.000000 0.000000 0.000000
vn -2.7725332 4.1813745 1.6081762
v -0.8498701 16.7772408 5.9004917 1.000000 0.039216 0.000000
vn -2.7706423 4.4103193 1.1384571
v -0.7889342 16.8909531 5.6635036 1.000000 0.000000 0.000000
vn -2.7617373 4.4952917 0.8875486
v -0.7731031 16.9204960 5.5763021 1.000000 0.000000 0.000000
vn -2.7807949 4.5595508 0.6364019
v -0.7516448 16.9605370 5.4106236 1.000000 0.000000 0.000000
vn -2.7593508 4.3004708 1.3876829
v -0.8185696 16.8356495 5.7922721 1.000000 0.023529 0.000000
vn -2.7704892 4.5983238 0.3997610
v -0.7484396 16.9665203 5.3750691 1.000000 0.000000 0.000000
vn 0.5696747 -5.2580605 3.2319031
v 1.7511399 -16.6637402 5.9708104 0.000000 0.329412 1.000000
vn 2.9880424 -4.0359645 1.5990309
v 1.7296263 -16.7094860 5.9004693 0.000000 0.321569 1.000000
vn 0.1700383 -1.6178318 1.0886024
v 1.7511399 -16.6637402 -5.6500020 0.000000 0.121569 1.000000
vn 2.9808314 -4.1546955 1.3783191
v 1.6993829 -16.7737980 5.7835026 0.000000 0.309804 1.000000
vn 2.9986873 -4.2627616 1.1298048
v 1.6747249 -16.8262310 5.6634960 0.000000 0.301961 1.000000
vn 2.9931691 -4.3469563 0.8804685
v 1.6594867 -16.8586349 5.5696115 0.000000 0.294118 1.000000
vn 3.0157731 -4.4089260 0.6288741
v 1.6411275 -16.8976746 5.4106383 0.000000 0.282353 1.000000
vn 2.9997158 -4.4496675 0.3808817
v 1.6377400 -16.9048767 5.3683338 0.000000 0.282353 1.000000
vn 0.7729458 -5.1880817 3.2867475
v 2.6207085 -16.5492573 5.9708400 0.000000 0.329412 1.000000
vn 3.1741698 -3.8638170 1.6193926
v 2.6016104 -16.5960884 5.9004693 0.000000 0.321569 1.000000
vn 0.2544647 -1.6068021 1.0885935
v 2.6207085 -16.5492573 -5.6500020 0.000000 0.184314 1.000000
vn 3.1777005 -4.0001187 1.3670108
v 2.5747805 -16.6618786 5.7835326 0.000000 0.309804 1.000000
vn 3.1976452 -4.0957890 1.1452277
v 2.5528946 -16.7155476 5.6634960 0.000000 0.301961 1.000000
vn 3.2142110 -4.1841002 0.8823048
v 2.5393760 -16.7486954 5.5696335 0.000000 0.294118 1.000000
vn 3.2423687 -4.2450190 0.6289202
v 2.5230823 -16.7886505 5.4106383 0.000000 0.282353 1.000000
vn 3.2284958 -4.2864485 0.3809054
v 2.5200782 -16.7960167 5.3683562 0.000000 0.274510 1.000000
vn -1.7649815 -5.0787745 0.3780788
v 2.7926621 -16.7528381 5.3684459 0.000000 0.274510 1.000000
vn -1.7974966 -5.0449495 0.6264347
v 2.7875376 -16.7467709 5.4106383 0.000000 0.282353 1.000000
vn -1.7829435 -4.9789829 0.8750378
v 2.7596767 -16.7137852 5.5697083 0.000000 0.294118 1.000000
vn -1.8207756 -4.9011726 1.1250558
v 2.7365930 -16.6864567 5.6634960 0.000000 0.301961 1.000000
vn -1.8246981 -4.7931519 1.3704702
v 2.6991913 -16.6421757 5.7835326 0.000000 0.309804 1.000000
vn -1.8720088 -4.6822238 1.5919647
v 2.6533442 -16.5878963 5.9004693 0.000000 0.321569 1.000000
vn 1.0785258 -5.1410742 3.2745090
v 3.4830937 -16.3894234 5.9708772 0.000000 0.329412 1.000000
vn 3.3856039 -3.6837251 1.6296118
v 3.4664629 -16.4372196 5.9004693 0.000000 0.321569 1.000000
vn 0.3380722 -1.5911912 1.0885963
v 3.4830937 -16.3894234 -5.6500020 0.000000 0.247059 1.000000
vn 3.3873591 -3.8348165 1.3522151
v 3.4431205 -16.5043030 5.7835698 0.000000 0.309804 1.000000
vn 3.4270029 -3.9150319 1.1567103
v 3.4240658 -16.5590630 5.6634960 0.000000 0.301961 1.000000
vn 3.4194193 -4.0194535 0.8551787
v 3.4123051 -16.5928612 5.5696712 0.000000 0.294118 1.000000
vn 3.4650786 -4.0635352 0.6518362
v 3.3981209 -16.6336250 5.4106383 0.000000 0.282353 1.000000
vn 3.4577594 -4.1119976 0.3667420
v 3.3955081 -16.6411324 5.3683934 0.000000 0.274510 1.000000
vn -1.4779375 -5.1589460 0.3811004
v 3.6654806 -16.5837402 5.3685126 0.000000 0.274510 1.000000
vn -1.5059608 -5.1249948 0.6291064
v 3.6600533 -16.5779591 5.4106383 0.000000 0.282353 1.000000
vn -1.5035805 -5.0591683 0.8806397
v 3.6304889 -16.5464592 5.5697751 0.000000 0.294118 1.000000
vn -1.5348117 -4.9807844 1.1299188
v 3.6060214 -16.5203915 5.6634960 0.000000 0.301961 1.000000
vn -1.5522310 -4.8731985 1.3775029
v 3.5663378 -16.4781132 5.7835770 0.000000 0.309804 1.000000
vn -1.5966651 -4.7624736 1.5987482
v 3.5177281 -16.4263229 5.9004693 0.000000 0.321569 1.000000
vn 0.4210698 -1.5713125 1.0886043
v 4.3359323 -16.1846771 -5.6500020 0.000000 0.309804 1.000000
vn 1.2093134 -5.1499090 3.2158856
v 4.3359323 -16.1846771 5.9709296 0.000000 0.329412 1.000000
vn 3.5992227 -3.6374350 1.3756068
v 4.3020234 -16.3014984 5.7836218 0.000000 0.309804 1.000000
vn 3.6284826 -3.7411308 1.1299466
v 4.2858529 -16.3572083 5.6634960 0.000000 0.301961 1.000000
vn 3.6362667 -3.8252301 0.8805506
v 4.2758822 -16.3915577 5.5697231 0.000000 0.294118 1.000000
vn 3.6683128 -3.8828177 0.6290874
v 4.2638459 -16.4330254 5.4106383 0.000000 0.282353 1.000000
vn 3.6587460 -3.9254687 0.3810796
v 4.2616320 -16.4406528 5.3684459 0.000000 0.274510 1.000000
vn -1.2060404 -5.2291079 0.3811899
v 4.5282578 -16.3691998 5.3685946 0.000000 0.274510 1.000000
vn -1.2356803 -5.1968017 0.6291999
v 4.5225458 -16.3637199 5.4106383 0.000000 0.282353 1.000000
vn -1.2367742 -5.1308956 0.8807293
v 4.4913530 -16.3337917 5.5698571 0.000000 0.294118 1.000000
vn -1.2720802 -5.0542507 1.1300088
v 4.4655747 -16.3090591 5.6634960 0.000000 0.301961 1.000000
vn -1.2942026 -4.9469309 1.3784604
v 4.4237108 -16.2688942 5.7836294 0.000000 0.309804 1.000000
vn -1.3433418 -4.8387661 1.5991715
v 4.3724790 -16.2197380 5.9004693 0.000000 0.321569 1.000000
vn 1.5860827 -5.0112076 3.2761822
v 5.1768866 -15.9355736 5.9709892 0.000000 0.329412 1.000000
vn 3.7616930 -3.3263659 1.5992877
v 5.1653228 -15.9849300 5.9004693 0.000000 0.321569 1.000000
vn 0.5025918 -1.5472026 1.0886046
v 5.1768866 -15.9355736 -5.6500020 0.000000 0.376471 1.000000
vn 3.7794247 -3.4440980 1.3785143
v 5.1491351 -16.0540218 5.7836890 0.000000 0.309804 1.000000
vn 3.8192835 -3.5460854 1.1299989
v 5.1358943 -16.1105366 5.6634960 0.000000 0.301961 1.000000
vn 3.8314722 -3.6296668 0.8805979
v 5.1277399 -16.1453400 5.5697827 0.000000 0.294118 1.000000
vn 3.8664556 -3.6855421 0.6291431
v 5.1178851 -16.1874008 5.4106383 0.000000 0.282353 1.000000
vn 3.8591907 -3.7285066 0.3811233
v 5.1160765 -16.1951218 5.3685126 0.000000 0.274510 1.000000
vn -0.9502852 -5.2932701 0.3738502
v 5.3786373 -16.1098080 5.3686318 0.000000 0.274510 1.000000
vn -0.9996098 -5.2692108 0.6251985
v 5.3726516 -16.1046371 5.4106383 0.000000 0.282353 1.000000
vn -0.9767892 -5.1959538 0.8714647
v 5.3399258 -16.0763741 5.5698943 0.000000 0.294118 1.000000
vn -1.0442493 -5.1312284 1.1229074
v 5.3128977 -16.0530338 5.6634960 0.000000 0.301961 1.000000
vn -1.0519909 -5.0209255 1.3678689
v 5.2689614 -16.0150909 5.7836962 0.000000 0.309804 1.000000
vn -1.1279292 -4.9233208 1.5892937
v 5.2152543 -15.9687080 5.9004693 0.000000 0.321569 1.000000
vn 1.8553445 -4.9021459 3.2903557
v 6.0036507 -15.6428013 5.9710636 0.000000 0.329412 1.000000
vn 3.9165516 -3.1141143 1.6233907
v 5.9946761 -15.6927481 5.9004693 0.000000 0.321569 1.000000
vn 0.5830330 -1.5186758 1.0885977
v 6.0036507 -15.6428013 -5.6500020 0.000000 0.439216 1.000000
vn 3.9478526 -3.2530189 1.3600957
v 5.9821339 -15.7625523 5.7837634 0.000000 0.309804 1.000000
vn 3.9909935 -3.3354535 1.1506350
v 5.9718618 -15.8197231 5.6634960 0.000000 0.301961 1.000000
vn 4.0082493 -3.4317393 0.8638244
v 5.9655452 -15.8548803 5.5698647 0.000000 0.294118 1.000000
vn 4.0496240 -3.4756956 0.6461451
v 5.9579005 -15.8974247 5.4106383 0.000000 0.282353 1.000000
vn 4.0523057 -3.5214484 0.3722586
v 5.9565010 -15.9052162 5.3685870 0.000000 0.274510 1.000000
vn -0.6561021 -5.3284235 0.3802267
v 6.2142801 -15.8062630 5.3686991 0.000000 0.274510 1.000000
vn -0.6918939 -5.3003492 0.6286092
v 6.2080407 -15.8014221 5.4106383 0.000000 0.282353 1.000000
vn -0.6975594 -5.2346544 0.8783438
v 6.1738625 -15.7748966 5.5699615 0.000000 0.294118 1.000000
vn -0.7457398 -5.1641531 1.1284653
v 6.1456680 -15.7530155 5.6634960 0.000000 0.301961 1.000000
vn -0.7773327 -5.0607715 1.3743355
v 6.0997729 -15.7173986 5.7837782 0.000000 0.309804 1.000000
vn -0.8430269 -4.9601617 1.5961215
v 6.0437446 -15.6739168 5.9004693 0.000000 0.321569 1.000000
vn 2.1019058 -4.8464847 3.2321408
v 6.8139596 -15.3071604 5.9711528 0.000000 0.329412 1.000000
vn 4.0768785 -2.8867688 1.6481762
v 6.8076034 -15.3575726 5.9004693 0.000000 0.321569 1.000000
vn 0.6616257 -1.4861128 1.0886018
v 6.8139596 -15.3071604 -5.6500020 0.000000 0.501961 1.000000
vn 4.0495553 -3.0777779 1.3346454
v 6.7987380 -15.4278889 5.7838526 0.000000 0.309804 1.000000
vn 4.1709623 -3.1063824 1.1754506
v 6.7914658 -15.4855661 5.6634960 0.000000 0.301961 1.000000
vn 4.0814576 -3.2644539 0.8268628
v 6.7870016 -15.5209751 5.5699539 0.000000 0.294118 1.000000
vn 4.2438579 -3.2460175 0.6689583
v 6.7815905 -15.5638924 5.4106383 0.000000 0.282353 1.000000
vn 4.1780381 -3.3290670 0.3351369
v 6.7806020 -15.5717316 5.3686767 0.000000 0.274510 1.000000
vn -0.3732300 -5.3534079 0.3814321
v 7.0328975 -15.4594049 5.3687882 0.000000 0.274510 1.000000
vn -0.4075736 -5.3261681 0.6294203
v 7.0264249 -15.4549046 5.4106383 0.000000 0.282353 1.000000
vn -0.4190281 -5.2611456 0.8809268
v 6.9908819 -15.4301891 5.5700436 0.000000 0.294118 1.000000
vn -0.4658847 -5.1909127 1.1302726
v 6.9616041 -15.4098291 5.6634960 0.000000 0.301961 1.000000
vn -0.5044376 -5.0885024 1.3786964
v 6.9138680 -15.3766336 5.7838602 0.000000 0.309804 1.000000
vn -0.5700538 -4.9891343 1.5993849
v 6.8556800 -15.3361721 5.9004693 0.000000 0.321569 1.000000
vn 2.3755338 -4.7156672 3.2451339
v 7.6055923 -14.9295712 5.9712424 0.000000 0.329412 1.000000
vn 4.2356296 -2.6968727 1.5995200
v 7.6018777 -14.9803190 5.9004693 0.000000 0.321569 1.000000
vn 0.7383977 -1.4495813 1.0886011
v 7.6055923 -14.9295712 -5.6500020 0.000000 0.564706 1.000000
vn 4.2715588 -2.8103566 1.3787956
v 7.5967083 -15.0509491 5.7839499 0.000000 0.309804 1.000000
vn 4.3268762 -2.9048753 1.1303084
v 7.5924611 -15.1089811 5.6634960 0.000000 0.301961 1.000000
vn 4.3519945 -2.9855337 0.8809296
v 7.5898585 -15.1445389 5.5700583 0.000000 0.294118 1.000000
vn 4.3952923 -3.0352750 0.6294060
v 7.5866985 -15.1877165 5.4106383 0.000000 0.282353 1.000000
vn 4.3948846 -3.0790210 0.3814017
v 7.5861230 -15.1955786 5.3687811 0.000000 0.274510 1.000000
vn 0.1963393 -5.1860404 0.3136404
v 7.8322458 -15.0701790 5.3688850 0.000000 0.274510 1.000000
vn -0.1752419 -5.3677311 0.6243946
v 7.8255610 -15.0660315 5.4106383 0.000000 0.282353 1.000000
vn 0.0501581 -5.1659575 0.8489344
v 7.7887454 -15.0431929 5.5701404 0.000000 0.294118 1.000000
vn -0.2402854 -5.2385635 1.1212077
v 7.7584696 -15.0244102 5.6634960 0.000000 0.301961 1.000000
vn -0.1839477 -5.0853806 1.3639865
v 7.7090154 -14.9937305 5.7839646 0.000000 0.309804 1.000000
vn -0.3542010 -5.0465441 1.5868198
v 7.6488357 -14.9563971 5.9004769 0.000000 0.321569 1.000000
vn 2.5842414 -4.5602064 3.2913055
v 8.3763781 -14.5110683 5.9713540 0.000000 0.329412 1.000000
vn 4.3500023 -2.4678979 1.6204865
v 8.3753233 -14.5620213 5.9004769 0.000000 0.321569 1.000000
vn 0.8133342 -1.4088063 1.0886002
v 8.3763781 -14.5110683 -5.6500020 0.000000 0.627451 1.000000
vn 4.4026127 -2.5950036 1.3659430
v 8.3738585 -14.6327648 5.7840614 0.000000 0.309804 1.000000
vn 4.4560866 -2.6751795 1.1479008
v 8.3726530 -14.6909990 5.6634960 0.000000 0.301961 1.000000
vn 4.4895134 -2.7637661 0.8695312
v 8.3719158 -14.7266054 5.5701776 0.000000 0.294118 1.000000
vn 4.5342722 -2.8048129 0.6435012
v 8.3710184 -14.7699280 5.4106383 0.000000 0.282353 1.000000
vn 4.5434055 -2.8486476 0.3755943
v 8.3708563 -14.7777891 5.3689003 0.000000 0.274510 1.000000
vn 0.1749569 -5.3720937 0.3793090
v 8.6101341 -14.6396513 5.3689971 0.000000 0.274510 1.000000
vn 0.1337099 -5.3512998 0.6275246
v 8.6032581 -14.6358690 5.4106383 0.000000 0.282353 1.000000
vn 0.1214510 -5.2856240 0.8764750
v 8.5652647 -14.6149693 5.5702519 0.000000 0.294118 1.000000
vn 0.0600990 -5.2252660 1.1264462
v 8.5340805 -14.5978165 5.6634960 0.000000 0.301961 1.000000
vn 0.0159117 -5.1267176 1.3719424
v 8.4830351 -14.5697374 5.7840762 0.000000 0.309804 1.000000
vn -0.0666020 -5.0390482 1.5935547
v 8.4210367 -14.5356340 5.9004769 0.000000 0.321569 1.000000
vn 2.8500352 -4.4188924 3.2673945
v 9.1242046 -14.0527992 5.9714661 0.000000 0.329412 1.000000
vn 4.4806614 -2.2231097 1.6333861
v 9.1258211 -14.1038256 5.9004769 0.000000 0.321569 1.000000
vn 0.8858793 -1.3643563 1.0885999
v 9.1242046 -14.0527992 -5.6500020 0.000000 0.686275 1.000000
vn 4.5326176 -2.3700213 1.3494446
v 9.1280584 -14.1744823 5.7841806 0.000000 0.309804 1.000000
vn 4.6034422 -2.4244137 1.1605438
v 9.1299038 -14.2327652 5.6634960 0.000000 0.301961 1.000000
vn 4.6278210 -2.5309858 0.8516424
v 9.1310301 -14.2683172 5.5703044 0.000000 0.294118 1.000000
vn 4.6932464 -2.5496461 0.6554736
v 9.1324034 -14.3116713 5.4106383 0.000000 0.282353 1.000000
vn 4.7013650 -2.6001296 0.3645801
v 9.1326513 -14.3195086 5.3690267 0.000000 0.274510 1.000000
vn 0.4685057 -5.3458281 0.3817332
v 9.3644304 -14.1690006 5.3691163 0.000000 0.301961 1.000000
vn 0.4305931 -5.3243113 0.6297302
v 9.3573866 -14.1655931 5.4106383 0.000000 0.301961 1.000000
vn 0.4090969 -5.2619176 0.8812748
v 9.3183136 -14.1466932 5.5703712 0.000000 0.294118 1.000000
vn 0.3517999 -5.1998372 1.1305968
v 9.2863111 -14.1312132 5.6634960 0.000000 0.301961 1.000000
vn 0.2976159 -5.1046534 1.3790176
v 9.2338066 -14.1058159 5.7841954 0.000000 0.309804 1.000000
vn 0.2172902 -5.0166664 1.5998333
v 9.1701670 -14.0750322 5.9004769 0.000000 0.321569 1.000000
vn 3.4012504 -3.9802856 3.2539237
v 9.8470230 -13.5560207 5.9715924 0.000000 0.337255 1.000000
vn 4.6051502 -2.0008955 1.5999057
v 9.8513155 -13.6069860 5.9004769 0.000000 0.337255 1.000000
vn 0.9560154 -1.3161532 1.0886002
v 9.8470230 -13.5560207 -5.6500020 0.000000 0.749020 1.000000
vn 4.6584516 -2.1074560 1.3791549
v 9.8572416 -13.6773596 5.7843146 0.000000 0.337255 1.000000
vn 4.7279062 -2.1921282 1.1306818
v 9.8621416 -13.7355356 5.6634960 0.000000 0.337255 1.000000
vn 4.7653151 -2.2679765 0.8813587
v 9.8651218 -13.7709322 5.5704460 0.000000 0.337255 1.000000
vn 4.8159204 -2.3102934 0.6298459
v 9.8687658 -13.8142014 5.4106383 0.000000 0.337255 1.000000
vn 4.8222861 -2.3531940 0.3818841
v 9.8694229 -13.8219910 5.3691683 0.000000 0.337255 1.000000
vn 0.4121857 -4.8962059 1.7900957
v 9.8502522 -13.5573788 5.9669957 0.000000 0.337255 1.000000
vn 0.7475929 -5.3139000 0.3819724
v 10.0930691 -13.6595192 5.3692579 0.000000 0.364706 1.000000
vn 0.7085576 -5.2945118 0.6299399
v 10.0858765 -13.6564932 5.4106383 0.000000 0.364706 1.000000
vn 0.6838861 -5.2332420 0.8814448
v 10.0458260 -13.6396465 5.5705128 0.000000 0.356863 1.000000
vn 0.6233646 -5.1742649 1.1307608
v 10.0130997 -13.6258802 5.6634960 0.000000 0.349020 1.000000
vn 0.5642886 -5.0820141 1.3791783
v 9.9592714 -13.6032372 5.7843294 0.000000 0.337255 1.000000
vn 0.4794470 -5.0011277 1.5965831
v 9.8941736 -13.5758533 5.9004769 0.000000 0.337255 1.000000
vn 3.2746415 -4.1017551 3.2857287
v 10.5428505 -13.0220919 5.9717264 0.000000 0.403922 1.000000
vn 4.7038093 -1.7570219 1.5998611
v 10.5498180 -13.0728655 5.9004769 0.000000 0.403922 1.000000
vn 1.0236584 -1.2642031 1.0885947
v 10.5428505 -13.0220919 -5.6500020 0.000000 0.811765 0.992157
vn 4.7622762 -1.8606638 1.3793106
v 10.5594101 -13.1427565 5.7844563 0.000000 0.403922 1.000000
vn 4.8361139 -1.9416659 1.1308187
v 10.5673580 -13.2006712 5.6634960 0.000000 0.403922 1.000000
vn 4.8774586 -2.0154176 0.8815203
v 10.5721798 -13.2358122 5.5705948 0.000000 0.403922 1.000000
vn 4.9301715 -2.0550709 0.6299775
v 10.5780907 -13.2788830 5.4106383 0.000000 0.403922 1.000000
vn 4.9388781 -2.0978093 0.3819877
v 10.5791502 -13.2866011 5.3693175 0.000000 0.411765 1.000000
vn 1.0078334 -5.2835493 0.3770372
v 10.7940493 -13.1125994 5.3694067 0.000000 0.431373 1.000000
vn 0.9585563 -5.2741814 0.6265126
v 10.7867327 -13.1099625 5.4106383 0.000000 0.431373 1.000000
vn 0.9453077 -5.2039685 0.8739572
v 10.7458076 -13.0952177 5.5706544 0.000000 0.419608 1.000000
vn 0.8669626 -5.1611977 1.1245288
v 10.7124529 -13.0831995 5.6634960 0.000000 0.419608 1.000000
vn 0.8149312 -5.0652514 1.3696299
v 10.6574411 -13.0633793 5.7844710 0.000000 0.411765 1.000000
vn 0.7138638 -4.9969144 1.5910959
v 10.5910711 -13.0394659 5.9004769 0.000000 0.403922 1.000000
vn 3.4931724 -3.9091473 3.2888646
v 11.2097826 -12.4524794 5.9718680 0.000000 0.466667 1.000000
vn 4.7729616 -1.5013649 1.6258240
v 11.2194176 -12.5029259 5.9004769 0.000000 0.466667 1.000000
vn 1.0885786 -1.2087882 1.0885983
v 11.2097826 -12.4524794 -5.6500020 0.000000 0.874510 1.000000
vn 4.8520145 -1.6225325 1.3587730
v 11.2326374 -12.5721378 5.7846055 0.000000 0.466667 1.000000
vn 4.9227400 -1.6811912 1.1530167
v 11.2436209 -12.6296377 5.6634960 0.000000 0.466667 1.000000
vn 4.9726415 -1.7671567 0.8625768
v 11.2502661 -12.6644230 5.5707588 0.000000 0.466667 1.000000
vn 5.0284877 -1.7910739 0.6485073
v 11.2584324 -12.7071791 5.4106383 0.000000 0.474510 1.000000
vn 5.0475225 -1.8332858 0.3720401
v 11.2598896 -12.7148037 5.3694811 0.000000 0.474510 1.000000
vn 1.2994370 -5.2062225 0.3815772
v 11.4654512 -12.5297394 5.3695631 0.000000 0.501961 1.000000
vn 1.2567073 -5.1927118 0.6300837
v 11.4580336 -12.5274973 5.4106383 0.000000 0.494118 1.000000
vn 1.2272282 -5.1338081 0.8799399
v 11.4163418 -12.5148983 5.5708108 0.000000 0.486275 1.000000
vn 1.1571970 -5.0846777 1.1301978
v 11.3824549 -12.5046587 5.6634960 0.000000 0.486275 1.000000
vn 1.0899699 -4.9999170 1.3761237
v 11.3264027 -12.4877205 5.7846203 0.000000 0.482353 1.000000
vn 0.9927306 -4.9290409 1.5979654
v 11.2589493 -12.4673376 5.9004769 0.000000 0.474510 1.000000
vn 3.6787009 -3.8039560 3.2172229
v 11.8459873 -11.8487434 5.9720173 0.000000 0.537255 1.000000
vn 4.8380036 -1.2292080 1.6562262
v 11.8582783 -11.8987274 5.9004769 0.000000 0.537255 1.000000
vn 1.1503582 -1.1501862 1.0885979
v 11.8459873 -11.8487434 -5.6500020 0.000000 0.937255 1.000000
vn 4.8267441 -1.4711688 1.3311582
v 11.8750820 -11.9670696 5.7847619 0.000000 0.537255 1.000000
vn 5.0068970 -1.4008578 1.1833445
v 11.8890800 -12.0239992 5.6634960 0.000000 0.537255 1.000000
vn 4.8158340 -1.7147125 0.8192623
v 11.8975210 -12.0583315 5.5709300 0.000000 0.537255 1.000000
vn 5.1267295 -1.5058033 0.6761107
v 11.9079285 -12.1006594 5.4106383 0.000000 0.537255 1.000000
vn 4.7682071 -1.8622179 0.2940900
v 11.9097757 -12.1081676 5.3696599 0.000000 0.537255 1.000000
vn 1.5700750 -5.1316724 0.3824519
v 12.1054354 -11.9125366 5.3697348 0.000000 0.564706 1.000000
vn 1.5279368 -5.1184182 0.6304246
v 12.0979376 -11.9106941 5.4106383 0.000000 0.564706 0.992157
vn 1.4939570 -5.0617800 0.8819454
v 12.0555887 -11.9002810 5.5709825 0.000000 0.556863 1.000000
vn 1.4249402 -5.0129318 1.1312736
v 12.0212679 -11.8918419 5.6634960 0.000000 0.549020 1.000000
vn 1.3521643 -4.9310846 1.3796591
v 11.9643211 -11.8778391 5.7847767 0.000000 0.537255 0.992157
vn 1.2552578 -4.8616772 1.6004314
v 11.8959780 -11.8610353 5.9004769 0.000000 0.537255 1.000000
vn 3.8896937 -3.5544095 3.2599673
v 12.4497232 -11.2125378 5.9721813 0.000000 0.603922 1.000000
vn 4.9202108 -0.9994814 1.6005394
v 12.4646482 -11.2619267 5.9004769 0.000000 0.603922 0.992157
vn 1.2089456 -1.0885104 1.0885968
v 12.4497232 -11.2125378 -5.6500020 0.000000 1.000000 0.992157
vn 4.9945049 -1.0926559 1.3798319
v 12.4849796 -11.3292074 5.7849331 0.000000 0.603922 1.000000
vn 5.0801239 -1.1611354 1.1313713
v 12.5019646 -11.3854151 5.6634960 0.000000 0.603922 1.000000
vn 5.1324930 -1.2274525 0.8820798
v 12.5121737 -11.4191980 5.5711164 0.000000 0.603922 1.000000
vn 5.1908560 -1.2585506 0.6305135
v 12.5247993 -11.4609823 5.4106383 0.000000 0.603922 1.000000
vn 5.2061653 -1.2993397 0.3825587
v 12.5270271 -11.4683533 5.3698387 0.000000 0.611765 1.000000
vn 1.8530123 -5.0269804 0.3586067
v 12.7122450 -11.2626820 5.3699136 0.000000 0.631373 1.000000
vn 1.7627335 -5.0703502 0.6256163
v 12.7046919 -11.2612400 5.4106383 0.000000 0.631373 1.000000
vn 1.7894715 -4.9449148 0.8642721
v 12.6617956 -11.2530460 5.5711613 0.000000 0.619608 0.992157
vn 1.6554465 -4.9729457 1.1228526
v 12.6271400 -11.2464256 5.6634960 0.000000 0.619608 1.000000
vn 1.6161572 -4.8548288 1.3668783
v 12.5694475 -11.2354069 5.7849479 0.000000 0.611765 0.992157
vn 1.4796481 -4.8344016 1.5886927
v 12.5004091 -11.2222195 5.9004769 0.000000 0.603922 1.000000
vn 4.0482216 -3.3242998 3.2952967
v 13.0193367 -10.5456066 5.9723449 0.000000 0.666667 1.000000
vn 4.9464521 -0.7424976 1.6222625
v 13.0368681 -10.5942678 5.9004769 0.000000 0.666667 1.000000
vn 1.2642497 -1.0237447 1.0885986
v 13.0193367 -10.5456066 -5.6500020 0.000000 1.000000 0.929412
vn 5.0418072 -0.8433750 1.3654306
v 13.0606613 -10.6603022 5.7851043 0.000000 0.666667 1.000000
vn 5.1204996 -0.8977054 1.1496501
v 13.0805960 -10.7156315 5.6634960 0.000000 0.666667 1.000000
vn 5.1836400 -0.9692199 0.8692997
v 13.0925379 -10.7487726 5.5713100 0.000000 0.674510 1.000000
vn 5.2404613 -0.9905280 0.6452694
v 13.1073561 -10.7899008 5.4106383 0.000000 0.674510 1.000000
vn 5.2654338 -1.0287578 0.3760818
v 13.1099539 -10.7971144 5.3700328 0.000000 0.674510 1.000000
vn 2.0906956 -4.9494987 0.3809632
v 13.2842178 -10.5819569 5.3700995 0.000000 0.701961 1.000000
vn 2.0451493 -4.9438658 0.6291757
v 13.2766323 -10.5809164 5.4106383 0.000000 0.701961 1.000000
vn 2.0088975 -4.8882236 0.8784425
v 13.2333021 -10.5749693 5.5713472 0.000000 0.694118 1.000000
vn 1.9307857 -4.8525639 1.1283983
v 13.1984100 -10.5701818 5.6634960 0.000000 0.686275 1.000000
vn 1.8530846 -4.7773809 1.3740044
v 13.1401262 -10.5621834 5.7851267 0.000000 0.682353 1.000000
vn 1.7451582 -4.7241058 1.5956631
v 13.0705862 -10.5526400 5.9004769 0.000000 0.674510 1.000000
vn 4.2459965 -3.1111827 3.2596970
v 13.5532646 -9.8497791 5.9725237 0.000000 0.737255 1.000000
vn 4.9780846 -0.4668502 1.6383020
v 13.5733709 -9.8975773 5.9004769 0.000000 0.737255 1.000000
vn 1.3161132 -0.9562722 1.0886002
v 13.5532646 -9.8497791 -5.6500020 0.000000 1.000000 0.866667
vn 5.0757623 -0.5965093 1.3467057
v 13.6005478 -9.9621849 5.7852907 0.000000 0.737255 1.000000
vn 5.1662264 -0.6106232 1.1655315
v 13.6233902 -10.0164881 5.6634960 0.000000 0.737255 1.000000
vn 5.2206597 -0.7145358 0.8474280
v 13.6370220 -10.0488939 5.5715113 0.000000 0.737255 1.000000
vn 5.2962537 -0.6953890 0.6601274
v 13.6539993 -10.0892544 5.4106383 0.000000 0.737255 1.000000
vn 5.3190546 -0.7456342 0.3617115
v 13.6569576 -10.0962887 5.3702340 0.000000 0.737255 1.000000
vn 2.3533251 -4.8228817 0.3830600
v 13.8197842 -9.8722239 5.3703008 0.000000 0.764706 1.000000
vn 2.3096910 -4.8163371 0.6310529
v 13.8121881 -9.8715849 5.4106383 0.000000 0.764706 1.000000
vn 2.2672486 -4.7657299 0.8825418
v 13.7685394 -9.8679085 5.5715408 0.000000 0.756863 1.000000
vn 2.1914563 -4.7282329 1.1318220
v 13.7335119 -9.8649588 5.6634960 0.000000 0.749020 1.000000
vn 2.1066341 -4.6587105 1.3802296
v 13.6747894 -9.8600140 5.7853055 0.000000 0.749020 0.992157
vn 2.0000477 -4.6053567 1.6009250
v 13.6049442 -9.8541317 5.9004769 0.000000 0.737255 1.000000
vn 4.5163965 -2.7528141 3.2184455
v 14.0500431 -9.1269608 5.9727025 0.000000 0.803922 1.000000
vn 5.0157051 -0.2173814 1.6011095
v 14.0726833 -9.1737661 5.9004769 0.000000 0.803922 1.000000
vn 1.3642769 -0.8859482 1.0885988
v 14.0500431 -9.1269608 -5.6500020 0.000000 1.000000 0.803922
vn 5.1036882 -0.2977365 1.3804213
v 14.1031599 -9.2367697 5.7854772 0.000000 0.803922 1.000000
vn 5.1989756 -0.3520094 1.1319692
v 14.1288586 -9.2898951 5.6634960 0.000000 0.803922 1.000000
vn 5.2611971 -0.4094307 0.8827354
v 14.1441355 -9.3214788 5.5717196 0.000000 0.803922 0.992157
vn 5.3236294 -0.4309469 0.6311681
v 14.1632338 -9.3609600 5.4106383 0.000000 0.811765 1.000000
vn 5.3454161 -0.4692495 0.3831921
v 14.1665401 -9.3677969 5.3704500 0.000000 0.811765 1.000000
vn 2.6021376 -4.6930861 0.3832995
v 14.3174753 -9.1354303 5.3705096 0.000000 0.831373 1.000000
vn 2.5585840 -4.6888566 0.6312737
v 14.3098927 -9.1351900 5.4106383 0.000000 0.831373 1.000000
vn 2.5134397 -4.6404920 0.8827762
v 14.2660418 -9.1338015 5.5717497 0.000000 0.827451 0.992157
vn 2.4358113 -4.6070404 1.1320478
v 14.2309780 -9.1326904 5.6634960 0.000000 0.819608 1.000000
vn 2.3458164 -4.5475020 1.3775754
v 14.1719723 -9.1308222 5.7854996 0.000000 0.811765 1.000000
vn 4.5156608 -2.6693773 3.2869294
v 14.5083122 -8.3791342 5.9728889 0.000000 0.866667 1.000000
vn 4.9980278 0.0333784 1.6209271
v 14.5334406 -8.4248161 5.9004769 0.000000 0.866667 1.000000
vn 1.4087802 -0.8133897 1.0885968
v 14.5083122 -8.3791342 -5.6500020 0.000000 1.000000 0.737255
vn 5.1132851 -0.0294462 1.3796518
v 14.5671196 -8.4860439 5.7856784 0.000000 0.866667 1.000000
vn 5.2102313 -0.0793923 1.1321989
v 14.5956144 -8.5378456 5.6634960 0.000000 0.866667 1.000000
vn 5.2752585 -0.1334088 0.8830001
v 14.6124887 -8.5685205 5.5719433 0.000000 0.874510 1.000000
vn 5.3388739 -0.1517122 0.6314275
v 14.6336622 -8.6070127 5.4106383 0.000000 0.874510 1.000000
vn 5.3624926 -0.1886940 0.3834861
v 14.6373043 -8.6136341 5.3706732 0.000000 0.874510 1.000000
vn 2.8343565 -4.5705457 0.3797132
v 14.7759285 -8.3735943 5.3707180 0.000000 0.901961 0.992157
vn 2.7868996 -4.5758772 0.6283937
v 14.7683811 -8.3737497 5.4106383 0.000000 0.901961 1.000000
vn 2.7462769 -4.5201759 0.8765240
v 14.7244434 -8.3746595 5.5719581 0.000000 0.894118 1.000000
vn 2.6603913 -4.5032282 1.1266993
v 14.6894426 -8.3753843 5.6634960 0.000000 0.886275 1.000000
vn 2.5751464 -4.4359550 1.3718700
v 14.6303120 -8.3766088 5.7856932 0.000000 0.882353 1.000000
vn 2.4580255 -4.4048624 1.5933192
v 14.5604458 -8.3780546 5.9004769 0.000000 0.874510 1.000000
vn 4.6654143 -2.3948436 3.2864940
v 14.9268141 -7.6083479 5.9730825 0.000000 0.937255 0.992157
vn 4.9931870 0.3115418 1.6289684
v 14.9543772 -7.6527772 5.9004769 0.000000 0.937255 1.000000
vn 1.4494978 -0.7385563 1.0885956
v 14.9268141 -7.6083479 -5.6500020 0.000000 1.000000 0.674510
vn 5.1112914 0.2232348 1.3577640
v 14.9911566 -7.7120647 5.7858791 0.000000 0.937255 1.000000
vn 5.1984625 0.1975880 1.1561955
v 15.0223818 -7.7623982 5.6634960 0.000000 0.937255 1.000000
vn 5.2758169 0.1318113 0.8615410
v 15.0407963 -7.7920818 5.5721669 0.000000 0.937255 1.000000
vn 5.3373785 0.1332535 0.6516375
v 15.0639963 -7.8294787 5.4106307 0.000000 0.937255 1.000000
vn 5.3708715 0.0994173 0.3722415
v 15.0679588 -7.8358669 5.3708968 0.000000 0.937255 1.000000
vn 3.0786760 -4.3953695 0.3837567
v 15.1938829 -7.5888009 5.3709416 0.000000 0.964706 1.000000
vn 3.0345664 -4.3956757 0.6317352
v 15.1863928 -7.5893497 5.4106307 0.000000 0.964706 0.992157
vn 2.9850667 -4.3499660 0.8850480
v 15.1424894 -7.5925627 5.5721817 0.000000 0.956863 1.000000
vn 2.9042478 -4.3313918 1.1270804
v 15.1076488 -7.5951123 5.6634960 0.000000 0.956863 1.000000
vn 2.8069115 -4.2774234 1.3804914
v 15.0485525 -7.5994382 5.7859015 0.000000 0.949020 1.000000
vn 2.6937346 -4.2414784 1.6002783
v 14.9789686 -7.6045308 5.9004769 0.000000 0.937255 1.000000
vn 1.4861934 -0.6616860 1.0885960
v 15.3044043 -6.8167152 -5.6500020 0.000000 1.000000 0.611765
vn 4.7716436 -2.2990210 3.2045345
v 15.3044043 -6.8167152 5.9732838 0.000000 1.000000 0.992157
vn 4.9527559 0.5616865 1.6416916
v 15.3343410 -6.8597665 5.9004769 0.000000 1.000000 0.992157
vn 4.8766837 0.2670354 1.4999455
v 15.3741083 -6.9169540 5.7860880 0.000000 1.000000 0.992157
vn 5.2494760 0.4171726 0.9096073
v 15.4278860 -6.9942904 5.5724053 0.000000 1.000000 0.984314
vn 5.3253813 0.4072022 0.6319722
v 15.4530573 -7.0304885 5.4106307 0.000000 1.000000 0.984314
vn 5.3526411 0.3730267 0.3840417
v 15.4573259 -7.0366263 5.3711352 0.000000 1.000000 0.984314
vn 3.3042645 -4.2282252 0.3840295
v 15.5701952 -6.7832041 5.3711724 0.000000 1.000000 0.956863
vn 3.2604015 -4.2308636 0.6319904
v 15.5627832 -6.7841387 5.4106307 0.000000 1.000000 0.956863
vn 3.2083037 -4.1901245 0.8834683
v 15.5190315 -6.7896547 5.5724053 0.000000 1.000000 0.964706
vn 3.1262395 -4.1692119 1.1327091
v 15.4844484 -6.7940154 5.6634960 0.000000 1.000000 0.972549
vn 3.0288050 -4.1187730 1.3811141
v 15.4255466 -6.8014417 5.7861104 0.000000 1.000000 0.976471
vn 2.9133456 -4.0887699 1.6017535
v 15.3564377 -6.8101554 5.9004769 0.000000 1.000000 0.984314
vn 4.8948183 -1.9235768 3.2728000
v 15.6400442 -6.0064068 5.9734850 0.000000 1.000000 0.921569
vn 4.9507833 0.8304062 1.6019282
v 15.6722889 -6.0479541 5.9004769 0.000000 1.000000 0.921569
vn 1.5186912 -0.5831369 1.0885973
v 15.6400442 -6.0064068 -5.6500020 0.000000 1.000000 0.549020
vn 5.0536785 0.7700109 1.3812878
v 15.7149229 -6.1028900 5.7862964 0.000000 1.000000 0.921569
vn 5.1582403 0.7366827 1.1328995
v 15.7513790 -6.1498656 5.6634960 0.000000 1.000000 0.921569
vn 5.2310581 0.6934786 0.8837240
v 15.7726946 -6.1773324 5.5726438 0.000000 1.000000 0.921569
vn 5.2966747 0.6854441 0.6322302
v 15.7997780 -6.2122288 5.4106307 0.000000 1.000000 0.909804
vn 5.3258500 0.6525214 0.3842989
v 15.8043356 -6.2181015 5.3713813 0.000000 1.000000 0.909804
vn 3.5183246 -4.0630331 0.3724653
v 15.9038305 -5.9590106 5.3714037 0.000000 1.000000 0.894118
vn 3.4638968 -4.0972385 0.6276715
v 15.8965178 -5.9603243 5.4106307 0.000000 1.000000 0.894118
vn 3.4276190 -4.0159264 0.8714046
v 15.8530359 -5.9681373 5.5726361 0.000000 1.000000 0.901961
vn 3.3282857 -4.0447569 1.1250775
v 15.8188086 -5.9742870 5.6634960 0.000000 1.000000 0.901961
vn 3.2414320 -3.9707072 1.3695141
v 15.7602615 -5.9848070 5.7863188 0.000000 1.000000 0.909804
vn 3.1139281 -3.9785931 1.5910718
v 15.6918163 -5.9971046 5.9004769 0.000000 1.000000 0.921569
vn 4.9701114 -1.6460720 3.2984352
v 15.9328175 -5.1796422 5.9736934 0.000000 1.000000 0.858824
vn 4.8836179 1.0823698 1.6244527
v 15.9672947 -5.2195649 5.9004769 0.000000 1.000000 0.858824
vn 1.5471507 -0.5026444 1.0885956
v 15.9328175 -5.1796422 -5.6500020 0.000000 1.000000 0.486275
vn 5.0099893 1.0212262 1.3652582
v 16.0126686 -5.2721047 5.7865129 0.000000 1.000000 0.858824
vn 5.1023722 1.0003016 1.1519738
v 16.0516109 -5.3171973 5.6634960 0.000000 1.000000 0.854902
vn 5.1876192 0.9550848 0.8694255
v 16.0742798 -5.3434463 5.5728970 0.000000 1.000000 0.854902
vn 5.2482314 0.9569937 0.6476721
v 16.1032066 -5.3769422 5.4106307 0.000000 1.000000 0.847059
vn 5.2854848 0.9306539 0.3771367
v 16.1080360 -5.3825345 5.3716269 0.000000 1.000000 0.847059
vn 3.7260158 -3.8675716 0.3831512
v 16.1938763 -5.1184793 5.3716421 0.000000 1.000000 0.819608
vn 3.6819439 -3.8778610 0.6313691
v 16.1866817 -5.1201644 5.4106307 0.000000 1.000000 0.827451
vn 3.6274116 -3.8400464 0.8807850
v 16.1435909 -5.1302605 5.5728745 0.000000 1.000000 0.831373
vn 3.5418477 -3.8336170 1.1308310
v 16.1098099 -5.1381750 5.6634960 0.000000 1.000000 0.839216
vn 3.4418130 -3.7923694 1.3764324
v 16.0517769 -5.1517711 5.7865348 0.000000 1.000000 0.847059
vn 3.3220239 -3.7804806 1.5980051
v 15.9841852 -5.1676073 5.9004769 0.000000 1.000000 0.847059
vn 5.0823231 -1.3936877 3.2509766
v 16.1819191 -4.3386884 5.9739022 0.000000 1.000000 0.784314
vn 4.8114157 1.3504200 1.6443880
v 16.2185497 -4.3768682 5.9004841 0.000000 1.000000 0.792157
vn 1.5714281 -0.4208737 1.0885957
v 16.1819191 -4.3386884 -5.6500020 0.000000 1.000000 0.419608
vn 4.9482651 1.2455070 1.3435297
v 16.2665291 -4.4268742 5.7867360 0.000000 1.000000 0.792157
vn 5.0401506 1.2844309 1.1716630
v 16.3078613 -4.4699540 5.6634960 0.000000 1.000000 0.784314
vn 5.1235952 1.1797781 0.8416022
v 16.3318100 -4.4949169 5.5731502 0.000000 1.000000 0.784314
vn 5.1933527 1.2525903 0.6659104
v 16.3625126 -4.5269160 5.4106307 0.000000 1.000000 0.784314
vn 5.2299442 1.1994867 0.3566594
v 16.3675976 -4.5322161 5.3718877 0.000000 1.000000 0.784314
vn 3.9249692 -3.6592984 0.3847455
v 16.4395332 -4.2639127 5.3718877 0.000000 1.000000 0.756863
vn 3.8819599 -3.6686616 0.6327341
v 16.4324799 -4.2659602 5.4106307 0.000000 1.000000 0.756863
vn 3.8240380 -3.6366458 0.8842412
v 16.3898926 -4.2783213 5.5731206 0.000000 1.000000 0.764706
vn 3.7396545 -3.6287861 1.1334653
v 16.3566532 -4.2879696 5.6634960 0.000000 1.000000 0.764706
vn 3.6355252 -3.5942581 1.3817639
v 16.2992954 -4.3046179 5.7867584 0.000000 1.000000 0.776471
vn 3.5167174 -3.5825143 1.6024820
v 16.2327423 -4.3239365 5.9004841 0.000000 1.000000 0.784314
vn 5.1722593 -1.0834219 3.2379122
v 16.3866673 -3.4858499 5.9741182 0.000000 1.000000 0.721569
vn 4.7595406 1.5946708 1.6026293
v 16.4253654 -3.5221720 5.9004841 0.000000 1.000000 0.721569
vn 1.5912466 -0.3381109 1.0885943
v 16.3866673 -3.4858499 -5.6500020 0.000000 1.000000 0.356863
vn 4.8706641 1.5511727 1.3819902
v 16.4758053 -3.5695150 5.7869596 0.000000 1.000000 0.721569
vn 4.9791455 1.5346336 1.1336600
v 16.5194263 -3.6104562 5.6634960 0.000000 1.000000 0.721569
vn 5.0579495 1.5032609 0.8845178
v 16.5445900 -3.6340759 5.5733886 0.000000 1.000000 0.721569
vn 5.1241298 1.5055413 0.6330032
v 16.5769825 -3.6644797 5.4106307 0.000000 1.000000 0.709804
vn 5.1580219 1.4777478 0.3851052
v 16.5823078 -3.6694777 5.3721261 0.000000 1.000000 0.709804
vn 3.6968596 -3.4550729 1.5891215
v 16.4368038 -3.4684045 5.9004841 0.000000 1.000000 0.709804
vn 4.1110048 -3.4488263 0.3850980
v 16.6401291 -3.3976548 5.3721414 0.000000 1.000000 0.686275
vn 4.0685840 -3.4605148 0.6330576
v 16.6332321 -3.4000547 5.4106307 0.000000 1.000000 0.694118
vn 4.0011978 -3.4243798 0.9105570
v 16.5912724 -3.4146550 5.5733666 0.000000 1.000000 0.701961
vn 3.8298428 -3.3307834 1.3798206
v 16.5021400 -3.4456701 5.7869821 0.000000 1.000000 0.709804
vn 5.1667523 -0.8666731 3.2952712
v 16.5465012 -2.6234643 5.9743342 0.000000 1.000000 0.654902
vn 4.6536736 1.8254100 1.6226963
v 16.5871735 -2.6578181 5.9004841 0.000000 1.000000 0.654902
vn 1.6067716 -0.2546285 1.0885980
v 16.5465012 -2.6234643 -5.6500020 0.000000 1.000000 0.294118
vn 4.7844410 1.7868609 1.3711197
v 16.6399269 -2.7023764 5.7871904 0.000000 1.000000 0.654902
vn 4.8821754 1.7761599 1.1488532
v 16.6857243 -2.7410586 5.6634960 0.000000 1.000000 0.654902
vn 4.9712534 1.7640190 0.8864444
v 16.7120323 -2.7632790 5.5736122 0.000000 1.000000 0.654902
vn 5.0383253 1.7716296 0.6332611
v 16.7460289 -2.7919958 5.4106307 0.000000 1.000000 0.647059
vn 5.0734282 1.7457861 0.3853619
v 16.7515793 -2.7966828 5.3723497 0.000000 1.000000 0.647059
vn 4.2838850 -3.2487004 0.3824912
v 16.7951126 -2.5220792 5.3723869 0.000000 1.000000 0.619608
vn 4.2417450 -3.2684639 0.6307319
v 16.7883892 -2.5248201 5.4106307 0.000000 1.000000 0.619608
vn 4.1829929 -3.2344851 0.8792770
v 16.7471733 -2.5416288 5.5736198 0.000000 1.000000 0.631373
vn 4.0970621 -3.2461143 1.1292018
v 16.7152805 -2.5546346 5.6634960 0.000000 1.000000 0.639216
vn 3.9927802 -3.2164946 1.3744010
v 16.6597500 -2.5772805 5.7872128 0.000000 1.000000 0.647059
vn 3.8723121 -3.2269604 1.5958760
v 16.5958080 -2.6033568 5.9004841 0.000000 1.000000 0.647059
vn 5.2166600 -0.5612819 3.2829309
v 16.6609821 -1.7538958 5.9745502 0.000000 1.000000 0.584314
vn 4.5478311 2.0822976 1.6327946
v 16.7035294 -1.7861745 5.9004841 0.000000 1.000000 0.584314
vn 1.6177758 -0.1700570 1.0885959
v 16.6609821 -1.7538958 -5.6500020 0.000000 1.000000 0.231373
vn 4.6919546 2.0380144 1.3566828
v 16.7584438 -1.8278354 5.7874141 0.000000 1.000000 0.584314
vn 4.7812033 2.0502589 1.1600888
v 16.8063011 -1.8641430 5.6634960 0.000000 1.000000 0.584314
vn 4.8782434 2.0117569 0.8603210
v 16.8336716 -1.8849087 5.5738435 0.000000 1.000000 0.584314
vn 4.9347501 2.0405645 0.6553789
v 16.8691902 -1.9118541 5.4106307 0.000000 1.000000 0.576471
vn 4.9787502 2.0197852 0.3723775
v 16.8749447 -1.9162199 5.3725805 0.000000 1.000000 0.576471
vn 4.4487681 -3.0002816 0.3856815
v 16.9040565 -1.6395866 5.3726478 0.000000 1.000000 0.556863
vn 4.4079556 -3.0162792 0.6335961
v 16.8975277 -1.6426564 5.4106307 0.000000 1.000000 0.556863
vn 4.3455782 -2.9936204 0.8850662
v 16.8571701 -1.6616360 5.5738730 0.000000 1.000000 0.564706
vn 4.2609529 -2.9990966 1.1342902
v 16.8260803 -1.6762562 5.6634960 0.000000 1.000000 0.564706
vn 4.1529894 -2.9822755 1.3817315
v 16.7716961 -1.7018305 5.7874365 0.000000 1.000000 0.576471
vn 4.0335593 -2.9900057 1.6028066
v 16.7093201 -1.7311643 5.9004841 0.000000 1.000000 0.584314
vn 1.6246125 -0.0850247 1.0885949
v 16.7297955 -0.8795274 -5.6500020 0.000000 1.000000 0.164706
vn 5.2642436 -0.4609993 3.2215099
v 16.7297955 -0.8795274 5.9747663 0.000000 1.000000 0.521569
vn 4.5692272 2.2983966 1.3802930
v 16.8310299 -0.9482887 5.7876453 0.000000 1.000000 0.521569
vn 4.6775646 2.2946239 1.1343937
v 16.8808250 -0.9821123 5.6634960 0.000000 1.000000 0.521569
vn 4.7602501 2.2760408 0.8852510
v 16.9091797 -1.0013720 5.5740743 0.000000 1.000000 0.521569
vn 4.8254070 2.2886157 0.6338138
v 16.9461231 -1.0264666 5.4106307 0.000000 1.000000 0.509804
vn 4.8629704 2.2665634 0.3859150
v 16.9520664 -1.0305022 5.3728189 0.000000 1.000000 0.509804
vn 4.5994043 -2.7634695 0.3859879
v 16.9666634 -0.7525956 5.3729010 0.000000 1.000000 0.486275
vn 4.5597048 -2.7814808 0.6339126
v 16.9603424 -0.7559816 5.4106307 0.000000 1.000000 0.486275
vn 4.4962797 -2.7620997 0.8853091
v 16.9209557 -0.7770889 5.5741262 0.000000 1.000000 0.501961
vn 4.4119997 -2.7719831 1.1344936
v 16.8907528 -0.7932745 5.6634960 0.000000 1.000000 0.501961
vn 4.3028402 -2.7598588 1.3827637
v 16.8376713 -0.8217193 5.7876673 0.000000 1.000000 0.509804
vn 4.1841526 -2.7730896 1.6034245
v 16.7770252 -0.8542181 5.9004841 0.000000 1.000000 0.509804
vn 5.2492719 -0.0402559 3.2852619
v 16.7527561 -0.0027560 5.9749827 0.000000 1.000000 0.454902
vn 4.3234029 2.5493817 1.6036317
v 16.7987309 -0.0305842 5.9004841 0.000000 1.000000 0.454902
vn 1.6268166 0.0000397 1.0885974
v 16.7527561 -0.0027560 -5.6500020 0.000000 1.000000 0.101961
vn 4.4412107 2.5299120 1.3829794
v 16.8574848 -0.0661467 5.7878761 0.000000 1.000000 0.454902
vn 4.5509648 2.5362942 1.1346234
v 16.9090900 -0.0973831 5.6634960 0.000000 1.000000 0.454902
vn 4.6345830 2.5220354 0.8855194
v 16.9383430 -0.1150904 5.5743127 0.000000 1.000000 0.454902
vn 4.6988683 2.5379910 0.6340063
v 16.9766216 -0.1382589 5.4106307 0.000000 1.000000 0.447059
vn 4.7379417 2.5178707 0.3860613
v 16.9827309 -0.1419564 5.3730502 0.000000 1.000000 0.447059
vn 4.7406578 -2.5413814 0.3789514
v 16.9827576 0.1364620 5.3731618 0.000000 1.000000 0.419608
vn 4.7014775 -2.5788970 0.6299765
v 16.9766655 0.1327735 5.4106307 0.000000 0.992157 0.419608
vn 4.6384077 -2.5357962 0.8761155
v 16.9383602 0.1095879 5.5743799 0.000000 1.000000 0.431373
vn 4.5555902 -2.5788243 1.1276162
v 16.9091206 0.0918897 5.6634960 0.000000 1.000000 0.439216
vn 4.4480443 -2.5524254 1.3722025
v 16.8574944 0.0606405 5.7878985 0.000000 1.000000 0.439216
vn 4.3311682 -2.5940733 1.5937524
v 16.7987404 0.0250775 5.9004841 0.000000 1.000000 0.447059
vn 5.2279396 0.2502868 3.3004451
v 16.7297955 0.8740156 5.9752059 0.000000 1.000000 0.384314
vn 4.1696119 2.7630184 1.6271682
v 16.7773151 0.8485523 5.9004841 0.000000 1.000000 0.384314
vn 1.6244951 0.0852410 1.0885946
v 16.7297955 0.8740156 -5.6500020 0.000000 1.000000 0.031373
vn 4.3113852 2.7502651 1.3651087
v 16.8377361 0.8161728 5.7881069 0.000000 0.992157 0.384314
vn 4.4039259 2.7655134 1.1546077
v 16.8910179 0.7876205 5.6634960 0.000000 1.000000 0.384314
vn 4.5008631 2.7527416 0.8694543
v 16.9210854 0.7715071 5.5745511 0.000000 1.000000 0.384314
vn 4.5560732 2.7779901 0.6503710
v 16.9605942 0.7503351 5.4106307 0.000000 1.000000 0.376471
vn 4.6005425 2.7670431 0.3782031
v 16.9668522 0.7469822 5.3732886 0.000000 1.000000 0.376471
vn 4.8637033 -2.2712188 0.3854746
v 16.9522991 1.0251486 5.3734226 0.000000 0.992157 0.356863
vn 4.8260903 -2.2960331 0.6338111
v 16.9464436 1.0211722 5.4106307 0.000000 1.000000 0.356863
vn 4.7614942 -2.2812700 0.8833911
v 16.9093304 0.9959635 5.5746403 0.000000 1.000000 0.364706
vn 4.6790552 -2.3051953 1.1333619
v 16.8811321 0.9768094 5.6634960 0.000000 1.000000 0.364706
vn 4.5705657 -2.3034523 1.3790185
v 16.8311081 0.9428303 5.7881293 0.000000 1.000000 0.376471
vn 4.4541745 -2.3347263 1.6006935
v 16.7743988 0.9043120 5.9004841 0.000000 1.000000 0.384314
vn 5.2525129 0.5033144 3.2408645
v 16.6609821 1.7483839 5.9754219 0.000000 1.000000 0.321569
vn 4.0031867 2.9861443 1.6515136
v 16.7099190 1.7253710 5.9004841 0.000000 1.000000 0.321569
vn 1.6178454 0.1699742 1.0885971
v 16.6609821 1.7483839 -5.6500020 0.027451 1.000000 0.000000
vn 4.1760387 2.9033725 1.3398197
v 16.7718391 1.6962516 5.7883382 0.000000 1.000000 0.321569
vn 4.2418594 3.0078998 1.1787455
v 16.8266563 1.6704735 5.6634960 0.000000 1.000000 0.321569
vn 4.3642893 2.8776956 0.8327321
v 16.8574524 1.6559908 5.5747895 0.000000 1.000000 0.309804
vn 4.3978391 3.0342584 0.6722285
v 16.8980885 1.6368806 5.4106307 0.000000 1.000000 0.309804
vn 4.4559183 2.9543705 0.3431685
v 16.9044743 1.6338778 5.3735342 0.000000 1.000000 0.309804
vn 4.9748611 -2.0100076 0.3868729
v 16.8753681 1.9110280 5.3736835 0.000000 1.000000 0.286275
vn 4.9385281 -2.0339584 0.6347768
v 16.8697643 1.9067785 5.4106236 0.000000 1.000000 0.286275
vn 4.8727608 -2.0247560 0.8861297
v 16.8339520 1.8796080 5.5749011 0.000000 1.000000 0.294118
vn 4.7910347 -2.0477164 1.1352487
v 16.8068657 1.8590585 5.6634960 0.000000 1.000000 0.301961
vn 4.6812444 -2.0527782 1.3835160
v 16.7585869 1.8224319 5.7883606 0.000000 1.000000 0.309804
vn 4.5660086 -2.0844719 1.6041479
v 16.7040730 1.7810744 5.9004841 0.000000 1.000000 0.309804
vn 5.2126036 0.8013504 3.2538199
v 16.5465012 2.6179523 5.9756384 0.000000 1.000000 0.254902
vn 3.8709288 3.1942871 1.6043134
v 16.5967293 2.5974693 5.9004841 0.000000 1.000000 0.254902
vn 1.6067435 0.2545499 1.0885960
v 16.5465012 2.6179523 -5.6500020 0.086275 1.000000 0.000000
vn 3.9904437 3.1935143 1.3837020
v 16.6599731 2.5716777 5.7885613 0.000000 1.000000 0.254902
vn 4.0978475 3.2169828 1.1354183
v 16.7161789 2.5487566 5.6634960 0.000000 1.000000 0.254902
vn 4.1827149 3.2159433 0.8862852
v 16.7476158 2.5359364 5.5750279 0.000000 1.000000 0.247059
vn 4.2438946 3.2417955 0.6347713
v 16.7892723 2.5189483 5.4106236 0.000000 1.000000 0.247059
vn 4.2857614 3.2279854 0.3868748
v 16.7957668 2.5162997 5.3737726 0.000000 1.000000 0.247059
vn 5.0075336 -1.4635046 0.3195127
v 16.7521725 2.7916713 5.3739443 0.000000 1.000000 0.219608
vn 5.0497756 -1.8255427 0.6297856
v 16.7468357 2.7871642 5.4106236 0.000000 1.000000 0.219608
vn 4.9311576 -1.5607582 0.8522312
v 16.7124252 2.7580988 5.5751619 0.000000 1.000000 0.231373
vn 4.9059305 -1.8475744 1.1264269
v 16.6865196 2.7362177 5.6634960 0.000000 1.000000 0.239216
vn 4.7783737 -1.7488992 1.3675816
v 16.6401291 2.6970341 5.7885838 0.000000 1.000000 0.239216
vn 4.6873412 -1.8968885 1.5915909
v 16.5879478 2.6529608 5.9004841 0.000000 1.000000 0.247059
vn 5.1273637 1.0477057 3.3022301
v 16.3866673 3.4803379 5.9758544 0.000000 1.000000 0.184314
vn 3.6887751 3.3745899 1.6246951
v 16.4380531 3.4624572 5.9004841 0.000000 1.000000 0.184314
vn 1.5911317 0.3383072 1.0885953
v 16.3866673 3.4803379 -5.6500020 0.156863 1.000000 0.000000
vn 3.8257179 3.3855777 1.3714178
v 16.5024452 3.4400516 5.7887850 0.000000 1.000000 0.184314
vn 3.9194236 3.4115977 1.1524358
v 16.5598907 3.4200625 5.6634960 0.000000 1.000000 0.184314
vn 4.0139532 3.4163535 0.8755369
v 16.5918789 3.4089322 5.5752664 0.000000 1.000000 0.184314
vn 4.0676303 3.4460530 0.6482772
v 16.6344433 3.3941207 5.4106236 0.000000 1.000000 0.176471
vn 4.1124277 3.4415102 0.3819133
v 16.6410294 3.3918293 5.3740110 0.000000 1.000000 0.176471
vn 5.1628504 -1.4941800 0.3850075
v 16.5830517 3.6646638 5.3742123 0.000000 1.000000 0.156863
vn 5.1295586 -1.5266441 0.6331382
v 16.5779934 3.6599152 5.4106236 0.000000 1.000000 0.156863
vn 5.0628152 -1.5184975 0.8820808
v 16.5450840 3.6290271 5.5754228 0.000000 1.000000 0.164706
vn 4.9861197 -1.5580735 1.1317902
v 16.5204239 3.6058822 5.6634889 0.000000 1.000000 0.164706
vn 4.8783450 -1.5696849 1.3770165
v 16.4760571 3.5642395 5.7888150 0.000000 1.000000 0.176471
vn 4.7689290 -1.6211481 1.5985334
v 16.4263477 3.5175807 5.9004841 0.000000 1.000000 0.184314
vn 5.0753818 1.3447921 3.2779529
v 16.1819191 4.3331761 5.9760704 0.000000 0.992157 0.121569
vn 3.4964316 3.5748284 1.6372200
v 16.2343292 4.3179641 5.9004841 0.000000 0.992157 0.121569
vn 1.5712718 0.4212148 1.0885971
v 16.1819191 4.3331761 -5.6500020 0.227451 1.000000 0.000000
vn 3.6515651 3.5798697 1.3552556
v 16.2996845 4.2989931 5.7890162 0.000000 1.000000 0.121569
vn 3.7264838 3.6296635 1.1645520
v 16.3582172 4.2820039 5.6634889 0.000000 1.000000 0.121569
vn 3.8348191 3.6215947 0.8582533
v 16.3906651 4.2725854 5.5754972 0.000000 1.000000 0.109804
vn 3.8740940 3.6765835 0.6596561
v 16.4340248 4.2599993 5.4106236 0.000000 1.000000 0.109804
vn 3.9240565 3.6707072 0.3719903
v 16.4406815 4.2580671 5.3742495 0.000000 1.000000 0.109804
vn 5.2283468 -1.2067391 0.3876005
v 16.3684692 4.5276141 5.3744507 0.000000 1.000000 0.086275
vn 5.1957579 -1.2363005 0.6355060
v 16.3636951 4.5226383 5.4106236 0.000000 1.000000 0.086275
vn 5.1291943 -1.2376606 0.8870068
v 16.3323917 4.4900093 5.5756688 0.000000 1.000000 0.094118
vn 5.0521331 -1.2731462 1.1360158
v 16.3090363 4.4656672 5.6634889 0.000000 1.000000 0.101961
vn 4.9443450 -1.2952936 1.3842390
v 16.2668247 4.4216709 5.7890382 0.000000 1.000000 0.109804
vn 4.8355432 -1.3446220 1.6048162
v 16.2197075 4.3725629 5.9004841 0.000000 1.000000 0.109804
vn 4.8416209 1.9857700 3.2612810
v 15.9328175 5.1741304 5.9762788 0.000000 1.000000 0.058824
vn 3.3231969 3.7604198 1.6049881
v 15.9861088 5.1616449 5.9004841 0.000000 1.000000 0.058824
vn 1.5471120 0.5026597 1.0885950
v 15.9328175 5.1741304 -5.6500020 0.294118 1.000000 0.000000
vn 3.4413929 3.7783284 1.3844198
v 16.0522518 5.1461482 5.7892323 0.000000 1.000000 0.058824
vn 3.5438614 3.8183980 1.1361517
v 16.1117096 5.1322179 5.6634889 0.000000 1.000000 0.054902
vn 3.6279130 3.8305986 0.8870889
v 16.1445274 5.1245289 5.5757356 0.000000 1.000000 0.054902
vn 3.6843677 3.8656950 0.6354979
v 16.1885662 5.1142111 5.4106236 0.000000 0.992157 0.047059
vn 3.7280838 3.8586574 0.3875684
v 16.1952724 5.1126394 5.3744807 0.000000 1.000000 0.047059
vn 4.7821522 -1.1224948 1.7924030
v 15.9365139 5.1784096 5.9689031 0.000000 1.000000 0.058824
vn 5.2840972 -0.9316461 0.3878767
v 16.1090164 5.3781567 5.3746743 0.000000 1.000000 0.019608
vn 5.2532682 -0.9627256 0.6357859
v 16.1045341 5.3729677 5.4106236 0.000000 1.000000 0.019608
vn 5.1867623 -0.9676270 0.8872815
v 16.0749321 5.3386889 5.5758848 0.000000 0.992157 0.031373
vn 5.1117864 -1.0070039 1.1362895
v 16.0529289 5.3132138 5.6634889 0.000000 1.000000 0.039216
vn 5.0053029 -1.0347677 1.3844366
v 16.0130005 5.2669773 5.7892547 0.000000 1.000000 0.047059
vn 4.9032912 -1.0911720 1.5995872
v 15.9685984 5.2155623 5.9004841 0.000000 1.000000 0.047059
vn 4.9052043 1.8441011 3.2966039
v 15.6400442 6.0008950 5.9764876 0.003922 1.000000 0.000000
vn 3.1217782 3.9297149 1.6048055
v 15.6940727 5.9911876 5.9004841 0.003922 1.000000 0.000000
vn 1.5187401 0.5830679 1.0885977
v 15.6400442 6.0008950 -5.6500020 0.364706 1.000000 0.000000
vn 3.2388372 3.9532309 1.3846463
v 15.7608185 5.9791946 5.7894483 0.003922 1.000000 0.000000
vn 3.3390756 3.9985998 1.1363865
v 15.8210411 5.9683743 5.6634889 0.003922 1.000000 0.000000
vn 3.4223957 4.0152254 0.8873141
v 15.8541393 5.9624271 5.5759592 0.003922 1.000000 0.000000
vn 3.4769564 4.0532265 0.6357623
v 15.8987341 5.9544144 5.4106236 0.011765 1.000000 0.000000
vn 3.5209050 4.0484967 0.3878360
v 15.9054737 5.9532032 5.3747115 0.011765 1.000000 0.000000
vn 4.9700327 -0.8663841 1.5961908
v 15.6737061 6.0442677 5.9004841 0.003922 1.000000 0.000000
vn 5.3579760 -0.6761001 0.1548239
v 15.8173628 6.2293758 5.1728678 0.047059 1.000000 0.000000
vn 5.3110156 -0.7185357 0.6323534
v 15.8012171 6.2085714 5.4106236 0.039216 1.000000 0.000000
vn 5.2401185 -0.7100885 0.8797101
v 15.7734022 6.1727314 5.5761008 0.027451 1.000000 0.000000
vn 5.1744108 -0.7712154 1.1301380
v 15.7528114 6.1461992 5.6634889 0.019608 1.000000 0.000000
vn 5.3366685 -0.6773702 0.3887553
v 15.8053970 6.2139578 5.3748903 0.039216 1.000000 0.000000
vn 5.0669727 -0.7910792 1.3749318
v 15.7152824 6.0978427 5.7894707 0.011765 1.000000 0.000000
vn 3.3155227 4.2554412 0.1544421
v 15.5914478 6.7750125 5.1728902 0.086275 1.000000 0.000000
vn 2.9001245 4.0753031 1.6300585
v 15.3590193 6.8043175 5.9004841 0.066667 1.000000 0.000000
vn 1.4861338 0.6616679 1.0885986
v 15.3044043 6.8112040 -5.6500020 0.439216 1.000000 0.000000
vn 4.7886734 2.1119645 3.3005483
v 15.3044043 6.8112040 5.9766889 0.066667 1.000000 0.000000
vn 3.1181269 4.1625252 1.1575427
v 15.4870090 6.7881808 5.6634889 0.066667 1.000000 0.000000
vn 3.2149487 4.1841431 0.8692867
v 15.5202942 6.7839842 5.5761900 0.074510 1.000000 0.000000
vn 3.2559600 4.2294030 0.6532070
v 15.5653267 6.7783065 5.4106236 0.074510 1.000000 0.000000
vn 3.0392079 4.1134615 1.3647597
v 15.4261866 6.7958493 5.7896643 0.066667 1.000000 0.000000
vn 3.2978537 4.2431707 0.3911065
v 15.5720806 6.7774549 5.3749428 0.074510 1.000000 0.000000
vn 4.9916720 -0.5802108 1.6032503
v 15.3358374 6.8564062 5.9004917 0.074510 1.000000 0.000000
vn 5.3747849 -0.3714741 0.1508926
v 15.4696074 7.0487757 5.1730838 0.109804 1.000000 0.000000
vn 5.3256464 -0.4099417 0.6359781
v 15.4545746 7.0271583 5.4106236 0.101961 1.000000 0.000000
vn 5.2600470 -0.4202166 0.8858807
v 15.4286318 6.9898505 5.5763168 0.094118 1.000000 0.000000
vn 5.1914368 -0.4716298 1.1359075
v 15.4094992 6.9623375 5.6634889 0.086275 1.000000 0.000000
vn 5.3537154 -0.3773971 0.3964525
v 15.4584446 7.0327244 5.3751063 0.101961 1.000000 0.000000
vn 5.0896530 -0.5094774 1.3815610
v 15.3744869 6.9119878 5.7896867 0.082353 1.000000 0.000000
vn 3.3483746 3.4153442 0.2437358
v 15.2155075 7.5817065 5.1731138 0.149020 1.000000 0.000000
vn 2.6616497 4.2218184 1.6596169
v 14.9818668 7.5988069 5.9004917 0.129412 1.000000 0.000000
vn 1.4494653 0.7385331 1.0885956
v 14.9268141 7.6028361 -5.6500020 0.509804 1.000000 0.000000
vn 4.7467837 2.3244505 3.2267075
v 14.9268141 7.6028361 5.9768825 0.129412 1.000000 0.000000
vn 2.8777561 4.3299465 1.1867344
v 15.1105251 7.5893898 5.6634889 0.137255 1.000000 0.000000
vn 3.1145976 4.0584507 0.8254195
v 15.1439085 7.5869465 5.5764136 0.137255 1.000000 0.000000
vn 3.0151486 4.4115348 0.6792622
v 15.1892529 7.5836282 5.4106236 0.137255 1.000000 0.000000
vn 2.8858848 4.1410451 1.3367914
v 15.0492725 7.5938735 5.7898726 0.129412 1.000000 0.000000
vn 3.2236319 4.0246649 0.3215208
v 15.1960020 7.5831342 5.3751659 0.137255 1.000000 0.000000
vn 5.0088205 -0.3101566 1.6056957
v 14.9559193 7.6497502 5.9004917 0.137255 1.000000 0.000000
vn 5.3892426 -0.0934647 0.1480627
v 15.0794353 7.8488531 5.1732926 0.176471 1.000000 0.000000
vn 5.3389902 -0.1291569 0.6364174
v 15.0655565 7.8264818 5.4106236 0.164706 1.000000 0.000000
vn 5.2742176 -0.1442320 0.8879570
v 15.0415640 7.7878070 5.5765257 0.156863 1.000000 0.000000
vn 5.2060871 -0.1950392 1.1369697
v 15.0239363 7.7593918 5.6634889 0.149020 1.000000 0.000000
vn 5.3678384 -0.1006203 0.4000968
v 15.0691109 7.8322115 5.3753152 0.164706 1.000000 0.000000
vn 5.1053095 -0.2391412 1.3850975
v 14.9915476 7.7071824 5.7898879 0.137255 1.000000 0.000000
vn 2.8571508 4.5698819 0.1481013
v 14.7978592 8.3676281 5.1733298 0.211765 1.000000 0.000000
vn 2.4682536 4.3689179 1.6058782
v 14.5636482 8.3724766 5.9004917 0.192157 1.000000 0.000000
vn 1.4088259 0.8133865 1.0885956
v 14.5083122 8.3736219 -5.6500020 0.584314 1.000000 0.000000
vn 4.5757074 2.5978785 3.2699344
v 14.5083122 8.3736219 5.9770761 0.192157 1.000000 0.000000
vn 2.6721661 4.4716287 1.1370598
v 14.6926231 8.3698063 5.6634889 0.200000 1.000000 0.000000
vn 2.7520361 4.5010972 0.8880959
v 14.7260132 8.3691149 5.5766296 0.200000 1.000000 0.000000
vn 2.7999303 4.5471964 0.6365330
v 14.7715445 8.3681726 5.4106236 0.203922 1.000000 0.000000
vn 2.5803249 4.4110999 1.3853197
v 14.6311073 8.3710794 5.7900739 0.192157 1.000000 0.000000
vn 2.8395133 4.5558386 0.4001963
v 14.7782717 8.3680334 5.3753896 0.203922 1.000000 0.000000
vn 5.0521946 -0.0880995 1.5940895
v 14.5349922 8.4221249 5.9004917 0.200000 1.000000 0.000000
vn 5.3808765 0.1953986 0.1773090
v 14.6479168 8.6274147 5.1735010 0.239216 1.000000 0.000000
vn 5.3656826 0.1089949 0.6315712
v 14.6352301 8.6043510 5.4106236 0.231373 1.000000 0.000000
vn 5.2561712 0.1713383 0.8690865
v 14.6132603 8.5644121 5.5767341 0.219608 1.000000 0.000000
vn 5.2391810 0.0366329 1.1286223
v 14.5971785 8.5351753 5.6634889 0.211765 1.000000 0.000000
vn 5.3575883 0.2004591 0.3677386
v 14.6384621 8.6102276 5.3755236 0.231373 1.000000 0.000000
vn 5.1146674 0.0354954 1.3715317
v 14.5675135 8.4812450 5.7900891 0.203922 1.000000 0.000000
vn 2.6152120 4.7115607 0.1536904
v 14.3396473 9.1306200 5.1735458 0.282353 1.000000 0.000000
vn 2.2319148 4.4741745 1.6267592
v 14.1055059 9.1232052 5.9004917 0.258824 1.000000 0.000000
vn 1.3643261 0.8860065 1.0885971
v 14.0500431 9.1214485 -5.6500020 0.654902 1.000000 0.000000
vn 4.4042344 2.8189270 3.3073611
v 14.0500431 9.1214485 5.9772625 0.258824 1.000000 0.000000
vn 2.4339924 4.5922470 1.1544676
v 14.2344446 9.1272888 5.6634889 0.258824 1.000000 0.000000
vn 2.5214539 4.6305909 0.8759491
v 14.2677526 9.1283436 5.5768385 0.266667 1.000000 0.000000
vn 2.5600529 4.6780658 0.6503698
v 14.3133430 9.1297874 5.4106236 0.266667 1.000000 0.000000
vn 2.3571138 4.5339108 1.3714341
v 14.1728392 9.1253376 5.7902679 0.258824 1.000000 0.000000
vn 2.5983238 4.6974645 0.3952045
v 14.3200312 9.1299992 5.3755984 0.266667 1.000000 0.000000
vn 5.0294166 0.1982710 1.6010227
v 14.0742111 9.1714106 5.9004917 0.258824 1.000000 0.000000
vn 5.3740501 0.4640318 0.1530052
v 14.1762333 9.3823242 5.1737022 0.309804 1.000000 0.000000
vn 5.3327842 0.4167787 0.6352859
v 14.1647739 9.3586321 5.4106236 0.294118 1.000000 0.000000
vn 5.2682929 0.3988863 0.8844196
v 14.1448946 9.3175354 5.5769277 0.286275 1.000000 0.000000
vn 5.2098269 0.3356009 1.1341667
v 14.1303949 9.2875605 5.6634889 0.274510 1.000000 0.000000
vn 5.3541856 0.4547350 0.3953081
v 14.1676788 9.3646374 5.3757248 0.294118 1.000000 0.000000
vn 5.1139579 0.2846923 1.3795002
v 14.1035461 9.2320557 5.7902899 0.266667 1.000000 0.000000
vn 2.3540452 4.8570685 0.1633069
v 13.8421259 9.8685942 5.1737547 0.337255 1.000000 0.000000
vn 1.9797175 4.5898638 1.6422215
v 13.6086979 9.8489351 5.9004917 0.321569 1.000000 0.000000
vn 1.3160906 0.9561974 1.0886002
v 13.5532646 9.8442669 -5.6500020 0.721569 1.000000 0.000000
vn 4.2626143 3.0742888 3.2711017
v 13.5532646 9.8442669 5.9774413 0.321569 1.000000 0.000000
vn 2.1750522 4.7250066 1.1695952
v 13.7372465 9.8597612 5.6634889 0.321569 1.000000 0.000000
vn 2.2882495 4.7470074 0.8546227
v 13.7703819 9.8625526 5.5770469 0.329412 1.000000 0.000000
vn 2.2965889 4.8229418 0.6643523
v 13.8159056 9.8663855 5.4106236 0.329412 1.000000 0.000000
vn 2.1314542 4.6442471 1.3529783
v 13.6757231 9.8545799 5.7904539 0.321569 1.000000 0.000000
vn 2.3421004 4.8402028 0.3834914
v 13.8225365 9.8669443 5.3758068 0.337255 1.000000 0.000000
vn 4.9954209 0.4771415 1.6063422
v 13.5748377 9.8955526 5.9004917 0.321569 1.000000 0.000000
vn 5.3373137 0.7508231 0.1490816
v 13.6656809 10.1115122 5.1739035 0.364706 1.000000 0.000000
vn 5.2933927 0.7077537 0.6371276
v 13.6554775 10.0872574 5.4106236 0.356863 1.000000 0.000000
vn 5.2315359 0.6822232 0.8885032
v 13.6377506 10.0451136 5.5771289 0.349020 1.000000 0.000000
vn 5.1723070 0.6216885 1.1376059
v 13.6248655 10.0144835 5.6634889 0.337255 1.000000 0.000000
vn 5.3175001 0.7401089 0.4010319
v 13.6580505 10.0933733 5.3759184 0.356863 1.000000 0.000000
vn 5.0795221 0.5621979 1.3856978
v 13.6009188 9.9575539 5.7904763 0.329412 1.000000 0.000000
vn 2.1071138 4.9603658 0.1490652
v 13.3066587 10.5795250 5.1739559 0.403922 1.000000 0.000000
vn 1.7541986 4.7010703 1.6065133
v 13.0745821 10.5476761 5.9004917 0.376471 1.000000 0.000000
vn 1.2642444 1.0237617 1.0885999
v 13.0193367 10.5400953 -5.6500020 0.792157 1.000000 0.000000
vn 4.0032654 3.4477799 3.2257843
v 13.0193367 10.5400953 5.9776125 0.376471 1.000000 0.000000
vn 1.9394517 4.8344564 1.1376450
v 13.2023888 10.5652161 5.6634889 0.384314 1.000000 0.000000
vn 2.0139992 4.8761711 0.8887739
v 13.2352648 10.5697269 5.5772409 0.384314 1.000000 0.000000
vn 2.0538239 4.9291177 0.6370819
v 13.2805939 10.5759478 5.4106236 0.392157 1.000000 0.000000
vn 1.8581299 4.7602906 1.3858972
v 13.1411209 10.5568075 5.7906404 0.384314 1.000000 0.000000
vn 2.0916262 4.9441361 0.4011344
v 13.2871504 10.5768471 5.3760080 0.392157 1.000000 0.000000
vn 5.2906895 1.0293509 0.1494125
v 13.1176558 10.8129787 5.1740899 0.431373 1.000000 0.000000
vn 5.2714944 1.0173221 0.4012966
v 13.1109753 10.7944374 5.3761048 0.419608 1.000000 0.000000
vn 5.2489219 0.9835129 0.6371856
v 13.1087379 10.7882261 5.4106236 0.419608 1.000000 0.000000
vn 5.1887364 0.9553680 0.8888056
v 13.0932178 10.7451515 5.5773153 0.403922 1.000000 0.000000
vn 5.1326056 0.8915607 1.1378564
v 13.0819759 10.7139511 5.6634889 0.403922 1.000000 0.000000
vn 5.0475183 0.8238224 1.3833444
v 13.0610075 10.6557512 5.7906551 0.392157 1.000000 0.000000
vn 1.8446410 5.0638356 0.1494560
v 12.7347107 11.2614622 5.1741567 0.466667 1.000000 0.000000
vn 1.5101533 4.7624125 1.6255826
v 12.5046225 11.2175121 5.9004917 0.439216 1.000000 0.000000
vn 1.2089288 1.0885210 1.0885961
v 12.4497232 11.2070255 -5.6500020 0.866667 1.000000 0.000000
vn 3.9269004 3.4648421 3.2985258
v 12.4497232 11.2070255 5.9777765 0.439216 1.000000 0.000000
vn 1.6836705 4.9292898 1.1378577
v 12.6313362 11.2417164 5.6634889 0.447059 1.000000 0.000000
vn 1.7553190 4.9747076 0.8887820
v 12.6638660 11.2479305 5.5774345 0.447059 1.000000 0.000000
vn 1.7934369 5.0299506 0.6374975
v 12.7088728 11.2565260 5.4106236 0.454902 1.000000 0.000000
vn 1.6060371 4.8521852 1.3851830
v 12.5704985 11.2300949 5.7908115 0.439216 1.000000 0.000000
vn 1.8299019 5.0468349 0.4014752
v 12.7153397 11.2577620 5.3762016 0.458824 1.000000 0.000000
vn 4.9462805 0.9744775 1.5987206
v 12.4658937 11.2605352 5.9004917 0.447059 1.000000 0.000000
vn 5.2419968 1.2918661 0.1562764
v 12.5336628 11.4848003 5.1742687 0.494118 1.000000 0.000000
vn 5.2120190 1.2353992 0.6342693
v 12.5260534 11.4596167 5.4106159 0.482353 1.000000 0.000000
vn 5.1465344 1.2141196 0.8825142
v 12.5127907 11.4157305 5.5774941 0.466667 1.000000 0.000000
vn 5.1032424 1.1370889 1.1323751
v 12.5032158 11.3840427 5.6634889 0.458824 1.000000 0.000000
vn 5.2239819 1.2803861 0.3926737
v 12.5279531 11.4659061 5.3762913 0.482353 1.000000 0.000000
vn 5.0126171 1.0767863 1.3773093
v 12.4852934 11.3247356 5.7908340 0.454902 1.000000 0.000000
vn 1.5682985 5.1630225 0.1575357
v 12.1278505 11.9125366 5.1743431 0.529412 1.000000 0.000000
vn 1.2441729 4.8441577 1.6331360
v 11.9003801 11.8566055 5.9004917 0.501961 1.000000 0.000000
vn 1.1503005 1.1502994 1.0885955
v 11.8459873 11.8432312 -5.6500020 0.937255 1.000000 0.000000
vn 3.7116189 3.6921501 3.2983959
v 11.8459873 11.8432312 5.9779406 0.501961 1.000000 0.000000
vn 1.4162443 5.0047817 1.1605819
v 12.0256538 11.8874083 5.6634889 0.501961 1.000000 0.000000
vn 1.5018928 5.0587101 0.8684286
v 12.0577536 11.8953009 5.5776205 0.509804 1.000000 0.000000
vn 1.5213714 5.1176443 0.6563656
v 12.1023092 11.9062557 5.4106159 0.509804 1.000000 0.000000
vn 1.3637639 4.9295950 1.3639047
v 11.9654188 11.8725967 5.7909832 0.501961 1.000000 0.000000
vn 1.5554307 5.1460552 0.3924702
v 12.1086712 11.9078207 5.3763881 0.509804 1.000000 0.000000
vn 4.8639593 1.2490816 1.6055534
v 11.8593636 11.8976316 5.9004917 0.501961 1.000000 0.000000
vn 5.1538496 1.5765636 0.1498400
v 11.9153023 12.1251316 5.1744475 0.549020 1.000000 0.000000
vn 5.1172528 1.5266378 0.6375453
v 11.9090214 12.0995893 5.4106159 0.537255 1.000000 0.000000
vn 5.0584130 1.4934139 0.8908142
v 11.8980598 12.0550098 5.5776653 0.529412 1.000000 0.000000
vn 5.0156140 1.4219334 1.1327481
v 11.8901701 12.0229235 5.6634889 0.521569 1.000000 0.000000
vn 5.1363015 1.5627346 0.4019161
v 11.9105816 12.1059380 5.3764625 0.537255 1.000000 0.000000
vn 4.9335251 1.3458453 1.3859854
v 11.8753557 11.9626713 5.7909980 0.509804 1.000000 0.000000
vn 1.3056781 5.2289524 0.1501736
v 11.4877405 12.5309620 5.1745219 0.584314 1.000000 0.000000
vn 0.9957818 4.8832049 1.6429266
v 11.2635107 12.4632044 5.9004917 0.556863 1.000000 0.000000
vn 1.0885257 1.2089350 1.0886018
v 11.2097826 12.4469681 -5.6500020 1.000000 0.984314 0.000000
vn 3.6514239 3.8290877 3.2133729
v 11.2097826 12.4469681 5.9780893 0.556863 1.000000 0.000000
vn 1.2717311 4.6824551 1.5161844
v 11.3275404 12.4825525 5.7911396 0.556863 1.000000 0.000000
vn 1.2236459 5.1203656 0.9158998
v 11.4185858 12.5100651 5.5777922 0.564706 1.000000 0.000000
vn 1.2575557 5.1897864 0.6378464
v 11.4625654 12.5233545 5.4106159 0.576471 1.000000 0.000000
vn 1.2921922 5.2105017 0.4020993
v 11.4688072 12.5252409 5.3765593 0.576471 1.000000 0.000000
vn 4.7867670 1.5050142 1.6069953
v 11.2203150 12.5021076 5.9004917 0.564706 1.000000 0.000000
vn 5.0642924 1.8444500 0.1502171
v 11.2642679 12.7322187 5.1746116 0.611765 1.000000 0.000000
vn 5.0303497 1.7924268 0.6377754
v 11.2593346 12.7063856 5.4106159 0.592157 1.000000 0.000000
vn 4.9752207 1.7550378 0.8892953
v 11.2507105 12.6612387 5.5778294 0.584314 1.000000 0.000000
vn 4.9297996 1.6834559 1.1383902
v 11.2445211 12.6288395 5.6634889 0.576471 1.000000 0.000000
vn 5.0474448 1.8292778 0.4021645
v 11.2605553 12.7127790 5.3766265 0.600000 1.000000 0.000000
vn 4.8513761 1.6058967 1.3864819
v 11.2328644 12.5678091 5.7911544 0.564706 1.000000 0.000000
vn 1.0298815 5.2899871 0.1504135
v 10.8161325 13.1150436 5.1746931 0.639216 1.000000 0.000000
vn 0.7381029 4.9628406 1.6071318
v 10.5957603 13.0356436 5.9004917 0.611765 1.000000 0.000000
vn 1.0237622 1.2642354 1.0885942
v 10.5428505 13.0165806 -5.6500020 1.000000 0.909804 0.000000
vn 3.3367724 4.0555558 3.2827520
v 10.5428505 13.0165806 5.9782310 0.611765 1.000000 0.000000
vn 0.8916392 5.1318645 1.1383898
v 10.7171297 13.0793734 5.6634889 0.619608 1.000000 0.000000
vn 0.9557644 5.1881008 0.8894707
v 10.7481155 13.0905371 5.5779634 0.619608 1.000000 0.000000
vn 0.9842159 5.2484970 0.6380240
v 10.7913942 13.1061296 5.4106159 0.631373 1.000000 0.000000
vn 0.8275359 5.0423923 1.3865979
v 10.6586113 13.0582886 5.7912884 0.611765 1.000000 0.000000
vn 1.0176582 5.2710295 0.4023714
v 10.7974997 13.1083298 5.3767309 0.631373 1.000000 0.000000
vn 4.7439733 1.7298123 1.5962543
v 10.5504980 13.0723038 5.9004917 0.619608 1.000000 0.000000
vn 4.9713473 2.0987539 0.1673859
v 10.5823479 13.3043966 5.1747680 0.666667 1.000000 0.000000
vn 4.9661593 2.0275495 0.6334472
v 10.5787725 13.2783442 5.4106159 0.654902 1.000000 0.000000
vn 4.8781013 2.0174580 0.8765523
v 10.5725164 13.2327528 5.5779858 0.639216 1.000000 0.000000
vn 4.8738322 1.9137682 1.1305337
v 10.5680399 13.2001286 5.6634889 0.639216 0.992157 0.000000
vn 4.9540377 2.0873799 0.3823882
v 10.5796537 13.2847643 5.3767829 0.658824 1.000000 0.000000
vn 4.7762299 1.8541489 1.3743932
v 10.5595808 13.1384907 5.7913032 0.627451 1.000000 0.000000
vn 3.0949521 4.2120018 3.3100541
v 9.8470230 13.5505085 5.9783649 0.666667 1.000000 0.000000
vn 0.4774634 4.9776030 1.6287110
v 9.8989573 13.5723543 5.9004917 0.666667 1.000000 0.000000
vn 0.9563332 1.3159871 1.0885959
v 9.8470230 13.5505085 -5.6500020 1.000000 0.839216 0.000000
vn 0.5741904 5.0790133 1.3710586
v 9.9604616 13.5982256 5.7914376 0.666667 1.000000 0.000000
vn 0.6244326 5.1607103 1.1554024
v 10.0178661 13.6223736 5.6635036 0.674510 1.000000 0.000000
vn 0.6937066 5.2285872 0.8724772
v 10.0490446 13.6354885 5.5754080 0.682353 1.000000 0.000000
vn 0.7109952 5.2870150 0.6499863
v 10.0906324 13.6529818 5.4106236 0.686275 1.000000 0.000000
vn 0.7473021 5.3144150 0.3803757
v 10.0970364 13.6556759 5.3741527 0.686275 1.000000 0.000000
vn 4.8294163 2.3483841 0.3859012
v 9.8697872 13.8208084 5.3741899 0.709804 1.000000 0.000000
vn 4.8253016 2.3030956 0.6340882
v 9.8692045 13.8138914 5.4106236 0.709804 1.000000 0.000000
vn 4.7723751 2.2626457 0.8835346
v 9.8654175 13.7689219 5.5754228 0.694118 1.000000 0.000000
vn 4.7386026 2.1830771 1.1351798
v 9.8625784 13.7352180 5.6635036 0.694118 1.000000 0.000000
vn 4.6687059 2.0994995 1.3816307
v 9.8573513 13.6731462 5.7914524 0.682353 1.000000 0.000000
vn 4.6200366 1.9888356 1.6031313
v 9.8517523 13.6066570 5.9004917 0.674510 1.000000 0.000000
vn 2.8886027 4.3987265 3.2615559
v 9.1242046 14.0472870 5.9784842 0.709804 1.000000 0.000000
vn 0.2001051 4.9923773 1.6477485
v 9.1750097 14.0718632 5.9004917 0.721569 1.000000 0.000000
vn 0.8862286 1.3643948 1.0885992
v 9.1242046 14.0472870 -5.6500020 1.000000 0.764706 0.000000
vn 0.3390865 5.0915685 1.3495687
v 9.2350121 14.1008873 5.7915640 0.721569 1.000000 0.000000
vn 0.3348512 5.1899996 1.1740700
v 9.2911396 14.1280365 5.6635036 0.729412 1.000000 0.000000
vn 0.4583318 5.2383013 0.8448604
v 9.3215437 14.1427441 5.5755496 0.729412 1.000000 0.000000
vn 0.4127623 5.3264275 0.6675831
v 9.3622036 14.1624126 5.4106236 0.737255 1.000000 0.000000
vn 0.4726581 5.3464341 0.3607028
v 9.3684359 14.1654263 5.3743019 0.737255 1.000000 0.000000
vn 4.6926565 2.6017127 0.3874890
v 9.1327934 14.3184795 5.3743243 0.764706 1.000000 0.000000
vn 4.6882844 2.5579476 0.6353970
v 9.1325741 14.3115644 5.4106236 0.764706 1.000000 0.000000
vn 4.6397309 2.5125542 0.8868461
v 9.1311445 14.2664127 5.5755568 0.749020 1.000000 0.000000
vn 4.6049690 2.4343984 1.1377259
v 9.1300755 14.2326536 5.6635036 0.737255 1.000000 0.000000
vn 4.5402870 2.3448246 1.3869182
v 9.1281013 14.1703215 5.7915792 0.729412 1.000000 0.000000
vn 4.4921737 2.2350941 1.6074679
v 9.1259918 14.1037025 5.9004917 0.721569 1.000000 0.000000
vn 2.6217082 4.5822220 3.2449532
v 8.3763781 14.5055561 5.9785962 0.764706 1.000000 0.000000
vn -0.0475709 5.0169630 1.6075759
v 8.4259043 14.5327997 5.9004917 0.764706 1.000000 0.000000
vn 0.8134021 1.4087753 1.0885999
v 8.3763781 14.5055561 -5.6500020 1.000000 0.694118 0.000000
vn 0.0284299 5.1096148 1.3870466
v 8.4842472 14.5648918 5.7916908 0.776471 1.000000 0.000000
vn 0.0788739 5.2079859 1.1377978
v 8.5389357 14.5949736 5.6635036 0.776471 1.000000 0.000000
vn 0.1326713 5.2743812 0.8869944
v 8.5684881 14.6112299 5.5756836 0.784314 1.000000 0.000000
vn 0.1510761 5.3382287 0.6355031
v 8.6081038 14.6330223 5.4106236 0.792157 1.000000 0.000000
vn 0.1883624 5.3621778 0.3876098
v 8.6141481 14.6363468 5.3744359 0.792157 1.000000 0.000000
vn 4.4267869 2.4458470 1.5940225
v 8.3752079 14.5620737 5.9004917 0.776471 1.000000 0.000000
vn 4.5500865 2.8436074 0.3875569
v 8.3707609 14.7768898 5.3744435 0.811765 0.992157 0.000000
vn 4.5479174 2.7998357 0.6354750
v 8.3709030 14.7699957 5.4106236 0.811765 1.000000 0.000000
vn 4.4924212 2.7463923 0.9138349
v 8.3718395 14.7247896 5.5756760 0.803922 1.000000 0.000000
vn 4.3452325 2.6129518 1.3855487
v 8.3738298 14.6286478 5.7916985 0.784314 1.000000 0.000000
vn 2.4161367 4.6396370 3.3057353
v 7.6055923 14.9240589 5.9787002 0.811765 1.000000 0.000000
vn -0.2998971 4.9881916 1.6268282
v 7.6536932 14.9538994 5.9004917 0.819608 1.000000 0.000000
vn 0.7386720 1.4494745 1.0885979
v 7.6055923 14.9240589 -5.6500020 1.000000 0.627451 0.000000
vn -0.2230895 5.1006866 1.3764899
v 7.7102256 14.9889698 5.7917953 0.819608 1.000000 0.000000
vn -0.1812532 5.1909676 1.1522541
v 7.7633157 15.0219040 5.6635036 0.827451 0.992157 0.000000
vn -0.1420112 5.2725358 0.8888398
v 7.7919402 15.0396624 5.5758104 0.831373 1.000000 0.000000
vn -0.1284761 5.3388448 0.6356366
v 7.8303990 15.0635204 5.4106236 0.839216 1.000000 0.000000
vn -0.0928381 5.3645048 0.3877478
v 7.8362412 15.0671453 5.3745627 0.839216 1.000000 0.000000
vn 4.4133430 3.0704870 0.3847315
v 7.5857773 15.1947861 5.3745551 0.866667 1.000000 0.000000
vn 4.4187231 3.0238414 0.6329736
v 7.5862794 15.1879282 5.4106236 0.858824 1.000000 0.000000
vn 4.3682656 2.9783022 0.8815223
v 7.5895829 15.1427937 5.5757880 0.847059 1.000000 0.000000
vn 4.3515058 2.8925011 1.1331756
v 7.5920424 15.1091890 5.6635036 0.839216 0.992157 0.000000
vn 4.2916436 2.8013949 1.3792465
v 7.5966034 15.0468674 5.7918100 0.831373 1.000000 0.000000
vn 4.2641249 2.6831861 1.6006684
v 7.6014600 14.9805183 5.9004917 0.819608 1.000000 0.000000
vn 2.1405551 4.7817030 3.2934418
v 6.8139596 15.3016481 5.9787974 0.858824 1.000000 0.000000
vn -0.5770117 4.9673433 1.6363256
v 6.8604932 15.3340063 5.9004917 0.858824 1.000000 0.000000
vn 0.6616060 1.4862379 1.0885996
v 6.8139596 15.3016481 -5.6500020 1.000000 0.556863 0.000000
vn -0.4915972 5.0907593 1.3622254
v 6.9150677 15.3719568 5.7918992 0.866667 1.000000 0.000000
vn -0.4732342 5.1799641 1.1627060
v 6.9664063 15.4076567 5.6635036 0.874510 1.000000 0.000000
vn -0.4072281 5.2610130 0.8630260
v 6.9940300 15.4268646 5.5759220 0.874510 1.000000 0.000000
vn -0.4164245 5.3237500 0.6570748
v 7.0312200 15.4527264 5.4106236 0.886275 1.000000 0.000000
vn -0.3835384 5.3594937 0.3753138
v 7.0368476 15.4566393 5.3746819 0.886275 1.000000 0.000000
vn 4.2278428 3.3038986 0.3877693
v 6.7799969 15.5710192 5.3746595 0.909804 1.000000 0.000000
vn 4.2302699 3.2598205 0.6356973
v 6.7808547 15.5642157 5.4106236 0.901961 1.000000 0.000000
vn 4.1894608 3.2073362 0.8872185
v 6.7865200 15.5192814 5.5758920 0.894118 1.000000 0.000000
vn 4.1673388 3.1247311 1.1380720
v 6.7907305 15.4858856 5.6635036 0.886275 1.000000 0.000000
vn 4.1184878 3.0260477 1.3865027
v 6.7985544 15.4238358 5.7919068 0.874510 1.000000 0.000000
vn 4.0888176 2.9097466 1.6074355
v 6.8068690 15.3578854 5.9004917 0.866667 1.000000 0.000000
vn 0.5830194 1.5188019 1.0885983
v 6.0036507 15.6372900 -5.6500020 1.000000 0.486275 0.000000
vn 2.0599821 4.8621378 3.2273684
v 6.0036507 15.6372900 5.9788790 0.901961 1.000000 0.000000
vn -0.7753555 5.0539317 1.3850772
v 6.1009536 15.7128029 5.7919812 0.909804 1.000000 0.000000
vn -0.7369129 5.1560802 1.1381582
v 6.1503921 15.7511702 5.6635036 0.909804 1.000000 0.000000
vn -0.6941856 5.2301407 0.8873528
v 6.1769433 15.7717762 5.5760264 0.921569 1.000000 0.000000
vn -0.6858787 5.2961168 0.6358464
v 6.2127581 15.7995710 5.4106236 0.929412 1.000000 0.000000
vn -0.6528759 5.3256559 0.3879440
v 6.2181582 15.8037615 5.3747859 0.929412 1.000000 0.000000
vn 4.0519881 3.5196929 0.3902269
v 5.9556279 15.9045610 5.3747487 0.949020 1.000000 0.000000
vn 4.0538168 3.4767246 0.6358013
v 5.9568386 15.8978271 5.4106236 0.949020 1.000000 0.000000
vn 4.0158448 3.4222183 0.8872962
v 5.9648533 15.8532190 5.5759816 0.937255 1.000000 0.000000
vn 3.9980330 3.3384809 1.1381769
v 5.9708004 15.8201218 5.6635036 0.929412 1.000000 0.000000
vn 3.9534223 3.2373497 1.3873591
v 5.9818687 15.7585182 5.7919888 0.909804 1.000000 0.000000
vn 3.9291699 3.1200814 1.6078484
v 5.9936152 15.6931410 5.9004917 0.909804 1.000000 0.000000
vn -0.9339712 5.3078461 0.1473870
v 5.3971858 16.1203136 5.1728306 0.984314 0.992157 0.000000
vn -1.0897912 4.8972764 1.6078928
v 5.2198739 15.9671869 5.9004917 0.937255 1.000000 0.000000
vn 0.5026990 1.5471578 1.0885992
v 5.1768866 15.9300623 -5.6500020 1.000000 0.411765 0.000000
vn 1.6577193 4.9741445 3.2936931
v 5.1768866 15.9300623 5.9789538 0.937255 1.000000 0.000000
vn -1.0058903 5.1103516 1.1382046
v 5.3175097 16.0515041 5.6635036 0.956863 1.000000 0.000000
vn -0.9671415 5.1864705 0.8873739
v 5.3429213 16.0734501 5.5761232 0.956863 0.992157 0.000000
vn -0.9618402 5.2532525 0.6361519
v 5.3772573 16.1031017 5.4106236 0.972549 1.000000 0.000000
vn -1.0346026 5.0038261 1.3874991
v 5.2701139 16.0105724 5.7920632 0.949020 1.000000 0.000000
vn -0.9383507 5.2857838 0.3994532
v 5.3824172 16.1075592 5.3748832 0.972549 1.000000 0.000000
vn 3.8045411 3.3153181 1.5979798
v 5.1639290 15.9853659 5.9004917 0.937255 1.000000 0.000000
vn 3.8970337 3.7387192 0.1575564
v 5.1104832 16.2134838 5.1727934 1.000000 0.992157 0.000000
vn 3.9051812 3.6740026 0.6316955
v 5.1164904 16.1878452 5.4106236 0.984314 1.000000 0.000000
vn 3.8441422 3.6274161 0.8776803
v 5.1268349 16.1436920 5.5760636 0.972549 1.000000 0.000000
vn 3.8588235 3.5347450 1.1311525
v 5.1344991 16.1109772 5.6635036 0.964706 1.000000 0.000000
vn 3.8828824 3.7220933 0.3853188
v 5.1149325 16.1944923 5.3748307 0.992157 0.992157 0.000000
vn 3.8009243 3.4398298 1.3764628
v 5.1487861 16.0499973 5.7920709 0.956863 1.000000 0.000000
vn -1.2172390 5.2535090 0.1536395
v 4.5460067 16.3807163 5.1729426 1.000000 0.972549 0.000000
vn -1.3408597 4.8176584 1.6305146
v 4.3769526 16.2185211 5.9004917 0.976471 1.000000 0.000000
vn 0.4210395 1.5713406 1.0885962
v 4.3359323 16.1791630 -5.6500020 1.000000 0.337255 0.000000
vn 1.3740928 5.0428591 3.3099899
v 4.3359323 16.1791630 5.9790134 0.972549 1.000000 0.000000
vn -1.2695849 5.0421810 1.1572416
v 4.4700422 16.3078327 5.6635036 0.984314 1.000000 0.000000
vn -1.2283393 5.1304893 0.8714577
v 4.4942446 16.3310547 5.5762277 0.992157 1.000000 0.000000
vn -1.2346419 5.1913338 0.6517807
v 4.5270076 16.3624878 5.4106236 1.000000 0.984314 0.000000
vn -1.2854145 4.9483981 1.3699448
v 4.4248276 16.2644539 5.7921305 0.976471 1.000000 0.000000
vn -1.2191367 5.2321539 0.3923721
v 4.5319142 16.3671951 5.3749871 1.000000 0.984314 0.000000
vn 3.5959418 3.5123525 1.6048021
v 4.3200850 16.2337608 5.9004917 0.976471 1.000000 0.000000
vn 3.6752729 3.9423552 0.1506210
v 4.2547741 16.4587669 5.1728606 1.000000 0.956863 0.000000
vn 3.6746013 3.8800936 0.6353800
v 4.2621145 16.4334774 5.4106236 1.000000 0.976471 0.000000
vn 3.6405611 3.8231654 0.8849782
v 4.2747626 16.3899021 5.5761304 1.000000 0.984314 0.000000
vn 3.6367753 3.7366076 1.1366811
v 4.2841220 16.3576584 5.6635036 1.000000 0.992157 0.000000
vn 3.6663275 3.9223814 0.3955912
v 4.2602143 16.4400234 5.3749051 1.000000 0.972549 0.000000
vn 3.6023538 3.6332121 1.3832569
v 4.3015904 16.2974758 5.7921305 0.984314 1.000000 0.000000
vn -1.4698846 5.1754932 0.1822551
v 3.6823592 16.5962105 5.1729798 1.000000 0.937255 0.000000
vn -1.6045589 4.7290721 1.6538830
v 3.5220253 16.4253902 5.9004917 1.000000 0.992157 0.000000
vn 0.3382343 1.5912316 1.0886046
v 3.4830937 16.3839130 -5.6500020 1.000000 0.274510 0.000000
vn 1.1384767 5.1462750 3.2492661
v 3.4830937 16.3839130 5.9790654 1.000000 0.992157 0.000000
vn -1.5506059 4.9633794 1.1801264
v 3.6103134 16.5194530 5.6635036 1.000000 0.976471 0.000000
vn -1.3933642 5.0407891 0.8349497
v 3.6332586 16.5438995 5.5762649 1.000000 0.972549 0.000000
vn -1.5271744 5.1202979 0.6730932
v 3.6643407 16.5770149 5.4106236 1.000000 0.956863 0.000000
vn -1.4777484 4.8685532 1.3447371
v 3.5674105 16.4737434 5.7921824 1.000000 0.984314 0.000000
vn -1.4542470 5.1549454 0.3615264
v 3.6689894 16.5819683 5.3750243 1.000000 0.956863 0.000000
vn 3.3926134 3.6962433 1.6080523
v 3.4643979 16.4376411 5.9004917 1.000000 0.984314 0.000000
vn 3.4639230 4.1296830 0.1475495
v 3.3874016 16.6589184 5.1729202 1.000000 0.929412 0.000000
vn 3.4599748 4.0679297 0.6359358
v 3.3960550 16.6340504 5.4106236 1.000000 0.949020 0.000000
vn 3.4309795 4.0081568 0.8875228
v 3.4109726 16.5911789 5.5761900 1.000000 0.956863 0.000000
vn 3.4264820 3.9227920 1.1384041
v 3.4220002 16.5594864 5.6635036 1.000000 0.964706 0.000000
vn 3.4558737 4.1083903 0.3994544
v 3.3938186 16.6404762 5.3749576 1.000000 0.937255 0.000000
vn 3.3982050 3.8158710 1.3875644
v 3.4426038 16.5002747 5.7921824 1.000000 0.976471 0.000000
vn -1.7537956 5.0965476 0.1475845
v 2.8086102 16.7662067 5.1730094 1.000000 0.909804 0.000000
vn -1.8424270 4.6665835 1.6081305
v 2.6574359 16.5872269 5.9004917 1.000000 0.964706 0.000000
vn 0.2544879 1.6067555 1.0886055
v 2.6207085 16.5437469 -5.6500020 1.000000 0.200000 0.000000
vn 0.8451222 5.2014289 3.2595139
v 2.6207085 16.5437469 5.9791026 1.000000 0.976471 0.000000
vn -1.7929951 4.8900418 1.1384282
v 2.7406802 16.6857834 5.6635036 1.000000 0.949020 0.000000
vn -1.7663951 4.9716043 0.8876978
v 2.7623088 16.7113895 5.5762944 1.000000 0.937255 0.000000
vn -1.7720684 5.0378189 0.6361980
v 2.7916212 16.7460938 5.4106236 1.000000 0.929412 0.000000
vn -1.8048823 4.7801476 1.3876027
v 2.7002132 16.6378727 5.7922196 1.000000 0.956863 0.000000
vn -1.7538644 5.0738578 0.3996581
v 2.7960012 16.7512798 5.3750544 1.000000 0.929412 0.000000
vn 3.2518194 3.8696423 1.5953556
v 2.5992148 16.5964508 5.9004917 1.000000 0.964706 0.000000
vn 2.5367675 4.2952104 0.2459185
v 2.5107441 16.8133945 5.1729646 1.000000 0.901961 0.000000
vn 3.2962847 4.2381978 0.6308938
v 2.5206864 16.7890129 5.4106236 1.000000 0.921569 0.000000
vn 2.9828312 4.2085562 0.8509678
v 2.5378337 16.7469654 5.5762424 1.000000 0.937255 0.000000
vn 3.2718112 4.0939159 1.1293545
v 2.5504982 16.7159100 5.6635036 1.000000 0.937255 0.000000
vn 2.8853538 4.3102674 0.3229033
v 2.5181201 16.7953053 5.3750095 1.000000 0.921569 0.000000
vn 3.1351194 4.0032482 1.3701081
v 2.5741811 16.6578369 5.7922273 1.000000 0.956863 0.000000
vn -2.0119565 4.9966950 0.1524210
v 1.9271551 16.8902359 5.1730318 1.000000 0.894118 0.000000
vn -2.0705593 4.5493279 1.6277758
v 1.7855545 16.7035885 5.9004917 1.000000 0.949020 0.000000
vn 0.1700442 1.6178572 1.0885940
v 1.7511399 16.6582260 -5.6500020 1.000000 0.129412 0.000000
vn 0.5861223 5.1943331 3.3101816
v 1.7511399 16.6582260 5.9791327 1.000000 0.956863 0.000000
vn -2.0334101 4.7810669 1.1546335
v 1.8635274 16.8063660 5.6635036 1.000000 0.937255 0.000000
vn -2.0092609 4.8729191 0.8768460
v 1.8837826 16.8330650 5.5763092 1.000000 0.929412 0.000000
vn -2.0206959 4.9333091 0.6492785
v 1.9112425 16.8692608 5.4106236 1.000000 0.909804 0.000000
vn -2.0389054 4.6827645 1.3754961
v 1.8256129 16.7563915 5.7922568 1.000000 0.937255 0.000000
vn -2.0111780 4.9748163 0.3951057
v 1.9153430 16.8746662 5.3750768 1.000000 0.909804 0.000000
vn 3.0149841 4.0325003 1.6020575
v 1.7269081 16.7097549 5.9004917 1.000000 0.949020 0.000000
vn 3.0254831 4.4680409 0.1521175
v 1.6272055 16.9217682 5.1730022 1.000000 0.886275 0.000000
vn 3.0367284 4.4064403 0.6338584
v 1.6384100 16.8979416 5.4106236 1.000000 0.909804 0.000000
vn 3.0082333 4.3456702 0.8828866
v 1.6577395 16.8568382 5.5762720 1.000000 0.921569 0.000000
vn 3.0211840 4.2596493 1.1344365
v 1.6720067 16.8264999 5.6635036 1.000000 0.929412 0.000000
vn 3.0192962 4.4473333 0.3933297
v 1.6355202 16.9040852 5.3750396 1.000000 0.909804 0.000000
vn 2.9999063 4.1527205 1.3806303
v 1.6987032 16.7697315 5.7922568 1.000000 0.937255 0.000000
vn -2.2942035 4.8864822 0.1589893
v 1.0404115 16.9679565 5.1730394 1.000000 0.556863 0.000000
vn -2.3205559 4.4287443 1.6396680
v 0.9087726 16.7741528 5.9004917 1.000000 0.000000 0.000000
vn 0.0851406 1.6245451 1.0885990
v 0.8767715 16.7270412 -5.6500020 1.000000 0.035294 0.000000
vn 0.2867082 5.2369046 3.2857947
v 0.8767715 16.7270412 5.9791474 1.000000 0.000000 0.000000
vn -2.3006380 4.6653404 1.1660844
v 0.9812600 16.8808708 5.6635036 1.000000 0.007843 0.000000
vn -2.2604735 4.7659330 0.8594723
v 1.0000888 16.9085922 5.5763168 1.000000 0.607843 0.000000
vn -2.2999718 4.8202586 0.6600009
v 1.0256183 16.9461784 5.4106236 1.000000 0.564706 0.000000
vn -2.2789633 4.5772605 1.3594038
v 0.9460070 16.8289719 5.7922721 1.000000 0.000000 0.000000
vn -2.2892604 4.8660693 0.3857517
v 1.0294294 16.9517879 5.3750839 1.000000 0.556863 0.000000
vn 2.7725334 4.1813745 1.6081762
v 0.8498701 16.7772408 5.9004917 1.000000 0.000000 0.000000
vn 2.7751625 4.6206546 0.1476724
v 0.7392090 16.9837437 5.1730242 1.000000 0.050980 0.000000
vn 2.7807984 4.5595512 0.6363988
v 0.7516448 16.9605370 5.4106236 1.000000 0.105882 0.000000
vn 2.7617404 4.4952917 0.8875505
v 0.7731031 16.9204960 5.5763021 1.000000 0.250980 0.000000
vn 2.7706361 4.4103169 1.1384616
v 0.7889342 16.8909531 5.6635036 1.000000 0.000000 0.000000
vn 2.7704930 4.5983238 0.3997640
v 0.7484396 16.9665203 5.3750691 1.000000 0.090196 0.000000
vn 2.7593462 4.3004727 1.3876808
v 0.8185696 16.8356495 5.7922721 1.000000 0.000000 0.000000
vn -2.1434114 -4.5858974 1.5853415
v 1.7816952 -16.7040138 5.9004693 0.000000 0.321569 1.000000
vn -2.0092249 -4.9759183 0.3810153
v 1.9121946 -16.8760281 5.3683934 0.000000 0.274510 1.000000
vn -2.0333557 -4.9396095 0.6289885
v 1.9073893 -16.8696938 5.4106383 0.000000 0.282353 1.000000
vn -2.0193553 -4.8647165 0.9062627
v 1.8813033 -16.8353100 5.5696635 0.000000 0.294118 1.000000
vn -1.9838183 -4.6729631 1.3769335
v 1.8246490 -16.7606316 5.7835026 0.000000 0.309804 1.000000
vn 0.0850981 -1.6246235 1.0886012
v 0.8767715 -16.7325535 -5.6500020 0.000000 0.058824 1.000000
vn -2.2667034 -4.8642640 0.3808973
v 1.0264906 -16.9529724 5.3683562 0.000000 0.282353 1.000000
vn -2.2890379 -4.8263569 0.6289102
v 1.0220199 -16.9463921 5.4106383 0.000000 0.286275 1.000000
vn -2.2763860 -4.7617416 0.8804721
v 0.9977759 -16.9106979 5.5696263 0.000000 0.294118 1.000000
vn -2.2949834 -4.6793680 1.1298130
v 0.9776591 -16.8810825 5.6634960 0.000000 0.301961 1.000000
vn -2.2943113 -4.5699139 1.3782697
v 0.9451068 -16.8331585 5.7834802 0.000000 0.309804 1.000000
vn -2.3199568 -4.4536757 1.5989997
v 0.9051697 -16.7743626 5.9004693 0.000000 0.329412 1.000000
vn 0.2444227 -5.2687888 3.2446198
v 0.8767715 -16.7325535 5.9707952 0.000000 0.329412 1.000000
vn 2.7707422 -4.1602688 1.6417252
v 0.8528994 -16.7770996 5.9004693 0.000000 0.329412 1.000000
vn 2.7124918 -4.3229523 1.3398294
v 0.8193269 -16.8397503 5.7834802 0.000000 0.309804 1.000000
vn 2.7785239 -4.3976521 1.1689993
v 0.7919630 -16.8908119 5.6634960 0.000000 0.309804 1.000000
vn 2.7034962 -4.5093021 0.8373770
v 0.7750481 -16.9223766 5.5696039 0.000000 0.301961 1.000000
vn 2.7953670 -4.5526991 0.6631214
v 0.7546723 -16.9604015 5.4106383 0.000000 0.286275 1.000000
vn 2.7534909 -4.6042242 0.3512907
v 0.7509118 -16.9674168 5.3683267 0.000000 0.282353 1.000000
vn -0.3165468 -5.2542820 3.2666211
v -0.8767715 -16.7325535 5.9707952 0.000000 0.349020 1.000000
vn 2.3199575 -4.4536757 1.5989990
v -0.9051697 -16.7743626 5.9004693 0.000000 0.337255 1.000000
vn -0.0850979 -1.6246235 1.0886015
v -0.8767715 -16.7325535 -5.6500020 0.000000 0.058824 1.000000
vn 2.2943146 -4.5699129 1.3782715
v -0.9451068 -16.8331585 5.7834802 0.000000 0.337255 1.000000
vn 2.2949874 -4.6793699 1.1298094
v -0.9776591 -16.8810825 5.6634960 0.000000 0.329412 1.000000
vn 2.2763922 -4.7617416 0.8804760
v -0.9977759 -16.9106979 5.5696263 0.000000 0.321569 1.000000
vn 2.2890453 -4.8263588 0.6289043
v -1.0220199 -16.9463921 5.4106383 0.000000 0.309804 1.000000
vn 2.2667036 -4.8642645 0.3808976
v -1.0264906 -16.9529724 5.3683562 0.000000 0.309804 1.000000
vn -2.7733846 -4.6025863 0.3684753
v -0.7509118 -16.9674168 5.3683267 0.000000 0.309804 1.000000
vn -2.8261368 -4.5610986 0.6242796
v -0.7546723 -16.9604015 5.4106383 0.000000 0.309804 1.000000
vn -2.7579157 -4.5017505 0.8683372
v -0.7750481 -16.9223766 5.5696039 0.000000 0.321569 1.000000
vn -2.8182917 -4.4165297 1.1218837
v -0.7919630 -16.8908119 5.6634960 0.000000 0.329412 1.000000
vn -2.7738233 -4.3111949 1.3666294
v -0.8193269 -16.8397503 5.7834802 0.000000 0.337255 1.000000
vn -2.8216095 -4.1928201 1.5879990
v -0.8528994 -16.7770996 5.9004693 0.000000 0.337255 1.000000
vn -0.0299897 -5.2407837 3.2914495
v 0.0000000 -16.7555122 5.9707880 0.000000 0.337255 1.000000
vn 2.5382786 -4.3117108 1.6217743
v -0.0261687 -16.7987461 5.9004693 0.000000 0.329412 1.000000
vn -0.0000000 -1.6268116 1.0885929
v 0.0000000 -16.7555122 -5.6500020 0.000000 0.000000 1.000000
vn 2.5189571 -4.4508843 1.3617860
v -0.0629757 -16.8595543 5.7834730 0.000000 0.321569 1.000000
vn 2.5277941 -4.5446672 1.1491001
v -0.0929732 -16.9091129 5.6634960 0.000000 0.321569 1.000000
vn 2.5108633 -4.6396236 0.8655554
v -0.1115159 -16.9397488 5.5696039 0.000000 0.309804 1.000000
vn 2.5317354 -4.6962662 0.6447162
v -0.1338549 -16.9766541 5.4106383 0.000000 0.309804 1.000000
vn 2.5178854 -4.7394323 0.3731426
v -0.1379769 -16.9834652 5.3683338 0.000000 0.301961 1.000000
vn -2.5264990 -4.7391920 0.3795316
v 0.1379769 -16.9834652 5.3683338 0.000000 0.301961 1.000000
vn -2.5501449 -4.7008076 0.6277850
v 0.1338549 -16.9766541 5.4106383 0.000000 0.309804 1.000000
vn -2.5308843 -4.6374846 0.8772479
v 0.1115159 -16.9397488 5.5696039 0.000000 0.309804 1.000000
vn -2.5513501 -4.5545139 1.1273674
v 0.0929732 -16.9091129 5.6634960 0.000000 0.321569 1.000000
vn -2.5429349 -4.4469032 1.3730718
v 0.0629757 -16.8595543 5.7834730 0.000000 0.321569 1.000000
vn -2.5687296 -4.3295627 1.5947685
v 0.0261687 -16.7987461 5.9004693 0.000000 0.329412 1.000000
vn 2.0601141 2.3654988 -3.2518237
v -9.8512802 -11.3115988 -6.6499963 0.000000 0.992157 1.000000
vn 2.3078351 2.1245120 -3.2518246
v -11.0358591 -10.1592236 -6.6499963 0.000000 1.000000 0.866667
vn 2.5275424 1.8577360 -3.2518239
v -12.0864763 -8.8835287 -6.6499963 0.000000 1.000000 0.737255
vn 2.7165675 1.5684114 -3.2518234
v -12.9903803 -7.5000000 -6.6499963 0.000000 1.000000 0.603922
vn 2.8726177 1.2600479 -3.2518241
v -13.7365999 -6.0254312 -6.6499963 0.000000 1.000000 0.474510
vn 2.9937987 0.9363877 -3.2518244
v -14.3160753 -4.4777222 -6.6499963 0.000000 1.000000 0.337255
vn 3.0786390 0.6013622 -3.2518234
v -14.7217722 -2.8756595 -6.6499963 0.000000 1.000000 0.203922
vn 3.1261082 0.2590370 -3.2518244
v -14.9487677 -1.2386903 -6.6499963 0.000000 1.000000 0.074510
vn 3.1356311 -0.0864336 -3.2518239
v -14.9943047 0.4133151 -6.6499963 0.047059 1.000000 0.000000
vn 3.1070917 -0.4308535 -3.2518237
v -14.8578310 2.0603034 -6.6499963 0.184314 1.000000 0.000000
vn 3.0408363 -0.7700441 -3.2518244
v -14.5410042 3.6822822 -6.6499963 0.309804 1.000000 0.000000
vn 2.9376690 -1.0998883 -3.2518239
v -14.0476685 5.2595634 -6.6499963 0.447059 1.000000 0.000000
vn 2.7988429 -1.4163799 -3.2518234
v -13.3838129 6.7730007 -6.6499963 0.576471 1.000000 0.000000
vn 2.6260426 -1.7156789 -3.2518244
v -12.5574970 8.2042227 -6.6499963 0.709804 1.000000 0.000000
vn 2.4213653 -1.9941527 -3.2518239
v -11.5787497 9.5358562 -6.6499963 0.839216 1.000000 0.000000
vn 2.1872959 -2.2484195 -3.2518237
v -10.4594517 10.7517376 -6.6499963 0.976471 1.000000 0.000000
vn 1.9266760 -2.4753938 -3.2518239
v -9.2131901 11.8371077 -6.6499963 1.000000 0.886275 0.000000
vn 1.6426697 -2.6723194 -3.2518229
v -7.8550940 12.7787905 -6.6499963 1.000000 0.756863 0.000000
vn 1.3387222 -2.8368073 -3.2518249
v -6.4016466 13.5653582 -6.6499963 1.000000 0.631373 0.000000
vn 1.0185238 -2.9668608 -3.2518239
v -4.8704920 14.1872587 -6.6499963 1.000000 0.509804 0.000000
vn 0.6859637 -3.0608997 -3.2518239
v -3.2802165 14.6369457 -6.6499963 1.000000 0.403922 0.000000
vn 0.3450762 -3.1177838 -3.2518241
v -1.6501232 14.9089603 -6.6499963 1.000000 0.337255 0.000000
vn 0.0000000 -3.1368222 -3.2518239
v 0.0000000 15.0000000 -6.6499963 1.000000 0.258824 0.000000
vn -0.3450762 -3.1177838 -3.2518239
v 1.6501232 14.9089603 -6.6499963 1.000000 0.301961 0.000000
vn -0.6859637 -3.0608997 -3.2518239
v 3.2802165 14.6369457 -6.6499963 1.000000 0.376471 0.000000
vn -1.0185238 -2.9668608 -3.2518237
v 4.8704920 14.1872587 -6.6499963 1.000000 0.486275 0.000000
vn -1.3387222 -2.8368073 -3.2518251
v 6.4016466 13.5653582 -6.6499963 1.000000 0.611765 0.000000
vn -1.6426698 -2.6723194 -3.2518232
v 7.8550940 12.7787905 -6.6499963 1.000000 0.737255 0.000000
vn -1.9266759 -2.4753938 -3.2518241
v 9.2131901 11.8371077 -6.6499963 1.000000 0.874510 0.000000
vn -2.1872959 -2.2484198 -3.2518239
v 10.4594517 10.7517376 -6.6499963 0.984314 1.000000 0.000000
vn -2.4213653 -1.9941527 -3.2518239
v 11.5787497 9.5358562 -6.6499963 0.858824 1.000000 0.000000
vn -2.6260424 -1.7156789 -3.2518246
v 12.5574970 8.2042227 -6.6499963 0.721569 1.000000 0.000000
vn -2.7988429 -1.4163799 -3.2518234
v 13.3838129 6.7730007 -6.6499963 0.592157 1.000000 0.000000
vn -2.9376693 -1.0998883 -3.2518239
v 14.0476685 5.2595634 -6.6499963 0.458824 1.000000 0.000000
vn -3.0408363 -0.7700441 -3.2518246
v 14.5410042 3.6822822 -6.6499963 0.329412 1.000000 0.000000
vn -3.1070917 -0.4308536 -3.2518234
v 14.8578310 2.0603034 -6.6499963 0.192157 1.000000 0.000000
vn -3.1356311 -0.0864336 -3.2518239
v 14.9943047 0.4133151 -6.6499963 0.058824 1.000000 0.000000
vn -3.1261084 0.2590370 -3.2518244
v 14.9487677 -1.2386903 -6.6499963 0.000000 1.000000 0.058824
vn -3.0786390 0.6013622 -3.2518234
v 14.7217722 -2.8756595 -6.6499963 0.000000 1.000000 0.192157
vn -2.9937987 0.9363877 -3.2518244
v 14.3160753 -4.4777222 -6.6499963 0.000000 1.000000 0.329412
vn -2.8726177 1.2600479 -3.2518239
v 13.7365999 -6.0254312 -6.6499963 0.000000 1.000000 0.458824
vn -2.7165675 1.5684114 -3.2518234
v 12.9903803 -7.5000000 -6.6499963 0.000000 1.000000 0.592157
vn -2.5275426 1.8577361 -3.2518239
v 12.0864763 -8.8835287 -6.6499963 0.000000 1.000000 0.721569
vn -2.3078351 2.1245120 -3.2518246
v 11.0358591 -10.1592236 -6.6499963 0.000000 1.000000 0.858824
vn -2.0601141 2.3654988 -3.2518237
v 9.8512802 -11.3115988 -6.6499963 0.000000 1.000000 0.984314
vn -1.7873871 2.5777707 -3.2518239
v 8.5471210 -12.3266668 -6.6499963 0.000000 0.874510 1.000000
vn -1.4929621 2.7587528 -3.2518244
v 7.1392112 -13.1921062 -6.6499963 0.000000 0.737255 1.000000
vn -1.1804156 2.9062474 -3.2518229
v 5.6446404 -13.8974104 -6.6499963 0.000000 0.611765 1.000000
vn -0.8535409 3.0184636 -3.2518244
v 4.0815520 -14.4340200 -6.6499963 0.000000 0.474510 1.000000
vn -0.5163036 3.0940399 -3.2518244
v 2.4689188 -14.7954197 -6.6499963 0.000000 0.337255 1.000000
vn -0.1728001 3.1320591 -3.2518239
v 0.8263164 -14.9772224 -6.6499963 0.000000 0.211765 1.000000
vn 0.1728001 3.1320591 -3.2518239
v -0.8263164 -14.9772224 -6.6499963 0.000000 0.200000 1.000000
vn 0.5163037 3.0940399 -3.2518241
v -2.4689188 -14.7954197 -6.6499963 0.000000 0.329412 1.000000
vn 0.8535409 3.0184636 -3.2518244
v -4.0815520 -14.4340200 -6.6499963 0.000000 0.466667 1.000000
vn 1.1804156 2.9062471 -3.2518229
v -5.6446404 -13.8974104 -6.6499963 0.000000 0.592157 1.000000
vn 1.4929621 2.7587531 -3.2518244
v -7.1392112 -13.1921062 -6.6499963 0.000000 0.729412 1.000000
vn 1.7873871 2.5777707 -3.2518239
v -8.5471210 -12.3266668 -6.6499963 0.000000 0.858824 1.000000
vn 0.0000000 -3.1368222 -3.0313616
v 0.0000000 15.0000000 5.1500020 0.792157 1.000000 0.000000
vn -0.3450762 -3.1177838 -3.0313611
v 1.6501232 14.9089603 5.1500020 0.784314 1.000000 0.000000
vn -0.6859637 -3.0608997 -3.0313616
v 3.2802165 14.6369457 5.1500020 0.756863 1.000000 0.000000
vn -1.0185238 -2.9668608 -3.0313616
v 4.8704920 14.1872587 5.1500020 0.658824 1.000000 0.000000
vn -1.3387222 -2.8368073 -3.0313601
v 6.4016466 13.5653582 5.1500020 0.619608 1.000000 0.000000
vn -1.6426697 -2.6723194 -3.0313621
v 7.8550940 12.7787905 5.1500020 0.564706 1.000000 0.000000
vn -1.9266760 -2.4753938 -3.0313613
v 9.2131901 11.8371077 5.1500020 0.494118 1.000000 0.000000
vn -2.1872959 -2.2484195 -3.0313613
v 10.4594517 10.7517376 5.1500020 0.419608 1.000000 0.000000
vn -2.4213653 -1.9941528 -3.0313613
v 11.5787497 9.5358562 5.1500020 0.337255 1.000000 0.000000
vn -2.6260428 -1.7156789 -3.0313611
v 12.5574970 8.2042227 5.1500020 0.247059 1.000000 0.000000
vn -2.7988429 -1.4163799 -3.0313616
v 13.3838129 6.7730007 5.1500020 0.149020 1.000000 0.000000
vn -2.9376690 -1.0998883 -3.0313611
v 14.0476685 5.2595634 5.1500020 0.047059 1.000000 0.000000
vn -3.0408363 -0.7700441 -3.0313609
v 14.5410042 3.6822822 5.1500020 0.000000 1.000000 0.047059
vn -3.1070917 -0.4308535 -3.0313616
v 14.8578310 2.0603034 5.1500020 0.000000 1.000000 0.156863
vn -3.1356311 -0.0864336 -3.0313611
v 14.9943047 0.4133151 5.1500020 0.000000 1.000000 0.266667
vn -3.1261082 0.2590370 -3.0313611
v 14.9487677 -1.2386903 5.1500020 0.000000 1.000000 0.376471
vn -3.0786390 0.6013622 -3.0313621
v 14.7217722 -2.8756595 5.1500020 0.000000 1.000000 0.494118
vn -2.9937987 0.9363877 -3.0313606
v 14.3160753 -4.4777222 5.1500020 0.000000 1.000000 0.603922
vn -2.8726180 1.2600479 -3.0313611
v 13.7365999 -6.0254312 5.1500020 0.000000 1.000000 0.729412
vn -2.7165675 1.5684114 -3.0313621
v 12.9903803 -7.5000000 5.1500020 0.000000 1.000000 0.847059
vn -2.5275424 1.8577361 -3.0313616
v 12.0864763 -8.8835287 5.1500020 0.000000 1.000000 0.964706
vn -2.3078351 2.1245120 -3.0313606
v 11.0358591 -10.1592236 5.1500020 0.000000 0.901961 1.000000
vn -2.0601141 2.3654988 -3.0313618
v 9.8512802 -11.3115988 5.1500020 0.000000 0.784314 1.000000
vn -1.7873871 2.5777707 -3.0313616
v 8.5471210 -12.3266668 5.1500020 0.000000 0.658824 1.000000
vn -1.4929621 2.7587531 -3.0313609
v 7.1392112 -13.1921062 5.1500020 0.000000 0.537255 0.992157
vn -1.1804156 2.9062474 -3.0313621
v 5.6446404 -13.8974104 5.1500020 0.000000 0.411765 1.000000
vn -0.8535409 3.0184636 -3.0313611
v 4.0815520 -14.4340200 5.1500020 0.000000 0.392157 1.000000
vn -0.5163036 3.0940399 -3.0313611
v 2.4689188 -14.7954197 5.1500020 0.000000 0.392157 1.000000
vn -0.1728001 3.1320591 -3.0313616
v 0.8263164 -14.9772224 5.1500020 0.000000 0.392157 1.000000
vn 0.1728001 3.1320591 -3.0313616
v -0.8263164 -14.9772224 5.1500020 0.000000 0.392157 1.000000
vn 0.5163036 3.0940399 -3.0313611
v -2.4689188 -14.7954197 5.1500020 0.000000 0.392157 1.000000
vn 0.8535409 3.0184636 -3.0313611
v -4.0815520 -14.4340200 5.1500020 0.000000 0.392157 1.000000
vn 1.1804156 2.9062474 -3.0313621
v -5.6446404 -13.8974104 5.1500020 0.000000 0.400000 1.000000
vn 1.4929621 2.7587531 -3.0313609
v -7.1392112 -13.1921062 5.1500020 0.000000 0.521569 1.000000
vn 1.7873871 2.5777707 -3.0313616
v -8.5471210 -12.3266668 5.1500020 0.000000 0.647059 1.000000
vn 2.0601139 2.3654988 -3.0313618
v -9.8512802 -11.3115988 5.1500020 0.000000 0.764706 1.000000
vn 2.3078351 2.1245120 -3.0313606
v -11.0358591 -10.1592236 5.1500020 0.000000 0.894118 1.000000
vn 2.5275426 1.8577361 -3.0313616
v -12.0864763 -8.8835287 5.1500020 0.000000 1.000000 0.976471
vn 2.7165675 1.5684114 -3.0313621
v -12.9903803 -7.5000000 5.1500020 0.000000 1.000000 0.858824
vn 2.8726177 1.2600479 -3.0313611
v -13.7365999 -6.0254312 5.1500020 0.000000 1.000000 0.737255
vn 2.9937987 0.9363877 -3.0313606
v -14.3160753 -4.4777222 5.1500020 0.000000 1.000000 0.619608
vn 3.0786390 0.6013622 -3.0313621
v -14.7217722 -2.8756595 5.1500020 0.000000 1.000000 0.509804
vn 3.1261084 0.2590370 -3.0313611
v -14.9487677 -1.2386903 5.1500020 0.000000 1.000000 0.392157
vn 3.1356311 -0.0864336 -3.0313611
v -14.9943047 0.4133151 5.1500020 0.000000 1.000000 0.282353
vn 3.1070917 -0.4308536 -3.0313616
v -14.8578310 2.0603034 5.1500020 0.000000 1.000000 0.164706
vn 3.0408363 -0.7700441 -3.0313609
v -14.5410042 3.6822822 5.1500020 0.000000 1.000000 0.058824
vn 2.9376693 -1.0998882 -3.0313611
v -14.0476685 5.2595634 5.1500020 0.039216 1.000000 0.000000
vn 2.7988429 -1.4163799 -3.0313616
v -13.3838129 6.7730007 5.1500020 0.137255 1.000000 0.000000
vn 2.6260424 -1.7156789 -3.0313611
v -12.5574970 8.2042227 5.1500020 0.231373 1.000000 0.000000
vn 2.4213653 -1.9941527 -3.0313613
v -11.5787497 9.5358562 5.1500020 0.321569 1.000000 0.000000
vn 2.1872959 -2.2484198 -3.0313613
v -10.4594517 10.7517376 5.1500020 0.411765 1.000000 0.000000
vn 1.9266760 -2.4753938 -3.0313613
v -9.2131901 11.8371077 5.1500020 0.486275 1.000000 0.000000
vn 1.6426698 -2.6723194 -3.0313621
v -7.8550940 12.7787905 5.1500020 0.556863 1.000000 0.000000
vn 1.3387222 -2.8368073 -3.0313601
v -6.4016466 13.5653582 5.1500020 0.611765 1.000000 0.000000
vn 1.0185238 -2.9668608 -3.0313616
v -4.8704920 14.1872587 5.1500020 0.658824 1.000000 0.000000
vn 0.6859637 -3.0608997 -3.0313616
v -3.2802165 14.6369457 5.1500020 0.694118 1.000000 0.000000
vn 0.3450762 -3.1177838 -3.0313611
v -1.6501232 14.9089603 5.1500020 0.709804 1.000000 0.000000
vn 0.0000000 0.0000000 -6.2831807
v 0.0000000 0.0000000 5.1500020 0.000000 1.000000 0.400000
vn 0.0000000 0.0000000 3.1127338
v 0.0000000 17.2500000 -5.6500020 1.000000 0.000000 0.000000
vn -0.4969767 6.1441183 1.0862753
v -1.2538100 16.9308510 5.4104743 1.000000 0.737255 0.000000
vn -0.8009710 6.1009068 1.1687557
v -2.5007720 16.7920189 5.4104743 1.000000 0.921569 0.000000
vn -1.4605880 5.9901404 1.0950781
v -3.7340760 16.5614719 5.4104743 1.000000 0.956863 0.000000
vn -1.7756684 5.9007244 1.0950414
v -4.9469852 16.2404766 5.4104743 0.992157 1.000000 0.000000
vn -1.6432339 5.1627660 3.0828204
v -6.0685124 15.6646366 5.9000001 0.901961 1.000000 0.000000
vn -2.6729343 5.5543485 1.0829413
v -7.2852712 15.3346195 5.4104743 0.874510 1.000000 0.000000
vn -3.7725730 4.8713059 1.1015007
v -10.4796629 13.3567352 5.4104743 0.658824 1.000000 0.000000
vn -4.4843984 4.2277937 1.0891418
v -12.3328171 11.6673622 5.4104743 0.501961 1.000000 0.000000
vn -4.3671541 3.2071967 3.1001687
v -13.0226812 10.6121378 5.9000001 0.392157 1.000000 0.000000
vn -5.0873122 3.4819913 1.0856522
v -13.9169083 9.7234449 5.4104743 0.329412 1.000000 0.000000
vn -5.2627735 3.2008367 1.1154516
v -14.5970039 8.6690941 5.4104743 0.239216 1.000000 0.000000
vn -5.5801845 2.6124358 1.1397781
v -15.1973763 7.5673947 5.4104743 0.149020 1.000000 0.000000
vn -5.7029276 2.3356123 1.0913500
v -15.7147455 6.4243646 5.4104743 0.058824 1.000000 0.000000
vn -6.0515056 1.1204115 1.1596699
v -16.7429390 2.8106432 5.4104743 0.000000 1.000000 0.211765
vn -6.1612983 0.1291845 1.0889455
v -16.9743137 0.3137203 5.4104743 0.000000 1.000000 0.400000
vn -5.4216700 0.0264375 3.0761092
v -16.7732277 -0.9308594 5.9000001 0.000000 1.000000 0.509804
vn -6.1083426 -0.8267406 1.0832441
v -16.8353615 -2.1900470 5.4104743 0.000000 1.000000 0.592157
vn -5.7978625 -2.0865090 1.0953830
v -15.9414034 -5.8392935 5.4104743 0.000000 1.000000 0.866667
vn -5.4040279 -2.9641328 1.0846524
v -14.9073715 -8.1237917 5.4104743 0.000000 0.949020 1.000000
vn -4.4245129 -3.1304474 3.1043477
v -14.1169720 -9.1059752 5.9000001 0.000000 0.866667 1.000000
vn -4.6691804 -4.0181813 1.1112750
v -12.7555208 -11.2036781 5.4104743 0.000000 0.737255 1.000000
vn -4.2076426 -4.5025682 1.1318134
v -11.8932676 -12.1151104 5.4104743 0.000000 0.686275 1.000000
vn -3.9799004 -4.7057786 1.0866903
v -10.9660568 -12.9603748 5.4104743 0.000000 0.619608 1.000000
vn -2.9346356 -5.4093103 1.1621369
v -7.8469329 -15.0549450 5.4104743 0.000000 0.474510 1.000000
vn -2.0271955 -5.8196125 1.0900488
v -5.5437169 -16.0465851 5.4104743 0.000000 0.392157 1.000000
vn -1.6305126 -5.1695065 3.0944350
v -4.2979126 -16.2399387 5.9000001 0.000000 0.392157 1.000000
vn -1.1007532 -6.0649281 1.0839235
v -3.1195543 -16.6881428 5.4104743 0.000000 0.337255 1.000000
vn 0.1914277 -6.1587839 1.0967503
v 0.6273334 -16.9656162 5.4104743 0.000000 0.286275 1.000000
vn 0.5910257 -5.7821674 2.3274474
v 1.9030141 -16.7869587 5.7026491 0.000000 0.301961 1.000000
vn 1.1487916 -6.0555296 1.0851018
v 3.1195543 -16.6881428 5.4104743 0.000000 0.282353 1.000000
vn 1.6386942 -5.1705761 3.0901937
v 4.2979126 -16.2399387 5.9000001 0.000000 0.321569 1.000000
vn 2.3766344 -5.6829410 1.1133742
v 6.7136588 -15.5933485 5.4104743 0.000000 0.282353 1.000000
vn 3.2448089 -5.2397337 1.0869015
v 8.9373503 -14.4343166 5.4104743 0.000000 0.282353 1.000000
vn 4.0180097 -4.6751232 1.0831217
v 10.9660568 -12.9603748 5.4104743 0.000000 0.447059 1.000000
vn 4.2352557 -4.4639530 1.1676266
v 11.8932676 -12.1151104 5.4104743 0.000000 0.537255 1.000000
vn 4.7058415 -3.9842575 1.0923772
v 12.7555208 -11.2036781 5.4104743 0.000000 0.639216 1.000000
vn 4.9076624 -3.7272086 1.0899765
v 13.5481071 -10.2310553 5.4104743 0.000000 0.729412 1.000000
vn 4.4260406 -3.1222115 3.1086614
v 14.1169720 -9.1059752 5.9000001 0.000000 0.811765 1.000000
vn 4.0108652 -2.5548854 4.0609198
v 13.9909439 -9.0246820 6.1141815 0.000000 0.803922 1.000000
vn 5.4272108 -2.9223444 1.0836287
v 14.9073715 -8.1237917 5.4104743 0.000000 0.921569 1.000000
vn 5.8179941 -2.0413804 1.0842532
v 15.9414034 -5.8392935 5.4104743 0.000000 1.000000 0.886275
vn 5.9163084 -1.7219012 1.0961840
v 16.3291168 -4.6460342 5.4104743 0.000000 1.000000 0.792157
vn 5.6795268 -1.2297103 2.3305845
v 16.5533524 -3.3788195 5.7021723 0.000000 1.000000 0.701961
vn 6.1139717 -0.7801009 1.0845298
v 16.8353615 -2.1900470 5.4104743 0.000000 1.000000 0.603922
vn 5.4252853 0.0340120 3.0717835
v 16.7732277 -0.9308594 5.9000001 0.000000 1.000000 0.521569
vn 6.1393728 0.5036689 1.1120609
v 16.9047909 1.5664594 5.4104743 0.000000 1.000000 0.321569
vn 5.9862447 1.4658742 1.0860612
v 16.4896431 4.0394764 5.4104743 0.000000 1.000000 0.129412
vn 5.6901150 2.3705013 1.0863180
v 15.7147455 6.4243646 5.4104743 0.047059 1.000000 0.000000
vn 5.5552287 2.6450810 1.1723156
v 15.1973763 7.5673947 5.4104743 0.137255 1.000000 0.000000
vn 5.2470760 3.2378430 1.0937942
v 14.5970039 8.6690941 5.4104743 0.231373 1.000000 0.000000
vn 5.0638289 3.5112066 1.0953274
v 13.9169083 9.7234449 5.4104743 0.321569 1.000000 0.000000
vn 4.3596201 3.2112765 3.1045983
v 13.0226812 10.6121378 5.9000001 0.384314 1.000000 0.000000
vn 3.6668949 3.0256319 4.0629683
v 12.9064226 10.5173988 6.1141815 0.376471 1.000000 0.000000
vn 4.4604616 4.2537012 1.0875769
v 12.3328171 11.6673622 5.4104743 0.494118 1.000000 0.000000
vn 3.4654613 5.0950055 1.0953848
v 9.4646158 14.0942106 5.4104743 0.737255 1.000000 0.000000
vn 2.9324610 5.0146036 2.3340480
v 8.3267365 14.7000504 5.7024627 0.792157 1.000000 0.000000
vn 2.6312597 5.5736909 1.0841671
v 7.2852712 15.3346195 5.4104743 0.874510 1.000000 0.000000
vn 1.6370212 5.1686769 3.0783839
v 6.0685124 15.6646366 5.9000001 0.901961 1.000000 0.000000
vn 1.7398050 5.9142160 1.0857561
v 4.9469852 16.2404766 5.4104743 0.992157 1.000000 0.000000
vn 1.4199494 5.9936218 1.1173445
v 3.7340760 16.5614719 5.4104743 1.000000 0.956863 0.000000
vn 0.7620782 6.1145153 1.1364552
v 2.5007720 16.7920189 5.4104743 1.000000 0.921569 0.000000
vn 0.4598818 6.1454601 1.0915551
v 1.2538100 16.9308510 5.4104743 1.000000 0.909804 0.000000
vn 0.3498615 4.7496634 4.0515528
v 1.2295756 16.6035995 6.1141815 1.000000 0.227451 0.000000
vn -0.0000004 4.7246108 4.1044025
v 0.0000000 16.6490669 6.1141815 1.000000 0.000000 0.000000
vn 0.3963451 5.4010210 3.1360829
v 1.2406515 16.7531624 5.9000001 1.000000 0.309804 0.000000
vn 0.4316644 5.8626537 2.1478302
v 1.2488122 16.8633614 5.6630268 1.000000 0.329412 0.000000
vn 0.6750805 4.7089586 4.0588498
v 2.4524360 16.4674530 6.1141815 1.000000 0.984314 0.000000
vn 0.6842583 5.3727279 3.1425743
v 2.4745269 16.6157875 5.9000001 1.000000 0.964706 0.000000
vn 0.7335280 5.8319507 2.1654904
v 2.4908037 16.7250843 5.6630268 1.000000 0.937255 0.000000
vn 1.0576173 4.6422091 4.0533733
v 3.6619017 16.2413635 6.1141815 0.976471 1.000000 0.000000
vn 1.2323413 5.2668781 3.1486127
v 3.6948872 16.3876610 5.9000001 0.992157 1.000000 0.000000
vn 1.3468359 5.7146454 2.1718576
v 3.7191916 16.4954567 5.6630268 1.000000 0.976471 0.000000
vn 1.5206681 5.1991482 3.1356754
v 4.8950672 16.0700340 5.9000001 0.949020 1.000000 0.000000
vn 1.3708473 4.5590262 4.0540943
v 4.8513675 15.9265718 6.1141815 0.937255 1.000000 0.000000
vn 1.6476359 5.6448879 2.1465061
v 4.9272666 16.1757393 5.6630268 0.972549 1.000000 0.000000
vn 1.7380918 4.4212193 4.0679436
v 6.0143366 15.5247927 6.1141815 0.886275 1.000000 0.000000
vn 2.0384147 4.3040748 4.0517726
v 7.1444578 15.0382233 6.1141815 0.827451 1.000000 0.000000
vn 2.3086026 4.8995409 3.1351433
v 7.2088137 15.1736841 5.9000001 0.839216 0.992157 0.000000
vn 2.5061631 5.3183408 2.1461205
v 7.2562318 15.2734938 5.6630268 0.858824 1.000000 0.000000
vn 2.5619173 4.7564859 3.1741073
v 8.3097420 14.5998592 5.9000001 0.776471 1.000000 0.000000
vn 2.3277159 4.1467986 4.0610824
v 8.2355576 14.4695206 6.1141815 0.764706 1.000000 0.000000
vn 2.6602263 3.9497950 4.0520935
v 9.2816792 13.8217888 6.1141815 0.694118 1.000000 0.000000
vn 3.0396457 4.4782982 3.1418996
v 9.3652868 13.9462929 5.9000001 0.701961 1.000000 0.000000
vn 3.3041730 4.8579893 2.1584477
v 9.4268894 14.0380287 5.6630268 0.721569 1.000000 0.000000
vn 2.9222205 3.7571907 4.0552273
v 10.2771063 13.0985689 6.1141815 0.619608 1.000000 0.000000
vn 3.5604610 4.6801929 2.1485424
v 10.4378901 13.3034945 5.6630268 0.647059 1.000000 0.000000
vn 3.2835436 4.3082414 3.1370015
v 10.3696804 13.2165575 5.9000001 0.631373 1.000000 0.000000
vn 3.7417667 4.9005470 1.0829716
v 10.4796629 13.3567352 5.4104743 0.658824 0.992157 0.000000
vn 3.2191155 3.5014338 4.0600047
v 11.2164040 12.3038092 6.1141815 0.537255 1.000000 0.000000
vn 3.8477061 4.3550243 2.3317804
v 11.4087772 12.4606543 5.7023063 0.556863 1.000000 0.000000
vn 3.6636517 3.9675097 3.1671576
v 11.3174381 12.4146385 5.9000001 0.549020 1.000000 0.000000
vn 3.4527717 3.2795761 4.0521984
v 12.0944405 11.4418488 6.1141815 0.458824 1.000000 0.000000
vn 3.9135313 3.7447765 3.1348906
v 12.2033854 11.5449152 5.9000001 0.466667 1.000000 0.000000
vn 4.2476459 4.0657020 2.1451733
v 12.2836571 11.6208563 5.6630268 0.482353 1.000000 0.000000
vn 3.9054341 2.7257612 4.0514536
v 13.6479139 9.5355053 6.1141815 0.294118 1.000000 0.000000
vn 4.4449162 3.0915444 3.1382303
v 13.7708511 9.6213999 5.9000001 0.301961 1.000000 0.000000
vn 4.8267174 3.3534904 2.1512990
v 13.8614340 9.6846876 5.6630268 0.309804 1.000000 0.000000
vn 4.0800681 2.4494429 4.0564847
v 14.3148651 8.5015326 6.1141815 0.203922 1.000000 0.000000
vn 4.9987860 3.0963893 2.1536016
v 14.5388193 8.6345387 5.6630268 0.219608 1.000000 0.000000
vn 4.6087766 2.8458283 3.1391156
v 14.4438105 8.5781136 5.9000001 0.211765 1.000000 0.000000
vn 4.2672720 2.1080482 4.0555363
v 14.9036331 7.4211273 6.1141815 0.109804 1.000000 0.000000
vn 4.8640404 2.3523712 3.1610236
v 15.0378819 7.4879756 5.9000001 0.121569 1.000000 0.000000
vn 5.2842050 2.5407929 2.1985452
v 15.1367989 7.5372300 5.6630268 0.129412 1.000000 0.000000
vn 4.4025636 1.8139482 4.0527973
v 15.4110031 6.3001909 6.1141815 0.019608 1.000000 0.000000
vn 4.9968748 2.0910316 3.1351213
v 15.5498228 6.3569417 5.9000001 0.031373 1.000000 0.000000
vn 5.4235530 2.2719989 2.1453056
v 15.6521053 6.3987565 5.6630268 0.039216 1.000000 0.000000
vn 4.4967542 1.4633904 4.0985317
v 15.8342028 5.1448445 6.1141815 0.000000 1.000000 0.058824
vn 4.6255684 1.1348194 4.0512390
v 16.1709232 3.9613988 6.1141815 0.000000 1.000000 0.149020
vn 5.2591982 1.2912519 3.1362910
v 16.3165874 3.9970825 5.9000001 0.000000 1.000000 0.149020
vn 5.7092204 1.4005821 2.1478522
v 16.4239140 4.0233746 5.6630268 0.000000 1.000000 0.137255
vn 5.3216105 1.0076451 3.1421990
v 16.5672245 2.7811460 5.9000001 0.000000 0.992157 0.239216
vn 5.7738743 1.1041480 2.1635501
v 16.6762009 2.7994397 5.6630268 0.000000 1.000000 0.231373
vn 4.6879568 0.8119841 4.0579257
v 16.4193211 2.7563176 6.1141815 0.000000 1.000000 0.247059
vn 6.0515695 1.1659434 1.1271850
v 16.7429390 2.8106432 5.4104743 0.000000 1.000000 0.219608
vn 4.7421107 0.4291172 4.0528903
v 16.5780449 1.5361820 6.1141815 0.000000 1.000000 0.337255
vn 5.3897448 0.4551597 3.1489291
v 16.7273769 1.5500197 5.9000001 0.000000 1.000000 0.337255
vn 5.8510718 0.4845669 2.1722434
v 16.8374043 1.5602154 5.6630268 0.000000 1.000000 0.329412
vn 5.4144297 0.1592949 3.1358886
v 16.7961693 0.3104278 5.9000001 0.000000 1.000000 0.431373
vn 5.8778181 0.1770228 2.1463065
v 16.9066505 0.3124698 5.6630268 0.000000 1.000000 0.419608
vn 4.7599077 0.1042871 4.0535469
v 16.6462231 0.3076565 6.1141815 0.000000 1.000000 0.431373
vn 6.1625543 0.1769533 1.0823336
v 16.9743137 0.3137203 5.4104743 0.000000 1.000000 0.411765
vn 4.7433023 -0.2854176 4.0661402
v 16.6234875 -0.9225494 6.1141815 0.000000 1.000000 0.529412
vn 4.7235742 -0.6089560 4.0513368
v 16.5099602 -2.1477165 6.1141815 0.000000 1.000000 0.619608
vn 5.3728795 -0.6822074 3.1353803
v 16.6586761 -2.1670628 5.9000001 0.000000 1.000000 0.619608
vn 5.8324451 -0.7402003 2.1461718
v 16.7682552 -2.1813171 5.6630268 0.000000 1.000000 0.611765
vn 5.3159876 -0.9684947 3.1719809
v 16.4531422 -3.3914301 5.9000001 0.000000 1.000000 0.709804
vn 4.6638246 -0.9342241 4.0596194
v 16.3062592 -3.3611536 6.1141815 0.000000 1.000000 0.709804
vn 4.5789852 -1.3092465 4.0515404
v 16.0135002 -4.5562334 6.1141815 0.000000 1.000000 0.811765
vn 5.1982069 -1.5071812 3.1421103
v 16.1577454 -4.5972753 5.9000001 0.000000 1.000000 0.803922
vn 5.6412463 -1.6411818 2.1585600
v 16.2640285 -4.6275153 5.6630268 0.000000 1.000000 0.800000
vn 4.4764576 -1.6193206 4.0544682
v 15.6332798 -5.7264285 6.1141815 0.000000 1.000000 0.909804
vn 5.1114850 -1.7924826 3.1372061
v 15.7741013 -5.7780108 5.9000001 0.000000 1.000000 0.901961
vn 5.5514369 -1.9397942 2.1485620
v 15.8778601 -5.8160176 5.6630268 0.000000 1.000000 0.894118
vn 4.3263469 -1.9786813 4.0585594
v 15.1676769 -6.8653479 6.1141815 0.000000 0.992157 1.000000
vn 5.3290515 -2.3228171 2.3270159
v 15.3762054 -6.9995508 5.7028055 0.000000 1.000000 0.992157
vn 4.9049730 -2.2585297 3.1677532
v 15.3043051 -6.9271894 5.9000001 0.000000 1.000000 0.992157
vn 4.1861315 -2.2708681 4.0516853
v 14.6192331 -7.9667706 6.1141815 0.000000 0.894118 1.000000
vn 4.7704096 -2.5651593 3.1351497
v 14.7509203 -8.0385342 5.9000001 0.000000 0.901961 1.000000
vn 5.1793718 -2.7830751 2.1455028
v 14.8479490 -8.0914097 5.6630268 0.000000 0.909804 1.000000
vn 3.7996168 -2.8720329 4.0509133
v 13.2862425 -10.0333042 6.1141815 0.000000 0.709804 1.000000
vn 4.3136330 -3.2719760 3.1384199
v 13.4059219 -10.1236820 5.9000001 0.000000 0.709804 1.000000
vn 4.6810594 -3.5538132 2.1516664
v 13.4941034 -10.1902733 5.6630268 0.000000 0.721569 1.000000
vn 3.5900285 -3.1248419 4.0555463
v 12.5089741 -10.9871273 6.1141815 0.000000 0.611765 0.992157
vn 4.1299443 -3.5044668 3.1392345
v 12.6216536 -11.0860968 5.9000001 0.000000 0.619608 1.000000
vn 4.4898596 -3.7971909 2.1532295
v 12.7046757 -11.1590195 5.6630268 0.000000 0.627451 1.000000
vn 3.3249261 -3.4067087 4.0544367
v 11.6633873 -11.8809423 6.1141815 0.000000 0.521569 1.000000
vn 3.7414627 -3.8984308 3.1602070
v 11.7684488 -11.9879646 5.9000001 0.000000 0.521569 1.000000
vn 4.0513048 -4.2393041 2.1967726
v 11.8458595 -12.0668192 5.6630268 0.000000 0.529412 1.000000
vn 3.0854733 -3.6271775 4.0522399
v 10.7540989 -12.7098694 6.1141815 0.000000 0.427451 1.000000
vn 3.5324128 -4.1062045 3.1354091
v 10.8509693 -12.8243561 5.9000001 0.000000 0.431373 1.000000
vn 3.8372450 -4.4555087 2.1456225
v 10.9223452 -12.9087133 5.6630268 0.000000 0.439216 1.000000
vn 2.7822101 -3.8270917 4.0948443
v 9.7860756 -13.4693775 6.1141815 0.000000 0.337255 1.000000
vn 2.5088987 -4.0487123 4.0507798
v 8.7646046 -14.1553221 6.1141815 0.000000 0.337255 1.000000
vn 2.8532708 -4.6025934 3.1364570
v 8.8435545 -14.2828302 5.9000001 0.000000 0.321569 1.000000
vn 3.0968490 -4.9965463 2.1481307
v 8.9017258 -14.3767796 5.6630268 0.000000 0.301961 1.000000
vn 2.6021702 -4.7501297 3.1420231
v 7.7645807 -14.8969450 5.9000001 0.000000 0.321569 1.000000
vn 2.8347855 -5.1504750 2.1621232
v 7.8156543 -14.9949341 5.6630268 0.000000 0.301961 1.000000
vn 2.2200809 -4.2088523 4.0568829
v 7.6952634 -14.7639542 6.1141815 0.000000 0.337255 1.000000
vn 2.9803405 -5.3945642 1.1274035
v 7.8469329 -15.0549450 5.4104743 0.000000 0.282353 1.000000
vn 1.8744510 -4.3775654 4.0521512
v 6.5838938 -15.2919502 6.1141815 0.000000 0.337255 1.000000
vn 2.0994260 -4.9850211 3.1485424
v 6.6431999 -15.4296980 5.9000001 0.000000 0.321569 1.000000
vn 2.2706332 -5.4144230 2.1716454
v 6.6868973 -15.5311918 5.6630268 0.000000 0.301961 1.000000
vn 1.8245300 -5.1000466 3.1361384
v 5.4855361 -15.8781805 5.9000001 0.000000 0.321569 1.000000
vn 1.9856099 -5.5350776 2.1465230
v 5.5216193 -15.9826221 5.6630268 0.000000 0.301961 1.000000
vn 1.5696884 -4.4952154 4.0530348
v 5.4365649 -15.7364292 6.1141815 0.000000 0.337255 1.000000
vn 2.0752234 -5.8053613 1.0832522
v 5.5437169 -16.0465851 5.4104743 0.000000 0.282353 1.000000
vn 1.1959764 -4.6002178 4.0643706
v 4.2595434 -16.0949593 6.1141815 0.000000 0.337255 1.000000
vn 0.8805809 -4.6807961 4.0509877
v 3.0592580 -16.3655834 6.1141815 0.000000 0.337255 1.000000
vn 1.0117968 -5.3205299 3.1355512
v 3.0868151 -16.5130024 5.9000001 0.000000 0.321569 1.000000
vn 1.0992433 -5.7755113 2.1463509
v 3.1071196 -16.6216221 5.6630268 0.000000 0.301961 1.000000
vn 0.7211893 -5.3555121 3.1712997
v 1.8588586 -16.6958771 5.9000001 0.000000 0.321569 1.000000
vn 0.5516910 -4.7250729 4.0586319
v 1.8422638 -16.5468273 6.1141815 0.000000 0.337255 1.000000
vn 0.1703321 -4.7597141 4.0511317
v 0.6152080 -16.6376953 6.1141815 0.000000 0.349020 1.000000
vn 0.1738577 -5.4095459 3.1419318
v 0.6207497 -16.7875671 5.9000001 0.000000 0.329412 1.000000
vn 0.1837616 -5.8723345 2.1582875
v 0.6248328 -16.8979912 5.6630268 0.000000 0.309804 1.000000
vn -0.1571812 -4.7579851 4.0541162
v -0.6152080 -16.6376953 6.1141815 0.000000 0.356863 1.000000
vn -0.1281509 -5.8791895 2.1487474
v -0.6248328 -16.8979912 5.6630268 0.000000 0.309804 1.000000
vn -0.1248816 -5.4150934 3.1374106
v -0.6207497 -16.7875671 5.9000001 0.000000 0.337255 1.000000
vn -0.1407512 -6.1641688 1.0851377
v -0.6273334 -16.9656162 5.4104743 0.000000 0.309804 1.000000
vn -0.5440137 -4.7268801 4.0575342
v -1.8422638 -16.5468273 6.1141815 0.000000 0.364706 1.000000
vn -0.5686518 -5.7866869 2.3244736
v -1.9030141 -16.7869587 5.7026491 0.000000 0.337255 1.000000
vn -0.6320571 -5.3629065 3.1675904
v -1.8588586 -16.6958771 5.9000001 0.000000 0.349020 1.000000
vn -0.8661162 -4.6831255 4.0514855
v -3.0592580 -16.3655834 6.1141815 0.000000 0.392157 1.000000
vn -0.9648819 -5.3296337 3.1352706
v -3.0868151 -16.5130024 5.9000001 0.000000 0.364706 1.000000
vn -1.0452935 -5.7860694 2.1456201
v -3.1071196 -16.6216221 5.6630268 0.000000 0.349020 1.000000
vn -1.1911581 -4.6043563 4.0602503
v -4.2595434 -16.0949593 6.1141815 0.000000 0.411765 1.000000
vn -1.5570449 -4.5013785 4.0507383
v -5.4365649 -15.7364292 6.1141815 0.000000 0.439216 1.000000
vn -1.7780272 -5.1139359 3.1382999
v -5.4855361 -15.8781805 5.9000001 0.000000 0.419608 1.000000
vn -1.9322492 -5.5505958 2.1514654
v -5.5216193 -15.9826221 5.6630268 0.000000 0.403922 1.000000
vn -1.8626763 -4.3799748 4.0554156
v -6.5838938 -15.2919502 6.1141815 0.000000 0.474510 1.000000
vn -2.2226164 -5.4440265 2.1535227
v -6.6868973 -15.5311918 5.6630268 0.000000 0.447059 1.000000
vn -2.0559084 -5.0110302 3.1393931
v -6.6431999 -15.4296980 5.9000001 0.000000 0.454902 1.000000
vn -2.3326545 -5.7076831 1.0936291
v -6.7136588 -15.5933485 5.4104743 0.000000 0.447059 1.000000
vn -2.2121668 -4.2153802 4.0540929
v -7.6952634 -14.7639542 6.1141815 0.000000 0.509804 1.000000
vn -2.5505805 -4.7640524 3.1591902
v -7.7645807 -14.8969450 5.9000001 0.000000 0.486275 1.000000
vn -2.7787969 -5.1643329 2.1946754
v -7.8156543 -14.9949341 5.6630268 0.000000 0.474510 1.000000
vn -2.8129301 -4.6288509 3.1354396
v -8.8435545 -14.2828302 5.9000001 0.000000 0.529412 1.000000
vn -3.0507665 -5.0268307 2.1456664
v -8.9017258 -14.3767796 5.6630268 0.000000 0.521569 1.000000
vn -2.4960098 -4.0554066 4.0522614
v -8.7646046 -14.1553221 6.1141815 0.000000 0.549020 1.000000
vn -3.2037039 -5.2666793 1.0831538
v -8.9373503 -14.4343166 5.4104743 0.000000 0.521569 1.000000
vn -2.7822099 -3.8270922 4.0948434
v -9.7860756 -13.4693775 6.1141815 0.000000 0.592157 1.000000
vn -3.0750382 -3.6373780 4.0508213
v -10.7540989 -12.7098694 6.1141815 0.000000 0.639216 1.000000
vn -3.4949698 -4.1365356 3.1363602
v -10.8509693 -12.8243561 5.9000001 0.000000 0.627451 1.000000
vn -3.7942874 -4.4899917 2.1479652
v -10.9223452 -12.9087133 5.6630268 0.000000 0.611765 1.000000
vn -3.3163311 -3.4121799 4.0572004
v -11.6633873 -11.8809423 6.1141815 0.000000 0.694118 1.000000
vn -3.7124062 -3.9437239 3.1422606
v -11.7684488 -11.9879646 5.9000001 0.000000 0.682353 1.000000
vn -4.0212202 -4.2884221 2.1631479
v -11.8458595 -12.0668192 5.6630268 0.000000 0.682353 1.000000
vn -3.5839703 -3.1354725 4.0522537
v -12.5089741 -10.9871273 6.1141815 0.000000 0.749020 1.000000
vn -4.0918717 -3.5380116 3.1480372
v -12.6216536 -11.0860968 5.9000001 0.000000 0.737255 1.000000
vn -4.4472418 -3.8337264 2.1705859
v -12.7046757 -11.1590195 5.6630268 0.000000 0.729412 1.000000
vn -4.2859607 -3.3122232 3.1361053
v -13.4059219 -10.1236820 5.9000001 0.000000 0.800000 0.992157
vn -4.6499853 -3.5996678 2.1465664
v -13.4941034 -10.1902733 5.6630268 0.000000 0.803922 1.000000
vn -3.7897005 -2.8822212 4.0533133
v -13.2862425 -10.0333042 6.1141815 0.000000 0.811765 1.000000
vn -4.8797417 -3.7679391 1.0829579
v -13.5481071 -10.2310553 5.4104743 0.000000 0.811765 0.992157
vn -4.0053463 -2.5582457 4.0651121
v -13.9909439 -9.0246820 6.1141815 0.000000 0.882353 1.000000
vn -4.1792693 -2.2841434 4.0512404
v -14.6192331 -7.9667706 6.1141815 0.000000 0.949020 1.000000
vn -4.7471046 -2.6073110 3.1354017
v -14.7509203 -8.0385342 5.9000001 0.000000 0.937255 1.000000
vn -5.1528563 -2.8308740 2.1461480
v -14.8479490 -8.0914097 5.6630268 0.000000 0.937255 1.000000
vn -4.3223033 -1.9854770 4.0595593
v -15.1676769 -6.8653479 6.1141815 0.000000 1.000000 0.972549
vn -4.8693604 -2.3421888 3.1725976
v -15.3043051 -6.9271894 5.9000001 0.000000 1.000000 0.976471
vn -5.3174963 -2.3424559 2.3308337
v -15.3762054 -6.9995508 5.7028055 0.000000 1.000000 0.976471
vn -4.4739375 -1.6327441 4.0514364
v -15.6332798 -5.7264285 6.1141815 0.000000 1.000000 0.894118
vn -5.0909843 -1.8377695 3.1416283
v -15.7741013 -5.7780108 5.9000001 0.000000 1.000000 0.886275
vn -5.5280757 -1.9901586 2.1576474
v -15.8778601 -5.8160176 5.6630268 0.000000 1.000000 0.882353
vn -4.5731006 -1.3214871 4.0546508
v -16.0135002 -4.5562334 6.1141815 0.000000 1.000000 0.800000
vn -5.6307917 -1.6956905 2.1488745
v -16.2640285 -4.6275153 5.6630268 0.000000 1.000000 0.784314
vn -5.1883650 -1.5560328 3.1373472
v -16.1577454 -4.5972753 5.9000001 0.000000 1.000000 0.792157
vn -5.9062233 -1.7701638 1.0845065
v -16.3291168 -4.6460342 5.4104743 0.000000 1.000000 0.776471
vn -4.6632142 -0.9424194 4.0583744
v -16.3062592 -3.3611536 6.1141815 0.000000 1.000000 0.701961
vn -5.6769114 -1.2521856 2.3276675
v -16.5533524 -3.3788195 5.7021723 0.000000 1.000000 0.686275
vn -5.2959490 -1.0566957 3.1670337
v -16.4531422 -3.3914301 5.9000001 0.000000 1.000000 0.701961
vn -4.7212067 -0.6238919 4.0519075
v -16.5099602 -2.1477165 6.1141815 0.000000 1.000000 0.611765
vn -5.3670106 -0.7302676 3.1350439
v -16.6586761 -2.1670628 5.9000001 0.000000 1.000000 0.603922
vn -5.8259201 -0.7942621 2.1453726
v -16.7682552 -2.1813171 5.6630268 0.000000 1.000000 0.600000
vn -4.7458029 -0.2914252 4.0619287
v -16.6234875 -0.9225494 6.1141815 0.000000 1.000000 0.509804
vn -4.7619190 0.0898289 4.0511870
v -16.6462231 0.3076565 6.1141815 0.000000 0.992157 0.419608
vn -5.4132719 0.1101156 3.1380610
v -16.7961693 0.3104278 5.9000001 0.000000 1.000000 0.419608
vn -5.8761678 0.1221412 2.1510270
v -16.9066505 0.3124698 5.6630268 0.000000 1.000000 0.411765
vn -4.7406836 0.4167646 4.0563102
v -16.5780449 1.5361820 6.1141815 0.000000 1.000000 0.329412
vn -5.8642707 0.4307558 2.1541762
v -16.8374043 1.5602154 5.6630268 0.000000 1.000000 0.309804
vn -5.4013376 0.4051343 3.1394086
v -16.7273769 1.5500197 5.9000001 0.000000 1.000000 0.321569
vn -6.1489735 0.4565364 1.0928073
v -16.9047909 1.5664594 5.4104743 0.000000 1.000000 0.309804
vn -4.6919317 0.8020062 4.0549545
v -16.4193211 2.7563176 6.1141815 0.000000 1.000000 0.231373
vn -5.3189459 0.9538814 3.1593750
v -16.5672245 2.7811460 5.9000001 0.000000 1.000000 0.231373
vn -5.7699747 1.0481371 2.1949146
v -16.6762009 2.7994397 5.6630268 0.000000 0.992157 0.219608
vn -5.2719612 1.2440209 3.1351876
v -16.3165874 3.9970825 5.9000001 0.000000 1.000000 0.137255
vn -5.7236223 1.3480811 2.1453962
v -16.4239140 4.0233746 5.6630268 0.000000 1.000000 0.129412
vn -4.6280165 1.1199052 4.0528250
v -16.1709232 3.9613988 6.1141815 0.000000 1.000000 0.137255
vn -5.9985561 1.4209573 1.0822532
v -16.4896431 4.0394764 5.4104743 0.000000 1.000000 0.121569
vn -4.4967542 1.4633915 4.0985317
v -15.8342028 5.1448445 6.1141815 0.000000 1.000000 0.047059
vn -4.4093161 1.8002988 4.0513258
v -15.4110031 6.3001909 6.1141815 0.031373 1.000000 0.000000
vn -5.0144277 2.0452991 3.1361122
v -15.5498228 6.3569417 5.9000001 0.039216 1.000000 0.000000
vn -5.4428072 2.2212405 2.1475637
v -15.6521053 6.3987565 5.6630268 0.047059 1.000000 0.000000
vn -4.2698936 2.0977759 4.0584502
v -14.9036331 7.4211273 6.1141815 0.121569 1.000000 0.000000
vn -4.8985839 2.3104739 3.1426396
v -15.0378819 7.4879756 5.9000001 0.129412 1.000000 0.000000
vn -5.3207083 2.4983163 2.1654482
v -15.1367989 7.5372300 5.6630268 0.137255 1.000000 0.000000
vn -4.0886946 2.4400077 4.0530128
v -14.3148651 8.5015326 6.1141815 0.211765 1.000000 0.000000
vn -4.6291456 2.7986355 3.1480672
v -14.4438105 8.5781136 5.9000001 0.219608 1.000000 0.000000
vn -5.0199466 3.0456724 2.1704209
v -14.5388193 8.6345387 5.6630268 0.231373 1.000000 0.000000
vn -4.4751301 3.0522106 3.1358294
v -13.7708511 9.6213999 5.9000001 0.301961 1.000000 0.000000
vn -3.9123311 2.7126403 4.0539713
v -13.6479139 9.5355053 6.1141815 0.294118 1.000000 0.000000
vn -4.8601866 3.3104501 2.1463370
v -13.8614340 9.6846876 5.6630268 0.309804 1.000000 0.000000
vn -3.6684437 3.0191443 4.0672798
v -12.9064226 10.5173988 6.1141815 0.384314 1.000000 0.000000
vn -3.4637077 3.2685208 4.0517282
v -12.0944405 11.4418488 6.1141815 0.466667 1.000000 0.000000
vn -3.9469123 3.7090483 3.1351519
v -12.2033854 11.5449152 5.9000001 0.474510 1.000000 0.000000
vn -4.2843523 4.0262976 2.1458194
v -12.2836571 11.6208563 5.6630268 0.486275 1.000000 0.000000
vn -3.2245166 3.4952254 4.0610886
v -11.2164040 12.3038092 6.1141815 0.537255 1.000000 0.000000
vn -3.7328227 3.9057357 3.1741562
v -11.3174381 12.4146385 5.9000001 0.556863 1.000000 0.000000
vn -3.8624659 4.3380213 2.3360243
v -11.4087772 12.4606543 5.7023063 0.564706 1.000000 0.000000
vn -2.9346950 3.7504218 4.0520296
v -10.2771063 13.0985689 6.1141815 0.619608 1.000000 0.000000
vn -3.3207271 4.2742357 3.1415923
v -10.3696804 13.2165575 5.9000001 0.631373 1.000000 0.000000
vn -3.6004970 4.6429362 2.1576195
v -10.4378901 13.3034945 5.6630268 0.647059 1.000000 0.000000
vn -2.6704493 3.9400253 4.0553389
v -9.2816792 13.8217888 6.1141815 0.694118 1.000000 0.000000
vn -3.3519535 4.8315802 2.1491199
v -9.4268894 14.0380287 5.6630268 0.721569 1.000000 0.000000
vn -3.0836062 4.4535346 3.1370869
v -9.3652868 13.9462929 5.9000001 0.709804 1.000000 0.000000
vn -3.5072291 5.0711207 1.0838749
v -9.4646158 14.0942106 5.4104743 0.737255 1.000000 0.000000
vn -2.3355036 4.1435924 4.0598335
v -8.2355576 14.4695206 6.1141815 0.764706 1.000000 0.000000
vn -2.9531736 5.0056076 2.3301969
v -8.3267365 14.7000504 5.7024627 0.792157 1.000000 0.000000
vn -2.6416926 4.7100291 3.1672597
v -8.3097420 14.5998592 5.9000001 0.784314 1.000000 0.000000
vn -2.0523722 4.2969866 4.0523329
v -7.1444578 15.0382233 6.1141815 0.831373 1.000000 0.000000
vn -2.3530228 4.8788447 3.1348164
v -7.2088137 15.1736841 5.9000001 0.847059 1.000000 0.000000
vn -2.5549717 5.2956719 2.1453846
v -7.2562318 15.2734938 5.6630268 0.858824 1.000000 0.000000
vn -1.7447667 4.4217482 4.0636215
v -6.0143366 15.5247927 6.1141815 0.886275 1.000000 0.000000
vn -1.3856775 4.5564404 4.0515943
v -4.8513675 15.9265718 6.1141815 0.937255 1.000000 0.000000
vn -1.5675943 5.1825767 3.1379972
v -4.8950672 16.0700340 5.9000001 0.956863 1.000000 0.000000
vn -1.6987076 5.6265340 2.1512372
v -4.9272666 16.1757393 5.6630268 0.976471 1.000000 0.000000
vn -1.0693309 4.6368394 4.0569286
v -3.6619017 16.2413635 6.1141815 0.976471 1.000000 0.000000
vn -1.4011277 5.7104921 2.1545029
v -3.7191916 16.4954567 5.6630268 1.000000 0.976471 0.000000
vn -1.2838281 5.2623014 3.1392317
v -3.6948872 16.3876610 5.9000001 1.000000 0.992157 0.000000
vn -0.6859910 4.7096887 4.0558043
v -2.4524360 16.4674530 6.1141815 1.000000 0.984314 0.000000
vn -0.7348087 5.3531175 3.1604376
v -2.4745269 16.6157875 5.9000001 1.000000 0.964706 0.000000
vn -0.7844954 5.8109832 2.1972768
v -2.4908037 16.7250843 5.6630268 1.000000 0.937255 0.000000
vn -0.3651949 4.7473645 4.0531259
v -1.2295756 16.6035995 6.1141815 1.000000 0.411765 0.000000
vn -0.4855425 5.8600969 2.1454997
v -1.2488122 16.8633614 5.6630268 1.000000 0.435294 0.000000
vn -0.4455858 5.3985085 3.1350100
v -1.2406515 16.7531624 5.9000001 1.000000 0.474510 0.000000
vn 0.2972178 4.0134740 4.7808852
v 1.2159214 16.4192200 6.2990680 1.000000 0.113725 0.000000
vn 0.5928059 3.9805541 4.7808938
v 2.4252019 16.2845840 6.2990680 0.984314 0.992157 0.000000
vn 0.8851677 3.9259100 4.7808862
v 3.6212366 16.0610065 6.2990680 0.956863 1.000000 0.000000
vn 1.1726838 3.8498082 4.7808976
v 4.7974935 15.7497082 6.2990680 0.909804 1.000000 0.000000
vn 1.4538014 3.7526927 4.7808948
v 5.9475484 15.3523912 6.2990680 0.866667 1.000000 0.000000
vn 1.7269756 3.6350780 4.7808943
v 7.0651197 14.8712254 6.2990680 0.811765 1.000000 0.000000
vn 1.9907217 3.4976130 4.7808905
v 8.1441040 14.3088379 6.2990680 0.749020 1.000000 0.000000
vn 2.2435987 3.3410447 4.7808852
v 9.1786079 13.6683006 6.2990680 0.682353 1.000000 0.000000
vn 2.4842079 3.1662202 4.7808948
v 10.1629801 12.9531107 6.2990680 0.603922 1.000000 0.000000
vn 2.7112586 2.9741099 4.7808909
v 11.0918474 12.1671772 6.2990680 0.529412 0.992157 0.000000
vn 2.9235051 2.7657566 4.7808876
v 11.9601336 11.3147898 6.2990680 0.447059 1.000000 0.000000
vn 3.1197729 2.5422940 4.7808928
v 12.7630987 10.4006042 6.2990680 0.364706 1.000000 0.000000
vn 3.2990146 2.3049507 4.7808886
v 13.4963560 9.4296150 6.2990680 0.282353 1.000000 0.000000
vn 3.4602292 2.0550141 4.7808890
v 14.1559010 8.4071245 6.2990680 0.192157 1.000000 0.000000
vn 3.6025510 1.7938565 4.7808886
v 14.7381306 7.3387170 6.2990680 0.101961 1.000000 0.000000
vn 3.7251892 1.5229001 4.7808909
v 15.2398663 6.2302279 6.2990680 0.011765 1.000000 0.000000
vn 3.8274930 1.2436278 4.7808847
v 15.6583672 5.0877118 6.2990680 0.000000 1.000000 0.066667
vn 3.9088817 0.9575613 4.7808890
v 15.9913473 3.9174082 6.2990680 0.000000 1.000000 0.156863
vn 3.9689314 0.6662642 4.7808824
v 16.2369881 2.7257090 6.2990680 0.000000 1.000000 0.254902
vn 4.0072947 0.3713322 4.7808895
v 16.3939476 1.5191230 6.2990680 0.000000 1.000000 0.349020
vn 4.0237837 0.0743680 4.7808800
v 16.4613705 0.3042400 6.2990680 0.000000 0.992157 0.439216
vn 4.0182796 -0.2230021 4.7808857
v 16.4388866 -0.9123046 6.2990680 0.000000 1.000000 0.537255
vn 3.9908202 -0.5191501 4.7809010
v 16.3266182 -2.1238666 6.2990680 0.000000 1.000000 0.631373
vn 3.9415913 -0.8124675 4.7808957
v 16.1251793 -3.3238285 6.2990680 0.000000 1.000000 0.721569
vn 3.8708203 -1.1013418 4.7808957
v 15.8356724 -4.5056372 6.2990680 0.000000 1.000000 0.819608
vn 3.7789207 -1.3842094 4.7808890
v 15.4596748 -5.6628375 6.2990680 0.000000 1.000000 0.909804
vn 3.6663718 -1.6595114 4.7808886
v 14.9992428 -6.7891092 6.2990680 0.000000 0.984314 1.000000
vn 3.5338008 -1.9257510 4.7808909
v 14.4568882 -7.8783016 6.2990680 0.000000 0.894118 0.992157
vn 3.3819325 -2.1814716 4.7808886
v 13.8355770 -8.9244642 6.2990680 0.000000 0.800000 0.992157
vn 3.2115879 -2.4252777 4.7808895
v 13.1387005 -9.9218864 6.2990680 0.000000 0.701961 1.000000
vn 3.0237060 -2.6558416 4.7808871
v 12.3700647 -10.8651171 6.2990680 0.000000 0.611765 1.000000
vn 2.8193095 -2.8718972 4.7808862
v 11.5338678 -11.7490072 6.2990680 0.000000 0.509804 1.000000
vn 2.5995109 -3.0722654 4.7808886
v 10.6346769 -12.5687284 6.2990680 0.000000 0.419608 1.000000
vn 2.3655179 -3.2558565 4.7808895
v 9.6774025 -13.3198023 6.2990680 0.000000 0.364706 1.000000
vn 2.1186042 -3.4216607 4.7808914
v 8.6672745 -13.9981298 6.2990680 0.000000 0.364706 1.000000
vn 1.8601195 -3.5687835 4.7808895
v 7.6098089 -14.6000032 6.2990680 0.000000 0.364706 1.000000
vn 1.5914786 -3.6964185 4.7808847
v 6.5107803 -15.1221361 6.2990680 0.000000 0.364706 1.000000
vn 1.3141409 -3.8038480 4.7808933
v 5.3761926 -15.5616789 6.2990680 0.000000 0.364706 1.000000
vn 1.0296280 -3.8905225 4.7808890
v 4.2122421 -15.9162264 6.2990680 0.000000 0.364706 1.000000
vn 0.7394919 -3.9559379 4.7808857
v 3.0252855 -16.1838474 6.2990680 0.000000 0.364706 1.000000
vn 0.4453164 -3.9997358 4.7808967
v 1.8218058 -16.3630772 6.2990680 0.000000 0.364706 1.000000
vn 0.1487076 -4.0217099 4.7808905
v 0.6083761 -16.4529362 6.2990680 0.000000 0.364706 1.000000
vn -0.1487087 -4.0217090 4.7808914
v -0.6083761 -16.4529362 6.2990680 0.000000 0.376471 1.000000
vn -0.4453133 -3.9997351 4.7808967
v -1.8218058 -16.3630772 6.2990680 0.000000 0.392157 1.000000
vn -0.7394943 -3.9559393 4.7808843
v -3.0252855 -16.1838474 6.2990680 0.000000 0.411765 1.000000
vn -1.0296289 -3.8905227 4.7808890
v -4.2122421 -15.9162264 6.2990680 0.000000 0.431373 1.000000
vn -1.3141383 -3.8038483 4.7808938
v -5.3761926 -15.5616789 6.2990680 0.000000 0.458824 1.000000
vn -1.5914807 -3.6964178 4.7808852
v -6.5107803 -15.1221361 6.2990680 0.000000 0.494118 1.000000
vn -1.8601187 -3.5687838 4.7808900
v -7.6098089 -14.6000032 6.2990680 0.000000 0.529412 1.000000
vn -2.1186042 -3.4216619 4.7808909
v -8.6672745 -13.9981298 6.2990680 0.000000 0.564706 1.000000
vn -2.3655183 -3.2558560 4.7808890
v -9.6774025 -13.3198023 6.2990680 0.000000 0.611765 1.000000
vn -2.5995095 -3.0722647 4.7808881
v -10.6346769 -12.5687284 6.2990680 0.000000 0.658824 1.000000
vn -2.8193097 -2.8718965 4.7808852
v -11.5338678 -11.7490072 6.2990680 0.000000 0.709804 1.000000
vn -3.0237060 -2.6558416 4.7808857
v -12.3700647 -10.8651171 6.2990680 0.000000 0.764706 1.000000
vn -3.2115879 -2.4252784 4.7808895
v -13.1387005 -9.9218864 6.2990680 0.000000 0.831373 1.000000
vn -3.3819330 -2.1814711 4.7808881
v -13.8355770 -8.9244642 6.2990680 0.000000 0.894118 1.000000
vn -3.5337999 -1.9257512 4.7808905
v -14.4568882 -7.8783016 6.2990680 0.000000 0.964706 1.000000
vn -3.6663716 -1.6595111 4.7808881
v -14.9992428 -6.7891092 6.2990680 0.000000 1.000000 0.956863
vn -3.7789211 -1.3842081 4.7808886
v -15.4596748 -5.6628375 6.2990680 0.000000 1.000000 0.886275
vn -3.8708215 -1.1013438 4.7808952
v -15.8356724 -4.5056372 6.2990680 0.000000 1.000000 0.803922
vn -3.9415917 -0.8124657 4.7808948
v -16.1251793 -3.3238285 6.2990680 0.000000 1.000000 0.709804
vn -3.9908197 -0.5191537 4.7809024
v -16.3266182 -2.1238666 6.2990680 0.000000 1.000000 0.611765
vn -4.0182791 -0.2230007 4.7808867
v -16.4388866 -0.9123046 6.2990680 0.000000 1.000000 0.521569
vn -4.0237842 0.0743703 4.7808800
v -16.4613705 0.3042400 6.2990680 0.000000 1.000000 0.427451
vn -4.0072951 0.3713301 4.7808895
v -16.3939476 1.5191230 6.2990680 0.000000 1.000000 0.329412
vn -3.9689314 0.6662659 4.7808833
v -16.2369881 2.7257090 6.2990680 0.000000 1.000000 0.239216
vn -3.9088814 0.9575596 4.7808886
v -15.9913473 3.9174082 6.2990680 0.000000 1.000000 0.149020
vn -3.8274925 1.2436293 4.7808847
v -15.6583672 5.0877118 6.2990680 0.000000 1.000000 0.058824
vn -3.7251904 1.5228990 4.7808909
v -15.2398663 6.2302279 6.2990680 0.027451 1.000000 0.000000
vn -3.6025498 1.7938569 4.7808881
v -14.7381306 7.3387170 6.2990680 0.109804 1.000000 0.000000
vn -3.4602299 2.0550137 4.7808895
v -14.1559010 8.4071245 6.2990680 0.203922 1.000000 0.000000
vn -3.2990141 2.3049521 4.7808881
v -13.4963560 9.4296150 6.2990680 0.286275 1.000000 0.000000
vn -3.1197739 2.5422921 4.7808933
v -12.7630987 10.4006042 6.2990680 0.364706 1.000000 0.000000
vn -2.9235041 2.7657576 4.7808871
v -11.9601336 11.3147898 6.2990680 0.454902 1.000000 0.000000
vn -2.7112594 2.9741101 4.7808905
v -11.0918474 12.1671772 6.2990680 0.529412 1.000000 0.000000
vn -2.4842091 3.1662190 4.7808943
v -10.1629801 12.9531107 6.2990680 0.603922 1.000000 0.000000
vn -2.2435966 3.3410459 4.7808857
v -9.1786079 13.6683006 6.2990680 0.682353 1.000000 0.000000
vn -1.9907222 3.4976132 4.7808905
v -8.1441040 14.3088379 6.2990680 0.749020 1.000000 0.000000
vn -1.7269763 3.6350780 4.7808938
v -7.0651197 14.8712254 6.2990680 0.811765 0.992157 0.000000
vn -1.4538010 3.7526937 4.7808943
v -5.9475484 15.3523912 6.2990680 0.874510 1.000000 0.000000
vn -1.1726857 3.8498068 4.7808981
v -4.7974935 15.7497082 6.2990680 0.921569 1.000000 0.000000
vn -0.8851649 3.9259102 4.7808871
v -3.6212366 16.0610065 6.2990680 0.956863 1.000000 0.000000
vn -0.5928084 3.9805543 4.7808938
v -2.4252019 16.2845840 6.2990680 0.992157 0.992157 0.000000
vn -0.2972156 4.0134735 4.7808857
v -1.2159214 16.4192200 6.2990680 1.000000 0.258824 0.000000
vn -0.0000009 4.0244575 4.7808895
v 0.0000000 16.4641819 6.2990680 1.000000 0.000000 0.000000
vn 0.2315634 3.1269166 5.4086432
v 1.2001035 16.2056236 6.4490404 0.992157 0.039216 0.000000
vn 0.4618599 3.1012740 5.4086456
v 2.3936527 16.0727386 6.4490404 0.964706 0.992157 0.000000
vn 0.6896368 3.0586953 5.4086452
v 3.5741282 15.8520699 6.4490404 0.937255 1.000000 0.000000
vn 0.9136487 2.9994168 5.4086418
v 4.7350831 15.5448217 6.4490404 0.901961 1.000000 0.000000
vn 1.1326668 2.9237502 5.4086409
v 5.8701768 15.1526737 6.4490404 0.847059 1.000000 0.000000
vn 1.3454986 2.8321149 5.4086423
v 6.9732099 14.6777668 6.4490404 0.792157 1.000000 0.000000
vn 1.5509840 2.7250140 5.4086418
v 8.0381575 14.1226959 6.4490404 0.729412 0.992157 0.000000
vn 1.7479985 2.6030264 5.4086428
v 9.0592041 13.4904909 6.4490404 0.666667 1.000000 0.000000
vn 1.9354695 2.4668286 5.4086404
v 10.0307703 12.7846050 6.4490404 0.592157 1.000000 0.000000
vn 2.1123576 2.3171475 5.4086437
v 10.9475546 12.0088949 6.4490404 0.509804 1.000000 0.000000
vn 2.2777216 2.1548183 5.4086418
v 11.8045454 11.1675959 6.4490404 0.439216 1.000000 0.000000
vn 2.4306369 1.9807187 5.4086437
v 12.5970640 10.2653036 6.4490404 0.356863 1.000000 0.000000
vn 2.5702822 1.7958016 5.4086418
v 13.3207836 9.3069458 6.4490404 0.274510 1.000000 0.000000
vn 2.6958864 1.6010751 5.4086432
v 13.9717474 8.2977571 6.4490404 0.184314 1.000000 0.000000
vn 2.8067715 1.3976058 5.4086404
v 14.5464039 7.2432480 6.4490404 0.094118 1.000000 0.000000
vn 2.9023235 1.1865027 5.4086409
v 15.0416117 6.1491799 6.4490404 0.011765 1.000000 0.000000
vn 2.9820192 0.9689174 5.4086423
v 15.4546690 5.0215259 6.4490404 0.000000 1.000000 0.074510
vn 3.0454321 0.7460412 5.4086423
v 15.7833176 3.8664470 6.4490404 0.000000 1.000000 0.164706
vn 3.0922163 0.5190912 5.4086413
v 16.0257626 2.6902506 6.4490404 0.000000 1.000000 0.258824
vn 3.1221087 0.2893064 5.4086399
v 16.1806812 1.4993609 6.4490404 0.000000 1.000000 0.349020
vn 3.1349459 0.0579411 5.4086409
v 16.2472267 0.3002822 6.4490404 0.000000 1.000000 0.447059
vn 3.1306639 -0.1737435 5.4086428
v 16.2250347 -0.9004365 6.4490404 0.000000 1.000000 0.537255
vn 3.1092808 -0.4044755 5.4086456
v 16.1142254 -2.0962374 6.4490404 0.000000 1.000000 0.631373
vn 3.0709219 -0.6329988 5.4086413
v 15.9154091 -3.2805891 6.4490404 0.000000 1.000000 0.729412
vn 3.0157828 -0.8580632 5.4086452
v 15.6296663 -4.4470234 6.4490404 0.000000 1.000000 0.819608
vn 2.9441793 -1.0784451 5.4086432
v 15.2585611 -5.5891700 6.4490404 0.000000 1.000000 0.909804
vn 2.8564911 -1.2929342 5.4086452
v 14.8041182 -6.7007899 6.4490404 0.000000 0.984314 1.000000
vn 2.7532091 -1.5003656 5.4086418
v 14.2688198 -7.7758131 6.4490404 0.000000 0.886275 1.000000
vn 2.6348875 -1.6996002 5.4086409
v 13.6555910 -8.8083668 6.4490404 0.000000 0.792157 1.000000
vn 2.5021694 -1.8895501 5.4086423
v 12.9677801 -9.7928133 6.4490404 0.000000 0.701961 1.000000
vn 2.3557866 -2.0691814 5.4086432
v 12.2091436 -10.7237730 6.4490404 0.000000 0.603922 1.000000
vn 2.1965382 -2.2375093 5.4086452
v 11.3838243 -11.5961647 6.4490404 0.000000 0.509804 1.000000
vn 2.0252931 -2.3936181 5.4086466
v 10.4963312 -12.4052219 6.4490404 0.000000 0.419608 1.000000
vn 1.8429900 -2.5366585 5.4086428
v 9.5515099 -13.1465263 6.4490404 0.000000 0.384314 1.000000
vn 1.6506191 -2.6658409 5.4086428
v 8.5545225 -13.8160286 6.4490404 0.000000 0.384314 1.000000
vn 1.4492308 -2.7804604 5.4086452
v 7.5108128 -14.4100723 6.4490404 0.000000 0.384314 1.000000
vn 1.2399302 -2.8799016 5.4086404
v 6.4260821 -14.9254141 6.4490404 0.000000 0.384314 1.000000
vn 1.0238562 -2.9636035 5.4086466
v 5.3062539 -15.3592367 6.4490404 0.000000 0.384314 1.000000
vn 0.8021898 -3.0311327 5.4086380
v 4.1574450 -15.7091751 6.4490404 0.000000 0.384314 1.000000
vn 0.5761424 -3.0820930 5.4086442
v 2.9859295 -15.9733124 6.4490404 0.000000 0.384314 1.000000
vn 0.3469491 -3.1162305 5.4086437
v 1.7981061 -16.1502094 6.4490404 0.000000 0.384314 1.000000
vn 0.1158604 -3.1333454 5.4086409
v 0.6004618 -16.2389011 6.4490404 0.000000 0.392157 1.000000
vn -0.1158608 -3.1333461 5.4086394
v -0.6004618 -16.2389011 6.4490404 0.000000 0.400000 1.000000
vn -0.3469494 -3.1162305 5.4086447
v -1.7981061 -16.1502094 6.4490404 0.000000 0.411765 1.000000
vn -0.5761405 -3.0820911 5.4086461
v -2.9859295 -15.9733124 6.4490404 0.000000 0.431373 1.000000
vn -0.8021922 -3.0311329 5.4086385
v -4.1574450 -15.7091751 6.4490404 0.000000 0.454902 1.000000
vn -1.0238546 -2.9636042 5.4086461
v -5.3062539 -15.3592367 6.4490404 0.000000 0.482353 1.000000
vn -1.2399312 -2.8799005 5.4086409
v -6.4260821 -14.9254141 6.4490404 0.000000 0.509804 1.000000
vn -1.4492301 -2.7804606 5.4086447
v -7.5108128 -14.4100723 6.4490404 0.000000 0.549020 1.000000
vn -1.6506190 -2.6658404 5.4086437
v -8.5545225 -13.8160286 6.4490404 0.000000 0.584314 1.000000
vn -1.8429904 -2.5366580 5.4086423
v -9.5515099 -13.1465263 6.4490404 0.000000 0.631373 1.000000
vn -2.0252926 -2.3936186 5.4086461
v -10.4963312 -12.4052219 6.4490404 0.000000 0.674510 1.000000
vn -2.1965380 -2.2375090 5.4086452
v -11.3838243 -11.5961647 6.4490404 0.000000 0.729412 1.000000
vn -2.3557866 -2.0691812 5.4086432
v -12.2091436 -10.7237730 6.4490404 0.000000 0.784314 1.000000
vn -2.5021691 -1.8895503 5.4086418
v -12.9677801 -9.7928133 6.4490404 0.000000 0.847059 0.992157
vn -2.6348882 -1.6995997 5.4086404
v -13.6555910 -8.8083668 6.4490404 0.000000 0.909804 1.000000
vn -2.7532094 -1.5003653 5.4086418
v -14.2688198 -7.7758131 6.4490404 0.000000 0.976471 1.000000
vn -2.8564906 -1.2929350 5.4086447
v -14.8041182 -6.7007899 6.4490404 0.000000 1.000000 0.937255
vn -2.9441795 -1.0784444 5.4086428
v -15.2585611 -5.5891700 6.4490404 0.000000 1.000000 0.874510
vn -3.0157826 -0.8580641 5.4086456
v -15.6296663 -4.4470234 6.4490404 0.000000 1.000000 0.792157
vn -3.0709224 -0.6329976 5.4086404
v -15.9154091 -3.2805891 6.4490404 0.000000 1.000000 0.709804
vn -3.1092813 -0.4044762 5.4086456
v -16.1142254 -2.0962374 6.4490404 0.000000 1.000000 0.619608
vn -3.1306624 -0.1737434 5.4086437
v -16.2250347 -0.9004365 6.4490404 0.000000 1.000000 0.521569
vn -3.1349456 0.0579409 5.4086413
v -16.2472267 0.3002822 6.4490404 0.000000 1.000000 0.431373
vn -3.1221094 0.2893070 5.4086394
v -16.1806812 1.4993609 6.4490404 0.000000 1.000000 0.337255
vn -3.0922165 0.5190915 5.4086418
v -16.0257626 2.6902506 6.4490404 0.000000 1.000000 0.247059
vn -3.0454321 0.7460406 5.4086432
v -15.7833176 3.8664470 6.4490404 0.000000 1.000000 0.156863
vn -2.9820201 0.9689174 5.4086413
v -15.4546690 5.0215259 6.4490404 0.000000 1.000000 0.066667
vn -2.9023235 1.1865031 5.4086413
v -15.0416117 6.1491799 6.4490404 0.019608 1.000000 0.000000
vn -2.8067713 1.3976059 5.4086404
v -14.5464039 7.2432480 6.4490404 0.109804 1.000000 0.000000
vn -2.6958864 1.6010743 5.4086428
v -13.9717474 8.2977571 6.4490404 0.192157 1.000000 0.000000
vn -2.5702820 1.7958020 5.4086418
v -13.3207836 9.3069458 6.4490404 0.274510 1.000000 0.000000
vn -2.4306376 1.9807189 5.4086428
v -12.5970640 10.2653036 6.4490404 0.356863 1.000000 0.000000
vn -2.2777209 2.1548188 5.4086423
v -11.8045454 11.1675959 6.4490404 0.439216 1.000000 0.000000
vn -2.1123590 2.3171468 5.4086447
v -10.9475546 12.0088949 6.4490404 0.521569 1.000000 0.000000
vn -1.9354681 2.4668293 5.4086394
v -10.0307703 12.7846050 6.4490404 0.592157 1.000000 0.000000
vn -1.7479987 2.6030254 5.4086423
v -9.0592041 13.4904909 6.4490404 0.666667 1.000000 0.000000
vn -1.5509837 2.7250140 5.4086423
v -8.0381575 14.1226959 6.4490404 0.737255 1.000000 0.000000
vn -1.3454989 2.8321149 5.4086428
v -6.9732099 14.6777668 6.4490404 0.800000 1.000000 0.000000
vn -1.1326668 2.9237506 5.4086413
v -5.8701768 15.1526737 6.4490404 0.854902 1.000000 0.000000
vn -0.9136479 2.9994173 5.4086413
v -4.7350831 15.5448217 6.4490404 0.901961 1.000000 0.000000
vn -0.6896374 3.0586951 5.4086442
v -3.5741282 15.8520699 6.4490404 0.937255 1.000000 0.000000
vn -0.4618602 3.1012743 5.4086456
v -2.3936527 16.0727386 6.4490404 0.964706 1.000000 0.000000
vn -0.2315625 3.1269174 5.4086447
v -1.2001035 16.2056236 6.4490404 0.992157 0.094118 0.000000
vn -0.0000006 3.1354742 5.4086461
v 0.0000000 16.2500000 6.4490404 1.000000 0.000000 0.000000
vn 0.1588151 2.1445589 5.8730545
v 1.1826028 15.9693003 6.5595403 0.992157 0.027451 0.000000
vn 0.3167613 2.1269703 5.8730564
v 2.3587465 15.8383532 6.5595403 0.949020 0.992157 0.000000
vn 0.4729779 2.0977666 5.8730559
v 3.5220077 15.6209021 6.5595403 0.921569 1.000000 0.000000
vn 0.6266143 2.0571129 5.8730536
v 4.6660328 15.3181353 6.5595403 0.882353 1.000000 0.000000
vn 0.7768254 2.0052171 5.8730540
v 5.7845736 14.9317055 6.5595403 0.831373 1.000000 0.000000
vn 0.9227933 1.9423697 5.8730545
v 6.8715215 14.4637241 6.5595403 0.776471 1.000000 0.000000
vn 1.0637211 1.8689132 5.8730545
v 7.9209385 13.9167480 6.5595403 0.709804 1.000000 0.000000
vn 1.1988395 1.7852496 5.8730555
v 8.9270954 13.2937622 6.5595403 0.647059 1.000000 0.000000
vn 1.3274167 1.6918417 5.8730526
v 9.8844948 12.5981712 6.5595403 0.576471 1.000000 0.000000
vn 1.4487331 1.5891856 5.8730559
v 10.7879086 11.8337717 6.5595403 0.501961 1.000000 0.000000
vn 1.5621464 1.4778558 5.8730531
v 11.6324024 11.0047426 6.5595403 0.427451 1.000000 0.000000
vn 1.6670227 1.3584507 5.8730531
v 12.4133644 10.1156073 6.5595403 0.337255 1.000000 0.000000
vn 1.7627904 1.2316254 5.8730555
v 13.1265287 9.1712255 6.5595403 0.258824 1.000000 0.000000
vn 1.8489394 1.0980763 5.8730540
v 13.7680016 8.1767521 6.5595403 0.176471 1.000000 0.000000
vn 1.9249854 0.9585293 5.8730536
v 14.3342772 7.1376219 6.5595403 0.086275 1.000000 0.000000
vn 1.9905207 0.8137463 5.8730521
v 14.8222647 6.0595074 6.5595403 0.003922 1.000000 0.000000
vn 2.0451772 0.6645180 5.8730550
v 15.2292967 4.9482985 6.5595403 0.000000 1.000000 0.082353
vn 2.0886650 0.5116621 5.8730569
v 15.5531521 3.8100634 6.5595403 0.000000 1.000000 0.164706
vn 2.1207547 0.3560119 5.8730536
v 15.7920628 2.6510193 6.5595403 0.000000 1.000000 0.266667
vn 2.1412554 0.1984159 5.8730550
v 15.9447212 1.4774960 6.5595403 0.000000 1.000000 0.356863
vn 2.1500530 0.0397382 5.8730583
v 16.0102959 0.2959033 6.5595403 0.000000 1.000000 0.447059
vn 2.1471198 -0.1191583 5.8730569
v 15.9884281 -0.8873057 6.5595403 0.000000 1.000000 0.537255
vn 2.1324661 -0.2774062 5.8730526
v 15.8792362 -2.0656683 6.5595403 0.000000 1.000000 0.631373
vn 2.1061478 -0.4341320 5.8730574
v 15.6833172 -3.2327492 6.5595403 0.000000 1.000000 0.729412
vn 2.0683410 -0.5884940 5.8730536
v 15.4017429 -4.3821735 6.5595403 0.000000 1.000000 0.819608
vn 2.0192261 -0.7396367 5.8730550
v 15.0360489 -5.5076642 6.5595403 0.000000 1.000000 0.909804
vn 1.9590887 -0.8867427 5.8730550
v 14.5882330 -6.6030741 6.5595403 0.000000 0.984314 1.000000
vn 1.8882529 -1.0290056 5.8730540
v 14.0607414 -7.6624203 6.5595403 0.000000 0.886275 1.000000
vn 1.8071022 -1.1656482 5.8730531
v 13.4564552 -8.6799173 6.5595403 0.000000 0.800000 1.000000
vn 1.7160797 -1.2959232 5.8730540
v 12.7786741 -9.6500072 6.5595403 0.000000 0.701961 1.000000
vn 1.6156871 -1.4191231 5.8730540
v 12.0311003 -10.5673914 6.5595403 0.000000 0.611765 1.000000
vn 1.5064685 -1.5345682 5.8730540
v 11.2178164 -11.4270611 6.5595403 0.000000 0.521569 1.000000
vn 1.3890237 -1.6416358 5.8730531
v 10.3432655 -12.2243195 6.5595403 0.000000 0.431373 1.000000
vn 1.2639908 -1.7397330 5.8730555
v 9.4122229 -12.9548130 6.5595403 0.000000 0.403922 1.000000
vn 1.1320558 -1.8283324 5.8730540
v 8.4297743 -13.6145535 6.5595403 0.000000 0.403922 1.000000
vn 0.9939374 -1.9069463 5.8730536
v 7.4012847 -14.1999340 6.5595403 0.000000 0.403922 1.000000
vn 0.8503900 -1.9751401 5.8730545
v 6.3323722 -14.7077599 6.5595403 0.000000 0.403922 1.000000
vn 0.7021991 -2.0325546 5.8730531
v 5.2288742 -15.1352577 6.5595403 0.000000 0.403922 1.000000
vn 0.5501713 -2.0788577 5.8730559
v 4.0968180 -15.4800911 6.5595403 0.000000 0.403922 1.000000
vn 0.3951404 -2.1138139 5.8730555
v 2.9423866 -15.7403774 6.5595403 0.000000 0.403922 1.000000
vn 0.2379516 -2.1372318 5.8730497
v 1.7718847 -15.9146976 6.5595403 0.000000 0.403922 1.000000
vn 0.0794617 -2.1489706 5.8730512
v 0.5917055 -16.0020943 6.5595403 0.000000 0.411765 1.000000
vn -0.0794617 -2.1489694 5.8730521
v -0.5917055 -16.0020943 6.5595403 0.000000 0.419608 1.000000
vn -0.2379524 -2.1372316 5.8730497
v -1.7718847 -15.9146976 6.5595403 0.000000 0.431373 1.000000
vn -0.3951403 -2.1138160 5.8730550
v -2.9423866 -15.7403774 6.5595403 0.000000 0.447059 1.000000
vn -0.5501701 -2.0788574 5.8730559
v -4.0968180 -15.4800911 6.5595403 0.000000 0.474510 1.000000
vn -0.7022002 -2.0325537 5.8730526
v -5.2288742 -15.1352577 6.5595403 0.000000 0.501961 1.000000
vn -0.8503894 -1.9751409 5.8730555
v -6.3323722 -14.7077599 6.5595403 0.000000 0.529412 1.000000
vn -0.9939375 -1.9069452 5.8730531
v -7.4012847 -14.1999340 6.5595403 0.000000 0.564706 1.000000
vn -1.1320561 -1.8283327 5.8730536
v -8.4297743 -13.6145535 6.5595403 0.000000 0.603922 1.000000
vn -1.2639910 -1.7397338 5.8730550
v -9.4122229 -12.9548130 6.5595403 0.000000 0.647059 1.000000
vn -1.3890239 -1.6416352 5.8730540
v -10.3432655 -12.2243195 6.5595403 0.000000 0.694118 1.000000
vn -1.5064679 -1.5345683 5.8730545
v -11.2178164 -11.4270611 6.5595403 0.000000 0.749020 1.000000
vn -1.6156875 -1.4191228 5.8730545
v -12.0311003 -10.5673914 6.5595403 0.000000 0.803922 1.000000
vn -1.7160792 -1.2959234 5.8730540
v -12.7786741 -9.6500072 6.5595403 0.000000 0.858824 1.000000
vn -1.8071023 -1.1656479 5.8730531
v -13.4564552 -8.6799173 6.5595403 0.000000 0.921569 1.000000
vn -1.8882535 -1.0290058 5.8730545
v -14.0607414 -7.6624203 6.5595403 0.000000 0.992157 1.000000
vn -1.9590888 -0.8867429 5.8730550
v -14.5882330 -6.6030741 6.5595403 0.000000 1.000000 0.929412
vn -2.0192258 -0.7396373 5.8730540
v -15.0360489 -5.5076642 6.5595403 0.000000 1.000000 0.858824
vn -2.0683415 -0.5884927 5.8730540
v -15.4017429 -4.3821735 6.5595403 0.000000 1.000000 0.784314
vn -2.1061468 -0.4341338 5.8730569
v -15.6833172 -3.2327492 6.5595403 0.000000 1.000000 0.701961
vn -2.1324661 -0.2774040 5.8730531
v -15.8792362 -2.0656683 6.5595403 0.000000 1.000000 0.619608
vn -2.1471205 -0.1191590 5.8730564
v -15.9884281 -0.8873057 6.5595403 0.000000 1.000000 0.529412
vn -2.1500533 0.0397369 5.8730578
v -16.0102959 0.2959033 6.5595403 0.000000 1.000000 0.431373
vn -2.1412549 0.1984167 5.8730559
v -15.9447212 1.4774960 6.5595403 0.000000 1.000000 0.337255
vn -2.1207545 0.3560126 5.8730540
v -15.7920628 2.6510193 6.5595403 0.000000 1.000000 0.247059
vn -2.0886652 0.5116612 5.8730569
v -15.5531521 3.8100634 6.5595403 0.000000 1.000000 0.156863
vn -2.0451765 0.6645176 5.8730559
v -15.2292967 4.9482985 6.5595403 0.000000 1.000000 0.066667
vn -1.9905200 0.8137469 5.8730526
v -14.8222647 6.0595074 6.5595403 0.011765 1.000000 0.000000
vn -1.9249861 0.9585292 5.8730540
v -14.3342772 7.1376219 6.5595403 0.101961 1.000000 0.000000
vn -1.8489393 1.0980769 5.8730545
v -13.7680016 8.1767521 6.5595403 0.184314 1.000000 0.000000
vn -1.7627909 1.2316244 5.8730555
v -13.1265287 9.1712255 6.5595403 0.266667 1.000000 0.000000
vn -1.6670226 1.3584510 5.8730545
v -12.4133644 10.1156073 6.5595403 0.349020 1.000000 0.000000
vn -1.5621459 1.4778563 5.8730526
v -11.6324024 11.0047426 6.5595403 0.431373 1.000000 0.000000
vn -1.4487337 1.5891840 5.8730550
v -10.7879086 11.8337717 6.5595403 0.509804 1.000000 0.000000
vn -1.3274153 1.6918427 5.8730526
v -9.8844948 12.5981712 6.5595403 0.584314 1.000000 0.000000
vn -1.1988406 1.7852498 5.8730559
v -8.9270954 13.2937622 6.5595403 0.654902 1.000000 0.000000
vn -1.0637211 1.8689132 5.8730540
v -7.9209385 13.9167480 6.5595403 0.721569 1.000000 0.000000
vn -0.9227933 1.9423699 5.8730540
v -6.8715215 14.4637241 6.5595403 0.784314 0.992157 0.000000
vn -0.7768254 2.0052171 5.8730545
v -5.7845736 14.9317055 6.5595403 0.839216 1.000000 0.000000
vn -0.6266134 2.0571125 5.8730536
v -4.6660328 15.3181353 6.5595403 0.886275 1.000000 0.000000
vn -0.4729786 2.0977669 5.8730564
v -3.5220077 15.6209021 6.5595403 0.921569 1.000000 0.000000
vn -0.3167615 2.1269703 5.8730550
v -2.3587465 15.8383532 6.5595403 0.949020 0.992157 0.000000
vn -0.1588143 2.1445596 5.8730550
v -1.1826028 15.9693003 6.5595403 1.000000 0.000000 0.000000
vn -0.0000004 2.1504283 5.8730559
v 0.0000000 16.0130291 6.5595403 1.000000 0.000000 0.000000
vn 0.0811565 1.0958956 6.1596332
v 1.1639507 15.7174339 6.6272140 0.992157 0.054902 0.000000
vn 0.1618690 1.0869063 6.1596360
v 2.3215444 15.5885506 6.6272140 0.929412 1.000000 0.000000
vn 0.2416970 1.0719830 6.1596365
v 3.4664586 15.3745289 6.6272140 0.901961 0.992157 0.000000
vn 0.3202062 1.0512067 6.1596365
v 4.5924401 15.0765381 6.6272140 0.858824 1.000000 0.000000
vn 0.3969668 1.0246886 6.1596346
v 5.6933393 14.6962032 6.6272140 0.819608 0.992157 0.000000
vn 0.4715578 0.9925723 6.1596360
v 6.7631435 14.2356024 6.6272140 0.764706 1.000000 0.000000
vn 0.5435729 0.9550343 6.1596365
v 7.7960095 13.6972523 6.6272140 0.701961 1.000000 0.000000
vn 0.6126198 0.9122813 6.1596370
v 8.7862968 13.0840921 6.6272140 0.639216 1.000000 0.000000
vn 0.6783206 0.8645456 6.1596365
v 9.7285967 12.3994713 6.6272140 0.564706 1.000000 0.000000
vn 0.7403187 0.8120907 6.1596370
v 10.6177616 11.6471291 6.6272140 0.494118 1.000000 0.000000
vn 0.7982717 0.7551985 6.1596365
v 11.4489365 10.8311749 6.6272140 0.411765 1.000000 0.000000
vn 0.8518652 0.6941814 6.1596360
v 12.2175808 9.9560633 6.6272140 0.337255 1.000000 0.000000
vn 0.9008049 0.6293734 6.1596365
v 12.9194965 9.0265760 6.6272140 0.254902 1.000000 0.000000
vn 0.9448261 0.5611281 6.1596351
v 13.5508518 8.0477886 6.6272140 0.164706 1.000000 0.000000
vn 0.9836861 0.4898176 6.1596355
v 14.1081963 7.0250473 6.6272140 0.082353 1.000000 0.000000
vn 1.0171733 0.4158319 6.1596365
v 14.5884867 5.9639368 6.6272140 0.000000 1.000000 0.000000
vn 1.0451072 0.3395755 6.1596355
v 14.9890995 4.8702536 6.6272140 0.000000 1.000000 0.086275
vn 1.0673323 0.2614650 6.1596365
v 15.3078470 3.7499712 6.6272140 0.000000 1.000000 0.176471
vn 1.0837262 0.1819264 6.1596365
v 15.5429897 2.6092074 6.6272140 0.000000 1.000000 0.266667
vn 1.0942074 0.1013922 6.1596336
v 15.6932421 1.4541929 6.6272140 0.000000 1.000000 0.356863
vn 1.0987014 0.0203063 6.1596360
v 15.7577801 0.2912363 6.6272140 0.000000 1.000000 0.454902
vn 1.0972017 -0.0608906 6.1596365
v 15.7362576 -0.8733110 6.6272140 0.000000 1.000000 0.537255
vn 1.0897113 -0.1417568 6.1596355
v 15.6287889 -2.0330887 6.6272140 0.000000 1.000000 0.639216
vn 1.0762661 -0.2218469 6.1596355
v 15.4359598 -3.1817620 6.6272140 0.000000 1.000000 0.729412
vn 1.0569439 -0.3007263 6.1596355
v 15.1588268 -4.3130579 6.6272140 0.000000 1.000000 0.819608
vn 1.0318466 -0.3779629 6.1596351
v 14.7988997 -5.4207973 6.6272140 0.000000 1.000000 0.909804
vn 1.0011146 -0.4531345 6.1596355
v 14.3581467 -6.4989305 6.6272140 0.000000 0.984314 1.000000
vn 0.9649165 -0.5258325 6.1596360
v 13.8389750 -7.5415683 6.6272140 0.000000 0.894118 0.992157
vn 0.9234456 -0.5956568 6.1596370
v 13.2442188 -8.5430174 6.6272140 0.000000 0.803922 1.000000
vn 0.8769329 -0.6622286 6.1596360
v 12.5771284 -9.4978065 6.6272140 0.000000 0.709804 1.000000
vn 0.8256327 -0.7251863 6.1596355
v 11.8413458 -10.4007225 6.6272140 0.000000 0.619608 1.000000
vn 0.7698214 -0.7841803 6.1596365
v 11.0408888 -11.2468328 6.6272140 0.000000 0.529412 1.000000
vn 0.7098065 -0.8388941 6.1596351
v 10.1801319 -12.0315180 6.6272140 0.000000 0.431373 1.000000
vn 0.6459129 -0.8890231 6.1596351
v 9.2637739 -12.7504892 6.6272140 0.000000 0.427451 1.000000
vn 0.5784912 -0.9342941 6.1596375
v 8.2968197 -13.3998232 6.6272140 0.000000 0.427451 1.000000
vn 0.5079120 -0.9744681 6.1596365
v 7.2845516 -13.9759722 6.6272140 0.000000 0.427451 1.000000
vn 0.4345582 -1.0093184 6.1596351
v 6.2324977 -14.4757891 6.6272140 0.000000 0.427451 1.000000
vn 0.3588305 -1.0386531 6.1596360
v 5.1464043 -14.8965435 6.6272140 0.000000 0.427451 1.000000
vn 0.2811434 -1.0623201 6.1596355
v 4.0322032 -15.2359390 6.6272140 0.000000 0.427451 1.000000
vn 0.2019205 -1.0801815 6.1596360
v 2.8959792 -15.4921198 6.6272140 0.000000 0.427451 1.000000
vn 0.1215960 -1.0921381 6.1596379
v 1.7439386 -15.6636887 6.6272140 0.000000 0.431373 1.000000
vn 0.0406057 -1.0981432 6.1596351
v 0.5823731 -15.7497101 6.6272140 0.000000 0.431373 1.000000
vn -0.0406065 -1.0981441 6.1596355
v -0.5823731 -15.7497101 6.6272140 0.000000 0.439216 1.000000
vn -0.1215946 -1.0921388 6.1596379
v -1.7439386 -15.6636887 6.6272140 0.000000 0.454902 1.000000
vn -0.2019209 -1.0801810 6.1596365
v -2.8959792 -15.4921198 6.6272140 0.000000 0.474510 1.000000
vn -0.2811437 -1.0623200 6.1596351
v -4.0322032 -15.2359390 6.6272140 0.000000 0.494118 1.000000
vn -0.3588301 -1.0386534 6.1596365
v -5.1464043 -14.8965435 6.6272140 0.000000 0.521569 1.000000
vn -0.4345584 -1.0093181 6.1596355
v -6.2324977 -14.4757891 6.6272140 0.000000 0.549020 1.000000
vn -0.5079123 -0.9744684 6.1596370
v -7.2845516 -13.9759722 6.6272140 0.000000 0.584314 1.000000
vn -0.5784905 -0.9342943 6.1596375
v -8.2968197 -13.3998232 6.6272140 0.000000 0.619608 1.000000
vn -0.6459128 -0.8890225 6.1596360
v -9.2637739 -12.7504892 6.6272140 0.000000 0.666667 0.992157
vn -0.7098069 -0.8388940 6.1596351
v -10.1801319 -12.0315180 6.6272140 0.000000 0.709804 0.992157
vn -0.7698212 -0.7841806 6.1596360
v -11.0408888 -11.2468328 6.6272140 0.000000 0.764706 1.000000
vn -0.8256331 -0.7251863 6.1596355
v -11.8413458 -10.4007225 6.6272140 0.000000 0.819608 1.000000
vn -0.8769328 -0.6622291 6.1596355
v -12.5771284 -9.4978065 6.6272140 0.000000 0.874510 1.000000
vn -0.9234455 -0.5956569 6.1596370
v -13.2442188 -8.5430174 6.6272140 0.000000 0.937255 1.000000
vn -0.9649165 -0.5258322 6.1596355
v -13.8389750 -7.5415683 6.6272140 0.000000 1.000000 0.984314
vn -1.0011146 -0.4531347 6.1596360
v -14.3581467 -6.4989305 6.6272140 0.000000 1.000000 0.909804
vn -1.0318468 -0.3779629 6.1596365
v -14.7988997 -5.4207973 6.6272140 0.000000 1.000000 0.847059
vn -1.0569434 -0.3007260 6.1596346
v -15.1588268 -4.3130579 6.6272140 0.000000 1.000000 0.764706
vn -1.0762661 -0.2218470 6.1596355
v -15.4359598 -3.1817620 6.6272140 0.000000 1.000000 0.694118
vn -1.0897118 -0.1417565 6.1596360
v -15.6287889 -2.0330887 6.6272140 0.000000 1.000000 0.611765
vn -1.0972019 -0.0608908 6.1596365
v -15.7362576 -0.8733110 6.6272140 0.000000 1.000000 0.529412
vn -1.0987008 0.0203055 6.1596365
v -15.7577801 0.2912363 6.6272140 0.000000 1.000000 0.439216
vn -1.0942070 0.1013933 6.1596336
v -15.6932421 1.4541929 6.6272140 0.000000 1.000000 0.349020
vn -1.0837266 0.1819258 6.1596360
v -15.5429897 2.6092074 6.6272140 0.000000 1.000000 0.258824
vn -1.0673324 0.2614653 6.1596365
v -15.3078470 3.7499712 6.6272140 0.000000 1.000000 0.164706
vn -1.0451072 0.3395756 6.1596355
v -14.9890995 4.8702536 6.6272140 0.000000 1.000000 0.074510
vn -1.0171734 0.4158315 6.1596365
v -14.5884867 5.9639368 6.6272140 0.003922 1.000000 0.000000
vn -0.9836863 0.4898177 6.1596365
v -14.1081963 7.0250473 6.6272140 0.094118 1.000000 0.000000
vn -0.9448262 0.5611284 6.1596355
v -13.5508518 8.0477886 6.6272140 0.176471 1.000000 0.000000
vn -0.9008048 0.6293731 6.1596365
v -12.9194965 9.0265760 6.6272140 0.258824 1.000000 0.000000
vn -0.8518649 0.6941814 6.1596355
v -12.2175808 9.9560633 6.6272140 0.337255 1.000000 0.000000
vn -0.7982717 0.7551984 6.1596355
v -11.4489365 10.8311749 6.6272140 0.419608 1.000000 0.000000
vn -0.7403184 0.8120909 6.1596360
v -10.6177616 11.6471291 6.6272140 0.494118 1.000000 0.000000
vn -0.6783209 0.8645455 6.1596365
v -9.7285967 12.3994713 6.6272140 0.564706 1.000000 0.000000
vn -0.6126196 0.9122810 6.1596370
v -8.7862968 13.0840921 6.6272140 0.639216 1.000000 0.000000
vn -0.5435730 0.9550340 6.1596375
v -7.7960095 13.6972523 6.6272140 0.701961 1.000000 0.000000
vn -0.4715576 0.9925719 6.1596355
v -6.7631435 14.2356024 6.6272140 0.764706 1.000000 0.000000
vn -0.3969665 1.0246885 6.1596355
v -5.6933393 14.6962032 6.6272140 0.819608 1.000000 0.000000
vn -0.3202063 1.0512072 6.1596360
v -4.5924401 15.0765381 6.6272140 0.866667 1.000000 0.000000
vn -0.2416973 1.0719831 6.1596365
v -3.4664586 15.3745289 6.6272140 0.901961 0.992157 0.000000
vn -0.1618692 1.0869060 6.1596365
v -2.3215444 15.5885506 6.6272140 0.929412 1.000000 0.000000
vn -0.0811560 1.0958956 6.1596346
v -1.1639507 15.7174339 6.6272140 1.000000 0.000000 0.000000
vn -0.0000002 1.0988951 6.1596351
v 0.0000000 15.7604723 6.6272140 1.000000 0.000000 0.000000
vn 0.0206909 0.2794021 6.2706571
v 1.1447142 15.4576721 6.6499977 0.984314 0.121569 0.000000
vn 0.0412694 0.2771124 6.2706575
v 2.2831764 15.3309202 6.6499977 0.909804 1.000000 0.000000
vn 0.0616221 0.2733080 6.2706575
v 3.4091685 15.1204357 6.6499977 0.882353 1.000000 0.000000
vn 0.0816379 0.2680097 6.2706575
v 4.5165410 14.8273687 6.6499977 0.839216 1.000000 0.000000
vn 0.1012082 0.2612485 6.2706575
v 5.5992460 14.4533195 6.6499977 0.800000 1.000000 0.000000
vn 0.1202261 0.2530613 6.2706575
v 6.6513696 14.0003319 6.6499977 0.749020 1.000000 0.000000
vn 0.1385868 0.2434911 6.2706575
v 7.6671658 13.4708786 6.6499977 0.686275 1.000000 0.000000
vn 0.1561909 0.2325912 6.2706575
v 8.6410866 12.8678522 6.6499977 0.619608 1.000000 0.000000
vn 0.1729417 0.2204209 6.2706575
v 9.5678120 12.1945467 6.6499977 0.556863 1.000000 0.000000
vn 0.1887479 0.2070467 6.2706575
v 10.4422817 11.4546385 6.6499977 0.482353 1.000000 0.000000
vn 0.2035234 0.1925416 6.2706566
v 11.2597208 10.6521683 6.6499977 0.403922 1.000000 0.000000
vn 0.2171872 0.1769851 6.2706575
v 12.0156612 9.7915201 6.6499977 0.321569 1.000000 0.000000
vn 0.2296657 0.1604624 6.2706571
v 12.7059774 8.8773947 6.6499977 0.247059 1.000000 0.000000
vn 0.2408885 0.1430626 6.2706575
v 13.3268976 7.9147835 6.6499977 0.156863 1.000000 0.000000
vn 0.2507954 0.1248813 6.2706571
v 13.8750305 6.9089441 6.6499977 0.074510 1.000000 0.000000
vn 0.2593340 0.1060186 6.2706585
v 14.3473835 5.8653712 6.6499977 0.000000 1.000000 0.003922
vn 0.2664560 0.0865768 6.2706575
v 14.7413759 4.7897635 6.6499977 0.000000 1.000000 0.094118
vn 0.2721231 0.0666620 6.2706571
v 15.0548563 3.6879954 6.6499977 0.000000 1.000000 0.184314
vn 0.2763010 0.0463829 6.2706575
v 15.2861109 2.5660851 6.6499977 0.000000 1.000000 0.274510
vn 0.2789720 0.0258506 6.2706580
v 15.4338799 1.4301596 6.6499977 0.000000 1.000000 0.364706
vn 0.2801204 0.0051770 6.2706575
v 15.4973526 0.2864230 6.6499977 0.000000 1.000000 0.454902
vn 0.2797380 -0.0155244 6.2706571
v 15.4761858 -0.8588778 6.6499977 0.000000 1.000000 0.537255
vn 0.2778273 -0.0361415 6.2706580
v 15.3704929 -1.9994879 6.6499977 0.000000 1.000000 0.639216
vn 0.2743996 -0.0565611 6.2706580
v 15.1808510 -3.1291773 6.6499977 0.000000 1.000000 0.729412
vn 0.2694725 -0.0766713 6.2706575
v 14.9082975 -4.2417760 6.6499977 0.000000 1.000000 0.819608
vn 0.2630756 -0.0963641 6.2706575
v 14.5543203 -5.3312082 6.6499977 0.000000 1.000000 0.909804
vn 0.2552394 -0.1155289 6.2706575
v 14.1208506 -6.3915229 6.6499977 0.000000 0.992157 1.000000
vn 0.2460111 -0.1340641 6.2706575
v 13.6102600 -7.4169292 6.6499977 0.000000 0.894118 1.000000
vn 0.2354380 -0.1518664 6.2706575
v 13.0253334 -8.4018269 6.6499977 0.000000 0.803922 1.000000
vn 0.2235784 -0.1688385 6.2706571
v 12.3692665 -9.3408365 6.6499977 0.000000 0.709804 1.000000
vn 0.2104989 -0.1848894 6.2706571
v 11.6456442 -10.2288303 6.6499977 0.000000 0.619608 1.000000
vn 0.1962705 -0.1999317 6.2706571
v 10.8584175 -11.0609579 6.6499977 0.000000 0.529412 0.992157
vn 0.1809682 -0.2138794 6.2706575
v 10.0118856 -11.8326731 6.6499977 0.000000 0.447059 1.000000
vn 0.1646785 -0.2266607 6.2706580
v 9.1106710 -12.5397635 6.6499977 0.000000 0.447059 1.000000
vn 0.1474897 -0.2382040 6.2706575
v 8.1596985 -13.1783657 6.6499977 0.000000 0.447059 1.000000
vn 0.1294948 -0.2484457 6.2706575
v 7.1641603 -13.7449923 6.6499977 0.000000 0.447059 1.000000
vn 0.1107928 -0.2573305 6.2706571
v 6.1294937 -14.2365484 6.6499977 0.000000 0.447059 1.000000
vn 0.0914858 -0.2648106 6.2706575
v 5.0613499 -14.6503496 6.6499977 0.000000 0.447059 1.000000
vn 0.0716790 -0.2708436 6.2706575
v 3.9655631 -14.9841356 6.6499977 0.000000 0.447059 1.000000
vn 0.0514807 -0.2753982 6.2706575
v 2.8481176 -15.2360830 6.6499977 0.000000 0.447059 1.000000
vn 0.0310014 -0.2784484 6.2706575
v 1.7151165 -15.4048166 6.6499977 0.000000 0.447059 1.000000
vn 0.0103528 -0.2799753 6.2706575
v 0.5727482 -15.4894142 6.6499977 0.000000 0.454902 1.000000
vn -0.0103525 -0.2799751 6.2706575
v -0.5727482 -15.4894142 6.6499977 0.000000 0.458824 1.000000
vn -0.0310016 -0.2784482 6.2706575
v -1.7151165 -15.4048166 6.6499977 0.000000 0.474510 1.000000
vn -0.0514808 -0.2753982 6.2706575
v -2.8481176 -15.2360830 6.6499977 0.000000 0.494118 1.000000
vn -0.0716789 -0.2708437 6.2706575
v -3.9655631 -14.9841356 6.6499977 0.000000 0.509804 1.000000
vn -0.0914859 -0.2648105 6.2706575
v -5.0613499 -14.6503496 6.6499977 0.000000 0.537255 1.000000
vn -0.1107927 -0.2573307 6.2706580
v -6.1294937 -14.2365484 6.6499977 0.000000 0.564706 1.000000
vn -0.1294948 -0.2484457 6.2706575
v -7.1641603 -13.7449923 6.6499977 0.000000 0.603922 1.000000
vn -0.1474897 -0.2382039 6.2706571
v -8.1596985 -13.1783657 6.6499977 0.000000 0.639216 1.000000
vn -0.1646785 -0.2266607 6.2706571
v -9.1106710 -12.5397635 6.6499977 0.000000 0.686275 1.000000
vn -0.1809680 -0.2138795 6.2706575
v -10.0118856 -11.8326731 6.6499977 0.000000 0.729412 1.000000
vn -0.1962708 -0.1999315 6.2706580
v -10.8584175 -11.0609579 6.6499977 0.000000 0.784314 1.000000
vn -0.2104990 -0.1848896 6.2706571
v -11.6456442 -10.2288303 6.6499977 0.000000 0.839216 1.000000
vn -0.2235783 -0.1688385 6.2706571
v -12.3692665 -9.3408365 6.6499977 0.000000 0.894118 1.000000
vn -0.2354379 -0.1518663 6.2706571
v -13.0253334 -8.4018269 6.6499977 0.000000 0.956863 0.992157
vn -0.2460112 -0.1340640 6.2706575
v -13.6102600 -7.4169292 6.6499977 0.000000 1.000000 0.972549
vn -0.2552393 -0.1155291 6.2706571
v -14.1208506 -6.3915229 6.6499977 0.000000 1.000000 0.901961
vn -0.2630758 -0.0963639 6.2706580
v -14.5543203 -5.3312082 6.6499977 0.000000 1.000000 0.831373
vn -0.2694725 -0.0766716 6.2706585
v -14.9082975 -4.2417760 6.6499977 0.000000 1.000000 0.756863
vn -0.2743995 -0.0565610 6.2706575
v -15.1808510 -3.1291773 6.6499977 0.000000 1.000000 0.682353
vn -0.2778272 -0.0361415 6.2706575
v -15.3704929 -1.9994879 6.6499977 0.000000 1.000000 0.603922
vn -0.2797380 -0.0155244 6.2706580
v -15.4761858 -0.8588778 6.6499977 0.000000 1.000000 0.521569
vn -0.2801205 0.0051772 6.2706575
v -15.4973526 0.2864230 6.6499977 0.000000 1.000000 0.431373
vn -0.2789721 0.0258504 6.2706575
v -15.4338799 1.4301596 6.6499977 0.000000 1.000000 0.349020
vn -0.2763008 0.0463827 6.2706575
v -15.2861109 2.5660851 6.6499977 0.000000 1.000000 0.258824
vn -0.2721229 0.0666622 6.2706575
v -15.0548563 3.6879954 6.6499977 0.000000 0.992157 0.164706
vn -0.2664561 0.0865768 6.2706580
v -14.7413759 4.7897635 6.6499977 0.000000 1.000000 0.082353
vn -0.2593340 0.1060187 6.2706585
v -14.3473835 5.8653712 6.6499977 0.000000 1.000000 0.000000
vn -0.2507955 0.1248812 6.2706580
v -13.8750305 6.9089441 6.6499977 0.086275 1.000000 0.000000
vn -0.2408884 0.1430625 6.2706571
v -13.3268976 7.9147835 6.6499977 0.164706 1.000000 0.000000
vn -0.2296656 0.1604626 6.2706571
v -12.7059774 8.8773947 6.6499977 0.247059 1.000000 0.000000
vn -0.2171872 0.1769850 6.2706571
v -12.0156612 9.7915201 6.6499977 0.329412 1.000000 0.000000
vn -0.2035234 0.1925417 6.2706580
v -11.2597208 10.6521683 6.6499977 0.411765 1.000000 0.000000
vn -0.1887479 0.2070467 6.2706575
v -10.4422817 11.4546385 6.6499977 0.486275 1.000000 0.000000
vn -0.1729417 0.2204208 6.2706575
v -9.5678120 12.1945467 6.6499977 0.556863 1.000000 0.000000
vn -0.1561909 0.2325912 6.2706575
v -8.6410866 12.8678522 6.6499977 0.627451 1.000000 0.000000
vn -0.1385869 0.2434911 6.2706580
v -7.6671658 13.4708786 6.6499977 0.694118 1.000000 0.000000
vn -0.1202261 0.2530614 6.2706575
v -6.6513696 14.0003319 6.6499977 0.749020 1.000000 0.000000
vn -0.1012083 0.2612486 6.2706575
v -5.5992460 14.4533195 6.6499977 0.803922 1.000000 0.000000
vn -0.0816380 0.2680096 6.2706575
v -4.5165410 14.8273687 6.6499977 0.847059 1.000000 0.000000
vn -0.0616220 0.2733079 6.2706571
v -3.4091685 15.1204357 6.6499977 0.882353 1.000000 0.000000
vn -0.0412693 0.2771126 6.2706580
v -2.2831764 15.3309202 6.6499977 0.909804 1.000000 0.000000
vn -0.0206912 0.2794023 6.2706580
v -1.1447142 15.4576721 6.6499977 1.000000 0.000000 0.000000
vn 0.0000001 0.2801680 6.2706575
v 0.0000000 15.5000000 6.6499977 1.000000 0.000000 0.000000
vn 0.0000000 0.0000000 6.2831860
v 0.0000000 0.0000000 6.6499977 0.000000 0.992157 0.301961
# 3502 vertices, 0 vertices normals


usemtl material_0
vt 0.1475980 -16.9993610
vt 0.6281755 -16.9883900
f 1/1/1 2/1/2 3/2/3

usemtl material_1
vt 0.7421364 -16.9837933
f 3/2/3 2/1/2 4/3/4

usemtl material_2
f 3/2/3 4/3/4 5/3/5

usemtl material_3
vt -0.7421364 -16.9837933
vt -0.6281755 -16.9883900
f 6/4/6 7/4/7 8/5/8

usemtl material_4
vt -0.1475980 -16.9993610
f 8/5/8 7/4/7 9/6/9

usemtl material_5
f 8/5/8 9/6/9 10/6/10

usemtl material_6
vt -1.0369325 -16.9683456
vt -1.6298331 -16.9216919
f 11/7/11 12/8/12 13/7/13

usemtl material_7
f 13/7/13 12/8/12 14/8/14

usemtl material_8
vt 1.6298331 -16.9216919
vt 1.0369325 -16.9683456
f 15/9/15 16/10/16 17/9/17

usemtl material_9
f 17/9/17 16/10/16 18/10/18

usemtl material_10
vt 2.5130606 -16.8132248
vt 1.9234306 -16.8908386
f 19/11/19 20/12/20 21/11/21

usemtl material_0
f 21/11/21 20/12/20 22/12/22

usemtl material_11
vt 0.1509167 16.9993305
vt 0.7391120 16.9839249
f 23/13/23 24/14/24 25/13/25

usemtl material_12
f 25/13/25 24/14/24 26/14/26

usemtl material_13
vt 1.6271182 16.9219532
vt 1.2554929 16.9535770
f 27/15/27 28/15/28 29/16/29

usemtl material_14
vt 1.0405269 16.9681263
f 29/16/29 28/15/28 30/17/30

usemtl material_15
f 29/16/29 30/17/30 31/17/31

usemtl material_16
vt 2.5106668 16.8135815
vt 2.5041289 16.8145580
f 32/18/32 33/18/33 34/19/34

usemtl material_17
vt 1.9272794 16.8903999
f 34/19/34 33/18/33 35/20/35

usemtl material_18
f 34/19/34 35/20/35 36/20/36

usemtl material_19
vt 2.8087425 16.7663631
vt 3.3873348 16.6591110
f 37/21/37 38/22/38 39/21/39

usemtl material_20
f 39/21/39 38/22/38 40/22/40

usemtl material_21
vt 4.2547178 16.4589596
vt 3.7390881 16.5837040
f 41/23/41 42/23/42 43/24/43

usemtl material_22
vt 3.6824992 16.5963593
f 43/24/43 42/23/42 44/25/44

usemtl material_23
f 43/24/43 44/25/44 45/25/45

usemtl material_24
vt 5.1104369 16.2136803
vt 4.9536257 16.2622738
f 46/26/46 47/26/47 48/27/48

usemtl material_25
vt 4.5461540 16.3808575
f 48/27/48 47/26/47 49/28/49

usemtl material_26
f 48/27/48 49/28/49 50/28/50

usemtl material_27
vt 5.3973384 16.1204453
vt 5.9521461 15.9239435
f 51/29/51 52/30/52 53/29/53

usemtl material_28
f 53/29/53 52/30/52 54/30/54

usemtl material_29
vt 6.2337193 15.8158388
vt 6.7775350 15.5905418
f 55/31/55 56/32/56 57/31/57

usemtl material_30
f 57/31/57 56/32/56 58/32/58

usemtl material_31
vt 7.5843425 15.2143927
vt 7.2950501 15.3552027
f 59/33/59 60/33/60 61/34/61

usemtl material_32
vt 7.0530038 15.4678745
f 61/34/61 60/33/60 62/35/62

usemtl material_33
f 61/34/61 62/35/62 63/35/63

usemtl material_34
vt 7.8529453 15.0775080
vt 8.3703537 14.7965260
f 64/36/64 65/37/65 66/36/66

usemtl material_35
f 66/36/66 65/37/65 67/37/67

usemtl material_36
vt 8.6313524 14.6458101
vt 9.1334143 14.3380871
f 68/38/68 69/39/69 70/38/70

usemtl material_37
f 70/38/70 69/39/69 71/39/71

usemtl material_38
vt 9.8714314 13.8403339
vt 9.4773197 14.1131287
f 72/40/72 73/40/73 74/41/74

usemtl material_39
vt 9.3860893 14.1739655
f 74/41/74 73/40/73 75/42/75

usemtl material_40
f 74/41/74 75/42/75 76/42/76

usemtl material_41
vt 10.5823812 13.3046312
vt 10.4937305 13.3746643
f 77/43/77 78/43/78 79/44/79

usemtl material_42
vt 10.1150894 13.6632710
f 79/44/79 78/43/78 80/45/80

usemtl material_43
f 79/44/79 80/45/80 81/45/81

usemtl material_44
vt 10.8163557 13.1151237
vt 11.2643118 12.7324486
f 82/46/82 83/47/83 84/46/84

usemtl material_45
f 84/46/84 83/47/83 85/47/85

usemtl material_46
vt 11.4879627 12.5310297
vt 11.9153566 12.1253557
f 86/48/86 87/49/87 88/48/88

usemtl material_47
f 88/48/88 87/49/87 89/49/89

usemtl material_48
vt 12.5337286 11.4850178
vt 12.3493710 11.6830235
f 90/50/90 91/50/91 92/51/92

usemtl material_49
vt 12.1280737 11.9125919
f 92/51/92 91/50/91 93/52/93

usemtl material_50
f 92/51/92 93/52/93 94/52/94

usemtl material_51
vt 12.7349329 11.2615042
vt 13.1177320 10.8131905
f 95/53/95 96/54/96 97/53/97

usemtl material_52
f 97/53/97 96/54/96 98/54/98

usemtl material_53
vt 13.3068781 10.5795546
vt 13.6657667 10.1117172
f 99/55/99 100/56/100 101/55/101

usemtl material_54
f 101/55/101 100/56/100 102/56/102

usemtl material_55
vt 14.1763287 9.3825207
vt 13.9355879 9.7364969
f 103/57/103 104/57/104 105/58/105

usemtl material_56
vt 13.8423443 9.8686123
f 105/58/105 104/57/104 106/59/106

usemtl material_57
f 105/58/105 106/59/106 107/59/107

usemtl material_58
vt 14.6480198 8.6276016
vt 14.6165972 8.6807299
f 108/60/108 109/60/109 110/61/110

usemtl material_59
vt 14.3398628 9.1306276
f 110/61/110 109/60/109 111/62/111

usemtl material_60
f 110/61/110 111/62/111 112/62/112

usemtl material_61
vt 14.7980700 8.3676233
vt 15.0795460 7.8490319
f 113/63/113 114/64/114 115/63/115

usemtl material_62
f 115/63/115 114/64/114 116/64/116

usemtl material_63
vt 15.2157145 7.5816913
vt 15.4697247 7.0489450
f 117/65/117 118/65/118 119/66/119

usemtl material_64
vt 15.2177763 7.5775518
f 119/66/119 118/65/118 120/67/120

usemtl material_65
f 119/66/119 120/67/120 121/66/121

usemtl material_66
vt 15.8174858 6.2295361
vt 15.7358408 6.4329877
f 122/68/122 123/68/123 124/69/124

usemtl material_67
vt 15.5916500 6.7749872
f 124/69/124 123/68/123 125/70/125

usemtl material_68
f 124/69/124 125/70/125 126/70/126

usemtl material_69
vt 15.9248486 5.9497223
vt 16.1218796 5.3930521
f 127/71/127 128/72/128 129/71/129

usemtl material_70
f 129/71/129 128/72/128 130/72/130

usemtl material_71
vt 16.2143993 5.1081586
vt 16.3820686 4.5417876
f 131/73/131 132/74/132 133/73/133

usemtl material_72
f 133/73/133 132/74/132 134/74/134

usemtl material_73
vt 16.5973415 3.6780770
vt 16.5117779 4.0448985
f 135/75/135 136/75/136 137/76/137

usemtl material_74
vt 16.4595051 4.2526031
f 137/76/137 136/75/136 138/77/138

usemtl material_75
f 137/76/137 138/77/138 139/77/139

usemtl material_76
vt 16.7671089 2.8042884
vt 16.7654114 2.8144159
f 140/78/140 141/78/141 142/79/142

usemtl material_77
vt 16.6595039 3.3854010
f 142/79/142 141/78/141 143/80/143

usemtl material_78
f 142/79/142 143/80/143 144/80/144

usemtl material_79
vt 16.8138428 2.5089290
vt 16.8909073 1.9228184
f 145/81/145 146/82/146 147/81/147

usemtl material_80
f 147/81/147 146/82/146 148/82/148

usemtl material_81
vt 16.9683971 1.0360837
vt 16.9274807 1.5685622
f 149/83/149 150/83/150 151/84/151

usemtl material_82
vt 16.9221001 1.6255893
f 151/84/151 150/83/150 152/85/152

usemtl material_83
f 151/84/151 152/85/152 153/85/153

usemtl material_84
vt 16.9993687 0.1465158
vt 16.9970970 0.3141414
f 154/86/154 155/86/155 156/87/156

usemtl material_85
vt 16.9839821 0.7378024
f 156/87/156 155/86/155 157/88/157

usemtl material_86
f 156/87/156 157/88/157 158/88/158

usemtl material_87
vt 16.9993210 -0.1519986
vt 16.9837360 -0.7434462
f 159/89/159 160/90/160 161/89/161

usemtl material_88
f 161/89/161 160/90/160 162/90/162

usemtl material_89
vt 16.9680729 -1.0413755
vt 16.9215450 -1.6313623
f 163/91/163 164/92/164 165/91/165

usemtl material_90
f 165/91/165 164/92/164 166/92/166

usemtl material_91
vt 16.8129654 -2.5147984
vt 16.8579597 -2.1929867
f 167/93/167 168/93/168 169/94/169

usemtl material_92
vt 16.8903294 -1.9278916
f 169/94/169 168/93/168 170/95/170

usemtl material_93
f 169/94/169 170/95/170 171/95/171

usemtl material_94
vt 16.7663002 -2.8091176
vt 16.6582966 -3.3913326
f 172/96/172 173/97/173 174/96/174

usemtl material_95
f 174/96/174 173/97/173 175/97/175

usemtl material_96
vt 16.5963306 -3.6826391
vt 16.4579659 -4.2585626
f 176/98/176 177/99/177 178/98/178

usemtl material_97
f 178/98/178 177/99/177 179/99/179

usemtl material_98
vt 16.2125225 -5.1141100
vt 16.3510361 -4.6522713
f 180/100/180 181/100/181 182/101/182

usemtl material_99
vt 16.3808823 -4.5460634
f 182/101/182 181/100/181 183/102/183

usemtl material_100
f 182/101/182 183/102/183 184/102/184

usemtl material_101
vt 15.9226398 -5.9556308
vt 15.9628019 -5.8471317
f 185/103/185 186/103/186 187/104/187

usemtl material_102
vt 16.1205502 -5.3970246
f 187/104/187 186/103/186 188/105/188

usemtl material_103
f 187/104/187 188/105/188 189/105/189

usemtl material_104
vt 15.8160458 -6.2331920
vt 15.5891142 -6.7808189
f 190/106/190 191/107/191 192/106/192

usemtl material_105
f 192/106/192 191/107/191 193/107/193

usemtl material_106
vt 15.4682074 -7.0522742
vt 15.2128620 -7.5874119
f 194/108/194 195/109/195 196/108/196

usemtl material_107
f 196/108/196 195/109/195 197/109/197

usemtl material_108
vt 14.7949152 -8.3732004
vt 14.9273815 -8.1346970
f 198/110/198 199/110/199 200/111/200

usemtl material_109
vt 15.0779858 -7.8520288
f 200/111/200 199/110/199 201/112/201

usemtl material_110
f 200/111/200 201/112/201 202/112/202

usemtl material_111
vt 14.6464520 -8.6302633
vt 14.3364201 -9.1360302
f 203/113/203 204/114/204 205/113/205

usemtl material_112
f 205/113/205 204/114/204 206/114/206

usemtl material_113
vt 14.1747885 -9.3848486
vt 13.8386354 -9.8738117
f 207/115/207 208/116/208 209/115/209

usemtl material_114
f 209/115/209 208/116/208 210/116/210

usemtl material_115
vt 13.3029261 -10.5845242
vt 13.5662928 -10.2447882
f 211/117/211 212/117/212 213/118/213

usemtl material_116
vt 13.6642885 -10.1137142
f 213/118/213 212/117/212 214/119/214

usemtl material_117
f 213/118/213 214/119/214 215/119/215

usemtl material_118
vt 12.7307615 -11.2662191
vt 12.7726421 -11.2187176
f 216/120/216 217/120/217 218/121/218

usemtl material_119
vt 13.1163502 -10.8148670
f 218/121/218 217/120/217 219/122/219

usemtl material_120
f 218/121/218 219/122/219 220/122/220

usemtl material_121
vt 12.5324764 -11.4863853
vt 12.1237116 -11.9170303
f 221/123/221 222/124/222 223/123/223

usemtl material_122
f 223/123/223 222/124/222 224/124/224

usemtl material_123
vt 11.9142656 -12.1264286
vt 11.4834404 -12.5351753
f 225/125/225 226/125/226 227/126/227

usemtl material_124
vt 11.9092312 -12.1313725
f 227/126/227 226/125/226 228/127/228

usemtl material_125
f 227/126/227 228/127/228 229/126/229

usemtl material_126
vt 10.8117027 -13.1189594
vt 10.9807777 -12.9777708
f 230/128/230 231/128/231 232/129/232

usemtl material_127
vt 11.2634115 -12.7332458
f 232/129/232 231/128/231 233/130/233

usemtl material_128
f 232/129/232 233/130/233 234/130/234

usemtl material_129
vt 10.5816984 -13.3051739
vt 10.1103411 -13.6667843
f 235/131/235 236/132/236 237/131/237

usemtl material_130
f 237/131/237 236/132/236 238/132/238

usemtl material_131
vt 9.8709936 -13.8406467
vt 9.3812780 -14.1771507
f 239/133/239 240/134/240 241/133/241

usemtl material_132
f 241/133/241 240/134/240 242/134/242

usemtl material_133
vt 8.6265135 -14.6486607
vt 8.9493465 -14.4536915
f 243/135/243 244/135/244 245/136/245

usemtl material_134
vt 9.1332426 -14.3381958
f 245/136/245 244/135/244 246/137/246

usemtl material_135
f 245/136/245 246/137/246 247/137/247

usemtl material_136
vt 7.8481145 -15.0800228
vt 7.8574662 -15.0751524
f 248/138/248 249/138/249 250/139/250

usemtl material_137
vt 8.3704691 -14.7964602
f 250/139/250 249/138/249 251/140/251

usemtl material_138
f 250/139/250 251/140/251 252/140/252

usemtl material_139
vt 7.5847607 -15.2141848
vt 7.0482159 -15.4700565
f 253/141/253 254/142/254 255/141/255

usemtl material_140
f 255/141/255 254/142/254 256/142/256

usemtl material_141
vt 6.2290087 -15.8176947
vt 6.7226706 -15.6142788
f 257/143/257 258/143/258 259/144/259

usemtl material_135
vt 6.7782702 -15.5902224
f 259/144/259 258/143/258 260/145/260

usemtl material_142
f 259/144/259 260/145/260 261/145/261

usemtl material_143
vt 5.3927388 -16.1219826
vt 5.5511580 -16.0681248
f 262/146/262 263/146/263 264/147/264

usemtl material_144
vt 5.9532075 -15.9235468
f 264/147/264 263/146/263 265/148/265

usemtl material_145
f 264/147/264 265/148/265 266/148/266

usemtl material_146
vt 5.1118312 -16.2132397
vt 4.5416975 -16.3820934
f 267/149/267 268/150/268 269/149/269

usemtl material_145
f 269/149/269 268/150/268 270/150/270

usemtl material_147
vt 4.2564473 -16.4585133
vt 3.6782172 -16.5973110
f 271/151/271 272/152/272 273/151/273

usemtl material_148
f 273/151/273 272/152/272 274/152/274

usemtl material_6
vt 2.8046634 -16.7670479
vt 3.1237419 -16.7105427
f 275/153/275 276/153/276 277/154/277
vt 3.3893988 -16.6586895
f 277/154/277 276/153/276 278/155/278

usemtl material_149
f 277/154/277 278/155/278 279/155/279

usemtl material_150
vt -0.7391120 16.9839249
vt -0.1509167 16.9993305
f 280/156/280 281/157/281 282/156/282

usemtl material_12
f 282/156/282 281/157/281 283/157/283

usemtl material_151
vt -1.0405269 16.9681263
vt -1.2554929 16.9535770
f 284/158/284 285/158/285 286/159/286

usemtl material_152
vt -1.6271182 16.9219532
f 286/159/286 285/158/285 287/160/287

usemtl material_13
f 286/159/286 287/160/287 288/160/288

usemtl material_153
vt -1.9234306 -16.8908386
vt -2.5130606 -16.8132248
f 289/161/289 290/162/290 291/161/291

usemtl material_3
f 291/161/291 290/162/290 292/162/292

usemtl material_154
vt -3.3893988 -16.6586895
vt -3.1237419 -16.7105427
f 293/163/293 294/163/294 295/164/295

usemtl material_149
vt -2.8046634 -16.7670479
f 295/164/295 294/163/294 296/165/296

usemtl material_146
f 295/164/295 296/165/296 297/165/297

usemtl material_142
vt -3.6782172 -16.5973110
vt -4.2564473 -16.4585133
f 298/166/298 299/167/299 300/166/300

usemtl material_145
f 300/166/300 299/167/299 301/167/301

usemtl material_144
vt -4.5416975 -16.3820934
vt -5.1118312 -16.2132397
f 302/168/302 303/169/303 304/168/304
f 304/168/304 303/169/303 305/169/305

usemtl material_155
vt -5.9532075 -15.9235468
vt -5.5511580 -16.0681248
f 306/170/306 307/170/307 308/171/308

usemtl material_135
vt -5.3927388 -16.1219826
f 308/171/308 307/170/307 309/172/309

usemtl material_133
f 308/171/308 309/172/309 310/172/310

usemtl material_131
vt -6.7782702 -15.5902224
vt -6.7226706 -15.6142788
f 311/173/311 312/173/312 313/174/313
vt -6.2290087 -15.8176947
f 313/174/313 312/173/312 314/175/314

usemtl material_156
f 313/174/313 314/175/314 315/175/315

usemtl material_157
vt -7.0482159 -15.4700565
vt -7.5847607 -15.2141848
f 316/176/316 317/177/317 318/176/318

usemtl material_158
f 318/176/318 317/177/317 319/177/319

usemtl material_159
vt -7.8481145 -15.0800228
vt -8.3704691 -14.7964602
f 320/178/320 321/178/321 322/179/322

usemtl material_134
vt -7.8574662 -15.0751524
f 322/179/322 321/178/321 323/180/323

usemtl material_129
f 322/179/322 323/180/323 324/179/324

usemtl material_160
vt -9.1332426 -14.3381958
vt -8.9493465 -14.4536915
f 325/181/325 326/181/326 327/182/327

usemtl material_161
vt -8.6265135 -14.6486607
f 327/182/327 326/181/326 328/183/328

usemtl material_159
f 327/182/327 328/183/328 329/183/329

usemtl material_161
vt -9.3812780 -14.1771507
vt -9.8709936 -13.8406467
f 330/184/330 331/185/331 332/184/332

usemtl material_162
f 332/184/332 331/185/331 333/185/333

usemtl material_125
vt -10.1103411 -13.6667843
vt -10.5816984 -13.3051739
f 334/186/334 335/187/335 336/186/336

usemtl material_121
f 336/186/336 335/187/335 337/187/337

usemtl material_163
vt -11.2634115 -12.7332458
vt -10.9807777 -12.9777708
f 338/188/338 339/188/339 340/189/340

usemtl material_164
vt -10.8117027 -13.1189594
f 340/189/340 339/188/339 341/190/341

usemtl material_165
f 340/189/340 341/190/341 342/190/342

usemtl material_166
vt -11.9142656 -12.1264286
vt -11.9092312 -12.1313725
f 343/191/343 344/191/344 345/192/345

usemtl material_167
vt -11.4834404 -12.5351753
f 345/192/345 344/191/344 346/193/346

usemtl material_168
f 345/192/345 346/193/346 347/193/347

usemtl material_123
vt -12.1237116 -11.9170303
vt -12.5324764 -11.4863853
f 348/194/348 349/195/349 350/194/350

usemtl material_169
f 350/194/350 349/195/349 351/195/351

usemtl material_170
vt -13.1163502 -10.8148670
vt -12.7726421 -11.2187176
f 352/196/352 353/196/353 354/197/354

usemtl material_171
vt -12.7307615 -11.2662191
f 354/197/354 353/196/353 355/198/355

usemtl material_172
f 354/197/354 355/198/355 356/198/356

usemtl material_173
vt -13.6642885 -10.1137142
vt -13.5662928 -10.2447882
f 357/199/357 358/199/358 359/200/359

usemtl material_174
vt -13.3029261 -10.5845242
f 359/200/359 358/199/358 360/201/360

usemtl material_175
f 359/200/359 360/201/360 361/201/361

usemtl material_176
vt -13.8386354 -9.8738117
vt -14.1747885 -9.3848486
f 362/202/362 363/203/363 364/202/364

usemtl material_177
f 364/202/364 363/203/363 365/203/365

usemtl material_174
vt -14.3364201 -9.1360302
vt -14.6464520 -8.6302633
f 366/204/366 367/205/367 368/204/368

usemtl material_178
f 368/204/368 367/205/367 369/205/369

usemtl material_179
vt -15.0779858 -7.8520288
vt -14.9273815 -8.1346970
f 370/206/370 371/206/371 372/207/372

usemtl material_180
vt -14.7949152 -8.3732004
f 372/207/372 371/206/371 373/208/373

usemtl material_181
f 372/207/372 373/208/373 374/208/374

usemtl material_182
vt -15.2128620 -7.5874119
vt -15.4682074 -7.0522742
f 375/209/375 376/210/376 377/209/377

usemtl material_183
f 377/209/377 376/210/376 378/210/378

usemtl material_184
vt -15.5891142 -6.7808189
vt -15.8160458 -6.2331920
f 379/211/379 380/212/380 381/211/381

usemtl material_185
f 381/211/381 380/212/380 382/212/382

usemtl material_186
vt -16.1205502 -5.3970246
vt -15.9628019 -5.8471317
f 383/213/383 384/213/384 385/214/385

usemtl material_102
vt -15.9226398 -5.9556308
f 385/214/385 384/213/384 386/215/386

usemtl material_187
f 385/214/385 386/215/386 387/215/387

usemtl material_188
vt -16.3808823 -4.5460634
vt -16.3510361 -4.6522713
f 388/216/388 389/216/389 390/217/390

usemtl material_189
vt -16.2125225 -5.1141100
f 390/217/390 389/216/389 391/218/391

usemtl material_190
f 390/217/390 391/218/391 392/218/392

usemtl material_191
vt -16.4579659 -4.2585626
vt -16.5963306 -3.6826391
f 393/219/393 394/220/394 395/219/395

usemtl material_91
f 395/219/395 394/220/394 396/220/396

usemtl material_94
vt -16.6582966 -3.3913326
vt -16.7663002 -2.8091176
f 397/221/397 398/222/398 399/221/399

usemtl material_192
f 399/221/399 398/222/398 400/222/400

usemtl material_93
vt -16.8903294 -1.9278916
vt -16.8579597 -2.1929867
f 401/223/401 402/223/402 403/224/403

usemtl material_92
vt -16.8129654 -2.5147984
f 403/224/403 402/223/402 404/225/404

usemtl material_91
f 403/224/403 404/225/404 405/225/405

usemtl material_193
vt -16.9215450 -1.6313623
vt -16.9680729 -1.0413755
f 406/226/406 407/227/407 408/226/408

usemtl material_194
f 408/226/408 407/227/407 409/227/409

usemtl material_195
vt -16.9837360 -0.7434462
vt -16.9993210 -0.1519986
f 410/228/410 411/229/411 412/228/412

usemtl material_196
f 412/228/412 411/229/411 413/229/413

usemtl material_197
vt -16.9839821 0.7378024
vt -16.9970970 0.3141414
f 414/230/414 415/230/415 416/231/416

usemtl material_85
vt -16.9993687 0.1465158
f 416/231/416 415/230/415 417/232/417

usemtl material_84
f 416/231/416 417/232/417 418/232/418

usemtl material_198
vt -16.9221001 1.6255893
vt -16.9274807 1.5685622
f 419/233/419 420/233/420 421/234/421

usemtl material_82
vt -16.9683971 1.0360837
f 421/234/421 420/233/420 422/235/422

usemtl material_199
f 421/234/421 422/235/422 423/235/423

usemtl material_200
vt -16.8909073 1.9228184
vt -16.8138428 2.5089290
f 424/236/424 425/237/425 426/236/426

usemtl material_201
f 426/236/426 425/237/425 427/237/427

usemtl material_77
vt -16.7671089 2.8042884
vt -16.6595039 3.3854010
f 428/238/428 429/238/429 430/239/430

usemtl material_202
vt -16.7654114 2.8144159
f 430/239/430 429/238/429 431/240/431

usemtl material_203
f 430/239/430 431/240/431 432/239/432

usemtl material_204
vt -16.4595051 4.2526031
vt -16.5117779 4.0448985
f 433/241/433 434/241/434 435/242/435

usemtl material_205
vt -16.5973415 3.6780770
f 435/242/435 434/241/434 436/243/436

usemtl material_206
f 435/242/435 436/243/436 437/243/437

usemtl material_207
vt -16.3820686 4.5417876
vt -16.2143993 5.1081586
f 438/244/438 439/245/439 440/244/440

usemtl material_208
f 440/244/440 439/245/439 441/245/441

usemtl material_209
vt -16.1218796 5.3930521
vt -15.9248486 5.9497223
f 442/246/442 443/247/443 444/246/444

usemtl material_210
f 444/246/444 443/247/443 445/247/445

usemtl material_211
vt -15.5916500 6.7749872
vt -15.7358408 6.4329877
f 446/248/446 447/248/447 448/249/448

usemtl material_67
vt -15.8174858 6.2295361
f 448/249/448 447/248/447 449/250/449

usemtl material_66
f 448/249/448 449/250/449 450/250/450

usemtl material_212
vt -15.2157145 7.5816913
vt -15.2177763 7.5775518
f 451/251/451 452/251/452 453/252/453

usemtl material_58
vt -15.4697247 7.0489450
f 453/252/453 452/251/452 454/253/454

usemtl material_65
f 453/252/453 454/253/454 455/253/455

usemtl material_213
vt -15.0795460 7.8490319
vt -14.7980700 8.3676233
f 456/254/456 457/255/457 458/254/458

usemtl material_55
f 458/254/458 457/255/457 459/255/459

usemtl material_214
vt -14.3398628 9.1306276
vt -14.6165972 8.6807299
f 460/256/460 461/256/461 462/257/462

usemtl material_215
vt -14.6480198 8.6276016
f 462/257/462 461/256/461 463/258/463

usemtl material_216
f 462/257/462 463/258/463 464/258/464

usemtl material_57
vt -13.8423443 9.8686123
vt -13.9355879 9.7364969
f 465/259/465 466/259/466 467/260/467

usemtl material_217
vt -14.1763287 9.3825207
f 467/260/467 466/259/466 468/261/468

usemtl material_55
f 467/260/467 468/261/468 469/261/469

usemtl material_218
vt -13.6657667 10.1117172
vt -13.3068781 10.5795546
f 470/262/470 471/263/471 472/262/472

usemtl material_54
f 472/262/472 471/263/471 473/263/473

usemtl material_217
vt -13.1177320 10.8131905
vt -12.7349329 11.2615042
f 474/264/474 475/265/475 476/264/476

usemtl material_219
f 476/264/476 475/265/475 477/265/477

usemtl material_50
vt -12.1280737 11.9125919
vt -12.3493710 11.6830235
f 478/266/478 479/266/479 480/267/480

usemtl material_220
vt -12.5337286 11.4850178
f 480/267/480 479/266/479 481/268/481

usemtl material_48
f 480/267/480 481/268/481 482/268/482

usemtl material_221
vt -11.9153566 12.1253557
vt -11.4879627 12.5310297
f 483/269/483 484/270/484 485/269/485

usemtl material_222
f 485/269/485 484/270/484 486/270/486

usemtl material_223
vt -11.2643118 12.7324486
vt -10.8163557 13.1151237
f 487/271/487 488/272/488 489/271/489

usemtl material_224
f 489/271/489 488/272/488 490/272/490

usemtl material_225
vt -10.1150894 13.6632710
vt -10.4937305 13.3746643
f 491/273/491 492/273/492 493/274/493

usemtl material_226
vt -10.5823812 13.3046312
f 493/274/493 492/273/492 494/275/494

usemtl material_227
f 493/274/493 494/275/494 495/275/495

usemtl material_40
vt -9.3860893 14.1739655
vt -9.4773197 14.1131287
f 496/276/496 497/276/497 498/277/498

usemtl material_228
vt -9.8714314 13.8403339
f 498/277/498 497/276/497 499/278/499

usemtl material_229
f 498/277/498 499/278/499 500/278/500

usemtl material_230
vt -9.1334143 14.3380871
vt -8.6313524 14.6458101
f 501/279/501 502/280/502 503/279/503

usemtl material_231
f 503/279/503 502/280/502 504/280/504

usemtl material_232
vt -8.3703537 14.7965260
vt -7.8529453 15.0775080
f 505/281/505 506/282/506 507/281/507

usemtl material_233
f 507/281/507 506/282/506 508/282/508

usemtl material_234
vt -7.0530038 15.4678745
vt -7.2950501 15.3552027
f 509/283/509 510/283/510 511/284/511

usemtl material_235
vt -7.5843425 15.2143927
f 511/284/511 510/283/510 512/285/512

usemtl material_31
f 511/284/511 512/285/512 513/285/513

usemtl material_236
vt -6.7775350 15.5905418
vt -6.2337193 15.8158388
f 514/286/514 515/287/515 516/286/516

usemtl material_237
f 516/286/516 515/287/515 517/287/517

usemtl material_238
vt -5.9521461 15.9239435
vt -5.3973384 16.1204453
f 518/288/518 519/289/519 520/288/520

usemtl material_239
f 520/288/520 519/289/519 521/289/521

usemtl material_26
vt -4.5461540 16.3808575
vt -4.9536257 16.2622738
f 522/290/522 523/290/523 524/291/524

usemtl material_25
vt -5.1104369 16.2136803
f 524/291/524 523/290/523 525/292/525

usemtl material_24
f 524/291/524 525/292/525 526/292/526

usemtl material_23
vt -3.6824992 16.5963593
vt -3.7390881 16.5837040
f 527/293/527 528/293/528 529/294/529

usemtl material_240
vt -4.2547178 16.4589596
f 529/294/529 528/293/528 530/295/530

usemtl material_21
f 529/294/529 530/295/530 531/295/531

usemtl material_241
vt -3.3873348 16.6591110
vt -2.8087425 16.7663631
f 532/296/532 533/297/533 534/296/534

usemtl material_242
f 534/296/534 533/297/533 535/297/535

usemtl material_17
vt -2.5106668 16.8135815
vt -1.9272794 16.8903999
f 536/298/536 537/298/537 538/299/538

usemtl material_18
vt -2.5041289 16.8145580
f 538/299/538 537/298/537 539/300/539
f 538/299/538 539/300/539 540/299/540

usemtl material_243
vt 17.2394199 0.6015280
vt 17.2436142 0.4487835
vt 17.2442818 0.4441515
f 541/301/541 542/302/542 543/303/543

usemtl material_3
vt 2.9922540 -16.9885311
vt 2.6546125 -17.0445156
f 544/304/544 545/305/545 546/305/546

usemtl material_244
vt -0.8880085 -17.2271290
vt 0.8880085 -17.2271290
f 547/306/547 548/306/548 549/307/549

usemtl material_245
vt -17.2473221 0.2964958
vt -17.2442818 0.4441515
f 550/308/550 551/309/551 552/309/552

usemtl material_246
vt -3.8801959 16.8075390
vt -3.5285230 16.8852596
f 553/310/553 554/311/554 555/311/555

usemtl material_247
vt -0.6033369 17.2387562
vt 0.0000000 17.2500000
vt -1.2021949 17.2073669
f 556/312/556 557/313/557 558/314/558

usemtl material_248
vt -1.7736622 17.1585732
f 558/314/558 557/313/557 559/315/559
vt -1.5051982 17.1839676
f 558/314/558 559/315/559 560/316/560

usemtl material_249
vt -0.4516196 17.2439098
f 556/312/556 561/317/561 557/313/557

usemtl material_250
vt -0.2994288 17.2460251
f 557/313/557 561/317/561 562/318/562

usemtl material_251
f 557/313/557 562/318/562 563/313/563

usemtl material_252
vt -3.2930026 16.9325657
f 554/311/554 564/319/564 555/311/555

usemtl material_253
vt -2.9952106 16.9877491
f 555/311/555 564/319/564 565/320/565

usemtl material_254
f 555/311/555 565/320/565 559/315/559

usemtl material_255
vt -2.4026039 17.0816040
f 559/315/559 565/320/565 566/321/566

usemtl material_256
vt -2.2519004 17.1021271
f 559/315/559 566/321/566 567/322/567

usemtl material_257
vt -2.1019354 17.1213245
f 567/322/567 568/323/568 559/315/559

usemtl material_258
f 559/315/559 568/323/568 569/315/569

usemtl material_259
f 559/315/559 569/315/569 560/316/560

usemtl material_260
vt -5.2459807 16.4329605
vt -5.0454559 16.4952774
vt -4.7545533 16.5814686
f 570/324/570 571/325/571 572/326/572

usemtl material_152
f 570/324/570 572/326/572 555/311/555

usemtl material_12
vt -4.1753154 16.7367535
f 555/311/555 572/326/572 573/327/573

usemtl material_261
f 555/311/555 573/327/573 553/310/553

usemtl material_262
vt -6.9078302 15.8064661
vt -6.7425609 15.8773565
vt -6.4619322 15.9935656
f 574/328/574 575/329/575 576/330/576

usemtl material_263
f 574/328/574 576/330/576 570/324/570

usemtl material_264
vt -5.9022155 16.2085323
f 570/324/570 576/330/576 577/331/577

usemtl material_265
vt -5.7589302 16.2599564
f 570/324/570 577/331/577 578/332/578

usemtl material_266
vt -5.6159453 16.3098717
f 578/332/578 579/333/579 570/324/570

usemtl material_267
f 570/324/570 579/333/579 580/324/580

usemtl material_268
f 570/324/570 580/324/580 571/325/571

usemtl material_269
vt -8.4964542 15.0124207
vt -8.3653612 15.0854721
vt -8.0984831 15.2304068
f 581/334/581 582/335/582 583/336/583

usemtl material_270
f 581/334/581 583/336/583 574/328/574

usemtl material_150
vt -7.5644155 15.5026512
f 574/328/574 583/336/583 584/337/584

usemtl material_271
vt -7.4272575 15.5688105
f 574/328/574 584/337/584 585/338/585

usemtl material_25
vt -7.2902083 15.6334133
f 585/338/585 586/339/586 574/328/574

usemtl material_272
f 574/328/574 586/339/586 587/328/587

usemtl material_273
f 574/328/574 587/328/587 575/329/575

usemtl material_274
vt -9.9950142 14.0592394
vt -9.8968124 14.1281805
vt -9.6462841 14.3003483
f 588/340/588 589/341/589 590/342/590

usemtl material_26
f 588/340/588 590/342/590 581/334/581

usemtl material_21
vt -9.1436872 14.6268740
f 581/334/581 590/342/590 591/343/591

usemtl material_275
vt -9.0141850 14.7070541
f 581/334/581 591/343/591 592/344/592

usemtl material_23
vt -8.8845558 14.7856503
f 592/344/592 593/345/593 581/334/581

usemtl material_241
f 581/334/581 593/345/593 594/334/594

usemtl material_276
f 581/334/581 594/334/594 582/335/582

usemtl material_277
vt -11.3876238 12.9570265
vt -11.3195887 13.0161190
vt -11.0883732 13.2135754
f 595/346/595 596/347/596 597/348/597

usemtl material_278
f 595/346/595 597/348/597 588/340/588

usemtl material_279
vt -10.6227560 13.5907841
f 588/340/588 597/348/597 598/349/598

usemtl material_280
vt -10.5023136 13.6841230
f 588/340/588 598/349/598 599/350/599
vt -10.3815565 13.7758455
f 599/350/599 600/351/600 588/340/588

usemtl material_281
f 588/340/588 600/351/600 601/340/601

usemtl material_282
f 588/340/588 601/340/601 589/341/589

usemtl material_283
vt -12.6595230 11.7174644
vt -12.6181068 11.7615585
vt -12.4089260 11.9820404
f 602/352/602 603/353/603 604/354/604

usemtl material_284
f 602/352/602 604/354/604 595/346/595

usemtl material_285
vt -11.9853754 12.4057732
f 595/346/595 604/354/604 605/355/605

usemtl material_286
vt -11.8753386 12.5112381
f 595/346/595 605/355/605 606/356/606

usemtl material_287
vt -11.7647715 12.6151037
f 606/356/606 607/357/607 595/346/595

usemtl material_288
f 595/346/595 607/357/607 608/346/608

usemtl material_289
f 595/346/595 608/346/608 596/347/596

usemtl material_290
vt -13.7972269 10.3536968
vt -13.7785492 10.3780279
vt -13.5935173 10.6192207
f 609/358/609 610/359/610 611/360/611

usemtl material_291
f 609/358/609 611/360/611 602/352/602

usemtl material_292
vt -13.2166290 11.0848570
f 602/352/602 611/360/611 612/361/612

usemtl material_222
vt -13.1182165 11.2012587
f 602/352/602 612/361/612 613/362/613

usemtl material_293
vt -13.0190706 11.3161354
f 613/362/613 614/363/614 602/352/602

usemtl material_294
f 602/352/602 614/363/614 615/352/615

usemtl material_295
f 602/352/602 615/352/615 603/353/603

usemtl material_50
vt -14.7886772 8.8801756
vt -14.6291981 9.1399422
f 616/364/616 617/365/617 609/358/609

usemtl material_52
f 609/358/609 617/365/617 618/358/618

usemtl material_296
f 609/358/609 618/358/618 610/359/610

usemtl material_53
vt -15.6233635 7.3125234
vt -15.5045071 7.5606604
f 619/366/619 620/367/620 616/364/616

usemtl material_217
vt -14.7878284 8.8810139
f 616/364/616 620/367/620 621/368/621

usemtl material_297
f 616/364/616 621/368/621 617/365/617

usemtl material_298
vt -16.2924404 5.6673565
vt -16.2099342 5.8985457
f 622/369/622 623/370/623 624/369/624

usemtl material_299
vt -15.6352406 7.2864847
f 624/369/624 623/370/623 625/371/625

usemtl material_300
f 624/369/624 625/371/625 619/366/619

usemtl material_57
f 619/366/619 625/371/625 626/366/626

usemtl material_301
f 619/366/619 626/366/626 620/367/620

usemtl material_302
vt -16.3113079 5.6121483
f 622/369/622 624/369/624 627/372/627

usemtl material_303
vt -16.7888107 3.9621136
f 627/372/627 624/369/624 628/373/628

usemtl material_64
vt -16.7377834 4.1718521
f 627/372/627 628/373/628 629/374/629

usemtl material_304
vt -17.1072159 2.2148716
vt -17.0821152 2.3996062
vt -16.9886703 2.9906769
f 630/375/630 631/376/631 632/377/632

usemtl material_305
f 630/375/630 632/377/632 628/373/628

usemtl material_306
vt -16.9616203 3.1408944
f 628/373/628 632/377/632 633/378/633

usemtl material_66
vt -16.9331055 3.2903008
f 628/373/628 633/378/633 634/379/634

usemtl material_307
vt -16.8088684 3.8758583
f 634/379/634 635/380/635 628/373/628

usemtl material_308
f 628/373/628 635/380/635 636/373/636

usemtl material_309
f 628/373/628 636/373/636 629/374/629

usemtl material_310
vt -17.2393951 0.6009657
f 551/309/551 637/381/637 552/309/552

usemtl material_311
vt -17.2082558 1.1983905
f 552/309/552 637/381/637 638/382/638

usemtl material_312
f 552/309/552 638/382/638 630/375/630

usemtl material_313
vt -17.1971359 1.3506880
f 630/375/630 638/382/638 639/383/639

usemtl material_314
vt -17.1843033 1.5023403
f 630/375/630 639/383/639 640/384/640

usemtl material_315
vt -17.1218090 2.0977671
f 640/384/640 641/385/641 630/375/630

usemtl material_316
f 630/375/630 641/385/641 642/375/642

usemtl material_317
f 630/375/630 642/375/642 631/376/631

usemtl material_85
vt -17.1839046 -1.5084370
vt -17.1985512 -1.3312768
f 643/386/643 644/387/644 645/387/645
vt -17.2078190 -1.2042458
f 645/387/645 644/387/644 646/388/646

usemtl material_318
vt -17.2392883 -0.6069955
f 646/388/646 647/389/647 645/387/645

usemtl material_319
vt -17.2441578 -0.4543100
f 645/387/645 647/389/647 648/390/648

usemtl material_320
f 645/387/645 648/390/648 552/309/552

usemtl material_321
vt -17.2472382 -0.3020516
f 552/309/552 648/390/648 649/391/649

usemtl material_322
f 552/309/552 649/391/649 550/308/550

usemtl material_84
vt -16.9320869 -3.2961144
vt -16.9705162 -3.0925930
f 650/392/650 651/393/651 652/393/652

usemtl material_194
vt -16.9877110 -2.9961669
f 652/393/652 651/393/651 653/394/653

usemtl material_323
vt -17.0813923 -2.4057293
f 653/394/653 654/395/654 652/393/652

usemtl material_324
vt -17.1022491 -2.2543097
f 652/393/652 654/395/654 655/396/655

usemtl material_325
f 652/393/652 655/396/655 645/387/645

usemtl material_326
vt -17.1212330 -2.1031265
f 645/387/645 655/396/655 656/397/656

usemtl material_327
f 645/387/645 656/397/656 643/386/643

usemtl material_192
vt -16.4948006 -5.0480266
vt -16.5625839 -4.8211274
f 657/398/657 658/399/658 659/399/659

usemtl material_193
vt -16.5816116 -4.7551775
f 659/399/659 658/399/658 660/400/660

usemtl material_328
vt -16.7363529 -4.1781540
f 660/400/660 661/401/661 659/399/659

usemtl material_329
vt -16.7728786 -4.0295677
f 659/399/659 661/401/661 662/402/662

usemtl material_87
f 659/399/659 662/402/662 652/393/652

usemtl material_330
vt -16.8077240 -3.8810337
f 652/393/652 662/402/662 663/403/663

usemtl material_331
f 652/393/652 663/403/663 650/392/650

usemtl material_189
vt -15.8768244 -6.7445521
vt -15.9790888 -6.4985561
f 664/404/664 665/405/665 666/405/666

usemtl material_94
vt -15.9938202 -6.4622116
f 666/405/666 665/405/665 667/406/667

usemtl material_332
vt -16.2079449 -5.9047418
f 667/406/667 668/407/668 666/405/666

usemtl material_333
vt -16.2598381 -5.7606659
f 666/405/666 668/407/668 669/408/669

usemtl material_334
f 666/405/666 669/408/669 659/399/659

usemtl material_93
vt -16.3100414 -5.6164174
f 659/399/659 669/408/669 670/409/670

usemtl material_335
f 659/399/659 670/409/670 657/398/657

usemtl material_336
vt -15.2308273 -8.0984888
vt -15.5019503 -7.5665822
vt -15.2262096 -8.1070986
f 671/410/671 672/411/672 673/412/673

usemtl material_337
vt -15.5686827 -7.4286361
f 673/412/673 672/411/672 674/413/674

usemtl material_338
f 673/412/673 674/413/674 666/405/666

usemtl material_339
vt -15.6337528 -7.2903299
f 666/405/666 674/413/674 675/414/675

usemtl material_340
f 666/405/666 675/414/675 664/404/664

usemtl material_341
vt -14.3010187 -9.6460209
vt -14.3119287 -9.6297045
f 676/415/676 677/416/677 678/416/678

usemtl material_342
vt -14.6261969 -9.1453886
f 678/416/678 677/416/677 679/417/679

usemtl material_101
vt -14.7069759 -9.0152016
f 679/417/679 680/418/680 678/416/678

usemtl material_187
vt -14.7861862 -8.8844242
f 678/416/678 680/418/680 681/419/681

usemtl material_343
f 678/416/678 681/419/681 673/412/673

usemtl material_105
vt -15.0849123 -8.3671570
f 673/412/673 681/419/681 682/420/682

usemtl material_190
f 673/412/673 682/420/682 671/410/671

usemtl material_344
vt -13.2145567 -11.0878954
vt -13.2459373 -11.0502329
f 683/421/683 684/422/684 685/422/685

usemtl material_345
vt -13.5902815 -10.6239758
f 685/422/685 684/422/684 686/423/686

usemtl material_346
vt -13.6841612 -10.5029812
f 686/423/686 687/424/687 685/422/685

usemtl material_347
vt -13.7766628 -10.3811855
f 685/422/685 687/424/687 688/425/688

usemtl material_348
f 685/422/685 688/425/688 678/416/678

usemtl material_349
vt -14.1277571 -9.8980560
f 678/416/678 688/425/688 689/426/689

usemtl material_104
f 678/416/678 689/426/689 676/415/676

usemtl material_350
vt -11.9833555 -12.4083099
vt -12.0395365 -12.3536253
f 690/427/690 691/428/691 692/428/692

usemtl material_351
vt -12.4054852 -11.9862289
f 692/428/692 691/428/691 693/429/693

usemtl material_352
vt -12.5114613 -11.8756886
f 693/429/693 694/430/694 692/428/692

usemtl material_353
vt -12.6162405 -11.7642250
f 692/428/692 694/430/694 695/431/695

usemtl material_354
f 692/428/692 695/431/695 685/422/685

usemtl material_355
vt -13.0158472 -11.3205051
f 685/422/685 695/431/695 696/432/696

usemtl material_356
f 685/422/685 696/432/696 683/421/683

usemtl material_357
vt -10.6209021 -13.5928040
vt -10.7055140 -13.5260658
f 697/433/697 698/434/698 699/434/699

usemtl material_167
vt -11.0848055 -13.2171831
f 699/434/699 698/434/698 700/435/700

usemtl material_358
vt -11.2017279 -13.1182938
f 700/435/700 701/436/701 699/434/699

usemtl material_359
vt -11.3176336 -13.0183945
f 699/434/699 701/436/701 702/437/702

usemtl material_360
f 699/434/699 702/437/702 692/428/692

usemtl material_361
vt -11.7613688 -12.6189270
f 692/428/692 702/437/702 703/438/703

usemtl material_362
f 692/428/692 703/438/703 690/427/690

usemtl material_363
vt -9.1421213 -14.6284075
vt -9.2580099 -14.5551281
f 704/439/704 705/440/705 706/440/706

usemtl material_364
vt -9.6427174 -14.3033504
f 706/440/706 705/440/705 707/441/707

usemtl material_365
vt -9.7693119 -14.2171936
f 707/441/707 708/442/708 706/440/706

usemtl material_366
vt -9.8950672 -14.1299667
f 706/440/706 708/442/708 709/443/709

usemtl material_166
f 706/440/706 709/443/709 699/434/699

usemtl material_123
vt -10.3779802 -13.7791462
f 699/434/699 709/443/709 710/444/710

usemtl material_367
f 699/434/699 710/444/710 697/433/697

usemtl material_126
vt -7.5632100 -15.5037813
vt -7.7123680 -15.4299021
f 711/445/711 712/446/712 713/446/713

usemtl material_132
vt -8.0950155 -15.2328405
f 713/446/713 712/446/712 714/447/714

usemtl material_128
vt -8.2299137 -15.1603718
f 714/447/714 715/448/715 713/446/713

usemtl material_161
vt -8.3641253 -15.0867643
f 713/446/713 715/448/715 716/449/716

usemtl material_368
f 713/446/713 716/449/716 706/440/706

usemtl material_162
vt -8.8810339 -14.7883587
f 706/440/706 716/449/716 717/450/717

usemtl material_369
f 706/440/706 717/450/717 704/439/704

usemtl material_370
vt -5.9014616 -16.2093391
vt -6.0849733 -16.1411152
f 718/451/718 719/452/719 720/452/720

usemtl material_131
vt -6.4586592 -15.9954748
f 720/452/720 719/452/719 721/453/721

usemtl material_157
vt -6.6003866 -15.9374981
f 721/453/721 722/454/722 720/452/720
vt -6.7415729 -15.8783140
f 720/452/720 722/454/722 723/455/723

usemtl material_134
f 720/452/720 723/455/723 713/446/713

usemtl material_371
vt -7.2868209 -15.6355801
f 713/446/713 723/455/723 724/456/724

usemtl material_372
f 713/446/713 724/456/724 711/445/711

usemtl material_142
vt -4.1750755 -16.7373562
vt -4.3930769 -16.6812286
f 725/457/725 726/458/726 727/458/727

usemtl material_373
vt -4.7515650 -16.5829048
f 727/458/727 726/458/726 728/459/728

usemtl material_139
vt -4.8985720 -16.5400562
f 728/459/728 729/460/729 727/458/727

usemtl material_144
vt -5.0451822 -16.4959488
f 727/458/727 729/460/729 730/461/730

usemtl material_155
f 727/458/727 730/461/730 720/452/720

usemtl material_374
vt -5.6128011 -16.3115368
f 720/452/720 730/461/730 731/462/731

usemtl material_140
f 720/452/720 731/462/731 718/451/718

usemtl material_8
vt -2.4029577 -17.0820522
vt -2.6546125 -17.0445156
f 732/463/732 733/464/733 734/464/734

usemtl material_3
vt -2.9924374 -16.9886990
f 734/464/734 733/464/733 735/465/735

usemtl material_10
vt -3.1431086 -16.9614525
f 735/465/735 736/466/736 734/464/734

usemtl material_6
vt -3.2935300 -16.9329033
f 734/464/734 736/466/736 737/467/737

usemtl material_375
f 734/464/734 737/467/737 727/458/727

usemtl material_143
vt -3.8773124 -16.8088303
f 727/458/727 737/467/737 738/468/738

usemtl material_145
f 727/458/727 738/468/738 725/457/725

usemtl material_376
f 548/306/548 547/306/547 734/464/734

usemtl material_9
vt -2.0993667 -17.1220150
f 734/464/734 547/306/547 739/469/739

usemtl material_0
f 734/464/734 739/469/739 732/463/732

usemtl material_8
vt 2.4030330 -17.0818005
f 545/305/545 740/470/740 546/305/546

usemtl material_2
vt 2.2512331 -17.1025696
f 546/305/546 740/470/740 741/471/741

usemtl material_7
f 546/305/546 741/471/741 549/307/549

usemtl material_4
f 549/307/549 741/471/741 742/307/742

usemtl material_377
f 549/307/549 742/307/742 547/306/547

usemtl material_373
vt 4.7514181 -16.5827980
vt 4.3930769 -16.6812286
f 743/472/743 744/473/744 745/473/745

usemtl material_142
vt 4.1751308 -16.7371693
f 745/473/745 744/473/744 746/474/746

usemtl material_145
vt 4.0263767 -16.7738190
f 746/474/746 747/475/747 745/473/745
vt 3.8771715 -16.8087158
f 745/473/745 747/475/747 748/476/748

usemtl material_143
f 745/473/745 748/476/748 546/305/546

usemtl material_149
vt 3.2936056 -16.9326591
f 546/305/546 748/476/748 749/477/749

usemtl material_6
f 546/305/546 749/477/749 544/304/544

usemtl material_378
vt 6.4583001 -15.9954872
vt 6.0849733 -16.1411152
f 750/478/750 751/479/751 752/479/752

usemtl material_370
vt 5.9017353 -16.2090988
f 752/479/752 751/479/751 753/480/753

usemtl material_140
vt 5.7573800 -16.2610931
f 753/480/753 754/481/754 752/479/752

usemtl material_156
vt 5.6124463 -16.3115349
f 752/479/752 754/481/754 755/482/755

usemtl material_379
f 752/479/752 755/482/755 745/473/745

usemtl material_138
vt 5.0454593 -16.4957294
f 745/473/745 755/482/755 756/483/756

usemtl material_144
f 745/473/745 756/483/756 743/472/743

usemtl material_380
vt 8.0946884 -15.2328663
vt 7.7123680 -15.4299021
f 757/484/757 758/485/758 759/485/759

usemtl material_160
vt 7.5634789 -15.5034885
f 759/485/759 758/485/758 760/486/760

usemtl material_126
vt 7.4253287 -15.5702810
f 760/486/760 761/487/761 759/485/759

usemtl material_381
vt 7.2864752 -15.6356001
f 759/485/759 761/487/761 762/488/762

usemtl material_382
f 759/485/759 762/488/762 752/479/752

usemtl material_383
vt 6.7418447 -15.8780460
f 752/479/752 762/488/762 763/489/763

usemtl material_157
f 752/479/752 763/489/763 750/478/750

usemtl material_127
vt 9.6424923 -14.3033543
vt 9.2580099 -14.5551281
f 764/490/764 765/491/765 766/491/766

usemtl material_363
vt 9.1423159 -14.6280947
f 766/491/766 765/491/765 767/492/767
vt 9.0119352 -14.7088966
f 767/492/767 768/493/768 766/491/766

usemtl material_369
vt 8.8807201 -14.7883854
f 766/491/766 768/493/768 769/494/769

usemtl material_162
f 766/491/766 769/494/769 759/485/759

usemtl material_384
vt 8.3643475 -15.0864630
f 759/485/759 769/494/769 770/495/770

usemtl material_161
f 759/485/759 770/495/770 757/484/757

usemtl material_385
vt 11.0845919 -13.2172060
vt 10.7055140 -13.5260658
f 771/496/771 772/497/772 773/497/773

usemtl material_386
vt 10.6210394 -13.5924997
f 773/497/773 772/497/772 774/498/774

usemtl material_387
vt 10.4998350 -13.6864071
f 774/498/774 775/499/775 773/497/773

usemtl material_357
vt 10.3777342 -13.7791748
f 773/497/773 775/499/775 776/500/776

usemtl material_123
f 773/497/773 776/500/776 766/491/766

usemtl material_388
vt 9.8952770 -14.1296520
f 766/491/766 776/500/776 777/501/777

usemtl material_366
f 766/491/766 777/501/777 764/490/764

usemtl material_351
vt 12.4054260 -11.9861393
vt 12.0395365 -12.3536253
f 778/502/778 779/503/779 780/503/780

usemtl material_350
vt 11.9834156 -12.4080381
f 780/503/780 779/503/779 781/504/781
vt 11.8727007 -12.5139723
f 781/504/781 782/505/782 780/503/780

usemtl material_362
vt 11.7610931 -12.6189880
f 780/503/780 782/505/782 783/506/783

usemtl material_361
f 780/503/780 783/506/783 773/497/773

usemtl material_389
vt 11.3177481 -13.0180950
f 773/497/773 783/506/783 784/507/784

usemtl material_390
f 773/497/773 784/507/784 771/496/771

usemtl material_345
vt 13.5903015 -10.6238337
vt 13.2459373 -11.0502329
f 785/508/785 786/509/786 787/509/787

usemtl material_344
vt 13.2144918 -11.0877762
f 787/509/787 786/509/786 788/510/788

usemtl material_356
vt 13.1154852 -11.2044392
f 788/510/788 789/511/789 787/509/787

usemtl material_391
vt 13.0156145 -11.3205938
f 787/509/787 789/511/789 790/512/790

usemtl material_392
f 787/509/787 790/512/790 780/503/780

usemtl material_393
vt 12.6162949 -11.7639589
f 780/503/780 790/512/790 791/513/791

usemtl material_353
f 780/503/780 791/513/791 778/502/778

usemtl material_342
vt 14.6263084 -9.1451139
vt 14.3119287 -9.6297045
f 792/514/792 793/515/793 794/515/794

usemtl material_341
vt 14.3009529 -9.6459446
f 794/515/794 793/515/793 795/516/795
vt 14.2146835 -9.7722378
f 795/516/795 796/517/796 794/515/794

usemtl material_104
vt 14.1276617 -9.8980417
f 794/515/794 796/517/796 797/518/797

usemtl material_394
f 794/515/794 797/518/797 787/509/787

usemtl material_395
vt 13.7766056 -10.3810759
f 787/509/787 797/518/797 798/519/798

usemtl material_347
f 787/509/787 798/519/798 785/508/785

usemtl material_396
vt 15.2307453 -8.0984936
vt 15.1581821 -8.2329769
vt 15.2262096 -8.1070986
f 799/520/799 800/521/800 801/522/801

usemtl material_190
vt 15.0848761 -8.3671083
f 801/522/801 800/521/800 802/523/802

usemtl material_397
f 801/522/801 802/523/802 794/515/794

usemtl material_183
vt 14.7861156 -8.8843813
f 794/515/794 802/523/802 803/524/803

usemtl material_101
f 794/515/794 803/524/803 792/514/792

usemtl material_94
vt 15.9936867 -6.4623513
vt 15.9790888 -6.4985561
f 804/525/804 805/526/805 806/526/806
vt 15.9356241 -6.6035080
f 806/526/806 805/526/805 807/527/807

usemtl material_189
vt 15.8768368 -6.7443910
f 807/527/807 808/528/808 806/526/806

usemtl material_340
vt 15.6336393 -7.2904139
f 806/526/806 808/528/808 809/529/809

usemtl material_338
f 806/526/806 809/529/809 801/522/801

usemtl material_337
vt 15.5021019 -7.5661378
f 801/522/801 809/529/809 810/530/810

usemtl material_188
f 801/522/801 810/530/810 799/520/799

usemtl material_398
vt 16.5814991 -4.7555432
vt 16.5625839 -4.8211274
f 811/531/811 812/532/812 813/532/813
vt 16.5385075 -4.9016857
f 813/532/813 812/532/812 814/533/814

usemtl material_192
vt 16.4947224 -5.0479999
f 814/533/814 815/534/815 813/532/813

usemtl material_335
vt 16.3101082 -5.6161971
f 813/532/813 815/534/815 816/535/816

usemtl material_93
f 813/532/813 816/535/816 806/526/806

usemtl material_399
vt 16.2080059 -5.9044471
f 806/526/806 816/535/816 817/536/817

usemtl material_332
f 806/526/806 817/536/817 804/525/804

usemtl material_194
vt 16.9878235 -2.9958508
vt 16.9705162 -3.0925930
f 818/537/818 819/538/819 820/538/820
vt 16.9604931 -3.1461971
f 820/538/820 819/538/819 821/539/821

usemtl material_84
vt 16.9320641 -3.2963073
f 821/539/821 822/540/822 820/538/820

usemtl material_331
vt 16.8077602 -3.8807819
f 820/538/820 822/540/822 823/541/823

usemtl material_87
f 820/538/820 823/541/823 813/532/813

usemtl material_400
vt 16.7363434 -4.1778822
f 813/532/813 823/541/823 824/542/824

usemtl material_401
f 813/532/813 824/542/824 811/531/811

usemtl material_402
vt 17.2078228 -1.2040088
vt 17.1985512 -1.3312768
f 825/543/825 826/544/826 827/544/827

usemtl material_85
vt 17.1961155 -1.3561200
f 827/544/827 826/544/826 828/545/828
vt 17.1839123 -1.5079321
f 828/545/828 829/546/829 827/544/827

usemtl material_327
vt 17.1213284 -2.1027102
f 827/544/827 829/546/829 830/547/830

usemtl material_199
f 827/544/827 830/547/830 820/538/820

usemtl material_403
vt 17.0813789 -2.4056020
f 820/538/820 830/547/830 831/548/831

usemtl material_86
f 820/538/820 831/548/831 818/537/818

usemtl material_404
vt 17.2473164 0.2966210
f 542/302/542 832/549/832 543/303/543

usemtl material_405
vt 17.2472420 -0.3018240
f 543/303/543 832/549/832 833/550/833

usemtl material_406
f 543/303/543 833/550/833 827/544/827

usemtl material_407
vt 17.2392445 -0.6064858
f 827/544/827 833/550/833 834/551/834

usemtl material_408
f 827/544/827 834/551/834 825/543/825

usemtl material_315
vt 17.1072159 2.2148716
vt 17.1218395 2.0976791
vt 17.1843090 1.5029083
f 835/552/835 836/553/836 837/554/837

usemtl material_409
f 835/552/835 837/554/837 543/303/543

usemtl material_410
vt 17.2081833 1.1986407
f 543/303/543 837/554/837 838/555/838

usemtl material_411
f 543/303/543 838/555/838 541/301/541

usemtl material_68
vt 16.7888107 3.9621136
vt 16.8087044 3.8760517
vt 16.9330463 3.2908993
f 839/556/839 840/557/840 841/558/841

usemtl material_66
f 839/556/839 841/558/841 835/552/835

usemtl material_412
vt 16.9885445 2.9909530
f 835/552/835 841/558/841 842/559/842

usemtl material_209
vt 17.0820751 2.4001887
f 835/552/835 842/559/842 843/560/843

usemtl material_413
vt 17.1021671 2.2487862
f 843/560/843 844/561/844 835/552/835
f 835/552/835 844/561/844 845/552/845

usemtl material_317
f 835/552/835 845/552/845 836/553/836

usemtl material_302
vt 16.2924404 5.6673565
vt 16.3113976 5.6119781
vt 16.4962864 5.0428619
f 846/562/846 847/563/847 848/564/848

usemtl material_67
f 846/562/846 848/564/848 839/556/839

usemtl material_414
vt 16.5826626 4.7506628
f 839/556/839 848/564/848 849/565/849

usemtl material_65
vt 16.7376060 4.1725965
f 839/556/839 849/565/849 850/566/850

usemtl material_415
vt 16.7733555 4.0241699
f 850/566/850 851/567/851 839/556/839

usemtl material_309
f 839/556/839 851/567/851 852/556/852
f 839/556/839 852/556/852 840/557/840

usemtl material_416
vt 15.6233635 7.3125234
vt 15.6353302 7.2864337
vt 15.8787766 6.7395964
f 853/568/853 854/569/854 855/570/855

usemtl material_417
f 853/568/853 855/570/855 846/562/846

usemtl material_60
vt 15.9952898 6.4580531
f 846/562/846 855/570/855 856/571/856

usemtl material_58
vt 16.2097492 5.8993125
f 846/562/846 856/571/856 857/572/857

usemtl material_418
vt 16.2607594 5.7554803
f 857/572/857 858/573/858 846/562/846
f 846/562/846 858/573/858 859/562/859

usemtl material_298
f 846/562/846 859/562/859 847/563/847

usemtl material_419
vt 14.7085924 9.0106802
vt 14.7879028 8.8810663
vt 14.7886772 8.8801756
f 860/574/860 861/575/861 862/576/862

usemtl material_420
vt 15.0872860 8.3624973
f 862/576/862 861/575/861 863/577/863

usemtl material_421
f 862/576/862 863/577/863 853/568/853

usemtl material_422
vt 15.2324991 8.0948439
f 853/568/853 863/577/863 864/578/864

usemtl material_218
vt 15.5042810 7.5614095
f 853/568/853 864/578/864 865/579/865

usemtl material_423
vt 15.5699835 7.4237442
f 865/579/865 866/580/866 853/568/853

usemtl material_424
f 853/568/853 866/580/866 867/568/867

usemtl material_301
f 853/568/853 867/568/867 854/569/854

usemtl material_425
vt 13.7972269 10.3536968
vt 14.1304731 9.8937941
vt 14.3029842 9.6425610
f 868/581/868 869/582/869 870/583/870

usemtl material_426
f 868/581/868 870/583/870 862/576/862

usemtl material_427
vt 14.6289320 9.1406698
f 862/576/862 870/583/870 871/584/871

usemtl material_428
f 862/576/862 871/584/871 860/574/860

usemtl material_429
vt 12.6595230 11.7174644
vt 13.0188141 11.3167038
vt 13.2165384 11.0850000
f 872/585/872 873/586/873 874/587/874

usemtl material_430
f 872/585/872 874/587/874 868/581/868

usemtl material_431
vt 13.5932760 10.6198015
f 868/581/868 874/587/874 875/588/875

usemtl material_220
vt 13.6860180 10.4988947
f 868/581/868 875/588/875 876/589/876

usemtl material_432
vt 13.7784014 10.3783817
f 876/589/876 877/590/877 868/581/868

usemtl material_290
f 868/581/868 877/590/877 878/581/878

usemtl material_296
f 868/581/868 878/581/878 869/582/869

usemtl material_287
vt 11.3876238 12.9570265
vt 11.7644815 12.6156330
vt 11.9852390 12.4059658
f 879/591/879 880/592/880 881/593/881

usemtl material_433
f 879/591/879 881/593/881 872/585/872

usemtl material_434
vt 12.4086580 11.9825888
f 872/585/872 881/593/881 882/594/882

usemtl material_435
vt 12.5134621 11.8720760
f 872/585/872 882/594/882 883/595/883
vt 12.6181870 11.7616062
f 883/595/883 884/596/884 872/585/872

usemtl material_436
f 872/585/872 884/596/884 885/585/885

usemtl material_437
f 872/585/872 885/585/885 873/586/873

usemtl material_438
vt 9.9950142 14.0592394
vt 10.3812151 13.7763395
vt 10.6225767 13.5909758
f 886/597/886 887/598/887 888/599/888

usemtl material_279
f 886/597/886 888/599/888 879/591/879

usemtl material_439
vt 11.0880480 13.2140961
f 879/591/879 888/599/888 889/600/889

usemtl material_440
vt 11.2037687 13.1151705
f 879/591/879 889/600/889 890/601/890

usemtl material_441
vt 11.3190756 13.0166569
f 890/601/890 891/602/891 879/591/879

usemtl material_277
f 879/591/879 891/602/891 892/591/892

usemtl material_288
f 879/591/879 892/591/892 880/592/880

usemtl material_23
vt 8.4964542 15.0124207
vt 8.8841696 14.7860975
vt 9.1434870 14.6270399
f 893/603/893 894/604/894 895/605/895

usemtl material_442
f 893/603/893 895/605/895 886/597/886

usemtl material_24
vt 9.6459179 14.3008184
f 886/597/886 895/605/895 896/606/896

usemtl material_443
vt 9.7712870 14.2145538
f 886/597/886 896/606/896 897/607/897

usemtl material_274
vt 9.8965988 14.1283760
f 897/607/897 898/608/898 886/597/886

usemtl material_282
f 886/597/886 898/608/898 899/597/899

usemtl material_444
f 886/597/886 899/597/899 887/598/887

usemtl material_25
vt 6.9078302 15.8064661
vt 7.2897458 15.6338329
vt 7.5638132 15.5028753
f 900/609/900 901/610/901 902/611/902

usemtl material_151
f 900/609/900 902/611/902 893/603/893

usemtl material_18
vt 8.0980606 15.2308416
f 893/603/893 902/611/902 903/612/903

usemtl material_16
vt 8.2317114 15.1581697
f 893/603/893 903/612/903 904/613/904

usemtl material_269
vt 8.3653030 15.0855980
f 904/613/904 905/614/905 893/603/893

usemtl material_19
f 893/603/893 905/614/905 906/603/906

usemtl material_241
f 893/603/893 906/603/906 894/604/894

usemtl material_265
vt 5.2459807 16.4329605
vt 5.6154156 16.3102512
vt 5.9015851 16.2086887
f 907/615/907 908/616/908 909/617/909

usemtl material_445
f 907/615/907 909/617/909 900/609/900

usemtl material_446
vt 6.4614420 15.9939661
f 900/609/900 909/617/909 910/618/910

usemtl material_262
vt 6.6019158 15.9356785
f 900/609/900 910/618/910 911/619/911

usemtl material_447
vt 6.7423177 15.8774910
f 911/619/911 912/620/912 900/609/900

usemtl material_273
f 900/609/900 912/620/912 913/609/913

usemtl material_448
f 900/609/900 913/609/913 901/610/901

usemtl material_261
vt 3.5285230 16.8852596
vt 3.8795283 16.8079281
vt 4.1750727 16.7368584
f 914/621/914 915/622/915 916/623/916

usemtl material_449
f 914/621/914 916/623/916 907/615/907

usemtl material_450
vt 4.7539916 16.5818195
f 907/615/907 916/623/916 917/624/917

usemtl material_451
vt 4.8997574 16.5385475
f 907/615/907 917/624/917 918/625/918

usemtl material_260
vt 5.0454383 16.4953671
f 918/625/918 919/626/919 907/615/907

usemtl material_452
f 907/615/907 919/626/919 920/615/920

usemtl material_267
f 907/615/907 920/615/920 908/616/908

usemtl material_453
vt 1.7736622 17.1585732
vt 2.1011076 17.1214104
vt 2.4024196 17.0816307
f 921/627/921 922/628/922 923/629/923

usemtl material_454
f 921/627/921 923/629/923 914/621/914

usemtl material_254
vt 2.9944270 16.9879570
f 914/621/914 923/629/923 924/630/924

usemtl material_253
vt 3.1438930 16.9601727
f 914/621/914 924/630/924 925/631/925

usemtl material_455
vt 3.2932591 16.9324570
f 925/631/925 926/632/926 914/621/914

usemtl material_456
f 914/621/914 926/632/926 927/621/927

usemtl material_457
f 914/621/914 927/621/927 915/622/915

usemtl material_251
vt 0.2992152 17.2453365
f 563/313/563 928/633/928 557/313/557

usemtl material_458
vt 0.6034421 17.2391911
f 557/313/557 928/633/928 929/634/929

usemtl material_459
f 557/313/557 929/634/929 921/627/921

usemtl material_460
vt 1.2017713 17.2072735
f 921/627/921 929/634/929 930/635/930

usemtl material_461
vt 1.3535657 17.1959248
f 921/627/921 930/635/930 931/636/931

usemtl material_462
vt 1.5052803 17.1833572
f 931/636/931 932/637/932 921/627/921

usemtl material_463
f 921/627/921 932/637/932 933/627/933

usemtl material_464
f 921/627/921 933/627/933 922/628/922

usemtl material_465
vt 0.1508101 16.9991531
vt 0.0294939 16.7987270
f 934/638/934 23/13/23 935/639/935

usemtl material_12
vt 0.0000000 16.7500000
f 25/13/25 936/640/936 23/13/23

usemtl material_466
f 23/13/23 936/640/936 937/640/937

usemtl material_439
f 23/13/23 937/640/937 935/639/935

usemtl material_278
vt 0.0962971 16.9090919
vt 0.1136501 16.9377632
vt 0.1371770 16.9766312
f 938/641/938 939/642/939 940/643/940
vt 0.0638067 16.8554153
f 938/641/938 940/643/940 941/644/941

usemtl material_439
f 941/644/941 940/643/940 935/639/935

usemtl material_278
vt 0.1406897 16.9824352
f 935/639/935 940/643/940 942/645/942

usemtl material_465
f 935/639/935 942/645/942 934/638/934

usemtl material_449
f 936/640/936 283/157/283 937/640/937

usemtl material_151
f 937/640/937 283/157/283 281/157/281

usemtl material_439
vt -0.0294939 16.7987270
f 937/640/937 281/157/281 943/646/943

usemtl material_465
vt -0.1508101 16.9991531
f 943/646/943 281/157/281 944/647/944

usemtl material_278
vt -0.1371770 16.9766312
vt -0.1136501 16.9377632
vt -0.0962971 16.9090919
f 945/648/945 946/649/946 947/650/947

usemtl material_465
vt -0.1406897 16.9824352
f 944/647/944 948/651/948 943/646/943

usemtl material_278
f 943/646/943 948/651/948 945/648/945

usemtl material_439
vt -0.0638067 16.8554153
f 943/646/943 945/648/945 949/652/949

usemtl material_278
f 949/652/949 945/648/945 947/650/947

usemtl material_0
vt -1.7511399 -16.6637402
f 14/8/14 12/8/12 950/653/950

usemtl material_149
vt -1.6377400 -16.9048767
f 950/653/950 12/8/12 951/654/951
vt -1.6411275 -16.8976746
f 951/654/951 952/655/952 950/653/950
vt -1.6594867 -16.8586349
f 950/653/950 952/655/952 953/656/953

usemtl material_153
vt -1.6747249 -16.8262310
f 950/653/950 953/656/953 954/657/954
vt -1.6993829 -16.7737980
f 954/657/954 955/658/955 950/653/950

usemtl material_147
vt -1.7296263 -16.7094860
f 950/653/950 955/658/955 956/659/956
f 950/653/950 956/659/956 957/653/957

usemtl material_278
vt -1.6272055 16.9217682
vt -1.7269081 16.7097549
f 958/660/958 288/160/288 959/661/959

usemtl material_467
vt -1.7511399 16.6582260
f 287/160/287 960/662/960 288/160/288

usemtl material_16
f 288/160/288 960/662/960 961/662/961

usemtl material_468
f 288/160/288 961/662/961 959/661/959

usemtl material_439
vt -1.6720067 16.8264999
vt -1.6577395 16.8568382
vt -1.6384100 16.8979416
f 962/663/962 963/664/963 964/665/964
vt -1.6987032 16.7697315
f 962/663/962 964/665/964 965/666/965

usemtl material_468
f 965/666/965 964/665/964 959/661/959

usemtl material_439
vt -1.6355202 16.9040852
f 959/661/959 964/665/964 966/667/966

usemtl material_278
f 959/661/959 966/667/966 958/660/958

usemtl material_17
f 960/662/960 538/299/538 961/662/961

usemtl material_16
f 961/662/961 538/299/538 540/299/540

usemtl material_468
vt -1.7855545 16.7035885
f 961/662/961 540/299/540 967/668/967

usemtl material_278
vt -1.9271551 16.8902359
f 967/668/967 540/299/540 968/669/968

usemtl material_439
vt -1.9112425 16.8692608
vt -1.8837826 16.8330650
vt -1.8635274 16.8063660
f 969/670/969 970/671/970 971/672/971
vt -1.9153430 16.8746662
f 968/669/968 972/673/972 967/668/967
f 967/668/967 972/673/972 969/670/969

usemtl material_440
vt -1.8256129 16.7563915
f 967/668/967 969/670/969 973/674/973

usemtl material_468
f 973/674/973 969/670/969 971/672/971

usemtl material_439
vt -2.5107441 16.8133945
vt -2.5992148 16.5964508
f 974/675/974 537/298/537 975/676/975

usemtl material_266
vt -2.6207085 16.5437469
f 536/298/536 976/677/976 537/298/537

usemtl material_469
f 537/298/537 976/677/976 977/677/977

usemtl material_440
f 537/298/537 977/677/977 975/676/975

usemtl material_468
vt -2.5504982 16.7159100
vt -2.5378337 16.7469654
vt -2.5206864 16.7890129
f 978/678/978 979/679/979 980/680/980

usemtl material_440
vt -2.5741811 16.6578369
f 978/678/978 980/680/980 981/681/981

usemtl material_441
f 981/681/981 980/680/980 975/676/975

usemtl material_440
vt -2.5181201 16.7953053
f 975/676/975 980/680/980 982/682/982

usemtl material_468
f 975/676/975 982/682/982 974/675/974

usemtl material_470
f 976/677/976 535/297/535 977/677/977

usemtl material_471
f 977/677/977 535/297/535 533/297/533

usemtl material_441
vt -2.6574359 16.5872269
f 977/677/977 533/297/533 983/683/983

usemtl material_468
vt -2.8086102 16.7662067
f 983/683/983 533/297/533 984/684/984

usemtl material_440
vt -2.7916212 16.7460938
vt -2.7623088 16.7113895
vt -2.7406802 16.6857834
f 985/685/985 986/686/986 987/687/987
vt -2.7960012 16.7512798
f 984/684/984 988/688/988 983/683/983
f 983/683/983 988/688/988 985/685/985

usemtl material_441
vt -2.7002132 16.6378727
f 983/683/983 985/685/985 989/689/989
f 989/689/989 985/685/985 987/687/987

usemtl material_440
vt -3.3874016 16.6589184
vt -3.4643979 16.4376411
f 990/690/990 532/296/532 991/691/991

usemtl material_472
vt -3.4830937 16.3839130
f 534/296/534 992/692/992 532/296/532

usemtl material_473
f 532/296/532 992/692/992 993/692/993

usemtl material_289
f 532/296/532 993/692/993 991/691/991

usemtl material_277
vt -3.4220002 16.5594864
vt -3.4109726 16.5911789
vt -3.3960550 16.6340504
f 994/693/994 995/694/995 996/695/996
vt -3.4426038 16.5002747
f 994/693/994 996/695/996 997/696/997

usemtl material_289
f 997/696/997 996/695/996 991/691/991

usemtl material_277
vt -3.3938186 16.6404762
f 991/691/991 996/695/996 998/697/998

usemtl material_441
f 991/691/991 998/697/998 990/690/990

usemtl material_240
f 992/692/992 528/293/528 993/692/993

usemtl material_21
f 993/692/993 528/293/528 527/293/527

usemtl material_474
vt -3.5220253 16.4253902
f 993/692/993 527/293/527 999/698/999

usemtl material_277
vt -3.6823592 16.5962105
f 999/698/999 527/293/527 1000/699/1000

usemtl material_289
vt -3.6643407 16.5770149
vt -3.6332586 16.5438995
vt -3.6103134 16.5194530
f 1001/700/1001 1002/701/1002 1003/702/1003

usemtl material_277
vt -3.6689894 16.5819683
f 1000/699/1000 1004/703/1004 999/698/999

usemtl material_289
f 999/698/999 1004/703/1004 1001/700/1001

usemtl material_475
vt -3.5674105 16.4737434
f 999/698/999 1001/700/1001 1005/704/1005

usemtl material_289
f 1005/704/1005 1001/700/1001 1003/702/1003

usemtl material_476
vt -4.2547741 16.4587669
vt -4.3200850 16.2337608
f 1006/705/1006 531/295/531 1007/706/1007

usemtl material_477
vt -4.3359323 16.1791630
f 530/295/530 1008/707/1008 531/295/531

usemtl material_478
f 531/295/531 1008/707/1008 1009/707/1009

usemtl material_287
f 531/295/531 1009/707/1009 1007/706/1007

usemtl material_479
vt -4.2841220 16.3576584
vt -4.2747626 16.3899021
vt -4.2621145 16.4334774
f 1010/708/1010 1011/709/1011 1012/710/1012

usemtl material_480
vt -4.3015904 16.2974758
f 1010/708/1010 1012/710/1012 1013/711/1013

usemtl material_287
f 1013/711/1013 1012/710/1012 1007/706/1007

usemtl material_288
vt -4.2602143 16.4400234
f 1007/706/1007 1012/710/1012 1014/712/1014

usemtl material_481
f 1007/706/1007 1014/712/1014 1006/705/1006

usemtl material_482
f 1008/707/1008 523/290/523 1009/707/1009

usemtl material_478
f 1009/707/1009 523/290/523 522/290/522

usemtl material_286
vt -4.3769526 16.2185211
f 1009/707/1009 522/290/522 1015/713/1015

usemtl material_483
vt -4.5460067 16.3807163
f 1015/713/1015 522/290/522 1016/714/1016

usemtl material_484
vt -4.5270076 16.3624878
vt -4.4942446 16.3310547
vt -4.4700422 16.3078327
f 1017/715/1017 1018/716/1018 1019/717/1019

usemtl material_287
vt -4.5319142 16.3671951
f 1016/714/1016 1020/718/1020 1015/713/1015
f 1015/713/1015 1020/718/1020 1017/715/1017

usemtl material_485
vt -4.4248276 16.2644539
f 1015/713/1015 1017/715/1017 1021/719/1021
f 1021/719/1021 1017/715/1017 1019/717/1019

usemtl material_286
vt -5.1104832 16.2134838
vt -5.1639290 15.9853659
f 1022/720/1022 526/292/526 1023/721/1023

usemtl material_11
vt -5.1768866 15.9300623
f 525/292/525 1024/722/1024 526/292/526

usemtl material_486
f 526/292/526 1024/722/1024 1025/722/1025

usemtl material_487
f 526/292/526 1025/722/1025 1023/721/1023

usemtl material_488
vt -5.1344991 16.1109772
vt -5.1268349 16.1436920
vt -5.1164904 16.1878452
f 1026/723/1026 1027/724/1027 1028/725/1028

usemtl material_489
vt -5.1487861 16.0499973
f 1026/723/1026 1028/725/1028 1029/726/1029

usemtl material_490
f 1029/726/1029 1028/725/1028 1023/721/1023

usemtl material_488
vt -5.1149325 16.1944923
f 1023/721/1023 1028/725/1028 1030/727/1030

usemtl material_491
f 1023/721/1023 1030/727/1030 1022/720/1022

usemtl material_492
f 1024/722/1024 521/289/521 1025/722/1025

usemtl material_493
f 1025/722/1025 521/289/521 519/289/519

usemtl material_494
vt -5.2198739 15.9671869
f 1025/722/1025 519/289/519 1031/728/1031

usemtl material_488
vt -5.3971858 16.1203136
f 1031/728/1031 519/289/519 1032/729/1032

usemtl material_495
vt -5.3772573 16.1031017
vt -5.3429213 16.0734501
vt -5.3175097 16.0515041
f 1033/730/1033 1034/731/1034 1035/732/1035
vt -5.3824172 16.1075592
f 1032/729/1032 1036/733/1036 1031/728/1031
f 1031/728/1031 1036/733/1036 1033/730/1033

usemtl material_494
vt -5.2701139 16.0105724
f 1031/728/1031 1033/730/1033 1037/734/1037
f 1037/734/1037 1033/730/1033 1035/732/1035

usemtl material_496
vt -6.0036507 15.6372900
vt -5.9936152 15.6931410
f 1038/735/1038 1039/736/1039 1040/735/1040
vt -5.9818687 15.7585182
f 1040/735/1040 1039/736/1039 1041/737/1041

usemtl material_497
vt -5.9708004 15.8201218
f 1041/737/1041 1042/738/1042 1040/735/1040

usemtl material_498
vt -5.9648533 15.8532190
f 1040/735/1040 1042/738/1042 1043/739/1043

usemtl material_499
vt -5.9568386 15.8978271
f 1040/735/1040 1043/739/1043 1044/740/1044
vt -5.9556279 15.9045610
f 1044/740/1044 1045/741/1045 1040/735/1040

usemtl material_500
f 1040/735/1040 1045/741/1045 518/288/518

usemtl material_501
f 1040/735/1040 518/288/518 520/288/520

usemtl material_502
f 1040/735/1040 517/287/517 515/287/515

usemtl material_29
vt -6.2181582 15.8037615
f 515/287/515 1046/742/1046 1040/735/1040
vt -6.2127581 15.7995710
f 1040/735/1040 1046/742/1046 1047/743/1047

usemtl material_503
vt -6.1769433 15.7717762
f 1040/735/1040 1047/743/1047 1048/744/1048

usemtl material_497
vt -6.1503921 15.7511702
f 1048/744/1048 1049/745/1049 1040/735/1040

usemtl material_496
vt -6.1009536 15.7128029
f 1040/735/1040 1049/745/1049 1050/746/1050
f 1040/735/1040 1050/746/1050 1038/735/1038

usemtl material_504
vt -6.8139596 15.3016481
vt -6.8068690 15.3578854
f 1051/747/1051 1052/748/1052 1053/747/1053
vt -6.7985544 15.4238358
f 1053/747/1053 1052/748/1052 1054/749/1054

usemtl material_505
vt -6.7907305 15.4858856
f 1054/749/1054 1055/750/1055 1053/747/1053

usemtl material_506
vt -6.7865200 15.5192814
f 1053/747/1053 1055/750/1055 1056/751/1056

usemtl material_33
vt -6.7808547 15.5642157
f 1053/747/1053 1056/751/1056 1057/752/1057

usemtl material_507
vt -6.7799969 15.5710192
f 1057/752/1057 1058/753/1058 1053/747/1053

usemtl material_508
f 1053/747/1053 1058/753/1058 514/286/514

usemtl material_509
f 1053/747/1053 514/286/514 516/286/516

usemtl material_510
f 510/283/510 509/283/509 1053/747/1053

usemtl material_234
vt -7.0368476 15.4566393
f 1053/747/1053 509/283/509 1059/754/1059

usemtl material_506
vt -7.0312200 15.4527264
f 1059/754/1059 1060/755/1060 1053/747/1053
vt -6.9940300 15.4268646
f 1053/747/1053 1060/755/1060 1061/756/1061

usemtl material_504
vt -6.9664063 15.4076567
f 1053/747/1053 1061/756/1061 1062/757/1062
vt -6.9150677 15.3719568
f 1062/757/1062 1063/758/1063 1053/747/1053
vt -6.8604932 15.3340063
f 1053/747/1053 1063/758/1063 1064/759/1064
f 1053/747/1053 1064/759/1064 1051/747/1051

usemtl material_511
vt -7.6055923 14.9240589
vt -7.6014600 14.9805183
f 1065/760/1065 1066/761/1066 1067/760/1067

usemtl material_512
vt -7.5966034 15.0468674
f 1067/760/1067 1066/761/1066 1068/762/1068

usemtl material_34
vt -7.5920424 15.1091890
f 1068/762/1068 1069/763/1069 1067/760/1067
vt -7.5895829 15.1427937
f 1067/760/1067 1069/763/1069 1070/764/1070

usemtl material_513
vt -7.5862794 15.1879282
f 1067/760/1067 1070/764/1070 1071/765/1071

usemtl material_514
vt -7.5857773 15.1947861
f 1071/765/1071 1072/766/1072 1067/760/1067
f 1067/760/1067 1072/766/1072 513/285/513

usemtl material_515
f 1067/760/1067 513/285/513 512/285/512

usemtl material_516
f 508/282/508 506/282/506 1067/760/1067

usemtl material_513
vt -7.8362412 15.0671453
f 1067/760/1067 506/282/506 1073/767/1073

usemtl material_34
vt -7.8303990 15.0635204
f 1073/767/1073 1074/768/1074 1067/760/1067

usemtl material_512
vt -7.7919402 15.0396624
f 1067/760/1067 1074/768/1074 1075/769/1075
vt -7.7633157 15.0219040
f 1067/760/1067 1075/769/1075 1076/770/1076
vt -7.7102256 14.9889698
f 1076/770/1076 1077/771/1077 1067/760/1067

usemtl material_511
vt -7.6536932 14.9538994
f 1067/760/1067 1077/771/1077 1078/772/1078

usemtl material_517
f 1067/760/1067 1078/772/1078 1065/760/1065

usemtl material_518
vt -8.3763781 14.5055561
vt -8.3752079 14.5620737
f 1079/773/1079 1080/773/1080 1081/774/1081

usemtl material_519
vt -8.3738298 14.6286478
f 1081/774/1081 1082/775/1082 1079/773/1079

usemtl material_520
vt -8.3718395 14.7247896
f 1079/773/1079 1082/775/1082 1083/776/1083

usemtl material_521
vt -8.3709030 14.7699957
f 1079/773/1079 1083/776/1083 1084/777/1084

usemtl material_522
vt -8.3707609 14.7768898
f 1084/777/1084 1085/778/1085 1079/773/1079

usemtl material_523
f 1079/773/1079 1085/778/1085 505/281/505

usemtl material_524
f 1079/773/1079 505/281/505 507/281/507

usemtl material_525
f 504/280/504 502/280/502 1079/773/1079

usemtl material_521
vt -8.6141481 14.6363468
f 1079/773/1079 502/280/502 1086/779/1086

usemtl material_520
vt -8.6081038 14.6330223
f 1086/779/1086 1087/780/1087 1079/773/1079
vt -8.5684881 14.6112299
f 1079/773/1079 1087/780/1087 1088/781/1088

usemtl material_519
vt -8.5389357 14.5949736
f 1079/773/1079 1088/781/1088 1089/782/1089

usemtl material_518
vt -8.4842472 14.5648918
f 1089/782/1089 1090/783/1090 1079/773/1079
vt -8.4259043 14.5327997
f 1079/773/1079 1090/783/1090 1091/784/1091

usemtl material_526
f 1079/773/1079 1091/784/1091 1080/773/1080

usemtl material_527
vt -9.1242046 14.0472870
vt -9.1259918 14.1037025
f 1092/785/1092 1093/786/1093 1094/785/1094

usemtl material_528
vt -9.1281013 14.1703215
f 1094/785/1094 1093/786/1093 1095/787/1095

usemtl material_529
vt -9.1300755 14.2326536
f 1095/787/1095 1096/788/1096 1094/785/1094

usemtl material_40
vt -9.1311445 14.2664127
f 1094/785/1094 1096/788/1096 1097/789/1097

usemtl material_530
vt -9.1325741 14.3115644
f 1094/785/1094 1097/789/1097 1098/790/1098
vt -9.1327934 14.3184795
f 1098/790/1098 1099/791/1099 1094/785/1094

usemtl material_531
f 1094/785/1094 1099/791/1099 501/279/501

usemtl material_506
f 1094/785/1094 501/279/501 503/279/503

usemtl material_504
f 497/276/497 496/276/496 1094/785/1094

usemtl material_40
vt -9.3684359 14.1654263
f 1094/785/1094 496/276/496 1100/792/1100

usemtl material_529
vt -9.3622036 14.1624126
f 1100/792/1100 1101/793/1101 1094/785/1094
vt -9.3215437 14.1427441
f 1094/785/1094 1101/793/1101 1102/794/1102

usemtl material_528
vt -9.2911396 14.1280365
f 1094/785/1094 1102/794/1102 1103/795/1103
vt -9.2350121 14.1008873
f 1103/795/1103 1104/796/1104 1094/785/1094

usemtl material_527
vt -9.1750097 14.0718632
f 1094/785/1094 1104/796/1104 1105/797/1105
f 1094/785/1094 1105/797/1105 1092/785/1092

usemtl material_532
vt -9.8470230 13.5505085
vt -9.8517523 13.6066570
f 1106/798/1106 1107/799/1107 1108/798/1108

usemtl material_533
vt -9.8573513 13.6731462
f 1108/798/1108 1107/799/1107 1109/800/1109

usemtl material_225
vt -9.8625784 13.7352180
f 1109/800/1109 1110/801/1110 1108/798/1108
vt -9.8654175 13.7689219
f 1108/798/1108 1110/801/1110 1111/802/1111

usemtl material_534
vt -9.8692045 13.8138914
f 1108/798/1108 1111/802/1111 1112/803/1112
vt -9.8697872 13.8208084
f 1112/803/1112 1113/804/1113 1108/798/1108

usemtl material_535
f 1108/798/1108 1113/804/1113 500/278/500

usemtl material_536
f 1108/798/1108 500/278/500 499/278/499

usemtl material_537
f 492/273/492 491/273/491 1108/798/1108

usemtl material_225
vt -10.0970364 13.6556759
f 1108/798/1108 491/273/491 1114/805/1114
vt -10.0906324 13.6529818
f 1114/805/1114 1115/806/1115 1108/798/1108

usemtl material_533
vt -10.0490446 13.6354885
f 1108/798/1108 1115/806/1115 1116/807/1116
vt -10.0178661 13.6223736
f 1108/798/1108 1116/807/1116 1117/808/1117
vt -9.9604616 13.5982256
f 1117/808/1117 1118/809/1118 1108/798/1108

usemtl material_532
vt -9.8989573 13.5723543
f 1108/798/1108 1118/809/1118 1119/810/1119
f 1108/798/1108 1119/810/1119 1106/798/1106

usemtl material_538
vt -10.5823479 13.3043966
vt -10.5504980 13.0723038
f 1120/811/1120 495/275/495 1121/812/1121

usemtl material_539
vt -10.5428505 13.0165806
f 494/275/494 1122/813/1122 495/275/495

usemtl material_540
f 495/275/495 1122/813/1122 1123/813/1123

usemtl material_48
f 495/275/495 1123/813/1123 1121/812/1121

usemtl material_427
vt -10.5680399 13.2001286
vt -10.5725164 13.2327528
vt -10.5787725 13.2783442
f 1124/814/1124 1125/815/1125 1126/816/1126

usemtl material_54
vt -10.5595808 13.1384907
f 1124/814/1124 1126/816/1126 1127/817/1127

usemtl material_48
f 1127/817/1127 1126/816/1126 1121/812/1121

usemtl material_54
vt -10.5796537 13.2847643
f 1121/812/1121 1126/816/1126 1128/818/1128

usemtl material_427
f 1121/812/1121 1128/818/1128 1120/811/1120

usemtl material_541
f 1122/813/1122 490/272/490 1123/813/1123

usemtl material_542
f 1123/813/1123 490/272/490 488/272/488

usemtl material_419
vt -10.5957603 13.0356436
f 1123/813/1123 488/272/488 1129/819/1129

usemtl material_48
vt -10.8161325 13.1150436
f 1129/819/1129 488/272/488 1130/820/1130

usemtl material_428
vt -10.7913942 13.1061296
vt -10.7481155 13.0905371
vt -10.7171297 13.0793734
f 1131/821/1131 1132/822/1132 1133/823/1133

usemtl material_48
vt -10.7974997 13.1083298
f 1130/820/1130 1134/824/1134 1129/819/1129

usemtl material_428
f 1129/819/1129 1134/824/1134 1131/821/1131

usemtl material_419
vt -10.6586113 13.0582886
f 1129/819/1129 1131/821/1131 1135/825/1135
f 1135/825/1135 1131/821/1131 1133/823/1133

usemtl material_420
vt -11.2642679 12.7322187
vt -11.2203150 12.5021076
f 1136/826/1136 487/271/487 1137/827/1137

usemtl material_543
vt -11.2097826 12.4469681
f 489/271/489 1138/828/1138 487/271/487

usemtl material_544
f 487/271/487 1138/828/1138 1139/828/1139

usemtl material_545
f 487/271/487 1139/828/1139 1137/827/1137

usemtl material_51
vt -11.2445211 12.6288395
vt -11.2507105 12.6612387
vt -11.2593346 12.7063856
f 1140/829/1140 1141/830/1141 1142/831/1142
vt -11.2328644 12.5678091
f 1140/829/1140 1142/831/1142 1143/832/1143

usemtl material_56
f 1143/832/1143 1142/831/1142 1137/827/1137

usemtl material_51
vt -11.2605553 12.7127790
f 1137/827/1137 1142/831/1142 1144/833/1144

usemtl material_546
f 1137/827/1137 1144/833/1144 1136/826/1136

usemtl material_547
vt -11.4185858 12.5100651
vt -11.3275404 12.4825525
vt -11.4625654 12.5233545
f 1145/834/1145 1146/835/1146 1147/836/1147
vt -11.2635107 12.4632044
f 1147/836/1147 1146/835/1146 1148/837/1148
vt -11.4688072 12.5252409
f 1147/836/1147 1148/837/1148 1149/838/1149

usemtl material_548
f 1138/828/1138 486/270/486 1139/828/1139

usemtl material_46
f 1139/828/1139 486/270/486 484/270/484

usemtl material_547
f 1139/828/1139 484/270/484 1148/837/1148

usemtl material_56
vt -11.4877405 12.5309620
f 1148/837/1148 484/270/484 1150/839/1150
f 1148/837/1148 1150/839/1150 1149/838/1149

usemtl material_549
vt -11.9153023 12.1251316
vt -11.8593636 11.8976316
f 1151/840/1151 483/269/483 1152/841/1152

usemtl material_550
vt -11.8459873 11.8432312
f 485/269/485 1153/842/1153 483/269/483

usemtl material_50
f 483/269/483 1153/842/1153 1154/842/1154

usemtl material_53
f 483/269/483 1154/842/1154 1152/841/1152

usemtl material_422
vt -11.8901701 12.0229235
vt -11.8980598 12.0550098
vt -11.9090214 12.0995893
f 1155/843/1155 1156/844/1156 1157/845/1157
vt -11.8753557 11.9626713
f 1155/843/1155 1157/845/1157 1158/846/1158

usemtl material_53
f 1158/846/1158 1157/845/1157 1152/841/1152

usemtl material_422
vt -11.9105816 12.1059380
f 1152/841/1152 1157/845/1157 1159/847/1159

usemtl material_549
f 1152/841/1152 1159/847/1159 1151/840/1151

usemtl material_431
f 1153/842/1153 479/266/479 1154/842/1154

usemtl material_538
f 1154/842/1154 479/266/479 478/266/478

usemtl material_551
vt -11.9003801 11.8566055
f 1154/842/1154 478/266/478 1160/848/1160

usemtl material_53
vt -12.1278505 11.9125366
f 1160/848/1160 478/266/478 1161/849/1161

usemtl material_551
vt -12.1023092 11.9062557
vt -12.0577536 11.8953009
vt -12.0256538 11.8874083
f 1162/850/1162 1163/851/1163 1164/852/1164
vt -12.1086712 11.9078207
f 1161/849/1161 1165/853/1165 1160/848/1160
f 1160/848/1160 1165/853/1165 1162/850/1162

usemtl material_218
vt -11.9654188 11.8725967
f 1160/848/1160 1162/850/1162 1166/854/1166

usemtl material_551
f 1166/854/1166 1162/850/1162 1164/852/1164

usemtl material_424
vt -12.5336628 11.4848003
vt -12.4658937 11.2605352
f 1167/855/1167 482/268/482 1168/856/1168

usemtl material_296
vt -12.4497232 11.2070255
f 481/268/481 1169/857/1169 482/268/482

usemtl material_546
f 482/268/482 1169/857/1169 1170/857/1170

usemtl material_416
f 482/268/482 1170/857/1170 1168/856/1168

usemtl material_301
vt -12.5032158 11.3840427
vt -12.5127907 11.4157305
vt -12.5260534 11.4596167
f 1171/858/1171 1172/859/1172 1173/860/1173

usemtl material_57
vt -12.4852934 11.3247356
f 1171/858/1171 1173/860/1173 1174/861/1174

usemtl material_416
f 1174/861/1174 1173/860/1173 1168/856/1168

usemtl material_301
vt -12.5279531 11.4659061
f 1168/856/1168 1173/860/1173 1175/862/1175
f 1168/856/1168 1175/862/1175 1167/855/1167

usemtl material_425
f 1169/857/1169 477/265/477 1170/857/1170

usemtl material_546
f 1170/857/1170 477/265/477 475/265/475

usemtl material_552
vt -12.5046225 11.2175121
f 1170/857/1170 475/265/475 1176/863/1176

usemtl material_416
vt -12.7347107 11.2614622
f 1176/863/1176 475/265/475 1177/864/1177

usemtl material_552
vt -12.7088728 11.2565260
vt -12.6638660 11.2479305
vt -12.6313362 11.2417164
f 1178/865/1178 1179/866/1179 1180/867/1180

usemtl material_416
vt -12.7153397 11.2577620
f 1177/864/1177 1181/868/1181 1176/863/1176

usemtl material_552
f 1176/863/1176 1181/868/1181 1178/865/1178

usemtl material_553
vt -12.5704985 11.2300949
f 1176/863/1176 1178/865/1178 1182/869/1182

usemtl material_552
f 1182/869/1182 1178/865/1178 1180/867/1180

usemtl material_554
vt -13.0193367 10.5400953
f 476/264/476 1183/870/1183 474/264/474

usemtl material_549
f 474/264/474 1183/870/1183 1184/870/1184

usemtl material_60
vt -13.0610075 10.6557512
vt -13.0819759 10.7139511
f 1185/871/1185 1186/872/1186 1184/870/1184

usemtl material_555
vt -13.0932178 10.7451515
f 1184/870/1184 1186/872/1186 1187/873/1187
vt -13.1087379 10.7882261
f 1184/870/1184 1187/873/1187 1188/874/1188

usemtl material_556
vt -13.1109753 10.7944374
f 1188/874/1188 1189/875/1189 1184/870/1184
vt -13.1176558 10.8129787
f 1184/870/1184 1189/875/1189 1190/876/1190

usemtl material_417
f 1184/870/1184 1190/876/1190 474/264/474

usemtl material_427
f 1183/870/1183 473/263/473 1184/870/1184

usemtl material_53
f 1184/870/1184 473/263/473 471/263/471

usemtl material_60
vt -13.0745821 10.5476761
f 1184/870/1184 471/263/471 1191/877/1191

usemtl material_555
vt -13.3066587 10.5795250
f 1191/877/1191 471/263/471 1192/878/1192

usemtl material_60
vt -13.2805939 10.5759478
vt -13.2352648 10.5697269
vt -13.2023888 10.5652161
f 1193/879/1193 1194/880/1194 1195/881/1195

usemtl material_557
vt -13.2871504 10.5768471
f 1192/878/1192 1196/882/1196 1191/877/1191

usemtl material_60
f 1191/877/1191 1196/882/1196 1193/879/1193
vt -13.1411209 10.5568075
f 1191/877/1191 1193/879/1193 1197/883/1197
f 1197/883/1197 1193/879/1193 1195/881/1195

usemtl material_558
vt -13.6656809 10.1115122
vt -13.5748377 9.8955526
f 1198/884/1198 470/262/470 1199/885/1199

usemtl material_559
vt -13.5532646 9.8442669
f 472/262/472 1200/886/1200 470/262/470

usemtl material_57
f 470/262/470 1200/886/1200 1201/886/1201

usemtl material_298
f 470/262/470 1201/886/1201 1199/885/1199

usemtl material_418
vt -13.6248655 10.0144835
vt -13.6377506 10.0451136
vt -13.6554775 10.0872574
f 1202/887/1202 1203/888/1203 1204/889/1204
vt -13.6009188 9.9575539
f 1202/887/1202 1204/889/1204 1205/890/1205

usemtl material_298
f 1205/890/1205 1204/889/1204 1199/885/1199

usemtl material_418
vt -13.6580505 10.0933733
f 1199/885/1199 1204/889/1204 1206/891/1206

usemtl material_558
f 1199/885/1199 1206/891/1206 1198/884/1198

usemtl material_51
f 1200/886/1200 466/259/466 1201/886/1201

usemtl material_416
f 1201/886/1201 466/259/466 465/259/465

usemtl material_302
vt -13.6086979 9.8489351
f 1201/886/1201 465/259/465 1207/892/1207

usemtl material_298
vt -13.8421259 9.8685942
f 1207/892/1207 465/259/465 1208/893/1208

usemtl material_302
vt -13.8159056 9.8663855
vt -13.7703819 9.8625526
vt -13.7372465 9.8597612
f 1209/894/1209 1210/895/1210 1211/896/1211

usemtl material_298
vt -13.8225365 9.8669443
f 1208/893/1208 1212/897/1212 1207/892/1207
f 1207/892/1207 1212/897/1212 1209/894/1209

usemtl material_302
vt -13.6757231 9.8545799
f 1207/892/1207 1209/894/1209 1213/898/1213
f 1213/898/1213 1209/894/1209 1211/896/1211

usemtl material_67
vt -14.1762333 9.3823242
vt -14.0742111 9.1714106
f 1214/899/1214 469/261/469 1215/900/1215

usemtl material_549
vt -14.0500431 9.1214485
f 468/261/468 1216/901/1216 469/261/469

usemtl material_555
f 469/261/469 1216/901/1216 1217/901/1217

usemtl material_560
f 469/261/469 1217/901/1217 1215/900/1215

usemtl material_67
vt -14.1303949 9.2875605
vt -14.1448946 9.3175354
vt -14.1647739 9.3586321
f 1218/902/1218 1219/903/1219 1220/904/1220

usemtl material_561
vt -14.1035461 9.2320557
f 1218/902/1218 1220/904/1220 1221/905/1221

usemtl material_560
f 1221/905/1221 1220/904/1220 1215/900/1215

usemtl material_561
vt -14.1676788 9.3646374
f 1215/900/1215 1220/904/1220 1222/906/1222

usemtl material_67
f 1215/900/1215 1222/906/1222 1214/899/1214

usemtl material_562
f 1216/901/1216 461/256/461 1217/901/1217

usemtl material_563
f 1217/901/1217 461/256/461 460/256/460

usemtl material_212
vt -14.1055059 9.1232052
f 1217/901/1217 460/256/460 1223/907/1223

usemtl material_560
vt -14.3396473 9.1306200
f 1223/907/1223 460/256/460 1224/908/1224

usemtl material_212
vt -14.3133430 9.1297874
vt -14.2677526 9.1283436
vt -14.2344446 9.1272888
f 1225/909/1225 1226/910/1226 1227/911/1227
vt -14.3200312 9.1299992
f 1224/908/1224 1228/912/1228 1223/907/1223
f 1223/907/1223 1228/912/1228 1225/909/1225

usemtl material_564
vt -14.1728392 9.1253376
f 1223/907/1223 1225/909/1225 1229/913/1229
f 1229/913/1229 1225/909/1225 1227/911/1227

usemtl material_210
vt -14.6479168 8.6274147
vt -14.5349922 8.4221249
f 1230/914/1230 464/258/464 1231/915/1231

usemtl material_565
vt -14.5083122 8.3736219
f 463/258/463 1232/916/1232 464/258/464

usemtl material_298
f 464/258/464 1232/916/1232 1233/916/1233

usemtl material_415
f 464/258/464 1233/916/1233 1231/915/1231

usemtl material_210
vt -14.5971785 8.5351753
vt -14.6132603 8.5644121
vt -14.6352301 8.6043510
f 1234/917/1234 1235/918/1235 1236/919/1236

usemtl material_415
vt -14.5675135 8.4812450
f 1234/917/1234 1236/919/1236 1237/920/1237
f 1237/920/1237 1236/919/1236 1231/915/1231

usemtl material_566
vt -14.6384621 8.6102276
f 1231/915/1231 1236/919/1236 1238/921/1238

usemtl material_210
f 1231/915/1231 1238/921/1238 1230/914/1230

usemtl material_63
vt -14.9268141 7.6028361
f 1239/922/1239 452/251/452 1240/922/1240

usemtl material_564
f 1240/922/1240 452/251/452 451/251/451

usemtl material_305
vt -14.9818668 7.5988069
f 1240/922/1240 451/251/451 1241/923/1241
vt -15.2155075 7.5817065
f 1241/923/1241 451/251/451 1242/924/1242
vt -15.1892529 7.5836282
vt -15.1439085 7.5869465
vt -15.1105251 7.5893898
f 1243/925/1243 1244/926/1244 1245/927/1245
vt -15.1960020 7.5831342
f 1242/924/1242 1246/928/1246 1241/923/1241
f 1241/923/1241 1246/928/1246 1243/925/1243

usemtl material_567
vt -15.0492725 7.5938735
f 1241/923/1241 1243/925/1243 1247/929/1247
f 1247/929/1247 1243/925/1243 1245/927/1245

usemtl material_66
vt -15.0794353 7.8488531
vt -14.9559193 7.6497502
f 1248/930/1248 456/254/456 1249/931/1249

usemtl material_557
f 458/254/458 1239/922/1239 456/254/456

usemtl material_212
f 456/254/456 1239/922/1239 1240/922/1240

usemtl material_306
f 456/254/456 1240/922/1240 1249/931/1249

usemtl material_66
vt -15.0239363 7.7593918
vt -15.0415640 7.7878070
vt -15.0655565 7.8264818
f 1250/932/1250 1251/933/1251 1252/934/1252

usemtl material_306
vt -14.9915476 7.7071824
f 1250/932/1250 1252/934/1252 1253/935/1253
f 1253/935/1253 1252/934/1252 1249/931/1249

usemtl material_66
vt -15.0691109 7.8322115
f 1249/931/1249 1252/934/1252 1254/936/1254
f 1249/931/1249 1254/936/1254 1248/930/1248

usemtl material_553
f 1232/916/1232 459/255/459 1233/916/1233

usemtl material_302
f 1233/916/1233 459/255/459 457/255/457

usemtl material_309
vt -14.5636482 8.3724766
f 1233/916/1233 457/255/457 1255/937/1255
vt -14.7978592 8.3676281
f 1255/937/1255 457/255/457 1256/938/1256
vt -14.7715445 8.3681726
vt -14.7260132 8.3691149
vt -14.6926231 8.3698063
f 1257/939/1257 1258/940/1258 1259/941/1259
vt -14.7782717 8.3680334
f 1256/938/1256 1260/942/1260 1255/937/1255
f 1255/937/1255 1260/942/1260 1257/939/1257

usemtl material_308
vt -14.6311073 8.3710794
f 1255/937/1255 1257/939/1257 1261/943/1261
f 1261/943/1261 1257/939/1257 1259/941/1259

usemtl material_209
vt -15.4696074 7.0487757
vt -15.3358374 6.8564062
f 1262/944/1262 455/253/455 1263/945/1263

usemtl material_302
vt -15.3044043 6.8112040
f 454/253/454 1264/946/1264 455/253/455

usemtl material_308
f 455/253/455 1264/946/1264 1265/946/1265

usemtl material_568
f 455/253/455 1265/946/1265 1263/945/1263

usemtl material_304
vt -15.4094992 6.9623375
vt -15.4286318 6.9898505
vt -15.4545746 7.0271583
f 1266/947/1266 1267/948/1267 1268/949/1268

usemtl material_568
vt -15.3744869 6.9119878
f 1266/947/1266 1268/949/1268 1269/950/1269
f 1269/950/1269 1268/949/1268 1263/945/1263

usemtl material_304
vt -15.4584446 7.0327244
f 1263/945/1263 1268/949/1268 1270/951/1270
f 1263/945/1263 1270/951/1270 1262/944/1262

usemtl material_569
vt -15.6400442 6.0008950
f 445/247/445 443/247/443 1271/952/1271

usemtl material_567
vt -15.9054737 5.9532032
f 1271/952/1271 443/247/443 1272/953/1272

usemtl material_412
vt -15.8987341 5.9544144
f 1272/953/1272 1273/954/1273 1271/952/1271
vt -15.8541393 5.9624271
f 1271/952/1271 1273/954/1273 1274/955/1274
vt -15.8210411 5.9683743
f 1271/952/1271 1274/955/1274 1275/956/1275
vt -15.7608185 5.9791946
f 1275/956/1275 1276/957/1276 1271/952/1271
vt -15.6940727 5.9911876
f 1271/952/1271 1276/957/1276 1277/958/1277
f 1271/952/1271 1277/958/1277 1278/952/1278

usemtl material_314
vt -15.8173628 6.2293758
vt -15.6737061 6.0442677
f 1279/959/1279 450/250/450 1280/960/1280

usemtl material_414
f 449/250/449 1271/952/1271 450/250/450

usemtl material_567
f 450/250/450 1271/952/1271 1278/952/1278

usemtl material_570
f 450/250/450 1278/952/1278 1280/960/1280

usemtl material_314
vt -15.7528114 6.1461992
vt -15.7734022 6.1727314
vt -15.8012171 6.2085714
f 1281/961/1281 1282/962/1282 1283/963/1283

usemtl material_570
vt -15.7152824 6.0978427
f 1281/961/1281 1283/963/1283 1284/964/1284
f 1284/964/1284 1283/963/1283 1280/960/1280

usemtl material_314
vt -15.8053970 6.2139578
f 1280/960/1280 1283/963/1283 1285/965/1285
f 1280/960/1280 1285/965/1285 1279/959/1279

usemtl material_213
f 1264/946/1264 447/248/447 1265/946/1265

usemtl material_211
f 1265/946/1265 447/248/447 446/248/446

usemtl material_317
vt -15.3590193 6.8043175
f 1265/946/1265 446/248/446 1286/966/1286

usemtl material_413
vt -15.5914478 6.7750125
f 1286/966/1286 446/248/446 1287/967/1287

usemtl material_317
vt -15.5653267 6.7783065
vt -15.5202942 6.7839842
vt -15.4870090 6.7881808
f 1288/968/1288 1289/969/1289 1290/970/1290

usemtl material_413
vt -15.5720806 6.7774549
f 1287/967/1287 1291/971/1291 1286/966/1286
f 1286/966/1286 1291/971/1291 1288/968/1288

usemtl material_317
vt -15.4261866 6.7958493
f 1286/966/1286 1288/968/1288 1292/972/1292
f 1292/972/1292 1288/968/1288 1290/970/1290

usemtl material_571
vt -15.9328175 5.1741304
vt -15.9365139 5.1784096
f 1293/973/1293 1294/974/1294 1295/973/1295

usemtl material_572
vt -15.9685984 5.2155623
f 1295/973/1295 1294/974/1294 1296/975/1296

usemtl material_573
vt -16.0130005 5.2669773
f 1295/973/1295 1296/975/1296 1297/976/1297

usemtl material_574
vt -16.0529289 5.3132138
f 1297/976/1297 1298/977/1298 1295/973/1295

usemtl material_575
vt -16.0749321 5.3386889
f 1295/973/1295 1298/977/1298 1299/978/1299

usemtl material_576
vt -16.1045341 5.3729677
f 1295/973/1295 1299/978/1299 1300/979/1300

usemtl material_577
vt -16.1090164 5.3781567
f 1300/979/1300 1301/980/1301 1295/973/1295
f 1295/973/1295 1301/980/1301 442/246/442

usemtl material_68
f 1295/973/1295 442/246/442 444/246/444

usemtl material_578
vt -16.1819191 4.3331761
f 434/241/434 433/241/433 1302/981/1302

usemtl material_579
vt -16.4406815 4.2580671
f 1302/981/1302 433/241/433 1303/982/1303
vt -16.4340248 4.2599993
f 1303/982/1303 1304/983/1304 1302/981/1302
vt -16.3906651 4.2725854
f 1302/981/1302 1304/983/1304 1305/984/1305
vt -16.3582172 4.2820039
f 1302/981/1302 1305/984/1305 1306/985/1306

usemtl material_580
vt -16.2996845 4.2989931
f 1306/985/1306 1307/986/1307 1302/981/1302

usemtl material_581
vt -16.2343292 4.3179641
f 1302/981/1302 1307/986/1307 1308/987/1308
f 1302/981/1302 1308/987/1308 1309/981/1309

usemtl material_204
vt -16.2197075 4.3725629
f 1309/981/1309 1310/988/1310 1302/981/1302

usemtl material_579
vt -16.2668247 4.4216709
f 1302/981/1302 1310/988/1310 1311/989/1311

usemtl material_582
vt -16.3090363 4.4656672
f 1311/989/1311 1312/990/1312 1302/981/1302
vt -16.3323917 4.4900093
f 1302/981/1302 1312/990/1312 1313/991/1313

usemtl material_583
vt -16.3636951 4.5226383
f 1302/981/1302 1313/991/1313 1314/992/1314

usemtl material_584
vt -16.3684692 4.5276141
f 1314/992/1314 1315/993/1315 1302/981/1302
f 1302/981/1302 1315/993/1315 438/244/438

usemtl material_585
f 1302/981/1302 438/244/438 440/244/440

usemtl material_586
f 441/245/441 439/245/439 1295/973/1295

usemtl material_573
vt -16.1952724 5.1126394
f 1295/973/1295 439/245/439 1316/994/1316
vt -16.1885662 5.1142111
f 1316/994/1316 1317/995/1317 1295/973/1295

usemtl material_587
vt -16.1445274 5.1245289
f 1295/973/1295 1317/995/1317 1318/996/1318
vt -16.1117096 5.1322179
f 1295/973/1295 1318/996/1318 1319/997/1319
vt -16.0522518 5.1461482
f 1319/997/1319 1320/998/1320 1295/973/1295

usemtl material_588
vt -15.9861088 5.1616449
f 1295/973/1295 1320/998/1320 1321/999/1321
f 1295/973/1295 1321/999/1321 1293/973/1293

usemtl material_589
vt -16.3866673 3.4803379
vt -16.4263477 3.5175807
f 1322/1000/1322 1323/1001/1323 1324/1000/1324
vt -16.4760571 3.5642395
f 1324/1000/1324 1323/1001/1323 1325/1002/1325
vt -16.5204239 3.6058822
f 1325/1002/1325 1326/1003/1326 1324/1000/1324

usemtl material_590
vt -16.5450840 3.6290271
f 1324/1000/1324 1326/1003/1326 1327/1004/1327
vt -16.5779934 3.6599152
f 1324/1000/1324 1327/1004/1327 1328/1005/1328

usemtl material_591
vt -16.5830517 3.6646638
f 1328/1005/1328 1329/1006/1329 1324/1000/1324
f 1324/1000/1324 1329/1006/1329 437/243/437

usemtl material_592
f 1324/1000/1324 437/243/437 436/243/436

usemtl material_593
f 430/239/430 432/239/432 1324/1000/1324

usemtl material_203
vt -16.6410294 3.3918293
f 1324/1000/1324 432/239/432 1330/1007/1330

usemtl material_589
vt -16.6344433 3.3941207
f 1330/1007/1330 1331/1008/1331 1324/1000/1324

usemtl material_203
vt -16.5918789 3.4089322
f 1324/1000/1324 1331/1008/1331 1332/1009/1332
vt -16.5598907 3.4200625
f 1324/1000/1324 1332/1009/1332 1333/1010/1333

usemtl material_589
vt -16.5024452 3.4400516
f 1333/1010/1333 1334/1011/1334 1324/1000/1324
vt -16.4380531 3.4624572
f 1324/1000/1324 1334/1011/1334 1335/1012/1335
f 1324/1000/1324 1335/1012/1335 1322/1000/1322

usemtl material_594
vt -16.5465012 2.6179523
vt -16.5879478 2.6529608
f 1336/1013/1336 1337/1014/1337 1338/1013/1338
vt -16.6401291 2.6970341
f 1338/1013/1338 1337/1014/1337 1339/1015/1339

usemtl material_595
vt -16.6865196 2.7362177
f 1339/1015/1339 1340/1016/1340 1338/1013/1338
vt -16.7124252 2.7580988
f 1338/1013/1338 1340/1016/1340 1341/1017/1341

usemtl material_596
vt -16.7468357 2.7871642
f 1338/1013/1338 1341/1017/1341 1342/1018/1342
vt -16.7521725 2.7916713
f 1342/1018/1342 1343/1019/1343 1338/1013/1338
f 1338/1013/1338 1343/1019/1343 429/238/429

usemtl material_597
f 1338/1013/1338 429/238/429 428/238/428

usemtl material_598
f 427/237/427 425/237/425 1338/1013/1338

usemtl material_595
vt -16.7957668 2.5162997
f 1338/1013/1338 425/237/425 1344/1020/1344

usemtl material_594
vt -16.7892723 2.5189483
f 1344/1020/1344 1345/1021/1345 1338/1013/1338
vt -16.7476158 2.5359364
f 1338/1013/1338 1345/1021/1345 1346/1022/1346
vt -16.7161789 2.5487566
f 1338/1013/1338 1346/1022/1346 1347/1023/1347
vt -16.6599731 2.5716777
f 1347/1023/1347 1348/1024/1348 1338/1013/1338

usemtl material_599
vt -16.5967293 2.5974693
f 1338/1013/1338 1348/1024/1348 1349/1025/1349
f 1338/1013/1338 1349/1025/1349 1336/1013/1336

usemtl material_600
vt -16.6609821 1.7483839
vt -16.7040730 1.7810744
f 1350/1026/1350 1351/1027/1351 1352/1026/1352

usemtl material_601
vt -16.7585869 1.8224319
f 1352/1026/1352 1351/1027/1351 1353/1028/1353

usemtl material_198
vt -16.8068657 1.8590585
f 1353/1028/1353 1354/1029/1354 1352/1026/1352
vt -16.8339520 1.8796080
f 1352/1026/1352 1354/1029/1354 1355/1030/1355

usemtl material_602
vt -16.8697643 1.9067785
f 1352/1026/1352 1355/1030/1355 1356/1031/1356
vt -16.8753681 1.9110280
f 1356/1031/1356 1357/1032/1357 1352/1026/1352

usemtl material_603
f 1352/1026/1352 1357/1032/1357 424/236/424

usemtl material_604
f 1352/1026/1352 424/236/424 426/236/426

usemtl material_605
f 420/233/420 419/233/419 1352/1026/1352

usemtl material_198
vt -16.9044743 1.6338778
f 1352/1026/1352 419/233/419 1358/1033/1358

usemtl material_606
vt -16.8980885 1.6368806
f 1358/1033/1358 1359/1034/1359 1352/1026/1352

usemtl material_83
vt -16.8574524 1.6559908
f 1352/1026/1352 1359/1034/1359 1360/1035/1360
vt -16.8266563 1.6704735
f 1352/1026/1352 1360/1035/1360 1361/1036/1361
vt -16.7718391 1.6962516
f 1361/1036/1361 1362/1037/1362 1352/1026/1352
vt -16.7099190 1.7253710
f 1352/1026/1352 1362/1037/1362 1363/1038/1363
f 1352/1026/1352 1363/1038/1363 1350/1026/1350

usemtl material_324
vt -16.7297955 0.8740156
vt -16.7743988 0.9043120
f 1364/1039/1364 1365/1040/1365 1366/1039/1366
vt -16.8311081 0.9428303
f 1366/1039/1366 1365/1040/1365 1367/1041/1367

usemtl material_607
vt -16.8811321 0.9768094
f 1367/1041/1367 1368/1042/1368 1366/1039/1366

usemtl material_608
vt -16.9093304 0.9959635
f 1366/1039/1366 1368/1042/1368 1369/1043/1369
vt -16.9464436 1.0211722
f 1366/1039/1366 1369/1043/1369 1370/1044/1370

usemtl material_609
vt -16.9522991 1.0251486
f 1370/1044/1370 1371/1045/1371 1366/1039/1366
f 1366/1039/1366 1371/1045/1371 423/235/423

usemtl material_610
f 1366/1039/1366 423/235/423 422/235/422

usemtl material_611
f 415/230/415 414/230/414 1366/1039/1366

usemtl material_607
vt -16.9668522 0.7469822
f 1366/1039/1366 414/230/414 1372/1046/1372

usemtl material_324
vt -16.9605942 0.7503351
f 1372/1046/1372 1373/1047/1373 1366/1039/1366
vt -16.9210854 0.7715071
f 1366/1039/1366 1373/1047/1373 1374/1048/1374
vt -16.8910179 0.7876205
f 1366/1039/1366 1374/1048/1374 1375/1049/1375
vt -16.8377361 0.8161728
f 1375/1049/1375 1376/1050/1376 1366/1039/1366
vt -16.7773151 0.8485523
f 1366/1039/1366 1376/1050/1376 1377/1051/1377
f 1366/1039/1366 1377/1051/1377 1364/1039/1364

usemtl material_330
vt -16.7527561 -0.0027560
vt -16.7987404 0.0250775
f 1378/1052/1378 1379/1053/1379 1380/1052/1380

usemtl material_612
vt -16.8574944 0.0606405
f 1380/1052/1380 1379/1053/1379 1381/1054/1381
vt -16.9091206 0.0918897
f 1381/1054/1381 1382/1055/1382 1380/1052/1380

usemtl material_331
vt -16.9383602 0.1095879
f 1380/1052/1380 1382/1055/1382 1383/1056/1383
vt -16.9766655 0.1327735
f 1380/1052/1380 1383/1056/1383 1384/1057/1384

usemtl material_613
vt -16.9827576 0.1364620
f 1384/1057/1384 1385/1058/1385 1380/1052/1380

usemtl material_90
f 1380/1052/1380 1385/1058/1385 418/232/418

usemtl material_614
f 1380/1052/1380 418/232/418 417/232/417

usemtl material_199
f 413/229/413 411/229/411 1380/1052/1380

usemtl material_615
vt -16.9827309 -0.1419564
f 1380/1052/1380 411/229/411 1386/1059/1386
vt -16.9766216 -0.1382589
f 1386/1059/1386 1387/1060/1387 1380/1052/1380

usemtl material_330
vt -16.9383430 -0.1150904
f 1380/1052/1380 1387/1060/1387 1388/1061/1388
vt -16.9090900 -0.0973831
f 1380/1052/1380 1388/1061/1388 1389/1062/1389
vt -16.8574848 -0.0661467
f 1389/1062/1389 1390/1063/1390 1380/1052/1380

usemtl material_616
vt -16.7987309 -0.0305842
f 1380/1052/1380 1390/1063/1390 1391/1064/1391
f 1380/1052/1380 1391/1064/1391 1378/1052/1378

usemtl material_401
vt -16.7297955 -0.8795274
vt -16.7770252 -0.8542181
f 1392/1065/1392 1393/1066/1393 1394/1065/1394
vt -16.8376713 -0.8217193
f 1394/1065/1394 1393/1066/1393 1395/1067/1395

usemtl material_617
vt -16.8907528 -0.7932745
f 1395/1067/1395 1396/1068/1396 1394/1065/1394
vt -16.9209557 -0.7770889
f 1394/1065/1394 1396/1068/1396 1397/1069/1397

usemtl material_400
vt -16.9603424 -0.7559816
f 1394/1065/1394 1397/1069/1397 1398/1070/1398
vt -16.9666634 -0.7525956
f 1398/1070/1398 1399/1071/1399 1394/1065/1394

usemtl material_92
f 1394/1065/1394 1399/1071/1399 410/228/410

usemtl material_197
f 1394/1065/1394 410/228/410 412/228/412

usemtl material_323
f 1394/1065/1394 409/227/409 407/227/407

usemtl material_329
vt -16.9520664 -1.0305022
f 407/227/407 1400/1072/1400 1394/1065/1394

usemtl material_401
vt -16.9461231 -1.0264666
f 1394/1065/1394 1400/1072/1400 1401/1073/1401
vt -16.9091797 -1.0013720
f 1394/1065/1394 1401/1073/1401 1402/1074/1402
vt -16.8808250 -0.9821123
f 1402/1074/1402 1403/1075/1403 1394/1065/1394
vt -16.8310299 -0.9482887
f 1394/1065/1394 1403/1075/1403 1404/1076/1404
f 1394/1065/1394 1404/1076/1404 1392/1065/1392

usemtl material_93
vt -16.6609821 -1.7538958
vt -16.7093201 -1.7311643
f 1405/1077/1405 1406/1078/1406 1407/1077/1407

usemtl material_618
vt -16.7716961 -1.7018305
f 1407/1077/1407 1406/1078/1406 1408/1079/1408

usemtl material_619
vt -16.8260803 -1.6762562
f 1408/1079/1408 1409/1080/1409 1407/1077/1407
vt -16.8571701 -1.6616360
f 1407/1077/1407 1409/1080/1409 1410/1081/1410
vt -16.8975277 -1.6426564
f 1407/1077/1407 1410/1081/1410 1411/1082/1411

usemtl material_335
vt -16.9040565 -1.6395866
f 1411/1082/1411 1412/1083/1412 1407/1077/1407
f 1407/1077/1407 1412/1083/1412 406/226/406

usemtl material_615
f 1407/1077/1407 406/226/406 408/226/408

usemtl material_87
f 402/223/402 401/223/401 1407/1077/1407

usemtl material_618
vt -16.8749447 -1.9162199
f 1407/1077/1407 401/223/401 1413/1084/1413

usemtl material_93
vt -16.8691902 -1.9118541
f 1413/1084/1413 1414/1085/1414 1407/1077/1407
vt -16.8336716 -1.8849087
f 1407/1077/1407 1414/1085/1414 1415/1086/1415
vt -16.8063011 -1.8641430
f 1407/1077/1407 1415/1086/1415 1416/1087/1416
vt -16.7584438 -1.8278354
f 1416/1087/1416 1417/1088/1417 1407/1077/1407
vt -16.7035294 -1.7861745
f 1407/1077/1407 1417/1088/1417 1418/1089/1418
f 1407/1077/1407 1418/1089/1418 1405/1077/1405

usemtl material_332
vt -16.5465012 -2.6234643
vt -16.5958080 -2.6033568
f 1419/1090/1419 1420/1091/1420 1421/1090/1421
vt -16.6597500 -2.5772805
f 1421/1090/1421 1420/1091/1420 1422/1092/1422

usemtl material_620
vt -16.7152805 -2.5546346
f 1422/1092/1422 1423/1093/1423 1421/1090/1421
vt -16.7471733 -2.5416288
f 1421/1090/1421 1423/1093/1423 1424/1094/1424
vt -16.7883892 -2.5248201
f 1421/1090/1421 1424/1094/1424 1425/1095/1425

usemtl material_333
vt -16.7951126 -2.5220792
f 1425/1095/1425 1426/1096/1426 1421/1090/1421

usemtl material_399
f 1421/1090/1421 1426/1096/1426 405/225/405

usemtl material_401
f 1421/1090/1421 405/225/405 404/225/404

usemtl material_89
f 400/222/400 398/222/398 1421/1090/1421

usemtl material_620
vt -16.7515793 -2.7966828
f 1421/1090/1421 398/222/398 1427/1097/1427

usemtl material_332
vt -16.7460289 -2.7919958
f 1427/1097/1427 1428/1098/1428 1421/1090/1421
vt -16.7120323 -2.7632790
f 1421/1090/1421 1428/1098/1428 1429/1099/1429

usemtl material_621
vt -16.6857243 -2.7410586
f 1421/1090/1421 1429/1099/1429 1430/1100/1430
vt -16.6399269 -2.7023764
f 1430/1100/1430 1431/1101/1431 1421/1090/1421
vt -16.5871735 -2.6578181
f 1421/1090/1421 1431/1101/1431 1432/1102/1432
f 1421/1090/1421 1432/1102/1432 1419/1090/1419

usemtl material_338
vt -16.3866673 -3.4858499
vt -16.4368038 -3.4684045
f 1433/1103/1433 1434/1103/1434 1435/1104/1435

usemtl material_339
vt -16.5021400 -3.4456701
f 1435/1104/1435 1436/1105/1436 1433/1103/1433

usemtl material_622
vt -16.5912724 -3.4146550
f 1433/1103/1433 1436/1105/1436 1437/1106/1437
vt -16.6332321 -3.4000547
f 1433/1103/1433 1437/1106/1437 1438/1107/1438

usemtl material_340
vt -16.6401291 -3.3976548
f 1438/1107/1438 1439/1108/1439 1433/1103/1433
f 1433/1103/1433 1439/1108/1439 397/221/397

usemtl material_93
f 1433/1103/1433 397/221/397 399/221/399

usemtl material_623
f 396/220/396 394/220/394 1433/1103/1433

usemtl material_339
vt -16.5823078 -3.6694777
f 1433/1103/1433 394/220/394 1440/1109/1440

usemtl material_338
vt -16.5769825 -3.6644797
f 1440/1109/1440 1441/1110/1441 1433/1103/1433
vt -16.5445900 -3.6340759
f 1433/1103/1433 1441/1110/1441 1442/1111/1442
vt -16.5194263 -3.6104562
f 1433/1103/1433 1442/1111/1442 1443/1112/1443
vt -16.4758053 -3.5695150
f 1443/1112/1443 1444/1113/1444 1433/1103/1433
vt -16.4253654 -3.5221720
f 1433/1103/1433 1444/1113/1444 1445/1114/1445
f 1433/1103/1433 1445/1114/1445 1434/1103/1434

usemtl material_100
vt -16.1819191 -4.3386884
vt -16.2327423 -4.3239365
f 1446/1115/1446 1447/1116/1447 1448/1115/1448

usemtl material_336
vt -16.2992954 -4.3046179
f 1448/1115/1448 1447/1116/1447 1449/1117/1449

usemtl material_188
vt -16.3566532 -4.2879696
f 1449/1117/1449 1450/1118/1450 1448/1115/1448
vt -16.3898926 -4.2783213
f 1448/1115/1448 1450/1118/1450 1451/1119/1451

usemtl material_624
vt -16.4324799 -4.2659602
f 1448/1115/1448 1451/1119/1451 1452/1120/1452
vt -16.4395332 -4.2639127
f 1452/1120/1452 1453/1121/1453 1448/1115/1448

usemtl material_337
f 1448/1115/1448 1453/1121/1453 393/219/393

usemtl material_332
f 1448/1115/1448 393/219/393 395/219/395

usemtl material_94
f 389/216/389 388/216/388 1448/1115/1448

usemtl material_188
vt -16.3675976 -4.5322161
f 1448/1115/1448 388/216/388 1454/1122/1454

usemtl material_336
vt -16.3625126 -4.5269160
f 1454/1122/1454 1455/1123/1455 1448/1115/1448

usemtl material_100
vt -16.3318100 -4.4949169
f 1448/1115/1448 1455/1123/1455 1456/1124/1456
vt -16.3078613 -4.4699540
f 1448/1115/1448 1456/1124/1456 1457/1125/1457
vt -16.2665291 -4.4268742
f 1457/1125/1457 1458/1126/1458 1448/1115/1448
vt -16.2185497 -4.3768682
f 1448/1115/1448 1458/1126/1458 1459/1127/1459
f 1448/1115/1448 1459/1127/1459 1446/1115/1446

usemtl material_186
vt -15.9328175 -5.1796422
vt -15.9841852 -5.1676073
f 1460/1128/1460 1461/1129/1461 1462/1128/1462

usemtl material_343
vt -16.0517769 -5.1517711
f 1462/1128/1462 1461/1129/1461 1463/1130/1463
vt -16.1098099 -5.1381750
f 1463/1130/1463 1464/1131/1464 1462/1128/1462
vt -16.1435909 -5.1302605
f 1462/1128/1462 1464/1131/1464 1465/1132/1465

usemtl material_397
vt -16.1866817 -5.1201644
f 1462/1128/1462 1465/1132/1465 1466/1133/1466
vt -16.1938763 -5.1184793
f 1466/1133/1466 1467/1134/1467 1462/1128/1462
f 1462/1128/1462 1467/1134/1467 392/218/392

usemtl material_339
f 1462/1128/1462 392/218/392 391/218/391

usemtl material_625
f 384/213/384 383/213/383 1462/1128/1462

usemtl material_343
vt -16.1080360 -5.3825345
f 1462/1128/1462 383/213/383 1468/1135/1468
vt -16.1032066 -5.3769422
f 1468/1135/1468 1469/1136/1469 1462/1128/1462

usemtl material_186
vt -16.0742798 -5.3434463
f 1462/1128/1462 1469/1136/1469 1470/1137/1470
vt -16.0516109 -5.3171973
f 1462/1128/1462 1470/1137/1470 1471/1138/1471
vt -16.0126686 -5.2721047
f 1471/1138/1471 1472/1139/1472 1462/1128/1462
vt -15.9672947 -5.2195649
f 1462/1128/1462 1472/1139/1472 1473/1140/1473
f 1462/1128/1462 1473/1140/1473 1460/1128/1460

usemtl material_626
vt -15.6400442 -6.0064068
vt -15.6918163 -5.9971046
f 1474/1141/1474 1475/1142/1475 1476/1141/1476
vt -15.7602615 -5.9848070
f 1476/1141/1476 1475/1142/1475 1477/1143/1477

usemtl material_342
vt -15.8188086 -5.9742870
f 1477/1143/1477 1478/1144/1478 1476/1141/1476
vt -15.8530359 -5.9681373
f 1476/1141/1476 1478/1144/1478 1479/1145/1479

usemtl material_627
vt -15.8965178 -5.9603243
f 1476/1141/1476 1479/1145/1479 1480/1146/1480
vt -15.9038305 -5.9590106
f 1480/1146/1480 1481/1147/1481 1476/1141/1476
f 1476/1141/1476 1481/1147/1481 387/215/387

usemtl material_188
f 1476/1141/1476 387/215/387 386/215/386

usemtl material_396
f 382/212/382 380/212/380 1476/1141/1476

usemtl material_626
vt -15.8043356 -6.2181015
f 1476/1141/1476 380/212/380 1482/1148/1482
vt -15.7997780 -6.2122288
f 1482/1148/1482 1483/1149/1483 1476/1141/1476
vt -15.7726946 -6.1773324
f 1476/1141/1476 1483/1149/1483 1484/1150/1484
vt -15.7513790 -6.1498656
f 1476/1141/1476 1484/1150/1484 1485/1151/1485
vt -15.7149229 -6.1028900
f 1485/1151/1485 1486/1152/1486 1476/1141/1476
vt -15.6722889 -6.0479541
f 1476/1141/1476 1486/1152/1486 1487/1153/1487
f 1476/1141/1476 1487/1153/1487 1474/1141/1474

usemtl material_628
vt -15.3044043 -6.8167152
vt -15.3564377 -6.8101554
f 1488/1154/1488 1489/1155/1489 1490/1154/1490

usemtl material_629
vt -15.4255466 -6.8014417
f 1490/1154/1490 1489/1155/1489 1491/1156/1491
vt -15.4844484 -6.7940154
f 1491/1156/1491 1492/1157/1492 1490/1154/1490

usemtl material_348
vt -15.5190315 -6.7896547
f 1490/1154/1490 1492/1157/1492 1493/1158/1493
vt -15.5627832 -6.7841387
f 1490/1154/1490 1493/1158/1493 1494/1159/1494

usemtl material_630
vt -15.5701952 -6.7832041
f 1494/1159/1494 1495/1160/1495 1490/1154/1490
f 1490/1154/1490 1495/1160/1495 379/211/379

usemtl material_343
f 1490/1154/1490 379/211/379 381/211/381

usemtl material_628
vt -15.3343410 -6.8597665
f 1496/1161/1496 1488/1154/1488 1490/1154/1490

usemtl material_103
f 378/210/378 376/210/376 1490/1154/1490

usemtl material_629
vt -15.4573259 -7.0366263
f 1490/1154/1490 376/210/376 1497/1162/1497
vt -15.4530573 -7.0304885
f 1490/1154/1490 1497/1162/1497 1498/1163/1498
vt -15.4278860 -6.9942904
f 1498/1163/1498 1499/1164/1499 1490/1154/1490

usemtl material_628
vt -15.3741083 -6.9169540
f 1490/1154/1490 1499/1164/1499 1500/1165/1500
f 1490/1154/1490 1500/1165/1500 1496/1161/1496

usemtl material_631
vt -14.9268141 -7.6083479
vt -14.9789686 -7.6045308
f 1501/1166/1501 1502/1167/1502 1503/1166/1503
vt -15.0485525 -7.5994382
f 1503/1166/1503 1502/1167/1502 1504/1168/1504
vt -15.1076488 -7.5951123
f 1504/1168/1504 1505/1169/1505 1503/1166/1503
vt -15.1424894 -7.5925627
f 1503/1166/1503 1505/1169/1505 1506/1170/1506

usemtl material_632
vt -15.1863928 -7.5893497
f 1503/1166/1503 1506/1170/1506 1507/1171/1507
vt -15.1938829 -7.5888009
f 1507/1171/1507 1508/1172/1508 1503/1166/1503

usemtl material_633
f 1503/1166/1503 1508/1172/1508 375/209/375

usemtl material_634
f 1503/1166/1503 375/209/375 377/209/377

usemtl material_635
f 371/206/371 370/206/370 1503/1166/1503

usemtl material_632
vt -15.0679588 -7.8358669
f 1503/1166/1503 370/206/370 1509/1173/1509

usemtl material_631
vt -15.0639963 -7.8294787
f 1509/1173/1509 1510/1174/1510 1503/1166/1503
vt -15.0407963 -7.7920818
f 1503/1166/1503 1510/1174/1510 1511/1175/1511
vt -15.0223818 -7.7623982
f 1503/1166/1503 1511/1175/1511 1512/1176/1512
vt -14.9911566 -7.7120647
f 1512/1176/1512 1513/1177/1513 1503/1166/1503
vt -14.9543772 -7.6527772
f 1503/1166/1503 1513/1177/1513 1514/1178/1514
f 1503/1166/1503 1514/1178/1514 1501/1166/1501

usemtl material_636
vt -14.5083122 -8.3791342
vt -14.5604458 -8.3780546
f 1515/1179/1515 1516/1180/1516 1517/1179/1517
vt -14.6303120 -8.3766088
f 1517/1179/1517 1516/1180/1516 1518/1181/1518
vt -14.6894426 -8.3753843
f 1518/1181/1518 1519/1182/1519 1517/1179/1517
vt -14.7244434 -8.3746595
f 1517/1179/1517 1519/1182/1519 1520/1183/1520

usemtl material_637
vt -14.7683811 -8.3737497
f 1517/1179/1517 1520/1183/1520 1521/1184/1521
vt -14.7759285 -8.3735943
f 1521/1184/1521 1522/1185/1522 1517/1179/1517
f 1517/1179/1517 1522/1185/1522 374/208/374

usemtl material_638
f 1517/1179/1517 374/208/374 373/208/373

usemtl material_639
f 369/205/369 367/205/367 1517/1179/1517

usemtl material_637
vt -14.6373043 -8.6136341
f 1517/1179/1517 367/205/367 1523/1186/1523

usemtl material_636
vt -14.6336622 -8.6070127
f 1523/1186/1523 1524/1187/1524 1517/1179/1517
vt -14.6124887 -8.5685205
f 1517/1179/1517 1524/1187/1524 1525/1188/1525
vt -14.5956144 -8.5378456
f 1517/1179/1517 1525/1188/1525 1526/1189/1526
vt -14.5671196 -8.4860439
f 1526/1189/1526 1527/1190/1527 1517/1179/1517
vt -14.5334406 -8.4248161
f 1517/1179/1517 1527/1190/1527 1528/1191/1528
f 1517/1179/1517 1528/1191/1528 1515/1179/1515

usemtl material_640
vt -14.0500431 -9.1269608
vt -14.1719723 -9.1308222
f 1529/1192/1529 1530/1192/1530 1531/1193/1531
vt -14.2309780 -9.1326904
f 1531/1193/1531 1532/1194/1532 1529/1192/1529
vt -14.2660418 -9.1338015
f 1529/1192/1529 1532/1194/1532 1533/1195/1533
vt -14.3098927 -9.1351900
f 1529/1192/1529 1533/1195/1533 1534/1196/1534
vt -14.3174753 -9.1354303
f 1534/1196/1534 1535/1197/1535 1529/1192/1529

usemtl material_641
f 1529/1192/1529 1535/1197/1535 366/204/366

usemtl material_642
f 1529/1192/1529 366/204/366 368/204/368

usemtl material_643
f 365/203/365 363/203/363 1529/1192/1529

usemtl material_640
vt -14.1665401 -9.3677969
f 1529/1192/1529 363/203/363 1536/1198/1536
vt -14.1632338 -9.3609600
f 1536/1198/1536 1537/1199/1537 1529/1192/1529
vt -14.1441355 -9.3214788
f 1529/1192/1529 1537/1199/1537 1538/1200/1538
vt -14.1288586 -9.2898951
f 1529/1192/1529 1538/1200/1538 1539/1201/1539
vt -14.1031599 -9.2367697
f 1539/1201/1539 1540/1202/1540 1529/1192/1529
vt -14.0726833 -9.1737661
f 1529/1192/1529 1540/1202/1540 1541/1203/1541
f 1529/1192/1529 1541/1203/1541 1530/1192/1530

usemtl material_644
vt -13.5532646 -9.8497791
vt -13.6049442 -9.8541317
f 1542/1204/1542 1543/1205/1543 1544/1204/1544
vt -13.6747894 -9.8600140
f 1544/1204/1544 1543/1205/1543 1545/1206/1545
vt -13.7335119 -9.8649588
f 1545/1206/1545 1546/1207/1546 1544/1204/1544

usemtl material_645
vt -13.7685394 -9.8679085
f 1544/1204/1544 1546/1207/1546 1547/1208/1547

usemtl material_173
vt -13.8121881 -9.8715849
f 1544/1204/1544 1547/1208/1547 1548/1209/1548
vt -13.8197842 -9.8722239
f 1548/1209/1548 1549/1210/1549 1544/1204/1544

usemtl material_646
f 1544/1204/1544 1549/1210/1549 362/202/362

usemtl material_647
f 1544/1204/1544 362/202/362 364/202/364

usemtl material_636
f 358/199/358 357/199/357 1544/1204/1544

usemtl material_173
vt -13.6569576 -10.0962887
f 1544/1204/1544 357/199/357 1550/1211/1550
vt -13.6539993 -10.0892544
f 1550/1211/1550 1551/1212/1551 1544/1204/1544

usemtl material_645
vt -13.6370220 -10.0488939
f 1544/1204/1544 1551/1212/1551 1552/1213/1552
vt -13.6233902 -10.0164881
f 1544/1204/1544 1552/1213/1552 1553/1214/1553
vt -13.6005478 -9.9621849
f 1553/1214/1553 1554/1215/1554 1544/1204/1544
vt -13.5733709 -9.8975773
f 1544/1204/1544 1554/1215/1554 1555/1216/1555

usemtl material_644
f 1544/1204/1544 1555/1216/1555 1542/1204/1542

usemtl material_648
vt -13.0193367 -10.5456066
vt -13.0705862 -10.5526400
f 1556/1217/1556 1557/1218/1557 1558/1217/1558
vt -13.1401262 -10.5621834
f 1558/1217/1558 1557/1218/1557 1559/1219/1559
vt -13.1984100 -10.5701818
f 1559/1219/1559 1560/1220/1560 1558/1217/1558
vt -13.2333021 -10.5749693
f 1558/1217/1558 1560/1220/1560 1561/1221/1561
vt -13.2766323 -10.5809164
f 1558/1217/1558 1561/1221/1561 1562/1222/1562
vt -13.2842178 -10.5819569
f 1562/1222/1562 1563/1223/1563 1558/1217/1558

usemtl material_649
f 1558/1217/1558 1563/1223/1563 361/201/361

usemtl material_650
f 1558/1217/1558 361/201/361 360/201/360

usemtl material_651
f 353/196/353 352/196/352 1558/1217/1558

usemtl material_648
vt -13.1099539 -10.7971144
f 1558/1217/1558 352/196/352 1564/1224/1564
vt -13.1073561 -10.7899008
f 1564/1224/1564 1565/1225/1565 1558/1217/1558
vt -13.0925379 -10.7487726
f 1558/1217/1558 1565/1225/1565 1566/1226/1566
vt -13.0805960 -10.7156315
f 1558/1217/1558 1566/1226/1566 1567/1227/1567
vt -13.0606613 -10.6603022
f 1567/1227/1567 1568/1228/1568 1558/1217/1558
vt -13.0368681 -10.5942678
f 1558/1217/1558 1568/1228/1568 1569/1229/1569
f 1558/1217/1558 1569/1229/1569 1556/1217/1556

usemtl material_652
vt -12.4497232 -11.2125378
vt -12.5004091 -11.2222195
f 1570/1230/1570 1571/1231/1571 1572/1230/1572
vt -12.5694475 -11.2354069
f 1572/1230/1572 1571/1231/1571 1573/1232/1573
vt -12.6271400 -11.2464256
f 1573/1232/1573 1574/1233/1574 1572/1230/1572
vt -12.6617956 -11.2530460
f 1572/1230/1572 1574/1233/1574 1575/1234/1575
vt -12.7046919 -11.2612400
f 1572/1230/1572 1575/1234/1575 1576/1235/1576
vt -12.7122450 -11.2626820
f 1576/1235/1576 1577/1236/1577 1572/1230/1572
f 1572/1230/1572 1577/1236/1577 356/198/356

usemtl material_653
f 1572/1230/1572 356/198/356 355/198/355

usemtl material_654
f 351/195/351 349/195/349 1572/1230/1572

usemtl material_652
vt -12.5270271 -11.4683533
f 1572/1230/1572 349/195/349 1578/1237/1578
vt -12.5247993 -11.4609823
f 1578/1237/1578 1579/1238/1579 1572/1230/1572
vt -12.5121737 -11.4191980
f 1572/1230/1572 1579/1238/1579 1580/1239/1580
vt -12.5019646 -11.3854151
f 1572/1230/1572 1580/1239/1580 1581/1240/1581
vt -12.4849796 -11.3292074
f 1581/1240/1581 1582/1241/1582 1572/1230/1572
vt -12.4646482 -11.2619267
f 1572/1230/1572 1582/1241/1582 1583/1242/1583
f 1572/1230/1572 1583/1242/1583 1570/1230/1570

usemtl material_655
vt -11.8459873 -11.8487434
vt -11.8959780 -11.8610353
f 1584/1243/1584 1585/1244/1585 1586/1243/1586
vt -11.9643211 -11.8778391
f 1586/1243/1586 1585/1244/1585 1587/1245/1587
vt -12.0212679 -11.8918419
f 1587/1245/1587 1588/1246/1588 1586/1243/1586
vt -12.0555887 -11.9002810
f 1586/1243/1586 1588/1246/1588 1589/1247/1589
vt -12.0979376 -11.9106941
f 1586/1243/1586 1589/1247/1589 1590/1248/1590
vt -12.1054354 -11.9125366
f 1590/1248/1590 1591/1249/1591 1586/1243/1586
f 1586/1243/1586 1591/1249/1591 348/194/348

usemtl material_359
f 1586/1243/1586 348/194/348 350/194/350

usemtl material_358
f 344/191/344 343/191/343 1586/1243/1586

usemtl material_655
vt -11.9097757 -12.1081676
f 1586/1243/1586 343/191/343 1592/1250/1592
vt -11.9079285 -12.1006594
f 1592/1250/1592 1593/1251/1593 1586/1243/1586
vt -11.8975210 -12.0583315
f 1586/1243/1586 1593/1251/1593 1594/1252/1594

usemtl material_656
vt -11.8890800 -12.0239992
f 1586/1243/1586 1594/1252/1594 1595/1253/1595
vt -11.8750820 -11.9670696
f 1595/1253/1595 1596/1254/1596 1586/1243/1586

usemtl material_655
vt -11.8582783 -11.8987274
f 1586/1243/1586 1596/1254/1596 1597/1255/1597
f 1586/1243/1586 1597/1255/1597 1584/1243/1584

usemtl material_127
vt -11.2097826 -12.4524794
vt -11.2589493 -12.4673376
f 1598/1256/1598 1599/1257/1599 1600/1256/1600
vt -11.3264027 -12.4877205
f 1600/1256/1600 1599/1257/1599 1601/1258/1601
vt -11.3824549 -12.5046587
f 1601/1258/1601 1602/1259/1602 1600/1256/1600
vt -11.4163418 -12.5148983
f 1600/1256/1600 1602/1259/1602 1603/1260/1603
vt -11.4580336 -12.5274973
f 1600/1256/1600 1603/1260/1603 1604/1261/1604
vt -11.4654512 -12.5297394
f 1604/1261/1604 1605/1262/1605 1600/1256/1600
f 1600/1256/1600 1605/1262/1605 347/193/347

usemtl material_657
f 1600/1256/1600 347/193/347 346/193/346

usemtl material_658
f 339/188/339 338/188/338 1600/1256/1600

usemtl material_127
vt -11.2598896 -12.7148037
f 1600/1256/1600 338/188/338 1606/1263/1606
vt -11.2584324 -12.7071791
f 1606/1263/1606 1607/1264/1607 1600/1256/1600
vt -11.2502661 -12.6644230
f 1600/1256/1600 1607/1264/1607 1608/1265/1608
vt -11.2436209 -12.6296377
f 1600/1256/1600 1608/1265/1608 1609/1266/1609

usemtl material_659
vt -11.2326374 -12.5721378
f 1609/1266/1609 1610/1267/1610 1600/1256/1600
vt -11.2194176 -12.5029259
f 1600/1256/1600 1610/1267/1610 1611/1268/1611

usemtl material_127
f 1600/1256/1600 1611/1268/1611 1598/1256/1598

usemtl material_162
vt -10.5428505 -13.0220919
vt -10.5910711 -13.0394659
f 1612/1269/1612 1613/1270/1613 1614/1269/1614
vt -10.6574411 -13.0633793
f 1614/1269/1614 1613/1270/1613 1615/1271/1615
vt -10.7124529 -13.0831995
f 1615/1271/1615 1616/1272/1616 1614/1269/1614
vt -10.7458076 -13.0952177
f 1614/1269/1614 1616/1272/1616 1617/1273/1617
vt -10.7867327 -13.1099625
f 1614/1269/1614 1617/1273/1617 1618/1274/1618
vt -10.7940493 -13.1125994
f 1618/1274/1618 1619/1275/1619 1614/1269/1614
f 1614/1269/1614 1619/1275/1619 342/190/342

usemtl material_168
f 1614/1269/1614 342/190/342 341/190/341

usemtl material_660
f 337/187/337 335/187/335 1614/1269/1614

usemtl material_661
vt -10.5791502 -13.2866011
f 1614/1269/1614 335/187/335 1620/1276/1620

usemtl material_162
vt -10.5780907 -13.2788830
f 1620/1276/1620 1621/1277/1621 1614/1269/1614

usemtl material_661
vt -10.5721798 -13.2358122
f 1614/1269/1614 1621/1277/1621 1622/1278/1622
vt -10.5673580 -13.2006712
f 1614/1269/1614 1622/1278/1622 1623/1279/1623

usemtl material_162
vt -10.5594101 -13.1427565
f 1623/1279/1623 1624/1280/1624 1614/1269/1614
vt -10.5498180 -13.0728655
f 1614/1269/1614 1624/1280/1624 1625/1281/1625
f 1614/1269/1614 1625/1281/1625 1612/1269/1612

usemtl material_384
vt -9.8470230 -13.5560207
vt -9.8502522 -13.5573788
f 1626/1282/1626 1627/1283/1627 1628/1282/1628
vt -9.8941736 -13.5758533
f 1628/1282/1628 1627/1283/1627 1629/1284/1629
vt -9.9592714 -13.6032372
f 1628/1282/1628 1629/1284/1629 1630/1285/1630
vt -10.0130997 -13.6258802
f 1630/1285/1630 1631/1286/1631 1628/1282/1628
vt -10.0458260 -13.6396465
f 1628/1282/1628 1631/1286/1631 1632/1287/1632
vt -10.0858765 -13.6564932
f 1628/1282/1628 1632/1287/1632 1633/1288/1633
vt -10.0930691 -13.6595192
f 1633/1288/1633 1634/1289/1634 1628/1282/1628
f 1628/1282/1628 1634/1289/1634 334/186/334

usemtl material_369
f 1628/1282/1628 334/186/334 336/186/336

usemtl material_165
f 333/185/333 331/185/331 1628/1282/1628

usemtl material_384
vt -9.8694229 -13.8219910
f 1628/1282/1628 331/185/331 1635/1290/1635
vt -9.8687658 -13.8142014
f 1635/1290/1635 1636/1291/1636 1628/1282/1628
vt -9.8651218 -13.7709322
f 1628/1282/1628 1636/1291/1636 1637/1292/1637
vt -9.8621416 -13.7355356
f 1628/1282/1628 1637/1292/1637 1638/1293/1638
vt -9.8572416 -13.6773596
f 1638/1293/1638 1639/1294/1639 1628/1282/1628
vt -9.8513155 -13.6069860
f 1628/1282/1628 1639/1294/1639 1640/1295/1640
f 1628/1282/1628 1640/1295/1640 1626/1282/1626

usemtl material_662
vt -9.1242046 -14.0527992
vt -9.1701670 -14.0750322
f 1641/1296/1641 1642/1297/1642 1643/1296/1643
vt -9.2338066 -14.1058159
f 1643/1296/1643 1642/1297/1642 1644/1298/1644

usemtl material_663
vt -9.2863111 -14.1312132
f 1644/1298/1644 1645/1299/1645 1643/1296/1643
vt -9.3183136 -14.1466932
f 1643/1296/1643 1645/1299/1645 1646/1300/1646
vt -9.3573866 -14.1655931
f 1643/1296/1643 1646/1300/1646 1647/1301/1647
vt -9.3644304 -14.1690006
f 1647/1301/1647 1648/1302/1648 1643/1296/1643
f 1643/1296/1643 1648/1302/1648 330/184/330

usemtl material_664
f 1643/1296/1643 330/184/330 332/184/332

usemtl material_665
f 326/181/326 325/181/325 1643/1296/1643

usemtl material_663
vt -9.1326513 -14.3195086
f 1643/1296/1643 325/181/325 1649/1303/1649
vt -9.1324034 -14.3116713
f 1649/1303/1649 1650/1304/1650 1643/1296/1643
vt -9.1310301 -14.2683172
f 1643/1296/1643 1650/1304/1650 1651/1305/1651
vt -9.1299038 -14.2327652
f 1643/1296/1643 1651/1305/1651 1652/1306/1652
vt -9.1280584 -14.1744823
f 1652/1306/1652 1653/1307/1653 1643/1296/1643

usemtl material_662
vt -9.1258211 -14.1038256
f 1643/1296/1643 1653/1307/1653 1654/1308/1654
f 1643/1296/1643 1654/1308/1654 1641/1296/1641

usemtl material_371
vt -8.3763781 -14.5110683
vt -8.4210367 -14.5356340
f 1655/1309/1655 1656/1310/1656 1657/1309/1657
vt -8.4830351 -14.5697374
f 1657/1309/1657 1656/1310/1656 1658/1311/1658

usemtl material_129
vt -8.5340805 -14.5978165
f 1658/1311/1658 1659/1312/1659 1657/1309/1657
vt -8.5652647 -14.6149693
f 1657/1309/1657 1659/1312/1659 1660/1313/1660
vt -8.6032581 -14.6358690
f 1657/1309/1657 1660/1313/1660 1661/1314/1661
vt -8.6101341 -14.6396513
f 1661/1314/1661 1662/1315/1662 1657/1309/1657
f 1657/1309/1657 1662/1315/1662 329/183/329

usemtl material_132
f 1657/1309/1657 329/183/329 328/183/328

usemtl material_160
f 322/179/322 324/179/324 1657/1309/1657

usemtl material_129
vt -8.3708563 -14.7777891
f 1657/1309/1657 324/179/324 1663/1316/1663
vt -8.3710184 -14.7699280
f 1663/1316/1663 1664/1317/1664 1657/1309/1657
vt -8.3719158 -14.7266054
f 1657/1309/1657 1664/1317/1664 1665/1318/1665
vt -8.3726530 -14.6909990
f 1657/1309/1657 1665/1318/1665 1666/1319/1666
vt -8.3738585 -14.6327648
f 1666/1319/1666 1667/1320/1667 1657/1309/1657

usemtl material_371
vt -8.3753233 -14.5620213
f 1657/1309/1657 1667/1320/1667 1668/1321/1668
f 1657/1309/1657 1668/1321/1668 1655/1309/1655

usemtl material_666
vt -7.6055923 -14.9295712
vt -7.6488357 -14.9563971
f 1669/1322/1669 1670/1323/1670 1671/1322/1671

usemtl material_667
vt -7.7090154 -14.9937305
f 1671/1322/1671 1670/1323/1670 1672/1324/1672
vt -7.7584696 -15.0244102
f 1672/1324/1672 1673/1325/1673 1671/1322/1671

usemtl material_668
vt -7.7887454 -15.0431929
f 1671/1322/1671 1673/1325/1673 1674/1326/1674
vt -7.8255610 -15.0660315
f 1671/1322/1671 1674/1326/1674 1675/1327/1675
vt -7.8322458 -15.0701790
f 1675/1327/1675 1676/1328/1676 1671/1322/1671
f 1671/1322/1671 1676/1328/1676 321/178/321

usemtl material_129
f 1671/1322/1671 321/178/321 320/178/320

usemtl material_134
f 319/177/319 317/177/317 1671/1322/1671

usemtl material_668
vt -7.5861230 -15.1955786
f 1671/1322/1671 317/177/317 1677/1329/1677
vt -7.5866985 -15.1877165
f 1677/1329/1677 1678/1330/1678 1671/1322/1671
vt -7.5898585 -15.1445389
f 1671/1322/1671 1678/1330/1678 1679/1331/1679
vt -7.5924611 -15.1089811
f 1671/1322/1671 1679/1331/1679 1680/1332/1680

usemtl material_667
vt -7.5967083 -15.0509491
f 1680/1332/1680 1681/1333/1681 1671/1322/1671
vt -7.6018777 -14.9803190
f 1671/1322/1671 1681/1333/1681 1682/1334/1682

usemtl material_666
f 1671/1322/1671 1682/1334/1682 1669/1322/1669

usemtl material_378
vt -6.8139596 -15.3071604
vt -6.8556800 -15.3361721
f 1683/1335/1683 1684/1336/1684 1685/1335/1685

usemtl material_131
vt -6.9138680 -15.3766336
f 1685/1335/1685 1684/1336/1684 1686/1337/1686
vt -6.9616041 -15.4098291
f 1686/1337/1686 1687/1338/1687 1685/1335/1685
vt -6.9908819 -15.4301891
f 1685/1335/1685 1687/1338/1687 1688/1339/1688
vt -7.0264249 -15.4549046
f 1685/1335/1685 1688/1339/1688 1689/1340/1689
vt -7.0328975 -15.4594049
f 1689/1340/1689 1690/1341/1690 1685/1335/1685
f 1685/1335/1685 1690/1341/1690 316/176/316

usemtl material_157
f 1685/1335/1685 316/176/316 318/176/318

usemtl material_669
f 312/173/312 311/173/311 1685/1335/1685

usemtl material_131
vt -6.7806020 -15.5717316
f 1685/1335/1685 311/173/311 1691/1342/1691
vt -6.7815905 -15.5638924
f 1691/1342/1691 1692/1343/1692 1685/1335/1685
vt -6.7870016 -15.5209751
f 1685/1335/1685 1692/1343/1692 1693/1344/1693
vt -6.7914658 -15.4855661
f 1685/1335/1685 1693/1344/1693 1694/1345/1694
vt -6.7987380 -15.4278889
f 1694/1345/1694 1695/1346/1695 1685/1335/1685
vt -6.8076034 -15.3575726
f 1685/1335/1685 1695/1346/1695 1696/1347/1696

usemtl material_378
f 1685/1335/1685 1696/1347/1696 1683/1335/1683

usemtl material_156
vt -6.0036507 -15.6428013
vt -6.0437446 -15.6739168
f 1697/1348/1697 1698/1349/1698 1699/1348/1699

usemtl material_670
vt -6.0997729 -15.7173986
f 1699/1348/1699 1698/1349/1698 1700/1350/1700
vt -6.1456680 -15.7530155
f 1700/1350/1700 1701/1351/1701 1699/1348/1699
vt -6.1738625 -15.7748966
f 1699/1348/1699 1701/1351/1701 1702/1352/1702

usemtl material_374
vt -6.2080407 -15.8014221
f 1699/1348/1699 1702/1352/1702 1703/1353/1703
vt -6.2142801 -15.8062630
f 1703/1353/1703 1704/1354/1704 1699/1348/1699
f 1699/1348/1699 1704/1354/1704 315/175/315

usemtl material_156
f 1699/1348/1699 315/175/315 314/175/314

usemtl material_670
f 307/170/307 306/170/306 1699/1348/1699

usemtl material_374
vt -5.9565010 -15.9052162
f 1699/1348/1699 306/170/306 1705/1355/1705
vt -5.9579005 -15.8974247
f 1705/1355/1705 1706/1356/1706 1699/1348/1699
vt -5.9655452 -15.8548803
f 1699/1348/1699 1706/1356/1706 1707/1357/1707

usemtl material_670
vt -5.9718618 -15.8197231
f 1699/1348/1699 1707/1357/1707 1708/1358/1708
vt -5.9821339 -15.7625523
f 1708/1358/1708 1709/1359/1709 1699/1348/1699
vt -5.9946761 -15.6927481
f 1699/1348/1699 1709/1359/1709 1710/1360/1710

usemtl material_156
f 1699/1348/1699 1710/1360/1710 1697/1348/1697

usemtl material_671
vt -5.1768866 -15.9355736
vt -5.2152543 -15.9687080
f 1711/1361/1711 1712/1362/1712 1713/1361/1713
vt -5.2689614 -16.0150909
f 1713/1361/1713 1712/1362/1712 1714/1363/1714

usemtl material_133
vt -5.3128977 -16.0530338
f 1714/1363/1714 1715/1364/1715 1713/1361/1713
vt -5.3399258 -16.0763741
f 1713/1361/1713 1715/1364/1715 1716/1365/1716
vt -5.3726516 -16.1046371
f 1713/1361/1713 1716/1365/1716 1717/1366/1717
vt -5.3786373 -16.1098080
f 1717/1366/1717 1718/1367/1718 1713/1361/1713
f 1713/1361/1713 1718/1367/1718 310/172/310

usemtl material_138
f 1713/1361/1713 310/172/310 309/172/309
f 305/169/305 303/169/303 1713/1361/1713

usemtl material_133
vt -5.1160765 -16.1951218
f 1713/1361/1713 303/169/303 1719/1368/1719
vt -5.1178851 -16.1874008
f 1719/1368/1719 1720/1369/1720 1713/1361/1713
vt -5.1277399 -16.1453400
f 1713/1361/1713 1720/1369/1720 1721/1370/1721
vt -5.1358943 -16.1105366
f 1713/1361/1713 1721/1370/1721 1722/1371/1722
vt -5.1491351 -16.0540218
f 1722/1371/1722 1723/1372/1723 1713/1361/1713

usemtl material_671
vt -5.1653228 -15.9849300
f 1713/1361/1713 1723/1372/1723 1724/1373/1724
f 1713/1361/1713 1724/1373/1724 1711/1361/1711

usemtl material_144
vt -4.3359323 -16.1846771
vt -4.3724790 -16.2197380
f 1725/1374/1725 1726/1375/1726 1727/1374/1727
vt -4.4237108 -16.2688942
f 1727/1374/1727 1726/1375/1726 1728/1376/1728

usemtl material_139
vt -4.4655747 -16.3090591
f 1728/1376/1728 1729/1377/1729 1727/1374/1727
vt -4.4913530 -16.3337917
f 1727/1374/1727 1729/1377/1729 1730/1378/1730
vt -4.5225458 -16.3637199
f 1727/1374/1727 1730/1378/1730 1731/1379/1731
vt -4.5282578 -16.3691998
f 1731/1379/1731 1732/1380/1732 1727/1374/1727
f 1727/1374/1727 1732/1380/1732 302/168/302

usemtl material_142
f 1727/1374/1727 302/168/302 304/168/304

usemtl material_141
f 1727/1374/1727 301/167/301 299/167/299

usemtl material_139
vt -4.2616320 -16.4406528
f 299/167/299 1733/1381/1733 1727/1374/1727
vt -4.2638459 -16.4330254
f 1727/1374/1727 1733/1381/1733 1734/1382/1734
vt -4.2758822 -16.3915577
f 1727/1374/1727 1734/1382/1734 1735/1383/1735
vt -4.2858529 -16.3572083
f 1735/1383/1735 1736/1384/1736 1727/1374/1727
vt -4.3020234 -16.3014984
f 1727/1374/1727 1736/1384/1736 1737/1385/1737

usemtl material_144
f 1727/1374/1727 1737/1385/1737 1725/1374/1725

usemtl material_142
vt -3.4830937 -16.3894234
vt -3.5177281 -16.4263229
f 1738/1386/1738 1739/1387/1739 1740/1386/1740

usemtl material_141
vt -3.5663378 -16.4781132
f 1740/1386/1740 1739/1387/1739 1741/1388/1741
vt -3.6060214 -16.5203915
f 1741/1388/1741 1742/1389/1742 1740/1386/1740
vt -3.6304889 -16.5464592
f 1740/1386/1740 1742/1389/1742 1743/1390/1743

usemtl material_145
vt -3.6600533 -16.5779591
f 1740/1386/1740 1743/1390/1743 1744/1391/1744
vt -3.6654806 -16.5837402
f 1744/1391/1744 1745/1392/1745 1740/1386/1740
f 1740/1386/1740 1745/1392/1745 298/166/298

usemtl material_146
f 1740/1386/1740 298/166/298 300/166/300

usemtl material_375
f 294/163/294 293/163/293 1740/1386/1740

usemtl material_145
vt -3.3955081 -16.6411324
f 1740/1386/1740 293/163/293 1746/1393/1746
vt -3.3981209 -16.6336250
f 1746/1393/1746 1747/1394/1747 1740/1386/1740
vt -3.4123051 -16.5928612
f 1740/1386/1740 1747/1394/1747 1748/1395/1748

usemtl material_141
vt -3.4240658 -16.5590630
f 1740/1386/1740 1748/1395/1748 1749/1396/1749
vt -3.4431205 -16.5043030
f 1749/1396/1749 1750/1397/1750 1740/1386/1740
vt -3.4664629 -16.4372196
f 1740/1386/1740 1750/1397/1750 1751/1398/1751

usemtl material_142
f 1740/1386/1740 1751/1398/1751 1738/1386/1738

usemtl material_143
vt -2.6207085 -16.5492573
vt -2.6533442 -16.5878963
f 1752/1399/1752 1753/1400/1753 1754/1399/1754
vt -2.6991913 -16.6421757
f 1754/1399/1754 1753/1400/1753 1755/1401/1755

usemtl material_146
vt -2.7365930 -16.6864567
f 1755/1401/1755 1756/1402/1756 1754/1399/1754
vt -2.7596767 -16.7137852
f 1754/1399/1754 1756/1402/1756 1757/1403/1757
vt -2.7875376 -16.7467709
f 1754/1399/1754 1757/1403/1757 1758/1404/1758

usemtl material_375
vt -2.7926621 -16.7528381
f 1758/1404/1758 1759/1405/1759 1754/1399/1754
f 1754/1399/1754 1759/1405/1759 297/165/297

usemtl material_6
f 1754/1399/1754 297/165/297 296/165/296
f 292/162/292 290/162/290 1754/1399/1754

usemtl material_375
vt -2.5200782 -16.7960167
f 1754/1399/1754 290/162/290 1760/1406/1760
vt -2.5230823 -16.7886505
f 1760/1406/1760 1761/1407/1761 1754/1399/1754

usemtl material_146
vt -2.5393760 -16.7486954
f 1754/1399/1754 1761/1407/1761 1762/1408/1762
vt -2.5528946 -16.7155476
f 1754/1399/1754 1762/1408/1762 1763/1409/1763
vt -2.5747805 -16.6618786
f 1763/1409/1763 1764/1410/1764 1754/1399/1754

usemtl material_143
vt -2.6016104 -16.5960884
f 1754/1399/1754 1764/1410/1764 1765/1411/1765
f 1754/1399/1754 1765/1411/1765 1752/1399/1752

usemtl material_147
vt -1.7816952 -16.7040138
f 950/653/950 957/653/957 1766/1412/1766
vt -1.8246490 -16.7606316
f 1766/1412/1766 1767/1413/1767 950/653/950

usemtl material_153
vt -1.8813033 -16.8353100
f 950/653/950 1767/1413/1767 1768/1414/1768

usemtl material_149
vt -1.9073893 -16.8696938
f 950/653/950 1768/1414/1768 1769/1415/1769
vt -1.9121946 -16.8760281
f 1769/1415/1769 1770/1416/1770 950/653/950
f 950/653/950 1770/1416/1770 289/161/289

usemtl material_0
f 950/653/950 289/161/289 291/161/291

usemtl material_450
vt -0.8767715 16.7270412
f 1771/1417/1771 285/158/285 1772/1417/1772

usemtl material_270
f 1772/1417/1772 285/158/285 284/158/284

usemtl material_439
vt -0.9087726 16.7741528
f 1772/1417/1772 284/158/284 1773/1418/1773

usemtl material_465
vt -1.0404115 16.9679565
f 1773/1418/1773 284/158/284 1774/1419/1774

usemtl material_278
vt -1.0256183 16.9461784
vt -1.0000888 16.9085922
vt -0.9812600 16.8808708
f 1775/1420/1775 1776/1421/1776 1777/1422/1777
vt -1.0294294 16.9517879
f 1774/1419/1774 1778/1423/1778 1773/1418/1773
f 1773/1418/1773 1778/1423/1778 1775/1420/1775

usemtl material_439
vt -0.9460070 16.8289719
f 1773/1418/1773 1775/1420/1775 1779/1424/1779
f 1779/1424/1779 1775/1420/1775 1777/1422/1777

usemtl material_465
vt -0.7392090 16.9837437
vt -0.8498701 16.7772408
f 1780/1425/1780 280/156/280 1781/1426/1781

usemtl material_672
f 282/156/282 1771/1417/1771 280/156/280

usemtl material_13
f 280/156/280 1771/1417/1771 1772/1417/1772

usemtl material_439
f 280/156/280 1772/1417/1772 1781/1426/1781

usemtl material_278
vt -0.7889342 16.8909531
vt -0.7731031 16.9204960
vt -0.7516448 16.9605370
f 1782/1427/1782 1783/1428/1783 1784/1429/1784
vt -0.8185696 16.8356495
f 1782/1427/1782 1784/1429/1784 1785/1430/1785

usemtl material_439
f 1785/1430/1785 1784/1429/1784 1781/1426/1781

usemtl material_278
vt -0.7484396 16.9665203
f 1781/1426/1781 1784/1429/1784 1786/1431/1786
f 1781/1426/1781 1786/1431/1786 1780/1425/1780

usemtl material_149
vt 1.7511399 -16.6637402
vt 1.7296263 -16.7094860
f 1787/1432/1787 1788/1433/1788 1789/1432/1789

usemtl material_673
vt 1.6993829 -16.7737980
f 1789/1432/1789 1788/1433/1788 1790/1434/1790

usemtl material_674
vt 1.6747249 -16.8262310
f 1790/1434/1790 1791/1435/1791 1789/1432/1789

usemtl material_6
vt 1.6594867 -16.8586349
f 1789/1432/1789 1791/1435/1791 1792/1436/1792

usemtl material_10
vt 1.6411275 -16.8976746
f 1789/1432/1789 1792/1436/1792 1793/1437/1793

usemtl material_675
vt 1.6377400 -16.9048767
f 1793/1437/1793 1794/1438/1794 1789/1432/1789

usemtl material_3
f 1789/1432/1789 1794/1438/1794 15/9/15

usemtl material_676
f 1789/1432/1789 15/9/15 17/9/17

usemtl material_147
vt 2.6207085 -16.5492573
vt 2.6016104 -16.5960884
f 1795/1439/1795 1796/1440/1796 1797/1439/1797
vt 2.5747805 -16.6618786
f 1797/1439/1797 1796/1440/1796 1798/1441/1798

usemtl material_153
vt 2.5528946 -16.7155476
f 1798/1441/1798 1799/1442/1799 1797/1439/1797

usemtl material_149
vt 2.5393760 -16.7486954
f 1797/1439/1797 1799/1442/1799 1800/1443/1800

usemtl material_673
vt 2.5230823 -16.7886505
f 1797/1439/1797 1800/1443/1800 1801/1444/1801

usemtl material_674
vt 2.5200782 -16.7960167
f 1801/1444/1801 1802/1445/1802 1797/1439/1797

usemtl material_6
f 1797/1439/1797 1802/1445/1802 19/11/19

usemtl material_8
f 1797/1439/1797 19/11/19 21/11/21

usemtl material_3
f 276/153/276 275/153/275 1797/1439/1797

usemtl material_6
vt 2.7926621 -16.7528381
f 1797/1439/1797 275/153/275 1803/1446/1803

usemtl material_674
vt 2.7875376 -16.7467709
f 1803/1446/1803 1804/1447/1804 1797/1439/1797

usemtl material_673
vt 2.7596767 -16.7137852
f 1797/1439/1797 1804/1447/1804 1805/1448/1805

usemtl material_149
vt 2.7365930 -16.6864567
f 1797/1439/1797 1805/1448/1805 1806/1449/1806

usemtl material_153
vt 2.6991913 -16.6421757
f 1806/1449/1806 1807/1450/1807 1797/1439/1797

usemtl material_147
vt 2.6533442 -16.5878963
f 1797/1439/1797 1807/1450/1807 1808/1451/1808
f 1797/1439/1797 1808/1451/1808 1795/1439/1795

usemtl material_143
vt 3.4830937 -16.3894234
vt 3.4664629 -16.4372196
f 1809/1452/1809 1810/1453/1810 1811/1452/1811

usemtl material_146
vt 3.4431205 -16.5043030
f 1811/1452/1811 1810/1453/1810 1812/1454/1812

usemtl material_375
vt 3.4240658 -16.5590630
f 1812/1454/1812 1813/1455/1813 1811/1452/1811

usemtl material_148
vt 3.4123051 -16.5928612
f 1811/1452/1811 1813/1455/1813 1814/1456/1814

usemtl material_147
vt 3.3981209 -16.6336250
f 1811/1452/1811 1814/1456/1814 1815/1457/1815

usemtl material_153
vt 3.3955081 -16.6411324
f 1815/1457/1815 1816/1458/1816 1811/1452/1811

usemtl material_149
f 1811/1452/1811 1816/1458/1816 279/155/279

usemtl material_673
f 1811/1452/1811 279/155/279 278/155/278

usemtl material_149
f 274/152/274 272/152/272 1811/1452/1811
vt 3.6654806 -16.5837402
f 1811/1452/1811 272/152/272 1817/1459/1817

usemtl material_153
vt 3.6600533 -16.5779591
f 1817/1459/1817 1818/1460/1818 1811/1452/1811

usemtl material_147
vt 3.6304889 -16.5464592
f 1811/1452/1811 1818/1460/1818 1819/1461/1819

usemtl material_148
vt 3.6060214 -16.5203915
f 1811/1452/1811 1819/1461/1819 1820/1462/1820

usemtl material_375
vt 3.5663378 -16.4781132
f 1820/1462/1820 1821/1463/1821 1811/1452/1811

usemtl material_146
vt 3.5177281 -16.4263229
f 1811/1452/1811 1821/1463/1821 1822/1464/1822

usemtl material_143
f 1811/1452/1811 1822/1464/1822 1809/1452/1809

usemtl material_154
vt 4.3359323 -16.1846771
vt 4.3020234 -16.3014984
f 1823/1465/1823 1824/1465/1824 1825/1466/1825

usemtl material_677
vt 4.2858529 -16.3572083
f 1825/1466/1825 1826/1467/1826 1823/1465/1823

usemtl material_143
vt 4.2758822 -16.3915577
f 1823/1465/1823 1826/1467/1826 1827/1468/1827

usemtl material_146
vt 4.2638459 -16.4330254
f 1823/1465/1823 1827/1468/1827 1828/1469/1828

usemtl material_375
vt 4.2616320 -16.4406528
f 1828/1469/1828 1829/1470/1829 1823/1465/1823

usemtl material_148
f 1823/1465/1823 1829/1470/1829 271/151/271

usemtl material_146
f 1823/1465/1823 271/151/271 273/151/273

usemtl material_143
f 270/150/270 268/150/268 1823/1465/1823

usemtl material_148
vt 4.5282578 -16.3691998
f 1823/1465/1823 268/150/268 1830/1471/1830

usemtl material_375
vt 4.5225458 -16.3637199
f 1830/1471/1830 1831/1472/1831 1823/1465/1823

usemtl material_146
vt 4.4913530 -16.3337917
f 1823/1465/1823 1831/1472/1831 1832/1473/1832

usemtl material_143
vt 4.4655747 -16.3090591
f 1823/1465/1823 1832/1473/1832 1833/1474/1833

usemtl material_677
vt 4.4237108 -16.2688942
f 1833/1474/1833 1834/1475/1834 1823/1465/1823

usemtl material_154
vt 4.3724790 -16.2197380
f 1823/1465/1823 1834/1475/1834 1835/1476/1835

usemtl material_145
f 1823/1465/1823 1835/1476/1835 1824/1465/1824

usemtl material_142
vt 5.1768866 -15.9355736
vt 5.1653228 -15.9849300
f 1836/1477/1836 1837/1478/1837 1838/1477/1838
vt 5.1491351 -16.0540218
f 1838/1477/1838 1837/1478/1837 1839/1479/1839

usemtl material_141
vt 5.1358943 -16.1105366
f 1839/1479/1839 1840/1480/1840 1838/1477/1838

usemtl material_145
vt 5.1277399 -16.1453400
f 1838/1477/1838 1840/1480/1840 1841/1481/1841

usemtl material_154
vt 5.1178851 -16.1874008
f 1838/1477/1838 1841/1481/1841 1842/1482/1842

usemtl material_677
vt 5.1160765 -16.1951218
f 1842/1482/1842 1843/1483/1843 1838/1477/1838

usemtl material_143
f 1838/1477/1838 1843/1483/1843 267/149/267

usemtl material_142
f 1838/1477/1838 267/149/267 269/149/269
f 263/146/263 262/146/262 1838/1477/1838

usemtl material_143
vt 5.3786373 -16.1098080
f 1838/1477/1838 262/146/262 1844/1484/1844

usemtl material_677
vt 5.3726516 -16.1046371
f 1844/1484/1844 1845/1485/1845 1838/1477/1838

usemtl material_154
vt 5.3399258 -16.0763741
f 1838/1477/1838 1845/1485/1845 1846/1486/1846

usemtl material_145
vt 5.3128977 -16.0530338
f 1838/1477/1838 1846/1486/1846 1847/1487/1847

usemtl material_141
vt 5.2689614 -16.0150909
f 1847/1487/1847 1848/1488/1848 1838/1477/1838

usemtl material_142
vt 5.2152543 -15.9687080
f 1838/1477/1838 1848/1488/1848 1849/1489/1849
f 1838/1477/1838 1849/1489/1849 1836/1477/1836

usemtl material_144
vt 6.0036507 -15.6428013
vt 5.9946761 -15.6927481
f 1850/1490/1850 1851/1491/1851 1852/1490/1852

usemtl material_139
vt 5.9821339 -15.7625523
f 1852/1490/1852 1851/1491/1851 1853/1492/1853

usemtl material_373
vt 5.9718618 -15.8197231
f 1853/1492/1853 1854/1493/1854 1852/1490/1852

usemtl material_142
vt 5.9655452 -15.8548803
f 1852/1490/1852 1854/1493/1854 1855/1494/1855
vt 5.9579005 -15.8974247
f 1852/1490/1852 1855/1494/1855 1856/1495/1856

usemtl material_141
vt 5.9565010 -15.9052162
f 1856/1495/1856 1857/1496/1857 1852/1490/1852

usemtl material_145
f 1852/1490/1852 1857/1496/1857 266/148/266

usemtl material_678
f 1852/1490/1852 266/148/266 265/148/265

usemtl material_138
f 258/143/258 257/143/257 1852/1490/1852

usemtl material_145
vt 6.2142801 -15.8062630
f 1852/1490/1852 257/143/257 1858/1497/1858

usemtl material_141
vt 6.2080407 -15.8014221
f 1858/1497/1858 1859/1498/1859 1852/1490/1852

usemtl material_142
vt 6.1738625 -15.7748966
f 1852/1490/1852 1859/1498/1859 1860/1499/1860
vt 6.1456680 -15.7530155
f 1852/1490/1852 1860/1499/1860 1861/1500/1861

usemtl material_373
vt 6.0997729 -15.7173986
f 1861/1500/1861 1862/1501/1862 1852/1490/1852

usemtl material_139
vt 6.0437446 -15.6739168
f 1852/1490/1852 1862/1501/1862 1863/1502/1863

usemtl material_144
f 1852/1490/1852 1863/1502/1863 1850/1490/1850

usemtl material_138
vt 6.8139596 -15.3071604
vt 6.8076034 -15.3575726
f 1864/1503/1864 1865/1504/1865 1866/1503/1866

usemtl material_678
vt 6.7987380 -15.4278889
f 1866/1503/1866 1865/1504/1865 1867/1505/1867

usemtl material_144
vt 6.7914658 -15.4855661
f 1867/1505/1867 1868/1506/1868 1866/1503/1866
vt 6.7870016 -15.5209751
f 1866/1503/1866 1868/1506/1868 1869/1507/1869

usemtl material_139
vt 6.7815905 -15.5638924
f 1866/1503/1866 1869/1507/1869 1870/1508/1870

usemtl material_373
vt 6.7806020 -15.5717316
f 1870/1508/1870 1871/1509/1871 1866/1503/1866

usemtl material_142
f 1866/1503/1866 1871/1509/1871 261/145/261

usemtl material_379
f 1866/1503/1866 261/145/261 260/145/260

usemtl material_374
f 256/142/256 254/142/254 1866/1503/1866

usemtl material_142
vt 7.0328975 -15.4594049
f 1866/1503/1866 254/142/254 1872/1510/1872

usemtl material_373
vt 7.0264249 -15.4549046
f 1872/1510/1872 1873/1511/1873 1866/1503/1866

usemtl material_139
vt 6.9908819 -15.4301891
f 1866/1503/1866 1873/1511/1873 1874/1512/1874

usemtl material_144
vt 6.9616041 -15.4098291
f 1866/1503/1866 1874/1512/1874 1875/1513/1875
vt 6.9138680 -15.3766336
f 1875/1513/1875 1876/1514/1876 1866/1503/1866

usemtl material_678
vt 6.8556800 -15.3361721
f 1866/1503/1866 1876/1514/1876 1877/1515/1877

usemtl material_138
f 1866/1503/1866 1877/1515/1877 1864/1503/1864

usemtl material_135
vt 7.6055923 -14.9295712
vt 7.6018777 -14.9803190
f 1878/1516/1878 1879/1517/1879 1880/1516/1880

usemtl material_671
vt 7.5967083 -15.0509491
f 1880/1516/1880 1879/1517/1879 1881/1518/1881

usemtl material_133
vt 7.5924611 -15.1089811
f 1881/1518/1881 1882/1519/1882 1880/1516/1880

usemtl material_138
vt 7.5898585 -15.1445389
f 1880/1516/1880 1882/1519/1882 1883/1520/1883

usemtl material_678
vt 7.5866985 -15.1877165
f 1880/1516/1880 1883/1520/1883 1884/1521/1884

usemtl material_144
vt 7.5861230 -15.1955786
f 1884/1521/1884 1885/1522/1885 1880/1516/1880
f 1880/1516/1880 1885/1522/1885 253/141/253

usemtl material_370
f 1880/1516/1880 253/141/253 255/141/255

usemtl material_679
f 249/138/249 248/138/248 1880/1516/1880

usemtl material_144
vt 7.8322458 -15.0701790
f 1880/1516/1880 248/138/248 1886/1523/1886
vt 7.8255610 -15.0660315
f 1886/1523/1886 1887/1524/1887 1880/1516/1880

usemtl material_678
vt 7.7887454 -15.0431929
f 1880/1516/1880 1887/1524/1887 1888/1525/1888

usemtl material_138
vt 7.7584696 -15.0244102
f 1880/1516/1880 1888/1525/1888 1889/1526/1889

usemtl material_133
vt 7.7090154 -14.9937305
f 1889/1526/1889 1890/1527/1890 1880/1516/1880

usemtl material_671
vt 7.6488357 -14.9563971
f 1880/1516/1880 1890/1527/1890 1891/1528/1891

usemtl material_135
f 1880/1516/1880 1891/1528/1891 1878/1516/1878

usemtl material_374
vt 8.3763781 -14.5110683
vt 8.3753233 -14.5620213
f 1892/1529/1892 1893/1530/1893 1894/1529/1894

usemtl material_379
vt 8.3738585 -14.6327648
f 1894/1529/1894 1893/1530/1893 1895/1531/1895

usemtl material_155
vt 8.3726530 -14.6909990
f 1895/1531/1895 1896/1532/1896 1894/1529/1894

usemtl material_135
vt 8.3719158 -14.7266054
f 1894/1529/1894 1896/1532/1896 1897/1533/1897

usemtl material_671
vt 8.3710184 -14.7699280
f 1894/1529/1894 1897/1533/1897 1898/1534/1898

usemtl material_133
vt 8.3708563 -14.7777891
f 1898/1534/1898 1899/1535/1899 1894/1529/1894

usemtl material_138
f 1894/1529/1894 1899/1535/1899 252/140/252

usemtl material_668
f 1894/1529/1894 252/140/252 251/140/251

usemtl material_666
f 244/135/244 243/135/243 1894/1529/1894

usemtl material_138
vt 8.6101341 -14.6396513
f 1894/1529/1894 243/135/243 1900/1536/1900

usemtl material_133
vt 8.6032581 -14.6358690
f 1900/1536/1900 1901/1537/1901 1894/1529/1894

usemtl material_671
vt 8.5652647 -14.6149693
f 1894/1529/1894 1901/1537/1901 1902/1538/1902

usemtl material_135
vt 8.5340805 -14.5978165
f 1894/1529/1894 1902/1538/1902 1903/1539/1903

usemtl material_155
vt 8.4830351 -14.5697374
f 1903/1539/1903 1904/1540/1904 1894/1529/1894

usemtl material_379
vt 8.4210367 -14.5356340
f 1894/1529/1894 1904/1540/1904 1905/1541/1905

usemtl material_374
f 1894/1529/1894 1905/1541/1905 1892/1529/1892

usemtl material_140
vt 9.1242046 -14.0527992
vt 9.1258211 -14.1038256
f 1906/1542/1906 1907/1543/1907 1908/1542/1908

usemtl material_156
vt 9.1280584 -14.1744823
f 1908/1542/1908 1907/1543/1907 1909/1544/1909

usemtl material_670
vt 9.1299038 -14.2327652
f 1909/1544/1909 1910/1545/1910 1908/1542/1908

usemtl material_374
vt 9.1310301 -14.2683172
f 1908/1542/1908 1910/1545/1910 1911/1546/1911

usemtl material_379
vt 9.1324034 -14.3116713
f 1908/1542/1908 1911/1546/1911 1912/1547/1912

usemtl material_155
vt 9.1326513 -14.3195086
f 1912/1547/1912 1913/1548/1913 1908/1542/1908

usemtl material_135
f 1908/1542/1908 1913/1548/1913 247/137/247

usemtl material_129
f 1908/1542/1908 247/137/247 246/137/246

usemtl material_372
f 242/134/242 240/134/240 1908/1542/1908

usemtl material_670
vt 9.3644304 -14.1690006
f 1908/1542/1908 240/134/240 1914/1549/1914
vt 9.3573866 -14.1655931
f 1914/1549/1914 1915/1550/1915 1908/1542/1908

usemtl material_374
vt 9.3183136 -14.1466932
f 1908/1542/1908 1915/1550/1915 1916/1551/1916
vt 9.2863111 -14.1312132
f 1908/1542/1908 1916/1551/1916 1917/1552/1917

usemtl material_670
vt 9.2338066 -14.1058159
f 1917/1552/1917 1918/1553/1918 1908/1542/1908

usemtl material_156
vt 9.1701670 -14.0750322
f 1908/1542/1908 1918/1553/1918 1919/1554/1919

usemtl material_140
f 1908/1542/1908 1919/1554/1919 1906/1542/1906

usemtl material_378
vt 9.8470230 -13.5560207
vt 9.8513155 -13.6069860
f 1920/1555/1920 1921/1556/1921 1922/1555/1922
vt 9.8572416 -13.6773596
f 1922/1555/1922 1921/1556/1921 1923/1557/1923
vt 9.8621416 -13.7355356
f 1923/1557/1923 1924/1558/1924 1922/1555/1922
vt 9.8651218 -13.7709322
f 1922/1555/1922 1924/1558/1924 1925/1559/1925
vt 9.8687658 -13.8142014
f 1922/1555/1922 1925/1559/1925 1926/1560/1926
vt 9.8694229 -13.8219910
f 1926/1560/1926 1927/1561/1927 1922/1555/1922

usemtl material_669
f 1922/1555/1922 1927/1561/1927 239/133/239

usemtl material_161
f 1922/1555/1922 239/133/239 241/133/241

usemtl material_378
vt 9.8502522 -13.5573788
f 1928/1562/1928 1920/1555/1920 1922/1555/1922

usemtl material_384
f 238/132/238 236/132/236 1922/1555/1922

usemtl material_680
vt 10.0930691 -13.6595192
f 1922/1555/1922 236/132/236 1929/1563/1929
vt 10.0858765 -13.6564932
f 1929/1563/1929 1930/1564/1930 1922/1555/1922

usemtl material_157
vt 10.0458260 -13.6396465
f 1922/1555/1922 1930/1564/1930 1931/1565/1931
vt 10.0130997 -13.6258802
f 1922/1555/1922 1931/1565/1931 1932/1566/1932

usemtl material_669
vt 9.9592714 -13.6032372
f 1932/1566/1932 1933/1567/1933 1922/1555/1922

usemtl material_378
vt 9.8941736 -13.5758533
f 1922/1555/1922 1933/1567/1933 1934/1568/1934
f 1922/1555/1922 1934/1568/1934 1928/1562/1928

usemtl material_681
vt 10.5428505 -13.0220919
vt 10.5498180 -13.0728655
f 1935/1569/1935 1936/1570/1936 1937/1569/1937
vt 10.5594101 -13.1427565
f 1937/1569/1937 1936/1570/1936 1938/1571/1938
vt 10.5673580 -13.2006712
f 1938/1571/1938 1939/1572/1939 1937/1569/1937
vt 10.5721798 -13.2358122
f 1937/1569/1937 1939/1572/1939 1940/1573/1940
vt 10.5780907 -13.2788830
f 1937/1569/1937 1940/1573/1940 1941/1574/1941
vt 10.5791502 -13.2866011
f 1941/1574/1941 1942/1575/1942 1937/1569/1937
f 1937/1569/1937 1942/1575/1942 235/131/235

usemtl material_682
f 1937/1569/1937 235/131/235 237/131/237

usemtl material_683
f 231/128/231 230/128/230 1937/1569/1937

usemtl material_381
vt 10.7940493 -13.1125994
f 1937/1569/1937 230/128/230 1943/1576/1943

usemtl material_684
vt 10.7867327 -13.1099625
f 1943/1576/1943 1944/1577/1944 1937/1569/1937
vt 10.7458076 -13.0952177
f 1937/1569/1937 1944/1577/1944 1945/1578/1945

usemtl material_382
vt 10.7124529 -13.0831995
f 1937/1569/1937 1945/1578/1945 1946/1579/1946

usemtl material_681
vt 10.6574411 -13.0633793
f 1946/1579/1946 1947/1580/1947 1937/1569/1937
vt 10.5910711 -13.0394659
f 1937/1569/1937 1947/1580/1947 1948/1581/1948
f 1937/1569/1937 1948/1581/1948 1935/1569/1935

usemtl material_128
vt 11.2097826 -12.4524794
vt 11.2194176 -12.5029259
f 1949/1582/1949 1950/1583/1950 1951/1582/1951
vt 11.2326374 -12.5721378
f 1951/1582/1951 1950/1583/1950 1952/1584/1952
vt 11.2436209 -12.6296377
f 1952/1584/1952 1953/1585/1953 1951/1582/1951
vt 11.2502661 -12.6644230
f 1951/1582/1951 1953/1585/1953 1954/1586/1954
vt 11.2584324 -12.7071791
f 1951/1582/1951 1954/1586/1954 1955/1587/1955
vt 11.2598896 -12.7148037
f 1955/1587/1955 1956/1588/1956 1951/1582/1951

usemtl material_161
f 1951/1582/1951 1956/1588/1956 234/130/234

usemtl material_366
f 1951/1582/1951 234/130/234 233/130/233

usemtl material_388
f 227/126/227 229/126/229 1951/1582/1951

usemtl material_685
vt 11.4654512 -12.5297394
f 1951/1582/1951 229/126/229 1957/1589/1957

usemtl material_686
vt 11.4580336 -12.5274973
f 1957/1589/1957 1958/1590/1958 1951/1582/1951
vt 11.4163418 -12.5148983
f 1951/1582/1951 1958/1590/1958 1959/1591/1959

usemtl material_161
vt 11.3824549 -12.5046587
f 1951/1582/1951 1959/1591/1959 1960/1592/1960
vt 11.3264027 -12.4877205
f 1960/1592/1960 1961/1593/1961 1951/1582/1951

usemtl material_128
vt 11.2589493 -12.4673376
f 1951/1582/1951 1961/1593/1961 1962/1594/1962
f 1951/1582/1951 1962/1594/1962 1949/1582/1949

usemtl material_687
vt 11.8459873 -11.8487434
vt 11.8582783 -11.8987274
f 1963/1595/1963 1964/1596/1964 1965/1595/1965
vt 11.8750820 -11.9670696
f 1965/1595/1965 1964/1596/1964 1966/1597/1966
vt 11.8890800 -12.0239992
f 1966/1597/1966 1967/1598/1967 1965/1595/1965
vt 11.8975210 -12.0583315
f 1965/1595/1965 1967/1598/1967 1968/1599/1968
vt 11.9079285 -12.1006594
f 1965/1595/1965 1968/1599/1968 1969/1600/1969

usemtl material_162
vt 11.9097757 -12.1081676
f 1969/1600/1969 1970/1601/1970 1965/1595/1965
f 1965/1595/1965 1970/1601/1970 226/125/226

usemtl material_657
f 1965/1595/1965 226/125/226 225/125/225

usemtl material_357
f 224/124/224 222/124/222 1965/1595/1965

usemtl material_369
vt 12.1054354 -11.9125366
f 1965/1595/1965 222/124/222 1971/1602/1971

usemtl material_688
vt 12.0979376 -11.9106941
f 1971/1602/1971 1972/1603/1972 1965/1595/1965
vt 12.0555887 -11.9002810
f 1965/1595/1965 1972/1603/1972 1973/1604/1973

usemtl material_689
vt 12.0212679 -11.8918419
f 1965/1595/1965 1973/1604/1973 1974/1605/1974

usemtl material_661
vt 11.9643211 -11.8778391
f 1974/1605/1974 1975/1606/1975 1965/1595/1965
vt 11.8959780 -11.8610353
f 1965/1595/1965 1975/1606/1975 1976/1607/1976

usemtl material_687
f 1965/1595/1965 1976/1607/1976 1963/1595/1963

usemtl material_121
vt 12.4497232 -11.2125378
vt 12.4646482 -11.2619267
f 1977/1608/1977 1978/1609/1978 1979/1608/1979
vt 12.4849796 -11.3292074
f 1979/1608/1979 1978/1609/1978 1980/1610/1980
vt 12.5019646 -11.3854151
f 1980/1610/1980 1981/1611/1981 1979/1608/1979
vt 12.5121737 -11.4191980
f 1979/1608/1979 1981/1611/1981 1982/1612/1982

usemtl material_660
vt 12.5247993 -11.4609823
f 1979/1608/1979 1982/1612/1982 1983/1613/1983
vt 12.5270271 -11.4683533
f 1983/1613/1983 1984/1614/1984 1979/1608/1979
f 1979/1608/1979 1984/1614/1984 221/123/221

usemtl material_690
f 1979/1608/1979 221/123/221 223/123/223

usemtl material_691
f 217/120/217 216/120/216 1979/1608/1979

usemtl material_692
vt 12.7122450 -11.2626820
f 1979/1608/1979 216/120/216 1985/1615/1985
vt 12.7046919 -11.2612400
f 1985/1615/1985 1986/1616/1986 1979/1608/1979

usemtl material_693
vt 12.6617956 -11.2530460
f 1979/1608/1979 1986/1616/1986 1987/1617/1987

usemtl material_660
vt 12.6271400 -11.2464256
f 1979/1608/1979 1987/1617/1987 1988/1618/1988
vt 12.5694475 -11.2354069
f 1988/1618/1988 1989/1619/1989 1979/1608/1979
vt 12.5004091 -11.2222195
f 1979/1608/1979 1989/1619/1989 1990/1620/1990
f 1979/1608/1979 1990/1620/1990 1977/1608/1977

usemtl material_120
vt 13.0193367 -10.5456066
vt 13.0368681 -10.5942678
f 1991/1621/1991 1992/1622/1992 1993/1621/1993
vt 13.0606613 -10.6603022
f 1993/1621/1993 1992/1622/1992 1994/1623/1994
vt 13.0805960 -10.7156315
f 1994/1623/1994 1995/1624/1995 1993/1621/1993
vt 13.0925379 -10.7487726
f 1993/1621/1993 1995/1624/1995 1996/1625/1996
vt 13.1073561 -10.7899008
f 1993/1621/1993 1996/1625/1996 1997/1626/1997

usemtl material_694
vt 13.1099539 -10.7971144
f 1997/1626/1997 1998/1627/1998 1993/1621/1993
f 1993/1621/1993 1998/1627/1998 220/122/220

usemtl material_695
f 1993/1621/1993 220/122/220 219/122/219

usemtl material_176
f 212/117/212 211/117/211 1993/1621/1993

usemtl material_696
vt 13.2842178 -10.5819569
f 1993/1621/1993 211/117/211 1999/1628/1999

usemtl material_697
vt 13.2766323 -10.5809164
f 1999/1628/1999 2000/1629/2000 1993/1621/1993

usemtl material_698
vt 13.2333021 -10.5749693
f 1993/1621/1993 2000/1629/2000 2001/1630/2001
vt 13.1984100 -10.5701818
f 1993/1621/1993 2001/1630/2001 2002/1631/2002

usemtl material_694
vt 13.1401262 -10.5621834
f 2002/1631/2002 2003/1632/2003 1993/1621/1993
vt 13.0705862 -10.5526400
f 1993/1621/1993 2003/1632/2003 2004/1633/2004

usemtl material_120
f 1993/1621/1993 2004/1633/2004 1991/1621/1991

usemtl material_699
vt 13.5532646 -9.8497791
vt 13.5733709 -9.8975773
f 2005/1634/2005 2006/1635/2006 2007/1634/2007
vt 13.6005478 -9.9621849
f 2007/1634/2007 2006/1635/2006 2008/1636/2008
vt 13.6233902 -10.0164881
f 2008/1636/2008 2009/1637/2009 2007/1634/2007
vt 13.6370220 -10.0488939
f 2007/1634/2007 2009/1637/2009 2010/1638/2010

usemtl material_700
vt 13.6539993 -10.0892544
f 2007/1634/2007 2010/1638/2010 2011/1639/2011
vt 13.6569576 -10.0962887
f 2011/1639/2011 2012/1640/2012 2007/1634/2007

usemtl material_701
f 2007/1634/2007 2012/1640/2012 215/119/215

usemtl material_111
f 2007/1634/2007 215/119/215 214/119/214

usemtl material_702
f 210/116/210 208/116/208 2007/1634/2007

usemtl material_703
vt 13.8197842 -9.8722239
f 2007/1634/2007 208/116/208 2013/1641/2013

usemtl material_704
vt 13.8121881 -9.8715849
f 2013/1641/2013 2014/1642/2014 2007/1634/2007
vt 13.7685394 -9.8679085
f 2007/1634/2007 2014/1642/2014 2015/1643/2015

usemtl material_701
vt 13.7335119 -9.8649588
f 2007/1634/2007 2015/1643/2015 2016/1644/2016

usemtl material_117
vt 13.6747894 -9.8600140
f 2016/1644/2016 2017/1645/2017 2007/1634/2007

usemtl material_705
vt 13.6049442 -9.8541317
f 2007/1634/2007 2017/1645/2017 2018/1646/2018

usemtl material_699
f 2007/1634/2007 2018/1646/2018 2005/1634/2005

usemtl material_706
vt 14.0500431 -9.1269608
vt 14.0726833 -9.1737661
f 2019/1647/2019 2020/1648/2020 2021/1647/2021
vt 14.1031599 -9.2367697
f 2021/1647/2021 2020/1648/2020 2022/1649/2022
vt 14.1288586 -9.2898951
f 2022/1649/2022 2023/1650/2023 2021/1647/2021
vt 14.1441355 -9.3214788
f 2021/1647/2021 2023/1650/2023 2024/1651/2024
vt 14.1632338 -9.3609600
f 2021/1647/2021 2024/1651/2024 2025/1652/2025

usemtl material_707
vt 14.1665401 -9.3677969
f 2025/1652/2025 2026/1653/2026 2021/1647/2021
f 2021/1647/2021 2026/1653/2026 207/115/207

usemtl material_708
f 2021/1647/2021 207/115/207 209/115/209

usemtl material_709
f 2021/1647/2021 206/114/206 204/114/204

usemtl material_710
vt 14.3174753 -9.1354303
f 204/114/204 2027/1654/2027 2021/1647/2021

usemtl material_711
vt 14.3098927 -9.1351900
f 2021/1647/2021 2027/1654/2027 2028/1655/2028
vt 14.2660418 -9.1338015
f 2021/1647/2021 2028/1655/2028 2029/1656/2029

usemtl material_712
vt 14.2309780 -9.1326904
f 2029/1656/2029 2030/1657/2030 2021/1647/2021

usemtl material_707
vt 14.1719723 -9.1308222
f 2021/1647/2021 2030/1657/2030 2031/1658/2031

usemtl material_706
f 2021/1647/2021 2031/1658/2031 2019/1647/2019

usemtl material_111
vt 14.5083122 -8.3791342
vt 14.5334406 -8.4248161
f 2032/1659/2032 2033/1660/2033 2034/1659/2034
vt 14.5671196 -8.4860439
f 2034/1659/2034 2033/1660/2033 2035/1661/2035
vt 14.5956144 -8.5378456
f 2035/1661/2035 2036/1662/2036 2034/1659/2034
vt 14.6124887 -8.5685205
f 2034/1659/2034 2036/1662/2036 2037/1663/2037
vt 14.6336622 -8.6070127
f 2034/1659/2034 2037/1663/2037 2038/1664/2038
vt 14.6373043 -8.6136341
f 2038/1664/2038 2039/1665/2039 2034/1659/2034

usemtl material_713
f 2034/1659/2034 2039/1665/2039 203/113/203

usemtl material_714
f 2034/1659/2034 203/113/203 205/113/205

usemtl material_715
f 199/110/199 198/110/198 2034/1659/2034

usemtl material_636
vt 14.7759285 -8.3735943
f 2034/1659/2034 198/110/198 2040/1666/2040

usemtl material_716
vt 14.7683811 -8.3737497
f 2040/1666/2040 2041/1667/2041 2034/1659/2034
vt 14.7244434 -8.3746595
f 2034/1659/2034 2041/1667/2041 2042/1668/2042

usemtl material_713
vt 14.6894426 -8.3753843
f 2034/1659/2034 2042/1668/2042 2043/1669/2043
vt 14.6303120 -8.3766088
f 2043/1669/2043 2044/1670/2044 2034/1659/2034

usemtl material_111
vt 14.5604458 -8.3780546
f 2034/1659/2034 2044/1670/2044 2045/1671/2045
f 2034/1659/2034 2045/1671/2045 2032/1659/2032

usemtl material_110
vt 14.9268141 -7.6083479
vt 14.9543772 -7.6527772
f 2046/1672/2046 2047/1673/2047 2048/1672/2048
vt 14.9911566 -7.7120647
f 2048/1672/2048 2047/1673/2047 2049/1674/2049
vt 15.0223818 -7.7623982
f 2049/1674/2049 2050/1675/2050 2048/1672/2048
vt 15.0407963 -7.7920818
f 2048/1672/2048 2050/1675/2050 2051/1676/2051
vt 15.0639963 -7.8294787
f 2048/1672/2048 2051/1676/2051 2052/1677/2052
vt 15.0679588 -7.8358669
f 2052/1677/2052 2053/1678/2053 2048/1672/2048

usemtl material_717
f 2048/1672/2048 2053/1678/2053 202/112/202

usemtl material_718
f 2048/1672/2048 202/112/202 201/112/201

usemtl material_634
f 197/109/197 195/109/195 2048/1672/2048

usemtl material_179
vt 15.1938829 -7.5888009
f 2048/1672/2048 195/109/195 2054/1679/2054
vt 15.1863928 -7.5893497
f 2054/1679/2054 2055/1680/2055 2048/1672/2048
vt 15.1424894 -7.5925627
f 2048/1672/2048 2055/1680/2055 2056/1681/2056

usemtl material_719
vt 15.1076488 -7.5951123
f 2048/1672/2048 2056/1681/2056 2057/1682/2057

usemtl material_717
vt 15.0485525 -7.5994382
f 2057/1682/2057 2058/1683/2058 2048/1672/2048

usemtl material_110
vt 14.9789686 -7.6045308
f 2048/1672/2048 2058/1683/2058 2059/1684/2059
f 2048/1672/2048 2059/1684/2059 2046/1672/2046

usemtl material_395
vt 15.3044043 -6.8167152
vt 15.3343410 -6.8597665
f 2060/1685/2060 2061/1685/2061 2062/1686/2062
vt 15.3741083 -6.9169540
f 2062/1686/2062 2063/1687/2063 2060/1685/2060
vt 15.4278860 -6.9942904
f 2060/1685/2060 2063/1687/2063 2064/1688/2064
vt 15.4530573 -7.0304885
f 2060/1685/2060 2064/1688/2064 2065/1689/2065
vt 15.4573259 -7.0366263
f 2065/1689/2065 2066/1690/2066 2060/1685/2060
f 2060/1685/2060 2066/1690/2066 194/108/194

usemtl material_103
f 2060/1685/2060 194/108/194 196/108/196

usemtl material_343
f 193/107/193 191/107/191 2060/1685/2060

usemtl material_348
vt 15.5701952 -6.7832041
f 2060/1685/2060 191/107/191 2067/1691/2067
vt 15.5627832 -6.7841387
f 2067/1691/2067 2068/1692/2068 2060/1685/2060

usemtl material_629
vt 15.5190315 -6.7896547
f 2060/1685/2060 2068/1692/2068 2069/1693/2069
vt 15.4844484 -6.7940154
f 2060/1685/2060 2069/1693/2069 2070/1694/2070

usemtl material_628
vt 15.4255466 -6.8014417
f 2070/1694/2070 2071/1695/2071 2060/1685/2060

usemtl material_395
vt 15.3564377 -6.8101554
f 2060/1685/2060 2071/1695/2071 2072/1696/2072
f 2060/1685/2060 2072/1696/2072 2061/1685/2061

usemtl material_104
vt 15.6400442 -6.0064068
vt 15.6722889 -6.0479541
f 2073/1697/2073 2074/1698/2074 2075/1697/2075
vt 15.7149229 -6.1028900
f 2075/1697/2075 2074/1698/2074 2076/1699/2076
vt 15.7513790 -6.1498656
f 2076/1699/2076 2077/1700/2077 2075/1697/2075
vt 15.7726946 -6.1773324
f 2075/1697/2075 2077/1700/2077 2078/1701/2078

usemtl material_341
vt 15.7997780 -6.2122288
f 2075/1697/2075 2078/1701/2078 2079/1702/2079
vt 15.8043356 -6.2181015
f 2079/1702/2079 2080/1703/2080 2075/1697/2075
f 2075/1697/2075 2080/1703/2080 190/106/190

usemtl material_396
f 2075/1697/2075 190/106/190 192/106/192

usemtl material_336
f 186/103/186 185/103/185 2075/1697/2075

usemtl material_342
vt 15.9038305 -5.9590106
f 2075/1697/2075 185/103/185 2081/1704/2081
vt 15.8965178 -5.9603243
f 2081/1704/2081 2082/1705/2082 2075/1697/2075
vt 15.8530359 -5.9681373
f 2075/1697/2075 2082/1705/2082 2083/1706/2083

usemtl material_626
vt 15.8188086 -5.9742870
f 2075/1697/2075 2083/1706/2083 2084/1707/2084
vt 15.7602615 -5.9848070
f 2084/1707/2084 2085/1708/2085 2075/1697/2075

usemtl material_341
vt 15.6918163 -5.9971046
f 2075/1697/2075 2085/1708/2085 2086/1709/2086

usemtl material_104
f 2075/1697/2075 2086/1709/2086 2073/1697/2073

usemtl material_103
vt 15.9328175 -5.1796422
vt 15.9672947 -5.2195649
f 2087/1710/2087 2088/1711/2088 2089/1710/2089
vt 16.0126686 -5.2721047
f 2089/1710/2089 2088/1711/2088 2090/1712/2090
vt 16.0516109 -5.3171973
f 2090/1712/2090 2091/1713/2091 2089/1710/2089
vt 16.0742798 -5.3434463
f 2089/1710/2089 2091/1713/2091 2092/1714/2092
vt 16.1032066 -5.3769422
f 2089/1710/2089 2092/1714/2092 2093/1715/2093
vt 16.1080360 -5.3825345
f 2093/1715/2093 2094/1716/2094 2089/1710/2089

usemtl material_186
f 2089/1710/2089 2094/1716/2094 189/105/189

usemtl material_625
f 2089/1710/2089 189/105/189 188/105/188

usemtl material_339
f 181/100/181 180/100/180 2089/1710/2089

usemtl material_397
vt 16.1938763 -5.1184793
f 2089/1710/2089 180/100/180 2095/1717/2095

usemtl material_720
vt 16.1866817 -5.1201644
f 2095/1717/2095 2096/1718/2096 2089/1710/2089

usemtl material_343
vt 16.1435909 -5.1302605
f 2089/1710/2089 2096/1718/2096 2097/1719/2097
vt 16.1098099 -5.1381750
f 2089/1710/2089 2097/1719/2097 2098/1720/2098

usemtl material_186
vt 16.0517769 -5.1517711
f 2098/1720/2098 2099/1721/2099 2089/1710/2089
vt 15.9841852 -5.1676073
f 2089/1710/2089 2099/1721/2099 2100/1722/2100

usemtl material_103
f 2089/1710/2089 2100/1722/2100 2087/1710/2087

usemtl material_396
vt 16.1819191 -4.3386884
vt 16.2185497 -4.3768682
f 2101/1723/2101 2102/1724/2102 2103/1723/2103
vt 16.2665291 -4.4268742
f 2103/1723/2103 2102/1724/2102 2104/1725/2104
vt 16.3078613 -4.4699540
f 2104/1725/2104 2105/1726/2105 2103/1723/2103
vt 16.3318100 -4.4949169
f 2103/1723/2103 2105/1726/2105 2106/1727/2106

usemtl material_100
vt 16.3625126 -4.5269160
f 2103/1723/2103 2106/1727/2106 2107/1728/2107
vt 16.3675976 -4.5322161
f 2107/1728/2107 2108/1729/2108 2103/1723/2103
f 2103/1723/2103 2108/1729/2108 184/102/184

usemtl material_94
f 2103/1723/2103 184/102/184 183/102/183

usemtl material_332
f 179/99/179 177/99/177 2103/1723/2103

usemtl material_624
vt 16.4395332 -4.2639127
f 2103/1723/2103 177/99/177 2109/1730/2109
vt 16.4324799 -4.2659602
f 2109/1730/2109 2110/1731/2110 2103/1723/2103

usemtl material_188
vt 16.3898926 -4.2783213
f 2103/1723/2103 2110/1731/2110 2111/1732/2111

usemtl material_336
vt 16.3566532 -4.2879696
f 2103/1723/2103 2111/1732/2111 2112/1733/2112

usemtl material_100
vt 16.2992954 -4.3046179
f 2112/1733/2112 2113/1734/2113 2103/1723/2103
vt 16.2327423 -4.3239365
f 2103/1723/2103 2113/1734/2113 2114/1735/2114
f 2103/1723/2103 2114/1735/2114 2101/1723/2101

usemtl material_721
vt 16.3866673 -3.4858499
vt 16.4253654 -3.5221720
f 2115/1736/2115 2116/1737/2116 2117/1736/2117

usemtl material_625
vt 16.4758053 -3.5695150
f 2117/1736/2117 2116/1737/2116 2118/1738/2118

usemtl material_721
vt 16.5194263 -3.6104562
f 2118/1738/2118 2119/1739/2119 2117/1736/2117
vt 16.5445900 -3.6340759
f 2117/1736/2117 2119/1739/2119 2120/1740/2120
vt 16.5769825 -3.6644797
f 2117/1736/2117 2120/1740/2120 2121/1741/2121

usemtl material_338
vt 16.5823078 -3.6694777
f 2121/1741/2121 2122/1742/2122 2117/1736/2117
f 2117/1736/2117 2122/1742/2122 176/98/176

usemtl material_722
f 2117/1736/2117 176/98/176 178/98/178

usemtl material_338
vt 16.4368038 -3.4684045
f 2123/1743/2123 2115/1736/2115 2117/1736/2117

usemtl material_93
f 175/97/175 173/97/173 2117/1736/2117

usemtl material_622
vt 16.6401291 -3.3976548
f 2117/1736/2117 173/97/173 2124/1744/2124
vt 16.6332321 -3.4000547
f 2117/1736/2117 2124/1744/2124 2125/1745/2125

usemtl material_339
vt 16.5912724 -3.4146550
f 2125/1745/2125 2126/1746/2126 2117/1736/2117

usemtl material_338
vt 16.5021400 -3.4456701
f 2117/1736/2117 2126/1746/2126 2127/1747/2127
f 2117/1736/2117 2127/1747/2127 2123/1743/2123

usemtl material_621
vt 16.5465012 -2.6234643
vt 16.5871735 -2.6578181
f 2128/1748/2128 2129/1749/2129 2130/1748/2130
vt 16.6399269 -2.7023764
f 2130/1748/2130 2129/1749/2129 2131/1750/2131
vt 16.6857243 -2.7410586
f 2131/1750/2131 2132/1751/2132 2130/1748/2130
vt 16.7120323 -2.7632790
f 2130/1748/2130 2132/1751/2132 2133/1752/2133
vt 16.7460289 -2.7919958
f 2130/1748/2130 2133/1752/2133 2134/1753/2134
vt 16.7515793 -2.7966828
f 2134/1753/2134 2135/1754/2135 2130/1748/2130

usemtl material_332
f 2130/1748/2130 2135/1754/2135 172/96/172

usemtl material_89
f 2130/1748/2130 172/96/172 174/96/174

usemtl material_401
f 168/93/168 167/93/167 2130/1748/2130

usemtl material_333
vt 16.7951126 -2.5220792
f 2130/1748/2130 167/93/167 2136/1755/2136

usemtl material_620
vt 16.7883892 -2.5248201
f 2136/1755/2136 2137/1756/2137 2130/1748/2130
vt 16.7471733 -2.5416288
f 2130/1748/2130 2137/1756/2137 2138/1757/2138

usemtl material_332
vt 16.7152805 -2.5546346
f 2130/1748/2130 2138/1757/2138 2139/1758/2139
vt 16.6597500 -2.5772805
f 2139/1758/2139 2140/1759/2140 2130/1748/2130

usemtl material_621
vt 16.5958080 -2.6033568
f 2130/1748/2130 2140/1759/2140 2141/1760/2141
f 2130/1748/2130 2141/1760/2141 2128/1748/2128

usemtl material_334
vt 16.6609821 -1.7538958
vt 16.7035294 -1.7861745
f 2142/1761/2142 2143/1762/2143 2144/1761/2144
vt 16.7584438 -1.8278354
f 2144/1761/2144 2143/1762/2143 2145/1763/2145
vt 16.8063011 -1.8641430
f 2145/1763/2145 2146/1764/2146 2144/1761/2144
vt 16.8336716 -1.8849087
f 2144/1761/2144 2146/1764/2146 2147/1765/2147

usemtl material_93
vt 16.8691902 -1.9118541
f 2144/1761/2144 2147/1765/2147 2148/1766/2148
vt 16.8749447 -1.9162199
f 2148/1766/2148 2149/1767/2149 2144/1761/2144
f 2144/1761/2144 2149/1767/2149 171/95/171

usemtl material_87
f 2144/1761/2144 171/95/171 170/95/170

usemtl material_615
f 166/92/166 164/92/164 2144/1761/2144

usemtl material_335
vt 16.9040565 -1.6395866
f 2144/1761/2144 164/92/164 2150/1768/2150

usemtl material_619
vt 16.8975277 -1.6426564
f 2150/1768/2150 2151/1769/2151 2144/1761/2144
vt 16.8571701 -1.6616360
f 2144/1761/2144 2151/1769/2151 2152/1770/2152

usemtl material_618
vt 16.8260803 -1.6762562
f 2144/1761/2144 2152/1770/2152 2153/1771/2153

usemtl material_93
vt 16.7716961 -1.7018305
f 2153/1771/2153 2154/1772/2154 2144/1761/2144
vt 16.7093201 -1.7311643
f 2144/1761/2144 2154/1772/2154 2155/1773/2155

usemtl material_334
f 2144/1761/2144 2155/1773/2155 2142/1761/2142

usemtl material_328
vt 16.7297955 -0.8795274
vt 16.8310299 -0.9482887
f 2156/1774/2156 2157/1774/2157 2158/1775/2158
vt 16.8808250 -0.9821123
f 2158/1775/2158 2159/1776/2159 2156/1774/2156
vt 16.9091797 -1.0013720
f 2156/1774/2156 2159/1776/2159 2160/1777/2160
vt 16.9461231 -1.0264666
f 2156/1774/2156 2160/1777/2160 2161/1778/2161

usemtl material_401
vt 16.9520664 -1.0305022
f 2161/1778/2161 2162/1779/2162 2156/1774/2156
f 2156/1774/2156 2162/1779/2162 163/91/163

usemtl material_323
f 2156/1774/2156 163/91/163 165/91/165

usemtl material_197
f 162/90/162 160/90/160 2156/1774/2156

usemtl material_400
vt 16.9666634 -0.7525956
f 2156/1774/2156 160/90/160 2163/1780/2163
vt 16.9603424 -0.7559816
f 2163/1780/2163 2164/1781/2164 2156/1774/2156

usemtl material_329
vt 16.9209557 -0.7770889
f 2156/1774/2156 2164/1781/2164 2165/1782/2165
vt 16.8907528 -0.7932745
f 2156/1774/2156 2165/1782/2165 2166/1783/2166

usemtl material_401
vt 16.8376713 -0.8217193
f 2166/1783/2166 2167/1784/2167 2156/1774/2156
vt 16.7770252 -0.8542181
f 2156/1774/2156 2167/1784/2167 2168/1785/2168

usemtl material_328
f 2156/1774/2156 2168/1785/2168 2157/1774/2157

usemtl material_87
vt 16.7527561 -0.0027560
vt 16.7987309 -0.0305842
f 2169/1786/2169 2170/1787/2170 2171/1786/2171
vt 16.8574848 -0.0661467
f 2171/1786/2171 2170/1787/2170 2172/1788/2172
vt 16.9090900 -0.0973831
f 2172/1788/2172 2173/1789/2173 2171/1786/2171
vt 16.9383430 -0.1150904
f 2171/1786/2171 2173/1789/2173 2174/1790/2174

usemtl material_330
vt 16.9766216 -0.1382589
f 2171/1786/2171 2174/1790/2174 2175/1791/2175
vt 16.9827309 -0.1419564
f 2175/1791/2175 2176/1792/2176 2171/1786/2171
f 2171/1786/2171 2176/1792/2176 159/89/159

usemtl material_199
f 2171/1786/2171 159/89/159 161/89/161

usemtl material_723
f 155/86/155 154/86/154 2171/1786/2171

usemtl material_613
vt 16.9827576 0.1364620
f 2171/1786/2171 154/86/154 2177/1793/2177

usemtl material_724
vt 16.9766655 0.1327735
f 2177/1793/2177 2178/1794/2178 2171/1786/2171
vt 16.9383602 0.1095879
f 2171/1786/2171 2178/1794/2178 2179/1795/2179

usemtl material_615
vt 16.9091206 0.0918897
f 2171/1786/2171 2179/1795/2179 2180/1796/2180
vt 16.8574944 0.0606405
f 2180/1796/2180 2181/1797/2181 2171/1786/2171

usemtl material_330
vt 16.7987404 0.0250775
f 2171/1786/2171 2181/1797/2181 2182/1798/2182
f 2171/1786/2171 2182/1798/2182 2169/1786/2169

usemtl material_86
vt 16.7297955 0.8740156
vt 16.7773151 0.8485523
f 2183/1799/2183 2184/1800/2184 2185/1799/2185

usemtl material_725
vt 16.8377361 0.8161728
f 2185/1799/2185 2184/1800/2184 2186/1801/2186
vt 16.8910179 0.7876205
f 2186/1801/2186 2187/1802/2187 2185/1799/2185

usemtl material_86
vt 16.9210854 0.7715071
f 2185/1799/2185 2187/1802/2187 2188/1803/2188
vt 16.9605942 0.7503351
f 2185/1799/2185 2188/1803/2188 2189/1804/2189

usemtl material_197
vt 16.9668522 0.7469822
f 2189/1804/2189 2190/1805/2190 2185/1799/2185
f 2185/1799/2185 2190/1805/2190 158/88/158

usemtl material_726
f 2185/1799/2185 158/88/158 157/88/157

usemtl material_319
f 150/83/150 149/83/149 2185/1799/2185

usemtl material_609
vt 16.9522991 1.0251486
f 2185/1799/2185 149/83/149 2191/1806/2191

usemtl material_608
vt 16.9464436 1.0211722
f 2191/1806/2191 2192/1807/2192 2185/1799/2185

usemtl material_403
vt 16.9093304 0.9959635
f 2185/1799/2185 2192/1807/2192 2193/1808/2193

usemtl material_727
vt 16.8811321 0.9768094
f 2185/1799/2185 2193/1808/2193 2194/1809/2194

usemtl material_197
vt 16.8311081 0.9428303
f 2194/1809/2194 2195/1810/2195 2185/1799/2185
vt 16.7743988 0.9043120
f 2185/1799/2185 2195/1810/2195 2196/1811/2196

usemtl material_86
f 2185/1799/2185 2196/1811/2196 2183/1799/2183

usemtl material_728
vt 16.6609821 1.7483839
vt 16.7099190 1.7253710
f 2197/1812/2197 2198/1813/2198 2199/1812/2199
vt 16.7718391 1.6962516
f 2199/1812/2199 2198/1813/2198 2200/1814/2200
vt 16.8266563 1.6704735
f 2200/1814/2200 2201/1815/2201 2199/1812/2199
vt 16.8574524 1.6559908
f 2199/1812/2199 2201/1815/2201 2202/1816/2202

usemtl material_83
vt 16.8980885 1.6368806
f 2199/1812/2199 2202/1816/2202 2203/1817/2203
vt 16.9044743 1.6338778
f 2203/1817/2203 2204/1818/2204 2199/1812/2199
f 2199/1812/2199 2204/1818/2204 153/85/153

usemtl material_729
f 2199/1812/2199 153/85/153 152/85/152

usemtl material_604
f 148/82/148 146/82/146 2199/1812/2199

usemtl material_602
vt 16.8753681 1.9110280
f 2199/1812/2199 146/82/146 2205/1819/2205

usemtl material_198
vt 16.8697643 1.9067785
f 2205/1819/2205 2206/1820/2206 2199/1812/2199
vt 16.8339520 1.8796080
f 2199/1812/2199 2206/1820/2206 2207/1821/2207

usemtl material_606
vt 16.8068657 1.8590585
f 2199/1812/2199 2207/1821/2207 2208/1822/2208

usemtl material_83
vt 16.7585869 1.8224319
f 2208/1822/2208 2209/1823/2209 2199/1812/2199
vt 16.7040730 1.7810744
f 2199/1812/2199 2209/1823/2209 2210/1824/2210

usemtl material_728
f 2199/1812/2199 2210/1824/2210 2197/1812/2197

usemtl material_730
vt 16.5465012 2.6179523
vt 16.5967293 2.5974693
f 2211/1825/2211 2212/1826/2212 2213/1825/2213
vt 16.6599731 2.5716777
f 2213/1825/2213 2212/1826/2212 2214/1827/2214
vt 16.7161789 2.5487566
f 2214/1827/2214 2215/1828/2215 2213/1825/2213
vt 16.7476158 2.5359364
f 2213/1825/2213 2215/1828/2215 2216/1829/2216
vt 16.7892723 2.5189483
f 2213/1825/2213 2216/1829/2216 2217/1830/2217
vt 16.7957668 2.5162997
f 2217/1830/2217 2218/1831/2218 2213/1825/2213

usemtl material_594
f 2213/1825/2213 2218/1831/2218 145/81/145

usemtl material_731
f 2213/1825/2213 145/81/145 147/81/147

usemtl material_579
f 141/78/141 140/78/140 2213/1825/2213

usemtl material_596
vt 16.7521725 2.7916713
f 2213/1825/2213 140/78/140 2219/1832/2219

usemtl material_595
vt 16.7468357 2.7871642
f 2219/1832/2219 2220/1833/2220 2213/1825/2213
vt 16.7124252 2.7580988
f 2213/1825/2213 2220/1833/2220 2221/1834/2221

usemtl material_594
vt 16.6865196 2.7362177
f 2213/1825/2213 2221/1834/2221 2222/1835/2222
vt 16.6401291 2.6970341
f 2222/1835/2222 2223/1836/2223 2213/1825/2213

usemtl material_730
vt 16.5879478 2.6529608
f 2213/1825/2213 2223/1836/2223 2224/1837/2224
f 2213/1825/2213 2224/1837/2224 2211/1825/2211

usemtl material_78
vt 16.3866673 3.4803379
vt 16.4380531 3.4624572
f 2225/1838/2225 2226/1839/2226 2227/1838/2227
vt 16.5024452 3.4400516
f 2227/1838/2227 2226/1839/2226 2228/1840/2228
vt 16.5598907 3.4200625
f 2228/1840/2228 2229/1841/2229 2227/1838/2227
vt 16.5918789 3.4089322
f 2227/1838/2227 2229/1841/2229 2230/1842/2230
vt 16.6344433 3.3941207
f 2227/1838/2227 2230/1842/2230 2231/1843/2231

usemtl material_589
vt 16.6410294 3.3918293
f 2231/1843/2231 2232/1844/2232 2227/1838/2227
f 2227/1838/2227 2232/1844/2232 144/80/144

usemtl material_732
f 2227/1838/2227 144/80/144 143/80/143

usemtl material_733
f 136/75/136 135/75/135 2227/1838/2227

usemtl material_591
vt 16.5830517 3.6646638
f 2227/1838/2227 135/75/135 2233/1845/2233

usemtl material_590
vt 16.5779934 3.6599152
f 2233/1845/2233 2234/1846/2234 2227/1838/2227
vt 16.5450840 3.6290271
f 2227/1838/2227 2234/1846/2234 2235/1847/2235

usemtl material_589
vt 16.5204239 3.6058822
f 2227/1838/2227 2235/1847/2235 2236/1848/2236
vt 16.4760571 3.5642395
f 2236/1848/2236 2237/1849/2237 2227/1838/2227
vt 16.4263477 3.5175807
f 2227/1838/2227 2237/1849/2237 2238/1850/2238

usemtl material_78
f 2227/1838/2227 2238/1850/2238 2225/1838/2225

usemtl material_734
vt 16.1819191 4.3331761
vt 16.2343292 4.3179641
f 2239/1851/2239 2240/1852/2240 2241/1851/2241
vt 16.2996845 4.2989931
f 2241/1851/2241 2240/1852/2240 2242/1853/2242

usemtl material_75
vt 16.3582172 4.2820039
f 2242/1853/2242 2243/1854/2243 2241/1851/2241
vt 16.3906651 4.2725854
f 2241/1851/2241 2243/1854/2243 2244/1855/2244
vt 16.4340248 4.2599993
f 2241/1851/2241 2244/1855/2244 2245/1856/2245
vt 16.4406815 4.2580671
f 2245/1856/2245 2246/1857/2246 2241/1851/2241

usemtl material_735
f 2241/1851/2241 2246/1857/2246 139/77/139

usemtl material_736
f 2241/1851/2241 139/77/139 138/77/138

usemtl material_737
f 134/74/134 132/74/132 2241/1851/2241

usemtl material_738
vt 16.3684692 4.5276141
f 2241/1851/2241 132/74/132 2247/1858/2247

usemtl material_739
vt 16.3636951 4.5226383
f 2247/1858/2247 2248/1859/2248 2241/1851/2241
vt 16.3323917 4.4900093
f 2241/1851/2241 2248/1859/2248 2249/1860/2249

usemtl material_735
vt 16.3090363 4.4656672
f 2241/1851/2241 2249/1860/2249 2250/1861/2250
vt 16.2668247 4.4216709
f 2250/1861/2250 2251/1862/2251 2241/1851/2241

usemtl material_75
vt 16.2197075 4.3725629
f 2241/1851/2241 2251/1862/2251 2252/1863/2252

usemtl material_734
f 2241/1851/2241 2252/1863/2252 2239/1851/2239

usemtl material_71
vt 15.9328175 5.1741304
vt 15.9861088 5.1616449
f 2253/1864/2253 2254/1865/2254 2255/1864/2255
vt 16.0522518 5.1461482
f 2255/1864/2255 2254/1865/2254 2256/1866/2256

usemtl material_588
vt 16.1117096 5.1322179
f 2256/1866/2256 2257/1867/2257 2255/1864/2255
vt 16.1445274 5.1245289
f 2255/1864/2255 2257/1867/2257 2258/1868/2258

usemtl material_571
vt 16.1885662 5.1142111
f 2255/1864/2255 2258/1868/2258 2259/1869/2259
vt 16.1952724 5.1126394
f 2259/1869/2259 2260/1870/2260 2255/1864/2255

usemtl material_587
f 2255/1864/2255 2260/1870/2260 131/73/131

usemtl material_740
f 2255/1864/2255 131/73/131 133/73/133

usemtl material_71
vt 15.9365139 5.1784096
f 2261/1871/2261 2253/1864/2253 2255/1864/2255

usemtl material_741
f 130/72/130 128/72/128 2255/1864/2255

usemtl material_576
vt 16.1090164 5.3781567
f 2255/1864/2255 128/72/128 2262/1872/2262
vt 16.1045341 5.3729677
f 2262/1872/2262 2263/1873/2263 2255/1864/2255

usemtl material_574
vt 16.0749321 5.3386889
f 2255/1864/2255 2263/1873/2263 2264/1874/2264
vt 16.0529289 5.3132138
f 2255/1864/2255 2264/1874/2264 2265/1875/2265

usemtl material_587
vt 16.0130005 5.2669773
f 2265/1875/2265 2266/1876/2266 2255/1864/2255

usemtl material_588
vt 15.9685984 5.2155623
f 2255/1864/2255 2266/1876/2266 2267/1877/2267
f 2255/1864/2255 2267/1877/2267 2261/1871/2261

usemtl material_742
vt 15.6400442 6.0008950
vt 15.6940727 5.9911876
f 2268/1878/2268 2269/1879/2269 2270/1878/2270
vt 15.7608185 5.9791946
f 2270/1878/2270 2269/1879/2269 2271/1880/2271
vt 15.8210411 5.9683743
f 2271/1880/2271 2272/1881/2272 2270/1878/2270
vt 15.8541393 5.9624271
f 2270/1878/2270 2272/1881/2272 2273/1882/2273

usemtl material_412
vt 15.8987341 5.9544144
f 2270/1878/2270 2273/1882/2273 2274/1883/2274
vt 15.9054737 5.9532032
f 2274/1883/2274 2275/1884/2275 2270/1878/2270
f 2270/1878/2270 2275/1884/2275 127/71/127

usemtl material_64
f 2270/1878/2270 127/71/127 129/71/129
f 2270/1878/2270 123/68/123 2268/1878/2268

usemtl material_305
f 2268/1878/2268 123/68/123 122/68/122

usemtl material_743
vt 15.6737061 6.0442677
f 2268/1878/2268 122/68/122 2276/1885/2276

usemtl material_570
vt 15.8173628 6.2293758
f 2276/1885/2276 122/68/122 2277/1886/2277

usemtl material_744
vt 15.8012171 6.2085714
vt 15.7734022 6.1727314
vt 15.7528114 6.1461992
f 2278/1887/2278 2279/1888/2279 2280/1889/2280

usemtl material_570
vt 15.8053970 6.2139578
f 2277/1886/2277 2281/1890/2281 2276/1885/2276

usemtl material_744
f 2276/1885/2276 2281/1890/2281 2278/1887/2278

usemtl material_743
vt 15.7152824 6.0978427
f 2276/1885/2276 2278/1887/2278 2282/1891/2282
f 2282/1891/2282 2278/1887/2278 2280/1889/2280

usemtl material_316
vt 15.5914478 6.7750125
vt 15.3590193 6.8043175
f 2283/1892/2283 126/70/126 2284/1893/2284

usemtl material_61
vt 15.3044043 6.8112040
f 125/70/125 2285/1894/2285 126/70/126

usemtl material_211
f 126/70/126 2285/1894/2285 2286/1894/2286

usemtl material_316
f 126/70/126 2286/1894/2286 2284/1893/2284
vt 15.4870090 6.7881808
vt 15.5202942 6.7839842
vt 15.5653267 6.7783065
f 2287/1895/2287 2288/1896/2288 2289/1897/2289

usemtl material_745
vt 15.4261866 6.7958493
f 2287/1895/2287 2289/1897/2289 2290/1898/2290
f 2290/1898/2290 2289/1897/2289 2284/1893/2284

usemtl material_316
vt 15.5720806 6.7774549
f 2284/1893/2284 2289/1897/2289 2291/1899/2291
f 2284/1893/2284 2291/1899/2291 2283/1892/2283

usemtl material_61
f 2285/1894/2285 119/66/119 2286/1894/2286

usemtl material_309
f 2286/1894/2286 119/66/119 121/66/121

usemtl material_413
vt 15.3358374 6.8564062
f 2286/1894/2286 121/66/121 2292/1900/2292

usemtl material_304
vt 15.4696074 7.0487757
f 2292/1900/2292 121/66/121 2293/1901/2293

usemtl material_568
vt 15.4545746 7.0271583
vt 15.4286318 6.9898505
vt 15.4094992 6.9623375
f 2294/1902/2294 2295/1903/2295 2296/1904/2296
vt 15.4584446 7.0327244
f 2293/1901/2293 2297/1905/2297 2292/1900/2292
f 2292/1900/2292 2297/1905/2297 2294/1902/2294

usemtl material_413
vt 15.3744869 6.9119878
f 2292/1900/2292 2294/1902/2294 2298/1906/2298
f 2298/1906/2298 2294/1902/2294 2296/1904/2296

usemtl material_567
vt 15.2155075 7.5817065
vt 14.9818668 7.5988069
f 2299/1907/2299 118/65/118 2300/1908/2300

usemtl material_60
vt 14.9268141 7.6028361
f 117/65/117 2301/1909/2301 118/65/118

usemtl material_564
f 118/65/118 2301/1909/2301 2302/1909/2302

usemtl material_567
f 118/65/118 2302/1909/2302 2300/1908/2300
vt 15.1105251 7.5893898
vt 15.1439085 7.5869465
vt 15.1892529 7.5836282
f 2303/1910/2303 2304/1911/2304 2305/1912/2305
vt 15.0492725 7.5938735
f 2303/1910/2303 2305/1912/2305 2306/1913/2306

usemtl material_412
f 2306/1913/2306 2305/1912/2305 2300/1908/2300

usemtl material_567
vt 15.1960020 7.5831342
f 2300/1908/2300 2305/1912/2305 2307/1914/2307
f 2300/1908/2300 2307/1914/2307 2299/1907/2299

usemtl material_214
f 2301/1909/2301 116/64/116 2302/1909/2302

usemtl material_746
f 2302/1909/2302 116/64/116 114/64/114

usemtl material_305
vt 14.9559193 7.6497502
f 2302/1909/2302 114/64/114 2308/1915/2308

usemtl material_66
vt 15.0794353 7.8488531
f 2308/1915/2308 114/64/114 2309/1916/2309

usemtl material_306
vt 15.0655565 7.8264818
vt 15.0415640 7.7878070
vt 15.0239363 7.7593918
f 2310/1917/2310 2311/1918/2311 2312/1919/2312
vt 15.0691109 7.8322115
f 2309/1916/2309 2313/1920/2313 2308/1915/2308
f 2308/1915/2308 2313/1920/2313 2310/1917/2310

usemtl material_305
vt 14.9915476 7.7071824
f 2308/1915/2308 2310/1917/2310 2314/1921/2314
f 2314/1921/2314 2310/1917/2310 2312/1919/2312

usemtl material_308
vt 14.7978592 8.3676281
vt 14.5636482 8.3724766
f 2315/1922/2315 113/63/113 2316/1923/2316

usemtl material_416
vt 14.5083122 8.3736219
f 115/63/115 2317/1924/2317 113/63/113

usemtl material_302
f 113/63/113 2317/1924/2317 2318/1924/2318

usemtl material_211
f 113/63/113 2318/1924/2318 2316/1923/2316
vt 14.6926231 8.3698063
vt 14.7260132 8.3691149
vt 14.7715445 8.3681726
f 2319/1925/2319 2320/1926/2320 2321/1927/2321
vt 14.6311073 8.3710794
f 2319/1925/2319 2321/1927/2321 2322/1928/2322
f 2322/1928/2322 2321/1927/2321 2316/1923/2316

usemtl material_308
vt 14.7782717 8.3680334
f 2316/1923/2316 2321/1927/2321 2323/1929/2323
f 2316/1923/2316 2323/1929/2323 2315/1922/2315

usemtl material_416
f 2317/1924/2317 109/60/109 2318/1924/2318

usemtl material_418
f 2318/1924/2318 109/60/109 108/60/108

usemtl material_309
vt 14.5349922 8.4221249
f 2318/1924/2318 108/60/108 2324/1930/2324

usemtl material_566
vt 14.6479168 8.6274147
f 2324/1930/2324 108/60/108 2325/1931/2325

usemtl material_415
vt 14.6352301 8.6043510
vt 14.6132603 8.5644121
vt 14.5971785 8.5351753
f 2326/1932/2326 2327/1933/2327 2328/1934/2328
vt 14.6384621 8.6102276
f 2325/1931/2325 2329/1935/2329 2324/1930/2324
f 2324/1930/2324 2329/1935/2329 2326/1932/2326

usemtl material_309
vt 14.5675135 8.4812450
f 2324/1930/2324 2326/1932/2326 2330/1936/2330
f 2330/1936/2330 2326/1932/2326 2328/1934/2328

usemtl material_212
vt 14.3396473 9.1306200
vt 14.1055059 9.1232052
f 2331/1937/2331 112/62/112 2332/1938/2332

usemtl material_422
vt 14.0500431 9.1214485
f 111/62/111 2333/1939/2333 112/62/112

usemtl material_60
f 112/62/112 2333/1939/2333 2334/1939/2334

usemtl material_564
f 112/62/112 2334/1939/2334 2332/1938/2332
vt 14.2344446 9.1272888
vt 14.2677526 9.1283436
vt 14.3133430 9.1297874
f 2335/1940/2335 2336/1941/2336 2337/1942/2337

usemtl material_414
vt 14.1728392 9.1253376
f 2335/1940/2335 2337/1942/2337 2338/1943/2338
f 2338/1943/2338 2337/1942/2337 2332/1938/2332

usemtl material_564
vt 14.3200312 9.1299992
f 2332/1938/2332 2337/1942/2337 2339/1944/2339
f 2332/1938/2332 2339/1944/2339 2331/1937/2331

usemtl material_422
f 2333/1939/2333 104/57/104 2334/1939/2334

usemtl material_556
f 2334/1939/2334 104/57/104 103/57/103

usemtl material_212
vt 14.0742111 9.1714106
f 2334/1939/2334 103/57/103 2340/1945/2340

usemtl material_67
vt 14.1762333 9.3823242
f 2340/1945/2340 103/57/103 2341/1946/2341

usemtl material_561
vt 14.1647739 9.3586321
vt 14.1448946 9.3175354
vt 14.1303949 9.2875605
f 2342/1947/2342 2343/1948/2343 2344/1949/2344
vt 14.1676788 9.3646374
f 2341/1946/2341 2345/1950/2345 2340/1945/2340

usemtl material_560
f 2340/1945/2340 2345/1950/2345 2342/1947/2342

usemtl material_212
vt 14.1035461 9.2320557
f 2340/1945/2340 2342/1947/2342 2346/1951/2346
f 2346/1951/2346 2342/1947/2342 2344/1949/2344

usemtl material_298
vt 13.8421259 9.8685942
vt 13.6086979 9.8489351
f 2347/1952/2347 107/59/107 2348/1953/2348

usemtl material_546
vt 13.5532646 9.8442669
f 106/59/106 2349/1954/2349 107/59/107

usemtl material_416
f 107/59/107 2349/1954/2349 2350/1954/2350

usemtl material_302
f 107/59/107 2350/1954/2350 2348/1953/2348
vt 13.7372465 9.8597612
vt 13.7703819 9.8625526
vt 13.8159056 9.8663855
f 2351/1955/2351 2352/1956/2352 2353/1957/2353

usemtl material_61
vt 13.6757231 9.8545799
f 2351/1955/2351 2353/1957/2353 2354/1958/2354
f 2354/1958/2354 2353/1957/2353 2348/1953/2348

usemtl material_302
vt 13.8225365 9.8669443
f 2348/1953/2348 2353/1957/2353 2355/1959/2355
f 2348/1953/2348 2355/1959/2355 2347/1952/2347

usemtl material_546
f 2349/1954/2349 102/56/102 2350/1954/2350

usemtl material_301
f 2350/1954/2350 102/56/102 100/56/100

usemtl material_298
vt 13.5748377 9.8955526
f 2350/1954/2350 100/56/100 2356/1960/2356

usemtl material_558
vt 13.6656809 10.1115122
f 2356/1960/2356 100/56/100 2357/1961/2357

usemtl material_418
vt 13.6554775 10.0872574
vt 13.6377506 10.0451136
vt 13.6248655 10.0144835
f 2358/1962/2358 2359/1963/2359 2360/1964/2360
vt 13.6580505 10.0933733
f 2357/1961/2357 2361/1965/2361 2356/1960/2356

usemtl material_298
f 2356/1960/2356 2361/1965/2361 2358/1962/2358
vt 13.6009188 9.9575539
f 2356/1960/2356 2358/1962/2358 2362/1966/2362
f 2362/1966/2362 2358/1962/2358 2360/1964/2360

usemtl material_60
vt 13.3066587 10.5795250
vt 13.0745821 10.5476761
f 2363/1967/2363 99/55/99 2364/1968/2364

usemtl material_747
vt 13.0193367 10.5400953
f 101/55/101 2365/1969/2365 99/55/99

usemtl material_53
f 99/55/99 2365/1969/2365 2366/1969/2366

usemtl material_299
f 99/55/99 2366/1969/2366 2364/1968/2364
vt 13.2023888 10.5652161
vt 13.2352648 10.5697269
vt 13.2805939 10.5759478
f 2367/1970/2367 2368/1971/2368 2369/1972/2369
vt 13.1411209 10.5568075
f 2367/1970/2367 2369/1972/2369 2370/1973/2370
f 2370/1973/2370 2369/1972/2369 2364/1968/2364
vt 13.2871504 10.5768471
f 2364/1968/2364 2369/1972/2369 2371/1974/2371

usemtl material_60
f 2364/1968/2364 2371/1974/2371 2363/1967/2363

usemtl material_50
f 2365/1969/2365 98/54/98 2366/1969/2366

usemtl material_549
f 2366/1969/2366 98/54/98 96/54/96

usemtl material_556
vt 13.1176558 10.8129787
f 96/54/96 2372/1975/2372 2366/1969/2366

usemtl material_555
vt 13.1109753 10.7944374
f 2366/1969/2366 2372/1975/2372 2373/1976/2373
vt 13.1087379 10.7882261
f 2366/1969/2366 2373/1976/2373 2374/1977/2374

usemtl material_557
vt 13.0932178 10.7451515
f 2374/1977/2374 2375/1978/2375 2366/1969/2366

usemtl material_60
vt 13.0819759 10.7139511
f 2366/1969/2366 2375/1978/2375 2376/1979/2376
vt 13.0610075 10.6557512
f 2366/1969/2366 2376/1979/2376 2377/1980/2377

usemtl material_416
vt 12.7347107 11.2614622
vt 12.5046225 11.2175121
f 2378/1981/2378 95/53/95 2379/1982/2379

usemtl material_748
vt 12.4497232 11.2070255
f 97/53/97 2380/1983/2380 95/53/95

usemtl material_51
f 95/53/95 2380/1983/2380 2381/1983/2381

usemtl material_553
f 95/53/95 2381/1983/2381 2379/1982/2379
vt 12.6313362 11.2417164
vt 12.6638660 11.2479305
vt 12.7088728 11.2565260
f 2382/1984/2382 2383/1985/2383 2384/1986/2384
vt 12.5704985 11.2300949
f 2382/1984/2382 2384/1986/2384 2385/1987/2385
f 2385/1987/2385 2384/1986/2384 2379/1982/2379
vt 12.7153397 11.2577620
f 2379/1982/2379 2384/1986/2384 2386/1988/2386

usemtl material_552
f 2379/1982/2379 2386/1988/2386 2378/1981/2378

usemtl material_748
f 2380/1983/2380 91/50/91 2381/1983/2381

usemtl material_559
f 2381/1983/2381 91/50/91 90/50/90

usemtl material_416
vt 12.4658937 11.2605352
f 2381/1983/2381 90/50/90 2387/1989/2387

usemtl material_301
vt 12.5336628 11.4848003
f 2387/1989/2387 90/50/90 2388/1990/2388

usemtl material_57
vt 12.5260534 11.4596167
vt 12.5127907 11.4157305
vt 12.5032158 11.3840427
f 2389/1991/2389 2390/1992/2390 2391/1993/2391

usemtl material_301
vt 12.5279531 11.4659061
f 2388/1990/2388 2392/1994/2392 2387/1989/2387

usemtl material_57
f 2387/1989/2387 2392/1994/2392 2389/1991/2389

usemtl material_416
vt 12.4852934 11.3247356
f 2387/1989/2387 2389/1991/2389 2393/1995/2393

usemtl material_57
f 2393/1995/2393 2389/1991/2389 2391/1993/2391

usemtl material_551
vt 12.1278505 11.9125366
vt 11.9003801 11.8566055
f 2394/1996/2394 94/52/94 2395/1997/2395

usemtl material_749
vt 11.8459873 11.8432312
f 93/52/93 2396/1998/2396 94/52/94

usemtl material_538
f 94/52/94 2396/1998/2396 2397/1998/2397

usemtl material_218
f 94/52/94 2397/1998/2397 2395/1997/2395
vt 12.0256538 11.8874083
vt 12.0577536 11.8953009
vt 12.1023092 11.9062557
f 2398/1999/2398 2399/2000/2399 2400/2001/2400

usemtl material_59
vt 11.9654188 11.8725967
f 2398/1999/2398 2400/2001/2400 2401/2002/2401
f 2401/2002/2401 2400/2001/2400 2395/1997/2395

usemtl material_218
vt 12.1086712 11.9078207
f 2395/1997/2395 2400/2001/2400 2402/2003/2402

usemtl material_551
f 2395/1997/2395 2402/2003/2402 2394/1996/2394

usemtl material_749
f 2396/1998/2396 89/49/89 2397/1998/2397

usemtl material_554
f 2397/1998/2397 89/49/89 87/49/87

usemtl material_53
vt 11.8593636 11.8976316
f 2397/1998/2397 87/49/87 2403/2004/2403

usemtl material_549
vt 11.9153023 12.1251316
f 2403/2004/2403 87/49/87 2404/2005/2404

usemtl material_422
vt 11.9090214 12.0995893
vt 11.8980598 12.0550098
vt 11.8901701 12.0229235
f 2405/2006/2405 2406/2007/2406 2407/2008/2407
vt 11.9105816 12.1059380
f 2404/2005/2404 2408/2009/2408 2403/2004/2403
f 2403/2004/2403 2408/2009/2408 2405/2006/2405

usemtl material_551
vt 11.8753557 11.9626713
f 2403/2004/2403 2405/2006/2405 2409/2010/2409

usemtl material_53
f 2409/2010/2409 2405/2006/2405 2407/2008/2407

usemtl material_56
vt 11.4877405 12.5309620
vt 11.2635107 12.4632044
f 2410/2011/2410 86/48/86 2411/2012/2411

usemtl material_750
vt 11.2097826 12.4469681
f 88/48/88 2412/2013/2412 86/48/86

usemtl material_46
f 86/48/86 2412/2013/2412 2413/2013/2413

usemtl material_217
f 86/48/86 2413/2013/2413 2411/2012/2411
vt 11.3275404 12.4825525
vt 11.4185858 12.5100651
vt 11.4625654 12.5233545
f 2414/2014/2414 2415/2015/2415 2416/2016/2416
f 2414/2014/2414 2416/2016/2416 2411/2012/2411
vt 11.4688072 12.5252409
f 2411/2012/2411 2416/2016/2416 2417/2017/2417
f 2411/2012/2411 2417/2017/2417 2410/2011/2410

usemtl material_751
f 2412/2013/2412 85/47/85 2413/2013/2413

usemtl material_752
f 2413/2013/2413 85/47/85 83/47/83

usemtl material_56
vt 11.2203150 12.5021076
f 2413/2013/2413 83/47/83 2418/2018/2418

usemtl material_546
vt 11.2642679 12.7322187
f 2418/2018/2418 83/47/83 2419/2019/2419

usemtl material_51
vt 11.2593346 12.7063856
vt 11.2507105 12.6612387
vt 11.2445211 12.6288395
f 2420/2020/2420 2421/2021/2421 2422/2022/2422

usemtl material_546
vt 11.2605553 12.7127790
f 2419/2019/2419 2423/2023/2423 2418/2018/2418

usemtl material_51
f 2418/2018/2418 2423/2023/2423 2420/2020/2420

usemtl material_56
vt 11.2328644 12.5678091
f 2418/2018/2418 2420/2020/2420 2424/2024/2424
f 2424/2024/2424 2420/2020/2420 2422/2022/2422

usemtl material_48
vt 10.8161325 13.1150436
vt 10.5957603 13.0356436
f 2425/2025/2425 82/46/82 2426/2026/2426

usemtl material_753
vt 10.5428505 13.0165806
f 84/46/84 2427/2027/2427 82/46/82

usemtl material_44
f 82/46/82 2427/2027/2427 2428/2027/2428

usemtl material_419
f 82/46/82 2428/2027/2428 2426/2026/2426
vt 10.7171297 13.0793734
vt 10.7481155 13.0905371
vt 10.7913942 13.1061296
f 2429/2028/2429 2430/2029/2430 2431/2030/2431
vt 10.6586113 13.0582886
f 2429/2028/2429 2431/2030/2431 2432/2031/2432
f 2432/2031/2432 2431/2030/2431 2426/2026/2426

usemtl material_428
vt 10.7974997 13.1083298
f 2426/2026/2426 2431/2030/2431 2433/2032/2433
f 2426/2026/2426 2433/2032/2433 2425/2025/2425

usemtl material_754
f 2427/2027/2427 78/43/78 2428/2027/2428

usemtl material_755
f 2428/2027/2428 78/43/78 77/43/77

usemtl material_48
vt 10.5504980 13.0723038
f 2428/2027/2428 77/43/77 2434/2033/2434

usemtl material_427
vt 10.5823479 13.3043966
f 2434/2033/2434 77/43/77 2435/2034/2435

usemtl material_756
vt 10.5787725 13.2783442
vt 10.5725164 13.2327528
vt 10.5680399 13.2001286
f 2436/2035/2436 2437/2036/2437 2438/2037/2438

usemtl material_427
vt 10.5796537 13.2847643
f 2435/2034/2435 2439/2038/2439 2434/2033/2434

usemtl material_54
f 2434/2033/2434 2439/2038/2439 2436/2035/2436

usemtl material_48
vt 10.5595808 13.1384907
f 2434/2033/2434 2436/2035/2436 2440/2039/2440

usemtl material_756
f 2440/2039/2440 2436/2035/2436 2438/2037/2438

usemtl material_757
vt 9.8470230 13.5505085
vt 9.8989573 13.5723543
f 2441/2040/2441 2442/2041/2442 2443/2040/2443
vt 9.9604616 13.5982256
f 2443/2040/2443 2442/2041/2442 2444/2042/2444
vt 10.0178661 13.6223736
f 2444/2042/2444 2445/2043/2445 2443/2040/2443

usemtl material_758
vt 10.0490446 13.6354885
f 2443/2040/2443 2445/2043/2445 2446/2044/2446
vt 10.0906324 13.6529818
f 2443/2040/2443 2446/2044/2446 2447/2045/2447

usemtl material_43
vt 10.0970364 13.6556759
f 2447/2045/2447 2448/2046/2448 2443/2040/2443
f 2443/2040/2443 2448/2046/2448 81/45/81

usemtl material_232
f 2443/2040/2443 81/45/81 80/45/80

usemtl material_759
f 73/40/73 72/40/72 2443/2040/2443

usemtl material_760
vt 9.8697872 13.8208084
f 2443/2040/2443 72/40/72 2449/2047/2449

usemtl material_761
vt 9.8692045 13.8138914
f 2449/2047/2449 2450/2048/2450 2443/2040/2443

usemtl material_762
vt 9.8654175 13.7689219
f 2443/2040/2443 2450/2048/2450 2451/2049/2451

usemtl material_43
vt 9.8625784 13.7352180
f 2443/2040/2443 2451/2049/2451 2452/2050/2452
vt 9.8573513 13.6731462
f 2452/2050/2452 2453/2051/2453 2443/2040/2443

usemtl material_758
vt 9.8517523 13.6066570
f 2443/2040/2443 2453/2051/2453 2454/2052/2454

usemtl material_757
f 2443/2040/2443 2454/2052/2454 2441/2040/2441

usemtl material_527
vt 9.1242046 14.0472870
vt 9.1750097 14.0718632
f 2455/2053/2455 2456/2054/2456 2457/2053/2457
vt 9.2350121 14.1008873
f 2457/2053/2457 2456/2054/2456 2458/2055/2458
vt 9.2911396 14.1280365
f 2458/2055/2458 2459/2056/2459 2457/2053/2457

usemtl material_528
vt 9.3215437 14.1427441
f 2457/2053/2457 2459/2056/2459 2460/2057/2460
vt 9.3622036 14.1624126
f 2457/2053/2457 2460/2057/2460 2461/2058/2461

usemtl material_529
vt 9.3684359 14.1654263
f 2461/2058/2461 2462/2059/2462 2457/2053/2457

usemtl material_40
f 2457/2053/2457 2462/2059/2462 76/42/76

usemtl material_763
f 2457/2053/2457 76/42/76 75/42/75

usemtl material_764
f 71/39/71 69/39/69 2457/2053/2457

usemtl material_531
vt 9.1327934 14.3184795
f 2457/2053/2457 69/39/69 2463/2060/2463

usemtl material_530
vt 9.1325741 14.3115644
f 2463/2060/2463 2464/2061/2464 2457/2053/2457
vt 9.1311445 14.2664127
f 2457/2053/2457 2464/2061/2464 2465/2062/2465

usemtl material_40
vt 9.1300755 14.2326536
f 2457/2053/2457 2465/2062/2465 2466/2063/2466

usemtl material_528
vt 9.1281013 14.1703215
f 2466/2063/2466 2467/2064/2467 2457/2053/2457
vt 9.1259918 14.1037025
f 2457/2053/2457 2467/2064/2467 2468/2065/2468

usemtl material_527
f 2457/2053/2457 2468/2065/2468 2455/2053/2455

usemtl material_526
vt 8.3763781 14.5055561
vt 8.4259043 14.5327997
f 2469/2066/2469 2470/2067/2470 2471/2066/2471
vt 8.4842472 14.5648918
f 2471/2066/2471 2470/2067/2470 2472/2068/2472
vt 8.5389357 14.5949736
f 2472/2068/2472 2473/2069/2473 2471/2066/2471

usemtl material_765
vt 8.5684881 14.6112299
f 2471/2066/2471 2473/2069/2473 2474/2070/2474

usemtl material_36
vt 8.6081038 14.6330223
f 2471/2066/2471 2474/2070/2474 2475/2071/2475
vt 8.6141481 14.6363468
f 2475/2071/2475 2476/2072/2476 2471/2066/2471

usemtl material_766
f 2471/2066/2471 2476/2072/2476 68/38/68

usemtl material_767
f 2471/2066/2471 68/38/68 70/38/70

usemtl material_526
vt 8.3752079 14.5620737
f 2477/2073/2477 2469/2066/2469 2471/2066/2471

usemtl material_768
f 67/37/67 65/37/65 2471/2066/2471

usemtl material_769
vt 8.3707609 14.7768898
f 2471/2066/2471 65/37/65 2478/2074/2478
vt 8.3709030 14.7699957
f 2471/2066/2471 2478/2074/2478 2479/2075/2479

usemtl material_766
vt 8.3718395 14.7247896
f 2479/2075/2479 2480/2076/2480 2471/2066/2471

usemtl material_36
vt 8.3738298 14.6286478
f 2471/2066/2471 2480/2076/2480 2481/2077/2481

usemtl material_526
f 2471/2066/2471 2481/2077/2481 2477/2073/2477

usemtl material_517
vt 7.6055923 14.9240589
vt 7.6536932 14.9538994
f 2482/2078/2482 2483/2079/2483 2484/2078/2484
vt 7.7102256 14.9889698
f 2484/2078/2484 2483/2079/2483 2485/2080/2485

usemtl material_511
vt 7.7633157 15.0219040
f 2485/2080/2485 2486/2081/2486 2484/2078/2484

usemtl material_512
vt 7.7919402 15.0396624
f 2484/2078/2484 2486/2081/2486 2487/2082/2487
vt 7.8303990 15.0635204
f 2484/2078/2484 2487/2082/2487 2488/2083/2488

usemtl material_34
vt 7.8362412 15.0671453
f 2488/2083/2488 2489/2084/2489 2484/2078/2484
f 2484/2078/2484 2489/2084/2489 64/36/64

usemtl material_770
f 2484/2078/2484 64/36/64 66/36/66

usemtl material_771
f 60/33/60 59/33/59 2484/2078/2484

usemtl material_514
vt 7.5857773 15.1947861
f 2484/2078/2484 59/33/59 2490/2085/2490
vt 7.5862794 15.1879282
f 2490/2085/2490 2491/2086/2491 2484/2078/2484

usemtl material_513
vt 7.5895829 15.1427937
f 2484/2078/2484 2491/2086/2491 2492/2087/2492

usemtl material_34
vt 7.5920424 15.1091890
f 2484/2078/2484 2492/2087/2492 2493/2088/2493

usemtl material_512
vt 7.5966034 15.0468674
f 2493/2088/2493 2494/2089/2494 2484/2078/2484

usemtl material_511
vt 7.6014600 14.9805183
f 2484/2078/2484 2494/2089/2494 2495/2090/2495

usemtl material_517
f 2484/2078/2484 2495/2090/2495 2482/2078/2482

usemtl material_772
vt 6.8139596 15.3016481
vt 6.8604932 15.3340063
f 2496/2091/2496 2497/2092/2497 2498/2091/2498

usemtl material_763
vt 6.9150677 15.3719568
f 2498/2091/2498 2497/2092/2497 2499/2093/2499
vt 6.9664063 15.4076567
f 2499/2093/2499 2500/2094/2500 2498/2091/2498
vt 6.9940300 15.4268646
f 2498/2091/2498 2500/2094/2500 2501/2095/2501

usemtl material_506
vt 7.0312200 15.4527264
f 2498/2091/2498 2501/2095/2501 2502/2096/2502
vt 7.0368476 15.4566393
f 2502/2096/2502 2503/2097/2503 2498/2091/2498

usemtl material_33
f 2498/2091/2498 2503/2097/2503 63/35/63

usemtl material_773
f 2498/2091/2498 63/35/63 62/35/62

usemtl material_774
f 58/32/58 56/32/56 2498/2091/2498

usemtl material_508
vt 6.7799969 15.5710192
f 2498/2091/2498 56/32/56 2504/2098/2504
vt 6.7808547 15.5642157
f 2504/2098/2504 2505/2099/2505 2498/2091/2498

usemtl material_33
vt 6.7865200 15.5192814
f 2498/2091/2498 2505/2099/2505 2506/2100/2506

usemtl material_506
vt 6.7907305 15.4858856
f 2498/2091/2498 2506/2100/2506 2507/2101/2507
vt 6.7985544 15.4238358
f 2507/2101/2507 2508/2102/2508 2498/2091/2498

usemtl material_763
vt 6.8068690 15.3578854
f 2498/2091/2498 2508/2102/2508 2509/2103/2509

usemtl material_772
f 2498/2091/2498 2509/2103/2509 2496/2091/2496

usemtl material_775
vt 6.0036507 15.6372900
vt 6.1009536 15.7128029
f 2510/2104/2510 2511/2104/2511 2512/2105/2512
vt 6.1503921 15.7511702
f 2512/2105/2512 2513/2106/2513 2510/2104/2510
vt 6.1769433 15.7717762
f 2510/2104/2510 2513/2106/2513 2514/2107/2514

usemtl material_503
vt 6.2127581 15.7995710
f 2510/2104/2510 2514/2107/2514 2515/2108/2515
vt 6.2181582 15.8037615
f 2515/2108/2515 2516/2109/2516 2510/2104/2510

usemtl material_29
f 2510/2104/2510 2516/2109/2516 55/31/55

usemtl material_776
f 2510/2104/2510 55/31/55 57/31/57

usemtl material_501
f 54/30/54 52/30/52 2510/2104/2510

usemtl material_777
vt 5.9556279 15.9045610
f 2510/2104/2510 52/30/52 2517/2110/2517

usemtl material_778
vt 5.9568386 15.8978271
f 2517/2110/2517 2518/2111/2518 2510/2104/2510

usemtl material_29
vt 5.9648533 15.8532190
f 2510/2104/2510 2518/2111/2518 2519/2112/2519

usemtl material_503
vt 5.9708004 15.8201218
f 2510/2104/2510 2519/2112/2519 2520/2113/2520
vt 5.9818687 15.7585182
f 2520/2113/2520 2521/2114/2521 2510/2104/2510

usemtl material_775
vt 5.9936152 15.6931410
f 2510/2104/2510 2521/2114/2521 2522/2115/2522
f 2510/2104/2510 2522/2115/2522 2511/2104/2511

usemtl material_489
vt 5.3971858 16.1203136
vt 5.2198739 15.9671869
f 2523/2116/2523 51/29/51 2524/2117/2524

usemtl material_779
vt 5.1768866 15.9300623
f 53/29/53 2525/2118/2525 51/29/51

usemtl material_780
f 51/29/51 2525/2118/2525 2526/2118/2526

usemtl material_781
f 51/29/51 2526/2118/2526 2524/2117/2524

usemtl material_487
vt 5.3175097 16.0515041
vt 5.3429213 16.0734501
vt 5.3772573 16.1031017
f 2527/2119/2527 2528/2120/2528 2529/2121/2529

usemtl material_494
vt 5.2701139 16.0105724
f 2527/2119/2527 2529/2121/2529 2530/2122/2530

usemtl material_781
f 2530/2122/2530 2529/2121/2529 2524/2117/2524

usemtl material_494
vt 5.3824172 16.1075592
f 2524/2117/2524 2529/2121/2529 2531/2123/2531

usemtl material_490
f 2524/2117/2524 2531/2123/2531 2523/2116/2523

usemtl material_782
f 2525/2118/2525 47/26/47 2526/2118/2526

usemtl material_783
f 2526/2118/2526 47/26/47 46/26/46

usemtl material_487
vt 5.1639290 15.9853659
f 2526/2118/2526 46/26/46 2532/2124/2532

usemtl material_491
vt 5.1104832 16.2134838
f 2532/2124/2532 46/26/46 2533/2125/2533

usemtl material_488
vt 5.1164904 16.1878452
vt 5.1268349 16.1436920
vt 5.1344991 16.1109772
f 2534/2126/2534 2535/2127/2535 2536/2128/2536

usemtl material_491
vt 5.1149325 16.1944923
f 2533/2125/2533 2537/2129/2537 2532/2124/2532

usemtl material_489
f 2532/2124/2532 2537/2129/2537 2534/2126/2534

usemtl material_494
vt 5.1487861 16.0499973
f 2532/2124/2532 2534/2126/2534 2538/2130/2538

usemtl material_495
f 2538/2130/2538 2534/2126/2534 2536/2128/2536

usemtl material_483
vt 4.5460067 16.3807163
vt 4.3769526 16.2185211
f 2539/2131/2539 50/28/50 2540/2132/2540

usemtl material_448
vt 4.3359323 16.1791630
f 49/28/49 2541/2133/2541 50/28/50

usemtl material_478
f 50/28/50 2541/2133/2541 2542/2133/2542

usemtl material_286
f 50/28/50 2542/2133/2542 2540/2132/2540

usemtl material_484
vt 4.4700422 16.3078327
vt 4.4942446 16.3310547
vt 4.5270076 16.3624878
f 2543/2134/2543 2544/2135/2544 2545/2136/2545

usemtl material_485
vt 4.4248276 16.2644539
f 2543/2134/2543 2545/2136/2545 2546/2137/2546
f 2546/2137/2546 2545/2136/2545 2540/2132/2540

usemtl material_287
vt 4.5319142 16.3671951
f 2540/2132/2540 2545/2136/2545 2547/2138/2547
f 2540/2132/2540 2547/2138/2547 2539/2131/2539

usemtl material_784
f 2541/2133/2541 42/23/42 2542/2133/2542

usemtl material_785
f 2542/2133/2542 42/23/42 41/23/41

usemtl material_287
vt 4.3200850 16.2337608
f 2542/2133/2542 41/23/41 2548/2139/2548

usemtl material_476
vt 4.2547741 16.4587669
f 2548/2139/2548 41/23/41 2549/2140/2549

usemtl material_479
vt 4.2621145 16.4334774
vt 4.2747626 16.3899021
vt 4.2841220 16.3576584
f 2550/2141/2550 2551/2142/2551 2552/2143/2552

usemtl material_288
vt 4.2602143 16.4400234
f 2549/2140/2549 2553/2144/2553 2548/2139/2548
f 2548/2139/2548 2553/2144/2553 2550/2141/2550

usemtl material_287
vt 4.3015904 16.2974758
f 2548/2139/2548 2550/2141/2550 2554/2145/2554

usemtl material_480
f 2554/2145/2554 2550/2141/2550 2552/2143/2552

usemtl material_277
vt 3.6823592 16.5962105
vt 3.5220253 16.4253902
f 2555/2146/2555 45/25/45 2556/2147/2556

usemtl material_786
vt 3.4830937 16.3839130
f 44/25/44 2557/2148/2557 45/25/45

usemtl material_21
f 45/25/45 2557/2148/2557 2558/2148/2558

usemtl material_475
f 45/25/45 2558/2148/2558 2556/2147/2556

usemtl material_289
vt 3.6103134 16.5194530
vt 3.6332586 16.5438995
vt 3.6643407 16.5770149
f 2559/2149/2559 2560/2150/2560 2561/2151/2561

usemtl material_474
vt 3.5674105 16.4737434
f 2559/2149/2559 2561/2151/2561 2562/2152/2562

usemtl material_475
f 2562/2152/2562 2561/2151/2561 2556/2147/2556

usemtl material_289
vt 3.6689894 16.5819683
f 2556/2147/2556 2561/2151/2561 2563/2153/2563

usemtl material_277
f 2556/2147/2556 2563/2153/2563 2555/2146/2555

usemtl material_446
f 2557/2148/2557 40/22/40 2558/2148/2558

usemtl material_275
f 2558/2148/2558 40/22/40 38/22/38

usemtl material_289
vt 3.4643979 16.4376411
f 2558/2148/2558 38/22/38 2564/2154/2564

usemtl material_440
vt 3.3874016 16.6589184
f 2564/2154/2564 38/22/38 2565/2155/2565

usemtl material_277
vt 3.3960550 16.6340504
vt 3.4109726 16.5911789
vt 3.4220002 16.5594864
f 2566/2156/2566 2567/2157/2567 2568/2158/2568

usemtl material_441
vt 3.3938186 16.6404762
f 2565/2155/2565 2569/2159/2569 2564/2154/2564

usemtl material_277
f 2564/2154/2564 2569/2159/2569 2566/2156/2566

usemtl material_474
vt 3.4426038 16.5002747
f 2564/2154/2564 2566/2156/2566 2570/2160/2570

usemtl material_289
f 2570/2160/2570 2566/2156/2566 2568/2158/2568

usemtl material_468
vt 2.8086102 16.7662067
vt 2.6574359 16.5872269
f 2571/2161/2571 37/21/37 2572/2162/2572

usemtl material_787
vt 2.6207085 16.5437469
f 39/21/39 2573/2163/2573 37/21/37

usemtl material_241
f 37/21/37 2573/2163/2573 2574/2163/2574

usemtl material_441
f 37/21/37 2574/2163/2574 2572/2162/2572

usemtl material_440
vt 2.7406802 16.6857834
vt 2.7623088 16.7113895
vt 2.7916212 16.7460938
f 2575/2164/2575 2576/2165/2576 2577/2166/2577

usemtl material_441
vt 2.7002132 16.6378727
f 2575/2164/2575 2577/2166/2577 2578/2167/2578
f 2578/2167/2578 2577/2166/2577 2572/2162/2572

usemtl material_440
vt 2.7960012 16.7512798
f 2572/2162/2572 2577/2166/2577 2579/2168/2579
f 2572/2162/2572 2579/2168/2579 2571/2161/2571

usemtl material_788
f 2573/2163/2573 33/18/33 2574/2163/2574

usemtl material_469
f 2574/2163/2574 33/18/33 32/18/32

usemtl material_441
vt 2.5992148 16.5964508
f 2574/2163/2574 32/18/32 2580/2169/2580

usemtl material_439
vt 2.5107441 16.8133945
f 2580/2169/2580 32/18/32 2581/2170/2581

usemtl material_440
vt 2.5206864 16.7890129
vt 2.5378337 16.7469654
vt 2.5504982 16.7159100
f 2582/2171/2582 2583/2172/2583 2584/2173/2584

usemtl material_468
vt 2.5181201 16.7953053
f 2581/2170/2581 2585/2174/2585 2580/2169/2580

usemtl material_440
f 2580/2169/2580 2585/2174/2585 2582/2171/2582

usemtl material_441
vt 2.5741811 16.6578369
f 2580/2169/2580 2582/2171/2582 2586/2175/2586

usemtl material_440
f 2586/2175/2586 2582/2171/2582 2584/2173/2584

usemtl material_278
vt 1.9271551 16.8902359
vt 1.7855545 16.7035885
f 2587/2176/2587 36/20/36 2588/2177/2588

usemtl material_260
vt 1.7511399 16.6582260
f 35/20/35 2589/2178/2589 36/20/36

usemtl material_16
f 36/20/36 2589/2178/2589 2590/2178/2590

usemtl material_440
f 36/20/36 2590/2178/2590 2588/2177/2588

usemtl material_439
vt 1.8635274 16.8063660
vt 1.8837826 16.8330650
vt 1.9112425 16.8692608
f 2591/2179/2591 2592/2180/2592 2593/2181/2593

usemtl material_468
vt 1.8256129 16.7563915
f 2591/2179/2591 2593/2181/2593 2594/2182/2594

usemtl material_440
f 2594/2182/2594 2593/2181/2593 2588/2177/2588

usemtl material_439
vt 1.9153430 16.8746662
f 2588/2177/2588 2593/2181/2593 2595/2183/2595
f 2588/2177/2588 2595/2183/2595 2587/2176/2587

usemtl material_452
f 2589/2178/2589 28/15/28 2590/2178/2590

usemtl material_789
f 2590/2178/2590 28/15/28 27/15/27

usemtl material_468
vt 1.7269081 16.7097549
f 2590/2178/2590 27/15/27 2596/2184/2596

usemtl material_278
vt 1.6272055 16.9217682
f 2596/2184/2596 27/15/27 2597/2185/2597

usemtl material_439
vt 1.6384100 16.8979416
vt 1.6577395 16.8568382
vt 1.6720067 16.8264999
f 2598/2186/2598 2599/2187/2599 2600/2188/2600

usemtl material_278
vt 1.6355202 16.9040852
f 2597/2185/2597 2601/2189/2601 2596/2184/2596

usemtl material_439
f 2596/2184/2596 2601/2189/2601 2598/2186/2598

usemtl material_468
vt 1.6987032 16.7697315
f 2596/2184/2596 2598/2186/2598 2602/2190/2602

usemtl material_439
f 2602/2190/2602 2598/2186/2598 2600/2188/2600

usemtl material_465
vt 1.0404115 16.9679565
vt 0.9087726 16.7741528
f 2603/2191/2603 31/17/31 2604/2192/2604

usemtl material_790
vt 0.8767715 16.7270412
f 30/17/30 2605/2193/2605 31/17/31

usemtl material_270
f 31/17/31 2605/2193/2605 2606/2193/2606

usemtl material_439
f 31/17/31 2606/2193/2606 2604/2192/2604

usemtl material_278
vt 0.9812600 16.8808708
vt 1.0000888 16.9085922
vt 1.0256183 16.9461784
f 2607/2194/2607 2608/2195/2608 2609/2196/2609

usemtl material_439
vt 0.9460070 16.8289719
f 2607/2194/2607 2609/2196/2609 2610/2197/2610
f 2610/2197/2610 2609/2196/2609 2604/2192/2604

usemtl material_278
vt 1.0294294 16.9517879
f 2604/2192/2604 2609/2196/2609 2611/2198/2611
f 2604/2192/2604 2611/2198/2611 2603/2191/2603

usemtl material_152
f 2605/2193/2605 26/14/26 2606/2193/2606

usemtl material_466
f 2606/2193/2606 26/14/26 24/14/24

usemtl material_439
vt 0.8498701 16.7772408
f 2606/2193/2606 24/14/24 2612/2199/2612

usemtl material_465
vt 0.7392090 16.9837437
f 2612/2199/2612 24/14/24 2613/2200/2613

usemtl material_278
vt 0.7516448 16.9605370
vt 0.7731031 16.9204960
vt 0.7889342 16.8909531
f 2614/2201/2614 2615/2202/2615 2616/2203/2616
vt 0.7484396 16.9665203
f 2613/2200/2613 2617/2204/2617 2612/2199/2612
f 2612/2199/2612 2617/2204/2617 2614/2201/2614

usemtl material_439
vt 0.8185696 16.8356495
f 2612/2199/2612 2614/2201/2614 2618/2205/2618

usemtl material_278
f 2618/2205/2618 2614/2201/2614 2616/2203/2616

usemtl material_149
vt 1.7816952 -16.7040138
f 2619/2206/2619 1787/1432/1787 1789/1432/1789

usemtl material_7
f 22/12/22 20/12/20 1789/1432/1789

usemtl material_3
vt 1.9121946 -16.8760281
f 1789/1432/1789 20/12/20 2620/2207/2620

usemtl material_675
vt 1.9073893 -16.8696938
f 1789/1432/1789 2620/2207/2620 2621/2208/2621

usemtl material_10
vt 1.8813033 -16.8353100
f 2621/2208/2621 2622/2209/2622 1789/1432/1789

usemtl material_6
vt 1.8246490 -16.7606316
f 1789/1432/1789 2622/2209/2622 2623/2210/2623

usemtl material_673
f 1789/1432/1789 2623/2210/2623 2619/2206/2619

usemtl material_376
vt 0.8767715 -16.7325535
f 18/10/18 16/10/16 2624/2211/2624

usemtl material_5
vt 1.0264906 -16.9529724
f 2624/2211/2624 16/10/16 2625/2212/2625
vt 1.0220199 -16.9463921
f 2625/2212/2625 2626/2213/2626 2624/2211/2624

usemtl material_8
vt 0.9977759 -16.9106979
f 2624/2211/2624 2626/2213/2626 2627/2214/2627

usemtl material_3
vt 0.9776591 -16.8810825
f 2624/2211/2624 2627/2214/2627 2628/2215/2628

usemtl material_675
vt 0.9451068 -16.8331585
f 2628/2215/2628 2629/2216/2629 2624/2211/2624

usemtl material_10
vt 0.9051697 -16.7743626
f 2624/2211/2624 2629/2216/2629 2630/2217/2630

usemtl material_6
f 2624/2211/2624 2630/2217/2630 2631/2211/2631
vt 0.8528994 -16.7770996
f 2631/2211/2631 2632/2218/2632 2624/2211/2624

usemtl material_10
vt 0.8193269 -16.8397503
f 2624/2211/2624 2632/2218/2632 2633/2219/2633

usemtl material_675
vt 0.7919630 -16.8908119
f 2633/2219/2633 2634/2220/2634 2624/2211/2624

usemtl material_3
vt 0.7750481 -16.9223766
f 2624/2211/2624 2634/2220/2634 2635/2221/2635

usemtl material_8
vt 0.7546723 -16.9604015
f 2624/2211/2624 2635/2221/2635 2636/2222/2636

usemtl material_5
vt 0.7509118 -16.9674168
f 2636/2222/2636 2637/2223/2637 2624/2211/2624
f 2624/2211/2624 2637/2223/2637 5/3/5

usemtl material_791
f 2624/2211/2624 5/3/5 4/3/4

usemtl material_674
vt -0.8767715 -16.7325535
vt -0.9051697 -16.7743626
f 2638/2224/2638 2639/2225/2639 2640/2224/2640
vt -0.9451068 -16.8331585
f 2640/2224/2640 2639/2225/2639 2641/2226/2641

usemtl material_6
vt -0.9776591 -16.8810825
f 2641/2226/2641 2642/2227/2642 2640/2224/2640
vt -0.9977759 -16.9106979
f 2640/2224/2640 2642/2227/2642 2643/2228/2643

usemtl material_10
vt -1.0220199 -16.9463921
f 2640/2224/2640 2643/2228/2643 2644/2229/2644
vt -1.0264906 -16.9529724
f 2644/2229/2644 2645/2230/2645 2640/2224/2640
f 2640/2224/2640 2645/2230/2645 11/7/11

usemtl material_792
f 2640/2224/2640 11/7/11 13/7/13

usemtl material_376
f 7/4/7 6/4/6 2640/2224/2640

usemtl material_10
vt -0.7509118 -16.9674168
f 2640/2224/2640 6/4/6 2646/2231/2646
vt -0.7546723 -16.9604015
f 2646/2231/2646 2647/2232/2647 2640/2224/2640
vt -0.7750481 -16.9223766
f 2640/2224/2640 2647/2232/2647 2648/2233/2648

usemtl material_6
vt -0.7919630 -16.8908119
f 2640/2224/2640 2648/2233/2648 2649/2234/2649
vt -0.8193269 -16.8397503
f 2649/2234/2649 2650/2235/2650 2640/2224/2640

usemtl material_674
vt -0.8528994 -16.7770996
f 2640/2224/2640 2650/2235/2650 2651/2236/2651
f 2640/2224/2640 2651/2236/2651 2638/2224/2638

usemtl material_3
vt 0.0000000 -16.7555122
vt -0.0261687 -16.7987461
f 2652/2237/2652 2653/2238/2653 2654/2237/2654
vt -0.0629757 -16.8595543
f 2654/2237/2654 2653/2238/2653 2655/2239/2655

usemtl material_8
vt -0.0929732 -16.9091129
f 2655/2239/2655 2656/2240/2656 2654/2237/2654
vt -0.1115159 -16.9397488
f 2654/2237/2654 2656/2240/2656 2657/2241/2657

usemtl material_5
vt -0.1338549 -16.9766541
f 2654/2237/2654 2657/2241/2657 2658/2242/2658
vt -0.1379769 -16.9834652
f 2658/2242/2658 2659/2243/2659 2654/2237/2654

usemtl material_2
f 2654/2237/2654 2659/2243/2659 10/6/10

usemtl material_244
f 2654/2237/2654 10/6/10 9/6/9
f 2/1/2 1/1/1 2654/2237/2654

usemtl material_2
vt 0.1379769 -16.9834652
f 2654/2237/2654 1/1/1 2660/2244/2660

usemtl material_5
vt 0.1338549 -16.9766541
f 2660/2244/2660 2661/2245/2661 2654/2237/2654
vt 0.1115159 -16.9397488
f 2654/2237/2654 2661/2245/2661 2662/2246/2662

usemtl material_8
vt 0.0929732 -16.9091129
f 2654/2237/2654 2662/2246/2662 2663/2247/2663
vt 0.0629757 -16.8595543
f 2663/2247/2663 2664/2248/2664 2654/2237/2654

usemtl material_3
vt 0.0261687 -16.7987461
f 2654/2237/2654 2664/2248/2664 2665/2249/2665
f 2654/2237/2654 2665/2249/2665 2652/2237/2652

usemtl material_793
vt -9.8512802 -11.3115988
vt -11.0358591 -10.1592236
f 2666/2250/2666 692/428/692 2667/2251/2667

usemtl material_794
f 2667/2251/2667 692/428/692 685/422/685

usemtl material_630
vt -12.0864763 -8.8835287
f 2667/2251/2667 685/422/685 2668/2252/2668

usemtl material_104
f 2668/2252/2668 685/422/685 678/416/678

usemtl material_397
vt -12.9903803 -7.5000000
f 2668/2252/2668 678/416/678 2669/2253/2669

usemtl material_396
f 2669/2253/2669 678/416/678 673/412/673

usemtl material_340
vt -13.7365999 -6.0254312
f 2669/2253/2669 673/412/673 2670/2254/2670

usemtl material_94
f 2670/2254/2670 673/412/673 666/405/666

usemtl material_335
vt -14.3160753 -4.4777222
f 2670/2254/2670 666/405/666 2671/2255/2671

usemtl material_193
f 2671/2255/2671 666/405/666 659/399/659

usemtl material_331
vt -14.7217722 -2.8756595
f 2671/2255/2671 659/399/659 2672/2256/2672

usemtl material_194
f 2672/2256/2672 659/399/659 652/393/652

usemtl material_327
vt -14.9487677 -1.2386903
f 2672/2256/2672 652/393/652 2673/2257/2673

usemtl material_85
f 2673/2257/2673 652/393/652 645/387/645

usemtl material_795
vt -14.9943047 0.4133151
f 2673/2257/2673 645/387/645 2674/2258/2674

usemtl material_796
f 2674/2258/2674 645/387/645 552/309/552

usemtl material_797
vt -14.8578310 2.0603034
f 2674/2258/2674 552/309/552 2675/2259/2675

usemtl material_577
f 2675/2259/2675 552/309/552 630/375/630

usemtl material_211
vt -14.5410042 3.6822822
f 2675/2259/2675 630/375/630 2676/2260/2676

usemtl material_309
f 2676/2260/2676 630/375/630 628/373/628

usemtl material_302
vt -14.0476685 5.2595634
f 2676/2260/2676 628/373/628 2677/2261/2677

usemtl material_298
f 2677/2261/2677 628/373/628 624/369/624

usemtl material_416
vt -13.3838129 6.7730007
f 2677/2261/2677 624/369/624 2678/2262/2678

usemtl material_57
f 2678/2262/2678 624/369/624 619/366/619

usemtl material_546
vt -12.5574970 8.2042227
f 2678/2262/2678 619/366/619 2679/2263/2679

usemtl material_420
f 2679/2263/2679 619/366/619 616/364/616

usemtl material_798
vt -11.5787497 9.5358562
f 2679/2263/2679 616/364/616 2680/2264/2680

usemtl material_748
f 616/364/616 609/358/609 2680/2264/2680

usemtl material_292
f 2680/2264/2680 609/358/609 602/352/602

usemtl material_283
vt -10.4594517 10.7517376
f 2680/2264/2680 602/352/602 2681/2265/2681

usemtl material_433
f 2681/2265/2681 602/352/602 595/346/595

usemtl material_799
vt -9.2131901 11.8371077
f 2681/2265/2681 595/346/595 2682/2266/2682

usemtl material_800
f 2682/2266/2682 595/346/595 588/340/588

usemtl material_282
vt -7.8550940 12.7787905
f 2682/2266/2682 588/340/588 2683/2267/2683

usemtl material_801
f 2683/2267/2683 588/340/588 581/334/581

usemtl material_241
vt -6.4016466 13.5653582
f 2683/2267/2683 581/334/581 2684/2268/2684

usemtl material_466
f 2684/2268/2684 581/334/581 574/328/574

usemtl material_25
vt -4.8704920 14.1872587
f 2684/2268/2684 574/328/574 2685/2269/2685

usemtl material_263
f 2685/2269/2685 574/328/574 570/324/570

usemtl material_787
vt -3.2802165 14.6369457
f 2685/2269/2685 570/324/570 2686/2270/2686

usemtl material_467
f 2686/2270/2686 570/324/570 555/311/555

usemtl material_802
vt -1.6501232 14.9089603
f 2686/2270/2686 555/311/555 2687/2271/2687

usemtl material_252
f 2687/2271/2687 555/311/555 559/315/559

usemtl material_455
vt 0.0000000 15.0000000
f 2687/2271/2687 559/315/559 2688/2272/2688

usemtl material_803
f 2688/2272/2688 559/315/559 557/313/557

usemtl material_804
vt 1.6501232 14.9089603
f 2688/2272/2688 557/313/557 2689/2273/2689

usemtl material_805
f 2689/2273/2689 557/313/557 921/627/921

usemtl material_806
vt 3.2802165 14.6369457
f 2689/2273/2689 921/627/921 2690/2274/2690

usemtl material_807
f 2690/2274/2690 921/627/921 914/621/914

usemtl material_451
vt 4.8704920 14.1872587
f 2690/2274/2690 914/621/914 2691/2275/2691

usemtl material_260
f 2691/2275/2691 914/621/914 907/615/907

usemtl material_446
vt 6.4016466 13.5653582
f 2691/2275/2691 907/615/907 2692/2276/2692

usemtl material_262
f 2692/2276/2692 907/615/907 900/609/900

usemtl material_270
vt 7.8550940 12.7787905
f 2692/2276/2692 900/609/900 2693/2277/2693

usemtl material_16
f 2693/2277/2693 900/609/900 893/603/893

usemtl material_26
vt 9.2131901 11.8371077
f 2693/2277/2693 893/603/893 2694/2278/2694

usemtl material_808
f 2694/2278/2694 893/603/893 886/597/886

usemtl material_809
vt 10.4594517 10.7517376
f 2694/2278/2694 886/597/886 2695/2279/2695

usemtl material_810
f 886/597/886 879/591/879 2695/2279/2695

usemtl material_285
f 2695/2279/2695 879/591/879 872/585/872

usemtl material_811
vt 11.5787497 9.5358562
f 2695/2279/2695 872/585/872 2696/2280/2696

usemtl material_812
f 2696/2280/2696 872/585/872 868/581/868

usemtl material_49
vt 12.5574970 8.2042227
f 2696/2280/2696 868/581/868 2697/2281/2697

usemtl material_221
f 2697/2281/2697 868/581/868 862/576/862

usemtl material_427
vt 13.3838129 6.7730007
f 2697/2281/2697 862/576/862 2698/2282/2698

usemtl material_217
f 2698/2282/2698 862/576/862 853/568/853

usemtl material_551
vt 14.0476685 5.2595634
f 2698/2282/2698 853/568/853 2699/2283/2699

usemtl material_300
f 2699/2283/2699 853/568/853 846/562/846

usemtl material_63
vt 14.5410042 3.6822822
f 2699/2283/2699 846/562/846 2700/2284/2700

usemtl material_303
f 2700/2284/2700 846/562/846 839/556/839

usemtl material_569
vt 14.8578310 2.0603034
f 2700/2284/2700 839/556/839 2701/2285/2701

usemtl material_813
f 2701/2285/2701 839/556/839 835/552/835

usemtl material_742
vt 14.9943047 0.4133151
f 2701/2285/2701 835/552/835 2702/2286/2702

usemtl material_814
f 2702/2286/2702 835/552/835 543/303/543

usemtl material_815
vt 14.9487677 -1.2386903
f 2702/2286/2702 543/303/543 2703/2287/2703

usemtl material_816
f 2703/2287/2703 543/303/543 827/544/827

usemtl material_319
vt 14.7217722 -2.8756595
f 2703/2287/2703 827/544/827 2704/2288/2704

usemtl material_614
f 2704/2288/2704 827/544/827 820/538/820

usemtl material_197
vt 14.3160753 -4.4777222
f 2704/2288/2704 820/538/820 2705/2289/2705

usemtl material_330
f 2705/2289/2705 820/538/820 813/532/813

usemtl material_401
vt 13.7365999 -6.0254312
f 2705/2289/2705 813/532/813 2706/2290/2706

usemtl material_618
f 2706/2290/2706 813/532/813 806/526/806

usemtl material_332
vt 12.9903803 -7.5000000
f 2706/2290/2706 806/526/806 2707/2291/2707

usemtl material_622
f 2707/2291/2707 806/526/806 801/522/801

usemtl material_188
vt 12.0864763 -8.8835287
f 2707/2291/2707 801/522/801 2708/2292/2708

usemtl material_720
f 2708/2292/2708 801/522/801 794/515/794

usemtl material_626
vt 11.0358591 -10.1592236
f 2708/2292/2708 794/515/794 2709/2293/2709

usemtl material_348
f 794/515/794 787/509/787 2709/2293/2709

usemtl material_817
f 2709/2293/2709 787/509/787 780/503/780

usemtl material_392
vt 9.8512802 -11.3115988
f 2709/2293/2709 780/503/780 2710/2294/2710

usemtl material_818
f 2710/2294/2710 780/503/780 773/497/773

usemtl material_654
vt 8.5471210 -12.3266668
f 2710/2294/2710 773/497/773 2711/2295/2711

usemtl material_357
f 2711/2295/2711 773/497/773 766/491/766

usemtl material_819
vt 7.1392112 -13.1921062
f 2711/2295/2711 766/491/766 2712/2296/2712

usemtl material_369
f 2712/2296/2712 766/491/766 759/485/759

usemtl material_130
vt 5.6446404 -13.8974104
f 2712/2296/2712 759/485/759 2713/2297/2713

usemtl material_372
f 2713/2297/2713 759/485/759 752/479/752

usemtl material_158
vt 4.0815520 -14.4340200
f 2713/2297/2713 752/479/752 2714/2298/2714

usemtl material_156
f 2714/2298/2714 752/479/752 745/473/745

usemtl material_133
vt 2.4689188 -14.7954197
f 2714/2298/2714 745/473/745 2715/2299/2715

usemtl material_154
f 2715/2299/2715 745/473/745 546/305/546

usemtl material_153
vt 0.8263164 -14.9772224
f 2715/2299/2715 546/305/546 2716/2300/2716

usemtl material_820
f 2716/2300/2716 546/305/546 549/307/549

usemtl material_7
vt -0.8263164 -14.9772224
f 2716/2300/2716 549/307/549 2717/2301/2717

usemtl material_376
f 2717/2301/2717 549/307/549 548/306/548

usemtl material_8
vt -2.4689188 -14.7954197
f 2717/2301/2717 548/306/548 2718/2302/2718

usemtl material_10
f 2718/2302/2718 548/306/548 734/464/734

usemtl material_142
vt -4.0815520 -14.4340200
f 2718/2302/2718 734/464/734 2719/2303/2719

usemtl material_139
f 2719/2303/2719 734/464/734 727/458/727

usemtl material_378
vt -5.6446404 -13.8974104
f 2719/2303/2719 727/458/727 2720/2304/2720

usemtl material_669
f 2720/2304/2720 727/458/727 720/452/720

usemtl material_128
vt -7.1392112 -13.1921062
f 2720/2304/2720 720/452/720 2721/2305/2721

usemtl material_161
f 2721/2305/2721 720/452/720 713/446/713

usemtl material_365
vt -8.5471210 -12.3266668
f 2721/2305/2721 713/446/713 2722/2306/2722

usemtl material_366
f 2722/2306/2722 713/446/713 706/440/706

usemtl material_359
f 2722/2306/2722 706/440/706 2666/2250/2666
f 2666/2250/2666 706/440/706 699/434/699

usemtl material_362
f 2666/2250/2666 699/434/699 692/428/692

usemtl material_821
f 2723/2272/2723 2688/2272/2688 2724/2273/2724

usemtl material_822
f 2724/2273/2724 2688/2272/2688 2689/2273/2689

usemtl material_823
f 2724/2273/2724 2689/2273/2689 2725/2274/2725

usemtl material_824
f 2725/2274/2725 2689/2273/2689 2690/2274/2690

usemtl material_825
f 2725/2274/2725 2690/2274/2690 2726/2275/2726

usemtl material_826
f 2726/2275/2726 2690/2274/2690 2691/2275/2691

usemtl material_827
f 2726/2275/2726 2691/2275/2691 2727/2276/2727

usemtl material_828
f 2727/2276/2727 2691/2275/2691 2692/2276/2692

usemtl material_829
f 2727/2276/2727 2692/2276/2692 2728/2277/2728

usemtl material_830
f 2728/2277/2728 2692/2276/2692 2693/2277/2693

usemtl material_831
f 2728/2277/2728 2693/2277/2693 2729/2278/2729

usemtl material_832
f 2729/2278/2729 2693/2277/2693 2694/2278/2694

usemtl material_833
f 2729/2278/2729 2694/2278/2694 2730/2279/2730

usemtl material_834
f 2730/2279/2730 2694/2278/2694 2695/2279/2695

usemtl material_51
f 2730/2279/2730 2695/2279/2695 2731/2280/2731

usemtl material_748
f 2731/2280/2731 2695/2279/2695 2696/2280/2696

usemtl material_424
f 2731/2280/2731 2696/2280/2696 2732/2281/2732

usemtl material_559
f 2732/2281/2732 2696/2280/2696 2697/2281/2697

usemtl material_58
f 2732/2281/2732 2697/2281/2697 2733/2282/2733

usemtl material_423
f 2733/2282/2733 2697/2281/2697 2698/2282/2698

usemtl material_414
f 2733/2282/2733 2698/2282/2698 2734/2283/2734

usemtl material_58
f 2734/2283/2734 2698/2282/2698 2699/2283/2699

usemtl material_835
f 2734/2283/2734 2699/2283/2699 2735/2284/2735

usemtl material_836
f 2735/2284/2735 2699/2283/2699 2700/2284/2700

usemtl material_837
f 2735/2284/2735 2700/2284/2700 2736/2285/2736

usemtl material_838
f 2736/2285/2736 2700/2284/2700 2701/2285/2701

usemtl material_839
f 2736/2285/2736 2701/2285/2701 2737/2286/2737

usemtl material_840
f 2737/2286/2737 2701/2285/2701 2702/2286/2702

usemtl material_841
f 2737/2286/2737 2702/2286/2702 2738/2287/2738

usemtl material_842
f 2738/2287/2738 2702/2286/2702 2703/2287/2703

usemtl material_613
f 2738/2287/2738 2703/2287/2703 2739/2288/2739

usemtl material_403
f 2739/2288/2739 2703/2287/2703 2704/2288/2704

usemtl material_95
f 2739/2288/2739 2704/2288/2704 2740/2289/2740

usemtl material_400
f 2740/2289/2740 2704/2288/2704 2705/2289/2705

usemtl material_189
f 2740/2289/2740 2705/2289/2705 2741/2290/2741

usemtl material_399
f 2741/2290/2741 2705/2289/2705 2706/2290/2706

usemtl material_190
f 2741/2290/2741 2706/2290/2706 2742/2291/2742

usemtl material_337
f 2742/2291/2742 2706/2290/2706 2707/2291/2707

usemtl material_104
f 2742/2291/2742 2707/2291/2707 2743/2292/2743

usemtl material_101
f 2743/2292/2743 2707/2291/2707 2708/2292/2708

usemtl material_843
f 2743/2292/2743 2708/2292/2708 2744/2293/2744

usemtl material_844
f 2744/2293/2744 2708/2292/2708 2709/2293/2709

usemtl material_695
f 2744/2293/2744 2709/2293/2709 2745/2294/2745

usemtl material_651
f 2745/2294/2745 2709/2293/2709 2710/2294/2710

usemtl material_845
f 2745/2294/2745 2710/2294/2710 2746/2295/2746

usemtl material_122
f 2746/2295/2746 2710/2294/2710 2711/2295/2711

usemtl material_688
f 2746/2295/2746 2711/2295/2711 2747/2296/2747

usemtl material_163
f 2747/2296/2747 2711/2295/2711 2712/2296/2712

usemtl material_381
f 2747/2296/2747 2712/2296/2712 2748/2297/2748

usemtl material_160
f 2748/2297/2748 2712/2296/2712 2713/2297/2713

usemtl material_378
f 2748/2297/2748 2713/2297/2713 2749/2298/2749

usemtl material_680
f 2749/2298/2749 2713/2297/2713 2714/2298/2714

usemtl material_379
f 2749/2298/2749 2714/2298/2714 2750/2299/2750

usemtl material_135
f 2750/2299/2750 2714/2298/2714 2715/2299/2715

usemtl material_678
f 2750/2299/2750 2715/2299/2715 2751/2300/2751

usemtl material_154
f 2751/2300/2751 2715/2299/2715 2716/2300/2716

usemtl material_141
f 2751/2300/2751 2716/2300/2716 2752/2301/2752

usemtl material_153
f 2752/2301/2752 2716/2300/2716 2717/2301/2717

usemtl material_141
f 2752/2301/2752 2717/2301/2717 2753/2302/2753

usemtl material_677
f 2753/2302/2753 2717/2301/2717 2718/2302/2718

usemtl material_144
f 2753/2302/2753 2718/2302/2718 2754/2303/2754

usemtl material_133
f 2754/2303/2754 2718/2302/2718 2719/2303/2719

usemtl material_379
f 2754/2303/2754 2719/2303/2719 2755/2304/2755

usemtl material_157
f 2755/2304/2755 2719/2303/2719 2720/2304/2720

usemtl material_668
f 2755/2304/2755 2720/2304/2720 2756/2305/2756

usemtl material_161
f 2756/2305/2756 2720/2304/2720 2721/2305/2721

usemtl material_384
f 2756/2305/2756 2721/2305/2721 2757/2306/2757

usemtl material_366
f 2757/2306/2757 2721/2305/2721 2722/2306/2722

usemtl material_388
f 2757/2306/2757 2722/2306/2722 2758/2250/2758

usemtl material_846
f 2758/2250/2758 2722/2306/2722 2666/2250/2666

usemtl material_847
f 2758/2250/2758 2666/2250/2666 2759/2251/2759

usemtl material_848
f 2759/2251/2759 2666/2250/2666 2667/2251/2667

usemtl material_849
f 2759/2251/2759 2667/2251/2667 2760/2252/2760

usemtl material_395
f 2760/2252/2760 2667/2251/2667 2668/2252/2668
f 2760/2252/2760 2668/2252/2668 2761/2253/2761

usemtl material_103
f 2761/2253/2761 2668/2252/2668 2669/2253/2669
f 2761/2253/2761 2669/2253/2669 2762/2254/2762

usemtl material_625
f 2762/2254/2762 2669/2253/2669 2670/2254/2670

usemtl material_191
f 2762/2254/2762 2670/2254/2670 2763/2255/2763

usemtl material_623
f 2763/2255/2763 2670/2254/2670 2671/2255/2671

usemtl material_91
f 2763/2255/2763 2671/2255/2671 2764/2256/2764

usemtl material_195
f 2764/2256/2764 2671/2255/2671 2672/2256/2672

usemtl material_92
f 2764/2256/2764 2672/2256/2672 2765/2257/2765

usemtl material_81
f 2765/2257/2765 2672/2256/2672 2673/2257/2673

usemtl material_403
f 2765/2257/2765 2673/2257/2673 2766/2258/2766

usemtl material_850
f 2766/2258/2766 2673/2257/2673 2674/2258/2674

usemtl material_851
f 2766/2258/2766 2674/2258/2674 2767/2259/2767

usemtl material_738
f 2767/2259/2767 2674/2258/2674 2675/2259/2675

usemtl material_731
f 2767/2259/2767 2675/2259/2675 2768/2260/2768

usemtl material_852
f 2768/2260/2768 2675/2259/2675 2676/2260/2676

usemtl material_853
f 2768/2260/2768 2676/2260/2676 2769/2261/2769

usemtl material_564
f 2769/2261/2769 2676/2260/2676 2677/2261/2677

usemtl material_308
f 2769/2261/2769 2677/2261/2677 2770/2262/2770

usemtl material_299
f 2770/2262/2770 2677/2261/2677 2678/2262/2678

usemtl material_854
f 2770/2262/2770 2678/2262/2678 2771/2263/2771

usemtl material_218
f 2771/2263/2771 2678/2262/2678 2679/2263/2679

usemtl material_417
f 2771/2263/2771 2679/2263/2679 2772/2264/2772

usemtl material_428
f 2772/2264/2772 2679/2263/2679 2680/2264/2680

usemtl material_53
f 2772/2264/2772 2680/2264/2680 2773/2265/2773

usemtl material_296
f 2773/2265/2773 2680/2264/2680 2681/2265/2681

usemtl material_419
f 2773/2265/2773 2681/2265/2681 2774/2266/2774

usemtl material_855
f 2774/2266/2774 2681/2265/2681 2682/2266/2682

usemtl material_856
f 2774/2266/2774 2682/2266/2682 2775/2267/2775

usemtl material_857
f 2775/2267/2775 2682/2266/2682 2683/2267/2683

usemtl material_858
f 2775/2267/2775 2683/2267/2683 2776/2268/2776

usemtl material_859
f 2776/2268/2776 2683/2267/2683 2684/2268/2684

usemtl material_860
f 2776/2268/2776 2684/2268/2684 2777/2269/2777

usemtl material_861
f 2777/2269/2777 2684/2268/2684 2685/2269/2685

usemtl material_862
f 2777/2269/2777 2685/2269/2685 2778/2270/2778

usemtl material_863
f 2778/2270/2778 2685/2269/2685 2686/2270/2686

usemtl material_864
f 2778/2270/2778 2686/2270/2686 2779/2271/2779

usemtl material_865
f 2779/2271/2779 2686/2270/2686 2687/2271/2687

usemtl material_866
f 2779/2271/2779 2687/2271/2687 2723/2272/2723

usemtl material_867
f 2723/2272/2723 2687/2271/2687 2688/2272/2688

usemtl material_868
vt 0.0000000 0.0000000
f 2778/2270/2778 2779/2271/2779 2780/2307/2780

usemtl material_869
f 2780/2307/2780 2779/2271/2779 2723/2272/2723

usemtl material_870
f 2780/2307/2780 2723/2272/2723 2724/2273/2724

usemtl material_871
f 2775/2267/2775 2776/2268/2776 2780/2307/2780

usemtl material_872
f 2780/2307/2780 2776/2268/2776 2777/2269/2777

usemtl material_873
f 2780/2307/2780 2777/2269/2777 2778/2270/2778

usemtl material_874
f 2772/2264/2772 2773/2265/2773 2780/2307/2780

usemtl material_875
f 2780/2307/2780 2773/2265/2773 2774/2266/2774

usemtl material_876
f 2780/2307/2780 2774/2266/2774 2775/2267/2775

usemtl material_877
f 2769/2261/2769 2770/2262/2770 2780/2307/2780

usemtl material_878
f 2780/2307/2780 2770/2262/2770 2771/2263/2771

usemtl material_879
f 2780/2307/2780 2771/2263/2771 2772/2264/2772

usemtl material_880
f 2766/2258/2766 2767/2259/2767 2780/2307/2780

usemtl material_199
f 2780/2307/2780 2767/2259/2767 2768/2260/2768

usemtl material_851
f 2780/2307/2780 2768/2260/2768 2769/2261/2769

usemtl material_333
f 2763/2255/2763 2764/2256/2764 2780/2307/2780

usemtl material_95
f 2780/2307/2780 2764/2256/2764 2765/2257/2765

usemtl material_881
f 2780/2307/2780 2765/2257/2765 2766/2258/2766

usemtl material_183
f 2760/2252/2760 2761/2253/2761 2780/2307/2780

usemtl material_396
f 2780/2307/2780 2761/2253/2761 2762/2254/2762

usemtl material_339
f 2780/2307/2780 2762/2254/2762 2763/2255/2763

usemtl material_882
f 2757/2306/2757 2758/2250/2758 2780/2307/2780

usemtl material_883
f 2780/2307/2780 2758/2250/2758 2759/2251/2759

usemtl material_884
f 2780/2307/2780 2759/2251/2759 2760/2252/2760

usemtl material_885
f 2754/2303/2754 2755/2304/2755 2780/2307/2780

usemtl material_886
f 2780/2307/2780 2755/2304/2755 2756/2305/2756

usemtl material_887
f 2780/2307/2780 2756/2305/2756 2757/2306/2757

usemtl material_885
f 2751/2300/2751 2752/2301/2752 2780/2307/2780
f 2780/2307/2780 2752/2301/2752 2753/2302/2753
f 2780/2307/2780 2753/2302/2753 2754/2303/2754

usemtl material_888
f 2748/2297/2748 2749/2298/2749 2780/2307/2780

usemtl material_885
f 2780/2307/2780 2749/2298/2749 2750/2299/2750
f 2780/2307/2780 2750/2299/2750 2751/2300/2751

usemtl material_889
f 2745/2294/2745 2746/2295/2746 2780/2307/2780

usemtl material_890
f 2780/2307/2780 2746/2295/2746 2747/2296/2747

usemtl material_891
f 2780/2307/2780 2747/2296/2747 2748/2297/2748

usemtl material_183
f 2742/2291/2742 2743/2292/2743 2780/2307/2780

usemtl material_892
f 2780/2307/2780 2743/2292/2743 2744/2293/2744

usemtl material_893
f 2780/2307/2780 2744/2293/2744 2745/2294/2745

usemtl material_894
f 2739/2288/2739 2740/2289/2740 2780/2307/2780

usemtl material_622
f 2780/2307/2780 2740/2289/2740 2741/2290/2741

usemtl material_100
f 2780/2307/2780 2741/2290/2741 2742/2291/2742

usemtl material_323
f 2736/2285/2736 2737/2286/2737 2780/2307/2780

usemtl material_195
f 2780/2307/2780 2737/2286/2737 2738/2287/2738

usemtl material_192
f 2780/2307/2780 2738/2287/2738 2739/2288/2739

usemtl material_895
f 2733/2282/2733 2734/2283/2734 2780/2307/2780

usemtl material_851
f 2780/2307/2780 2734/2283/2734 2735/2284/2735

usemtl material_614
f 2780/2307/2780 2735/2284/2735 2736/2285/2736

usemtl material_896
f 2730/2279/2730 2731/2280/2731 2780/2307/2780

usemtl material_897
f 2780/2307/2780 2731/2280/2731 2732/2281/2732

usemtl material_898
f 2780/2307/2780 2732/2281/2732 2733/2282/2733

usemtl material_899
f 2727/2276/2727 2728/2277/2728 2780/2307/2780

usemtl material_876
f 2780/2307/2780 2728/2277/2728 2729/2278/2729

usemtl material_900
f 2780/2307/2780 2729/2278/2729 2730/2279/2730

usemtl material_901
f 2724/2273/2724 2725/2274/2725 2780/2307/2780

usemtl material_902
f 2780/2307/2780 2725/2274/2725 2726/2275/2726

usemtl material_903
f 2780/2307/2780 2726/2275/2726 2727/2276/2727

usemtl material_904
f 150/83/150 2185/1799/2185 157/88/157

usemtl material_905
f 162/90/162 2156/1774/2156 165/91/165

usemtl material_318
f 647/389/647 409/227/409 412/228/412

usemtl material_85
f 412/228/412 409/227/409 1394/1065/1394

usemtl material_81
f 166/92/166 2144/1761/2144 170/95/170

usemtl material_196
f 402/223/402 1407/1077/1407 408/226/408

usemtl material_906
f 832/549/832 161/89/161 833/550/833

usemtl material_907
f 833/550/833 161/89/161 162/90/162

usemtl material_407
f 833/550/833 162/90/162 834/551/834

usemtl material_726
f 834/551/834 162/90/162 165/91/165

usemtl material_194
f 168/93/168 2130/1748/2130 174/96/174

usemtl material_323
f 654/395/654 400/222/400 404/225/404

usemtl material_194
f 404/225/404 400/222/400 1421/1090/1421

usemtl material_407
f 413/229/413 649/391/649 412/228/412
f 412/228/412 649/391/649 648/390/648

usemtl material_319
f 412/228/412 648/390/648 647/389/647

usemtl material_320
f 1380/1052/1380 417/232/417 413/229/413

usemtl material_906
f 413/229/413 417/232/417 550/308/550

usemtl material_320
f 413/229/413 550/308/550 649/391/649

usemtl material_570
f 148/82/148 2199/1812/2199 152/85/152

usemtl material_320
f 2171/1786/2171 161/89/161 155/86/155

usemtl material_908
f 155/86/155 161/89/161 832/549/832

usemtl material_909
f 155/86/155 832/549/832 157/88/157

usemtl material_245
f 157/88/157 832/549/832 542/302/542

usemtl material_910
f 175/97/175 2117/1736/2117 178/98/178

usemtl material_195
f 396/220/396 1433/1103/1433 399/221/399

usemtl material_243
f 415/230/415 1366/1039/1366 422/235/422

usemtl material_911
f 829/546/829 828/545/828 165/91/165

usemtl material_193
f 179/99/179 2103/1723/2103 183/102/183

usemtl material_192
f 389/216/389 1448/1115/1448 395/219/395

usemtl material_880
f 654/395/654 653/394/653 400/222/400

usemtl material_84
f 400/222/400 653/394/653 651/393/651

usemtl material_331
f 400/222/400 651/393/651 399/221/399

usemtl material_615
f 399/221/399 651/393/651 650/392/650

usemtl material_87
f 399/221/399 650/392/650 396/220/396

usemtl material_905
f 647/389/647 646/388/646 409/227/409

usemtl material_85
f 409/227/409 646/388/646 644/387/644

usemtl material_327
f 409/227/409 644/387/644 408/226/408

usemtl material_723
f 408/226/408 644/387/644 643/386/643

usemtl material_199
f 408/226/408 643/386/643 402/223/402

usemtl material_81
f 402/223/402 643/386/643 656/397/656

usemtl material_403
f 402/223/402 656/397/656 404/225/404

usemtl material_608
f 404/225/404 656/397/656 655/396/655

usemtl material_324
f 404/225/404 655/396/655 654/395/654

usemtl material_311
f 422/235/422 638/382/638 415/230/415

usemtl material_912
f 415/230/415 638/382/638 637/381/637

usemtl material_909
f 415/230/415 637/381/637 417/232/417

usemtl material_322
f 417/232/417 637/381/637 551/309/551

usemtl material_913
f 417/232/417 551/309/551 550/308/550

usemtl material_568
f 141/78/141 2213/1825/2213 147/81/147

usemtl material_85
f 828/545/828 826/544/826 165/91/165

usemtl material_914
f 165/91/165 826/544/826 825/543/825

usemtl material_611
f 165/91/165 825/543/825 834/551/834

usemtl material_623
f 181/100/181 2089/1710/2089 188/105/188

usemtl material_915
f 384/213/384 1462/1128/1462 391/218/391

usemtl material_195
f 650/392/650 663/403/663 396/220/396

usemtl material_92
f 396/220/396 663/403/663 662/402/662

usemtl material_400
f 396/220/396 662/402/662 395/219/395

usemtl material_329
f 395/219/395 662/402/662 661/401/661

usemtl material_89
f 395/219/395 661/401/661 389/216/389

usemtl material_916
f 420/233/420 640/384/640 422/235/422

usemtl material_917
f 422/235/422 640/384/640 639/383/639

usemtl material_918
f 422/235/422 639/383/639 638/382/638

usemtl material_743
f 1352/1026/1352 426/236/426 420/233/420

usemtl material_314
f 420/233/420 426/236/426 641/385/641

usemtl material_570
f 420/233/420 641/385/641 640/384/640

usemtl material_90
f 822/540/822 821/539/821 174/96/174

usemtl material_84
f 174/96/174 821/539/821 819/538/819

usemtl material_94
f 186/103/186 2075/1697/2075 192/106/192

usemtl material_621
f 668/407/668 382/212/382 386/215/386

usemtl material_94
f 386/215/386 382/212/382 1476/1141/1476

usemtl material_66
f 136/75/136 2227/1838/2227 143/80/143

usemtl material_310
f 542/302/542 541/301/541 157/88/157

usemtl material_919
f 157/88/157 541/301/541 838/555/838

usemtl material_920
f 157/88/157 838/555/838 150/83/150

usemtl material_917
f 150/83/150 838/555/838 837/554/837

usemtl material_916
f 150/83/150 837/554/837 152/85/152

usemtl material_314
f 152/85/152 837/554/837 836/553/836

usemtl material_921
f 152/85/152 836/553/836 148/82/148

usemtl material_327
f 165/91/165 166/92/166 829/546/829

usemtl material_922
f 829/546/829 166/92/166 170/95/170

usemtl material_199
f 829/546/829 170/95/170 830/547/830

usemtl material_88
f 830/547/830 170/95/170 168/93/168

usemtl material_403
f 830/547/830 168/93/168 831/548/831

usemtl material_323
f 831/548/831 168/93/168 174/96/174
f 831/548/831 174/96/174 818/537/818

usemtl material_84
f 818/537/818 174/96/174 819/538/819

usemtl material_625
f 193/107/193 2060/1685/2060 196/108/196
f 378/210/378 1490/1154/1490 381/211/381

usemtl material_745
f 427/237/427 631/376/631 426/236/426

usemtl material_315
f 426/236/426 631/376/631 642/375/642

usemtl material_923
f 426/236/426 642/375/642 641/385/641

usemtl material_413
f 1338/1013/1338 428/238/428 427/237/427

usemtl material_304
f 427/237/427 428/238/428 632/377/632

usemtl material_568
f 427/237/427 632/377/632 631/376/631

usemtl material_307
f 636/373/636 635/380/635 436/243/436

usemtl material_315
f 836/553/836 845/552/845 148/82/148

usemtl material_745
f 148/82/148 845/552/845 844/561/844
f 148/82/148 844/561/844 147/81/147

usemtl material_95
f 815/534/815 814/533/814 183/102/183

usemtl material_924
f 183/102/183 814/533/814 812/532/812

usemtl material_396
f 197/109/197 2048/1672/2048 201/112/201
f 371/206/371 1503/1166/1503 377/209/377

usemtl material_94
f 668/407/668 667/406/667 382/212/382

usemtl material_189
f 382/212/382 667/406/667 665/405/665

usemtl material_340
f 382/212/382 665/405/665 381/211/381

usemtl material_622
f 381/211/381 665/405/665 664/404/664

usemtl material_338
f 381/211/381 664/404/664 378/210/378

usemtl material_193
f 661/401/661 660/400/660 389/216/389

usemtl material_925
f 389/216/389 660/400/660 658/399/658

usemtl material_335
f 389/216/389 658/399/658 391/218/391

usemtl material_619
f 391/218/391 658/399/658 657/398/657

usemtl material_334
f 391/218/391 657/398/657 384/213/384

usemtl material_623
f 384/213/384 657/398/657 670/409/670

usemtl material_399
f 384/213/384 670/409/670 386/215/386
f 386/215/386 670/409/670 669/408/669

usemtl material_620
f 386/215/386 669/408/669 668/407/668

usemtl material_210
f 134/74/134 2241/1851/2241 138/77/138

usemtl material_331
f 174/96/174 175/97/175 822/540/822

usemtl material_926
f 822/540/822 175/97/175 178/98/178
f 822/540/822 178/98/178 823/541/823

usemtl material_927
f 823/541/823 178/98/178 179/99/179

usemtl material_400
f 823/541/823 179/99/179 824/542/824

usemtl material_328
f 824/542/824 179/99/179 183/102/183

usemtl material_89
f 824/542/824 183/102/183 811/531/811

usemtl material_928
f 811/531/811 183/102/183 812/532/812

usemtl material_103
f 199/110/199 2034/1659/2034 205/113/205
f 369/205/369 1517/1179/1517 373/208/373

usemtl material_412
f 430/239/430 634/379/634 428/238/428
f 428/238/428 634/379/634 633/378/633

usemtl material_742
f 428/238/428 633/378/633 632/377/632

usemtl material_306
f 1324/1000/1324 436/243/436 430/239/430

usemtl material_66
f 430/239/430 436/243/436 635/380/635
f 430/239/430 635/380/635 634/379/634

usemtl material_303
f 130/72/130 2255/1864/2255 133/73/133

usemtl material_99
f 808/528/808 807/527/807 192/106/192

usemtl material_189
f 192/106/192 807/527/807 805/526/805

usemtl material_341
f 206/114/206 2021/1647/2021 209/115/209

usemtl material_104
f 365/203/365 1529/1192/1529 368/204/368

usemtl material_721
f 664/404/664 675/414/675 378/210/378

usemtl material_929
f 378/210/378 675/414/675 674/413/674

usemtl material_337
f 378/210/378 674/413/674 377/209/377

usemtl material_624
f 377/209/377 674/413/674 672/411/672

usemtl material_100
f 377/209/377 672/411/672 371/206/371

usemtl material_396
f 371/206/371 672/411/672 671/410/671

usemtl material_98
f 371/206/371 671/410/671 373/208/373

usemtl material_397
f 373/208/373 671/410/671 682/420/682

usemtl material_343
f 373/208/373 682/420/682 369/205/369

usemtl material_413
f 844/561/844 843/560/843 147/81/147

usemtl material_304
f 147/81/147 843/560/843 842/559/842

usemtl material_209
f 147/81/147 842/559/842 141/78/141

usemtl material_412
f 141/78/141 842/559/842 841/558/841

usemtl material_567
f 141/78/141 841/558/841 143/80/143

usemtl material_66
f 143/80/143 841/558/841 840/557/840

usemtl material_813
f 143/80/143 840/557/840 136/75/136

usemtl material_335
f 183/102/183 181/100/181 815/534/815

usemtl material_93
f 815/534/815 181/100/181 188/105/188

usemtl material_334
f 815/534/815 188/105/188 816/535/816

usemtl material_894
f 816/535/816 188/105/188 186/103/186

usemtl material_399
f 816/535/816 186/103/186 817/536/817

usemtl material_621
f 817/536/817 186/103/186 192/106/192

usemtl material_94
f 817/536/817 192/106/192 804/525/804

usemtl material_189
f 804/525/804 192/106/192 805/526/805

usemtl material_395
f 210/116/210 2007/1634/2007 214/119/214
f 358/199/358 1544/1204/1544 364/202/364

usemtl material_103
f 682/420/682 681/419/681 369/205/369

usemtl material_183
f 369/205/369 681/419/681 680/418/680

usemtl material_101
f 369/205/369 680/418/680 368/204/368

usemtl material_627
f 368/204/368 680/418/680 679/417/679

usemtl material_626
f 368/204/368 679/417/679 365/203/365

usemtl material_68
f 636/373/636 436/243/436 629/374/629

usemtl material_211
f 629/374/629 436/243/436 434/241/434

usemtl material_569
f 629/374/629 434/241/434 627/372/627

usemtl material_61
f 622/369/622 627/372/627 444/246/444

usemtl material_68
f 840/557/840 852/556/852 136/75/136

usemtl material_211
f 136/75/136 852/556/852 851/567/851

usemtl material_308
f 136/75/136 851/567/851 138/77/138

usemtl material_98
f 802/523/802 800/521/800 201/112/201

usemtl material_340
f 192/106/192 193/107/193 808/528/808

usemtl material_338
f 808/528/808 193/107/193 196/108/196

usemtl material_721
f 808/528/808 196/108/196 809/529/809

usemtl material_102
f 809/529/809 196/108/196 197/109/197

usemtl material_337
f 809/529/809 197/109/197 810/530/810

usemtl material_336
f 810/530/810 197/109/197 201/112/201

usemtl material_100
f 810/530/810 201/112/201 799/520/799

usemtl material_185
f 799/520/799 201/112/201 800/521/800

usemtl material_105
f 201/112/201 199/110/199 802/523/802

usemtl material_343
f 802/523/802 199/110/199 205/113/205

usemtl material_186
f 802/523/802 205/113/205 803/524/803

usemtl material_187
f 803/524/803 205/113/205 206/114/206

usemtl material_101
f 803/524/803 206/114/206 792/514/792

usemtl material_342
f 792/514/792 206/114/206 209/115/209

usemtl material_626
f 792/514/792 209/115/209 793/515/793

usemtl material_356
f 212/117/212 1993/1621/1993 219/122/219
f 353/196/353 1558/1217/1558 360/201/360

usemtl material_341
f 679/417/679 677/416/677 365/203/365

usemtl material_184
f 365/203/365 677/416/677 676/415/676

usemtl material_349
f 365/203/365 676/415/676 364/202/364

usemtl material_394
f 364/202/364 676/415/676 689/426/689

usemtl material_629
f 364/202/364 689/426/689 358/199/358

usemtl material_63
f 123/68/123 2270/1878/2270 129/71/129

usemtl material_930
f 217/120/217 1979/1608/1979 223/123/223
f 351/195/351 1572/1230/1572 355/198/355

usemtl material_628
f 689/426/689 688/425/688 358/199/358

usemtl material_931
f 358/199/358 688/425/688 687/424/687

usemtl material_346
f 358/199/358 687/424/687 360/201/360

usemtl material_932
f 360/201/360 687/424/687 686/423/686

usemtl material_344
f 360/201/360 686/423/686 353/196/353

usemtl material_67
f 1295/973/1295 444/246/444 441/245/441

usemtl material_303
f 441/245/441 444/246/444 627/372/627

usemtl material_560
f 441/245/441 627/372/627 440/244/440

usemtl material_414
f 440/244/440 627/372/627 434/241/434

usemtl material_415
f 440/244/440 434/241/434 1302/981/1302

usemtl material_362
f 224/124/224 1965/1595/1965 225/125/225
f 344/191/344 1586/1243/1586 350/194/350

usemtl material_344
f 686/423/686 684/422/684 353/196/353

usemtl material_391
f 353/196/353 684/422/684 683/421/683

usemtl material_933
f 353/196/353 683/421/683 355/198/355

usemtl material_355
f 355/198/355 683/421/683 696/432/696

usemtl material_934
f 355/198/355 696/432/696 351/195/351

usemtl material_553
f 119/66/119 2285/1894/2285 125/70/125

usemtl material_415
f 851/567/851 850/566/850 138/77/138

usemtl material_65
f 138/77/138 850/566/850 849/565/849

usemtl material_569
f 138/77/138 849/565/849 134/74/134

usemtl material_564
f 134/74/134 849/565/849 848/564/848

usemtl material_212
f 134/74/134 848/564/848 133/73/133

usemtl material_303
f 133/73/133 848/564/848 847/563/847

usemtl material_854
f 133/73/133 847/563/847 130/72/130

usemtl material_935
f 797/518/797 796/517/796 209/115/209

usemtl material_184
f 209/115/209 796/517/796 795/516/795
f 209/115/209 795/516/795 793/515/793

usemtl material_936
f 339/188/339 1600/1256/1600 346/193/346

usemtl material_934
f 696/432/696 695/431/695 351/195/351

usemtl material_937
f 351/195/351 695/431/695 694/430/694

usemtl material_938
f 351/195/351 694/430/694 350/194/350

usemtl material_939
f 350/194/350 694/430/694 693/429/693

usemtl material_940
f 350/194/350 693/429/693 344/191/344

usemtl material_302
f 622/369/622 444/246/444 623/370/623

usemtl material_298
f 623/370/623 444/246/444 445/247/445

usemtl material_299
f 623/370/623 445/247/445 625/371/625

usemtl material_302
f 847/563/847 859/562/859 130/72/130
f 130/72/130 859/562/859 858/573/858

usemtl material_298
f 130/72/130 858/573/858 129/71/129

usemtl material_933
f 790/512/790 789/511/789 219/122/219
f 219/122/219 789/511/789 788/510/788

usemtl material_652
f 231/128/231 1937/1569/1937 237/131/237

usemtl material_845
f 337/187/337 1614/1269/1614 341/190/341

usemtl material_350
f 693/429/693 691/428/691 344/191/344

usemtl material_362
f 344/191/344 691/428/691 690/427/690

usemtl material_361
f 344/191/344 690/427/690 346/193/346

usemtl material_941
f 346/193/346 690/427/690 703/438/703

usemtl material_169
f 346/193/346 703/438/703 339/188/339

usemtl material_942
f 116/64/116 2301/1909/2301 117/65/117

usemtl material_349
f 209/115/209 210/116/210 797/518/797

usemtl material_348
f 797/518/797 210/116/210 214/119/214

usemtl material_628
f 797/518/797 214/119/214 798/519/798

usemtl material_931
f 798/519/798 214/119/214 212/117/212

usemtl material_346
f 798/519/798 212/117/212 785/508/785

usemtl material_344
f 785/508/785 212/117/212 219/122/219
f 785/508/785 219/122/219 786/509/786

usemtl material_391
f 786/509/786 219/122/219 788/510/788

usemtl material_388
f 238/132/238 1922/1555/1922 241/133/241

usemtl material_168
f 333/185/333 1628/1282/1628 336/186/336

usemtl material_389
f 703/438/703 702/437/702 339/188/339

usemtl material_690
f 339/188/339 702/437/702 701/436/701

usemtl material_943
f 339/188/339 701/436/701 341/190/341

usemtl material_385
f 341/190/341 701/436/701 700/435/700

usemtl material_944
f 341/190/341 700/435/700 337/187/337

usemtl material_300
f 1264/946/1264 454/253/454 447/248/447

usemtl material_553
f 447/248/447 454/253/454 625/371/625

usemtl material_417
f 447/248/447 625/371/625 449/250/449

usemtl material_557
f 449/250/449 625/371/625 445/247/445

usemtl material_58
f 449/250/449 445/247/445 1271/952/1271

usemtl material_355
f 219/122/219 217/120/217 790/512/790

usemtl material_945
f 790/512/790 217/120/217 223/123/223

usemtl material_934
f 790/512/790 223/123/223 791/513/791

usemtl material_353
f 791/513/791 223/123/223 224/124/224

usemtl material_938
f 791/513/791 224/124/224 778/502/778

usemtl material_940
f 778/502/778 224/124/224 225/125/225

usemtl material_350
f 778/502/778 225/125/225 779/503/779

usemtl material_362
f 779/503/779 225/125/225 781/504/781

usemtl material_389
f 783/506/783 233/130/233 784/507/784

usemtl material_390
f 784/507/784 233/130/233 231/128/231

usemtl material_943
f 784/507/784 231/128/231 771/496/771

usemtl material_386
f 771/496/771 231/128/231 237/131/237
f 771/496/771 237/131/237 772/497/772

usemtl material_652
f 700/435/700 698/434/698 337/187/337

usemtl material_845
f 337/187/337 698/434/698 697/433/697

usemtl material_946
f 337/187/337 697/433/697 336/186/336

usemtl material_819
f 336/186/336 697/433/697 710/444/710

usemtl material_655
f 336/186/336 710/444/710 333/185/333

usemtl material_59
f 452/251/452 1239/922/1239 458/254/458

usemtl material_558
f 858/573/858 857/572/857 129/71/129

usemtl material_63
f 129/71/129 857/572/857 856/571/856

usemtl material_299
f 129/71/129 856/571/856 123/68/123

usemtl material_555
f 123/68/123 856/571/856 855/570/855

usemtl material_417
f 123/68/123 855/570/855 125/70/125

usemtl material_553
f 125/70/125 855/570/855 854/569/854

usemtl material_416
f 125/70/125 854/569/854 119/66/119

usemtl material_947
f 1951/1582/1951 233/130/233 227/126/227

usemtl material_948
f 227/126/227 233/130/233 783/506/783

usemtl material_941
f 227/126/227 783/506/783 225/125/225

usemtl material_361
f 225/125/225 783/506/783 782/505/782

usemtl material_949
f 225/125/225 782/505/782 781/504/781

usemtl material_384
f 244/135/244 1894/1529/1894 251/140/251

usemtl material_950
f 717/450/717 322/179/322 328/183/328

usemtl material_685
f 328/183/328 322/179/322 1657/1309/1657

usemtl material_549
f 458/254/458 621/368/621 452/251/452

usemtl material_53
f 452/251/452 621/368/621 620/367/620

usemtl material_301
f 452/251/452 620/367/620 454/253/454

usemtl material_416
f 454/253/454 620/367/620 626/366/626
f 454/253/454 626/366/626 625/371/625

usemtl material_57
f 854/569/854 867/568/867 119/66/119

usemtl material_301
f 119/66/119 867/568/867 866/580/866

usemtl material_423
f 119/66/119 866/580/866 117/65/117

usemtl material_369
f 1908/1542/1908 246/137/246 242/134/242
f 242/134/242 246/137/246 765/491/765

usemtl material_368
f 717/450/717 328/183/328 704/439/704

usemtl material_687
f 704/439/704 328/183/328 326/181/326

usemtl material_165
f 704/439/704 326/181/326 705/440/705

usemtl material_688
f 705/440/705 326/181/326 1643/1296/1643
f 705/440/705 1643/1296/1643 332/184/332

usemtl material_388
f 710/444/710 709/443/709 333/185/333

usemtl material_366
f 333/185/333 709/443/709 708/442/708

usemtl material_365
f 333/185/333 708/442/708 332/184/332

usemtl material_127
f 332/184/332 708/442/708 707/441/707

usemtl material_363
f 332/184/332 707/441/707 705/440/705

usemtl material_50
f 104/57/104 2333/1939/2333 111/62/111

usemtl material_51
f 861/575/861 115/63/115 863/577/863

usemtl material_951
f 863/577/863 115/63/115 116/64/116

usemtl material_952
f 863/577/863 116/64/116 864/578/864

usemtl material_953
f 864/578/864 116/64/116 117/65/117

usemtl material_551
f 864/578/864 117/65/117 865/579/865

usemtl material_954
f 865/579/865 117/65/117 866/580/866

usemtl material_955
f 776/500/776 775/499/775 237/131/237

usemtl material_367
f 237/131/237 775/499/775 774/498/774
f 237/131/237 774/498/774 772/497/772

usemtl material_123
f 237/131/237 238/132/238 776/500/776

usemtl material_655
f 776/500/776 238/132/238 241/133/241
f 776/500/776 241/133/241 777/501/777

usemtl material_366
f 777/501/777 241/133/241 242/134/242

usemtl material_365
f 777/501/777 242/134/242 764/490/764

usemtl material_364
f 764/490/764 242/134/242 765/491/765

usemtl material_667
f 256/142/256 1866/1503/1866 260/145/260

usemtl material_158
f 724/456/724 312/173/312 318/176/318

usemtl material_668
f 318/176/318 312/173/312 1685/1335/1685

usemtl material_545
f 459/255/459 1232/916/1232 463/258/463

usemtl material_381
f 1880/1516/1880 255/141/255 249/138/249

usemtl material_956
f 249/138/249 255/141/255 758/485/758

usemtl material_129
f 724/456/724 318/176/318 711/445/711
f 711/445/711 318/176/318 319/177/319

usemtl material_372
f 711/445/711 319/177/319 712/446/712
f 712/446/712 319/177/319 1671/1322/1671
f 712/446/712 1671/1322/1671 320/178/320

usemtl material_384
f 717/450/717 716/449/716 322/179/322

usemtl material_686
f 322/179/322 716/449/716 715/448/715

usemtl material_128
f 322/179/322 715/448/715 320/178/320

usemtl material_132
f 320/178/320 715/448/715 714/447/714

usemtl material_160
f 320/178/320 714/447/714 712/446/712

usemtl material_217
f 458/254/458 459/255/459 621/368/621

usemtl material_957
f 621/368/621 459/255/459 463/258/463

usemtl material_958
f 621/368/621 463/258/463 617/365/617

usemtl material_959
f 617/365/617 463/258/463 461/256/461

usemtl material_960
f 617/365/617 461/256/461 618/358/618

usemtl material_748
f 102/56/102 2349/1954/2349 106/59/106

usemtl material_162
f 769/494/769 768/493/768 246/137/246

usemtl material_165
f 246/137/246 768/493/768 767/492/767
f 246/137/246 767/492/767 765/491/765

usemtl material_687
f 246/137/246 244/135/244 769/494/769

usemtl material_961
f 769/494/769 244/135/244 251/140/251

usemtl material_950
f 769/494/769 251/140/251 770/495/770

usemtl material_962
f 770/495/770 251/140/251 249/138/249

usemtl material_963
f 770/495/770 249/138/249 757/484/757

usemtl material_663
f 757/484/757 249/138/249 758/485/758

usemtl material_138
f 263/146/263 1838/1477/1838 269/149/269

usemtl material_133
f 731/462/731 305/169/305 309/172/309

usemtl material_678
f 309/172/309 305/169/305 1713/1361/1713

usemtl material_546
f 2317/1924/2317 115/63/115 109/60/109

usemtl material_420
f 109/60/109 115/63/115 861/575/861

usemtl material_419
f 109/60/109 861/575/861 111/62/111

usemtl material_48
f 111/62/111 861/575/861 860/574/860

usemtl material_140
f 1852/1490/1852 265/148/265 258/143/258
f 258/143/258 265/148/265 751/479/751

usemtl material_155
f 731/462/731 309/172/309 718/451/718

usemtl material_379
f 718/451/718 309/172/309 307/170/307

usemtl material_156
f 718/451/718 307/170/307 719/452/719
f 719/452/719 307/170/307 1699/1348/1699

usemtl material_140
f 719/452/719 1699/1348/1699 314/175/314

usemtl material_666
f 724/456/724 723/455/723 312/173/312

usemtl material_680
f 312/173/312 723/455/723 722/454/722

usemtl material_669
f 312/173/312 722/454/722 314/175/314

usemtl material_378
f 314/175/314 722/454/722 721/453/721

usemtl material_370
f 314/175/314 721/453/721 719/452/719

usemtl material_749
f 98/54/98 2365/1969/2365 101/55/101

usemtl material_382
f 762/488/762 761/487/761 255/141/255

usemtl material_159
f 255/141/255 761/487/761 760/486/760

usemtl material_372
f 255/141/255 760/486/760 758/485/758

usemtl material_681
f 255/141/255 256/142/256 762/488/762

usemtl material_964
f 762/488/762 256/142/256 260/145/260

usemtl material_965
f 762/488/762 260/145/260 763/489/763

usemtl material_157
f 763/489/763 260/145/260 258/143/258

usemtl material_669
f 763/489/763 258/143/258 750/478/750

usemtl material_131
f 750/478/750 258/143/258 751/479/751

usemtl material_149
f 274/152/274 1811/1452/1811 278/155/278

usemtl material_153
f 738/468/738 294/163/294 300/166/300

usemtl material_673
f 300/166/300 294/163/294 1740/1386/1740

usemtl material_798
f 1200/886/1200 472/262/472 466/259/466

usemtl material_748
f 466/259/466 472/262/472 618/358/618

usemtl material_52
f 466/259/466 618/358/618 468/261/468

usemtl material_966
f 468/261/468 618/358/618 461/256/461

usemtl material_967
f 468/261/468 461/256/461 1216/901/1216

usemtl material_145
f 1823/1465/1823 273/151/273 270/150/270
f 270/150/270 273/151/273 744/473/744

usemtl material_968
f 9/6/9 7/4/7 547/306/547

usemtl material_375
f 738/468/738 300/166/300 725/457/725

usemtl material_146
f 725/457/725 300/166/300 301/167/301

usemtl material_154
f 725/457/725 301/167/301 726/458/726
f 726/458/726 301/167/301 1727/1374/1727

usemtl material_145
f 726/458/726 1727/1374/1727 304/168/304

usemtl material_138
f 731/462/731 730/461/730 305/169/305

usemtl material_144
f 305/169/305 730/461/730 729/460/729

usemtl material_139
f 305/169/305 729/460/729 304/168/304

usemtl material_373
f 304/168/304 729/460/729 728/459/728

usemtl material_142
f 304/168/304 728/459/728 726/458/726

usemtl material_969
f 91/50/91 2380/1983/2380 97/53/97

usemtl material_374
f 755/482/755 754/481/754 265/148/265

usemtl material_670
f 265/148/265 754/481/754 753/480/753

usemtl material_156
f 265/148/265 753/480/753 751/479/751

usemtl material_379
f 265/148/265 263/146/263 755/482/755

usemtl material_133
f 755/482/755 263/146/263 269/149/269

usemtl material_138
f 755/482/755 269/149/269 756/483/756

usemtl material_139
f 756/483/756 269/149/269 270/150/270
f 756/483/756 270/150/270 743/472/743

usemtl material_142
f 743/472/743 270/150/270 744/473/744

usemtl material_970
f 2/1/2 2654/2237/2654 9/6/9

usemtl material_791
f 14/8/14 950/653/950 291/161/291

usemtl material_432
f 473/263/473 611/360/611 472/262/472

usemtl material_290
f 472/262/472 611/360/611 610/359/610

usemtl material_296
f 472/262/472 610/359/610 618/358/618

usemtl material_291
f 1183/870/1183 476/264/476 473/263/473

usemtl material_749
f 473/263/473 476/264/476 612/361/612

usemtl material_431
f 473/263/473 612/361/612 611/360/611

usemtl material_0
f 1797/1439/1797 21/11/21 276/153/276

usemtl material_2
f 276/153/276 21/11/21 545/305/545

usemtl material_971
f 7/4/7 2640/2224/2640 547/306/547

usemtl material_972
f 547/306/547 2640/2224/2640 13/7/13

usemtl material_1
f 547/306/547 13/7/13 739/469/739

usemtl material_4
f 13/7/13 14/8/14 739/469/739

usemtl material_376
f 739/469/739 14/8/14 291/161/291

usemtl material_676
f 739/469/739 291/161/291 732/463/732
f 732/463/732 291/161/291 292/162/292

usemtl material_0
f 732/463/732 292/162/292 733/464/733
f 733/464/733 292/162/292 1754/1399/1754

usemtl material_2
f 733/464/733 1754/1399/1754 296/165/296

usemtl material_149
f 738/468/738 737/467/737 294/163/294

usemtl material_674
f 294/163/294 737/467/737 736/466/736

usemtl material_10
f 294/163/294 736/466/736 296/165/296

usemtl material_3
f 296/165/296 736/466/736 735/465/735

usemtl material_8
f 296/165/296 735/465/735 733/464/733

usemtl material_781
f 89/49/89 2396/1998/2396 93/52/93

usemtl material_220
f 876/589/876 101/55/101 877/590/877
f 877/590/877 101/55/101 102/56/102

usemtl material_290
f 877/590/877 102/56/102 878/581/878

usemtl material_296
f 878/581/878 102/56/102 106/59/106

usemtl material_748
f 878/581/878 106/59/106 869/582/869

usemtl material_52
f 869/582/869 106/59/106 104/57/104

usemtl material_426
f 869/582/869 104/57/104 870/583/870

usemtl material_747
f 870/583/870 104/57/104 111/62/111

usemtl material_50
f 870/583/870 111/62/111 871/584/871

usemtl material_54
f 871/584/871 111/62/111 860/574/860

usemtl material_8
f 545/305/545 544/304/544 276/153/276

usemtl material_10
f 276/153/276 544/304/544 749/477/749
f 276/153/276 749/477/749 278/155/278

usemtl material_149
f 278/155/278 749/477/749 748/476/748

usemtl material_153
f 278/155/278 748/476/748 274/152/274

usemtl material_375
f 274/152/274 748/476/748 747/475/747

usemtl material_146
f 274/152/274 747/475/747 273/151/273

usemtl material_677
f 273/151/273 747/475/747 746/474/746

usemtl material_154
f 273/151/273 746/474/746 744/473/744

usemtl material_973
f 477/265/477 614/363/614 476/264/476

usemtl material_974
f 476/264/476 614/363/614 613/362/613

usemtl material_292
f 476/264/476 613/362/613 612/361/612

usemtl material_975
f 1169/857/1169 481/268/481 477/265/477

usemtl material_294
f 477/265/477 481/268/481 615/352/615

usemtl material_975
f 477/265/477 615/352/615 614/363/614

usemtl material_4
f 741/471/741 17/9/17 742/307/742

usemtl material_377
f 742/307/742 17/9/17 18/10/18

usemtl material_976
f 9/6/9 547/306/547 2/1/2

usemtl material_977
f 2/1/2 547/306/547 742/307/742

usemtl material_968
f 2/1/2 742/307/742 4/3/4

usemtl material_972
f 4/3/4 742/307/742 18/10/18

usemtl material_971
f 4/3/4 18/10/18 2624/2211/2624

usemtl material_475
f 85/47/85 2412/2013/2412 88/48/88

usemtl material_791
f 1789/1432/1789 17/9/17 22/12/22

usemtl material_792
f 22/12/22 17/9/17 741/471/741

usemtl material_676
f 22/12/22 741/471/741 21/11/21

usemtl material_820
f 21/11/21 741/471/741 740/470/740

usemtl material_0
f 21/11/21 740/470/740 545/305/545

usemtl material_978
f 479/266/479 604/354/604 481/268/481

usemtl material_283
f 481/268/481 604/354/604 603/353/603

usemtl material_979
f 481/268/481 603/353/603 615/352/615

usemtl material_980
f 1153/842/1153 485/269/485 479/266/479

usemtl material_981
f 479/266/479 485/269/485 605/355/605

usemtl material_980
f 479/266/479 605/355/605 604/354/604

usemtl material_465
f 78/43/78 2427/2027/2427 84/46/84

usemtl material_982
f 883/595/883 93/52/93 884/596/884
f 884/596/884 93/52/93 91/50/91

usemtl material_283
f 884/596/884 91/50/91 885/585/885

usemtl material_979
f 885/585/885 91/50/91 97/53/97

usemtl material_294
f 885/585/885 97/53/97 873/586/873

usemtl material_222
f 873/586/873 97/53/97 98/54/98

usemtl material_973
f 873/586/873 98/54/98 874/587/874

usemtl material_983
f 874/587/874 98/54/98 101/55/101

usemtl material_749
f 874/587/874 101/55/101 875/588/875

usemtl material_49
f 875/588/875 101/55/101 876/589/876

usemtl material_488
f 486/270/486 607/357/607 485/269/485

usemtl material_490
f 485/269/485 607/357/607 606/356/606

usemtl material_487
f 485/269/485 606/356/606 605/355/605

usemtl material_480
f 1138/828/1138 489/271/489 486/270/486

usemtl material_288
f 486/270/486 489/271/489 608/346/608

usemtl material_480
f 486/270/486 608/346/608 607/357/607

usemtl material_279
f 599/350/599 598/349/598 494/275/494

usemtl material_444
f 73/40/73 2443/2040/2443 80/45/80

usemtl material_440
f 490/272/490 597/348/597 489/271/489

usemtl material_277
f 489/271/489 597/348/597 596/347/596

usemtl material_289
f 489/271/489 596/347/596 608/346/608

usemtl material_278
f 1122/813/1122 494/275/494 490/272/490

usemtl material_465
f 490/272/490 494/275/494 598/349/598

usemtl material_278
f 490/272/490 598/349/598 597/348/597

usemtl material_26
f 71/39/71 2457/2053/2457 75/42/75

usemtl material_468
f 890/601/890 84/46/84 891/602/891

usemtl material_440
f 891/602/891 84/46/84 85/47/85

usemtl material_277
f 891/602/891 85/47/85 892/591/892

usemtl material_289
f 892/591/892 85/47/85 88/48/88

usemtl material_288
f 892/591/892 88/48/88 880/592/880

usemtl material_485
f 880/592/880 88/48/88 89/49/89

usemtl material_488
f 880/592/880 89/49/89 881/593/881

usemtl material_494
f 881/593/881 89/49/89 93/52/93

usemtl material_981
f 881/593/881 93/52/93 882/594/882

usemtl material_984
f 882/594/882 93/52/93 883/595/883

usemtl material_985
f 599/350/599 494/275/494 600/351/600

usemtl material_986
f 600/351/600 494/275/494 492/273/492

usemtl material_987
f 600/351/600 492/273/492 601/340/601
f 601/340/601 492/273/492 1108/798/1108

usemtl material_444
f 601/340/601 1108/798/1108 499/278/499

usemtl material_21
f 592/344/592 591/343/591 503/279/503

usemtl material_469
f 67/37/67 2471/2066/2471 70/38/70

usemtl material_988
f 497/276/497 590/342/590 499/278/499

usemtl material_274
f 499/278/499 590/342/590 589/341/589

usemtl material_282
f 499/278/499 589/341/589 601/340/601

usemtl material_989
f 1094/785/1094 503/279/503 497/276/497

usemtl material_801
f 497/276/497 503/279/503 591/343/591

usemtl material_26
f 497/276/497 591/343/591 590/342/590

usemtl material_466
f 60/33/60 2484/2078/2484 66/36/66

usemtl material_808
f 897/607/897 75/42/75 898/608/898

usemtl material_988
f 898/608/898 75/42/75 73/40/73

usemtl material_274
f 898/608/898 73/40/73 899/597/899

usemtl material_990
f 899/597/899 73/40/73 80/45/80

usemtl material_281
f 899/597/899 80/45/80 887/598/887

usemtl material_280
f 887/598/887 80/45/80 78/43/78

usemtl material_986
f 887/598/887 78/43/78 888/599/888

usemtl material_800
f 888/599/888 78/43/78 84/46/84

usemtl material_465
f 888/599/888 84/46/84 889/600/889

usemtl material_439
f 889/600/889 84/46/84 890/601/890

usemtl material_21
f 592/344/592 503/279/503 593/345/593

usemtl material_473
f 593/345/593 503/279/503 504/280/504

usemtl material_991
f 593/345/593 504/280/504 594/334/594
f 594/334/594 504/280/504 1079/773/1079

usemtl material_241
f 594/334/594 1079/773/1079 507/281/507

usemtl material_150
f 585/338/585 584/337/584 512/285/512

usemtl material_448
f 58/32/58 2498/2091/2498 62/35/62

usemtl material_992
f 508/282/508 583/336/583 507/281/507

usemtl material_269
f 507/281/507 583/336/583 582/335/582

usemtl material_276
f 507/281/507 582/335/582 594/334/594

usemtl material_270
f 1067/760/1067 512/285/512 508/282/508

usemtl material_151
f 508/282/508 512/285/512 584/337/584

usemtl material_13
f 508/282/508 584/337/584 583/336/583

usemtl material_993
f 54/30/54 2510/2104/2510 57/31/57

usemtl material_789
f 904/613/904 66/36/66 905/614/905

usemtl material_16
f 905/614/905 66/36/66 67/37/67

usemtl material_19
f 905/614/905 67/37/67 906/603/906

usemtl material_469
f 906/603/906 67/37/67 70/38/70

usemtl material_241
f 906/603/906 70/38/70 894/604/894

usemtl material_275
f 894/604/894 70/38/70 71/39/71

usemtl material_473
f 894/604/894 71/39/71 895/605/895

usemtl material_442
f 895/605/895 71/39/71 75/42/75

usemtl material_26
f 895/605/895 75/42/75 896/606/896

usemtl material_24
f 896/606/896 75/42/75 897/607/897

usemtl material_11
f 585/338/585 512/285/512 586/339/586

usemtl material_994
f 586/339/586 512/285/512 510/283/510

usemtl material_272
f 586/339/586 510/283/510 587/328/587
f 587/328/587 510/283/510 1053/747/1053

usemtl material_448
f 587/328/587 1053/747/1053 516/286/516

usemtl material_264
f 578/332/578 577/331/577 520/288/520

usemtl material_17
f 47/26/47 2525/2118/2525 53/29/53

usemtl material_22
f 517/287/517 576/330/576 516/286/516

usemtl material_262
f 516/286/516 576/330/576 575/329/575

usemtl material_273
f 516/286/516 575/329/575 587/328/587

usemtl material_263
f 1040/735/1040 520/288/520 517/287/517

usemtl material_445
f 517/287/517 520/288/520 577/331/577

usemtl material_472
f 517/287/517 577/331/577 576/330/576

usemtl material_452
f 571/325/571 580/324/580 525/292/525

usemtl material_802
f 42/23/42 2541/2133/2541 49/28/49

usemtl material_446
f 911/619/911 57/31/57 912/620/912

usemtl material_240
f 912/620/912 57/31/57 58/32/58

usemtl material_447
f 912/620/912 58/32/58 913/609/913

usemtl material_273
f 913/609/913 58/32/58 62/35/62

usemtl material_272
f 913/609/913 62/35/62 901/610/901

usemtl material_271
f 901/610/901 62/35/62 60/33/60

usemtl material_994
f 901/610/901 60/33/60 902/611/902

usemtl material_995
f 902/611/902 60/33/60 66/36/66

usemtl material_466
f 902/611/902 66/36/66 903/612/903

usemtl material_18
f 903/612/903 66/36/66 904/613/904

usemtl material_788
f 578/332/578 520/288/520 579/333/579

usemtl material_787
f 579/333/579 520/288/520 521/289/521

usemtl material_267
f 579/333/579 521/289/521 580/324/580
f 580/324/580 521/289/521 1024/722/1024

usemtl material_17
f 580/324/580 1024/722/1024 525/292/525

usemtl material_457
f 40/22/40 2557/2148/2557 44/25/44

usemtl material_790
f 523/290/523 1008/707/1008 530/295/530

usemtl material_455
f 564/319/564 554/311/554 534/296/534

usemtl material_996
f 33/18/33 2573/2163/2573 39/21/39

usemtl material_467
f 918/625/918 49/28/49 919/626/919
f 919/626/919 49/28/49 47/26/47

usemtl material_452
f 919/626/919 47/26/47 920/615/920

usemtl material_268
f 920/615/920 47/26/47 53/29/53

usemtl material_267
f 920/615/920 53/29/53 908/616/908

usemtl material_265
f 908/616/908 53/29/53 54/30/54

usemtl material_788
f 908/616/908 54/30/54 909/617/909

usemtl material_445
f 909/617/909 54/30/54 57/31/57

usemtl material_993
f 909/617/909 57/31/57 910/618/910

usemtl material_786
f 910/618/910 57/31/57 911/619/911

usemtl material_451
f 571/325/571 525/292/525 572/326/572

usemtl material_467
f 572/326/572 525/292/525 523/290/523

usemtl material_802
f 572/326/572 523/290/523 573/327/573

usemtl material_672
f 573/327/573 523/290/523 530/295/530

usemtl material_997
f 573/327/573 530/295/530 553/310/553

usemtl material_998
f 553/310/553 530/295/530 528/293/528

usemtl material_246
f 553/310/553 528/293/528 554/311/554

usemtl material_457
f 554/311/554 528/293/528 992/692/992

usemtl material_252
f 554/311/554 992/692/992 534/296/534

usemtl material_259
f 28/15/28 2589/2178/2589 35/20/35

usemtl material_454
f 535/297/535 976/677/976 536/298/536

usemtl material_999
f 564/319/564 534/296/534 565/320/565

usemtl material_1000
f 565/320/565 534/296/534 535/297/535

usemtl material_454
f 565/320/565 535/297/535 566/321/566

usemtl material_1001
f 566/321/566 535/297/535 536/298/536

usemtl material_803
f 566/321/566 536/298/536 567/322/567

usemtl material_257
f 567/322/567 536/298/536 538/299/538

usemtl material_258
f 567/322/567 538/299/538 568/323/568

usemtl material_247
f 26/14/26 2605/2193/2605 30/17/30

usemtl material_254
f 925/631/925 39/21/39 926/632/926

usemtl material_999
f 926/632/926 39/21/39 40/22/40

usemtl material_455
f 926/632/926 40/22/40 927/621/927

usemtl material_252
f 927/621/927 40/22/40 44/25/44

usemtl material_457
f 927/621/927 44/25/44 915/622/915

usemtl material_998
f 915/622/915 44/25/44 42/23/42

usemtl material_997
f 915/622/915 42/23/42 916/623/916

usemtl material_672
f 916/623/916 42/23/42 49/28/49

usemtl material_802
f 916/623/916 49/28/49 917/624/917

usemtl material_450
f 917/624/917 49/28/49 918/625/918

usemtl material_1002
f 568/323/568 538/299/538 569/315/569

usemtl material_259
f 569/315/569 538/299/538 960/662/960

usemtl material_1003
f 569/315/569 960/662/960 287/160/287

usemtl material_1004
f 285/158/285 1771/1417/1771 282/156/282

usemtl material_1005
f 283/157/283 2781/313/2781 562/318/562

usemtl material_251
f 283/157/283 562/318/562 282/156/282
f 283/157/283 936/640/936 2781/313/2781
f 2781/313/2781 936/640/936 25/13/25

usemtl material_1005
f 2781/313/2781 25/13/25 928/633/928

usemtl material_251
f 928/633/928 25/13/25 26/14/26
f 928/633/928 26/14/26 929/634/929

usemtl material_1006
f 929/634/929 26/14/26 30/17/30

usemtl material_1007
f 929/634/929 30/17/30 930/635/930

usemtl material_804
f 925/631/925 924/630/924 39/21/39

usemtl material_996
f 39/21/39 924/630/924 923/629/923

usemtl material_255
f 39/21/39 923/629/923 33/18/33

usemtl material_256
f 33/18/33 923/629/923 922/628/922

usemtl material_257
f 33/18/33 922/628/922 35/20/35

usemtl material_1002
f 35/20/35 922/628/922 933/627/933

usemtl material_1003
f 35/20/35 933/627/933 28/15/28

usemtl material_248
f 28/15/28 933/627/933 932/637/932

usemtl material_1008
f 28/15/28 932/637/932 30/17/30

usemtl material_460
f 30/17/30 932/637/932 931/636/931

usemtl material_1009
f 30/17/30 931/636/931 930/635/930

usemtl material_1010
f 562/318/562 561/317/561 282/156/282

usemtl material_1011
f 282/156/282 561/317/561 556/312/556

usemtl material_1006
f 282/156/282 556/312/556 285/158/285

usemtl material_1007
f 285/158/285 556/312/556 558/314/558

usemtl material_1012
f 285/158/285 558/314/558 287/160/287

usemtl material_1013
f 287/160/287 558/314/558 560/316/560

usemtl material_248
f 287/160/287 560/316/560 569/315/569

usemtl material_465
vt -1.2538100 16.9308510
f 966/667/966 964/665/964 2782/2308/2782

usemtl material_439
vt -2.5007720 16.7920189
f 982/682/982 980/680/980 2783/2309/2783

usemtl material_289
vt -3.7340760 16.5614719
f 1014/712/1014 1012/710/1012 2784/2310/2784

usemtl material_1014
vt -4.9469852 16.2404766
f 1030/727/1030 1028/725/1028 2785/2311/2785

usemtl material_978
vt -6.0685124 15.6646366
f 1050/746/1050 2786/2312/2786 1038/735/1038

usemtl material_294
vt -7.2852712 15.3346195
f 1072/766/1072 1071/765/1071 2787/2313/2787

usemtl material_50
vt -10.4796629 13.3567352
f 1128/818/1128 1126/816/1126 2788/2314/2788

usemtl material_423
vt -12.3328171 11.6673622
f 1175/862/1175 1173/860/1173 2789/2315/2789

usemtl material_60
vt -13.0226812 10.6121378
f 1184/870/1184 2790/2316/2790 1185/871/1185

usemtl material_213
vt -13.9169083 9.7234449
f 1222/906/1222 1220/904/1220 2791/2317/2791

usemtl material_65
vt -14.5970039 8.6690941
f 1238/921/1238 1236/919/1236 2792/2318/2792

usemtl material_306
f 1242/924/1242 451/251/451 453/252/453

usemtl material_742
vt -15.1973763 7.5673947
f 1270/951/1270 1268/949/1268 2793/2319/2793

usemtl material_921
vt -15.7147455 6.4243646
f 1285/965/1285 1283/963/1283 2794/2320/2794

usemtl material_199
vt -16.7429390 2.8106432
f 1343/1019/1343 1342/1018/1342 2795/2321/2795

usemtl material_89
vt -16.9743137 0.3137203
f 1385/1058/1385 1384/1057/1384 2796/2322/2796

usemtl material_333
vt -16.7732277 -0.9308594
f 1404/1076/1404 2797/2323/2797 1392/1065/1392

usemtl material_625
vt -16.8353615 -2.1900470
f 1426/1096/1426 1425/1095/1425 2798/2324/2798

usemtl material_931
vt -15.9414034 -5.8392935
f 1481/1147/1481 1480/1146/1480 2799/2325/2799

usemtl material_949
vt -14.9073715 -8.1237917
f 1522/1185/1522 1521/1184/1521 2800/2326/2800

usemtl material_359
vt -14.1169720 -9.1059752
f 1530/1192/1530 2801/2327/2801 1531/1193/1531

usemtl material_365
vt -12.7555208 -11.2036781
f 1577/1236/1577 1576/1235/1576 2802/2328/2802

usemtl material_368
vt -11.8932676 -12.1151104
f 1605/1262/1605 1604/1261/1604 2803/2329/2803

usemtl material_161
vt -10.9660568 -12.9603748
f 1619/1275/1619 1618/1274/1618 2804/2330/2804

usemtl material_378
vt -7.8469329 -15.0549450
f 1676/1328/1676 1675/1327/1675 2805/2331/2805

usemtl material_671
vt -5.5437169 -16.0465851
f 1718/1367/1718 1717/1366/1717 2806/2332/2806

usemtl material_133
vt -4.2979126 -16.2399387
f 1737/1385/1737 2807/2333/2807 1725/1374/1725

usemtl material_142
vt -3.1195543 -16.6881428
f 1759/1405/1759 1758/1404/1758 2808/2334/2808

usemtl material_375
vt 0.6273334 -16.9656162
f 2637/2223/2637 2636/2222/2636 2809/2335/2809

usemtl material_146
vt 1.9030141 -16.7869587
f 1800/1443/1800 1799/1442/1799 2810/2336/2810

usemtl material_147
vt 3.1195543 -16.6881428
f 1816/1458/1816 1815/1457/1815 2811/2337/2811

usemtl material_145
vt 4.2979126 -16.2399387
f 1824/1465/1824 2812/2338/2812 1825/1466/1825

usemtl material_147
vt 6.7136588 -15.5933485
f 1871/1509/1871 1870/1508/1870 2813/2339/2813
vt 8.9373503 -14.4343166
f 1913/1548/1913 1912/1547/1912 2814/2340/2814

usemtl material_131
vt 10.9660568 -12.9603748
f 1956/1588/1956 1955/1587/1955 2815/2341/2815

usemtl material_129
vt 11.8932676 -12.1151104
f 1970/1601/1970 1969/1600/1969 2816/2342/2816

usemtl material_368
vt 12.7555208 -11.2036781
f 1998/1627/1998 1997/1626/1997 2817/2343/2817

usemtl material_366
vt 13.5481071 -10.2310553
f 2012/1640/2012 2011/1639/2011 2818/2344/2818

usemtl material_657
vt 14.1169720 -9.1059752
vt 13.9909439 -9.0246820
f 2019/1647/2019 2819/2345/2819 2820/2346/2820
f 2819/2345/2819 2019/1647/2019 2031/1658/2031

usemtl material_362
vt 14.9073715 -8.1237917
f 2053/1678/2053 2052/1677/2052 2821/2347/2821

usemtl material_395
vt 15.9414034 -5.8392935
f 2094/1716/2094 2093/1715/2093 2822/2348/2822

usemtl material_626
vt 16.3291168 -4.6460342
f 2108/1729/2108 2107/1728/2107 2823/2349/2823

usemtl material_396
vt 16.5533524 -3.3788195
f 2133/1752/2133 2132/1751/2132 2824/2350/2824

usemtl material_339
vt 16.8353615 -2.1900470
f 2149/1767/2149 2148/1766/2148 2825/2351/2825

usemtl material_332
vt 16.7732277 -0.9308594
f 2157/1774/2157 2826/2352/2826 2158/1775/2158

usemtl material_331
vt 16.9047909 1.5664594
f 2204/1818/2204 2203/1817/2203 2827/2353/2827

usemtl material_907
vt 16.4896431 4.0394764
f 2246/1857/2246 2245/1856/2245 2828/2354/2828

usemtl material_745
vt 15.7147455 6.4243646
f 2291/1899/2291 2289/1897/2289 2829/2355/2829

usemtl material_567
vt 15.1973763 7.5673947
f 2307/1914/2307 2305/1912/2305 2830/2356/2830

usemtl material_307
f 2320/1926/2320 2319/1925/2319 2311/1918/2311

usemtl material_813
f 2322/1928/2322 2316/1923/2316 2314/1921/2314

usemtl material_414
vt 14.5970039 8.6690941
f 2339/1944/2339 2337/1942/2337 2831/2357/2831

usemtl material_302
vt 13.9169083 9.7234449
f 2355/1959/2355 2353/1957/2353 2832/2358/2832

usemtl material_58
f 2368/1971/2368 2367/1970/2367 2359/1963/2359

usemtl material_63
vt 13.0226812 10.6121378
vt 12.9064226 10.5173988
f 2366/1969/2366 2833/2359/2833 2834/2360/2834

usemtl material_299
f 2833/2359/2833 2366/1969/2366 2377/1980/2377

usemtl material_300
f 2383/1985/2383 2382/1984/2382 2375/1978/2375

usemtl material_218
vt 12.3328171 11.6673622
f 2402/2003/2402 2400/2001/2400 2835/2361/2835

usemtl material_559
f 2430/2029/2430 2429/2028/2429 2421/2021/2421

usemtl material_420
f 2432/2031/2432 2426/2026/2426 2424/2024/2424

usemtl material_296
vt 9.4646158 14.0942106
f 2462/2059/2462 2461/2058/2461 2836/2362/2836

usemtl material_430
vt 8.3267365 14.7000504
f 2487/2082/2487 2486/2081/2486 2837/2363/2837

usemtl material_295
vt 7.2852712 15.3346195
f 2503/2097/2503 2502/2096/2502 2838/2364/2838

usemtl material_978
vt 6.0685124 15.6646366
f 2511/2104/2511 2839/2365/2839 2512/2105/2512

usemtl material_495
f 2531/2123/2531 2529/2121/2529 2517/2110/2517

usemtl material_1015
f 2528/2120/2528 2527/2119/2527 2519/2112/2519

usemtl material_480
vt 4.9469852 16.2404766
f 2547/2138/2547 2545/2136/2545 2840/2366/2840

usemtl material_277
vt 3.7340760 16.5614719
f 2563/2153/2563 2561/2151/2561 2841/2367/2841

usemtl material_441
f 2576/2165/2576 2575/2164/2575 2567/2157/2567

usemtl material_289
f 2578/2167/2578 2572/2162/2572 2570/2160/2570

usemtl material_465
f 2581/2170/2581 32/18/32 34/19/34

usemtl material_278
vt 2.5007720 16.7920189
f 2595/2183/2595 2593/2181/2593 2842/2368/2842

usemtl material_465
vt 1.2538100 16.9308510
f 2611/2198/2611 2609/2196/2609 2843/2369/2843

usemtl material_278
f 939/642/939 938/641/938 2615/2202/2615

usemtl material_441
vt 1.2295756 16.6035995
f 2604/2192/2604 2606/2193/2606 2844/2370/2844

usemtl material_277
vt 0.0000000 16.6490669
f 2844/2370/2844 2606/2193/2606 2845/2371/2845

usemtl material_441
f 2845/2371/2845 2606/2193/2606 937/640/937

usemtl material_440
f 937/640/937 2606/2193/2606 2612/2199/2612
f 937/640/937 2612/2199/2612 935/639/935
f 935/639/935 2612/2199/2612 2618/2205/2618
f 935/639/935 2618/2205/2618 941/644/941

usemtl material_468
f 941/644/941 2618/2205/2618 938/641/938

usemtl material_439
f 938/641/938 2618/2205/2618 2616/2203/2616
f 938/641/938 2616/2203/2616 2615/2202/2615

usemtl material_278
f 939/642/939 2615/2202/2615 940/643/940

usemtl material_465
f 940/643/940 2615/2202/2615 2614/2201/2614
f 940/643/940 2614/2201/2614 2617/2204/2617

usemtl material_985
f 24/14/24 23/13/23 2613/2200/2613
f 2613/2200/2613 23/13/23 934/638/934

usemtl material_279
f 2613/2200/2613 934/638/934 2617/2204/2617

usemtl material_800
f 2617/2204/2617 934/638/934 942/645/942
f 2617/2204/2617 942/645/942 940/643/940

usemtl material_440
vt 1.2406515 16.7531624
f 2610/2197/2610 2846/2372/2846 2607/2194/2607

usemtl material_468
vt 1.2488122 16.8633614
f 2607/2194/2607 2846/2372/2846 2847/2373/2847

usemtl material_439
f 2607/2194/2607 2847/2373/2847 2608/2195/2608

usemtl material_278
f 2608/2195/2608 2847/2373/2847 2609/2196/2609

usemtl material_800
f 2611/2198/2611 2843/2369/2843 2603/2191/2603
f 2603/2191/2603 2843/2369/2843 29/16/29

usemtl material_279
f 2603/2191/2603 29/16/29 31/17/31

usemtl material_278
f 2843/2369/2843 2598/2186/2598 2601/2189/2601

usemtl material_465
f 2843/2369/2843 2601/2189/2601 29/16/29

usemtl material_800
f 29/16/29 2601/2189/2601 2597/2185/2597

usemtl material_279
f 29/16/29 2597/2185/2597 27/15/27

usemtl material_278
f 2609/2196/2609 2847/2373/2847 2843/2369/2843

usemtl material_439
f 2843/2369/2843 2847/2373/2847 2599/2187/2599

usemtl material_278
f 2843/2369/2843 2599/2187/2599 2598/2186/2598

usemtl material_441
f 2590/2178/2590 2596/2184/2596 2846/2372/2846

usemtl material_440
f 2846/2372/2846 2596/2184/2596 2602/2190/2602
f 2846/2372/2846 2602/2190/2602 2847/2373/2847

usemtl material_468
f 2847/2373/2847 2602/2190/2602 2600/2188/2600

usemtl material_439
f 2847/2373/2847 2600/2188/2600 2599/2187/2599

usemtl material_440
f 2610/2197/2610 2604/2192/2604 2846/2372/2846

usemtl material_441
f 2846/2372/2846 2604/2192/2604 2844/2370/2844

usemtl material_277
f 2846/2372/2846 2844/2370/2844 2590/2178/2590

usemtl material_474
vt 2.4524360 16.4674530
f 2590/2178/2590 2844/2370/2844 2848/2374/2848

usemtl material_289
f 2590/2178/2590 2848/2374/2848 2588/2177/2588

usemtl material_441
vt 2.4745269 16.6157875
f 2594/2182/2594 2849/2375/2849 2591/2179/2591
vt 2.4908037 16.7250843
f 2591/2179/2591 2849/2375/2849 2850/2376/2850

usemtl material_440
f 2591/2179/2591 2850/2376/2850 2592/2180/2592

usemtl material_468
f 2592/2180/2592 2850/2376/2850 2593/2181/2593

usemtl material_278
f 2595/2183/2595 2842/2368/2842 2587/2176/2587

usemtl material_439
f 2842/2368/2842 2582/2171/2582 2585/2174/2585

usemtl material_800
f 36/20/36 2587/2176/2587 34/19/34

usemtl material_278
f 34/19/34 2587/2176/2587 2842/2368/2842
f 34/19/34 2842/2368/2842 2581/2170/2581
f 2581/2170/2581 2842/2368/2842 2585/2174/2585

usemtl material_439
f 2593/2181/2593 2850/2376/2850 2842/2368/2842

usemtl material_440
f 2842/2368/2842 2850/2376/2850 2583/2172/2583

usemtl material_468
f 2842/2368/2842 2583/2172/2583 2582/2171/2582

usemtl material_289
f 2574/2163/2574 2580/2169/2580 2849/2375/2849

usemtl material_277
f 2849/2375/2849 2580/2169/2580 2586/2175/2586

usemtl material_441
f 2849/2375/2849 2586/2175/2586 2850/2376/2850
f 2850/2376/2850 2586/2175/2586 2584/2173/2584

usemtl material_440
f 2850/2376/2850 2584/2173/2584 2583/2172/2583

usemtl material_484
vt 3.6619017 16.2413635
f 2556/2147/2556 2558/2148/2558 2851/2377/2851
f 2851/2377/2851 2558/2148/2558 2848/2374/2848

usemtl material_441
f 2594/2182/2594 2588/2177/2588 2849/2375/2849

usemtl material_289
f 2849/2375/2849 2588/2177/2588 2848/2374/2848

usemtl material_475
f 2849/2375/2849 2848/2374/2848 2574/2163/2574

usemtl material_479
f 2574/2163/2574 2848/2374/2848 2558/2148/2558

usemtl material_475
f 2574/2163/2574 2558/2148/2558 2572/2162/2572

usemtl material_479
f 2572/2162/2572 2558/2148/2558 2564/2154/2564

usemtl material_475
f 2572/2162/2572 2564/2154/2564 2570/2160/2570

usemtl material_289
f 2578/2167/2578 2570/2160/2570 2575/2164/2575
f 2575/2164/2575 2570/2160/2570 2568/2158/2568

usemtl material_277
f 2575/2164/2575 2568/2158/2568 2567/2157/2567

usemtl material_440
f 2576/2165/2576 2567/2157/2567 2577/2166/2577
f 2577/2166/2577 2567/2157/2567 2566/2156/2566
f 2577/2166/2577 2566/2156/2566 2569/2159/2569

usemtl material_439
f 38/22/38 37/21/37 2565/2155/2565

usemtl material_278
f 2565/2155/2565 37/21/37 2571/2161/2571

usemtl material_468
f 2565/2155/2565 2571/2161/2571 2569/2159/2569
f 2569/2159/2569 2571/2161/2571 2579/2168/2579

usemtl material_440
f 2569/2159/2569 2579/2168/2579 2577/2166/2577

usemtl material_480
vt 3.6948872 16.3876610
f 2562/2152/2562 2852/2378/2852 2559/2149/2559
vt 3.7191916 16.4954567
f 2559/2149/2559 2852/2378/2852 2853/2379/2853

usemtl material_474
f 2559/2149/2559 2853/2379/2853 2560/2150/2560

usemtl material_289
f 2560/2150/2560 2853/2379/2853 2561/2151/2561

usemtl material_441
f 2563/2153/2563 2841/2367/2841 2555/2146/2555

usemtl material_440
f 2555/2146/2555 2841/2367/2841 43/24/43
f 2555/2146/2555 43/24/43 45/25/45

usemtl material_289
f 2841/2367/2841 2550/2141/2550 2553/2144/2553

usemtl material_277
f 2841/2367/2841 2553/2144/2553 43/24/43
f 43/24/43 2553/2144/2553 2549/2140/2549

usemtl material_441
f 43/24/43 2549/2140/2549 41/23/41

usemtl material_289
f 2561/2151/2561 2853/2379/2853 2841/2367/2841

usemtl material_474
f 2841/2367/2841 2853/2379/2853 2551/2142/2551
f 2841/2367/2841 2551/2142/2551 2550/2141/2550

usemtl material_488
f 2542/2133/2542 2548/2139/2548 2852/2378/2852

usemtl material_1016
f 2852/2378/2852 2548/2139/2548 2554/2145/2554

usemtl material_484
f 2852/2378/2852 2554/2145/2554 2853/2379/2853
f 2853/2379/2853 2554/2145/2554 2552/2143/2552

usemtl material_479
f 2853/2379/2853 2552/2143/2552 2551/2142/2551

usemtl material_781
vt 4.8950672 16.0700340
vt 4.8513675 15.9265718
f 2854/2380/2854 2540/2132/2540 2855/2381/2855

usemtl material_494
f 2855/2381/2855 2540/2132/2540 2542/2133/2542
f 2855/2381/2855 2542/2133/2542 2851/2377/2851

usemtl material_488
f 2851/2377/2851 2542/2133/2542 2852/2378/2852

usemtl material_485
f 2851/2377/2851 2852/2378/2852 2556/2147/2556

usemtl material_480
f 2556/2147/2556 2852/2378/2852 2562/2152/2562

usemtl material_485
vt 4.9272666 16.1757393
f 2840/2366/2840 2545/2136/2545 2856/2382/2856
f 2545/2136/2545 2544/2135/2544 2856/2382/2856

usemtl material_1016
f 2856/2382/2856 2544/2135/2544 2543/2134/2543

usemtl material_495
f 2856/2382/2856 2543/2134/2543 2854/2380/2854

usemtl material_1017
f 2854/2380/2854 2543/2134/2543 2546/2137/2546

usemtl material_495
f 2854/2380/2854 2546/2137/2546 2540/2132/2540

usemtl material_480
f 2547/2138/2547 2840/2366/2840 2539/2131/2539
f 2539/2131/2539 2840/2366/2840 48/27/48

usemtl material_474
f 2539/2131/2539 48/27/48 50/28/50

usemtl material_485
f 2840/2366/2840 2534/2126/2534 2537/2129/2537

usemtl material_484
f 2840/2366/2840 2537/2129/2537 48/27/48

usemtl material_480
f 48/27/48 2537/2129/2537 2533/2125/2533

usemtl material_479
f 48/27/48 2533/2125/2533 46/26/46

usemtl material_1016
f 2534/2126/2534 2840/2366/2840 2535/2127/2535

usemtl material_488
f 2535/2127/2535 2840/2366/2840 2856/2382/2856

usemtl material_495
f 2535/2127/2535 2856/2382/2856 2536/2128/2536
f 2536/2128/2536 2856/2382/2856 2538/2130/2538

usemtl material_494
f 2538/2130/2538 2856/2382/2856 2854/2380/2854

usemtl material_781
f 2538/2130/2538 2854/2380/2854 2532/2124/2532

usemtl material_981
f 2532/2124/2532 2854/2380/2854 2526/2118/2526
f 2526/2118/2526 2854/2380/2854 2855/2381/2855

usemtl material_982
vt 6.0143366 15.5247927
f 2526/2118/2526 2855/2381/2855 2857/2383/2857
f 2511/2104/2511 2522/2115/2522 2524/2117/2524

usemtl material_984
f 2524/2117/2524 2522/2115/2522 2521/2114/2521

usemtl material_980
f 2524/2117/2524 2521/2114/2521 2530/2122/2530

usemtl material_981
f 2530/2122/2530 2521/2114/2521 2527/2119/2527

usemtl material_980
f 2527/2119/2527 2521/2114/2521 2520/2113/2520

usemtl material_981
f 2527/2119/2527 2520/2113/2520 2519/2112/2519

usemtl material_487
f 2528/2120/2528 2519/2112/2519 2529/2121/2529

usemtl material_781
f 2529/2121/2529 2519/2112/2519 2518/2111/2518

usemtl material_494
f 2529/2121/2529 2518/2111/2518 2517/2110/2517

usemtl material_490
f 2531/2123/2531 2517/2110/2517 2523/2116/2523
f 2523/2116/2523 2517/2110/2517 52/30/52

usemtl material_491
f 2523/2116/2523 52/30/52 51/29/51

usemtl material_982
f 2515/2108/2515 2514/2107/2514 2506/2100/2506
f 2506/2100/2506 2514/2107/2514 2513/2106/2513

usemtl material_283
f 2506/2100/2506 2513/2106/2513 2507/2101/2507

usemtl material_978
f 2507/2101/2507 2513/2106/2513 2512/2105/2512

usemtl material_295
f 2507/2101/2507 2512/2105/2512 2508/2102/2508

usemtl material_283
f 2508/2102/2508 2512/2105/2512 2839/2365/2839

usemtl material_979
f 2508/2102/2508 2839/2365/2839 2509/2103/2509

usemtl material_984
f 2504/2098/2504 56/32/56 55/31/55

usemtl material_982
f 2506/2100/2506 2505/2099/2505 2515/2108/2515
f 2515/2108/2515 2505/2099/2505 2504/2098/2504

usemtl material_984
f 2515/2108/2515 2504/2098/2504 2516/2109/2516

usemtl material_980
f 2516/2109/2516 2504/2098/2504 55/31/55

usemtl material_293
vt 7.1444578 15.0382233
f 2497/2092/2497 2496/2091/2496 2858/2384/2858

usemtl material_1018
f 2858/2384/2858 2496/2091/2496 2857/2383/2857

usemtl material_984
f 2524/2117/2524 2526/2118/2526 2511/2104/2511

usemtl material_978
f 2511/2104/2511 2526/2118/2526 2857/2383/2857

usemtl material_283
f 2511/2104/2511 2857/2383/2857 2839/2365/2839

usemtl material_979
f 2839/2365/2839 2857/2383/2857 2496/2091/2496

usemtl material_969
f 2839/2365/2839 2496/2091/2496 2509/2103/2509

usemtl material_1019
vt 7.2088137 15.1736841
f 2499/2093/2499 2859/2385/2859 2500/2094/2500
vt 7.2562318 15.2734938
f 2500/2094/2500 2859/2385/2859 2860/2386/2860

usemtl material_294
f 2500/2094/2500 2860/2386/2860 2501/2095/2501

usemtl material_969
f 2501/2095/2501 2860/2386/2860 2502/2096/2502

usemtl material_295
f 2503/2097/2503 2838/2364/2838 63/35/63

usemtl material_294
f 2838/2364/2838 2491/2086/2491 2490/2085/2490

usemtl material_295
f 63/35/63 2838/2364/2838 61/34/61

usemtl material_969
f 61/34/61 2838/2364/2838 2490/2085/2490
f 61/34/61 2490/2085/2490 59/33/59
f 2502/2096/2502 2860/2386/2860 2838/2364/2838

usemtl material_975
f 2838/2364/2838 2860/2386/2860 2492/2087/2492
f 2838/2364/2838 2492/2087/2492 2491/2086/2491

usemtl material_1020
f 2482/2078/2482 2495/2090/2495 2859/2385/2859

usemtl material_812
f 2859/2385/2859 2495/2090/2495 2494/2089/2494

usemtl material_47
f 2859/2385/2859 2494/2089/2494 2860/2386/2860
f 2860/2386/2860 2494/2089/2494 2493/2088/2493

usemtl material_548
f 2860/2386/2860 2493/2088/2493 2492/2087/2492

usemtl material_1021
vt 8.3097420 14.5998592
f 2837/2363/2837 2486/2081/2486 2861/2387/2861

usemtl material_1019
f 2499/2093/2499 2497/2092/2497 2859/2385/2859

usemtl material_47
f 2859/2385/2859 2497/2092/2497 2858/2384/2858

usemtl material_1020
f 2859/2385/2859 2858/2384/2858 2482/2078/2482

usemtl material_749
vt 8.2355576 14.4695206
f 2482/2078/2482 2858/2384/2858 2862/2388/2862
f 2482/2078/2482 2862/2388/2862 2483/2079/2483

usemtl material_431
f 2483/2079/2483 2862/2388/2862 2861/2387/2861

usemtl material_550
f 2483/2079/2483 2861/2387/2861 2485/2080/2485

usemtl material_1022
f 2485/2080/2485 2861/2387/2861 2486/2081/2486

usemtl material_812
f 2478/2074/2478 65/37/65 64/36/64

usemtl material_292
f 2480/2076/2480 2479/2075/2479 2488/2083/2488

usemtl material_430
f 2488/2083/2488 2479/2075/2479 2478/2074/2478

usemtl material_812
f 2488/2083/2488 2478/2074/2478 2489/2084/2489

usemtl material_47
f 2489/2084/2489 2478/2074/2478 64/36/64

usemtl material_974
f 2488/2083/2488 2487/2082/2487 2480/2076/2480

usemtl material_983
f 2480/2076/2480 2487/2082/2487 2837/2363/2837

usemtl material_291
f 2480/2076/2480 2837/2363/2837 2481/2077/2481

usemtl material_431
f 2481/2077/2481 2837/2363/2837 2861/2387/2861

usemtl material_49
f 2481/2077/2481 2861/2387/2861 2477/2073/2477

usemtl material_290
f 2470/2067/2470 2469/2066/2469 2455/2053/2455

usemtl material_220
f 2477/2073/2477 2861/2387/2861 2469/2066/2469
f 2469/2066/2469 2861/2387/2861 2862/2388/2862

usemtl material_290
f 2469/2066/2469 2862/2388/2862 2455/2053/2455

usemtl material_798
vt 9.2816792 13.8217888
f 2455/2053/2455 2862/2388/2862 2863/2389/2863

usemtl material_219
f 2455/2053/2455 2863/2389/2863 2456/2054/2456

usemtl material_296
f 2455/2053/2455 2468/2065/2468 2470/2067/2470
f 2470/2067/2470 2468/2065/2468 2467/2064/2467

usemtl material_432
f 2470/2067/2470 2467/2064/2467 2472/2068/2472
f 2472/2068/2472 2467/2064/2467 2473/2069/2473

usemtl material_290
f 2467/2064/2467 2466/2063/2466 2473/2069/2473

usemtl material_432
f 2473/2069/2473 2466/2063/2466 2465/2062/2465

usemtl material_220
f 2473/2069/2473 2465/2062/2465 2474/2070/2474

usemtl material_49
f 2474/2070/2474 2465/2062/2465 2475/2071/2475

usemtl material_431
f 2463/2060/2463 69/39/69 68/38/68

usemtl material_220
f 2465/2062/2465 2464/2061/2464 2475/2071/2475
f 2475/2071/2475 2464/2061/2464 2463/2060/2463

usemtl material_431
f 2475/2071/2475 2463/2060/2463 2476/2072/2476
f 2476/2072/2476 2463/2060/2463 68/38/68

usemtl material_425
vt 9.3652868 13.9462929
f 2458/2055/2458 2864/2390/2864 2459/2056/2459
vt 9.4268894 14.0380287
f 2459/2056/2459 2864/2390/2864 2865/2391/2865

usemtl material_798
f 2459/2056/2459 2865/2391/2865 2460/2057/2460

usemtl material_748
f 2460/2057/2460 2865/2391/2865 2461/2058/2461

usemtl material_296
f 2462/2059/2462 2836/2362/2836 76/42/76

usemtl material_425
f 2836/2362/2836 2450/2048/2450 2449/2047/2449

usemtl material_290
f 76/42/76 2836/2362/2836 74/41/74

usemtl material_748
f 74/41/74 2836/2362/2836 2449/2047/2449
f 74/41/74 2449/2047/2449 72/40/72
f 2461/2058/2461 2865/2391/2865 2836/2362/2836

usemtl material_425
f 2836/2362/2836 2865/2391/2865 2451/2049/2451
f 2836/2362/2836 2451/2049/2451 2450/2048/2450

usemtl material_1023
f 2441/2040/2441 2454/2052/2454 2864/2390/2864

usemtl material_426
f 2864/2390/2864 2454/2052/2454 2453/2051/2453

usemtl material_52
f 2864/2390/2864 2453/2051/2453 2865/2391/2865

usemtl material_221
f 2865/2391/2865 2453/2051/2453 2452/2050/2452

usemtl material_52
f 2865/2391/2865 2452/2050/2452 2451/2049/2451

usemtl material_425
f 2458/2055/2458 2456/2054/2456 2864/2390/2864

usemtl material_52
f 2864/2390/2864 2456/2054/2456 2863/2389/2863

usemtl material_426
f 2864/2390/2864 2863/2389/2863 2441/2040/2441

usemtl material_50
vt 10.2771063 13.0985689
f 2441/2040/2441 2863/2389/2863 2866/2392/2866

usemtl material_427
f 2441/2040/2441 2866/2392/2866 2442/2041/2442
vt 10.4378901 13.3034945
vt 10.3696804 13.2165575
f 2867/2393/2867 2445/2043/2445 2868/2394/2868

usemtl material_50
f 2868/2394/2868 2445/2043/2445 2444/2042/2444

usemtl material_538
f 2868/2394/2868 2444/2042/2444 2442/2041/2442

usemtl material_1024
vt 10.4796629 13.3567352
f 2869/2395/2869 79/44/79 81/45/81

usemtl material_966
f 81/45/81 2448/2046/2448 2869/2395/2869

usemtl material_1024
f 2869/2395/2869 2448/2046/2448 2447/2045/2447

usemtl material_1025
f 2869/2395/2869 2447/2045/2447 2867/2393/2867

usemtl material_747
f 2867/2393/2867 2447/2045/2447 2446/2044/2446
f 2867/2393/2867 2446/2044/2446 2445/2043/2445

usemtl material_1025
f 2869/2395/2869 2436/2035/2436 2439/2038/2439

usemtl material_960
f 2869/2395/2869 2439/2038/2439 79/44/79

usemtl material_747
f 79/44/79 2439/2038/2439 2435/2034/2435
f 79/44/79 2435/2034/2435 77/43/77

usemtl material_967
f 2436/2035/2436 2869/2395/2869 2437/2036/2437
f 2437/2036/2437 2869/2395/2869 2867/2393/2867

usemtl material_756
f 2437/2036/2437 2867/2393/2867 2438/2037/2438

usemtl material_1026
f 2438/2037/2438 2867/2393/2867 2440/2039/2440

usemtl material_48
f 2440/2039/2440 2867/2393/2867 2868/2394/2868

usemtl material_419
f 2440/2039/2440 2868/2394/2868 2434/2033/2434

usemtl material_1027
vt 11.2164040 12.3038092
f 2411/2012/2411 2413/2013/2413 2870/2396/2870

usemtl material_54
f 2442/2041/2442 2866/2392/2866 2868/2394/2868

usemtl material_419
f 2868/2394/2868 2866/2392/2866 2428/2027/2428
f 2868/2394/2868 2428/2027/2428 2434/2033/2434

usemtl material_51
f 2866/2392/2866 2870/2396/2870 2428/2027/2428

usemtl material_217
f 2428/2027/2428 2870/2396/2870 2413/2013/2413

usemtl material_546
f 2428/2027/2428 2413/2013/2413 2426/2026/2426

usemtl material_56
f 2426/2026/2426 2413/2013/2413 2418/2018/2418

usemtl material_51
f 2426/2026/2426 2418/2018/2418 2424/2024/2424

usemtl material_420
f 2432/2031/2432 2424/2024/2424 2429/2028/2429

usemtl material_51
f 2429/2028/2429 2424/2024/2424 2422/2022/2422

usemtl material_546
f 2429/2028/2429 2422/2022/2422 2421/2021/2421

usemtl material_297
f 2430/2029/2430 2421/2021/2421 2431/2030/2431

usemtl material_559
f 2431/2030/2431 2421/2021/2421 2420/2020/2420
f 2431/2030/2431 2420/2020/2420 2423/2023/2423

usemtl material_419
f 83/47/83 82/46/82 2419/2019/2419

usemtl material_48
f 2419/2019/2419 82/46/82 2425/2025/2425

usemtl material_297
f 2419/2019/2419 2425/2025/2425 2423/2023/2423

usemtl material_419
f 2423/2023/2423 2425/2025/2425 2433/2032/2433
f 2423/2023/2423 2433/2032/2433 2431/2030/2431

usemtl material_1027
vt 11.4087772 12.4606543
f 2871/2397/2871 2406/2007/2406 2415/2015/2415

usemtl material_549
f 2415/2015/2415 2406/2007/2406 2405/2006/2405

usemtl material_421
f 2415/2015/2415 2405/2006/2405 2416/2016/2416

usemtl material_1027
f 2416/2016/2416 2405/2006/2405 2408/2009/2408

usemtl material_217
f 87/49/87 86/48/86 2404/2005/2404

usemtl material_56
f 2404/2005/2404 86/48/86 2410/2011/2410

usemtl material_421
f 2404/2005/2404 2410/2011/2410 2408/2009/2408

usemtl material_217
f 2408/2009/2408 2410/2011/2410 2417/2017/2417
f 2408/2009/2408 2417/2017/2417 2416/2016/2416

usemtl material_551
vt 11.3174381 12.4146385
f 2397/1998/2397 2403/2004/2403 2872/2398/2872

usemtl material_53
f 2872/2398/2872 2403/2004/2403 2409/2010/2409

usemtl material_549
f 2872/2398/2872 2409/2010/2409 2871/2397/2871

usemtl material_422
f 2871/2397/2871 2409/2010/2409 2407/2008/2407

usemtl material_549
f 2871/2397/2871 2407/2008/2407 2406/2007/2406

usemtl material_421
f 2415/2015/2415 2414/2014/2414 2871/2397/2871
f 2871/2397/2871 2414/2014/2414 2411/2012/2411
f 2871/2397/2871 2411/2012/2411 2872/2398/2872

usemtl material_1027
f 2872/2398/2872 2411/2012/2411 2870/2396/2870

usemtl material_422
f 2872/2398/2872 2870/2396/2870 2397/1998/2397

usemtl material_59
vt 12.0944405 11.4418488
f 2397/1998/2397 2870/2396/2870 2873/2399/2873

usemtl material_423
f 2397/1998/2397 2873/2399/2873 2395/1997/2395
vt 12.2033854 11.5449152
f 2401/2002/2401 2874/2400/2874 2398/1999/2398
vt 12.2836571 11.6208563
f 2398/1999/2398 2874/2400/2874 2875/2401/2875

usemtl material_954
f 2398/1999/2398 2875/2401/2875 2399/2000/2399

usemtl material_59
f 2399/2000/2399 2875/2401/2875 2400/2001/2400

usemtl material_551
f 2402/2003/2402 2835/2361/2835 2394/1996/2394

usemtl material_218
f 2394/1996/2394 2835/2361/2835 92/51/92

usemtl material_53
f 2394/1996/2394 92/51/92 94/52/94

usemtl material_423
f 2835/2361/2835 2389/1991/2389 2392/1994/2392

usemtl material_954
f 2835/2361/2835 2392/1994/2392 92/51/92
f 92/51/92 2392/1994/2392 2388/1990/2388
f 92/51/92 2388/1990/2388 90/50/90
f 2400/2001/2400 2875/2401/2875 2835/2361/2835

usemtl material_424
f 2835/2361/2835 2875/2401/2875 2390/1992/2390
f 2835/2361/2835 2390/1992/2390 2389/1991/2389

usemtl material_553
f 2381/1983/2381 2387/1989/2387 2874/2400/2874

usemtl material_552
f 2874/2400/2874 2387/1989/2387 2393/1995/2393

usemtl material_57
f 2874/2400/2874 2393/1995/2393 2875/2401/2875
f 2875/2401/2875 2393/1995/2393 2391/1993/2391
f 2875/2401/2875 2391/1993/2391 2390/1992/2390

usemtl material_423
f 2401/2002/2401 2395/1997/2395 2874/2400/2874

usemtl material_301
f 2874/2400/2874 2395/1997/2395 2873/2399/2873

usemtl material_552
f 2874/2400/2874 2873/2399/2873 2381/1983/2381

usemtl material_417
f 2381/1983/2381 2873/2399/2873 2834/2360/2834
f 2381/1983/2381 2834/2360/2834 2379/1982/2379

usemtl material_557
f 2379/1982/2379 2834/2360/2834 2833/2359/2833

usemtl material_417
f 2379/1982/2379 2833/2359/2833 2385/1987/2385

usemtl material_555
f 2385/1987/2385 2833/2359/2833 2377/1980/2377

usemtl material_1028
f 2385/1987/2385 2377/1980/2377 2382/1984/2382

usemtl material_556
f 2382/1984/2382 2377/1980/2377 2376/1979/2376

usemtl material_417
f 2382/1984/2382 2376/1979/2376 2375/1978/2375

usemtl material_300
f 2383/1985/2383 2375/1978/2375 2384/1986/2384

usemtl material_1028
f 2384/1986/2384 2375/1978/2375 2374/1977/2374

usemtl material_300
f 2384/1986/2384 2374/1977/2374 2373/1976/2373

usemtl material_55
f 96/54/96 95/53/95 2372/1975/2372

usemtl material_552
f 2372/1975/2372 95/53/95 2378/1981/2378

usemtl material_55
f 2372/1975/2372 2378/1981/2378 2373/1976/2373

usemtl material_553
f 2373/1976/2373 2378/1981/2378 2386/1988/2386

usemtl material_55
f 2373/1976/2373 2386/1988/2386 2384/1986/2384

usemtl material_213
vt 13.6479139 9.5355053
f 2348/1953/2348 2350/1954/2350 2876/2402/2876

usemtl material_302
f 2876/2402/2876 2350/1954/2350 2834/2360/2834

usemtl material_558
f 2834/2360/2834 2350/1954/2350 2366/1969/2366

usemtl material_298
f 2366/1969/2366 2350/1954/2350 2356/1960/2356

usemtl material_558
f 2366/1969/2366 2356/1960/2356 2364/1968/2364

usemtl material_298
f 2364/1968/2364 2356/1960/2356 2362/1966/2362

usemtl material_58
f 2364/1968/2364 2362/1966/2362 2370/1973/2370
f 2370/1973/2370 2362/1966/2362 2367/1970/2367

usemtl material_418
f 2367/1970/2367 2362/1966/2362 2360/1964/2360

usemtl material_558
f 2367/1970/2367 2360/1964/2360 2359/1963/2359

usemtl material_63
f 2368/1971/2368 2359/1963/2359 2369/1972/2369

usemtl material_58
f 2369/1972/2369 2359/1963/2359 2358/1962/2358
f 2369/1972/2369 2358/1962/2358 2361/1965/2361

usemtl material_299
f 100/56/100 99/55/99 2357/1961/2357

usemtl material_60
f 2357/1961/2357 99/55/99 2363/1967/2363

usemtl material_63
f 2357/1961/2357 2363/1967/2363 2361/1965/2361

usemtl material_299
f 2361/1965/2361 2363/1967/2363 2371/1974/2371
f 2361/1965/2361 2371/1974/2371 2369/1972/2369

usemtl material_854
vt 13.7708511 9.6213999
f 2354/1958/2354 2877/2403/2877 2351/1955/2351

usemtl material_213
vt 13.8614340 9.6846876
f 2351/1955/2351 2877/2403/2877 2878/2404/2878

usemtl material_61
f 2351/1955/2351 2878/2404/2878 2352/1956/2352
f 2352/1956/2352 2878/2404/2878 2353/1957/2353

usemtl material_302
f 2355/1959/2355 2832/2358/2832 2347/1952/2347
f 2347/1952/2347 2832/2358/2832 105/58/105

usemtl material_298
f 2347/1952/2347 105/58/105 107/59/107

usemtl material_303
f 2832/2358/2832 2342/1947/2342 2345/1950/2345

usemtl material_854
f 2832/2358/2832 2345/1950/2345 105/58/105
f 105/58/105 2345/1950/2345 2341/1946/2341
f 105/58/105 2341/1946/2341 103/57/103

usemtl material_61
f 2353/1957/2353 2878/2404/2878 2832/2358/2832

usemtl material_303
f 2832/2358/2832 2878/2404/2878 2343/1948/2343

usemtl material_67
f 2832/2358/2832 2343/1948/2343 2342/1947/2342

usemtl material_212
f 2334/1939/2334 2340/1945/2340 2877/2403/2877
f 2877/2403/2877 2340/1945/2340 2346/1951/2346

usemtl material_67
f 2877/2403/2877 2346/1951/2346 2878/2404/2878

usemtl material_561
f 2878/2404/2878 2346/1951/2346 2344/1949/2344
f 2878/2404/2878 2344/1949/2344 2343/1948/2343

usemtl material_854
f 2354/1958/2354 2348/1953/2348 2877/2403/2877

usemtl material_303
f 2877/2403/2877 2348/1953/2348 2876/2402/2876

usemtl material_560
f 2877/2403/2877 2876/2402/2876 2334/1939/2334

usemtl material_569
vt 14.3148651 8.5015326
f 2334/1939/2334 2876/2402/2876 2879/2405/2879

usemtl material_65
f 2334/1939/2334 2879/2405/2879 2332/1938/2332
vt 14.5388193 8.6345387
f 2831/2357/2831 2337/1942/2337 2880/2406/2880

usemtl material_569
f 2337/1942/2337 2336/1941/2336 2880/2406/2880
f 2880/2406/2880 2336/1941/2336 2335/1940/2335

usemtl material_210
vt 14.4438105 8.5781136
f 2880/2406/2880 2335/1940/2335 2881/2407/2881

usemtl material_65
f 2881/2407/2881 2335/1940/2335 2338/1943/2338
f 2881/2407/2881 2338/1943/2338 2332/1938/2332

usemtl material_414
f 2339/1944/2339 2831/2357/2831 2331/1937/2331

usemtl material_64
f 2331/1937/2331 2831/2357/2831 110/61/110

usemtl material_564
f 2331/1937/2331 110/61/110 112/62/112

usemtl material_210
f 2831/2357/2831 2326/1932/2326 2329/1935/2329

usemtl material_65
f 2831/2357/2831 2329/1935/2329 110/61/110
f 110/61/110 2329/1935/2329 2325/1931/2325

usemtl material_569
f 110/61/110 2325/1931/2325 108/60/108

usemtl material_566
f 2326/1932/2326 2831/2357/2831 2327/1933/2327
f 2327/1933/2327 2831/2357/2831 2880/2406/2880

usemtl material_415
f 2327/1933/2327 2880/2406/2880 2328/1934/2328

usemtl material_309
f 2328/1934/2328 2880/2406/2880 2330/1936/2330
f 2330/1936/2330 2880/2406/2880 2881/2407/2881

usemtl material_308
f 2330/1936/2330 2881/2407/2881 2324/1930/2324

usemtl material_742
vt 14.9036331 7.4211273
f 2300/1908/2300 2302/1909/2302 2882/2408/2882

usemtl material_415
f 2332/1938/2332 2879/2405/2879 2881/2407/2881

usemtl material_308
f 2881/2407/2881 2879/2405/2879 2318/1924/2318

usemtl material_211
f 2881/2407/2881 2318/1924/2318 2324/1930/2324

usemtl material_66
f 2879/2405/2879 2882/2408/2882 2318/1924/2318

usemtl material_567
f 2318/1924/2318 2882/2408/2882 2302/1909/2302

usemtl material_66
f 2318/1924/2318 2302/1909/2302 2316/1923/2316

usemtl material_305
f 2316/1923/2316 2302/1909/2302 2308/1915/2308

usemtl material_306
f 2316/1923/2316 2308/1915/2308 2314/1921/2314

usemtl material_813
f 2322/1928/2322 2314/1921/2314 2319/1925/2319

usemtl material_66
f 2319/1925/2319 2314/1921/2314 2312/1919/2312
f 2319/1925/2319 2312/1919/2312 2311/1918/2311

usemtl material_307
f 2320/1926/2320 2311/1918/2311 2321/1927/2321

usemtl material_813
f 2321/1927/2321 2311/1918/2311 2310/1917/2310
f 2321/1927/2321 2310/1917/2310 2313/1920/2313

usemtl material_68
f 114/64/114 113/63/113 2309/1916/2309

usemtl material_308
f 2309/1916/2309 113/63/113 2315/1922/2315

usemtl material_307
f 2309/1916/2309 2315/1922/2315 2313/1920/2313

usemtl material_68
f 2313/1920/2313 2315/1922/2315 2323/1929/2323
f 2313/1920/2313 2323/1929/2323 2321/1927/2321

usemtl material_412
vt 15.0378819 7.4879756
f 2306/1913/2306 2883/2409/2883 2303/1910/2303
vt 15.1367989 7.5372300
f 2303/1910/2303 2883/2409/2883 2884/2410/2884
f 2303/1910/2303 2884/2410/2884 2304/1911/2304

usemtl material_567
f 2304/1911/2304 2884/2410/2884 2305/1912/2305
f 2307/1914/2307 2830/2356/2830 2299/1907/2299

usemtl material_305
f 2299/1907/2299 2830/2356/2830 120/67/120
f 2299/1907/2299 120/67/120 118/65/118

usemtl material_209
f 2830/2356/2830 2294/1902/2294 2297/1905/2297

usemtl material_412
f 2830/2356/2830 2297/1905/2297 120/67/120

usemtl material_742
f 120/67/120 2297/1905/2297 2293/1901/2293
f 120/67/120 2293/1901/2293 121/66/121

usemtl material_567
f 2305/1912/2305 2884/2410/2884 2830/2356/2830

usemtl material_742
f 2830/2356/2830 2884/2410/2884 2295/1903/2295

usemtl material_209
f 2830/2356/2830 2295/1903/2295 2294/1902/2294

usemtl material_413
f 2286/1894/2286 2292/1900/2292 2883/2409/2883
f 2883/2409/2883 2292/1900/2292 2298/1906/2298

usemtl material_209
f 2883/2409/2883 2298/1906/2298 2884/2410/2884

usemtl material_304
f 2884/2410/2884 2298/1906/2298 2296/1904/2296
f 2884/2410/2884 2296/1904/2296 2295/1903/2295

usemtl material_412
f 2306/1913/2306 2300/1908/2300 2883/2409/2883

usemtl material_742
f 2883/2409/2883 2300/1908/2300 2882/2408/2882

usemtl material_568
f 2883/2409/2883 2882/2408/2882 2286/1894/2286

usemtl material_745
vt 15.4110031 6.3001909
f 2286/1894/2286 2882/2408/2882 2885/2411/2885

usemtl material_921
f 2286/1894/2286 2885/2411/2885 2284/1893/2284

usemtl material_923
vt 15.5498228 6.3569417
f 2290/1898/2290 2886/2412/2886 2287/1895/2287

usemtl material_921
vt 15.6521053 6.3987565
f 2287/1895/2287 2886/2412/2886 2887/2413/2887

usemtl material_315
f 2287/1895/2287 2887/2413/2887 2288/1896/2288
f 2288/1896/2288 2887/2413/2887 2289/1897/2289

usemtl material_745
f 2291/1899/2291 2829/2355/2829 2283/1892/2283
f 2283/1892/2283 2829/2355/2829 124/69/124

usemtl material_316
f 2283/1892/2283 124/69/124 126/70/126

usemtl material_314
f 2829/2355/2829 2278/1887/2278 2281/1890/2281

usemtl material_921
f 2829/2355/2829 2281/1890/2281 124/69/124
f 124/69/124 2281/1890/2281 2277/1886/2277

usemtl material_923
f 124/69/124 2277/1886/2277 122/68/122
f 2289/1897/2289 2887/2413/2887 2829/2355/2829

usemtl material_314
f 2829/2355/2829 2887/2413/2887 2279/1888/2279
f 2829/2355/2829 2279/1888/2279 2278/1887/2278

usemtl material_1029
f 2268/1878/2268 2276/1885/2276 2886/2412/2886
f 2886/2412/2886 2276/1885/2276 2282/1891/2282

usemtl material_744
f 2886/2412/2886 2282/1891/2282 2887/2413/2887
f 2887/2413/2887 2282/1891/2282 2280/1889/2280

usemtl material_570
f 2887/2413/2887 2280/1889/2280 2279/1888/2279

usemtl material_919
f 2269/1879/2269 2268/1878/2268 2261/1871/2261

usemtl material_322
vt 15.8342028 5.1448445
f 2253/1864/2253 2261/1871/2261 2888/2414/2888

usemtl material_310
f 2888/2414/2888 2261/1871/2261 2268/1878/2268

usemtl material_1030
f 2888/2414/2888 2268/1878/2268 2885/2411/2885

usemtl material_743
f 2885/2411/2885 2268/1878/2268 2886/2412/2886

usemtl material_314
f 2885/2411/2885 2886/2412/2886 2284/1893/2284

usemtl material_923
f 2284/1893/2284 2886/2412/2886 2290/1898/2290

usemtl material_1031
f 2261/1871/2261 2267/1877/2267 2269/1879/2269
f 2269/1879/2269 2267/1877/2267 2266/1876/2266

usemtl material_920
f 2269/1879/2269 2266/1876/2266 2271/1880/2271
f 2271/1880/2271 2266/1876/2266 2272/1881/2272

usemtl material_904
f 2266/1876/2266 2265/1875/2265 2272/1881/2272

usemtl material_311
f 2272/1881/2272 2265/1875/2265 2264/1874/2264

usemtl material_1032
f 2272/1881/2272 2264/1874/2264 2273/1882/2273
f 2273/1882/2273 2264/1874/2264 2274/1883/2274

usemtl material_1033
f 2262/1872/2262 128/72/128 127/71/127

usemtl material_1034
f 2264/1874/2264 2263/1873/2263 2274/1883/2274

usemtl material_1033
f 2274/1883/2274 2263/1873/2263 2262/1872/2262

usemtl material_917
f 2274/1883/2274 2262/1872/2262 2275/1884/2275

usemtl material_916
f 2275/1884/2275 2262/1872/2262 127/71/127

usemtl material_610
vt 16.1709232 3.9613988
f 2240/1852/2240 2239/1851/2239 2889/2415/2889

usemtl material_908
f 2257/1867/2257 2256/1866/2256 2251/1862/2251
f 2251/1862/2251 2256/1866/2256 2254/1865/2254

usemtl material_320
f 2251/1862/2251 2254/1865/2254 2252/1863/2252

usemtl material_908
f 2252/1863/2252 2254/1865/2254 2253/1864/2253

usemtl material_1035
f 2252/1863/2252 2253/1864/2253 2239/1851/2239

usemtl material_1036
f 2239/1851/2239 2253/1864/2253 2888/2414/2888

usemtl material_1037
f 2239/1851/2239 2888/2414/2888 2889/2415/2889

usemtl material_906
f 2251/1862/2251 2250/1861/2250 2257/1867/2257
f 2257/1867/2257 2250/1861/2250 2249/1860/2249

usemtl material_913
f 2257/1867/2257 2249/1860/2249 2258/1868/2258

usemtl material_816
f 2258/1868/2258 2249/1860/2249 2259/1869/2259

usemtl material_913
f 2247/1858/2247 132/74/132 131/73/131

usemtl material_1036
f 2249/1860/2249 2248/1859/2248 2259/1869/2259
f 2259/1869/2259 2248/1859/2248 2247/1858/2247

usemtl material_405
f 2259/1869/2259 2247/1858/2247 2260/1870/2260

usemtl material_322
f 2260/1870/2260 2247/1858/2247 131/73/131

usemtl material_319
vt 16.3165874 3.9970825
f 2242/1853/2242 2890/2416/2890 2243/1854/2243

usemtl material_726
vt 16.4239140 4.0233746
f 2243/1854/2243 2890/2416/2890 2891/2417/2891

usemtl material_407
f 2243/1854/2243 2891/2417/2891 2244/1855/2244
f 2244/1855/2244 2891/2417/2891 2245/1856/2245

usemtl material_907
f 2246/1857/2246 2828/2354/2828 139/77/139

usemtl material_726
f 2828/2354/2828 2234/1846/2234 2233/1845/2233

usemtl material_907
f 139/77/139 2828/2354/2828 137/76/137

usemtl material_319
f 137/76/137 2828/2354/2828 2233/1845/2233

usemtl material_726
f 137/76/137 2233/1845/2233 135/75/135

usemtl material_407
f 2245/1856/2245 2891/2417/2891 2828/2354/2828

usemtl material_726
f 2828/2354/2828 2891/2417/2891 2235/1847/2235

usemtl material_318
f 2828/2354/2828 2235/1847/2235 2234/1846/2234

usemtl material_85
f 2225/1838/2225 2238/1850/2238 2890/2416/2890
f 2890/2416/2890 2238/1850/2238 2237/1849/2237

usemtl material_318
f 2890/2416/2890 2237/1849/2237 2891/2417/2891

usemtl material_905
f 2891/2417/2891 2237/1849/2237 2236/1848/2236
f 2891/2417/2891 2236/1848/2236 2235/1847/2235

usemtl material_325
vt 16.5672245 2.7811460
vt 16.6762009 2.7994397
f 2892/2418/2892 2893/2419/2893 2229/1841/2229

usemtl material_610
f 2242/1853/2242 2240/1852/2240 2890/2416/2890

usemtl material_408
f 2890/2416/2890 2240/1852/2240 2889/2415/2889

usemtl material_905
f 2890/2416/2890 2889/2415/2889 2225/1838/2225

usemtl material_723
vt 16.4193211 2.7563176
f 2225/1838/2225 2889/2415/2889 2894/2420/2894

usemtl material_922
f 2225/1838/2225 2894/2420/2894 2226/1839/2226

usemtl material_325
f 2226/1839/2226 2894/2420/2894 2892/2418/2892

usemtl material_326
f 2226/1839/2226 2892/2418/2892 2228/1840/2228
f 2228/1840/2228 2892/2418/2892 2229/1841/2229

usemtl material_723
vt 16.7429390 2.8106432
f 144/80/144 2232/1844/2232 2895/2421/2895
f 2895/2421/2895 2232/1844/2232 2231/1843/2231

usemtl material_199
f 2895/2421/2895 2231/1843/2231 2893/2419/2893

usemtl material_723
f 2893/2419/2893 2231/1843/2231 2230/1842/2230

usemtl material_614
f 2893/2419/2893 2230/1842/2230 2229/1841/2229

usemtl material_81
f 2895/2421/2895 2220/1833/2220 2219/1832/2219

usemtl material_614
f 144/80/144 2895/2421/2895 142/79/142

usemtl material_81
f 142/79/142 2895/2421/2895 2219/1832/2219

usemtl material_199
f 142/79/142 2219/1832/2219 140/78/140

usemtl material_81
f 2220/1833/2220 2895/2421/2895 2221/1834/2221

usemtl material_196
f 2221/1834/2221 2895/2421/2895 2893/2419/2893

usemtl material_1038
f 2221/1834/2221 2893/2419/2893 2222/1835/2222
f 2222/1835/2222 2893/2419/2893 2223/1836/2223

usemtl material_609
f 2223/1836/2223 2893/2419/2893 2892/2418/2892
f 2223/1836/2223 2892/2418/2892 2224/1837/2224

usemtl material_323
f 2212/1826/2212 2211/1825/2211 2197/1812/2197

usemtl material_608
f 2224/1837/2224 2892/2418/2892 2211/1825/2211
f 2211/1825/2211 2892/2418/2892 2894/2420/2894

usemtl material_323
f 2211/1825/2211 2894/2420/2894 2197/1812/2197

usemtl material_90
vt 16.5780449 1.5361820
f 2197/1812/2197 2894/2420/2894 2896/2422/2896

usemtl material_615
f 2197/1812/2197 2896/2422/2896 2198/1813/2198

usemtl material_84
f 2197/1812/2197 2210/1824/2210 2212/1826/2212
f 2212/1826/2212 2210/1824/2210 2209/1823/2209

usemtl material_86
f 2212/1826/2212 2209/1823/2209 2214/1827/2214
f 2214/1827/2214 2209/1823/2209 2215/1828/2215

usemtl material_194
f 2209/1823/2209 2208/1822/2208 2215/1828/2215
f 2215/1828/2215 2208/1822/2208 2207/1821/2207

usemtl material_86
f 2215/1828/2215 2207/1821/2207 2216/1829/2216

usemtl material_197
f 2216/1829/2216 2207/1821/2207 2217/1830/2217

usemtl material_86
f 2205/1819/2205 146/82/146 145/81/145

usemtl material_323
f 2207/1821/2207 2206/1820/2206 2217/1830/2217
f 2217/1830/2217 2206/1820/2206 2205/1819/2205

usemtl material_197
f 2217/1830/2217 2205/1819/2205 2218/1831/2218
f 2218/1831/2218 2205/1819/2205 145/81/145

usemtl material_615
vt 16.7273769 1.5500197
f 2200/1814/2200 2897/2423/2897 2201/1815/2201

usemtl material_330
vt 16.8374043 1.5602154
f 2201/1815/2201 2897/2423/2897 2898/2424/2898

usemtl material_615
f 2201/1815/2201 2898/2424/2898 2202/1816/2202

usemtl material_331
f 2202/1816/2202 2898/2424/2898 2203/1817/2203
f 2204/1818/2204 2827/2353/2827 153/85/153

usemtl material_926
f 2827/2353/2827 2192/1807/2192 2191/1806/2191

usemtl material_613
f 153/85/153 2827/2353/2827 151/84/151

usemtl material_616
f 151/84/151 2827/2353/2827 2191/1806/2191

usemtl material_926
f 151/84/151 2191/1806/2191 149/83/149

usemtl material_615
f 2203/1817/2203 2898/2424/2898 2827/2353/2827

usemtl material_87
f 2827/2353/2827 2898/2424/2898 2193/1808/2193
f 2827/2353/2827 2193/1808/2193 2192/1807/2192

usemtl material_92
f 2183/1799/2183 2196/1811/2196 2897/2423/2897
f 2897/2423/2897 2196/1811/2196 2195/1810/2195

usemtl material_87
f 2897/2423/2897 2195/1810/2195 2898/2424/2898

usemtl material_881
f 2898/2424/2898 2195/1810/2195 2194/1809/2194

usemtl material_195
f 2898/2424/2898 2194/1809/2194 2193/1808/2193

usemtl material_193
vt 16.7961693 0.3104278
vt 16.9066505 0.3124698
f 2899/2425/2899 2900/2426/2900 2187/1802/2187

usemtl material_615
f 2200/1814/2200 2198/1813/2198 2897/2423/2897

usemtl material_330
f 2897/2423/2897 2198/1813/2198 2896/2422/2896

usemtl material_195
f 2897/2423/2897 2896/2422/2896 2183/1799/2183

usemtl material_329
vt 16.6462231 0.3076565
f 2183/1799/2183 2896/2422/2896 2901/2427/2901

usemtl material_89
f 2183/1799/2183 2901/2427/2901 2184/1800/2184

usemtl material_193
f 2184/1800/2184 2901/2427/2901 2899/2425/2899

usemtl material_1039
f 2184/1800/2184 2899/2425/2899 2186/1801/2186
f 2186/1801/2186 2899/2425/2899 2187/1802/2187

usemtl material_329
vt 16.9743137 0.3137203
f 158/88/158 2190/1805/2190 2902/2428/2902
f 2902/2428/2902 2190/1805/2190 2189/1804/2189

usemtl material_89
f 2902/2428/2902 2189/1804/2189 2900/2426/2900

usemtl material_401
f 2900/2426/2900 2189/1804/2189 2188/1803/2188
f 2900/2426/2900 2188/1803/2188 2187/1802/2187

usemtl material_928
f 2902/2428/2902 2178/1794/2178 2177/1793/2177

usemtl material_401
f 158/88/158 2902/2428/2902 156/87/156

usemtl material_193
f 156/87/156 2902/2428/2902 2177/1793/2177
f 156/87/156 2177/1793/2177 154/86/154

usemtl material_928
f 2178/1794/2178 2902/2428/2902 2179/1795/2179

usemtl material_192
f 2179/1795/2179 2902/2428/2902 2900/2426/2900

usemtl material_95
f 2179/1795/2179 2900/2426/2900 2180/1796/2180
f 2180/1796/2180 2900/2426/2900 2181/1797/2181
f 2181/1797/2181 2900/2426/2900 2899/2425/2899

usemtl material_335
f 2181/1797/2181 2899/2425/2899 2182/1798/2182
f 2182/1798/2182 2899/2425/2899 2169/1786/2169
f 2169/1786/2169 2899/2425/2899 2901/2427/2901

usemtl material_334
vt 16.6234875 -0.9225494
f 2169/1786/2169 2901/2427/2901 2903/2429/2903

usemtl material_894
f 2157/1774/2157 2168/1785/2168 2170/1787/2170
f 2170/1787/2170 2168/1785/2168 2167/1784/2167

usemtl material_334
f 2170/1787/2170 2167/1784/2167 2172/1788/2172
f 2172/1788/2172 2167/1784/2167 2173/1789/2173

usemtl material_91
f 2167/1784/2167 2166/1783/2166 2173/1789/2173
f 2173/1789/2173 2166/1783/2166 2165/1782/2165

usemtl material_334
f 2173/1789/2173 2165/1782/2165 2174/1790/2174
f 2174/1790/2174 2165/1782/2165 2175/1791/2175
f 2163/1780/2163 160/90/160 159/89/159

usemtl material_623
f 2165/1782/2165 2164/1781/2164 2175/1791/2175
f 2175/1791/2175 2164/1781/2164 2163/1780/2163

usemtl material_93
f 2175/1791/2175 2163/1780/2163 2176/1792/2176
f 2176/1792/2176 2163/1780/2163 159/89/159

usemtl material_621
f 2161/1778/2161 2160/1777/2160 2152/1770/2152

usemtl material_94
f 2152/1770/2152 2160/1777/2160 2159/1776/2159

usemtl material_189
f 2152/1770/2152 2159/1776/2159 2153/1771/2153

usemtl material_94
f 2153/1771/2153 2159/1776/2159 2158/1775/2158

usemtl material_99
f 2153/1771/2153 2158/1775/2158 2154/1772/2154

usemtl material_94
f 2154/1772/2154 2158/1775/2158 2826/2352/2826

usemtl material_99
f 2154/1772/2154 2826/2352/2826 2155/1773/2155

usemtl material_621
f 2150/1768/2150 164/92/164 163/91/163

usemtl material_94
f 2152/1770/2152 2151/1769/2151 2161/1778/2161
f 2161/1778/2161 2151/1769/2151 2150/1768/2150

usemtl material_621
f 2161/1778/2161 2150/1768/2150 2162/1779/2162

usemtl material_332
f 2162/1779/2162 2150/1768/2150 163/91/163

usemtl material_721
vt 16.5099602 -2.1477165
f 2143/1762/2143 2142/1761/2142 2904/2430/2904

usemtl material_622
f 2904/2430/2904 2142/1761/2142 2903/2429/2903

usemtl material_623
f 2170/1787/2170 2169/1786/2169 2157/1774/2157

usemtl material_399
f 2157/1774/2157 2169/1786/2169 2903/2429/2903

usemtl material_332
f 2157/1774/2157 2903/2429/2903 2826/2352/2826

usemtl material_94
f 2826/2352/2826 2903/2429/2903 2142/1761/2142

usemtl material_340
f 2826/2352/2826 2142/1761/2142 2155/1773/2155

usemtl material_338
vt 16.6586761 -2.1670628
f 2145/1763/2145 2905/2431/2905 2146/1764/2146

usemtl material_625
vt 16.7682552 -2.1813171
f 2146/1764/2146 2905/2431/2905 2906/2432/2906

usemtl material_338
f 2146/1764/2146 2906/2432/2906 2147/1765/2147
f 2147/1765/2147 2906/2432/2906 2148/1766/2148

usemtl material_339
f 2149/1767/2149 2825/2351/2825 171/95/171

usemtl material_191
f 2825/2351/2825 2137/1756/2137 2136/1755/2136

usemtl material_339
f 171/95/171 2825/2351/2825 169/94/169

usemtl material_625
f 169/94/169 2825/2351/2825 2136/1755/2136
f 169/94/169 2136/1755/2136 167/93/167

usemtl material_338
f 2148/1766/2148 2906/2432/2906 2825/2351/2825

usemtl material_191
f 2825/2351/2825 2906/2432/2906 2138/1757/2138

usemtl material_929
f 2825/2351/2825 2138/1757/2138 2137/1756/2137

usemtl material_624
f 2128/1748/2128 2141/1760/2141 2905/2431/2905
f 2905/2431/2905 2141/1760/2141 2140/1759/2140

usemtl material_929
f 2905/2431/2905 2140/1759/2140 2906/2432/2906

usemtl material_337
f 2906/2432/2906 2140/1759/2140 2139/1758/2139

usemtl material_102
f 2906/2432/2906 2139/1758/2139 2138/1757/2138

usemtl material_98
vt 16.4531422 -3.3914301
f 2824/2350/2824 2132/1751/2132 2907/2433/2907

usemtl material_338
f 2145/1763/2145 2143/1762/2143 2905/2431/2905

usemtl material_625
f 2905/2431/2905 2143/1762/2143 2904/2430/2904

usemtl material_337
f 2905/2431/2905 2904/2430/2904 2128/1748/2128

usemtl material_100
vt 16.3062592 -3.3611536
f 2128/1748/2128 2904/2430/2904 2908/2434/2908

usemtl material_190
f 2128/1748/2128 2908/2434/2908 2129/1749/2129

usemtl material_105
f 2129/1749/2129 2908/2434/2908 2907/2433/2907

usemtl material_190
f 2129/1749/2129 2907/2433/2907 2131/1750/2131
f 2131/1750/2131 2907/2433/2907 2132/1751/2132

usemtl material_396
f 2124/1744/2124 173/97/173 172/96/172

usemtl material_185
f 2126/1746/2126 2125/1745/2125 2134/1753/2134

usemtl material_190
f 2134/1753/2134 2125/1745/2125 2124/1744/2124

usemtl material_100
f 2134/1753/2134 2124/1744/2124 2135/1754/2135
f 2135/1754/2135 2124/1744/2124 172/96/172

usemtl material_396
f 2134/1753/2134 2133/1752/2133 2126/1746/2126

usemtl material_98
f 2126/1746/2126 2133/1752/2133 2824/2350/2824

usemtl material_397
f 2126/1746/2126 2824/2350/2824 2127/1747/2127

usemtl material_720
f 2127/1747/2127 2824/2350/2824 2907/2433/2907

usemtl material_343
f 2127/1747/2127 2907/2433/2907 2123/1743/2123

usemtl material_183
f 2116/1737/2116 2115/1736/2115 2101/1723/2101

usemtl material_343
f 2123/1743/2123 2907/2433/2907 2115/1736/2115
f 2115/1736/2115 2907/2433/2907 2908/2434/2908

usemtl material_183
f 2115/1736/2115 2908/2434/2908 2101/1723/2101

usemtl material_627
vt 16.0135002 -4.5562334
f 2101/1723/2101 2908/2434/2908 2909/2435/2909

usemtl material_341
f 2101/1723/2101 2909/2435/2909 2102/1724/2102

usemtl material_627
f 2101/1723/2101 2114/1735/2114 2116/1737/2116

usemtl material_101
f 2116/1737/2116 2114/1735/2114 2113/1734/2113

usemtl material_183
f 2116/1737/2116 2113/1734/2113 2118/1738/2118
f 2118/1738/2118 2113/1734/2113 2119/1739/2119

usemtl material_101
f 2113/1734/2113 2112/1733/2112 2119/1739/2119

usemtl material_187
f 2119/1739/2119 2112/1733/2112 2111/1732/2111

usemtl material_183
f 2119/1739/2119 2111/1732/2111 2120/1740/2120

usemtl material_103
f 2120/1740/2120 2111/1732/2111 2121/1741/2121

usemtl material_183
f 2109/1730/2109 177/99/177 176/98/176

usemtl material_187
f 2111/1732/2111 2110/1731/2110 2121/1741/2121

usemtl material_183
f 2121/1741/2121 2110/1731/2110 2109/1730/2109

usemtl material_103
f 2121/1741/2121 2109/1730/2109 2122/1742/2122

usemtl material_186
f 2122/1742/2122 2109/1730/2109 176/98/176

usemtl material_341
vt 16.1577454 -4.5972753
f 2104/1725/2104 2910/2436/2910 2105/1726/2105
vt 16.2640285 -4.6275153
f 2105/1726/2105 2910/2436/2910 2911/2437/2911
f 2105/1726/2105 2911/2437/2911 2106/1727/2106

usemtl material_626
f 2106/1727/2106 2911/2437/2911 2107/1728/2107
f 2108/1729/2108 2823/2349/2823 184/102/184

usemtl material_935
f 2823/2349/2823 2096/1718/2096 2095/1717/2095

usemtl material_626
f 184/102/184 2823/2349/2823 182/101/182

usemtl material_104
f 182/101/182 2823/2349/2823 2095/1717/2095

usemtl material_184
f 182/101/182 2095/1717/2095 180/100/180

usemtl material_341
f 2107/1728/2107 2911/2437/2911 2823/2349/2823

usemtl material_184
f 2823/2349/2823 2911/2437/2911 2097/1719/2097

usemtl material_935
f 2823/2349/2823 2097/1719/2097 2096/1718/2096

usemtl material_348
f 2087/1710/2087 2100/1722/2100 2910/2436/2910

usemtl material_630
f 2910/2436/2910 2100/1722/2100 2099/1721/2099

usemtl material_935
f 2910/2436/2910 2099/1721/2099 2911/2437/2911

usemtl material_394
f 2911/2437/2911 2099/1721/2099 2098/1720/2098

usemtl material_349
f 2911/2437/2911 2098/1720/2098 2097/1719/2097

usemtl material_341
f 2104/1725/2104 2102/1724/2102 2910/2436/2910

usemtl material_104
f 2910/2436/2910 2102/1724/2102 2909/2435/2909

usemtl material_349
f 2910/2436/2910 2909/2435/2909 2087/1710/2087

usemtl material_395
vt 15.6332798 -5.7264285
f 2087/1710/2087 2909/2435/2909 2912/2438/2912

usemtl material_931
f 2087/1710/2087 2912/2438/2912 2088/1711/2088

usemtl material_1040
vt 15.7741013 -5.7780108
f 2090/1712/2090 2913/2439/2913 2091/1713/2091

usemtl material_347
vt 15.8778601 -5.8160176
f 2091/1713/2091 2913/2439/2913 2914/2440/2914

usemtl material_1040
f 2091/1713/2091 2914/2440/2914 2092/1714/2092

usemtl material_395
f 2092/1714/2092 2914/2440/2914 2093/1715/2093
f 2094/1716/2094 2822/2348/2822 189/105/189

usemtl material_346
f 2822/2348/2822 2082/1705/2082 2081/1704/2081

usemtl material_1040
f 189/105/189 2822/2348/2822 187/104/187

usemtl material_347
f 187/104/187 2822/2348/2822 2081/1704/2081
f 187/104/187 2081/1704/2081 185/103/185

usemtl material_931
f 2093/1715/2093 2914/2440/2914 2822/2348/2822

usemtl material_932
f 2822/2348/2822 2914/2440/2914 2083/1706/2083
f 2822/2348/2822 2083/1706/2083 2082/1705/2082

usemtl material_344
f 2073/1697/2073 2086/1709/2086 2913/2439/2913
f 2913/2439/2913 2086/1709/2086 2085/1708/2085

usemtl material_345
f 2913/2439/2913 2085/1708/2085 2914/2440/2914
f 2914/2440/2914 2085/1708/2085 2084/1707/2084

usemtl material_932
f 2914/2440/2914 2084/1707/2084 2083/1706/2083

usemtl material_933
f 2074/1698/2074 2073/1697/2073 2061/1685/2061

usemtl material_937
vt 15.1676769 -6.8653479
f 2062/1686/2062 2061/1685/2061 2915/2441/2915

usemtl material_1041
f 2915/2441/2915 2061/1685/2061 2073/1697/2073

usemtl material_1042
f 2915/2441/2915 2073/1697/2073 2912/2438/2912

usemtl material_344
f 2912/2438/2912 2073/1697/2073 2913/2439/2913

usemtl material_346
f 2912/2438/2912 2913/2439/2913 2088/1711/2088

usemtl material_1040
f 2088/1711/2088 2913/2439/2913 2090/1712/2090

usemtl material_1043
f 2061/1685/2061 2072/1696/2072 2074/1698/2074
f 2074/1698/2074 2072/1696/2072 2071/1695/2071

usemtl material_933
f 2074/1698/2074 2071/1695/2071 2076/1699/2076
f 2076/1699/2076 2071/1695/2071 2077/1700/2077

usemtl material_1044
f 2071/1695/2071 2070/1694/2070 2077/1700/2077

usemtl material_355
f 2077/1700/2077 2070/1694/2070 2069/1693/2069

usemtl material_933
f 2077/1700/2077 2069/1693/2069 2078/1701/2078

usemtl material_391
f 2078/1701/2078 2069/1693/2069 2079/1702/2079

usemtl material_933
f 2067/1691/2067 191/107/191 190/106/190

usemtl material_355
f 2069/1693/2069 2068/1692/2068 2079/1702/2079

usemtl material_933
f 2079/1702/2079 2068/1692/2068 2067/1691/2067

usemtl material_391
f 2079/1702/2079 2067/1691/2067 2080/1703/2080

usemtl material_356
f 2080/1703/2080 2067/1691/2067 190/106/190

usemtl material_1045
f 2054/1679/2054 195/109/195 194/108/194

usemtl material_353
vt 15.3762054 -6.9995508
f 2916/2442/2916 2056/1681/2056 2064/1688/2064

usemtl material_938
f 2064/1688/2064 2056/1681/2056 2055/1680/2055

usemtl material_1046
f 2064/1688/2064 2055/1680/2055 2065/1689/2065

usemtl material_938
f 2065/1689/2065 2055/1680/2055 2054/1679/2054

usemtl material_1046
f 2065/1689/2065 2054/1679/2054 2066/1690/2066
f 2066/1690/2066 2054/1679/2054 194/108/194

usemtl material_1047
vt 15.3043051 -6.9271894
f 2046/1672/2046 2059/1684/2059 2917/2443/2917
f 2917/2443/2917 2059/1684/2059 2058/1683/2058

usemtl material_938
f 2917/2443/2917 2058/1683/2058 2916/2442/2916

usemtl material_1048
f 2916/2442/2916 2058/1683/2058 2057/1682/2057
f 2916/2442/2916 2057/1682/2057 2056/1681/2056

usemtl material_1049
f 2064/1688/2064 2063/1687/2063 2916/2442/2916
f 2916/2442/2916 2063/1687/2063 2062/1686/2062
f 2916/2442/2916 2062/1686/2062 2917/2443/2917

usemtl material_937
f 2917/2443/2917 2062/1686/2062 2915/2441/2915

usemtl material_938
f 2917/2443/2917 2915/2441/2915 2046/1672/2046

usemtl material_1050
vt 14.6192331 -7.9667706
f 2046/1672/2046 2915/2441/2915 2918/2444/2918

usemtl material_1051
f 2046/1672/2046 2918/2444/2918 2047/1673/2047

usemtl material_361
vt 14.7509203 -8.0385342
f 2049/1674/2049 2919/2445/2919 2050/1675/2050

usemtl material_941
vt 14.8479490 -8.0914097
f 2050/1675/2050 2919/2445/2919 2920/2446/2920

usemtl material_361
f 2050/1675/2050 2920/2446/2920 2051/1676/2051

usemtl material_949
f 2051/1676/2051 2920/2446/2920 2052/1677/2052

usemtl material_1050
f 2053/1678/2053 2821/2347/2821 202/112/202

usemtl material_1052
f 2821/2347/2821 2041/1667/2041 2040/1666/2040

usemtl material_1053
f 202/112/202 2821/2347/2821 200/111/200

usemtl material_654
f 200/111/200 2821/2347/2821 2040/1666/2040
f 200/111/200 2040/1666/2040 198/110/198

usemtl material_361
f 2052/1677/2052 2920/2446/2920 2821/2347/2821

usemtl material_360
f 2821/2347/2821 2920/2446/2920 2042/1668/2042
f 2821/2347/2821 2042/1668/2042 2041/1667/2041

usemtl material_947
f 2032/1659/2032 2045/1671/2045 2919/2445/2919

usemtl material_847
f 2919/2445/2919 2045/1671/2045 2044/1670/2044

usemtl material_948
f 2919/2445/2919 2044/1670/2044 2920/2446/2920

usemtl material_847
f 2920/2446/2920 2044/1670/2044 2043/1669/2043

usemtl material_948
f 2920/2446/2920 2043/1669/2043 2042/1668/2042

usemtl material_361
f 2049/1674/2049 2047/1673/2047 2919/2445/2919

usemtl material_941
f 2919/2445/2919 2047/1673/2047 2918/2444/2918

usemtl material_847
f 2919/2445/2919 2918/2444/2918 2032/1659/2032

usemtl material_358
f 2032/1659/2032 2918/2444/2918 2820/2346/2820

usemtl material_385
f 2032/1659/2032 2820/2346/2820 2033/1660/2033

usemtl material_387
f 2033/1660/2033 2820/2346/2820 2819/2345/2819

usemtl material_385
f 2033/1660/2033 2819/2345/2819 2035/1661/2035

usemtl material_386
f 2035/1661/2035 2819/2345/2819 2031/1658/2031

usemtl material_385
f 2035/1661/2035 2031/1658/2031 2036/1662/2036

usemtl material_386
f 2031/1658/2031 2030/1657/2030 2036/1662/2036

usemtl material_122
f 2036/1662/2036 2030/1657/2030 2029/1656/2029

usemtl material_943
f 2036/1662/2036 2029/1656/2029 2037/1663/2037

usemtl material_390
f 2037/1663/2037 2029/1656/2029 2038/1664/2038

usemtl material_358
f 2027/1654/2027 204/114/204 203/113/203

usemtl material_1054
f 2029/1656/2029 2028/1655/2028 2038/1664/2038

usemtl material_385
f 2038/1664/2038 2028/1655/2028 2027/1654/2027

usemtl material_359
f 2038/1664/2038 2027/1654/2027 2039/1665/2039

usemtl material_1055
f 2039/1665/2039 2027/1654/2027 203/113/203

usemtl material_127
vt 13.2862425 -10.0333042
f 2006/1635/2006 2005/1634/2005 2921/2447/2921

usemtl material_1056
f 2023/1650/2023 2022/1649/2022 2017/1645/2017
f 2017/1645/2017 2022/1649/2022 2020/1648/2020

usemtl material_656
f 2017/1645/2017 2020/1648/2020 2018/1646/2018

usemtl material_166
f 2018/1646/2018 2020/1648/2020 2019/1647/2019

usemtl material_388
f 2018/1646/2018 2019/1647/2019 2005/1634/2005

usemtl material_166
f 2005/1634/2005 2019/1647/2019 2820/2346/2820

usemtl material_168
f 2005/1634/2005 2820/2346/2820 2921/2447/2921

usemtl material_656
f 2017/1645/2017 2016/1644/2016 2023/1650/2023

usemtl material_655
f 2023/1650/2023 2016/1644/2016 2015/1643/2015

usemtl material_1056
f 2023/1650/2023 2015/1643/2015 2024/1651/2024

usemtl material_946
f 2024/1651/2024 2015/1643/2015 2025/1652/2025

usemtl material_819
f 2013/1641/2013 208/116/208 207/115/207

usemtl material_166
f 2015/1643/2015 2014/1642/2014 2025/1652/2025
f 2025/1652/2025 2014/1642/2014 2013/1641/2013

usemtl material_123
f 2025/1652/2025 2013/1641/2013 2026/1653/2026

usemtl material_955
f 2026/1653/2026 2013/1641/2013 207/115/207

usemtl material_365
vt 13.4059219 -10.1236820
f 2008/1636/2008 2922/2448/2922 2009/1637/2009

usemtl material_127
vt 13.4941034 -10.1902733
f 2009/1637/2009 2922/2448/2922 2923/2449/2923

usemtl material_365
f 2009/1637/2009 2923/2449/2923 2010/1638/2010
f 2010/1638/2010 2923/2449/2923 2011/1639/2011

usemtl material_366
f 2012/1640/2012 2818/2344/2818 215/119/215

usemtl material_1057
f 2818/2344/2818 2000/1629/2000 1999/1628/1999

usemtl material_366
f 215/119/215 2818/2344/2818 213/118/213

usemtl material_127
f 213/118/213 2818/2344/2818 1999/1628/1999

usemtl material_364
f 213/118/213 1999/1628/1999 211/117/211

usemtl material_365
f 2011/1639/2011 2923/2449/2923 2818/2344/2818

usemtl material_364
f 2818/2344/2818 2923/2449/2923 2001/1630/2001

usemtl material_363
f 2818/2344/2818 2001/1630/2001 2000/1629/2000

usemtl material_165
f 1991/1621/1991 2004/1633/2004 2922/2448/2922
f 2922/2448/2922 2004/1633/2004 2003/1632/2003

usemtl material_363
f 2922/2448/2922 2003/1632/2003 2923/2449/2923

usemtl material_369
f 2923/2449/2923 2003/1632/2003 2002/1631/2002
f 2923/2449/2923 2002/1631/2002 2001/1630/2001

usemtl material_365
f 2008/1636/2008 2006/1635/2006 2922/2448/2922

usemtl material_364
f 2922/2448/2922 2006/1635/2006 2921/2447/2921

usemtl material_369
f 2922/2448/2922 2921/2447/2921 1991/1621/1991

usemtl material_1058
vt 12.5089741 -10.9871273
f 1991/1621/1991 2921/2447/2921 2924/2450/2924

usemtl material_1059
f 1991/1621/1991 2924/2450/2924 1992/1622/1992

usemtl material_961
vt 12.6216536 -11.0860968
f 1994/1623/1994 2925/2451/2925 1995/1624/1995

usemtl material_950
vt 12.7046757 -11.1590195
f 1995/1624/1995 2925/2451/2925 2926/2452/2926

usemtl material_130
f 1995/1624/1995 2926/2452/2926 1996/1625/1996

usemtl material_368
f 1996/1625/1996 2926/2452/2926 1997/1626/1997

usemtl material_687
f 1998/1627/1998 2817/2343/2817 220/122/220

usemtl material_384
f 2817/2343/2817 1986/1616/1986 1985/1615/1985

usemtl material_368
f 220/122/220 2817/2343/2817 218/121/218

usemtl material_950
f 218/121/218 2817/2343/2817 1985/1615/1985
f 218/121/218 1985/1615/1985 216/120/216

usemtl material_961
f 1997/1626/1997 2926/2452/2926 2817/2343/2817

usemtl material_1060
f 2817/2343/2817 2926/2452/2926 1987/1617/1987

usemtl material_665
f 2817/2343/2817 1987/1617/1987 1986/1616/1986

usemtl material_128
f 1977/1608/1977 1990/1620/1990 2925/2451/2925

usemtl material_962
f 2925/2451/2925 1990/1620/1990 1989/1619/1989

usemtl material_1061
f 2925/2451/2925 1989/1619/1989 2926/2452/2926
f 2926/2452/2926 1989/1619/1989 1988/1618/1988
f 2926/2452/2926 1988/1618/1988 1987/1617/1987

usemtl material_956
f 1978/1609/1978 1977/1608/1977 1963/1595/1963

usemtl material_134
vt 11.6633873 -11.8809423
f 1964/1596/1964 1963/1595/1963 2927/2453/2927

usemtl material_371
f 2927/2453/2927 1963/1595/1963 1977/1608/1977

usemtl material_956
f 2927/2453/2927 1977/1608/1977 2924/2450/2924

usemtl material_962
f 2924/2450/2924 1977/1608/1977 2925/2451/2925

usemtl material_665
f 2924/2450/2924 2925/2451/2925 1992/1622/1992

usemtl material_961
f 1992/1622/1992 2925/2451/2925 1994/1623/1994

usemtl material_684
f 1963/1595/1963 1976/1607/1976 1978/1609/1978
f 1978/1609/1978 1976/1607/1976 1975/1606/1975

usemtl material_663
f 1978/1609/1978 1975/1606/1975 1980/1610/1980
f 1980/1610/1980 1975/1606/1975 1981/1611/1981

usemtl material_381
f 1975/1606/1975 1974/1605/1974 1981/1611/1981

usemtl material_372
f 1981/1611/1981 1974/1605/1974 1973/1604/1973

usemtl material_160
f 1981/1611/1981 1973/1604/1973 1982/1612/1982
f 1982/1612/1982 1973/1604/1973 1983/1613/1983
f 1971/1602/1971 222/124/222 221/123/221

usemtl material_956
f 1973/1604/1973 1972/1603/1972 1983/1613/1983
f 1983/1613/1983 1972/1603/1972 1971/1602/1971

usemtl material_132
f 1983/1613/1983 1971/1602/1971 1984/1614/1984

usemtl material_380
f 1984/1614/1984 1971/1602/1971 221/123/221

usemtl material_134
vt 11.7684488 -11.9879646
f 1966/1597/1966 2928/2454/2928 1967/1598/1967
vt 11.8458595 -12.0668192
f 1967/1598/1967 2928/2454/2928 2929/2455/2929
f 1967/1598/1967 2929/2455/2929 1968/1599/1968

usemtl material_129
f 1968/1599/1968 2929/2455/2929 1969/1600/1969
f 1970/1601/1970 2816/2342/2816 226/125/226

usemtl material_666
f 2816/2342/2816 1958/1590/1958 1957/1589/1957

usemtl material_382
f 226/125/226 2816/2342/2816 228/127/228

usemtl material_1062
f 228/127/228 2816/2342/2816 1957/1589/1957

usemtl material_964
f 228/127/228 1957/1589/1957 229/126/229

usemtl material_129
f 1969/1600/1969 2929/2455/2929 2816/2342/2816

usemtl material_158
f 2816/2342/2816 2929/2455/2929 1959/1591/1959

usemtl material_667
f 2816/2342/2816 1959/1591/1959 1958/1590/1958

usemtl material_157
f 1949/1582/1949 1962/1594/1962 2928/2454/2928

usemtl material_680
f 2928/2454/2928 1962/1594/1962 1961/1593/1961

usemtl material_666
f 2928/2454/2928 1961/1593/1961 2929/2455/2929

usemtl material_680
f 2929/2455/2929 1961/1593/1961 1960/1592/1960

usemtl material_668
f 2929/2455/2929 1960/1592/1960 1959/1591/1959

usemtl material_134
f 1966/1597/1966 1964/1596/1964 2928/2454/2928

usemtl material_158
f 2928/2454/2928 1964/1596/1964 2927/2453/2927

usemtl material_668
f 2928/2454/2928 2927/2453/2927 1949/1582/1949

usemtl material_131
vt 10.7540989 -12.7098694
f 1949/1582/1949 2927/2453/2927 2930/2456/2930

usemtl material_1063
f 1949/1582/1949 2930/2456/2930 1950/1583/1950
vt 10.8509693 -12.8243561
f 1952/1584/1952 2931/2457/2931 1953/1585/1953

usemtl material_140
vt 10.9223452 -12.9087133
f 1953/1585/1953 2931/2457/2931 2932/2458/2932

usemtl material_370
f 1953/1585/1953 2932/2458/2932 1954/1586/1954
f 1954/1586/1954 2932/2458/2932 1955/1587/1955

usemtl material_131
f 1956/1588/1956 2815/2341/2815 234/130/234

usemtl material_156
f 2815/2341/2815 1944/1577/1944 1943/1576/1943

usemtl material_370
f 234/130/234 2815/2341/2815 232/129/232

usemtl material_140
f 232/129/232 2815/2341/2815 1943/1576/1943
f 232/129/232 1943/1576/1943 230/128/230

usemtl material_1063
f 1955/1587/1955 2932/2458/2932 2815/2341/2815

usemtl material_670
f 2815/2341/2815 2932/2458/2932 1945/1578/1945
f 2815/2341/2815 1945/1578/1945 1944/1577/1944

usemtl material_155
f 1935/1569/1935 1948/1581/1948 2931/2457/2931
f 2931/2457/2931 1948/1581/1948 1947/1580/1947

usemtl material_374
f 2931/2457/2931 1947/1580/1947 2932/2458/2932

usemtl material_379
f 2932/2458/2932 1947/1580/1947 1946/1579/1946

usemtl material_374
f 2932/2458/2932 1946/1579/1946 1945/1578/1945

usemtl material_678
f 1936/1570/1936 1935/1569/1935 1928/1562/1928

usemtl material_142
vt 9.7860756 -13.4693775
f 1920/1555/1920 1928/1562/1928 2933/2459/2933

usemtl material_139
f 2933/2459/2933 1928/1562/1928 1935/1569/1935

usemtl material_133
f 2933/2459/2933 1935/1569/1935 2930/2456/2930

usemtl material_379
f 2930/2456/2930 1935/1569/1935 2931/2457/2931

usemtl material_156
f 2930/2456/2930 2931/2457/2931 1950/1583/1950

usemtl material_1063
f 1950/1583/1950 2931/2457/2931 1952/1584/1952

usemtl material_139
f 1928/1562/1928 1934/1568/1934 1936/1570/1936
f 1936/1570/1936 1934/1568/1934 1933/1567/1933

usemtl material_138
f 1936/1570/1936 1933/1567/1933 1938/1571/1938
f 1938/1571/1938 1933/1567/1933 1939/1572/1939

usemtl material_144
f 1933/1567/1933 1932/1566/1932 1939/1572/1939
f 1939/1572/1939 1932/1566/1932 1931/1565/1931

usemtl material_138
f 1939/1572/1939 1931/1565/1931 1940/1573/1940
f 1940/1573/1940 1931/1565/1931 1941/1574/1941
f 1929/1563/1929 236/132/236 235/131/235

usemtl material_678
f 1931/1565/1931 1930/1564/1930 1941/1574/1941
f 1941/1574/1941 1930/1564/1930 1929/1563/1929

usemtl material_133
f 1941/1574/1941 1929/1563/1929 1942/1575/1942

usemtl material_671
f 1942/1575/1942 1929/1563/1929 235/131/235

usemtl material_141
vt 8.7646046 -14.1553221
f 1907/1543/1907 1906/1542/1906 2934/2460/2934
f 1924/1558/1924 1923/1557/1923 1918/1553/1918
f 1918/1553/1918 1923/1557/1923 1921/1556/1921

usemtl material_145
f 1918/1553/1918 1921/1556/1921 1919/1554/1919

usemtl material_141
f 1919/1554/1919 1921/1556/1921 1920/1555/1920
f 1919/1554/1919 1920/1555/1920 1906/1542/1906

usemtl material_142
f 1906/1542/1906 1920/1555/1920 2933/2459/2933
f 1906/1542/1906 2933/2459/2933 2934/2460/2934

usemtl material_154
f 1918/1553/1918 1917/1552/1917 1924/1558/1924

usemtl material_677
f 1924/1558/1924 1917/1552/1917 1916/1551/1916

usemtl material_145
f 1924/1558/1924 1916/1551/1916 1925/1559/1925
f 1925/1559/1925 1916/1551/1916 1926/1560/1926
f 1914/1549/1914 240/134/240 239/133/239

usemtl material_677
f 1916/1551/1916 1915/1550/1915 1926/1560/1926

usemtl material_154
f 1926/1560/1926 1915/1550/1915 1914/1549/1914

usemtl material_141
f 1926/1560/1926 1914/1549/1914 1927/1561/1927
f 1927/1561/1927 1914/1549/1914 239/133/239

usemtl material_154
vt 8.8435545 -14.2828302
f 1909/1544/1909 2935/2461/2935 1910/1545/1910

usemtl material_677
vt 8.9017258 -14.3767796
f 1910/1545/1910 2935/2461/2935 2936/2462/2936

usemtl material_146
f 1910/1545/1910 2936/2462/2936 1911/1546/1911

usemtl material_375
f 1911/1546/1911 2936/2462/2936 1912/1547/1912

usemtl material_147
f 1913/1548/1913 2814/2340/2814 247/137/247
f 2814/2340/2814 1901/1537/1901 1900/1536/1900

usemtl material_153
f 247/137/247 2814/2340/2814 245/136/245

usemtl material_147
f 245/136/245 2814/2340/2814 1900/1536/1900

usemtl material_153
f 245/136/245 1900/1536/1900 243/135/243

usemtl material_375
f 1912/1547/1912 2936/2462/2936 2814/2340/2814
f 2814/2340/2814 2936/2462/2936 1902/1538/1902
f 2814/2340/2814 1902/1538/1902 1901/1537/1901

usemtl material_145
f 1892/1529/1892 1905/1541/1905 2935/2461/2935
f 2935/2461/2935 1905/1541/1905 1904/1540/1904

usemtl material_154
f 2935/2461/2935 1904/1540/1904 2936/2462/2936

usemtl material_143
f 2936/2462/2936 1904/1540/1904 1903/1539/1903

usemtl material_146
f 2936/2462/2936 1903/1539/1903 1902/1538/1902

usemtl material_677
vt 7.7645807 -14.8969450
vt 7.8156543 -14.9949341
f 2937/2463/2937 2938/2464/2938 1896/1532/1896

usemtl material_145
f 1909/1544/1909 1907/1543/1907 2935/2461/2935

usemtl material_141
f 2935/2461/2935 1907/1543/1907 2934/2460/2934
f 2935/2461/2935 2934/2460/2934 1892/1529/1892

usemtl material_142
vt 7.6952634 -14.7639542
f 1892/1529/1892 2934/2460/2934 2939/2465/2939

usemtl material_141
f 1892/1529/1892 2939/2465/2939 1893/1530/1893
f 1893/1530/1893 2939/2465/2939 2937/2463/2937

usemtl material_145
f 1893/1530/1893 2937/2463/2937 1895/1531/1895

usemtl material_154
f 1895/1531/1895 2937/2463/2937 1896/1532/1896

usemtl material_147
vt 7.8469329 -15.0549450
f 252/140/252 1899/1535/1899 2940/2466/2940
f 2940/2466/2940 1899/1535/1899 1898/1534/1898

usemtl material_375
f 2940/2466/2940 1898/1534/1898 2938/2464/2938
f 2938/2464/2938 1898/1534/1898 1897/1533/1897

usemtl material_146
f 2938/2464/2938 1897/1533/1897 1896/1532/1896

usemtl material_147
f 2940/2466/2940 1887/1524/1887 1886/1523/1886

usemtl material_153
f 252/140/252 2940/2466/2940 250/139/250

usemtl material_147
f 250/139/250 2940/2466/2940 1886/1523/1886

usemtl material_153
f 250/139/250 1886/1523/1886 248/138/248

usemtl material_375
f 1887/1524/1887 2940/2466/2940 1888/1525/1888
f 1888/1525/1888 2940/2466/2940 2938/2464/2938

usemtl material_146
f 1888/1525/1888 2938/2464/2938 1889/1526/1889

usemtl material_143
f 1889/1526/1889 2938/2464/2938 1890/1527/1890

usemtl material_154
f 1890/1527/1890 2938/2464/2938 2937/2463/2937

usemtl material_145
f 1890/1527/1890 2937/2463/2937 1891/1528/1891
f 1879/1517/1879 1878/1516/1878 1864/1503/1864
f 1891/1528/1891 2937/2463/2937 1878/1516/1878

usemtl material_141
f 1878/1516/1878 2937/2463/2937 2939/2465/2939
f 1878/1516/1878 2939/2465/2939 1864/1503/1864

usemtl material_142
vt 6.5838938 -15.2919502
f 1864/1503/1864 2939/2465/2939 2941/2467/2941

usemtl material_141
f 1864/1503/1864 2941/2467/2941 1865/1504/1865

usemtl material_145
f 1864/1503/1864 1877/1515/1877 1879/1517/1879
f 1879/1517/1879 1877/1515/1877 1876/1514/1876

usemtl material_154
f 1879/1517/1879 1876/1514/1876 1881/1518/1881

usemtl material_677
f 1881/1518/1881 1876/1514/1876 1882/1519/1882

usemtl material_143
f 1876/1514/1876 1875/1513/1875 1882/1519/1882

usemtl material_146
f 1882/1519/1882 1875/1513/1875 1874/1512/1874
f 1882/1519/1882 1874/1512/1874 1883/1520/1883

usemtl material_375
f 1883/1520/1883 1874/1512/1874 1884/1521/1884

usemtl material_153
f 1872/1510/1872 254/142/254 253/141/253

usemtl material_375
f 1874/1512/1874 1873/1511/1873 1884/1521/1884

usemtl material_147
f 1884/1521/1884 1873/1511/1873 1872/1510/1872
f 1884/1521/1884 1872/1510/1872 1885/1522/1885

usemtl material_153
f 1885/1522/1885 1872/1510/1872 253/141/253

usemtl material_154
vt 6.6431999 -15.4296980
f 1867/1505/1867 2942/2468/2942 1868/1506/1868

usemtl material_677
vt 6.6868973 -15.5311918
f 1868/1506/1868 2942/2468/2942 2943/2469/2943

usemtl material_146
f 1868/1506/1868 2943/2469/2943 1869/1507/1869

usemtl material_375
f 1869/1507/1869 2943/2469/2943 1870/1508/1870

usemtl material_147
f 1871/1509/1871 2813/2339/2813 261/145/261
f 2813/2339/2813 1859/1498/1859 1858/1497/1858

usemtl material_153
f 261/145/261 2813/2339/2813 259/144/259

usemtl material_147
f 259/144/259 2813/2339/2813 1858/1497/1858

usemtl material_153
f 259/144/259 1858/1497/1858 257/143/257

usemtl material_375
f 1870/1508/1870 2943/2469/2943 2813/2339/2813
f 2813/2339/2813 2943/2469/2943 1860/1499/1860
f 2813/2339/2813 1860/1499/1860 1859/1498/1859

usemtl material_145
f 1850/1490/1850 1863/1502/1863 2942/2468/2942
f 2942/2468/2942 1863/1502/1863 1862/1501/1862

usemtl material_154
f 2942/2468/2942 1862/1501/1862 2943/2469/2943

usemtl material_143
f 2943/2469/2943 1862/1501/1862 1861/1500/1861

usemtl material_146
f 2943/2469/2943 1861/1500/1861 1860/1499/1860

usemtl material_677
vt 5.4855361 -15.8781805
vt 5.5216193 -15.9826221
f 2944/2470/2944 2945/2471/2945 1854/1493/1854

usemtl material_145
f 1867/1505/1867 1865/1504/1865 2942/2468/2942

usemtl material_141
f 2942/2468/2942 1865/1504/1865 2941/2467/2941
f 2942/2468/2942 2941/2467/2941 1850/1490/1850

usemtl material_142
vt 5.4365649 -15.7364292
f 1850/1490/1850 2941/2467/2941 2946/2472/2946

usemtl material_141
f 1850/1490/1850 2946/2472/2946 1851/1491/1851
f 1851/1491/1851 2946/2472/2946 2944/2470/2944

usemtl material_145
f 1851/1491/1851 2944/2470/2944 1853/1492/1853

usemtl material_154
f 1853/1492/1853 2944/2470/2944 1854/1493/1854

usemtl material_147
vt 5.5437169 -16.0465851
f 266/148/266 1857/1496/1857 2947/2473/2947
f 2947/2473/2947 1857/1496/1857 1856/1495/1856

usemtl material_375
f 2947/2473/2947 1856/1495/1856 2945/2471/2945
f 2945/2471/2945 1856/1495/1856 1855/1494/1855

usemtl material_146
f 2945/2471/2945 1855/1494/1855 1854/1493/1854

usemtl material_147
f 2947/2473/2947 1845/1485/1845 1844/1484/1844

usemtl material_153
f 266/148/266 2947/2473/2947 264/147/264

usemtl material_147
f 264/147/264 2947/2473/2947 1844/1484/1844

usemtl material_153
f 264/147/264 1844/1484/1844 262/146/262

usemtl material_375
f 1845/1485/1845 2947/2473/2947 1846/1486/1846
f 1846/1486/1846 2947/2473/2947 2945/2471/2945

usemtl material_146
f 1846/1486/1846 2945/2471/2945 1847/1487/1847

usemtl material_143
f 1847/1487/1847 2945/2471/2945 1848/1488/1848

usemtl material_154
f 1848/1488/1848 2945/2471/2945 2944/2470/2944

usemtl material_145
f 1848/1488/1848 2944/2470/2944 1849/1489/1849
f 1849/1489/1849 2944/2470/2944 1836/1477/1836

usemtl material_141
f 1836/1477/1836 2944/2470/2944 2946/2472/2946

usemtl material_142
vt 4.2595434 -16.0949593
f 1836/1477/1836 2946/2472/2946 2948/2474/2948

usemtl material_145
f 1824/1465/1824 1835/1476/1835 1837/1478/1837
f 1837/1478/1837 1835/1476/1835 1834/1475/1834

usemtl material_154
f 1837/1478/1837 1834/1475/1834 1839/1479/1839

usemtl material_677
f 1839/1479/1839 1834/1475/1834 1840/1480/1840

usemtl material_143
f 1834/1475/1834 1833/1474/1833 1840/1480/1840

usemtl material_146
f 1840/1480/1840 1833/1474/1833 1832/1473/1832
f 1840/1480/1840 1832/1473/1832 1841/1481/1841

usemtl material_375
f 1841/1481/1841 1832/1473/1832 1842/1482/1842

usemtl material_153
f 1830/1471/1830 268/150/268 267/149/267

usemtl material_375
f 1832/1473/1832 1831/1472/1831 1842/1482/1842

usemtl material_147
f 1842/1482/1842 1831/1472/1831 1830/1471/1830
f 1842/1482/1842 1830/1471/1830 1843/1483/1843

usemtl material_153
f 1843/1483/1843 1830/1471/1830 267/149/267

usemtl material_375
f 1828/1469/1828 1827/1468/1827 1819/1461/1819

usemtl material_146
f 1819/1461/1819 1827/1468/1827 1826/1467/1826
f 1819/1461/1819 1826/1467/1826 1820/1462/1820

usemtl material_143
f 1820/1462/1820 1826/1467/1826 1825/1466/1825

usemtl material_677
f 1820/1462/1820 1825/1466/1825 1821/1463/1821

usemtl material_154
f 1821/1463/1821 1825/1466/1825 2812/2338/2812

usemtl material_145
f 1821/1463/1821 2812/2338/2812 1822/1464/1822

usemtl material_153
f 1817/1459/1817 272/152/272 271/151/271

usemtl material_375
f 1819/1461/1819 1818/1460/1818 1828/1469/1828

usemtl material_147
f 1828/1469/1828 1818/1460/1818 1817/1459/1817
f 1828/1469/1828 1817/1459/1817 1829/1470/1829

usemtl material_153
f 1829/1470/1829 1817/1459/1817 271/151/271

usemtl material_141
vt 3.0592580 -16.3655834
f 1810/1453/1810 1809/1452/1809 2949/2475/2949

usemtl material_142
f 2949/2475/2949 1809/1452/1809 2948/2474/2948

usemtl material_145
f 1837/1478/1837 1836/1477/1836 1824/1465/1824

usemtl material_141
f 1824/1465/1824 1836/1477/1836 2948/2474/2948
f 1824/1465/1824 2948/2474/2948 2812/2338/2812
f 2812/2338/2812 2948/2474/2948 1809/1452/1809

usemtl material_145
f 2812/2338/2812 1809/1452/1809 1822/1464/1822

usemtl material_154
vt 3.0868151 -16.5130024
f 1812/1454/1812 2950/2476/2950 1813/1455/1813

usemtl material_677
vt 3.1071196 -16.6216221
f 1813/1455/1813 2950/2476/2950 2951/2477/2951

usemtl material_146
f 1813/1455/1813 2951/2477/2951 1814/1456/1814

usemtl material_375
f 1814/1456/1814 2951/2477/2951 1815/1457/1815

usemtl material_147
f 1816/1458/1816 2811/2337/2811 279/155/279
f 2811/2337/2811 1804/1447/1804 1803/1446/1803

usemtl material_153
f 279/155/279 2811/2337/2811 277/154/277

usemtl material_147
f 277/154/277 2811/2337/2811 1803/1446/1803

usemtl material_153
f 277/154/277 1803/1446/1803 275/153/275

usemtl material_375
f 1815/1457/1815 2951/2477/2951 2811/2337/2811
f 2811/2337/2811 2951/2477/2951 1805/1448/1805
f 2811/2337/2811 1805/1448/1805 1804/1447/1804

usemtl material_145
f 1795/1439/1795 1808/1451/1808 2950/2476/2950
f 2950/2476/2950 1808/1451/1808 1807/1450/1807

usemtl material_154
f 2950/2476/2950 1807/1450/1807 2951/2477/2951

usemtl material_143
f 2951/2477/2951 1807/1450/1807 1806/1449/1806

usemtl material_146
f 2951/2477/2951 1806/1449/1806 1805/1448/1805

usemtl material_677
vt 1.8588586 -16.6958771
f 2810/2336/2810 1799/1442/1799 2952/2478/2952

usemtl material_145
f 1812/1454/1812 1810/1453/1810 2950/2476/2950

usemtl material_141
f 2950/2476/2950 1810/1453/1810 2949/2475/2949
f 2950/2476/2950 2949/2475/2949 1795/1439/1795

usemtl material_142
vt 1.8422638 -16.5468273
f 1795/1439/1795 2949/2475/2949 2953/2479/2953

usemtl material_141
f 1795/1439/1795 2953/2479/2953 1796/1440/1796
f 1796/1440/1796 2953/2479/2953 2952/2478/2952

usemtl material_145
f 1796/1440/1796 2952/2478/2952 1798/1441/1798

usemtl material_154
f 1798/1441/1798 2952/2478/2952 1799/1442/1799

usemtl material_153
f 2620/2207/2620 20/12/20 19/11/19

usemtl material_375
f 2622/2209/2622 2621/2208/2621 1801/1444/1801

usemtl material_147
f 1801/1444/1801 2621/2208/2621 2620/2207/2620
f 1801/1444/1801 2620/2207/2620 1802/1445/1802

usemtl material_153
f 1802/1445/1802 2620/2207/2620 19/11/19

usemtl material_375
f 1801/1444/1801 1800/1443/1800 2622/2209/2622

usemtl material_146
f 2622/2209/2622 1800/1443/1800 2810/2336/2810

usemtl material_143
f 2622/2209/2622 2810/2336/2810 2623/2210/2623

usemtl material_154
f 2623/2210/2623 2810/2336/2810 2952/2478/2952

usemtl material_145
f 2623/2210/2623 2952/2478/2952 2619/2206/2619

usemtl material_141
f 1788/1433/1788 1787/1432/1787 2631/2211/2631

usemtl material_145
f 2619/2206/2619 2952/2478/2952 1787/1432/1787

usemtl material_141
f 1787/1432/1787 2952/2478/2952 2953/2479/2953

usemtl material_142
f 1787/1432/1787 2953/2479/2953 2631/2211/2631
vt 0.6152080 -16.6376953
f 2631/2211/2631 2953/2479/2953 2954/2480/2954
f 2631/2211/2631 2954/2480/2954 2632/2218/2632

usemtl material_141
f 2631/2211/2631 2630/2217/2630 1788/1433/1788

usemtl material_145
f 1788/1433/1788 2630/2217/2630 2629/2216/2629

usemtl material_154
f 1788/1433/1788 2629/2216/2629 1790/1434/1790

usemtl material_677
f 1790/1434/1790 2629/2216/2629 1791/1435/1791
f 2629/2216/2629 2628/2215/2628 1791/1435/1791

usemtl material_143
f 1791/1435/1791 2628/2215/2628 2627/2214/2627

usemtl material_146
f 1791/1435/1791 2627/2214/2627 1792/1436/1792

usemtl material_375
f 1792/1436/1792 2627/2214/2627 1793/1437/1793

usemtl material_153
f 2625/2212/2625 16/10/16 15/9/15

usemtl material_375
f 2627/2214/2627 2626/2213/2626 1793/1437/1793

usemtl material_148
f 1793/1437/1793 2626/2213/2626 2625/2212/2625
f 1793/1437/1793 2625/2212/2625 1794/1438/1794

usemtl material_147
f 1794/1438/1794 2625/2212/2625 15/9/15

usemtl material_154
vt 0.6207497 -16.7875671
f 2633/2219/2633 2955/2481/2955 2634/2220/2634
vt 0.6248328 -16.8979912
f 2634/2220/2634 2955/2481/2955 2956/2482/2956

usemtl material_143
f 2634/2220/2634 2956/2482/2956 2635/2221/2635

usemtl material_146
f 2635/2221/2635 2956/2482/2956 2636/2222/2636

usemtl material_147
f 2637/2223/2637 2809/2335/2809 5/3/5

usemtl material_143
f 2809/2335/2809 2661/2245/2661 2660/2244/2660

usemtl material_147
f 5/3/5 2809/2335/2809 3/2/3

usemtl material_375
f 3/2/3 2809/2335/2809 2660/2244/2660
f 3/2/3 2660/2244/2660 1/1/1

usemtl material_146
f 2636/2222/2636 2956/2482/2956 2809/2335/2809

usemtl material_143
f 2809/2335/2809 2956/2482/2956 2662/2246/2662
f 2809/2335/2809 2662/2246/2662 2661/2245/2661

usemtl material_141
f 2652/2237/2652 2665/2249/2665 2955/2481/2955
f 2955/2481/2955 2665/2249/2665 2664/2248/2664

usemtl material_145
f 2955/2481/2955 2664/2248/2664 2956/2482/2956

usemtl material_154
f 2956/2482/2956 2664/2248/2664 2663/2247/2663
f 2956/2482/2956 2663/2247/2663 2662/2246/2662

usemtl material_145
f 2633/2219/2633 2632/2218/2632 2955/2481/2955

usemtl material_141
f 2955/2481/2955 2632/2218/2632 2954/2480/2954

usemtl material_142
f 2955/2481/2955 2954/2480/2954 2652/2237/2652

usemtl material_373
vt -0.6152080 -16.6376953
f 2652/2237/2652 2954/2480/2954 2957/2483/2957

usemtl material_142
f 2652/2237/2652 2957/2483/2957 2653/2238/2653

usemtl material_145
vt -0.6248328 -16.8979912
vt -0.6207497 -16.7875671
f 2958/2484/2958 2656/2240/2656 2959/2485/2959
f 2959/2485/2959 2656/2240/2656 2655/2239/2655

usemtl material_141
f 2959/2485/2959 2655/2239/2655 2653/2238/2653

usemtl material_143
vt -0.6273334 -16.9656162
f 10/6/10 2659/2243/2659 2960/2486/2960
f 2960/2486/2960 2659/2243/2659 2658/2242/2658

usemtl material_677
f 2960/2486/2960 2658/2242/2658 2958/2484/2958

usemtl material_154
f 2958/2484/2958 2658/2242/2658 2657/2241/2657
f 2958/2484/2958 2657/2241/2657 2656/2240/2656
f 2960/2486/2960 2647/2232/2647 2646/2231/2646

usemtl material_143
f 10/6/10 2960/2486/2960 8/5/8

usemtl material_677
f 8/5/8 2960/2486/2960 2646/2231/2646
f 8/5/8 2646/2231/2646 6/4/6

usemtl material_154
f 2647/2232/2647 2960/2486/2960 2648/2233/2648
f 2648/2233/2648 2960/2486/2960 2958/2484/2958

usemtl material_145
f 2648/2233/2648 2958/2484/2958 2649/2234/2649
f 2649/2234/2649 2958/2484/2958 2650/2235/2650

usemtl material_141
f 2650/2235/2650 2958/2484/2958 2959/2485/2959

usemtl material_142
f 2650/2235/2650 2959/2485/2959 2651/2236/2651

usemtl material_139
vt -1.8422638 -16.5468273
f 1766/1412/1766 957/653/957 2961/2487/2961

usemtl material_142
f 2653/2238/2653 2957/2483/2957 2959/2485/2959

usemtl material_373
f 2959/2485/2959 2957/2483/2957 2638/2224/2638

usemtl material_142
f 2959/2485/2959 2638/2224/2638 2651/2236/2651

usemtl material_145
f 12/8/12 11/7/11 951/654/951

usemtl material_154
f 951/654/951 11/7/11 2645/2230/2645

usemtl material_145
f 951/654/951 2645/2230/2645 952/655/952
f 952/655/952 2645/2230/2645 2644/2229/2644
f 952/655/952 2644/2229/2644 953/656/953
f 953/656/953 2644/2229/2644 2643/2228/2643

usemtl material_141
f 953/656/953 2643/2228/2643 954/657/954
f 954/657/954 2643/2228/2643 2642/2227/2642

usemtl material_142
f 954/657/954 2642/2227/2642 955/658/955
f 955/658/955 2642/2227/2642 2641/2226/2641
f 955/658/955 2641/2226/2641 956/659/956
f 956/659/956 2641/2226/2641 2639/2225/2639

usemtl material_373
f 956/659/956 2639/2225/2639 957/653/957
f 957/653/957 2639/2225/2639 2638/2224/2638

usemtl material_139
f 957/653/957 2638/2224/2638 2961/2487/2961
f 2961/2487/2961 2638/2224/2638 2957/2483/2957

usemtl material_142
vt -1.9030141 -16.7869587
f 2962/2488/2962 1762/1408/1762 1768/1414/1768
f 1768/1414/1768 1762/1408/1762 1761/1407/1761
f 290/162/290 289/161/289 1760/1406/1760

usemtl material_141
f 1760/1406/1760 289/161/289 1770/1416/1770

usemtl material_142
f 1760/1406/1760 1770/1416/1770 1761/1407/1761

usemtl material_141
f 1761/1407/1761 1770/1416/1770 1769/1415/1769

usemtl material_142
f 1761/1407/1761 1769/1415/1769 1768/1414/1768

usemtl material_139
vt -1.8588586 -16.6958771
f 1752/1399/1752 1765/1411/1765 2963/2489/2963
f 2963/2489/2963 1765/1411/1765 1764/1410/1764

usemtl material_373
f 2963/2489/2963 1764/1410/1764 2962/2488/2962
f 2962/2488/2962 1764/1410/1764 1763/1409/1763

usemtl material_142
f 2962/2488/2962 1763/1409/1763 1762/1408/1762
f 1768/1414/1768 1767/1413/1767 2962/2488/2962
f 2962/2488/2962 1767/1413/1767 1766/1412/1766
f 2962/2488/2962 1766/1412/1766 2963/2489/2963

usemtl material_139
f 2963/2489/2963 1766/1412/1766 2961/2487/2961

usemtl material_144
f 2963/2489/2963 2961/2487/2961 1752/1399/1752

usemtl material_678
vt -3.0592580 -16.3655834
f 1752/1399/1752 2961/2487/2961 2964/2490/2964

usemtl material_144
f 1752/1399/1752 2964/2490/2964 1753/1400/1753

usemtl material_139
vt -3.0868151 -16.5130024
f 1755/1401/1755 2965/2491/2965 1756/1402/1756
vt -3.1071196 -16.6216221
f 1756/1402/1756 2965/2491/2965 2966/2492/2966

usemtl material_373
f 1756/1402/1756 2966/2492/2966 1757/1403/1757
f 1757/1403/1757 2966/2492/2966 1758/1404/1758

usemtl material_142
f 1759/1405/1759 2808/2334/2808 297/165/297

usemtl material_373
f 2808/2334/2808 1747/1394/1747 1746/1393/1746

usemtl material_142
f 297/165/297 2808/2334/2808 295/164/295
f 295/164/295 2808/2334/2808 1746/1393/1746

usemtl material_373
f 295/164/295 1746/1393/1746 293/163/293

usemtl material_142
f 1758/1404/1758 2966/2492/2966 2808/2334/2808

usemtl material_373
f 2808/2334/2808 2966/2492/2966 1748/1395/1748

usemtl material_139
f 2808/2334/2808 1748/1395/1748 1747/1394/1747

usemtl material_678
f 1738/1386/1738 1751/1398/1751 2965/2491/2965
f 2965/2491/2965 1751/1398/1751 1750/1397/1750

usemtl material_144
f 2965/2491/2965 1750/1397/1750 2966/2492/2966
f 2966/2492/2966 1750/1397/1750 1749/1396/1749

usemtl material_139
f 2966/2492/2966 1749/1396/1749 1748/1395/1748

usemtl material_144
f 1755/1401/1755 1753/1400/1753 2965/2491/2965

usemtl material_678
f 2965/2491/2965 1753/1400/1753 2964/2490/2964
f 2965/2491/2965 2964/2490/2964 1738/1386/1738

usemtl material_133
vt -4.2595434 -16.0949593
f 1738/1386/1738 2964/2490/2964 2967/2493/2967
f 1738/1386/1738 2967/2493/2967 1739/1387/1739

usemtl material_144
f 299/167/299 298/166/298 1733/1381/1733
f 1733/1381/1733 298/166/298 1745/1392/1745
f 1733/1381/1733 1745/1392/1745 1734/1382/1734
f 1734/1382/1734 1745/1392/1745 1744/1391/1744

usemtl material_678
f 1734/1382/1734 1744/1391/1744 1735/1383/1735

usemtl material_144
f 1735/1383/1735 1744/1391/1744 1743/1390/1743

usemtl material_678
f 1735/1383/1735 1743/1390/1743 1736/1384/1736

usemtl material_144
f 1736/1384/1736 1743/1390/1743 1742/1389/1742

usemtl material_678
f 1736/1384/1736 1742/1389/1742 1737/1385/1737
f 1737/1385/1737 1742/1389/1742 1741/1388/1741

usemtl material_138
f 1737/1385/1737 1741/1388/1741 2807/2333/2807

usemtl material_379
vt -5.4365649 -15.7364292
f 1712/1362/1712 1711/1361/1711 2968/2494/2968
f 2968/2494/2968 1711/1361/1711 2967/2493/2967

usemtl material_138
f 1741/1388/1741 1739/1387/1739 2807/2333/2807

usemtl material_133
f 2807/2333/2807 1739/1387/1739 2967/2493/2967

usemtl material_135
f 2807/2333/2807 2967/2493/2967 1725/1374/1725

usemtl material_155
f 1725/1374/1725 2967/2493/2967 1711/1361/1711
f 1725/1374/1725 1711/1361/1711 1724/1373/1724

usemtl material_133
f 303/169/303 302/168/302 1719/1368/1719

usemtl material_138
f 1719/1368/1719 302/168/302 1732/1380/1732

usemtl material_133
f 1719/1368/1719 1732/1380/1732 1720/1369/1720

usemtl material_138
f 1720/1369/1720 1732/1380/1732 1731/1379/1731

usemtl material_133
f 1720/1369/1720 1731/1379/1731 1721/1370/1721

usemtl material_138
f 1721/1370/1721 1731/1379/1731 1730/1378/1730

usemtl material_133
f 1721/1370/1721 1730/1378/1730 1722/1371/1722
f 1722/1371/1722 1730/1378/1730 1729/1377/1729

usemtl material_671
f 1722/1371/1722 1729/1377/1729 1723/1372/1723

usemtl material_133
f 1723/1372/1723 1729/1377/1729 1728/1376/1728

usemtl material_135
f 1723/1372/1723 1728/1376/1728 1724/1373/1724

usemtl material_671
f 1724/1373/1724 1728/1376/1728 1726/1375/1726

usemtl material_135
f 1724/1373/1724 1726/1375/1726 1725/1374/1725

usemtl material_155
vt -5.4855361 -15.8781805
f 1714/1363/1714 2969/2495/2969 1715/1364/1715

usemtl material_135
vt -5.5216193 -15.9826221
f 1715/1364/1715 2969/2495/2969 2970/2496/2970
f 1715/1364/1715 2970/2496/2970 1716/1365/1716
f 1716/1365/1716 2970/2496/2970 1717/1366/1717

usemtl material_671
f 1718/1367/1718 2806/2332/2806 310/172/310

usemtl material_155
f 2806/2332/2806 1706/1356/1706 1705/1355/1705

usemtl material_133
f 310/172/310 2806/2332/2806 308/171/308

usemtl material_135
f 308/171/308 2806/2332/2806 1705/1355/1705

usemtl material_155
f 308/171/308 1705/1355/1705 306/170/306

usemtl material_671
f 1717/1366/1717 2970/2496/2970 2806/2332/2806

usemtl material_135
f 2806/2332/2806 2970/2496/2970 1707/1357/1707

usemtl material_155
f 2806/2332/2806 1707/1357/1707 1706/1356/1706

usemtl material_670
f 1697/1348/1697 1710/1360/1710 2969/2495/2969
f 2969/2495/2969 1710/1360/1710 1709/1359/1709

usemtl material_379
f 2969/2495/2969 1709/1359/1709 2970/2496/2970
f 2970/2496/2970 1709/1359/1709 1708/1358/1708
f 2970/2496/2970 1708/1358/1708 1707/1357/1707

usemtl material_155
f 1714/1363/1714 1712/1362/1712 2969/2495/2969

usemtl material_379
f 2969/2495/2969 1712/1362/1712 2968/2494/2968

usemtl material_670
f 2969/2495/2969 2968/2494/2968 1697/1348/1697

usemtl material_140
vt -6.5838938 -15.2919502
f 1697/1348/1697 2968/2494/2968 2971/2497/2971
f 1697/1348/1697 2971/2497/2971 1698/1349/1698

usemtl material_156
vt -6.6868973 -15.5311918
vt -6.6431999 -15.4296980
f 2972/2498/2972 1701/1351/1701 2973/2499/2973
f 2973/2499/2973 1701/1351/1701 1700/1350/1700
f 2973/2499/2973 1700/1350/1700 1698/1349/1698

usemtl material_670
vt -6.7136588 -15.5933485
f 315/175/315 1704/1354/1704 2974/2500/2974
f 2974/2500/2974 1704/1354/1704 1703/1353/1703

usemtl material_156
f 2974/2500/2974 1703/1353/1703 2972/2498/2972

usemtl material_670
f 2972/2498/2972 1703/1353/1703 1702/1352/1702
f 2972/2498/2972 1702/1352/1702 1701/1351/1701

usemtl material_140
f 2974/2500/2974 1692/1343/1692 1691/1342/1691

usemtl material_156
f 315/175/315 2974/2500/2974 313/174/313

usemtl material_140
f 313/174/313 2974/2500/2974 1691/1342/1691
f 313/174/313 1691/1342/1691 311/173/311
f 1692/1343/1692 2974/2500/2974 1693/1344/1693
f 1693/1344/1693 2974/2500/2974 2972/2498/2972
f 1693/1344/1693 2972/2498/2972 1694/1345/1694
f 1694/1345/1694 2972/2498/2972 1695/1346/1695
f 1695/1346/1695 2972/2498/2972 2973/2499/2973

usemtl material_370
f 1695/1346/1695 2973/2499/2973 1696/1347/1696

usemtl material_680
vt -7.6952634 -14.7639542
f 1670/1323/1670 1669/1322/1669 2975/2501/2975

usemtl material_1063
f 1698/1349/1698 2971/2497/2971 2973/2499/2973

usemtl material_370
f 2973/2499/2973 2971/2497/2971 1683/1335/1683
f 2973/2499/2973 1683/1335/1683 1696/1347/1696

usemtl material_131
f 317/177/317 316/176/316 1677/1329/1677

usemtl material_370
f 1677/1329/1677 316/176/316 1690/1341/1690

usemtl material_131
f 1677/1329/1677 1690/1341/1690 1678/1330/1678

usemtl material_370
f 1678/1330/1678 1690/1341/1690 1689/1340/1689

usemtl material_131
f 1678/1330/1678 1689/1340/1689 1679/1331/1679

usemtl material_370
f 1679/1331/1679 1689/1340/1689 1688/1339/1688

usemtl material_131
f 1679/1331/1679 1688/1339/1688 1680/1332/1680

usemtl material_370
f 1680/1332/1680 1688/1339/1688 1687/1338/1687

usemtl material_378
f 1680/1332/1680 1687/1338/1687 1681/1333/1681

usemtl material_131
f 1681/1333/1681 1687/1338/1687 1686/1337/1686

usemtl material_378
f 1681/1333/1681 1686/1337/1686 1682/1334/1682

usemtl material_131
f 1682/1334/1682 1686/1337/1686 1684/1336/1684

usemtl material_378
f 1682/1334/1682 1684/1336/1684 1669/1322/1669

usemtl material_131
f 1669/1322/1669 1684/1336/1684 1683/1335/1683

usemtl material_157
f 1669/1322/1669 1683/1335/1683 2975/2501/2975

usemtl material_669
f 2975/2501/2975 1683/1335/1683 2971/2497/2971

usemtl material_157
vt -7.7645807 -14.8969450
f 1672/1324/1672 2976/2502/2976 1673/1325/1673

usemtl material_669
vt -7.8156543 -14.9949341
f 1673/1325/1673 2976/2502/2976 2977/2503/2977

usemtl material_378
f 1673/1325/1673 2977/2503/2977 1674/1326/1674
f 1674/1326/1674 2977/2503/2977 1675/1327/1675
f 1676/1328/1676 2805/2331/2805 321/178/321

usemtl material_680
f 2805/2331/2805 1664/1317/1664 1663/1316/1663

usemtl material_378
f 321/178/321 2805/2331/2805 323/180/323

usemtl material_157
f 323/180/323 2805/2331/2805 1663/1316/1663

usemtl material_668
f 323/180/323 1663/1316/1663 324/179/324

usemtl material_378
f 1675/1327/1675 2977/2503/2977 2805/2331/2805

usemtl material_157
f 2805/2331/2805 2977/2503/2977 1665/1318/1665

usemtl material_680
f 2805/2331/2805 1665/1318/1665 1664/1317/1664

usemtl material_667
f 1655/1309/1655 1668/1321/1668 2976/2502/2976

usemtl material_668
f 2976/2502/2976 1668/1321/1668 1667/1320/1667

usemtl material_680
f 2976/2502/2976 1667/1320/1667 2977/2503/2977
f 2977/2503/2977 1667/1320/1667 1666/1319/1666
f 2977/2503/2977 1666/1319/1666 1665/1318/1665

usemtl material_666
vt -8.8435545 -14.2828302
vt -8.9017258 -14.3767796
f 2978/2504/2978 2979/2505/2979 1659/1312/1659

usemtl material_157
f 1672/1324/1672 1670/1323/1670 2976/2502/2976

usemtl material_680
f 2976/2502/2976 1670/1323/1670 2975/2501/2975

usemtl material_668
f 2976/2502/2976 2975/2501/2975 1655/1309/1655

usemtl material_158
vt -8.7646046 -14.1553221
f 1655/1309/1655 2975/2501/2975 2980/2506/2980

usemtl material_134
f 1655/1309/1655 2980/2506/2980 1656/1310/1656
f 1656/1310/1656 2980/2506/2980 2978/2504/2978

usemtl material_666
f 1656/1310/1656 2978/2504/2978 1658/1311/1658
f 1658/1311/1658 2978/2504/2978 1659/1312/1659
vt -8.9373503 -14.4343166
f 329/183/329 1662/1315/1662 2981/2507/2981
f 2981/2507/2981 1662/1315/1662 1661/1314/1661
f 2981/2507/2981 1661/1314/1661 2979/2505/2979
f 2979/2505/2979 1661/1314/1661 1660/1313/1660
f 2979/2505/2979 1660/1313/1660 1659/1312/1659

usemtl material_134
f 2981/2507/2981 1650/1304/1650 1649/1303/1649

usemtl material_158
f 329/183/329 2981/2507/2981 327/182/327

usemtl material_134
f 327/182/327 2981/2507/2981 1649/1303/1649

usemtl material_129
f 327/182/327 1649/1303/1649 325/181/325

usemtl material_134
f 1650/1304/1650 2981/2507/2981 1651/1305/1651
f 1651/1305/1651 2981/2507/2981 2979/2505/2979
f 1651/1305/1651 2979/2505/2979 1652/1306/1652
f 1652/1306/1652 2979/2505/2979 1653/1307/1653
f 1653/1307/1653 2979/2505/2979 2978/2504/2978

usemtl material_129
f 1653/1307/1653 2978/2504/2978 1654/1308/1654
f 1654/1308/1654 2978/2504/2978 1641/1296/1641
f 1641/1296/1641 2978/2504/2978 2980/2506/2980

usemtl material_372
vt -9.7860756 -13.4693775
f 1641/1296/1641 2980/2506/2980 2982/2508/2982
f 331/185/331 330/184/330 1635/1290/1635

usemtl material_371
f 1635/1290/1635 330/184/330 1648/1302/1648

usemtl material_372
f 1635/1290/1635 1648/1302/1648 1636/1291/1636

usemtl material_371
f 1636/1291/1636 1648/1302/1648 1647/1301/1647

usemtl material_372
f 1636/1291/1636 1647/1301/1647 1637/1292/1637

usemtl material_371
f 1637/1292/1637 1647/1301/1647 1646/1300/1646

usemtl material_372
f 1637/1292/1637 1646/1300/1646 1638/1293/1638

usemtl material_382
f 1638/1293/1638 1646/1300/1646 1645/1299/1645

usemtl material_381
f 1638/1293/1638 1645/1299/1645 1639/1294/1639

usemtl material_382
f 1639/1294/1639 1645/1299/1645 1644/1298/1644

usemtl material_372
f 1639/1294/1639 1644/1298/1644 1640/1295/1640

usemtl material_159
f 1640/1295/1640 1644/1298/1644 1642/1297/1642

usemtl material_372
f 1640/1295/1640 1642/1297/1642 1626/1282/1626

usemtl material_686
vt -10.7540989 -12.7098694
f 1613/1270/1613 1612/1269/1612 2983/2509/2983

usemtl material_161
f 2983/2509/2983 1612/1269/1612 2982/2508/2982

usemtl material_159
f 1642/1297/1642 1641/1296/1641 1626/1282/1626

usemtl material_126
f 1626/1282/1626 1641/1296/1641 2982/2508/2982

usemtl material_160
f 1626/1282/1626 2982/2508/2982 1627/1283/1627

usemtl material_132
f 1627/1283/1627 2982/2508/2982 1612/1269/1612

usemtl material_128
f 1627/1283/1627 1612/1269/1612 1625/1281/1625

usemtl material_963
f 335/187/335 334/186/334 1620/1276/1620

usemtl material_132
f 1620/1276/1620 334/186/334 1634/1289/1634

usemtl material_380
f 1620/1276/1620 1634/1289/1634 1621/1277/1621

usemtl material_160
f 1621/1277/1621 1634/1289/1634 1633/1288/1633

usemtl material_1064
f 1621/1277/1621 1633/1288/1633 1622/1278/1622

usemtl material_663
f 1622/1278/1622 1633/1288/1633 1632/1287/1632

usemtl material_1064
f 1622/1278/1622 1632/1287/1632 1623/1279/1623

usemtl material_160
f 1623/1279/1623 1632/1287/1632 1631/1286/1631

usemtl material_380
f 1623/1279/1623 1631/1286/1631 1624/1280/1624

usemtl material_160
f 1624/1280/1624 1631/1286/1631 1630/1285/1630

usemtl material_380
f 1624/1280/1624 1630/1285/1630 1625/1281/1625

usemtl material_132
f 1625/1281/1625 1630/1285/1630 1629/1284/1629
f 1625/1281/1625 1629/1284/1629 1627/1283/1627

usemtl material_161
vt -10.8509693 -12.8243561
f 1615/1271/1615 2984/2510/2984 1616/1272/1616
vt -10.9223452 -12.9087133
f 1616/1272/1616 2984/2510/2984 2985/2511/2985
f 1616/1272/1616 2985/2511/2985 1617/1273/1617
f 1617/1273/1617 2985/2511/2985 1618/1274/1618
f 1619/1275/1619 2804/2330/2804 342/190/342

usemtl material_950
f 2804/2330/2804 1607/1264/1607 1606/1263/1606

usemtl material_686
f 342/190/342 2804/2330/2804 340/189/340

usemtl material_384
f 340/189/340 2804/2330/2804 1606/1263/1606

usemtl material_950
f 340/189/340 1606/1263/1606 338/188/338

usemtl material_161
f 1618/1274/1618 2985/2511/2985 2804/2330/2804

usemtl material_685
f 2804/2330/2804 2985/2511/2985 1608/1265/1608

usemtl material_950
f 2804/2330/2804 1608/1265/1608 1607/1264/1607
f 1598/1256/1598 1611/1268/1611 2984/2510/2984

usemtl material_664
f 2984/2510/2984 1611/1268/1611 1610/1267/1610

usemtl material_665
f 2984/2510/2984 1610/1267/1610 2985/2511/2985

usemtl material_664
f 2985/2511/2985 1610/1267/1610 1609/1266/1609

usemtl material_950
f 2985/2511/2985 1609/1266/1609 1608/1265/1608

usemtl material_161
f 1615/1271/1615 1613/1270/1613 2984/2510/2984

usemtl material_685
f 2984/2510/2984 1613/1270/1613 2983/2509/2983

usemtl material_950
f 2984/2510/2984 2983/2509/2983 1598/1256/1598

usemtl material_368
vt -11.6633873 -11.8809423
f 1598/1256/1598 2983/2509/2983 2986/2512/2986

usemtl material_687
f 1598/1256/1598 2986/2512/2986 1599/1257/1599

usemtl material_368
vt -11.7684488 -11.9879646
f 1601/1258/1601 2987/2513/2987 1602/1259/1602

usemtl material_687
vt -11.8458595 -12.0668192
f 1602/1259/1602 2987/2513/2987 2988/2514/2988

usemtl material_368
f 1602/1259/1602 2988/2514/2988 1603/1260/1603
f 1603/1260/1603 2988/2514/2988 1604/1261/1604
f 1605/1262/1605 2803/2329/2803 347/193/347

usemtl material_165
f 2803/2329/2803 1593/1251/1593 1592/1250/1592

usemtl material_162
f 347/193/347 2803/2329/2803 345/192/345

usemtl material_165
f 345/192/345 2803/2329/2803 1592/1250/1592

usemtl material_369
f 345/192/345 1592/1250/1592 343/191/343

usemtl material_162
f 1604/1261/1604 2988/2514/2988 2803/2329/2803

usemtl material_165
f 2803/2329/2803 2988/2514/2988 1594/1252/1594
f 2803/2329/2803 1594/1252/1594 1593/1251/1593
f 1584/1243/1584 1597/1255/1597 2987/2513/2987
f 2987/2513/2987 1597/1255/1597 1596/1254/1596

usemtl material_689
f 2987/2513/2987 1596/1254/1596 2988/2514/2988

usemtl material_688
f 2988/2514/2988 1596/1254/1596 1595/1253/1595
f 2988/2514/2988 1595/1253/1595 1594/1252/1594

usemtl material_366
vt -12.5089741 -10.9871273
f 1571/1231/1571 1570/1230/1570 2989/2515/2989

usemtl material_127
f 2989/2515/2989 1570/1230/1570 2986/2512/2986
f 349/195/349 348/194/348 1578/1237/1578

usemtl material_363
f 1578/1237/1578 348/194/348 1591/1249/1591

usemtl material_364
f 1578/1237/1578 1591/1249/1591 1579/1238/1579

usemtl material_363
f 1579/1238/1579 1591/1249/1591 1590/1248/1590

usemtl material_364
f 1579/1238/1579 1590/1248/1590 1580/1239/1580

usemtl material_363
f 1580/1239/1580 1590/1248/1590 1589/1247/1589

usemtl material_364
f 1580/1239/1580 1589/1247/1589 1581/1240/1581

usemtl material_363
f 1581/1240/1581 1589/1247/1589 1588/1246/1588

usemtl material_364
f 1581/1240/1581 1588/1246/1588 1582/1241/1582

usemtl material_363
f 1582/1241/1582 1588/1246/1588 1587/1245/1587

usemtl material_364
f 1582/1241/1582 1587/1245/1587 1583/1242/1583

usemtl material_363
f 1583/1242/1583 1587/1245/1587 1585/1244/1585

usemtl material_364
f 1583/1242/1583 1585/1244/1585 1570/1230/1570

usemtl material_363
f 1570/1230/1570 1585/1244/1585 1584/1243/1584
f 1570/1230/1570 1584/1243/1584 2986/2512/2986

usemtl material_165
f 2986/2512/2986 1584/1243/1584 2987/2513/2987

usemtl material_162
f 2986/2512/2986 2987/2513/2987 1599/1257/1599

usemtl material_368
f 1599/1257/1599 2987/2513/2987 1601/1258/1601

usemtl material_365
vt -12.6216536 -11.0860968
f 1573/1232/1573 2990/2516/2990 1574/1233/1574
vt -12.7046757 -11.1590195
f 1574/1233/1574 2990/2516/2990 2991/2517/2991
f 1574/1233/1574 2991/2517/2991 1575/1234/1575
f 1575/1234/1575 2991/2517/2991 1576/1235/1576

usemtl material_366
f 1577/1236/1577 2802/2328/2802 356/198/356

usemtl material_388
f 2802/2328/2802 1565/1225/1565 1564/1224/1564

usemtl material_366
f 356/198/356 2802/2328/2802 354/197/354

usemtl material_168
f 354/197/354 2802/2328/2802 1564/1224/1564

usemtl material_655
f 354/197/354 1564/1224/1564 352/196/352

usemtl material_365
f 1576/1235/1576 2991/2517/2991 2802/2328/2802

usemtl material_366
f 2802/2328/2802 2991/2517/2991 1566/1226/1566

usemtl material_388
f 2802/2328/2802 1566/1226/1566 1565/1225/1565
f 1556/1217/1556 1569/1229/1569 2990/2516/2990

usemtl material_692
f 2990/2516/2990 1569/1229/1569 1568/1228/1568

usemtl material_660
f 2990/2516/2990 1568/1228/1568 2991/2517/2991

usemtl material_692
f 2991/2517/2991 1568/1228/1568 1567/1227/1567

usemtl material_388
f 2991/2517/2991 1567/1227/1567 1566/1226/1566

usemtl material_946
vt -13.4059219 -10.1236820
vt -13.4941034 -10.1902733
f 2992/2518/2992 2993/2519/2993 1560/1220/1560

usemtl material_365
f 1573/1232/1573 1571/1231/1571 2990/2516/2990

usemtl material_366
f 2990/2516/2990 1571/1231/1571 2989/2515/2989

usemtl material_168
f 2990/2516/2990 2989/2515/2989 1556/1217/1556

usemtl material_166
vt -13.2862425 -10.0333042
f 1556/1217/1556 2989/2515/2989 2994/2520/2994

usemtl material_819
f 1556/1217/1556 2994/2520/2994 1557/1218/1557

usemtl material_946
f 1557/1218/1557 2994/2520/2994 2992/2518/2992

usemtl material_164
f 1557/1218/1557 2992/2518/2992 1559/1219/1559
f 1559/1219/1559 2992/2518/2992 1560/1220/1560

usemtl material_946
vt -13.5481071 -10.2310553
f 361/201/361 1563/1223/1563 2995/2521/2995

usemtl material_1056
f 2995/2521/2995 1563/1223/1563 1562/1222/1562

usemtl material_946
f 2995/2521/2995 1562/1222/1562 2993/2519/2993

usemtl material_819
f 2993/2519/2993 1562/1222/1562 1561/1221/1561

usemtl material_166
f 2993/2519/2993 1561/1221/1561 1560/1220/1560

usemtl material_652
f 2995/2521/2995 1551/1212/1551 1550/1211/1550

usemtl material_1065
f 361/201/361 2995/2521/2995 359/200/359

usemtl material_845
f 359/200/359 2995/2521/2995 1550/1211/1550

usemtl material_357
f 359/200/359 1550/1211/1550 357/199/357

usemtl material_845
f 1551/1212/1551 2995/2521/2995 1552/1213/1552
f 1552/1213/1552 2995/2521/2995 2993/2519/2993

usemtl material_367
f 1552/1213/1552 2993/2519/2993 1553/1214/1553
f 1553/1214/1553 2993/2519/2993 1554/1215/1554

usemtl material_1065
f 1554/1215/1554 2993/2519/2993 2992/2518/2992

usemtl material_845
f 1554/1215/1554 2992/2518/2992 1555/1216/1555
f 1555/1216/1555 2992/2518/2992 1542/1204/1542
f 1542/1204/1542 2992/2518/2992 2994/2520/2994

usemtl material_122
vt -13.9909439 -9.0246820
f 1542/1204/1542 2994/2520/2994 2996/2522/2996

usemtl material_390
f 363/203/363 362/202/362 1536/1198/1536

usemtl material_167
f 1536/1198/1536 362/202/362 1549/1210/1549

usemtl material_358
f 1536/1198/1536 1549/1210/1549 1537/1199/1537

usemtl material_167
f 1537/1199/1537 1549/1210/1549 1548/1209/1548

usemtl material_358
f 1537/1199/1537 1548/1209/1548 1538/1200/1538

usemtl material_386
f 1538/1200/1538 1548/1209/1548 1547/1208/1547

usemtl material_385
f 1538/1200/1538 1547/1208/1547 1539/1201/1539

usemtl material_386
f 1539/1201/1539 1547/1208/1547 1546/1207/1546

usemtl material_385
f 1539/1201/1539 1546/1207/1546 1540/1202/1540

usemtl material_944
f 1540/1202/1540 1546/1207/1546 1545/1206/1545

usemtl material_1054
f 1540/1202/1540 1545/1206/1545 1541/1203/1541

usemtl material_944
f 1541/1203/1541 1545/1206/1545 1543/1205/1543

usemtl material_385
f 1541/1203/1541 1543/1205/1543 1530/1192/1530

usemtl material_948
f 1526/1189/1526 1531/1193/1531 1527/1190/1527

usemtl material_947
f 1527/1190/1527 1531/1193/1531 2801/2327/2801

usemtl material_948
f 1527/1190/1527 2801/2327/2801 1528/1191/1528

usemtl material_941
f 367/205/367 366/204/366 1523/1186/1523

usemtl material_948
f 1523/1186/1523 366/204/366 1535/1197/1535

usemtl material_1052
f 1523/1186/1523 1535/1197/1535 1524/1187/1524

usemtl material_389
f 1524/1187/1524 1535/1197/1535 1534/1196/1534

usemtl material_1052
f 1524/1187/1524 1534/1196/1534 1525/1188/1525

usemtl material_847
f 1525/1188/1525 1534/1196/1534 1533/1195/1533

usemtl material_360
f 1525/1188/1525 1533/1195/1533 1526/1189/1526

usemtl material_947
f 1526/1189/1526 1533/1195/1533 1532/1194/1532
f 1526/1189/1526 1532/1194/1532 1531/1193/1531

usemtl material_361
vt -14.6192331 -7.9667706
f 1516/1180/1516 1515/1179/1515 2997/2523/2997

usemtl material_941
f 2997/2523/2997 1515/1179/1515 2996/2522/2996

usemtl material_944
f 1543/1205/1543 1542/1204/1542 1530/1192/1530

usemtl material_943
f 1530/1192/1530 1542/1204/1542 2996/2522/2996

usemtl material_1055
f 1530/1192/1530 2996/2522/2996 2801/2327/2801

usemtl material_847
f 2801/2327/2801 2996/2522/2996 1515/1179/1515

usemtl material_948
f 2801/2327/2801 1515/1179/1515 1528/1191/1528

usemtl material_1051
vt -14.7509203 -8.0385342
f 1518/1181/1518 2998/2524/2998 1519/1182/1519

usemtl material_949
vt -14.8479490 -8.0914097
f 1519/1182/1519 2998/2524/2998 2999/2525/2999

usemtl material_1051
f 1519/1182/1519 2999/2525/2999 1520/1183/1520
f 1520/1183/1520 2999/2525/2999 1521/1184/1521

usemtl material_362
f 1522/1185/1522 2800/2326/2800 374/208/374

usemtl material_351
f 2800/2326/2800 1510/1174/1510 1509/1173/1509

usemtl material_1050
f 374/208/374 2800/2326/2800 372/207/372

usemtl material_1047
f 372/207/372 2800/2326/2800 1509/1173/1509

usemtl material_1048
f 372/207/372 1509/1173/1509 370/206/370

usemtl material_362
f 1521/1184/1521 2999/2525/2999 2800/2326/2800

usemtl material_350
f 2800/2326/2800 2999/2525/2999 1511/1175/1511

usemtl material_940
f 2800/2326/2800 1511/1175/1511 1510/1174/1510
f 1501/1166/1501 1514/1178/1514 2998/2524/2998

usemtl material_350
f 2998/2524/2998 1514/1178/1514 1513/1177/1513

usemtl material_362
f 2998/2524/2998 1513/1177/1513 2999/2525/2999

usemtl material_940
f 2999/2525/2999 1513/1177/1513 1512/1176/1512
f 2999/2525/2999 1512/1176/1512 1511/1175/1511

usemtl material_1051
f 1518/1181/1518 1516/1180/1516 2998/2524/2998

usemtl material_949
f 2998/2524/2998 1516/1180/1516 2997/2523/2997

usemtl material_350
f 2998/2524/2998 2997/2523/2997 1501/1166/1501

usemtl material_1066
vt -15.1676769 -6.8653479
f 1501/1166/1501 2997/2523/2997 3000/2526/3000

usemtl material_1045
f 1501/1166/1501 3000/2526/3000 1502/1167/1502

usemtl material_938
vt -15.3043051 -6.9271894
f 1504/1168/1504 3001/2527/3001 1505/1169/1505

usemtl material_1046
vt -15.3762054 -6.9995508
f 1505/1169/1505 3001/2527/3001 3002/2528/3002

usemtl material_1045
f 1505/1169/1505 3002/2528/3002 1506/1170/1506

usemtl material_393
f 376/210/376 375/209/375 1497/1162/1497

usemtl material_1067
f 1497/1162/1497 375/209/375 1508/1172/1508

usemtl material_393
f 1497/1162/1497 1508/1172/1508 1498/1163/1498

usemtl material_1046
f 1498/1163/1498 1508/1172/1508 1507/1171/1507

usemtl material_393
f 1498/1163/1498 1507/1171/1507 1499/1164/1499

usemtl material_945
f 1488/1154/1488 1496/1161/1496 3001/2527/3001
f 3001/2527/3001 1496/1161/1496 1500/1165/1500

usemtl material_934
f 3001/2527/3001 1500/1165/1500 3002/2528/3002

usemtl material_945
f 3002/2528/3002 1500/1165/1500 1499/1164/1499

usemtl material_1068
f 3002/2528/3002 1499/1164/1499 1506/1170/1506

usemtl material_1046
f 1506/1170/1506 1499/1164/1499 1507/1171/1507

usemtl material_345
vt -15.6332798 -5.7264285
f 1475/1142/1475 1474/1141/1474 3003/2529/3003

usemtl material_356
f 3003/2529/3003 1474/1141/1474 3000/2526/3000

usemtl material_344
f 380/212/380 379/211/379 1482/1148/1482

usemtl material_356
f 1482/1148/1482 379/211/379 1495/1160/1495

usemtl material_344
f 1482/1148/1482 1495/1160/1495 1483/1149/1483

usemtl material_391
f 1483/1149/1483 1495/1160/1495 1494/1159/1494

usemtl material_356
f 1483/1149/1483 1494/1159/1494 1484/1150/1484

usemtl material_933
f 1484/1150/1484 1494/1159/1494 1493/1158/1493

usemtl material_356
f 1484/1150/1484 1493/1158/1493 1485/1151/1485

usemtl material_933
f 1485/1151/1485 1493/1158/1493 1492/1157/1492

usemtl material_356
f 1485/1151/1485 1492/1157/1492 1486/1152/1486

usemtl material_933
f 1486/1152/1486 1492/1157/1492 1491/1156/1491

usemtl material_356
f 1486/1152/1486 1491/1156/1491 1487/1153/1487

usemtl material_355
f 1487/1153/1487 1491/1156/1491 1489/1155/1489

usemtl material_391
f 1487/1153/1487 1489/1155/1489 1474/1141/1474

usemtl material_355
f 1474/1141/1474 1489/1155/1489 1488/1154/1488
f 1474/1141/1474 1488/1154/1488 3000/2526/3000

usemtl material_945
f 3000/2526/3000 1488/1154/1488 3001/2527/3001

usemtl material_1046
f 3000/2526/3000 3001/2527/3001 1502/1167/1502

usemtl material_938
f 1502/1167/1502 3001/2527/3001 1504/1168/1504

usemtl material_932
vt -15.7741013 -5.7780108
f 1477/1143/1477 3004/2530/3004 1478/1144/1478

usemtl material_346
vt -15.8778601 -5.8160176
f 1478/1144/1478 3004/2530/3004 3005/2531/3005
f 1478/1144/1478 3005/2531/3005 1479/1145/1479

usemtl material_347
f 1479/1145/1479 3005/2531/3005 1480/1146/1480

usemtl material_1040
f 1481/1147/1481 2799/2325/2799 387/215/387

usemtl material_629
f 2799/2325/2799 1469/1136/1469 1468/1135/1468

usemtl material_1040
f 387/215/387 2799/2325/2799 385/214/385

usemtl material_628
f 385/214/385 2799/2325/2799 1468/1135/1468

usemtl material_348
f 385/214/385 1468/1135/1468 383/213/383

usemtl material_931
f 1480/1146/1480 3005/2531/3005 2799/2325/2799

usemtl material_395
f 2799/2325/2799 3005/2531/3005 1470/1137/1470

usemtl material_629
f 2799/2325/2799 1470/1137/1470 1469/1136/1469

usemtl material_395
f 1460/1128/1460 1473/1140/1473 3004/2530/3004
f 3004/2530/3004 1473/1140/1473 1472/1139/1472

usemtl material_1040
f 3004/2530/3004 1472/1139/1472 3005/2531/3005

usemtl material_628
f 3005/2531/3005 1472/1139/1472 1471/1138/1471
f 3005/2531/3005 1471/1138/1471 1470/1137/1470

usemtl material_932
f 1477/1143/1477 1475/1142/1475 3004/2530/3004
f 3004/2530/3004 1475/1142/1475 3003/2529/3003

usemtl material_931
f 3004/2530/3004 3003/2529/3003 1460/1128/1460

usemtl material_348
vt -16.0135002 -4.5562334
f 1460/1128/1460 3003/2529/3003 3006/2532/3006

usemtl material_394
f 1460/1128/1460 3006/2532/3006 1461/1129/1461

usemtl material_104
vt -16.2640285 -4.6275153
vt -16.1577454 -4.5972753
f 3007/2533/3007 1464/1131/1464 3008/2534/3008

usemtl material_935
f 3008/2534/3008 1464/1131/1464 1463/1130/1463

usemtl material_349
f 3008/2534/3008 1463/1130/1463 1461/1129/1461

usemtl material_341
vt -16.3291168 -4.6460342
f 392/218/392 1467/1134/1467 3009/2535/3009

usemtl material_104
f 3009/2535/3009 1467/1134/1467 1466/1133/1466

usemtl material_341
f 3009/2535/3009 1466/1133/1466 3007/2533/3007

usemtl material_184
f 3007/2533/3007 1466/1133/1466 1465/1132/1465

usemtl material_935
f 3007/2533/3007 1465/1132/1465 1464/1131/1464

usemtl material_627
f 3009/2535/3009 1455/1123/1455 1454/1122/1454

usemtl material_626
f 392/218/392 3009/2535/3009 390/217/390

usemtl material_627
f 390/217/390 3009/2535/3009 1454/1122/1454
f 390/217/390 1454/1122/1454 388/216/388

usemtl material_342
f 1455/1123/1455 3009/2535/3009 1456/1124/1456
f 1456/1124/1456 3009/2535/3009 3007/2533/3007
f 1456/1124/1456 3007/2533/3007 1457/1125/1457
f 1457/1125/1457 3007/2533/3007 1458/1126/1458

usemtl material_626
f 1458/1126/1458 3007/2533/3007 3008/2534/3008

usemtl material_342
f 1458/1126/1458 3008/2534/3008 1459/1127/1459

usemtl material_397
vt -16.3062592 -3.3611536
f 1435/1104/1435 1434/1103/1434 3010/2536/3010

usemtl material_935
f 1461/1129/1461 3006/2532/3006 3008/2534/3008

usemtl material_626
f 3008/2534/3008 3006/2532/3006 1446/1115/1446

usemtl material_342
f 3008/2534/3008 1446/1115/1446 1459/1127/1459

usemtl material_343
f 394/220/394 393/219/393 1440/1109/1440

usemtl material_103
f 1440/1109/1440 393/219/393 1453/1121/1453

usemtl material_343
f 1440/1109/1440 1453/1121/1453 1441/1110/1441

usemtl material_103
f 1441/1110/1441 1453/1121/1453 1452/1120/1452

usemtl material_343
f 1441/1110/1441 1452/1120/1452 1442/1111/1442

usemtl material_183
f 1442/1111/1442 1452/1120/1452 1451/1119/1451

usemtl material_186
f 1442/1111/1442 1451/1119/1451 1443/1112/1443

usemtl material_183
f 1443/1112/1443 1451/1119/1451 1450/1118/1450

usemtl material_186
f 1443/1112/1443 1450/1118/1450 1444/1113/1444

usemtl material_183
f 1444/1113/1444 1450/1118/1450 1449/1117/1449

usemtl material_186
f 1444/1113/1444 1449/1117/1449 1445/1114/1445

usemtl material_187
f 1445/1114/1445 1449/1117/1449 1447/1116/1447

usemtl material_103
f 1445/1114/1445 1447/1116/1447 1434/1103/1434

usemtl material_187
f 1434/1103/1434 1447/1116/1447 1446/1115/1446

usemtl material_103
f 1434/1103/1434 1446/1115/1446 3010/2536/3010

usemtl material_101
f 3010/2536/3010 1446/1115/1446 3006/2532/3006

usemtl material_190
vt -16.5533524 -3.3788195
f 3011/2537/3011 1429/1099/1429 1437/1106/1437

usemtl material_336
f 1437/1106/1437 1429/1099/1429 1428/1098/1428

usemtl material_624
f 398/222/398 397/221/397 1427/1097/1427

usemtl material_100
f 1427/1097/1427 397/221/397 1439/1108/1439

usemtl material_188
f 1427/1097/1427 1439/1108/1439 1428/1098/1428

usemtl material_396
f 1428/1098/1428 1439/1108/1439 1438/1107/1438
f 1428/1098/1428 1438/1107/1438 1437/1106/1437

usemtl material_100
vt -16.4531422 -3.3914301
f 1419/1090/1419 1432/1102/1432 3012/2538/3012
f 3012/2538/3012 1432/1102/1432 1431/1101/1431

usemtl material_190
f 3012/2538/3012 1431/1101/1431 3011/2537/3011

usemtl material_100
f 3011/2537/3011 1431/1101/1431 1430/1100/1430
f 3011/2537/3011 1430/1100/1430 1429/1099/1429

usemtl material_98
f 1437/1106/1437 1436/1105/1436 3011/2537/3011

usemtl material_105
f 3011/2537/3011 1436/1105/1436 1435/1104/1435
f 3011/2537/3011 1435/1104/1435 3012/2538/3012

usemtl material_397
f 3012/2538/3012 1435/1104/1435 3010/2536/3010

usemtl material_185
f 3012/2538/3012 3010/2536/3010 1419/1090/1419

usemtl material_188
vt -16.5099602 -2.1477165
f 1419/1090/1419 3010/2536/3010 3013/2539/3013

usemtl material_337
f 1419/1090/1419 3013/2539/3013 1420/1091/1420

usemtl material_929
vt -16.6586761 -2.1670628
f 1422/1092/1422 3014/2540/3014 1423/1093/1423

usemtl material_191
vt -16.7682552 -2.1813171
f 1423/1093/1423 3014/2540/3014 3015/2541/3015
f 1423/1093/1423 3015/2541/3015 1424/1094/1424
f 1424/1094/1424 3015/2541/3015 1425/1095/1425

usemtl material_721
f 1426/1096/1426 2798/2324/2798 405/225/405

usemtl material_622
f 2798/2324/2798 1414/1085/1414 1413/1084/1413

usemtl material_338
f 405/225/405 2798/2324/2798 403/224/403

usemtl material_622
f 403/224/403 2798/2324/2798 1413/1084/1413

usemtl material_340
f 403/224/403 1413/1084/1413 401/223/401

usemtl material_721
f 1425/1095/1425 3015/2541/3015 2798/2324/2798

usemtl material_339
f 2798/2324/2798 3015/2541/3015 1415/1086/1415

usemtl material_622
f 2798/2324/2798 1415/1086/1415 1414/1085/1414

usemtl material_339
f 1405/1077/1405 1418/1089/1418 3014/2540/3014
f 3014/2540/3014 1418/1089/1418 1417/1088/1417

usemtl material_338
f 3014/2540/3014 1417/1088/1417 3015/2541/3015

usemtl material_339
f 3015/2541/3015 1417/1088/1417 1416/1087/1416

usemtl material_622
f 3015/2541/3015 1416/1087/1416 1415/1086/1415

usemtl material_929
f 1422/1092/1422 1420/1091/1420 3014/2540/3014
f 3014/2540/3014 1420/1091/1420 3013/2539/3013

usemtl material_338
f 3014/2540/3014 3013/2539/3013 1405/1077/1405

usemtl material_340
vt -16.6234875 -0.9225494
f 1405/1077/1405 3013/2539/3013 3016/2542/3016

usemtl material_189
f 1405/1077/1405 3016/2542/3016 1406/1078/1406

usemtl material_333
f 407/227/407 406/226/406 1400/1072/1400

usemtl material_332
f 1400/1072/1400 406/226/406 1412/1083/1412

usemtl material_620
f 1400/1072/1400 1412/1083/1412 1401/1073/1401

usemtl material_621
f 1401/1073/1401 1412/1083/1412 1411/1082/1411

usemtl material_332
f 1401/1073/1401 1411/1082/1411 1402/1074/1402

usemtl material_94
f 1402/1074/1402 1411/1082/1411 1410/1081/1410

usemtl material_332
f 1402/1074/1402 1410/1081/1410 1403/1075/1403

usemtl material_94
f 1403/1075/1403 1410/1081/1410 1409/1080/1409

usemtl material_332
f 1403/1075/1403 1409/1080/1409 1404/1076/1404

usemtl material_94
f 1404/1076/1404 1409/1080/1409 1408/1079/1408

usemtl material_332
f 1404/1076/1404 1408/1079/1408 2797/2323/2797

usemtl material_1069
vt -16.6462231 0.3076565
f 1379/1053/1379 1378/1052/1378 3017/2543/3017

usemtl material_1070
f 3017/2543/3017 1378/1052/1378 3016/2542/3016

usemtl material_189
f 1408/1079/1408 1406/1078/1406 2797/2323/2797

usemtl material_621
f 2797/2323/2797 1406/1078/1406 3016/2542/3016

usemtl material_333
f 2797/2323/2797 3016/2542/3016 1392/1065/1392

usemtl material_91
f 1392/1065/1392 3016/2542/3016 1378/1052/1378

usemtl material_1070
f 1392/1065/1392 1378/1052/1378 1391/1064/1391

usemtl material_335
f 411/229/411 410/228/410 1386/1059/1386

usemtl material_93
f 1386/1059/1386 410/228/410 1399/1071/1399

usemtl material_619
f 1386/1059/1386 1399/1071/1399 1387/1060/1387

usemtl material_334
f 1387/1060/1387 1399/1071/1399 1398/1070/1398

usemtl material_618
f 1387/1060/1387 1398/1070/1398 1388/1061/1388

usemtl material_334
f 1388/1061/1388 1398/1070/1398 1397/1069/1397

usemtl material_93
f 1388/1061/1388 1397/1069/1397 1389/1062/1389

usemtl material_722
f 1389/1062/1389 1397/1069/1397 1396/1068/1396

usemtl material_1070
f 1389/1062/1389 1396/1068/1396 1390/1063/1390

usemtl material_722
f 1390/1063/1390 1396/1068/1396 1395/1067/1395

usemtl material_1070
f 1390/1063/1390 1395/1067/1395 1391/1064/1391

usemtl material_1071
f 1391/1064/1391 1395/1067/1395 1393/1066/1393

usemtl material_1072
f 1391/1064/1391 1393/1066/1393 1392/1065/1392

usemtl material_928
vt -16.7961693 0.3104278
f 1381/1054/1381 3018/2544/3018 1382/1055/1382

usemtl material_192
vt -16.9066505 0.3124698
f 1382/1055/1382 3018/2544/3018 3019/2545/3019
f 1382/1055/1382 3019/2545/3019 1383/1056/1383

usemtl material_193
f 1383/1056/1383 3019/2545/3019 1384/1057/1384

usemtl material_89
f 1385/1058/1385 2796/2322/2796 418/232/418

usemtl material_400
f 2796/2322/2796 1373/1047/1373 1372/1046/1372

usemtl material_401
f 418/232/418 2796/2322/2796 416/231/416

usemtl material_329
f 416/231/416 2796/2322/2796 1372/1046/1372

usemtl material_92
f 416/231/416 1372/1046/1372 414/230/414

usemtl material_89
f 1384/1057/1384 3019/2545/3019 2796/2322/2796

usemtl material_401
f 2796/2322/2796 3019/2545/3019 1374/1048/1374

usemtl material_400
f 2796/2322/2796 1374/1048/1374 1373/1047/1373

usemtl material_329
f 1364/1039/1364 1377/1051/1377 3018/2544/3018
f 3018/2544/3018 1377/1051/1377 1376/1050/1376

usemtl material_328
f 3018/2544/3018 1376/1050/1376 3019/2545/3019

usemtl material_329
f 3019/2545/3019 1376/1050/1376 1375/1049/1375
f 3019/2545/3019 1375/1049/1375 1374/1048/1374

usemtl material_924
f 1381/1054/1381 1379/1053/1379 3018/2544/3018
f 3018/2544/3018 1379/1053/1379 3017/2543/3017

usemtl material_1073
f 3018/2544/3018 3017/2543/3017 1364/1039/1364

usemtl material_1074
vt -16.5780449 1.5361820
f 1364/1039/1364 3017/2543/3017 3020/2546/3020

usemtl material_881
f 1364/1039/1364 3020/2546/3020 1365/1040/1365

usemtl material_330
vt -16.8374043 1.5602154
vt -16.7273769 1.5500197
f 3021/2547/3021 1368/1042/1368 3022/2548/3022

usemtl material_195
f 3022/2548/3022 1368/1042/1368 1367/1041/1367
f 3022/2548/3022 1367/1041/1367 1365/1040/1365

usemtl material_330
vt -16.9047909 1.5664594
f 423/235/423 1371/1045/1371 3023/2549/3023
f 3023/2549/3023 1371/1045/1371 1370/1044/1370

usemtl material_615
f 3023/2549/3023 1370/1044/1370 3021/2547/3021

usemtl material_87
f 3021/2547/3021 1370/1044/1370 1369/1043/1369
f 3021/2547/3021 1369/1043/1369 1368/1042/1368

usemtl material_90
f 3023/2549/3023 1359/1034/1359 1358/1033/1358

usemtl material_331
f 423/235/423 3023/2549/3023 421/234/421

usemtl material_90
f 421/234/421 3023/2549/3023 1358/1033/1358

usemtl material_84
f 421/234/421 1358/1033/1358 419/233/419

usemtl material_90
f 1359/1034/1359 3023/2549/3023 1360/1035/1360

usemtl material_613
f 1360/1035/1360 3023/2549/3023 3021/2547/3021
f 1360/1035/1360 3021/2547/3021 1361/1036/1361
f 1361/1036/1361 3021/2547/3021 1362/1037/1362

usemtl material_331
f 1362/1037/1362 3021/2547/3021 3022/2548/3022
f 1362/1037/1362 3022/2548/3022 1363/1038/1363

usemtl material_88
vt -16.4193211 2.7563176
f 1337/1014/1337 1336/1013/1336 3024/2550/3024

usemtl material_87
f 1365/1040/1365 3020/2546/3020 3022/2548/3022

usemtl material_615
f 3022/2548/3022 3020/2546/3020 1350/1026/1350

usemtl material_331
f 3022/2548/3022 1350/1026/1350 1363/1038/1363

usemtl material_88
f 425/237/425 424/236/424 1344/1020/1344

usemtl material_197
f 1344/1020/1344 424/236/424 1357/1032/1357

usemtl material_403
f 1344/1020/1344 1357/1032/1357 1345/1021/1345

usemtl material_86
f 1345/1021/1345 1357/1032/1357 1356/1031/1356

usemtl material_727
f 1345/1021/1345 1356/1031/1356 1346/1022/1346

usemtl material_86
f 1346/1022/1346 1356/1031/1356 1355/1030/1355

usemtl material_197
f 1346/1022/1346 1355/1030/1355 1347/1023/1347

usemtl material_323
f 1347/1023/1347 1355/1030/1355 1354/1029/1354

usemtl material_197
f 1347/1023/1347 1354/1029/1354 1348/1024/1348

usemtl material_323
f 1348/1024/1348 1354/1029/1354 1353/1028/1353

usemtl material_324
f 1348/1024/1348 1353/1028/1353 1349/1025/1349

usemtl material_1075
f 1349/1025/1349 1353/1028/1353 1351/1027/1351

usemtl material_324
f 1349/1025/1349 1351/1027/1351 1336/1013/1336

usemtl material_1076
f 1336/1013/1336 1351/1027/1351 1350/1026/1350

usemtl material_197
f 1336/1013/1336 1350/1026/1350 3024/2550/3024

usemtl material_194
f 3024/2550/3024 1350/1026/1350 3020/2546/3020

usemtl material_196
vt -16.5672245 2.7811460
f 1339/1015/1339 3025/2551/3025 1340/1016/1340

usemtl material_1077
vt -16.6762009 2.7994397
f 1340/1016/1340 3025/2551/3025 3026/2552/3026

usemtl material_325
f 1340/1016/1340 3026/2552/3026 1341/1017/1341
f 1341/1017/1341 3026/2552/3026 1342/1018/1342

usemtl material_922
f 1343/1019/1343 2795/2321/2795 429/238/429

usemtl material_327
f 2795/2321/2795 1331/1008/1331 1330/1007/1330

usemtl material_922
f 429/238/429 2795/2321/2795 431/240/431

usemtl material_723
f 431/240/431 2795/2321/2795 1330/1007/1330

usemtl material_1078
f 431/240/431 1330/1007/1330 432/239/432

usemtl material_1079
f 1342/1018/1342 3026/2552/3026 2795/2321/2795

usemtl material_326
f 2795/2321/2795 3026/2552/3026 1332/1009/1332

usemtl material_1080
f 2795/2321/2795 1332/1009/1332 1331/1008/1331

usemtl material_723
f 1322/1000/1322 1335/1012/1335 3025/2551/3025
f 3025/2551/3025 1335/1012/1335 1334/1011/1334

usemtl material_326
f 3025/2551/3025 1334/1011/1334 3026/2552/3026

usemtl material_1081
f 3026/2552/3026 1334/1011/1334 1333/1010/1333
f 3026/2552/3026 1333/1010/1333 1332/1009/1332

usemtl material_726
vt -16.3165874 3.9970825
vt -16.4239140 4.0233746
f 3027/2553/3027 3028/2554/3028 1326/1003/1326

usemtl material_1038
f 1339/1015/1339 1337/1014/1337 3025/2551/3025
f 3025/2551/3025 1337/1014/1337 3024/2550/3024

usemtl material_199
f 3025/2551/3025 3024/2550/3024 1322/1000/1322

usemtl material_327
vt -16.1709232 3.9613988
f 1322/1000/1322 3024/2550/3024 3029/2555/3029

usemtl material_85
f 1322/1000/1322 3029/2555/3029 1323/1001/1323

usemtl material_318
f 1323/1001/1323 3029/2555/3029 3027/2553/3027

usemtl material_905
f 1323/1001/1323 3027/2553/3027 1325/1002/1325

usemtl material_318
f 1325/1002/1325 3027/2553/3027 1326/1003/1326

usemtl material_319
vt -16.4896431 4.0394764
f 437/243/437 1329/1006/1329 3030/2556/3030

usemtl material_726
f 3030/2556/3030 1329/1006/1329 1328/1005/1328

usemtl material_319
f 3030/2556/3030 1328/1005/1328 3028/2554/3028

usemtl material_726
f 3028/2554/3028 1328/1005/1328 1327/1004/1327

usemtl material_318
f 3028/2554/3028 1327/1004/1327 1326/1003/1326

usemtl material_907
f 3030/2556/3030 1304/983/1304 1303/982/1303

usemtl material_1082
f 437/243/437 3030/2556/3030 435/242/435

usemtl material_1037
f 435/242/435 3030/2556/3030 1303/982/1303

usemtl material_1083
f 435/242/435 1303/982/1303 433/241/433

usemtl material_907
f 1304/983/1304 3030/2556/3030 1305/984/1305
f 1305/984/1305 3030/2556/3030 3028/2554/3028
f 1305/984/1305 3028/2554/3028 1306/985/1306
f 1306/985/1306 3028/2554/3028 1307/986/1307

usemtl material_407
f 1307/986/1307 3028/2554/3028 3027/2553/3027

usemtl material_1082
f 1307/986/1307 3027/2553/3027 1308/987/1308
f 1308/987/1308 3027/2553/3027 1309/981/1309

usemtl material_610
f 1309/981/1309 3027/2553/3027 3029/2555/3029

usemtl material_1083
vt -15.8342028 5.1448445
f 1309/981/1309 3029/2555/3029 3031/2557/3031

usemtl material_245
f 439/245/439 438/244/438 1316/994/1316

usemtl material_322
f 1316/994/1316 438/244/438 1315/993/1315

usemtl material_245
f 1316/994/1316 1315/993/1315 1317/995/1317

usemtl material_913
f 1317/995/1317 1315/993/1315 1314/992/1314

usemtl material_909
f 1317/995/1317 1314/992/1314 1318/996/1318

usemtl material_913
f 1318/996/1318 1314/992/1314 1313/991/1313

usemtl material_322
f 1318/996/1318 1313/991/1313 1319/997/1319

usemtl material_908
f 1319/997/1319 1313/991/1313 1312/990/1312

usemtl material_322
f 1319/997/1319 1312/990/1312 1320/998/1320

usemtl material_908
f 1320/998/1320 1312/990/1312 1311/989/1311

usemtl material_322
f 1320/998/1320 1311/989/1311 1321/999/1321

usemtl material_321
f 1321/999/1321 1311/989/1311 1310/988/1310

usemtl material_913
f 1321/999/1321 1310/988/1310 1293/973/1293

usemtl material_743
vt -15.4110031 6.3001909
f 1280/960/1280 1278/952/1278 3032/2558/3032

usemtl material_1084
f 3032/2558/3032 1278/952/1278 3031/2557/3031

usemtl material_406
f 1310/988/1310 1309/981/1309 1293/973/1293

usemtl material_816
f 1293/973/1293 1309/981/1309 3031/2557/3031

usemtl material_1085
f 1293/973/1293 3031/2557/3031 1294/974/1294

usemtl material_1086
f 1294/974/1294 3031/2557/3031 1278/952/1278

usemtl material_1032
f 1294/974/1294 1278/952/1278 1277/958/1277

usemtl material_1029
f 443/247/443 442/246/442 1272/953/1272

usemtl material_917
f 1272/953/1272 442/246/442 1301/980/1301

usemtl material_916
f 1272/953/1272 1301/980/1301 1273/954/1273

usemtl material_917
f 1273/954/1273 1301/980/1301 1300/979/1300

usemtl material_916
f 1273/954/1273 1300/979/1300 1274/955/1274

usemtl material_1033
f 1274/955/1274 1300/979/1300 1299/978/1299

usemtl material_916
f 1274/955/1274 1299/978/1299 1275/956/1275

usemtl material_1032
f 1275/956/1275 1299/978/1299 1298/977/1298

usemtl material_410
f 1275/956/1275 1298/977/1298 1276/957/1276

usemtl material_1034
f 1276/957/1276 1298/977/1298 1297/976/1297

usemtl material_1033
f 1276/957/1276 1297/976/1297 1277/958/1277

usemtl material_1030
f 1277/958/1277 1297/976/1297 1296/975/1296

usemtl material_1087
f 1277/958/1277 1296/975/1296 1294/974/1294

usemtl material_570
vt -15.5498228 6.3569417
f 1284/964/1284 3033/2559/3033 1281/961/1281

usemtl material_314
vt -15.6521053 6.3987565
f 1281/961/1281 3033/2559/3033 3034/2560/3034
f 1281/961/1281 3034/2560/3034 1282/962/1282
f 1282/962/1282 3034/2560/3034 1283/963/1283

usemtl material_923
f 1285/965/1285 2794/2320/2794 1279/959/1279

usemtl material_315
f 1279/959/1279 2794/2320/2794 448/249/448
f 1279/959/1279 448/249/448 450/250/450

usemtl material_316
f 2794/2320/2794 1288/968/1288 1291/971/1291
f 2794/2320/2794 1291/971/1291 448/249/448

usemtl material_413
f 448/249/448 1291/971/1291 1287/967/1287
f 448/249/448 1287/967/1287 446/248/446

usemtl material_921
f 1283/963/1283 3034/2560/3034 2794/2320/2794

usemtl material_315
f 2794/2320/2794 3034/2560/3034 1289/969/1289

usemtl material_316
f 2794/2320/2794 1289/969/1289 1288/968/1288

usemtl material_745
f 1265/946/1265 1286/966/1286 3033/2559/3033
f 3033/2559/3033 1286/966/1286 1292/972/1292

usemtl material_923
f 3033/2559/3033 1292/972/1292 3034/2560/3034

usemtl material_745
f 3034/2560/3034 1292/972/1292 1290/970/1290
f 3034/2560/3034 1290/970/1290 1289/969/1289

usemtl material_744
f 1284/964/1284 1280/960/1280 3033/2559/3033

usemtl material_570
f 3033/2559/3033 1280/960/1280 3032/2558/3032

usemtl material_921
f 3033/2559/3033 3032/2558/3032 1265/946/1265

usemtl material_316
vt -14.9036331 7.4211273
f 1265/946/1265 3032/2558/3032 3035/2561/3035

usemtl material_568
f 1265/946/1265 3035/2561/3035 1263/945/1263

usemtl material_304
vt -15.0378819 7.4879756
f 1269/950/1269 3036/2562/3036 1266/947/1266

usemtl material_742
vt -15.1367989 7.5372300
f 1266/947/1266 3036/2562/3036 3037/2563/3037

usemtl material_209
f 1266/947/1266 3037/2563/3037 1267/948/1267
f 1267/948/1267 3037/2563/3037 1268/949/1268

usemtl material_412
f 1270/951/1270 2793/2319/2793 1262/944/1262

usemtl material_305
f 2793/2319/2793 1243/925/1243 1246/928/1246

usemtl material_567
f 455/253/455 1262/944/1262 453/252/453
f 453/252/453 1262/944/1262 2793/2319/2793

usemtl material_306
f 453/252/453 2793/2319/2793 1242/924/1242

usemtl material_305
f 1242/924/1242 2793/2319/2793 1246/928/1246

usemtl material_412
f 1268/949/1268 3037/2563/3037 2793/2319/2793

usemtl material_567
f 2793/2319/2793 3037/2563/3037 1244/926/1244

usemtl material_305
f 2793/2319/2793 1244/926/1244 1243/925/1243

usemtl material_567
f 1240/922/1240 1241/923/1241 3036/2562/3036
f 3036/2562/3036 1241/923/1241 1247/929/1247
f 3036/2562/3036 1247/929/1247 3037/2563/3037
f 3037/2563/3037 1247/929/1247 1245/927/1245
f 3037/2563/3037 1245/927/1245 1244/926/1244

usemtl material_308
vt -14.3148651 8.5015326
f 1231/915/1231 1233/916/1233 3038/2564/3038

usemtl material_813
f 3038/2564/3038 1233/916/1233 3035/2561/3035

usemtl material_304
f 1269/950/1269 1263/945/1263 3036/2562/3036

usemtl material_209
f 3036/2562/3036 1263/945/1263 3035/2561/3035

usemtl material_412
f 3036/2562/3036 3035/2561/3035 1240/922/1240

usemtl material_306
f 1240/922/1240 3035/2561/3035 1233/916/1233
f 1240/922/1240 1233/916/1233 1249/931/1249

usemtl material_307
f 1249/931/1249 1233/916/1233 1255/937/1255

usemtl material_66
f 1249/931/1249 1255/937/1255 1253/935/1253

usemtl material_307
f 1253/935/1253 1255/937/1255 1261/943/1261

usemtl material_66
f 1253/935/1253 1261/943/1261 1250/932/1250

usemtl material_307
f 1250/932/1250 1261/943/1261 1259/941/1259

usemtl material_813
f 1250/932/1250 1259/941/1259 1251/933/1251

usemtl material_68
f 1251/933/1251 1259/941/1259 1258/940/1258

usemtl material_307
f 1251/933/1251 1258/940/1258 1252/934/1252

usemtl material_211
f 1252/934/1252 1258/940/1258 1257/939/1257

usemtl material_307
f 1252/934/1252 1257/939/1257 1254/936/1254

usemtl material_211
f 1254/936/1254 1257/939/1257 1260/942/1260

usemtl material_68
f 1254/936/1254 1260/942/1260 1248/930/1248

usemtl material_308
f 1248/930/1248 1260/942/1260 1256/938/1256

usemtl material_211
f 1248/930/1248 1256/938/1256 456/254/456

usemtl material_309
f 456/254/456 1256/938/1256 457/255/457

usemtl material_415
vt -14.4438105 8.5781136
f 1237/920/1237 3039/2565/3039 1234/917/1234
vt -14.5388193 8.6345387
f 1234/917/1234 3039/2565/3039 3040/2566/3040

usemtl material_566
f 1234/917/1234 3040/2566/3040 1235/918/1235

usemtl material_210
f 1235/918/1235 3040/2566/3040 1236/919/1236

usemtl material_65
f 1238/921/1238 2792/2318/2792 1230/914/1230

usemtl material_569
f 1230/914/1230 2792/2318/2792 462/257/462
f 1230/914/1230 462/257/462 464/258/464

usemtl material_564
f 2792/2318/2792 1225/909/1225 1228/912/1228

usemtl material_414
f 2792/2318/2792 1228/912/1228 462/257/462

usemtl material_212
f 462/257/462 1228/912/1228 1224/908/1224
f 462/257/462 1224/908/1224 460/256/460

usemtl material_210
f 1236/919/1236 3040/2566/3040 2792/2318/2792

usemtl material_569
f 2792/2318/2792 3040/2566/3040 1226/910/1226

usemtl material_414
f 2792/2318/2792 1226/910/1226 1225/909/1225

usemtl material_569
f 1217/901/1217 1223/907/1223 3039/2565/3039
f 3039/2565/3039 1223/907/1223 1229/913/1229

usemtl material_65
f 3039/2565/3039 1229/913/1229 3040/2566/3040

usemtl material_64
f 3040/2566/3040 1229/913/1229 1227/911/1227

usemtl material_414
f 3040/2566/3040 1227/911/1227 1226/910/1226

usemtl material_561
vt -13.7708511 9.6213999
vt -13.6479139 9.5355053
f 3041/2567/3041 1215/900/1215 3042/2568/3042

usemtl material_212
f 3042/2568/3042 1215/900/1215 1217/901/1217

usemtl material_414
f 3042/2568/3042 1217/901/1217 3038/2564/3038

usemtl material_210
f 3038/2564/3038 1217/901/1217 3039/2565/3039

usemtl material_309
f 3038/2564/3038 3039/2565/3039 1231/915/1231
f 1231/915/1231 3039/2565/3039 1237/920/1237

usemtl material_854
vt -13.8614340 9.6846876
f 2791/2317/2791 1220/904/1220 3043/2569/3043

usemtl material_303
f 1220/904/1220 1219/903/1219 3043/2569/3043

usemtl material_67
f 3043/2569/3043 1219/903/1219 1218/902/1218

usemtl material_303
f 3043/2569/3043 1218/902/1218 3041/2567/3041

usemtl material_561
f 3041/2567/3041 1218/902/1218 1221/905/1221

usemtl material_560
f 3041/2567/3041 1221/905/1221 1215/900/1215

usemtl material_854
f 1222/906/1222 2791/2317/2791 1214/899/1214

usemtl material_61
f 1214/899/1214 2791/2317/2791 467/260/467
f 1214/899/1214 467/260/467 469/261/469

usemtl material_298
f 2791/2317/2791 1209/894/1209 1212/897/1212
f 2791/2317/2791 1212/897/1212 467/260/467
f 467/260/467 1212/897/1212 1208/893/1208

usemtl material_418
f 467/260/467 1208/893/1208 465/259/465

usemtl material_302
f 1209/894/1209 2791/2317/2791 1210/895/1210

usemtl material_61
f 1210/895/1210 2791/2317/2791 3043/2569/3043
f 1210/895/1210 3043/2569/3043 1211/896/1211
f 1211/896/1211 3043/2569/3043 1213/898/1213

usemtl material_854
f 1213/898/1213 3043/2569/3043 3041/2567/3041

usemtl material_61
f 1213/898/1213 3041/2567/3041 1207/892/1207

usemtl material_854
f 1207/892/1207 3041/2567/3041 1201/886/1201

usemtl material_213
f 1201/886/1201 3041/2567/3041 3042/2568/3042

usemtl material_302
vt -12.9064226 10.5173988
f 1201/886/1201 3042/2568/3042 3044/2570/3044

usemtl material_557
f 471/263/471 470/262/470 1192/878/1192

usemtl material_299
f 1192/878/1192 470/262/470 1198/884/1198

usemtl material_60
f 1192/878/1192 1198/884/1198 1196/882/1196

usemtl material_63
f 1196/882/1196 1198/884/1198 1206/891/1206

usemtl material_299
f 1196/882/1196 1206/891/1206 1193/879/1193

usemtl material_63
f 1193/879/1193 1206/891/1206 1204/889/1204

usemtl material_299
f 1193/879/1193 1204/889/1204 1194/880/1194

usemtl material_58
f 1194/880/1194 1204/889/1204 1203/888/1203

usemtl material_63
f 1194/880/1194 1203/888/1203 1195/881/1195

usemtl material_58
f 1195/881/1195 1203/888/1203 1202/887/1202

usemtl material_63
f 1195/881/1195 1202/887/1202 1197/883/1197

usemtl material_558
f 1197/883/1197 1202/887/1202 1205/890/1205

usemtl material_58
f 1197/883/1197 1205/890/1205 1191/877/1191

usemtl material_418
f 1191/877/1191 1205/890/1205 1199/885/1199

usemtl material_58
f 1191/877/1191 1199/885/1199 1184/870/1184

usemtl material_300
f 1180/867/1180 1185/871/1185 1182/869/1182

usemtl material_556
f 1182/869/1182 1185/871/1185 2790/2316/2790

usemtl material_300
f 1182/869/1182 2790/2316/2790 1176/863/1176

usemtl material_416
f 475/265/475 474/264/474 1177/864/1177

usemtl material_553
f 1177/864/1177 474/264/474 1190/876/1190

usemtl material_416
f 1177/864/1177 1190/876/1190 1181/868/1181

usemtl material_55
f 1181/868/1181 1190/876/1190 1189/875/1189

usemtl material_553
f 1181/868/1181 1189/875/1189 1178/865/1178

usemtl material_300
f 1178/865/1178 1189/875/1189 1188/874/1188

usemtl material_553
f 1178/865/1178 1188/874/1188 1179/866/1179

usemtl material_300
f 1179/866/1179 1188/874/1188 1187/873/1187

usemtl material_55
f 1179/866/1179 1187/873/1187 1180/867/1180

usemtl material_417
f 1180/867/1180 1187/873/1187 1186/872/1186
f 1180/867/1180 1186/872/1186 1185/871/1185

usemtl material_552
vt -12.0944405 11.4418488
f 1168/856/1168 1170/857/1170 3045/2571/3045

usemtl material_300
f 3045/2571/3045 1170/857/1170 3044/2570/3044

usemtl material_418
f 1199/885/1199 1201/886/1201 1184/870/1184

usemtl material_58
f 1184/870/1184 1201/886/1201 3044/2570/3044

usemtl material_299
f 1184/870/1184 3044/2570/3044 2790/2316/2790

usemtl material_555
f 2790/2316/2790 3044/2570/3044 1170/857/1170

usemtl material_1028
f 2790/2316/2790 1170/857/1170 1176/863/1176

usemtl material_57
vt -12.2033854 11.5449152
f 1174/861/1174 3046/2572/3046 1171/858/1171

usemtl material_301
vt -12.2836571 11.6208563
f 1171/858/1171 3046/2572/3046 3047/2573/3047
f 1171/858/1171 3047/2573/3047 1172/859/1172

usemtl material_424
f 1172/859/1172 3047/2573/3047 1173/860/1173

usemtl material_954
f 1175/862/1175 2789/2315/2789 1167/855/1167

usemtl material_59
f 1167/855/1167 2789/2315/2789 480/267/480
f 1167/855/1167 480/267/480 482/268/482

usemtl material_551
f 2789/2315/2789 1162/850/1162 1165/853/1165
f 2789/2315/2789 1165/853/1165 480/267/480

usemtl material_53
f 480/267/480 1165/853/1165 1161/849/1161
f 480/267/480 1161/849/1161 478/266/478

usemtl material_423
f 1173/860/1173 3047/2573/3047 2789/2315/2789

usemtl material_59
f 2789/2315/2789 3047/2573/3047 1163/851/1163

usemtl material_218
f 2789/2315/2789 1163/851/1163 1162/850/1162

usemtl material_954
f 1154/842/1154 1160/848/1160 3046/2572/3046
f 3046/2572/3046 1160/848/1160 1166/854/1166

usemtl material_423
f 3046/2572/3046 1166/854/1166 3047/2573/3047

usemtl material_59
f 3047/2573/3047 1166/854/1166 1164/852/1164
f 3047/2573/3047 1164/852/1164 1163/851/1163

usemtl material_416
f 1174/861/1174 1168/856/1168 3046/2572/3046
f 3046/2572/3046 1168/856/1168 3045/2571/3045

usemtl material_424
f 3046/2572/3046 3045/2571/3045 1154/842/1154

usemtl material_59
vt -11.2164040 12.3038092
f 1154/842/1154 3045/2571/3045 3048/2574/3048

usemtl material_551
f 1154/842/1154 3048/2574/3048 1152/841/1152

usemtl material_422
vt -11.3174381 12.4146385
f 1158/846/1158 3049/2575/3049 1155/843/1155

usemtl material_1027
vt -11.4087772 12.4606543
f 1155/843/1155 3049/2575/3049 3050/2576/3050

usemtl material_549
f 1155/843/1155 3050/2576/3050 1156/844/1156

usemtl material_56
f 484/270/484 483/269/483 1150/839/1150

usemtl material_217
f 1150/839/1150 483/269/483 1151/840/1151

usemtl material_56
f 1150/839/1150 1151/840/1151 1149/838/1149

usemtl material_421
f 1149/838/1149 1151/840/1151 1159/847/1159

usemtl material_547
f 1149/838/1149 1159/847/1159 1147/836/1147

usemtl material_951
f 1147/836/1147 1159/847/1159 1157/845/1157

usemtl material_547
f 1147/836/1147 1157/845/1157 1145/834/1145

usemtl material_951
f 1139/828/1139 1148/837/1148 3049/2575/3049

usemtl material_421
f 3049/2575/3049 1148/837/1148 1146/835/1146
f 3049/2575/3049 1146/835/1146 3050/2576/3050

usemtl material_217
f 3050/2576/3050 1146/835/1146 1145/834/1145

usemtl material_421
f 3050/2576/3050 1145/834/1145 1156/844/1156

usemtl material_1027
f 1156/844/1156 1145/834/1145 1157/845/1157

usemtl material_419
vt -10.2771063 13.0985689
f 1121/812/1121 1123/813/1123 3051/2577/3051

usemtl material_546
f 3051/2577/3051 1123/813/1123 3048/2574/3048

usemtl material_53
f 1158/846/1158 1152/841/1152 3049/2575/3049

usemtl material_549
f 3049/2575/3049 1152/841/1152 3048/2574/3048

usemtl material_952
f 3049/2575/3049 3048/2574/3048 1139/828/1139

usemtl material_547
f 1139/828/1139 3048/2574/3048 1123/813/1123

usemtl material_545
f 1139/828/1139 1123/813/1123 1137/827/1137

usemtl material_420
f 1137/827/1137 1123/813/1123 1129/819/1129

usemtl material_51
f 1137/827/1137 1129/819/1129 1143/832/1143

usemtl material_559
f 1143/832/1143 1129/819/1129 1135/825/1135

usemtl material_546
f 1143/832/1143 1135/825/1135 1140/829/1140

usemtl material_559
f 1140/829/1140 1135/825/1135 1133/823/1133

usemtl material_546
f 1140/829/1140 1133/823/1133 1141/830/1141

usemtl material_297
f 1141/830/1141 1133/823/1133 1132/822/1132

usemtl material_559
f 1141/830/1141 1132/822/1132 1142/831/1142

usemtl material_419
f 1142/831/1142 1132/822/1132 1131/821/1131

usemtl material_297
f 1142/831/1142 1131/821/1131 1144/833/1144

usemtl material_419
f 1144/833/1144 1131/821/1131 1134/824/1134

usemtl material_297
f 1144/833/1144 1134/824/1134 1136/826/1136

usemtl material_48
f 1136/826/1136 1134/824/1134 1130/820/1130

usemtl material_419
f 1136/826/1136 1130/820/1130 487/271/487

usemtl material_48
f 487/271/487 1130/820/1130 488/272/488
vt -10.3696804 13.2165575
f 1127/817/1127 3052/2578/3052 1124/814/1124

usemtl material_54
vt -10.4378901 13.3034945
f 1124/814/1124 3052/2578/3052 3053/2579/3053
f 1124/814/1124 3053/2579/3053 1125/815/1125

usemtl material_427
f 1125/815/1125 3053/2579/3053 1126/816/1126

usemtl material_50
f 1128/818/1128 2788/2314/2788 1120/811/1120

usemtl material_554
f 493/274/493 495/275/495 1120/811/1120
f 2788/2314/2788 1115/806/1115 1114/805/1114

usemtl material_747
f 1120/811/1120 2788/2314/2788 493/274/493

usemtl material_554
f 493/274/493 2788/2314/2788 1114/805/1114

usemtl material_426
f 493/274/493 1114/805/1114 491/273/491

usemtl material_538
f 1126/816/1126 3053/2579/3053 2788/2314/2788

usemtl material_50
f 2788/2314/2788 3053/2579/3053 1116/807/1116

usemtl material_554
f 2788/2314/2788 1116/807/1116 1115/806/1115

usemtl material_50
f 1106/798/1106 1119/810/1119 3052/2578/3052
f 3052/2578/3052 1119/810/1119 1118/809/1118

usemtl material_427
f 3052/2578/3052 1118/809/1118 3053/2579/3053

usemtl material_747
f 3053/2579/3053 1118/809/1118 1117/808/1117
f 3053/2579/3053 1117/808/1117 1116/807/1116

usemtl material_428
f 1127/817/1127 1121/812/1121 3052/2578/3052

usemtl material_419
f 3052/2578/3052 1121/812/1121 3051/2577/3051

usemtl material_54
f 3052/2578/3052 3051/2577/3051 1106/798/1106

usemtl material_50
vt -9.2816792 13.8217888
f 1106/798/1106 3051/2577/3051 3054/2580/3054

usemtl material_554
f 1106/798/1106 3054/2580/3054 1107/799/1107

usemtl material_1088
vt -9.4268894 14.0380287
vt -9.3652868 13.9462929
f 3055/2581/3055 1110/801/1110 3056/2582/3056

usemtl material_1089
f 3056/2582/3056 1110/801/1110 1109/800/1109

usemtl material_426
f 3056/2582/3056 1109/800/1109 1107/799/1107

usemtl material_544
vt -9.4646158 14.0942106
f 500/278/500 1113/804/1113 3057/2583/3057
f 3057/2583/3057 1113/804/1113 1112/803/1112
f 3057/2583/3057 1112/803/1112 3055/2581/3055

usemtl material_1090
f 3055/2581/3055 1112/803/1112 1111/802/1111

usemtl material_1088
f 3055/2581/3055 1111/802/1111 1110/801/1110

usemtl material_296
f 3057/2583/3057 1101/793/1101 1100/792/1100
f 500/278/500 3057/2583/3057 498/277/498
f 498/277/498 3057/2583/3057 1100/792/1100

usemtl material_290
f 498/277/498 1100/792/1100 496/276/496

usemtl material_296
f 1101/793/1101 3057/2583/3057 1102/794/1102

usemtl material_748
f 1102/794/1102 3057/2583/3057 3055/2581/3055
f 1102/794/1102 3055/2581/3055 1103/795/1103

usemtl material_798
f 1103/795/1103 3055/2581/3055 1104/796/1104

usemtl material_425
f 1104/796/1104 3055/2581/3055 3056/2582/3056
f 1104/796/1104 3056/2582/3056 1105/797/1105

usemtl material_1091
vt -8.2355576 14.4695206
f 1081/774/1081 1080/773/1080 3058/2584/3058

usemtl material_221
f 1107/799/1107 3054/2580/3054 3056/2582/3056

usemtl material_52
f 3056/2582/3056 3054/2580/3054 1092/785/1092

usemtl material_425
f 3056/2582/3056 1092/785/1092 1105/797/1105

usemtl material_291
f 502/280/502 501/279/501 1086/779/1086

usemtl material_49
f 1086/779/1086 501/279/501 1099/791/1099

usemtl material_431
f 1086/779/1086 1099/791/1099 1087/780/1087

usemtl material_49
f 1087/780/1087 1099/791/1099 1098/790/1098
f 1087/780/1087 1098/790/1098 1088/781/1088

usemtl material_220
f 1088/781/1088 1098/790/1098 1097/789/1097
f 1088/781/1088 1097/789/1097 1089/782/1089

usemtl material_432
f 1089/782/1089 1097/789/1097 1096/788/1096

usemtl material_220
f 1089/782/1089 1096/788/1096 1090/783/1090

usemtl material_290
f 1090/783/1090 1096/788/1096 1095/787/1095

usemtl material_1092
f 1090/783/1090 1095/787/1095 1091/784/1091

usemtl material_1093
f 1091/784/1091 1095/787/1095 1093/786/1093

usemtl material_1092
f 1091/784/1091 1093/786/1093 1080/773/1080

usemtl material_1093
f 1080/773/1080 1093/786/1093 1092/785/1092

usemtl material_1094
f 1080/773/1080 1092/785/1092 3058/2584/3058

usemtl material_748
f 3058/2584/3058 1092/785/1092 3054/2580/3054

usemtl material_983
vt -8.3267365 14.7000504
f 3059/2585/3059 1075/769/1075 1083/776/1083

usemtl material_1020
f 1083/776/1083 1075/769/1075 1074/768/1074

usemtl material_293
f 506/282/506 505/281/505 1073/767/1073

usemtl material_973
f 1073/767/1073 505/281/505 1085/778/1085

usemtl material_812
f 1073/767/1073 1085/778/1085 1074/768/1074

usemtl material_430
f 1074/768/1074 1085/778/1085 1084/777/1084
f 1074/768/1074 1084/777/1084 1083/776/1083

usemtl material_550
vt -8.3097420 14.5998592
f 1065/760/1065 1078/772/1078 3060/2586/3060

usemtl material_983
f 3060/2586/3060 1078/772/1078 1077/771/1077

usemtl material_749
f 3060/2586/3060 1077/771/1077 3059/2585/3059

usemtl material_983
f 3059/2585/3059 1077/771/1077 1076/770/1076

usemtl material_292
f 3059/2585/3059 1076/770/1076 1075/769/1075

usemtl material_291
f 1083/776/1083 1082/775/1082 3059/2585/3059

usemtl material_431
f 3059/2585/3059 1082/775/1082 1081/774/1081
f 3059/2585/3059 1081/774/1081 3060/2586/3060

usemtl material_49
f 3060/2586/3060 1081/774/1081 3058/2584/3058

usemtl material_431
f 3060/2586/3060 3058/2584/3058 1065/760/1065

usemtl material_550
vt -7.1444578 15.0382233
f 1065/760/1065 3058/2584/3058 3061/2587/3061

usemtl material_292
f 1065/760/1065 3061/2587/3061 1066/761/1066

usemtl material_47
vt -7.2088137 15.1736841
f 1068/762/1068 3062/2588/3062 1069/763/1069

usemtl material_548
vt -7.2562318 15.2734938
f 1069/763/1069 3062/2588/3062 3063/2589/3063

usemtl material_429
f 1069/763/1069 3063/2589/3063 1070/764/1070

usemtl material_975
f 1070/764/1070 3063/2589/3063 1071/765/1071

usemtl material_969
f 1072/766/1072 2787/2313/2787 513/285/513

usemtl material_1095
f 2787/2313/2787 1060/755/1060 1059/754/1059

usemtl material_295
f 513/285/513 2787/2313/2787 511/284/511
f 511/284/511 2787/2313/2787 1059/754/1059

usemtl material_283
f 511/284/511 1059/754/1059 509/283/509

usemtl material_294
f 1071/765/1071 3063/2589/3063 2787/2313/2787

usemtl material_969
f 2787/2313/2787 3063/2589/3063 1061/756/1061

usemtl material_1096
f 2787/2313/2787 1061/756/1061 1060/755/1060

usemtl material_975
f 1051/747/1051 1064/759/1064 3062/2588/3062
f 3062/2588/3062 1064/759/1064 1063/758/1063
f 3062/2588/3062 1063/758/1063 3063/2589/3063

usemtl material_294
f 3063/2589/3063 1063/758/1063 1062/757/1062

usemtl material_969
f 3063/2589/3063 1062/757/1062 1061/756/1061

usemtl material_973
f 1068/762/1068 1066/761/1066 3062/2588/3062
f 3062/2588/3062 1066/761/1066 3061/2587/3061

usemtl material_293
f 3062/2588/3062 3061/2587/3061 1051/747/1051

usemtl material_975
vt -6.0143366 15.5247927
f 1051/747/1051 3061/2587/3061 3064/2590/3064

usemtl material_969
f 1051/747/1051 3064/2590/3064 1052/748/1052

usemtl material_1097
f 515/287/515 514/286/514 1046/742/1046

usemtl material_434
f 1046/742/1046 514/286/514 1058/753/1058
f 1046/742/1046 1058/753/1058 1047/743/1047

usemtl material_811
f 1047/743/1047 1058/753/1058 1057/752/1057

usemtl material_434
f 1047/743/1047 1057/752/1057 1048/744/1048

usemtl material_811
f 1048/744/1048 1057/752/1057 1056/751/1056
f 1048/744/1048 1056/751/1056 1049/745/1049

usemtl material_435
f 1049/745/1049 1056/751/1056 1055/750/1055

usemtl material_978
f 1049/745/1049 1055/750/1055 1050/746/1050

usemtl material_283
f 1050/746/1050 1055/750/1055 1054/749/1054
f 1050/746/1050 1054/749/1054 2786/2312/2786

usemtl material_981
vt -4.8513675 15.9265718
f 1023/721/1023 1025/722/1025 3065/2591/3065

usemtl material_984
f 3065/2591/3065 1025/722/1025 3064/2590/3064
f 1031/728/1031 1039/736/1039 1038/735/1038

usemtl material_295
f 1054/749/1054 1052/748/1052 2786/2312/2786
f 2786/2312/2786 1052/748/1052 3064/2590/3064

usemtl material_283
f 2786/2312/2786 3064/2590/3064 1038/735/1038

usemtl material_982
f 1038/735/1038 3064/2590/3064 1025/722/1025

usemtl material_980
f 1038/735/1038 1025/722/1025 1031/728/1031

usemtl material_984
f 1039/736/1039 1031/728/1031 1041/737/1041

usemtl material_981
f 1041/737/1041 1031/728/1031 1037/734/1037

usemtl material_980
f 1041/737/1041 1037/734/1037 1042/738/1042

usemtl material_981
f 1042/738/1042 1037/734/1037 1035/732/1035
f 1042/738/1042 1035/732/1035 1043/739/1043

usemtl material_781
f 1043/739/1043 1035/732/1035 1034/731/1034
f 1043/739/1043 1034/731/1034 1044/740/1044

usemtl material_494
f 1044/740/1044 1034/731/1034 1033/730/1033
f 1044/740/1044 1033/730/1033 1045/741/1045

usemtl material_495
f 1045/741/1045 1033/730/1033 1036/733/1036
f 1045/741/1045 1036/733/1036 518/288/518

usemtl material_488
f 518/288/518 1036/733/1036 1032/729/1032

usemtl material_1016
f 518/288/518 1032/729/1032 519/289/519

usemtl material_487
vt -4.8950672 16.0700340
f 1029/726/1029 3066/2592/3066 1026/723/1026

usemtl material_495
vt -4.9272666 16.1757393
f 1026/723/1026 3066/2592/3066 3067/2593/3067

usemtl material_1017
f 1026/723/1026 3067/2593/3067 1027/724/1027

usemtl material_488
f 1027/724/1027 3067/2593/3067 1028/725/1028

usemtl material_484
f 1030/727/1030 2785/2311/2785 1022/720/1022

usemtl material_480
f 1022/720/1022 2785/2311/2785 524/291/524

usemtl material_479
f 1022/720/1022 524/291/524 526/292/526

usemtl material_480
f 2785/2311/2785 1017/715/1017 1020/718/1020
f 2785/2311/2785 1020/718/1020 524/291/524

usemtl material_475
f 524/291/524 1020/718/1020 1016/714/1016

usemtl material_474
f 524/291/524 1016/714/1016 522/290/522

usemtl material_1016
f 1028/725/1028 3067/2593/3067 2785/2311/2785
f 2785/2311/2785 3067/2593/3067 1018/716/1018

usemtl material_484
f 2785/2311/2785 1018/716/1018 1017/715/1017

usemtl material_495
f 1009/707/1009 1015/713/1015 3066/2592/3066

usemtl material_1017
f 3066/2592/3066 1015/713/1015 1021/719/1021

usemtl material_495
f 3066/2592/3066 1021/719/1021 3067/2593/3067

usemtl material_1016
f 3067/2593/3067 1021/719/1021 1019/717/1019
f 3067/2593/3067 1019/717/1019 1018/716/1018

usemtl material_1015
f 1029/726/1029 1023/721/1023 3066/2592/3066

usemtl material_781
f 3066/2592/3066 1023/721/1023 3065/2591/3065

usemtl material_494
f 3066/2592/3066 3065/2591/3065 1009/707/1009

usemtl material_495
vt -3.6619017 16.2413635
f 1009/707/1009 3065/2591/3065 3068/2594/3068

usemtl material_488
f 1009/707/1009 3068/2594/3068 1007/706/1007

usemtl material_289
vt -3.7191916 16.4954567
f 2784/2310/2784 1012/710/1012 3069/2595/3069

usemtl material_475
f 1012/710/1012 1011/709/1011 3069/2595/3069

usemtl material_479
f 3069/2595/3069 1011/709/1011 1010/708/1010
vt -3.6948872 16.3876610
f 3069/2595/3069 1010/708/1010 3070/2596/3070

usemtl material_484
f 3070/2596/3070 1010/708/1010 1013/711/1013

usemtl material_485
f 3070/2596/3070 1013/711/1013 1007/706/1007

usemtl material_277
f 1014/712/1014 2784/2310/2784 1006/705/1006

usemtl material_441
f 1006/705/1006 2784/2310/2784 529/294/529
f 1006/705/1006 529/294/529 531/295/531

usemtl material_277
f 2784/2310/2784 1001/700/1001 1004/703/1004

usemtl material_441
f 2784/2310/2784 1004/703/1004 529/294/529

usemtl material_440
f 529/294/529 1004/703/1004 1000/699/1000
f 529/294/529 1000/699/1000 527/293/527

usemtl material_277
f 1001/700/1001 2784/2310/2784 1002/701/1002

usemtl material_289
f 1002/701/1002 2784/2310/2784 3069/2595/3069

usemtl material_474
f 1002/701/1002 3069/2595/3069 1003/702/1003

usemtl material_475
f 1003/702/1003 3069/2595/3069 1005/704/1005

usemtl material_479
f 1005/704/1005 3069/2595/3069 3070/2596/3070
f 1005/704/1005 3070/2596/3070 999/698/999

usemtl material_474
vt -2.4524360 16.4674530
f 975/676/975 977/677/977 3071/2597/3071

usemtl material_485
f 1007/706/1007 3068/2594/3068 3070/2596/3070

usemtl material_484
f 3070/2596/3070 3068/2594/3068 993/692/993

usemtl material_1098
f 3070/2596/3070 993/692/993 999/698/999

usemtl material_278
f 533/297/533 532/296/532 984/684/984

usemtl material_439
f 984/684/984 532/296/532 990/690/990
f 984/684/984 990/690/990 988/688/988

usemtl material_468
f 988/688/988 990/690/990 998/697/998
f 988/688/988 998/697/998 985/685/985

usemtl material_440
f 985/685/985 998/697/998 996/695/996
f 985/685/985 996/695/996 986/686/986

usemtl material_441
f 986/686/986 996/695/996 995/694/995
f 986/686/986 995/694/995 987/687/987

usemtl material_277
f 987/687/987 995/694/995 994/693/994
f 987/687/987 994/693/994 989/689/989

usemtl material_289
f 989/689/989 994/693/994 997/696/997
f 989/689/989 997/696/997 983/683/983

usemtl material_475
f 983/683/983 997/696/997 991/691/991

usemtl material_474
f 983/683/983 991/691/991 977/677/977

usemtl material_479
f 977/677/977 991/691/991 993/692/993
f 977/677/977 993/692/993 3071/2597/3071

usemtl material_484
f 3071/2597/3071 993/692/993 3068/2594/3068

usemtl material_441
vt -2.4745269 16.6157875
f 981/681/981 3072/2598/3072 978/678/978
vt -2.4908037 16.7250843
f 978/678/978 3072/2598/3072 3073/2599/3073

usemtl material_440
f 978/678/978 3073/2599/3073 979/679/979

usemtl material_468
f 979/679/979 3073/2599/3073 980/680/980

usemtl material_278
f 982/682/982 2783/2309/2783 974/675/974
f 974/675/974 2783/2309/2783 539/300/539

usemtl material_465
f 974/675/974 539/300/539 537/298/537

usemtl material_278
f 2783/2309/2783 969/670/969 972/673/972
f 2783/2309/2783 972/673/972 539/300/539

usemtl material_465
f 539/300/539 972/673/972 968/669/968

usemtl material_800
f 539/300/539 968/669/968 540/299/540

usemtl material_468
f 980/680/980 3073/2599/3073 2783/2309/2783
f 2783/2309/2783 3073/2599/3073 970/671/970

usemtl material_439
f 2783/2309/2783 970/671/970 969/670/969

usemtl material_277
f 961/662/961 967/668/967 3072/2598/3072

usemtl material_441
f 3072/2598/3072 967/668/967 973/674/973
f 3072/2598/3072 973/674/973 3073/2599/3073

usemtl material_440
f 3073/2599/3073 973/674/973 971/672/971

usemtl material_468
f 3073/2599/3073 971/672/971 970/671/970

usemtl material_277
f 981/681/981 975/676/975 3072/2598/3072

usemtl material_289
f 3072/2598/3072 975/676/975 3071/2597/3071
f 3072/2598/3072 3071/2597/3071 961/662/961
vt -1.2295756 16.6035995
f 961/662/961 3071/2597/3071 3074/2600/3074

usemtl material_277
f 961/662/961 3074/2600/3074 959/661/959

usemtl material_278
vt -1.2488122 16.8633614
f 2782/2308/2782 964/665/964 3075/2601/3075

usemtl material_439
f 964/665/964 963/664/963 3075/2601/3075
f 3075/2601/3075 963/664/963 962/663/962

usemtl material_468
vt -1.2406515 16.7531624
f 3075/2601/3075 962/663/962 3076/2602/3076

usemtl material_440
f 3076/2602/3076 962/663/962 965/666/965
f 3076/2602/3076 965/666/965 959/661/959

usemtl material_800
f 966/667/966 2782/2308/2782 958/660/958
f 958/660/958 2782/2308/2782 286/159/286

usemtl material_279
f 958/660/958 286/159/286 288/160/288

usemtl material_465
f 2782/2308/2782 1775/1420/1775 1778/1423/1778

usemtl material_800
f 2782/2308/2782 1778/1423/1778 286/159/286

usemtl material_279
f 286/159/286 1778/1423/1778 1774/1419/1774
f 286/159/286 1774/1419/1774 284/158/284

usemtl material_278
f 1775/1420/1775 2782/2308/2782 1776/1421/1776
f 1776/1421/1776 2782/2308/2782 3075/2601/3075

usemtl material_439
f 1776/1421/1776 3075/2601/3075 1777/1422/1777

usemtl material_468
f 1777/1422/1777 3075/2601/3075 1779/1424/1779

usemtl material_440
f 1779/1424/1779 3075/2601/3075 3076/2602/3076
f 1779/1424/1779 3076/2602/3076 1773/1418/1773

usemtl material_277
f 959/661/959 3074/2600/3074 3076/2602/3076

usemtl material_441
f 3076/2602/3076 3074/2600/3074 1772/1417/1772

usemtl material_440
f 3076/2602/3076 1772/1417/1772 1773/1418/1773

usemtl material_985
f 281/157/281 280/156/280 944/647/944
f 944/647/944 280/156/280 1780/1425/1780

usemtl material_279
f 944/647/944 1780/1425/1780 948/651/948

usemtl material_800
f 948/651/948 1780/1425/1780 1786/1431/1786
f 948/651/948 1786/1431/1786 945/648/945

usemtl material_465
f 945/648/945 1786/1431/1786 1784/1429/1784
f 945/648/945 1784/1429/1784 946/649/946

usemtl material_278
f 946/649/946 1784/1429/1784 1783/1428/1783
f 946/649/946 1783/1428/1783 947/650/947

usemtl material_439
f 947/650/947 1783/1428/1783 1782/1427/1782
f 947/650/947 1782/1427/1782 949/652/949

usemtl material_468
f 949/652/949 1782/1427/1782 1785/1430/1785
f 949/652/949 1785/1430/1785 943/646/943

usemtl material_440
f 943/646/943 1785/1430/1785 1781/1426/1781
f 943/646/943 1781/1426/1781 937/640/937
f 937/640/937 1781/1426/1781 1772/1417/1772

usemtl material_441
f 937/640/937 1772/1417/1772 2845/2371/2845

usemtl material_277
f 2845/2371/2845 1772/1417/1772 3074/2600/3074

usemtl material_474
vt 1.2159214 16.4192200
f 2845/2371/2845 3077/2603/3077 2844/2370/2844

usemtl material_480
vt 2.4252019 16.2845840
f 2844/2370/2844 3077/2603/3077 3078/2604/3078
f 2844/2370/2844 3078/2604/3078 2848/2374/2848

usemtl material_491
vt 3.6212366 16.0610065
f 2848/2374/2848 3078/2604/3078 3079/2605/3079
f 2848/2374/2848 3079/2605/3079 2851/2377/2851

usemtl material_781
vt 4.7974935 15.7497082
f 2851/2377/2851 3079/2605/3079 3080/2606/3080

usemtl material_981
f 2851/2377/2851 3080/2606/3080 2855/2381/2855

usemtl material_978
vt 5.9475484 15.3523912
f 2855/2381/2855 3080/2606/3080 3081/2607/3081

usemtl material_283
f 2855/2381/2855 3081/2607/3081 2857/2383/2857

usemtl material_1018
vt 7.0651197 14.8712254
f 2857/2383/2857 3081/2607/3081 3082/2608/3082

usemtl material_222
f 2857/2383/2857 3082/2608/3082 2858/2384/2858

usemtl material_291
vt 8.1441040 14.3088379
f 2858/2384/2858 3082/2608/3082 3083/2609/3083

usemtl material_49
f 2858/2384/2858 3083/2609/3083 2862/2388/2862

usemtl material_748
vt 9.1786079 13.6683006
f 2862/2388/2862 3083/2609/3083 3084/2610/3084

usemtl material_425
f 2862/2388/2862 3084/2610/3084 2863/2389/2863

usemtl material_50
vt 10.1629801 12.9531107
f 2863/2389/2863 3084/2610/3084 3085/2611/3085

usemtl material_54
f 2863/2389/2863 3085/2611/3085 2866/2392/2866

usemtl material_957
vt 11.0918474 12.1671772
f 2866/2392/2866 3085/2611/3085 3086/2612/3086

usemtl material_951
f 2866/2392/2866 3086/2612/3086 2870/2396/2870

usemtl material_1099
vt 11.9601336 11.3147898
f 2870/2396/2870 3086/2612/3086 3087/2613/3087

usemtl material_424
f 2870/2396/2870 3087/2613/3087 2873/2399/2873

usemtl material_1028
vt 12.7630987 10.4006042
f 2873/2399/2873 3087/2613/3087 3088/2614/3088

usemtl material_557
f 2873/2399/2873 3088/2614/3088 2834/2360/2834

usemtl material_298
vt 13.4963560 9.4296150
f 2834/2360/2834 3088/2614/3088 3089/2615/3089

usemtl material_854
f 2834/2360/2834 3089/2615/3089 2876/2402/2876

usemtl material_64
vt 14.1559010 8.4071245
f 2876/2402/2876 3089/2615/3089 3090/2616/3090

usemtl material_210
f 2876/2402/2876 3090/2616/3090 2879/2405/2879

usemtl material_66
vt 14.7381306 7.3387170
f 2879/2405/2879 3090/2616/3090 3091/2617/3091

usemtl material_567
f 2879/2405/2879 3091/2617/3091 2882/2408/2882

usemtl material_316
vt 15.2398663 6.2302279
f 2882/2408/2882 3091/2617/3091 3092/2618/3092

usemtl material_921
f 2882/2408/2882 3092/2618/3092 2885/2411/2885

usemtl material_1100
vt 15.6583672 5.0877118
f 2885/2411/2885 3092/2618/3092 3093/2619/3093

usemtl material_1101
f 2885/2411/2885 3093/2619/3093 2888/2414/2888

usemtl material_320
vt 15.9913473 3.9174082
f 2888/2414/2888 3093/2619/3093 3094/2620/3094

usemtl material_407
f 2888/2414/2888 3094/2620/3094 2889/2415/2889

usemtl material_327
vt 16.2369881 2.7257090
f 2889/2415/2889 3094/2620/3094 3095/2621/3095

usemtl material_199
f 2889/2415/2889 3095/2621/3095 2894/2420/2894

usemtl material_880
vt 16.3939476 1.5191230
f 2894/2420/2894 3095/2621/3095 3096/2622/3096

usemtl material_613
f 2894/2420/2894 3096/2622/3096 2896/2422/2896

usemtl material_1074
vt 16.4613705 0.3042400
f 2896/2422/2896 3096/2622/3096 3097/2623/3097

usemtl material_1073
f 2896/2422/2896 3097/2623/3097 2901/2427/2901

usemtl material_1102
vt 16.4388866 -0.9123046
f 2901/2427/2901 3097/2623/3097 3098/2624/3098

usemtl material_894
f 2901/2427/2901 3098/2624/3098 2903/2429/2903

usemtl material_340
vt 16.3266182 -2.1238666
f 2903/2429/2903 3098/2624/3098 3099/2625/3099

usemtl material_338
f 2903/2429/2903 3099/2625/3099 2904/2430/2904

usemtl material_100
vt 16.1251793 -3.3238285
f 2904/2430/2904 3099/2625/3099 3100/2626/3100

usemtl material_98
f 2904/2430/2904 3100/2626/3100 2908/2434/2908

usemtl material_187
vt 15.8356724 -4.5056372
f 2908/2434/2908 3100/2626/3100 3101/2627/3101

usemtl material_342
f 2908/2434/2908 3101/2627/3101 2909/2435/2909

usemtl material_629
vt 15.4596748 -5.6628375
f 2909/2435/2909 3101/2627/3101 3102/2628/3102

usemtl material_931
f 2909/2435/2909 3102/2628/3102 2912/2438/2912

usemtl material_1042
vt 14.9992428 -6.7891092
f 2912/2438/2912 3102/2628/3102 3103/2629/3103

usemtl material_1103
f 2912/2438/2912 3103/2629/3103 2915/2441/2915

usemtl material_1047
vt 14.4568882 -7.8783016
f 2915/2441/2915 3103/2629/3103 3104/2630/3104

usemtl material_1051
f 2915/2441/2915 3104/2630/3104 2918/2444/2918

usemtl material_390
vt 13.8355770 -8.9244642
f 2918/2444/2918 3104/2630/3104 3105/2631/3105

usemtl material_944
f 2918/2444/2918 3105/2631/3105 2820/2346/2820

usemtl material_656
vt 13.1387005 -9.9218864
f 2820/2346/2820 3105/2631/3105 3106/2632/3106

usemtl material_366
f 2820/2346/2820 3106/2632/3106 2921/2447/2921

usemtl material_162
vt 12.3700647 -10.8651171
f 2921/2447/2921 3106/2632/3106 3107/2633/3107

usemtl material_664
f 2921/2447/2921 3107/2633/3107 2924/2450/2924

usemtl material_956
vt 11.5338678 -11.7490072
f 2924/2450/2924 3107/2633/3107 3108/2634/3108

usemtl material_382
f 2924/2450/2924 3108/2634/3108 2927/2453/2927

usemtl material_669
vt 10.6346769 -12.5687284
f 2927/2453/2927 3108/2634/3108 3109/2635/3109

usemtl material_1063
f 2927/2453/2927 3109/2635/3109 2930/2456/2930

usemtl material_135
vt 9.6774025 -13.3198023
f 2930/2456/2930 3109/2635/3109 3110/2636/3110

usemtl material_678
f 2930/2456/2930 3110/2636/3110 2933/2459/2933

usemtl material_139
vt 8.6672745 -13.9981298
f 2933/2459/2933 3110/2636/3110 3111/2637/3111

usemtl material_373
f 2933/2459/2933 3111/2637/3111 2934/2460/2934

usemtl material_139
vt 7.6098089 -14.6000032
f 2934/2460/2934 3111/2637/3111 3112/2638/3112

usemtl material_373
f 2934/2460/2934 3112/2638/3112 2939/2465/2939

usemtl material_139
vt 6.5107803 -15.1221361
f 2939/2465/2939 3112/2638/3112 3113/2639/3113

usemtl material_373
f 2939/2465/2939 3113/2639/3113 2941/2467/2941

usemtl material_139
vt 5.3761926 -15.5616789
f 2941/2467/2941 3113/2639/3113 3114/2640/3114

usemtl material_373
f 2941/2467/2941 3114/2640/3114 2946/2472/2946

usemtl material_139
vt 4.2122421 -15.9162264
f 2946/2472/2946 3114/2640/3114 3115/2641/3115

usemtl material_373
f 2946/2472/2946 3115/2641/3115 2948/2474/2948

usemtl material_139
vt 3.0252855 -16.1838474
f 2948/2474/2948 3115/2641/3115 3116/2642/3116

usemtl material_373
f 2948/2474/2948 3116/2642/3116 2949/2475/2949

usemtl material_139
vt 1.8218058 -16.3630772
f 2949/2475/2949 3116/2642/3116 3117/2643/3117

usemtl material_373
f 2949/2475/2949 3117/2643/3117 2953/2479/2953

usemtl material_139
vt 0.6083761 -16.4529362
f 2953/2479/2953 3117/2643/3117 3118/2644/3118

usemtl material_373
f 2953/2479/2953 3118/2644/3118 2954/2480/2954

usemtl material_144
vt -0.6083761 -16.4529362
f 2954/2480/2954 3118/2644/3118 3119/2645/3119

usemtl material_139
f 2954/2480/2954 3119/2645/3119 2957/2483/2957

usemtl material_678
vt -1.8218058 -16.3630772
f 2957/2483/2957 3119/2645/3119 3120/2646/3120

usemtl material_144
f 2957/2483/2957 3120/2646/3120 2961/2487/2961

usemtl material_133
vt -3.0252855 -16.1838474
f 2961/2487/2961 3120/2646/3120 3121/2647/3121
f 2961/2487/2961 3121/2647/3121 2964/2490/2964

usemtl material_155
vt -4.2122421 -15.9162264
f 2964/2490/2964 3121/2647/3121 3122/2648/3122
f 2964/2490/2964 3122/2648/3122 2967/2493/2967

usemtl material_670
vt -5.3761926 -15.5616789
f 2967/2493/2967 3122/2648/3122 3123/2649/3123

usemtl material_156
f 2967/2493/2967 3123/2649/3123 2968/2494/2968

usemtl material_131
vt -6.5107803 -15.1221361
f 2968/2494/2968 3123/2649/3123 3124/2650/3124
f 2968/2494/2968 3124/2650/3124 2971/2497/2971

usemtl material_680
vt -7.6098089 -14.6000032
f 2971/2497/2971 3124/2650/3124 3125/2651/3125

usemtl material_668
f 2971/2497/2971 3125/2651/3125 2975/2501/2975

usemtl material_134
vt -8.6672745 -13.9981298
f 2975/2501/2975 3125/2651/3125 3126/2652/3126

usemtl material_129
f 2975/2501/2975 3126/2652/3126 2980/2506/2980

usemtl material_126
vt -9.6774025 -13.3198023
f 2980/2506/2980 3126/2652/3126 3127/2653/3127

usemtl material_160
f 2980/2506/2980 3127/2653/3127 2982/2508/2982

usemtl material_686
vt -10.6346769 -12.5687284
f 2982/2508/2982 3127/2653/3127 3128/2654/3128

usemtl material_384
f 2982/2508/2982 3128/2654/3128 2983/2509/2983

usemtl material_687
vt -11.5338678 -11.7490072
f 2983/2509/2983 3128/2654/3128 3129/2655/3129

usemtl material_689
f 2983/2509/2983 3129/2655/3129 2986/2512/2986

usemtl material_127
vt -12.3700647 -10.8651171
f 2986/2512/2986 3129/2655/3129 3130/2656/3130

usemtl material_366
f 2986/2512/2986 3130/2656/3130 2989/2515/2989

usemtl material_819
vt -13.1387005 -9.9218864
f 2989/2515/2989 3130/2656/3130 3131/2657/3131

usemtl material_955
f 2989/2515/2989 3131/2657/3131 2994/2520/2994

usemtl material_385
vt -13.8355770 -8.9244642
f 2994/2520/2994 3131/2657/3131 3132/2658/3132

usemtl material_359
f 2994/2520/2994 3132/2658/3132 2996/2522/2996

usemtl material_941
vt -14.4568882 -7.8783016
f 2996/2522/2996 3132/2658/3132 3133/2659/3133

usemtl material_949
f 2996/2522/2996 3133/2659/3133 2997/2523/2997

usemtl material_1104
vt -14.9992428 -6.7891092
f 2997/2523/2997 3133/2659/3133 3134/2660/3134

usemtl material_1105
f 2997/2523/2997 3134/2660/3134 3000/2526/3000

usemtl material_933
vt -15.4596748 -5.6628375
f 3000/2526/3000 3134/2660/3134 3135/2661/3135

usemtl material_344
f 3000/2526/3000 3135/2661/3135 3003/2529/3003

usemtl material_395
vt -15.8356724 -4.5056372
f 3003/2529/3003 3135/2661/3135 3136/2662/3136

usemtl material_630
f 3003/2529/3003 3136/2662/3136 3006/2532/3006

usemtl material_627
vt -16.1251793 -3.3238285
f 3006/2532/3006 3136/2662/3136 3137/2663/3137

usemtl material_183
f 3006/2532/3006 3137/2663/3137 3010/2536/3010

usemtl material_190
vt -16.3266182 -2.1238666
f 3010/2536/3010 3137/2663/3137 3138/2664/3138

usemtl material_624
f 3010/2536/3010 3138/2664/3138 3013/2539/3013

usemtl material_622
vt -16.4388866 -0.9123046
f 3013/2539/3013 3138/2664/3138 3139/2665/3139

usemtl material_189
f 3013/2539/3013 3139/2665/3139 3016/2542/3016

usemtl material_91
vt -16.4613705 0.3042400
f 3016/2542/3016 3139/2665/3139 3140/2666/3140

usemtl material_1106
f 3016/2542/3016 3140/2666/3140 3017/2543/3017

usemtl material_1107
vt -16.3939476 1.5191230
f 3017/2543/3017 3140/2666/3140 3141/2667/3141

usemtl material_1108
f 3017/2543/3017 3141/2667/3141 3020/2546/3020

usemtl material_90
vt -16.2369881 2.7257090
f 3020/2546/3020 3141/2667/3141 3142/2668/3142

usemtl material_86
f 3020/2546/3020 3142/2668/3142 3024/2550/3024

usemtl material_922
vt -15.9913473 3.9174082
f 3024/2550/3024 3142/2668/3142 3143/2669/3143

usemtl material_911
f 3024/2550/3024 3143/2669/3143 3029/2555/3029

usemtl material_907
vt -15.6583672 5.0877118
f 3029/2555/3029 3143/2669/3143 3144/2670/3144

usemtl material_321
f 3029/2555/3029 3144/2670/3144 3031/2557/3031

usemtl material_1109
vt -15.2398663 6.2302279
f 3031/2557/3031 3144/2670/3144 3145/2671/3145

usemtl material_1110
f 3031/2557/3031 3145/2671/3145 3032/2558/3032

usemtl material_315
vt -14.7381306 7.3387170
f 3032/2558/3032 3145/2671/3145 3146/2672/3146

usemtl material_413
f 3032/2558/3032 3146/2672/3146 3035/2561/3035

usemtl material_305
vt -14.1559010 8.4071245
f 3035/2561/3035 3146/2672/3146 3147/2673/3147

usemtl material_813
f 3035/2561/3035 3147/2673/3147 3038/2564/3038

usemtl material_210
vt -13.4963560 9.4296150
f 3038/2564/3038 3147/2673/3147 3148/2674/3148

usemtl material_564
f 3038/2564/3038 3148/2674/3148 3042/2568/3042

usemtl material_854
vt -12.7630987 10.4006042
f 3042/2568/3042 3148/2674/3148 3149/2675/3149

usemtl material_418
f 3042/2568/3042 3149/2675/3149 3044/2570/3044

usemtl material_555
vt -11.9601336 11.3147898
f 3044/2570/3044 3149/2675/3149 3150/2676/3150

usemtl material_300
f 3044/2570/3044 3150/2676/3150 3045/2571/3045

usemtl material_424
vt -11.0918474 12.1671772
f 3045/2571/3045 3150/2676/3150 3151/2677/3151

usemtl material_551
f 3045/2571/3045 3151/2677/3151 3048/2574/3048

usemtl material_421
vt -10.1629801 12.9531107
f 3048/2574/3048 3151/2677/3151 3152/2678/3152

usemtl material_546
f 3048/2574/3048 3152/2678/3152 3051/2577/3051

usemtl material_48
vt -9.1786079 13.6683006
f 3051/2577/3051 3152/2678/3152 3153/2679/3153

usemtl material_747
f 3051/2577/3051 3153/2679/3153 3054/2580/3054

usemtl material_219
vt -8.1441040 14.3088379
f 3054/2580/3054 3153/2679/3153 3154/2680/3154

usemtl material_296
f 3054/2580/3054 3154/2680/3154 3058/2584/3058

usemtl material_1111
vt -7.0651197 14.8712254
f 3058/2584/3058 3154/2680/3154 3155/2681/3155

usemtl material_1022
f 3058/2584/3058 3155/2681/3155 3061/2587/3061

usemtl material_47
vt -5.9475484 15.3523912
f 3061/2587/3061 3155/2681/3155 3156/2682/3156

usemtl material_975
f 3061/2587/3061 3156/2682/3156 3064/2590/3064

usemtl material_283
vt -4.7974935 15.7497082
f 3064/2590/3064 3156/2682/3156 3157/2683/3157

usemtl material_982
f 3064/2590/3064 3157/2683/3157 3065/2591/3065

usemtl material_981
vt -3.6212366 16.0610065
f 3065/2591/3065 3157/2683/3157 3158/2684/3158

usemtl material_494
f 3065/2591/3065 3158/2684/3158 3068/2594/3068

usemtl material_491
vt -2.4252019 16.2845840
f 3068/2594/3068 3158/2684/3158 3159/2685/3159

usemtl material_485
f 3068/2594/3068 3159/2685/3159 3071/2597/3071

usemtl material_480
vt -1.2159214 16.4192200
f 3071/2597/3071 3159/2685/3159 3160/2686/3160

usemtl material_475
f 3071/2597/3071 3160/2686/3160 3074/2600/3074
vt 0.0000000 16.4641819
f 3074/2600/3074 3160/2686/3160 3161/2687/3161

usemtl material_289
f 3074/2600/3074 3161/2687/3161 2845/2371/2845

usemtl material_475
f 2845/2371/2845 3161/2687/3161 3077/2603/3077

usemtl material_480
vt 1.2001035 16.2056236
f 3161/2687/3161 3162/2688/3162 3077/2603/3077

usemtl material_485
vt 2.3936527 16.0727386
f 3077/2603/3077 3162/2688/3162 3163/2689/3163
f 3077/2603/3077 3163/2689/3163 3078/2604/3078

usemtl material_490
vt 3.5741282 15.8520699
f 3078/2604/3078 3163/2689/3163 3164/2690/3164

usemtl material_487
f 3078/2604/3078 3164/2690/3164 3079/2605/3079

usemtl material_980
vt 4.7350831 15.5448217
f 3079/2605/3079 3164/2690/3164 3165/2691/3165

usemtl material_984
f 3079/2605/3079 3165/2691/3165 3080/2606/3080

usemtl material_295
vt 5.8701768 15.1526737
f 3080/2606/3080 3165/2691/3165 3166/2692/3166

usemtl material_969
f 3080/2606/3080 3166/2692/3166 3081/2607/3081

usemtl material_222
vt 6.9732099 14.6777668
f 3081/2607/3081 3166/2692/3166 3167/2693/3167

usemtl material_292
f 3081/2607/3081 3167/2693/3167 3082/2608/3082

usemtl material_1111
vt 8.0381575 14.1226959
f 3082/2608/3082 3167/2693/3167 3168/2694/3168

usemtl material_1091
f 3082/2608/3082 3168/2694/3168 3083/2609/3083

usemtl material_46
vt 9.0592041 13.4904909
f 3083/2609/3083 3168/2694/3168 3169/2695/3169

usemtl material_221
f 3083/2609/3083 3169/2695/3169 3084/2610/3084

usemtl material_427
vt 10.0307703 12.7846050
f 3084/2610/3084 3169/2695/3169 3170/2696/3170

usemtl material_428
f 3084/2610/3084 3170/2696/3170 3085/2611/3085

usemtl material_217
vt 10.9475546 12.0088949
f 3085/2611/3085 3170/2696/3170 3171/2697/3171

usemtl material_952
f 3085/2611/3085 3171/2697/3171 3086/2612/3086

usemtl material_215
vt 11.8045454 11.1675959
f 3086/2612/3086 3171/2697/3171 3172/2698/3172

usemtl material_565
f 3086/2612/3086 3172/2698/3172 3087/2613/3087

usemtl material_556
vt 12.5970640 10.2653036
f 3087/2613/3087 3172/2698/3172 3173/2699/3173

usemtl material_60
f 3087/2613/3087 3173/2699/3173 3088/2614/3088

usemtl material_302
vt 13.3207836 9.3069458
f 3088/2614/3088 3173/2699/3173 3174/2700/3174

usemtl material_303
f 3088/2614/3088 3174/2700/3174 3089/2615/3089

usemtl material_569
vt 13.9717474 8.2977571
f 3089/2615/3089 3174/2700/3174 3175/2701/3175

usemtl material_415
f 3089/2615/3089 3175/2701/3175 3090/2616/3090

usemtl material_306
vt 14.5464039 7.2432480
f 3090/2616/3090 3175/2701/3175 3176/2702/3176

usemtl material_412
f 3090/2616/3090 3176/2702/3176 3091/2617/3091

usemtl material_745
vt 15.0416117 6.1491799
f 3091/2617/3091 3176/2702/3176 3177/2703/3177

usemtl material_314
f 3091/2617/3091 3177/2703/3177 3092/2618/3092

usemtl material_1030
vt 15.4546690 5.0215259
f 3092/2618/3092 3177/2703/3177 3178/2704/3178

usemtl material_1112
f 3092/2618/3092 3178/2704/3178 3093/2619/3093

usemtl material_1113
vt 15.7833176 3.8664470
f 3093/2619/3093 3178/2704/3178 3179/2705/3179

usemtl material_319
f 3093/2619/3093 3179/2705/3179 3094/2620/3094

usemtl material_723
vt 16.0257626 2.6902506
f 3094/2620/3094 3179/2705/3179 3180/2706/3180

usemtl material_81
f 3094/2620/3094 3180/2706/3180 3095/2621/3095

usemtl material_194
vt 16.1806812 1.4993609
f 3095/2621/3095 3180/2706/3180 3181/2707/3181

usemtl material_331
f 3095/2621/3095 3181/2707/3181 3096/2622/3096

usemtl material_400
vt 16.2472267 0.3002822
f 3096/2622/3096 3181/2707/3181 3182/2708/3182

usemtl material_398
f 3096/2622/3096 3182/2708/3182 3097/2623/3097

usemtl material_722
vt 16.2250347 -0.9004365
f 3097/2623/3097 3182/2708/3182 3183/2709/3183

usemtl material_97
f 3097/2623/3097 3183/2709/3183 3098/2624/3098

usemtl material_340
vt 16.1142254 -2.0962374
f 3098/2624/3098 3183/2709/3183 3184/2710/3184

usemtl material_721
f 3098/2624/3098 3184/2710/3184 3099/2625/3099

usemtl material_100
vt 15.9154091 -3.2805891
f 3099/2625/3099 3184/2710/3184 3185/2711/3185

usemtl material_105
f 3099/2625/3099 3185/2711/3185 3100/2626/3100

usemtl material_101
vt 15.6296663 -4.4470234
f 3100/2626/3100 3185/2711/3185 3186/2712/3186

usemtl material_626
f 3100/2626/3100 3186/2712/3186 3101/2627/3101

usemtl material_629
vt 15.2585611 -5.5891700
f 3101/2627/3101 3186/2712/3186 3187/2713/3187

usemtl material_347
f 3101/2627/3101 3187/2713/3187 3102/2628/3102

usemtl material_1042
vt 14.8041182 -6.7007899
f 3102/2628/3102 3187/2713/3187 3188/2714/3188

usemtl material_1114
f 3102/2628/3102 3188/2714/3188 3103/2629/3103

usemtl material_350
vt 14.2688198 -7.7758131
f 3103/2629/3103 3188/2714/3188 3189/2715/3189

usemtl material_1051
f 3103/2629/3103 3189/2715/3189 3104/2630/3104

usemtl material_390
vt 13.6555910 -8.8083668
f 3104/2630/3104 3189/2715/3189 3190/2716/3190

usemtl material_1115
f 3104/2630/3104 3190/2716/3190 3105/2631/3105

usemtl material_656
vt 12.9677801 -9.7928133
f 3105/2631/3105 3190/2716/3190 3191/2717/3191

usemtl material_121
f 3105/2631/3105 3191/2717/3191 3106/2632/3106

usemtl material_687
vt 12.2091436 -10.7237730
f 3106/2632/3106 3191/2717/3191 3192/2718/3192

usemtl material_950
f 3106/2632/3106 3192/2718/3192 3107/2633/3107

usemtl material_126
vt 11.3838243 -11.5961647
f 3107/2633/3107 3192/2718/3192 3193/2719/3193

usemtl material_129
f 3107/2633/3107 3193/2719/3193 3108/2634/3108

usemtl material_669
vt 10.4963312 -12.4052219
f 3108/2634/3108 3193/2719/3193 3194/2720/3194

usemtl material_140
f 3108/2634/3108 3194/2720/3194 3109/2635/3109

usemtl material_135
vt 9.5515099 -13.1465263
f 3109/2635/3109 3194/2720/3194 3195/2721/3195

usemtl material_138
f 3109/2635/3109 3195/2721/3195 3110/2636/3110

usemtl material_678
vt 8.5545225 -13.8160286
f 3110/2636/3110 3195/2721/3195 3196/2722/3196

usemtl material_144
f 3110/2636/3110 3196/2722/3196 3111/2637/3111

usemtl material_678
vt 7.5108128 -14.4100723
f 3111/2637/3111 3196/2722/3196 3197/2723/3197

usemtl material_144
f 3111/2637/3111 3197/2723/3197 3112/2638/3112

usemtl material_678
vt 6.4260821 -14.9254141
f 3112/2638/3112 3197/2723/3197 3198/2724/3198

usemtl material_144
f 3112/2638/3112 3198/2724/3198 3113/2639/3113

usemtl material_678
vt 5.3062539 -15.3592367
f 3113/2639/3113 3198/2724/3198 3199/2725/3199

usemtl material_144
f 3113/2639/3113 3199/2725/3199 3114/2640/3114

usemtl material_678
vt 4.1574450 -15.7091751
f 3114/2640/3114 3199/2725/3199 3200/2726/3200

usemtl material_144
f 3114/2640/3114 3200/2726/3200 3115/2641/3115

usemtl material_678
vt 2.9859295 -15.9733124
f 3115/2641/3115 3200/2726/3200 3201/2727/3201

usemtl material_144
f 3115/2641/3115 3201/2727/3201 3116/2642/3116

usemtl material_678
vt 1.7981061 -16.1502094
f 3116/2642/3116 3201/2727/3201 3202/2728/3202

usemtl material_144
f 3116/2642/3116 3202/2728/3202 3117/2643/3117

usemtl material_678
vt 0.6004618 -16.2389011
f 3117/2643/3117 3202/2728/3202 3203/2729/3203
f 3117/2643/3117 3203/2729/3203 3118/2644/3118

usemtl material_138
vt -0.6004618 -16.2389011
f 3118/2644/3118 3203/2729/3203 3204/2730/3204
f 3118/2644/3118 3204/2730/3204 3119/2645/3119

usemtl material_133
vt -1.7981061 -16.1502094
f 3119/2645/3119 3204/2730/3204 3205/2731/3205
f 3119/2645/3119 3205/2731/3205 3120/2646/3120

usemtl material_155
vt -2.9859295 -15.9733124
f 3120/2646/3120 3205/2731/3205 3206/2732/3206
f 3120/2646/3120 3206/2732/3206 3121/2647/3121

usemtl material_670
vt -4.1574450 -15.7091751
f 3121/2647/3121 3206/2732/3206 3207/2733/3207
f 3121/2647/3121 3207/2733/3207 3122/2648/3122

usemtl material_1063
vt -5.3062539 -15.3592367
f 3122/2648/3122 3207/2733/3207 3208/2734/3208

usemtl material_370
f 3122/2648/3122 3208/2734/3208 3123/2649/3123

usemtl material_157
vt -6.4260821 -14.9254141
f 3123/2649/3123 3208/2734/3208 3209/2735/3209
f 3123/2649/3123 3209/2735/3209 3124/2650/3124

usemtl material_666
vt -7.5108128 -14.4100723
f 3124/2650/3124 3209/2735/3209 3210/2736/3210

usemtl material_158
f 3124/2650/3124 3210/2736/3210 3125/2651/3125

usemtl material_371
vt -8.5545225 -13.8160286
f 3125/2651/3125 3210/2736/3210 3211/2737/3211

usemtl material_159
f 3125/2651/3125 3211/2737/3211 3126/2652/3126

usemtl material_132
vt -9.5515099 -13.1465263
f 3126/2652/3126 3211/2737/3211 3212/2738/3212

usemtl material_128
f 3126/2652/3126 3212/2738/3212 3127/2653/3127

usemtl material_950
vt -10.4963312 -12.4052219
f 3127/2653/3127 3212/2738/3212 3213/2739/3213

usemtl material_961
f 3127/2653/3127 3213/2739/3213 3128/2654/3128

usemtl material_165
vt -11.3838243 -11.5961647
f 3128/2654/3128 3213/2739/3213 3214/2740/3214

usemtl material_363
f 3128/2654/3128 3214/2740/3214 3129/2655/3129

usemtl material_366
vt -12.2091436 -10.7237730
f 3129/2655/3129 3214/2740/3214 3215/2741/3215

usemtl material_388
f 3129/2655/3129 3215/2741/3215 3130/2656/3130

usemtl material_658
vt -12.9677801 -9.7928133
f 3130/2656/3130 3215/2741/3215 3216/2742/3216

usemtl material_845
f 3130/2656/3130 3216/2742/3216 3131/2657/3131

usemtl material_390
vt -13.6555910 -8.8083668
f 3131/2657/3131 3216/2742/3216 3217/2743/3217

usemtl material_846
f 3131/2657/3131 3217/2743/3217 3132/2658/3132

usemtl material_949
vt -14.2688198 -7.7758131
f 3132/2658/3132 3217/2743/3217 3218/2744/3218

usemtl material_362
f 3132/2658/3132 3218/2744/3218 3133/2659/3133

usemtl material_1105
vt -14.8041182 -6.7007899
f 3133/2659/3133 3218/2744/3218 3219/2745/3219

usemtl material_1114
f 3133/2659/3133 3219/2745/3219 3134/2660/3134

usemtl material_356
vt -15.2585611 -5.5891700
f 3134/2660/3134 3219/2745/3219 3220/2746/3220

usemtl material_345
f 3134/2660/3134 3220/2746/3220 3135/2661/3135

usemtl material_629
vt -15.6296663 -4.4470234
f 3135/2661/3135 3220/2746/3220 3221/2747/3221

usemtl material_394
f 3135/2661/3135 3221/2747/3221 3136/2662/3136

usemtl material_627
vt -15.9154091 -3.2805891
f 3136/2662/3136 3221/2747/3221 3222/2748/3222

usemtl material_183
f 3136/2662/3136 3222/2748/3222 3137/2663/3137

usemtl material_190
vt -16.1142254 -2.0962374
f 3137/2663/3137 3222/2748/3222 3223/2749/3223

usemtl material_188
f 3137/2663/3137 3223/2749/3223 3138/2664/3138

usemtl material_339
vt -16.2250347 -0.9004365
f 3138/2664/3138 3223/2749/3223 3224/2750/3224

usemtl material_189
f 3138/2664/3138 3224/2750/3224 3139/2665/3139

usemtl material_91
vt -16.2472267 0.3002822
f 3139/2665/3139 3224/2750/3224 3225/2751/3225

usemtl material_93
f 3139/2665/3139 3225/2751/3225 3140/2666/3140

usemtl material_328
vt -16.1806812 1.4993609
f 3140/2666/3140 3225/2751/3225 3226/2752/3226

usemtl material_92
f 3140/2666/3140 3226/2752/3226 3141/2667/3141

usemtl material_90
vt -16.0257626 2.6902506
f 3141/2667/3141 3226/2752/3226 3227/2753/3227

usemtl material_323
f 3141/2667/3141 3227/2753/3227 3142/2668/3142

usemtl material_199
vt -15.7833176 3.8664470
f 3142/2668/3142 3227/2753/3227 3228/2754/3228

usemtl material_911
f 3142/2668/3142 3228/2754/3228 3143/2669/3143

usemtl material_407
vt -15.4546690 5.0215259
f 3143/2669/3143 3228/2754/3228 3229/2755/3229

usemtl material_906
f 3143/2669/3143 3229/2755/3229 3144/2670/3144

usemtl material_1101
vt -15.0416117 6.1491799
f 3144/2670/3144 3229/2755/3229 3230/2756/3230

usemtl material_1100
f 3144/2670/3144 3230/2756/3230 3145/2671/3145

usemtl material_921
vt -14.5464039 7.2432480
f 3145/2671/3145 3230/2756/3230 3231/2757/3231

usemtl material_317
f 3145/2671/3145 3231/2757/3231 3146/2672/3146

usemtl material_567
vt -13.9717474 8.2977571
f 3146/2672/3146 3231/2757/3231 3232/2758/3232

usemtl material_66
f 3146/2672/3146 3232/2758/3232 3147/2673/3147

usemtl material_415
vt -13.3207836 9.3069458
f 3147/2673/3147 3232/2758/3232 3233/2759/3233

usemtl material_64
f 3147/2673/3147 3233/2759/3233 3148/2674/3148

usemtl material_213
vt -12.5970640 10.2653036
f 3148/2674/3148 3233/2759/3233 3234/2760/3234

usemtl material_298
f 3148/2674/3148 3234/2760/3234 3149/2675/3149

usemtl material_60
vt -11.8045454 11.1675959
f 3149/2675/3149 3234/2760/3234 3235/2761/3235

usemtl material_417
f 3149/2675/3149 3235/2761/3235 3150/2676/3150

usemtl material_57
vt -10.9475546 12.0088949
f 3150/2676/3150 3235/2761/3235 3236/2762/3236

usemtl material_59
f 3150/2676/3150 3236/2762/3236 3151/2677/3151

usemtl material_1027
vt -10.0307703 12.7846050
f 3151/2677/3151 3236/2762/3236 3237/2763/3237

usemtl material_56
f 3151/2677/3151 3237/2763/3237 3152/2678/3152

usemtl material_419
vt -9.0592041 13.4904909
f 3152/2678/3152 3237/2763/3237 3238/2764/3238

usemtl material_427
f 3152/2678/3152 3238/2764/3238 3153/2679/3153

usemtl material_221
vt -8.0381575 14.1226959
f 3153/2679/3153 3238/2764/3238 3239/2765/3239

usemtl material_798
f 3153/2679/3153 3239/2765/3239 3154/2680/3154

usemtl material_432
vt -6.9732099 14.6777668
f 3154/2680/3154 3239/2765/3239 3240/2766/3240

usemtl material_1116
f 3154/2680/3154 3240/2766/3240 3155/2681/3155

usemtl material_430
vt -5.8701768 15.1526737
f 3155/2681/3155 3240/2766/3240 3241/2767/3241

usemtl material_548
f 3155/2681/3155 3241/2767/3241 3156/2682/3156

usemtl material_969
vt -4.7350831 15.5448217
f 3156/2682/3156 3241/2767/3241 3242/2768/3242

usemtl material_283
f 3156/2682/3156 3242/2768/3242 3157/2683/3157

usemtl material_984
vt -3.5741282 15.8520699
f 3157/2683/3157 3242/2768/3242 3243/2769/3243

usemtl material_981
f 3157/2683/3157 3243/2769/3243 3158/2684/3158

usemtl material_494
vt -2.3936527 16.0727386
f 3158/2684/3158 3243/2769/3243 3244/2770/3244

usemtl material_489
f 3158/2684/3158 3244/2770/3244 3159/2685/3159

usemtl material_491
vt -1.2001035 16.2056236
f 3159/2685/3159 3244/2770/3244 3245/2771/3245

usemtl material_485
f 3159/2685/3159 3245/2771/3245 3160/2686/3160
vt 0.0000000 16.2500000
f 3160/2686/3160 3245/2771/3245 3246/2772/3246

usemtl material_480
f 3160/2686/3160 3246/2772/3246 3161/2687/3161

usemtl material_485
f 3161/2687/3161 3246/2772/3246 3162/2688/3162

usemtl material_491
vt 1.1826028 15.9693003
f 3246/2772/3246 3247/2773/3247 3162/2688/3162

usemtl material_490
vt 2.3587465 15.8383532
f 3162/2688/3162 3247/2773/3247 3248/2774/3248
f 3162/2688/3162 3248/2774/3248 3163/2689/3163

usemtl material_1097
vt 3.5220077 15.6209021
f 3163/2689/3163 3248/2774/3248 3249/2775/3249
f 3163/2689/3163 3249/2775/3249 3164/2690/3164

usemtl material_982
vt 4.6660328 15.3181353
f 3164/2690/3164 3249/2775/3249 3250/2776/3250

usemtl material_978
f 3164/2690/3164 3250/2776/3250 3165/2691/3165

usemtl material_294
vt 5.7845736 14.9317055
f 3165/2691/3165 3250/2776/3250 3251/2777/3251

usemtl material_975
f 3165/2691/3165 3251/2777/3251 3166/2692/3166

usemtl material_292
vt 6.8715215 14.4637241
f 3166/2692/3166 3251/2777/3251 3252/2778/3252

usemtl material_550
f 3166/2692/3166 3252/2778/3252 3167/2693/3167

usemtl material_220
vt 7.9209385 13.9167480
f 3167/2693/3167 3252/2778/3252 3253/2779/3253

usemtl material_1094
f 3167/2693/3167 3253/2779/3253 3168/2694/3168

usemtl material_1089
vt 8.9270954 13.2937622
f 3168/2694/3168 3253/2779/3253 3254/2780/3254

usemtl material_966
f 3168/2694/3168 3254/2780/3254 3169/2695/3169

usemtl material_48
vt 9.8844948 12.5981712
f 3169/2695/3169 3254/2780/3254 3255/2781/3255

usemtl material_297
f 3169/2695/3169 3255/2781/3255 3170/2696/3170

usemtl material_421
vt 10.7879086 11.8337717
f 3170/2696/3170 3255/2781/3255 3256/2782/3256

usemtl material_549
f 3170/2696/3170 3256/2782/3256 3171/2697/3171

usemtl material_424
vt 11.6324024 11.0047426
f 3171/2697/3171 3256/2782/3256 3257/2783/3257

usemtl material_416
f 3171/2697/3171 3257/2783/3257 3172/2698/3172

usemtl material_555
vt 12.4133644 10.1156073
f 3172/2698/3172 3257/2783/3257 3258/2784/3258

usemtl material_63
f 3172/2698/3172 3258/2784/3258 3173/2699/3173

usemtl material_61
vt 13.1265287 9.1712255
f 3173/2699/3173 3258/2784/3258 3259/2785/3259

usemtl material_67
f 3173/2699/3173 3259/2785/3259 3174/2700/3174

usemtl material_210
vt 13.7680016 8.1767521
f 3174/2700/3174 3259/2785/3259 3260/2786/3260

usemtl material_309
f 3174/2700/3174 3260/2786/3260 3175/2701/3175

usemtl material_305
vt 14.3342772 7.1376219
f 3175/2701/3175 3260/2786/3260 3261/2787/3261

usemtl material_742
f 3175/2701/3175 3261/2787/3261 3176/2702/3176

usemtl material_315
vt 14.8222647 6.0595074
f 3176/2702/3176 3261/2787/3261 3262/2788/3262

usemtl material_570
f 3176/2702/3176 3262/2788/3262 3177/2703/3177

usemtl material_1117
vt 15.2292967 4.9482985
f 3177/2703/3177 3262/2788/3262 3263/2789/3263

usemtl material_1112
f 3177/2703/3177 3263/2789/3263 3178/2704/3178

usemtl material_907
vt 15.5531521 3.8100634
f 3178/2704/3178 3263/2789/3263 3264/2790/3264

usemtl material_726
f 3178/2704/3178 3264/2790/3264 3179/2705/3179

usemtl material_614
vt 15.7920628 2.6510193
f 3179/2705/3179 3264/2790/3264 3265/2791/3265

usemtl material_1038
f 3179/2705/3179 3265/2791/3265 3180/2706/3180

usemtl material_84
vt 15.9447212 1.4774960
f 3180/2706/3180 3265/2791/3265 3266/2792/3266

usemtl material_615
f 3180/2706/3180 3266/2792/3266 3181/2707/3181

usemtl material_329
vt 16.0102959 0.2959033
f 3181/2707/3181 3266/2792/3266 3267/2793/3267

usemtl material_193
f 3181/2707/3181 3267/2793/3267 3182/2708/3182

usemtl material_623
vt 15.9884281 -0.8873057
f 3182/2708/3182 3267/2793/3267 3268/2794/3268

usemtl material_333
f 3182/2708/3182 3268/2794/3268 3183/2709/3183

usemtl material_340
vt 15.8792362 -2.0656683
f 3183/2709/3183 3268/2794/3268 3269/2795/3269

usemtl material_625
f 3183/2709/3183 3269/2795/3269 3184/2710/3184

usemtl material_396
vt 15.6833172 -3.2327492
f 3184/2710/3184 3269/2795/3269 3270/2796/3270

usemtl material_105
f 3184/2710/3184 3270/2796/3270 3185/2711/3185

usemtl material_101
vt 15.4017429 -4.3821735
f 3185/2711/3185 3270/2796/3270 3271/2797/3271

usemtl material_341
f 3185/2711/3185 3271/2797/3271 3186/2712/3186

usemtl material_628
vt 15.0360489 -5.5076642
f 3186/2712/3186 3271/2797/3271 3272/2798/3272

usemtl material_346
f 3186/2712/3186 3272/2798/3272 3187/2713/3187

usemtl material_1042
vt 14.5882330 -6.6030741
f 3187/2713/3187 3272/2798/3272 3273/2799/3273

usemtl material_1118
f 3187/2713/3187 3273/2799/3273 3188/2714/3188

usemtl material_350
vt 14.0607414 -7.6624203
f 3188/2714/3188 3273/2799/3273 3274/2800/3274

usemtl material_361
f 3188/2714/3188 3274/2800/3274 3189/2715/3189

usemtl material_359
vt 13.4564552 -8.6799173
f 3189/2715/3189 3274/2800/3274 3275/2801/3275

usemtl material_387
f 3189/2715/3189 3275/2801/3275 3190/2716/3190

usemtl material_655
vt 12.7786741 -9.6500072
f 3190/2716/3190 3275/2801/3275 3276/2802/3276

usemtl material_365
f 3190/2716/3190 3276/2802/3276 3191/2717/3191

usemtl material_162
vt 12.0311003 -10.5673914
f 3191/2717/3191 3276/2802/3276 3277/2803/3277

usemtl material_950
f 3191/2717/3191 3277/2803/3277 3192/2718/3192

usemtl material_126
vt 11.2178164 -11.4270611
f 3192/2718/3192 3277/2803/3277 3278/2804/3278

usemtl material_371
f 3192/2718/3192 3278/2804/3278 3193/2719/3193

usemtl material_157
vt 10.3432655 -12.2243195
f 3193/2719/3193 3278/2804/3278 3279/2805/3279

usemtl material_1063
f 3193/2719/3193 3279/2805/3279 3194/2720/3194

usemtl material_379
vt 9.4122229 -12.9548130
f 3194/2720/3194 3279/2805/3279 3280/2806/3280

usemtl material_135
f 3194/2720/3194 3280/2806/3280 3195/2721/3195

usemtl material_671
vt 8.4297743 -13.6145535
f 3195/2721/3195 3280/2806/3280 3281/2807/3281

usemtl material_133
f 3195/2721/3195 3281/2807/3281 3196/2722/3196

usemtl material_671
vt 7.4012847 -14.1999340
f 3196/2722/3196 3281/2807/3281 3282/2808/3282

usemtl material_133
f 3196/2722/3196 3282/2808/3282 3197/2723/3197

usemtl material_671
vt 6.3323722 -14.7077599
f 3197/2723/3197 3282/2808/3282 3283/2809/3283

usemtl material_133
f 3197/2723/3197 3283/2809/3283 3198/2724/3198

usemtl material_671
vt 5.2288742 -15.1352577
f 3198/2724/3198 3283/2809/3283 3284/2810/3284

usemtl material_133
f 3198/2724/3198 3284/2810/3284 3199/2725/3199

usemtl material_671
vt 4.0968180 -15.4800911
f 3199/2725/3199 3284/2810/3284 3285/2811/3285

usemtl material_133
f 3199/2725/3199 3285/2811/3285 3200/2726/3200

usemtl material_671
vt 2.9423866 -15.7403774
f 3200/2726/3200 3285/2811/3285 3286/2812/3286

usemtl material_133
f 3200/2726/3200 3286/2812/3286 3201/2727/3201

usemtl material_671
vt 1.7718847 -15.9146976
f 3201/2727/3201 3286/2812/3286 3287/2813/3287

usemtl material_133
f 3201/2727/3201 3287/2813/3287 3202/2728/3202

usemtl material_671
vt 0.5917055 -16.0020943
f 3202/2728/3202 3287/2813/3287 3288/2814/3288

usemtl material_133
f 3202/2728/3202 3288/2814/3288 3203/2729/3203

usemtl material_135
vt -0.5917055 -16.0020943
f 3203/2729/3203 3288/2814/3288 3289/2815/3289
f 3203/2729/3203 3289/2815/3289 3204/2730/3204

usemtl material_155
vt -1.7718847 -15.9146976
f 3204/2730/3204 3289/2815/3289 3290/2816/3290
f 3204/2730/3204 3290/2816/3290 3205/2731/3205

usemtl material_670
vt -2.9423866 -15.7403774
f 3205/2731/3205 3290/2816/3290 3291/2817/3291
f 3205/2731/3205 3291/2817/3291 3206/2732/3206

usemtl material_140
vt -4.0968180 -15.4800911
f 3206/2732/3206 3291/2817/3291 3292/2818/3292
f 3206/2732/3206 3292/2818/3292 3207/2733/3207

usemtl material_378
vt -5.2288742 -15.1352577
f 3207/2733/3207 3292/2818/3292 3293/2819/3293
f 3207/2733/3207 3293/2819/3293 3208/2734/3208

usemtl material_668
vt -6.3323722 -14.7077599
f 3208/2734/3208 3293/2819/3293 3294/2820/3294

usemtl material_667
f 3208/2734/3208 3294/2820/3294 3209/2735/3209

usemtl material_129
vt -7.4012847 -14.1999340
f 3209/2735/3209 3294/2820/3294 3295/2821/3295
f 3209/2735/3209 3295/2821/3295 3210/2736/3210

usemtl material_372
vt -8.4297743 -13.6145535
f 3210/2736/3210 3295/2821/3295 3296/2822/3296

usemtl material_126
f 3210/2736/3210 3296/2822/3296 3211/2737/3211

usemtl material_161
vt -9.4122229 -12.9548130
f 3211/2737/3211 3296/2822/3296 3297/2823/3297

usemtl material_686
f 3211/2737/3211 3297/2823/3297 3212/2738/3212

usemtl material_368
vt -10.3432655 -12.2243195
f 3212/2738/3212 3297/2823/3297 3298/2824/3298

usemtl material_687
f 3212/2738/3212 3298/2824/3298 3213/2739/3213

usemtl material_363
vt -11.2178164 -11.4270611
f 3213/2739/3213 3298/2824/3298 3299/2825/3299

usemtl material_364
f 3213/2739/3213 3299/2825/3299 3214/2740/3214

usemtl material_388
vt -12.0311003 -10.5673914
f 3214/2740/3214 3299/2825/3299 3300/2826/3300

usemtl material_655
f 3214/2740/3214 3300/2826/3300 3215/2741/3215

usemtl material_367
vt -12.7786741 -9.6500072
f 3215/2741/3215 3300/2826/3300 3301/2827/3301

usemtl material_944
f 3215/2741/3215 3301/2827/3301 3216/2742/3216

usemtl material_936
vt -13.4564552 -8.6799173
f 3216/2742/3216 3301/2827/3301 3302/2828/3302

usemtl material_169
f 3216/2742/3216 3302/2828/3302 3217/2743/3217

usemtl material_362
vt -14.0607414 -7.6624203
f 3217/2743/3217 3302/2828/3302 3303/2829/3303

usemtl material_940
f 3217/2743/3217 3303/2829/3303 3218/2744/3218

usemtl material_1068
vt -14.5882330 -6.6030741
f 3218/2744/3218 3303/2829/3303 3304/2830/3304

usemtl material_354
f 3218/2744/3218 3304/2830/3304 3219/2745/3219

usemtl material_344
vt -15.0360489 -5.5076642
f 3219/2745/3219 3304/2830/3304 3305/2831/3305

usemtl material_346
f 3219/2745/3219 3305/2831/3305 3220/2746/3220

usemtl material_348
vt -15.4017429 -4.3821735
f 3220/2746/3220 3305/2831/3305 3306/2832/3306

usemtl material_935
f 3220/2746/3220 3306/2832/3306 3221/2747/3221

usemtl material_101
vt -15.6833172 -3.2327492
f 3221/2747/3221 3306/2832/3306 3307/2833/3307

usemtl material_183
f 3221/2747/3221 3307/2833/3307 3222/2748/3222

usemtl material_190
vt -15.8792362 -2.0656683
f 3222/2748/3222 3307/2833/3307 3308/2834/3308

usemtl material_188
f 3222/2748/3222 3308/2834/3308 3223/2749/3223

usemtl material_339
vt -15.9884281 -0.8873057
f 3223/2749/3223 3308/2834/3308 3309/2835/3309

usemtl material_99
f 3223/2749/3223 3309/2835/3309 3224/2750/3224

usemtl material_894
vt -16.0102959 0.2959033
f 3224/2750/3224 3309/2835/3309 3310/2836/3310

usemtl material_93
f 3224/2750/3224 3310/2836/3310 3225/2751/3225

usemtl material_89
vt -15.9447212 1.4774960
f 3225/2751/3225 3310/2836/3310 3311/2837/3311

usemtl material_92
f 3225/2751/3225 3311/2837/3311 3226/2752/3226

usemtl material_613
vt -15.7920628 2.6510193
f 3226/2752/3226 3311/2837/3311 3312/2838/3312

usemtl material_323
f 3226/2752/3226 3312/2838/3312 3227/2753/3227

usemtl material_81
vt -15.5531521 3.8100634
f 3227/2753/3227 3312/2838/3312 3313/2839/3313

usemtl material_327
f 3227/2753/3227 3313/2839/3313 3228/2754/3228

usemtl material_319
vt -15.2292967 4.9482985
f 3228/2754/3228 3313/2839/3313 3314/2840/3314

usemtl material_320
f 3228/2754/3228 3314/2840/3314 3229/2755/3229

usemtl material_1101
vt -14.8222647 6.0595074
f 3229/2755/3229 3314/2840/3314 3315/2841/3315

usemtl material_1030
f 3229/2755/3229 3315/2841/3315 3230/2756/3230

usemtl material_314
vt -14.3342772 7.1376219
f 3230/2756/3230 3315/2841/3315 3316/2842/3316

usemtl material_316
f 3230/2756/3230 3316/2842/3316 3231/2757/3231

usemtl material_412
vt -13.7680016 8.1767521
f 3231/2757/3231 3316/2842/3316 3317/2843/3317

usemtl material_306
f 3231/2757/3231 3317/2843/3317 3232/2758/3232

usemtl material_309
vt -13.1265287 9.1712255
f 3232/2758/3232 3317/2843/3317 3318/2844/3318

usemtl material_569
f 3232/2758/3232 3318/2844/3318 3233/2759/3233

usemtl material_67
vt -12.4133644 10.1156073
f 3233/2759/3233 3318/2844/3318 3319/2845/3319

usemtl material_302
f 3233/2759/3233 3319/2845/3319 3234/2760/3234

usemtl material_63
vt -11.6324024 11.0047426
f 3234/2760/3234 3319/2845/3319 3320/2846/3320

usemtl material_556
f 3234/2760/3234 3320/2846/3320 3235/2761/3235

usemtl material_416
vt -10.7879086 11.8337717
f 3235/2761/3235 3320/2846/3320 3321/2847/3321

usemtl material_423
f 3235/2761/3235 3321/2847/3321 3236/2762/3236

usemtl material_549
vt -9.8844948 12.5981712
f 3236/2762/3236 3321/2847/3321 3322/2848/3322

usemtl material_217
f 3236/2762/3236 3322/2848/3322 3237/2763/3237

usemtl material_297
vt -8.9270954 13.2937622
f 3237/2763/3237 3322/2848/3322 3323/2849/3323

usemtl material_54
f 3237/2763/3237 3323/2849/3323 3238/2764/3238

usemtl material_1023
vt -7.9209385 13.9167480
f 3238/2764/3238 3323/2849/3323 3324/2850/3324

usemtl material_52
f 3238/2764/3238 3324/2850/3324 3239/2765/3239

usemtl material_1093
vt -6.8715215 14.4637241
f 3239/2765/3239 3324/2850/3324 3325/2851/3325

usemtl material_1091
f 3239/2765/3239 3325/2851/3325 3240/2766/3240

usemtl material_1022
vt -5.7845736 14.9317055
f 3240/2766/3240 3325/2851/3325 3326/2852/3326

usemtl material_973
f 3240/2766/3240 3326/2852/3326 3241/2767/3241

usemtl material_975
vt -4.6660328 15.3181353
f 3241/2767/3241 3326/2852/3326 3327/2853/3327

usemtl material_969
f 3241/2767/3241 3327/2853/3327 3242/2768/3242

usemtl material_978
vt -3.5220077 15.6209021
f 3242/2768/3242 3327/2853/3327 3328/2854/3328

usemtl material_984
f 3242/2768/3242 3328/2854/3328 3243/2769/3243

usemtl material_1097
vt -2.3587465 15.8383532
f 3243/2769/3243 3328/2854/3328 3329/2855/3329

usemtl material_1015
f 3243/2769/3243 3329/2855/3329 3244/2770/3244

usemtl material_487
vt -1.1826028 15.9693003
f 3244/2770/3244 3329/2855/3329 3330/2856/3330

usemtl material_1017
f 3244/2770/3244 3330/2856/3330 3245/2771/3245
vt 0.0000000 16.0130291
f 3245/2771/3245 3330/2856/3330 3331/2857/3331

usemtl material_491
f 3245/2771/3245 3331/2857/3331 3246/2772/3246
f 3246/2772/3246 3331/2857/3331 3247/2773/3247

usemtl material_494
vt 1.1639507 15.7174339
f 3331/2857/3331 3332/2858/3332 3247/2773/3247

usemtl material_981
vt 2.3215444 15.5885506
f 3247/2773/3247 3332/2858/3332 3333/2859/3333

usemtl material_1097
f 3247/2773/3247 3333/2859/3333 3248/2774/3248

usemtl material_434
vt 3.4664586 15.3745289
f 3248/2774/3248 3333/2859/3333 3334/2860/3334
f 3248/2774/3248 3334/2860/3334 3249/2775/3249

usemtl material_436
vt 4.5924401 15.0765381
f 3249/2775/3249 3334/2860/3334 3335/2861/3335

usemtl material_295
f 3249/2775/3249 3335/2861/3335 3250/2776/3250

usemtl material_429
vt 5.6933393 14.6962032
f 3250/2776/3250 3335/2861/3335 3336/2862/3336

usemtl material_47
f 3250/2776/3250 3336/2862/3336 3251/2777/3251

usemtl material_1022
vt 6.7631435 14.2356024
f 3251/2777/3251 3336/2862/3336 3337/2863/3337

usemtl material_291
f 3251/2777/3251 3337/2863/3337 3252/2778/3252

usemtl material_290
vt 7.7960095 13.6972523
f 3252/2778/3252 3337/2863/3337 3338/2864/3338

usemtl material_748
f 3252/2778/3252 3338/2864/3338 3253/2779/3253

usemtl material_426
vt 8.7862968 13.0840921
f 3253/2779/3253 3338/2864/3338 3339/2865/3339

usemtl material_747
f 3253/2779/3253 3339/2865/3339 3254/2780/3254

usemtl material_419
vt 9.7285967 12.3994713
f 3254/2780/3254 3339/2865/3339 3340/2866/3340

usemtl material_546
f 3254/2780/3254 3340/2866/3340 3255/2781/3255

usemtl material_549
vt 10.6177616 11.6471291
f 3255/2781/3255 3340/2866/3340 3341/2867/3341

usemtl material_53
f 3255/2781/3255 3341/2867/3341 3256/2782/3256

usemtl material_57
vt 11.4489365 10.8311749
f 3256/2782/3256 3341/2867/3341 3342/2868/3342

usemtl material_553
f 3256/2782/3256 3342/2868/3342 3257/2783/3257

usemtl material_60
vt 12.2175808 9.9560633
f 3257/2783/3257 3342/2868/3342 3343/2869/3343

usemtl material_58
f 3257/2783/3257 3343/2869/3343 3258/2784/3258

usemtl material_213
vt 12.9194965 9.0265760
f 3258/2784/3258 3343/2869/3343 3344/2870/3344

usemtl material_561
f 3258/2784/3258 3344/2870/3344 3259/2785/3259

usemtl material_566
vt 13.5508518 8.0477886
f 3259/2785/3259 3344/2870/3344 3345/2871/3345

usemtl material_211
f 3259/2785/3259 3345/2871/3345 3260/2786/3260

usemtl material_567
vt 14.1081963 7.0250473
f 3260/2786/3260 3345/2871/3345 3346/2872/3346

usemtl material_209
f 3260/2786/3260 3346/2872/3346 3261/2787/3261

usemtl material_923
vt 14.5884867 5.9639368
f 3261/2787/3261 3346/2872/3346 3347/2873/3347

usemtl material_570
f 3261/2787/3261 3347/2873/3347 3262/2788/3262

usemtl material_904
vt 14.9890995 4.8702536
f 3262/2788/3262 3347/2873/3347 3348/2874/3348

usemtl material_909
f 3262/2788/3262 3348/2874/3348 3263/2789/3263

usemtl material_907
vt 15.3078470 3.7499712
f 3263/2789/3263 3348/2874/3348 3349/2875/3349

usemtl material_726
f 3263/2789/3263 3349/2875/3349 3264/2790/3264

usemtl material_922
vt 15.5429897 2.6092074
f 3264/2790/3264 3349/2875/3349 3350/2876/3350

usemtl material_1038
f 3264/2790/3264 3350/2876/3350 3265/2791/3265

usemtl material_84
vt 15.6932421 1.4541929
f 3265/2791/3265 3350/2876/3350 3351/2877/3351

usemtl material_615
f 3265/2791/3265 3351/2877/3351 3266/2792/3266

usemtl material_329
vt 15.7577801 0.2912363
f 3266/2792/3266 3351/2877/3351 3352/2878/3352

usemtl material_192
f 3266/2792/3266 3352/2878/3352 3267/2793/3267

usemtl material_915
vt 15.7362576 -0.8733110
f 3267/2793/3267 3352/2878/3352 3353/2879/3353

usemtl material_620
f 3267/2793/3267 3353/2879/3353 3268/2794/3268

usemtl material_622
vt 15.6287889 -2.0330887
f 3268/2794/3268 3353/2879/3353 3354/2880/3354

usemtl material_625
f 3268/2794/3268 3354/2880/3354 3269/2795/3269

usemtl material_396
vt 15.4359598 -3.1817620
f 3269/2795/3269 3354/2880/3354 3355/2881/3355

usemtl material_105
f 3269/2795/3269 3355/2881/3355 3270/2796/3270

usemtl material_101
vt 15.1588268 -4.3130579
f 3270/2796/3270 3355/2881/3355 3356/2882/3356

usemtl material_341
f 3270/2796/3270 3356/2882/3356 3271/2797/3271

usemtl material_628
vt 14.7988997 -5.4207973
f 3271/2797/3271 3356/2882/3356 3357/2883/3357

usemtl material_346
f 3271/2797/3271 3357/2883/3357 3272/2798/3272

usemtl material_1042
vt 14.3581467 -6.4989305
f 3272/2798/3272 3357/2883/3357 3358/2884/3358

usemtl material_1118
f 3272/2798/3272 3358/2884/3358 3273/2799/3273

usemtl material_818
vt 13.8389750 -7.5415683
f 3273/2799/3273 3358/2884/3358 3359/2885/3359

usemtl material_1051
f 3273/2799/3273 3359/2885/3359 3274/2800/3274

usemtl material_390
vt 13.2442188 -8.5430174
f 3274/2800/3274 3359/2885/3359 3360/2886/3360

usemtl material_386
f 3274/2800/3274 3360/2886/3360 3275/2801/3275

usemtl material_655
vt 12.5771284 -9.4978065
f 3275/2801/3275 3360/2886/3360 3361/2887/3361

usemtl material_366
f 3275/2801/3275 3361/2887/3361 3276/2802/3276

usemtl material_162
vt 11.8413458 -10.4007225
f 3276/2802/3276 3361/2887/3361 3362/2888/3362

usemtl material_961
f 3276/2802/3276 3362/2888/3362 3277/2803/3277

usemtl material_160
vt 11.0408888 -11.2468328
f 3277/2803/3277 3362/2888/3362 3363/2889/3363

usemtl material_371
f 3277/2803/3277 3363/2889/3363 3278/2804/3278

usemtl material_680
vt 10.1801319 -12.0315180
f 3278/2804/3278 3363/2889/3363 3364/2890/3364

usemtl material_370
f 3278/2804/3278 3364/2890/3364 3279/2805/3279

usemtl material_670
vt 9.2637739 -12.7504892
f 3279/2805/3279 3364/2890/3364 3365/2891/3365

usemtl material_379
f 3279/2805/3279 3365/2891/3365 3280/2806/3280
vt 8.2968197 -13.3998232
f 3280/2806/3280 3365/2891/3365 3366/2892/3366

usemtl material_155
f 3280/2806/3280 3366/2892/3366 3281/2807/3281

usemtl material_379
vt 7.2845516 -13.9759722
f 3281/2807/3281 3366/2892/3366 3367/2893/3367

usemtl material_155
f 3281/2807/3281 3367/2893/3367 3282/2808/3282

usemtl material_379
vt 6.2324977 -14.4757891
f 3282/2808/3282 3367/2893/3367 3368/2894/3368

usemtl material_155
f 3282/2808/3282 3368/2894/3368 3283/2809/3283

usemtl material_379
vt 5.1464043 -14.8965435
f 3283/2809/3283 3368/2894/3368 3369/2895/3369

usemtl material_155
f 3283/2809/3283 3369/2895/3369 3284/2810/3284

usemtl material_379
vt 4.0322032 -15.2359390
f 3284/2810/3284 3369/2895/3369 3370/2896/3370

usemtl material_155
f 3284/2810/3284 3370/2896/3370 3285/2811/3285

usemtl material_379
vt 2.8959792 -15.4921198
f 3285/2811/3285 3370/2896/3370 3371/2897/3371

usemtl material_155
f 3285/2811/3285 3371/2897/3371 3286/2812/3286

usemtl material_379
vt 1.7439386 -15.6636887
f 3286/2812/3286 3371/2897/3371 3372/2898/3372

usemtl material_155
f 3286/2812/3286 3372/2898/3372 3287/2813/3287

usemtl material_379
vt 0.5823731 -15.7497101
f 3287/2813/3287 3372/2898/3372 3373/2899/3373

usemtl material_155
f 3287/2813/3287 3373/2899/3373 3288/2814/3288

usemtl material_374
vt -0.5823731 -15.7497101
f 3288/2814/3288 3373/2899/3373 3374/2900/3374

usemtl material_379
f 3288/2814/3288 3374/2900/3374 3289/2815/3289

usemtl material_156
vt -1.7439386 -15.6636887
f 3289/2815/3289 3374/2900/3374 3375/2901/3375

usemtl material_670
f 3289/2815/3289 3375/2901/3375 3290/2816/3290

usemtl material_1063
vt -2.8959792 -15.4921198
f 3290/2816/3290 3375/2901/3375 3376/2902/3376

usemtl material_140
f 3290/2816/3290 3376/2902/3376 3291/2817/3291

usemtl material_131
vt -4.0322032 -15.2359390
f 3291/2817/3291 3376/2902/3376 3377/2903/3377
f 3291/2817/3291 3377/2903/3377 3292/2818/3292

usemtl material_680
vt -5.1464043 -14.8965435
f 3292/2818/3292 3377/2903/3377 3378/2904/3378
f 3292/2818/3292 3378/2904/3378 3293/2819/3293

usemtl material_158
vt -6.2324977 -14.4757891
f 3293/2819/3293 3378/2904/3378 3379/2905/3379

usemtl material_134
f 3293/2819/3293 3379/2905/3379 3294/2820/3294

usemtl material_159
vt -7.2845516 -13.9759722
f 3294/2820/3294 3379/2905/3379 3380/2906/3380
f 3294/2820/3294 3380/2906/3380 3295/2821/3295

usemtl material_132
vt -8.2968197 -13.3998232
f 3295/2821/3295 3380/2906/3380 3381/2907/3381

usemtl material_380
f 3295/2821/3295 3381/2907/3381 3296/2822/3296

usemtl material_665
vt -9.2637739 -12.7504892
f 3296/2822/3296 3381/2907/3381 3382/2908/3382

usemtl material_664
f 3296/2822/3296 3382/2908/3382 3297/2823/3297

usemtl material_661
vt -10.1801319 -12.0315180
f 3297/2823/3297 3382/2908/3382 3383/2909/3383

usemtl material_688
f 3297/2823/3297 3383/2909/3383 3298/2824/3298

usemtl material_659
vt -11.0408888 -11.2468328
f 3298/2824/3298 3383/2909/3383 3384/2910/3384

usemtl material_366
f 3298/2824/3298 3384/2910/3384 3299/2825/3299

usemtl material_166
vt -11.8413458 -10.4007225
f 3299/2825/3299 3384/2910/3384 3385/2911/3385

usemtl material_819
f 3299/2825/3299 3385/2911/3385 3300/2826/3300

usemtl material_386
vt -12.5771284 -9.4978065
f 3300/2826/3300 3385/2911/3385 3386/2912/3386

usemtl material_385
f 3300/2826/3300 3386/2912/3386 3301/2827/3301

usemtl material_948
vt -13.2442188 -8.5430174
f 3301/2827/3301 3386/2912/3386 3387/2913/3387

usemtl material_941
f 3301/2827/3301 3387/2913/3387 3302/2828/3302

usemtl material_818
vt -13.8389750 -7.5415683
f 3302/2828/3302 3387/2913/3387 3388/2914/3388

usemtl material_1048
f 3302/2828/3302 3388/2914/3388 3303/2829/3303

usemtl material_1103
vt -14.3581467 -6.4989305
f 3303/2829/3303 3388/2914/3388 3389/2915/3389

usemtl material_392
f 3303/2829/3303 3389/2915/3389 3304/2830/3304

usemtl material_932
vt -14.7988997 -5.4207973
f 3304/2830/3304 3389/2915/3389 3390/2916/3390

usemtl material_931
f 3304/2830/3304 3390/2916/3390 3305/2831/3305

usemtl material_349
vt -15.1588268 -4.3130579
f 3305/2831/3305 3390/2916/3390 3391/2917/3391

usemtl material_184
f 3305/2831/3305 3391/2917/3391 3306/2832/3306

usemtl material_187
vt -15.4359598 -3.1817620
f 3306/2832/3306 3391/2917/3391 3392/2918/3392

usemtl material_186
f 3306/2832/3306 3392/2918/3392 3307/2833/3307

usemtl material_396
vt -15.6287889 -2.0330887
f 3307/2833/3307 3392/2918/3392 3393/2919/3393

usemtl material_188
f 3307/2833/3307 3393/2919/3393 3308/2834/3308

usemtl material_339
vt -15.7362576 -0.8733110
f 3308/2834/3308 3393/2919/3393 3394/2920/3394

usemtl material_99
f 3308/2834/3308 3394/2920/3394 3309/2835/3309

usemtl material_894
vt -15.7577801 0.2912363
f 3309/2835/3309 3394/2920/3394 3395/2921/3395

usemtl material_334
f 3309/2835/3309 3395/2921/3395 3310/2836/3310

usemtl material_89
vt -15.6932421 1.4541929
f 3310/2836/3310 3395/2921/3395 3396/2922/3396

usemtl material_400
f 3310/2836/3310 3396/2922/3396 3311/2837/3311

usemtl material_331
vt -15.5429897 2.6092074
f 3311/2837/3311 3396/2922/3396 3397/2923/3397

usemtl material_880
f 3311/2837/3311 3397/2923/3397 3312/2838/3312

usemtl material_81
vt -15.3078470 3.7499712
f 3312/2838/3312 3397/2923/3397 3398/2924/3398

usemtl material_723
f 3312/2838/3312 3398/2924/3398 3313/2839/3313

usemtl material_319
vt -14.9890995 4.8702536
f 3313/2839/3313 3398/2924/3398 3399/2925/3399

usemtl material_1113
f 3313/2839/3313 3399/2925/3399 3314/2840/3314

usemtl material_245
vt -14.5884867 5.9639368
f 3314/2840/3314 3399/2925/3399 3400/2926/3400

usemtl material_1030
f 3314/2840/3314 3400/2926/3400 3315/2841/3315

usemtl material_570
vt -14.1081963 7.0250473
f 3315/2841/3315 3400/2926/3400 3401/2927/3401

usemtl material_745
f 3315/2841/3315 3401/2927/3401 3316/2842/3316

usemtl material_742
vt -13.5508518 8.0477886
f 3316/2842/3316 3401/2927/3401 3402/2928/3402

usemtl material_305
f 3316/2842/3316 3402/2928/3402 3317/2843/3317

usemtl material_308
vt -12.9194965 9.0265760
f 3317/2843/3317 3402/2928/3402 3403/2929/3403

usemtl material_65
f 3317/2843/3317 3403/2929/3403 3318/2844/3318

usemtl material_561
vt -12.2175808 9.9560633
f 3318/2844/3318 3403/2929/3403 3404/2930/3404

usemtl material_61
f 3318/2844/3318 3404/2930/3404 3319/2845/3319

usemtl material_58
vt -11.4489365 10.8311749
f 3319/2845/3319 3404/2930/3404 3405/2931/3405

usemtl material_557
f 3319/2845/3319 3405/2931/3405 3320/2846/3320

usemtl material_553
vt -10.6177616 11.6471291
f 3320/2846/3320 3405/2931/3405 3406/2932/3406

usemtl material_301
f 3320/2846/3320 3406/2932/3406 3321/2847/3321

usemtl material_53
vt -9.7285967 12.3994713
f 3321/2847/3321 3406/2932/3406 3407/2933/3407

usemtl material_1027
f 3321/2847/3321 3407/2933/3407 3322/2848/3322

usemtl material_546
vt -8.7862968 13.0840921
f 3322/2848/3322 3407/2933/3407 3408/2934/3408

usemtl material_428
f 3322/2848/3322 3408/2934/3408 3323/2849/3323

usemtl material_747
vt -7.7960095 13.6972523
f 3323/2849/3323 3408/2934/3408 3409/2935/3409

usemtl material_426
f 3323/2849/3323 3409/2935/3409 3324/2850/3324

usemtl material_748
vt -6.7631435 14.2356024
f 3324/2850/3324 3409/2935/3409 3410/2936/3410

usemtl material_1092
f 3324/2850/3324 3410/2936/3410 3325/2851/3325

usemtl material_1116
vt -5.6933393 14.6962032
f 3325/2851/3325 3410/2936/3410 3411/2937/3411

usemtl material_1119
f 3325/2851/3325 3411/2937/3411 3326/2852/3326

usemtl material_222
vt -4.5924401 15.0765381
f 3326/2852/3326 3411/2937/3411 3412/2938/3412

usemtl material_975
f 3326/2852/3326 3412/2938/3412 3327/2853/3327

usemtl material_1096
vt -3.4664586 15.3745289
f 3327/2853/3327 3412/2938/3412 3413/2939/3413

usemtl material_435
f 3327/2853/3327 3413/2939/3413 3328/2854/3328

usemtl material_811
vt -2.3215444 15.5885506
f 3328/2854/3328 3413/2939/3413 3414/2940/3414

usemtl material_1120
f 3328/2854/3328 3414/2940/3414 3329/2855/3329

usemtl material_1097
vt -1.1639507 15.7174339
f 3329/2855/3329 3414/2940/3414 3415/2941/3415

usemtl material_1015
f 3329/2855/3329 3415/2941/3415 3330/2856/3330

usemtl material_781
vt 0.0000000 15.7604723
f 3330/2856/3330 3415/2941/3415 3416/2942/3416

usemtl material_494
f 3330/2856/3330 3416/2942/3416 3331/2857/3331

usemtl material_781
f 3331/2857/3331 3416/2942/3416 3332/2858/3332

usemtl material_981
vt 1.1447142 15.4576721
f 3416/2942/3416 3417/2943/3417 3332/2858/3332

usemtl material_984
vt 2.2831764 15.3309202
f 3332/2858/3332 3417/2943/3417 3418/2944/3418
f 3332/2858/3332 3418/2944/3418 3333/2859/3333

usemtl material_978
vt 3.4091685 15.1204357
f 3333/2859/3333 3418/2944/3418 3419/2945/3419

usemtl material_435
f 3333/2859/3333 3419/2945/3419 3334/2860/3334

usemtl material_437
vt 4.5165410 14.8273687
f 3334/2860/3334 3419/2945/3419 3420/2946/3420

usemtl material_1121
f 3334/2860/3334 3420/2946/3420 3335/2861/3335

usemtl material_973
vt 5.5992460 14.4533195
f 3335/2861/3335 3420/2946/3420 3421/2947/3421

usemtl material_1020
f 3335/2861/3335 3421/2947/3421 3336/2862/3336

usemtl material_1116
vt 6.6513696 14.0003319
f 3336/2862/3336 3421/2947/3421 3422/2948/3422

usemtl material_1111
f 3336/2862/3336 3422/2948/3422 3337/2863/3337

usemtl material_748
vt 7.6671658 13.4708786
f 3337/2863/3337 3422/2948/3422 3423/2949/3423

usemtl material_425
f 3337/2863/3337 3423/2949/3423 3338/2864/3338

usemtl material_747
vt 8.6410866 12.8678522
f 3338/2864/3338 3423/2949/3423 3424/2950/3424

usemtl material_538
f 3338/2864/3338 3424/2950/3424 3339/2865/3339

usemtl material_559
vt 9.5678120 12.1945467
f 3339/2865/3339 3424/2950/3424 3425/2951/3425

usemtl material_51
f 3339/2865/3339 3425/2951/3425 3340/2866/3340

usemtl material_422
vt 10.4422817 11.4546385
f 3340/2866/3340 3425/2951/3425 3426/2952/3426

usemtl material_551
f 3340/2866/3340 3426/2952/3426 3341/2867/3341

usemtl material_416
vt 11.2597208 10.6521683
f 3341/2867/3341 3426/2952/3426 3427/2953/3427

usemtl material_300
f 3341/2867/3341 3427/2953/3427 3342/2868/3342

usemtl material_63
vt 12.0156612 9.7915201
f 3342/2868/3342 3427/2953/3427 3428/2954/3428

usemtl material_558
f 3342/2868/3342 3428/2954/3428 3343/2869/3343

usemtl material_303
vt 12.7059774 8.8773947
f 3343/2869/3343 3428/2954/3428 3429/2955/3429

usemtl material_212
f 3343/2869/3343 3429/2955/3429 3344/2870/3344

usemtl material_415
vt 13.3268976 7.9147835
f 3344/2870/3344 3429/2955/3429 3430/2956/3430

usemtl material_68
f 3344/2870/3344 3430/2956/3430 3345/2871/3345

usemtl material_412
vt 13.8750305 6.9089441
f 3345/2871/3345 3430/2956/3430 3431/2957/3431

usemtl material_209
f 3345/2871/3345 3431/2957/3431 3346/2872/3346

usemtl material_921
vt 14.3473835 5.8653712
f 3346/2872/3346 3431/2957/3431 3432/2958/3432

usemtl material_744
f 3346/2872/3346 3432/2958/3432 3347/2873/3347

usemtl material_1031
vt 14.7413759 4.7897635
f 3347/2873/3347 3432/2958/3432 3433/2959/3433

usemtl material_322
f 3347/2873/3347 3433/2959/3433 3348/2874/3348

usemtl material_407
vt 15.0548563 3.6879954
f 3348/2874/3348 3433/2959/3433 3434/2960/3434

usemtl material_318
f 3348/2874/3348 3434/2960/3434 3349/2875/3349

usemtl material_199
vt 15.2861109 2.5660851
f 3349/2875/3349 3434/2960/3434 3435/2961/3435

usemtl material_88
f 3349/2875/3349 3435/2961/3435 3350/2876/3350

usemtl material_90
vt 15.4338799 1.4301596
f 3350/2876/3350 3435/2961/3435 3436/2962/3436

usemtl material_330
f 3350/2876/3350 3436/2962/3436 3351/2877/3351

usemtl material_401
vt 15.4973526 0.2864230
f 3351/2877/3351 3436/2962/3436 3437/2963/3437

usemtl material_192
f 3351/2877/3351 3437/2963/3437 3352/2878/3352

usemtl material_915
vt 15.4761858 -0.8588778
f 3352/2878/3352 3437/2963/3437 3438/2964/3438

usemtl material_620
f 3352/2878/3352 3438/2964/3438 3353/2879/3353

usemtl material_622
vt 15.3704929 -1.9994879
f 3353/2879/3353 3438/2964/3438 3439/2965/3439

usemtl material_625
f 3353/2879/3353 3439/2965/3439 3354/2880/3354

usemtl material_396
vt 15.1808510 -3.1291773
f 3354/2880/3354 3439/2965/3439 3440/2966/3440

usemtl material_105
f 3354/2880/3354 3440/2966/3440 3355/2881/3355

usemtl material_101
vt 14.9082975 -4.2417760
f 3355/2881/3355 3440/2966/3440 3441/2967/3441

usemtl material_341
f 3355/2881/3355 3441/2967/3441 3356/2882/3356

usemtl material_629
vt 14.5543203 -5.3312082
f 3356/2882/3356 3441/2967/3441 3442/2968/3442

usemtl material_347
f 3356/2882/3356 3442/2968/3442 3357/2883/3357

usemtl material_1042
vt 14.1208506 -6.3915229
f 3357/2883/3357 3442/2968/3442 3443/2969/3443

usemtl material_1041
f 3357/2883/3357 3443/2969/3443 3358/2884/3358

usemtl material_940
vt 13.6102600 -7.4169292
f 3358/2884/3358 3443/2969/3443 3444/2970/3444

usemtl material_1051
f 3358/2884/3358 3444/2970/3444 3359/2885/3359

usemtl material_690
vt 13.0253334 -8.4018269
f 3359/2885/3359 3444/2970/3444 3445/2971/3445

usemtl material_944
f 3359/2885/3359 3445/2971/3445 3360/2886/3360

usemtl material_166
vt 12.3692665 -9.3408365
f 3360/2886/3360 3445/2971/3445 3446/2972/3446

usemtl material_366
f 3360/2886/3360 3446/2972/3446 3361/2887/3361

usemtl material_689
vt 11.6456442 -10.2288303
f 3361/2887/3361 3446/2972/3446 3447/2973/3447

usemtl material_961
f 3361/2887/3361 3447/2973/3447 3362/2888/3362

usemtl material_662
vt 10.8584175 -11.0609579
f 3362/2888/3362 3447/2973/3447 3448/2974/3448

usemtl material_684
f 3362/2888/3362 3448/2974/3448 3363/2889/3363

usemtl material_1122
vt 10.0118856 -11.8326731
f 3363/2889/3363 3448/2974/3448 3449/2975/3449

usemtl material_131
f 3363/2889/3363 3449/2975/3449 3364/2890/3364

usemtl material_156
vt 9.1106710 -12.5397635
f 3364/2890/3364 3449/2975/3449 3450/2976/3450

usemtl material_670
f 3364/2890/3364 3450/2976/3450 3365/2891/3365

usemtl material_156
vt 8.1596985 -13.1783657
f 3365/2891/3365 3450/2976/3450 3451/2977/3451

usemtl material_670
f 3365/2891/3365 3451/2977/3451 3366/2892/3366

usemtl material_156
vt 7.1641603 -13.7449923
f 3366/2892/3366 3451/2977/3451 3452/2978/3452

usemtl material_670
f 3366/2892/3366 3452/2978/3452 3367/2893/3367

usemtl material_156
vt 6.1294937 -14.2365484
f 3367/2893/3367 3452/2978/3452 3453/2979/3453

usemtl material_670
f 3367/2893/3367 3453/2979/3453 3368/2894/3368

usemtl material_156
vt 5.0613499 -14.6503496
f 3368/2894/3368 3453/2979/3453 3454/2980/3454

usemtl material_670
f 3368/2894/3368 3454/2980/3454 3369/2895/3369

usemtl material_156
vt 3.9655631 -14.9841356
f 3369/2895/3369 3454/2980/3454 3455/2981/3455

usemtl material_670
f 3369/2895/3369 3455/2981/3455 3370/2896/3370

usemtl material_156
vt 2.8481176 -15.2360830
f 3370/2896/3370 3455/2981/3455 3456/2982/3456

usemtl material_670
f 3370/2896/3370 3456/2982/3456 3371/2897/3371

usemtl material_156
vt 1.7151165 -15.4048166
f 3371/2897/3371 3456/2982/3456 3457/2983/3457

usemtl material_670
f 3371/2897/3371 3457/2983/3457 3372/2898/3372

usemtl material_156
vt 0.5727482 -15.4894142
f 3372/2898/3372 3457/2983/3457 3458/2984/3458
f 3372/2898/3372 3458/2984/3458 3373/2899/3373

usemtl material_140
vt -0.5727482 -15.4894142
f 3373/2899/3373 3458/2984/3458 3459/2985/3459
f 3373/2899/3373 3459/2985/3459 3374/2900/3374

usemtl material_370
vt -1.7151165 -15.4048166
f 3374/2900/3374 3459/2985/3459 3460/2986/3460

usemtl material_1063
f 3374/2900/3374 3460/2986/3460 3375/2901/3375

usemtl material_378
vt -2.8481176 -15.2360830
f 3375/2901/3375 3460/2986/3460 3461/2987/3461
f 3375/2901/3375 3461/2987/3461 3376/2902/3376

usemtl material_680
vt -3.9655631 -14.9841356
f 3376/2902/3376 3461/2987/3461 3462/2988/3462
f 3376/2902/3376 3462/2988/3462 3377/2903/3377

usemtl material_666
vt -5.0613499 -14.6503496
f 3377/2903/3377 3462/2988/3462 3463/2989/3463
f 3377/2903/3377 3463/2989/3463 3378/2904/3378

usemtl material_129
vt -6.1294937 -14.2365484
f 3378/2904/3378 3463/2989/3463 3464/2990/3464

usemtl material_371
f 3378/2904/3378 3464/2990/3464 3379/2905/3379

usemtl material_126
vt -7.1641603 -13.7449923
f 3379/2905/3379 3464/2990/3464 3465/2991/3465
f 3379/2905/3379 3465/2991/3465 3380/2906/3380

usemtl material_128
vt -8.1596985 -13.1783657
f 3380/2906/3380 3465/2991/3465 3466/2992/3466

usemtl material_161
f 3380/2906/3380 3466/2992/3466 3381/2907/3381

usemtl material_961
vt -9.1106710 -12.5397635
f 3381/2907/3381 3466/2992/3466 3467/2993/3467

usemtl material_1058
f 3381/2907/3381 3467/2993/3467 3382/2908/3382

usemtl material_683
vt -10.0118856 -11.8326731
f 3382/2908/3382 3467/2993/3467 3468/2994/3468

usemtl material_1123
f 3382/2908/3382 3468/2994/3468 3383/2909/3383

usemtl material_660
vt -10.8584175 -11.0609579
f 3383/2909/3383 3468/2994/3468 3469/2995/3469

usemtl material_693
f 3383/2909/3383 3469/2995/3469 3384/2910/3384

usemtl material_123
vt -11.6456442 -10.2288303
f 3384/2910/3384 3469/2995/3469 3470/2996/3470

usemtl material_657
f 3384/2910/3384 3470/2996/3470 3385/2911/3385

usemtl material_385
vt -12.3692665 -9.3408365
f 3385/2911/3385 3470/2996/3470 3471/2997/3471

usemtl material_359
f 3385/2911/3385 3471/2997/3471 3386/2912/3386

usemtl material_654
vt -13.0253334 -8.4018269
f 3386/2912/3386 3471/2997/3471 3472/2998/3472

usemtl material_1051
f 3386/2912/3386 3472/2998/3472 3387/2913/3387

usemtl material_1104
vt -13.6102600 -7.4169292
f 3387/2913/3387 3472/2998/3472 3473/2999/3473

usemtl material_1045
f 3387/2913/3387 3473/2999/3473 3388/2914/3388

usemtl material_355
vt -14.1208506 -6.3915229
f 3388/2914/3388 3473/2999/3473 3474/3000/3474

usemtl material_933
f 3388/2914/3388 3474/3000/3474 3389/2915/3389

usemtl material_346
vt -14.5543203 -5.3312082
f 3389/2915/3389 3474/3000/3474 3475/3001/3475

usemtl material_395
f 3389/2915/3389 3475/3001/3475 3390/2916/3390

usemtl material_935
vt -14.9082975 -4.2417760
f 3390/2916/3390 3475/3001/3475 3476/3002/3476

usemtl material_341
f 3390/2916/3390 3476/3002/3476 3391/2917/3391

usemtl material_183
vt -15.1808510 -3.1291773
f 3391/2917/3391 3476/3002/3476 3477/3003/3477

usemtl material_343
f 3391/2917/3391 3477/3003/3477 3392/2918/3392

usemtl material_100
vt -15.3704929 -1.9994879
f 3392/2918/3392 3477/3003/3477 3478/3004/3478

usemtl material_337
f 3392/2918/3392 3478/3004/3478 3393/2919/3393

usemtl material_622
vt -15.4761858 -0.8588778
f 3393/2919/3393 3478/3004/3478 3479/3005/3479

usemtl material_189
f 3393/2919/3393 3479/3005/3479 3394/2920/3394

usemtl material_894
vt -15.4973526 0.2864230
f 3394/2920/3394 3479/3005/3479 3480/3006/3480

usemtl material_334
f 3394/2920/3394 3480/3006/3480 3395/2921/3395

usemtl material_89
vt -15.4338799 1.4301596
f 3395/2921/3395 3480/3006/3480 3481/3007/3481

usemtl material_400
f 3395/2921/3395 3481/3007/3481 3396/2922/3396

usemtl material_331
vt -15.2861109 2.5660851
f 3396/2922/3396 3481/3007/3481 3482/3008/3482

usemtl material_194
f 3396/2922/3396 3482/3008/3482 3397/2923/3397

usemtl material_1077
vt -15.0548563 3.6879954
f 3397/2923/3397 3482/3008/3482 3483/3009/3483

usemtl material_1124
f 3397/2923/3397 3483/3009/3483 3398/2924/3398

usemtl material_408
vt -14.7413759 4.7897635
f 3398/2924/3398 3483/3009/3483 3484/3010/3484

usemtl material_907
f 3398/2924/3398 3484/3010/3484 3399/2925/3399

usemtl material_245
vt -14.3473835 5.8653712
f 3399/2925/3399 3484/3010/3484 3485/3011/3485

usemtl material_919
f 3399/2925/3399 3485/3011/3485 3400/2926/3400

usemtl material_570
vt -13.8750305 6.9089441
f 3400/2926/3400 3485/3011/3485 3486/3012/3486

usemtl material_315
f 3400/2926/3400 3486/3012/3486 3401/2927/3401

usemtl material_209
vt -13.3268976 7.9147835
f 3401/2927/3401 3486/3012/3486 3487/3013/3487

usemtl material_567
f 3401/2927/3401 3487/3013/3487 3402/2928/3402

usemtl material_68
vt -12.7059774 8.8773947
f 3402/2928/3402 3487/3013/3487 3488/3014/3488

usemtl material_566
f 3402/2928/3402 3488/3014/3488 3403/2929/3403

usemtl material_560
vt -12.0156612 9.7915201
f 3403/2929/3403 3488/3014/3488 3489/3015/3489

usemtl material_213
f 3403/2929/3403 3489/3015/3489 3404/2930/3404

usemtl material_558
vt -11.2597208 10.6521683
f 3404/2930/3404 3489/3015/3489 3490/3016/3490

usemtl material_299
f 3404/2930/3404 3490/3016/3490 3405/2931/3405

usemtl material_55
vt -10.4422817 11.4546385
f 3405/2931/3405 3490/3016/3490 3491/3017/3491

usemtl material_57
f 3405/2931/3405 3491/3017/3491 3406/2932/3406

usemtl material_551
vt -9.5678120 12.1945467
f 3406/2932/3406 3491/3017/3491 3492/3018/3492

usemtl material_549
f 3406/2932/3406 3492/3018/3492 3407/2933/3407

usemtl material_51
vt -8.6410866 12.8678522
f 3407/2933/3407 3492/3018/3492 3493/3019/3493

usemtl material_297
f 3407/2933/3407 3493/3019/3493 3408/2934/3408

usemtl material_538
vt -7.6671658 13.4708786
f 3408/2934/3408 3493/3019/3493 3494/3020/3494

usemtl material_554
f 3408/2934/3408 3494/3020/3494 3409/2935/3409

usemtl material_425
vt -6.6513696 14.0003319
f 3409/2935/3409 3494/3020/3494 3495/3021/3495

usemtl material_296
f 3409/2935/3409 3495/3021/3495 3410/2936/3410

usemtl material_220
vt -5.5992460 14.4533195
f 3410/2936/3410 3495/3021/3495 3496/3022/3496

usemtl material_291
f 3410/2936/3410 3496/3022/3496 3411/2937/3411

usemtl material_292
vt -4.5165410 14.8273687
f 3411/2937/3411 3496/3022/3496 3497/3023/3497

usemtl material_222
f 3411/2937/3411 3497/3023/3497 3412/2938/3412

usemtl material_975
vt -3.4091685 15.1204357
f 3412/2938/3412 3497/3023/3497 3498/3024/3498

usemtl material_1096
f 3412/2938/3412 3498/3024/3498 3413/2939/3413

usemtl material_436
vt -2.2831764 15.3309202
f 3413/2939/3413 3498/3024/3498 3499/3025/3499

usemtl material_811
f 3413/2939/3413 3499/3025/3499 3414/2940/3414

usemtl material_984
vt -1.1447142 15.4576721
f 3414/2940/3414 3499/3025/3499 3500/3026/3500

usemtl material_980
f 3414/2940/3414 3500/3026/3500 3415/2941/3415
vt 0.0000000 15.5000000
f 3415/2941/3415 3500/3026/3500 3501/3027/3501

usemtl material_981
f 3415/2941/3415 3501/3027/3501 3416/2942/3416

usemtl material_980
f 3416/2942/3416 3501/3027/3501 3417/2943/3417

usemtl material_1125
f 3501/3027/3501 3500/3026/3500 3502/2307/3502

usemtl material_1126
f 3419/2945/3419 3418/2944/3418 3502/2307/3502

usemtl material_1127
f 3502/2307/3502 3418/2944/3418 3417/2943/3417

usemtl material_1125
f 3502/2307/3502 3417/2943/3417 3501/3027/3501

usemtl material_1128
f 3422/2948/3422 3421/2947/3421 3502/2307/3502

usemtl material_1129
f 3502/2307/3502 3421/2947/3421 3420/2946/3420

usemtl material_1130
f 3502/2307/3502 3420/2946/3420 3419/2945/3419

usemtl material_1131
f 3425/2951/3425 3424/2950/3424 3502/2307/3502

usemtl material_1132
f 3502/2307/3502 3424/2950/3424 3423/2949/3423

usemtl material_1133
f 3502/2307/3502 3423/2949/3423 3422/2948/3422

usemtl material_1134
f 3428/2954/3428 3427/2953/3427 3502/2307/3502

usemtl material_1135
f 3502/2307/3502 3427/2953/3427 3426/2952/3426

usemtl material_1136
f 3502/2307/3502 3426/2952/3426 3425/2951/3425

usemtl material_1137
f 3431/2957/3431 3430/2956/3430 3502/2307/3502

usemtl material_1138
f 3502/2307/3502 3430/2956/3430 3429/2955/3429

usemtl material_1139
f 3502/2307/3502 3429/2955/3429 3428/2954/3428

usemtl material_1081
f 3434/2960/3434 3433/2959/3433 3502/2307/3502

usemtl material_610
f 3502/2307/3502 3433/2959/3433 3432/2958/3432

usemtl material_1140
f 3502/2307/3502 3432/2958/3432 3431/2957/3431

usemtl material_927
f 3437/2963/3437 3436/2962/3436 3502/2307/3502

usemtl material_724
f 3502/2307/3502 3436/2962/3436 3435/2961/3435

usemtl material_607
f 3502/2307/3502 3435/2961/3435 3434/2960/3434

usemtl material_1141
f 3440/2966/3440 3439/2965/3439 3502/2307/3502

usemtl material_1142
f 3502/2307/3502 3439/2965/3439 3438/2964/3438

usemtl material_1069
f 3502/2307/3502 3438/2964/3438 3437/2963/3437

usemtl material_1143
f 3443/2969/3443 3442/2968/3442 3502/2307/3502

usemtl material_1144
f 3502/2307/3502 3442/2968/3442 3441/2967/3441

usemtl material_1145
f 3502/2307/3502 3441/2967/3441 3440/2966/3440

usemtl material_1146
f 3446/2972/3446 3445/2971/3445 3502/2307/3502

usemtl material_1147
f 3502/2307/3502 3445/2971/3445 3444/2970/3444

usemtl material_1148
f 3502/2307/3502 3444/2970/3444 3443/2969/3443

usemtl material_1149
f 3449/2975/3449 3448/2974/3448 3502/2307/3502

usemtl material_1150
f 3502/2307/3502 3448/2974/3448 3447/2973/3447

usemtl material_1151
f 3502/2307/3502 3447/2973/3447 3446/2972/3446

usemtl material_1152
f 3452/2978/3452 3451/2977/3451 3502/2307/3502
f 3502/2307/3502 3451/2977/3451 3450/2976/3450
f 3502/2307/3502 3450/2976/3450 3449/2975/3449
f 3455/2981/3455 3454/2980/3454 3502/2307/3502
f 3502/2307/3502 3454/2980/3454 3453/2979/3453
f 3502/2307/3502 3453/2979/3453 3452/2978/3452
f 3458/2984/3458 3457/2983/3457 3502/2307/3502
f 3502/2307/3502 3457/2983/3457 3456/2982/3456
f 3502/2307/3502 3456/2982/3456 3455/2981/3455

usemtl material_1153
f 3461/2987/3461 3460/2986/3460 3502/2307/3502

usemtl material_1154
f 3502/2307/3502 3460/2986/3460 3459/2985/3459

usemtl material_1152
f 3502/2307/3502 3459/2985/3459 3458/2984/3458

usemtl material_1155
f 3464/2990/3464 3463/2989/3463 3502/2307/3502

usemtl material_1156
f 3502/2307/3502 3463/2989/3463 3462/2988/3462

usemtl material_1157
f 3502/2307/3502 3462/2988/3462 3461/2987/3461

usemtl material_1158
f 3467/2993/3467 3466/2992/3466 3502/2307/3502

usemtl material_1159
f 3502/2307/3502 3466/2992/3466 3465/2991/3465

usemtl material_1160
f 3502/2307/3502 3465/2991/3465 3464/2990/3464

usemtl material_1161
f 3470/2996/3470 3469/2995/3469 3502/2307/3502

usemtl material_1162
f 3502/2307/3502 3469/2995/3469 3468/2994/3468

usemtl material_1163
f 3502/2307/3502 3468/2994/3468 3467/2993/3467

usemtl material_1164
f 3473/2999/3473 3472/2998/3472 3502/2307/3502

usemtl material_1165
f 3502/2307/3502 3472/2998/3472 3471/2997/3471

usemtl material_1166
f 3502/2307/3502 3471/2997/3471 3470/2996/3470

usemtl material_1167
f 3476/3002/3476 3475/3001/3475 3502/2307/3502

usemtl material_1168
f 3502/2307/3502 3475/3001/3475 3474/3000/3474

usemtl material_1169
f 3502/2307/3502 3474/3000/3474 3473/2999/3473

usemtl material_722
f 3479/3005/3479 3478/3004/3478 3502/2307/3502

usemtl material_1170
f 3502/2307/3502 3478/3004/3478 3477/3003/3477

usemtl material_1171
f 3502/2307/3502 3477/3003/3477 3476/3002/3476

usemtl material_1172
f 3482/3008/3482 3481/3007/3481 3502/2307/3502

usemtl material_1108
f 3502/2307/3502 3481/3007/3481 3480/3006/3480

usemtl material_928
f 3502/2307/3502 3480/3006/3480 3479/3005/3479

usemtl material_610
f 3485/3011/3485 3484/3010/3484 3502/2307/3502

usemtl material_1080
f 3502/2307/3502 3484/3010/3484 3483/3009/3483

usemtl material_609
f 3502/2307/3502 3483/3009/3483 3482/3008/3482

usemtl material_1173
f 3488/3014/3488 3487/3013/3487 3502/2307/3502

usemtl material_1174
f 3502/2307/3502 3487/3013/3487 3486/3012/3486

usemtl material_1175
f 3502/2307/3502 3486/3012/3486 3485/3011/3485

usemtl material_1135
f 3491/3017/3491 3490/3016/3490 3502/2307/3502

usemtl material_1176
f 3502/2307/3502 3490/3016/3490 3489/3015/3489

usemtl material_1177
f 3502/2307/3502 3489/3015/3489 3488/3014/3488

usemtl material_1178
f 3494/3020/3494 3493/3019/3493 3502/2307/3502

usemtl material_1131
f 3502/2307/3502 3493/3019/3493 3492/3018/3492

usemtl material_1179
f 3502/2307/3502 3492/3018/3492 3491/3017/3491

usemtl material_1180
f 3497/3023/3497 3496/3022/3496 3502/2307/3502

usemtl material_1128
f 3502/2307/3502 3496/3022/3496 3495/3021/3495

usemtl material_1181
f 3502/2307/3502 3495/3021/3495 3494/3020/3494

usemtl material_1125
f 3500/3026/3500 3499/3025/3499 3502/2307/3502

usemtl material_1126
f 3502/2307/3502 3499/3025/3499 3498/3024/3498

usemtl material_1182
f 3502/2307/3502 3498/3024/3498 3497/3023/3497
# 6998 faces, 3027 coords texture

# End of File
