<?xml version="1.0" encoding="UTF-8"?>
<COLLADA xmlns="http://www.collada.org/2005/11/COLLADASchema" version="1.4.1">
    <asset>
        <contributor>
            <author>VCGLab</author>
            <authoring_tool>VCGLib | MeshLab</authoring_tool>
        </contributor>
        <created>火 1 14 05:40:05 2025 GMT</created>
        <modified>火 1 14 05:40:05 2025 GMT</modified>
        <up_axis>Y_UP</up_axis>
    </asset>
    <library_geometries>
        <geometry id="shape0-lib" name="shape0">
            <mesh>
                <source id="shape0-lib-positions" name="position">
                    <float_array id="shape0-lib-positions-array" count="12153">-22.2334 -2.91286 -0.0266622 -22.1772 -2.91286 0.345341 -22.0752 -2.91286 0.715193 -21.9401 -2.91286 1.04978 -21.9196 -2.91286 1.09709 -21.8699 -2.91286 1.17708 -21.7235 -2.91286 1.37964 -21.6764 -2.91286 1.44071 -21.6607 -2.91286 1.4592 -21.6272 -2.91286 1.4936 -21.3308 -2.91286 1.75508 -21.3256 -2.91286 1.75895 -21.3212 -2.91286 1.76196 -20.8326 -2.91286 2.0587 -20.8152 -2.91286 2.06731 -20.5694 -2.91286 2.14945 -20.5454 -2.91286 2.15676 -20.1741 -2.91286 2.20493 -19.8032 -2.91286 2.20321 -19.4668 -2.91286 2.15762 -19.4319 -2.91286 2.15117 -19.1708 -2.91286 2.06344 -18.9852 -2.91286 1.95205 -18.6866 -2.91286 1.77013 -18.664 -2.91286 1.75551 -18.5027 -2.91286 1.64499 -18.3641 -2.91286 1.48371 -18.1615 -2.91286 1.22869 -18.0547 -2.91286 1.04333 -17.9261 -2.91286 0.715193 -17.8302 -2.91286 0.368564 -17.8193 -2.91286 0.325128 -17.7819 -2.91286 -0.00429898 -17.7814 -2.91286 -0.0266622 -17.8267 -2.91286 -0.374152 -17.9427 -2.91286 -0.769378 -18.0529 -2.91286 -1.02871 -18.0647 -2.91286 -1.05494 -18.192 -2.91286 -1.24073 -18.3602 -2.91286 -1.46006 -18.3776 -2.91286 -1.48156 -18.5232 -2.91286 -1.64971 -18.5398 -2.91286 -1.66735 -18.7254 -2.91286 -1.79378 -19.058 -2.91286 -1.97957 -19.2436 -2.91286 -2.06988 -19.4319 -2.91286 -2.1202 -19.8032 -2.91286 -2.18643 -20.1392 -2.91286 -2.18815 -20.1741 -2.91286 -2.18815 -20.5454 -2.91286 -2.12579 -20.7237 -2.91286 -2.07848 -20.742 -2.91286 -2.07332 -20.9102 -2.91286 -1.99419 -20.9277 -2.91286 -1.98559 -21.2502 -2.91286 -1.814 -21.3003 -2.91286 -1.78518 -21.4533 -2.91286 -1.67939 -21.5949 -2.91286 -1.52629 -21.8024 -2.91286 -1.26696 -21.9104 -2.91286 -1.0988 -21.9213 -2.91286 -1.0816 -22.0538 -2.91286 -0.769378 -22.1593 -2.91286 -0.413287 -22.1663 -2.91286 -0.388774 -22.2199 -2.91286 -0.118265 -22.1519 -10.6744 -0.398235 -22.1885 -10.6744 -0.0266622 -22.1615 -10.6744 0.344051 -22.0673 -10.6744 0.715193 -22.0477 -10.6744 -0.769378 -21.8507 -13.8419 -0.598213 -21.9026 -13.6439 -0.398235 -21.944 -13.6439 -0.0266622 -21.9131 -13.6439 0.344051 -21.8564 -13.8531 0.560371 -21.7875 -13.6439 0.76164 -21.924 -10.6744 1.04247 -21.9113 -10.6744 -1.06913 -21.659 -13.6439 -0.790881 -21.645 -13.9855 -0.705729 -21.5121 -14.2258 -0.649391 -21.7274 -14.0689 -0.398235 -21.8734 -13.8842 -0.398235 -21.7967 -10.6744 -1.25492 -21.611 -10.6744 -1.47941 -21.4345 -10.6744 -1.6652 -21.8943 -13.9209 -0.0266622 -21.8786 -13.8931 0.344051 -21.7309 -14.0789 0.344051 -21.5156 -14.2269 0.633912 -21.6612 -14.0233 0.720784 -21.5396 -13.9209 1.08634 -21.4759 -13.8342 1.27513 -21.6058 -13.6439 1.08634 -21.8172 -10.6744 1.22826 -21.2489 -10.6744 -1.79894 -20.7381 -10.8691 -2.07203 -21.2881 -14.0155 -0.880764 -21.2881 -14.2391 -0.695837 -21.2881 -14.2781 -0.398235 -21.5422 -14.2391 -0.398235 -21.7392 -14.1067 -0.0266622 -21.5452 -14.2391 0.344051 -21.2881 -14.2781 0.344051 -21.3134 -14.2469 0.740567 -21.1896 -14.2258 1.08634 -21.1138 -14.208 1.28244 -21.4546 -14.1935 0.881627 -21.3752 -14.1067 1.08634 -21.2576 -13.981 1.34824 -20.8374 -13.9187 1.69917 -21.0758 -13.6439 1.62735 -21.4672 -10.6744 1.6381 -21.6315 -10.6744 1.45232 -21.825 -2.96626 1.24288 -20.9272 -10.6744 -1.9843 -20.7416 -10.6744 -2.07332 -20.5454 -10.6744 -2.12536 -20.1741 -10.6744 -2.18815 -20.5454 -10.9303 -2.09698 -20.9168 -14.0155 -0.894526 -20.9168 -14.2403 -0.709169 -20.1741 -11.0004 -2.12837 -21.5535 -14.2403 -0.0266622 -20.9168 -14.2792 -0.398235 -21.2881 -14.2792 -0.0266622 -20.9168 -14.2647 1.08634 -20.9168 -14.2792 0.715193 -20.9168 -14.2258 1.3319 -20.3881 -14.208 1.6523 -20.6357 -14.1657 1.58865 -20.5454 -13.6439 1.86475 -20.8902 -13.6439 1.7267 -20.5254 -14.0322 1.73745 -20.9887 -10.6744 1.95807 -21.2815 -10.6744 1.77271 -21.469 -3.04637 1.63939 -19.8032 -10.6744 -2.18643 -19.8032 -10.9981 -2.12751 -19.0606 -14.0155 -0.894526 -19.0606 -14.2403 -0.709169 -19.0606 -14.2792 -0.398235 -18.6897 -14.2792 -0.0266622 -19.0606 -14.2792 0.715193 -19.4319 -14.2792 1.08634 -20.5454 -14.2792 1.08634 -20.1741 -14.2569 1.45791 -20.5254 -14.2358 1.46221 -20.1741 -14.218 1.66563 -20.1741 -14.0155 1.81228 -20.1741 -13.6439 1.93657 -20.5454 -10.6744 2.12536 -20.779 -10.9147 2.03548 -20.803 -10.6744 2.04623 -19.4319 -10.6744 -2.1202 -19.2445 -10.8624 -2.06945 -19.4319 -10.9225 -2.0944 -18.6897 -14.0155 -0.875173 -18.6897 -14.2759 -0.398235 -18.6897 -14.2369 -0.689817 -19.8032 -14.2558 1.45791 -19.8032 -14.2169 1.66477 -19.8032 -14.0155 1.81013 -19.8032 -13.6439 1.93442 -19.8032 -10.6744 2.186 -20.1741 -10.6744 2.18815 -19.2436 -10.6744 -2.06988 -19.0584 -10.6744 -1.97785 -18.7411 -10.6744 -1.79206 -18.786 -10.9781 -1.76067 -18.3868 -14.0155 -0.719921 -18.47 -14.2236 -0.64165 -18.4421 -14.2369 -0.398235 -18.4304 -14.2403 -0.0266622 -18.6897 -14.277 0.344051 -19.0606 -14.2614 1.08634 -19.4554 -14.2358 1.46006 -19.5945 -14.2069 1.65101 -19.4554 -14.0289 1.73358 -19.4319 -13.6439 1.85744 -19.4319 -10.6744 2.11891 -18.5554 -10.6744 -1.65358 -18.3205 -13.6439 -0.768948 -18.1349 -13.6439 -0.57413 -18.1078 -13.8775 -0.329855 -18.2325 -14.0066 -0.43135 -18.2447 -14.0889 -0.0266622 -18.4386 -14.2391 0.344051 -18.4661 -14.2258 0.61886 -18.6718 -14.2469 0.731536 -18.803 -14.2225 1.08634 -18.8701 -14.2047 1.27685 -19.0606 -14.2225 1.32502 -19.3469 -14.1613 1.58521 -19.1486 -13.9143 1.69573 -19.0994 -13.6439 1.72197 -19.2053 -10.9069 2.0329 -19.1852 -10.6744 2.04193 -18.3776 -10.6744 -1.46823 -18.0952 -13.6439 -0.388344 -18.192 -10.6744 -1.23642 -18.0773 -10.6744 -1.05064 -17.9523 -10.6744 -0.769378 -17.8481 -10.6744 -0.398235 -18.0943 -13.9031 -0.0266622 -18.056 -13.6439 -0.0266622 -18.253 -14.0589 0.344051 -18.1288 -13.8386 0.540159 -18.3223 -14.0122 0.703582 -18.5363 -14.1869 0.866575 -18.5977 -14.0444 1.11988 -18.7825 -14.0155 1.35641 -18.9141 -13.6439 1.61918 -18.9996 -10.6744 1.95162 -17.8115 -10.6744 -0.0266622 -18.11 -13.8731 0.344051 -18.0869 -13.6439 0.344051 -17.8385 -10.6744 0.344051 -18.2011 -13.6439 0.731106 -18.3868 -13.6439 1.07687 -18.426 -13.9387 1.01839 -17.9326 -10.6744 0.715193 -18.0647 -10.6744 1.02355 -18.5119 -13.6439 1.26266 -18.6975 -13.6439 1.4334 -18.5232 -10.6744 1.62649 -18.7089 -10.6744 1.76626 -18.1715 -10.6744 1.20933 -18.3571 -10.6744 1.44114 -20.1743 2.72137 3.2172 -20.5561 2.72137 3.16681 -20.7193 2.72137 3.13027 -20.8949 2.72137 3.07232 -21.258 2.72137 2.93562 -21.288 2.72137 2.92428 -21.5436 2.72137 2.8027 -21.7292 2.72137 2.68238 -21.9679 2.72137 2.51167 -21.9879 2.72137 2.49655 -22.1592 2.72137 2.35922 -22.1736 2.72137 2.34725 -22.3492 2.72137 2.16142 -22.5204 2.72137 1.96173 -22.5348 2.72137 1.94472 -22.6667 2.72137 1.75952 -22.8379 2.72137 1.47163 -22.8629 2.72137 1.42754 -22.951 2.72137 1.25178 -22.9985 2.72137 1.12643 -23.0085 2.72137 1.09934 -23.1123 2.72137 0.74216 -23.1198 2.72137 0.715073 -23.1779 2.72137 0.344037 -23.1916 2.72137 -0.0269989 -23.1729 2.72137 -0.368428 -23.171 2.72137 -0.398035 -23.1148 2.72137 -0.739464 -23.1091 2.72137 -0.769071 -23.0198 2.72137 -1.06262 -23.0123 2.72137 -1.08719 -22.9429 2.72137 -1.25791 -22.9366 2.72137 -1.27302 -22.8141 2.72137 -1.51177 -22.6504 2.72137 -1.78454 -22.5117 2.72137 -1.97037 -22.326 2.72137 -2.18392 -22.1373 2.72137 -2.36975 -21.9667 2.72137 -2.51275 -21.9517 2.72137 -2.52472 -21.7111 2.72137 -2.69543 -21.6892 2.72137 -2.71055 -21.5186 2.72137 -2.82331 -21.5036 2.72137 -2.83213 -21.288 2.72137 -2.9304 -20.9167 2.72137 -3.06269 -20.5424 2.72137 -3.15529 -20.1874 2.72137 -3.21829 -19.7943 2.72137 -3.21703 -19.6131 2.72137 -3.19057 -19.4393 2.72137 -3.15088 -19.0606 2.72137 -3.0545 -18.7194 2.72137 -2.93229 -18.6894 2.72137 -2.92095 -18.4831 2.72137 -2.82709 -18.2975 2.72137 -2.70299 -18.0363 2.72137 -2.51716 -17.8506 2.72137 -2.35842 -17.6625 2.72137 -2.17321 -17.4769 2.72137 -1.95462 -17.3494 2.72137 -1.78391 -17.3382 2.72137 -1.76879 -17.2013 2.72137 -1.53256 -17.1894 2.72137 -1.51177 -17.0557 2.72137 -1.24153 -16.9801 2.72137 -1.07081 -16.9744 2.72137 -1.05632 -16.8944 2.72137 -0.791119 -16.8882 2.72137 -0.769071 -16.8276 2.72137 -0.398035 -16.807 2.72137 -0.0269989 -16.8195 2.72137 0.31443 -16.8207 2.72137 0.344037 -16.8713 2.72137 0.685466 -16.8769 2.72137 0.715073 -16.9607 2.72137 1.00926 -16.9682 2.72137 1.03382 -17.0332 2.72137 1.20454 -17.0388 2.72137 1.21903 -17.1557 2.72137 1.45777 -17.3213 2.72137 1.74125 -17.445 2.72137 1.91196 -17.4557 2.72137 1.92645 -17.6263 2.72137 2.13055 -17.6413 2.72137 2.14819 -17.8032 2.72137 2.31891 -17.8175 2.72137 2.33402 -18.0031 2.72137 2.48899 -18.2575 2.72137 2.67482 -18.4281 2.72137 2.78821 -18.4431 2.72137 2.79766 -18.6894 2.72137 2.91672 -19.0512 2.72137 3.05531 -19.085 2.72137 3.06791 -19.4118 2.72137 3.16051 -19.4293 2.72137 3.16366 -19.7793 2.72137 3.21279 -19.8037 2.72137 3.21594 -19.8037 9.74423 3.1876 -20.1743 9.74423 3.18823 -20.4905 9.74423 3.15106 -20.6761 9.74423 3.11893 -19.4999 9.74423 3.1498 -19.5393 9.95863 3.14287 -19.8037 9.98787 3.15799 -20.1743 9.98862 3.15862 -20.4468 9.96013 3.1435 -20.9167 9.74423 3.05657 -19.3143 9.74423 3.11578 -19.0606 9.74423 3.04964 -18.6894 10.0463 2.83357 -19.04 10.1475 2.89215 -19.4218 10.0958 3.01877 -19.8037 10.173 3.01247 -20.5605 10.0966 3.02129 -20.1743 10.1745 3.01247 -20.9436 10.1498 2.89593 -21.288 10.0531 2.83861 -21.288 9.74423 2.91987 -21.5186 9.97588 2.78317 -18.6894 9.74423 2.91042 -18.4656 9.97063 2.77939 -18.6894 10.2323 2.68238 -18.9018 10.293 2.7353 -19.1493 10.3222 2.78695 -19.4318 10.3365 2.81215 -19.8037 10.3402 2.82664 -20.838 10.323 2.78821 -20.1743 10.3402 2.82727 -20.5455 10.3372 2.81404 -21.0855 10.296 2.74349 -21.288 10.239 2.68994 -21.5411 9.74423 2.7964 -21.6592 10.1266 2.57025 -21.9367 10.0299 2.45938 -21.9829 9.74423 2.49592 -21.7267 9.74423 2.68112 -18.4469 9.74423 2.79073 -18.2613 9.74423 2.67356 -18.0063 9.74423 2.48773 -18.0481 10.0239 2.45371 -18.325 10.1213 2.56647 -18.1838 10.272 2.33591 -18.4312 10.3267 2.43167 -18.6894 10.3395 2.49655 -19.4318 10.3747 2.57151 -19.8037 10.3792 2.57151 -21.288 10.3402 2.50411 -21.5523 10.3275 2.43419 -20.1743 10.3792 2.57151 -20.5455 10.3754 2.57151 -21.7998 10.2772 2.34095 -22.0598 10.158 2.22504 -22.3035 10.0381 2.10913 -22.1686 9.74423 2.34221 -17.8207 9.74423 2.33087 -17.6813 10.0321 2.10158 -17.9256 10.152 2.21874 -17.8038 10.2795 1.97244 -18.0513 10.3275 2.08835 -18.3119 10.3477 2.20741 -18.6894 10.3784 2.20048 -19.0606 10.3792 2.20048 -18.3181 10.3792 1.82881 -17.9469 10.3792 1.45777 -17.5757 10.3792 0.715073 -17.5757 10.3792 -0.769071 -18.3181 10.3792 -1.88281 -19.0606 10.3792 -2.25447 -20.9167 10.3792 -2.25447 -21.6592 10.3792 -1.88281 -22.0304 10.3792 -1.51177 -22.4017 10.3792 -0.769071 -22.4017 10.3792 0.715073 -22.0304 10.3792 1.45777 -21.6592 10.3792 1.82881 -20.9167 10.3792 2.20048 -21.288 10.3784 2.20048 -21.6692 10.3477 2.21056 -21.9348 10.3275 2.09402 -22.1823 10.2862 1.98126 -22.4142 10.1468 1.85023 -22.6385 10.0074 1.7192 -22.5329 9.74423 1.94283 -22.3473 9.74423 2.15638 -17.6413 9.74423 2.14504 -17.3463 9.99837 1.70849 -17.5694 10.1386 1.84015 -17.4557 9.74423 1.92645 -17.4575 10.2458 1.5529 -17.3725 10.314 1.30533 -17.705 10.3275 1.72487 -17.935 10.3477 1.84078 -22.0473 10.3477 1.84582 -22.2773 10.3275 1.73369 -22.5248 10.2548 1.56549 -22.6117 10.3177 1.31793 -22.701 10.1251 1.44833 -22.9935 9.99312 0.999177 -22.8354 9.74423 1.45777 -22.6642 9.74423 1.757 -16.9913 9.98112 0.978389 -17.2894 10.1198 1.44077 -17.3244 9.74423 1.74062 -17.1644 9.74423 1.45777 -17.3394 10.3297 1.08674 -17.5788 10.3395 1.44077 -16.9538 10.0418 0.715073 -17.1094 10.227 0.715073 -17.0751 10.2727 0.344037 -17.5757 10.3687 1.08674 -22.4017 10.3717 1.08674 -22.401 10.3425 1.44833 -22.646 10.3335 1.08674 -22.9241 10.2862 0.344037 -22.8798 10.2428 0.715073 -23.0348 10.0576 0.715073 -23.1104 9.74423 0.715073 -23.011 9.74423 1.04768 -22.9441 9.74423 1.23352 -17.0451 9.74423 1.20328 -16.9776 9.74423 1.01745 -16.8894 9.74423 0.715073 -17.2951 10.3402 0.715073 -16.8257 9.74423 0.344037 -16.9219 10.0868 0.344037 -17.0638 10.2817 -0.0269989 -22.6942 10.3402 0.715073 -22.9398 10.2945 -0.0269989 -23.0666 10.1003 0.344037 -22.7385 10.3402 0.344037 -23.1741 9.74423 0.344037 -17.2607 10.3402 0.344037 -16.8113 9.74423 -0.0269989 -16.9151 10.0958 -0.0269989 -16.9263 10.0808 -0.398035 -17.0819 10.2667 -0.398035 -17.3007 10.3402 -0.769071 -17.2676 10.3402 -0.398035 -17.2494 10.3402 -0.0269989 -22.7541 10.3402 -0.0269989 -22.9154 10.2802 -0.398035 -23.0629 10.0951 -0.398035 -23.0735 10.1086 -0.0269989 -22.7298 10.3402 -0.398035 -22.6867 10.3402 -0.769071 -23.1885 9.74423 -0.0269989 -16.8332 9.74423 -0.398035 -16.9601 10.0314 -0.769071 -17.1151 10.2165 -0.769071 -17.3475 10.326 -1.14074 -17.5757 10.3642 -1.14074 -17.9469 10.3784 -1.51177 -22.4017 10.368 -1.14074 -22.8723 10.233 -0.769071 -23.0285 10.0471 -0.769071 -22.6385 10.3297 -1.14074 -22.6042 10.3132 -1.35618 -23.1666 9.74423 -0.398035 -16.9013 9.74423 -0.769071 -16.9963 9.97288 -1.01475 -17.3807 10.308 -1.34295 -17.5832 10.3365 -1.48469 -17.9444 10.3477 -1.88533 -18.6894 10.3754 -2.25447 -22.0361 10.3477 -1.88911 -22.3967 10.3395 -1.49287 -22.9885 9.98562 -1.03428 -23.0985 9.74423 -0.769071 -22.2698 10.3275 -1.76942 -22.1642 10.2697 -2.01699 -22.5173 10.239 -1.60374 -22.6848 10.1153 -1.49287 -16.9851 9.74423 -1.04499 -17.3575 9.98187 -1.74422 -17.3063 10.1093 -1.48469 -17.0576 9.74423 -1.23019 -17.1944 9.74423 -1.51177 -17.4644 10.2293 -1.59052 -17.7119 10.3267 -1.76312 -18.0663 10.3275 -2.12786 -18.3244 10.3447 -2.25258 -19.4318 10.3657 -2.62551 -19.8037 10.3769 -2.62551 -18.6894 10.3365 -2.52094 -20.1743 10.3769 -2.62551 -21.288 10.3762 -2.25447 -21.6567 10.3462 -2.2551 -21.9167 10.3275 -2.13164 -22.6273 9.99162 -1.75493 -22.806 9.74423 -1.51177 -22.931 9.74423 -1.25917 -23.0041 9.74423 -1.07333 -21.7786 10.257 -2.3792 -22.0398 10.1401 -2.26203 -22.2885 10.0224 -2.14549 -22.4029 10.1311 -1.88596 -17.6963 10.0149 -2.13794 -17.58 10.1221 -1.87777 -17.3413 9.74423 -1.76816 -17.4782 9.74423 -1.95336 -17.8188 10.2622 -2.01069 -18.205 10.251 -2.37542 -18.4525 10.3222 -2.47369 -19.4318 10.3267 -2.84788 -19.8037 10.3387 -2.86804 -20.1743 10.3387 -2.86804 -19.2025 10.3117 -2.8252 -20.5455 10.3672 -2.62551 -21.288 10.338 -2.52661 -21.5311 10.3237 -2.47684 -22.511 9.74423 -1.96974 -22.6473 9.74423 -1.78391 -21.633 10.1011 -2.60976 -21.9161 10.0096 -2.49511 -22.1373 9.74423 -2.36912 -22.3254 9.74423 -2.18392 -18.0688 10.0036 -2.49007 -17.9438 10.1333 -2.25636 -17.6638 9.74423 -2.17258 -17.8519 9.74423 -2.35778 -18.3506 10.0951 -2.60535 -18.4962 9.93914 -2.81575 -18.6894 10.1933 -2.70677 -18.955 10.2727 -2.76221 -19.4318 10.1161 -3.01041 -19.7924 10.0876 -3.07718 -20.1887 10.0876 -3.07781 -19.0712 10.1356 -2.91465 -20.5455 10.3282 -2.84914 -20.783 10.3132 -2.82709 -21.0305 10.2765 -2.76599 -21.288 10.2015 -2.71244 -21.4873 9.94514 -2.81953 -21.9517 9.74423 -2.52283 -18.0375 9.74423 -2.51464 -18.6894 10.0081 -2.86048 -18.3063 9.74423 -2.70047 -18.4925 9.74423 -2.81827 -18.6894 9.74423 -2.90961 -19.0606 9.74423 -3.04883 -19.9087 9.94514 -3.18931 -20.0743 9.94514 -3.18931 -20.5455 10.1161 -3.01418 -20.9105 10.1378 -2.91843 -21.288 10.0156 -2.86552 -20.9167 9.74423 -3.05639 -21.288 9.74423 -2.91906 -21.4948 9.74423 -2.82331 -21.6805 9.74423 -2.70803 -19.4318 9.74423 -3.13702 -19.6824 9.74423 -3.17671 -19.868 9.74423 -3.19309 -20.1174 9.74423 -3.19309 -20.303 9.74423 -3.17797 -20.5455 9.74423 -3.1408 2.8567 -0.303249 4.11915 2.85004 -0.353123 4.11915 2.77789 -0.613022 4.11915 2.46768 -1.40158 4.11915 2.15968 -1.78894 4.11915 2.11085 -1.84657 4.11915 1.80729 -2.1436 4.11915 1.75568 -2.18627 4.11915 1.35778 -2.49548 4.11915 0.987633 -2.62238 4.11915 0.616373 -2.74374 4.11915 0.267311 -2.83241 4.11915 -0.0767569 -2.85679 4.11915 -0.123372 -2.85624 4.11915 -0.46855 -2.79916 4.11915 -0.868112 -2.66395 4.11915 -0.930821 -2.64178 4.11915 -1.271 -2.50989 4.11915 -1.27544 -2.50767 4.11915 -1.48854 -2.3974 4.11915 -1.88977 -2.12808 4.11915 -1.93639 -2.09095 4.11915 -1.97579 -2.04828 4.11915 -2.25826 -1.74183 4.11915 -2.29544 -1.69972 4.11915 -2.32207 -1.65372 4.11915 -2.66559 -1.00758 4.11915 -2.68445 -0.968789 4.11915 -2.69888 -0.920577 4.11915 -2.76437 -0.65015 4.11915 -2.76936 -0.619671 4.11915 -2.80543 -0.278867 4.11915 -2.81209 0.0918624 4.11915 -2.78878 0.463146 4.11915 -2.71664 0.858812 4.11915 -2.35093 1.58475 4.11915 -1.99965 1.96158 4.11915 -1.62561 2.32233 4.11915 -1.22772 2.53347 4.11915 -0.902518 2.67755 4.11915 -0.497962 2.76898 4.11915 -0.125592 2.80445 4.11915 0.245113 2.80001 4.11915 0.604719 2.7579 4.11915 0.616373 2.75624 4.11915 0.931028 2.68697 4.11915 0.980973 2.672 4.11915 1.01371 2.6576 4.11915 1.64913 2.31568 4.11915 1.6963 2.28631 4.11915 1.73348 2.25473 4.11915 2.04758 1.9649 4.11915 2.08365 1.9311 4.11915 2.38887 1.55705 4.11915 2.42051 1.51548 4.11915 2.44437 1.46838 4.11915 2.64637 0.937501 4.11915 2.68411 0.834429 4.11915 2.81174 0.477554 4.11915 2.8184 0.444859 4.11915 2.85559 0.0918624 4.11915 2.18465 0.0918624 14.8227 2.16967 -0.278867 14.8227 2.08976 -0.65015 14.8227 2.13804 0.463146 14.8227 1.92161 0.301887 18.0186 1.92882 0.0918624 18.064 1.92716 -0.174132 18.0526 1.90607 -0.400226 17.7932 2.48765 -1.02143 6.28567 1.83004 -0.65015 17.7932 1.97433 -0.950502 14.8227 2.02372 0.834429 14.8227 1.87888 0.499166 17.7932 1.85945 0.440425 18.1505 1.89442 0.0918624 18.2497 1.88665 -0.290504 18.1717 1.78953 -0.65015 18.1647 2.23571 -1.49856 6.28567 2.0498 -1.73629 6.28567 1.87444 -1.13614 14.8227 1.63193 -0.983751 18.1647 1.65412 -1.01534 17.7932 2.55647 0.834429 6.28567 1.9266 1.0378 15.0255 1.75235 0.834429 17.7932 1.71128 0.834429 18.1647 1.55645 1.03725 18.3617 1.60751 0.834429 18.4071 1.67799 0.463146 18.4582 1.70906 0.0918624 18.4723 1.69852 -0.278867 18.4681 1.64691 -0.65015 18.4369 1.58809 -0.913373 18.3915 1.68909 -1.3833 14.8227 1.88665 -1.92193 6.28567 1.53481 -1.56894 14.8227 1.53981 -1.20098 17.7932 1.5165 -1.16939 18.1647 1.80673 1.23231 14.8227 1.60362 1.10319 17.7932 1.58309 1.07438 18.1647 1.20129 1.41518 18.3717 1.33891 1.17856 18.4199 1.35889 0.834429 18.5319 1.42771 1.26002 18.1647 1.35889 0.463146 18.5843 1.35889 0.0918624 18.5999 1.35889 -0.278867 18.5957 1.35889 -0.65015 18.5645 1.37554 -1.03085 18.4624 1.26289 -1.29408 18.4114 1.70129 -2.07876 6.28567 1.35445 -1.38385 17.7932 1.16022 -1.56949 17.7932 1.34946 -1.71801 14.8227 1.33059 -1.36113 18.1647 1.62083 1.47614 14.8227 1.45379 1.28884 17.7932 1.2418 1.45065 18.1647 0.95711 1.64959 18.1505 0.750115 1.74324 18.2639 0.987633 1.48722 18.4241 0.987633 1.20571 18.5489 0.987633 0.834429 18.6014 0.987633 0.463146 18.6042 0.987633 -0.65015 18.6042 0.987633 -1.02143 18.5858 0.993182 -1.40768 18.4596 0.873313 -1.61659 18.3873 1.12748 -1.54677 18.1647 0.942126 -1.6576 18.1647 0.974869 -1.67921 17.7932 1.08974 -1.90365 14.8227 1.42549 1.66178 14.8227 1.26844 1.47392 17.7932 1.00428 1.65956 17.7932 0.812824 1.76818 18.0172 0.502609 1.78369 18.3731 0.622477 1.80697 18.1505 0.622477 1.60249 18.461 0.245113 1.577 18.5248 0.616373 1.20571 18.5971 0.245113 1.20571 18.6042 -0.125592 1.20571 18.6042 -0.496852 0.834429 18.6042 -0.496852 -1.02143 18.6042 0.616373 -1.02143 18.6042 0.245113 -1.39272 18.59 0.616373 -1.39272 18.5588 0.616373 -1.66979 18.4312 0.616373 -1.80168 18.1647 0.987633 -2.49992 6.28567 0.903835 -1.99841 14.8227 0.616373 -1.84214 17.7932 1.23958 1.80974 14.8227 0.616373 1.84188 17.7932 0.987633 1.9516 14.8227 0.660213 2.09014 14.8227 0.459877 2.14168 15.0226 0.245113 1.88788 18.1647 0.245113 1.80531 18.3972 0.245113 1.92778 17.7932 -0.125592 1.577 18.5305 -0.125592 1.81085 18.4029 -0.125592 -1.39272 18.5929 -0.125592 -1.72355 18.4667 0.245113 -1.7169 18.4624 0.210706 -1.90309 18.1306 0.616373 -2.62072 6.28567 0.616373 -2.10203 14.8227 0.252327 -1.92748 17.7932 0.245113 2.17881 14.8227 0.245113 2.68309 6.28567 -0.125592 1.89951 18.1647 -0.125592 1.93941 17.7932 -0.531814 1.61302 18.4695 -0.496852 1.20571 18.6028 -0.431368 1.7909 18.3816 -0.815947 0.834429 18.4766 -0.815947 -1.02143 18.4766 -0.496852 -1.39272 18.573 -0.496852 -1.68863 18.4468 -0.0939602 -1.91251 18.1306 0.0641997 -1.9502 17.9832 0.245113 -2.17629 14.8227 -0.125592 2.18823 14.8227 -0.125592 2.68863 6.28567 -0.531814 1.82581 18.1987 -0.496852 1.87846 17.7932 -0.374208 2.14833 15.034 -0.769331 1.51382 18.4326 -0.678875 1.76153 18.3461 -0.814281 1.20571 18.4752 -0.795413 -1.39272 18.4525 -0.951353 0.834429 18.1647 -0.951353 -1.02143 18.1647 -0.928046 -1.39272 18.1647 -0.743803 -1.63377 18.4029 -0.496852 -1.83826 18.1647 -0.496852 -1.8776 17.7932 -0.14002 -1.93856 17.7932 0.0497715 -1.9502 17.9832 -0.125592 -2.18516 14.8227 -0.719386 1.7848 18.0994 -0.591747 2.11065 14.8227 -0.496852 2.64208 6.28567 -0.406395 2.15553 14.8227 -0.810952 1.61302 18.1987 -0.950243 1.20571 18.1647 -2.17779 0.0918624 15.0269 -2.17723 -0.169144 15.0255 -0.793749 -1.68199 18.1647 -2.08955 -0.65015 14.8227 -1.8093 -1.22481 15.0269 -1.03404 -1.93967 14.8227 -0.848134 -2.02002 14.8227 -0.496852 -2.13251 14.8227 -0.868112 2.00757 14.8227 -1.18277 1.84521 14.8227 -1.36812 1.7172 14.8227 -1.56124 1.53155 14.8227 -1.74659 1.32652 14.8227 -1.84648 1.10042 15.0765 -2.02185 0.834429 14.8227 -2.17168 0.297454 15.0155 -2.68834 0.0918624 6.28567 -2.15781 -0.393577 14.8227 -2.67946 -0.278867 6.28567 -1.45913 -1.60939 15.0467 -1.23937 -1.80002 14.8227 -1.93305 -1.02143 14.8227 -1.66169 -1.41987 14.8227 -1.39864 -2.30596 6.28567 -1.21273 -2.40128 6.28567 -0.868112 -2.54425 6.28567 -1.02072 2.49301 6.28567 -1.23937 2.38551 6.28567 -1.72218 2.07352 6.28567 -1.91863 1.88788 6.28567 -1.87201 1.14088 14.8227 -2.10398 1.68228 6.28567 -2.13228 0.49307 14.8227 -1.47633 -1.62435 14.8227 -2.40365 1.20571 6.28567 -4.95246 2.11068 -3.0042 -4.00338 2.11068 -3.0042 -4.00338 2.11068 3.5542 -5.16146 2.11068 3.5542 -5.53236 2.11068 3.55355 -5.90228 2.11068 3.53173 -5.99378 2.11068 3.52146 -6.1466 2.11068 3.45983 -6.30065 2.11068 3.31538 -6.34873 2.11068 3.23899 -6.50671 2.11068 2.94817 -6.50794 2.11068 2.94304 -6.50916 2.11068 2.57776 -6.50916 2.11068 -2.25437 -6.47801 2.11068 -2.62543 -6.31954 2.11068 -2.83793 -6.06614 2.11068 -2.90341 -5.69917 2.11068 -2.97017 -5.3236 2.11068 -3.00291 -4.95246 2.69106 -3.0042 -4.58131 3.43334 -3.0042 -4.20992 3.80449 -3.0042 -4.00338 3.80449 -3.0042 -4.00338 4.17589 -2.98301 -4.00338 4.52555 -2.90084 -4.00338 4.72071 -2.62543 -4.00338 4.72353 -2.25437 -4.00338 4.72353 2.94304 -4.00338 4.72199 2.95203 -4.00338 4.71355 2.99054 -4.00338 4.64321 3.30896 -4.00338 4.59768 3.37509 -4.00338 4.46058 3.52274 -4.00338 4.38103 3.53237 -4.00338 4.17691 3.54457 -4.00338 4.01091 3.5542 -5.3236 2.31965 -3.00163 -4.58131 3.43334 3.5542 -4.95246 2.69106 3.5542 -4.95246 3.0622 -2.99007 -4.20992 4.17589 -2.95669 -4.21287 4.1787 3.53237 -4.96767 3.43897 -2.9156 -4.60903 3.83237 -2.92652 -4.85409 3.72699 -2.87516 -4.47779 4.17589 -2.86039 -4.20992 4.44651 -2.86039 -4.57592 3.79937 3.53237 -4.09095 4.41761 3.5176 -4.44885 4.05669 3.5176 -4.39709 4.36287 -2.81289 -4.00804 4.71713 -2.62543 -4.80577 3.67199 3.5176 -4.93872 3.41058 3.52723 -4.33846 4.30429 3.38407 -4.39782 4.36364 -2.62543 -4.00902 4.71918 -2.25437 -4.00902 4.71918 2.94304 -5.1514 3.27169 3.50926 -5.96115 2.16951 3.5176 -4.21287 4.46493 3.282 -4.39709 4.36287 3.13691 -4.39782 4.36364 2.94304 -4.20992 4.53578 -2.25437 -4.20992 4.53578 2.94304 -20.1767 0.833054 -7.69692 -20.1767 -1.39199 -7.69578 -20.5489 -1.39199 -7.67642 -20.5489 0.833054 -7.67529 -20.5489 1.57584 -7.67301 -20.1767 1.20417 -7.6935 -19.8058 0.833054 -7.69578 -19.8058 -1.39199 -7.69464 -20.1767 -1.76311 -7.69009 -20.5489 -1.76311 -7.67415 -20.828 -1.02033 -7.6491 -20.828 0.462488 -7.6491 -20.5489 1.80579 -7.65366 -20.1767 1.57584 -7.68895 -20.7998 1.57584 -7.64682 -20.7766 1.77877 -7.64341 -19.8058 1.57584 -7.68667 -19.4337 1.57584 -7.67187 -19.4337 1.20417 -7.67529 -19.4337 0.833054 -7.67642 -19.4337 -1.39199 -7.67529 -20.1767 -2.1039 -7.66276 -20.5489 -2.06309 -7.65479 -19.8058 -1.76311 -7.68781 -19.8058 -2.09673 -7.66162 -20.779 -1.99527 -7.64341 -20.8059 -1.76311 -7.64682 -19.4337 -1.76311 -7.67301 -21.0128 -1.02033 -7.62519 -21.0153 -0.649209 -7.62519 -21.0116 0.462488 -7.62519 -20.5489 1.96405 -7.45101 -20.1767 1.82343 -7.66162 -21.6567 1.91111 -7.38725 -19.8058 1.81957 -7.66049 -21.287 1.57584 -7.57852 -21.6567 1.57584 -7.50907 -22.3153 1.82564 -7.29504 -22.0276 1.88189 -7.3383 -19.4337 1.80469 -7.65366 -19.2023 1.78097 -7.64455 -19.1778 1.57584 -7.64796 -19.1607 0.462488 -7.65024 -20.1767 -2.28918 -7.60925 -20.5489 -2.24838 -7.59104 -19.4337 -2.05868 -7.65366 -19.8058 -2.28256 -7.6047 -22.2406 -2.32613 -7.27227 -21.6567 -2.13423 -7.43962 -21.6567 -1.76311 -7.51021 -21.287 -1.76311 -7.57966 -19.1619 -0.649209 -7.6491 -19.1803 -1.76311 -7.64796 -19.2035 -2.00023 -7.64341 -21.287 -1.02033 -7.58307 -21.287 -0.649209 -7.58421 -21.287 0.462488 -7.58421 -20.1767 1.9817 -7.45101 -21.6567 2.06938 -7.07986 -19.8058 1.97839 -7.45101 -22.0276 2.04015 -7.07986 -19.4337 1.96295 -7.45101 -21.6567 1.20417 -7.51021 -22.0276 1.57584 -7.41116 -22.368 1.57584 -7.31097 -22.5528 1.57584 -7.25519 -23.3497 1.78594 -6.90454 -23.1416 1.85101 -6.95235 -22.7707 1.91166 -7.03319 -18.3209 1.91001 -7.38498 -17.9487 1.87858 -7.33602 -17.6733 1.82233 -7.2939 -18.3209 1.57584 -7.50452 -18.6906 1.57584 -7.57169 -18.6906 1.20417 -7.57396 -18.977 0.462488 -7.62178 -18.9783 0.0908197 -7.62292 -18.9783 -0.649209 -7.62292 -20.1767 -2.34874 -7.42368 -20.5489 -2.34874 -7.40547 -21.6567 -2.34874 -7.31667 -22.0276 -2.33881 -7.29162 -19.4337 -2.34874 -7.40205 -19.8058 -2.34874 -7.41913 -19.4337 -2.24452 -7.58763 -17.9487 -2.33771 -7.29048 -18.3209 -2.34874 -7.31553 -23.0425 -2.33881 -6.92275 -23.2897 -2.26051 -6.85672 -23.1563 -2.13588 -6.95805 -22.3104 -2.13423 -7.2939 -22.0276 -2.13423 -7.36448 -22.0276 -1.76311 -7.41116 -18.6906 -1.02033 -7.57624 -18.6906 -1.76311 -7.57169 -18.3209 -1.76311 -7.50452 -17.9487 -2.13423 -7.36107 -18.3209 -2.13423 -7.43507 -17.7455 -2.32392 -7.26999 -21.287 2.07654 -7.07986 -20.9173 2.0782 -7.07986 -19.064 2.0782 -7.07986 -18.6906 2.07599 -7.07986 -20.9186 2.72062 -3.06218 -20.544 2.72062 -3.15553 -20.1926 2.72062 -3.21815 -22.7707 2.06993 -6.70872 -18.3209 2.06882 -7.07986 -23.1416 2.00927 -6.70872 -22.5528 -1.76311 -7.25633 -22.5528 1.20417 -7.25633 -22.7707 1.20417 -7.17208 -22.7707 1.57584 -7.17094 -23.1416 1.57584 -7.01042 -23.3608 1.57584 -6.90909 -23.5456 1.57584 -6.82143 -23.8798 1.57584 -6.63586 -24.498 1.83281 -6.19185 -23.8198 1.85818 -6.59829 -23.4893 1.89843 -6.71669 -17.9487 2.03684 -7.07986 -15.1846 1.91938 -6.32619 -15.1846 1.57584 -6.50266 -17.4432 1.57584 -7.2495 -17.628 1.57584 -7.30756 -17.9487 1.57584 -7.40661 -18.3209 1.20417 -7.50565 -18.6906 0.0908197 -7.57738 -18.6906 0.462488 -7.57624 -18.6906 -0.649209 -7.57738 -19.8033 -2.91286 -2.18555 -20.14 -2.91286 -2.18783 -20.1755 -2.91286 -2.18783 -21.6567 -2.37852 -7.07986 -22.0276 -2.36749 -7.07986 -22.7707 -2.34874 -6.96146 -18.3209 -2.37852 -7.07986 -16.9449 -2.33826 -6.92275 -15.1846 -2.34874 -6.24081 -17.2081 -2.34874 -6.95691 -17.9487 -2.36693 -7.07986 -23.5138 -2.34874 -6.61195 -23.7647 -2.33881 -6.55616 -22.7707 -2.37852 -6.70872 -23.3497 -2.01291 -6.90454 -23.8382 -2.13423 -6.60398 -22.7707 -1.76311 -7.17208 -18.3209 -1.39199 -7.50565 -17.9487 -1.76311 -7.40661 -17.6831 -2.13423 -7.29048 -15.1846 -1.76311 -6.50379 -15.1846 -2.13423 -6.41727 -15.1846 -2.22908 -6.33985 -20.1902 2.72062 -3.21815 -19.7948 2.72062 -3.21701 -21.2882 2.72062 -2.93125 -21.5013 2.72062 -2.83221 -21.5159 2.72062 -2.8231 -21.6885 2.72062 -2.71039 -21.9493 2.72062 -2.52482 -22.1366 2.72062 -2.36998 -22.308 2.72062 -2.20035 -22.3251 2.72062 -2.18327 -22.341 2.72062 -2.1662 -22.51 2.72062 -1.96924 -22.6483 2.72062 -1.78481 -22.663 2.72062 -1.76318 -22.8123 2.72062 -1.51157 -22.9372 2.72062 -1.27363 -23.0106 2.72062 -1.08806 -23.1086 2.72062 -0.770425 -23.1147 2.72062 -0.739686 -23.171 2.72062 -0.399281 -23.1906 2.72062 -0.0269992 -23.1771 2.72062 0.344144 -23.1184 2.72062 0.715288 -23.1122 2.72062 0.742611 -23.007 2.72062 1.09895 -22.9972 2.72062 1.12628 -22.9507 2.72062 1.25037 -22.8613 2.72062 1.42684 -22.838 2.72062 1.47124 -22.6667 2.72062 1.75927 -22.5344 2.72062 1.94484 -22.3484 2.72062 2.16115 -22.1733 2.72062 2.34672 -21.9885 2.72062 2.49587 -21.7289 2.72062 2.68144 -21.5429 2.72062 2.80212 -21.5221 2.72062 2.81236 -21.2882 2.72062 2.92393 -21.2589 2.72062 2.93532 -20.8965 2.72062 3.07194 -20.7202 2.72062 3.13 -20.5574 2.72062 3.16643 -20.1755 2.72062 3.21652 -20.1449 2.72062 3.21652 -19.8033 2.72062 3.21538 -19.7801 2.72062 3.21311 -19.4312 2.72062 3.16301 -19.4141 2.72062 3.1596 -19.086 2.72062 3.06738 -19.0517 2.72062 3.05486 -18.6894 2.72062 2.91596 -18.6698 2.72062 2.90686 -18.4433 2.72062 2.79756 -18.2585 2.72062 2.67347 -18.0038 2.72062 2.4879 -17.9879 2.72062 2.47537 -17.8178 2.72062 2.33306 -17.8031 2.72062 2.31826 -17.6427 2.72062 2.14749 -17.6268 2.72062 2.13041 -17.4554 2.72062 1.92663 -17.3232 2.72062 1.74106 -17.3097 2.72062 1.71829 -17.1567 2.72062 1.45757 -17.0392 2.72062 1.21849 -16.9682 2.72062 1.03292 -16.9609 2.72062 1.00901 -16.8764 2.72062 0.715288 -16.8715 2.72062 0.685687 -16.8213 2.72062 0.344144 -16.8201 2.72062 0.314544 -16.8078 2.72062 -0.0269992 -16.8091 2.72062 -0.0565995 -16.8286 2.72062 -0.399281 -16.8886 2.72062 -0.770425 -16.8947 2.72062 -0.792056 -16.9743 2.72062 -1.05732 -17.0563 2.72062 -1.24289 -17.1898 2.72062 -1.51157 -17.3391 2.72062 -1.77001 -17.3501 2.72062 -1.78481 -17.4774 2.72062 -1.95444 -17.6635 2.72062 -2.17303 -17.852 2.72062 -2.3586 -18.0369 2.72062 -2.51685 -18.2989 2.72062 -2.70356 -18.4837 2.72062 -2.82651 -18.6906 2.72062 -2.92101 -18.7212 2.72062 -2.93239 -19.0615 2.72062 -3.05421 -19.4422 2.72062 -3.15098 -19.6136 2.72062 -3.19083 -23.193 2.01809 -6.65749 -23.5138 2.07158 -6.33644 -17.2081 2.06938 -6.70872 -23.9202 1.94585 -6.37287 -24.2556 2.05118 -5.96643 -23.1416 -1.76311 -7.01042 -23.3608 -1.76311 -6.90909 -23.5456 -1.76311 -6.82143 -23.8798 -1.76311 -6.63586 -24.0646 -1.76311 -6.51973 -24.0646 1.57584 -6.51973 -24.5286 1.57584 -6.21234 -24.7134 1.57584 -6.07573 -24.9362 1.57584 -5.89015 -24.8934 1.85266 -5.85486 -24.6241 1.92214 -5.97326 -24.2556 1.89347 -6.27268 -24.2556 1.57584 -6.3945 -15.1846 2.0782 -5.96643 -15.1846 2.0782 -3.73957 -15.1846 -2.37907 -3.73957 -15.1846 -2.37907 -4.52398 -15.1846 -2.37852 -5.96643 -15.1846 1.20417 -6.50379 -17.4432 -1.76311 -7.2495 -17.628 -1.76311 -7.30756 -19.4324 -2.91286 -2.11952 -19.2451 -2.91286 -2.06943 -19.0591 -2.91286 -1.97835 -18.7261 -2.91286 -1.79392 -18.5412 -2.91286 -1.66754 -18.5253 -2.91286 -1.65047 -18.3784 -2.91286 -1.48197 -18.3601 -2.91286 -1.46034 -18.1924 -2.91286 -1.24175 -18.065 -2.91286 -1.05618 -17.9426 -2.91286 -0.770425 -17.8276 -2.91286 -0.374235 -17.781 -2.91286 -0.0269992 -17.7823 -2.91286 -0.0053681 -17.8202 -2.91286 0.32479 -17.8312 -2.91286 0.369191 -17.9267 -2.91286 0.715288 -18.0552 -2.91286 1.04203 -18.065 -2.91286 1.06025 -18.163 -2.91286 1.2276 -18.1789 -2.91286 1.24923 -18.365 -2.91286 1.48262 -18.3772 -2.91286 1.49742 -18.5033 -2.91286 1.64428 -18.6649 -2.91286 1.75472 -18.6869 -2.91286 1.76952 -18.9856 -2.91286 1.95167 -19.1717 -2.91286 2.06211 -19.4324 -2.91286 2.15091 -19.4667 -2.91286 2.1566 -19.8033 -2.91286 2.20214 -20.1755 -2.91286 2.20328 -20.5476 -2.91286 2.1566 -20.5721 -2.91286 2.14863 -20.8157 -2.91286 2.06666 -20.8341 -2.91286 2.05869 -21.3225 -2.91286 1.76155 -21.6261 -2.91286 1.49287 -21.6592 -2.91286 1.45871 -21.6763 -2.91286 1.4405 -21.7216 -2.91286 1.37902 -21.8697 -2.91286 1.17637 -21.9187 -2.91286 1.09668 -21.9395 -2.91286 1.04886 -22.0742 -2.91286 0.715288 -22.177 -2.91286 0.345283 -22.2321 -2.91286 -0.0269992 -22.2198 -2.91286 -0.118077 -22.166 -2.91286 -0.389035 -22.0521 -2.91286 -0.770425 -21.9199 -2.91286 -1.08237 -21.8024 -2.91286 -1.26794 -21.5931 -2.91286 -1.52637 -21.4523 -2.91286 -1.68007 -21.3017 -2.91286 -1.78595 -21.2515 -2.91286 -1.81441 -20.9296 -2.91286 -1.98518 -20.7435 -2.91286 -2.07284 -20.5476 -2.91286 -2.12521 -17.2081 -2.37796 -6.70872 -23.5138 -2.37852 -6.33644 -23.8859 -2.35425 -6.33985 -24.6008 -2.34763 -5.94936 -24.4588 -2.32889 -6.16453 -24.4968 -2.13423 -6.19185 -24.5029 2.06221 -5.71938 -25.0109 1.93758 -5.61009 -24.2556 -1.76311 -6.3945 -24.5286 -1.76311 -6.21234 -24.7134 -1.76311 -6.07573 -24.9362 -1.76311 -5.89015 -25.3304 -1.76311 -5.54064 -25.3304 1.57584 -5.54064 -25.2815 1.85762 -5.49738 -24.2556 -2.36969 -5.96643 -24.6241 -2.37741 -5.59529 -24.984 -2.3537 -5.58277 -24.8493 -2.33771 -5.81388 -24.902 -2.13423 -5.86055 -24.6853 -2.13423 -6.04613 -24.6241 2.06717 -5.59529 -25.3904 1.93924 -5.24578 -25.5165 -1.76311 -5.36987 -25.5165 1.57584 -5.36987 -25.6377 1.85652 -5.13535 -15.1858 2.0782 3.93376 -15.1858 -2.37907 3.93376 -25.2325 -2.33881 -5.4507 -25.3622 -2.35425 -5.21618 -25.4785 -2.13423 -5.3323 -25.2937 -2.13423 -5.50535 -24.9987 2.07103 -5.22415 -25.7528 1.93372 -4.86097 -25.743 2.04897 -4.52398 -25.6989 2.06441 -4.52398 -25.3696 2.07048 -4.85414 -25.6781 -1.76311 -5.18316 -25.6781 1.57584 -5.18316 -25.989 1.84715 -4.74143 -19.8033 2.20503 3.93376 -20.1755 2.20393 3.93376 -26.4848 2.0782 3.93376 -26.7321 2.06717 3.93376 -26.8667 2.02416 3.93376 -27.1275 1.93317 3.93376 -27.1777 1.89622 3.93376 -27.3111 1.57639 3.93376 -27.316 1.20472 3.93376 -27.316 -1.42012 3.93376 -27.3148 -1.76421 3.93376 -27.2572 -2.13533 3.93376 -27.2266 -2.19544 3.93376 -27.1275 -2.34267 3.93376 -26.8569 -2.36749 3.93376 -26.4848 -2.37907 3.93376 -25.5924 -2.33881 -5.08639 -25.7258 -2.3526 -4.83593 -25.9498 -2.33495 -4.69931 -25.6438 -2.13423 -5.14673 -26.0625 1.91277 -4.52398 -26.1127 2.03684 -4.11072 -25.7405 2.06331 -4.48186 -25.9915 -2.13423 -4.74712 -26.0184 -1.76311 -4.77786 -26.0184 1.57584 -4.77786 -26.1127 1.90891 -4.46934 -26.3244 1.81516 -4.33613 -25.7393 -2.373 -4.52398 -26.1127 -2.36473 -4.11072 -26.0906 -2.34267 -4.44657 -26.2987 -2.32227 -4.29856 -26.3942 1.87858 -4.11072 -26.5203 1.93593 -3.73957 -26.5081 1.94255 -3.73957 -26.4836 2.06276 -3.36843 -26.1775 -2.13533 -4.51374 -26.2045 -1.76311 -4.54106 -26.2045 1.57584 -4.54106 -26.3379 1.57639 -4.35549 -26.6366 1.57639 -3.87277 -26.7174 1.57639 -3.73957 -26.7223 1.84715 -3.64166 -26.4836 -2.37466 -3.36843 -26.4762 -2.35315 -3.72591 -26.6905 -2.3355 -3.59271 -26.7247 -2.13478 -3.64963 -26.3183 -2.13533 -4.32816 -26.7908 1.9045 -3.36843 -26.8557 2.05063 -2.62614 -26.8557 2.07489 -2.255 -26.1886 -1.9903 -4.52512 -26.3379 -1.76366 -4.35549 -26.6366 -1.76366 -3.87277 -26.7174 -1.76366 -3.73957 -26.748 -1.76366 -3.68606 -26.748 1.57639 -3.68606 -26.9108 1.57639 -3.36843 -27.0773 1.83446 -2.89824 -27.2266 2.06331 1.08529 -27.4213 -2.32833 1.6921 -27.4372 -2.33991 1.45757 -27.4543 -2.34874 1.08529 -27.2266 -2.37741 1.08529 -26.8557 -2.3708 -2.62614 -26.7247 -2.34598 -3.36843 -27.0761 -2.34157 -2.62614 -27.0516 -2.32944 -2.84131 -27.0773 -2.13478 -2.89938 -26.9108 -1.76366 -3.36843 -27.1348 1.89181 -2.62614 -27.2266 2.03574 -1.51157 -27.2266 2.06331 -1.14043 -27.0173 -1.76366 -3.12821 -27.0173 1.57639 -3.12821 -27.0969 1.57639 -2.94264 -27.2266 1.57639 -2.62614 -27.3503 1.57639 -2.255 -27.4421 1.82343 -1.8053 -27.2266 2.07158 0.715288 -27.5351 1.91332 0.715288 -27.5131 1.9056 1.08529 -27.2266 2.0396 1.45757 -27.5547 -2.13533 1.08529 -27.5865 -2.13533 0.715288 -27.5988 -2.13533 0.344144 -27.6086 -2.13533 -0.0269992 -27.4629 -2.34984 0.715288 -27.2266 -2.37907 0.715288 -27.2266 -2.36693 -1.51157 -27.4347 -2.33826 -1.51157 -27.4176 -2.32558 -1.72219 -27.1703 -2.13478 -2.62614 -27.0969 -1.76366 -2.94264 -27.2266 -1.76366 -2.62614 -27.4764 1.87748 -1.51157 -27.5094 1.9056 -1.14043 -27.529 1.91222 -0.770425 -27.5474 1.91552 -0.399281 -27.2266 2.06993 -0.770425 -27.3503 -1.76366 -2.255 -27.3662 -1.76366 -2.20035 -27.3662 1.20527 -2.20035 -27.365 1.57639 -2.20035 -27.4556 1.57639 -1.85881 -27.5413 1.57639 -1.51157 -27.6049 1.57639 -1.14043 -27.2266 2.07379 0.344144 -27.5523 1.91663 -0.0269992 -27.5449 1.91552 0.344144 -27.6906 1.57639 -0.0269992 -27.6588 1.57639 0.715288 -27.6588 -1.76421 0.715288 -27.6906 -1.76421 -0.0269992 -27.6012 -2.13533 -0.399281 -27.469 -2.34984 -0.399281 -27.4702 -2.34984 -0.0269992 -27.2266 -2.37907 -0.770425 -27.2266 -2.37796 -1.14043 -27.4531 -2.34929 -1.14043 -27.5755 -2.13533 -0.770425 -27.5486 -2.13533 -1.14043 -27.4996 -2.13533 -1.51157 -27.4372 -2.13533 -1.79619 -27.6453 1.57639 -0.770425 -27.6808 1.57639 -0.399281 -27.2266 2.07434 -0.399281 -27.4556 -1.76421 -1.85881 -27.5413 -1.76421 -1.51157 -27.6049 -1.76421 -1.14043 -27.6453 -1.76421 -0.770425 -27.2266 2.07489 -0.0269992 -27.6808 -1.76421 -0.399281 -27.4617 -2.34984 -0.770425 -8.68545 1.57679 9.50193 -8.68545 0.0915995 9.50193 -8.68545 -0.145531 9.50008 -8.68545 -0.505619 9.47789 -8.68545 -0.956306 9.18938 -8.68545 -2.6116 6.67967 -8.68545 -2.6116 2.72369 -8.68545 -2.57878 -2.62493 -8.68545 -2.57739 -2.64527 -8.68545 -2.45444 -3.01516 -8.68545 -2.4475 -3.02996 -8.68545 -2.4378 -3.0429 -8.68545 -2.13549 -3.19271 -8.68545 -1.90945 -3.19641 -8.68545 1.20561 -3.19641 -8.68545 1.43026 -3.19456 -8.68545 1.57679 -3.19271 -8.68545 1.69974 -3.17606 -8.68545 1.90729 -3.04475 -8.68545 1.92763 -3.01516 -8.68545 2.0774 -2.62493 -8.68545 2.11068 5.33142 -8.68545 2.11068 9.21712 -8.68545 2.10975 9.22267 -8.68545 1.95305 9.32069 -8.85215 1.57679 10.177 -8.85215 -1.76431 10.177 -8.80697 -2.13549 9.99019 -8.82161 1.82594 9.93101 -8.9304 1.57679 10.3675 -8.9304 -1.76431 10.3675 -8.93104 -2.13549 10.3675 -8.85278 -2.13549 10.177 -8.82161 -2.36892 9.93101 -8.73953 -2.13549 9.62585 -9.40758 1.99697 10.7392 -9.16708 1.83888 10.7392 -9.77914 2.04227 11.111 -9.22053 1.76723 10.9279 -9.11173 1.57679 10.7392 -9.11173 -2.13549 10.7392 -8.70581 -2.13549 9.25411 -8.69627 -2.13549 8.88237 -8.79488 -2.4059 9.62585 -9.22053 -2.32455 10.9279 -9.16708 -2.38279 10.7392 -9.07674 -2.44473 10.3675 -9.42603 1.86245 11.074 -8.99148 2.11068 9.37432 -10.5216 2.07693 11.4808 -10.1507 2.07878 11.111 -9.77914 2.07878 10.7392 -9.03665 2.11068 5.33142 -9.40758 2.11068 5.33327 -9.77914 2.11068 5.36656 -10.1672 2.11068 5.52561 -10.1736 2.11068 5.52931 -10.5401 2.11068 5.89365 -10.5445 2.11068 5.8992 -10.8665 2.11068 6.30423 -10.8773 2.11068 6.32457 -10.9759 2.11068 6.65563 -10.9791 2.11068 6.67412 -11.0026 2.11068 7.02552 -11.009 2.11068 7.39726 -11.0096 2.11068 7.769 -11.0096 2.11068 8.14629 -11.0071 2.11068 8.51063 -11.0052 2.11068 8.51803 -10.8951 2.11068 8.89901 -10.7577 2.11068 9.1043 -10.5464 2.11068 9.2726 -10.5407 2.11068 9.2763 -10.1507 2.11068 9.40576 -9.77914 2.11068 9.40946 -9.40376 2.11068 9.40946 -9.03665 2.11068 9.39097 -10.1507 2.03117 11.4808 -9.7995 1.88649 11.4661 -9.56155 1.819 11.331 -9.54501 1.57679 11.3477 -9.35986 1.57679 11.1147 -9.21925 1.57679 10.9279 -9.21925 -2.13549 10.9279 -8.77834 -2.423 9.25411 -9.03665 -2.53487 9.62585 -9.35986 -2.13549 11.1147 -9.54501 -2.13549 11.3477 -9.56155 -2.36337 11.331 -9.42603 -2.40035 11.074 -9.40758 -2.51175 10.7392 -9.40758 -2.57369 10.3675 -11.6357 2.07878 11.8526 -11.2641 2.07508 11.8526 -10.8932 2.05197 11.8526 -10.5216 2.07832 -4.85167 -10.8932 2.07878 -5.22341 -11.2641 2.07878 -5.59515 -11.6357 2.07878 -5.96689 -15.184 2.07878 -5.96689 -10.5089 1.93179 11.8785 -10.1507 1.87262 11.762 -9.93693 1.80698 11.6898 -9.73779 1.57679 11.5345 -9.73779 -2.13549 11.5345 -9.77914 -2.57878 10.7392 -10.1507 -2.57878 11.111 -10.5216 -2.57878 11.4808 -9.03665 -2.6116 6.82023 -9.40758 -2.6116 6.88496 -9.77914 -2.6116 6.88496 -10.1507 -2.6116 6.87756 -10.5261 -2.6116 6.79803 -10.696 -2.6116 6.65563 -10.8607 -2.6116 6.28389 -10.8951 -2.6116 5.91215 -10.8964 -2.6116 5.54041 -10.8964 -2.6116 5.16682 -10.8957 -2.6116 4.79508 -10.8919 -2.6116 4.42704 -10.8436 -2.6116 4.13852 -10.7831 -2.6116 3.84816 -10.633 -2.6116 3.57259 -10.264 -2.6116 3.20085 -9.88603 -2.6116 2.83651 -9.56791 -2.6116 2.72924 -9.19699 -2.6116 2.72369 -9.93693 -2.35413 11.6898 -9.7995 -2.41792 11.4661 -9.77914 -2.54642 11.111 -13.8625 2.07878 11.8526 -12.3775 1.9207 12.2114 -12.006 1.9207 12.2114 -11.6357 1.9207 12.2058 -11.2641 1.917 12.1799 -10.8932 1.89342 12.1282 -10.4994 1.93364 -5.60624 -10.8932 2.00945 -5.96689 -10.5216 2.05752 -5.22341 -10.8932 2.07647 -5.59515 -11.2641 2.07555 -5.96689 -11.6357 1.9207 -6.32568 -12.006 1.9207 -6.32753 -15.184 1.9207 -6.32753 -10.6241 1.83657 12.0764 -10.3963 1.57679 12.0079 -10.1507 1.57679 11.8563 -9.92293 1.57679 11.7009 -9.92293 -2.13549 11.7009 -10.1507 -2.53903 11.4808 -10.8932 -2.5552 11.8526 -11.2641 -2.57739 11.8526 -11.6357 -2.57878 11.8526 -12.3775 -2.57878 -5.96689 -11.6357 -2.57878 -5.96689 -10.8932 -2.57878 -5.59515 -10.1507 -2.13549 11.8544 -10.3963 -2.13549 12.0079 -10.6241 -2.3777 12.0764 -10.1507 -2.41006 11.7601 -15.184 2.07832 11.8526 -15.184 1.90822 12.2206 -12.006 1.57679 12.3871 -11.6357 1.57679 12.3741 -11.2641 1.57679 12.3223 -15.184 2.07878 11.6898 -15.184 1.57679 -6.50323 -15.184 0.834424 -6.50508 -15.184 -1.5563 -6.50508 -15.184 -1.76431 -6.50323 -15.184 -1.92748 -6.46624 -15.184 -2.13549 -6.4163 -15.184 -2.22979 -6.34048 -15.184 -2.34997 -6.2406 -15.184 -2.36291 -6.12039 -15.184 -2.37909 -5.96689 -15.184 -2.57878 8.14074 -15.184 -2.57878 11.8526 -15.184 -2.44011 12.2169 -15.184 -2.29219 12.2891 -15.184 -2.13549 12.3612 -15.184 -1.99866 12.363 -15.184 -1.76431 12.3649 -15.184 1.57679 12.3649 -15.184 1.98264 12.0616 -10.626 1.85459 -5.96689 -10.6972 1.78295 -6.16108 -10.8932 1.85367 -6.22581 -11.2641 1.91746 -6.30349 -11.6357 1.57679 -6.49953 -12.006 1.57679 -6.50138 -10.8932 1.57679 12.2169 -10.5821 1.57679 12.0967 -10.5821 -2.13549 12.0967 -10.1507 -1.76431 11.8563 -10.5089 -2.45813 11.8766 -10.8932 -2.42624 12.1282 -11.2641 -2.44843 12.1781 -11.6357 -2.44981 12.2021 -12.006 -2.44981 12.2095 -11.2641 -2.57785 -5.96689 -12.006 -2.44981 -6.32383 -11.6357 -2.44981 -6.32198 -10.8932 -2.52423 -5.96689 -10.8932 -2.13549 12.2169 -11.2641 -2.13549 12.3186 -12.3775 1.57679 12.3852 -12.006 1.20561 12.3889 -12.006 -1.76431 12.3889 -11.6357 -1.76431 12.3741 -11.2641 -1.76431 12.3223 -10.3734 1.57679 -5.71536 -10.5445 1.57679 -5.96689 -10.6928 1.57679 -6.16663 -10.8932 1.57679 -6.29794 -11.2641 1.57679 -6.45699 -11.6357 1.20561 -6.50138 -12.006 1.20561 -6.50323 -11.6357 -2.13549 12.3704 -12.006 -2.13549 12.3852 -12.3775 -2.44981 12.2077 -12.7485 -2.56168 -5.96689 -12.3775 -2.44981 -6.32198 -11.2641 -2.44889 -6.30349 -12.3775 -2.13549 -6.49768 -12.006 -2.13549 -6.49953 -11.6357 -2.13549 -6.49768 -10.8932 -2.39527 -6.22581 -10.6972 -2.3361 -6.16108 -10.626 -2.39666 -5.96689 -10.4994 -2.45998 -5.60624 -10.3734 -2.13549 -5.71536 -10.5445 -2.13549 -5.96689 -10.6928 -2.13549 -6.16663 -10.8932 -2.13549 -6.29794 -11.2641 -1.76431 -6.45699 -11.6357 -1.76431 -6.50138 -12.006 -1.76431 -6.50323 -11.2641 -2.13549 -6.45514 -0.0924012 2.8034 4.11842 -0.126355 2.8034 4.11842 -0.499217 2.7683 4.11842 -0.902891 2.67677 4.11842 -1.22797 2.53134 4.11842 -1.62535 2.32196 4.11842 -1.99318 1.96715 4.11842 -2.35033 1.5835 4.11842 -2.71627 0.857571 4.11842 -2.78795 0.461383 4.11842 -2.81122 0.0902707 4.11842 -2.81122 0.0840019 4.11842 -2.80556 -0.278334 4.11842 -2.76909 -0.619356 4.11842 -2.76406 -0.649447 4.11842 -2.69867 -0.920258 4.11842 -2.68421 -0.967901 4.11842 -2.66534 -1.00677 4.11842 -2.32203 -1.65371 4.11842 -2.295 -1.69884 4.11842 -2.2579 -1.74147 4.11842 -1.93659 -2.09127 4.11842 -1.88944 -2.12763 4.11842 -1.48891 -2.39719 4.11842 -1.27135 -2.50877 4.11842 -0.930557 -2.64167 4.11842 -0.469666 -2.79964 4.11842 -0.124469 -2.85606 4.11842 -0.0779397 -2.85606 4.11842 0.266628 -2.83224 4.11842 0.616227 -2.74322 4.11842 0.987832 -2.62161 4.11842 1.35755 -2.49373 4.11842 1.75557 -2.1853 4.11842 1.80712 -2.14267 4.11842 2.11082 -1.84428 4.11842 2.15924 -1.78911 4.11842 2.41955 -1.43931 4.11842 2.41955 1.51579 4.11842 2.38874 1.55591 4.11842 2.08316 1.93079 4.11842 2.04732 1.96464 4.11842 1.73293 2.253 4.11842 1.69646 2.2856 4.11842 1.64867 2.31444 4.11842 1.01361 2.65671 4.11842 0.980916 2.67051 4.11842 0.931242 2.6868 4.11842 0.616227 2.75451 4.11842 0.244622 2.79839 4.11842 -0.497332 6.25375 3.52584 -2.72382 6.25375 3.52584 -0.126355 6.25124 3.52365 -0.497332 6.34778 3.31347 -2.72382 6.34778 3.31347 -2.94892 6.24246 3.51635 1.35881 5.88263 3.52292 1.62667 5.86383 3.5127 0.10189 6.2387 3.51416 -0.126355 6.339 3.31347 -0.497332 6.4042 2.94202 -2.72382 6.4042 2.94202 -3.00425 6.28258 3.31347 -4.00337 4.64267 3.30837 -4.00337 4.59753 3.37478 -4.00337 4.45836 3.52219 -4.00337 4.38063 3.53168 1.87377 5.81117 3.45505 1.74236 5.89266 3.32369 2.41955 5.51904 3.51927 0.165396 6.27381 3.31347 -0.126355 6.39166 2.94202 -0.497332 6.4042 -2.25328 -2.72382 6.4042 -2.25328 -0.126355 6.39166 -2.62546 -3.04072 6.31017 -2.25328 -3.04072 6.31017 2.94202 -4.00337 4.72291 2.94202 -4.00337 4.72291 -2.25328 -4.00337 4.7204 -2.62546 -4.00337 4.52356 -2.89986 -4.00337 4.17376 -2.98233 -4.00337 3.80265 -3.00276 -4.00337 0.254513 -3.00422 -4.00337 -0.278334 -3.00422 -4.00337 -3.82647 -3.00276 -4.00337 -3.99197 -2.99765 -4.00337 -4.19758 -2.99108 -4.00337 -4.36182 -2.95314 -4.00337 -4.5549 -2.89986 -4.00337 -4.63891 -2.86848 -4.00337 -4.68529 -2.76412 -4.00337 -4.71538 -2.62546 -4.00337 -4.71789 -2.4474 -4.00337 -4.71789 2.94202 -4.00337 -4.66273 3.32223 -4.00337 -4.58123 3.51197 -4.00337 -4.35054 3.53606 -4.00337 -3.99197 3.55065 -4.00337 -3.6196 3.55284 -4.00337 -0.814943 3.55357 -4.00337 0.832495 3.55357 -4.00337 4.01077 3.55284 1.95489 5.85881 3.20766 2.41955 5.62812 3.31493 2.41955 -5.47892 3.52292 2.41955 -5.49648 3.52 2.41955 -5.62311 3.40616 2.41955 -5.64693 3.31347 2.41955 -5.66824 3.19525 2.41955 -5.69457 2.94202 2.41955 -5.69457 -2.25328 2.41955 -5.69332 -2.62546 2.41955 -5.58549 -2.88162 2.41955 -5.49146 -2.92103 2.41955 -5.10405 -3.00276 2.41955 -1.8029 -3.33627 2.41955 1.80667 -3.33627 2.41955 5.28835 -2.98889 2.41955 5.34101 -2.9743 2.41955 5.58173 -2.8911 2.41955 5.60555 -2.84513 2.41955 5.68705 -2.62546 2.41955 5.69206 -2.25328 2.41955 5.69206 2.94202 1.35881 6.0381 2.94202 1.35881 6.0381 -2.25328 -0.497332 6.40294 -2.62546 -2.72382 6.40294 -2.62546 -3.04009 6.31017 -2.62546 2.15987 5.80114 2.94202 1.97438 5.86508 2.94202 1.72979 5.93655 2.94202 1.72979 5.93655 -2.62546 0.155336 6.2713 -2.86629 -0.126355 6.30264 -2.89913 1.35881 6.03308 -2.62546 1.95426 5.85881 -2.82834 -0.497332 6.30766 -2.90424 -2.72382 6.30766 -2.90424 -2.99671 6.27882 -2.87286 2.15987 5.80114 -2.25328 1.97438 5.86508 -2.25328 1.72979 5.89141 -2.86337 1.35881 5.93655 -2.8984 -0.126355 6.03183 -2.99546 1.97375 5.86508 -2.62546 2.15987 5.79612 -2.62546 -0.497332 6.03183 -3.00057 -2.72382 6.03183 -3.00057 2.30071 -5.66699 3.50395 1.72979 5.65946 -2.9597 1.35881 5.65946 -2.99473 0.616227 2.95636 -3.33627 0.244622 3.01027 -3.33627 -0.115666 3.01529 -3.33627 -0.126355 3.01529 -3.33627 -0.497332 2.97642 -3.33627 -0.76959 2.92627 -3.33627 -0.868308 2.90496 -3.33627 -1.02424 2.85857 -3.33627 -1.26569 2.75827 -3.33627 -1.56122 2.58776 -3.33627 -1.75865 2.45486 -3.33627 -1.95483 2.29689 -3.33627 -2.14849 2.11384 -3.33627 -2.30317 1.94458 -3.33627 -2.32895 1.91574 -3.33627 -2.48489 1.7189 -3.33627 -2.61378 1.51579 -3.33627 -3.83801 4.17376 -3.00276 -2.77664 1.21238 -3.33627 -2.87598 0.969155 -3.33627 2.10139 -5.68705 3.51635 2.34787 -5.68955 3.31347 0.895403 -6.04061 3.50614 1.14314 -6.01929 3.4857 1.24374 -6.05064 3.23831 0.987832 2.86108 -3.33627 1.31291 2.71689 -3.33627 1.42735 2.6517 -3.33627 1.73922 2.47367 -3.33627 1.94608 2.30942 -3.33627 2.0907 2.17652 -3.33627 2.3026 1.95461 -3.33627 2.3026 -1.95962 -3.33627 2.15106 -2.13515 -3.33627 2.10202 -2.18279 -3.33627 1.92345 -2.33324 -3.33627 1.69457 -2.50626 -3.33627 1.47513 -2.64919 -3.33627 1.35881 -2.70686 -3.33627 1.26072 -2.74824 -3.33627 0.967083 -2.85857 -3.33627 0.708656 -2.94257 -3.33627 0.626287 -2.96263 -3.33627 0.406846 -3.00777 -3.33627 0.244622 -3.03033 -3.33627 0.0616482 -3.0341 -3.33627 -0.126355 -3.0366 -3.33627 -0.514937 -2.98394 -3.33627 -0.868937 -2.88991 -3.33627 -0.894088 -2.88114 -3.33627 -1.23991 -2.75952 -3.33627 -1.59077 -2.57522 -3.33627 -1.64547 -2.54137 -3.33627 -1.7291 -2.47868 -3.33627 -1.98815 -2.28059 -3.33627 -2.13906 -2.14017 -3.33627 -2.33524 -1.92452 -3.33627 -2.41824 -1.83299 -3.33627 -2.46602 -1.75902 -3.33627 -2.68924 -1.37412 -3.33627 -2.72696 -1.29388 -3.33627 -2.8458 -1.0356 -3.33627 -2.95835 -0.649447 -3.33627 -3.00802 -0.278334 -3.33627 -3.01494 0.0902707 -3.33627 -2.99105 0.397442 -3.33627 -2.98539 0.461383 -3.33627 -2.94515 0.714642 -3.33627 -2.91685 0.832495 -3.33627 2.10139 -5.8212 2.94202 2.38874 -5.70962 2.94202 0.852017 -6.04311 3.50759 0.244622 -6.09201 3.52292 -0.126355 -6.12712 3.52584 -0.126355 -6.30766 3.31347 -0.126355 -6.39918 2.94202 1.27958 -6.06067 2.94202 1.46507 -6.01052 2.94202 1.72979 -5.93655 2.94202 -3.01306 -6.17351 3.31347 -2.94955 -6.09828 3.51708 2.10139 -5.8212 -2.25328 2.38874 -5.70962 -2.62546 1.72979 -5.93655 -2.25328 -0.497332 -6.12962 3.52584 -0.497332 -6.31518 3.31347 -0.497332 -6.4042 2.94202 -0.497332 -6.4042 -2.25328 -0.126355 -6.39918 -2.25328 1.27958 -6.06067 -2.25328 1.46507 -6.01052 -2.25328 -3.05707 -6.21864 2.94202 -2.72382 -6.40294 2.94202 -2.72382 -6.31518 3.31347 -2.72382 -6.12962 3.52584 2.10139 -5.81869 -2.62546 2.35479 -5.69332 -2.84805 -2.35284 -6.4042 2.94202 -2.35284 -6.4042 -2.25328 -0.497332 -6.40294 -2.62546 -0.126355 -6.39667 -2.62546 1.27895 -6.06067 -2.62546 1.72979 -5.92902 -2.62546 -3.05707 -6.21864 -2.25328 -2.72382 -6.40294 -2.62546 1.24374 -6.05064 -2.83637 2.10139 -5.73845 -2.88673 -2.72382 -6.21739 -2.90643 -0.497332 -6.21739 -2.90643 -0.126355 -6.21363 -2.90643 2.10139 -5.47516 -2.98306 -2.72382 -5.84753 -3.00276 -2.99796 -6.15595 -2.87432 -3.04952 -6.21739 -2.62546 0.987832 -6.07195 -2.86118 1.72979 -5.79111 -2.90643 -0.126355 -5.84753 -3.00276 0.244622 -6.15846 -2.8984 0.244622 -5.84753 -2.99473 0.616227 -5.84753 -2.97795 0.987832 -5.84753 -2.95751 1.72979 -5.47516 -3.00276 -4.00338 -2.6116 2.7156 -6.28864 -2.6116 2.7156 -4.10831 -4.62913 2.7156 -4.00338 -4.71821 2.7156 -4.00338 -4.71821 -2.25451 -4.00338 -4.718 -2.44767 -4.00338 -4.71779 -2.62571 -4.00338 -4.68748 -2.76513 -4.00338 -4.63985 -2.86926 -4.00338 -4.55489 -2.90062 -4.00338 -4.36188 -2.95381 -4.00338 -4.19836 -2.99188 -4.00338 -3.82698 -3.0042 -4.00338 -2.6116 -3.0042 -4.95247 -2.6116 -3.0042 -5.21872 -2.6116 -3.00364 -5.59908 -2.6116 -2.95045 -5.90605 -2.6116 -2.88046 -5.96042 -2.6116 -2.85247 -6.2289 -2.6116 -2.62571 -6.28864 -2.6116 -2.25451 -6.28887 -2.6116 -2.09326 -6.28909 -2.6116 -1.88331 -6.28909 -2.6116 2.57171 -4.10831 -4.62913 -2.25451 -4.20989 -3.62077 -3.0042 -4.58129 -3.2496 -3.0042 -4.95247 -2.87822 -3.0042 -4.10808 -4.62892 -2.62571 -4.20989 -3.99195 -2.99244 -4.08012 -4.60211 -2.85863 -4.20631 -4.36023 -2.90734 -4.57905 -3.9839 -2.9023 -4.58129 -3.62077 -2.9846 -4.45376 -4.23465 -2.86031 -6.06694 8.71329 8.88254 -6.06694 8.71329 6.28473 -6.4382 8.66611 6.28473 -6.4382 8.66611 8.88254 -6.06694 8.69067 9.25353 -5.69567 8.69002 8.88254 -5.69567 8.69002 6.28473 -6.06694 8.65189 5.91419 -6.4382 8.61699 5.91419 -5.69567 8.63444 5.91419 -6.80878 8.54461 6.28473 -6.80878 8.54461 8.88254 -6.84372 8.51165 9.27835 -6.4382 8.64285 9.25353 -6.4382 8.53233 9.56202 -6.06694 8.55624 9.60368 -5.69567 8.54332 9.57842 -5.69567 8.66482 9.25353 -5.3244 8.57305 9.25353 -5.3244 8.59373 8.88254 -5.3244 8.59373 6.28473 -5.69567 8.5123 5.68725 -6.06694 8.51811 5.68725 -6.4382 8.50583 5.68769 -6.72248 8.47933 5.70188 -6.83208 8.50519 5.91596 -5.3244 8.55689 5.91419 -5.12027 8.45478 5.71872 -5.3244 8.48257 5.70055 -7.00949 8.45413 6.28473 -7.00949 8.45413 8.88254 -7.00401 8.4509 9.17064 -6.99031 8.44314 9.41841 -6.74371 8.48903 9.49819 -6.4382 8.38304 9.86121 -5.84979 8.41729 9.86121 -6.06694 8.42699 9.86121 -5.69567 8.40437 9.86121 -5.52784 8.37464 9.86121 -5.3244 8.49872 9.51016 -5.10657 8.46253 9.46229 -5.07917 8.47869 9.25353 -5.06821 8.48515 8.88254 -5.06821 8.48515 6.28473 -5.69567 8.2596 5.64603 -5.3244 8.2596 5.65977 -6.06694 8.2596 5.64603 -6.4382 8.2596 5.64692 -6.83208 8.28222 5.67927 -7.18005 8.15942 5.69966 -7.37939 8.08834 5.71739 -6.96976 8.42117 5.79363 -7.00401 8.4509 6.0414 -5.08876 8.47287 5.91419 -4.90381 8.3462 5.91419 -4.67023 8.16072 5.91419 -4.71818 8.11742 5.70232 -4.97916 8.24797 5.69035 -7.19444 8.31195 6.28473 -7.19444 8.31195 8.88254 -7.14923 8.33069 9.27835 -6.95058 8.18269 9.86121 -6.8218 8.25766 9.86121 -7.40884 8.11742 9.25353 -7.38898 8.09738 9.46362 -7.06018 8.11548 9.86121 -7.40405 7.76584 9.86121 -7.47049 7.65597 9.86121 -7.54241 7.52801 9.86121 -7.66434 7.14606 9.86121 -7.70613 6.77444 9.86121 -7.69517 6.57087 9.86121 -7.68078 6.40348 9.86121 -7.64996 6.24255 9.86121 -7.58214 6.03187 9.86121 -7.53556 5.91683 9.86121 -7.45131 5.75203 9.86121 -7.34856 5.62988 9.86121 -7.22458 5.49481 9.86121 -7.10402 5.37266 9.86121 -6.93345 5.26408 9.86121 -6.51766 5.06438 9.86121 -6.40532 5.03401 9.86121 -6.06694 4.98231 9.86121 -5.8313 4.99975 9.86121 -5.69567 5.01074 9.86121 -5.57237 5.0353 9.86121 -5.44838 5.07085 9.86121 -4.97094 5.3313 9.86121 -4.62023 5.6777 9.86121 -4.3565 6.14497 9.86121 -4.31814 6.27034 9.86121 -4.288 6.40477 9.86121 -4.25649 6.77444 9.86121 -4.31403 7.14412 9.86121 -4.3428 7.25463 9.86121 -4.53597 7.64692 9.86121 -4.65242 7.82724 9.86121 -4.77024 7.94745 9.86121 -4.90587 8.07282 9.86121 -5.0278 8.17106 9.86121 -5.20247 8.26218 9.86121 -5.3244 8.3113 9.86121 -4.89354 8.3559 9.25353 -4.70516 8.1297 9.49731 -4.65996 8.17041 9.25353 -4.88258 8.36817 8.88254 -4.88258 8.36817 6.28473 -4.95313 7.88799 5.64736 -7.92259 2.11152 5.33355 -8.29385 2.11152 5.33311 -9.0357 2.11152 5.33311 -9.40697 2.11152 5.33488 -7.18005 7.88799 5.65888 -7.40199 8.11095 5.91419 -7.14923 8.31195 5.91596 -7.44652 7.88799 5.69966 -7.76846 7.42396 5.70276 -7.70681 7.67084 5.81712 -7.73969 7.70832 6.06444 -4.64626 8.18269 6.28473 -4.4846 7.97136 5.91419 -4.37157 7.74257 5.70808 -4.5894 7.87506 5.68415 -7.41775 8.12582 6.28473 -7.41775 8.12582 8.88254 -7.60201 7.89704 8.88254 -7.61982 7.85438 9.25353 -7.73147 7.69152 9.37719 -4.64626 8.18269 8.88254 -4.36198 7.75615 9.48091 -4.47501 7.98105 9.25353 -4.46131 7.99398 8.88254 -4.58255 7.51702 5.65179 -7.55132 2.11152 5.40136 -7.26705 2.11152 5.57334 -7.14991 2.11152 5.92616 -7.12799 2.11152 6.28473 -7.12594 2.11152 6.49217 -7.12457 2.11152 6.8636 -7.1232 2.11152 7.97656 -7.1232 2.11152 8.348 -7.12388 2.11152 8.51155 -7.17731 2.11152 8.70879 -7.23006 2.11152 8.85462 -7.39925 2.11152 8.96188 -7.55132 2.11152 9.04654 -9.0357 2.11152 9.39093 -9.40355 2.11152 9.40955 -9.77481 2.11152 9.40999 -9.77824 2.11152 9.40999 -10.1447 2.11152 9.40644 -10.1495 2.11152 9.406 -10.5393 2.11152 9.27613 -10.5454 2.11152 9.27347 -10.7564 2.11152 9.10549 -10.8941 2.11152 8.89938 -11.0057 2.11152 8.51155 -11.0092 2.11152 8.14056 -11.0085 2.11152 7.39814 -11.0016 2.11152 7.0276 -10.9783 2.11152 6.67522 -10.9749 2.11152 6.65617 -10.8763 2.11152 6.32684 -10.8653 2.11152 6.30645 -10.5393 2.11152 5.89513 -10.1728 2.11152 5.5299 -10.1666 2.11152 5.52636 -9.77824 2.11152 5.36856 -4.58255 7.14606 5.64603 -4.58187 6.40348 5.64603 -4.58187 6.03187 5.64736 -4.31883 6.03187 5.68814 -9.21928 5.10251 6.10123 -9.2823 5.2085 6.34856 -8.88295 5.89873 6.39732 -9.31313 5.26021 6.65617 -9.20216 5.44504 6.65617 -8.89939 5.92523 6.65617 -7.74106 7.71155 6.28473 -7.60201 7.89704 6.28473 -4.46131 7.99398 6.28473 -4.3428 7.78523 5.91419 -4.2243 7.51702 5.91419 -4.09757 7.11697 5.93325 -4.06538 6.77444 5.8477 -4.33458 7.51702 5.69257 -7.74106 7.71155 8.88254 -7.73969 7.70832 9.13031 -8.89871 5.92394 8.51111 -9.06242 5.6609 8.51111 -9.19873 5.43987 8.51111 -9.31244 5.25504 8.51111 -9.28162 5.20463 8.80763 -4.30444 7.51702 9.55936 -4.19553 7.51702 9.25353 -4.33595 7.79557 9.25353 -4.32705 7.8085 8.88254 -4.32705 7.8085 6.28473 -4.28321 7.14606 5.68725 -4.35993 5.77852 5.70232 -4.25101 6.77444 5.68725 -4.27293 6.40477 5.68681 -4.27156 6.40348 5.68725 -4.0825 6.41899 5.91596 -9.36724 4.95516 6.24883 -9.49602 4.91897 6.65617 -9.31313 5.26021 7.0276 -9.20147 5.44504 7.0276 -8.89939 5.92523 7.76913 -8.77952 6.11071 6.65617 -4.17703 7.51702 6.28473 -4.02222 6.9735 6.06888 -4.0188 6.77444 6.03298 -4.01948 6.55277 6.04095 -9.2001 5.44117 8.14012 -9.31313 5.25633 8.14012 -4.06332 7.11697 9.24865 -4.17703 7.51702 8.88254 -4.06058 7.16609 8.88254 -4.44761 5.53229 5.91419 -4.08593 6.40477 5.91552 -4.18936 6.03187 5.91419 -4.32157 5.71777 5.91419 -9.31313 5.25891 7.39947 -4.06058 7.16609 6.28473 -4.02085 6.98061 6.28473 -4.01127 6.77444 6.28473 -4.01606 6.53532 6.28473 -4.0462 6.34984 6.28473 -4.13799 6.03187 6.28473 -4.02907 6.77444 9.37143 -4.02222 6.9735 9.12144 -4.02085 6.98061 8.88254 -4.41952 5.50579 6.28473 -4.3017 5.69128 6.28473 -4.01127 6.77444 8.88254 -4.01606 6.53532 8.88254 -4.0462 6.34984 8.88254 -4.13799 6.03187 8.88254 -4.3017 5.69128 8.88254 -4.04962 6.41899 9.27924 -4.01948 6.55277 9.17153 -4.0188 6.77444 9.18571 -4.41952 5.50579 8.88254 -4.04825 6.40477 9.19768 -4.15717 6.03187 9.25353 -4.31335 5.70549 9.25353 -4.05305 6.40477 9.27791 -4.4298 5.52001 9.25353 -4.34897 5.76172 9.49775 -4.67366 5.383 9.53144 -0.124754 -3.03733 -3.33748 0.0618817 -3.03496 -3.33748 0.244369 -3.03081 -3.33748 0.407305 -3.00711 -3.33748 0.627119 -2.96266 -3.33748 0.708883 -2.94252 -3.33748 0.96721 -2.85896 -3.33748 1.26049 -2.74874 -3.33748 1.35825 -2.70726 -3.33748 1.47498 -2.64978 -3.33748 1.6942 -2.50638 -3.33748 1.92349 -2.33394 -3.33748 2.10242 -2.18461 -3.33748 2.15101 -2.13602 -3.33748 2.30269 -1.96002 -3.33748 2.47866 -1.73306 -3.33748 2.62322 -1.51558 -3.33748 2.68781 -1.39292 -3.33748 2.72573 -1.30403 -3.33748 2.84186 -1.0113 -3.33748 2.92954 -0.767748 -3.33748 2.95739 -0.666417 -3.33748 3.00301 -0.466717 -3.33748 3.02849 -0.278277 -3.33748 3.03323 -0.127762 -3.33748 3.03738 0.091493 -3.33748 2.99768 0.461856 -3.33748 2.90703 0.836366 -3.33748 2.88866 0.892661 -3.33748 2.77313 1.20554 -3.33748 2.58234 1.57709 -3.33748 2.54087 1.65235 -3.33748 2.45614 1.76079 -3.33748 2.30269 1.95575 -3.33748 2.08998 2.17797 -3.33748 1.94541 2.31071 -3.33748 1.73923 2.47485 -3.33748 1.42698 2.65262 -3.33748 1.34877 2.69648 -3.33748 1.31204 2.71603 -3.33748 0.987354 2.8618 -3.33748 0.615862 2.9578 -3.33748 0.261552 3.00758 -3.33748 0.244369 3.00936 -3.33748 -0.124754 3.01647 -3.33748 -0.496247 2.97677 -3.33748 -0.768201 2.92758 -3.33748 -0.868332 2.90625 -3.33748 -1.02416 2.85884 -3.33748 -1.2653 2.75988 -3.33748 -1.56096 2.58981 -3.33748 -1.75944 2.45648 -3.33748 -1.95496 2.29648 -3.33748 -2.14871 2.11515 -3.33748 -2.32883 1.91782 -3.33748 -2.48465 1.7205 -3.33748 -2.61322 1.51606 -3.33748 -2.77616 1.21384 -3.33748 -2.8757 0.970289 -3.33748 -2.91717 0.833996 -3.33748 -2.94442 0.716072 -3.33748 -2.9859 0.461856 -3.33748 -3.01552 0.091493 -3.33748 -3.00782 -0.278277 -3.33748 -2.95864 -0.649825 -3.33748 -2.84607 -1.03559 -3.33748 -2.72698 -1.29337 -3.33748 -2.68906 -1.37337 -3.33748 -2.46628 -1.75913 -3.33748 -2.41829 -1.83261 -3.33748 -2.33534 -1.92506 -3.33748 -2.13923 -2.14016 -3.33748 -1.98814 -2.2812 -3.33748 -1.72863 -2.47912 -3.33748 -1.64509 -2.54134 -3.33748 -1.58999 -2.57571 -3.33748 -1.23864 -2.75941 -3.33748 -0.893216 -2.88148 -3.33748 -0.868332 -2.88978 -3.33748 -0.838115 -2.89807 -3.33748 -0.513429 -2.98459 -3.33748 0.018037 -2.69423 -6.53572 0.086766 -2.69423 -6.53572 -0.496838 -2.09394 -11.164 -0.125346 -2.14787 -11.164 0.244961 -2.13779 -11.164 -0.806712 -2.00031 -11.164 -0.736798 -1.97009 -11.3727 -0.496838 -2.0015 -11.4059 -0.867147 -2.54371 -6.33826 -0.125346 -2.02817 -11.4302 0.244961 -2.02343 -11.4253 0.615862 -2.62015 -6.33826 0.616454 -1.98609 -11.3889 0.817902 -1.95646 -11.3582 0.616454 -2.06254 -11.164 -0.99157 -1.91913 -11.164 -1.42705 -1.58018 -11.3517 -1.23864 -1.64714 -11.4027 -0.863592 -1.78047 -11.4553 -0.496838 -1.76388 -11.5322 -0.125346 -1.76388 -11.5573 0.244961 -1.76328 -11.5516 0.616454 -1.76328 -11.516 0.9601 -1.76388 -11.4367 1.25457 -1.64121 -11.4019 1.05075 -1.88121 -11.164 0.8653 -1.97898 -11.164 -1.23864 -1.75854 -11.164 -1.39802 -2.30609 -6.33826 -1.45253 -1.60329 -11.164 -1.66109 -1.36625 -11.1696 -1.78195 -1.18374 -11.2967 -1.50882 -1.39292 -11.4075 -1.23864 -1.39292 -11.5225 -0.868332 -1.39292 -11.5904 -0.496838 -1.39292 -11.6042 0.000261705 -1.39292 -11.6042 0.616454 -1.39233 -11.6042 0.987354 -1.39233 -11.5791 1.3707 -1.40536 -11.4642 1.61066 -1.2904 -11.4043 1.50815 -1.54344 -11.164 1.32271 -1.69573 -11.164 -1.80862 -1.22522 -11.0498 -1.81691 -1.96832 -6.5859 -2.17241 -1.58492 -6.54463 -1.8809 -1.04448 -11.1696 -2.05095 -0.649825 -11.164 -1.84654 -0.936041 -11.397 -1.63916 -1.04448 -11.4739 -1.61072 -0.649825 -11.5686 -1.23864 -1.02137 -11.5961 -0.868332 -1.02137 -11.6042 -1.23864 -0.649825 -11.6042 -1.23864 0.833996 -11.6042 -0.868332 1.20554 -11.6042 0.000261705 1.20554 -11.6042 0.616454 1.20495 -11.6042 1.35885 0.462448 -11.6042 1.35885 -0.649825 -11.6042 1.35885 -1.02078 -11.5807 1.73271 -1.00004 -11.4415 1.92823 -0.861968 -11.3638 1.85239 -1.09841 -11.164 1.66694 -1.35796 -11.164 -2.54686 -0.85782 -6.56081 -2.15819 -0.393238 -10.7933 -2.13745 -0.287166 -11.1656 -1.90342 -0.649825 -11.4423 -1.61072 -0.27887 -11.5953 -1.94904 -0.27887 -11.4682 1.72975 0.0909004 -11.5694 1.72975 -0.278277 -11.5629 1.72975 -0.649825 -11.5249 1.9626 -0.649825 -11.3978 2.05029 -0.649825 -11.164 1.95371 -0.91293 -11.164 2.23455 -1.49781 -6.33826 -2.17715 -0.169242 -11.0426 -2.14397 0.0909004 -11.2344 -1.95792 0.0909004 -11.4723 -1.61072 0.0909004 -11.5993 0.987354 1.20495 -11.601 1.35885 0.833996 -11.5977 1.72975 0.462448 -11.5492 2.01237 0.0909004 -11.4432 2.00407 -0.278277 -11.4359 2.13264 -0.278277 -11.164 2.65996 -0.470866 -6.53249 2.48695 -1.02019 -6.33826 -2.17774 0.0909004 -11.0498 -2.17122 0.296526 -11.0094 -2.11375 0.43756 -11.1453 -1.93126 0.463041 -11.461 -1.61072 0.463041 -11.5872 -1.23864 1.20554 -11.5734 0.000261705 1.45028 -11.6034 -0.125346 1.5765 -11.6026 0.244961 1.5765 -11.601 0.616454 1.5765 -11.5823 1.35885 1.20495 -11.5451 1.75819 0.852366 -11.4682 1.98689 0.462448 -11.4229 2.14864 0.0909004 -11.164 2.66825 -0.278277 -6.56971 -2.56404 0.730294 -6.61584 -1.98281 0.833996 -11.164 -1.86905 0.833996 -11.4181 -1.61072 0.833996 -11.5451 -0.868332 1.5765 -11.55 -0.496838 1.5765 -11.5921 -1.60835 1.19132 -11.4415 -1.48275 1.45087 -11.3946 -1.22857 1.57531 -11.444 -0.125346 1.94212 -11.4755 0.000261705 1.81768 -11.5184 0.244961 1.93619 -11.4739 0.616454 1.89412 -11.4553 0.987354 1.5765 -11.5225 1.32567 1.5528 -11.4116 1.56444 1.41354 -11.3679 1.64087 1.20495 -11.4213 1.94897 0.740368 -11.3865 2.09946 0.462448 -11.164 2.66529 0.319636 -6.55677 2.67299 0.091493 -6.58752 -1.85068 1.10895 -11.164 -1.8181 1.05799 -11.3727 -2.51783 0.95666 -6.33826 -0.868332 1.84435 -11.4237 -0.496838 1.9119 -11.4658 -1.72211 1.29443 -11.164 -1.53666 1.50598 -11.164 -1.33699 1.69205 -11.164 -1.09763 1.78923 -11.3768 -0.125346 2.1276 -11.325 0.000261705 2.12582 -11.3153 0.244961 2.12167 -11.2967 0.987354 1.8159 -11.3978 1.17932 1.76672 -11.3541 1.39677 1.63516 -11.164 1.59762 1.44969 -11.164 1.80025 1.17888 -11.1656 1.90098 0.987474 -11.2902 1.97919 0.852366 -11.1656 2.55568 0.833403 -6.33826 -2.23817 1.49472 -6.33826 -0.498024 2.09619 -11.1809 -2.10368 1.68139 -6.33826 -1.91823 1.8876 -6.33826 -1.72152 2.07308 -6.33826 -1.15154 1.8236 -11.164 -1.53607 2.21115 -6.33826 -0.868332 1.96819 -11.164 -0.374786 2.14834 -11.0693 -0.125346 2.16078 -11.1381 0.000261705 2.15901 -11.13 0.244961 2.15545 -11.1113 0.596309 2.07367 -11.1591 0.460037 2.14182 -11.0329 0.987354 1.91071 -11.164 1.21132 1.78923 -11.164 1.57629 2.15663 -6.60208 1.77774 2.01382 -6.33826 1.95608 1.80523 -6.63365 1.92586 1.03725 -11.0426 2.29558 1.40347 -6.55758 -0.591638 2.1116 -10.7933 -0.124754 2.68759 -6.33826 0.244369 2.68225 -6.33826 0.861153 2.52759 -6.60856 1.07682 2.46418 -6.33826 1.35825 2.31545 -6.33826 -15.348 -2.5792 8.1414 -15.1846 -2.5792 8.1414 -15.1846 -2.5792 11.8532 -16.8328 -2.5792 12.2239 -17.465 -2.5792 12.2239 -17.465 -2.5792 10.7392 -16.8328 -2.5792 8.88284 -16.0905 -2.5792 8.51212 -16.4616 -2.57372 8.51212 -15.7193 -2.57327 8.1414 -17.465 -2.37902 3.93376 -15.1846 -2.56233 7.76976 -15.1846 -2.37902 3.93376 -15.1846 2.07878 3.93376 -15.1846 2.07878 11.6895 -15.1846 2.07833 11.8532 -15.1846 1.98257 12.0629 -15.1846 1.90824 12.2212 -15.1846 1.57673 12.3647 -15.1846 -1.76434 12.3647 -15.1846 -1.99872 12.3628 -15.1846 -2.13551 12.361 -15.1846 -2.29238 12.2892 -15.1846 -2.44012 12.2184 -17.2041 -2.57327 8.88284 -17.465 2.07924 3.93376 -17.465 -2.57464 12.5956 -17.465 -2.5035 12.9654 -17.465 -2.38449 13.2404 -17.465 -2.13551 13.3269 -17.465 -2.03383 13.3287 -17.465 -1.76434 13.3315 -17.465 1.20555 13.3315 -17.465 1.57673 13.3269 -17.465 1.64696 13.3159 -17.465 1.8444 13.2404 -17.465 1.89638 13.1972 -17.465 2.04048 12.8568 -17.465 2.07422 12.5956 -17.465 2.07878 12.4852 -17.2041 -2.56415 12.5956 -15.507 -2.33296 12.4162 -17.2041 2.06373 12.5956 -6.06592 8.42781 9.86137 -6.06592 8.40926 11.1109 -5.8494 8.41735 9.86137 -5.69504 8.40521 9.86137 -5.52716 8.37485 9.86137 -5.32382 8.31143 9.86137 -5.20188 8.26251 9.86137 -5.02691 8.17176 9.86137 -4.90565 8.07326 9.86137 -4.76953 7.94742 9.86137 -4.6513 7.82766 9.86137 -4.53511 7.64752 9.86137 -4.3419 7.25518 9.86137 -4.31319 7.14453 9.86137 -4.2561 6.77445 9.86137 -4.27603 6.53965 9.86137 -4.28785 6.4037 9.86137 -4.31724 6.27112 9.86137 -4.35541 6.14563 9.86137 -4.61921 5.67772 9.86137 -4.9705 5.33092 9.86137 -5.44745 5.07049 9.86137 -5.57107 5.03507 9.86137 -5.69504 5.01044 9.86137 -5.83116 4.99964 9.86137 -6.06592 4.98176 9.86137 -6.4037 5.03338 9.86137 -6.51618 5.06408 9.86137 -6.93232 5.26312 9.86137 -7.10391 5.37276 9.86137 -7.22484 5.49555 9.86137 -7.34914 5.62982 9.86137 -7.45081 5.75261 9.86137 -7.53593 5.91724 9.86137 -7.58255 6.03228 9.86137 -7.65078 6.24279 9.86137 -7.68118 6.4037 9.86137 -7.6957 6.57137 9.86137 -7.70651 6.77445 9.86137 -7.66497 7.14588 9.86137 -7.54269 7.5281 9.86137 -7.47108 7.65629 9.86137 -7.40454 7.76627 9.86137 -7.06 8.1161 9.86137 -6.9509 8.18357 9.86137 -6.82119 8.25812 9.86137 -6.43714 8.38396 9.86137 -6.43714 8.35494 11.1109 -6.43714 8.21326 11.4215 -6.06592 8.23957 11.4253 -5.69504 8.22709 11.4253 -5.69504 8.38295 11.1109 -6.8087 8.20449 11.1109 -7.00596 8.08338 11.3119 -6.8087 8.13938 11.3686 -6.8087 7.88839 11.4974 -6.43714 7.88839 11.5502 -5.69504 7.88839 11.5542 -6.06592 7.88839 11.5542 -5.32382 7.88839 11.5297 -5.32382 8.17109 11.4009 -5.32382 8.26892 11.1109 -7.19714 7.90289 11.1109 -7.37313 7.71263 11.3094 -7.14952 7.85701 11.3649 -7.17992 7.5173 11.4945 -6.8087 7.5173 11.5542 -5.32382 7.5173 11.5542 -4.9526 7.5173 11.537 -7.17992 6.77445 11.5542 -6.8087 6.03228 11.5542 -6.43714 5.66119 11.5542 -5.69504 5.66119 11.5542 -5.32382 6.03228 11.5542 -4.9526 6.4037 11.5542 -4.9526 7.14588 11.5542 -4.95733 7.88839 11.4178 -5.084 8.11171 11.3499 -5.05697 8.13061 11.1109 -7.48831 7.5173 11.1109 -7.63355 7.14588 11.1109 -7.42683 7.5173 11.3658 -7.49844 7.14588 11.4206 -7.17992 7.14588 11.5494 -4.58138 6.77445 11.4962 -4.5476 7.1732 11.4268 -4.63948 7.5173 11.4082 -4.71514 7.76458 11.3595 -4.87153 7.98116 11.1109 -7.68354 6.77445 11.1109 -7.52209 6.77445 11.4253 -7.17992 6.4037 11.5532 -4.58138 6.4037 11.471 -4.35338 6.77445 11.3674 -4.36892 7.06761 11.3419 -4.9526 6.03228 11.5471 -4.40304 7.30713 11.1109 -4.51112 7.5173 11.1109 -4.68913 7.79562 11.1109 -7.65483 6.4037 11.1109 -7.50891 6.4037 11.4244 -7.17992 6.03228 11.5217 -6.8087 5.66119 11.5313 -4.57429 6.06062 11.4009 -4.36892 6.4037 11.3422 -4.3115 6.77445 11.1109 -4.35575 7.12125 11.1109 -4.93335 5.64162 11.4394 -4.69352 5.75228 11.3729 -5.32382 5.66119 11.5464 -7.53729 6.03228 11.1109 -7.45149 6.03228 11.393 -7.17316 5.67334 11.4075 -7.0448 5.43314 11.3519 -6.8087 5.36162 11.4024 -6.44795 5.26143 11.4218 -6.06592 5.28977 11.4851 -4.38952 6.20298 11.3084 -4.34224 6.4037 11.1109 -5.04414 5.4048 11.3722 -4.81175 5.5195 11.1109 -4.65704 5.70505 11.1109 -5.69504 5.28977 11.4604 -5.35794 5.28437 11.3959 -7.40927 5.78466 11.1109 -7.39474 5.80524 11.3404 -7.25592 5.59878 11.1109 -7.07014 5.41189 11.1109 -6.8087 5.24625 11.1109 -6.55705 5.12446 11.1109 -6.33141 5.08364 11.3336 -6.06592 5.07049 11.3563 -4.47127 6.01001 11.1109 -5.50419 5.1022 11.3006 -4.99719 5.36938 11.1109 -5.69504 5.08432 11.3315 -6.37161 5.07319 11.1109 -6.06592 5.03642 11.1109 -5.31605 5.1835 11.1109 -5.69504 5.06442 11.1109 -19.8196 -2.57874 9.7391 -19.8196 2.07874 9.7391 -17.4653 2.07874 9.7391 -17.4653 -2.44286 9.7391 -19.6898 -2.57646 9.7391 -19.803 -2.57874 9.7391 -17.4653 -2.57874 10.74 -17.4653 -2.57874 12.2253 -17.5757 -2.57874 12.5957 -18.3182 -2.57874 13.3386 -19.0605 -2.57874 14.0809 -19.8196 -2.57874 14.0809 -19.8196 -2.57692 14.4524 -19.8196 -2.4538 14.7482 -19.8196 -2.44787 14.7623 -19.8196 -2.13552 14.8868 -19.8196 -1.76434 14.8878 -19.8196 1.5767 14.8878 -19.8196 1.91458 14.7628 -19.8196 2.07281 14.4524 -19.8196 2.07874 14.0976 -19.0605 2.07874 14.0809 -17.4653 2.07874 12.4858 -19.803 -2.57692 14.4524 -17.4653 2.07418 12.5957 -17.4653 2.04044 12.8568 -17.4653 1.89635 13.1969 -17.4653 1.84436 13.2403 -17.4653 1.64737 13.3159 -17.4653 1.5767 13.327 -17.4653 1.20552 13.331 -17.4653 -1.76434 13.331 -17.4653 -2.03383 13.329 -17.4653 -2.13552 13.327 -17.4653 -2.38403 13.2403 -17.4653 -2.5035 12.9656 -17.4653 -2.57464 12.5957 -17.4653 -2.55093 10.3686 -19.803 2.07281 14.4524 -18.6892 -2.56552 14.0809 -19.4317 -2.56369 14.4524 -18.3182 -2.57099 13.7095 -18.3182 2.07008 13.7095 -19.803 1.91458 14.7628 -19.4317 2.06096 14.4524 -18.6892 2.06461 14.0809 -18.3092 -2.45836 14.093 -18.7219 -2.41732 14.4498 -19.0605 -2.50624 14.4524 -19.803 -2.44787 14.7623 -17.9469 -2.55594 13.3386 -17.9386 -2.45061 13.708 -18.3092 1.93419 14.093 -19.0605 1.99302 14.4524 -19.4317 1.90273 14.7336 -19.803 1.5767 14.8873 -17.5757 -2.53725 12.9671 -18.427 -2.38859 14.3249 -18.0568 -2.39589 13.9776 -18.8678 -2.32795 14.6414 -19.0605 -2.37719 14.6782 -19.4317 -2.43465 14.7336 -19.803 -2.13552 14.8868 -17.587 -2.4237 13.3159 -18.7219 1.88312 14.4498 -18.427 1.84892 14.3249 -18.0568 1.85622 13.9776 -17.9386 1.92553 13.708 -19.803 -1.76434 14.8873 -19.0605 1.83479 14.6782 -19.4317 1.5767 14.8299 -19.4317 -2.13552 14.8299 -18.203 -2.13552 14.2044 -18.3887 -2.13552 14.3541 -18.0191 -2.13552 14.0189 -17.7183 -2.37628 13.583 -18.8641 -2.13552 14.6434 -19.0605 -2.13552 14.718 -18.6786 -2.13552 14.5396 -18.8678 1.77186 14.6414 -18.203 1.5767 14.2044 -18.3887 1.5767 14.3541 -18.0191 1.5767 14.0189 -17.7183 1.83479 13.583 -19.0605 1.5767 14.718 -18.6786 1.5767 14.5396 -17.8335 -2.13552 13.7987 -17.8335 1.5767 13.7987 -18.8641 1.5767 14.6434 -23.1443 1.20524 12.8752 -23.1443 -1.76405 12.8752 -23.1443 -2.13515 12.8726 -23.1443 -2.37404 12.8253 -23.1443 -2.50306 12.596 -23.1443 -2.57829 12.224 -23.1443 -2.57829 8.88238 -23.1443 -2.3786 3.93464 -23.1443 -2.36036 3.93376 -23.1443 2.07829 3.93376 -23.1443 2.07829 12.224 -23.1443 1.98847 12.5951 -23.1443 1.83073 12.8253 -23.1443 1.57634 12.8726 -23.1451 1.57634 12.8726 -29.4549 1.57588 11.1886 -29.4549 -1.76359 11.1886 -23.1451 -2.13515 12.8726 -29.4549 -2.13515 11.1869 -23.1451 1.83028 12.8253 -28.9341 1.77739 11.3007 -29.8268 1.84395 10.9795 -30.0207 1.77557 10.9296 -29.8268 1.57588 11.0337 -29.8268 -2.13515 11.0337 -23.1451 -2.37404 12.8253 -28.9341 -2.3321 11.3007 -30.0207 -2.33028 10.9296 -29.8268 -2.38635 10.9795 -23.1451 1.98847 12.596 -29.4549 1.91279 11.0565 -29.8268 2.00261 10.7388 -30.1657 1.8745 10.7256 -30.2106 1.57588 10.7992 -30.0247 1.57588 10.9331 -30.427 1.83028 10.5926 -30.4486 1.57588 10.6136 -30.0247 -2.13515 10.9331 -23.1451 -2.50306 12.596 -29.4549 -2.44334 11.0547 -30.2106 -2.13515 10.7992 -30.4486 -2.13515 10.6136 -30.427 -2.37267 10.5926 -30.1657 -2.40915 10.7256 -29.8268 -2.51537 10.7388 -23.1451 2.07829 12.224 -23.5161 2.07509 12.224 -23.8879 2.05823 12.224 -29.4549 2.07145 10.7388 -30.1978 2.05093 10.3677 -30.6345 1.57588 10.4158 -30.5584 1.89638 10.3493 -30.7796 1.8125 10.2145 -30.6345 -2.13515 10.4158 -23.8879 -2.56096 12.224 -23.5161 -2.57737 12.224 -23.1451 -2.57829 12.224 -29.4549 -2.5719 10.7388 -30.7796 -2.35809 10.2145 -30.5584 -2.42556 10.3493 -30.1978 -2.55321 10.3677 -26.4859 2.07829 3.93376 -26.6598 2.07829 4.23047 -26.6598 2.07829 10.7388 -24.259 2.07829 11.8529 -29.0847 2.07783 10.7388 -29.8268 2.07783 10.3677 -30.1978 2.07783 9.99656 -30.5688 2.07646 9.62458 -30.5688 2.03497 9.99656 -30.7916 1.57588 10.2302 -30.7916 -2.13515 10.2302 -30.8469 1.87632 9.99656 -31.1506 1.81842 9.50292 -31.0873 1.57588 9.71911 -30.9382 1.57588 9.99656 -29.0847 -2.57783 10.7388 -24.259 -2.57829 11.8529 -25.3721 -2.57829 11.481 -26.1149 -2.57829 11.1107 -26.6598 -2.57829 10.7388 -26.6598 -2.57829 8.14192 -25.7431 -2.57829 7.76994 -25.3721 -2.57829 7.76994 -29.8268 -2.57783 10.3677 -30.9382 -2.13515 9.99656 -31.0865 -2.13515 9.71911 -31.1506 -2.36264 9.50292 -30.8461 -2.41279 9.99656 -30.5688 -2.54181 9.99656 -30.5688 -2.57783 9.62458 -30.1978 -2.57783 9.99656 -23.1451 -2.3786 3.93376 -26.4859 -2.3786 3.93376 -26.8578 -2.36675 3.93376 -27.1294 -2.34213 3.93376 -27.228 -2.19533 3.93376 -27.2576 -2.13515 3.93376 -27.3153 -1.76313 3.93376 -27.3169 -1.39249 3.93376 -27.3169 1.20524 3.93376 -27.3121 1.54762 3.93376 -27.3113 1.57588 3.93376 -27.1791 1.89592 3.93376 -27.1278 1.93331 3.93376 -26.8682 2.02403 3.93376 -26.7351 2.06643 3.93376 -26.6598 2.07099 3.93376 -30.5688 2.07783 9.25348 -30.9406 2.06552 8.51127 -30.9406 2.06142 8.88238 -30.9406 2.03133 9.25348 -30.9623 1.92054 9.62546 -31.1859 1.87267 9.25348 -31.2468 1.57588 9.25348 -31.1634 1.57588 9.53443 -31.0873 -1.76359 9.71911 -31.1634 -2.13515 9.53443 -27.9708 -2.57783 5.17135 -27.5998 -2.57145 5.17135 -31.2468 -2.13515 9.25348 -31.1859 -2.40596 9.25348 -30.9615 -2.44881 9.62546 -30.9406 -2.53543 9.25348 -30.9406 -2.56278 8.88238 -30.9406 -2.56826 8.51127 -30.9406 -2.56826 6.65664 -30.5688 -2.57783 6.65664 -30.1978 2.07783 6.28554 -30.5688 2.07783 6.65664 -30.9406 2.06598 6.65664 -30.9406 2.06598 8.14105 -31.2283 1.90778 8.14105 -31.2267 1.90732 8.51127 -31.2171 1.90276 8.88238 -31.3085 1.57588 8.88238 -31.3085 -2.13515 8.88238 -27.9957 -2.57783 5.17135 -27.9708 -2.54364 4.80025 -31.2171 -2.43376 8.88238 -31.2267 -2.43878 8.51127 -31.2283 -2.44015 8.14105 -31.2283 -2.44015 6.65664 -30.1978 -2.57783 6.28554 -29.8268 2.06643 5.91443 -31.2283 1.90778 6.65664 -31.3309 1.57588 8.14105 -31.3309 1.57588 6.65664 -31.3277 1.57588 8.51127 -31.3277 -2.13515 8.51127 -28.3419 -2.57783 5.17223 -28.3515 -2.45793 4.77837 -28.6776 -2.5482 5.17223 -28.7137 -2.545 5.17223 -31.3309 -2.13515 8.14105 -31.3309 -2.13515 6.65664 -31.1939 -2.39957 6.38181 -30.9463 -2.45337 6.26891 -30.5688 -2.5564 6.28554 -29.8268 -2.56689 5.91443 -29.0847 -2.57418 5.54246 -30.9463 1.92784 6.26891 -30.5688 2.05367 6.28554 -31.1939 1.85945 6.38181 -28.7137 -2.41598 4.8904 -28.2345 -2.37769 4.57444 -28.9469 -2.36264 4.95867 -29.4549 -2.52039 5.54246 -29.0759 -2.44516 5.16085 -31.2283 -2.13515 6.3363 -31.048 -2.13515 6.15075 -30.8268 -2.37723 6.05885 -30.5688 -2.42738 5.98445 -30.8268 1.83575 6.05885 -30.5688 1.89547 5.98358 -31.048 1.57588 6.15075 -31.2283 1.57588 6.3363 -30.1177 -2.39137 5.66761 -29.6561 -2.33529 5.34815 -30.8629 1.57588 6.03697 -30.8629 -2.13515 6.03697 -29.6561 1.78241 5.34815 -4.00401 -2.6116 3.55413 -5.64503 -4.71942 3.55677 -4.00401 -3.62074 3.55413 -4.00401 -3.99192 3.55199 -4.00401 -4.35113 3.53701 -4.00401 -4.58221 3.51288 -4.00401 -4.66351 3.3235 -4.00401 -4.71818 2.94318 -4.00401 -4.71818 2.7156 -4.00401 -2.6116 2.7156 -6.28908 -2.6116 2.7156 -9.19653 -2.6116 2.72194 -9.56729 -2.6116 2.7282 -9.88517 -2.6116 2.83647 -10.2629 -2.6116 3.20106 -10.4196 -2.6116 3.41745 -10.5114 -2.6116 3.55677 -6.7968 -2.6116 3.55677 -5.75269 -4.71942 3.36154 -9.33604 -4.71942 3.55677 -9.25832 -4.71942 3.46751 -9.14557 -4.71942 3.38344 -9.09524 -4.71942 3.34639 -9.06403 -4.71942 3.32836 -8.67989 -4.71942 3.16278 -8.6646 -4.71942 3.16014 -8.3085 -4.71942 3.14573 -6.8089 -4.71942 3.14573 -6.4528 -4.71942 3.14639 -6.43751 -4.71942 3.14754 -6.0814 -4.71942 3.22247 -4.10849 -4.62925 2.7156 -23.1436 -2.55321 12.3512 -23.0177 -2.57464 12.3512 -21.6591 -2.57281 13.7096 -23.1436 -2.5035 12.5961 -23.1436 -2.37446 12.8268 -23.1436 -2.13552 12.8735 -23.1436 -1.76434 12.8753 -23.1436 1.20552 12.8753 -23.1436 1.5767 12.8735 -23.1436 1.83114 12.8263 -23.1436 1.98891 12.5956 -23.1436 2.04819 12.3512 -22.773 2.07464 12.3512 -22.4017 2.07874 12.3512 -21.2882 2.07874 12.3512 -20.9182 1.92826 12.3512 -20.7551 1.5767 12.3512 -19.8196 -0.506266 12.3512 -19.8196 -2.57874 12.3512 -22.6467 -2.57874 12.3512 -21.6591 -2.57874 13.3388 -20.9169 -2.57874 14.081 -21.2882 -2.5678 14.081 -21.6728 -2.46201 14.0979 -21.9279 -2.39863 13.9853 -21.6591 2.0719 13.7096 -22.773 2.06597 12.5961 -19.8196 -2.57874 14.081 -19.8196 -2.57692 14.4523 -20.1746 -2.57692 14.4523 -20.5459 -2.56461 14.4523 -20.9169 -2.51171 14.4523 -21.2595 -2.42279 14.4533 -21.5582 -2.39179 14.3301 -21.7864 -2.13552 14.2158 -21.6728 1.93738 14.0979 -21.2882 2.06734 14.081 -21.9279 1.8585 13.9853 -20.9169 2.07874 14.081 -21.6591 2.07874 13.3388 -22.4017 2.07874 12.5961 -19.8196 1.5767 12.9451 -19.8196 1.59129 12.9495 -19.8196 1.90182 13.0519 -19.8196 2.06005 13.3388 -19.8196 2.06096 13.3552 -19.8196 2.07874 13.7096 -19.8196 2.07874 14.0976 -19.8196 2.07281 14.4523 -19.8196 1.91458 14.7628 -19.8196 1.5767 14.8878 -19.8196 -1.78076 14.8878 -19.8196 -2.13552 14.8873 -19.8196 -2.44787 14.7623 -19.8196 -2.4538 14.7484 -20.1746 -2.44833 14.7628 -20.5459 -2.43556 14.7357 -20.9169 -2.38312 14.6823 -21.117 -2.33387 14.6451 -21.6005 -2.13552 14.3619 -21.6005 1.5767 14.3619 -21.7864 1.5767 14.2158 -20.9169 2.00031 14.4523 -21.5582 1.85211 14.3301 -21.2595 1.89042 14.4533 -20.5459 2.06233 14.4523 -20.1746 2.07281 14.4523 -20.1746 -2.13552 14.888 -20.5459 -2.13552 14.8339 -20.9169 -2.13552 14.7265 -21.1238 -2.13552 14.6486 -21.3096 -2.13552 14.5475 -21.3096 1.5767 14.5475 -20.9169 1.84208 14.6823 -20.5459 1.9041 14.7357 -21.117 1.78052 14.6451 -20.1746 1.91458 14.7633 -20.1746 -1.76434 14.8885 -20.1746 1.5767 14.8885 -20.5459 1.5767 14.8339 -20.9169 1.5767 14.7265 -21.1238 1.5767 14.6486 -5.2191 -2.6116 -3.00392 -8.68482 -2.45444 -3.01537 -8.68482 -2.4475 -3.03087 -8.68482 -2.4378 -3.04367 -8.68482 -2.13549 -3.19389 -4.00383 -2.6116 -3.00392 -4.00383 -2.6116 3.55383 -6.82892 -2.6116 3.68316 -8.68482 -2.6116 3.68316 -8.68482 -2.6116 2.7219 -6.22908 -2.6116 -2.62535 -5.96054 -2.6116 -2.85236 -5.90647 -2.6116 -2.88065 -5.59945 -2.6116 -2.95071 -8.68482 -2.57739 -2.64555 -8.68482 -2.57878 -2.62535 -8.68482 2.07878 3.68316 -8.68482 2.07878 -2.25418 -8.68482 2.0774 -2.62535 -8.68482 1.92763 -3.01605 -8.68482 1.90729 -3.04434 -8.68482 1.69974 -3.17704 -8.68482 1.57679 -3.19389 -8.68482 1.20561 -3.19793 -8.68482 -1.39266 -3.19793 -8.68482 -1.76431 -3.19725 -8.68482 -1.90945 -3.19658 -4.00383 2.11068 -3.00392 -4.00383 2.11068 3.55383 -4.00383 0.462781 3.5545 -4.00383 -0.443678 3.5545 -4.9524 2.11068 -3.00392 -5.32404 2.11068 -3.00258 -5.69934 2.11068 -2.97024 -6.0664 2.11068 -2.90355 -6.31981 2.11068 -2.83821 -6.4779 2.11068 -2.62535 -6.50906 2.11068 -2.25418 -6.50906 2.11068 2.57774 -6.50769 2.11068 2.94285 -6.50677 2.11068 2.94824 -6.34868 2.11068 3.23857 -6.30102 2.11068 3.31536 -6.14705 2.11068 3.45952 -5.994 2.11068 3.52149 -5.9028 2.11068 3.53227 -5.53254 2.11068 3.55383 -7.92229 2.07878 3.68316 -7.55112 2.05983 3.68316 -7.51354 2.04411 3.68316 -7.20239 1.91191 3.68316 -7.19185 1.90544 3.68316 -7.05117 1.6378 3.68316 -7.0365 1.57679 3.68316 -6.83029 -2.49511 3.68316 -8.68482 1.57695 9.50265 -7.55138 2.11022 9.04698 -8.68482 1.95301 9.32054 -8.68482 2.10977 9.22253 -8.68482 2.11022 9.21843 -8.68482 2.11022 6.71374 -8.68482 -2.51751 6.71374 -8.68482 -2.49848 6.76152 -8.68482 -0.956202 9.18977 -8.68482 -0.505843 9.47835 -8.68482 -0.145194 9.50019 -8.68482 0.0917658 9.50183 -8.68482 0.224064 9.50265 -7.55138 1.94802 9.04288 -7.39907 2.11022 8.96207 -7.22949 2.11022 8.85504 -7.17704 2.11022 8.70898 -7.12306 2.11022 8.51186 -7.1226 2.11022 8.34804 -7.12275 2.11022 7.97701 -7.12367 2.11022 7.23467 -7.12428 2.11022 6.86336 -7.12458 2.11022 6.71374 -7.55138 1.57695 9.00684 -7.2694 1.94802 8.8646 -7.4688 0.0917658 6.71374 -7.61148 -0.24487 6.71374 -8.66937 -2.51116 6.71374 -7.67051 -0.130695 8.79225 -7.60934 0.0917658 8.85723 -7.31191 1.57695 8.82856 -7.48165 0.0917658 8.51186 -7.34311 1.28109 8.76549 -7.41284 0.462836 8.51186 -6.79702 -2.6116 3.55703 -6.43853 -4.72011 3.148 -6.45335 -4.72011 3.14654 -6.80848 -4.72011 3.1458 -8.293 -4.72011 3.1458 -10.5107 -2.6116 3.55703 -10.632 -2.6116 3.57424 -10.7823 -2.6116 3.84925 -10.8429 -2.6116 4.13927 -10.8908 -2.6116 4.42856 -10.8948 -2.6116 4.79731 -10.8955 -2.6116 5.16752 -10.8955 -2.6116 5.54176 -10.8941 -2.6116 5.91308 -10.8598 -2.6116 6.28439 -10.6947 -2.6116 6.65534 -10.5248 -2.6116 6.79888 -10.1495 -2.6116 6.87908 -9.7782 -2.6116 6.8864 -9.4069 -2.6116 6.88677 -7.18113 -2.6116 6.51582 -7.06522 -2.6116 6.49019 -6.97829 -2.6116 6.28439 -4.50319 -5.41657 6.63483 -4.50319 -5.41657 3.68593 -4.36774 -5.62265 3.42813 -4.58809 -5.49064 3.33 -4.95333 -5.4775 3.16484 -5.32463 -5.4775 3.14617 -4.95333 -5.84783 3.1458 -4.5827 -6.59089 3.1458 -4.95265 -7.33275 3.1458 -5.69593 -8.07521 3.1458 -6.06655 -8.07521 3.1458 -6.80848 -7.70428 3.1458 -7.17978 -7.33275 3.1458 -8.293 -4.73504 3.1458 -8.67913 -4.72011 3.16301 -8.30783 -4.72011 3.14617 -8.66363 -4.72011 3.16082 -6.98638 -2.66834 6.47774 -4.35359 -5.60234 6.63483 -4.35359 -5.60234 3.68593 -4.68917 -5.22305 6.63483 -6.05308 -4.71951 6.79302 -4.21612 -5.84783 3.68593 -4.02474 -6.40333 3.49881 -4.30642 -5.84783 3.35929 -4.5827 -5.84783 3.18206 -4.5827 -6.21936 3.14763 -8.66363 -4.73504 3.16118 -7.5504 -7.33275 3.17656 -8.66363 -5.10657 3.21941 -7.56455 -7.70308 3.31242 -7.76806 -7.57825 3.41934 -8.293 -5.10657 3.14654 -4.21949 -5.84783 6.63483 -4.21612 -5.84783 6.28366 -5.69593 -8.68984 6.63483 -5.46883 -8.64684 6.63483 -5.28352 -8.57695 6.63483 -4.97152 -8.41986 6.63483 -4.95265 -8.4103 6.63483 -4.74443 -8.28009 6.63483 -4.55912 -8.08656 6.63483 -4.38728 -7.90079 6.63483 -4.27272 -7.70428 6.63483 -4.26329 -7.68337 6.63483 -4.10763 -7.33275 6.63483 -4.03755 -7.06277 6.63483 -4.01396 -6.88775 6.63483 -4.01261 -6.877 6.63483 -4.01194 -6.59089 6.63483 -4.02474 -6.40214 6.63483 -4.0773 -6.21697 6.63483 -4.07461 -6.21697 6.28366 -4.07461 -6.21697 3.68593 -4.02474 -6.40214 3.68593 -4.01194 -6.59089 3.68593 -4.01868 -6.59089 3.47757 -4.19321 -6.2552 3.35929 -4.21073 -6.59089 3.30033 -4.58203 -6.96182 3.14617 -7.17978 -7.70428 3.1491 -7.19865 -8.09671 3.29447 -9.24585 -5.33534 3.8313 -7.45067 -7.9874 3.38602 -7.67844 -7.79328 3.68593 -6.06655 -8.71374 6.63483 -6.06655 -8.71374 3.68593 -5.69593 -8.68984 3.68593 -5.46883 -8.64684 3.68593 -5.28352 -8.57934 3.68593 -5.28352 -8.57934 6.28366 -4.95265 -8.41269 6.28366 -4.74443 -8.28009 3.68593 -4.55912 -8.08656 3.68593 -4.95265 -8.41269 3.68593 -4.38728 -7.90079 3.68593 -4.27272 -7.70428 3.68593 -4.10695 -7.33275 6.28366 -4.10695 -7.33275 3.68593 -4.03552 -7.06277 6.28366 -4.03552 -7.06277 3.68593 -4.01261 -6.877 3.68593 -4.01666 -6.84355 3.47134 -4.01733 -6.71274 3.47464 -4.11706 -6.71274 3.38273 -4.19995 -6.71274 3.31352 -4.58203 -7.33275 3.1491 -4.95265 -7.70428 3.1469 -6.43785 -8.07521 3.14617 -6.80848 -8.07521 3.15166 -6.80848 -8.40074 3.3289 -7.08746 -8.32608 3.38968 -9.14477 -5.54261 4.05724 -9.25932 -5.35625 4.05724 -7.31994 -8.22215 3.68593 -7.49245 -8.03638 3.68593 -7.49245 -8.03638 6.63483 -7.67844 -7.79328 6.28366 -8.95878 -5.82872 4.05724 -6.42235 -8.66953 6.63483 -6.42235 -8.66953 3.68593 -5.69593 -8.66117 3.41605 -5.48231 -8.64206 3.46841 -4.75252 -8.27352 3.46439 -4.39065 -7.89721 3.48233 -4.33472 -7.70428 3.40104 -6.60834 -8.62832 6.63483 -4.25116 -7.33275 3.32633 -4.17771 -6.96481 3.34135 -4.58203 -7.70428 3.2249 -4.95265 -8.07521 3.21025 -5.32463 -8.07521 3.148 -6.06655 -8.44674 3.20805 -6.46885 -8.48258 3.31498 -6.36575 -8.65699 3.4274 -6.80848 -8.54051 3.68593 -7.13396 -8.35833 3.68593 -8.83681 -6.01448 5.91234 -8.95743 -5.82872 5.91234 -9.14207 -5.54261 5.91234 -9.26067 -5.35744 5.91234 -9.26067 -5.35744 5.5414 -7.31994 -8.22215 6.28366 -7.13396 -8.35833 6.63483 -7.66766 -7.80702 6.63483 -7.67709 -7.79328 6.63483 -6.60834 -8.62832 3.68593 -6.06655 -8.67252 3.38529 -5.69593 -8.44674 3.23881 -5.34484 -8.46227 3.34098 -4.95265 -8.33683 3.38675 -4.60966 -8.04295 3.39774 -7.31994 -8.22155 6.63483 -6.80848 -8.54051 6.63483 -9.24854 -5.33773 6.28366 -9.23102 -5.30906 6.4792 -6.06593 -5.03626 8.51196 -6.06593 -5.164 8.87307 -5.69505 -5.178 8.87124 -5.69505 -5.06461 8.51196 -5.69505 -5.05694 7.36137 -6.06593 -5.03626 8.14092 -6.43714 -5.08029 7.36137 -6.43714 -5.09329 8.51196 -6.43714 -5.19234 8.86362 -6.06593 -5.47716 9.05121 -5.69505 -5.47716 9.04939 -6.43714 -5.47716 9.04177 -5.32384 -5.47716 8.98758 -5.32384 -5.23503 8.80943 -5.1213 -5.28039 8.73254 -5.32384 -5.17834 8.51196 -5.32015 -5.15099 7.36137 -5.65481 -5.06194 7.36137 -6.01496 -5.03927 7.36137 -5.09045 -5.25671 7.36137 -4.92312 -5.39545 7.36137 -4.88724 -5.4268 7.36137 -4.70314 -5.59455 7.36137 -4.55526 -5.815 7.36137 -4.39732 -6.10648 7.36137 -4.33529 -6.2739 7.36137 -4.27325 -6.59106 7.36137 -4.28599 -6.96225 7.36137 -4.34132 -7.19337 7.36137 -4.35239 -7.22839 7.36137 -4.44863 -7.41015 7.36137 -4.61026 -7.70463 7.36137 -4.74372 -7.91341 7.36137 -4.95263 -8.06982 7.36137 -5.19541 -8.2309 7.36137 -5.38051 -8.33062 7.36137 -5.69505 -8.41833 7.36137 -6.06593 -8.44301 7.36137 -6.10482 -8.44034 7.36137 -6.44015 -8.39165 7.36137 -6.69031 -8.30427 7.36137 -6.85731 -8.20356 7.36137 -6.89956 -8.17354 7.36137 -7.1249 -8.00745 7.36137 -7.29122 -7.8417 7.36137 -7.32677 -7.80135 7.36137 -7.45118 -7.6346 7.36137 -7.57357 -7.37079 7.36137 -7.58665 -7.33311 7.36137 -7.67383 -7.01194 7.36137 -7.68222 -6.96192 7.36137 -7.69664 -6.65443 7.36137 -7.69865 -6.59106 7.36137 -7.62387 -6.21987 7.36137 -7.47331 -5.85802 7.36137 -7.3546 -5.67659 7.36137 -7.17352 -5.49483 7.36137 -6.96059 -5.31441 7.36137 -6.77817 -5.19935 7.36137 -6.06593 -5.0376 7.36137 -6.7614 -5.21769 8.51196 -6.71513 -5.24237 8.80197 -6.82679 -5.45181 8.90157 -6.80868 -5.84835 9.05254 -6.43714 -5.84835 9.0537 -5.32384 -5.84835 9.05387 -4.95263 -5.84835 9.01973 -4.97946 -5.49317 8.83429 -4.73601 -5.62723 8.77198 -4.92714 -5.42413 8.51196 -5.11292 -5.27505 8.51196 -6.94717 -5.32108 8.51196 -7.10444 -5.55887 8.8144 -7.20907 -5.82233 8.90621 -7.17989 -6.21987 9.0484 -7.17989 -6.59106 9.0532 -6.80868 -7.33311 9.05387 -6.43714 -7.70463 9.0542 -4.95263 -6.59106 9.0542 -4.95263 -6.21987 9.05337 -4.58142 -6.59106 8.99189 -4.55459 -6.21387 8.88003 -4.66391 -5.84835 8.84174 -4.37318 -6.3336 8.76518 -4.42214 -6.11215 8.51196 -4.56096 -5.84835 8.51196 -4.72025 -5.60956 8.51196 -7.15977 -5.50684 8.51196 -7.34555 -5.6906 8.51196 -7.42737 -5.92872 8.80976 -7.48873 -6.21987 8.87008 -7.52595 -6.59106 8.87489 -7.17989 -6.96192 9.05271 -6.80868 -7.70463 9.04939 -6.06593 -8.07582 9.03879 -5.69505 -7.70463 9.0542 -4.95263 -6.96192 9.0542 -4.95263 -7.33311 9.05221 -4.58142 -6.96192 8.97449 -4.35474 -6.59106 8.81357 -4.31416 -6.59106 8.51196 -4.36211 -6.29791 8.51196 -7.45855 -5.87603 8.51196 -7.61213 -6.21987 8.51196 -7.68624 -6.59106 8.51196 -7.51891 -6.96192 8.87456 -7.17989 -7.33311 9.03912 -6.78957 -8.08082 8.86495 -6.43714 -8.07582 8.99205 -7.19129 -7.7103 8.8966 -6.06593 -8.33762 8.86064 -5.69505 -8.07582 9.02006 -5.32384 -7.70463 9.05254 -4.95263 -7.70463 8.96405 -4.56499 -7.31843 8.86544 -4.36144 -6.96192 8.79634 -4.32724 -6.96192 8.51196 -7.67249 -6.96192 8.51196 -7.46962 -7.33311 8.86097 -6.65342 -8.27659 8.7453 -6.43714 -8.30928 8.8139 -7.07493 -7.96043 8.81009 -7.41127 -7.59024 8.79816 -6.06593 -8.41366 8.51196 -5.69505 -8.32362 8.84174 -5.31646 -8.09883 8.88831 -4.95263 -7.9661 8.78772 -4.69946 -7.70463 8.78739 -4.38223 -7.1847 8.74215 -4.37519 -7.20338 8.51196 -7.57391 -7.33311 8.51196 -7.11517 -7.99545 8.51196 -6.85429 -8.18121 8.51196 -6.66851 -8.28393 8.51196 -6.43714 -8.3573 8.51196 -7.30095 -7.81169 8.51196 -7.43441 -7.62593 8.51196 -5.69505 -8.38565 8.51196 -5.43517 -8.2916 8.77993 -4.76585 -7.89139 8.70088 -4.44796 -7.38914 8.51196 -5.39828 -8.30661 8.51196 -5.21251 -8.22623 8.51196 -4.63205 -7.70463 8.51196 -4.95263 -8.04214 8.51196 -17.4653 2.07875 9.7391 -23.1434 2.07875 9.7391 -23.1434 -2.5792 9.7391 -19.8032 -2.5792 9.7391 -19.6904 -2.57639 9.7391 -19.4319 -2.56093 9.7391 -17.4653 -2.44245 9.7391 -17.4653 -2.48085 9.00661 -17.4653 -2.48413 8.8833 -17.4653 -2.48741 8.6219 -17.4653 -2.37875 3.93376 -17.4653 2.07921 3.93376 -19.4319 2.19395 3.93376 -19.8032 2.20519 3.93376 -20.1745 2.20472 3.93376 -20.5453 2.19583 3.93376 -23.1434 2.07875 3.93376 -23.1434 -2.36049 3.93376 -23.1434 -2.37875 3.93433 -23.1434 -2.5792 8.8833 -22.896 -2.37875 3.93376 -22.7732 -2.5792 8.8833 -19.8032 -2.5792 9.25437 -23.1436 -2.57874 9.7391 -19.8196 -2.57874 9.7391 -19.8196 -2.57874 12.3509 -22.6467 -2.57874 12.3509 -23.1436 -2.57874 12.2246 -23.1436 -2.55321 12.3509 -23.1436 2.04819 12.3509 -23.1436 2.07874 12.2241 -23.1436 2.07874 9.7391 -19.8196 2.07874 9.7391 -19.8196 2.07874 10.7398 -19.8196 2.07737 10.7565 -19.8196 2.04819 11.1108 -19.8196 2.04135 11.1226 -19.8196 1.88996 11.3788 -19.8196 -0.506266 12.3509 -23.0177 -2.57464 12.3509 -22.4017 2.07874 12.3509 -21.2882 2.07874 12.3509 -20.7551 1.5767 12.3509 -20.9182 1.92826 12.3509 -22.773 2.07464 12.3509 2.42033 1.51457 4.11842 2.44475 1.46665 4.11842 5.2872 2.9513 3.51714 4.89842 3.63455 3.50765 4.68239 3.7761 3.52517 4.54663 4.02577 3.51641 4.31358 4.15953 3.53028 3.93959 4.52958 3.52955 3.80309 4.75584 3.51422 3.58669 4.82829 3.52371 3.13465 5.14595 3.51641 2.82022 5.27747 3.52444 2.68038 5.48256 3.50547 2.47323 5.50931 3.51714 2.42033 5.51823 3.5186 2.42033 5.62746 3.31428 2.42033 5.69211 2.9414 2.42033 5.69211 -2.25265 2.42033 5.68765 -2.56132 2.42033 5.68653 -2.6248 2.42033 5.60517 -2.84445 2.42033 5.58065 -2.89042 2.42033 5.34101 -2.9736 2.42033 5.28862 -2.9882 2.42033 1.80771 -3.33627 2.42033 -1.80249 -3.33627 2.42033 -5.10394 -3.00206 2.42033 -5.48959 -2.92034 2.42033 -5.58434 -2.88093 2.42033 -5.69357 -2.6248 2.42033 -5.69468 -2.31614 2.42033 -5.69468 2.9414 2.42033 -5.66793 3.19461 2.42033 -5.64675 3.31282 2.42033 -5.62223 3.4055 2.42033 -5.49628 3.51933 2.42033 -5.47845 3.52225 2.42033 -5.46396 3.52444 2.42033 -1.43913 4.11842 2.46805 -1.40123 4.11842 2.77841 -0.61209 4.11842 2.85055 -0.352387 4.11842 2.85758 -0.303345 4.11842 2.8561 0.0901102 4.11842 2.81873 0.443439 4.11842 2.81208 0.475763 4.11842 2.68482 0.832436 4.11842 2.64672 0.936094 4.11842 5.65231 2.22123 3.51568 5.59461 2.46867 3.45512 5.20952 3.19762 3.42009 5.26427 3.25781 3.17272 4.92801 3.67356 3.31355 4.77931 3.8597 3.31355 4.59398 4.07705 3.31355 4.41715 4.2643 3.31355 4.17967 4.39359 3.51568 4.23182 4.44375 3.31355 4.03651 4.62878 3.31355 3.85081 4.79485 3.31355 3.38249 5.08353 3.4792 2.73291 5.5082 3.31282 2.84463 -5.32909 3.5186 3.0492 -5.30123 3.50692 3.19013 -5.08834 3.52517 3.46313 -4.95458 3.51714 5.67784 1.94815 3.52517 6.00781 1.08434 3.5062 5.96711 1.33178 3.45876 5.68672 2.33492 3.3245 5.64196 2.53109 3.20775 5.32309 3.06945 3.30334 5.5517 2.72949 2.94213 5.37672 3.06053 2.94213 5.26797 3.26339 2.94213 5.13702 3.44841 2.94213 4.95169 3.70477 2.94213 4.81112 3.88868 2.94213 4.62579 4.11271 2.94213 4.45156 4.29885 2.94213 4.26623 4.47719 2.94213 4.06943 4.66333 2.94213 3.88373 4.82049 2.94213 3.43169 5.12366 3.23183 3.75907 4.8595 3.32158 3.56782 4.99325 3.33836 2.96041 5.43909 2.9414 2.77508 5.52826 2.9414 2.47323 5.66981 2.9414 3.09174 -5.32798 3.31282 3.53786 -5.00697 3.31282 3.72319 -4.86987 3.31282 3.75907 -4.84201 3.31355 4.10679 -4.51097 3.44782 4.48929 -4.15096 3.46971 3.85895 -4.61017 3.51714 3.75907 -4.65587 3.52298 4.24218 -4.26242 3.51714 4.57585 -3.90351 3.51714 4.92505 -3.49557 3.51714 5.05748 -3.22361 3.5259 5.26797 -3.08428 3.50765 5.63937 -2.34864 3.50911 5.66045 -2.13464 3.52006 6.02112 0.832436 3.51641 6.12026 0.461273 3.31355 6.0866 0.832436 3.31355 6.03259 1.20583 3.32596 6.01298 1.43767 3.21139 5.86946 1.94815 2.94213 5.73777 2.31709 2.94213 5.64861 2.54335 2.94213 5.50915 2.81086 0.25462 5.64861 2.54335 -2.6248 5.5517 2.72949 0.25462 5.37672 3.06053 0.25462 5.26797 3.26339 0.25462 5.16846 3.40494 0.25462 4.84552 3.84521 0.25462 4.95169 3.70477 -2.25411 4.81149 3.88868 0.25462 4.76636 3.94441 0.25462 4.62579 4.11271 -2.25411 4.45156 4.29885 -2.25411 4.26623 4.47719 -2.25411 4.06943 4.66333 -2.25411 3.88373 4.82049 -2.25411 3.75907 4.91411 2.94213 3.75907 4.91411 -2.25411 3.63256 5.00774 2.94213 3.44686 5.13369 2.94213 3.29149 5.23623 2.94213 3.21566 5.28528 2.9414 3.21566 5.28528 -2.25265 2.96041 5.43909 -2.25265 2.77508 5.52826 -2.25265 2.47323 5.66981 -2.25265 3.12429 -5.34915 2.9414 3.29149 -5.24104 2.94213 3.58151 -5.04264 2.94213 3.75907 -4.92115 2.94213 3.76721 -4.91557 2.94213 2.84463 -5.49517 2.9414 4.16006 -4.56336 3.20045 4.53516 -4.19665 3.22234 4.98239 -3.56913 3.31355 5.16809 -3.31723 3.31355 5.29497 -3.13109 3.31355 5.66563 -2.40437 3.31355 6.01779 -1.29534 3.31355 6.00041 -1.21063 3.49963 6.01113 -1.02115 3.50911 6.03333 0.461273 3.52517 6.1739 0.461273 2.94213 6.12951 0.0901102 3.31355 6.18759 0.0901102 2.94213 6.12988 0.832436 2.94213 6.06995 1.20471 2.94213 6.02001 1.46107 2.94213 5.96564 1.64721 2.94213 5.96564 1.64721 0.25462 5.86946 1.94815 -2.25411 5.73777 2.31709 -2.6248 5.71631 2.37282 0.25462 5.37635 3.06053 -2.25411 5.55133 2.72949 -2.25411 5.2676 3.26339 -2.6248 5.13702 3.44841 -2.25411 4.81149 3.88868 -2.25411 5.13665 3.44841 -2.6248 4.95132 3.70254 -2.6248 4.81112 3.88868 -2.6248 4.62542 4.11271 -2.6248 4.45119 4.29885 -2.6248 4.26586 4.47719 -2.6248 4.06906 4.6611 -2.6248 3.88336 4.82049 -2.6248 3.63256 5.00774 -2.25338 3.44686 5.13369 -2.62407 3.29149 5.23623 -2.25338 3.21566 5.28082 -2.6248 2.96004 5.43463 -2.6248 2.77472 5.52826 -2.6248 2.47323 5.66424 -2.6248 2.57496 -5.62223 2.9414 3.12429 -5.34915 -2.25265 3.29149 -5.24104 -2.25338 2.84463 -5.49517 -2.25265 3.58151 -5.04264 -2.25338 3.75907 -4.92115 -2.25411 3.76721 -4.91557 -2.25411 3.95845 -4.75284 -2.25411 3.95845 -4.75284 2.94213 2.57496 -5.62223 -2.25265 4.16783 -4.57116 2.94213 4.35316 -4.39394 2.94213 4.54515 -4.2078 2.94213 4.7253 -3.99157 2.94213 4.88066 -3.79874 2.94213 5.02086 -3.6126 2.94213 5.20619 -3.35401 2.94213 5.31643 -3.16788 2.94213 5.47364 -2.87696 2.94213 5.59978 -2.63287 2.94213 5.68598 -2.44673 2.94213 5.80657 -2.13464 2.94213 5.93086 -1.76348 2.94213 5.99634 -1.56285 2.94213 6.03481 -1.37671 2.94213 6.10066 -1.02115 2.94213 6.06181 -1.02115 3.31355 6.10805 -0.648872 3.31355 6.02926 -0.648872 3.52152 6.03629 0.0901102 3.52517 6.17575 0.461273 2.57071 6.19092 0.0901102 2.57071 6.19388 0.0901102 2.20002 6.19646 0.0901102 1.82933 6.19868 0.0901102 1.45791 6.03629 -0.277709 3.52517 6.12951 -0.277709 3.31355 6.18685 -0.277709 2.94213 6.13802 0.832436 1.08576 6.0755 1.20471 1.45791 6.07661 1.20471 1.08576 6.02038 1.46107 2.57071 6.02038 1.46107 -2.25411 5.96526 1.64721 -2.25411 6.01964 1.45996 -2.6248 5.8628 1.94815 -2.6248 5.64159 2.52998 -2.82839 5.26427 3.25781 -2.82037 5.55096 2.72949 -2.6248 5.37598 3.06053 -2.6248 4.92986 3.67467 -2.85466 4.58843 4.07147 -2.87145 4.22517 4.43706 -2.87072 3.84637 4.79151 -2.86561 3.43132 5.12366 -2.83496 3.75907 4.913 -2.6248 3.63256 5.00663 -2.62407 2.73587 5.50931 -2.85247 3.12392 -5.34915 -2.6248 3.30999 -5.22766 -2.62407 3.76721 -4.91446 -2.6248 4.16783 -4.57116 -2.6248 2.84463 -5.48959 -2.6248 4.35316 -4.39394 -2.6248 4.54515 -4.2078 -2.6248 4.58917 -4.15541 0.25462 4.72567 -3.99157 0.25462 4.88103 -3.79874 0.25462 4.88103 -3.79874 -2.25411 5.02086 -3.6126 -2.25411 5.06562 -3.55018 0.25462 5.20619 -3.35401 -2.25411 5.28979 -3.21357 0.25462 5.31643 -3.16788 -2.6248 5.3549 -3.09766 0.25462 5.47364 -2.87696 -2.25411 5.50435 -2.81789 0.25462 5.59978 -2.63287 -2.25411 5.66526 -2.49243 0.25462 5.68598 -2.44673 -2.6248 5.71557 -2.37205 0.25462 5.80657 -2.13464 -2.25411 5.93086 -1.76348 -2.25411 5.94714 -1.71443 0.25462 5.99634 -1.56396 2.57071 6.03814 -1.37782 1.82933 6.0374 -1.37782 2.20002 6.11027 -1.02115 0.715065 6.10435 -1.02115 2.20002 6.15836 -0.648872 2.94213 6.17797 0.461273 1.82933 6.19905 0.0901102 -0.769159 6.17982 0.461273 -0.769159 6.17871 0.461273 1.45791 6.19018 -0.277709 2.20002 6.19313 -0.277709 1.45791 6.19388 -0.277709 -0.769159 6.13876 0.832436 -0.397738 6.07661 1.20471 -0.397738 6.01225 1.43544 -2.82985 6.07587 1.20471 -0.769159 6.06958 1.20471 -2.6248 5.68265 2.31709 -2.86926 5.31606 3.06053 -2.86561 5.06044 3.40048 -2.88093 4.70754 3.80062 -2.91231 4.34095 4.18628 -2.92107 3.96548 4.55521 -2.91815 3.75907 4.83052 -2.87582 3.21566 5.18942 -2.87728 2.85351 5.30757 -2.91158 2.47323 5.56616 -2.88896 3.09248 -5.32909 -2.85393 3.95845 -4.75061 -2.6248 4.15969 -4.56336 -2.82766 4.53516 -4.19665 -2.83277 4.72419 -3.99157 -2.6248 4.72567 -3.99157 -2.25411 4.87955 -3.79763 -2.6248 5.01864 -3.61149 -2.6248 5.20434 -3.3529 -2.6248 5.29645 -3.13109 -2.85466 5.46846 -2.87696 -2.6248 5.59498 -2.63287 -2.6248 5.66674 -2.40437 -2.85539 5.8025 -2.13464 -2.6248 5.99486 -1.56285 -2.6248 5.99634 -1.56396 -1.88269 5.99634 -1.56285 -2.25411 6.03814 -1.37782 0.25462 6.11101 -1.02115 0.25462 6.11101 -1.02115 0.344374 6.16317 -0.648872 1.08576 6.19536 0.0901102 -1.51054 6.17464 0.461273 -2.25411 6.17797 0.461273 -1.51054 6.18722 -0.277709 -2.25411 6.16169 -0.648872 -0.769159 6.15799 -0.648872 -2.25411 6.15688 -0.648872 -2.6248 6.12951 0.832436 -2.6248 6.03407 1.20471 -2.85612 5.7422 1.94815 -2.90355 5.44257 2.31709 -2.96485 5.44849 2.66819 -2.89844 5.07154 3.06053 -2.96193 4.70051 3.43281 -2.9882 4.32948 3.80397 -3.0006 3.95845 4.17513 -2.99987 3.75907 4.37353 -2.99841 3.75907 4.55075 -2.9612 3.21566 4.91746 -2.9736 3.75907 4.74246 -2.9072 3.56782 4.91634 -2.89626 2.47323 5.28862 -2.98528 2.84463 -5.38705 -2.89115 3.21603 -5.11509 -2.91377 3.29149 -5.08611 -2.90428 3.52084 -4.99917 -2.87436 3.95845 -4.64918 -2.87145 4.30211 -4.33709 -2.87218 4.61876 -3.99157 -2.87582 4.97351 -3.55241 -2.87509 5.36008 -2.87696 -2.89188 5.08634 -3.2537 -2.9145 5.71372 -2.13464 -2.89261 6.0226 -1.31986 -2.84153 6.03407 -1.37671 -2.6248 6.03777 -1.37782 -1.13985 6.0374 -1.37782 -1.51054 6.18907 0.0901102 -2.25411 6.17242 0.461273 -2.6248 6.18426 -0.277709 -2.6248 6.11064 -1.02115 -0.0263173 6.10916 -1.02115 -0.397738 6.09881 -1.02115 -2.6248 6.04887 -1.02115 -2.87145 6.07772 -0.648872 -2.8948 6.0644 0.832436 -2.88458 5.81397 1.20471 -2.95244 5.44257 1.94815 -3.0006 5.07154 2.68937 -3.00279 2.5413 1.65055 -3.33627 2.45732 1.7609 -3.33627 3.58669 4.54629 -2.99623 2.84463 4.91746 -3.00206 2.84463 -5.10394 -2.98747 3.95845 -4.36162 -2.96777 3.62146 -4.76733 -2.92544 3.75907 -4.7194 -2.90355 4.32948 -3.99157 -2.97142 2.47323 -5.10394 -3.00206 5.07154 -2.87696 -2.9882 5.44257 -2.13464 -2.98966 5.81397 -1.02115 -2.9685 5.77439 -1.76348 -2.9072 6.18463 0.0901102 -2.6248 6.08512 0.461273 -2.90063 6.09104 -0.277709 -2.90355 5.81397 -0.648872 -2.99112 5.81397 0.832436 -2.98163 5.81397 0.461273 -2.99695 2.99852 0.461273 -3.33627 2.90715 0.834665 -3.33627 2.88939 0.89151 -3.33627 2.77361 1.20471 -3.33627 2.5831 1.57699 -3.33627 3.03773 0.0901102 -3.33627 3.03366 -0.127238 -3.33627 3.02959 -0.278823 -3.33627 3.00443 -0.466077 -3.33627 2.95782 -0.665591 -3.33627 2.93008 -0.768134 -3.33627 2.84241 -1.01112 -3.33627 2.727 -1.30314 -3.33627 2.68852 -1.39231 -3.33627 2.62379 -1.51492 -3.33627 2.47915 -1.73227 -3.33627 2.45067 -1.76682 -3.33627 3.21566 -4.73278 -3.00206 4.70051 -3.24813 -3.00352 5.44257 -1.76348 -3.00352 6.09104 0.0901102 -2.90355 5.81397 -0.277709 -3.0006 5.81397 0.0901102 -3.0006 -5.68603 -4.71981 6.63505 -5.69055 -4.71981 6.65581 -5.32765 -4.85353 6.65581 -5.14229 -4.92195 6.65581 -5.15257 -4.91804 6.63505 -5.14229 -4.92195 6.63505 -4.95242 -5.03846 6.63505 -4.68816 -5.22262 6.63505 -4.50239 -5.41616 6.63505 -4.35238 -5.60188 6.63505 -4.22621 -5.8349 6.63505 -4.21881 -5.84859 6.63505 -4.0762 -6.21729 6.63505 -4.024 -6.40301 6.63505 -4.01126 -6.59107 6.63505 -4.01209 -6.87727 6.63505 -4.01332 -6.88783 6.63505 -4.03633 -7.06299 6.63505 -4.10332 -7.31791 6.63505 -4.10743 -7.33316 6.63505 -4.26279 -7.68388 6.63505 -4.27224 -7.7046 6.63505 -4.3869 -7.90166 6.63505 -4.5587 -8.08698 6.63505 -4.74405 -8.28052 6.63505 -4.95242 -8.41072 6.63505 -4.97091 -8.4201 6.63505 -5.28244 -8.57728 6.63505 -5.4682 -8.64688 6.63505 -5.69507 -8.69028 6.63505 -6.06619 -8.71374 6.63505 -6.4221 -8.67034 6.63505 -6.59718 -8.63085 6.63505 -6.60745 -8.6285 6.63505 -6.61896 -8.62381 6.63505 -6.80843 -8.54053 6.63505 -7.13434 -8.35911 6.63505 -7.31969 -8.22227 6.63505 -7.32955 -8.21171 6.63505 -7.49272 -8.03655 6.63505 -7.6678 -7.80782 6.63505 -7.67807 -7.79414 6.63505 -7.68423 -7.78358 6.63505 -7.78493 -7.60842 6.63505 -7.89548 -7.33316 6.63505 -8.17166 -6.57504 6.63505 -8.20947 -6.21963 6.63505 -8.14289 -5.83999 6.63505 -7.67766 -5.12526 6.63505 -7.53176 -4.98294 6.63505 -7.17996 -4.77103 6.63505 -7.08954 -4.71981 6.63505 -6.81665 -4.71981 6.70734 -6.43731 -4.71981 6.78773 -6.05221 -4.71981 6.79328 -5.69507 -4.71981 6.65965 -5.38847 -4.8766 6.89777 -4.95242 -5.03846 6.65581 -4.71446 -5.24569 6.89215 -6.77801 -5.19955 7.36113 -6.43731 -5.0803 7.36113 -5.69507 -4.83906 6.94255 -5.65479 -5.06192 7.36113 -5.32025 -5.15107 7.36113 -5.09051 -5.25663 7.36113 -4.68816 -5.22262 6.65581 -4.88707 -5.42671 7.36113 -4.70336 -5.59484 7.36113 -4.36677 -5.62221 6.87765 -4.50239 -5.41616 6.65581 -4.92324 -5.39543 7.36113 -6.96049 -5.3145 7.36113 -7.17379 -5.49475 7.36113 -7.35462 -5.67694 7.36113 -7.47299 -5.85797 7.36113 -7.62382 -6.21963 7.36113 -7.69862 -6.59107 7.36113 -7.69656 -6.65441 7.36113 -7.68218 -6.96173 7.36113 -7.67396 -7.01216 7.36113 -7.58683 -7.33316 7.36113 -7.57368 -7.3707 7.36113 -7.45121 -7.63461 7.36113 -7.32668 -7.80156 7.36113 -7.29092 -7.84184 7.36113 -7.12488 -8.00722 7.36113 -6.89966 -8.17378 7.36113 -6.85733 -8.2035 7.36113 -6.69047 -8.30437 7.36113 -6.44018 -8.39156 7.36113 -6.10523 -8.44044 7.36113 -6.06619 -8.44317 7.36113 -5.69507 -8.41815 7.36113 -5.38067 -8.33057 7.36113 -5.19572 -8.23087 7.36113 -4.95242 -8.06978 7.36113 -4.74364 -7.91339 7.36113 -4.61048 -7.7046 7.36113 -4.44855 -7.41019 7.36113 -4.35238 -7.22838 7.36113 -4.34129 -7.19319 7.36113 -4.2858 -6.96212 7.36113 -4.27306 -6.59107 7.36113 -4.33553 -6.27398 7.36113 -4.39718 -6.10664 7.36113 -4.55541 -5.81496 7.36113 -5.69507 -5.05684 7.36113 -6.01523 -5.03925 7.36113 -6.06619 -5.03768 7.36113 -4.024 -6.40379 6.84211 -4.21881 -5.84859 6.65581 -4.35238 -5.60188 6.65581 -4.01784 -6.59107 6.85213 -4.01126 -6.59107 6.65581 -4.024 -6.40301 6.65581 -4.07661 -6.21729 6.65581 -4.0162 -6.84365 6.85498 -4.01209 -6.87727 6.65581 -4.10743 -7.33316 6.65581 -4.03633 -7.06299 6.65581 -4.33389 -7.7046 6.91234 -4.38978 -7.89775 6.84964 -4.27224 -7.7046 6.65581 -7.89507 -7.33316 6.65581 -7.7689 -7.5787 6.88369 -7.81411 -7.33316 6.93785 -4.75186 -8.27427 6.85839 -4.74405 -8.28052 6.65581 -4.5587 -8.08698 6.65581 -4.3869 -7.90166 6.65581 -7.78493 -7.60842 6.65581 -7.67807 -7.79414 6.65581 -7.44956 -7.98728 6.92677 -5.48177 -8.64219 6.85647 -5.28244 -8.57728 6.65581 -4.95242 -8.41072 6.65581 -7.49272 -8.03655 6.65581 -7.31969 -8.22187 6.65581 -7.08748 -8.32627 6.91283 -5.69507 -8.66134 6.8844 -5.69507 -8.69028 6.65581 -5.4682 -8.64688 6.65581 -7.13434 -8.35911 6.65581 -6.80843 -8.54053 6.65581 -6.36497 -8.65782 6.879 -6.06619 -8.67307 6.90132 -6.06619 -8.71374 6.65581 -6.60745 -8.6285 6.65581 -6.4221 -8.67034 6.65581 -7.12462 2.11068 6.71374 -7.0367 1.57679 3.68384 -7.1248 2.11068 6.65561 -7.12571 2.11068 6.4919 -7.12716 2.11068 6.28429 -7.14951 2.11068 5.92601 -7.26685 2.11068 5.57278 -7.55132 2.11068 5.40106 -7.92243 2.11068 5.33284 -8.68464 2.11068 5.33284 -8.68464 2.11068 6.71374 -8.68464 -2.51776 6.71374 -8.66938 -2.51129 6.71374 -7.61163 -0.245376 6.71374 -7.46867 0.0915995 6.71374 -7.06522 -2.6116 6.49041 -6.97766 -2.6116 6.28429 -6.96495 -2.6116 6.08825 -6.95478 -2.6116 5.91296 -6.83053 -2.49511 3.68384 -7.05141 1.6378 3.68384 -6.82907 -2.6116 3.68384 -8.68464 -2.6116 3.68384 -8.68464 2.07878 3.68384 -7.92243 2.07878 3.68384 -7.55132 2.05983 3.68384 -7.51372 2.04411 3.68384 -7.20273 1.91191 3.68384 -7.19238 1.90544 3.68384 -8.68464 -2.6116 6.68112 -7.18057 -2.6116 6.51562 -8.66774 -2.6116 6.67934</float_array>
                    <technique_common>
                        <accessor count="4051" source="#shape0-lib-positions-array" stride="3">
                            <param name="X" type="float"/>
                            <param name="Y" type="float"/>
                            <param name="Z" type="float"/>
                        </accessor>
                    </technique_common>
                </source>
                <source id="shape0-lib-normals" name="normal">
                    <float_array id="shape0-lib-normals-array" count="24006">0 1 0 0 1 0 0 1 0 0 1 0 0 1 0 0 1 0 0 1 0 0 1 0 0 1 0 0 1 0 0 1 0 0 1 0 0 1 0 0 1 0 0 1 0 0 1 0 0 1 0 0 1 0 0 1 0 0 1 0 0 1 0 0 1 0 0 1 0 0 1 0 0 1 0 0 1 0 0 1 0 0 1 0 0 1 0 0 1 0 0 1 0 0 1 0 0 1 0 0 1 0 0 1 0 0 1 0 0 1 0 0 1 0 0 1 0 0 1 0 0 1 0 0 1 0 0 1 0 0 1 0 0 1 0 0 1 0 0 1 0 0 1 0 0 1 0 0 1 0 0 1 0 0 1 0 0 1 0 0 1 0 0 1 0 0 1 0 0 1 0 0 1 0 0 1 0 0 1 0 0 1 0 0 1 0 0 1 0 0 1 0 -0.98929 -0.00340208 -0.145923 -0.995165 -0.00575588 -0.0980447 -0.997337 -0.00576844 0.0726963 -0.98877 -0.00202387 0.149433 -0.969304 -0.00200055 0.245856 -0.964022 -0.000974382 0.265822 -0.980924 -0.00158061 -0.194387 -0.96014 -0.0742727 -0.269471 -0.98148 -0.0823959 -0.17294 -0.990408 -0.0831454 -0.110357 -0.991858 -0.0816655 -0.0977188 -0.962798 -0.00145459 -0.270217 -0.994008 -0.0818426 0.0724536 -0.99309 -0.0830784 0.0828919 -0.98069 -0.0820411 0.17753 -0.966497 -0.0760776 0.245144 -0.927256 -0.000937221 0.374428 -0.91472 -0.0799936 0.396091 -0.913027 -0.0797727 0.400022 -0.915944 -0.00230962 0.4013 -0.917657 -0.00208349 0.397367 -0.961839 -0.00127344 -0.273612 -0.907355 -0.0787418 -0.412925 -0.958825 -0.000753768 -0.283995 -0.920546 -0.000723675 -0.390633 -0.910179 -0.00184098 -0.414211 -0.568323 -0.220804 -0.792625 -0.647815 -0.494222 -0.579724 -0.742623 -0.622088 -0.248027 -0.766161 -0.605664 -0.214869 -0.98338 -0.11949 -0.136697 -0.847298 -0.0939202 -0.522747 -0.765205 -0.118148 -0.632852 -0.71829 -0.135489 -0.682424 -0.594572 -0.185412 -0.782372 -0.986681 -0.119891 -0.109942 -0.981694 -0.176059 -0.0726666 -0.982816 -0.17626 0.0548165 -0.987223 -0.136383 0.0824022 -0.982683 -0.135756 0.126113 -0.768143 -0.610805 0.192026 -0.741392 -0.630945 0.228576 -0.740962 -0.629516 0.233847 -0.766386 -0.505444 0.396458 -0.816659 -0.368134 0.444461 -0.869094 -0.163197 0.46695 -0.867282 -0.110332 0.485437 -0.86938 -0.0859564 0.486611 -0.863853 -0.0852184 0.496483 -0.867003 -0.00301965 0.498293 -0.849473 -0.00229257 0.527628 -0.851059 -0.00194277 -0.525067 -0.844819 -0.00161967 -0.535049 -0.573734 -0.191126 -0.79643 -0.521789 -0.208727 -0.827145 -0.481814 -0.230437 -0.845431 -0.443249 -0.248591 -0.861239 -0.427321 -0.423601 -0.798723 -0.0856768 -0.987902 -0.129267 -0.151114 -0.985999 -0.0705051 -0.671836 -0.73103 -0.119299 -0.194004 -0.625155 -0.756005 -0.673547 -0.732891 -0.0959453 -0.764518 -0.6384 -0.0892067 -0.780159 -0.61673 -0.104863 -0.841208 -0.00145289 -0.54071 -0.780877 -0.00153914 -0.624682 -0.770601 -0.00224798 -0.637314 -0.73404 -0.00257633 -0.679102 -0.724972 -0.00300983 -0.688772 -0.584507 -0.00289488 -0.811384 -0.76595 -0.639596 0.0651006 -0.780227 -0.620414 0.0795696 -0.651655 -0.755165 0.0712185 -0.650151 -0.753422 0.0982803 -0.149492 -0.987121 0.0569617 -0.134342 -0.988523 0.0691 -0.158661 -0.980408 0.116735 -0.251398 -0.950333 0.183484 -0.267045 -0.94416 0.192999 -0.727555 -0.633011 0.264503 -0.747758 -0.531744 0.397626 -0.661923 -0.571031 0.485574 -0.644396 -0.581746 0.496311 -0.618331 -0.588864 0.520487 -0.570651 -0.540764 0.618006 -0.53666 -0.439217 0.720476 -0.556682 -0.278365 0.782699 -0.634829 -0.0864478 0.767802 -0.747038 -0.0738317 0.660669 -0.767919 -0.0734944 0.636317 -0.85893 -0.0852723 0.504944 -0.769997 -0.003499 0.638038 -0.792035 -0.00234472 0.610471 -0.802506 -0.00194856 0.596641 -0.826793 -0.00190852 0.562503 -0.809736 0.0406216 0.585386 -0.497085 -0.0942298 -0.86257 -0.568805 -0.00231062 -0.822469 -0.499305 -0.00177218 -0.866424 -0.432316 -0.0137156 -0.901618 -0.256441 -0.010996 -0.966497 -0.165814 -0.104523 -0.980602 -0.162806 -0.112979 -0.980168 -0.218776 -0.311822 -0.92461 -0.0285804 -0.636003 -0.771157 -0.0295657 -0.636984 -0.77031 -0.141726 -0.333322 -0.9321 -0.0343896 -0.37124 -0.9279 -0.00762988 -0.991519 -0.129741 -0.151487 -0.98843 -0.00758032 -0.00297397 -0.992244 -0.124269 -0.00299718 -0.999991 -0.00299518 -0.145162 -0.989403 -0.00296347 -0.58371 -0.81171 -0.0202322 -0.583759 -0.811779 0.0154782 -0.149732 -0.988707 0.00631325 -0.106526 -0.991763 0.0711278 -0.145162 -0.989403 0.00297034 -0.00599776 -0.999978 0.00300209 -0.0418821 -0.998365 0.0389088 -0.140433 -0.983913 0.110424 -0.139845 -0.97979 0.143021 -0.611435 -0.61517 0.497709 -0.127525 -0.979595 0.155339 -0.165802 -0.93096 0.325304 -0.274532 -0.796559 0.538633 -0.383655 -0.619777 0.684607 -0.50153 -0.518561 0.692504 -0.366829 -0.162139 0.91605 -0.464416 -0.176047 0.867943 -0.305015 -0.585342 0.751226 -0.227244 -0.313947 0.921845 -0.470115 -0.0840496 0.878594 -0.533143 -0.0781693 0.842406 -0.585098 -0.0800354 0.807004 -0.58698 -0.00189344 0.809599 -0.594886 -0.00165901 0.803808 -0.641846 -0.000276379 0.766834 -0.677793 -0.000279253 0.735253 -0.715844 -0.00175215 0.698258 -0.749078 -0.0034056 0.662473 -0.762519 -0.00344242 0.646956 -0.498395 -0.00171497 -0.866948 -0.469711 -0.000173185 -0.88282 -0.442454 -0.000173974 -0.896791 -0.432357 -0.000202342 -0.901703 -0.42564 -2.38485e-05 -0.904893 -0.271347 -1.52035e-05 -0.962482 -0.256511 -5.20595e-05 -0.966541 -0.256457 -5.35329e-05 -0.966556 -0.166728 -5.46095e-05 -0.986003 0.00456429 -0.179035 -0.983832 0.00336201 -0.180367 -0.983594 -0.11641 -0.179142 -0.976912 -0.165618 0 -0.98619 0 0 -1 0.00463925 -2.08405e-05 -0.999989 0 -0.636263 -0.771472 0 -0.636263 -0.771472 0 -0.378731 -0.925507 0 -0.992249 -0.124269 0 -0.992249 -0.124269 0.00441023 -0.377332 -0.926068 0 -1 0 0 -1 0 0 -1 0 0 -1 0 0 -1 0 0 -1 0 -0.0578452 -0.988972 0.136341 -0.0771851 -0.984713 0.156151 -0.0388943 -0.998485 0.0389135 -0.0387354 -0.994407 0.0982607 -0.0951733 -0.972822 0.211091 -0.0574314 -0.981052 0.185038 -0.0776678 -0.584786 0.807461 -0.153356 -0.525219 0.837034 -0.294017 -0.592796 0.749764 -0.18343 -0.314776 0.931273 -0.180419 -0.311983 0.9328 -0.189196 -0.0858486 0.978179 -0.281489 -0.0838924 0.95589 -0.370255 -0.0895331 0.924606 -0.42879 -0.0843048 0.899462 -0.42747 -0.08291 0.900219 -0.428945 -0.00312702 0.903325 -0.442457 -0.00273301 0.896786 -0.519124 -0.000646101 0.854699 -0.534779 -0.00156209 0.844991 -0.56833 -0.00176427 0.822799 -0.661193 0.0348453 0.749406 0.174871 -0.0903175 -0.98044 0.166799 -0.113667 -0.979417 0.12327 -0.177671 -0.976339 0.00512061 0 -0.999987 0.175589 0 -0.984464 0.175589 0 -0.984464 0.150529 -0.33107 -0.931522 0.0484607 -0.367578 -0.928729 0.0402225 -0.635748 -0.770848 0.00892949 -0.992209 -0.124264 0.0457383 -0.641247 -0.76597 0.0158257 -0.991075 -0.13236 0.00899888 -0.999919 -0.00898233 0 -0.998212 0.0597791 0.00299166 -0.997833 0.0657322 0.0029468 -0.982872 0.184264 -0.0567999 -0.98129 0.183968 0.00363675 -0.586554 0.809902 0.00337541 -0.982732 0.185004 0.00470116 -0.58527 0.810825 0.00549852 -0.317183 0.948348 0.00549823 -0.317183 0.948348 0.00577688 -0.0844185 0.996414 0.00577683 -0.0844185 0.996414 -0.166149 -0.0832465 0.982581 -0.292912 -0.0718698 0.953434 -0.166726 -0.00398825 0.985995 -0.291722 -0.00386892 0.956495 -0.293669 -0.00387309 0.955899 -0.316943 -0.00307341 0.94844 0.258186 -0.00340552 -0.966089 0.258187 0 -0.966095 0.258187 0 -0.966095 0.444963 -0.0041101 -0.89554 0.503702 -0.0794552 -0.860216 0.522317 -0.163698 -0.836892 0.506357 -0.219211 -0.833996 0.441792 -0.248736 -0.861946 0.222629 -0.310814 -0.924029 0.405133 -0.459454 -0.790424 0.202852 -0.628573 -0.750831 0.088923 -0.987273 -0.131853 0.154996 -0.985302 -0.0718055 0.155382 -0.987758 -0.0137943 0.148498 -0.988873 -0.0088831 0.0120088 -0.99991 0.00600377 0.148501 -0.988894 0.00593763 0.0478324 -0.997708 0.0478561 0.0475967 -0.992792 0.109991 0.0562377 -0.990279 0.127223 0.0553612 -0.98123 0.184722 0.059635 -0.979614 0.191833 0.0812566 -0.583341 0.808153 0.164848 -0.518058 0.83931 0.192873 -0.311232 0.930556 0.192918 -0.311193 0.93056 0.202248 -0.0859013 0.97556 0.177183 -0.0830842 0.980665 0.00579756 -0.00221633 0.999981 0.00463859 -0.00216096 0.999987 -0.128639 -0.00214303 0.991689 0.437427 0 -0.899254 0.444967 -0.000223493 -0.895547 0.487736 -0.000220903 -0.872991 0.5053 -0.0012127 -0.862943 0.589306 -0.168761 -0.790088 0.562882 -0.00132104 -0.826536 0.597879 -0.00262993 -0.801582 0.602666 -0.183668 -0.776569 0.550588 -0.204914 -0.809236 0.706994 -0.214923 -0.673772 0.811788 -0.374526 -0.448029 0.795535 -0.444636 -0.41161 0.78572 -0.466985 -0.405672 0.725481 -0.677647 -0.120303 0.726176 -0.677657 -0.115971 0.631529 -0.774883 -0.0269624 0.631673 -0.77506 0.0164384 0.149004 -0.988817 0.00629733 0.148713 -0.986884 0.0628018 0.139902 -0.98768 0.0701186 0.102778 -0.992083 0.0721719 0.0538599 -0.997402 0.0478414 0.148356 -0.981311 0.122552 0.147935 -0.978524 0.143551 0.131813 -0.97834 0.159613 0.0880947 -0.983114 0.160392 0.110326 -0.967642 0.226928 0.168025 -0.932487 0.319745 0.291766 -0.775245 0.560238 0.307249 -0.587287 0.748794 0.310849 -0.584828 0.749232 0.229837 -0.310784 0.922273 0.37262 -0.156627 0.914671 0.375737 -0.0902407 0.922322 0.276809 -0.0842865 0.957221 0.297315 -0.0626368 0.952723 0.297897 -0.00396698 0.95459 0.181935 -0.0040863 0.983302 0.177796 -0.00410867 0.984059 0.134262 -0.0021963 0.990943 0.713734 -0.147515 -0.684707 0.721626 -0.00268627 -0.692278 0.728897 -0.00233793 -0.68462 0.716054 -0.146929 -0.682406 0.9726 -0.104592 -0.207629 0.774533 -0.123469 -0.620366 0.846775 -0.100236 -0.522423 0.910594 -0.0826232 -0.40496 0.959961 -0.076747 -0.269416 0.974686 -0.0818025 -0.208075 0.774381 -0.626656 -0.0873937 0.756311 -0.64516 -0.108451 0.989717 -0.0827488 -0.116672 0.990945 -0.0826172 -0.10584 0.987661 -0.146121 -0.0563408 0.694669 -0.715565 0.0735011 0.775546 -0.627599 0.0681792 0.692784 -0.713623 0.103885 0.224824 -0.959654 0.168876 0.172071 -0.976338 0.130977 0.757711 -0.616847 0.213009 0.754727 -0.606914 0.249085 0.730457 -0.612005 0.30312 0.343369 -0.908018 0.240004 0.634171 -0.59804 0.490078 0.635382 -0.530362 0.561254 0.497725 -0.521912 0.692732 0.386906 -0.617196 0.685108 0.598704 -0.310139 0.73849 0.47809 -0.170686 0.861566 0.48351 -0.0836365 0.871334 0.446777 -0.0838998 0.890703 0.436278 -0.0724492 0.89689 0.437425 -0.00330195 0.899249 0.31855 -0.00321645 0.947901 0.756059 -0.00112427 -0.654502 0.776793 -0.00108176 -0.629755 0.780505 -0.00109495 -0.625149 0.793473 -0.000337233 -0.608606 0.825007 -0.000313139 -0.565122 0.85106 -0.00167694 -0.525066 0.912423 -0.00171269 -0.409245 0.913717 -0.00172495 -0.406348 0.920267 -0.00113686 -0.39129 0.95957 -0.00118541 -0.281468 0.962799 -0.00181079 -0.270212 0.991857 -0.0816655 -0.0977239 0.991597 -0.00232714 -0.129343 0.995174 -0.00385596 -0.0980507 0.987808 -0.146143 0.0536447 0.789859 -0.607692 0.0826683 0.991547 -0.0999266 0.0827631 0.994009 -0.0818426 0.0724486 0.99309 -0.083079 0.0828919 0.779626 -0.599819 0.180001 0.872923 -0.135314 0.468717 0.849575 -0.209089 0.484257 0.774068 -0.510699 0.374174 0.988699 -0.0996396 0.112012 0.988224 -0.082672 0.128757 0.966685 -0.0734797 0.245196 0.916412 -0.0785099 0.392462 0.900742 -0.083359 0.42628 0.740602 -0.558104 0.374205 0.648158 -0.585777 0.486576 0.648013 -0.50709 0.568276 0.685147 -0.335947 0.646308 0.647034 -0.293732 0.703611 0.622528 -0.292722 0.725791 0.648563 -0.0872442 0.756145 0.599471 -0.0808803 0.796299 0.535967 -0.0786829 0.840564 0.537633 -0.00196008 0.843177 0.520353 -0.00101148 0.853951 0.514459 -0.00100075 0.857515 0.999802 -0.00387389 0.0195274 0.997346 -0.00401769 0.0726918 0.993587 -0.00217901 0.113048 0.969953 -0.0018031 0.243286 0.969304 -0.00181054 0.245861 0.877706 -0.0867329 0.471286 0.809946 -0.215928 0.54531 0.863882 -0.0847806 0.496509 0.82653 -0.0847474 0.556476 0.963806 -0.000811686 0.266602 0.931081 -0.000784126 0.364811 0.919247 -0.00219051 0.393676 0.867001 -0.00238971 0.498301 0.778128 -0.0780003 0.623244 0.742524 -0.0786659 0.665184 0.674311 -0.0872686 0.733273 0.744828 -0.00355561 0.667248 0.601438 -0.00349086 0.798912 0.565352 -0.00212716 0.824847 0.542145 -0.00197156 0.840283 0.866505 -0.00236383 0.499162 0.782901 -0.00256249 0.622141 0.780503 -0.00272822 0.625146 0.758417 -0.00289407 0.651763 0 -1 0 0 -1 0 0 -1 0 0 -1 0 0 -1 0 0 -1 0 0 -1 0 0 -1 0 0 -1 0 0 -1 0 0 -1 0 0 -1 0 0 -1 0 0 -1 0 0 -1 0 0 -1 0 0 -1 0 0 -1 0 0 -1 0 0 -1 0 0 -1 0 0 -1 0 0 -1 0 0 -1 0 0 -1 0 0 -1 0 0 -1 0 0 -1 0 0 -1 0 0 -1 0 0 -1 0 0 -1 0 0 -1 0 0 -1 0 0 -1 0 0 -1 0 0 -1 0 0 -1 0 0 -1 0 0 -1 0 0 -1 0 0 -1 0 0 -1 0 0 -1 0 0 -1 0 0 -1 0 0 -1 0 0 -1 0 0 -1 0 0 -1 0 0 -1 0 0 -1 0 0 -1 0 0 -1 0 0 -1 0 0 -1 0 0 -1 0 0 -1 0 0 -1 0 0 -1 0 0 -1 0 0 -1 0 0 -1 0 0 -1 0 0 -1 0 0 -1 0 0 -1 0 0 -1 0 0 -1 0 0 -1 0 0 -1 0 0 -1 0 0 -1 0 0 -1 0 0 -1 0 0 -1 0 0 -1 0 0 -1 0 0 -1 0 0 -1 0 0 -1 0 0 -1 0 0 -1 0 0 -1 0 0 -1 0 0 -1 0 0 -1 0 0 -1 0 0 -1 0 0 -1 0 0 -1 0 0 -1 0 0 -1 0 0 -1 0 0 -1 0 0 -1 0 0.00339927 0.00403641 0.999986 0.00170028 0.00412608 0.99999 -0.116725 0.00409788 0.993156 -0.13084 0.00344575 0.991398 -0.170549 0.00380322 0.985342 -0.218574 0.0029177 0.975816 0.128159 0.00379782 0.991746 0.123485 0.00400554 0.992338 0.123302 0.0546659 0.990862 0.0699399 0.120337 0.990266 0.00193187 0.120632 0.992695 0.00168796 0.120268 0.99274 -0.0675004 0.119993 0.990477 -0.116527 0.0583247 0.991473 -0.170145 0.0688924 0.983008 -0.250895 0.00310356 0.968009 -0.313381 0.00115344 0.949627 -0.247883 0.154506 0.95639 0.139029 0.00335228 0.990283 0.179885 0.064756 0.981554 0.177145 0.00372352 0.984178 0.180262 0.00376177 0.983612 0.249729 0.141025 0.957991 0.302701 0.279679 0.911127 0.268625 0.432327 0.860775 0.190023 0.564119 0.80353 0.112445 0.611901 0.782901 0.111278 0.61406 0.781376 0.00258663 0.617895 0.786256 -0.107463 0.612128 0.783422 0.00249994 0.618003 0.786172 -0.106195 0.61451 0.781729 -0.184272 0.566074 0.803495 -0.264794 0.431798 0.862226 -0.298881 0.28374 0.911132 -0.345546 0.00102809 0.938401 -0.352327 0.000593704 0.935877 -0.309776 0.270846 0.911417 -0.338186 0.205291 0.918415 0.252249 0.00266079 0.967659 0.27258 0.00155673 0.962132 0.344651 0.191289 0.919034 0.311657 0.268846 0.911368 0.349736 0.00122318 0.936848 0.351135 0.00122462 0.936324 0.372491 0.585515 0.720016 0.349894 0.591037 0.726807 0.291243 0.559964 0.77564 0.230589 0.603904 0.762974 0.181596 0.588295 0.787992 0.116578 0.638578 0.760676 0.0993202 0.672728 0.733193 0.0335352 0.743024 0.668425 0.00300736 0.743438 0.668798 -0.112399 0.642553 0.757953 -0.17425 0.594544 0.784955 0.00113321 0.745304 0.666724 -0.0297653 0.744974 0.666429 -0.0975355 0.67241 0.733725 -0.284479 0.545811 0.788138 -0.205044 0.604081 0.770092 -0.357052 0.583359 0.729524 -0.368866 0.580485 0.725931 -0.353573 0.000587329 0.935407 -0.436503 0.0934973 0.894832 -0.438423 0.000962297 0.898768 -0.429527 0.000567015 0.903054 -0.404295 0.599174 0.69104 -0.467934 0.545657 0.695195 -0.584595 0.195386 0.787447 -0.577576 0.166863 0.799102 -0.524987 0.099263 0.845302 0.441145 0.081295 0.893746 0.357656 0.000837633 0.933853 0.4353 0.000807524 0.900285 0.442609 0.00112114 0.896714 0.531803 0.0862346 0.842466 0.582123 0.152093 0.798749 0.589897 0.183984 0.786239 0.473505 0.540655 0.695331 0.402636 0.600486 0.690869 0.403025 0.633231 0.660749 0.395181 0.648091 0.651007 0.354394 0.69427 0.626414 0.188151 0.900658 0.391682 0.103597 0.969606 0.221659 0.0639166 0.98509 0.159728 0.062587 0.985676 0.156605 0.0160685 0.987485 0.156893 0.0119602 0.988456 0.151036 0.000256728 0.988527 0.151047 -0.0619351 0.98551 0.157904 -0.107016 0.967709 0.228225 -0.16237 0.926525 0.339393 0 0.988582 0.150683 -0.00998275 0.988533 0.150676 -0.0135261 0.987711 0.155706 -0.0609009 0.985968 0.155431 -0.360019 0.701691 0.61483 -0.374303 0.685843 0.624113 -0.404557 0.630498 0.662424 -0.527592 0.000949851 0.849497 -0.543936 0.00034417 0.839127 -0.468423 0.578731 0.667571 -0.538601 0.587227 0.604213 -0.564224 0.562639 0.604225 -0.66533 0.251794 0.702806 -0.625194 0.197807 0.754986 -0.637796 0.00101397 0.770204 -0.625622 0.000515342 0.780126 -0.603051 0.000500852 0.797703 -0.585788 0.000566339 0.810464 -0.581661 0.000352995 0.813431 0.533022 0.00111948 0.8461 0.533791 0.0011217 0.845616 0.553502 0.000444915 0.832848 0.588975 0.000459426 0.808151 0.634159 0.186256 0.750434 0.589919 0.00040731 0.807463 0.640883 0.000422837 0.767639 0.645453 0.000629704 0.763799 0.565406 0.563585 0.602236 0.544625 0.583602 0.602323 0.473999 0.575454 0.666467 0.670147 0.236072 0.703685 0.544761 0.603793 0.581953 0.343145 0.860532 0.376478 0.33571 0.864774 0.37345 0.154763 0.972613 0.173416 0.0830862 0.987133 0.136623 0.078092 0.988416 0.13014 0.0601198 0.98965 0.130302 0.0120919 0.999339 0.0342937 0.00202174 0.99999 0.00404902 0 1 0 0 1 0 0 1 0 0 1 0 0 1 0 0 1 0 0 1 0 0 1 0 0 1 0 0 1 0 0 1 0 0 1 0 0 1 0 0 1 0 0 1 0 -0.0583267 0.990476 0.124719 -0.0764641 0.989261 0.124566 -0.0826906 0.987713 0.132612 -0.146693 0.975334 0.16494 -0.303812 0.889385 0.341602 -0.31231 0.881503 0.354139 -0.00202174 0.99999 0.00404561 -0.010094 0.999549 0.028276 -0.538753 0.603358 0.587967 -0.56464 0.579002 0.588166 -0.636361 0.575594 0.513553 -0.648853 0.561864 0.513126 -0.747062 0.230148 0.623643 -0.737454 0.212834 0.640986 -0.704081 0.213689 0.677206 -0.720728 0.0010107 0.693218 -0.63984 0.00100713 0.768507 0.704881 0.200668 0.680349 0.719517 0.000631561 0.694475 0.724728 0.000354389 0.689035 0.652832 0.5618 0.508126 0.636058 0.580382 0.508515 0.565773 0.583997 0.582107 0.746928 0.199551 0.634254 0.752875 0.210747 0.62351 0.634666 0.609776 0.474734 0.546666 0.740123 0.391629 0.46742 0.814261 0.344236 0.315123 0.90033 0.300172 0.164825 0.973747 0.157004 0.143301 0.978656 0.1473 0.0793965 0.993497 0.0816118 0.0791271 0.993565 0.081041 0.00202174 0.99999 0.00403876 -0.077976 0.993673 0.0808341 -0.00202174 0.99999 0.00403876 -0.0771666 0.993877 0.0790834 -0.137034 0.980327 0.142056 -0.159966 0.975343 0.152044 -0.272327 0.926736 0.25884 -0.634995 0.607614 0.477061 -0.393306 0.870493 0.295894 -0.529732 0.758828 0.378898 -0.647749 0.594126 0.476902 -0.701813 0.579812 0.413856 -0.799286 0.461486 0.384931 -0.874576 0.230463 0.42662 -0.85757 0.154003 0.490772 -0.806263 0.160305 0.569423 -0.816826 0.000497815 0.576884 -0.814605 0.00037378 0.580016 -0.763784 0.000377812 0.645472 -0.759111 0.000400899 0.650961 -0.754746 0.000672446 0.656017 -0.726805 0.0006871 0.686843 0.72566 0.000308591 0.688053 0.761796 0.000290545 0.647817 0.762259 0.000292658 0.647272 0.802565 0.460424 0.37934 0.706135 0.576291 0.411415 0.651759 0.591579 0.474599 0.808578 0.141784 0.571051 0.862327 0.135883 0.487779 0.880708 0.212765 0.423183 0.767237 0 0.641363 0.806435 0 0.591323 0.809666 1.40342e-05 0.586891 0.81683 0.000415133 0.576878 0.705507 0.583051 0.40288 0.185532 0.977687 0.0985242 0.207091 0.969247 0.132942 0.764872 0.555253 0.326595 0.749131 0.614124 0.248304 0.743302 0.624691 0.239298 0.60113 0.784489 0.15238 0.582045 0.799977 0.14581 0.138701 0.984941 0.103215 0.11585 0.989812 0.082765 0.106185 0.991267 0.0781994 0.079195 0.993705 0.0792366 -0.0772558 0.994011 0.0772964 -0.0963415 0.992417 0.0763372 -0.104973 0.991225 0.080329 -0.141697 0.983426 0.113113 -0.198952 0.97035 0.137253 -0.700385 0.593375 0.396695 -0.172403 0.980682 0.092411 -0.499371 0.856189 0.132549 -0.588336 0.791982 0.16317 -0.740142 0.623599 0.251623 -0.755088 0.569778 0.324338 -0.742692 0.621658 0.248896 -0.954236 0.230284 0.190795 -0.950968 0.122227 0.284113 -0.932824 0.131001 0.335675 -0.876453 0.226287 0.425 -0.899791 0.00201572 0.436317 -0.893932 0.00157072 0.4482 -0.869921 0.00128299 0.49319 -0.867923 0.0012892 0.496697 -0.859449 0.000489433 0.511221 0.888163 0.193966 0.416586 0.934204 0.110157 0.339307 0.955119 0.101322 0.278354 0.960582 0.207763 0.184707 0.863438 0.00042937 0.504455 0.870399 0.00108434 0.492346 0.898164 0.00111892 0.439658 0.905356 0.00175779 0.42465 0.404428 0.911569 0.0740274 0.162634 0.985554 0.0472495 0.162259 0.983282 0.0826355 0.963904 0.208481 0.165603 0.956376 0.268672 0.114723 0.7641 0.629292 0.141924 0.75705 0.636245 0.148554 0.771333 0.635249 0.0387867 0.343774 0.938466 0.0331743 0.137549 0.9901 0.0279612 0.0563874 0.998011 0.0281846 -0.0403191 0.998984 0.020153 -0.154467 0.98727 0.037923 -0.154084 0.984822 0.0798962 -0.132088 0.991036 0.0199926 -0.315983 0.946984 0.0581043 -0.792824 0.607644 0.0468909 -0.78622 0.602583 0.136938 -0.756359 0.633098 0.164645 -0.279068 0.959691 0.0333741 -0.279071 0.959701 0.0330795 -0.951007 0.287083 0.114759 -0.958814 0.231389 0.164728 -0.98556 0.00131533 0.169323 -0.963743 0.00128621 0.26683 -0.960312 0.00133194 0.278924 -0.958151 0.00176463 0.286259 -0.940931 0.00215569 0.338592 -0.93811 0.00198194 0.346333 -0.935122 0.001837 0.354321 0.932215 0.00164098 0.361902 0.934554 0.00164384 0.355816 0.939922 0.00205084 0.341384 0.956427 0.00195762 0.291966 0.960058 0.00198054 0.279793 0.961787 0.00171173 0.273795 0.982427 0.00174846 0.186641 0.985559 0.00182956 0.169323 0.137591 0.990407 0.012747 0.338439 0.940466 0.0313544 0.962063 0.27027 0.0372749 0.989186 0.000704412 0.146665 0.999111 0.00071148 0.0421586 0.99925 0.000726119 0.0387157 0.78051 0.624442 0.0296003 0.958826 0.282926 0.0246236 0.77992 0.62397 -0.0488558 0.765288 0.640571 -0.0632676 0.402815 0.91353 -0.0565893 0.324077 0.945588 -0.0289309 0.300441 0.953688 -0.0146753 0.300461 0.953751 0.00910975 0.127302 0.991857 0.0038597 0.118651 0.992936 0 -0.109927 0.99394 0 -0.120469 0.992704 0.00507255 -0.132098 0.991111 0.0157977 -0.779977 0.621287 -0.0750933 -0.810978 0.583386 -0.044437 -0.811462 0.583734 0.028006 -0.2392 0.970918 0.0100719 -0.239183 0.970847 -0.0157123 -0.264174 0.963986 -0.030702 -0.340773 0.938329 -0.0584102 -0.953345 0.3009 0.0243492 -0.956674 0.288794 0.0370611 -0.99925 0.000533549 0.0387106 -0.987952 0.000527516 0.154762 0.962247 0.2662 -0.0567317 0.95833 0.28278 -0.0404774 0.99933 0.000622342 0.036583 0.998459 0.000621799 -0.0554997 0.998266 0.000799535 -0.0588554 0.757736 0.63425 -0.153501 0.956564 0.264628 -0.122296 0.757732 0.634255 -0.153505 0.617459 0.770284 -0.159397 0.452416 0.887147 -0.0910545 0.165015 0.984552 -0.0585415 0.140249 0.989312 -0.0399106 0.14035 0.990023 -0.0125293 0.133231 0.991064 -0.00650779 0.0783821 0.996113 -0.040185 0.00605827 0.999974 -0.00403868 -0.060397 0.997718 -0.0301886 -0.135467 0.990329 -0.029965 -0.135511 0.990651 -0.0157489 -0.127298 0.991829 -0.00836246 -0.754628 0.634169 -0.168423 -0.773184 0.615876 -0.151271 -0.362285 0.929192 -0.073149 -0.551069 0.82073 -0.150748 -0.60382 0.778929 -0.169322 -0.951489 0.281356 -0.124532 -0.957425 0.283111 -0.0564425 -0.952931 0.300769 -0.0382235 -0.159167 0.986062 -0.0484557 -0.998267 0.000640359 -0.0588502 -0.998496 0.000444469 -0.0548314 -0.999314 0.000444833 0.0370332 0.96423 0.197286 -0.177029 0.986914 0.000790443 -0.161246 0.983559 0.0018381 -0.180578 0.962083 0.196846 -0.188805 0.750118 0.609819 -0.255821 0.743465 0.622312 -0.244922 0.629539 0.758016 -0.170566 0.164731 0.982852 -0.0828564 0.221769 0.967386 -0.122401 0.122216 0.989075 -0.0824312 0.118565 0.989667 -0.0806363 0.0831316 0.993228 -0.0811663 0.0829673 0.992215 -0.0928783 0.010096 0.999746 -0.0201683 -0.0816269 0.993311 -0.0816699 -0.110964 0.990518 -0.0809997 -0.112428 0.990295 -0.0817088 -0.158819 0.983909 -0.0818508 -0.740621 0.622398 -0.253181 -0.955554 0.220847 -0.195302 -0.959092 0.221665 -0.176086 -0.742145 0.619611 -0.255546 -0.192827 0.975551 -0.10544 -0.214741 0.966522 -0.140436 -0.525605 0.751155 -0.399382 -0.54389 0.732012 -0.410296 -0.702337 0.575488 -0.418971 -0.759641 0.549598 -0.34769 -0.983559 0.00151436 -0.180578 -0.986701 0.000614477 -0.162546 -0.997997 0.000621512 -0.0632639 0.953416 0.085177 -0.289382 0.962107 0.00179801 -0.272665 0.957392 0.001844 -0.288786 0.956892 0.00191675 -0.290437 0.793575 0.469389 -0.387185 0.767355 0.537132 -0.350221 0.92711 0.0936064 -0.362911 0.886519 0.168544 -0.430903 0.88232 0.180424 -0.434695 0.711854 0.564556 -0.41778 0.708576 0.567038 -0.419986 0.569974 0.707529 -0.41777 0.23484 0.96157 -0.142243 0.14142 0.9849 -0.0998635 0.176757 0.969509 -0.169732 0.138476 0.978745 -0.151267 0.084027 0.991921 -0.0950389 0.0301127 0.995804 -0.0864127 0.0100945 0.999604 -0.0262777 0.0837822 0.985988 -0.144248 0.0592483 0.987729 -0.144502 0 0.999982 -0.00606323 0 0.999982 -0.00606323 -0.00807547 0.999837 -0.016132 -0.0805899 0.99281 -0.0885049 -0.0814648 0.992739 -0.0885044 -0.142603 0.978068 -0.151814 -0.168079 0.972061 -0.163851 -0.13999 0.984364 -0.106917 -0.792882 0.465237 -0.393564 -0.876041 0.202995 -0.43743 -0.878925 0.195824 -0.434907 -0.923982 0.118633 -0.363571 -0.949413 0.109099 -0.29447 -0.955113 0.00168937 -0.296238 -0.956428 0.00147975 -0.291966 -0.956647 0.00144718 -0.291246 -0.982427 0.00148618 -0.186641 -0.365674 0.859772 -0.356476 -0.535248 0.603472 -0.591043 -0.554237 0.585796 -0.591325 -0.624137 0.583611 -0.519472 -0.62291 0.612451 -0.486711 -0.394799 0.801858 -0.448506 -0.648193 0.585636 -0.486699 -0.702647 0.571477 -0.423912 0.932215 0.0019948 -0.361899 0.931197 0.00200367 -0.364511 0.656465 0.54752 -0.518919 0.655537 0.582089 -0.481086 0.86257 0.108749 -0.494113 0.798969 0.114104 -0.590449 0.753541 0.175167 -0.633634 0.914308 0.000898037 -0.405018 0.899385 0.000945944 -0.437157 0.89625 0.000637988 -0.44355 0.868341 0.000618121 -0.495967 0.867716 0.00062197 -0.497061 0.627395 0.612345 -0.481051 0.574012 0.697249 -0.429365 0.40271 0.828299 -0.389546 0.428117 0.76758 -0.477008 0.411659 0.779844 -0.471573 0.156125 0.969473 -0.189071 0.0895046 0.984323 -0.15198 0.0629826 0.983023 -0.172333 0.0410992 0.984147 -0.172529 0.0298573 0.987361 -0.155651 0 0.987801 -0.15572 0 0.987801 -0.15572 0.110247 0.958248 -0.263829 0.0855412 0.971011 -0.223204 -0.00807452 0.999721 -0.0222192 -0.0261661 0.996724 -0.0765286 -0.0574349 0.988639 -0.138903 -0.0800395 0.987097 -0.138686 -0.0883875 0.984735 -0.149952 -0.159421 0.969028 -0.1886 -0.393195 0.802969 -0.447927 -0.648888 0.556414 -0.518988 -0.748122 0.19831 -0.633235 -0.799283 0.133253 -0.585995 -0.856703 0.12779 -0.49973 -0.863784 0.000999381 -0.50386 -0.889728 0.0010294 -0.456489 -0.896276 0.00159301 -0.443493 -0.924132 0.00149411 -0.38207 -0.926432 0.00149901 -0.376458 -0.930552 0.00179894 -0.366156 -0.459831 0.573298 -0.678148 -0.535182 0.583593 -0.610738 -0.428358 0.599569 -0.676037 -0.553898 0.565851 -0.610745 -0.664586 0.214194 -0.715853 -0.68905 0.188055 -0.699889 -0.742331 0.187303 -0.643322 0.560134 0.560079 -0.610379 0.560478 0.581056 -0.590118 0.628897 0.578553 -0.519389 0.751833 0.171778 -0.636584 0.691014 0.172833 -0.701875 0.670572 0.195707 -0.715564 0.865261 0.000430143 -0.501321 0.804221 0.000411317 -0.59433 0.802274 0.000303482 -0.596956 0.801217 0.000249911 -0.598374 0.763177 0.000251725 -0.646189 0.539522 0.600838 -0.589838 0.53949 0.579984 -0.610384 0.462668 0.569622 -0.679315 0.438891 0.589756 -0.67791 0.393945 0.586743 -0.707489 0.377845 0.592287 -0.711639 0.335476 0.637489 -0.693588 0.271461 0.751249 -0.601609 0.117396 0.606627 -0.786271 0.0978783 0.607918 -0.787944 0.0621571 0.640336 -0.765576 0.00122205 0.639962 -0.768405 0 0.641067 -0.767485 -0.0259231 0.987469 -0.155668 0.285033 0.594229 -0.752096 0.1861 0.55152 -0.813138 -0.036566 0.984486 -0.171608 -0.0615522 0.983277 -0.171397 -0.0815742 0.97272 -0.217169 -0.110191 0.95819 -0.264065 -0.256842 0.77906 -0.571925 -0.331699 0.652928 -0.680926 -0.383539 0.59642 -0.705111 -0.755705 0.000126027 -0.654912 -0.801306 0.000125011 -0.598255 -0.806475 0.000411827 -0.591268 -0.857378 0.0004276 -0.514688 -0.459764 0.529607 -0.712835 -0.383444 0.593673 -0.707477 -0.579985 0.161255 -0.798508 -0.629182 0.163816 -0.759799 -0.637798 0.000256737 -0.770204 -0.642346 6.87682e-05 -0.766415 -0.701567 6.39398e-05 -0.712603 -0.701598 6.23092e-05 -0.712573 -0.754747 6.70294e-05 -0.656017 0.462615 0.528474 -0.711831 0.638302 0.148442 -0.755338 0.585491 0.146064 -0.797412 0.762259 0.000193678 -0.647272 0.701572 0.000188744 -0.712599 0.701572 0.000188743 -0.712599 0.649957 0.000183812 -0.759971 0.645453 0.000388954 -0.7638 0.37643 0.591731 -0.71285 0.567456 0.0677813 -0.820609 0.534437 0.0212053 -0.844942 0.4208 0.0198205 -0.906937 0.349288 0.102452 -0.931398 0.299178 0.238566 -0.923893 0.331756 0.602538 -0.725869 0.301583 0.582889 -0.754511 0.225531 0.330177 -0.91658 0.108069 0.558988 -0.822103 0.00125038 0.617927 -0.786234 -0.0570707 0.641944 -0.764625 0 0.616405 -0.78743 -0.101622 0.561339 -0.821323 -0.0913222 0.611455 -0.785992 0.237173 0.320843 -0.916956 0.228349 0.321314 -0.919029 -0.111347 0.610203 -0.784382 -0.180201 0.55413 -0.812692 -0.274854 0.593596 -0.756372 -0.294275 0.580189 -0.759462 -0.326643 0.600762 -0.72965 -0.373582 0.589606 -0.716101 -0.298326 0.241397 -0.923433 -0.344461 0.119489 -0.931166 -0.41983 0.0327349 -0.907012 -0.527256 0.0356528 -0.848958 -0.561931 0.0834058 -0.822968 -0.563896 0.000998758 -0.825845 -0.568552 0.000739282 -0.822647 -0.578651 0.000219427 -0.815575 -0.623735 0.000210295 -0.781635 0.579657 0.000395577 -0.81486 0.568764 0.00100378 -0.8225 0.5558 0.000990786 -0.831316 0.534557 0.00177486 -0.845131 0.420882 0.00170095 -0.907114 0.414226 0.00146954 -0.910173 0.353566 0.00151029 -0.935408 0.351135 0.00152363 -0.936324 0.221666 0.283288 -0.933066 0.337168 0.000760033 -0.941444 0.246625 0.000782369 -0.969111 0.231134 0.00167315 -0.972921 0.155398 0.113449 -0.981316 0.0878408 0.0364881 -0.995466 0 0.0188093 -0.999823 0 0.0188093 -0.999823 -0.220996 0.330752 -0.917477 -0.0811305 0.0361512 -0.996048 -0.150481 0.115911 -0.981794 -0.213255 0.273752 -0.93786 -0.222638 0.325635 -0.918909 -0.23365 0.324938 -0.916419 -0.221725 0.00191302 -0.975107 -0.240124 0.000870754 -0.970742 -0.335673 0.000844953 -0.941978 -0.346946 0.00151429 -0.937884 -0.414728 0.00146918 -0.909944 -0.420054 0.00166297 -0.907498 -0.506866 0.00171401 -0.862023 -0.527591 0.00178409 -0.849497 -0.551363 0.000986165 -0.834265 0.222685 0.00168606 -0.974889 0.156407 0.00349408 -0.987687 0.144449 0.00337955 -0.989507 0.0878985 0.00431832 -0.99612 0.00320472 0.00344216 -0.999989 0 0.0035879 -0.999994 -0.0811828 0.00438521 -0.99669 -0.151501 0.00318026 -0.988452 -0.174728 0.00195356 -0.984615 0 0 -1 0 0 -1 0 0 -1 0 0 -1 0 0 -1 0 0 -1 0 0 -1 0 0 -1 0 0 -1 0 0 -1 0 0 -1 0 0 -1 0 0 -1 0 0 -1 0 0 -1 0 0 -1 0 0 -1 0 0 -1 0 0 -1 0 0 -1 0 0 -1 0 0 -1 0 0 -1 0 0 -1 0 0 -1 0 0 -1 0 0 -1 0 0 -1 0 0 -1 0 0 -1 0 0 -1 0 0 -1 0 0 -1 0 0 -1 0 0 -1 0 0 -1 0 0 -1 0 0 -1 0 0 -1 0 0 -1 0 0 -1 0 0 -1 0 0 -1 0 0 -1 0 0 -1 0 0 -1 0 0 -1 0 0 -1 0 0 -1 0 0 -1 0 0 -1 0 0 -1 0 0 -1 0 0 -1 0 0 -1 0 0 -1 0 0 -1 0 0 -1 0 0 -1 0.998037 0.00280341 0.0625599 0.99713 -0.0403007 0.0640941 0.989186 -0.132064 0.0637932 0.975641 -0.209992 0.0634728 0.961777 -0.266974 0.0609069 0.992572 0.104548 0.0622173 0.989542 0.124242 0.0732818 0.995593 0.0511735 0.0785817 0.996854 -0.00959155 0.0786811 0.996286 -0.0402666 0.0761097 0.990256 0.124331 0.0627326 0.979961 -0.182639 0.0795006 0.97464 -0.209777 0.0779197 0.929143 -0.365521 0.0555684 0.934234 -0.351773 0.0588419 0.953382 -0.290025 0.0833569 0.930348 -0.357543 0.081343 0.931815 -0.358106 0.0590046 0.978003 0.199219 0.0618258 0.952712 0.293341 0.07932 0.953976 0.29373 0.0604407 0.940697 0.322845 0.104214 0.948329 0.171189 0.267145 0.980655 0.0729273 0.181654 0.951384 0.297446 0.0799617 0.983178 -0.013917 0.182121 0.963626 -0.0720685 0.257356 0.968659 -0.22084 0.113706 0.957259 -0.260948 0.124746 0.951547 -0.289467 0.103767 0.922072 -0.382552 0.0586219 0.786471 -0.615021 0.0566775 0.781553 -0.621433 0.0547383 0.878998 -0.472978 0.0604474 0.801497 -0.595064 0.0591795 0.89981 -0.425104 0.0981255 0.897231 -0.432215 0.0903641 0.897477 -0.432334 0.0873087 0.877475 -0.472158 0.0842833 0.940145 0.336244 0.0553876 0.946137 0.318338 0.0590431 0.929404 0.359165 0.0849069 0.93219 0.351809 0.0851614 0.930055 0.362806 0.0580396 0.922379 0.381776 0.0588614 0.930625 0.351218 0.102877 0.931834 0.346556 0.10763 0.876461 0.31655 0.362785 0.87058 0.305437 0.385744 0.846118 0.226917 0.482278 0.846859 0.222488 0.483042 0.765472 0.0884127 0.637366 0.768154 -0.0291845 0.639599 0.835254 -0.126127 0.535204 0.830472 -0.160266 0.533509 0.859686 -0.24102 0.450388 0.853446 -0.267795 0.447119 0.864298 -0.408327 0.293697 0.798615 -0.598921 0.0592214 0.786381 -0.61495 0.0586545 0.750009 -0.659163 0.0546838 0.761801 -0.645529 0.0543221 0.767757 -0.638035 0.0588221 0.749862 -0.659034 0.0581542 0.848477 -0.522494 0.0841797 0.797656 -0.598202 0.076802 0.845161 -0.525505 0.0977099 0.847646 -0.521982 0.0950339 0.806947 -0.501743 0.311594 0.937608 0.343277 0.0552382 0.933182 0.355076 0.0556158 0.808826 0.582494 0.0806247 0.851593 0.516905 0.0871651 0.874188 0.477156 0.0901006 0.890443 0.451111 0.0600826 0.819492 0.56972 0.0620644 0.877854 0.468993 0.0970436 0.863538 0.461345 0.203624 0.486069 0.43691 0.756866 0.424515 0.302428 0.853419 0.428094 0.298579 0.852987 0.748198 0.626254 0.219102 0.703353 0.653646 0.27936 0.439154 0.203661 0.875023 0.364617 0.130272 0.922 0.366945 0.06615 0.927888 0.342121 0.0394371 0.938828 0.342368 -0.010779 0.939504 0.351644 -0.0207384 0.935904 0.350637 -0.0784033 0.933224 0.401539 -0.131961 0.906285 0.394993 -0.221788 0.89151 0.42605 -0.245313 0.870806 0.698232 -0.574136 0.427598 0.467062 -0.356779 0.80905 0.766767 -0.637212 0.077644 0.644961 -0.762279 0.0543666 0.69859 -0.713946 0.0474571 0.644825 -0.76212 0.0580878 0.699683 -0.709177 0.0866712 0.688341 -0.720191 0.0866688 0.624766 -0.776842 0.0786412 0.625628 -0.777914 0.0586566 0.714068 -0.692358 0.103672 0.699582 -0.709075 0.0883069 0.669724 -0.649362 0.360275 0.792644 0.604352 0.0804683 0.79423 0.604493 0.0615358 0.793716 0.605169 0.0615283 0.774906 0.625441 0.0913455 0.775469 0.625896 0.0830737 0.762746 0.63843 0.103077 0.692928 0.675766 0.251377 0.547253 0.800536 0.244245 0.519371 0.806797 0.281661 0.384581 0.719045 0.578854 0.339644 0.381121 0.859877 0.344961 0.375865 0.860074 0.348893 0.308316 0.884994 0.182192 0.137567 0.973592 0.182192 0.137562 0.973593 0.712045 0.69441 0.103859 0.0874278 0.041809 0.995293 0.0190972 0.00763737 0.999788 0.011461 0 0.999934 0.0343697 -0.0114655 0.999343 0.139436 -0.0829007 0.986755 0.0722885 -0.0494549 0.996157 0.289269 -0.236108 0.927673 0.288835 -0.29992 0.909188 0.283144 -0.294173 0.912848 0.563222 -0.711701 0.419835 0.629442 -0.688674 0.359905 0.345617 -0.477836 0.807603 0.61271 -0.788426 0.0545033 0.636255 -0.769576 0.054159 0.599649 -0.798126 0.0584401 0.688245 -0.720091 0.0882524 0.670989 -0.734131 0.104041 0.510767 -0.8542 0.0972626 0.507122 -0.856674 0.0945362 0.507585 -0.857456 0.0844145 0.579761 -0.811094 0.0774866 0.580481 -0.812101 0.0594403 0.686561 0.722434 0.0819876 0.704099 0.70511 0.0840552 0.773384 0.631067 0.0602652 0.687619 0.723548 0.0604876 0.703432 0.704442 0.0945739 0.572542 0.814686 0.0920957 0.571489 0.815309 0.0931196 0.565142 0.816929 0.115071 0.496676 0.841814 0.211334 0.376202 0.716586 0.587346 0.311987 0.93407 0.173715 0.257492 0.936865 0.236606 0.215049 0.395729 0.892834 0.254704 0.553247 0.793123 0.135472 0.33154 0.933664 0.122575 0.306416 0.943973 0.127523 0.138766 0.98208 0.0190837 0.030531 0.999352 0.00763902 0.00763854 0.999942 0 0 1 0 0 1 0 0 1 0 0 1 0 0 1 0.0495269 -0.0495238 0.997544 0.049398 -0.0873918 0.994949 0.0827278 -0.154166 0.984576 0.231929 -0.29908 0.925614 0.217314 -0.408319 0.886595 0.238846 -0.437163 0.867087 0.388125 -0.877521 0.281631 0.489244 -0.818205 0.301962 0.252937 -0.867147 0.429045 0.323845 -0.944602 0.0533959 0.453294 -0.889304 0.060524 0.352578 -0.933963 0.0583266 0.402507 -0.910037 0.0990997 0.412093 -0.906778 0.0890753 0.412147 -0.906897 0.0875956 0.452499 -0.887745 0.0845727 0.620621 0.779797 0.0821291 0.682548 0.728349 0.0602966 0.676907 0.73361 0.0601177 0.646248 0.760707 0.0607366 0.621554 0.78097 0.0612941 0.572827 0.815091 0.0865834 0.566062 0.819835 0.0862873 0.25871 0.961795 0.0895562 0.489195 0.868799 0.0766557 0.388607 0.918427 0.0740009 0.322185 0.943317 0.0796827 0.25882 0.961775 0.0894532 0.212459 0.953429 0.214089 0.109751 0.936661 0.332596 0.122151 0.497449 0.85885 0.256467 0.962386 0.0896523 0.223318 0.970372 0.0922302 0.212238 0.97163 0.104357 0.113892 0.484715 0.867225 0.0149568 0.209104 0.977779 0.0186706 0.20909 0.977718 0.0206418 0.487786 0.872719 0.0134264 0.478963 0.877733 0 0.194779 0.980847 0 -0.0305366 0.999534 0.00764266 -0.0457908 0.998922 0.00714834 -0.356385 0.934312 0.0172444 -0.366226 0.930366 0.0779467 -0.365166 0.927673 0.128318 -0.414858 0.900793 0.14988 -0.868762 0.472004 0.18368 -0.881042 0.43592 0.232853 -0.966797 0.105281 0.308974 -0.949541 0.0539182 0.31026 -0.949137 0.0536523 0.338545 -0.93913 0.0584924 0.308909 -0.949341 0.0576794 0.337983 -0.93757 0.0820322 0.227134 -0.968918 0.0980226 0.227409 -0.970093 0.0848777 0.5276 0.847354 0.0602408 0.489759 0.869801 0.059854 0.47302 0.879065 0.0591345 0.402022 0.91358 0.0612381 0.388934 0.919202 0.0616246 0.305161 0.950358 0.0608078 0.0934658 0.992086 0.0838408 0.28645 0.956202 0.0601978 0.214634 0.974969 0.0580331 0.142236 0.988147 0.0577368 0.116881 0.991418 0.0585627 0.0295696 0.941942 0.334471 0.0311974 0.993798 0.106738 0.0311974 0.993798 0.106738 0.0193428 0.937007 0.348775 0.0312653 0.995961 0.0841683 -0.0889204 0.477108 0.874335 -0.115525 0.299949 0.946934 -0.00374402 0.194778 0.98084 -0.0850962 0.933783 0.347575 -0.0920599 0.482455 0.87107 -0.00381711 0.00381687 0.999985 -0.371319 0 0.928505 -0.371319 0 0.928505 -0.370194 -0.0777754 0.925693 -0.0532079 -0.083605 0.995077 -0.0498977 -0.35595 0.933172 -0.0857502 -0.390814 0.916467 -0.107535 -0.870872 0.479603 0.021257 -0.870582 0.491563 0.0269918 -0.872935 0.48709 0.0296943 -0.960336 0.277259 0.215069 -0.971795 0.0967425 0.245818 -0.967757 0.0549525 0.223149 -0.97299 0.0591163 0.200676 -0.976223 0.0819616 0.195482 -0.977348 0.0811082 0.19577 -0.978788 0.0604048 0.025316 0.996191 0.0834443 0.0253604 0.997939 0.0589479 0.140947 0.988345 0.0575225 0.116156 0.991788 0.0535266 0.0149247 0.998436 0.0538854 0.0149208 0.998175 0.0585083 -0.150661 0.952531 0.264548 -0.161118 0.981292 0.105395 -0.168242 0.97929 0.112628 -0.088645 0.992587 0.0831425 -0.161378 0.982875 0.0889607 -0.260352 0.280018 0.924017 -0.181138 0.51602 0.837205 -0.305084 0.41132 0.858918 -0.366935 0.179542 0.912756 -0.372991 0.00521432 0.92782 -0.371316 0.00354401 0.9285 -0.15093 0.952452 0.26468 -0.373097 -0.0806371 0.924281 -0.917303 0 0.39819 -0.917303 0 0.39819 -0.915786 -0.0574892 0.397532 -0.905506 -0.0771666 0.417259 -0.36128 -0.261608 0.895007 -0.243327 -0.380469 0.892208 -0.26932 -0.850828 0.451174 -0.122337 -0.876836 0.464965 -0.171795 -0.979653 0.103758 -0.167569 -0.980919 0.0985804 -0.157731 -0.98267 0.0973728 0 -0.968865 0.247589 0 -0.997248 0.0741396 0.023848 -0.997069 0.0726942 0.0705567 -0.99563 0.0611775 0.0238642 -0.997746 0.0627161 -0.109819 0.992249 0.0581609 0.0119402 0.998503 0.0533782 -0.0946809 0.994088 0.0531422 -0.122053 0.990843 0.0577264 -0.263583 0.95925 0.101807 -0.27954 0.950514 0.135573 -0.248144 0.965129 0.0833683 -0.286403 0.954442 0.0837551 -0.155807 0.986093 0.057839 -0.15915 0.985558 0.0578557 -0.234807 0.969601 0.0688383 -0.843925 0.423268 0.329598 -0.913989 0.288757 0.285031 -0.9001 0.185724 0.394116 -0.818553 0.543589 0.185692 -0.916022 0.00563935 0.401088 -0.917299 0.00274186 0.398189 -0.87444 -0.270171 0.402943 -0.931383 0 0.364042 -0.93185 -0.00395032 0.362823 -0.935185 -0.0587071 0.349259 -0.874459 -0.405979 0.265523 -0.924815 -0.27803 0.259646 -0.903954 -0.357433 0.234753 -0.88351 -0.410181 0.226188 -0.448895 -0.852846 0.266736 -0.463378 -0.880363 0.101199 -0.423509 -0.900853 0.0954117 -0.395114 -0.914158 0.0905546 -0.303967 -0.949194 0.0814555 -0.16779 -0.982213 0.084289 -0.142053 -0.9865 0.0814773 -0.139933 -0.986832 0.0811297 -0.140126 -0.988195 0.0619277 -0.0118674 -0.99797 0.0625672 -0.220092 0.973803 0.0571521 -0.348346 0.934005 0.07931 -0.457059 0.885744 0.0809633 -0.565701 0.819109 0.0950986 -0.687879 0.715597 0.121424 -0.734779 0.664236 0.137442 -0.811661 0.556803 0.17657 -0.819839 0.542621 0.18283 -0.234967 0.970259 0.0582105 -0.348824 0.935287 0.0596641 -0.223738 0.972933 0.0578205 -0.899688 0.365715 0.238357 -0.90694 0.341596 0.246521 -0.917289 0.290985 0.271862 -0.935794 0.0470573 0.349393 -0.931602 0.00278459 0.363469 -0.99776 0.0328353 0.0582766 -0.998296 -0.00243697 0.0583079 -0.949049 -0.252485 0.188565 -0.998091 -0.0220171 0.0577112 -0.996854 -0.0540691 0.0579624 -0.992274 -0.109466 0.0583947 -0.988477 -0.139223 0.0594178 -0.735594 -0.662468 0.141556 -0.587268 -0.802336 0.106646 -0.559343 -0.822433 0.103632 -0.908207 -0.382809 0.169169 -0.964563 -0.256612 0.0613939 -0.956196 -0.286159 0.0616641 -0.919677 -0.387644 0.0626556 -0.738105 -0.666726 0.103332 -0.878328 -0.474286 0.0599401 -0.863776 -0.500258 0.0602772 -0.763565 -0.642746 0.0620148 -0.561377 -0.825425 0.0594108 -0.561024 -0.825667 0.0593868 -0.455474 -0.888386 0.05757 -0.39608 -0.916393 0.0578412 -0.382563 -0.922137 0.0575205 -0.304447 -0.950695 0.0590913 -0.290908 -0.954948 0.0587076 -0.162839 -0.984771 0.0609037 -0.404447 0.912865 0.0556872 -0.363404 0.929738 0.0593636 -0.440466 0.895841 0.0588137 -0.457761 0.887104 0.059179 -0.473369 0.878902 0.0587634 -0.567249 0.821351 0.0600822 -0.646389 0.760757 0.0585603 -0.685642 0.725566 0.0587195 -0.6918 0.719675 0.0589987 -0.740529 0.669435 0.0589417 -0.81655 0.551657 0.170061 -0.741429 0.668442 0.0588946 -0.767418 0.638452 0.0587328 -0.827118 0.558797 0.0601818 -0.88703 0.433709 0.15835 -0.944911 0.30569 0.117028 -0.896788 0.43848 0.0592115 -0.949599 0.307207 0.0623405 -0.965017 0.254899 0.0613949 -0.982105 0.179069 0.0583429 -0.996198 0.0655207 0.0574144 -0.996417 0.062554 0.0569162 -0.998212 -0.0179318 0.0570187 -0.985078 -0.161429 0.0596926 -0.970125 -0.234915 0.0606068 -0.992787 -0.10508 0.0577259 -0.737109 -0.668149 0.101228 -0.592613 -0.799393 0.0988977 -0.594435 -0.80185 0.0606969 -0.897592 -0.436604 0.0608644 -0.881399 -0.468582 0.0597147 -0.748243 -0.660561 0.0615734 -0.739518 -0.670332 0.061381 -0.556384 -0.828894 0.05807 -0.621867 -0.780762 0.0607641 -0.458862 -0.886712 0.0564634 -0.455494 -0.888424 0.0568144 -0.446051 -0.893205 0.0567758 -0.382585 -0.92219 0.056522 -0.360987 -0.9311 0.0523643 -0.332817 -0.941556 0.0520196 -0.32011 -0.945938 0.0522617 -0.467941 0.881873 0.0577091 -0.440466 0.895841 0.0588107 -0.693331 0.718856 0.0503837 -0.68587 0.725807 0.0527868 -0.730532 0.68101 0.0504875 -0.741617 0.668611 0.0544342 -0.886592 0.458813 0.0586965 -0.89639 0.439301 0.0591585 -0.891628 0.44918 0.0568887 -0.733917 -0.676491 0.0610395 -0.733316 -0.677142 0.0610372 0 -1 0 0 -1 0 0 -1 0 0 -1 0 0 -1 0 0 -1 0 0 -1 0 0 -1 0 0 -1 0 0 -1 0 0 -1 0 0 -1 0 0 -1 0 0 -1 0 0 -1 0 0 -1 0 0 -1 0 -0.00345794 0 -0.999994 0 0 -1 0 0 -1 0 0 -1 0 0 -1 1 0 0 1 0 0 1 0 0 1 0 0 1 0 0 1 0 0 1 0 0 1 0 0 1 0 0 1 0 0 1 0 0 1 0 0 1 0 0 1 0 0 -0.0868485 0.00612376 -0.996203 -0.0130691 0.00614646 -0.999896 -0.0138462 0.00692312 -0.99988 0 0.0569494 -0.998377 0 0 1 0 0 1 0 0 1 -0.126595 0.078664 -0.98883 -0.177722 0.119037 -0.976855 -0.106332 0.0685848 -0.991962 -0.197405 0.160605 -0.967077 -0.125785 0.125869 -0.98404 -0.125404 0.125875 -0.984088 -0.123108 0.227035 -0.966074 -0.0575366 0.0578139 0.996668 -0.0576434 0.0576808 0.99667 -0.00173109 0.000623381 0.999998 -0.228176 0.179911 -0.956853 -0.226962 0.180013 -0.957122 -0.245426 0.194241 -0.949756 -0.229607 0.182797 -0.955963 -0.311534 0.282253 -0.907348 -0.322704 0.300036 -0.897686 -0.320783 0.317526 -0.892343 -0.298505 0.319958 -0.899178 -0.391479 0.750786 -0.532038 -0.0630391 0.0603338 0.996186 -0.0774906 0.0604855 0.995157 -0.0588506 0.0418316 0.99739 -0.00221621 0.00110811 0.999997 -0.0575159 0.0595524 0.996567 -0.115292 0.119374 0.986133 -0.117006 0.120636 0.985777 -0.126355 0.1253 0.98404 -0.122081 0.116842 0.985619 -0.271321 0.22136 -0.936688 -0.659526 0.568434 -0.491841 -0.489515 0.426302 -0.760685 -0.301018 0.251734 -0.919792 -0.439047 0.394585 -0.807181 -0.383283 0.379391 -0.842114 -0.456685 0.751706 -0.475791 -0.593248 0.772092 -0.227883 -0.609268 0.792941 -0.00601303 -0.130126 0.120729 0.98412 -0.116533 0.095685 0.988567 -0.0863257 0.0674254 0.993983 -0.111147 0.0858109 0.990092 -0.370981 0.680515 0.63188 -0.567183 0.662777 0.488907 -0.576609 0.571793 0.583587 -0.613205 0.56892 0.548006 -0.735637 0.674554 -0.0617622 -0.730122 0.683294 -0.00566058 -0.671872 0.740646 -0.00566654 -0.671717 0.740785 -0.00586316 -0.610402 0.792069 -0.00598377 -0.610412 0.792084 0 -0.610412 0.792084 0 -0.218571 0.168683 0.961131 -0.13424 0.104575 0.985416 -0.677978 0.592843 0.434606 -0.637151 0.538641 0.551276 -0.298134 0.226056 0.92737 -0.361241 0.258985 0.895786 -0.576706 0.672869 0.463311 -0.637761 0.701192 0.318732 -0.638493 0.701042 0.317595 -0.705194 0.633944 0.317515 -0.694989 0.611931 0.377533 -0.680201 0.595035 0.428089 -0.729668 0.683801 0 -0.729668 0.683801 0 -0.674198 0.73855 -0.00121992 -0.67551 0.737351 0 -0.67551 0.737351 0 -0.674199 0.73855 0 -0.674199 0.73855 0 -0.604903 0.784934 0.134057 -0.364306 0.274387 0.88994 -0.597996 0.485439 0.63777 -0.619677 0.76638 0.169298 -0.638089 0.701921 0.316464 -0.620128 0.766316 0.167931 -0.625655 0.764876 0.153365 -0.674178 0.738528 0.00781413 -0.675499 0.73734 0.00547962 -0.729856 0.683579 0.00547328 -0.725983 0.665497 0.173384 -0.729864 0.683588 0.0024505 -0.0519374 -0.000511068 -0.99865 -0.0580254 0.000510254 -0.998315 -0.0580251 0.00306081 -0.99831 -0.0458204 0.00919474 -0.998907 0.00306975 0.00920437 -0.999953 0.00306988 -0.000511113 -0.999995 0.00306603 -0.000511756 -0.999995 -0.0427878 -0.0153204 -0.998967 -0.0519364 -0.00612686 -0.998632 0.00306567 -0.0153343 -0.999878 -0.10547 -0.00610092 -0.994404 -0.0974275 0 -0.995243 -0.094078 0.000508849 -0.995565 -0.0974231 0.00305139 -0.995238 -0.0426372 0.083793 -0.995571 -0.0427845 0.0122402 -0.999009 -0.103779 0.00465882 -0.99459 -0.103738 0.0286244 -0.994193 -0.0547166 0.0837436 -0.994984 0.00611845 0.0122512 -0.999906 0.0397393 0.0122501 -0.999135 0.0458452 0.00918367 -0.998906 0.0519374 0.00306026 -0.998646 0.0519376 -0.000510426 -0.99865 0.0519376 -0.000510426 -0.99865 0.00613536 0.0122596 -0.999906 -0.0300975 -0.0798867 -0.99635 -0.0427042 -0.0643258 -0.997015 0.00613864 -0.0184049 -0.999812 0.00612086 -0.0782471 -0.996915 0.0046047 -0.0799221 -0.99679 -0.0681806 -0.0642347 -0.995603 -0.105653 -0.0268805 -0.99404 -0.105689 -0.00618414 -0.99438 0.0519367 -0.00612814 -0.998632 0.0397317 -0.0183907 -0.999041 -0.12827 -0.00684587 -0.991716 -0.128273 -0.000845827 -0.991739 -0.126624 0 -0.991951 -0.129114 0.000426431 -0.99163 -0.129112 0.00529335 -0.991616 -0.0504854 0.787127 -0.614722 -0.0264747 0.10965 -0.993618 -0.112576 0.67056 -0.733264 -0.0728868 0.786036 -0.613869 0.00418895 0.109688 -0.993957 0.00610072 0.106814 -0.99426 -0.13884 0.00716952 -0.990289 -0.13877 0.0325657 -0.989789 -0.182575 0.148473 -0.971917 -0.205123 0.266181 -0.941845 -0.200703 0.312335 -0.928529 -0.151579 0.5636 -0.812022 0.0225192 0.106789 -0.994027 0.0396172 0.0792784 -0.996065 0.0473228 0.0792518 -0.995731 0.0930013 0.0276724 -0.995281 0.0930331 0.00915346 -0.995621 0.101036 0.00358982 -0.994876 0.0995805 0.00304917 -0.995025 0.0947959 -0.000508814 -0.995497 -0.0509326 -0.277096 -0.959491 0.00831148 -0.277447 -0.960705 -0.0816878 -0.324283 -0.942427 -0.141237 -0.322109 -0.936108 0.0396537 -0.0652884 -0.997078 0.0293344 -0.0782149 -0.996505 0.0503541 -0.292507 -0.954937 0.0169588 -0.292836 -0.956012 -0.159365 -0.336905 -0.927954 -0.170432 -0.29996 -0.938604 -0.194707 -0.183272 -0.963587 -0.182983 -0.132919 -0.974089 -0.138212 -0.0305969 -0.98993 -0.13827 -0.00967105 -0.990347 0.0989638 -0.00112783 -0.99509 0.103271 -0.00271914 -0.99465 0.0983616 -0.00610667 -0.995132 0.0983227 -0.0287499 -0.994739 0.0609123 -0.0652185 -0.99601 -0.151832 -0.00454499 -0.988396 -0.151833 -0.00302888 -0.988402 -0.149126 -0.000983332 -0.988818 -0.149126 0 -0.988818 -0.147182 0.000486103 -0.989109 -0.14718 0.00505633 -0.989097 -0.0378807 0.79888 -0.600297 -0.068664 0.886982 -0.456671 -0.043593 0.919349 -0.39102 0.00713102 0.799433 -0.600713 0.0101443 0.796837 -0.604109 -0.134877 0.845004 -0.517471 -0.069882 0.886907 -0.456632 0.0330442 0.796443 -0.60381 0.0427917 0.787409 -0.614944 -0.184619 0.00502413 -0.982797 -0.190466 0.00300762 -0.981689 -0.255221 0.00296224 -0.966878 -0.252189 0.153701 -0.955393 -0.286798 0.121067 -0.95031 -0.353134 0.18958 -0.916164 -0.330823 0.447512 -0.830837 -0.26019 0.687211 -0.678264 -0.238762 0.719887 -0.651732 -0.280372 0.119845 -0.952381 -0.177406 0.83927 -0.513959 0.0738172 0.785981 -0.613828 0.100342 0.712204 -0.694764 0.154307 0.569763 -0.807193 0.204839 0.307037 -0.929392 0.209505 0.25596 -0.943712 0.177938 0.0960004 -0.979348 0.154581 0.0348907 -0.987364 0.154673 0.00605232 -0.987947 0.153468 0.00443379 -0.988144 0.153168 0.00437861 -0.988191 0.153169 0.00252038 -0.988197 0.148148 0 -0.988965 0.141175 -0.0011691 -0.989984 -0.0149557 -0.95206 -0.305544 -0.0259536 -0.945773 -0.323791 -0.0546148 -0.887804 -0.456969 -0.106432 -0.679083 -0.726305 -0.108983 -0.663473 -0.74022 0.0209751 -0.938391 -0.344938 0.014927 -0.945496 -0.325291 0.00375196 -0.95216 -0.305576 0.0772409 -0.333816 -0.939468 0.125982 -0.332149 -0.934776 0.102792 -0.679217 -0.726704 0.0593692 -0.862672 -0.502268 0.027669 -0.934137 -0.355841 -0.356425 -0.423095 -0.833038 -0.36622 -0.318687 -0.874255 -0.35853 -0.232286 -0.904157 -0.237597 -0.193689 -0.951857 -0.192588 -0.243088 -0.950693 -0.0773311 -0.974041 -0.212754 -0.195181 -0.183255 -0.963495 -0.196272 0 -0.98055 -0.196272 0 -0.98055 -0.187543 -0.00301004 -0.982252 -0.184619 -0.00451925 -0.9828 -0.239879 -0.137601 -0.961002 -0.256483 -0.108056 -0.96049 -0.257993 0 -0.966147 -0.257993 0 -0.966147 0.141175 -0.00333919 -0.989979 0.153173 -0.00555519 -0.988184 0.153917 -0.00605753 -0.988065 0.153831 -0.0340557 -0.98751 0.178059 -0.088732 -0.980011 0.198483 -0.173802 -0.964571 0.189631 -0.233673 -0.953644 0.182111 -0.270356 -0.94538 0.156415 -0.357602 -0.920682 -0.0184996 0.954027 -0.299148 -0.00432138 0.965677 -0.259709 0 0.96782 -0.251643 0.00569242 0.963516 -0.267591 0.00856733 0.960449 -0.278323 -0.0381446 0.987481 -0.153058 -0.0277983 0.98737 -0.155973 -0.0191402 0.98706 -0.159203 -0.0764281 0.969985 -0.23084 -0.0497825 0.987296 -0.150889 0.0184586 0.951917 -0.305801 0.0383648 0.924681 -0.378806 -0.179111 0.866742 -0.465485 -0.149728 0.915577 -0.373229 0.0694297 0.884892 -0.460594 -0.282407 0 -0.959295 -0.2835 0 -0.958972 -0.288922 0.00293551 -0.957348 -0.282792 -4.2609e-05 -0.959181 -0.360619 0.00285995 -0.932709 -0.36061 0.00285398 -0.932712 -0.354349 0.185563 -0.916517 -0.396232 0.068919 -0.91556 -0.419348 0.0416433 -0.90687 -0.428118 0.0420138 -0.902746 -0.482717 0.106137 -0.869321 -0.50839 0.216885 -0.833367 -0.506857 0.227126 -0.831571 -0.35533 0.626959 -0.693299 -0.304641 0.740927 -0.598516 -0.248019 0.811454 -0.529178 -0.247136 0.813072 -0.527104 0.076014 0.884466 -0.460372 0.139614 0.842396 -0.520458 0.176639 0.837351 -0.517341 0.244324 0.675139 -0.696056 0.311714 0.43414 -0.845196 0.311636 0.121203 -0.94244 0.297947 0.107325 -0.94853 0.293389 0.106571 -0.950034 0.251321 0.155966 -0.955255 0.254433 0.00296288 -0.967086 0.181705 0.0030127 -0.983349 0.181705 0.0030127 -0.983349 0.181687 0.0030188 -0.983352 0.17876 0.00602736 -0.983874 0.157006 0.00303182 -0.987593 0.157006 0.00302571 -0.987593 0.156351 0.00250837 -0.987698 0.156351 0 -0.987701 0.156351 0 -0.987701 0.156351 -0.00303052 -0.987697 0.00131585 -0.99424 -0.107168 0.000724643 -0.994245 -0.107127 0 -0.994246 -0.107122 -0.0048811 -0.994234 -0.107119 -0.00533878 -0.99402 -0.109071 -0.0100001 -0.992137 -0.124759 -0.0294882 -0.991755 -0.124711 -0.0355565 -0.990329 -0.134103 -0.0463353 -0.989892 -0.134044 -0.0591521 -0.984894 -0.16274 0.00974698 -0.992064 -0.125352 0.00500965 -0.99401 -0.109171 0.00454784 -0.99423 -0.107169 0.120459 -0.600686 -0.790358 0.0904828 -0.964411 -0.248442 0.0901166 -0.964702 -0.247443 0.0538853 -0.986869 -0.152267 0.0471032 -0.98941 -0.137293 0.038576 -0.989772 -0.137343 0.0308574 -0.991639 -0.125299 -0.0695381 -0.988127 -0.137004 -0.374731 -0.5608 -0.738295 -0.0528652 -0.991742 -0.116845 -0.0546719 -0.991908 -0.114582 -0.411344 -0.267906 -0.871219 -0.457465 -0.354812 -0.815374 -0.453831 -0.273716 -0.848007 -0.36317 -0.172843 -0.915551 -0.362002 -0.146815 -0.920543 -0.357083 -0.139723 -0.923563 -0.281713 -0.0872624 -0.955522 0.184614 -0.00301552 -0.982807 0.184614 -0.00301552 -0.982807 0.17876 -0.00603184 -0.983874 0.254433 -0.00296728 -0.967086 0.252661 -0.117842 -0.960352 0.255019 -0.117767 -0.959738 0.252342 -0.185648 -0.949662 0.188662 -0.253439 -0.948776 0.321572 -0.205691 -0.924274 0.32283 -0.214898 -0.921737 0.291549 -0.604861 -0.741042 0.290335 -0.610165 -0.73716 0.0906818 -0.964276 -0.248896 -0.00441486 0.986568 -0.163294 0 0.986443 -0.164105 0 0.986443 -0.164102 0.000472164 0.986466 -0.163968 0.00582886 0.986612 -0.162979 0.01914 0.987053 -0.159248 -0.0528834 0.987373 -0.149328 0 1 0 0 1 0 0 1 0 0 1 0 0 1 0 0 1 0 0 1 0 0 1 0 0 1 0 0 1 0 0 1 0 0 1 0 0 1 0 0 1 0 0 1 0 0 1 0 0 1 0 0 1 0 0 1 0 0 1 0 0 1 0 0 1 0 0 1 0 0 1 0 0 1 0 0 1 0 0 1 0 0 1 0 0 1 0 0 1 0 0 1 0 0 1 0 0 1 0 0 1 0 0 1 0 0 1 0 0 1 0 0 1 0 0 1 0 0 1 0 0 1 0 0 1 0 0 1 0 0 1 0 0 1 0 0 1 0 0 1 0 0 1 0 0 1 0 0 1 0 0 1 0 0 1 0 0 1 0 0 1 0 0 1 0 0 1 0 0 1 0 0 1 0 0 1 0 0 1 0 0 1 0 0 1 0 0 1 0 0 1 0 0 1 0 0 1 0 0 1 0 0 1 0 0 1 0 0 1 0 0 1 0 0 1 0 0 1 0 0 1 0 0 1 0 0 1 0 0 1 0 0 1 0 0 1 0 0 1 0 0 1 0 0 1 0 0 1 0 0 1 0 0 1 0 0 1 0 0 1 0 0 1 0 0 1 0 0 1 0 0 1 0 0 1 0 0 1 0 -0.153173 0.93664 -0.31503 -0.152693 0.938744 -0.308941 -0.0694376 0.987286 -0.142983 -0.0668814 0.98734 -0.143829 0.0228167 0.987197 -0.157869 0.0357182 0.987483 -0.153628 0.0388252 0.987503 -0.152745 0.0497747 0.987325 -0.150702 0.0829085 0.964687 -0.25001 -0.262422 0.855252 -0.446855 -0.258551 0.861668 -0.436669 -0.210894 0.905742 -0.367636 -0.360621 0 -0.932713 -0.360621 0 -0.932713 -0.397175 0.00280816 -0.917739 -0.419712 0 -0.907657 -0.419712 0 -0.907657 -0.399543 0 -0.916715 -0.399543 0 -0.916715 -0.428497 0 -0.903543 -0.428497 0 -0.903543 -0.48546 0 -0.874259 -0.48546 0 -0.874259 -0.531953 0 -0.846774 -0.531953 0 -0.846774 -0.52323 0.180356 -0.832888 -0.589028 0.133707 -0.796974 -0.628821 0.186056 -0.754962 -0.630755 0.193438 -0.751485 -0.425203 0.725152 -0.541625 -0.367299 0.767425 -0.5255 -0.374419 0.723803 -0.579586 -0.54292 0.140786 -0.827899 -0.550242 0.131293 -0.824619 -0.264994 0.852934 -0.449758 -0.267575 0.851761 -0.450451 0.099002 0.954519 -0.281233 0.147359 0.90484 -0.399438 1 0 0 1 0 0 1 0 0 1 0 0 1 0 0 1 0 0 1 0 0 1 0 0 1 0 0 1 0 0 0.313949 0.00290758 -0.949435 0.299678 0 -0.954041 0.299678 0 -0.954041 0.313519 0 -0.949582 0.313519 0 -0.949582 0.29507 0 -0.955476 0.29507 0 -0.955476 0.257199 0 -0.966359 0.257199 0 -0.966359 0.190457 0 -0.981696 0.190457 0 -0.981696 0 -1 0 0 -1 0 0 -1 0 0 -1 0 0 -1 0 0 -1 0 0 -1 0 0 -1 0 0 -1 0 0 -1 0 0 -1 0 0 -1 0 0 -1 0 0 -1 0 0 -1 0 0 -1 0 0 -1 0 0 -1 0 0 -1 0 0 -1 0 0 -1 0 0 -1 0 0 -1 0 0 -1 0 0 -1 0 0 -1 0 0 -1 0 0 -1 0 0 -1 0 0 -1 0 0 -1 0 0 -1 0 0 -1 0 0 -1 0 0 -1 0 0 -1 0 0 -1 0 0 -1 0 0 -1 0 0 -1 0 0 -1 0 0 -1 0 0 -1 0 0 -1 0 0 -1 0 0 -1 0 0 -1 0 0 -1 0 0 -1 0 0 -1 0 0 -1 0 0 -1 0 0 -1 0 0 -1 0 0 -1 0 0 -1 0 0 -1 0 0 -1 0 0 -1 0 0 -1 0 0.01834 -0.99451 -0.103022 -0.0173911 -0.994492 -0.10336 -0.0270576 -0.994498 -0.101197 -0.0295691 -0.994474 -0.100736 -0.034874 -0.994439 -0.0993715 -0.0436609 -0.992184 -0.116897 0.0270328 -0.994512 -0.101074 0.0309455 -0.994471 -0.100348 0.0392779 -0.993395 -0.107813 0.0393141 -0.993376 -0.10797 0.0458437 -0.990513 -0.129543 0.0349568 -0.994443 -0.099307 -0.0630844 -0.99223 -0.107241 -0.0537582 -0.992772 -0.1073 -0.0637166 -0.992266 -0.106526 -0.0689366 -0.991604 -0.109403 -0.0994451 -0.98347 -0.151321 -0.463078 -0.355967 -0.811694 -0.0447774 -0.994465 -0.095044 -0.0471528 -0.994444 -0.0941156 -0.398924 -0.0556103 -0.915296 -0.496158 -0.129387 -0.858537 -0.483515 -0.0894147 -0.870757 -0.428229 -0.0353453 -0.902979 -0.419454 -0.0350334 -0.9071 -0.517815 -0.217098 -0.827488 -0.525884 -0.131162 -0.840382 0.29394 -0.0874296 -0.951817 0.298514 -0.0880404 -0.950336 0.312029 -0.0973598 -0.945071 -0.201382 0.913546 -0.353384 -0.0978962 0.98502 -0.14196 -0.0910127 0.98721 -0.130892 -0.0868503 0.987303 -0.133004 -0.0836051 0.987332 -0.134856 0.0528181 0.987643 -0.147555 0.0507893 0.987351 -0.150192 -0.265696 0.857083 -0.441377 -0.289848 0.850874 -0.43818 -0.302448 0.882698 -0.35968 -0.291473 0.897193 -0.331796 -0.5276 -0.127666 -0.839845 -0.548382 0 -0.836228 -0.548382 0 -0.836228 -0.555046 0 -0.83182 -0.555046 0 -0.83182 -0.594365 0 -0.804195 -0.594365 0 -0.804195 -0.639996 0 -0.768379 -0.639996 0 -0.768379 -0.663445 0 -0.748226 -0.663445 0 -0.748226 -0.6508 0.194306 -0.733965 -0.658655 0.224703 -0.71811 -0.424934 0.772427 -0.472003 -0.407961 0.784005 -0.467871 0.0542705 0.98781 -0.145897 0.0624295 0.988646 -0.136682 0.0792822 0.989701 -0.11919 0.0826631 0.989805 -0.115984 0.0924049 0.989854 -0.107938 0.100403 0.989705 -0.101998 0.111338 0.989253 -0.0947758 0.119758 0.988726 -0.0898793 0.120323 0.988685 -0.0895804 0.138474 0.987128 -0.080023 0.150166 0.985844 -0.0745753 0.159756 0.984628 -0.0706095 0.192892 0.979513 -0.0578598 0.198051 0.978588 -0.056041 0.244665 0.968801 -0.0395427 0.311093 0.950213 -0.0177811 0.325038 0.945605 -0.0134463 0.367996 0.929827 0 0.0359912 -0.994451 -0.0988538 0.044221 -0.994928 -0.0903441 0.200752 -0.979642 -0.000374526 0.155572 -0.987605 -0.0208415 0.124171 -0.991605 -0.0360644 0.10649 -0.993267 -0.04562 0.0850506 -0.994667 -0.0583492 0.0801494 -0.994884 -0.0614939 0.0759494 -0.995025 -0.0644709 0.07485 -0.995057 -0.0652572 0.0722219 -0.995115 -0.0672996 0.0551369 -0.995216 -0.0806514 0.0480127 -0.995079 -0.0866806 -0.0637545 -0.992515 -0.104157 -0.0492586 -0.994459 -0.0928669 -0.0519097 -0.994448 -0.0915389 -0.0563936 -0.994402 -0.0893542 -0.068758 -0.991653 -0.109075 -0.0678547 -0.993803 -0.0880377 -0.0685367 -0.993753 -0.0880783 -0.112079 -0.984699 -0.133439 -0.13329 -0.975862 -0.172995 -0.627849 -0.324683 -0.70738 -0.623939 -0.282778 -0.728516 -0.595982 -0.224408 -0.771004 -0.545645 -0.0997729 -0.832056 -0.607946 -0.108854 -0.786481 -0.59168 -0.0949508 -0.800562 -0.552634 -0.0931286 -0.828205 -0.290011 0.902184 -0.319309 -0.0923396 0.987249 -0.129665 -0.0923025 0.987249 -0.129694 -0.417956 0.795367 -0.43898 -0.291606 0.90564 -0.307867 -0.636169 -0.109185 -0.763785 -0.645805 -0.119793 -0.754046 -0.658644 -0.120083 -0.742811 -0.676163 0 -0.736752 -0.676163 0 -0.736752 -0.658871 0.22471 -0.71791 -0.68721 0.267594 -0.675379 -0.456931 0.768875 -0.447264 0.368112 0.929781 5.87437e-05 1 0 0.000159581 1 0 0.000159581 0.342179 0.939555 0.0122642 0.201374 -0.979514 0 0.201418 -0.979505 3.21419e-05 0.186011 -0.982491 0.0105299 -0.0606955 -0.994417 -0.0863165 -0.0639572 -0.994396 -0.0841806 -0.0683206 -0.994399 -0.0806461 -0.137176 -0.979473 -0.1477 -0.0727888 -0.994401 -0.076603 -0.131961 -0.981652 -0.13764 -0.636767 -0.37638 -0.672954 -0.637662 -0.359763 -0.681145 -0.635252 -0.325037 -0.700575 -0.665516 -0.135654 -0.733952 -0.289082 0.908679 -0.30122 -0.106575 0.987298 -0.117834 -0.100984 0.98736 -0.122158 -0.449061 0.793107 -0.411492 -0.329049 0.896391 -0.297003 -0.316273 0.902702 -0.291721 -0.305402 0.907647 -0.287933 -0.290735 0.911767 -0.290093 -0.669908 -0.135707 -0.729936 -0.756143 0 -0.654406 -0.756143 0 -0.654406 -0.741618 0.195063 -0.641836 -0.729917 0.224334 -0.645674 -0.492159 0.762029 -0.420822 0.338777 0.940762 0.0140146 0.284468 0.957774 0.0418028 0.27732 0.959681 0.0458892 0.237922 0.968872 0.068419 0.233056 0.969825 0.0715816 0.21609 0.972867 0.0826797 0.196615 0.975706 0.0966443 0.183322 0.977147 0.107598 0.182802 0.977188 0.108108 0.169832 0.978017 0.120995 0.158795 0.978238 0.133545 0.152454 0.978047 0.142061 0.151974 0.978027 0.142714 0.148829 0.97777 0.147705 0.138011 0.976587 0.165019 0.134681 0.975995 0.171155 0.130462 0.975159 0.179009 0.126403 0.973946 0.188286 0.110702 0.96702 0.229386 0.10902 0.965996 0.234448 0.100144 0.96006 0.261259 0.0981575 0.958222 0.268654 0.0871079 0.94677 0.309901 0.0733938 0.926824 0.368254 0.0604741 0.904956 0.421187 0.0470529 0.875659 0.480632 0.0223091 0.81221 0.582938 0 0 1 0 0 1 0 0 1 0 0 1 0 0 1 0 0 1 0 0 1 0 0 1 0 0 1 0 0 1 0 0 1 0 0 1 0 0 1 0 0 1 0 0 1 0 0 1 0.172403 -0.984827 0.0198161 0 -0.955572 0.294759 0.000894474 -0.956295 0.292403 0.0298745 -0.974851 0.220845 0.0348149 -0.977159 0.209637 0.0554584 -0.985092 0.162842 0.0739765 -0.98944 0.124646 0.0749274 -0.989591 0.122864 0.0785999 -0.990014 0.117026 0.0792644 -0.990083 0.115983 0.100154 -0.99125 0.0859866 0.101629 -0.991265 0.0840551 0.103078 -0.991273 0.08218 0.106499 -0.991221 0.0783561 0.11598 -0.99093 0.0678673 0.119533 -0.990748 0.0642709 0.13187 -0.989909 0.0518761 0.145414 -0.988557 0.040118 0.149413 -0.988079 0.037079 -0.0777038 -0.994433 -0.0711734 -0.148163 -0.978071 -0.146369 -0.649014 -0.409513 -0.641155 -0.137781 -0.982227 -0.127465 -0.0783123 -0.994429 -0.0705513 -0.683281 -0.373735 -0.627255 -0.706209 -0.325156 -0.628922 -0.739197 -0.14223 -0.658299 -0.676464 -0.142323 -0.722593 -0.112869 0.987314 -0.111675 -0.112016 0.987326 -0.112426 -0.111626 0.98733 -0.112776 -0.486638 0.777205 -0.398919 -0.393577 0.866211 -0.307857 -0.356664 0.887091 -0.293019 -0.346889 0.89385 -0.284077 -0.316535 0.90345 -0.289107 -0.124965 0.987347 -0.0976237 -0.121011 0.987339 -0.102557 -0.120343 0.987351 -0.103221 -0.116011 0.987348 -0.108102 -0.747574 -0.134603 -0.650396 -0.749798 -0.129273 -0.648915 -0.765829 0 -0.643044 -0.765829 0 -0.643044 -0.755087 0.166908 -0.634024 -0.494808 0.771493 -0.399955 -0.76607 0.16633 -0.620863 -0.575132 0.701653 -0.420602 0.00194358 0.812411 0.583082 0 0.811974 0.583693 -0.0024047 0.81138 0.584514 -0.03052 -0.980796 0.192632 -0.0259647 -0.977995 0.207009 -0.0816617 -0.994463 -0.066146 -0.0799607 -0.994442 -0.0684948 -0.162517 -0.976675 -0.140337 -0.0985718 -0.992722 -0.0691858 -0.103796 -0.991992 -0.0719604 -0.145026 -0.983203 -0.110813 -0.720037 -0.298536 -0.626437 -0.192709 -0.971642 -0.13702 -0.724548 -0.298259 -0.621347 -0.401414 0.862649 -0.307739 -0.467892 0.832405 -0.29695 -0.469178 0.834694 -0.288372 -0.457512 0.846466 -0.272356 -0.440473 0.862194 -0.250209 -0.20472 0.969306 -0.136143 -0.131789 0.987229 -0.0895036 -0.126878 0.987343 -0.0951623 -0.132919 0.987193 -0.0882165 -0.764488 -0.207066 -0.610477 -0.777111 -0.107754 -0.620071 -0.761333 -0.108199 -0.639269 -0.786299 0 -0.617846 -0.786299 0 -0.617846 -0.779242 0.133681 -0.6123 -0.563868 0.732875 -0.380719 -0.846895 0.0902388 -0.524047 -0.849756 0.110725 -0.515417 -0.852681 0.163955 -0.496039 -0.615138 0.688522 -0.384113 -0.808278 0.0927142 -0.581455 -0.0501385 0.922683 0.382287 -0.0398066 0.892517 0.449254 -0.0161665 0.811276 0.584439 -0.0912899 -0.995278 0.0329894 -0.0892531 -0.995357 0.0360297 -0.0879399 -0.99539 0.038274 -0.0812527 -0.995442 0.0499236 -0.0775202 -0.995379 0.0566627 -0.0773559 -0.995373 0.0569921 -0.0721057 -0.995087 0.0678374 -0.0714696 -0.995042 0.0691643 -0.067907 -0.994737 0.0767304 -0.0595036 -0.993425 0.0978113 -0.0522708 -0.991344 0.120438 -0.0465511 -0.989289 0.138345 -0.0458285 -0.988978 0.140793 -0.089032 -0.994432 -0.0563824 -0.0885155 -0.994412 -0.0575284 -0.0874665 -0.994412 -0.0591189 -0.0969996 -0.993367 -0.0617539 -0.108003 -0.991525 -0.0722057 -0.135206 -0.987017 -0.0866957 -0.179697 -0.976615 -0.118038 -0.83808 -0.276482 -0.470298 -0.845635 -0.168782 -0.506374 -0.784206 -0.176364 -0.594909 -0.501692 0.812666 -0.296445 -0.500208 0.813853 -0.295694 -0.458805 0.848862 -0.262549 -0.443408 0.86087 -0.249586 -0.447666 0.869136 -0.210231 -0.16054 0.984927 -0.0643887 -0.147631 0.987215 -0.0600992 -0.139832 0.987453 -0.0733781 -0.136081 0.987399 -0.0807753 -0.77714 -0.107719 -0.62004 -0.79209 -0.107351 -0.60089 -0.782519 -0.0979448 -0.614875 -0.811906 0 -0.583788 -0.811906 0 -0.583788 -0.850365 0 -0.526194 -0.850365 0 -0.526194 -0.855013 0 -0.518606 -0.855013 0 -0.518606 -0.868054 0 -0.49647 -0.868054 0 -0.49647 -0.856633 0.161678 -0.489939 -0.878824 0.157312 -0.450467 -0.886633 0.193401 -0.420093 -0.67279 0.67184 -0.309815 -0.0649599 0.954726 0.290309 -0.303871 0.951322 0.0514699 -0.0750548 0.970795 0.227867 -0.0784463 0.974964 0.208064 -0.0792014 0.975681 0.204388 -0.0847446 0.980448 0.177595 -0.0856142 0.981035 0.173896 -0.0928559 0.985332 0.143172 -0.0954319 0.986448 0.133462 -0.098885 0.987523 0.122559 -0.106736 0.989176 0.100687 -0.109436 0.989526 0.0941387 -0.115214 0.989944 0.0820825 -0.12072 0.990084 0.0718295 -0.124795 0.990027 0.065371 -0.125852 0.99 0.0637325 -0.135069 0.989542 0.0506325 -0.136368 0.989451 0.0488826 -0.141648 0.989032 0.0418477 -0.148981 0.988277 0.0333744 -0.155679 0.987474 0.0256913 -0.824891 -0.555538 0.104559 -0.659396 -0.74735 0.0816424 -0.299337 -0.953454 0.0363782 -0.124931 -0.992029 0.0164479 -0.103153 -0.994541 0.0157205 -0.0953943 -0.995086 0.0265113 -0.096435 -0.9945 -0.0408718 -0.0958097 -0.994476 -0.0428626 -0.117899 -0.991559 -0.0539525 -0.117844 -0.991092 -0.0620453 -0.121935 -0.990414 -0.064903 -0.161731 -0.984299 -0.070699 -0.172565 -0.982138 -0.0750078 -0.869577 -0.266398 -0.415775 -0.863473 -0.102594 -0.493851 -0.853003 -0.106918 -0.510838 -0.878773 -0.239228 -0.41295 -0.897325 -0.130395 -0.421668 -0.88544 -0.100045 -0.453859 -0.847416 -0.0832077 -0.524369 -0.80882 -0.0853975 -0.581823 -0.796525 -0.0976486 -0.596668 -0.851037 -0.0963246 -0.516195 -0.642769 0.71078 -0.285725 -0.483567 0.849848 -0.209572 -0.488863 0.859155 -0.151213 -0.25403 0.964538 -0.0716547 -0.221531 0.973076 -0.0636139 -0.153899 0.987237 -0.0409595 -0.151623 0.987332 -0.046748 -0.148016 0.987248 -0.0585853 -0.889904 0 -0.456147 -0.889904 0 -0.456147 -0.91418 0 -0.405308 -0.91418 0 -0.405308 -0.904239 0.147074 -0.4009 -0.910499 0.136272 -0.390411 -0.916878 0.134262 -0.375911 -0.92739 0.210951 -0.308944 -0.927067 0.214787 -0.307268 -0.840818 0.465701 -0.275948 -0.456373 0.889566 0.0198868 -0.481766 0.875041 0.0469467 -0.481549 0.874647 0.0557087 -0.458688 0.886801 0.0564828 -0.328976 0.942763 0.0545242 -0.155774 0.987485 0.024663 -0.156245 0.987472 0.0220755 -0.886335 -0.45128 0.103714 -0.935485 -0.339593 0.0976942 -0.92096 -0.381079 0.081305 -0.919782 -0.38437 0.0791246 -0.886611 -0.459617 0.0517116 -0.871277 -0.48995 0.0287372 -0.862833 -0.504976 0.0227652 -0.85999 -0.509861 0.0214337 -0.124946 -0.992146 0.00585067 -0.122765 -0.992426 0.00443739 -0.105615 -0.994397 0.0044462 -0.103219 -0.994541 0.0152737 -0.100617 -0.994472 -0.0300345 -0.100616 -0.994472 -0.0300401 -0.131379 -0.990513 -0.0402912 -0.131277 -0.989748 -0.0562526 -0.136384 -0.989809 -0.0409514 -0.253387 -0.96416 -0.0786805 -0.269124 -0.959373 -0.084711 -0.924296 -0.21594 -0.314717 -0.925046 -0.23073 -0.301751 -0.915001 -0.0940277 -0.392341 -0.909447 -0.101627 -0.403209 -0.937013 -0.14218 -0.319047 -0.921275 -0.0926537 -0.377714 -0.70437 0.678947 -0.207108 -0.529127 0.834926 -0.151401 -0.531991 0.839445 -0.110986 -0.486062 0.871522 -0.0647446 -0.486668 0.872607 -0.0413679 -0.477307 0.878174 -0.0314456 -0.44866 0.89356 -0.0159807 -0.156816 0.98747 -0.0176603 -0.155355 0.987524 -0.0256992 -0.154844 0.987458 -0.0308332 -0.919073 0 -0.394087 -0.919073 0 -0.394087 -0.925255 0 -0.379346 -0.925255 0 -0.379346 -0.94874 0 -0.316057 -0.94874 0 -0.316057 -0.960121 0 -0.279584 -0.960121 0 -0.279584 -0.965718 0.00318643 -0.259574 -0.959551 0.112879 -0.257916 -0.960968 0.107587 -0.254884 -0.965585 0.104243 -0.238284 -0.96746 0.19102 -0.165932 -0.96289 0.222175 -0.153236 -0.439582 0.898186 0.00533769 -0.451063 0.892417 0.0115786 -0.456394 0.889609 0.017331 -0.157729 0.987465 0.00586825 -0.92876 0.369718 0.0267066 -0.938027 0.344221 0.0402209 -0.936924 0.343816 0.0629672 -0.947126 0.304114 0.102309 -0.917377 0.382723 0.109284 -0.591264 0.803234 0.0722672 -0.482744 0.873912 0.0568922 -0.15773 0.987466 0.00572195 -0.982729 -0.152355 0.105033 -0.979652 -0.172674 0.102307 -0.978104 -0.19035 0.0841418 -0.980716 -0.190859 0.0420514 -0.977271 -0.20953 0.0322332 -0.976115 -0.215724 0.025754 -0.851176 -0.524611 -0.0167939 -0.840405 -0.541952 -0.00276428 -0.840379 -0.541935 0.00831586 -0.976257 -0.215755 -0.0192617 -0.122766 -0.992435 0.00121482 -0.119118 -0.99288 0 -0.106269 -0.994337 0 -0.105832 -0.99438 -0.0029641 -0.103412 -0.994541 -0.0138991 -0.102108 -0.994566 -0.020298 -0.100725 -0.994475 -0.0295514 -0.125559 -0.991648 -0.0294675 -0.136409 -0.989992 -0.036167 -0.902733 -0.426365 -0.0573317 -0.913228 -0.40251 -0.0632547 -0.91732 -0.392512 -0.0667695 -0.933066 -0.346437 -0.0967921 -0.95404 -0.271965 -0.125868 -0.960666 -0.180873 -0.210729 -0.930278 -0.212184 -0.299268 -0.940679 -0.153535 -0.302573 -0.939059 -0.142491 -0.312832 -0.955004 0.27699 -0.106038 -0.955181 0.277042 -0.104293 -0.952454 0.290742 -0.0911015 -0.931499 0.359447 -0.0557381 -0.929434 0.365686 -0.0492479 -0.443727 0.896122 -0.00849035 -0.443718 0.896103 -0.0106512 -0.930285 0.366021 -0.0244698 -0.926283 0.376595 -0.0132978 -0.157358 0.987472 -0.0117372 -0.157364 0.987506 -0.00827923 -0.953213 -0.119742 -0.277572 -0.967432 0 -0.25313 -0.967432 0 -0.25313 -0.966573 0.00318925 -0.25637 -0.970874 0 -0.239589 -0.970874 0 -0.239589 -0.985608 0 -0.169044 -0.985608 0 -0.169044 -0.994092 0 -0.108541 -0.994092 0 -0.108541 -0.437128 0.899395 0.00267215 -0.157981 0.987438 0.00293373 -0.926189 0.376557 0.0194488 -0.437129 0.899398 -0.0013317 -0.999082 0 0.0428388 -0.999082 0 0.0428388 -0.999654 0 -0.0262944 -0.999654 0 -0.0262944 -0.994377 0 0.1059 -0.994377 0 0.1059 -0.994131 0.0130962 0.107386 -0.157982 0.987441 -0.00146201 -0.994331 -0.00353847 0.106273 -0.977455 -0.209575 -0.0257105 -0.853931 -0.519981 -0.0205529 -0.851176 -0.524611 -0.016841 -0.975543 -0.209165 -0.067571 -0.123395 -0.992355 -0.00244145 -0.120309 -0.992737 -0.000395722 -0.123395 -0.992353 -0.00295804 -0.125612 -0.99207 -0.0043879 -0.976007 -0.205826 -0.0710411 -0.982259 -0.162298 -0.0939523 -0.982973 -0.149149 -0.107327 -0.980379 -0.148756 -0.129343 -0.979642 -0.109865 -0.168021 -0.970968 -0.108893 -0.212989 -0.967097 -0.0881219 -0.238657 -0.96345 -0.0902321 -0.252233 -0.995457 0 -0.0952147 -0.995457 0 -0.0952147 1 0 0 1 0 0 1 0 0 1 0 0 1 0 0 1 0 0 1 0 0 1 0 0 1 0 0 1 0 0 1 0 0 1 0 0 1 0 0 1 0 0 1 0 0 1 0 0 1 0 0 1 0 0 1 0 0 1 0 0 1 0 0 1 0 0 1 0 0 0.964429 0.114717 0.238153 0.970838 0 0.239735 0.970838 0 0.239735 0.971504 -0.00104636 0.237023 0.97231 -0.00182139 0.233688 0.95715 0.153577 0.245516 0.963604 0.118481 0.239646 0.924989 0 0.379994 0.924989 0 0.379994 0.894837 0.253243 0.367608 0.980826 -0.011989 0.194517 0.924988 -0.00158517 0.379994 0.924988 -0.00158517 0.379994 0.971219 -0.0016644 0.238182 0.977634 -0.107168 0.180961 0.983169 -0.0161025 0.181986 0.964156 -0.120391 0.23645 0.522594 0.795017 0.307967 0.818195 0.461905 0.342347 0.217585 0.962766 0.160433 0.341632 0.911146 0.230436 0.873569 0.318146 0.36832 0.890432 0.262494 0.37179 0.895972 0.0789381 0.437039 0.898777 0 0.438407 0.898777 0 0.438407 0.999543 -0.0160093 0.0256605 0.999589 -0.0154547 0.0241417 0.995604 -0.0248369 0.0903123 0.899381 -0.00154129 0.437163 0.891449 -0.266841 0.366216 0.973803 -0.199333 0.109428 0.889422 -0.271121 0.367997 0.853754 -0.377633 0.358465 0.678016 -0.680387 0.278149 0.504708 -0.850635 0.147276 0.97584 -0.19975 0.0885195 0.515818 0.784709 0.34375 0.453603 0.81801 0.353702 0.611841 0.666226 0.426372 0.0131212 0.999588 0.0255431 0.05154 0.997062 0.0566681 0.0741656 0.994487 0.07413 0.106426 0.989558 0.0972072 0 1 0 0 1 0 0 1 0 0 1 0 0 1 0 0 1 0 0 1 0 0 1 0 0 1 0 0 1 0 0 1 0 0 1 0 0 1 0 0 1 0 0 1 0 0 1 0 0 1 0 0 1 0 0 1 0 0 1 0 0 1 0 0 1 0 0 1 0 0 1 0 0 1 0 0 1 0 0.12104 0.981094 0.151013 0.364549 0.844869 0.391536 0.445855 0.810014 0.380908 0.451568 0.809655 0.374895 0.0973448 0.990483 0.0972981 0.0972935 0.989962 0.102514 0.614345 0.658226 0.435109 0.766027 0.0959908 0.635601 0.782418 0.0372822 0.621637 0.798936 0.00534104 0.601393 0.868771 0.00580791 0.49518 0.868786 0 0.495188 0.868786 0 0.495188 0.968191 -0.244243 0.0543216 0.968269 -0.244263 0.052831 0.995094 -0.0955814 0.0255463 0.999912 -0.0110737 0.00730375 0.89642 -0.0810875 0.435724 0.868771 -0.00585049 0.49518 0.469186 -0.879573 0.0788382 0.953947 -0.294701 0.0560092 0.466562 -0.874655 0.131522 0.798935 -0.00538021 0.601393 0.78241 -0.0375553 0.621631 0.76435 -0.101984 0.636686 0.552462 -0.733093 0.396687 0.547561 -0.743156 0.384572 0.45019 -0.839521 0.304194 0.45719 -0.852574 0.253171 0.358894 -0.920685 0.153409 0.360029 -0.923597 0.131712 0.00781202 0.999745 0.0212016 0.00924311 0.999699 0.0227279 0.00994867 0.999642 0.0248427 0.0616768 0.98984 0.128112 0.120314 0.975206 0.185738 0.00557608 0.999976 -0.00418295 0.00539755 0.999977 -0.00415076 0.00383165 0.999985 -0.00382325 0.00382305 0.999985 -0.00382122 0 0.999996 -0.00282297 0 0.999996 -0.00282297 0.241984 0.867413 0.434785 0.290566 0.833437 0.470058 0.354827 0.814342 0.459288 0.405845 0.753662 0.516994 0.50037 0.671941 0.546009 0.685236 0.106561 0.720483 0.692632 0.0964222 0.714818 0.782962 0 0.622069 0.782962 0 0.622069 0.695874 0 0.718164 0.695874 0 0.718164 0.798947 0 0.601402 0.798947 0 0.601402 0.201335 -0.978272 0.0494793 0.0297888 -0.999426 0.0161053 0.0110717 -0.999877 0.0110664 0.0110177 -0.999878 0.0110485 0.00323008 -0.999962 0.00807078 0 -1 0 0 -1 0 0 -1 0 0 -1 0 0 -1 0 0 -1 0 0 -1 0 0 -1 0 0 -1 0 0 -1 0 0 -1 0 0 -1 0 0 -1 0 0 -1 0 0 -1 0 0 -1 0 0 -1 0 0 -1 0 0 -1 0 0.692214 -0.102423 0.714387 0.685107 -0.112646 0.71968 0.448841 -0.748033 0.488864 0.386291 -0.860022 0.333377 0.390175 -0.859815 0.329365 0.390967 -0.866644 0.309956 0.248433 -0.955476 0.159206 0.0998856 -0.991251 0.0862804 0.000689365 0.999906 0.0136835 0 0.91511 0.403205 0 0.91511 0.403205 0.00611968 0.912747 0.408479 0.00908367 0.912727 0.40847 0 0.999915 0.0130539 0 0.999915 0.0130538 0.0392362 0.899799 0.434536 0.0560215 0.899079 0.434188 0.123753 0.860111 0.494867 0.231052 0.843321 0.485207 -1.40389e-05 0.999996 -0.00281533 0.457791 0.83003 -0.318555 0.447659 0.837724 -0.312762 0.260761 0.946219 -0.191501 0.19422 0.970232 -0.144664 0.00893296 0.999936 -0.00695106 0.00746544 0.999953 -0.00621769 0.00623139 0.999961 -0.00621774 0.00623139 0.999961 -0.0062284 0.00870781 0.9999 -0.011175 0.00796915 0.915081 -0.403192 0.00201458 0.915108 -0.403204 0 0.915872 -0.40147 0 0.915872 -0.40147 0.272219 0.79559 0.541234 0.307564 0.775092 0.551939 0.414872 0.590405 0.692318 0.486706 0.202918 0.849671 0.521209 0.126278 0.844035 0.56193 0.0738865 0.823878 0.666618 0.0762807 0.741486 0.668566 0 0.743653 0.668566 0 0.743653 0.086431 -0.992505 0.0863895 0.0864289 -0.992481 0.0866706 0.105714 -0.986393 0.125914 0.105062 -0.980313 0.167179 0.0592634 -0.990751 0.122064 0.00373167 -0.999931 0.0111832 0.00262922 -0.999965 0.00787936 0.00125081 -0.999974 0.00716752 0 -0.999993 -0.00377642 0 -0.999993 -0.00377642 0.00227789 -0.999987 -0.00454968 0.00825484 -0.999947 -0.00613575 0.666408 -0.080287 0.741252 0.55718 -0.0776336 0.826755 0.526244 -0.119301 0.841923 0.484335 -0.215927 0.847818 0.384692 -0.661761 0.643495 0.362313 -0.813754 0.454461 0.314002 -0.861951 0.39805 0.319459 -0.88504 0.338599 -0.000320131 0.91462 0.404314 -0.000127837 0.999918 0.0128402 -0.000349988 0.999922 0.0125033 0 0.595347 0.803469 0.000804672 0.45495 0.890517 0.0133402 0.45491 0.890438 0.0313857 0.439344 0.89777 0.0668171 0.438579 0.896205 0.127512 0.382971 0.914917 0.151551 0.381663 0.911792 0.239304 0.288289 0.927159 -0.000241808 0.999996 -0.0026989 -0.00764049 0.999971 0 -0.00764048 0.999971 0 -0.00759772 0.999971 -1.30053e-05 -0.00724251 0.999974 -0.000123964 -0.00631357 0.99998 -0.000422955 -0.00499945 0.999987 -0.000860102 -0.00400277 0.999991 -0.00119237 -0.00294192 0.999994 -0.00156406 -0.00226668 0.999996 -0.00180166 -0.00225174 0.999996 -0.00180731 -0.00192442 0.999996 -0.00193567 -0.00128702 0.999997 -0.00221351 -0.000964765 0.999997 -0.00235413 -1 0 0 -1 0 0 -1 0 0 -1 0 0 -1 0 0 -1 0 0 -1 0 0 -1 0 0 -1 0 0 -1 0 0 -1 0 0 -1 0 0 -1 0 0 -1 0 0 -1 0 0 -1 0 0 -1 0 0 -1 0 0 -1 0 0 -1 0 0 -1 0 0 -1 0 0 0.638932 0.633959 -0.435732 0.502043 0.791022 -0.349624 0.470897 0.8126 -0.343419 0.447882 0.772884 -0.449503 0.432393 0.772632 -0.464839 0.247383 0.830242 -0.499499 0.159242 0.893593 -0.419683 0.172741 0.969338 -0.174772 0.222036 0.959566 -0.17301 0.0332553 0.904642 -0.424873 0.0571413 0.450404 -0.890994 0.00445905 0.451137 -0.892443 0.00445905 0.451137 -0.892443 0.000519156 0.451142 -0.892452 0 0.45495 -0.890517 0.265994 0.230834 0.935929 0.357359 0.130187 0.924849 0.426963 0.138985 0.893524 0.431148 0 0.902281 0.431148 0 0.902281 0.525415 0 0.850846 0.525415 0 0.850846 0.56347 0 0.826136 0.56347 0 0.826136 0.250017 -0.879036 0.40594 0.205529 -0.905563 0.371098 0.198252 -0.887743 0.415462 0.110558 -0.900168 0.421277 0.055525 -0.928255 0.367778 0.0272943 -0.929342 0.368209 0.00698017 -0.936951 0.349392 0.00350548 -0.939322 0.343018 0 -0.999978 0.00660653 0 -0.999978 0.00660653 0 -0.940496 0.339806 -5.61795e-05 -0.999993 -0.00375586 0.0024877 -0.999985 -0.00496875 0 -0.940496 -0.339805 0.00170565 -0.939928 -0.341369 0.00233829 -0.939927 -0.341369 0.141586 -0.979439 -0.14371 0.191012 -0.971189 -0.1425 0.09111 -0.993536 -0.0677213 0.558862 -0.00413122 0.82925 0.530025 -0.00422448 0.847972 0.426345 -0.148848 0.89223 0.356905 -0.13945 0.923674 0.255592 -0.256871 0.932035 0.232955 -0.307309 0.922656 0.24432 -0.842499 0.480108 0.270534 -0.828845 0.489723 -0.00260843 0.999966 0.00785812 -0.003749 0.999976 0.00580247 -0.00410847 0.999978 0.00515648 -0.00516381 0.999981 0.00345681 -0.00558728 0.99998 0.00284189 -0.00215345 0.909231 0.416286 -0.00263149 0.905751 0.423803 -0.00664652 0.399083 0.916891 -0.00453072 0.413763 0.910373 -0.00497664 0.00498431 0.999975 0.0349379 0.00498133 0.999377 0.0399243 0 0.999203 0.0399243 0 0.999203 0.138036 0 0.990427 0.138036 0 0.990427 0.273377 0 0.961907 0.273377 0 0.961907 -0.00625972 0.999979 0.00180847 -0.00638256 0.999978 0.00164623 -0.00759545 0.999971 5.30711e-05 0.787088 0.3298 -0.521272 0.677524 0.573682 -0.460272 0.823963 0.0821771 -0.560652 0.802558 0.0333655 -0.595641 0.54772 0.0343269 -0.835957 0.383601 0.22925 -0.894592 0.380646 0.236485 -0.893971 0.826381 0.100015 -0.554159 0.253062 0.397443 -0.882042 0.10381 0.408595 -0.906793 0.00499246 0.00498431 -0.999975 0.00499632 0.00498046 -0.999975 0.113737 0.00495203 -0.993499 0.000581711 0.00498052 -0.999987 0.000291083 0.00249221 -0.999997 0.360426 0 0.932788 0.360426 0 0.932788 0.145739 -0.40535 0.90247 0.126119 -0.406453 0.904926 0.0587058 -0.471214 0.880063 0.0352028 -0.471735 0.881037 0.017436 -0.487842 0.872758 -0.00191993 -0.922589 0.38578 -0.00175992 -0.935384 0.353628 0.000541807 -0.487916 0.87289 -0.00206052 -0.934592 0.355716 -0.00765431 -0.999971 0 -0.00765431 -0.999971 0 -0.00761591 -0.999971 2.60825e-05 -0.00678371 -0.999977 0.000626952 -0.00483221 -0.999986 0.00214203 -0.00307084 -0.999989 0.00366313 -0.00115088 -0.999985 0.00543239 -0.000128751 -0.999979 0.00646646 -0.00114757 -0.999994 -0.00340325 -0.0432979 -0.939049 -0.341047 -0.0432976 -0.939048 -0.34105 -0.0016998 -0.939928 -0.341369 -0.00282364 -0.999992 -0.00292889 -0.00292659 -0.999992 -0.00290515 -0.00472732 -0.999986 -0.00257582 -0.00902208 -0.999958 -0.00187806 -0.00925955 -0.999955 -0.00184201 -0.0460574 -0.998897 -0.00916222 0.0201282 -0.933616 -0.357709 0.133776 -0.925412 -0.354565 -0.00434636 -0.487914 -0.872881 -0.00434412 -0.487912 -0.872882 0.00435906 -0.487912 -0.872882 0.0043613 -0.487914 -0.872881 0.044618 -0.487433 -0.87202 0.217431 -0.873697 -0.435176 0.385298 -0.826002 -0.41142 0.394435 -0.826157 -0.40235 0.41156 -0.862026 -0.295855 0.397324 -0.874532 -0.27808 0.413011 -0.864229 -0.287281 0.264454 -0.00961099 0.96435 0.138029 -0.00987041 0.990379 0.138029 -0.00987041 0.990379 -0.00756527 0 0.999971 -0.00756527 0 0.999971 -0.00724876 0.0027098 0.99997 0.0399223 -0.00995786 0.999153 0.0399223 -0.00995786 0.999153 0.828767 0.0750668 -0.554537 0.82676 0 -0.562555 0.82676 0 -0.562555 0.831091 0.00702004 -0.556092 0.831037 0.0045777 -0.556198 0.830734 0 -0.556669 0.830734 0 -0.556669 0.803005 0 -0.595973 0.803005 0 -0.595973 0.548043 0 -0.83645 0.548043 0 -0.83645 0.394097 0 -0.919069 0.394097 0 -0.919069 0.118617 0 -0.99294 0.118617 0 -0.99294 0.00499252 0 -0.999988 0.00499252 0 -0.999988 0.000582168 0 -1 0.000582168 0 -1 -0.00741183 -0.00996553 0.999923 -0.00756458 -0.0135204 0.99988 -0.00687224 -0.418116 0.908367 -0.00558906 -0.438281 0.898821 -0.00894316 -0.999959 -0.00149886 -0.00771559 -0.99997 -8.00112e-05 -0.00766342 -0.999971 -1.3132e-05 -0.074751 -0.997102 -0.0141137 -0.074349 -0.991739 -0.104524 -0.0741902 -0.991514 -0.106751 -0.0449934 -0.63847 -0.768331 -0.0439526 -0.626053 -0.778541 -0.0253023 -0.487762 -0.87261 0.102509 -0.433289 -0.895406 0.243878 -0.422431 -0.872969 -0.00496983 -0.0525021 -0.998608 0 -0.00996452 -0.99995 0.00499227 -0.00996439 -0.999938 0.00499356 -0.00996567 -0.999938 0.113735 -0.00990113 -0.993462 0.372071 -0.256297 -0.892118 0.378833 -0.239754 -0.89387 0.547702 -0.0352749 -0.83593 0.802533 -0.034287 -0.595622 0.823807 -0.0844333 -0.560546 0.826474 -0.105499 -0.553002 0.806966 -0.262234 -0.529188 0.66456 -0.597851 -0.448257 0.638253 -0.636689 -0.432736 0.526018 -0.770107 -0.360888 0.432759 -0.849727 -0.301137 -0.00756503 -0.00788993 0.99994 0.831077 -0.00909942 -0.556082 0.39021 -0.00458923 -0.920714 0.118615 -0.00494918 -0.992928 0 -0.0088941 -0.99996 -0.0281838 -0.233334 -0.971988 -0.027302 -0.220997 -0.974892 0 0 1 0 0 1 0 0 1 0 0 1 0 0 1 0 0 1 0 0 1 0 0 1 0 0 1 0 0 1 0 0 1 0 0 1 0 0 1 0 0 1 0 0 1 0 0 1 0 0 1 0 0 1 0 0 1 0 0 1 0 0 1 0 0 1 0 0 1 0 0 1 0 0 1 0 0 1 0 0 1 0 0 1 0 0 1 0 0 1 0 0 1 0 0 1 0 0 1 0 0 1 0 0 1 0 0 1 0 0 1 0 0 1 0 0 1 0 0 1 0 0 1 0 0 1 0 0 1 0 0 1 0 0 1 0 0 1 0 0 1 0 0 1 0.00252308 0.169554 0.985518 0 0.169267 0.98557 0 0.169267 0.98557 -0.0149075 0.158337 0.987273 0.0202914 0.171837 0.984916 0.00696767 0.170478 0.985337 0.00856999 0.914341 0.404855 0 0.914374 0.40487 0 0.914374 0.40487 -0.0332905 0.14683 0.988601 -0.0627752 0.912571 0.404071 -0.0486581 0.139087 0.989084 0.0376837 0.175338 0.983787 0.0517778 0.206686 0.977036 0.0520132 0.207758 0.976796 0.0665565 0.920735 0.38447 0.0218262 0.922561 0.385232 0.0444747 0.177248 0.983161 0 0.988661 0.150163 0 0.988661 0.150163 0.0233836 0.988391 0.150122 -0.0594699 0.132926 0.98934 -0.224004 0.963538 0.146347 -0.219453 0.943963 0.246526 -0.810008 0.492507 0.318313 -0.806826 0.488619 0.33209 -0.775046 0.459494 0.433784 -0.195623 0.118805 0.973456 -0.170613 0.104692 0.979761 -0.120323 0.11201 0.986395 -0.110324 0.114372 0.987293 -0.0679604 0.128985 0.989315 0.0573688 0.174842 0.982924 0.0498874 0.176501 0.983035 0.265602 0.91548 0.302243 0.229279 0.931479 0.282451 0.0670197 0.172842 0.982667 0.300235 0.702725 0.645009 0.212073 0.949042 0.23312 0.226785 0.944667 0.23701 0.216024 0.966723 0.137045 0.0334413 0.989547 0.14028 0 1 0 0 1 0 0.0337753 0.999429 0 0.0337753 0.999429 0 -0.284461 0.958687 0 -0.284461 0.958687 0 -0.283074 0.954013 0.0986334 -0.847822 0.516158 0.121566 -1 0 0 -1 0 0 -1 0 0 -1 0 0 -1 0 0 -1 0 0 -1 0 0 -1 0 0 -1 0 0 -1 0 0 -1 0 0 -1 0 0 -1 0 0 -1 0 0 -1 0 0 -1 0 0 -1 0 0 -1 0 0 -1 0 0 -1 0 0 -1 0 0 -1 0 0 -1 0 0 -1 0 0 -1 0 0 -1 0 0 -1 0 0 -1 0 0 -0.849573 0.515256 0.112856 -0.286248 0.0547371 0.956591 -0.187291 0.0944148 0.977757 0.0718778 0.170405 0.982749 0.294922 0.915681 0.273036 0.3847 0.814289 0.434671 0.370586 0.881921 0.291343 0.231618 0.96216 0.143532 0.0876664 0.162657 0.98278 0.0967757 0.160376 0.9823 0.135167 0.151219 0.979215 0.138088 0.150549 0.978911 0.141757 0.150088 0.978457 0.178756 0.145716 0.973043 0.189266 0.145342 0.97111 1 0 0 1 0 0 1 0 0 1 0 0 1 0 0 1 0 0 1 0 0 1 0 0 1 0 0 1 0 0 1 0 0 1 0 0 1 0 0 1 0 0 1 0 0 1 0 0 1 0 0 1 0 0 1 0 0 1 0 0 1 0 0 1 0 0 0.231322 0.963946 0.13152 0.229751 0.965092 0.125745 0.231589 0.972814 0 0.231589 0.972814 0 0.0304011 0.999532 -0.00336663 0 0.999994 -0.00336819 0 0.999994 -0.00336819 -0.281484 0.959561 -0.003232 -0.284461 0.958687 -0.000481248 -0.855036 0.518569 0 -0.855036 0.518569 0 -0.42807 0.000207451 0.903746 -0.365935 0.0229408 0.930358 -0.290864 0.0526244 0.955316 0.410602 0.898699 0.154095 0.38539 0.917516 0.0981814 0.325554 0.944395 0.0461734 0.280189 0.958973 0.0431887 0.263584 0.962867 0.0583997 0.264034 0.964513 0 0.264034 0.964513 0 0.140468 0.941528 -0.306257 0.0289116 0.950559 -0.309195 0.234674 0.971986 -0.0130967 0.232227 0.961847 -0.144639 0.222579 0.950932 -0.214914 0.0172426 0.946111 -0.323383 0 0.946252 -0.323431 0 0.946252 -0.323431 -0.135909 0.937472 -0.32043 -0.277461 0.945847 -0.168492 -0.836032 0.506574 -0.210791 -0.855243 0.518215 -0.00349233 -0.855035 0.518568 -0.00144654 -0.428176 0 0.903696 -0.428175 0 0.903696 0.387261 0.92197 0 0.387261 0.92197 0 0.325902 0.945404 0 0.325902 0.945404 0 0.280451 0.959868 0 0.280451 0.959868 0 0.192316 -0.143117 0.970841 0.251821 0.967686 -0.0130387 0.20155 0.831347 -0.517919 0.158989 0.653241 -0.740269 0.146988 0.59472 -0.790381 0.0827904 0.333989 -0.938934 0.0175014 0.335088 -0.942024 0.25078 0.963685 -0.091763 0.346751 0.935891 -0.0622328 0.385039 0.91668 -0.106973 0.445613 0.839326 -0.311387 0.422899 0.804587 -0.416889 0.205408 0.531127 -0.822017 0.280666 0.958137 -0.0565707 0.0129995 0.329687 -0.944001 0 0.329715 -0.944081 0 0.329715 -0.944081 -0.141951 0.326376 -0.93452 -0.277177 0.181613 -0.943498 -0.350291 0.214921 -0.91165 -0.813962 0.472027 -0.338611 -0.428031 -0.000235091 0.903764 -0.415007 -0.00534932 0.909802 -0.411955 -0.00643433 0.911182 0.387231 0.921899 -0.0124218 0.387231 0.921899 -0.0124218 0.347396 0.937633 -0.0126338 0.325902 0.945403 -0.000550313 0.281116 0.959674 -0.00047469 0.166004 -0.145693 0.975303 0.145348 -0.147932 0.978259 0.125614 -0.151932 0.980376 0.118873 -0.153402 0.980988 0.0980342 -0.161031 0.982068 0.101579 -0.163198 0.98135 0.132685 0.380162 -0.915353 0.133857 0.380101 -0.915208 0.0888358 0.327086 -0.94081 0.0825151 0.327264 -0.941323 0.0298758 0.117215 -0.992657 0.0165494 0.114072 -0.993335 0.01368 0.113729 -0.993418 0.129705 0.32389 -0.937162 0.00154216 0.110796 -0.993842 0 0.110603 -0.993865 0 0.110603 -0.993865 -0.0106386 0.101544 -0.994774 -0.0177573 0.0964013 -0.995184 -0.0204502 0.0947183 -0.995294 -0.0270236 0.0908397 -0.995499 -0.0357913 0.0861587 -0.995638 -0.0468635 0.0812223 -0.995594 -0.0532191 0.0790627 -0.995448 -0.061782 0.0767229 -0.995136 -0.0707368 0.0748385 -0.994684 -0.0802983 0.0733816 -0.994066 -0.0818887 0.0732083 -0.993949 -0.091207 0.0722538 -0.993207 -0.111807 0.0709559 -0.991193 -0.116145 0.0708138 -0.990705 -0.122294 0.0744998 -0.989694 -0.122352 0.067887 -0.990162 -0.12442 0.0667817 -0.98998 -0.143522 0.0586211 -0.987909 -0.15529 0.0543116 -0.986375 -0.335148 -0.0358408 0.941484 -0.329079 -0.0384047 0.943521 0.651521 -0.507199 0.564153 0.0593489 -0.171582 0.983381 0.0779952 -0.167137 0.982844 0.493111 -0.841229 0.221757 0.0927232 -0.343286 0.934643 0.109855 -0.407888 0.906399 0.279883 -0.931618 0.231849 0.294191 -0.937876 0.183958 0.102385 0.265697 -0.958604 0.0911344 0.245302 -0.965154 0.0457132 0.115048 -0.992308 0.0300439 0.117168 -0.992658 0 0 -1 0 0 -1 0 0 -1 0 0 -1 0 0 -1 0 0 -1 0 0 -1 0 0 -1 0 0 -1 0 0 -1 0 0 -1 0 0 -1 0 0 -1 0 0 -1 0 0 -1 0 0 -1 0 0 -1 0 0 -1 0 0 -1 0 0 -1 0 0 -1 0 0 -1 0 0 -1 0 0 -1 0 0 -1 0 0 -1 0 0 -1 0 0 -1 0 0 -1 0 0 -1 0 0 -1 0 0 -1 0 0 -1 0 0 -1 0 0 -1 0 0 -1 0 0 -1 0 0 -1 0 0 -1 0 0 -1 0 0 -1 0 0 -1 0 0 -1 0 0 -1 0 0 -1 0 0 -1 0 0 -1 0 0 -1 0 0 -1 0 0 -1 0 0 -1 0 0 -1 0 0 -1 0 0 -1 0 0 -1 0 0 -1 0 0 -1 0 0 -1 0 0 -1 0 0 -1 0 0 -1 0 0 -1 0 0 -1 -0.166318 0.0497404 -0.984817 -0.182046 0.0437063 -0.982318 -0.210378 0.0334283 -0.977048 -0.246012 0.0217703 -0.969022 -0.252603 0.0196493 -0.967371 -0.318389 0.000389899 -0.94796 -0.298712 -0.0499353 0.953036 -0.175202 -0.102224 0.979211 -0.183045 -0.0971364 0.978294 -0.192149 -0.0932555 0.976925 -0.24028 -0.0729404 0.967959 -0.262854 -0.0634703 0.962746 0.499103 -0.839264 0.215715 0.056492 -0.172617 0.983368 0.0453612 -0.178148 0.982958 0.0441284 -0.178923 0.982873 0.505109 -0.849363 0.153125 0.299578 -0.944344 0.135893 0.360525 -0.928416 0.0898066 0.424962 -0.900173 0.0953712 0.0434092 -0.179065 0.982879 0.0515351 -0.346621 0.936588 0.0762484 -0.751242 0.655607 0.07677 -0.759637 0.6458 0.116245 -0.833951 0.539457 0.184855 -0.954228 0.235114 0.200004 -0.958581 0.202783 0.260461 -0.963353 0.0641178 0.268462 -0.96071 0.0704525 0.294386 -0.948409 0.117714 0.233647 -0.970399 0.0611129 0.124609 0.0985053 -0.987304 0.104162 0.0994592 -0.989575 0.0926236 0.100792 -0.990587 0.0815003 0.102651 -0.991373 0.0614326 0.107615 -0.992293 0.061331 0.107654 -0.992295 0.0499298 0.112573 -0.992388 -0.299624 -0.00562293 -0.954041 -0.318316 -0.000389913 -0.947984 -0.318447 0 -0.947941 -0.172928 -0.103584 0.979472 -0.813387 -0.534507 0.229572 -0.744871 -0.516004 0.422974 -0.162817 -0.1098 0.980528 0.0123351 -0.178421 0.983877 0.0247539 -0.179814 0.983389 0.0392765 -0.179825 0.982914 0.436902 -0.894686 0.0930219 0.361988 -0.932183 0 0.361988 -0.932183 0 0.296447 -0.955049 0 0.296447 -0.955049 0 0.438805 -0.898582 0 0.438805 -0.898582 0 0.00509024 -0.753029 0.657967 0.0154485 -0.761794 0.647635 0.00120508 -0.178274 0.98398 0.0196864 -0.970773 0.239191 0.013146 -0.972382 0.233023 0.0135181 -0.999909 0 0.0135181 -0.999909 0 0.234085 -0.972216 0 0.234085 -0.972216 0 0.260998 -0.965339 0 0.260998 -0.965339 0 0.269131 -0.963104 0 0.269131 -0.963104 0 -0.22112 -0.0295963 -0.974797 -0.219687 -0.0301 -0.975106 -0.132056 -0.114927 0.984557 -0.843358 -0.531784 0.0771564 -0.824644 -0.541504 0.163509 -0.477607 -0.863597 0.161526 -0.430308 -0.878496 0.207559 -0.398262 -0.813072 0.424619 -0.129003 -0.746747 0.652478 -0.0576136 -0.13869 0.988659 -0.0685195 -0.133593 0.988665 -0.0853828 -0.126868 0.988238 -0.0956379 -0.124042 0.987657 -0.126224 -0.115942 0.985203 0 -0.178125 0.984008 0 -0.178125 0.984008 0.354882 -0.93489 -0.00629781 0.29644 -0.95503 -0.00643348 0.352251 -0.927961 -0.121685 0.463348 -0.875862 -0.134817 0.467615 -0.883927 -0.00297725 0 -0.753039 0.657976 0 -0.753039 0.657976 0 -0.972466 0.233043 0 -0.972466 0.233043 0 -1 0 0 -1 0 0.0135181 -0.999903 -0.00336788 0.0168958 -0.999835 -0.0067353 0.232538 -0.972565 -0.00655161 0.234085 -0.972216 -0.000395241 0.260998 -0.965339 -0.000440719 0.269128 -0.963092 -0.00480884 0.280246 -0.959732 -0.0193967 0.28457 -0.958459 -0.019371 0.13349 -0.0996169 -0.986031 -0.163593 -0.0476811 -0.985375 -0.216488 -0.0311693 -0.975788 -0.84588 -0.533374 0 -0.84588 -0.533374 0 -0.483963 -0.875089 0 -0.483963 -0.875089 0 -0.00337919 -0.999994 0 -0.00337919 -0.999994 0 -0.00328865 -0.973201 0.229934 -0.025849 -0.158155 0.987076 -0.0489406 -0.142785 0.988543 -0.0545618 -0.139915 0.988659 0.283122 -0.95358 -0.102605 0.299001 -0.935805 -0.186726 0.80001 -0.552992 -0.232773 0.22836 -0.731064 -0.642959 0.207765 -0.402381 -0.891585 0 -0.999994 -0.00336819 0 -0.999994 -0.00336819 0 -0.834446 -0.55109 0 -0.834446 -0.55109 0.00845897 -0.834416 -0.55107 0.0141574 -0.837785 -0.545816 0.126561 -0.831132 -0.541481 0.231706 -0.969085 -0.0847714 0.279109 -0.955837 -0.0920552 0.177339 -0.203162 -0.962952 0.0660892 -0.109318 -0.991807 0.0701697 -0.107734 -0.9917 0.0794448 -0.105092 -0.991284 0.0873053 -0.103623 -0.990777 0.0992885 -0.102209 -0.989796 0.116381 -0.100474 -0.98811 -0.130754 -0.0601631 -0.989588 -0.12933 -0.0608064 -0.989735 -0.115897 -0.0672115 -0.990985 -0.109942 -0.0710241 -0.991397 -0.104978 -0.0743939 -0.991688 -0.242516 -0.18133 -0.953051 -0.309378 -0.214074 -0.92653 -0.845417 -0.534054 -0.00752103 -0.494969 -0.868814 -0.0129628 -0.844011 -0.535992 -0.018918 -0.471862 -0.828253 -0.302232 -0.243943 -0.809237 -0.534441 0.124308 -0.782934 -0.609559 0.124213 -0.481211 -0.86776 0.196711 -0.378966 -0.904262 0.108596 -0.431203 -0.895696 0.0980103 -0.341945 -0.934595 0.163277 -0.338988 -0.926514 0 -0.252045 -0.967716 0 -0.252045 -0.967716 0.00257968 -0.254466 -0.967078 0.11376 -0.656499 -0.7457 0.0209215 -0.254411 -0.96687 0.043376 -0.27558 -0.960299 0.0524965 -0.292981 -0.954676 0.0723064 -0.350361 -0.93382 0.0899692 -0.333428 -0.938473 0.0534772 -0.226634 -0.972511 0.0516591 -0.219406 -0.974265 0.0526132 -0.112491 -0.992259 0.0553988 -0.111735 -0.992193 -0.370643 -0.247036 -0.89532 -0.0839708 -0.0761481 -0.993554 -0.167432 -0.248487 -0.954055 -0.0837329 -0.0761731 -0.993573 -0.0725792 -0.0779986 -0.994308 -0.0614408 -0.0803485 -0.994871 -0.0604515 -0.0806443 -0.994908 -0.0516885 -0.0835282 -0.995164 -0.0450848 -0.0858276 -0.995289 -0.0323352 -0.0919488 -0.995239 -0.0321283 -0.0920757 -0.995234 -0.0255481 -0.0961804 -0.995036 -0.0142087 -0.104851 -0.994386 0 -0.117821 -0.993035 -0.796929 -0.527021 -0.295217 -0.470681 -0.308759 -0.826515 -0.838507 -0.532496 -0.115558 -0.815431 -0.52895 -0.235126 0.0915446 -0.39278 -0.915065 0.0928594 -0.392732 -0.914953 0.0015714 -0.117821 -0.993034 0.00242316 -0.117877 -0.993025 0.016653 -0.119708 -0.992669 0.0214754 -0.12059 -0.99247 0.0248405 -0.120771 -0.99237 0.0249188 -0.120781 -0.992366 0.0442341 -0.197537 -0.979297 0.0289832 -0.119009 -0.99247 0.0375645 -0.115565 -0.992589 0.0428424 -0.114022 -0.992554 0.0477333 -0.113165 -0.992429 0 0 1 0 0 1 1 0 0 1 0 0 1 0 0 1 0 0 1 0 0 1 0 0 1 0 0 1 0 0 1 0 0 1 0 0 0 1 0 0 1 0 0 1 0 0 1 0 0 1 0 0 1 0 0 1 0 0 1 0 0 1 0 0 1 0 0 1 0 -0.679171 -0.733977 0.0021134 -0.647176 -0.762341 0 -0.647176 -0.762341 0 0 0 -1 0 0 -1 0 0 -1 0 0 -1 -0.679097 -0.734048 0 -0.679097 -0.734048 0 -0.647176 -0.76234 -0.000813942 -0.647174 -0.762342 -0.000814872 -0.031598 -0.0316446 -0.999 -0.0304088 -0.0331326 -0.998988 -0.00210256 0 -0.999998 -0.679163 -0.733987 -0.000723415 -0.679167 -0.733983 -0.000817428 -0.647107 -0.762398 -0.000882079 -0.679184 -0.733968 -0.000943839 -0.685005 -0.720149 -0.110238 -0.679885 -0.714767 -0.163904 -0.638429 -0.752173 -0.163231 -0.0380893 -0.0359389 -0.998628 -0.0316979 -0.0316812 -0.998995 -0.0316247 -0.0316446 -0.998999 -0.218596 -0.221277 -0.950396 -0.219378 -0.221685 -0.950121 -0.235884 -0.220968 -0.946325 -0.23604 -0.216181 -0.947392 -0.10732 -0.0864704 -0.990457 -0.137719 -0.105566 -0.98483 -0.637829 -0.752593 -0.163638 -0.554437 -0.511505 -0.656477 -0.658726 -0.671363 -0.339633 -0.345311 -0.355092 -0.868717 -0.287908 -0.331159 -0.898578 -0.287605 -0.331595 -0.898515 -0.450657 -0.811805 -0.371324 -0.217587 -0.259312 -0.940964 -0.328351 -0.313296 -0.891084 -0.346018 -0.320563 -0.881766 -0.238993 -0.216039 -0.946684 -0.21833 -0.187784 -0.957637 -0.421971 -0.387752 -0.819505 -0.126062 0.992022 0 -0.126062 0.992022 0 -0.125832 0.990213 0.060376 0.0624304 0.996199 0.060741 0.0625459 0.998042 0 0.0625459 0.998042 0 -0.0923385 0.982334 -0.162766 -0.124986 0.983556 -0.130371 0.0618566 0.987043 -0.148052 0.0463201 0.98549 -0.163289 -0.311545 0.950231 0 -0.311545 0.950231 0 -0.311131 0.948967 0.0515637 -0.303965 0.950815 0.0596261 -0.127511 0.989893 0.0620766 -0.120384 0.934568 0.3348 -0.0998445 0.928902 0.356612 0.0567974 0.93206 0.357824 0.0650801 0.934659 0.349538 0.0693026 0.995301 0.0676199 0.239443 0.968677 0.0658111 0.250697 0.966565 0.0538827 0.251062 0.967971 0 0.251062 0.967971 0 0.0413524 0.879799 -0.473544 0.0134948 0.861377 -0.507787 -0.0290859 0.861091 -0.507618 -0.084085 0.89453 -0.439028 -0.105076 0.89274 -0.438149 -0.26555 0.931537 -0.248438 -0.271411 0.954118 -0.126469 -0.310506 0.94706 -0.0816336 0.249908 0.96352 -0.0957904 0.202307 0.968488 -0.145269 0.195969 0.938148 -0.285439 0.157755 0.913421 -0.375201 0.0871535 0.877202 -0.472146 -0.410982 0.911644 0 -0.410982 0.911644 0 -0.410915 0.911495 0.0180404 -0.37948 0.924178 0.0434668 -0.3832 0.922308 0.050057 -0.295842 0.94312 0.151664 -0.199781 0.922436 0.330454 -0.257939 0.929824 0.262479 -0.21496 0.873868 0.436058 -0.107114 0.889638 0.443927 0.0608135 0.898967 0.433774 -0.105208 0.888779 0.446098 0.0398681 0.893028 0.448231 0.0750599 0.894974 0.439759 0.157015 0.886373 0.435533 0.184041 0.888349 0.420672 0.174195 0.922325 0.344925 0.218194 0.932488 0.28785 0.232042 0.938733 0.254827 0.356574 0.926718 0.118526 0.35862 0.932037 0.0519579 0.390064 0.920375 0.0275571 0.390212 0.920725 0 0.390212 0.920725 0 0.00252226 0.160997 -0.986952 0.0495761 0.179682 -0.982475 0.0365027 0.16089 -0.986297 -0.00235781 0.157465 -0.987522 -0.00658074 0.163377 -0.986542 0 0.157466 -0.987524 -0.0643194 0.163043 -0.98452 -0.0721682 0.15315 -0.985564 -0.120343 0.178894 -0.976481 -0.177127 0.259926 -0.949244 -0.395279 0.637875 -0.660962 -0.314502 0.909789 -0.270873 -0.403718 0.900099 -0.163807 -0.351214 0.933077 -0.0775678 -0.410888 0.911436 -0.0213579 0.389682 0.919475 -0.0520812 0.334374 0.937817 -0.0932351 0.332532 0.93265 -0.139952 0.557311 0.813708 -0.165175 0.602773 0.75909 -0.245858 0.608424 0.739208 -0.288777 0.166028 0.244327 -0.955374 0.115224 0.21174 -0.97051 0.0927995 0.179127 -0.97944 -0.609475 0.792805 0 -0.609475 0.792805 0 -0.609348 0.792639 0.020481 -0.622186 0.782129 0.0340356 -0.610471 0.789877 0.0584785 -0.440185 0.756132 0.484253 -0.304955 0.83149 0.464357 -0.63717 0.762754 0.110548 -0.640774 0.756174 0.132697 -0.562141 0.70475 0.43281 -0.458396 0.74747 0.480793 -0.273479 0.836718 0.47446 0 0 1 0 0 1 0 0 1 0 0 1 0 0 1 0 0 1 0 0 1 0 0 1 0 0 1 0 0 1 0 0 1 0 0 1 0 0 1 0 0 1 0 0 1 0 0 1 0 0 1 0 0 1 0 0 1 0 0 1 0 0 1 0 0 1 0 0 1 0 0 1 0 0 1 0 0 1 0 0 1 0 0 1 0 0 1 0 0 1 0 0 1 0 0 1 0 0 1 0 0 1 0 0 1 0 0 1 0 0 1 0 0 1 0 0 1 0 0 1 0 0 1 0 0 1 0 0 1 0.263259 0.845629 0.464334 0.241049 0.862669 0.444633 0.546602 0.826325 0.135697 0.326621 0.810795 0.485727 0.404167 0.774728 0.486256 0.559269 0.718074 0.414232 0.607319 0.757605 0.239161 0.60543 0.762433 0.228363 0.551174 0.833236 0.0438637 0.532881 0.845641 0.0304742 0.533129 0.846034 0 0.533129 0.846034 0 0.0368934 0.0701509 -0.996854 0.0230224 0.0424276 -0.998834 0.00119163 0.0503298 -0.998732 0 0.0508321 -0.998707 0 0.0508321 -0.998707 0.0917175 0.124627 -0.987956 -0.00238437 0.0519803 -0.998645 -0.00476844 0.0529845 -0.998584 -0.054571 0.0768788 -0.995546 -0.0746292 0.11709 -0.990313 -0.109701 0.147665 -0.982935 -0.139559 0.147108 -0.979225 -0.613755 0.773243 -0.159373 -0.599176 0.779379 -0.183181 -0.149849 0.13686 -0.979191 -0.252751 0.168992 -0.952659 -0.717482 0.432204 -0.546277 -0.793941 0.576571 -0.192934 -0.784847 0.598946 -0.158992 -0.596676 0.782852 -0.176413 -0.615081 0.774795 -0.146179 -0.637185 0.768381 -0.0598857 -0.609296 0.792572 -0.0242468 0.532246 0.844634 -0.0575072 0.563214 0.822327 -0.0810417 0.615345 0.784006 -0.0817569 0.619538 0.780203 -0.0863498 0.711369 0.697366 -0.0873794 0.683096 0.66965 -0.291461 0.696289 0.63881 -0.327266 0.219882 0.188606 -0.957121 0.111814 0.133255 -0.984754 0.104243 0.125373 -0.986618 -0.640265 0.768154 0 -0.640265 0.768154 0 -0.639921 0.767743 0.0327466 -0.63642 0.770493 0.0362124 -0.77839 0.626919 0.0328809 -0.779611 0.625315 0.0344692 -0.774545 0.621252 0.118853 -0.771236 0.622649 0.1323 -0.736595 0.532902 0.416465 -0.622676 0.612399 0.487075 0.62112 0.782193 0.0488263 0.616808 0.78587 0.0442349 0.568291 0.705368 0.423676 0.644275 0.631461 0.43147 0.681548 0.608281 0.4068 0.712809 0.642515 0.281208 0.694133 0.677964 0.241959 0.609771 0.659624 0.439404 0.71447 0.697827 0.0506963 0.71332 0.69909 0.0494803 0.617412 0.78664 0 0.617412 0.78664 0 0.103424 0.0914834 -0.990421 0.043738 0.0317624 -0.998538 0 -1 0 0 -1 0 0 -1 0 0 -1 0 0 -1 0 0 -1 0 0 -1 0 0 -1 0 0 -1 0 0 -1 0 0 -1 0 0 -1 0 0 -1 0 0 -1 0 0 -1 0 0 -1 0 0 -1 0 0 -1 0 0 -1 0 0 -1 0 0 -1 0 0 -1 0 0 -1 0 0 -1 0 0 -1 0 0 -1 0 0 -1 0 0 -1 0 0 -1 0 0 -1 0 0 -1 0 0 -1 0 0 -1 0 0 -1 0 0 -1 0 0 -1 0 0 -1 0 0.0699632 0.0154928 -0.997429 0.0930213 8.59243e-05 -0.995664 0.0976651 -0.00356159 -0.995213 0.152993 -0.0513759 -0.986891 0.179167 -0.075979 -0.98088 -0.0899911 0.0903258 -0.991838 -0.150235 0.116914 -0.981713 -0.775469 0.628698 -0.0581922 -0.639189 0.766864 -0.0579406 -0.213245 0.141488 -0.966699 -0.369035 0.196755 -0.90835 -0.483259 0.246055 -0.840189 -0.667812 0.324046 -0.670091 -0.731019 0.360294 -0.579482 -0.750526 0.37574 -0.543626 -0.784842 0.41087 -0.463906 -0.810829 0.43406 -0.392617 -0.845222 0.50019 -0.188176 -0.84752 0.505925 -0.160469 -0.847843 0.509015 -0.148546 -0.844811 0.53267 -0.0505728 -0.840216 0.542092 -0.0131745 -0.800044 0.599783 -0.0137709 -0.777817 0.626457 -0.0505145 -0.846451 0.502234 -0.176867 0.714195 0.699947 0 0.714195 0.699947 0 0.711469 0.697276 -0.0872842 0.792477 0.603713 -0.0866641 0.774124 0.589732 -0.230104 0.894931 0.395414 -0.206753 0.898166 0.267906 -0.348604 0.853261 0.200433 -0.481428 0.801522 0.170858 -0.573035 0.165432 0.0946489 -0.981669 0.161581 0.0918867 -0.982572 -0.778811 0.627258 0 -0.778811 0.627258 0 -0.80012 0.59984 0 -0.80012 0.59984 0 -0.80006 0.599795 0.0122438 -0.786128 0.61717 0.0332198 -0.798341 0.598432 0.0673133 -0.77782 0.437187 0.451512 -0.765535 0.462971 0.446781 -0.846916 0.527845 0.0641263 -0.847159 0.527271 0.0656256 -0.84862 0.523366 0.0770246 -0.848973 0.522276 0.0804569 -0.853171 0.492323 0.172386 -0.833447 0.444237 0.328665 -0.793375 0.411236 0.448821 0.739117 0.477335 0.475244 0.852095 0.336543 0.400841 0.892784 0.319137 0.317944 0.878782 0.443022 0.17741 0.785242 0.588682 0.191957 0.790277 0.38914 0.473321 0.799106 0.599076 0.050381 0.809416 0.585882 0.0398413 0.810059 0.586348 0 0.810059 0.586348 0 0.162159 0.0365951 -0.986086 0.136402 0.0153857 -0.990534 0.19067 -0.0856813 -0.977908 0.483818 -0.355431 -0.799743 0.136408 0.0118177 -0.990582 0.123509 0.000114047 -0.992343 0.127552 -0.00354947 -0.991826 0.134732 -0.00680046 -0.990859 0.153157 -0.0223728 -0.987949 0.275688 -0.0373551 -0.960521 0.709229 -0.0918718 -0.698966 0.802253 -0.14963 -0.577929 0.81 -0.162946 -0.563338 -0.802552 0.412072 -0.431401 -0.815463 0.421873 -0.396287 -0.815323 0.427205 -0.390825 -0.820997 0.42523 -0.380976 -0.858509 0.443668 -0.257141 -0.871354 0.459011 -0.173352 -0.869244 0.46589 -0.165412 -0.847817 0.502498 -0.169418 -0.857355 0.514726 0 -0.881348 0.472377 -0.00921762 -0.880561 0.473933 -0.000813312 -0.880401 0.47423 0 -0.855949 0.517057 0.00158015 -0.847524 0.530755 0.0015646 -0.845893 0.533352 0 -0.839868 0.542791 0 -0.839836 0.542771 -0.00872621 -0.838944 0.544217 0 0.808011 0.584865 -0.0710778 0.887185 0.456613 -0.066391 0.908531 0.401423 -0.115888 0.941213 0.315761 -0.120057 0.933578 0.285405 -0.216741 0.926851 0.170633 -0.334413 0.96804 0.0605508 -0.243377 0.969752 -0.01177 -0.243808 0.93031 -0.111894 -0.349291 0.653499 -0.0362016 -0.756061 0.652881 0.0565624 -0.755346 0.701788 0.107287 -0.704261 -0.839118 0.543949 0.00027366 -0.839529 0.543313 0.00172169 -0.840418 0.541813 0.0117107 -0.767772 0.384016 0.512892 -0.602781 0.252049 0.757051 -0.415222 0.13255 0.900012 -0.847623 0.530597 0.001707 -0.848986 0.528408 0.00269178 -0.849573 0.527463 0.00288424 -0.851138 0.524919 0.00497167 -0.851723 0.523968 0.00497052 -0.853135 0.521678 0.00339395 -0.880152 0.474681 0.00328019 -0.880366 0.474225 0.00812901 -0.867624 0.467384 0.169649 -0.856351 0.453741 0.246539 0.903149 0.235112 0.359227 0.89746 0.270028 0.348785 0.900504 0.293681 0.320693 0.892063 0.449718 0.0444713 0.94853 0.312862 0.0490721 0.94805 0.314591 0.0472624 0.888529 0.457305 0.0372605 0.889146 0.457623 0 0.889146 0.457623 0 0.73734 -0.571901 -0.359525 0.758946 -0.600427 -0.251969 0.829578 -0.183409 -0.52741 0.876381 -0.2416 -0.416636 0.887981 -0.373758 -0.267944 0.789818 -0.536696 -0.296891 0.293992 -0.0162861 -0.955669 0.945241 -0.220198 -0.2409 -0.873776 0.460287 -0.157004 -0.88296 0.465806 -0.0583581 -0.882047 0.47088 -0.0163064 -0.855949 0.517057 0.00179672 -0.880156 0.474682 0.00164947 -0.880155 0.474683 0.001657 -0.855942 0.517069 0.00180495 -0.853137 0.521679 0.00286847 0.949111 0.314943 0 0.949111 0.314943 0 0.943178 0.312975 -0.111632 0.977737 0.209427 -0.0131023 0.998889 0.0464632 -0.00786972 0.999297 0.0225868 -0.0299085 0.999544 -0.00416418 -0.0299158 0.999679 -0.0200462 -0.0154785 0.986737 -0.160337 -0.0253384 0.953281 -0.275186 -0.12461 0.951427 -0.278181 -0.131912 0.945813 -0.261658 -0.192284 -0.393365 0.118682 0.91169 -0.315333 0.0700868 0.946389 -0.230719 0.0259425 0.972675 0.898088 0.139787 0.417011 0.906178 0.220054 0.361134 0.977743 0.150253 0.146432 0.969357 0.242414 0.0397767 0.977752 0.20943 0.0118384 0.977821 0.209445 0 0.977821 0.209445 0 0.780324 -0.616794 -0.103251 0.780758 -0.623008 -0.0477285 0.822769 -0.559086 -0.102342 0.914249 -0.384814 -0.126758 0.898465 -0.431871 -0.0790503 0.841172 -0.534313 -0.0833045 0.99892 0.0464647 0 0.99892 0.0464647 0 0.999799 -0.0200486 0 0.999799 -0.0200486 0 0.987054 -0.160388 0 0.987054 -0.160388 0 0.96077 -0.277347 0 0.96077 -0.277347 0 0.901285 -0.433227 0 0.901285 -0.433227 0 -0.166576 -0.00896796 0.985988 -0.0919438 -0.0561659 0.994179 -0.0992169 -0.0507243 0.993772 -0.108805 -0.0440562 0.993086 -0.11796 -0.0379683 0.992292 -0.136973 -0.0262367 0.990227 -0.158381 -0.0136109 0.987284 0.904295 -0.0770794 0.419893 0.983193 -0.0969642 0.154694 0.998451 -0.00661832 0.0552377 0.997862 0.0349919 0.055205 0.916273 -0.149369 0.371662 0.999373 0.0252133 0.0248382 0.998895 0.0464635 0.00711053 0.781625 -0.623701 -0.00774219 0.844106 -0.536176 0 0.844106 -0.536176 0 0.782187 -0.623044 0 0.782187 -0.623044 0 0.781953 -0.623337 -0.000962337 0.78179 -0.623535 -0.00288473 0.99968 -0.00467761 0.0248458 0.999714 -0.0200469 0.0130574 0.986829 -0.160351 0.0213764 0.982149 -0.18412 0.0384999 0.960646 -0.272522 0.0537693 0.959587 -0.277006 0.0496099 0.90106 -0.431185 0.0465841 0.900378 -0.432791 0.0448486 -0.00957785 -0.143166 0.989652 -0.0197174 -0.129047 0.991442 -0.0310377 -0.11479 0.992905 -0.046256 -0.0963083 0.994276 -0.0554079 -0.0870418 0.994663 -0.0722765 -0.0713367 0.99483 -0.0750777 -0.0689142 0.994794 -0.0785918 -0.0661108 0.994712 0.907745 -0.203524 0.366846 0.982043 -0.18237 0.0482905 0.901865 -0.250157 0.352222 0.969318 -0.238888 0.05793 0.843293 -0.53566 0.043887 0.778866 -0.625534 0.0455471 0.781931 -0.623356 0.00327485 0.845991 -0.531129 0.0469103 0.960594 -0.271962 0.0574086 0.897374 -0.274549 0.34546 0.88375 -0.31275 0.348101 0.878907 -0.420583 0.225017 0.897905 -0.273266 0.345097 0.822417 -0.516329 0.238821 0 -0.155268 0.987872 0.00118218 -0.156758 0.987636 0.0125622 -0.169637 0.985427 0.727295 -0.592759 0.345947 0.713723 -0.623673 0.318797 0.729883 -0.630536 0.264 0.746432 -0.633999 0.202198 0.767452 -0.433152 0.472649 0.713312 -0.576033 0.399214 0.013869 -0.171208 0.985137 0.0493574 -0.215336 0.975292 0.0407205 -0.204442 0.978031 0.663022 -0.608352 0.436244 0.576062 -0.583231 0.572708 0.451038 -0.538885 0.711455 0.20772 -0.394074 0.895298 0.0676867 -0.236096 0.96937 0.415086 -0.521312 0.745612 0.218285 -0.400144 0.890076 0 0 1 0 0 1 0 0 1 0 0 1 0 0 1 0 0 1 0 0 1 0 0 1 0 0 1 0 0 1 0 0 1 0 0 1 0 0 1 0 0 1 0 0 1 0 0 1 0 0 1 0 0 1 0 0 1 0 0 1 0 0 1 0 0 1 0 0 1 0 0 1 0 0 1 0 0 1 0 0 1 0 0 1 0 0 1 0 0 1 0 0 1 0 0 1 0 0 1 0 0 1 0 0 1 0 0 1 0 0 1 0 0 1 0 0 1 0 0 1 0 0 1 0 0 1 0 0 1 0 0 1 0 0 1 0 0 1 0 0 1 0 0 1 0 0 1 0 0 1 0 0 1 0 0 1 0 0 1 0 0 1 0 0 1 0 0 1 0 0 1 0 0 1 0 0 1 0 0 1 0 0 1 0 0 1 0 0 1 0 0 1 0 0 1 0 0 1 0 0 1 0 0 1 0 0 1 0 0 1 0 0 1 0 0 1 0 0 1 0 0 1 0 0 1 0 0 1 0 0 1 0 0 1 0 0 1 -0.133618 -0.984729 -0.111606 0 -0.994295 -0.106667 0.0126268 -0.994304 -0.105833 0.0225984 -0.994137 -0.105737 -0.255921 -0.960437 -0.10984 -0.142744 -0.983378 -0.112211 -0.136105 -0.984345 -0.111985 0 -0.993104 -0.117235 0.143078 -0.983517 -0.110557 0.0270028 -0.992597 -0.118413 0.16333 -0.980164 -0.112258 -0.263149 -0.958469 -0.109953 -0.281538 -0.931788 -0.229144 -0.16914 -0.920691 -0.351738 -0.134369 -0.925679 -0.353643 -0.276637 -0.954635 -0.110203 -0.287455 -0.951372 -0.110729 -0.0918771 -0.908207 -0.408311 0.0170511 -0.911933 -0.409986 0.0249153 -0.915863 -0.400716 0.193099 -0.974735 -0.112273 0.196932 -0.974009 -0.111913 0.130242 -0.908344 -0.397427 0.185511 -0.929037 -0.320117 0.188585 -0.93091 -0.312796 0.197288 -0.973868 -0.112508 -0.31439 -0.943029 -0.10888 -0.388474 -0.88457 -0.258117 -0.341619 -0.933451 -0.109389 -0.399645 -0.910007 -0.110318 -0.407095 -0.688259 -0.600478 -0.302984 -0.543394 -0.782894 -0.182127 -0.492299 -0.851159 -0.465196 -0.803467 -0.371529 -0.161738 -0.463005 -0.871474 -0.0910137 -0.467235 -0.879436 -0.33124 -0.937301 -0.108381 -0.0607487 -0.432473 -0.899598 0.0144767 -0.433228 -0.901168 0.0173846 -0.436537 -0.899518 0.0859148 -0.434989 -0.896328 0.133725 -0.490914 -0.860884 0.237774 -0.964953 -0.111032 0.251053 -0.961578 -0.111082 0.195766 -0.485778 -0.851878 0.201748 -0.493742 -0.845882 0.320499 -0.550766 -0.770673 0.529822 -0.780026 -0.33294 0.455833 -0.864577 -0.211477 0.312844 -0.931738 -0.184369 0.316367 -0.942231 -0.110061 0.30588 -0.945701 -0.109944 -0.528746 -0.813486 -0.242215 -0.455886 -0.883311 -0.109227 -0.541519 -0.833138 -0.112417 -0.460593 -0.88094 -0.108619 -0.578205 -0.79657 -0.176511 -0.736333 -0.652184 -0.180196 -0.742995 -0.636373 -0.207335 -0.612788 -0.459325 -0.643048 -0.371256 -0.410469 -0.832877 -0.359108 -0.397777 -0.844284 -0.268198 -0.410592 -0.871484 -0.178936 -0.333585 -0.925583 -0.17119 -0.317914 -0.932537 -0.0657434 -0.218758 -0.973562 -0.0365231 -0.161365 -0.986219 0 -0.125532 -0.99209 0.000120786 -0.125572 -0.992085 0.0153561 -0.155439 -0.987726 0.0660568 -0.204636 -0.976607 0.092236 -0.255966 -0.962275 0.20891 -0.363373 -0.907919 0.25631 -0.362326 -0.896117 0.257127 -0.363216 -0.895522 0.637856 -0.650313 -0.412593 0.597347 -0.727399 -0.337739 0.531707 -0.779609 -0.330904 0.402079 -0.413782 -0.816772 0.559929 -0.820988 -0.111614 0.544036 -0.831666 -0.11116 0.463476 -0.879073 -0.111449 0.439083 -0.89161 -0.110623 0.388242 -0.915017 -0.109599 0.349689 -0.930483 -0.109174 -0.575986 -0.8099 -0.110918 -0.583814 -0.804297 -0.110764 -0.526057 -0.84338 -0.109432 -0.741571 -0.655859 -0.141147 -0.585797 -0.80287 -0.110642 -0.734661 -0.669154 -0.111829 -0.740064 -0.663027 -0.112695 -0.753963 -0.629661 -0.18726 -0.870243 -0.461767 -0.171605 -0.884299 -0.377062 -0.275389 -0.874538 -0.359763 -0.325198 -0.602165 -0.42962 -0.672922 -0.372602 -0.306227 -0.87601 -0.475942 -0.33307 -0.813968 -0.29032 -0.203415 -0.93506 -0.257681 -0.187862 -0.947791 -0.177221 -0.19135 -0.96539 -0.036958 -0.0520526 -0.99796 0 0 -1 0 0 -1 0 0 -1 0 0 -1 0 0 -1 0 0 -1 0 0 -1 0 0 -1 0 0 -1 -0.0218415 -0.0218383 -0.999523 0.0630239 -0.0630146 -0.996021 0.0673115 -0.0716362 -0.995157 0.267842 -0.271829 -0.924321 0.350147 -0.262459 -0.899173 0.349469 -0.261829 -0.89962 0.769515 -0.537885 -0.344275 0.767023 -0.548041 -0.333656 0.714586 -0.611761 -0.339286 0.538886 -0.326093 -0.776701 0.754948 -0.646315 -0.111043 0.752823 -0.648803 -0.11096 0.702791 -0.702694 -0.110931 0.636791 -0.763025 -0.110862 0.630714 -0.76803 -0.111045 0.597359 -0.794307 -0.110627 -0.59375 -0.797202 -0.109222 -0.870643 -0.479777 -0.108609 -0.889803 -0.442868 -0.110087 -0.89491 -0.43201 -0.111816 -0.602886 -0.790495 -0.107918 -0.678545 -0.726903 -0.105782 -0.734628 -0.669767 -0.108324 -0.734759 -0.669619 -0.108347 -0.739936 -0.663949 -0.108008 -0.832544 -0.543757 -0.105825 -0.861103 -0.497276 -0.105917 -0.912781 -0.391622 -0.116034 -0.965613 -0.230857 -0.119569 -0.864234 -0.208186 -0.457994 -0.857265 -0.242296 -0.454301 -0.96459 -0.237532 -0.114653 -0.44 -0.22509 -0.86933 -0.38897 -0.188325 -0.901796 -0.143948 -0.0710581 -0.987031 -0.39356 -0.112099 -0.912439 -0.350783 -0.0672432 -0.934039 -0.0455807 -0.0217512 -0.998724 -0.0218415 -0.0217686 -0.999524 0.0934118 0 -0.995628 0.127771 -0.0173912 -0.991651 0.171717 -0.0622022 -0.983181 0.244015 -0.0987595 -0.96473 0.35124 -0.21398 -0.911506 0.469242 -0.200713 -0.859957 0.487754 -0.214581 -0.846198 0.916743 -0.203568 -0.343718 0.919176 -0.337396 -0.203173 0.854506 -0.466771 -0.227914 0.872151 -0.47641 -0.111293 0.83136 -0.544555 -0.110908 0.808544 -0.577708 -0.111845 0.801128 -0.588058 -0.111272 0.785433 -0.608977 -0.110647 -0.898366 -0.425829 -0.107739 -0.902609 -0.417005 -0.106784 -0.954757 -0.278613 -0.103992 -0.973073 -0.201854 -0.111285 -0.971943 -0.206859 -0.111961 -0.971394 -0.208571 -0.113542 -0.84239 -0.110487 -0.527419 -0.838876 -0.139893 -0.526038 -0.965764 -0.0624636 -0.251792 -0.351518 -0.0186912 -0.935995 -0.343637 -0.0102761 -0.939046 -0.0348128 -0.0109358 -0.999334 -0.787502 -0.0256656 -0.615777 -0.0130499 0 -0.999915 0.00872613 0.00872483 -0.999924 0.026098 0.0174146 -0.999508 0.110576 0.0173137 -0.993717 0.182096 0.0534642 -0.981826 0.407357 0.0496574 -0.911918 0.407808 -0.0160106 -0.912927 0.420114 -0.0273355 -0.907059 0.41847 -0.0924923 -0.903509 0.474144 -0.141881 -0.86894 0.916811 -0.203218 -0.343743 0.89472 -0.143183 -0.423055 0.969331 -0.214859 -0.119298 0.936148 -0.333848 -0.110332 0.932985 -0.342465 -0.110707 0.914058 -0.39047 -0.109683 0.879396 -0.462999 -0.11088 0.827689 -0.550207 -0.110466 -0.985545 -0.130443 -0.108096 -0.983634 -0.00727813 -0.180033 -0.993994 -0.0207043 -0.107454 -0.994138 -0.00528535 -0.107992 -0.981485 0.0664575 -0.17964 -0.956626 0.147846 -0.251016 -0.855483 0.197496 -0.478691 -0.785544 0.0749818 -0.614246 -0.365915 0.054501 -0.929051 -0.343494 0.0306168 -0.938656 -0.0779131 0.0325013 -0.99643 -0.126721 0.0818183 -0.988558 -0.0824775 0.0822022 -0.993197 3.17722e-06 0.00330443 -0.999995 0.0020561 0.00846065 -0.999962 0.00436997 0.0130801 -0.999905 0.00872513 0.0174338 -0.99981 0.0497919 0.0994897 -0.993792 0.145815 0.194158 -0.970073 0.147204 0.138872 -0.979309 0.260906 0.135539 -0.955802 0.328111 0.168965 -0.929405 0.435565 0.152362 -0.887169 0.439338 0.0788529 -0.894854 0.895401 0.0851942 -0.437035 0.898294 -0.0288324 -0.438447 0.903342 -0.0391435 -0.427131 0.992354 -0.0430006 -0.115692 0.99117 -0.0650286 -0.115554 0.991804 -0.0640861 -0.110537 0.985439 -0.133233 -0.105635 0.969616 -0.22151 -0.103822 0.95888 -0.263517 -0.105393 0.936219 -0.333756 -0.110008 0.935206 -0.336713 -0.10961 0.924072 -0.366582 -0.108204 0.914254 -0.390024 -0.109641 -0.99277 0.0526877 -0.107847 -0.991099 0.0792757 -0.106953 -0.981217 0.160082 -0.107645 -0.968421 0.22382 -0.109841 -0.958723 0.261551 -0.111541 -0.953424 0.279723 -0.112862 -0.87839 0.271666 -0.39323 -0.855304 0.198765 -0.478485 -0.944958 0.306774 -0.113768 -0.364435 0.104969 -0.925294 -0.434534 0.175027 -0.883485 -0.184954 0.110777 -0.976484 -0.110871 0.1726 -0.978732 -0.0822112 0.114725 -0.98999 -0.333085 0.26457 -0.905018 -0.329272 0.320001 -0.888357 -0.329223 0.320051 -0.888358 -0.267989 0.324905 -0.906983 -0.000684438 0.00573354 -0.999983 0 0.00330443 -0.999995 -0.0282542 0.0609432 -0.997741 -0.0267395 0.328132 -0.944253 0.00265836 0.328248 -0.944588 0.00412923 0.327563 -0.94482 0.0101965 0.333047 -0.942855 0.0471896 0.332693 -0.941854 0.0882369 0.369959 -0.924848 0.148257 0.367304 -0.918209 0.15569 0.214472 -0.964242 0.312853 0.366251 -0.876347 0.368625 0.363579 -0.855527 0.375558 0.356658 -0.855424 0.38947 0.247683 -0.887111 0.511689 0.278455 -0.812796 0.473822 0.177667 -0.862512 0.903003 0.174642 -0.392538 0.910414 0.120499 -0.395759 0.98456 0.130313 -0.116879 0.992314 0.0488273 -0.113703 0.993335 -0.0182133 -0.113811 0.993611 -0.0181007 -0.1114 0.993607 -0.0187934 -0.11132 0.99336 -0.0312827 -0.110711 -0.950714 0.289307 -0.111557 -0.940447 0.320653 -0.112875 -0.875163 0.420544 -0.239234 -0.87653 0.278781 -0.392397 -0.922104 0.370484 -0.11165 -0.919129 0.377846 -0.111508 -0.895697 0.430411 -0.111684 -0.426826 0.254406 -0.867812 -0.452778 0.274623 -0.848277 -0.258513 0.411858 -0.87381 -0.177146 0.419607 -0.890252 -0.105427 0.350315 -0.930679 -0.0530515 0.351783 -0.934577 -0.49806 0.381829 -0.778552 -0.72331 0.598213 -0.34491 -0.713393 0.625373 -0.316195 -0.646604 0.693864 -0.316947 -0.606767 0.709473 -0.358444 -0.389276 0.484296 -0.783531 -0.280333 0.439537 -0.853359 0.00947185 0.33437 -0.942394 -0.0713812 0.628542 -0.774493 0.0134783 0.630093 -0.776403 0.0655762 0.688654 -0.722118 0.0665573 0.689316 -0.721397 0.113723 0.686366 -0.718309 0.253052 0.796205 -0.549565 0.228578 0.449533 -0.863523 0.304978 0.439759 -0.844749 0.307576 0.437391 -0.845036 0.427377 0.495487 -0.756202 0.650255 0.718662 -0.246359 0.659602 0.714288 -0.233921 0.778518 0.583899 -0.230157 0.781785 0.57242 -0.24728 0.658007 0.403852 -0.635555 0.650401 0.382154 -0.656458 0.920154 0.28383 -0.269736 0.920584 0.282849 -0.269298 0.949662 0.292471 -0.112263 0.952574 0.283022 -0.111812 0.96433 0.240314 -0.110985 0.966027 0.233829 -0.110071 0.988623 0.105963 -0.106756 0.992604 0.0485115 -0.111287 -0.919912 0.375965 -0.111414 -0.793974 0.550374 -0.258251 -0.874903 0.471692 -0.109778 -0.847223 0.519812 -0.109584 -0.816789 0.566188 -0.110848 -0.293639 0.851171 -0.435068 -0.256166 0.839165 -0.479772 -0.207954 0.760072 -0.615666 -0.806375 0.581018 -0.11035 -0.747275 0.655075 -0.111615 -0.738963 0.664542 -0.110982 -0.681786 0.723068 -0.11109 -0.67751 0.727029 -0.111391 -0.557402 0.785768 -0.26809 -0.593544 0.797215 -0.110243 -0.575011 0.810592 -0.110917 -0.440179 0.862191 -0.250736 -0.317086 0.866034 -0.386577 -0.176706 0.952096 -0.249577 -0.0968617 0.979978 -0.173958 0.025187 0.984295 -0.174724 0.0275477 0.98397 -0.176192 0.0276991 0.983966 -0.176191 0.0303015 0.983342 -0.179223 0.289272 0.848767 -0.442625 0.126756 0.975858 -0.177859 0.229502 0.938284 -0.258751 0.312994 0.855962 -0.411538 0.363707 0.881719 -0.30048 0.468891 0.864461 -0.18124 0.626793 0.754449 -0.194778 0.634985 0.76431 -0.112358 0.667022 0.736802 -0.110474 0.672679 0.731635 -0.110515 0.674258 0.730159 -0.110655 0.793943 0.594817 -0.125881 0.769355 0.629234 -0.110259 0.793434 0.597843 -0.114222 0.811167 0.552221 -0.192512 0.912238 0.374133 -0.166872 0.933068 0.342414 -0.110167 0.935939 0.334391 -0.11046 0.944812 0.308262 -0.110928 -0.841477 0.529198 -0.108933 -0.806411 0.581043 -0.109953 -0.329233 0.937003 -0.116752 -0.311039 0.9437 -0.112624 -0.299266 0.947549 -0.112208 -0.780294 0.616175 -0.107095 -0.73922 0.664773 -0.107843 -0.734325 0.670276 -0.107228 -0.682076 0.723375 -0.107242 -0.679411 0.725929 -0.106898 -0.629707 0.769529 -0.106277 -0.593602 0.797293 -0.109368 -0.53734 0.836165 -0.109969 -0.495585 0.861532 -0.110268 -0.451821 0.884994 -0.112439 -0.554308 0.82518 -0.108723 -0.37726 0.919295 -0.112127 -0.333505 0.935934 -0.113149 -0.289237 0.950723 -0.111658 -0.207138 0.972273 -0.10853 -0.176936 0.978323 -0.107603 -0.105651 0.988567 -0.10758 -0.0821583 0.990687 -0.108578 -0.0794226 0.990892 -0.108746 0.0143604 0.993928 -0.109091 0.0211239 0.993752 -0.109593 0.0227809 0.993707 -0.109672 0.102481 0.988733 -0.109113 0.358438 0.926653 -0.113295 0.380967 0.917571 -0.1137 0.127938 0.985926 -0.107621 0.13832 0.984569 -0.1072 0.248755 0.962626 -0.10711 0.274784 0.955397 -0.108217 0.406414 0.906855 -0.111544 0.454432 0.883987 -0.109812 0.467069 0.877395 -0.109658 0.471405 0.875077 -0.109625 0.473909 0.873713 -0.109703 0.49565 0.861649 -0.10905 0.495944 0.86152 -0.108729 0.619273 0.777887 -0.106732 0.666805 0.737043 -0.110179 0.672221 0.732134 -0.109996 0.673097 0.731322 -0.110042 0.718259 0.687512 -0.106923 0.769351 0.629348 -0.109639 0.903056 0.415624 -0.10838 0.932389 0.344297 -0.110047 0.781255 0.614939 -0.107194 0.78348 0.612137 -0.106994 0.871108 0.480069 -0.103462 0.88482 0.454338 -0.103296 0.0191465 0.993929 -0.108345 0.0143608 0.993945 -0.108935 0.102336 0.988892 -0.107796 0.403028 0.908746 -0.108398 0.407187 0.906933 -0.108034 0.486169 0.867095 -0.108565 0.491861 0.863908 -0.108337 0 -1 0 0 -1 0 0 -1 0 0 -1 0 0 -1 0 0 -1 0 -0.0147398 -0.999455 -0.0295222 -0.015956 -0.999322 -0.0331775 -0.0159524 -0.999092 -0.0395063 -0.0023075 -0.998922 -0.0463634 0 -0.998971 -0.045351 1 0 0 1 0 0 1 0 0 1 0 0 1 0 0 1 0 0 1 0 0 1 0 0 1 0 0 1 0 0 1 0 0 1 0 0 1 0 0 -0.0147398 -0.999456 -0.0295133 -0.0159573 -0.9994 -0.0307318 -0.0196743 -0.999077 -0.0381768 -0.0185737 -0.999089 -0.0384185 0 0 -1 0 0 -1 0 -0.99886 -0.0477323 -0.183281 -0.982636 -0.0289041 -1 0 0 -1 0 0 -1 0 0 -1 0 0 -1 0 0 -1 0 0 -1 0 0 -1 0 0 -1 0 0 -1 0 0 -1 0 0 -1 0 0 -1 0 0 -1 0 0 -1 0 0 -1 0 0 0.14112 -0.925175 0.352331 0.0695892 -0.97542 0.209079 0.0398221 -0.990921 0.128416 0.00446928 -0.999793 0.0198704 -0.0159646 -0.999858 -0.00543714 1.86006e-05 1 5.33077e-05 0.000199897 1 0 0.378973 -0.400067 0.834461 0.357925 -0.441664 0.822692 0.153735 -0.906858 0.392396 0.0394328 -0.981233 0.18875 0 -0.999925 0.012269 0.0116371 0.99908 0.0412709 0.000971914 0.999996 0.00278542 0.379731 -0.384818 0.84126 0.369446 -0.364213 0.854903 0.371479 -0.304608 0.87705 0.0398252 0.990998 0.127817 0.0398243 0.990975 0.127995 0.0399286 0.990957 0.128097 0.154415 0.909831 0.385179 0.169696 0.89648 0.4093 0.390145 -0.012381 0.92067 0.38996 -0.0166563 0.920681 0.174549 0.891212 0.418657 0.309716 0.608004 0.731032 0.390319 -0.00722238 0.920651 0.390119 -0.00942944 0.920716 0.37063 0.368967 0.852348 0.371891 0.331288 0.867148 0.390329 0 0.920675 0.390329 0 0.920675 0.38474 0.143322 0.91183 0.388728 0.0114165 0.921282 0.0482396 0.998726 0.0148297 0 0 -1 0 0 -1 0 0 -1 0 0 -1 0 0 -1 0 0 -1 0 0 -1 0 0 -1 0 0 -1 0 0 -1 0 0 -1 0 0 -1 0 0 -1 0 0 -1 0 0 -1 0 0 -1 0 0 -1 0 0 -1 0 0 -1 0 0 -1 0 0 -1 0 0 -1 0 0 -1 0 0 -1 0 0 -1 0 0 -1 0 0 -1 0 0 -1 0 0 -1 0 0 -1 0 0 -1 0 0 -1 0 0 -1 0 0 -1 0 0 -1 0 0 -1 0 0 -1 0 0 -1 0 0 -1 0 0 -1 0 0 -1 0 0 -1 0 0 -1 0 0 -1 -0.117311 0.992986 0.0147445 -0.144735 0.989204 0.0229683 -0.131951 0.901832 0.411447 -0.0671037 0.878006 0.473923 0.0296023 0.879604 0.474785 0.0634381 0.894132 0.443286 0.070759 0.997318 0.0187227 0.0784165 0.996763 0.0177614 -0.311281 0.950062 0.0220594 -0.37498 0.926012 0.0435015 -0.368731 0.910581 0.186762 -0.334409 0.902167 0.272518 -0.233334 0.884674 0.403619 -0.212394 0.446047 0.869443 -0.131125 0.365287 0.921614 -0.0356421 0.368235 0.929049 0.0119717 0.355729 0.934513 -0.010056 0.344619 0.938689 0 0.344636 0.938736 0.0616283 0.355078 0.932803 0.121348 0.411443 0.903321 0.162133 0.884083 0.438304 0.279452 0.909787 0.30691 0.29346 0.955393 0.0332361 0.177946 0.983884 0.0175319 -0.497918 0.866258 0.0409353 -0.491111 0.870071 0.0422617 -0.525569 0.849868 0.0387536 -0.709009 0.70393 0.042296 -0.709986 0.702826 0.0442168 -0.491147 0.481532 0.72588 -0.361631 0.42388 0.830391 -0.35947 0.42595 0.83027 -0.366458 0.360077 0.857935 -0.156888 0.149534 0.97623 -0.139267 0.149933 0.978839 -0.0107098 0.021437 0.999713 0.0463278 0.0463443 0.997851 0.0656843 0.085241 0.994193 0 0 1 0 0 1 0 0 1 0 0 1 0 0 1 0 0 1 0 0 1 0 0 1 0 0 1 0.278772 0.296816 0.913338 0.267634 0.399385 0.876849 0.287793 0.424422 0.858511 0.289643 0.906921 0.305943 0.456789 0.881263 0.121321 0.459814 0.8871 0.0403203 0.372134 0.927643 0.0315557 0.297594 0.954141 0.0324571 -0.711474 0.701479 0.0416073 -0.711871 0.701089 0.0414127 -0.854968 0.517308 0.0377094 -0.872325 0.487282 0.0400517 -0.878855 0.475205 0.0423555 -0.916269 0.358307 0.179072 -0.908395 0.325482 0.262449 -0.436175 0.358075 0.825551 -0.432289 0.354912 0.828953 -0.451583 0.214948 0.865951 -0.371323 0.135654 0.918541 -0.157012 0.144287 0.977 -0.0258748 0.0129302 0.999582 0.0463279 0.0463022 0.997853 0.19843 0.0454302 0.979062 0.361743 0.13011 0.923154 0.376036 0.149727 0.914428 0.364424 0.286113 0.886191 0.36136 0.28923 0.886434 0.42852 0.476587 0.767617 0.668241 0.715676 0.203127 0.622056 0.771875 0.131361 0.460031 0.886989 0.0402834 0.626973 0.777977 0.0407092 -0.952177 0.304609 0.0239374 -0.930436 0.363846 0.0436384 -0.990756 0.133348 0.0249072 -0.90969 0.122437 0.39683 -0.892127 0.229471 0.389168 -0.887815 0.0622143 0.455975 -0.374552 0.0354197 0.926529 -0.352572 0.012104 0.935706 -0.352597 -0.00250817 0.935772 -0.00535864 -0.00268028 0.999982 0.154373 0 0.988013 0.490893 -0.0590561 0.869216 0.48922 0.101339 0.866253 0.479079 0.11104 0.87072 0.172736 -0.0188908 0.984787 0.262698 -0.0654048 0.962659 0.507039 0.180839 0.842739 0.713802 0.339141 0.612756 0.85559 0.417299 0.306312 0.857473 0.44099 0.26508 0.832432 0.532422 0.153574 0.703927 0.692005 0.160052 0.712562 0.700494 0.0395401 0.711116 0.701987 0.0391018 0.678368 0.733861 0.0355678 0.630018 0.775552 0.0399608 -0.993636 0.111148 0.0182654 -0.998418 -0.0531393 0.0183533 -0.996768 -0.077191 0.0222464 -0.904399 -0.0700378 0.420902 -0.889066 -0.0326112 0.456617 -0.364423 -0.0150301 0.931112 -0.363334 -0.0786966 0.928329 -0.109576 -0.0839607 0.990426 -0.0640821 -0.0613818 0.996055 -0.0613148 -0.0613924 0.996229 0.0191862 -0.0191756 0.999632 0.366214 -0.179002 0.913152 0.511461 -0.161855 0.843926 0.516652 -0.0795699 0.85249 0.984767 0.0661907 0.160785 0.985584 -0.0522376 0.160919 0.988314 0.126102 0.0856385 0.963053 0.245008 0.111807 0.357625 -0.231818 0.904635 0.365802 -0.223518 0.903454 0.0191862 -0.019193 0.999632 0.0209687 -0.0227615 0.999521 0.244744 -0.246507 0.937729 0.968445 0.246379 0.037576 0.967287 0.250987 0.0368931 0.896826 0.441646 0.0255184 0.88887 0.457137 0.0305794 0.841753 0.538383 0.0399506 0.839705 0.541619 0.0393147 -0.996049 -0.0862863 0.0210024 -0.982408 -0.185596 0.0207148 -0.952786 -0.301533 0.0357415 -0.915667 -0.289785 0.27853 -0.892911 -0.173273 0.415555 -0.424118 -0.141398 0.8945 -0.410861 -0.283382 0.866538 -0.316238 -0.292979 0.902306 -0.309938 -0.368776 0.876323 -0.301647 -0.376913 0.875755 -0.157188 -0.390413 0.907122 -0.125643 -0.366044 0.922077 -0.059637 -0.239883 0.968968 0 -0.182913 0.983129 0.601607 -0.299891 0.740361 0.554138 -0.193256 0.809681 0.986188 -0.120392 0.113751 0.990061 -0.0820847 0.114198 0.991 0.126445 0.0439343 0.995609 -0.0825447 0.0441386 0.987654 0.152347 0.0364785 0.22938 -0.36323 0.903022 0.418043 -0.423357 0.803747 0.749737 -0.625118 0.217075 0.824262 -0.525992 0.209583 0.671337 -0.67798 0.299415 0.0205389 -0.20266 0.979034 0.0636738 -0.285103 0.956379 0.167988 -0.378658 0.910164 0.213429 -0.378908 0.900487 -0.950713 -0.308153 0.0344379 -0.887546 -0.458866 0.0412848 -0.884121 -0.457095 0.0969295 -0.914726 -0.293011 0.278244 -0.926281 -0.375336 0.0335529 -0.437792 -0.305111 0.845722 -0.488572 -0.436256 0.755631 -0.720568 -0.672461 0.169052 -0.702679 -0.698489 0.135486 -0.530673 -0.837599 0.129672 -0.420421 -0.868725 0.261847 -0.418747 -0.868567 0.265033 -0.347422 -0.739246 0.5769 -0.192656 -0.534399 0.822983 -0.105914 -0.496631 0.861476 -0.098356 -0.503912 0.858137 0.057317 -0.505535 0.8609 0.905519 -0.422591 0.0380968 0.956173 -0.290813 0.0340684 0.975578 -0.216243 0.0385494 0.981029 -0.189102 0.0426971 0.843964 -0.514122 0.152981 0.995306 -0.0865468 0.0433184 0.995472 -0.084495 0.0435505 0.291917 -0.616756 0.731024 0.515319 -0.832032 0.205353 0.614718 -0.759342 0.213358 0.628768 -0.776697 0.0373333 0.702427 -0.711524 0.0181388 0.767519 -0.639944 0.0372321 0.853425 -0.519886 0.0372075 0.151689 -0.525404 0.837222 0.0763715 -0.530003 0.84455 0.182844 -0.566942 0.803209 -0.887531 -0.458895 0.0412802 -0.770695 -0.635823 0.0419334 -0.767087 -0.632846 0.105281 -0.733282 -0.67887 0.0378485 -0.711937 -0.701091 0.0402152 -0.708615 -0.70439 0.0412159 -0.769586 -0.637187 0.0415924 -0.537977 -0.841966 0.0409119 -0.53473 -0.844003 0.0415124 -0.435412 -0.8997 0.0309341 -0.43129 -0.901732 0.0294707 -0.266326 -0.96314 0.0378342 -0.265363 -0.959658 0.0929506 -0.119151 -0.990544 0.0680137 -0.0607307 -0.988672 0.137254 0.0461058 -0.989447 0.137362 0.870762 -0.490937 0.0274563 0.275301 -0.960825 0.032024 0.427413 -0.903309 0.0367541 0.499471 -0.856803 0.128129 0.107203 -0.990214 0.0893512 0.153059 -0.987296 0.0426488 0.194717 -0.980174 0.0366711 0.503272 -0.863322 0.0373194 0.479053 -0.877308 0.0289721 0.0749796 -0.99315 0.0896161 -0.263114 -0.964037 0.0374692 -0.150959 -0.987908 0.0353494 -0.119315 -0.991908 0.0433837 0.075211 -0.996215 0.0435721 0.0758705 -0.996174 0.0433736 0.078985 -0.995947 0.0430225 0 0 -1 0 0 -1 0 0 -1 0 0 -1 0 -1 0 0 -1 0 0 -1 0 0 -1 0 0 -1 0 0 -1 0 -1 0 0 -1 0 0 -1 0 0 -1 0 0 -1 0 0 -1 0 0 -1 0 0 -1 0 0 -1 0 0 -1 0 0 0 1 0 0 1 0 0 1 0 0.0201232 -0.998692 -0.0469996 0 -0.999988 0.00491033 0 -0.999988 0.00491033 1 0 0 1 0 0 1 0 0 1 0 0 1 0 0 1 0 0 1 0 0 1 0 0 1 0 0 1 0 0 1 0 0 1 0 0 1 0 0 1 0 0 1 0 0 1 0 0 1 0 0 0 0.99986 0.0167048 0.000365605 0.999861 0.0166877 0.0590893 -0.983859 -0.16891 0.0325604 -0.996679 -0.0746371 0.035493 -0.996488 0.0758455 0.035493 -0.996488 0.0758455 0.0208909 -0.999564 0.0208886 0.0355507 -0.998105 0.0502157 0 -0.923242 0.384219 0.0233498 0.999455 0.0233512 0.0492831 0.997926 0.041416 0 0.890956 0.45409 0 0.890956 0.45409 0.0318166 0.996327 0.0795035 0.0284402 0.890595 0.453906 0.0379074 0.995612 0.0855572 0.0379942 0.99789 0.0526533 0.037147 -0.999249 0.0110698 0.239797 -0.893312 0.38012 0.23761 -0.893881 0.380155 0.146054 -0.943766 0.296603 0.253654 -0.929695 0.267072 0.0328643 -0.922685 0.384152 0.00293976 -0.92318 0.384358 0.0208985 -0.999563 0.0208886 0.0371306 -0.998807 0.0317046 0.181447 -0.973075 0.142132 0.293168 -0.921133 0.256058 0.29262 -0.919318 0.263112 0 -0.921954 0.387299 0.299438 0.901526 0.312391 0.338094 0.889548 0.307241 0.160516 0.97889 0.126524 0 0.346933 0.93789 0.168856 0.922685 0.346613 0.0662939 0.869605 0.489278 0.157502 0.860644 0.484236 0.02852 0.345559 0.937963 0.0846173 0.34446 0.93498 0.278435 0.8524 0.442593 0.289773 -0.939876 0.180732 0.207525 -0.965247 0.158843 0.253156 -0.883367 0.39443 0.368751 -0.866111 0.337452 0.401644 -0.800462 0.444908 0.322336 -0.739695 0.59072 0.303933 -0.753405 0.5831 0.225747 -0.84579 0.483402 0.20407 -0.849932 0.48577 0.139284 -0.90002 0.412993 0.0645092 -0.906987 0.41619 0.0847604 -0.368888 0.925601 0 -0.370221 0.928944 0 -0.370221 0.928944 0.286786 -0.927453 0.239969 0.298007 -0.919721 0.255547 0.445939 -0.826634 0.34324 0.473516 -0.799373 0.369844 0.279485 0.850773 0.445055 0.291082 0.84049 0.456998 0.45658 0.734478 0.502073 0.431957 0.809571 0.397502 0.343521 0.886274 0.310665 0.43115 0.830825 0.351908 0.0303917 0 0.999538 0.0303917 0 0.999538 0.229289 0.79711 0.558608 0.260761 0.790595 0.554043 0.146812 0.280097 0.948679 0.191426 0.277929 0.941335 0.152933 0 0.988237 0.152933 0 0.988237 0.479742 -0.804596 0.349962 0.660419 -0.247051 0.709093 0.617025 -0.181711 0.765677 0.557615 -0.177942 0.810803 0.694254 -0.210039 0.6884 0.487892 -0.786096 0.379494 0.74738 -0.208608 0.630797 0.355075 -0.0165995 0.934691 0.287325 -0.0918857 0.953416 0.23829 -0.226715 0.944361 0.536994 -0.0839015 0.839403 0.488282 -0.0185014 0.87249 0.186236 -0.300974 0.935271 0.144493 -0.303118 0.941935 0.0303917 -0.00135341 0.999537 0 -0.0027132 0.999996 0.151626 -0.00133838 0.988437 0.491893 -0.782917 0.380897 0.344828 0.673435 0.653895 0.355459 0.664834 0.656997 0.663319 0.230839 0.711843 0.555878 0.165588 0.814604 0.618413 0.169307 0.767399 0.69629 0.196222 0.690418 0.749635 0.194873 0.632513 0.62658 0.59335 0.505306 0.493125 0.765657 0.413034 0.712695 0.449217 0.538767 0.246927 0.201876 0.947773 0.288545 0 0.957466 0.288545 0 0.957466 0.287358 0.0906082 0.953528 0.785371 -0.203877 0.584488 0.627472 0 0.77864 0.627472 0 0.77864 0.710095 0 0.704106 0.710095 0 0.704106 0.538894 0 0.842373 0.538894 0 0.842373 0.748331 -0.206585 0.630336 0.764829 0 0.644233 0.764829 0 0.644233 0.776568 -0.171488 0.606246 0.355124 0 0.934819 0.355124 0 0.934819 0.488366 0 0.872639 0.488366 0 0.872639 0.488285 0.0182421 0.872494 0.537047 0.0827334 0.839486 0.355076 0.0163668 0.934694 0.750412 0.193251 0.632089 0.781089 0.223724 0.582965 0.771799 0.16798 0.613277 0.788186 -0.0121995 0.615316 0.78744 -0.00461111 0.616374 0.785673 0 0.618642 0.785673 0 0.618642 0.788227 0.0066846 0.615348 0.784598 0.096086 0.612514 1 0 0 1 0 0 1 0 0 1 0 0 1 0 0 1 0 0 1 0 0 1 0 0 1 0 0 1 0 0 1 0 0 1 0 0 0 0.00707458 0.999975 -0.25785 0.00627877 0.966165 -0.258199 0 0.966092 -0.258199 0 0.966092 0 -0.00707458 0.999975 -0.258197 -0.0045501 0.966082 -0.258099 -0.00627776 0.966098 0 0.182659 0.983176 -0.10356 0.181992 0.977831 -0.252178 0.177062 0.951344 -0.255731 0.12832 0.958194 -0.305647 0.284975 0.908498 -0.325215 0.258673 0.909573 -0.38237 0.107348 0.917752 -0.384593 0 0.923086 -0.384593 0 0.923086 0 -0.194077 0.980986 0 -0.194077 0.980986 -0.256128 -0.123522 0.958718 -0.251429 -0.187843 0.949473 -0.380878 -0.00435481 0.924615 -0.378388 -0.11425 0.918569 -0.314777 -0.282365 0.906193 -0.3081 -0.291701 0.90553 0.525562 0.701788 0.480914 -0.146643 0.814748 0.560965 -0.210114 0.593231 0.777129 -0.235407 0.413686 0.879458 -0.262822 0.488985 0.831756 -0.259389 0.806356 0.531514 -0.319236 0.791246 0.521554 -0.39827 0.681548 0.613901 -0.584262 0.0259465 0.81115 -0.453139 0.0247168 0.891097 -0.427871 0.655482 0.62231 -0.624642 0.116878 0.772115 -0.613359 0.0695653 0.786735 -0.453278 0 0.891369 -0.453278 0 0.891369 0 -0.871526 0.49035 0 -0.871526 0.49035 -0.192668 -0.674189 0.712985 -0.12699 -0.86447 0.48638 -0.246076 -0.574188 0.780868 -0.453133 -0.0252939 0.891084 -0.584253 -0.0265523 0.811137 -0.613289 -0.0711826 0.786645 -0.625609 -0.125083 0.770044 -0.387009 -0.733386 0.5589 -0.359384 -0.755487 0.547799 -0.282497 -0.845462 0.453199 -0.224813 -0.8588 0.460349 0.248973 0.941335 0.227818 0 0.972067 0.234702 -0.00836121 0.972033 0.234694 -0.0436648 0.962515 0.26769 -0.0945689 0.927093 0.362705 -0.118886 0.888311 0.443588 -0.163412 0.88263 0.440751 -0.173882 0.939181 0.296148 -0.332223 0.833889 0.440745 -0.362304 0.82276 0.437953 -0.584459 0 0.811423 -0.584459 0 0.811423 -0.614848 0 0.788645 -0.614848 0 0.788645 -0.723602 0.117697 0.680108 -0.374644 0.823469 0.426076 -0.552074 0.679749 0.482862 -0.728443 0.12634 0.673356 -0.728667 0 0.684869 -0.728667 0 0.684869 -0.0428445 -0.970651 0.236647 -0.00240851 -0.980156 0.198213 0 -0.980159 0.198214 0 -0.980159 0.198214 -0.100321 -0.921585 0.374989 -0.0802828 -0.948028 0.307891 -0.13945 -0.917208 0.373208 -0.722866 -0.125927 0.679417 -0.727282 -0.134545 0.673022 -0.493041 -0.755968 0.430608 -0.327069 -0.871239 0.366018 -0.314303 -0.870599 0.378511 -0.290013 -0.878547 0.379535 -0.145785 -0.958875 0.243528 0 1 0 0 1 0 0 1 0 0 1 0 0 1 0 -0.000307704 1 0.000923587 -0.00859646 0.999382 0.0340703 -0.0171996 0.99765 0.0663218 -0.0446116 0.983386 0.175962 -0.0172273 0.999258 0.0344476 -0.0720185 0.993403 0.0892455 -0.0721189 0.994786 0.0721039 -0.0759337 0.994504 0.0720834 -0.151828 0.982316 0.109559 -0.384295 0.855339 0.347439 -0.760724 0.0815215 0.643936 -0.763265 0 0.646086 -0.763265 0 0.646086 -0.466879 0.818282 0.335318 -0.522801 0.760906 0.384319 -0.737928 0.551237 0.389359 -0.871778 0.178948 0.45605 -0.870555 0.153014 0.467677 -0.844442 0.0781822 0.529911 -0.0434543 -0.984464 0.170123 -0.0159777 -0.998058 0.0602096 -0.00245716 -0.999952 0.00951923 -0.000307704 -1 0.000923587 0 -1 0 0 -1 0 0 -1 0 0 -1 0 0 -1 0 0 -1 0 0 -1 0 0 -1 0 -0.0659845 -0.994446 0.0819959 -0.0159986 -0.99936 0.0319906 -0.760405 -0.0864865 0.643665 -0.844116 -0.0829466 0.529706 -0.869937 -0.164741 0.464833 -0.87054 -0.187171 0.455113 -0.696879 -0.615989 0.367311 -0.460159 -0.817761 0.345717 -0.402824 -0.865675 0.297221 -0.331632 -0.89304 0.304137 -0.125957 -0.987418 0.0956053 -0.0662177 -0.995617 0.0660484 -0.0660628 -0.995627 0.0660491 0 0 -1 0 0 -1 0 0 -1 0 0 -1 0 0 -1 0 0 -1 0 0 -1 0 0 -1 0 0 -1 0 0 -1 0 0 -1 0 0 -1 0 0 -1 0 0 -1 0 0 -1 0 0 -1 0 0 -1 -0.000187991 1 0.000405084 -0.000187991 1 0.000375905 -0.000163044 1 0.00016301 -0.00738025 0.999966 0.00368503 -0.000143922 1 7.18618e-05 -0.0404283 0.999176 0.00368212 -0.0624057 0.99799 0.0110339 -0.197668 0.977063 0.0792213 -0.225319 0.968281 0.107994 -0.463963 0.856022 0.227959 -0.479903 0.841109 0.249457 -0.847035 0 0.531538 -0.847035 0 0.531538 -0.590098 0.759418 0.273988 -0.582384 0.773348 0.250524 -0.963724 0.197756 0.179242 -0.955049 0.0872917 0.283305 -0.920086 0.0979122 0.379282 -0.880928 0 0.47325 -0.880928 0 0.47325 -0.924528 0 0.381113 -0.924528 0 0.381113 -0.000205023 -1 0.000411376 -0.000305586 -1 0.000914412 -0.000204787 -1 0.000409491 -0.000163044 -1 0.00016301 -0.000173772 -1 0.000254561 0.000174982 -1 -0.000350419 0.017196 -0.999599 -0.0224878 0.032036 -0.998674 -0.0403033 0.0440133 -0.998218 -0.0402869 -0.881986 -0.00190157 0.471271 -0.923109 -0.00199024 0.384532 -0.918037 -0.104706 0.382419 -0.954552 -0.093016 0.283158 -0.960862 -0.216089 0.173347 -0.517617 -0.82767 0.216878 -0.528232 -0.813524 0.243208 -0.412107 -0.885624 0.214097 -0.391004 -0.901002 0.187914 -0.20522 -0.97416 0.0943217 -0.183897 -0.980286 0.072257 -0.0697104 -0.997459 0.0147044 -0.0257399 -0.999669 0 -0.0257399 -0.999669 0 -0.000116617 -1 0 -0.000116617 -1 0 -0.000162942 -1 0.000162526 0.737184 -0.0323838 -0.674915 -0.04182 0.996955 -0.0658123 -0.00033505 1 -0.000334983 -0.00018329 1 -0.000107422 -0.000116617 1 0 -0.000116617 1 0 -0.0318635 0.999492 0 -0.0318635 0.999492 0 -0.035541 0.999367 0.00123051 -0.481852 0.876252 0.00107892 -0.483918 0.875108 0.00317169 -0.483897 0.875071 0.00967488 -0.497591 0.867092 0.0235448 -0.496503 0.865196 0.070151 -0.5307 0.820249 0.213423 -0.539731 0.834207 0.113091 -0.958034 0.267745 0.102388 -0.966848 0.198397 0.160762 -0.986457 0 0.164022 -0.986457 0 0.164022 -0.958708 0 0.284391 -0.958708 0 0.284391 0 -1 -0.000175424 0 -1 -0.000175425 0 -0.995782 -0.0917492 0.0171278 -0.995636 -0.0917357 0.017509 -0.995595 -0.0921137 0 -0.982341 -0.187102 -0.963043 -0.21658 0.160129 -0.459553 -0.870348 0.176936 -0.951273 -0.29102 0.101919 -0.464338 -0.879411 0.105005 -0.421952 -0.904165 0.0666462 -0.422778 -0.905936 0.0231962 -0.412284 -0.910956 0.0134292 -0.412316 -0.911026 0.00515012 -0.406798 -0.913518 0 -0.406798 -0.913518 0 -0.0257314 -0.999338 -0.0257262 -8.45121e-05 -1 -8.4495e-05 -0.060146 0.993765 -0.0938815 -0.0548196 0.994841 -0.0853625 -0.0621418 0.993758 -0.0926498 -0.0318473 0.998985 -0.0318409 -0.481852 0.876253 0 -0.481852 0.876253 0 -0.955403 0.29527 0.00449811 -0.955413 0.295273 0 -0.955413 0.295273 0 -0.956212 0.291299 0.0283534 -0.956564 0.291406 0.00828407 -0.961899 0.268825 0.0498439 -0.99866 0 0.0517489 -0.99866 0 0.0517489 -6.87293e-05 -1 -0.000114574 -5.06456e-05 -1 -0.000124817 -4.42514e-07 -1 -0.000175041 -0.000231938 -0.995781 -0.0917646 -0.181405 -0.904292 -0.386456 -0.085978 -0.948744 -0.304128 -0.0309477 -0.970787 -0.237937 -0.0865355 -0.9805 -0.176443 -0.0867626 -0.980402 -0.176873 -0.183745 -0.91056 -0.370294 -0.955081 -0.292185 0.0494906 -0.948514 -0.31542 0.0288376 -0.948877 -0.31554 0.00821749 -0.947821 -0.31876 0.0052794 -0.947834 -0.318765 0 -0.947834 -0.318765 0 -0.399948 -0.898135 -0.182744 -0.318577 -0.910085 -0.265054 -0.242199 -0.931198 -0.272415 -0.0599753 -0.993966 -0.0918408 -0.0548954 -0.994934 -0.084219 -0.049125 -0.995705 -0.0784725 -0.0289757 -0.998412 -0.0483036 -0.272582 0.855214 -0.440804 -0.268005 0.861029 -0.432206 -0.0775958 0.9896 -0.121119 -0.0672329 0.992684 -0.100291 -0.287242 0.90361 -0.317775 -0.380371 0.872921 -0.305494 -0.471136 0.856766 -0.209722 -0.999963 0 0.00865991 -0.999963 0 0.00865991 -1 0 0 -1 0 0 -0.941633 0.291015 -0.169229 -0.0867198 -0.982588 -0.164321 -0.243224 -0.849392 -0.468374 -0.227876 -0.885327 -0.405301 -0.261243 -0.827764 -0.496547 -0.40466 -0.552569 -0.728641 -0.464076 -0.311596 -0.829181 -0.0869506 -0.982525 -0.164571 -0.0971427 -0.979841 -0.174573 -0.112482 -0.973848 -0.197401 -0.208147 -0.910945 -0.356165 -0.231248 -0.884981 -0.404144 -0.231125 -0.88463 -0.404982 -0.935054 -0.314467 -0.16366 -0.937857 -0.173899 -0.300305 -0.701382 -0.208704 -0.681546 -0.621714 -0.292128 -0.726728 -0.396385 -0.767667 -0.503554 -0.297066 -0.83112 -0.470098 -0.22744 -0.895073 -0.383556 -0.226959 -0.895176 -0.3836 -0.290593 0.831629 -0.473231 -0.447862 0.696918 -0.560112 -0.30244 0.815988 -0.49264 -0.335108 0.777928 -0.531536 -0.625339 0.273807 -0.73074 -0.703384 0.195167 -0.683492 -0.939713 0.162477 -0.300899 -0.952368 0 -0.304951 -0.952368 0 -0.304951 -0.341659 -0.718928 -0.605319 -0.239912 -0.877172 -0.415945 -0.302994 -0.797263 -0.522078 -0.340384 -0.730752 -0.591727 -0.469375 -0.288972 -0.834375 -0.478935 -0.235968 -0.845542 -0.344106 -0.724195 -0.597606 -0.415831 -0.558215 -0.71797 -0.235473 -0.88219 -0.407791 -0.717175 0 -0.696893 -0.717175 0 -0.696893 -0.523651 0 -0.851933 -0.523651 0 -0.851933 -0.517472 -0.153176 -0.841879 -0.508853 -0.152379 -0.84726 -0.305848 -0.793757 -0.525743 -0.418977 0.574789 -0.702905 -0.337573 0.762013 -0.552613 -0.518276 0.142918 -0.843187 -0.480607 0.321526 -0.815866 -0.508903 0.142108 -0.849013 -0.501601 -0.0777952 -0.861594 -0.503244 -0.0702972 -0.861281 -0.510141 0 -0.860091 -0.510141 0 -0.860091 -0.509798 -0.00220343 -0.860291 -0.49251 0.203477 -0.846186 -0.506613 0.107111 -0.855494 -0.509491 0.014442 -0.860355 -0.509574 0.00715625 -0.860397 0.00160571 0 0.999999 1 0 0 1 0 0 1 0 0 1 0 0 1 0 0 1 0 0 1 0 0 0 1 0 0 1 0 0 1 0 0 1 0 0 1 0 0 1 0 0 1 0 0 1 0 0.000943502 0.000515555 0.999999 0.000588091 -1 -0.000324313 0.00075433 -1 0 0.0538751 -0.988386 0.142093 0.0870485 -0.915427 0.392957 0.0352587 -0.103771 0.993976 0.0213813 -0.041672 0.998903 0.00546693 -0.00576727 0.999968 0 0 1 0 0 1 0 -1 0 0 -1 0 0 -1 0 0 -1 0 0 -1 0 0 -1 0 0 -1 0 0 -1 0 0 -1 0 0 -1 0 0 -1 0 0 -1 0 0 0 -1 0 0 -1 0.000377921 -1 -0.000893278 0.000275917 -0.999999 -0.00131133 0.000151654 -0.999998 -0.00201142 5.25824e-06 -0.999996 -0.00284356 0 -0.999996 -0.00287785 -0.000195681 -0.999988 -0.00483606 -0.0921704 -0.23763 -0.966973 -0.0168634 -0.0385597 -0.999114 -0.00233293 -0.00274085 -0.999994 -0.757121 -0.422178 -0.498532 -0.73715 -0.414246 -0.533863 -0.689671 -0.404618 -0.600532 -0.0021806 -0.00235669 -0.999995 -0.163769 -0.264871 -0.950275 -0.306099 -0.314153 -0.898672 -0.639828 -0.388751 -0.662943 -0.551526 -0.385484 -0.739744 -0.371425 -0.34578 -0.861673 -0.464925 -0.368936 -0.804817 -0.547214 -0.384881 -0.743252 -0.16542 -0.972026 0.166739 -0.19134 -0.961916 0.195209 -1 0 0 -1 0 0 -1 0 0 -1 0 0 -1 0 0 -1 0 0 -1 0 0 -1 0 0 0 0 -1 0 0 -1 0 0 -1 0 0 -1 0 0 -1 0 0 -1 0 0 -1 0 0 -1 0 0 -1 -0.0110609 -0.999878 0.0110608 -0.0110631 -0.999878 0.0110639 -0.0173222 -0.999676 0.0186659 -0.215257 -0.949602 0.22786 -0.0294347 -0.998646 0.042893 -0.244815 -0.9325 0.265536 -0.382617 -0.833896 0.397772 -0.434537 -0.786086 0.439598 -0.225263 0.946849 0.229637 -0.12904 0.983876 0.123839 -0.0711306 0.996844 0.0352622 0 -1 0 0 -1 0 0 -1 0 0 -0.999988 0.00491148 0 -0.999988 0.00491148 -0.0294021 -0.997538 0.0636683 -0.13555 -0.950644 0.279108 -0.231586 -0.900694 0.367584 -0.0330486 -0.996664 0.0746243 -0.253615 -0.884135 0.392408 -0.394099 -0.807674 0.438576 -0.232403 -0.899714 0.369465 -0.654575 -0.26737 0.707139 -0.67038 -0.251078 0.698248 -0.696487 -0.137639 0.704245 -0.291199 0.90294 0.316073 -0.243453 0.935875 0.254693 -0.486375 0.721278 0.493149 -0.440714 0.772033 0.457969 -0.0406265 0.99855 0.0353226 -0.030661 0.998609 0.0428923 -0.0184358 0.99966 0.0184371 -0.0184401 0.99966 0.0184371 -0.0269496 0.999346 0.0241098 -0.0110524 0.999939 0 1 0 0 1 0 0 1 0 0 1 0 0 1 0 0 1 0 0 1 0 0 1 0 0 1 0 0 1 0 0 1 0 0 1 0 0 1 0 0 1 0 0 1 0 0 1 0 0 0 -0.923901 0.382631 -0.0306215 -0.923468 0.382451 -0.061397 -0.908384 0.413604 -0.12869 -0.902534 0.41094 -0.190105 -0.856941 0.479075 -0.219597 -0.851552 0.476063 -0.294854 -0.764271 0.573542 -0.318071 -0.747579 0.583058 -0.553366 -0.191908 0.810529 -0.606037 -0.195697 0.770987 -0.703176 -0.00333037 0.711008 -0.617987 0 0.786189 -0.617987 0 0.786189 -0.702719 0 0.711468 -0.702719 0 0.711468 -0.272388 0.861803 0.427903 -0.448351 0.744609 0.494508 -0.295104 0.840617 0.454177 -0.274237 0.858995 0.432344 -0.155969 0.932989 0.324352 -0.0306037 0.996741 0.0746329 -0.697143 0.13075 0.704908 -0.673461 0.235016 0.700869 -0.658016 0.250374 0.71016 0 1 0 0 1 0 0 1 0 0 1 0 0 1 0 -0.0281619 0.996992 0.0722048 -0.000249647 0.999865 0.0164597 0.521068 0.234033 -0.820802 0.0013487 -0.923355 0.383946 0.00172993 -0.919944 0.392045 0.00177644 -0.371562 0.928406 -0.0802179 -0.370365 0.925416 -0.137306 -0.307868 0.941469 -0.177885 -0.305855 0.935313 -0.232527 -0.22993 0.94502 -0.276077 -0.113482 0.954413 -0.352512 -0.0285431 0.935372 -0.477685 -0.0318477 0.877954 -0.534677 -0.106718 0.838291 -0.537748 0 0.843105 -0.537748 0 0.843105 -0.607601 0.182558 0.772977 -0.703176 0.00333037 0.711008 -0.253977 0.796868 0.548176 -0.21423 0.804755 0.553601 -0.144434 0.863988 0.482353 -0.552225 0.178822 0.814292 -0.354023 0.673372 0.649029 -0.332047 0.690564 0.642547 -0.0607493 0.87153 0.486564 -0.0251677 0.890989 0.453327 0 0.99986 0.0167095 0 0.891271 0.453471 0.046302 0.997673 -0.0500545 0.0499931 0.997208 -0.0554618 0.31844 0.830069 -0.4578 0.329313 0.809704 -0.485729 0.520129 0.241196 -0.819323 0.52117 0.250074 -0.815993 0.00195042 -0.371391 0.928474 0.00210065 -0.00140056 0.999997 0.00203876 -0.00133862 0.999997 -0.144315 -0.00132461 0.989531 -0.145611 0 0.989342 -0.145611 0 0.989342 -0.277872 0 0.960618 -0.277872 0 0.960618 -0.352656 0 0.935753 -0.352656 0 0.935753 -0.477927 0 0.878399 -0.477927 0 0.878399 -0.534839 0.103884 0.838544 -0.240019 0.206113 0.948635 -0.182762 0.282233 0.941776 -0.139605 0.284257 0.94853 -0.0791973 0.346337 0.934761 -0.477698 0.0309936 0.877977 -0.35252 0.0277774 0.935392 -0.276171 0.110473 0.954738 0.00131236 0.347428 0.937706 0.000635459 0.890978 0.454047 0.522826 0.266816 -0.809606 0.00210066 0 0.999998 0.00210066 0 0.999998 0.00197027 0.34682 0.93793 -0.0400102 -0.912036 -0.408154 -0.0330091 -0.796325 -0.603967 -0.0120458 -0.444964 -0.895467 0 -0.37058 -0.9288 0 -1 0 0 -1 0 0 -1 0 0 -1 0 0 -1 0 0 -1 0 0 -1 0 0 -1 0 -0.0364873 -0.964709 -0.26078 -0.0419523 -0.948092 -0.315218 -1 0 0 -1 0 0 -1 0 0 -1 0 0 -1 0 0 -1 0 0 -1 0 0 -1 0 0 -1 0 0 -1 0 0 -1 0 0 -1 0 0 -1 0 0 -1 0 0 -1 0 0 -1 0 0 -1 0 0 0.0393361 -0.01191 -0.999155 0.0404275 -0.00463824 -0.999172 0.0409387 -0.00181143 -0.99916 0.0414097 0 -0.999142 0.0414097 0 -0.999142 1 0 0 1 0 0 1 0 0 1 0 0 -0.019493 -0.996154 -0.0854275 -0.0180724 -0.997491 -0.0684451 0.039307 0.0108803 -0.999168 0.0247222 0.135652 -0.990448 0 0.388242 -0.921557 0 1 0 0 1 0 0 1 0 0 1 0 0 1 0 0 1 0 0 1 0 0 1 0 0 1 0 0 1 0 0 1 0 0 1 0 0 1 0 0 1 0 0 1 0 0 1 0 0.0457333 -0.000310356 0.998954 -0.0143223 -0.999523 -0.0273735 -0.0133615 -0.999786 -0.0158054 -0.013363 -0.999892 -0.00613699 -0.0221253 0.538561 -0.842296 -0.00330018 0.413549 -0.910476 0 0.970913 0.239432 0 0.970913 0.239432 0.0248571 0.486828 0.873144 0.0351062 0.0839368 0.995852 0.0351336 0.0826902 0.995956 0.0366291 0.0596585 0.997547 0.039203 0.0206066 0.999019 0.0408802 0.00982493 0.999116 0.0422328 0.00213876 0.999106 0.0448503 0.00052931 0.998994 0.0450522 0.000408307 0.998985 0.0454956 0 0.998965 0 0 1 0 0 1 0 0 1 0 0 1 0 0 1 0 0 1 0 0 1 0 0 1 0 0 1 -0.041848 0.811254 -0.583194 -0.0445032 0.855099 -0.516552 -0.00590452 0.994826 0.10142 -0.05169 0.9325 -0.357452 -0.0301741 0.985651 -0.166078 -0.00784088 0.997766 0.0663406 -0.0103178 0.999622 0.0254815 -0.0114853 0.999859 0.0122672 -0.0122094 0.999897 0.00757708 -0.0123696 0.999901 0.00673565 -0.0138481 0.999901 0.00235372 -0.0146297 0.999893 5.50849e-05 -0.0146577 0.999893 0 -0.0146577 0.999893 0 -0.0150789 0.999879 -0.00373608 -0.015078 0.999824 -0.0111984 -0.0215384 0.996272 -0.0835307 -0.0146577 0.999892 -0.00123056 0.154884 0.43058 0.889164 -1 0 0 -1 0 0 -1 0 0 -1 0 0 -1 0 0 -1 0 0 -1 0 0 -1 0 0 -1 0 0 -1 0 0 0.373012 0 0.927827 0.0166299 0.9938 0.109934 0.130004 0.525643 0.840713 0.381201 -0.00573108 0.924474 0.3822 -0.00638557 0.924058 0.410321 -0.0230109 0.911651 0.486809 -0.0220411 0.87323 0 1 0 0 1 0 0 1 0 0 1 0 0 1 0 0 1 0 0 1 0 0 1 0 0 1 0 0 1 0 0.457412 -0.0537574 0.887629 0.532605 -0.0818162 0.8424 0.532622 -0.0814283 0.842427 0.532005 -0.0795441 0.842996 0.509225 -0.0831956 0.856603 0 0 -1 0 0 -1 0 0 -1 0 0 -1 0.610533 -0.372085 0.699144 0.540526 -0.105182 0.834727 0.609631 -0.42767 0.667419 0.554398 -0.104806 0.825626 0.700743 -0.131113 0.701262 0.823578 -0.154397 0.545785 0.92901 -0.160156 0.333604 0.985766 -0.168109 -0.0020107 0.356482 -0.86799 0.345709 0.882734 -0.338042 0.326357 0.66778 -0.628335 0.39908 0.681194 -0.622406 0.385467 0.846702 -0.50405 0.170378 0.922593 -0.180214 0.341094 0.911585 -0.175379 0.371827 0.93449 -0.165697 0.315076 0.942871 -0.169293 0.286939 0.950902 -0.167267 0.260399 0.985762 -0.168137 -0.00162545 0.985746 -0.168239 -0.00121761 0.985662 -0.168731 -0.000407843 0.985229 -0.171221 0.00275888 0.984866 -0.173241 0.00509642 0.983212 -0.182332 0.00702395 0.920701 -0.390214 0.00657738 0.906053 -0.422941 0.013762 0.937021 -0.173767 0.302979 0.0962351 0.2053 -0.973956 0.00202363 0.191415 -0.981507 0 0.191426 -0.981507 0 0.191426 -0.981507 0 1 0 0 1 0 0 1 0 0 1 0 0 1 0 0 1 0 0 1 0 0 1 0 0 1 0 0 1 0 0 1 0 0 1 0 0 1 0 0 1 0 0 1 0 0 1 0 0 1 0 0.745819 0.664302 0.0495695 0.774112 0.633049 0 0.772714 0.627511 -0.0956243 0.583986 0.498578 -0.640609 0.393971 0.368666 -0.841945 0.117238 0.2083 -0.971013 0.0969292 0.168255 -0.980966 0.0500923 0.0751326 -0.995915 0.00206173 0.00355576 -0.999992 0.00153926 0.00253214 -0.999996 0 0 -1 0 0 -1 0 0 -1 0 0 -1 0 0 -1 0 0 -1 0 0 -1 0 0 -1 -0.140205 0.0628608 -0.988125 -0.0243486 0.166638 -0.985718 -0.0406674 0.150004 -0.987849 -0.140071 0.0629796 -0.988137 0.591317 0.766784 0.249773 0.71676 0.660429 0.223805 0.778846 0.627215 0 0.778846 0.627215 0 0.583776 0.561025 0.586904 0.174426 0.167629 0.970297 0.156753 0.126235 0.979537 0.775559 0.624568 -0.0917773 0.869283 0.486765 -0.0860666 0.903498 0.378806 -0.200493 0.8643 0.34675 -0.364348 0.556031 0.377756 -0.740358 0.50855 0.336015 -0.792761 0.395556 0.356532 -0.846416 0.137113 0.0913826 -0.986331 0.0563188 0.0512686 -0.997096 0.0501681 0.0512854 -0.997423 -0.0246949 0 -0.999695 0.00987899 0.0049275 -0.999939 -0.140307 -0.0242585 -0.989811 -0.205481 -0.0938246 -0.974153 -0.334182 -0.149201 -0.930624 -0.355118 -0.148911 -0.922885 -0.38562 -0.1754 -0.905832 -0.525557 -0.275232 -0.805008 -0.585443 -0.314278 -0.747319 -0.787689 -0.440783 -0.430415 -0.026678 -0.00197003 -0.999642 -0.0411327 -0.00252406 -0.999151 -0.0639385 -0.0244507 -0.997654 0.209462 0.243041 0.947131 0.444621 0.447519 0.775911 0.128557 0.0702223 0.989213 0.877576 0.479364 0.00841991 0.87252 0.488578 0 0.87252 0.488578 0 0.195483 0.229985 0.953359 0.00741328 -0.0391452 0.999206 0.0143718 -0.0381086 0.99917 0.0187474 -0.037234 0.999131 0.0188465 -0.0372053 0.99913 0.0225709 -0.036093 0.999094 0.033493 -0.0320712 0.998924 0.0342886 -0.0317175 0.998909 0.0448764 -0.0261606 0.99865 0.0505078 -0.0227915 0.998464 0.0508585 -0.0225793 0.998451 0.0601752 -0.0156201 0.998066 0.067697 -0.00912314 0.997664 0.0682946 -0.00856001 0.997629 0.077105 -0.000181555 0.997023 0.0823594 0.00558628 0.996587 0.101445 0.0287961 0.994424 0.112256 0.0432393 0.992738 0.16063 0.21271 0.963822 0.00308106 -0.0395352 0.999213 0.933739 0.357955 0 0.933739 0.357955 0 0.928373 0.355898 -0.107048 0.997707 0.0676726 -0.000431983 0.998831 0.0359538 -0.0323013 0.686881 0.103667 -0.719338 0.72362 0.201098 -0.660253 0.965596 0.26004 -0.00165995 0.533966 0.148392 -0.832382 0.514166 0.122259 -0.848933 0.447862 0.0824845 -0.89029 0.383642 0.00455068 -0.923471 -0.00459865 -0.00197071 -0.999987 0.383646 -0.000214369 -0.92348 0.00197258 -0.000983689 -0.999998 -0.0708055 -0.0313269 -0.996998 -0.138655 -0.0652699 -0.988188 -0.372277 -0.306617 -0.876011 -0.373119 -0.306932 -0.875543 -0.790385 -0.443054 -0.423078 -0.857378 -0.48245 -0.179292 -0.459196 -0.390487 -0.797909 -0.610185 -0.418545 -0.672677 -0.780464 -0.58815 -0.212026 -0.838341 -0.526172 -0.142576 -0.0183928 -0.0088687 -0.999792 0.93313 0.359426 0.00895292 0.933715 0.357946 0.00716581 0.00256877 -0.0398475 0.999202 0.0643316 -0.997929 0 0.0643316 -0.997929 0 0.186073 -0.982536 0 0.186073 -0.982536 0 0.342235 -0.939614 0 0.342235 -0.939614 0 0.352859 -0.935655 0.00636759 0.449705 -0.893156 0.00607837 0.45187 -0.892063 0.00607093 0.449829 -0.893095 0.00594021 0.530206 -0.847849 0.00577003 0.722272 -0.691609 0 0.722272 -0.691609 0 0.537157 -0.843482 0 0.537157 -0.843482 0 0.734093 -0.679049 0 0.734093 -0.679049 0 0.863924 -0.503622 0 0.863924 -0.503622 0 0.911496 -0.411309 0 0.913974 -0.40577 0.00175358 0.91322 -0.407466 -3.27648e-05 0.913323 -0.407236 0 0.966737 -0.255767 0.00185481 0.967907 -0.251246 0.00557116 0.991025 -0.133554 0.00570422 0.992236 -0.124365 0.00105038 0.99248 -0.122409 0 0.99248 -0.122409 0 0.999997 -0.00235491 0 0.999997 -0.00235491 0 0.997708 0.0676726 0 0.997708 0.0676726 0 0.965598 0.26004 0 0.965598 0.26004 0 0.961968 0.273064 0.00738263 -0.000985435 -0.0417899 0.999126 0.999813 -0.00235448 -0.0192049 0.999565 0.00587635 -0.0288908 0.999408 0.0118293 -0.0323199 0.677974 0.0251596 -0.734655 0.675233 0.0932607 -0.731685 0.677503 0.0237221 -0.735137 0.640716 -0.0263206 -0.767326 0.467475 -0.0540944 -0.88235 0.389642 -0.00727318 -0.920938 -0.00887532 -0.00886985 -0.999921 0.0138436 -0.00789656 -0.999873 0.00394689 -0.00295639 -0.999988 0.00295316 -0.0029564 -0.999991 -0.00887524 -0.00985514 -0.999912 -0.0148149 -0.0217376 -0.999654 -0.310537 -0.317039 -0.896132 -0.28305 -0.458611 -0.842353 -0.308561 -0.488394 -0.816249 -0.482393 -0.524925 -0.701249 -0.860798 -0.48863 -0.142363 -0.847751 -0.521114 -0.0987841 -0.86125 -0.498737 -0.0975187 -0.840988 -0.5298 -0.109778 -0.716657 -0.665522 -0.208526 -0.777293 -0.594665 -0.205401 -0.655793 -0.706191 -0.266889 -0.794228 -0.60762 0 -0.794228 -0.60762 0 -0.837784 -0.546001 0 -0.838401 -0.545003 -0.00740577 -0.123284 -0.992371 0 -0.123284 -0.992371 0 -0.00553473 -0.0445515 0.998992 0.063973 -0.992367 -0.105426 0.114122 -0.987908 -0.104952 0.185971 -0.981998 -0.0330933 0.341936 -0.938793 -0.0418079 0.449837 -0.893111 0 0.449837 -0.893111 0 0.536623 -0.842644 -0.044575 0.721126 -0.69122 -0.0468188 0.721524 -0.690893 -0.0455127 0.73388 -0.678852 -0.0240911 0.863693 -0.503487 -0.0231526 0.904046 -0.403372 -0.141394 0.966738 -0.255768 0 0.966738 -0.255768 0 0.952059 -0.251884 -0.173602 0.898901 -0.363605 -0.244476 0.897204 -0.305494 -0.318902 0.991772 -0.122322 -0.037754 -0.019694 -0.0521225 0.998447 -0.0104777 -0.0472829 0.998827 0.854658 -0.280113 -0.437145 0.67091 -0.103973 -0.734213 0.640611 -0.0282054 -0.767348 0.640687 -0.02803 -0.767291 0.67753 0.0220115 -0.735166 0.469733 -0.0558333 -0.881041 0.471388 -0.0581939 -0.880004 0.464732 -0.177007 -0.867578 0.232263 -0.194439 -0.95302 0.172002 -0.165841 -0.971037 -0.000986292 -0.00197276 -0.999998 0.162767 -0.166105 -0.972582 0.00591679 -0.00889511 -0.999943 0 -0.165252 -0.986251 0.00582998 -0.170903 -0.985271 -0.000972734 -0.165252 -0.986251 -0.0145806 -0.17845 -0.983841 -0.170172 -0.471191 -0.86546 -0.167127 -0.555071 -0.81484 -0.17761 -0.605176 -0.776026 -0.325552 -0.772212 -0.545623 -0.481385 -0.860025 -0.169192 -0.581388 -0.793985 -0.177698 -0.389543 -0.880409 -0.270436 -0.86013 -0.509988 -0.00943187 -0.838424 -0.545018 0.000548236 -0.838701 -0.544591 0.000702904 -0.840229 -0.542231 0.00122111 -0.842076 -0.539358 0.0012238 -0.847636 -0.530578 0 -0.851917 -0.523675 -0.00119551 -0.859171 -0.511688 -0.00119245 -0.859236 -0.511576 -0.0015649 -0.732765 -0.680481 0 -0.732765 -0.680481 0 -0.59079 -0.806825 0 -0.59079 -0.806825 0 -0.794683 -0.607025 0.000653096 -0.82433 -0.566101 0.00316428 -0.838282 -0.545228 0.00321784 -0.838023 -0.545635 0.000460097 -0.216348 -0.976316 0 -0.216348 -0.976316 0 -0.122938 -0.989582 -0.0749276 -0.0703652 -0.988278 -0.135484 0.041573 -0.989877 -0.135703 0.0831897 -0.63487 -0.768128 0.192456 -0.625168 -0.75639 0.232169 -0.674348 -0.700965 0.298277 -0.693151 -0.65618 0.412612 -0.821369 -0.393833 0.444828 -0.882527 -0.152555 0.444624 -0.882759 -0.151812 0.590748 -0.539468 -0.599993 0.446129 -0.500528 -0.741917 0.452191 -0.494708 -0.74215 0.56744 -0.453963 -0.686971 0.526428 -0.420162 -0.739146 0.556526 -0.282281 -0.781406 -0.206757 -0.144261 0.967699 -0.160884 -0.122892 0.979293 -0.100926 -0.0940273 0.990441 -0.0507155 -0.0689581 0.99633 -0.033603 -0.0600339 0.997631 -0.0239663 -0.0546277 0.998219 -0.401757 -0.915746 0 -0.401757 -0.915746 0 0.463431 -0.43251 -0.773412 0.265717 -0.539164 -0.799185 0.220457 -0.505189 -0.834376 0.152934 -0.37621 -0.913826 0.0786309 -0.310166 -0.947425 -0.141329 -0.611263 -0.778706 -0.155561 -0.598494 -0.785879 0.0651448 -0.616149 -0.784931 -0.215384 -0.971964 -0.0943138 -0.387334 -0.88287 -0.265544 -0.488426 -0.872605 0 -0.488426 -0.872605 0 -0.838689 -0.544583 0.00545963 -0.84014 -0.542174 0.014582 -0.841763 -0.539158 0.0272696 -0.844579 -0.532509 0.0558581 -0.858114 -0.51049 0.0551314 -0.859423 -0.511255 0.00311865 -0.859243 -0.511568 0 -0.859243 -0.511569 0 -0.592472 -0.80559 0.00136952 -0.731672 -0.681656 0.00115883 -0.222275 -0.152646 0.962961 -0.60367 -0.354375 0.714143 -0.753309 -0.440624 0.488239 -0.842271 -0.517378 0.151328 -0.851122 -0.503075 0.150024 -0.858154 -0.507211 0.0794278 -0.809808 -0.462934 0.360421 0.0372196 0.942105 0.333248 0.0726972 0.951109 0.300177 0.0762101 0.99707 0.00664695 0.0556658 0.99845 0 -0.117765 0.993042 0 -0.151838 0.988342 0.0111726 -0.146284 0.952191 0.268203 -0.0802214 0.939719 0.332404 0.00427118 0.494459 0.869191 0.0235418 0.511515 0.858952 -0.0619518 0.529281 0.846182 -0.0221129 0.494342 0.868986 0.141631 0.5065 0.850529 0.219673 0.578165 0.785792 0.192931 0.935716 0.295319 0.281857 0.940984 0.187366 0.288617 0.942078 0.170852 0.292841 0.955868 0.0236578 0.257115 0.966316 0.0112327 0.123365 0.992339 0.00661542 0.0551694 0.998477 -0.000236874 0 0 -1 0 0 -1 0 0 -1 0 0 -1 0 0 -1 0 0 -1 0 0 -1 0 0 -1 0 0 -1 0 0 -1 0 0 -1 0 0 -1 0 0 -1 0 0 -1 0 0 -1 0 0 -1 0 0 -1 0 0 -1 0 0 -1 0 0 -1 0 0 -1 0 0 -1 0 0 -1 0 0 -1 0 0 -1 0 0 -1 0 0 -1 0 0 -1 0 0 -1 0 0 -1 0 0 -1 0 0 -1 0 0 -1 0 0 -1 0 0 -1 0 0 -1 0 0 -1 0 0 -1 0 0 -1 0 0 -1 0 0 -1 0 0 -1 0 0 -1 0 0 -1 0.0326977 0.999464 -0.00170997 -0.114244 0.993451 -0.00169968 -0.329592 0.944063 0.010672 -0.358105 0.933465 0.0201 -0.354881 0.925062 0.135349 -0.227237 0.937365 0.264027 -0.273329 0.528068 0.804012 -0.261161 0.511896 0.818387 -0.0254009 0.0543924 0.998196 -0.0031236 0.0098214 0.999947 -0.000149049 0.00684689 0.999977 0.00491321 0.0169664 0.999844 0.0910918 0.103037 0.990498 0.159366 0.242267 0.957032 -0.300991 0.327272 0.89571 0.360163 0.552868 0.751412 0.380452 0.450431 0.807693 0.398027 0.598017 0.695665 0.497127 0.621132 0.605855 0.660497 0.744649 0.0961283 0.625299 0.779221 0.0426159 0.416512 0.908344 0.0378049 0.4167 0.908755 0.0229351 0.417987 0.908171 0.0226403 -0.533453 0.845756 0.0111216 -0.486179 0.873607 0.0210121 -0.480767 0.863883 0.15023 -0.600743 0.749855 0.277175 -0.437548 0.565673 0.698975 -0.419498 0.44273 0.792472 -0.305659 0.326556 0.89439 -0.310218 0.299897 0.902124 -0.024111 0.0129441 0.999626 -0.00312374 0.00245494 0.999992 -0.00104125 0.000372323 0.999999 -0.000623021 0.000267666 1 -0.000200784 0.000267666 1 -0.000149052 0.000371065 1 0.00357558 0.00223264 0.999991 0.0912092 0.0898035 0.991774 0.247208 0.0873804 0.965014 0.493206 0.214906 0.842949 0.509557 0.238965 0.826588 0.480374 0.402506 0.779249 0.442703 0.441041 0.780703 0.792789 0.402821 0.457408 0.868509 0.443995 0.220366 0.867803 0.456686 0.195846 0.828694 0.552771 0.087807 0.66466 0.74162 0.090702 0.667258 0.744519 0.0214151 0.657814 0.752886 0.0210681 0.638128 0.769633 0.0214167 0.625677 0.779693 0.0246476 -0.646418 0.76289 0.0119581 -0.657897 0.752944 0.0157182 -0.638345 0.730568 0.242457 -0.682095 0.689564 0.243408 -0.720026 0.624872 0.301824 -0.536653 0.459678 0.707601 -0.497591 0.2753 0.822565 -0.482353 0.263411 0.835434 -0.499074 0.0612357 0.864393 -0.45801 0.0115099 0.888872 -0.45804 -0.00119325 0.888931 -0.00446881 -0.00134233 0.999989 -0.012932 -0.0120421 0.999844 -0.0151671 -0.0120418 0.999812 -0.0129138 -0.0543684 0.998437 0 -0.041483 0.999139 0 0 1 0 0 1 0.165544 0 0.986202 0.165543 0.00220185 0.9862 0.170668 -0.00527818 0.985315 0.248011 -0.045402 0.967693 0.617842 -0.036851 0.785438 0.607494 0.185821 0.772283 0.611014 0.188282 0.768903 0.634749 0.265825 0.725555 0.986531 0.0956137 0.132717 0.98475 0.16108 0.0657368 0.948145 0.306369 0.0846119 0.951168 0.307346 0.0285909 0.93747 0.347374 0.0219298 0.884738 0.465598 0.0213751 0.831737 0.554802 0.0202024 0.879079 0.47633 0.0181624 0.830293 0.556981 0.0196061 0.673404 0.739014 0.0196486 -0.703158 0.710858 0.0158199 -0.708362 0.705707 0.0141654 -0.836724 0.547465 0.0132491 -0.853764 0.520311 0.0190923 -0.840192 0.51204 0.178587 -0.900472 0.402207 0.165466 -0.913498 0.257755 0.314775 -0.929039 0.185482 0.32013 -0.910486 0.0965057 0.402122 -0.465146 -0.0096216 0.885182 -0.914612 -0.0177262 0.403944 -0.464924 -0.0323901 0.884758 -0.0641439 -0.0365092 0.997273 -0.300517 -0.432148 0.850257 -0.120337 -0.268106 0.955844 -0.346952 -0.322301 0.880764 -0.329498 -0.429091 0.841019 -0.103524 -0.559556 0.822301 0.0417079 -0.56209 0.826024 0.0499559 -0.136532 0.989375 0.00446033 -0.0459311 0.998935 0.00446499 -0.00446324 0.99998 0.00625263 -0.00535667 0.999966 0.225953 -0.224919 0.947817 0.398583 -0.211757 0.892351 0.616082 -0.20428 0.760732 0.628645 -0.047443 0.776244 0.457553 -0.240719 0.855979 0.990784 -0.024112 0.133289 0.998738 -0.0352203 0.0358121 0.998781 -0.034287 0.0355121 0.986277 0.16133 0.0350675 0.992236 -0.0349911 0.119343 0.981049 0.191888 0.026878 -0.923225 0.384145 0.00941719 -0.912909 0.407762 0.0180892 -0.980256 0.19748 0.00999892 -0.980592 0.195775 0.0105741 -0.999438 -0.0317385 0.0107774 -0.999252 -0.0370462 0.011068 -0.920271 -0.0341181 0.38979 -0.91234 -0.135305 0.386431 -0.521152 -0.100237 0.847557 -0.500861 -0.292634 0.814558 -0.317839 -0.645497 0.694487 -0.267934 -0.584465 0.765906 -0.346954 -0.446624 0.824712 -0.401491 -0.664455 0.630322 -0.144864 -0.600246 0.786587 -0.524858 -0.312495 0.791752 -0.564933 -0.491918 0.662471 0.0477011 -0.975925 0.212828 0.0632807 -0.582927 0.810057 -0.100919 -0.972049 0.211983 0.239759 -0.567061 0.788009 0.275346 -0.420246 0.864626 0.221053 -0.302202 0.927259 0.397506 -0.513043 0.760773 0.500755 -0.483964 0.717652 0.537547 -0.342867 0.77038 0.689565 -0.366359 0.624725 0.656108 -0.235621 0.716941 0.985572 -0.120811 0.118541 0.979817 -0.194585 0.0457654 0.980237 -0.194668 0.0351951 0.972176 -0.232735 0.0265927 -0.998867 -0.046841 0.00844226 -0.986215 -0.165262 0.00833533 -0.966419 -0.256677 0.0122867 -0.928544 -0.246618 0.277463 -0.920874 -0.276175 0.275171 -0.574133 -0.800593 0.171531 -0.572166 -0.803561 0.164062 -0.483054 -0.87362 0.0587125 -0.301898 -0.952056 0.0494633 -0.195231 -0.968583 0.154055 -0.148291 -0.976667 0.15534 -0.724829 -0.651308 0.224544 -0.692313 -0.699892 0.175654 -0.895637 -0.426681 0.125609 -0.80446 -0.577969 0.137101 -0.150046 -0.988227 0.0298975 -0.143643 -0.989239 0.0277955 -0.0684156 -0.997333 0.02544 0.0663774 -0.99747 0.0254435 0.0752906 -0.99676 0.0283137 0.0740299 -0.980069 0.18435 0.162837 -0.969648 0.18239 0.254992 -0.588425 0.767291 0.411509 -0.625896 0.662506 0.521638 -0.504222 0.688226 0.500314 -0.751963 0.42923 0.806113 -0.459367 0.373046 0.929544 -0.364125 0.0579834 0.860362 -0.477448 0.178385 0.930786 -0.364612 0.0263721 0.95321 -0.301235 0.0254388 -0.965017 -0.261971 0.0106873 -0.944683 -0.327819 0.0104621 -0.907035 -0.420837 0.0135198 -0.902666 -0.430029 0.0163944 -0.593247 -0.804909 0.0134128 -0.579937 -0.814476 0.0173879 -0.703184 -0.710882 0.0133609 -0.579057 -0.815103 0.0173491 -0.516374 -0.856175 0.0179823 -0.483742 -0.874864 0.0246316 -0.329672 -0.943817 0.0229321 -0.302138 -0.952816 0.0292392 -0.750368 -0.660931 0.0109 -0.705831 -0.70827 0.0125113 -0.812021 -0.583402 0.0162294 -0.801448 -0.597932 0.0126124 0.268529 -0.962966 0.0242446 0.257269 -0.96595 0.0274385 0.256341 -0.962463 0.0891865 0.394862 -0.912667 0.105465 0.51927 -0.822871 0.230742 0.823538 -0.566798 0.0229203 0.858204 -0.500774 0.112742 0.576218 -0.813433 0.0793722 0.613621 -0.789263 0.0231077 0.883732 -0.467924 0.00802999 0.863596 -0.50392 0.0163595 0.876609 -0.481132 0.00827533 0.474245 -0.880329 0.0106216 0.39695 -0.917492 0.0252792 0.552833 -0.833211 0.0115985 0.577931 -0.81585 0.0196273 0.842445 -0.538545 0.0159589 0.599228 -0.800347 0.0192544 0 0 1 0 0 1 0 0 1 0 0 1 0 0 1 1 0 0 1 0 0 1 0 0 1 0 0 1 0 0 0.058244 0.998302 8.04814e-05 0.0302536 0.999496 0.00958631 0 0.999763 0.021776 -0.00126013 0.999778 0.0210513 -0.0239914 0.999668 0.00942408 -0.0450184 0.998986 0 -1 0 0 -1 0 0 -1 0 0 -1 0 0 0.0600566 -0.996826 0.0522613 0 0 -1 0 0 -1 0 0 -1 0 0 -1 0 0 -1 0 0 -1 0 0 -1 0 -1 0 0 -1 0 0 -1 0 0.0596074 -0.996916 0.0510454 0.0516007 -0.998315 0.0265403 0.0329651 -0.999188 -0.0231569 0.00445905 -0.999353 -0.0356891 0 -0.999181 -0.040464 0 -0.999181 -0.040464 0.024893 -0.99969 0 -9.30188e-05 -0.999181 -0.0404687 -0.00229768 -0.0311178 -0.999513 0.0383822 -0.999258 -0.00314264 0.0462329 -0.998852 0.0125259 0 -1 0 0 -1 0 0 -1 0 -1 0 0 -1 0 0 -1 0 0 -1 0 0 0 0 -1 0 0 -1 1 0 0 1 0 0 1 0 0 1 0 0 1 0 0 1 0 0 1 0 0 -0.0110511 -0.998993 0.0434752 -0.164533 -0.966812 0.195458 0 1 0 0 1 0 0 1 0 0 1 0 0 0 1 0 0 1 0 0 1 0 0 1 0 0 1 0 0 1 0 0 1 0 0 1 0 0 1 -0.0692049 0.969857 0.233643 -0.0110294 0.997855 0.0645254 0.641836 0.288275 0.710594 0.0896505 0.992615 0.0817211 0.432866 0.776088 0.458601 0.63872 0.29619 0.710146 0.346933 0.853029 0.389845 0.0896728 0.992611 0.0817417 0.427654 0.781413 0.45443 0.164219 0.0836515 0.982871 0.155043 0.101866 0.982642 0.150175 0.107598 0.982787 0.14468 0.113147 0.982988 0.130439 0.125328 0.983503 0.125574 0.12885 0.983681 0.113431 0.135094 0.984319 0.0915936 0.144583 0.985244 0.0868823 0.146273 0.985422 0.0863843 0.146375 0.98545 0.0817338 0.146919 0.985766 0.0746278 0.14746 0.986249 0.0521866 0.147962 0.987615 -1 0 0 -1 0 0 -1 0 0 -1 0 0 -1 0 0 -1 0 0 -1 0 0 -1 0 0 -1 0 0 -1 0 0 -1 0 0 -1 0 0 -1 0 0 -1 0 0 -1 0 0 -1 0 0 -1 0 0 -1 0 0 -1 0 0 -1 0 0 -1 0 0 -1 0 0 -1 0 0 -1 0 0 0 0 1 0 0 1 0 0 1 0 0 1 0 0 1 0 0 1 0 0 1 0 0 1 0 0 1 0 0 1 0.169602 0.0645658 0.983395 0.165662 0.0808841 0.98286 0.64313 0.320243 0.695577 0.769239 0.429118 0.473423 0.749587 0.433477 0.500217 0.80404 0.511874 0.302499 0.793172 0.562274 0.233938 0.758921 0.606301 0.237565 0.731658 0.623879 0.274685 0.707094 0.628571 0.323908 0.158406 0.120505 0.979993 0.687691 0.649377 0.324638 0.661564 0.660722 0.354654 0.13905 0.140669 0.980244 0.135081 0.138453 0.981114 0.14278 0.152369 0.977956 0.652077 0.67923 0.336812 0.651062 0.68728 0.322125 0.637906 0.713279 0.290359 0.574064 0.767354 0.28569 0.300334 0.473957 0.827746 0.102666 0.170417 0.980009 0.0966735 0.160135 0.98235 0.0884563 0.151387 0.984509 0.486037 0.839127 0.2442 0.348905 0.911812 0.21648 0.143273 0.872784 0.466605 0.120761 0.58519 0.801854 0.0599103 -0.145736 0.987508 0.07591 -0.143863 0.986682 0.086836 -0.141984 0.986053 0.0973932 -0.139651 0.985399 0.108255 -0.136315 0.984733 0.170422 0.0626408 0.983378 0.192576 0.0520396 0.979901 0.780121 0.23911 0.578134 0.890509 0.292896 0.348147 0.171154 0.0610639 0.98335 0.177399 0.0507228 0.982831 0.896619 0.294841 0.330367 0.895187 0.36035 0.262276 0.84758 0.452927 0.276523 0.834058 0.455562 0.311143 0.832822 0.466577 0.297848 0.848236 0.453986 0.272748 0.885566 0.462383 0.0444423 0.883667 0.467066 0.0313446 0.881043 0.472345 0.0255492 0.81595 0.577489 0.0270464 0.809851 0.585468 0.037007 0.790552 0.604246 0.099567 0.790038 0.604593 0.101526 0.776118 0.62004 0.114854 0.765418 0.633181 0.114963 0.754818 0.643628 0.12646 0.72415 0.677826 0.127118 0.720891 0.680727 0.130099 0.689705 0.712298 0.130148 0.654966 0.676421 0.33686 0.687676 0.714639 0.128034 0.682063 0.720005 0.127997 0.661195 0.73932 0.127386 0.681555 0.720583 0.127448 0.642142 0.758755 0.109289 0.600526 0.79229 0.107915 0.574507 0.787639 0.222636 0.571483 0.778929 0.258219 0.569782 0.783665 0.247424 0.56668 0.788046 0.240533 0.489427 0.840168 0.233623 0.4315 0.896836 0.0974358 0.422594 0.90115 0.0966577 0.38513 0.913887 0.128394 0.352543 0.922041 0.159855 0.489778 0.860552 0.139883 0.0609754 -0.149111 0.986939 0.0652004 -0.161166 0.984771 0.084096 -0.209166 0.974257 0.217294 -0.654504 0.72416 0.412041 -0.880851 0.233075 0.419018 -0.88253 0.213459 0.567951 -0.789319 0.233254 0.572914 -0.774474 0.268252 0.574447 -0.74841 0.331501 0.574273 -0.742808 0.344161 0.47476 -0.586275 0.656418 0.103834 -0.152956 0.982763 0.423521 -0.496056 0.757996 0.37799 -0.434403 0.817568 0.121146 -0.139227 0.982822 0.115918 -0.134074 0.984168 0.118395 -0.133062 0.984011 0.120068 -0.132318 0.983908 0.133336 -0.123961 0.983288 0.139093 -0.119065 0.983095 0.150924 -0.10514 0.982938 0.152914 -0.10231 0.982929 0.163589 -0.0845403 0.9829 0.168933 -0.066941 0.983352 0.169041 -0.0664824 0.983364 0.179083 0.047388 0.982692 0.186388 0.0496468 0.981221 0.937521 0.0634371 0.342097 0.956699 0.0867633 0.277848 0.966011 0.13235 0.222048 0.940988 0.206188 0.268379 0.941159 0.210321 0.264545 0.909486 0.293613 0.294325 0.180266 0.0371288 0.982917 0.932163 0.316891 0.17508 0.941676 0.319883 0.104508 0.939575 0.335381 0.0686952 0.929633 0.366286 0.040209 0.88613 0.46139 0.0435086 0.884101 0.467296 0.000153192 0.88697 0.461827 0 0.88697 0.461827 0 0.886187 0.463327 0 0.883419 0.468583 0 0.881331 0.472499 0 0.881331 0.472499 0 0.818088 0.575092 0 0.816249 0.577701 0.000205507 0.810406 0.585869 5.03263e-06 0.7945 0.607264 0.000347959 0.810384 0.585899 0 0.797715 0.603035 0 0.78739 0.616455 0.000108271 0.777141 0.629326 0.000106862 0.770527 0.637407 0.000384592 0.767514 0.641032 0 0.730072 0.68337 0 0.730072 0.68337 0 0.693383 0.720569 0 0.693383 0.720569 0 0.687159 0.726507 0 0.687159 0.726507 0 0.646012 0.763327 0 0.646012 0.763327 0 0.597534 0.795612 0.0997704 0.600531 0.799602 0 0.600531 0.799602 0 0.570922 0.787001 0.233833 0.592435 0.800524 0.090455 0.560375 0.826209 0.0579473 0.549935 0.833216 0.0576433 0.541512 0.838277 0.0636865 0.513942 0.852845 0.0923013 0.516145 0.856501 0 0.516145 0.856501 0 0.433563 0.901123 0 0.433563 0.901123 0 0.424582 0.905389 0 0.424582 0.905389 0 0.388344 0.921514 0 0.388344 0.921514 0 0.423395 -0.891748 0.159756 0.540239 -0.836129 0.0950239 0.561195 -0.820339 0.11002 0.561254 -0.820282 0.110142 0.561523 -0.819989 0.110949 0.576615 -0.80136 0.159174 0.432593 -0.894259 0.114737 0.460916 -0.882793 0.0907323 0.586325 -0.792604 0.16734 0.594747 -0.786257 0.167558 0.597125 -0.774409 0.209123 0.599919 -0.746691 0.287315 0.64737 -0.705351 0.288778 0.338913 -0.290112 0.894971 0.301299 -0.280114 0.911457 0.331872 -0.365731 0.869541 0.668697 -0.699114 0.253148 0.770632 -0.585725 0.251102 0.766376 -0.569998 0.29626 0.458375 -0.363467 0.811039 0.156442 -0.107791 0.981788 0.771405 -0.568675 0.285558 0.801468 -0.546325 0.243265 0.867483 -0.442452 0.227397 0.866161 -0.437773 0.241078 0.931953 -0.295933 0.209493 0.930262 -0.293294 0.220435 0.261682 -0.0749995 0.962236 0.22543 -0.0614388 0.97232 0.179516 -0.0468773 0.982637 0.177936 -0.0494228 0.9828 0.181251 0.0291523 0.983005 0.924277 0.0393548 0.379687 0.985769 0.0893997 0.14236 0.924748 0.0230407 0.379881 0.987695 0.0246091 0.154444 0.989074 0.0364734 0.142838 0.986458 0.116992 0.114949 0.983709 0.138478 0.114629 0.983684 0.139392 0.113733 0.984784 0.158528 0.0711984 0.980675 0.191038 0.0422036 0.958709 0.280069 0.0493697 0.950251 0.303693 0.0692415 0.181349 0.0191762 0.983232 0.952537 0.304424 0 0.952537 0.304423 0 0.941799 0.336175 0 0.941799 0.336175 0 0.930385 0.366583 0.000174146 0.93323 0.35928 0 0.929447 0.368955 0 0.883419 0.468583 -0.00013013 0.886187 0.463327 -0.000123305 0.886138 0.463421 -0.000134415 0.884101 0.467296 -0.00029434 0.881331 0.472499 -0.000113111 0.88143 0.472315 -0.000129839 0.818088 0.575092 -0.000104994 0.816791 0.576934 -0.000240227 0.810406 0.585869 -5.39126e-06 0.795271 0.606255 -0.000283658 0.78739 0.616455 0 0.810406 0.585869 -0.00080998 0.80796 0.589222 -0.00434924 0.798766 0.601626 -0.00441467 0.79527 0.606254 -0.000792807 0.777141 0.629326 0 0.769903 0.638161 -0.000326467 0.769903 0.638161 -0.000767521 0.769903 0.638161 -0.000767531 0.73007 0.683372 -0.000727821 0.730072 0.68337 -0.000729677 0.693383 0.720569 -0.00069303 0.693383 0.720569 -0.000693044 0.687159 0.726507 -0.00068681 0.682771 0.730615 -0.00507435 0.651293 0.758809 -0.00521251 0.646012 0.763327 -0.000646101 0.594874 0.803819 0 0.594874 0.803819 0 0.600531 0.799601 -0.000600612 0.561318 0.8276 0 0.561318 0.8276 0 0.550851 0.834604 0 0.550851 0.834604 0 0.543047 0.839703 0 0.543047 0.839703 0 0.516118 0.856456 -0.0102605 0.515567 0.856781 -0.0107764 0.45089 0.89251 -0.0111402 0.433563 0.901123 -0.000430531 0.424582 0.905389 -0.000421614 0.411114 0.911482 -0.0136502 0.390731 0.920402 -0.0137838 0.38831 0.921433 -0.0133093 0.422356 -0.901414 0.0952312 0.424246 -0.900383 0.0965713 0.542989 -0.83974 0 0.542989 -0.83974 0 0.462825 -0.88645 0 0.462825 -0.88645 0 0.564622 -0.825349 0 0.564622 -0.825349 0 0.56469 -0.825303 0 0.56469 -0.825303 0 0.565011 -0.825084 0 0.565011 -0.825084 0 0.648045 -0.761602 0 0.648045 -0.761602 0 0.647141 -0.760539 0.0528095 0.426238 -0.904611 0 0.426238 -0.904611 0 0.690496 -0.722082 0.0425767 0.695235 -0.717083 0.0493978 0.696476 -0.715598 0.0532916 0.654796 -0.75461 0.0424855 0.767227 -0.6392 0.0527747 0.77683 -0.625917 0.0690134 0.792052 -0.596569 0.129457 0.794477 -0.588188 0.151131 0.795683 -0.586573 0.151067 0.804835 -0.576825 0.139687 0.818248 -0.557764 0.139176 0.875564 -0.473175 0.0974358 0.882747 -0.456176 0.112522 0.884308 -0.451033 0.120701 0.856147 -0.50703 0.0996669 0.903144 -0.418199 0.0971619 0.928845 -0.358913 0.091809 0.940426 -0.314925 0.128148 0.941013 -0.307103 0.142065 0.940699 -0.298711 0.1608 0.979753 -0.181439 0.0846367 0.982134 -0.157682 0.102707 0.974275 -0.15642 0.162236 0.975428 -0.201604 0.0888561 0.972732 -0.120819 0.19798 0.940344 -0.0698994 0.332968 0.9336 -0.0572443 0.353716 0.180652 -0.0415409 0.98267 0.182139 -0.0261061 0.982926 0.183382 0.00146186 0.983041 0.915118 0.00729498 0.403121 0.993028 0.117771 0.00494649 0.999281 0.0368498 0.00895974 0.999252 0.0378331 0.00797581 0.999182 0.0398221 0.00697915 0.999064 0.0428388 0.00597058 0.998892 0.0468057 0.00497569 0.915142 0 0.403132 0.915142 0 0.403132 0.987994 0 0.154491 0.988291 -0.00198588 0.15257 0.999958 -0.00200932 0.00896581 0.992962 0.118358 0.00435229 0.98728 0.15893 0.00432739 0.981543 0.191207 0.00367025 0.986781 0.162018 0.00368983 0.980728 0.195357 0.00292288 0.977945 0.208862 0.000973015 0.95988 0.280411 0.000955041 0.959366 0.282166 0 0.959366 0.282166 0 0.183382 0.000690072 0.983041 0.952876 0.303359 -0.000140725 0.95279 0.303331 -0.0134587 0.951932 0.305832 -0.0170991 0.946952 0.320924 -0.0170097 0.930385 0.366583 -0.00016254 0.941226 0.318983 -0.111099 0.928919 0.366005 -0.0561151 0.885878 0.459917 -0.0607989 0.884705 0.464165 -0.0429746 0.885523 0.464595 -0.000885068 0.884101 0.467296 -0.00088366 0.884101 0.467296 -0.000883651 0.882001 0.471247 -0.000881553 0.881644 0.471057 -0.0284338 0.815871 0.577438 -0.0303458 0.816246 0.577703 -0.000815821 0.807077 0.588578 -0.0469423 0.795564 0.599214 -0.0895539 0.775834 0.608723 -0.165946 0.755468 0.626196 -0.192735 0.744431 0.631376 -0.217225 0.712451 0.66688 -0.218366 0.687045 0.68316 -0.247511 0.675397 0.701879 -0.226286 0.665086 0.71169 -0.22618 0.639693 0.745295 -0.187958 0.663634 0.712512 -0.227851 0.60549 0.773781 -0.186132 0.592315 0.795785 -0.126051 0.597076 0.802181 -0.00241049 0.594861 0.803825 -0.00241542 0.594863 0.803823 -0.00241644 0.564704 0.82529 -0.00248098 0.53536 0.84088 -0.0794393 0.536873 0.843602 -0.0101065 0.543009 0.839714 -0.0047005 0.562869 0.822608 -0.0805968 0.512414 0.85154 -0.110958 0.445849 0.882532 -0.149517 0.479677 0.856309 -0.191427 0.406838 0.902002 -0.144482 0.388294 0.921394 -0.0161806 0.382262 0.907082 -0.17629 0.424284 -0.905529 0 0.424284 -0.905529 0 0.542987 -0.839741 -0.000540583 0.462825 -0.886449 -0.000460776 0.564622 -0.825348 -0.00160961 0.546723 -0.837308 -0.00293421 0.564684 -0.825305 -0.00167685 0.565009 -0.825082 -0.00225678 0.648043 -0.7616 -0.0022905 0.565133 -0.824996 -0.00248116 0.655388 -0.755292 0 0.655388 -0.755292 0 0.449208 -0.893327 -0.0133783 0.426235 -0.904605 -0.00370051 0.433227 -0.901184 -0.013496 0.691123 -0.722737 0 0.691123 -0.722737 0 0.696085 -0.717959 0 0.696085 -0.717959 0 0.765588 -0.643331 0 0.768298 -0.640092 0.000107502 0.768313 -0.640074 0.000105648 0.778687 -0.627413 0.000107074 0.778687 -0.627413 0.000107075 0.798773 -0.601632 0.000109836 0.799536 -0.600619 0 0.799536 -0.600619 0 0.812645 -0.58276 0 0.812804 -0.582537 7.83389e-06 0.812855 -0.582466 0 0.859277 -0.51151 0 0.860431 -0.509567 0.000137422 0.863968 -0.503547 0 0.877002 -0.480487 0 0.87975 -0.475437 0.000171277 0.880622 -0.47382 0 0.887311 -0.461171 0 0.888389 -0.459091 5.80297e-05 0.888733 -0.458426 0 0.906338 -0.422552 0 0.907438 -0.420187 0.000150394 0.929665 -0.368406 0 0.932784 -0.360435 0.000255854 0.910793 -0.412863 0 0.948244 -0.317544 0 0.948244 -0.317544 0 0.933756 -0.357911 0 0.949098 -0.31498 0 0.950179 -0.311704 6.63414e-05 0.950655 -0.31025 0.000931029 0.976251 -0.216641 0.000650124 0.977873 -0.209191 0.00194972 0.979295 -0.202404 0.00372075 0.982906 -0.184068 0.00391815 0.98327 -0.182091 0.00489953 0.982667 -0.185341 0.00370689 0.988186 -0.153178 0.00492403 0.982964 -0.152368 0.102793 0.983529 -0.12216 0.133218 0.988098 -0.0758313 0.133837 0.986684 -0.0570333 0.152322 0.93377 -0.0539747 0.35378 0.914935 -0.0212865 0.40304 0.183552 -0.0131377 0.982922 0.183465 0 0.983026 0.993601 0.112912 0.00297481 0.998604 0.0527419 0.00298979 0.999964 -0.00300335 0.00798149 0.999963 -0.00501465 0.0069846 0.99995 -0.00806611 0.00597587 0.99866 0.0517532 0.000165713 0.998555 0.0537426 0.000498155 0.998553 0.0537425 0.00198704 0.999891 -0.0140825 0.00448444 0.999878 -0.0150869 0.00398648 0.999886 -0.015087 0.000332689 0.999901 -0.0140774 0.000165919 0.997058 -0.076519 0.00447174 0.986668 0.162748 0.000493157 0.986663 0.162747 0.00294056 0.993825 0.110938 0.00197763 0.99399 0.109471 0.000496817 0.97678 0.214243 0 0.97678 0.214243 0 0.98635 0.16466 0 0.958847 0.283922 -0.000141607 0.958844 0.283921 -0.00276539 0.949686 0.30511 -0.0707495 0.980314 0.19743 -0.00254816 0.981387 0.192011 -0.00332604 0.979725 0.191686 -0.0582692 0.941226 0.318889 -0.111369 0.766922 0.260495 -0.586492 0.511147 0.256073 -0.820461 0.613533 0.325993 -0.719239 0.883601 0.467032 -0.033612 0.474838 0.313251 -0.822437 0.435643 0.289138 -0.852417 0.380373 0.26601 -0.885751 0.397359 0.305315 -0.865384 0.309487 0.27351 -0.91072 0.330418 0.330077 -0.884236 0.322739 0.357543 -0.876358 0.310165 0.322732 -0.894227 0.253912 0.330137 -0.909141 0.299619 0.450231 -0.841142 0.303282 0.45617 -0.836618 0.317017 0.53615 -0.782332 0.590121 0.798336 -0.120072 0.208207 0.384846 -0.89919 0.248288 0.855387 -0.454606 0.266078 0.903921 -0.334856 0.21101 0.386128 -0.897987 0.425382 -0.905008 -0.00326873 0.5412 -0.827987 -0.146767 0.444917 -0.884793 -0.138528 0.556915 -0.813385 -0.168081 0.650601 -0.759406 -0.00456681 0.567715 -0.782458 -0.255852 0.649605 -0.758243 -0.0555036 0.650757 -0.759272 -0.00456601 0.427645 -0.889573 -0.160559 0.342929 -0.864065 -0.368498 0.69006 -0.721626 -0.0554391 0.649771 -0.758121 -0.0552265 0.694653 -0.716482 -0.0641148 0.768295 -0.636147 -0.0709944 0.770235 -0.637753 -0.00307344 0.767719 -0.640787 -7.88498e-05 0.696411 -0.714051 -0.0717172 0.768313 -0.640074 0 0.778687 -0.627413 0 0.778687 -0.627413 0 0.801045 -0.598568 -0.00659603 0.812237 -0.58329 -0.00661711 0.812791 -0.582527 -0.00580823 0.812804 -0.582537 -8.39215e-06 0.799525 -0.600611 -0.00499688 0.855286 -0.518124 -0.00582667 0.860315 -0.509762 -0.000132431 0.876311 -0.45798 -0.149443 0.886196 -0.463145 -0.0123799 0.879838 -0.475274 -0.000165005 0.844919 -0.511843 -0.155334 0.887771 -0.460118 -0.0124019 0.88833 -0.459061 -0.011523 0.888389 -0.459091 -6.21651e-05 0.898326 -0.439174 -0.0116527 0.907328 -0.420425 -0.000144934 0.927473 -0.346292 -0.140978 0.93678 -0.349767 -0.0102813 0.932883 -0.36018 -0.000246417 0.887703 -0.43398 -0.153767 0.947753 -0.318835 -0.0104017 0.948212 -0.317533 -0.0081605 0.950182 -0.311695 -7.12478e-05 0.950648 -0.310248 -0.00379699 0.950655 -0.31025 -0.00093103 0.950482 -0.310781 0 0.975701 -0.219107 0 0.975701 -0.219107 0 0.979759 -0.200179 0 0.979759 -0.20018 0 0.981324 -0.192353 0.0019566 0.981324 -0.192353 0.0019566 0.989778 -0.142605 0.00197345 0.989693 -0.143181 0.00256378 0.988486 -0.15126 0.00394039 0.996543 -0.0830367 0.00258153 0.996984 -0.077506 0.00397494 0.998939 0.0457772 -0.00498252 0.998847 0.0478049 -0.00447417 0.998657 0.0517531 -0.00249216 0.999891 -0.0140773 -0.00448352 0.999915 -0.0120439 -0.00498738 0.993659 0.112408 -0.00247969 0.99399 0.109467 0.000495878 0.996731 -0.080796 0.000331639 0.996262 -0.0863836 -0.000794184 0.996259 -0.0863833 -0.00248219 0.996429 -0.0843822 -0.00298649 0.997019 -0.0770209 -0.00447065 0.987282 0.158924 -0.0041007 0.986567 0.16332 -0.0033436 0.986348 0.16466 -0.00196402 0.99309 0.11728 -0.00412482 0.979642 0.200745 -0.00195066 0.982655 0.158179 -0.0967904 0.970037 0.116057 -0.213446 0.506681 0.144693 -0.849905 0.536515 0.163571 -0.827886 0.36604 0.144549 -0.919304 0.364725 0.167096 -0.916 0.440604 0.221531 -0.869938 0.356903 0.227518 -0.906011 0.359288 0.197609 -0.912065 0.340133 0.228446 -0.912207 0.258179 0.190481 -0.947133 0.225555 0.192723 -0.954978 0.224075 0.192059 -0.95546 0.192514 0.194337 -0.961858 0.192116 0.200139 -0.960748 0.192553 0.201662 -0.960342 0.195498 0.206545 -0.958707 0.192304 0.252895 -0.94819 0.204995 0.280783 -0.937624 0.246686 0.325292 -0.91287 0.282026 0.423512 -0.860871 0.243694 0.325546 -0.913583 0.20373 0.326849 -0.922856 0.194402 0.327481 -0.924643 0.164486 0.323407 -0.931854 0.166657 0.303853 -0.938029 0.246793 0.855037 -0.456076 0.11542 0.325681 -0.938408 0.11512 0.325756 -0.938419 0.252241 -0.582498 -0.772703 0.223643 -0.380066 -0.897515 0.263226 -0.397724 -0.878936 0.265906 -0.399578 -0.877287 0.510958 -0.694766 -0.506184 0.370762 -0.456848 -0.808595 0.351068 -0.388569 -0.851919 0.384403 -0.405143 -0.829514 0.154452 -0.379412 -0.912245 0.788657 -0.589311 -0.175306 0.77711 -0.622542 -0.0924233 0.344973 -0.325438 -0.880388 0.437498 -0.352041 -0.827443 0.689908 -0.50359 -0.520023 0.788695 -0.568303 -0.234505 0.78044 -0.62521 -0.00499465 0.778683 -0.62741 -0.00310714 0.790294 -0.567532 -0.230962 0.474749 -0.24275 -0.845982 0.877933 -0.447507 -0.170211 0.877274 -0.454677 -0.153814 0.405468 -0.268412 -0.873814 0.387334 -0.227801 -0.893353 0.405002 -0.19382 -0.893536 0.683226 -0.215268 -0.697755 0.927828 -0.301644 -0.21942 0.931982 -0.313529 -0.181957 0.973089 -0.204985 -0.105254 0.978517 -0.206128 -0.0039083 0.976656 -0.21481 -0.000644629 0.976332 -0.216278 -0.000258738 0.978832 -0.204643 -0.00313059 0.977069 -0.212919 -0.000974057 0.979759 -0.200179 -0.000259646 0.990327 -0.138752 0 0.990568 -0.137023 -0.000789645 0.999302 0.0363806 -0.00845193 0.999023 0.0437819 -0.00598081 0.99995 -0.00599206 -0.00798139 0.999954 -0.00455002 -0.00845744 0.993366 0.114845 -0.00594694 0.993202 0.116322 -0.00444889 0.997259 -0.0735557 -0.00795991 0.990375 -0.138408 -0.00130275 0.990051 -0.140686 -0.00246672 0.989628 -0.143621 -0.0029661 0.988632 -0.150301 -0.00394095 0.988039 -0.154136 -0.00459463 0.979171 -0.152752 -0.133755 0.960736 -0.109988 -0.254734 0.955567 -0.0916372 -0.280168 0.95721 -0.0706017 -0.28065 0.969149 0.112046 -0.219536 0.960796 0.0981137 -0.259316 0.408801 0.102634 -0.906834 0.393515 0.0980969 -0.914069 0.306967 0.0919258 -0.94727 0.306646 0.0918175 -0.947385 0.194778 0.0946172 -0.976273 0.206882 0.107067 -0.97249 0.332958 0.169811 -0.927525 0.177322 0.1077 -0.978242 0.105125 0.0719356 -0.991854 0.102081 0.0699102 -0.992316 0.0972162 0.0739803 -0.99251 0.0955574 0.0755079 -0.992556 0.0843384 0.086261 -0.992696 0.0808413 0.0885459 -0.992786 0.19001 0.201764 -0.960826 0.0777598 0.0901669 -0.992886 0.18697 0.244884 -0.951354 0.206431 0.285956 -0.935743 0.090899 0.150859 -0.984367 0.0530779 0.26798 -0.961961 0.0605768 0.105498 -0.992573 0.054818 0.0997779 -0.993499 0.175435 -0.317102 -0.932024 0.141532 -0.318856 -0.937177 0.181474 -0.24703 -0.951863 0.199162 -0.263879 -0.94377 0.232078 -0.301615 -0.924753 0.236211 -0.305734 -0.922351 0.25431 -0.312057 -0.915395 0.258015 -0.314998 -0.913348 0.255752 -0.307047 -0.916686 0.27535 -0.305332 -0.911567 0.275689 -0.285469 -0.91788 0.300732 -0.285208 -0.910064 0.0383704 -0.212197 -0.976473 0 -0.207316 -0.978274 0.30426 -0.244255 -0.920742 0.298433 -0.234751 -0.92511 0.312007 -0.170588 -0.93464 0.312665 -0.158117 -0.936611 0.332679 -0.159401 -0.929471 0.244195 -0.176931 -0.953449 0.335492 -0.0940883 -0.937333 0.36388 -0.0959054 -0.926495 0.388468 -0.0995145 -0.916073 0.484028 -0.129239 -0.865456 0.979036 -0.178254 -0.0985579 0.983816 -0.179124 -0.00457499 0.98309 -0.183081 -0.00391885 0.982037 -0.188662 -0.00312419 0.980305 -0.197486 -0.000977284 0.980603 -0.196 -0.0012899 0.999388 0.0328723 -0.0119686 0.999928 -0.00100463 -0.011975 0.951302 0.0661165 -0.301086 0.95292 0.0313439 -0.301598 0.948373 -0.000952833 -0.317155 0.947558 -0.0414748 -0.316883 0.380082 -0.0962275 -0.919934 0.380398 -0.0872343 -0.9207 0.342477 -0.0569833 -0.937797 0.342831 -0.0344482 -0.938765 0.360685 0.0603868 -0.930731 0.360383 0.0729133 -0.92995 0.274749 0.0751575 -0.958574 0.172341 0.0406325 -0.984199 0.119608 0.0274404 -0.992442 0.118648 0.0290336 -0.992512 0.115564 0.0360965 -0.992644 0.113191 0.0418443 -0.992692 0.110268 0.0522659 -0.992527 0.108252 0.0553967 -0.992579 0.106067 0.0602706 -0.992531 0 0 -1 0 0 -1 0 0 -1 0 0 -1 0 0 -1 0 0 -1 0 0 -1 0 0 -1 0 0 -1 0 0 -1 0 0 -1 0 0 -1 0 0 -1 0 0 -1 0 0 -1 0 0 -1 0 0 -1 0 0 -1 0 0 -1 0.0544421 0.0993506 -0.993562 0.0573065 0.0989467 -0.993441 0.0390677 -0.100019 -0.994218 0.0584147 -0.0974588 -0.993524 0.128555 -0.166946 -0.977549 0.252449 -0.305465 -0.918129 0.101238 -0.111253 -0.988622 0.0869078 -0.0895723 -0.992181 0.089348 -0.0874397 -0.992155 0.165108 -0.124654 -0.978366 0 -0.100715 -0.994915 0.105325 -0.0643149 -0.992356 0.109069 -0.0575883 -0.992365 0.109602 -0.056732 -0.992355 0.111904 -0.0482807 -0.992546 0.113016 -0.0446659 -0.992589 0.114467 -0.0413008 -0.992568 0.116752 -0.0370749 -0.992469 0.143898 -0.0369416 -0.988903 0.232186 -0.0589936 -0.970881 0.947848 0.0176192 -0.318236 0.947995 0 -0.318286 0.334484 0.0388738 -0.941599 0.33471 0.0127476 -0.942235 0.330582 0 -0.943777 0.330582 0 -0.943777 0.330486 -0.0241153 -0.943503 0.120087 -0.0280543 -0.992367 0.120268 -0.0253655 -0.992417 0.120089 -0.0289703 -0.99234 0.330568 0.00927811 -0.943736 0.120026 0.00975971 -0.992723 0.119643 0.0126395 -0.992737 0.0940846 -0.0800122 -0.992344 0.095134 -0.078424 -0.992371 0.102234 -0.0680338 -0.992431 0.118708 -0.032118 -0.99241 0.119677 -0.0160766 -0.992683 0.119687 -0.00321321 -0.992806 0.119739 -0.00224139 -0.992803 0.120032 0 -0.99277 0.344769 0.935679 0.0750955 0.345588 0.936186 0.0642258 0.34832 0.937367 0.00416172 0 0 -1 0 0 -1 0 0 -1 0 0 -1 0 0 -1 0 0 -1 0 0 -1 0 0 -1 0 0 -1 0 0 -1 0 0 -1 0 0 -1 0 0 -1 0 0 -1 0 0 -1 0 0 -1 0 0 -1 0 0 -1 0 0 -1 0 0 -1 0 0 -1 0 0 -1 0 0 -1 0 0 -1 0 0 -1 0 0 -1 0 0 -1 0 0 -1 0 0 -1 0 0 -1 0 0 -1 0 0 -1 0 0 -1 0 0 -1 0 0 -1 0 0 -1 0 0 -1 0 0 -1 0 0 -1 0 0 -1 0 0 -1 0 0 -1 0 0 -1 0 0 -1 0 0 -1 0 0 -1 0 0 -1 0 1 0 0 1 0 0 1 0 0 1 0 0 1 0 0.34049 0.924065 0.173697 0.246869 0.92439 0.29079 0.341032 0.923844 0.173812 0.523016 0.852323 0 0.523016 0.852323 0 0.355678 0.934609 0 0.458555 0.832665 0.310478 0.510724 0.832292 0.215527 -0.387446 0.683952 0.618139 -0.26234 0.749518 0.607783 -0.143113 0.829237 0.540263 0.167159 0.908512 0.382968 0.172971 0.876192 0.449853 0.227086 0.852204 0.471361 0.376889 0.820213 0.430355 0.447183 0.810878 0.377498 0.143826 0.911897 0.384394 0.565919 0.812097 0.142247 0.571733 0.82044 0 0.571733 0.82044 0 0.595719 0.650944 0.470522 0.670568 0.602563 0.432731 0.726918 0.664605 0.172889 0.713684 0.685021 0.146289 0.564228 0.679962 0.468294 0.577333 0.667556 0.470166 -0.404651 0.671768 0.620473 -0.415043 0.65886 0.62741 0 0 1 0 0 1 0 0 1 0 0 1 0 0 1 0 0 1 0 0 1 0 0 1 0 0 1 0 0 1 0 0 1 0 0 1 0 0 1 0 0 1 0 0 1 0 0 1 0 0 1 0 0 1 0 0 1 0 0 1 0 0 1 0 0 1 0 0 1 0 0 1 0 0 1 0 0 1 0 0 1 0 0 1 0 0 1 0 0 1 0 0 1 0 0 1 0 0 1 0 0 1 0 0 1 0 0 1 0 0 1 0 0 1 0 0 1 0 0 1 0 0 1 0 0 1 0 0 1 0 0 1 -0.112085 0.841258 0.528887 -0.096762 0.84262 0.529744 0.102762 0.882423 0.459098 0.111263 0.881611 0.458675 0.0479139 0.871894 0.487345 -0.00703022 0.872642 0.48831 0.0267615 0.871996 0.48878 0.721446 0.692471 0 0.721446 0.692471 0 0.728373 0.489567 0.479371 0.775668 0.420786 0.470402 0.843815 0.351621 0.405387 0.899406 0.385023 0.206947 0.87497 0.473707 0.10015 0.773428 0.624718 0.107406 0.777929 0.628353 0 0.777929 0.628353 0 -0.532344 0.545737 0.647133 -0.490184 0.580082 0.650557 0.847014 0.312034 0.430351 0.863112 0.170041 0.475525 0.892649 0.0533342 0.447587 0.998839 0.034668 0.0334573 0.997713 0.067591 0.00028372 0.962669 0.270679 0.0011362 0.957165 0.288922 0.0189551 0.928673 0.358173 0.0963261 0.932852 0.359785 0.0184732 0.932662 0.360751 0 0.879693 0.475541 0 0.879391 0.4761 0.000476335 0.879373 0.476133 0 -0.658669 0.428747 0.618329 -0.657338 0.429799 0.619015 -0.540526 0.536473 0.648096 0.88513 -0.0303938 0.464351 0.893868 0.0108625 0.448198 0.999416 0.0068806 0.0334767 0.999996 -0.00287232 0 0.999996 -0.00287232 0 0.997713 0.067591 0 0.997713 0.067591 0 0.999773 -0.00287168 0.0211179 0.962703 0.270562 0 -0.776135 0.136113 0.615701 -0.76399 0.15385 0.626618 -0.699395 0.291683 0.652508 0.882279 -0.211842 0.420364 0.951358 -0.250366 0.179538 0.990697 -0.129349 0.0422835 0.884008 -0.278762 0.375262 0.883754 -0.302306 0.357197 0.888545 -0.30504 0.342693 0.99156 -0.129462 0.00691488 0.993242 -0.116063 0 -0.847395 -0.090151 0.523255 -0.82693 -0.0387068 0.560971 -0.823947 -0.026728 0.566037 0.967063 -0.254499 0.00452002 0.893348 -0.350001 0.281831 0.903931 -0.40107 0.148498 0.914006 -0.40554 0.0113784 0.914315 -0.405004 0 0.965543 -0.260242 0 0.967163 -0.254157 0 0.991479 -0.130271 0 0.775424 -0.410173 0.480079 0.817723 -0.377642 0.434415 -0.939431 -0.342232 0.0186038 -0.929601 -0.334944 0.153798 -0.878043 -0.251484 0.407181 -0.86152 -0.224417 0.455435 -0.853877 -0.139155 0.501527 0.764486 -0.420469 0.488637 0.733478 -0.467797 0.493129 0.654448 -0.61927 0.433824 0.720495 -0.691717 0.0491297 0.72145 -0.690946 0.0458626 0.733161 -0.67961 0.0245904 0.864095 -0.502805 0.0229678 0.909811 -0.415023 0 0.864323 -0.502937 0 0.864323 -0.502937 0 -0.92827 -0.371451 0.0183829 -0.927949 -0.372708 0 -0.922479 -0.369134 0.113016 -0.859971 -0.494796 0.125005 -0.776927 -0.581876 0.240428 -0.733933 -0.528662 0.42645 -0.793365 -0.368172 0.484791 -0.833889 -0.292179 0.468253 -0.851305 -0.257571 0.457096 -0.856872 -0.232579 0.460085 0.522047 -0.696908 0.491718 0.481796 -0.727701 0.488185 0.425291 -0.7889 0.443582 0.407778 -0.811174 0.419183 0.444276 -0.882208 0.155973 0.44523 -0.882174 0.153424 0.529331 -0.847137 0.0465604 0.72221 -0.691674 0 0.72221 -0.691674 0 0.529905 -0.848057 0 0.529905 -0.848057 0 0.733383 -0.679816 0 0.733383 -0.679816 0 -0.866964 -0.498372 0 -0.866764 -0.498704 0.0037728 -0.863558 -0.504249 0 -0.799676 -0.600432 0 -0.794369 -0.607393 0.00721619 -0.772985 -0.591043 0.23057 -0.710688 -0.663513 0.233824 -0.646151 -0.702434 0.298455 -0.609837 -0.668852 0.425131 -0.632478 -0.634967 0.44361 -0.670068 -0.594925 0.44393 -0.721961 -0.538508 0.43449 0.236013 -0.847256 0.475873 0.138182 -0.882244 0.450056 0.104969 -0.986605 0.124873 0.187777 -0.981565 0.0356397 0.350465 -0.935467 0.0455583 0.450563 -0.892742 0.00215085 0.35083 -0.936439 0 0.35083 -0.936439 0 0.45045 -0.892802 0 0.452485 -0.891772 0 -0.794073 -0.607822 0 -0.731727 -0.681598 0 -0.730888 -0.682372 0.0131318 -0.730649 -0.682632 0.0128911 -0.594986 -0.803593 0.0151754 -0.582215 -0.786344 0.206612 -0.384937 -0.870215 0.307489 -0.37277 -0.850247 0.371649 -0.462741 -0.765439 0.447185 -0.509931 -0.72643 0.460728 -0.526984 -0.712579 0.463162 -0.476897 -0.856734 0.196408 0.0599553 -0.889188 0.453598 0.0485959 -0.893377 0.446672 0.0385998 -0.985825 0.163278 0.0625894 -0.99014 0.12532 0.187896 -0.982189 0 0.187896 -0.982189 0 0.0630868 -0.998008 0 0.0630868 -0.998008 0 -0.593955 -0.804498 0 -0.48637 -0.873753 0 -0.48637 -0.873753 0 -0.402401 -0.915464 0 -0.400954 -0.915971 0.0152427 -0.382441 -0.873678 0.300709 -0.120591 -0.988944 0.086303 -0.0624323 -0.984635 0.163081 -0.0787529 -0.892206 0.44471 -0.127893 -0.8765 0.464102 -0.297699 -0.854585 0.425511 -0.21882 -0.969505 0.110356 -0.0625785 -0.892681 0.446324 -0.121043 -0.992647 0 -0.121043 -0.992647 0 -0.377548 -0.92599 0 -0.222523 -0.974928 0 -0.220164 -0.975462 0.00122774 -0.220026 -0.975494 0 0.983762 0.17945 -0.00307456 0 1 0 0 1 0 0 1 0 0 1 0 0 1 0 0 1 0 0 1 0 0 1 0 0 0 1 0 0 1 0 0 1 0 0 1 0.250012 -0.0426015 0.967305 0.920386 -0.00691177 0.390949 0.997587 0.0251597 0.0647084 0.997981 0.0260729 0.0579146 0.99803 0.0262298 0.0569999 0.99852 0.0505584 0.0200653 0.972034 0.234402 -0.0143103 0.979888 0.199433 -0.00685761 0.981332 0.192243 -0.00544494 0 0 -1 0 0 -1 0 0 -1 0 0 -1 0 0 -1 0 0 -1 0 0 -1 0 0 -1 0 0 -1 -1 0 0 -1 0 0 -1 0 0 -1 0 0 0.136543 -0.0579273 0.988939 0.213261 -0.0487863 0.975776 0 -1 0 0 -1 0 0 -1 0 0 -1 0 0 -1 0 0 -1 0 0 -1 0 0.998336 0.0124522 0.056297 0.883219 0.465176 -0.0594663 0.891921 0.448758 -0.0556231 0 0.999813 -0.0193382 0 0.999813 -0.0193382 0.0990094 -0.32678 0.9399 0.103449 -0.325916 0.939722 0.110164 -0.259755 0.95937 0.127726 -0.0596237 0.990016 0.527963 0.844756 -0.0874185 0.389618 0.91652 -0.0904963 0.384078 0.918936 -0.0896681 0.146442 0.988022 -0.0486492 0.00355456 0.999807 -0.0193381 0.0509716 0.998103 -0.0345432 0.0128905 0.999689 -0.0213535</float_array>
                    <technique_common>
                        <accessor count="8002" source="#shape0-lib-normals-array" stride="3">
                            <param name="X" type="float"/>
                            <param name="Y" type="float"/>
                            <param name="Z" type="float"/>
                        </accessor>
                    </technique_common>
                </source>
                <vertices id="shape0-lib-vertices">
                    <input semantic="POSITION" source="#shape0-lib-positions"/>
                </vertices>
                <triangles count="8002">
                    <input offset="0" semantic="VERTEX" source="#shape0-lib-vertices"/>
                    <input offset="1" semantic="NORMAL" source="#shape0-lib-normals"/>
                    <p>0 0 1 0 2 0 0 1 2 1 3 1 0 2 3 2 4 2 0 3 4 3 5 3 0 4 5 4 6 4 0 5 6 5 7 5 0 6 7 6 8 6 0 7 8 7 9 7 0 8 9 8 10 8 0 9 10 9 11 9 0 10 11 10 12 10 0 11 12 11 13 11 0 12 13 12 14 12 0 13 14 13 15 13 0 14 15 14 16 14 0 15 16 15 17 15 0 16 17 16 18 16 0 17 18 17 19 17 0 18 19 18 20 18 0 19 20 19 21 19 0 20 21 20 22 20 0 21 22 21 23 21 0 22 23 22 24 22 0 23 24 23 25 23 0 24 25 24 26 24 0 25 26 25 27 25 0 26 27 26 28 26 0 27 28 27 29 27 0 28 29 28 30 28 0 29 30 29 31 29 0 30 31 30 32 30 0 31 32 31 33 31 0 32 33 32 34 32 0 33 34 33 35 33 0 34 35 34 36 34 0 35 36 35 37 35 0 36 37 36 38 36 0 37 38 37 39 37 0 38 39 38 40 38 0 39 40 39 41 39 0 40 41 40 42 40 0 41 42 41 43 41 0 42 43 42 44 42 0 43 44 43 45 43 0 44 45 44 46 44 0 45 46 45 47 45 0 46 47 46 48 46 0 47 48 47 49 47 0 48 49 48 50 48 0 49 50 49 51 49 0 50 51 50 52 50 0 51 52 51 53 51 0 52 53 52 54 52 0 53 54 53 55 53 0 54 55 54 56 54 0 55 56 55 57 55 0 56 57 56 58 56 0 57 58 57 59 57 0 58 59 58 60 58 0 59 60 59 61 59 0 60 61 60 62 60 0 61 62 61 63 61 0 62 63 62 64 62 0 63 64 63 65 63 0 64 65 64 66 64 0 65 66 65 67 65 0 66 67 66 68 66 0 67 68 67 1 67 1 68 68 68 69 68 1 69 69 69 2 69 65 70 64 70 66 70 66 71 70 71 71 71 66 72 71 72 72 72 66 73 72 73 73 73 66 74 73 74 67 74 66 75 64 75 70 75 67 76 73 76 68 76 68 77 73 77 74 77 68 78 74 78 75 78 68 79 75 79 69 79 2 80 69 80 3 80 69 81 75 81 76 81 69 82 76 82 77 82 69 83 77 83 4 83 69 84 4 84 3 84 64 85 63 85 70 85 70 86 78 86 71 86 70 87 63 87 62 87 70 88 62 88 61 88 70 89 61 89 78 89 71 90 79 90 80 90 71 91 80 91 81 91 71 92 81 92 82 92 71 93 82 93 83 93 71 94 83 94 72 94 71 95 78 95 84 95 71 96 84 96 85 96 71 97 85 97 86 97 71 98 86 98 79 98 72 99 83 99 73 99 73 100 83 100 87 100 73 101 87 101 88 101 73 102 88 102 74 102 74 103 88 103 75 103 75 104 88 104 89 104 75 105 89 105 90 105 75 106 90 106 91 106 75 107 91 107 92 107 75 108 92 108 93 108 75 109 93 109 76 109 76 110 93 110 94 110 76 111 94 111 77 111 77 112 94 112 95 112 77 113 95 113 4 113 4 114 95 114 5 114 78 115 61 115 84 115 61 116 60 116 84 116 79 117 86 117 96 117 79 118 96 118 97 118 79 119 97 119 80 119 80 120 97 120 98 120 80 121 98 121 81 121 81 122 99 122 100 122 81 123 100 123 101 123 81 124 101 124 82 124 81 125 98 125 99 125 82 126 101 126 102 126 82 127 102 127 87 127 82 128 87 128 83 128 84 129 60 129 59 129 84 130 59 130 58 130 84 131 58 131 85 131 85 132 58 132 57 132 85 133 57 133 86 133 86 134 57 134 96 134 87 135 102 135 89 135 87 136 89 136 88 136 89 137 102 137 103 137 89 138 103 138 90 138 90 139 103 139 104 139 90 140 104 140 105 140 90 141 105 141 106 141 90 142 106 142 107 142 90 143 107 143 108 143 90 144 108 144 91 144 91 145 108 145 92 145 92 146 108 146 93 146 93 147 108 147 109 147 93 148 109 148 107 148 93 149 107 149 110 149 93 150 110 150 111 150 93 151 111 151 112 151 93 152 112 152 113 152 93 153 113 153 114 153 93 154 114 154 95 154 93 155 95 155 94 155 95 156 114 156 7 156 95 157 7 157 6 157 95 158 6 158 115 158 95 159 115 159 5 159 5 160 115 160 6 160 96 161 116 161 97 161 96 162 57 162 56 162 96 163 56 163 116 163 97 164 116 164 117 164 97 165 117 165 118 165 97 166 118 166 119 166 97 167 119 167 120 167 97 168 120 168 98 168 98 169 121 169 122 169 98 170 122 170 99 170 98 171 120 171 123 171 98 172 123 172 121 172 99 173 122 173 100 173 100 174 124 174 101 174 100 175 122 175 125 175 100 176 125 176 126 176 100 177 126 177 124 177 101 178 124 178 102 178 102 179 124 179 103 179 103 180 124 180 104 180 104 181 127 181 105 181 104 182 124 182 126 182 104 183 126 183 128 183 104 184 128 184 127 184 105 185 127 185 106 185 106 186 127 186 107 186 107 187 109 187 108 187 107 188 127 188 129 188 107 189 129 189 130 189 107 190 130 190 131 190 107 191 131 191 111 191 107 192 111 192 110 192 111 193 132 193 133 193 111 194 133 194 112 194 111 195 131 195 134 195 111 196 134 196 132 196 112 197 133 197 135 197 112 198 135 198 136 198 112 199 136 199 113 199 113 200 136 200 11 200 113 201 11 201 10 201 113 202 10 202 137 202 113 203 137 203 9 203 113 204 9 204 8 204 113 205 8 205 114 205 114 206 8 206 7 206 116 207 56 207 55 207 116 208 55 208 54 208 116 209 54 209 53 209 116 210 53 210 117 210 117 211 53 211 52 211 117 212 52 212 51 212 117 213 51 213 50 213 117 214 50 214 118 214 118 215 50 215 119 215 119 216 138 216 139 216 119 217 139 217 123 217 119 218 123 218 120 218 119 219 50 219 49 219 119 220 49 220 48 220 119 221 48 221 138 221 121 222 140 222 141 222 121 223 141 223 122 223 121 224 123 224 140 224 122 225 141 225 142 225 122 226 142 226 125 226 123 227 139 227 140 227 125 228 142 228 143 228 125 229 143 229 144 229 125 230 144 230 145 230 125 231 145 231 146 231 125 232 146 232 128 232 125 233 128 233 126 233 127 234 147 234 148 234 127 235 148 235 129 235 127 236 128 236 146 236 127 237 146 237 147 237 129 238 148 238 130 238 130 239 148 239 149 239 130 240 149 240 150 240 130 241 150 241 134 241 130 242 134 242 131 242 132 243 134 243 150 243 132 244 150 244 151 244 132 245 151 245 152 245 132 246 152 246 153 246 132 247 153 247 133 247 133 248 153 248 135 248 135 249 153 249 154 249 135 250 154 250 14 250 135 251 14 251 13 251 135 252 13 252 12 252 135 253 12 253 136 253 136 254 12 254 11 254 10 255 9 255 137 255 138 256 155 256 156 256 138 257 156 257 157 257 138 258 157 258 139 258 138 259 48 259 47 259 138 260 47 260 46 260 138 261 46 261 155 261 139 262 157 262 158 262 139 263 158 263 140 263 140 264 158 264 141 264 141 265 159 265 142 265 141 266 158 266 160 266 141 267 160 267 159 267 142 268 159 268 143 268 147 269 146 269 145 269 147 270 145 270 161 270 147 271 161 271 149 271 147 272 149 272 148 272 149 273 162 273 150 273 149 274 161 274 162 274 150 275 162 275 163 275 150 276 163 276 164 276 150 277 164 277 151 277 151 278 164 278 165 278 151 279 165 279 166 279 151 280 166 280 152 280 152 281 154 281 153 281 152 282 166 282 16 282 152 283 16 283 15 283 152 284 15 284 154 284 154 285 15 285 14 285 155 286 167 286 156 286 155 287 46 287 45 287 155 288 45 288 167 288 156 289 167 289 168 289 156 290 168 290 169 290 156 291 169 291 170 291 156 292 170 292 171 292 156 293 171 293 158 293 156 294 158 294 157 294 158 295 171 295 172 295 158 296 172 296 160 296 159 297 160 297 172 297 159 298 172 298 173 298 159 299 173 299 174 299 159 300 174 300 143 300 143 301 175 301 144 301 143 302 174 302 175 302 145 303 144 303 176 303 145 304 176 304 161 304 161 305 176 305 177 305 161 306 177 306 162 306 162 307 177 307 178 307 162 308 178 308 163 308 163 309 178 309 179 309 163 310 179 310 164 310 164 311 179 311 180 311 164 312 180 312 181 312 164 313 181 313 165 313 166 314 165 314 18 314 166 315 18 315 17 315 166 316 17 316 16 316 167 317 45 317 44 317 167 318 44 318 168 318 168 319 44 319 43 319 168 320 43 320 169 320 169 321 182 321 170 321 169 322 43 322 42 322 169 323 42 323 182 323 170 324 182 324 183 324 170 325 183 325 171 325 171 326 183 326 184 326 171 327 184 327 185 327 171 328 185 328 186 328 171 329 186 329 172 329 172 330 186 330 173 330 173 331 186 331 187 331 173 332 187 332 174 332 174 333 187 333 188 333 174 334 188 334 175 334 175 335 188 335 189 335 175 336 189 336 190 336 175 337 190 337 176 337 175 338 176 338 144 338 176 339 190 339 191 339 176 340 191 340 192 340 176 341 192 341 193 341 176 342 193 342 177 342 177 343 193 343 178 343 178 344 193 344 192 344 178 345 192 345 194 345 178 346 194 346 179 346 179 347 194 347 195 347 179 348 195 348 180 348 180 349 195 349 196 349 180 350 196 350 197 350 180 351 197 351 181 351 181 352 197 352 198 352 181 353 198 353 20 353 181 354 20 354 19 354 181 355 19 355 165 355 165 356 19 356 18 356 182 357 199 357 183 357 182 358 42 358 199 358 42 359 41 359 199 359 183 360 199 360 184 360 184 361 200 361 185 361 184 362 199 362 201 362 184 363 201 363 202 363 184 364 202 364 203 364 184 365 203 365 204 365 184 366 204 366 200 366 185 367 205 367 187 367 185 368 187 368 186 368 185 369 200 369 204 369 185 370 204 370 206 370 185 371 206 371 205 371 187 372 207 372 188 372 187 373 205 373 207 373 188 374 207 374 189 374 189 375 192 375 191 375 189 376 191 376 190 376 189 377 207 377 208 377 189 378 208 378 209 378 189 379 209 379 210 379 189 380 210 380 192 380 192 381 210 381 211 381 192 382 211 382 212 382 192 383 212 383 195 383 192 384 195 384 194 384 195 385 212 385 213 385 195 386 213 386 196 386 196 387 213 387 214 387 196 388 214 388 197 388 197 389 214 389 198 389 198 390 214 390 21 390 198 391 21 391 20 391 199 392 41 392 40 392 199 393 40 393 39 393 199 394 39 394 201 394 201 395 39 395 38 395 201 396 38 396 37 396 201 397 37 397 202 397 202 398 37 398 36 398 202 399 36 399 203 399 203 400 36 400 35 400 203 401 35 401 34 401 203 402 34 402 204 402 204 403 215 403 206 403 204 404 34 404 33 404 204 405 33 405 215 405 205 406 206 406 216 406 205 407 216 407 207 407 206 408 217 408 216 408 206 409 215 409 218 409 206 410 218 410 217 410 207 411 216 411 208 411 208 412 219 412 220 412 208 413 220 413 221 413 208 414 221 414 209 414 208 415 216 415 217 415 208 416 217 416 218 416 208 417 218 417 222 417 208 418 222 418 223 418 208 419 223 419 219 419 209 420 221 420 210 420 210 421 221 421 211 421 211 422 221 422 212 422 212 423 221 423 224 423 212 424 224 424 225 424 212 425 225 425 213 425 213 426 225 426 226 426 213 427 226 427 227 427 213 428 227 428 214 428 214 429 227 429 23 429 214 430 23 430 22 430 214 431 22 431 21 431 215 432 33 432 32 432 215 433 32 433 218 433 218 434 32 434 31 434 218 435 31 435 30 435 218 436 30 436 222 436 219 437 223 437 220 437 220 438 224 438 221 438 220 439 223 439 228 439 220 440 228 440 224 440 222 441 30 441 29 441 222 442 29 442 28 442 222 443 28 443 223 443 223 444 28 444 228 444 224 445 228 445 229 445 224 446 229 446 226 446 224 447 226 447 225 447 226 448 229 448 25 448 226 449 25 449 227 449 227 450 25 450 24 450 227 451 24 451 23 451 228 452 28 452 27 452 228 453 27 453 26 453 228 454 26 454 229 454 229 455 26 455 25 455 230 456 231 456 232 456 230 457 232 457 233 457 230 458 233 458 234 458 230 459 234 459 235 459 230 460 235 460 236 460 230 461 236 461 237 461 230 462 237 462 238 462 230 463 238 463 239 463 230 464 239 464 240 464 230 465 240 465 241 465 230 466 241 466 242 466 230 467 242 467 243 467 230 468 243 468 244 468 230 469 244 469 245 469 230 470 245 470 246 470 230 471 246 471 247 471 230 472 247 472 248 472 230 473 248 473 249 473 230 474 249 474 250 474 230 475 250 475 251 475 230 476 251 476 252 476 230 477 252 477 253 477 230 478 253 478 254 478 230 479 254 479 255 479 230 480 255 480 256 480 230 481 256 481 257 481 230 482 257 482 258 482 230 483 258 483 259 483 230 484 259 484 260 484 230 485 260 485 261 485 230 486 261 486 262 486 230 487 262 487 263 487 230 488 263 488 264 488 230 489 264 489 265 489 230 490 265 490 266 490 230 491 266 491 267 491 230 492 267 492 268 492 230 493 268 493 269 493 230 494 269 494 270 494 230 495 270 495 271 495 230 496 271 496 272 496 230 497 272 497 273 497 230 498 273 498 274 498 230 499 274 499 275 499 230 500 275 500 276 500 230 501 276 501 277 501 230 502 277 502 278 502 230 503 278 503 279 503 230 504 279 504 280 504 230 505 280 505 281 505 230 506 281 506 282 506 230 507 282 507 283 507 230 508 283 508 284 508 230 509 284 509 285 509 230 510 285 510 286 510 230 511 286 511 287 511 230 512 287 512 288 512 230 513 288 513 289 513 230 514 289 514 290 514 230 515 290 515 291 515 230 516 291 516 292 516 230 517 292 517 293 517 230 518 293 518 294 518 230 519 294 519 295 519 230 520 295 520 296 520 230 521 296 521 297 521 230 522 297 522 298 522 230 523 298 523 299 523 230 524 299 524 300 524 230 525 300 525 301 525 230 526 301 526 302 526 230 527 302 527 303 527 230 528 303 528 304 528 230 529 304 529 305 529 230 530 305 530 306 530 230 531 306 531 307 531 230 532 307 532 308 532 230 533 308 533 309 533 230 534 309 534 310 534 230 535 310 535 311 535 230 536 311 536 312 536 230 537 312 537 313 537 230 538 313 538 314 538 230 539 314 539 315 539 230 540 315 540 316 540 230 541 316 541 317 541 230 542 317 542 318 542 230 543 318 543 319 543 230 544 319 544 320 544 230 545 320 545 321 545 230 546 321 546 322 546 230 547 322 547 323 547 230 548 323 548 324 548 230 549 324 549 325 549 230 550 325 550 326 550 230 551 326 551 327 551 230 552 327 552 328 552 230 553 328 553 329 553 230 554 329 554 330 554 230 555 330 555 231 555 231 556 330 556 331 556 231 557 331 557 232 557 327 558 326 558 332 558 327 559 332 559 328 559 328 560 332 560 333 560 328 561 333 561 334 561 328 562 334 562 335 562 328 563 335 563 329 563 329 564 335 564 336 564 329 565 336 565 330 565 330 566 336 566 331 566 232 567 331 567 337 567 232 568 337 568 233 568 331 569 336 569 337 569 326 570 325 570 332 570 332 571 338 571 333 571 332 572 325 572 324 572 332 573 324 573 338 573 333 574 338 574 339 574 333 575 339 575 340 575 333 576 340 576 341 576 333 577 341 577 342 577 333 578 342 578 334 578 334 579 342 579 343 579 334 580 343 580 335 580 335 581 344 581 336 581 335 582 343 582 345 582 335 583 345 583 344 583 336 584 344 584 346 584 336 585 346 585 347 585 336 586 347 586 337 586 233 587 337 587 348 587 233 588 348 588 234 588 337 589 347 589 349 589 337 590 349 590 348 590 338 591 324 591 339 591 324 592 323 592 339 592 339 593 350 593 351 593 339 594 351 594 340 594 339 595 323 595 322 595 339 596 322 596 350 596 340 597 351 597 352 597 340 598 352 598 353 598 340 599 353 599 341 599 341 600 353 600 354 600 341 601 354 601 342 601 342 602 354 602 343 602 343 603 354 603 355 603 343 604 355 604 356 604 343 605 356 605 345 605 344 606 345 606 357 606 344 607 357 607 346 607 345 608 356 608 358 608 345 609 358 609 359 609 345 610 359 610 357 610 346 611 360 611 347 611 346 612 357 612 360 612 347 613 360 613 361 613 347 614 361 614 349 614 234 615 348 615 235 615 348 616 349 616 362 616 348 617 362 617 236 617 348 618 236 618 235 618 349 619 361 619 363 619 349 620 363 620 364 620 349 621 364 621 365 621 349 622 365 622 366 622 349 623 366 623 362 623 350 624 367 624 351 624 350 625 322 625 321 625 350 626 321 626 320 626 350 627 320 627 367 627 351 628 367 628 368 628 351 629 368 629 369 629 351 630 369 630 370 630 351 631 370 631 371 631 351 632 371 632 352 632 352 633 371 633 372 633 352 634 372 634 373 634 352 635 373 635 353 635 353 636 373 636 354 636 354 637 373 637 374 637 354 638 374 638 355 638 355 639 374 639 375 639 355 640 375 640 356 640 356 641 375 641 376 641 356 642 376 642 358 642 357 643 359 643 377 643 357 644 377 644 378 644 357 645 378 645 360 645 358 646 376 646 379 646 358 647 379 647 380 647 358 648 380 648 359 648 359 649 380 649 377 649 360 650 378 650 361 650 361 651 378 651 381 651 361 652 381 652 363 652 362 653 366 653 236 653 236 654 366 654 237 654 363 655 381 655 364 655 364 656 381 656 382 656 364 657 382 657 383 657 364 658 383 658 384 658 364 659 384 659 365 659 365 660 384 660 240 660 365 661 240 661 239 661 365 662 239 662 238 662 365 663 238 663 366 663 366 664 238 664 237 664 367 665 320 665 319 665 367 666 319 666 368 666 368 667 319 667 318 667 368 668 318 668 369 668 369 669 385 669 370 669 369 670 318 670 317 670 369 671 317 671 316 671 369 672 316 672 385 672 370 673 386 673 387 673 370 674 387 674 372 674 370 675 372 675 371 675 370 676 385 676 386 676 372 677 387 677 388 677 372 678 388 678 389 678 372 679 389 679 373 679 373 680 389 680 390 680 373 681 390 681 374 681 374 682 390 682 391 682 374 683 391 683 375 683 375 684 391 684 376 684 376 685 391 685 392 685 376 686 392 686 393 686 376 687 393 687 394 687 376 688 394 688 395 688 376 689 395 689 396 689 376 690 396 690 397 690 376 691 397 691 398 691 376 692 398 692 399 692 376 693 399 693 400 693 376 694 400 694 401 694 376 695 401 695 402 695 376 696 402 696 403 696 376 697 403 697 404 697 376 698 404 698 405 698 376 699 405 699 406 699 376 700 406 700 379 700 377 701 380 701 407 701 377 702 407 702 408 702 377 703 408 703 378 703 378 704 408 704 409 704 378 705 409 705 410 705 378 706 410 706 381 706 379 707 406 707 407 707 379 708 407 708 380 708 381 709 410 709 382 709 382 710 410 710 383 710 383 711 410 711 411 711 383 712 411 712 412 712 383 713 412 713 413 713 383 714 413 714 414 714 383 715 414 715 384 715 384 716 414 716 241 716 384 717 241 717 240 717 385 718 415 718 386 718 385 719 316 719 415 719 316 720 315 720 415 720 386 721 416 721 417 721 386 722 417 722 388 722 386 723 388 723 387 723 386 724 415 724 418 724 386 725 418 725 416 725 388 726 417 726 419 726 388 727 419 727 420 727 388 728 420 728 421 728 388 729 421 729 389 729 389 730 421 730 422 730 389 731 422 731 390 731 390 732 422 732 391 732 391 733 422 733 393 733 391 734 393 734 392 734 407 735 423 735 408 735 407 736 406 736 405 736 407 737 405 737 423 737 408 738 423 738 409 738 409 739 423 739 424 739 409 740 424 740 410 740 410 741 425 741 411 741 410 742 424 742 426 742 410 743 426 743 425 743 411 744 425 744 412 744 412 745 425 745 427 745 412 746 427 746 428 746 412 747 428 747 429 747 412 748 429 748 430 748 412 749 430 749 413 749 413 750 430 750 245 750 413 751 245 751 244 751 413 752 244 752 243 752 413 753 243 753 242 753 413 754 242 754 414 754 414 755 242 755 241 755 415 756 315 756 314 756 415 757 314 757 313 757 415 758 313 758 418 758 416 759 431 759 432 759 416 760 432 760 419 760 416 761 419 761 417 761 416 762 418 762 433 762 416 763 433 763 434 763 416 764 434 764 431 764 418 765 313 765 312 765 418 766 312 766 311 766 418 767 311 767 310 767 418 768 310 768 433 768 419 769 432 769 420 769 420 770 435 770 436 770 420 771 436 771 421 771 420 772 432 772 431 772 420 773 431 773 437 773 420 774 437 774 438 774 420 775 438 775 439 775 420 776 439 776 435 776 421 777 436 777 422 777 422 778 436 778 440 778 422 779 440 779 394 779 422 780 394 780 393 780 423 781 405 781 404 781 423 782 404 782 441 782 423 783 441 783 442 783 423 784 442 784 424 784 424 785 442 785 426 785 425 786 426 786 427 786 426 787 442 787 443 787 426 788 443 788 444 788 426 789 444 789 445 789 426 790 445 790 428 790 426 791 428 791 427 791 428 792 445 792 446 792 428 793 446 793 447 793 428 794 447 794 448 794 428 795 448 795 449 795 428 796 449 796 429 796 429 797 449 797 248 797 429 798 248 798 247 798 429 799 247 799 246 799 429 800 246 800 430 800 430 801 246 801 245 801 431 802 434 802 450 802 431 803 450 803 451 803 431 804 451 804 452 804 431 805 452 805 437 805 433 806 310 806 309 806 433 807 309 807 434 807 434 808 309 808 308 808 434 809 308 809 450 809 435 810 439 810 453 810 435 811 453 811 440 811 435 812 440 812 436 812 437 813 452 813 454 813 437 814 454 814 455 814 437 815 455 815 439 815 437 816 439 816 438 816 439 817 455 817 456 817 439 818 456 818 453 818 440 819 453 819 395 819 440 820 395 820 394 820 404 821 403 821 441 821 441 822 457 822 443 822 441 823 443 823 442 823 441 824 403 824 457 824 443 825 457 825 444 825 444 826 458 826 459 826 444 827 459 827 446 827 444 828 446 828 445 828 444 829 457 829 460 829 444 830 460 830 458 830 446 831 459 831 461 831 446 832 461 832 447 832 447 833 461 833 252 833 447 834 252 834 251 834 447 835 251 835 250 835 447 836 250 836 448 836 448 837 250 837 449 837 449 838 250 838 249 838 449 839 249 839 248 839 450 840 308 840 307 840 450 841 307 841 306 841 450 842 306 842 451 842 451 843 306 843 305 843 451 844 305 844 452 844 452 845 305 845 304 845 452 846 304 846 303 846 452 847 303 847 454 847 453 848 462 848 395 848 453 849 456 849 462 849 454 850 463 850 455 850 454 851 303 851 302 851 454 852 302 852 301 852 454 853 301 853 463 853 455 854 464 854 456 854 455 855 463 855 464 855 456 856 464 856 465 856 456 857 465 857 466 857 456 858 466 858 467 858 456 859 467 859 468 859 456 860 468 860 469 860 456 861 469 861 462 861 395 862 462 862 469 862 395 863 469 863 396 863 403 864 402 864 470 864 403 865 470 865 460 865 403 866 460 866 457 866 458 867 471 867 472 867 458 868 472 868 473 868 458 869 473 869 459 869 458 870 460 870 470 870 458 871 470 871 474 871 458 872 474 872 475 872 458 873 475 873 471 873 459 874 473 874 476 874 459 875 476 875 461 875 461 876 476 876 253 876 461 877 253 877 252 877 463 878 477 878 465 878 463 879 465 879 464 879 463 880 301 880 300 880 463 881 300 881 299 881 463 882 299 882 477 882 465 883 478 883 466 883 465 884 477 884 478 884 466 885 478 885 479 885 466 886 479 886 480 886 466 887 480 887 467 887 467 888 480 888 481 888 467 889 481 889 396 889 467 890 396 890 468 890 468 891 396 891 469 891 396 892 481 892 482 892 396 893 482 893 397 893 402 894 401 894 483 894 402 895 483 895 475 895 402 896 475 896 474 896 402 897 474 897 470 897 471 898 484 898 485 898 471 899 485 899 472 899 471 900 475 900 486 900 471 901 486 901 487 901 471 902 487 902 484 902 472 903 485 903 488 903 472 904 488 904 476 904 472 905 476 905 473 905 475 906 483 906 486 906 476 907 488 907 255 907 476 908 255 908 254 908 476 909 254 909 253 909 477 910 489 910 478 910 477 911 299 911 298 911 477 912 298 912 489 912 478 913 489 913 490 913 478 914 490 914 491 914 478 915 491 915 479 915 479 916 491 916 480 916 480 917 492 917 481 917 480 918 491 918 492 918 481 919 492 919 493 919 481 920 493 920 482 920 482 921 493 921 397 921 397 922 493 922 494 922 397 923 494 923 398 923 401 924 400 924 495 924 401 925 495 925 483 925 483 926 495 926 496 926 483 927 496 927 486 927 484 928 487 928 485 928 485 929 497 929 498 929 485 930 498 930 488 930 485 931 487 931 497 931 486 932 496 932 487 932 487 933 496 933 499 933 487 934 499 934 500 934 487 935 500 935 501 935 487 936 501 936 502 936 487 937 502 937 497 937 488 938 498 938 257 938 488 939 257 939 256 939 488 940 256 940 255 940 489 941 503 941 490 941 489 942 298 942 297 942 489 943 297 943 296 943 489 944 296 944 503 944 490 945 504 945 505 945 490 946 505 946 491 946 490 947 503 947 506 947 490 948 506 948 507 948 490 949 507 949 504 949 491 950 505 950 504 950 491 951 504 951 508 951 491 952 508 952 509 952 491 953 509 953 492 953 492 954 509 954 493 954 493 955 509 955 510 955 493 956 510 956 511 956 493 957 511 957 494 957 494 958 512 958 513 958 494 959 513 959 398 959 494 960 511 960 514 960 494 961 514 961 512 961 398 962 513 962 515 962 398 963 515 963 399 963 400 964 399 964 516 964 400 965 516 965 517 965 400 966 517 966 495 966 495 967 517 967 518 967 495 968 518 968 499 968 495 969 499 969 496 969 497 970 502 970 519 970 497 971 519 971 520 971 497 972 520 972 521 972 497 973 521 973 522 973 497 974 522 974 498 974 498 975 522 975 260 975 498 976 260 976 259 976 498 977 259 977 258 977 498 978 258 978 257 978 499 979 518 979 500 979 500 980 523 980 524 980 500 981 524 981 525 981 500 982 525 982 526 982 500 983 526 983 501 983 500 984 518 984 523 984 501 985 526 985 519 985 501 986 519 986 502 986 503 987 296 987 295 987 503 988 295 988 506 988 504 989 527 989 528 989 504 990 528 990 508 990 504 991 507 991 529 991 504 992 529 992 530 992 504 993 530 993 527 993 506 994 295 994 294 994 506 995 294 995 507 995 507 996 294 996 293 996 507 997 293 997 292 997 507 998 292 998 529 998 508 999 528 999 531 999 508 1000 531 1000 509 1000 509 1001 531 1001 510 1001 510 1002 531 1002 532 1002 510 1003 532 1003 533 1003 510 1004 533 1004 511 1004 511 1005 533 1005 514 1005 512 1006 514 1006 534 1006 512 1007 534 1007 535 1007 512 1008 535 1008 513 1008 513 1009 535 1009 536 1009 513 1010 536 1010 515 1010 514 1011 533 1011 537 1011 514 1012 537 1012 534 1012 399 1013 515 1013 516 1013 516 1014 515 1014 538 1014 516 1015 538 1015 539 1015 516 1016 539 1016 517 1016 517 1017 539 1017 540 1017 517 1018 540 1018 518 1018 518 1019 540 1019 523 1019 519 1020 526 1020 525 1020 519 1021 525 1021 541 1021 519 1022 541 1022 542 1022 519 1023 542 1023 520 1023 520 1024 542 1024 263 1024 520 1025 263 1025 262 1025 520 1026 262 1026 521 1026 521 1027 262 1027 261 1027 521 1028 261 1028 260 1028 521 1029 260 1029 522 1029 523 1030 543 1030 544 1030 523 1031 544 1031 524 1031 523 1032 540 1032 543 1032 524 1033 544 1033 525 1033 525 1034 544 1034 545 1034 525 1035 545 1035 546 1035 525 1036 546 1036 541 1036 527 1037 547 1037 548 1037 527 1038 548 1038 531 1038 527 1039 531 1039 528 1039 527 1040 530 1040 549 1040 527 1041 549 1041 550 1041 527 1042 550 1042 547 1042 529 1043 292 1043 291 1043 529 1044 291 1044 530 1044 530 1045 291 1045 290 1045 530 1046 290 1046 289 1046 530 1047 289 1047 549 1047 531 1048 548 1048 532 1048 532 1049 548 1049 547 1049 532 1050 547 1050 551 1050 532 1051 551 1051 533 1051 533 1052 551 1052 552 1052 533 1053 552 1053 553 1053 533 1054 553 1054 554 1054 533 1055 554 1055 537 1055 534 1056 537 1056 555 1056 534 1057 555 1057 556 1057 534 1058 556 1058 535 1058 535 1059 556 1059 557 1059 535 1060 557 1060 536 1060 515 1061 536 1061 538 1061 537 1062 554 1062 558 1062 537 1063 558 1063 555 1063 538 1064 536 1064 559 1064 538 1065 559 1065 539 1065 539 1066 559 1066 560 1066 539 1067 560 1067 540 1067 540 1068 560 1068 561 1068 540 1069 561 1069 562 1069 540 1070 562 1070 543 1070 541 1071 546 1071 265 1071 541 1072 265 1072 264 1072 541 1073 264 1073 542 1073 542 1074 264 1074 263 1074 543 1075 563 1075 544 1075 543 1076 562 1076 563 1076 544 1077 563 1077 564 1077 544 1078 564 1078 545 1078 545 1079 564 1079 268 1079 545 1080 268 1080 267 1080 545 1081 267 1081 546 1081 546 1082 267 1082 266 1082 546 1083 266 1083 265 1083 547 1084 552 1084 551 1084 547 1085 550 1085 565 1085 547 1086 565 1086 552 1086 549 1087 289 1087 288 1087 549 1088 288 1088 287 1088 549 1089 287 1089 550 1089 550 1090 287 1090 286 1090 550 1091 286 1091 565 1091 552 1092 566 1092 553 1092 552 1093 565 1093 567 1093 552 1094 567 1094 568 1094 552 1095 568 1095 569 1095 552 1096 569 1096 570 1096 552 1097 570 1097 566 1097 553 1098 566 1098 554 1098 554 1099 566 1099 558 1099 555 1100 558 1100 571 1100 555 1101 571 1101 556 1101 556 1102 571 1102 557 1102 536 1103 557 1103 559 1103 557 1104 571 1104 572 1104 557 1105 572 1105 573 1105 557 1106 573 1106 559 1106 558 1107 566 1107 570 1107 558 1108 570 1108 571 1108 559 1109 573 1109 560 1109 560 1110 573 1110 574 1110 560 1111 574 1111 561 1111 561 1112 574 1112 575 1112 561 1113 575 1113 562 1113 562 1114 575 1114 563 1114 563 1115 575 1115 576 1115 563 1116 576 1116 577 1116 563 1117 577 1117 578 1117 563 1118 578 1118 579 1118 563 1119 579 1119 564 1119 564 1120 579 1120 271 1120 564 1121 271 1121 270 1121 564 1122 270 1122 269 1122 564 1123 269 1123 268 1123 565 1124 286 1124 285 1124 565 1125 285 1125 567 1125 567 1126 285 1126 284 1126 567 1127 284 1127 568 1127 568 1128 284 1128 569 1128 569 1129 284 1129 283 1129 569 1130 283 1130 282 1130 569 1131 282 1131 570 1131 570 1132 580 1132 571 1132 570 1133 282 1133 281 1133 570 1134 281 1134 280 1134 570 1135 280 1135 580 1135 571 1136 580 1136 581 1136 571 1137 581 1137 582 1137 571 1138 582 1138 583 1138 571 1139 583 1139 572 1139 572 1140 574 1140 573 1140 572 1141 583 1141 584 1141 572 1142 584 1142 585 1142 572 1143 585 1143 576 1143 572 1144 576 1144 574 1144 574 1145 576 1145 575 1145 576 1146 585 1146 276 1146 576 1147 276 1147 275 1147 576 1148 275 1148 274 1148 576 1149 274 1149 577 1149 577 1150 274 1150 273 1150 577 1151 273 1151 578 1151 578 1152 273 1152 272 1152 578 1153 272 1153 579 1153 579 1154 272 1154 271 1154 580 1155 280 1155 279 1155 580 1156 279 1156 581 1156 581 1157 279 1157 278 1157 581 1158 278 1158 582 1158 582 1159 278 1159 277 1159 582 1160 277 1160 583 1160 583 1161 277 1161 584 1161 584 1162 277 1162 585 1162 585 1163 277 1163 276 1163 586 1164 587 1164 588 1164 586 1165 588 1165 589 1165 586 1166 589 1166 590 1166 586 1167 590 1167 591 1167 586 1168 591 1168 592 1168 586 1169 592 1169 593 1169 586 1170 593 1170 594 1170 586 1171 594 1171 595 1171 586 1172 595 1172 596 1172 586 1173 596 1173 597 1173 586 1174 597 1174 598 1174 586 1175 598 1175 599 1175 586 1176 599 1176 600 1176 586 1177 600 1177 601 1177 586 1178 601 1178 602 1178 586 1179 602 1179 603 1179 586 1180 603 1180 604 1180 586 1181 604 1181 605 1181 586 1182 605 1182 606 1182 586 1183 606 1183 607 1183 586 1184 607 1184 608 1184 586 1185 608 1185 609 1185 586 1186 609 1186 610 1186 586 1187 610 1187 611 1187 586 1188 611 1188 612 1188 586 1189 612 1189 613 1189 586 1190 613 1190 614 1190 586 1191 614 1191 615 1191 586 1192 615 1192 616 1192 586 1193 616 1193 617 1193 586 1194 617 1194 618 1194 586 1195 618 1195 619 1195 586 1196 619 1196 620 1196 586 1197 620 1197 621 1197 586 1198 621 1198 622 1198 586 1199 622 1199 623 1199 586 1200 623 1200 624 1200 586 1201 624 1201 625 1201 586 1202 625 1202 626 1202 586 1203 626 1203 627 1203 586 1204 627 1204 628 1204 586 1205 628 1205 629 1205 586 1206 629 1206 630 1206 586 1207 630 1207 631 1207 586 1208 631 1208 632 1208 586 1209 632 1209 633 1209 586 1210 633 1210 634 1210 586 1211 634 1211 635 1211 586 1212 635 1212 636 1212 586 1213 636 1213 637 1213 586 1214 637 1214 638 1214 586 1215 638 1215 639 1215 586 1216 639 1216 640 1216 586 1217 640 1217 641 1217 586 1218 641 1218 642 1218 586 1219 642 1219 643 1219 586 1220 643 1220 644 1220 586 1221 644 1221 645 1221 586 1222 645 1222 646 1222 586 1223 646 1223 647 1223 586 1224 647 1224 648 1224 586 1225 648 1225 587 1225 587 1226 648 1226 649 1226 587 1227 649 1227 588 1227 646 1228 645 1228 647 1228 647 1229 650 1229 651 1229 647 1230 651 1230 652 1230 647 1231 652 1231 653 1231 647 1232 653 1232 648 1232 647 1233 645 1233 650 1233 648 1234 653 1234 654 1234 648 1235 654 1235 649 1235 588 1236 655 1236 589 1236 588 1237 649 1237 655 1237 649 1238 654 1238 656 1238 649 1239 656 1239 657 1239 649 1240 657 1240 655 1240 645 1241 644 1241 650 1241 650 1242 658 1242 651 1242 650 1243 644 1243 658 1243 651 1244 659 1244 660 1244 651 1245 660 1245 661 1245 651 1246 661 1246 652 1246 651 1247 658 1247 659 1247 652 1248 661 1248 653 1248 653 1249 661 1249 662 1249 653 1250 662 1250 654 1250 654 1251 662 1251 663 1251 654 1252 663 1252 656 1252 655 1253 657 1253 589 1253 589 1254 664 1254 665 1254 589 1255 665 1255 590 1255 589 1256 657 1256 666 1256 589 1257 666 1257 664 1257 656 1258 663 1258 667 1258 656 1259 667 1259 668 1259 656 1260 668 1260 657 1260 657 1261 668 1261 666 1261 644 1262 643 1262 669 1262 644 1263 669 1263 658 1263 658 1264 670 1264 671 1264 658 1265 671 1265 659 1265 658 1266 669 1266 641 1266 658 1267 641 1267 670 1267 659 1268 671 1268 672 1268 659 1269 672 1269 660 1269 660 1270 672 1270 673 1270 660 1271 673 1271 674 1271 660 1272 674 1272 675 1272 660 1273 675 1273 661 1273 661 1274 675 1274 676 1274 661 1275 676 1275 677 1275 661 1276 677 1276 662 1276 662 1277 677 1277 678 1277 662 1278 678 1278 663 1278 663 1279 678 1279 679 1279 663 1280 679 1280 667 1280 664 1281 666 1281 680 1281 664 1282 680 1282 665 1282 665 1283 681 1283 591 1283 665 1284 591 1284 590 1284 665 1285 680 1285 682 1285 665 1286 682 1286 681 1286 666 1287 668 1287 683 1287 666 1288 683 1288 680 1288 667 1289 684 1289 683 1289 667 1290 683 1290 668 1290 667 1291 679 1291 684 1291 643 1292 642 1292 669 1292 669 1293 642 1293 641 1293 670 1294 685 1294 686 1294 670 1295 686 1295 687 1295 670 1296 687 1296 671 1296 670 1297 641 1297 640 1297 670 1298 640 1298 685 1298 671 1299 687 1299 672 1299 672 1300 687 1300 673 1300 673 1301 688 1301 689 1301 673 1302 689 1302 690 1302 673 1303 690 1303 674 1303 673 1304 687 1304 691 1304 673 1305 691 1305 688 1305 674 1306 690 1306 675 1306 675 1307 690 1307 692 1307 675 1308 692 1308 676 1308 676 1309 692 1309 693 1309 676 1310 693 1310 694 1310 676 1311 694 1311 677 1311 677 1312 694 1312 695 1312 677 1313 695 1313 678 1313 678 1314 695 1314 696 1314 678 1315 696 1315 679 1315 679 1316 697 1316 684 1316 679 1317 696 1317 697 1317 680 1318 683 1318 682 1318 681 1319 698 1319 592 1319 681 1320 592 1320 591 1320 681 1321 682 1321 698 1321 682 1322 683 1322 699 1322 682 1323 699 1323 700 1323 682 1324 700 1324 701 1324 682 1325 701 1325 698 1325 683 1326 684 1326 702 1326 683 1327 702 1327 699 1327 684 1328 697 1328 702 1328 685 1329 703 1329 686 1329 685 1330 640 1330 639 1330 685 1331 639 1331 703 1331 686 1332 704 1332 687 1332 686 1333 703 1333 704 1333 687 1334 704 1334 691 1334 688 1335 691 1335 705 1335 688 1336 705 1336 706 1336 688 1337 706 1337 707 1337 688 1338 707 1338 708 1338 688 1339 708 1339 709 1339 688 1340 709 1340 689 1340 689 1341 709 1341 690 1341 690 1342 709 1342 710 1342 690 1343 710 1343 692 1343 691 1344 704 1344 705 1344 692 1345 710 1345 693 1345 693 1346 710 1346 711 1346 693 1347 711 1347 712 1347 693 1348 712 1348 694 1348 694 1349 713 1349 695 1349 694 1350 712 1350 713 1350 695 1351 713 1351 696 1351 696 1352 714 1352 697 1352 696 1353 713 1353 714 1353 697 1354 715 1354 716 1354 697 1355 716 1355 702 1355 697 1356 714 1356 715 1356 698 1357 594 1357 593 1357 698 1358 593 1358 592 1358 698 1359 701 1359 594 1359 699 1360 702 1360 700 1360 700 1361 702 1361 716 1361 700 1362 716 1362 717 1362 700 1363 717 1363 718 1363 700 1364 718 1364 719 1364 700 1365 719 1365 701 1365 701 1366 719 1366 594 1366 703 1367 720 1367 721 1367 703 1368 721 1368 704 1368 703 1369 639 1369 638 1369 703 1370 638 1370 720 1370 704 1371 721 1371 705 1371 705 1372 721 1372 722 1372 705 1373 722 1373 723 1373 705 1374 723 1374 706 1374 706 1375 723 1375 707 1375 707 1376 724 1376 708 1376 707 1377 723 1377 725 1377 707 1378 725 1378 724 1378 708 1379 726 1379 709 1379 708 1380 724 1380 726 1380 709 1381 726 1381 727 1381 709 1382 727 1382 728 1382 709 1383 728 1383 710 1383 710 1384 728 1384 729 1384 710 1385 729 1385 711 1385 711 1386 729 1386 730 1386 711 1387 730 1387 731 1387 711 1388 731 1388 732 1388 711 1389 732 1389 733 1389 711 1390 733 1390 712 1390 712 1391 733 1391 713 1391 713 1392 733 1392 734 1392 713 1393 734 1393 735 1393 713 1394 735 1394 714 1394 714 1395 735 1395 736 1395 714 1396 736 1396 715 1396 715 1397 737 1397 717 1397 715 1398 717 1398 716 1398 715 1399 736 1399 737 1399 594 1400 738 1400 595 1400 594 1401 719 1401 739 1401 594 1402 739 1402 738 1402 717 1403 737 1403 740 1403 717 1404 740 1404 718 1404 718 1405 740 1405 739 1405 718 1406 739 1406 719 1406 720 1407 741 1407 721 1407 720 1408 638 1408 637 1408 720 1409 637 1409 636 1409 720 1410 636 1410 635 1410 720 1411 635 1411 741 1411 721 1412 741 1412 722 1412 722 1413 741 1413 723 1413 723 1414 742 1414 725 1414 723 1415 741 1415 743 1415 723 1416 743 1416 744 1416 723 1417 744 1417 745 1417 723 1418 745 1418 742 1418 724 1419 725 1419 746 1419 724 1420 746 1420 747 1420 724 1421 747 1421 726 1421 725 1422 742 1422 745 1422 725 1423 745 1423 748 1423 725 1424 748 1424 746 1424 726 1425 747 1425 727 1425 727 1426 749 1426 729 1426 727 1427 729 1427 728 1427 727 1428 747 1428 750 1428 727 1429 750 1429 749 1429 729 1430 749 1430 730 1430 733 1431 732 1431 751 1431 733 1432 751 1432 734 1432 734 1433 751 1433 752 1433 734 1434 752 1434 753 1434 734 1435 753 1435 735 1435 735 1436 753 1436 736 1436 736 1437 753 1437 754 1437 736 1438 754 1438 737 1438 737 1439 754 1439 740 1439 738 1440 755 1440 596 1440 738 1441 596 1441 595 1441 738 1442 739 1442 756 1442 738 1443 756 1443 755 1443 739 1444 740 1444 756 1444 740 1445 754 1445 757 1445 740 1446 757 1446 756 1446 741 1447 635 1447 634 1447 741 1448 634 1448 743 1448 743 1449 634 1449 633 1449 743 1450 633 1450 632 1450 743 1451 632 1451 744 1451 744 1452 632 1452 745 1452 745 1453 758 1453 748 1453 745 1454 632 1454 631 1454 745 1455 631 1455 630 1455 745 1456 630 1456 759 1456 745 1457 759 1457 758 1457 746 1458 760 1458 747 1458 746 1459 748 1459 761 1459 746 1460 761 1460 760 1460 747 1461 760 1461 750 1461 748 1462 758 1462 761 1462 749 1463 750 1463 762 1463 749 1464 762 1464 763 1464 749 1465 763 1465 730 1465 750 1466 760 1466 764 1466 750 1467 764 1467 762 1467 730 1468 763 1468 731 1468 732 1469 731 1469 765 1469 732 1470 765 1470 766 1470 732 1471 766 1471 767 1471 732 1472 767 1472 751 1472 751 1473 767 1473 752 1473 752 1474 767 1474 768 1474 752 1475 768 1475 769 1475 752 1476 769 1476 753 1476 753 1477 769 1477 754 1477 754 1478 769 1478 770 1478 754 1479 770 1479 757 1479 755 1480 597 1480 596 1480 755 1481 756 1481 597 1481 756 1482 757 1482 770 1482 756 1483 770 1483 771 1483 756 1484 771 1484 597 1484 758 1485 772 1485 761 1485 758 1486 759 1486 772 1486 630 1487 629 1487 759 1487 759 1488 629 1488 628 1488 759 1489 628 1489 773 1489 759 1490 773 1490 772 1490 760 1491 774 1491 764 1491 760 1492 761 1492 775 1492 760 1493 775 1493 774 1493 761 1494 772 1494 776 1494 761 1495 776 1495 775 1495 762 1496 777 1496 763 1496 762 1497 764 1497 778 1497 762 1498 778 1498 777 1498 763 1499 777 1499 779 1499 763 1500 779 1500 765 1500 763 1501 765 1501 731 1501 764 1502 774 1502 778 1502 766 1503 780 1503 767 1503 766 1504 765 1504 781 1504 766 1505 781 1505 782 1505 766 1506 782 1506 783 1506 766 1507 783 1507 780 1507 767 1508 780 1508 784 1508 767 1509 784 1509 768 1509 768 1510 784 1510 785 1510 768 1511 785 1511 769 1511 769 1512 785 1512 786 1512 769 1513 786 1513 787 1513 769 1514 787 1514 788 1514 769 1515 788 1515 770 1515 770 1516 788 1516 789 1516 770 1517 789 1517 771 1517 597 1518 771 1518 598 1518 771 1519 789 1519 598 1519 772 1520 773 1520 776 1520 628 1521 627 1521 773 1521 773 1522 627 1522 626 1522 773 1523 626 1523 776 1523 774 1524 775 1524 790 1524 774 1525 790 1525 778 1525 775 1526 776 1526 791 1526 775 1527 791 1527 790 1527 776 1528 626 1528 792 1528 776 1529 792 1529 793 1529 776 1530 793 1530 791 1530 777 1531 778 1531 794 1531 777 1532 794 1532 795 1532 777 1533 795 1533 779 1533 778 1534 790 1534 794 1534 779 1535 795 1535 765 1535 765 1536 795 1536 781 1536 780 1537 783 1537 784 1537 782 1538 781 1538 796 1538 782 1539 796 1539 797 1539 782 1540 797 1540 783 1540 783 1541 798 1541 784 1541 783 1542 797 1542 799 1542 783 1543 799 1543 800 1543 783 1544 800 1544 798 1544 784 1545 798 1545 785 1545 785 1546 798 1546 801 1546 785 1547 801 1547 786 1547 786 1548 801 1548 802 1548 786 1549 802 1549 803 1549 786 1550 803 1550 787 1550 787 1551 803 1551 788 1551 788 1552 803 1552 789 1552 789 1553 803 1553 599 1553 789 1554 599 1554 598 1554 626 1555 625 1555 792 1555 790 1556 791 1556 804 1556 790 1557 804 1557 805 1557 790 1558 805 1558 806 1558 790 1559 806 1559 807 1559 790 1560 807 1560 808 1560 790 1561 808 1561 809 1561 790 1562 809 1562 794 1562 791 1563 793 1563 625 1563 791 1564 625 1564 804 1564 792 1565 625 1565 793 1565 794 1566 809 1566 810 1566 794 1567 810 1567 811 1567 794 1568 811 1568 795 1568 795 1569 811 1569 796 1569 795 1570 796 1570 781 1570 796 1571 811 1571 812 1571 796 1572 812 1572 797 1572 797 1573 813 1573 799 1573 797 1574 812 1574 617 1574 797 1575 617 1575 814 1575 797 1576 814 1576 616 1576 797 1577 616 1577 813 1577 798 1578 800 1578 815 1578 798 1579 815 1579 816 1579 798 1580 816 1580 801 1580 799 1581 817 1581 800 1581 799 1582 813 1582 614 1582 799 1583 614 1583 613 1583 799 1584 613 1584 817 1584 800 1585 818 1585 815 1585 800 1586 817 1586 611 1586 800 1587 611 1587 610 1587 800 1588 610 1588 818 1588 801 1589 816 1589 606 1589 801 1590 606 1590 819 1590 801 1591 819 1591 820 1591 801 1592 820 1592 802 1592 802 1593 820 1593 821 1593 802 1594 821 1594 803 1594 803 1595 821 1595 600 1595 803 1596 600 1596 599 1596 625 1597 624 1597 822 1597 625 1598 822 1598 804 1598 804 1599 822 1599 823 1599 804 1600 823 1600 805 1600 805 1601 823 1601 623 1601 805 1602 623 1602 806 1602 806 1603 623 1603 824 1603 806 1604 824 1604 825 1604 806 1605 825 1605 807 1605 807 1606 825 1606 808 1606 808 1607 826 1607 809 1607 808 1608 825 1608 827 1608 808 1609 827 1609 621 1609 808 1610 621 1610 826 1610 809 1611 826 1611 810 1611 810 1612 828 1612 811 1612 810 1613 826 1613 620 1613 810 1614 620 1614 828 1614 811 1615 828 1615 620 1615 811 1616 620 1616 619 1616 811 1617 619 1617 812 1617 812 1618 619 1618 618 1618 812 1619 618 1619 617 1619 813 1620 616 1620 615 1620 813 1621 615 1621 614 1621 617 1622 616 1622 814 1622 815 1623 818 1623 829 1623 815 1624 829 1624 816 1624 816 1625 829 1625 606 1625 817 1626 613 1626 612 1626 817 1627 612 1627 611 1627 818 1628 610 1628 609 1628 818 1629 609 1629 829 1629 606 1630 605 1630 819 1630 606 1631 829 1631 607 1631 819 1632 605 1632 604 1632 819 1633 604 1633 820 1633 820 1634 604 1634 603 1634 820 1635 603 1635 821 1635 821 1636 603 1636 602 1636 821 1637 602 1637 601 1637 821 1638 601 1638 600 1638 624 1639 623 1639 823 1639 624 1640 823 1640 822 1640 623 1641 622 1641 825 1641 623 1642 825 1642 824 1642 825 1643 622 1643 621 1643 825 1644 621 1644 827 1644 826 1645 621 1645 830 1645 826 1646 830 1646 620 1646 621 1647 620 1647 830 1647 829 1648 609 1648 608 1648 829 1649 608 1649 607 1649 831 1650 832 1650 833 1650 831 1651 833 1651 834 1651 831 1652 834 1652 835 1652 831 1653 835 1653 836 1653 831 1654 836 1654 837 1654 831 1655 837 1655 838 1655 831 1656 838 1656 839 1656 831 1657 839 1657 840 1657 831 1658 840 1658 841 1658 831 1659 841 1659 842 1659 831 1660 842 1660 843 1660 831 1661 843 1661 844 1661 831 1662 844 1662 845 1662 831 1663 845 1663 846 1663 831 1664 846 1664 847 1664 831 1665 847 1665 848 1665 831 1666 848 1666 849 1666 831 1667 849 1667 850 1667 831 1668 850 1668 851 1668 831 1669 851 1669 852 1669 831 1670 852 1670 853 1670 831 1671 853 1671 832 1671 832 1672 853 1672 854 1672 832 1673 854 1673 855 1673 832 1674 855 1674 856 1674 832 1675 856 1675 857 1675 832 1676 857 1676 858 1676 832 1677 858 1677 859 1677 832 1678 859 1678 860 1678 832 1679 860 1679 861 1679 832 1680 861 1680 862 1680 832 1681 862 1681 863 1681 832 1682 863 1682 864 1682 832 1683 864 1683 865 1683 832 1684 865 1684 866 1684 832 1685 866 1685 833 1685 849 1686 848 1686 867 1686 849 1687 867 1687 850 1687 850 1688 867 1688 851 1688 853 1689 852 1689 854 1689 833 1690 866 1690 868 1690 833 1691 868 1691 869 1691 833 1692 869 1692 834 1692 848 1693 870 1693 867 1693 848 1694 847 1694 870 1694 867 1695 870 1695 851 1695 851 1696 870 1696 871 1696 851 1697 871 1697 852 1697 854 1698 852 1698 871 1698 854 1699 871 1699 855 1699 866 1700 865 1700 872 1700 866 1701 872 1701 868 1701 834 1702 869 1702 835 1702 870 1703 847 1703 873 1703 870 1704 873 1704 871 1704 847 1705 846 1705 873 1705 871 1706 873 1706 874 1706 871 1707 874 1707 875 1707 871 1708 875 1708 876 1708 871 1709 876 1709 877 1709 871 1710 877 1710 855 1710 855 1711 877 1711 856 1711 868 1712 872 1712 878 1712 868 1713 878 1713 836 1713 868 1714 836 1714 835 1714 868 1715 835 1715 869 1715 865 1716 864 1716 872 1716 872 1717 864 1717 863 1717 872 1718 863 1718 879 1718 872 1719 879 1719 880 1719 872 1720 880 1720 878 1720 873 1721 846 1721 874 1721 846 1722 845 1722 881 1722 846 1723 881 1723 875 1723 846 1724 875 1724 874 1724 875 1725 881 1725 876 1725 876 1726 881 1726 877 1726 877 1727 881 1727 856 1727 856 1728 881 1728 882 1728 856 1729 882 1729 857 1729 878 1730 880 1730 883 1730 878 1731 883 1731 884 1731 878 1732 884 1732 836 1732 836 1733 884 1733 837 1733 863 1734 862 1734 879 1734 879 1735 862 1735 885 1735 879 1736 885 1736 880 1736 880 1737 885 1737 883 1737 845 1738 844 1738 881 1738 881 1739 844 1739 886 1739 881 1740 886 1740 887 1740 881 1741 887 1741 882 1741 882 1742 887 1742 857 1742 857 1743 887 1743 888 1743 857 1744 888 1744 858 1744 883 1745 889 1745 837 1745 883 1746 837 1746 884 1746 883 1747 885 1747 839 1747 883 1748 839 1748 889 1748 837 1749 889 1749 890 1749 837 1750 890 1750 838 1750 862 1751 861 1751 885 1751 885 1752 861 1752 891 1752 885 1753 891 1753 892 1753 885 1754 892 1754 841 1754 885 1755 841 1755 840 1755 885 1756 840 1756 839 1756 844 1757 843 1757 893 1757 844 1758 893 1758 886 1758 886 1759 894 1759 887 1759 886 1760 893 1760 895 1760 886 1761 895 1761 894 1761 887 1762 894 1762 895 1762 887 1763 895 1763 888 1763 858 1764 888 1764 859 1764 889 1765 838 1765 890 1765 889 1766 839 1766 838 1766 861 1767 860 1767 892 1767 861 1768 892 1768 891 1768 892 1769 860 1769 859 1769 892 1770 859 1770 888 1770 892 1771 888 1771 895 1771 892 1772 895 1772 893 1772 892 1773 893 1773 842 1773 892 1774 842 1774 841 1774 843 1775 842 1775 893 1775 896 1776 897 1776 898 1776 896 1777 898 1777 899 1777 896 1778 899 1778 900 1778 896 1779 900 1779 901 1779 896 1780 901 1780 902 1780 896 1781 902 1781 903 1781 896 1782 903 1782 897 1782 897 1783 904 1783 905 1783 897 1784 905 1784 898 1784 897 1785 903 1785 904 1785 898 1786 905 1786 906 1786 898 1787 906 1787 907 1787 898 1788 907 1788 899 1788 899 1789 907 1789 900 1789 900 1790 908 1790 909 1790 900 1791 909 1791 901 1791 900 1792 907 1792 910 1792 900 1793 910 1793 911 1793 900 1794 911 1794 908 1794 901 1795 909 1795 902 1795 902 1796 912 1796 913 1796 902 1797 913 1797 914 1797 902 1798 914 1798 915 1798 902 1799 915 1799 916 1799 902 1800 916 1800 903 1800 902 1801 909 1801 912 1801 904 1802 917 1802 918 1802 904 1803 918 1803 905 1803 904 1804 903 1804 919 1804 904 1805 919 1805 920 1805 904 1806 920 1806 917 1806 905 1807 918 1807 921 1807 905 1808 921 1808 922 1808 905 1809 922 1809 906 1809 903 1810 916 1810 923 1810 903 1811 923 1811 919 1811 906 1812 922 1812 924 1812 906 1813 924 1813 925 1813 906 1814 925 1814 907 1814 907 1815 925 1815 926 1815 907 1816 926 1816 910 1816 908 1817 927 1817 928 1817 908 1818 928 1818 909 1818 908 1819 911 1819 929 1819 908 1820 929 1820 927 1820 909 1821 928 1821 930 1821 909 1822 930 1822 912 1822 910 1823 926 1823 931 1823 910 1824 931 1824 911 1824 911 1825 931 1825 932 1825 911 1826 932 1826 933 1826 911 1827 933 1827 934 1827 911 1828 934 1828 929 1828 912 1829 930 1829 935 1829 912 1830 935 1830 913 1830 913 1831 935 1831 936 1831 913 1832 936 1832 937 1832 913 1833 937 1833 914 1833 914 1834 937 1834 938 1834 914 1835 938 1835 915 1835 915 1836 938 1836 916 1836 917 1837 939 1837 918 1837 917 1838 920 1838 939 1838 918 1839 939 1839 940 1839 918 1840 940 1840 921 1840 919 1841 923 1841 941 1841 919 1842 941 1842 920 1842 920 1843 941 1843 942 1843 920 1844 942 1844 939 1844 921 1845 940 1845 943 1845 921 1846 943 1846 944 1846 921 1847 944 1847 945 1847 921 1848 945 1848 946 1848 921 1849 946 1849 922 1849 922 1850 946 1850 924 1850 916 1851 938 1851 947 1851 916 1852 947 1852 948 1852 916 1853 948 1853 923 1853 923 1854 948 1854 949 1854 923 1855 949 1855 941 1855 924 1856 946 1856 950 1856 924 1857 950 1857 951 1857 924 1858 951 1858 925 1858 925 1859 951 1859 952 1859 925 1860 952 1860 926 1860 926 1861 952 1861 931 1861 927 1862 953 1862 928 1862 927 1863 929 1863 954 1863 927 1864 954 1864 953 1864 928 1865 953 1865 955 1865 928 1866 955 1866 930 1866 929 1867 934 1867 956 1867 929 1868 956 1868 954 1868 930 1869 955 1869 957 1869 930 1870 957 1870 935 1870 931 1871 952 1871 932 1871 932 1872 952 1872 958 1872 932 1873 958 1873 959 1873 932 1874 959 1874 933 1874 933 1875 960 1875 961 1875 933 1876 961 1876 962 1876 933 1877 962 1877 963 1877 933 1878 963 1878 964 1878 933 1879 964 1879 934 1879 933 1880 959 1880 960 1880 934 1881 964 1881 956 1881 935 1882 957 1882 965 1882 935 1883 965 1883 936 1883 936 1884 965 1884 966 1884 936 1885 966 1885 967 1885 936 1886 967 1886 968 1886 936 1887 968 1887 969 1887 936 1888 969 1888 937 1888 937 1889 969 1889 970 1889 937 1890 970 1890 971 1890 937 1891 971 1891 938 1891 938 1892 971 1892 972 1892 938 1893 972 1893 973 1893 938 1894 973 1894 947 1894 939 1895 974 1895 975 1895 939 1896 975 1896 976 1896 939 1897 976 1897 977 1897 939 1898 977 1898 943 1898 939 1899 943 1899 940 1899 939 1900 942 1900 978 1900 939 1901 978 1901 979 1901 939 1902 979 1902 974 1902 941 1903 980 1903 942 1903 941 1904 949 1904 980 1904 942 1905 980 1905 981 1905 942 1906 981 1906 982 1906 942 1907 982 1907 978 1907 943 1908 983 1908 984 1908 943 1909 984 1909 985 1909 943 1910 985 1910 986 1910 943 1911 986 1911 987 1911 943 1912 987 1912 944 1912 943 1913 977 1913 983 1913 944 1914 987 1914 945 1914 945 1915 958 1915 952 1915 945 1916 952 1916 951 1916 945 1917 951 1917 950 1917 945 1918 950 1918 946 1918 945 1919 987 1919 986 1919 945 1920 986 1920 988 1920 945 1921 988 1921 959 1921 945 1922 959 1922 958 1922 947 1923 973 1923 948 1923 948 1924 973 1924 989 1924 948 1925 989 1925 990 1925 948 1926 990 1926 949 1926 949 1927 990 1927 991 1927 949 1928 991 1928 992 1928 949 1929 992 1929 993 1929 949 1930 993 1930 994 1930 949 1931 994 1931 980 1931 953 1932 954 1932 995 1932 953 1933 995 1933 996 1933 953 1934 996 1934 997 1934 953 1935 997 1935 998 1935 953 1936 998 1936 955 1936 954 1937 999 1937 1000 1937 954 1938 1000 1938 1001 1938 954 1939 1001 1939 995 1939 954 1940 956 1940 1002 1940 954 1941 1002 1941 999 1941 955 1942 998 1942 1003 1942 955 1943 1003 1943 957 1943 956 1944 964 1944 1004 1944 956 1945 1004 1945 1002 1945 957 1946 1003 1946 965 1946 959 1947 988 1947 960 1947 960 1948 1005 1948 1006 1948 960 1949 1006 1949 961 1949 960 1950 988 1950 1005 1950 961 1951 1006 1951 1007 1951 961 1952 1007 1952 1008 1952 961 1953 1008 1953 962 1953 962 1954 1008 1954 1009 1954 962 1955 1009 1955 1010 1955 962 1956 1010 1956 1011 1956 962 1957 1011 1957 1012 1957 962 1958 1012 1958 1013 1958 962 1959 1013 1959 1014 1959 962 1960 1014 1960 963 1960 963 1961 1014 1961 1015 1961 963 1962 1015 1962 964 1962 964 1963 1015 1963 1004 1963 965 1964 1003 1964 1016 1964 965 1965 1016 1965 966 1965 966 1966 1016 1966 1017 1966 966 1967 1017 1967 967 1967 967 1968 1017 1968 1018 1968 967 1969 1018 1969 1019 1969 967 1970 1019 1970 1020 1970 967 1971 1020 1971 1021 1971 967 1972 1021 1972 968 1972 968 1973 1021 1973 1022 1973 968 1974 1022 1974 1023 1974 968 1975 1023 1975 1024 1975 968 1976 1024 1976 970 1976 968 1977 970 1977 969 1977 970 1978 1024 1978 971 1978 971 1979 1024 1979 1023 1979 971 1980 1023 1980 972 1980 972 1981 1023 1981 1025 1981 972 1982 1025 1982 973 1982 973 1983 1025 1983 989 1983 974 1984 979 1984 1026 1984 974 1985 1026 1985 1027 1985 974 1986 1027 1986 1028 1986 974 1987 1028 1987 1029 1987 974 1988 1029 1988 975 1988 975 1989 1029 1989 976 1989 976 1990 1029 1990 1030 1990 976 1991 1030 1991 977 1991 977 1992 1030 1992 1031 1992 977 1993 1031 1993 983 1993 978 1994 982 1994 1032 1994 978 1995 1032 1995 979 1995 979 1996 1032 1996 1026 1996 980 1997 994 1997 981 1997 981 1998 994 1998 1033 1998 981 1999 1033 1999 1034 1999 981 2000 1034 2000 1035 2000 981 2001 1035 2001 1036 2001 981 2002 1036 2002 982 2002 982 2003 1036 2003 1032 2003 983 2004 1037 2004 1038 2004 983 2005 1038 2005 984 2005 983 2006 1031 2006 1039 2006 983 2007 1039 2007 1037 2007 984 2008 1040 2008 985 2008 984 2009 1038 2009 1041 2009 984 2010 1041 2010 1040 2010 985 2011 1040 2011 986 2011 986 2012 1040 2012 1042 2012 986 2013 1042 2013 1005 2013 986 2014 1005 2014 988 2014 989 2015 1025 2015 1043 2015 989 2016 1043 2016 991 2016 989 2017 991 2017 990 2017 991 2018 1043 2018 1044 2018 991 2019 1044 2019 992 2019 992 2020 1044 2020 1045 2020 992 2021 1045 2021 994 2021 992 2022 994 2022 993 2022 994 2023 1045 2023 1046 2023 994 2024 1046 2024 1047 2024 994 2025 1047 2025 1048 2025 994 2026 1048 2026 1034 2026 994 2027 1034 2027 1033 2027 995 2028 1001 2028 996 2028 996 2029 1001 2029 1049 2029 996 2030 1049 2030 997 2030 997 2031 1049 2031 1050 2031 997 2032 1050 2032 998 2032 998 2033 1050 2033 1003 2033 999 2034 1002 2034 1051 2034 999 2035 1051 2035 1052 2035 999 2036 1052 2036 1053 2036 999 2037 1053 2037 1054 2037 999 2038 1054 2038 1055 2038 999 2039 1055 2039 1056 2039 999 2040 1056 2040 1057 2040 999 2041 1057 2041 1058 2041 999 2042 1058 2042 1059 2042 999 2043 1059 2043 1060 2043 999 2044 1060 2044 1061 2044 999 2045 1061 2045 1062 2045 999 2046 1062 2046 1063 2046 999 2047 1063 2047 1064 2047 999 2048 1064 2048 1065 2048 999 2049 1065 2049 1066 2049 999 2050 1066 2050 1067 2050 999 2051 1067 2051 1068 2051 999 2052 1068 2052 1069 2052 999 2053 1069 2053 1070 2053 999 2054 1070 2054 1071 2054 999 2055 1071 2055 1072 2055 999 2056 1072 2056 1073 2056 999 2057 1073 2057 1074 2057 999 2058 1074 2058 1075 2058 999 2059 1075 2059 1076 2059 999 2060 1076 2060 1077 2060 999 2061 1077 2061 1078 2061 999 2062 1078 2062 1079 2062 999 2063 1079 2063 1080 2063 999 2064 1080 2064 1081 2064 999 2065 1081 2065 1082 2065 999 2066 1082 2066 1083 2066 999 2067 1083 2067 1084 2067 999 2068 1084 2068 1085 2068 999 2069 1085 2069 1086 2069 999 2070 1086 2070 1087 2070 999 2071 1087 2071 1088 2071 999 2072 1088 2072 1089 2072 999 2073 1089 2073 1090 2073 999 2074 1090 2074 1091 2074 999 2075 1091 2075 1092 2075 999 2076 1092 2076 1093 2076 999 2077 1093 2077 1094 2077 999 2078 1094 2078 1095 2078 999 2079 1095 2079 1096 2079 999 2080 1096 2080 1097 2080 999 2081 1097 2081 1098 2081 999 2082 1098 2082 1099 2082 999 2083 1099 2083 1100 2083 999 2084 1100 2084 1101 2084 999 2085 1101 2085 1102 2085 999 2086 1102 2086 1103 2086 999 2087 1103 2087 1104 2087 999 2088 1104 2088 1105 2088 999 2089 1105 2089 1106 2089 999 2090 1106 2090 1107 2090 999 2091 1107 2091 1108 2091 999 2092 1108 2092 1109 2092 999 2093 1109 2093 1110 2093 999 2094 1110 2094 1111 2094 999 2095 1111 2095 1112 2095 999 2096 1112 2096 1113 2096 999 2097 1113 2097 1114 2097 999 2098 1114 2098 1115 2098 999 2099 1115 2099 1116 2099 999 2100 1116 2100 1117 2100 999 2101 1117 2101 1118 2101 999 2102 1118 2102 1119 2102 999 2103 1119 2103 1120 2103 999 2104 1120 2104 1121 2104 999 2105 1121 2105 1122 2105 999 2106 1122 2106 1123 2106 999 2107 1123 2107 1124 2107 999 2108 1124 2108 1125 2108 999 2109 1125 2109 1126 2109 999 2110 1126 2110 1127 2110 999 2111 1127 2111 1128 2111 999 2112 1128 2112 1129 2112 999 2113 1129 2113 1130 2113 999 2114 1130 2114 1131 2114 999 2115 1131 2115 1132 2115 999 2116 1132 2116 1133 2116 999 2117 1133 2117 1134 2117 999 2118 1134 2118 1135 2118 999 2119 1135 2119 1136 2119 999 2120 1136 2120 1137 2120 999 2121 1137 2121 1138 2121 999 2122 1138 2122 1139 2122 999 2123 1139 2123 1140 2123 999 2124 1140 2124 1050 2124 999 2125 1050 2125 1049 2125 999 2126 1049 2126 1001 2126 999 2127 1001 2127 1000 2127 1002 2128 1004 2128 1141 2128 1002 2129 1141 2129 1142 2129 1002 2130 1142 2130 1052 2130 1002 2131 1052 2131 1051 2131 1003 2132 1050 2132 1140 2132 1003 2133 1140 2133 1139 2133 1003 2134 1139 2134 1138 2134 1003 2135 1138 2135 1143 2135 1003 2136 1143 2136 1016 2136 1004 2137 1015 2137 1144 2137 1004 2138 1144 2138 1145 2138 1004 2139 1145 2139 1141 2139 1005 2140 1042 2140 1007 2140 1005 2141 1007 2141 1006 2141 1008 2142 1007 2142 1009 2142 1009 2143 1146 2143 1147 2143 1009 2144 1147 2144 1010 2144 1009 2145 1007 2145 1042 2145 1009 2146 1042 2146 1146 2146 1010 2147 1147 2147 1148 2147 1010 2148 1148 2148 1011 2148 1011 2149 1148 2149 1149 2149 1011 2150 1149 2150 1012 2150 1012 2151 1149 2151 1150 2151 1012 2152 1150 2152 1151 2152 1012 2153 1151 2153 1013 2153 1013 2154 1152 2154 1153 2154 1013 2155 1153 2155 1154 2155 1013 2156 1154 2156 1155 2156 1013 2157 1155 2157 1156 2157 1013 2158 1156 2158 1157 2158 1013 2159 1157 2159 1014 2159 1013 2160 1151 2160 1158 2160 1013 2161 1158 2161 1152 2161 1014 2162 1144 2162 1015 2162 1014 2163 1157 2163 1144 2163 1016 2164 1143 2164 1159 2164 1016 2165 1159 2165 1017 2165 1017 2166 1159 2166 1160 2166 1017 2167 1160 2167 1161 2167 1017 2168 1161 2168 1162 2168 1017 2169 1162 2169 1163 2169 1017 2170 1163 2170 1034 2170 1017 2171 1034 2171 1048 2171 1017 2172 1048 2172 1047 2172 1017 2173 1047 2173 1046 2173 1017 2174 1046 2174 1164 2174 1017 2175 1164 2175 1018 2175 1018 2176 1164 2176 1019 2176 1019 2177 1165 2177 1166 2177 1019 2178 1166 2178 1020 2178 1019 2179 1164 2179 1046 2179 1019 2180 1046 2180 1165 2180 1020 2181 1166 2181 1044 2181 1020 2182 1044 2182 1021 2182 1021 2183 1044 2183 1043 2183 1021 2184 1043 2184 1022 2184 1022 2185 1043 2185 1025 2185 1022 2186 1025 2186 1023 2186 1026 2187 1167 2187 1168 2187 1026 2188 1168 2188 1169 2188 1026 2189 1169 2189 1170 2189 1026 2190 1170 2190 1171 2190 1026 2191 1171 2191 1172 2191 1026 2192 1172 2192 1173 2192 1026 2193 1173 2193 1174 2193 1026 2194 1174 2194 1175 2194 1026 2195 1175 2195 1176 2195 1026 2196 1176 2196 1177 2196 1026 2197 1177 2197 1178 2197 1026 2198 1178 2198 1179 2198 1026 2199 1179 2199 1180 2199 1026 2200 1180 2200 1181 2200 1026 2201 1181 2201 1182 2201 1026 2202 1182 2202 1183 2202 1026 2203 1183 2203 1184 2203 1026 2204 1184 2204 1185 2204 1026 2205 1185 2205 1186 2205 1026 2206 1186 2206 1187 2206 1026 2207 1187 2207 1188 2207 1026 2208 1188 2208 1189 2208 1026 2209 1189 2209 1190 2209 1026 2210 1190 2210 1191 2210 1026 2211 1191 2211 1192 2211 1026 2212 1192 2212 1193 2212 1026 2213 1193 2213 1194 2213 1026 2214 1194 2214 1195 2214 1026 2215 1195 2215 1196 2215 1026 2216 1196 2216 1197 2216 1026 2217 1197 2217 1198 2217 1026 2218 1198 2218 1199 2218 1026 2219 1199 2219 1200 2219 1026 2220 1200 2220 1201 2220 1026 2221 1201 2221 1202 2221 1026 2222 1202 2222 1203 2222 1026 2223 1203 2223 1204 2223 1026 2224 1204 2224 1205 2224 1026 2225 1205 2225 1206 2225 1026 2226 1206 2226 1207 2226 1026 2227 1207 2227 1208 2227 1026 2228 1208 2228 1209 2228 1026 2229 1209 2229 1210 2229 1026 2230 1210 2230 1211 2230 1026 2231 1211 2231 1212 2231 1026 2232 1212 2232 1213 2232 1026 2233 1213 2233 1214 2233 1026 2234 1214 2234 1215 2234 1026 2235 1215 2235 1216 2235 1026 2236 1216 2236 1217 2236 1026 2237 1217 2237 1218 2237 1026 2238 1218 2238 1219 2238 1026 2239 1219 2239 1220 2239 1026 2240 1220 2240 1221 2240 1026 2241 1221 2241 1222 2241 1026 2242 1222 2242 1223 2242 1026 2243 1223 2243 1224 2243 1026 2244 1224 2244 1225 2244 1026 2245 1225 2245 1028 2245 1026 2246 1028 2246 1027 2246 1026 2247 1032 2247 1167 2247 1028 2248 1225 2248 1029 2248 1029 2249 1225 2249 1224 2249 1029 2250 1224 2250 1030 2250 1030 2251 1224 2251 1039 2251 1030 2252 1039 2252 1031 2252 1032 2253 1168 2253 1167 2253 1032 2254 1036 2254 1168 2254 1034 2255 1163 2255 1226 2255 1034 2256 1226 2256 1036 2256 1034 2257 1036 2257 1035 2257 1036 2258 1226 2258 1168 2258 1037 2259 1227 2259 1038 2259 1037 2260 1039 2260 1227 2260 1038 2261 1227 2261 1228 2261 1038 2262 1228 2262 1229 2262 1038 2263 1229 2263 1230 2263 1038 2264 1230 2264 1041 2264 1039 2265 1224 2265 1223 2265 1039 2266 1223 2266 1227 2266 1040 2267 1146 2267 1042 2267 1040 2268 1041 2268 1149 2268 1040 2269 1149 2269 1148 2269 1040 2270 1148 2270 1147 2270 1040 2271 1147 2271 1146 2271 1041 2272 1230 2272 1231 2272 1041 2273 1231 2273 1149 2273 1044 2274 1166 2274 1045 2274 1045 2275 1166 2275 1165 2275 1045 2276 1165 2276 1046 2276 1141 2277 1145 2277 1142 2277 1142 2278 1145 2278 1232 2278 1142 2279 1232 2279 1054 2279 1142 2280 1054 2280 1053 2280 1142 2281 1053 2281 1052 2281 1138 2282 1137 2282 1159 2282 1138 2283 1159 2283 1143 2283 1144 2284 1157 2284 1145 2284 1145 2285 1157 2285 1156 2285 1145 2286 1156 2286 1233 2286 1145 2287 1233 2287 1232 2287 1149 2288 1231 2288 1150 2288 1151 2289 1150 2289 1234 2289 1151 2290 1234 2290 1158 2290 1152 2291 1158 2291 1234 2291 1152 2292 1234 2292 1235 2292 1152 2293 1235 2293 1236 2293 1152 2294 1236 2294 1153 2294 1153 2295 1236 2295 1237 2295 1153 2296 1237 2296 1154 2296 1154 2297 1237 2297 1238 2297 1154 2298 1238 2298 1239 2298 1154 2299 1239 2299 1155 2299 1155 2300 1239 2300 1240 2300 1155 2301 1240 2301 1233 2301 1155 2302 1233 2302 1156 2302 1159 2303 1137 2303 1136 2303 1159 2304 1136 2304 1135 2304 1159 2305 1135 2305 1134 2305 1159 2306 1134 2306 1133 2306 1159 2307 1133 2307 1132 2307 1159 2308 1132 2308 1131 2308 1159 2309 1131 2309 1130 2309 1159 2310 1130 2310 1129 2310 1159 2311 1129 2311 1128 2311 1159 2312 1128 2312 1127 2312 1159 2313 1127 2313 1126 2313 1159 2314 1126 2314 1125 2314 1159 2315 1125 2315 1124 2315 1159 2316 1124 2316 1123 2316 1159 2317 1123 2317 1122 2317 1159 2318 1122 2318 1121 2318 1159 2319 1121 2319 1120 2319 1159 2320 1120 2320 1160 2320 1168 2321 1226 2321 1163 2321 1168 2322 1163 2322 1169 2322 1163 2323 1162 2323 1179 2323 1163 2324 1179 2324 1178 2324 1163 2325 1178 2325 1177 2325 1163 2326 1177 2326 1176 2326 1163 2327 1176 2327 1175 2327 1163 2328 1175 2328 1174 2328 1163 2329 1174 2329 1173 2329 1163 2330 1173 2330 1172 2330 1163 2331 1172 2331 1171 2331 1163 2332 1171 2332 1170 2332 1163 2333 1170 2333 1169 2333 1227 2334 1241 2334 1228 2334 1227 2335 1223 2335 1222 2335 1227 2336 1222 2336 1221 2336 1227 2337 1221 2337 1241 2337 1228 2338 1241 2338 1229 2338 1229 2339 1241 2339 1242 2339 1229 2340 1242 2340 1243 2340 1229 2341 1243 2341 1244 2341 1229 2342 1244 2342 1230 2342 1230 2343 1244 2343 1245 2343 1230 2344 1245 2344 1246 2344 1230 2345 1246 2345 1231 2345 1231 2346 1234 2346 1150 2346 1231 2347 1246 2347 1236 2347 1231 2348 1236 2348 1235 2348 1231 2349 1235 2349 1234 2349 1232 2350 1233 2350 1247 2350 1232 2351 1247 2351 1055 2351 1232 2352 1055 2352 1054 2352 1233 2353 1240 2353 1248 2353 1233 2354 1248 2354 1247 2354 1236 2355 1246 2355 1237 2355 1237 2356 1246 2356 1245 2356 1237 2357 1245 2357 1238 2357 1239 2358 1238 2358 1249 2358 1239 2359 1249 2359 1250 2359 1239 2360 1250 2360 1240 2360 1240 2361 1250 2361 1251 2361 1240 2362 1251 2362 1248 2362 1160 2363 1120 2363 1252 2363 1160 2364 1252 2364 1253 2364 1160 2365 1253 2365 1161 2365 1120 2366 1119 2366 1252 2366 1162 2367 1161 2367 1179 2367 1179 2368 1161 2368 1253 2368 1179 2369 1253 2369 1180 2369 1241 2370 1221 2370 1220 2370 1241 2371 1220 2371 1242 2371 1242 2372 1220 2372 1243 2372 1243 2373 1254 2373 1244 2373 1243 2374 1220 2374 1255 2374 1243 2375 1255 2375 1254 2375 1244 2376 1254 2376 1256 2376 1244 2377 1256 2377 1257 2377 1244 2378 1257 2378 1245 2378 1245 2379 1257 2379 1238 2379 1247 2380 1248 2380 1258 2380 1247 2381 1258 2381 1056 2381 1247 2382 1056 2382 1055 2382 1248 2383 1251 2383 1259 2383 1248 2384 1259 2384 1260 2384 1248 2385 1260 2385 1261 2385 1248 2386 1261 2386 1262 2386 1248 2387 1262 2387 1258 2387 1238 2388 1257 2388 1249 2388 1250 2389 1249 2389 1263 2389 1250 2390 1263 2390 1264 2390 1250 2391 1264 2391 1265 2391 1250 2392 1265 2392 1251 2392 1251 2393 1265 2393 1259 2393 1252 2394 1119 2394 1118 2394 1252 2395 1118 2395 1117 2395 1252 2396 1117 2396 1116 2396 1252 2397 1116 2397 1115 2397 1252 2398 1115 2398 1114 2398 1252 2399 1114 2399 1113 2399 1252 2400 1113 2400 1112 2400 1252 2401 1112 2401 1111 2401 1252 2402 1111 2402 1110 2402 1252 2403 1110 2403 1109 2403 1252 2404 1109 2404 1108 2404 1252 2405 1108 2405 1107 2405 1252 2406 1107 2406 1106 2406 1252 2407 1106 2407 1105 2407 1252 2408 1105 2408 1104 2408 1252 2409 1104 2409 1103 2409 1252 2410 1103 2410 1102 2410 1252 2411 1102 2411 1101 2411 1252 2412 1101 2412 1100 2412 1252 2413 1100 2413 1099 2413 1252 2414 1099 2414 1098 2414 1252 2415 1098 2415 1097 2415 1252 2416 1097 2416 1096 2416 1252 2417 1096 2417 1095 2417 1252 2418 1095 2418 1094 2418 1252 2419 1094 2419 1093 2419 1252 2420 1093 2420 1266 2420 1252 2421 1266 2421 1267 2421 1252 2422 1267 2422 1268 2422 1252 2423 1268 2423 1269 2423 1252 2424 1269 2424 1270 2424 1252 2425 1270 2425 1271 2425 1252 2426 1271 2426 1272 2426 1252 2427 1272 2427 1273 2427 1252 2428 1273 2428 1274 2428 1252 2429 1274 2429 1275 2429 1252 2430 1275 2430 1276 2430 1252 2431 1276 2431 1277 2431 1252 2432 1277 2432 1278 2432 1252 2433 1278 2433 1279 2433 1252 2434 1279 2434 1280 2434 1252 2435 1280 2435 1281 2435 1252 2436 1281 2436 1253 2436 1180 2437 1253 2437 1181 2437 1253 2438 1281 2438 1198 2438 1253 2439 1198 2439 1197 2439 1253 2440 1197 2440 1196 2440 1253 2441 1196 2441 1195 2441 1253 2442 1195 2442 1194 2442 1253 2443 1194 2443 1193 2443 1253 2444 1193 2444 1192 2444 1253 2445 1192 2445 1191 2445 1253 2446 1191 2446 1190 2446 1253 2447 1190 2447 1189 2447 1253 2448 1189 2448 1188 2448 1253 2449 1188 2449 1187 2449 1253 2450 1187 2450 1186 2450 1253 2451 1186 2451 1185 2451 1253 2452 1185 2452 1184 2452 1253 2453 1184 2453 1183 2453 1253 2454 1183 2454 1182 2454 1253 2455 1182 2455 1181 2455 1220 2456 1219 2456 1255 2456 1254 2457 1255 2457 1282 2457 1254 2458 1282 2458 1256 2458 1255 2459 1283 2459 1282 2459 1255 2460 1219 2460 1283 2460 1256 2461 1282 2461 1284 2461 1256 2462 1284 2462 1285 2462 1256 2463 1285 2463 1249 2463 1256 2464 1249 2464 1257 2464 1258 2465 1262 2465 1058 2465 1258 2466 1058 2466 1057 2466 1258 2467 1057 2467 1056 2467 1259 2468 1265 2468 1286 2468 1259 2469 1286 2469 1287 2469 1259 2470 1287 2470 1260 2470 1260 2471 1287 2471 1288 2471 1260 2472 1288 2472 1261 2472 1261 2473 1288 2473 1060 2473 1261 2474 1060 2474 1262 2474 1262 2475 1060 2475 1059 2475 1262 2476 1059 2476 1058 2476 1249 2477 1285 2477 1289 2477 1249 2478 1289 2478 1263 2478 1264 2479 1263 2479 1290 2479 1264 2480 1290 2480 1291 2480 1264 2481 1291 2481 1265 2481 1265 2482 1292 2482 1286 2482 1265 2483 1291 2483 1293 2483 1265 2484 1293 2484 1292 2484 1093 2485 1092 2485 1266 2485 1266 2486 1092 2486 1091 2486 1266 2487 1091 2487 1267 2487 1281 2488 1280 2488 1199 2488 1281 2489 1199 2489 1198 2489 1219 2490 1218 2490 1294 2490 1219 2491 1294 2491 1283 2491 1282 2492 1283 2492 1284 2492 1283 2493 1294 2493 1295 2493 1283 2494 1295 2494 1296 2494 1283 2495 1296 2495 1284 2495 1284 2496 1289 2496 1285 2496 1284 2497 1296 2497 1297 2497 1284 2498 1297 2498 1289 2498 1286 2499 1292 2499 1287 2499 1287 2500 1292 2500 1298 2500 1287 2501 1298 2501 1299 2501 1287 2502 1299 2502 1300 2502 1287 2503 1300 2503 1301 2503 1287 2504 1301 2504 1288 2504 1288 2505 1062 2505 1061 2505 1288 2506 1061 2506 1060 2506 1288 2507 1301 2507 1062 2507 1289 2508 1297 2508 1302 2508 1289 2509 1302 2509 1290 2509 1289 2510 1290 2510 1263 2510 1291 2511 1290 2511 1303 2511 1291 2512 1303 2512 1304 2512 1291 2513 1304 2513 1293 2513 1292 2514 1293 2514 1298 2514 1293 2515 1305 2515 1306 2515 1293 2516 1306 2516 1307 2516 1293 2517 1307 2517 1308 2517 1293 2518 1308 2518 1298 2518 1293 2519 1304 2519 1305 2519 1091 2520 1090 2520 1269 2520 1091 2521 1269 2521 1268 2521 1091 2522 1268 2522 1267 2522 1280 2523 1279 2523 1211 2523 1280 2524 1211 2524 1210 2524 1280 2525 1210 2525 1209 2525 1280 2526 1209 2526 1208 2526 1280 2527 1208 2527 1207 2527 1280 2528 1207 2528 1206 2528 1280 2529 1206 2529 1205 2529 1280 2530 1205 2530 1204 2530 1280 2531 1204 2531 1203 2531 1280 2532 1203 2532 1202 2532 1280 2533 1202 2533 1201 2533 1280 2534 1201 2534 1200 2534 1280 2535 1200 2535 1199 2535 1218 2536 1217 2536 1309 2536 1218 2537 1309 2537 1295 2537 1218 2538 1295 2538 1294 2538 1295 2539 1309 2539 1310 2539 1295 2540 1310 2540 1296 2540 1296 2541 1310 2541 1311 2541 1296 2542 1311 2542 1297 2542 1297 2543 1311 2543 1312 2543 1297 2544 1312 2544 1313 2544 1297 2545 1313 2545 1302 2545 1298 2546 1308 2546 1314 2546 1298 2547 1314 2547 1299 2547 1299 2548 1314 2548 1300 2548 1300 2549 1314 2549 1301 2549 1301 2550 1314 2550 1315 2550 1301 2551 1315 2551 1316 2551 1301 2552 1316 2552 1064 2552 1301 2553 1064 2553 1063 2553 1301 2554 1063 2554 1062 2554 1302 2555 1317 2555 1290 2555 1302 2556 1313 2556 1317 2556 1290 2557 1317 2557 1303 2557 1304 2558 1303 2558 1318 2558 1304 2559 1318 2559 1305 2559 1305 2560 1318 2560 1319 2560 1305 2561 1319 2561 1306 2561 1306 2562 1319 2562 1320 2562 1306 2563 1320 2563 1307 2563 1307 2564 1320 2564 1321 2564 1307 2565 1321 2565 1322 2565 1307 2566 1322 2566 1308 2566 1308 2567 1322 2567 1323 2567 1308 2568 1323 2568 1324 2568 1308 2569 1324 2569 1314 2569 1090 2570 1089 2570 1269 2570 1269 2571 1325 2571 1270 2571 1269 2572 1089 2572 1088 2572 1269 2573 1088 2573 1087 2573 1269 2574 1087 2574 1086 2574 1269 2575 1086 2575 1085 2575 1269 2576 1085 2576 1084 2576 1269 2577 1084 2577 1083 2577 1269 2578 1083 2578 1082 2578 1269 2579 1082 2579 1081 2579 1269 2580 1081 2580 1080 2580 1269 2581 1080 2581 1079 2581 1269 2582 1079 2582 1078 2582 1269 2583 1078 2583 1077 2583 1269 2584 1077 2584 1076 2584 1269 2585 1076 2585 1075 2585 1269 2586 1075 2586 1074 2586 1269 2587 1074 2587 1073 2587 1269 2588 1073 2588 1072 2588 1269 2589 1072 2589 1071 2589 1269 2590 1071 2590 1325 2590 1279 2591 1278 2591 1326 2591 1279 2592 1326 2592 1327 2592 1279 2593 1327 2593 1328 2593 1279 2594 1328 2594 1329 2594 1279 2595 1329 2595 1212 2595 1279 2596 1212 2596 1211 2596 1217 2597 1216 2597 1330 2597 1217 2598 1330 2598 1309 2598 1309 2599 1330 2599 1331 2599 1309 2600 1331 2600 1310 2600 1310 2601 1331 2601 1311 2601 1311 2602 1331 2602 1332 2602 1311 2603 1332 2603 1333 2603 1311 2604 1333 2604 1312 2604 1312 2605 1321 2605 1320 2605 1312 2606 1320 2606 1313 2606 1312 2607 1333 2607 1334 2607 1312 2608 1334 2608 1335 2608 1312 2609 1335 2609 1321 2609 1313 2610 1319 2610 1318 2610 1313 2611 1318 2611 1303 2611 1313 2612 1303 2612 1317 2612 1313 2613 1320 2613 1319 2613 1314 2614 1324 2614 1336 2614 1314 2615 1336 2615 1315 2615 1315 2616 1336 2616 1337 2616 1315 2617 1337 2617 1338 2617 1315 2618 1338 2618 1316 2618 1316 2619 1338 2619 1066 2619 1316 2620 1066 2620 1065 2620 1316 2621 1065 2621 1064 2621 1322 2622 1321 2622 1335 2622 1322 2623 1335 2623 1323 2623 1323 2624 1335 2624 1339 2624 1323 2625 1339 2625 1340 2625 1323 2626 1340 2626 1324 2626 1324 2627 1340 2627 1341 2627 1324 2628 1341 2628 1342 2628 1324 2629 1342 2629 1343 2629 1324 2630 1343 2630 1344 2630 1324 2631 1344 2631 1336 2631 1325 2632 1345 2632 1346 2632 1325 2633 1346 2633 1347 2633 1325 2634 1347 2634 1348 2634 1325 2635 1348 2635 1271 2635 1325 2636 1271 2636 1270 2636 1325 2637 1071 2637 1070 2637 1325 2638 1070 2638 1345 2638 1278 2639 1277 2639 1326 2639 1326 2640 1277 2640 1349 2640 1326 2641 1349 2641 1327 2641 1327 2642 1349 2642 1350 2642 1327 2643 1350 2643 1328 2643 1328 2644 1350 2644 1351 2644 1328 2645 1351 2645 1352 2645 1328 2646 1352 2646 1353 2646 1328 2647 1353 2647 1329 2647 1329 2648 1353 2648 1354 2648 1329 2649 1354 2649 1213 2649 1329 2650 1213 2650 1212 2650 1216 2651 1215 2651 1355 2651 1216 2652 1355 2652 1330 2652 1330 2653 1355 2653 1332 2653 1330 2654 1332 2654 1331 2654 1332 2655 1355 2655 1356 2655 1332 2656 1356 2656 1357 2656 1332 2657 1357 2657 1333 2657 1333 2658 1358 2658 1334 2658 1333 2659 1357 2659 1358 2659 1334 2660 1359 2660 1339 2660 1334 2661 1339 2661 1335 2661 1334 2662 1358 2662 1360 2662 1334 2663 1360 2663 1359 2663 1336 2664 1344 2664 1361 2664 1336 2665 1361 2665 1337 2665 1337 2666 1361 2666 1362 2666 1337 2667 1362 2667 1338 2667 1338 2668 1362 2668 1363 2668 1338 2669 1363 2669 1364 2669 1338 2670 1364 2670 1365 2670 1338 2671 1365 2671 1068 2671 1338 2672 1068 2672 1067 2672 1338 2673 1067 2673 1066 2673 1340 2674 1339 2674 1359 2674 1340 2675 1359 2675 1341 2675 1341 2676 1359 2676 1360 2676 1341 2677 1360 2677 1342 2677 1342 2678 1360 2678 1366 2678 1342 2679 1366 2679 1343 2679 1343 2680 1366 2680 1367 2680 1343 2681 1367 2681 1368 2681 1343 2682 1368 2682 1369 2682 1343 2683 1369 2683 1344 2683 1344 2684 1369 2684 1370 2684 1344 2685 1370 2685 1371 2685 1344 2686 1371 2686 1372 2686 1344 2687 1372 2687 1361 2687 1345 2688 1373 2688 1374 2688 1345 2689 1374 2689 1375 2689 1345 2690 1375 2690 1346 2690 1345 2691 1070 2691 1373 2691 1346 2692 1375 2692 1376 2692 1346 2693 1376 2693 1377 2693 1346 2694 1377 2694 1347 2694 1347 2695 1377 2695 1273 2695 1347 2696 1273 2696 1272 2696 1347 2697 1272 2697 1271 2697 1347 2698 1271 2698 1348 2698 1070 2699 1069 2699 1373 2699 1277 2700 1276 2700 1378 2700 1277 2701 1378 2701 1349 2701 1349 2702 1378 2702 1350 2702 1350 2703 1378 2703 1379 2703 1350 2704 1379 2704 1351 2704 1351 2705 1379 2705 1352 2705 1352 2706 1380 2706 1381 2706 1352 2707 1381 2707 1382 2707 1352 2708 1382 2708 1353 2708 1352 2709 1379 2709 1380 2709 1353 2710 1382 2710 1354 2710 1354 2711 1382 2711 1383 2711 1354 2712 1383 2712 1213 2712 1213 2713 1383 2713 1384 2713 1213 2714 1384 2714 1214 2714 1215 2715 1214 2715 1384 2715 1215 2716 1384 2716 1355 2716 1355 2717 1384 2717 1385 2717 1355 2718 1385 2718 1356 2718 1356 2719 1385 2719 1380 2719 1356 2720 1380 2720 1386 2720 1356 2721 1386 2721 1387 2721 1356 2722 1387 2722 1357 2722 1357 2723 1387 2723 1388 2723 1357 2724 1388 2724 1389 2724 1357 2725 1389 2725 1358 2725 1358 2726 1389 2726 1366 2726 1358 2727 1366 2727 1360 2727 1361 2728 1372 2728 1362 2728 1362 2729 1372 2729 1390 2729 1362 2730 1390 2730 1391 2730 1362 2731 1391 2731 1363 2731 1363 2732 1391 2732 1364 2732 1364 2733 1374 2733 1392 2733 1364 2734 1392 2734 1365 2734 1364 2735 1391 2735 1376 2735 1364 2736 1376 2736 1374 2736 1365 2737 1392 2737 1068 2737 1068 2738 1392 2738 1069 2738 1366 2739 1389 2739 1367 2739 1368 2740 1367 2740 1393 2740 1368 2741 1393 2741 1370 2741 1368 2742 1370 2742 1369 2742 1370 2743 1393 2743 1394 2743 1370 2744 1394 2744 1371 2744 1371 2745 1394 2745 1395 2745 1371 2746 1395 2746 1372 2746 1372 2747 1395 2747 1396 2747 1372 2748 1396 2748 1390 2748 1373 2749 1397 2749 1374 2749 1373 2750 1069 2750 1397 2750 1374 2751 1376 2751 1375 2751 1374 2752 1397 2752 1392 2752 1376 2753 1379 2753 1378 2753 1376 2754 1378 2754 1377 2754 1376 2755 1391 2755 1398 2755 1376 2756 1398 2756 1379 2756 1377 2757 1378 2757 1275 2757 1377 2758 1275 2758 1274 2758 1377 2759 1274 2759 1273 2759 1069 2760 1392 2760 1397 2760 1276 2761 1275 2761 1378 2761 1379 2762 1398 2762 1380 2762 1380 2763 1385 2763 1399 2763 1380 2764 1399 2764 1381 2764 1380 2765 1398 2765 1386 2765 1381 2766 1399 2766 1383 2766 1381 2767 1383 2767 1382 2767 1383 2768 1399 2768 1384 2768 1384 2769 1399 2769 1385 2769 1386 2770 1398 2770 1387 2770 1387 2771 1398 2771 1396 2771 1387 2772 1396 2772 1395 2772 1387 2773 1395 2773 1388 2773 1388 2774 1395 2774 1394 2774 1388 2775 1394 2775 1389 2775 1389 2776 1394 2776 1393 2776 1389 2777 1393 2777 1367 2777 1390 2778 1396 2778 1398 2778 1390 2779 1398 2779 1391 2779 1400 2780 1401 2780 1402 2780 1400 2781 1402 2781 1403 2781 1400 2782 1403 2782 1404 2782 1400 2783 1404 2783 1405 2783 1400 2784 1405 2784 1406 2784 1400 2785 1406 2785 1407 2785 1400 2786 1407 2786 1408 2786 1400 2787 1408 2787 1409 2787 1400 2788 1409 2788 1410 2788 1400 2789 1410 2789 1411 2789 1400 2790 1411 2790 1412 2790 1400 2791 1412 2791 1413 2791 1400 2792 1413 2792 1414 2792 1400 2793 1414 2793 1415 2793 1400 2794 1415 2794 1416 2794 1400 2795 1416 2795 1417 2795 1400 2796 1417 2796 1418 2796 1400 2797 1418 2797 1419 2797 1400 2798 1419 2798 1420 2798 1400 2799 1420 2799 1421 2799 1400 2800 1421 2800 1422 2800 1400 2801 1422 2801 1423 2801 1400 2802 1423 2802 1424 2802 1400 2803 1424 2803 1425 2803 1400 2804 1425 2804 1426 2804 1400 2805 1426 2805 1401 2805 1401 2806 1426 2806 1427 2806 1401 2807 1427 2807 1402 2807 1424 2808 1423 2808 1428 2808 1424 2809 1428 2809 1425 2809 1425 2810 1429 2810 1430 2810 1425 2811 1430 2811 1426 2811 1425 2812 1428 2812 1429 2812 1402 2813 1427 2813 1403 2813 1426 2814 1430 2814 1431 2814 1426 2815 1431 2815 1432 2815 1426 2816 1432 2816 1427 2816 1427 2817 1433 2817 1434 2817 1427 2818 1434 2818 1403 2818 1427 2819 1432 2819 1433 2819 1423 2820 1435 2820 1436 2820 1423 2821 1436 2821 1428 2821 1423 2822 1422 2822 1437 2822 1423 2823 1437 2823 1435 2823 1428 2824 1436 2824 1438 2824 1428 2825 1438 2825 1429 2825 1429 2826 1438 2826 1439 2826 1429 2827 1439 2827 1440 2827 1429 2828 1440 2828 1430 2828 1403 2829 1441 2829 1442 2829 1403 2830 1442 2830 1404 2830 1403 2831 1434 2831 1441 2831 1430 2832 1440 2832 1431 2832 1432 2833 1431 2833 1433 2833 1433 2834 1443 2834 1434 2834 1433 2835 1431 2835 1444 2835 1433 2836 1444 2836 1445 2836 1433 2837 1445 2837 1446 2837 1433 2838 1446 2838 1443 2838 1434 2839 1443 2839 1441 2839 1435 2840 1447 2840 1436 2840 1435 2841 1437 2841 1447 2841 1436 2842 1447 2842 1438 2842 1422 2843 1448 2843 1449 2843 1422 2844 1449 2844 1450 2844 1422 2845 1450 2845 1451 2845 1422 2846 1451 2846 1437 2846 1422 2847 1421 2847 1452 2847 1422 2848 1452 2848 1453 2848 1422 2849 1453 2849 1454 2849 1422 2850 1454 2850 1455 2850 1422 2851 1455 2851 1456 2851 1422 2852 1456 2852 1457 2852 1422 2853 1457 2853 1458 2853 1422 2854 1458 2854 1459 2854 1422 2855 1459 2855 1460 2855 1422 2856 1460 2856 1461 2856 1422 2857 1461 2857 1462 2857 1422 2858 1462 2858 1463 2858 1422 2859 1463 2859 1464 2859 1422 2860 1464 2860 1465 2860 1422 2861 1465 2861 1466 2861 1422 2862 1466 2862 1467 2862 1422 2863 1467 2863 1468 2863 1422 2864 1468 2864 1469 2864 1422 2865 1469 2865 1470 2865 1422 2866 1470 2866 1471 2866 1422 2867 1471 2867 1472 2867 1422 2868 1472 2868 1473 2868 1422 2869 1473 2869 1474 2869 1422 2870 1474 2870 1475 2870 1422 2871 1475 2871 1476 2871 1422 2872 1476 2872 1448 2872 1437 2873 1449 2873 1477 2873 1437 2874 1477 2874 1478 2874 1437 2875 1478 2875 1479 2875 1437 2876 1479 2876 1447 2876 1437 2877 1451 2877 1450 2877 1437 2878 1450 2878 1449 2878 1438 2879 1447 2879 1479 2879 1438 2880 1479 2880 1480 2880 1438 2881 1480 2881 1481 2881 1438 2882 1481 2882 1482 2882 1438 2883 1482 2883 1439 2883 1439 2884 1482 2884 1483 2884 1439 2885 1483 2885 1440 2885 1441 2886 1443 2886 1484 2886 1441 2887 1484 2887 1405 2887 1441 2888 1405 2888 1442 2888 1442 2889 1405 2889 1404 2889 1431 2890 1440 2890 1444 2890 1440 2891 1483 2891 1444 2891 1443 2892 1485 2892 1405 2892 1443 2893 1405 2893 1484 2893 1443 2894 1446 2894 1485 2894 1444 2895 1483 2895 1486 2895 1444 2896 1486 2896 1487 2896 1444 2897 1487 2897 1488 2897 1444 2898 1488 2898 1489 2898 1444 2899 1489 2899 1445 2899 1445 2900 1489 2900 1490 2900 1445 2901 1490 2901 1446 2901 1446 2902 1490 2902 1491 2902 1446 2903 1491 2903 1485 2903 1448 2904 1476 2904 1492 2904 1448 2905 1492 2905 1449 2905 1449 2906 1492 2906 1493 2906 1449 2907 1493 2907 1494 2907 1449 2908 1494 2908 1477 2908 1421 2909 1420 2909 1495 2909 1421 2910 1495 2910 1496 2910 1421 2911 1496 2911 1497 2911 1421 2912 1497 2912 1498 2912 1421 2913 1498 2913 1499 2913 1421 2914 1499 2914 1452 2914 1477 2915 1494 2915 1500 2915 1477 2916 1500 2916 1501 2916 1477 2917 1501 2917 1478 2917 1478 2918 1501 2918 1502 2918 1478 2919 1502 2919 1479 2919 1479 2920 1502 2920 1503 2920 1479 2921 1503 2921 1480 2921 1480 2922 1487 2922 1486 2922 1480 2923 1486 2923 1481 2923 1480 2924 1503 2924 1504 2924 1480 2925 1504 2925 1487 2925 1481 2926 1486 2926 1483 2926 1481 2927 1483 2927 1482 2927 1405 2928 1485 2928 1491 2928 1405 2929 1491 2929 1505 2929 1405 2930 1505 2930 1506 2930 1405 2931 1506 2931 1507 2931 1405 2932 1507 2932 1508 2932 1405 2933 1508 2933 1509 2933 1405 2934 1509 2934 1510 2934 1405 2935 1510 2935 1511 2935 1405 2936 1511 2936 1512 2936 1405 2937 1512 2937 1513 2937 1405 2938 1513 2938 1514 2938 1405 2939 1514 2939 1515 2939 1405 2940 1515 2940 1516 2940 1405 2941 1516 2941 1517 2941 1405 2942 1517 2942 1518 2942 1405 2943 1518 2943 1519 2943 1405 2944 1519 2944 1520 2944 1405 2945 1520 2945 1521 2945 1405 2946 1521 2946 1522 2946 1405 2947 1522 2947 1523 2947 1405 2948 1523 2948 1524 2948 1405 2949 1524 2949 1525 2949 1405 2950 1525 2950 1526 2950 1405 2951 1526 2951 1406 2951 1487 2952 1504 2952 1488 2952 1488 2953 1504 2953 1527 2953 1488 2954 1527 2954 1528 2954 1488 2955 1528 2955 1529 2955 1488 2956 1529 2956 1489 2956 1489 2957 1529 2957 1490 2957 1490 2958 1529 2958 1491 2958 1491 2959 1529 2959 1505 2959 1476 2960 1475 2960 1492 2960 1492 2961 1530 2961 1531 2961 1492 2962 1531 2962 1532 2962 1492 2963 1532 2963 1533 2963 1492 2964 1533 2964 1493 2964 1492 2965 1475 2965 1474 2965 1492 2966 1474 2966 1530 2966 1493 2967 1533 2967 1534 2967 1493 2968 1534 2968 1494 2968 1494 2969 1534 2969 1535 2969 1494 2970 1535 2970 1500 2970 1452 2971 1499 2971 1453 2971 1420 2972 1419 2972 1536 2972 1420 2973 1536 2973 1537 2973 1420 2974 1537 2974 1538 2974 1420 2975 1538 2975 1539 2975 1420 2976 1539 2976 1495 2976 1495 2977 1539 2977 1496 2977 1496 2978 1539 2978 1497 2978 1497 2979 1539 2979 1498 2979 1498 2980 1539 2980 1540 2980 1498 2981 1540 2981 1541 2981 1498 2982 1541 2982 1542 2982 1498 2983 1542 2983 1543 2983 1498 2984 1543 2984 1499 2984 1500 2985 1535 2985 1544 2985 1500 2986 1544 2986 1501 2986 1501 2987 1544 2987 1502 2987 1502 2988 1544 2988 1545 2988 1502 2989 1545 2989 1546 2989 1502 2990 1546 2990 1547 2990 1502 2991 1547 2991 1503 2991 1503 2992 1547 2992 1548 2992 1503 2993 1548 2993 1504 2993 1505 2994 1529 2994 1506 2994 1506 2995 1529 2995 1507 2995 1507 2996 1529 2996 1549 2996 1507 2997 1549 2997 1550 2997 1507 2998 1550 2998 1551 2998 1507 2999 1551 2999 1552 2999 1507 3000 1552 3000 1508 3000 1508 3001 1552 3001 1509 3001 1406 3002 1526 3002 1553 3002 1406 3003 1553 3003 1554 3003 1406 3004 1554 3004 1555 3004 1406 3005 1555 3005 1407 3005 1504 3006 1548 3006 1527 3006 1527 3007 1548 3007 1556 3007 1527 3008 1556 3008 1557 3008 1527 3009 1557 3009 1558 3009 1527 3010 1558 3010 1559 3010 1527 3011 1559 3011 1528 3011 1528 3012 1559 3012 1549 3012 1528 3013 1549 3013 1529 3013 1530 3014 1560 3014 1531 3014 1530 3015 1474 3015 1473 3015 1530 3016 1473 3016 1560 3016 1532 3017 1531 3017 1561 3017 1532 3018 1561 3018 1562 3018 1532 3019 1562 3019 1533 3019 1533 3020 1562 3020 1563 3020 1533 3021 1563 3021 1534 3021 1534 3022 1563 3022 1564 3022 1534 3023 1564 3023 1535 3023 1535 3024 1564 3024 1544 3024 1453 3025 1499 3025 1454 3025 1499 3026 1565 3026 1466 3026 1499 3027 1466 3027 1465 3027 1499 3028 1465 3028 1464 3028 1499 3029 1464 3029 1463 3029 1499 3030 1463 3030 1462 3030 1499 3031 1462 3031 1461 3031 1499 3032 1461 3032 1460 3032 1499 3033 1460 3033 1459 3033 1499 3034 1459 3034 1458 3034 1499 3035 1458 3035 1457 3035 1499 3036 1457 3036 1456 3036 1499 3037 1456 3037 1455 3037 1499 3038 1455 3038 1454 3038 1499 3039 1543 3039 1566 3039 1499 3040 1566 3040 1567 3040 1499 3041 1567 3041 1568 3041 1499 3042 1568 3042 1569 3042 1499 3043 1569 3043 1570 3043 1499 3044 1570 3044 1571 3044 1499 3045 1571 3045 1572 3045 1499 3046 1572 3046 1573 3046 1499 3047 1573 3047 1574 3047 1499 3048 1574 3048 1575 3048 1499 3049 1575 3049 1576 3049 1499 3050 1576 3050 1577 3050 1499 3051 1577 3051 1578 3051 1499 3052 1578 3052 1579 3052 1499 3053 1579 3053 1580 3053 1499 3054 1580 3054 1581 3054 1499 3055 1581 3055 1582 3055 1499 3056 1582 3056 1583 3056 1499 3057 1583 3057 1561 3057 1499 3058 1561 3058 1584 3058 1499 3059 1584 3059 1560 3059 1499 3060 1560 3060 1565 3060 1419 3061 1418 3061 1585 3061 1419 3062 1585 3062 1536 3062 1536 3063 1585 3063 1537 3063 1537 3064 1585 3064 1586 3064 1537 3065 1586 3065 1587 3065 1537 3066 1587 3066 1588 3066 1537 3067 1588 3067 1540 3067 1537 3068 1540 3068 1539 3068 1537 3069 1539 3069 1538 3069 1540 3070 1588 3070 1541 3070 1541 3071 1588 3071 1589 3071 1541 3072 1589 3072 1590 3072 1541 3073 1590 3073 1542 3073 1542 3074 1590 3074 1566 3074 1542 3075 1566 3075 1543 3075 1544 3076 1564 3076 1591 3076 1544 3077 1591 3077 1592 3077 1544 3078 1592 3078 1545 3078 1545 3079 1592 3079 1593 3079 1545 3080 1593 3080 1557 3080 1545 3081 1557 3081 1594 3081 1545 3082 1594 3082 1546 3082 1546 3083 1594 3083 1548 3083 1546 3084 1548 3084 1547 3084 1549 3085 1559 3085 1595 3085 1549 3086 1595 3086 1550 3086 1550 3087 1595 3087 1596 3087 1550 3088 1596 3088 1597 3088 1550 3089 1597 3089 1551 3089 1551 3090 1597 3090 1598 3090 1551 3091 1598 3091 1599 3091 1551 3092 1599 3092 1552 3092 1552 3093 1577 3093 1510 3093 1552 3094 1510 3094 1509 3094 1552 3095 1599 3095 1577 3095 1526 3096 1525 3096 1553 3096 1554 3097 1600 3097 1555 3097 1554 3098 1553 3098 1601 3098 1554 3099 1601 3099 1602 3099 1554 3100 1602 3100 1600 3100 1555 3101 1600 3101 1603 3101 1555 3102 1603 3102 1408 3102 1555 3103 1408 3103 1407 3103 1548 3104 1594 3104 1556 3104 1556 3105 1594 3105 1557 3105 1557 3106 1593 3106 1558 3106 1558 3107 1593 3107 1604 3107 1558 3108 1604 3108 1605 3108 1558 3109 1605 3109 1596 3109 1558 3110 1596 3110 1595 3110 1558 3111 1595 3111 1559 3111 1560 3112 1473 3112 1472 3112 1560 3113 1472 3113 1471 3113 1560 3114 1471 3114 1470 3114 1560 3115 1470 3115 1469 3115 1560 3116 1469 3116 1565 3116 1560 3117 1584 3117 1531 3117 1531 3118 1584 3118 1561 3118 1561 3119 1583 3119 1606 3119 1561 3120 1606 3120 1562 3120 1562 3121 1606 3121 1607 3121 1562 3122 1607 3122 1563 3122 1563 3123 1607 3123 1608 3123 1563 3124 1608 3124 1609 3124 1563 3125 1609 3125 1610 3125 1563 3126 1610 3126 1564 3126 1564 3127 1610 3127 1604 3127 1564 3128 1604 3128 1591 3128 1565 3129 1469 3129 1468 3129 1565 3130 1468 3130 1467 3130 1565 3131 1467 3131 1466 3131 1418 3132 1417 3132 1586 3132 1418 3133 1586 3133 1585 3133 1586 3134 1611 3134 1612 3134 1586 3135 1612 3135 1613 3135 1586 3136 1613 3136 1614 3136 1586 3137 1614 3137 1615 3137 1586 3138 1615 3138 1587 3138 1586 3139 1417 3139 1611 3139 1587 3140 1615 3140 1588 3140 1588 3141 1615 3141 1589 3141 1589 3142 1616 3142 1617 3142 1589 3143 1617 3143 1590 3143 1589 3144 1615 3144 1616 3144 1590 3145 1617 3145 1566 3145 1566 3146 1617 3146 1567 3146 1591 3147 1604 3147 1593 3147 1591 3148 1593 3148 1592 3148 1596 3149 1605 3149 1597 3149 1597 3150 1605 3150 1618 3150 1597 3151 1618 3151 1598 3151 1598 3152 1618 3152 1619 3152 1598 3153 1619 3153 1599 3153 1599 3154 1578 3154 1620 3154 1599 3155 1620 3155 1577 3155 1599 3156 1619 3156 1578 3156 1577 3157 1620 3157 1578 3157 1577 3158 1576 3158 1517 3158 1577 3159 1517 3159 1516 3159 1577 3160 1516 3160 1515 3160 1577 3161 1515 3161 1514 3161 1577 3162 1514 3162 1513 3162 1577 3163 1513 3163 1512 3163 1577 3164 1512 3164 1511 3164 1577 3165 1511 3165 1510 3165 1525 3166 1524 3166 1553 3166 1553 3167 1621 3167 1573 3167 1553 3168 1573 3168 1622 3168 1553 3169 1622 3169 1601 3169 1553 3170 1524 3170 1523 3170 1553 3171 1523 3171 1522 3171 1553 3172 1522 3172 1521 3172 1553 3173 1521 3173 1520 3173 1553 3174 1520 3174 1576 3174 1553 3175 1576 3175 1621 3175 1600 3176 1602 3176 1623 3176 1600 3177 1623 3177 1603 3177 1601 3178 1622 3178 1624 3178 1601 3179 1624 3179 1625 3179 1601 3180 1625 3180 1626 3180 1601 3181 1626 3181 1602 3181 1602 3182 1626 3182 1623 3182 1603 3183 1623 3183 1627 3183 1603 3184 1627 3184 1628 3184 1603 3185 1628 3185 1629 3185 1603 3186 1629 3186 1630 3186 1603 3187 1630 3187 1408 3187 1408 3188 1630 3188 1409 3188 1604 3189 1610 3189 1605 3189 1605 3190 1610 3190 1609 3190 1605 3191 1609 3191 1618 3191 1583 3192 1582 3192 1608 3192 1583 3193 1608 3193 1607 3193 1583 3194 1607 3194 1606 3194 1609 3195 1608 3195 1619 3195 1609 3196 1619 3196 1618 3196 1417 3197 1416 3197 1611 3197 1611 3198 1631 3198 1632 3198 1611 3199 1632 3199 1612 3199 1611 3200 1416 3200 1415 3200 1611 3201 1415 3201 1414 3201 1611 3202 1414 3202 1413 3202 1611 3203 1413 3203 1631 3203 1612 3204 1632 3204 1633 3204 1612 3205 1633 3205 1613 3205 1613 3206 1633 3206 1634 3206 1613 3207 1634 3207 1614 3207 1614 3208 1634 3208 1635 3208 1614 3209 1635 3209 1615 3209 1615 3210 1635 3210 1636 3210 1615 3211 1636 3211 1616 3211 1616 3212 1636 3212 1637 3212 1616 3213 1637 3213 1617 3213 1617 3214 1637 3214 1568 3214 1617 3215 1568 3215 1567 3215 1619 3216 1608 3216 1581 3216 1619 3217 1581 3217 1580 3217 1619 3218 1580 3218 1579 3218 1619 3219 1579 3219 1578 3219 1576 3220 1520 3220 1519 3220 1576 3221 1519 3221 1518 3221 1576 3222 1518 3222 1517 3222 1576 3223 1575 3223 1621 3223 1621 3224 1575 3224 1574 3224 1621 3225 1574 3225 1573 3225 1573 3226 1572 3226 1622 3226 1622 3227 1572 3227 1571 3227 1622 3228 1571 3228 1624 3228 1623 3229 1626 3229 1638 3229 1623 3230 1638 3230 1627 3230 1625 3231 1624 3231 1569 3231 1625 3232 1569 3232 1637 3232 1625 3233 1637 3233 1636 3233 1625 3234 1636 3234 1626 3234 1626 3235 1636 3235 1638 3235 1627 3236 1638 3236 1628 3236 1628 3237 1638 3237 1634 3237 1628 3238 1634 3238 1633 3238 1628 3239 1633 3239 1632 3239 1628 3240 1632 3240 1631 3240 1628 3241 1631 3241 1412 3241 1628 3242 1412 3242 1411 3242 1628 3243 1411 3243 1410 3243 1628 3244 1410 3244 1629 3244 1629 3245 1410 3245 1409 3245 1629 3246 1409 3246 1630 3246 1582 3247 1581 3247 1608 3247 1631 3248 1413 3248 1412 3248 1634 3249 1638 3249 1635 3249 1635 3250 1638 3250 1636 3250 1637 3251 1569 3251 1568 3251 1571 3252 1570 3252 1624 3252 1624 3253 1570 3253 1569 3253 1639 3254 1640 3254 1641 3254 1639 3255 1641 3255 1642 3255 1639 3256 1642 3256 1643 3256 1639 3257 1643 3257 1644 3257 1639 3258 1644 3258 1645 3258 1639 3259 1645 3259 1646 3259 1639 3260 1646 3260 1647 3260 1639 3261 1647 3261 1648 3261 1639 3262 1648 3262 1649 3262 1639 3263 1649 3263 1650 3263 1639 3264 1650 3264 1651 3264 1639 3265 1651 3265 1652 3265 1639 3266 1652 3266 1653 3266 1639 3267 1653 3267 1654 3267 1639 3268 1654 3268 1655 3268 1639 3269 1655 3269 1656 3269 1639 3270 1656 3270 1657 3270 1639 3271 1657 3271 1658 3271 1639 3272 1658 3272 1659 3272 1639 3273 1659 3273 1660 3273 1639 3274 1660 3274 1661 3274 1639 3275 1661 3275 1662 3275 1639 3276 1662 3276 1663 3276 1639 3277 1663 3277 1664 3277 1639 3278 1664 3278 1665 3278 1639 3279 1665 3279 1666 3279 1639 3280 1666 3280 1667 3280 1639 3281 1667 3281 1668 3281 1639 3282 1668 3282 1669 3282 1639 3283 1669 3283 1670 3283 1639 3284 1670 3284 1671 3284 1639 3285 1671 3285 1672 3285 1639 3286 1672 3286 1673 3286 1639 3287 1673 3287 1674 3287 1639 3288 1674 3288 1675 3288 1639 3289 1675 3289 1676 3289 1639 3290 1676 3290 1677 3290 1639 3291 1677 3291 1678 3291 1639 3292 1678 3292 1679 3292 1639 3293 1679 3293 1680 3293 1639 3294 1680 3294 1681 3294 1639 3295 1681 3295 1682 3295 1639 3296 1682 3296 1683 3296 1639 3297 1683 3297 1684 3297 1639 3298 1684 3298 1685 3298 1639 3299 1685 3299 1686 3299 1639 3300 1686 3300 1687 3300 1639 3301 1687 3301 1688 3301 1639 3302 1688 3302 1689 3302 1639 3303 1689 3303 1690 3303 1639 3304 1690 3304 1640 3304 1640 3305 1690 3305 1641 3305 1688 3306 1687 3306 1691 3306 1688 3307 1691 3307 1689 3307 1689 3308 1691 3308 1692 3308 1689 3309 1692 3309 1693 3309 1689 3310 1693 3310 1690 3310 1641 3311 1690 3311 1642 3311 1690 3312 1693 3312 1694 3312 1690 3313 1694 3313 1642 3313 1687 3314 1686 3314 1691 3314 1691 3315 1695 3315 1696 3315 1691 3316 1696 3316 1697 3316 1691 3317 1697 3317 1698 3317 1691 3318 1698 3318 1692 3318 1691 3319 1686 3319 1695 3319 1692 3320 1699 3320 1700 3320 1692 3321 1700 3321 1693 3321 1692 3322 1698 3322 1699 3322 1642 3323 1694 3323 1643 3323 1693 3324 1700 3324 1701 3324 1693 3325 1701 3325 1694 3325 1694 3326 1701 3326 1702 3326 1694 3327 1702 3327 1703 3327 1694 3328 1703 3328 1704 3328 1694 3329 1704 3329 1705 3329 1694 3330 1705 3330 1646 3330 1694 3331 1646 3331 1645 3331 1694 3332 1645 3332 1644 3332 1694 3333 1644 3333 1643 3333 1686 3334 1685 3334 1696 3334 1686 3335 1696 3335 1695 3335 1696 3336 1706 3336 1707 3336 1696 3337 1707 3337 1697 3337 1696 3338 1685 3338 1708 3338 1696 3339 1708 3339 1706 3339 1697 3340 1709 3340 1698 3340 1697 3341 1707 3341 1709 3341 1698 3342 1709 3342 1710 3342 1698 3343 1710 3343 1699 3343 1699 3344 1711 3344 1712 3344 1699 3345 1712 3345 1700 3345 1699 3346 1710 3346 1713 3346 1699 3347 1713 3347 1711 3347 1700 3348 1712 3348 1714 3348 1700 3349 1714 3349 1715 3349 1700 3350 1715 3350 1701 3350 1701 3351 1715 3351 1702 3351 1702 3352 1716 3352 1717 3352 1702 3353 1717 3353 1718 3353 1702 3354 1718 3354 1719 3354 1702 3355 1719 3355 1720 3355 1702 3356 1720 3356 1721 3356 1702 3357 1721 3357 1722 3357 1702 3358 1722 3358 1723 3358 1702 3359 1723 3359 1724 3359 1702 3360 1724 3360 1725 3360 1702 3361 1725 3361 1726 3361 1702 3362 1726 3362 1727 3362 1702 3363 1727 3363 1728 3363 1702 3364 1728 3364 1729 3364 1702 3365 1729 3365 1730 3365 1702 3366 1730 3366 1731 3366 1702 3367 1731 3367 1732 3367 1702 3368 1732 3368 1733 3368 1702 3369 1733 3369 1734 3369 1702 3370 1734 3370 1735 3370 1702 3371 1735 3371 1736 3371 1702 3372 1736 3372 1737 3372 1702 3373 1737 3373 1738 3373 1702 3374 1738 3374 1739 3374 1702 3375 1739 3375 1740 3375 1702 3376 1740 3376 1741 3376 1702 3377 1741 3377 1705 3377 1702 3378 1705 3378 1704 3378 1702 3379 1704 3379 1703 3379 1702 3380 1715 3380 1716 3380 1705 3381 1741 3381 1647 3381 1705 3382 1647 3382 1646 3382 1685 3383 1684 3383 1708 3383 1706 3384 1742 3384 1707 3384 1706 3385 1708 3385 1743 3385 1706 3386 1743 3386 1742 3386 1707 3387 1742 3387 1709 3387 1708 3388 1684 3388 1683 3388 1708 3389 1683 3389 1682 3389 1708 3390 1682 3390 1681 3390 1708 3391 1681 3391 1680 3391 1708 3392 1680 3392 1679 3392 1708 3393 1679 3393 1678 3393 1708 3394 1678 3394 1677 3394 1708 3395 1677 3395 1676 3395 1708 3396 1676 3396 1744 3396 1708 3397 1744 3397 1745 3397 1708 3398 1745 3398 1746 3398 1708 3399 1746 3399 1747 3399 1708 3400 1747 3400 1748 3400 1708 3401 1748 3401 1749 3401 1708 3402 1749 3402 1750 3402 1708 3403 1750 3403 1751 3403 1708 3404 1751 3404 1752 3404 1708 3405 1752 3405 1753 3405 1708 3406 1753 3406 1754 3406 1708 3407 1754 3407 1755 3407 1708 3408 1755 3408 1756 3408 1708 3409 1756 3409 1757 3409 1708 3410 1757 3410 1758 3410 1708 3411 1758 3411 1759 3411 1708 3412 1759 3412 1760 3412 1708 3413 1760 3413 1761 3413 1708 3414 1761 3414 1762 3414 1708 3415 1762 3415 1763 3415 1708 3416 1763 3416 1743 3416 1709 3417 1742 3417 1764 3417 1709 3418 1764 3418 1710 3418 1710 3419 1764 3419 1765 3419 1710 3420 1765 3420 1713 3420 1711 3421 1713 3421 1766 3421 1711 3422 1766 3422 1767 3422 1711 3423 1767 3423 1712 3423 1712 3424 1767 3424 1768 3424 1712 3425 1768 3425 1714 3425 1715 3426 1714 3426 1717 3426 1715 3427 1717 3427 1716 3427 1741 3428 1740 3428 1649 3428 1741 3429 1649 3429 1648 3429 1741 3430 1648 3430 1647 3430 1742 3431 1743 3431 1763 3431 1742 3432 1763 3432 1769 3432 1742 3433 1769 3433 1770 3433 1742 3434 1770 3434 1771 3434 1742 3435 1771 3435 1764 3435 1764 3436 1771 3436 1772 3436 1764 3437 1772 3437 1765 3437 1713 3438 1773 3438 1774 3438 1713 3439 1774 3439 1766 3439 1713 3440 1765 3440 1775 3440 1713 3441 1775 3441 1776 3441 1713 3442 1776 3442 1773 3442 1766 3443 1774 3443 1777 3443 1766 3444 1777 3444 1778 3444 1766 3445 1778 3445 1767 3445 1767 3446 1778 3446 1779 3446 1767 3447 1779 3447 1768 3447 1768 3448 1779 3448 1718 3448 1768 3449 1718 3449 1717 3449 1768 3450 1717 3450 1714 3450 1740 3451 1739 3451 1650 3451 1740 3452 1650 3452 1649 3452 1763 3453 1762 3453 1780 3453 1763 3454 1780 3454 1769 3454 1769 3455 1780 3455 1781 3455 1769 3456 1781 3456 1770 3456 1770 3457 1781 3457 1772 3457 1770 3458 1772 3458 1771 3458 1676 3459 1675 3459 1744 3459 1765 3460 1772 3460 1775 3460 1773 3461 1776 3461 1782 3461 1773 3462 1782 3462 1774 3462 1774 3463 1782 3463 1783 3463 1774 3464 1783 3464 1784 3464 1774 3465 1784 3465 1777 3465 1775 3466 1772 3466 1776 3466 1776 3467 1785 3467 1786 3467 1776 3468 1786 3468 1761 3468 1776 3469 1761 3469 1760 3469 1776 3470 1760 3470 1759 3470 1776 3471 1759 3471 1782 3471 1776 3472 1772 3472 1785 3472 1777 3473 1784 3473 1787 3473 1777 3474 1787 3474 1788 3474 1777 3475 1788 3475 1778 3475 1778 3476 1788 3476 1779 3476 1779 3477 1788 3477 1720 3477 1779 3478 1720 3478 1719 3478 1779 3479 1719 3479 1718 3479 1739 3480 1738 3480 1650 3480 1650 3481 1738 3481 1737 3481 1650 3482 1737 3482 1651 3482 1762 3483 1761 3483 1786 3483 1762 3484 1786 3484 1780 3484 1780 3485 1786 3485 1785 3485 1780 3486 1785 3486 1781 3486 1781 3487 1785 3487 1772 3487 1675 3488 1674 3488 1744 3488 1744 3489 1674 3489 1673 3489 1744 3490 1673 3490 1672 3490 1744 3491 1672 3491 1671 3491 1744 3492 1671 3492 1789 3492 1744 3493 1789 3493 1745 3493 1782 3494 1790 3494 1783 3494 1782 3495 1759 3495 1790 3495 1783 3496 1790 3496 1791 3496 1783 3497 1791 3497 1784 3497 1784 3498 1791 3498 1792 3498 1784 3499 1792 3499 1793 3499 1784 3500 1793 3500 1787 3500 1759 3501 1758 3501 1790 3501 1787 3502 1793 3502 1794 3502 1787 3503 1794 3503 1795 3503 1787 3504 1795 3504 1788 3504 1788 3505 1795 3505 1796 3505 1788 3506 1796 3506 1797 3506 1788 3507 1797 3507 1798 3507 1788 3508 1798 3508 1799 3508 1788 3509 1799 3509 1800 3509 1788 3510 1800 3510 1801 3510 1788 3511 1801 3511 1802 3511 1788 3512 1802 3512 1803 3512 1788 3513 1803 3513 1804 3513 1788 3514 1804 3514 1805 3514 1788 3515 1805 3515 1806 3515 1788 3516 1806 3516 1807 3516 1788 3517 1807 3517 1808 3517 1788 3518 1808 3518 1809 3518 1788 3519 1809 3519 1720 3519 1720 3520 1809 3520 1808 3520 1720 3521 1808 3521 1810 3521 1720 3522 1810 3522 1811 3522 1720 3523 1811 3523 1721 3523 1651 3524 1737 3524 1652 3524 1737 3525 1736 3525 1652 3525 1745 3526 1789 3526 1746 3526 1671 3527 1670 3527 1812 3527 1671 3528 1812 3528 1789 3528 1789 3529 1813 3529 1746 3529 1789 3530 1812 3530 1814 3530 1789 3531 1814 3531 1815 3531 1789 3532 1815 3532 1816 3532 1789 3533 1816 3533 1813 3533 1790 3534 1758 3534 1757 3534 1790 3535 1757 3535 1791 3535 1791 3536 1757 3536 1817 3536 1791 3537 1817 3537 1792 3537 1792 3538 1817 3538 1818 3538 1792 3539 1818 3539 1819 3539 1792 3540 1819 3540 1820 3540 1792 3541 1820 3541 1821 3541 1792 3542 1821 3542 1822 3542 1792 3543 1822 3543 1823 3543 1792 3544 1823 3544 1756 3544 1792 3545 1756 3545 1755 3545 1792 3546 1755 3546 1824 3546 1792 3547 1824 3547 1825 3547 1792 3548 1825 3548 1826 3548 1792 3549 1826 3549 1827 3549 1792 3550 1827 3550 1828 3550 1792 3551 1828 3551 1829 3551 1792 3552 1829 3552 1830 3552 1792 3553 1830 3553 1831 3553 1792 3554 1831 3554 1832 3554 1792 3555 1832 3555 1833 3555 1792 3556 1833 3556 1834 3556 1792 3557 1834 3557 1835 3557 1792 3558 1835 3558 1836 3558 1792 3559 1836 3559 1837 3559 1792 3560 1837 3560 1838 3560 1792 3561 1838 3561 1839 3561 1792 3562 1839 3562 1840 3562 1792 3563 1840 3563 1841 3563 1792 3564 1841 3564 1842 3564 1792 3565 1842 3565 1843 3565 1792 3566 1843 3566 1844 3566 1792 3567 1844 3567 1845 3567 1792 3568 1845 3568 1846 3568 1792 3569 1846 3569 1847 3569 1792 3570 1847 3570 1848 3570 1792 3571 1848 3571 1849 3571 1792 3572 1849 3572 1850 3572 1792 3573 1850 3573 1851 3573 1792 3574 1851 3574 1852 3574 1792 3575 1852 3575 1853 3575 1792 3576 1853 3576 1854 3576 1792 3577 1854 3577 1855 3577 1792 3578 1855 3578 1856 3578 1792 3579 1856 3579 1857 3579 1792 3580 1857 3580 1858 3580 1792 3581 1858 3581 1859 3581 1792 3582 1859 3582 1860 3582 1792 3583 1860 3583 1811 3583 1792 3584 1811 3584 1810 3584 1792 3585 1810 3585 1808 3585 1792 3586 1808 3586 1807 3586 1792 3587 1807 3587 1806 3587 1792 3588 1806 3588 1805 3588 1792 3589 1805 3589 1804 3589 1792 3590 1804 3590 1803 3590 1792 3591 1803 3591 1802 3591 1792 3592 1802 3592 1801 3592 1792 3593 1801 3593 1800 3593 1792 3594 1800 3594 1799 3594 1792 3595 1799 3595 1798 3595 1792 3596 1798 3596 1797 3596 1792 3597 1797 3597 1796 3597 1792 3598 1796 3598 1795 3598 1792 3599 1795 3599 1794 3599 1792 3600 1794 3600 1793 3600 1811 3601 1860 3601 1721 3601 1721 3602 1860 3602 1859 3602 1721 3603 1859 3603 1858 3603 1721 3604 1858 3604 1857 3604 1721 3605 1857 3605 1856 3605 1721 3606 1856 3606 1722 3606 1652 3607 1736 3607 1653 3607 1736 3608 1735 3608 1657 3608 1736 3609 1657 3609 1656 3609 1736 3610 1656 3610 1655 3610 1736 3611 1655 3611 1654 3611 1736 3612 1654 3612 1653 3612 1746 3613 1813 3613 1747 3613 1670 3614 1669 3614 1812 3614 1812 3615 1669 3615 1668 3615 1812 3616 1668 3616 1814 3616 1813 3617 1748 3617 1747 3617 1813 3618 1816 3618 1861 3618 1813 3619 1861 3619 1862 3619 1813 3620 1862 3620 1748 3620 1814 3621 1668 3621 1863 3621 1814 3622 1863 3622 1864 3622 1814 3623 1864 3623 1865 3623 1814 3624 1865 3624 1866 3624 1814 3625 1866 3625 1815 3625 1815 3626 1866 3626 1867 3626 1815 3627 1867 3627 1816 3627 1816 3628 1868 3628 1869 3628 1816 3629 1869 3629 1870 3629 1816 3630 1870 3630 1861 3630 1816 3631 1867 3631 1868 3631 1757 3632 1756 3632 1823 3632 1757 3633 1823 3633 1822 3633 1757 3634 1822 3634 1821 3634 1757 3635 1821 3635 1820 3635 1757 3636 1820 3636 1819 3636 1757 3637 1819 3637 1818 3637 1757 3638 1818 3638 1817 3638 1856 3639 1855 3639 1724 3639 1856 3640 1724 3640 1723 3640 1856 3641 1723 3641 1722 3641 1735 3642 1658 3642 1657 3642 1735 3643 1734 3643 1871 3643 1735 3644 1871 3644 1872 3644 1735 3645 1872 3645 1658 3645 1668 3646 1667 3646 1865 3646 1668 3647 1865 3647 1864 3647 1668 3648 1864 3648 1863 3648 1748 3649 1862 3649 1749 3649 1861 3650 1873 3650 1874 3650 1861 3651 1874 3651 1862 3651 1861 3652 1870 3652 1875 3652 1861 3653 1875 3653 1873 3653 1862 3654 1874 3654 1750 3654 1862 3655 1750 3655 1749 3655 1865 3656 1876 3656 1877 3656 1865 3657 1877 3657 1866 3657 1865 3658 1667 3658 1876 3658 1866 3659 1877 3659 1867 3659 1867 3660 1877 3660 1878 3660 1867 3661 1878 3661 1879 3661 1867 3662 1879 3662 1880 3662 1867 3663 1880 3663 1881 3663 1867 3664 1881 3664 1868 3664 1868 3665 1881 3665 1882 3665 1868 3666 1882 3666 1869 3666 1869 3667 1882 3667 1875 3667 1869 3668 1875 3668 1870 3668 1855 3669 1854 3669 1724 3669 1724 3670 1854 3670 1725 3670 1658 3671 1872 3671 1659 3671 1734 3672 1733 3672 1883 3672 1734 3673 1883 3673 1871 3673 1871 3674 1883 3674 1884 3674 1871 3675 1884 3675 1885 3675 1871 3676 1885 3676 1872 3676 1872 3677 1885 3677 1886 3677 1872 3678 1886 3678 1663 3678 1872 3679 1663 3679 1662 3679 1872 3680 1662 3680 1661 3680 1872 3681 1661 3681 1660 3681 1872 3682 1660 3682 1659 3682 1667 3683 1666 3683 1886 3683 1667 3684 1886 3684 1876 3684 1873 3685 1887 3685 1874 3685 1873 3686 1875 3686 1887 3686 1874 3687 1887 3687 1888 3687 1874 3688 1888 3688 1751 3688 1874 3689 1751 3689 1750 3689 1876 3690 1886 3690 1885 3690 1876 3691 1885 3691 1877 3691 1877 3692 1885 3692 1889 3692 1877 3693 1889 3693 1878 3693 1878 3694 1889 3694 1890 3694 1878 3695 1890 3695 1879 3695 1880 3696 1879 3696 1891 3696 1880 3697 1891 3697 1892 3697 1880 3698 1892 3698 1893 3698 1880 3699 1893 3699 1881 3699 1881 3700 1893 3700 1882 3700 1882 3701 1893 3701 1875 3701 1875 3702 1893 3702 1894 3702 1875 3703 1894 3703 1887 3703 1755 3704 1754 3704 1824 3704 1854 3705 1853 3705 1726 3705 1854 3706 1726 3706 1725 3706 1733 3707 1732 3707 1895 3707 1733 3708 1895 3708 1883 3708 1883 3709 1895 3709 1896 3709 1883 3710 1896 3710 1884 3710 1884 3711 1896 3711 1890 3711 1884 3712 1890 3712 1889 3712 1884 3713 1889 3713 1885 3713 1886 3714 1666 3714 1665 3714 1886 3715 1665 3715 1664 3715 1886 3716 1664 3716 1663 3716 1887 3717 1894 3717 1897 3717 1887 3718 1897 3718 1888 3718 1888 3719 1752 3719 1751 3719 1888 3720 1897 3720 1898 3720 1888 3721 1898 3721 1752 3721 1879 3722 1890 3722 1896 3722 1879 3723 1896 3723 1891 3723 1891 3724 1896 3724 1899 3724 1891 3725 1899 3725 1900 3725 1891 3726 1900 3726 1901 3726 1891 3727 1901 3727 1892 3727 1892 3728 1901 3728 1897 3728 1892 3729 1897 3729 1893 3729 1893 3730 1897 3730 1894 3730 1754 3731 1753 3731 1902 3731 1754 3732 1902 3732 1829 3732 1754 3733 1829 3733 1828 3733 1754 3734 1828 3734 1827 3734 1754 3735 1827 3735 1826 3735 1754 3736 1826 3736 1825 3736 1754 3737 1825 3737 1824 3737 1853 3738 1852 3738 1726 3738 1726 3739 1852 3739 1851 3739 1726 3740 1851 3740 1850 3740 1726 3741 1850 3741 1849 3741 1726 3742 1849 3742 1903 3742 1726 3743 1903 3743 1904 3743 1726 3744 1904 3744 1727 3744 1732 3745 1731 3745 1895 3745 1895 3746 1905 3746 1896 3746 1895 3747 1731 3747 1905 3747 1896 3748 1905 3748 1904 3748 1896 3749 1904 3749 1899 3749 1897 3750 1901 3750 1906 3750 1897 3751 1906 3751 1898 3751 1752 3752 1898 3752 1753 3752 1898 3753 1906 3753 1907 3753 1898 3754 1907 3754 1902 3754 1898 3755 1902 3755 1753 3755 1900 3756 1899 3756 1903 3756 1900 3757 1903 3757 1908 3757 1900 3758 1908 3758 1901 3758 1901 3759 1909 3759 1906 3759 1901 3760 1908 3760 1910 3760 1901 3761 1910 3761 1911 3761 1901 3762 1911 3762 1912 3762 1901 3763 1912 3763 1909 3763 1902 3764 1907 3764 1912 3764 1902 3765 1912 3765 1911 3765 1902 3766 1911 3766 1913 3766 1902 3767 1913 3767 1830 3767 1902 3768 1830 3768 1829 3768 1727 3769 1904 3769 1728 3769 1849 3770 1848 3770 1903 3770 1903 3771 1899 3771 1904 3771 1903 3772 1848 3772 1847 3772 1903 3773 1847 3773 1846 3773 1903 3774 1846 3774 1845 3774 1903 3775 1845 3775 1844 3775 1903 3776 1844 3776 1843 3776 1903 3777 1843 3777 1842 3777 1903 3778 1842 3778 1841 3778 1903 3779 1841 3779 1840 3779 1903 3780 1840 3780 1839 3780 1903 3781 1839 3781 1838 3781 1903 3782 1838 3782 1908 3782 1904 3783 1905 3783 1729 3783 1904 3784 1729 3784 1728 3784 1731 3785 1730 3785 1905 3785 1905 3786 1730 3786 1729 3786 1906 3787 1909 3787 1912 3787 1906 3788 1912 3788 1907 3788 1908 3789 1838 3789 1837 3789 1908 3790 1837 3790 1836 3790 1908 3791 1836 3791 1835 3791 1908 3792 1835 3792 1910 3792 1910 3793 1835 3793 1834 3793 1910 3794 1834 3794 1913 3794 1910 3795 1913 3795 1911 3795 1913 3796 1834 3796 1833 3796 1913 3797 1833 3797 1832 3797 1913 3798 1832 3798 1831 3798 1913 3799 1831 3799 1830 3799 1914 3800 1915 3800 1916 3800 1914 3801 1916 3801 1917 3801 1914 3802 1917 3802 1918 3802 1914 3803 1918 3803 1919 3803 1914 3804 1919 3804 1920 3804 1914 3805 1920 3805 1921 3805 1914 3806 1921 3806 1922 3806 1914 3807 1922 3807 1923 3807 1914 3808 1923 3808 1924 3808 1914 3809 1924 3809 1925 3809 1914 3810 1925 3810 1926 3810 1914 3811 1926 3811 1927 3811 1914 3812 1927 3812 1928 3812 1914 3813 1928 3813 1929 3813 1914 3814 1929 3814 1930 3814 1914 3815 1930 3815 1931 3815 1914 3816 1931 3816 1932 3816 1914 3817 1932 3817 1933 3817 1914 3818 1933 3818 1934 3818 1914 3819 1934 3819 1935 3819 1914 3820 1935 3820 1936 3820 1914 3821 1936 3821 1937 3821 1914 3822 1937 3822 1915 3822 1915 3823 1937 3823 1916 3823 1917 3824 1916 3824 1938 3824 1917 3825 1938 3825 1918 3825 1927 3826 1926 3826 1939 3826 1927 3827 1939 3827 1940 3827 1927 3828 1940 3828 1941 3828 1927 3829 1941 3829 1928 3829 1937 3830 1936 3830 1938 3830 1937 3831 1938 3831 1916 3831 1918 3832 1938 3832 1942 3832 1918 3833 1942 3833 1919 3833 1926 3834 1943 3834 1939 3834 1926 3835 1925 3835 1943 3835 1928 3836 1941 3836 1929 3836 1936 3837 1935 3837 1938 3837 1938 3838 1935 3838 1942 3838 1942 3839 1920 3839 1919 3839 1942 3840 1935 3840 1934 3840 1942 3841 1934 3841 1933 3841 1942 3842 1933 3842 1944 3842 1942 3843 1944 3843 1920 3843 1943 3844 1929 3844 1941 3844 1943 3845 1941 3845 1940 3845 1943 3846 1940 3846 1939 3846 1943 3847 1925 3847 1924 3847 1943 3848 1924 3848 1945 3848 1943 3849 1945 3849 1946 3849 1943 3850 1946 3850 1947 3850 1943 3851 1947 3851 1929 3851 1929 3852 1947 3852 1930 3852 1920 3853 1944 3853 1921 3853 1933 3854 1932 3854 1948 3854 1933 3855 1948 3855 1944 3855 1944 3856 1948 3856 1945 3856 1944 3857 1945 3857 1923 3857 1944 3858 1923 3858 1922 3858 1944 3859 1922 3859 1921 3859 1924 3860 1923 3860 1945 3860 1945 3861 1948 3861 1946 3861 1946 3862 1948 3862 1931 3862 1946 3863 1931 3863 1947 3863 1947 3864 1931 3864 1930 3864 1932 3865 1931 3865 1948 3865 1949 3866 1950 3866 1951 3866 1949 3867 1951 3867 1952 3867 1949 3868 1952 3868 1953 3868 1949 3869 1953 3869 1954 3869 1949 3870 1954 3870 1955 3870 1949 3871 1955 3871 1950 3871 1950 3872 1956 3872 1957 3872 1950 3873 1957 3873 1951 3873 1950 3874 1955 3874 1958 3874 1950 3875 1958 3875 1956 3875 1952 3876 1951 3876 1959 3876 1952 3877 1959 3877 1960 3877 1952 3878 1960 3878 1961 3878 1952 3879 1961 3879 1962 3879 1952 3880 1962 3880 1953 3880 1953 3881 1962 3881 1963 3881 1953 3882 1963 3882 1964 3882 1953 3883 1964 3883 1965 3883 1953 3884 1965 3884 1966 3884 1953 3885 1966 3885 1954 3885 1954 3886 1966 3886 1967 3886 1954 3887 1967 3887 1968 3887 1954 3888 1968 3888 1969 3888 1954 3889 1969 3889 1955 3889 1956 3890 1958 3890 1970 3890 1956 3891 1970 3891 1971 3891 1956 3892 1971 3892 1972 3892 1956 3893 1972 3893 1957 3893 1957 3894 1972 3894 1973 3894 1957 3895 1973 3895 1974 3895 1957 3896 1974 3896 1951 3896 1951 3897 1974 3897 1959 3897 1955 3898 1969 3898 1975 3898 1955 3899 1975 3899 1958 3899 1958 3900 1975 3900 1976 3900 1958 3901 1976 3901 1977 3901 1958 3902 1977 3902 1970 3902 1960 3903 1959 3903 1978 3903 1960 3904 1978 3904 1979 3904 1960 3905 1979 3905 1980 3905 1960 3906 1980 3906 1961 3906 1961 3907 1980 3907 1981 3907 1961 3908 1981 3908 1962 3908 1962 3909 1982 3909 1963 3909 1962 3910 1981 3910 1982 3910 1963 3911 1982 3911 1983 3911 1963 3912 1983 3912 1964 3912 1964 3913 1984 3913 1965 3913 1964 3914 1983 3914 1985 3914 1964 3915 1985 3915 1984 3915 1965 3916 1984 3916 1986 3916 1965 3917 1986 3917 1987 3917 1965 3918 1987 3918 1988 3918 1965 3919 1988 3919 1966 3919 1966 3920 1988 3920 1989 3920 1966 3921 1989 3921 1967 3921 1967 3922 1989 3922 1990 3922 1967 3923 1990 3923 1968 3923 1968 3924 1990 3924 1991 3924 1968 3925 1991 3925 1992 3925 1968 3926 1992 3926 1969 3926 1970 3927 1993 3927 1971 3927 1970 3928 1977 3928 1994 3928 1970 3929 1994 3929 1993 3929 1971 3930 1995 3930 1996 3930 1971 3931 1996 3931 1972 3931 1971 3932 1993 3932 1995 3932 1972 3933 1996 3933 1973 3933 1973 3934 1996 3934 1997 3934 1973 3935 1997 3935 1998 3935 1973 3936 1998 3936 1999 3936 1973 3937 1999 3937 2000 3937 1973 3938 2000 3938 1974 3938 1974 3939 2000 3939 2001 3939 1974 3940 2001 3940 1959 3940 1959 3941 2001 3941 1978 3941 1969 3942 1992 3942 2002 3942 1969 3943 2002 3943 1975 3943 1975 3944 2002 3944 1976 3944 1976 3945 2002 3945 2003 3945 1976 3946 2003 3946 2004 3946 1976 3947 2004 3947 2005 3947 1976 3948 2005 3948 2006 3948 1976 3949 2006 3949 1977 3949 1977 3950 2006 3950 1994 3950 1979 3951 1978 3951 2007 3951 1979 3952 2007 3952 2008 3952 1979 3953 2008 3953 1980 3953 1980 3954 2008 3954 2009 3954 1980 3955 2009 3955 1981 3955 1981 3956 2010 3956 2011 3956 1981 3957 2011 3957 1982 3957 1981 3958 2009 3958 2012 3958 1981 3959 2012 3959 2013 3959 1981 3960 2013 3960 2014 3960 1981 3961 2014 3961 2010 3961 1982 3962 2011 3962 1983 3962 1983 3963 2011 3963 2010 3963 1983 3964 2010 3964 2014 3964 1983 3965 2014 3965 2015 3965 1983 3966 2015 3966 2016 3966 1983 3967 2016 3967 2017 3967 1983 3968 2017 3968 2018 3968 1983 3969 2018 3969 2019 3969 1983 3970 2019 3970 2020 3970 1983 3971 2020 3971 2021 3971 1983 3972 2021 3972 2022 3972 1983 3973 2022 3973 2023 3973 1983 3974 2023 3974 2024 3974 1983 3975 2024 3975 2025 3975 1983 3976 2025 3976 2026 3976 1983 3977 2026 3977 2027 3977 1983 3978 2027 3978 2028 3978 1983 3979 2028 3979 2029 3979 1983 3980 2029 3980 2030 3980 1983 3981 2030 3981 2031 3981 1983 3982 2031 3982 2032 3982 1983 3983 2032 3983 2033 3983 1983 3984 2033 3984 2034 3984 1983 3985 2034 3985 2035 3985 1983 3986 2035 3986 2036 3986 1983 3987 2036 3987 2037 3987 1983 3988 2037 3988 2038 3988 1983 3989 2038 3989 2039 3989 1983 3990 2039 3990 2040 3990 1983 3991 2040 3991 2041 3991 1983 3992 2041 3992 2042 3992 1983 3993 2042 3993 2043 3993 1983 3994 2043 3994 2044 3994 1983 3995 2044 3995 2045 3995 1983 3996 2045 3996 2046 3996 1983 3997 2046 3997 2047 3997 1983 3998 2047 3998 2048 3998 1983 3999 2048 3999 2049 3999 1983 4000 2049 4000 2050 4000 1983 4001 2050 4001 2051 4001 1983 4002 2051 4002 1987 4002 1983 4003 1987 4003 1986 4003 1983 4004 1986 4004 1984 4004 1983 4005 1984 4005 1985 4005 1987 4006 2051 4006 1989 4006 1987 4007 1989 4007 1988 4007 1989 4008 2052 4008 1990 4008 1989 4009 2051 4009 2050 4009 1989 4010 2050 4010 2049 4010 1989 4011 2049 4011 2053 4011 1989 4012 2053 4012 2054 4012 1989 4013 2054 4013 2052 4013 1990 4014 2052 4014 2055 4014 1990 4015 2055 4015 1991 4015 1991 4016 2055 4016 2056 4016 1991 4017 2056 4017 1992 4017 1993 4018 1994 4018 2057 4018 1993 4019 2057 4019 2058 4019 1993 4020 2058 4020 2059 4020 1993 4021 2059 4021 2060 4021 1993 4022 2060 4022 1995 4022 1994 4023 2006 4023 2057 4023 1995 4024 2060 4024 1996 4024 1996 4025 2060 4025 2061 4025 1996 4026 2061 4026 2062 4026 1996 4027 2062 4027 1997 4027 1997 4028 2062 4028 1998 4028 1998 4029 2062 4029 1999 4029 1999 4030 2063 4030 2064 4030 1999 4031 2064 4031 2000 4031 1999 4032 2062 4032 2065 4032 1999 4033 2065 4033 2066 4033 1999 4034 2066 4034 2067 4034 1999 4035 2067 4035 2068 4035 1999 4036 2068 4036 2063 4036 2000 4037 2064 4037 2001 4037 2001 4038 2064 4038 2063 4038 2001 4039 2063 4039 2007 4039 2001 4040 2007 4040 1978 4040 1992 4041 2056 4041 2002 4041 2002 4042 2056 4042 2003 4042 2003 4043 2056 4043 2069 4043 2003 4044 2069 4044 2004 4044 2004 4045 2069 4045 2070 4045 2004 4046 2070 4046 2005 4046 2005 4047 2070 4047 2071 4047 2005 4048 2071 4048 2072 4048 2005 4049 2072 4049 2006 4049 2006 4050 2072 4050 2057 4050 2008 4051 2007 4051 2073 4051 2008 4052 2073 4052 2074 4052 2008 4053 2074 4053 2012 4053 2008 4054 2012 4054 2009 4054 2012 4055 2074 4055 2075 4055 2012 4056 2075 4056 2076 4056 2012 4057 2076 4057 2077 4057 2012 4058 2077 4058 2013 4058 2013 4059 2077 4059 2015 4059 2013 4060 2015 4060 2014 4060 2052 4061 2054 4061 2078 4061 2052 4062 2078 4062 2055 4062 2049 4063 2048 4063 2053 4063 2053 4064 2047 4064 2046 4064 2053 4065 2046 4065 2079 4065 2053 4066 2079 4066 2080 4066 2053 4067 2080 4067 2054 4067 2053 4068 2048 4068 2047 4068 2054 4069 2080 4069 2081 4069 2054 4070 2081 4070 2078 4070 2055 4071 2078 4071 2069 4071 2055 4072 2069 4072 2056 4072 2057 4073 2072 4073 2082 4073 2057 4074 2082 4074 2058 4074 2058 4075 2083 4075 2084 4075 2058 4076 2084 4076 2085 4076 2058 4077 2085 4077 2086 4077 2058 4078 2086 4078 2087 4078 2058 4079 2087 4079 2088 4079 2058 4080 2088 4080 2089 4080 2058 4081 2089 4081 2090 4081 2058 4082 2090 4082 2091 4082 2058 4083 2091 4083 2092 4083 2058 4084 2092 4084 2093 4084 2058 4085 2093 4085 2094 4085 2058 4086 2094 4086 2095 4086 2058 4087 2095 4087 2096 4087 2058 4088 2096 4088 2097 4088 2058 4089 2097 4089 2098 4089 2058 4090 2098 4090 2099 4090 2058 4091 2099 4091 2100 4091 2058 4092 2100 4092 2101 4092 2058 4093 2101 4093 2102 4093 2058 4094 2102 4094 2103 4094 2058 4095 2103 4095 2104 4095 2058 4096 2104 4096 2105 4096 2058 4097 2105 4097 2106 4097 2058 4098 2106 4098 2107 4098 2058 4099 2107 4099 2108 4099 2058 4100 2108 4100 2109 4100 2058 4101 2109 4101 2110 4101 2058 4102 2110 4102 2111 4102 2058 4103 2111 4103 2112 4103 2058 4104 2112 4104 2113 4104 2058 4105 2113 4105 2114 4105 2058 4106 2114 4106 2115 4106 2058 4107 2115 4107 2116 4107 2058 4108 2116 4108 2117 4108 2058 4109 2117 4109 2061 4109 2058 4110 2061 4110 2060 4110 2058 4111 2060 4111 2059 4111 2058 4112 2082 4112 2118 4112 2058 4113 2118 4113 2119 4113 2058 4114 2119 4114 2120 4114 2058 4115 2120 4115 2121 4115 2058 4116 2121 4116 2083 4116 2061 4117 2117 4117 2062 4117 2062 4118 2117 4118 2065 4118 2063 4119 2068 4119 2073 4119 2063 4120 2073 4120 2007 4120 2065 4121 2117 4121 2066 4121 2066 4122 2117 4122 2116 4122 2066 4123 2116 4123 2115 4123 2066 4124 2115 4124 2114 4124 2066 4125 2114 4125 2113 4125 2066 4126 2113 4126 2122 4126 2066 4127 2122 4127 2067 4127 2067 4128 2122 4128 2123 4128 2067 4129 2123 4129 2068 4129 2068 4130 2124 4130 2125 4130 2068 4131 2125 4131 2126 4131 2068 4132 2126 4132 2127 4132 2068 4133 2127 4133 2128 4133 2068 4134 2128 4134 2129 4134 2068 4135 2129 4135 2073 4135 2068 4136 2123 4136 2124 4136 2069 4137 2078 4137 2081 4137 2069 4138 2081 4138 2130 4138 2069 4139 2130 4139 2070 4139 2070 4140 2130 4140 2131 4140 2070 4141 2131 4141 2071 4141 2071 4142 2131 4142 2132 4142 2071 4143 2132 4143 2133 4143 2071 4144 2133 4144 2134 4144 2071 4145 2134 4145 2135 4145 2071 4146 2135 4146 2072 4146 2072 4147 2135 4147 2082 4147 2074 4148 2073 4148 2129 4148 2074 4149 2129 4149 2075 4149 2075 4150 2129 4150 2128 4150 2075 4151 2128 4151 2136 4151 2075 4152 2136 4152 2137 4152 2075 4153 2137 4153 2076 4153 2076 4154 2137 4154 2077 4154 2077 4155 2017 4155 2016 4155 2077 4156 2016 4156 2015 4156 2077 4157 2137 4157 2138 4157 2077 4158 2138 4158 2139 4158 2077 4159 2139 4159 2140 4159 2077 4160 2140 4160 2141 4160 2077 4161 2141 4161 2142 4161 2077 4162 2142 4162 2105 4162 2077 4163 2105 4163 2017 4163 2046 4164 2045 4164 2079 4164 2079 4165 2044 4165 2143 4165 2079 4166 2143 4166 2144 4166 2079 4167 2144 4167 2145 4167 2079 4168 2145 4168 2080 4168 2079 4169 2045 4169 2044 4169 2080 4170 2145 4170 2081 4170 2081 4171 2145 4171 2146 4171 2081 4172 2146 4172 2147 4172 2081 4173 2147 4173 2130 4173 2082 4174 2135 4174 2148 4174 2082 4175 2148 4175 2118 4175 2083 4176 2121 4176 2149 4176 2083 4177 2149 4177 2084 4177 2118 4178 2148 4178 2150 4178 2118 4179 2150 4179 2119 4179 2119 4180 2150 4180 2120 4180 2120 4181 2150 4181 2151 4181 2120 4182 2151 4182 2121 4182 2121 4183 2151 4183 2152 4183 2121 4184 2152 4184 2134 4184 2121 4185 2134 4185 2153 4185 2121 4186 2153 4186 2149 4186 2113 4187 2112 4187 2122 4187 2122 4188 2112 4188 2154 4188 2122 4189 2154 4189 2123 4189 2123 4190 2154 4190 2112 4190 2123 4191 2112 4191 2111 4191 2123 4192 2111 4192 2155 4192 2123 4193 2155 4193 2125 4193 2123 4194 2125 4194 2124 4194 2125 4195 2156 4195 2126 4195 2125 4196 2155 4196 2108 4196 2125 4197 2108 4197 2107 4197 2125 4198 2107 4198 2156 4198 2126 4199 2156 4199 2157 4199 2126 4200 2157 4200 2158 4200 2126 4201 2158 4201 2127 4201 2127 4202 2158 4202 2159 4202 2127 4203 2159 4203 2128 4203 2128 4204 2159 4204 2136 4204 2130 4205 2147 4205 2131 4205 2131 4206 2147 4206 2160 4206 2131 4207 2160 4207 2132 4207 2132 4208 2160 4208 2161 4208 2132 4209 2161 4209 2133 4209 2133 4210 2161 4210 2134 4210 2134 4211 2161 4211 2162 4211 2134 4212 2162 4212 2163 4212 2134 4213 2163 4213 2153 4213 2134 4214 2152 4214 2150 4214 2134 4215 2150 4215 2148 4215 2134 4216 2148 4216 2135 4216 2136 4217 2159 4217 2158 4217 2136 4218 2158 4218 2138 4218 2136 4219 2138 4219 2137 4219 2017 4220 2105 4220 2104 4220 2017 4221 2104 4221 2103 4221 2017 4222 2103 4222 2018 4222 2138 4223 2158 4223 2157 4223 2138 4224 2157 4224 2139 4224 2139 4225 2157 4225 2164 4225 2139 4226 2164 4226 2140 4226 2140 4227 2164 4227 2141 4227 2141 4228 2164 4228 2165 4228 2141 4229 2165 4229 2107 4229 2141 4230 2107 4230 2106 4230 2141 4231 2106 4231 2142 4231 2142 4232 2106 4232 2105 4232 2044 4233 2043 4233 2166 4233 2044 4234 2166 4234 2143 4234 2143 4235 2166 4235 2144 4235 2144 4236 2167 4236 2145 4236 2144 4237 2166 4237 2168 4237 2144 4238 2168 4238 2167 4238 2145 4239 2167 4239 2146 4239 2146 4240 2167 4240 2160 4240 2146 4241 2160 4241 2147 4241 2084 4242 2149 4242 2169 4242 2084 4243 2169 4243 2085 4243 2149 4244 2153 4244 2170 4244 2149 4245 2170 4245 2171 4245 2149 4246 2171 4246 2172 4246 2149 4247 2172 4247 2169 4247 2150 4248 2152 4248 2151 4248 2153 4249 2163 4249 2170 4249 2111 4250 2110 4250 2155 4250 2155 4251 2110 4251 2109 4251 2155 4252 2109 4252 2108 4252 2156 4253 2173 4253 2157 4253 2156 4254 2107 4254 2173 4254 2107 4255 2165 4255 2173 4255 2157 4256 2173 4256 2165 4256 2157 4257 2165 4257 2164 4257 2160 4258 2167 4258 2168 4258 2160 4259 2168 4259 2174 4259 2160 4260 2174 4260 2161 4260 2161 4261 2174 4261 2175 4261 2161 4262 2175 4262 2176 4262 2161 4263 2176 4263 2162 4263 2162 4264 2176 4264 2163 4264 2163 4265 2176 4265 2177 4265 2163 4266 2177 4266 2178 4266 2163 4267 2178 4267 2179 4267 2163 4268 2179 4268 2171 4268 2163 4269 2171 4269 2170 4269 2018 4270 2103 4270 2102 4270 2018 4271 2102 4271 2101 4271 2018 4272 2101 4272 2019 4272 2043 4273 2042 4273 2180 4273 2043 4274 2180 4274 2166 4274 2166 4275 2180 4275 2181 4275 2166 4276 2181 4276 2168 4276 2168 4277 2181 4277 2182 4277 2168 4278 2182 4278 2175 4278 2168 4279 2175 4279 2174 4279 2085 4280 2169 4280 2183 4280 2085 4281 2183 4281 2086 4281 2169 4282 2172 4282 2183 4282 2171 4283 2179 4283 2172 4283 2172 4284 2179 4284 2184 4284 2172 4285 2184 4285 2183 4285 2175 4286 2182 4286 2185 4286 2175 4287 2185 4287 2176 4287 2176 4288 2185 4288 2186 4288 2176 4289 2186 4289 2177 4289 2177 4290 2186 4290 2187 4290 2177 4291 2187 4291 2178 4291 2178 4292 2187 4292 2188 4292 2178 4293 2188 4293 2179 4293 2179 4294 2188 4294 2189 4294 2179 4295 2189 4295 2184 4295 2019 4296 2101 4296 2020 4296 2101 4297 2100 4297 2025 4297 2101 4298 2025 4298 2024 4298 2101 4299 2024 4299 2023 4299 2101 4300 2023 4300 2022 4300 2101 4301 2022 4301 2021 4301 2101 4302 2021 4302 2020 4302 2042 4303 2041 4303 2180 4303 2180 4304 2190 4304 2191 4304 2180 4305 2191 4305 2192 4305 2180 4306 2192 4306 2181 4306 2180 4307 2041 4307 2190 4307 2181 4308 2192 4308 2185 4308 2181 4309 2185 4309 2182 4309 2086 4310 2183 4310 2087 4310 2183 4311 2184 4311 2189 4311 2183 4312 2189 4312 2193 4312 2183 4313 2193 4313 2090 4313 2183 4314 2090 4314 2089 4314 2183 4315 2089 4315 2088 4315 2183 4316 2088 4316 2087 4316 2185 4317 2192 4317 2191 4317 2185 4318 2191 4318 2186 4318 2186 4319 2191 4319 2187 4319 2187 4320 2191 4320 2194 4320 2187 4321 2194 4321 2195 4321 2187 4322 2195 4322 2188 4322 2188 4323 2195 4323 2196 4323 2188 4324 2196 4324 2189 4324 2100 4325 2099 4325 2032 4325 2100 4326 2032 4326 2031 4326 2100 4327 2031 4327 2030 4327 2100 4328 2030 4328 2029 4328 2100 4329 2029 4329 2028 4329 2100 4330 2028 4330 2027 4330 2100 4331 2027 4331 2026 4331 2100 4332 2026 4332 2025 4332 2041 4333 2040 4333 2190 4333 2190 4334 2194 4334 2191 4334 2190 4335 2040 4335 2197 4335 2190 4336 2197 4336 2194 4336 2193 4337 2189 4337 2198 4337 2193 4338 2198 4338 2091 4338 2193 4339 2091 4339 2090 4339 2189 4340 2196 4340 2198 4340 2194 4341 2197 4341 2195 4341 2195 4342 2040 4342 2039 4342 2195 4343 2039 4343 2199 4343 2195 4344 2199 4344 2196 4344 2195 4345 2197 4345 2040 4345 2196 4346 2199 4346 2198 4346 2099 4347 2098 4347 2032 4347 2032 4348 2098 4348 2097 4348 2032 4349 2097 4349 2033 4349 2198 4350 2199 4350 2200 4350 2198 4351 2200 4351 2093 4351 2198 4352 2093 4352 2092 4352 2198 4353 2092 4353 2091 4353 2039 4354 2038 4354 2199 4354 2199 4355 2038 4355 2200 4355 2033 4356 2097 4356 2034 4356 2097 4357 2096 4357 2035 4357 2097 4358 2035 4358 2034 4358 2200 4359 2038 4359 2093 4359 2093 4360 2038 4360 2037 4360 2093 4361 2037 4361 2094 4361 2096 4362 2095 4362 2036 4362 2096 4363 2036 4363 2035 4363 2094 4364 2037 4364 2095 4364 2037 4365 2036 4365 2095 4365 2201 4366 2202 4366 2203 4366 2201 4367 2203 4367 2204 4367 2201 4368 2204 4368 2205 4368 2201 4369 2205 4369 2206 4369 2201 4370 2206 4370 2207 4370 2201 4371 2207 4371 2208 4371 2201 4372 2208 4372 2209 4372 2201 4373 2209 4373 2210 4373 2201 4374 2210 4374 2211 4374 2201 4375 2211 4375 2212 4375 2201 4376 2212 4376 2213 4376 2201 4377 2213 4377 2214 4377 2201 4378 2214 4378 2215 4378 2201 4379 2215 4379 2216 4379 2201 4380 2216 4380 2217 4380 2201 4381 2217 4381 2218 4381 2201 4382 2218 4382 2219 4382 2201 4383 2219 4383 2220 4383 2201 4384 2220 4384 2221 4384 2201 4385 2221 4385 2222 4385 2201 4386 2222 4386 2223 4386 2201 4387 2223 4387 2224 4387 2201 4388 2224 4388 2225 4388 2201 4389 2225 4389 2226 4389 2201 4390 2226 4390 2227 4390 2201 4391 2227 4391 2228 4391 2201 4392 2228 4392 2229 4392 2201 4393 2229 4393 2230 4393 2201 4394 2230 4394 2231 4394 2201 4395 2231 4395 2232 4395 2201 4396 2232 4396 2233 4396 2201 4397 2233 4397 2234 4397 2201 4398 2234 4398 2235 4398 2201 4399 2235 4399 2236 4399 2201 4400 2236 4400 2237 4400 2201 4401 2237 4401 2238 4401 2201 4402 2238 4402 2239 4402 2201 4403 2239 4403 2240 4403 2201 4404 2240 4404 2241 4404 2201 4405 2241 4405 2242 4405 2201 4406 2242 4406 2243 4406 2201 4407 2243 4407 2244 4407 2201 4408 2244 4408 2245 4408 2201 4409 2245 4409 2246 4409 2201 4410 2246 4410 2247 4410 2201 4411 2247 4411 2248 4411 2201 4412 2248 4412 2249 4412 2201 4413 2249 4413 2250 4413 2201 4414 2250 4414 2251 4414 2201 4415 2251 4415 2252 4415 2201 4416 2252 4416 2253 4416 2201 4417 2253 4417 2254 4417 2201 4418 2254 4418 2255 4418 2201 4419 2255 4419 2256 4419 2201 4420 2256 4420 2257 4420 2201 4421 2257 4421 2258 4421 2201 4422 2258 4422 2259 4422 2201 4423 2259 4423 2260 4423 2201 4424 2260 4424 2261 4424 2201 4425 2261 4425 2262 4425 2201 4426 2262 4426 2263 4426 2201 4427 2263 4427 2264 4427 2201 4428 2264 4428 2265 4428 2201 4429 2265 4429 2266 4429 2201 4430 2266 4430 2267 4430 2201 4431 2267 4431 2268 4431 2201 4432 2268 4432 2269 4432 2201 4433 2269 4433 2270 4433 2201 4434 2270 4434 2271 4434 2201 4435 2271 4435 2272 4435 2201 4436 2272 4436 2273 4436 2201 4437 2273 4437 2274 4437 2201 4438 2274 4438 2275 4438 2201 4439 2275 4439 2276 4439 2201 4440 2276 4440 2277 4440 2201 4441 2277 4441 2278 4441 2201 4442 2278 4442 2279 4442 2201 4443 2279 4443 2280 4443 2201 4444 2280 4444 2281 4444 2201 4445 2281 4445 2282 4445 2201 4446 2282 4446 2283 4446 2201 4447 2283 4447 2202 4447 2202 4448 2283 4448 2203 4448 2281 4449 2280 4449 2284 4449 2281 4450 2284 4450 2285 4450 2281 4451 2285 4451 2282 4451 2282 4452 2285 4452 2283 4452 2283 4453 2204 4453 2203 4453 2283 4454 2285 4454 2286 4454 2283 4455 2286 4455 2204 4455 2280 4456 2279 4456 2284 4456 2284 4457 2287 4457 2288 4457 2284 4458 2288 4458 2289 4458 2284 4459 2289 4459 2285 4459 2284 4460 2279 4460 2290 4460 2284 4461 2290 4461 2287 4461 2285 4462 2289 4462 2291 4462 2285 4463 2291 4463 2292 4463 2285 4464 2292 4464 2286 4464 2204 4465 2286 4465 2293 4465 2204 4466 2293 4466 2205 4466 2286 4467 2292 4467 2294 4467 2286 4468 2294 4468 2295 4468 2286 4469 2295 4469 2296 4469 2286 4470 2296 4470 2293 4470 2279 4471 2278 4471 2290 4471 2287 4472 2297 4472 2288 4472 2287 4473 2290 4473 2277 4473 2287 4474 2277 4474 2297 4474 2288 4475 2298 4475 2299 4475 2288 4476 2299 4476 2300 4476 2288 4477 2300 4477 2289 4477 2288 4478 2297 4478 2298 4478 2289 4479 2300 4479 2301 4479 2289 4480 2301 4480 2291 4480 2290 4481 2278 4481 2277 4481 2291 4482 2301 4482 2302 4482 2291 4483 2302 4483 2303 4483 2291 4484 2303 4484 2292 4484 2292 4485 2303 4485 2304 4485 2292 4486 2304 4486 2294 4486 2205 4487 2293 4487 2206 4487 2293 4488 2296 4488 2206 4488 2294 4489 2304 4489 2305 4489 2294 4490 2305 4490 2295 4490 2295 4491 2305 4491 2306 4491 2295 4492 2306 4492 2307 4492 2295 4493 2307 4493 2308 4493 2295 4494 2308 4494 2296 4494 2296 4495 2308 4495 2207 4495 2296 4496 2207 4496 2206 4496 2297 4497 2309 4497 2298 4497 2297 4498 2277 4498 2310 4498 2297 4499 2310 4499 2309 4499 2277 4500 2276 4500 2310 4500 2298 4501 2309 4501 2311 4501 2298 4502 2311 4502 2312 4502 2298 4503 2312 4503 2313 4503 2298 4504 2313 4504 2314 4504 2298 4505 2314 4505 2299 4505 2299 4506 2314 4506 2315 4506 2299 4507 2315 4507 2300 4507 2300 4508 2315 4508 2301 4508 2301 4509 2315 4509 2316 4509 2301 4510 2316 4510 2302 4510 2302 4511 2316 4511 2317 4511 2302 4512 2317 4512 2318 4512 2302 4513 2318 4513 2319 4513 2302 4514 2319 4514 2303 4514 2303 4515 2319 4515 2320 4515 2303 4516 2320 4516 2304 4516 2304 4517 2320 4517 2305 4517 2305 4518 2320 4518 2321 4518 2305 4519 2321 4519 2306 4519 2306 4520 2322 4520 2323 4520 2306 4521 2323 4521 2324 4521 2306 4522 2324 4522 2307 4522 2306 4523 2321 4523 2322 4523 2307 4524 2324 4524 2211 4524 2307 4525 2211 4525 2210 4525 2307 4526 2210 4526 2308 4526 2308 4527 2210 4527 2209 4527 2308 4528 2209 4528 2208 4528 2308 4529 2208 4529 2207 4529 2309 4530 2310 4530 2275 4530 2309 4531 2275 4531 2311 4531 2310 4532 2276 4532 2275 4532 2311 4533 2325 4533 2312 4533 2311 4534 2275 4534 2326 4534 2311 4535 2326 4535 2327 4535 2311 4536 2327 4536 2325 4536 2312 4537 2325 4537 2313 4537 2313 4538 2325 4538 2328 4538 2313 4539 2328 4539 2329 4539 2313 4540 2329 4540 2330 4540 2313 4541 2330 4541 2314 4541 2314 4542 2331 4542 2315 4542 2314 4543 2330 4543 2331 4543 2315 4544 2331 4544 2332 4544 2315 4545 2332 4545 2333 4545 2315 4546 2333 4546 2316 4546 2316 4547 2333 4547 2317 4547 2317 4548 2334 4548 2335 4548 2317 4549 2335 4549 2336 4549 2317 4550 2336 4550 2337 4550 2317 4551 2337 4551 2338 4551 2317 4552 2338 4552 2339 4552 2317 4553 2339 4553 2340 4553 2317 4554 2340 4554 2341 4554 2317 4555 2341 4555 2319 4555 2317 4556 2319 4556 2318 4556 2317 4557 2333 4557 2334 4557 2319 4558 2341 4558 2342 4558 2319 4559 2342 4559 2320 4559 2320 4560 2342 4560 2321 4560 2321 4561 2343 4561 2322 4561 2321 4562 2342 4562 2343 4562 2322 4563 2344 4563 2345 4563 2322 4564 2345 4564 2346 4564 2322 4565 2346 4565 2323 4565 2322 4566 2343 4566 2344 4566 2323 4567 2346 4567 2215 4567 2323 4568 2215 4568 2214 4568 2323 4569 2214 4569 2213 4569 2323 4570 2213 4570 2212 4570 2323 4571 2212 4571 2324 4571 2324 4572 2212 4572 2211 4572 2275 4573 2274 4573 2326 4573 2325 4574 2327 4574 2268 4574 2325 4575 2268 4575 2347 4575 2325 4576 2347 4576 2328 4576 2326 4577 2274 4577 2273 4577 2326 4578 2273 4578 2272 4578 2326 4579 2272 4579 2271 4579 2326 4580 2271 4580 2327 4580 2327 4581 2271 4581 2270 4581 2327 4582 2270 4582 2269 4582 2327 4583 2269 4583 2268 4583 2328 4584 2347 4584 2329 4584 2329 4585 2348 4585 2349 4585 2329 4586 2349 4586 2350 4586 2329 4587 2350 4587 2330 4587 2329 4588 2347 4588 2348 4588 2330 4589 2350 4589 2331 4589 2331 4590 2350 4590 2332 4590 2332 4591 2351 4591 2333 4591 2332 4592 2350 4592 2352 4592 2332 4593 2352 4593 2351 4593 2333 4594 2351 4594 2335 4594 2333 4595 2335 4595 2334 4595 2341 4596 2340 4596 2353 4596 2341 4597 2353 4597 2354 4597 2341 4598 2354 4598 2342 4598 2342 4599 2354 4599 2355 4599 2342 4600 2355 4600 2343 4600 2343 4601 2355 4601 2356 4601 2343 4602 2356 4602 2344 4602 2344 4603 2356 4603 2357 4603 2344 4604 2357 4604 2358 4604 2344 4605 2358 4605 2345 4605 2345 4606 2358 4606 2217 4606 2345 4607 2217 4607 2359 4607 2345 4608 2359 4608 2346 4608 2346 4609 2359 4609 2216 4609 2346 4610 2216 4610 2215 4610 2268 4611 2267 4611 2347 4611 2347 4612 2267 4612 2266 4612 2347 4613 2266 4613 2265 4613 2347 4614 2265 4614 2360 4614 2347 4615 2360 4615 2348 4615 2348 4616 2360 4616 2349 4616 2349 4617 2361 4617 2352 4617 2349 4618 2352 4618 2350 4618 2349 4619 2360 4619 2361 4619 2351 4620 2352 4620 2362 4620 2351 4621 2362 4621 2363 4621 2351 4622 2363 4622 2335 4622 2352 4623 2361 4623 2362 4623 2335 4624 2363 4624 2336 4624 2340 4625 2339 4625 2364 4625 2340 4626 2364 4626 2365 4626 2340 4627 2365 4627 2353 4627 2353 4628 2365 4628 2366 4628 2353 4629 2366 4629 2367 4629 2353 4630 2367 4630 2354 4630 2354 4631 2367 4631 2368 4631 2354 4632 2368 4632 2355 4632 2355 4633 2368 4633 2356 4633 2356 4634 2369 4634 2357 4634 2356 4635 2368 4635 2369 4635 2357 4636 2369 4636 2370 4636 2357 4637 2370 4637 2371 4637 2357 4638 2371 4638 2358 4638 2358 4639 2371 4639 2218 4639 2358 4640 2218 4640 2217 4640 2217 4641 2216 4641 2359 4641 2265 4642 2264 4642 2360 4642 2360 4643 2372 4643 2361 4643 2360 4644 2264 4644 2263 4644 2360 4645 2263 4645 2372 4645 2361 4646 2372 4646 2373 4646 2361 4647 2373 4647 2374 4647 2361 4648 2374 4648 2375 4648 2361 4649 2375 4649 2362 4649 2362 4650 2375 4650 2376 4650 2362 4651 2376 4651 2363 4651 2363 4652 2376 4652 2336 4652 2336 4653 2376 4653 2377 4653 2336 4654 2377 4654 2337 4654 2339 4655 2338 4655 2378 4655 2339 4656 2378 4656 2379 4656 2339 4657 2379 4657 2380 4657 2339 4658 2380 4658 2364 4658 2364 4659 2380 4659 2381 4659 2364 4660 2381 4660 2382 4660 2364 4661 2382 4661 2365 4661 2365 4662 2382 4662 2366 4662 2366 4663 2382 4663 2383 4663 2366 4664 2383 4664 2384 4664 2366 4665 2384 4665 2367 4665 2367 4666 2384 4666 2385 4666 2367 4667 2385 4667 2368 4667 2368 4668 2385 4668 2369 4668 2369 4669 2385 4669 2386 4669 2369 4670 2386 4670 2370 4670 2370 4671 2386 4671 2224 4671 2370 4672 2224 4672 2223 4672 2370 4673 2223 4673 2222 4673 2370 4674 2222 4674 2221 4674 2370 4675 2221 4675 2371 4675 2371 4676 2221 4676 2220 4676 2371 4677 2220 4677 2219 4677 2371 4678 2219 4678 2218 4678 2372 4679 2263 4679 2373 4679 2263 4680 2262 4680 2373 4680 2373 4681 2262 4681 2261 4681 2373 4682 2261 4682 2260 4682 2373 4683 2260 4683 2387 4683 2373 4684 2387 4684 2374 4684 2374 4685 2388 4685 2389 4685 2374 4686 2389 4686 2375 4686 2374 4687 2387 4687 2388 4687 2375 4688 2390 4688 2376 4688 2375 4689 2389 4689 2390 4689 2376 4690 2390 4690 2377 4690 2377 4691 2391 4691 2392 4691 2377 4692 2392 4692 2337 4692 2377 4693 2390 4693 2393 4693 2377 4694 2393 4694 2394 4694 2377 4695 2394 4695 2395 4695 2377 4696 2395 4696 2391 4696 2337 4697 2379 4697 2378 4697 2337 4698 2378 4698 2338 4698 2337 4699 2392 4699 2379 4699 2379 4700 2392 4700 2396 4700 2379 4701 2396 4701 2397 4701 2379 4702 2397 4702 2380 4702 2380 4703 2397 4703 2398 4703 2380 4704 2398 4704 2381 4704 2381 4705 2398 4705 2399 4705 2381 4706 2399 4706 2400 4706 2381 4707 2400 4707 2382 4707 2382 4708 2400 4708 2401 4708 2382 4709 2401 4709 2402 4709 2382 4710 2402 4710 2403 4710 2382 4711 2403 4711 2383 4711 2383 4712 2403 4712 2404 4712 2383 4713 2404 4713 2384 4713 2384 4714 2404 4714 2405 4714 2384 4715 2405 4715 2385 4715 2385 4716 2405 4716 2406 4716 2385 4717 2406 4717 2407 4717 2385 4718 2407 4718 2386 4718 2386 4719 2407 4719 2226 4719 2386 4720 2226 4720 2225 4720 2386 4721 2225 4721 2224 4721 2260 4722 2259 4722 2387 4722 2387 4723 2259 4723 2388 4723 2388 4724 2408 4724 2409 4724 2388 4725 2409 4725 2389 4725 2388 4726 2259 4726 2410 4726 2388 4727 2410 4727 2258 4727 2388 4728 2258 4728 2408 4728 2389 4729 2393 4729 2390 4729 2389 4730 2409 4730 2393 4730 2391 4731 2395 4731 2411 4731 2391 4732 2411 4732 2412 4732 2391 4733 2412 4733 2392 4733 2392 4734 2412 4734 2396 4734 2393 4735 2409 4735 2394 4735 2394 4736 2409 4736 2413 4736 2394 4737 2413 4737 2414 4737 2394 4738 2414 4738 2415 4738 2394 4739 2415 4739 2416 4739 2394 4740 2416 4740 2395 4740 2395 4741 2416 4741 2411 4741 2396 4742 2398 4742 2397 4742 2396 4743 2412 4743 2417 4743 2396 4744 2417 4744 2398 4744 2398 4745 2417 4745 2418 4745 2398 4746 2418 4746 2419 4746 2398 4747 2419 4747 2399 4747 2399 4748 2419 4748 2420 4748 2399 4749 2420 4749 2400 4749 2400 4750 2420 4750 2421 4750 2400 4751 2421 4751 2401 4751 2401 4752 2421 4752 2402 4752 2402 4753 2421 4753 2422 4753 2402 4754 2422 4754 2423 4754 2402 4755 2423 4755 2424 4755 2402 4756 2424 4756 2425 4756 2402 4757 2425 4757 2403 4757 2403 4758 2425 4758 2404 4758 2404 4759 2425 4759 2426 4759 2404 4760 2426 4760 2405 4760 2405 4761 2426 4761 2427 4761 2405 4762 2427 4762 2228 4762 2405 4763 2228 4763 2406 4763 2406 4764 2228 4764 2227 4764 2406 4765 2227 4765 2226 4765 2406 4766 2226 4766 2407 4766 2259 4767 2258 4767 2410 4767 2408 4768 2413 4768 2409 4768 2408 4769 2258 4769 2257 4769 2408 4770 2257 4770 2428 4770 2408 4771 2428 4771 2413 4771 2411 4772 2416 4772 2429 4772 2411 4773 2429 4773 2417 4773 2411 4774 2417 4774 2412 4774 2413 4775 2428 4775 2430 4775 2413 4776 2430 4776 2414 4776 2414 4777 2430 4777 2431 4777 2414 4778 2431 4778 2432 4778 2414 4779 2432 4779 2415 4779 2415 4780 2433 4780 2416 4780 2415 4781 2432 4781 2434 4781 2415 4782 2434 4782 2433 4782 2416 4783 2433 4783 2435 4783 2416 4784 2435 4784 2429 4784 2417 4785 2429 4785 2436 4785 2417 4786 2436 4786 2437 4786 2417 4787 2437 4787 2438 4787 2417 4788 2438 4788 2418 4788 2418 4789 2438 4789 2439 4789 2418 4790 2439 4790 2419 4790 2419 4791 2440 4791 2420 4791 2419 4792 2439 4792 2441 4792 2419 4793 2441 4793 2440 4793 2420 4794 2440 4794 2421 4794 2421 4795 2440 4795 2442 4795 2421 4796 2442 4796 2443 4796 2421 4797 2443 4797 2422 4797 2422 4798 2443 4798 2444 4798 2422 4799 2444 4799 2445 4799 2422 4800 2445 4800 2446 4800 2422 4801 2446 4801 2423 4801 2423 4802 2447 4802 2424 4802 2423 4803 2446 4803 2448 4803 2423 4804 2448 4804 2447 4804 2424 4805 2447 4805 2425 4805 2425 4806 2447 4806 2426 4806 2426 4807 2447 4807 2229 4807 2426 4808 2229 4808 2427 4808 2427 4809 2229 4809 2228 4809 2257 4810 2256 4810 2428 4810 2428 4811 2256 4811 2430 4811 2429 4812 2435 4812 2449 4812 2429 4813 2449 4813 2249 4813 2429 4814 2249 4814 2436 4814 2430 4815 2256 4815 2255 4815 2430 4816 2255 4816 2431 4816 2431 4817 2255 4817 2254 4817 2431 4818 2254 4818 2432 4818 2432 4819 2254 4819 2253 4819 2432 4820 2253 4820 2252 4820 2432 4821 2252 4821 2434 4821 2433 4822 2434 4822 2251 4822 2433 4823 2251 4823 2250 4823 2433 4824 2250 4824 2435 4824 2434 4825 2252 4825 2251 4825 2435 4826 2250 4826 2249 4826 2435 4827 2249 4827 2449 4827 2436 4828 2249 4828 2248 4828 2436 4829 2248 4829 2247 4829 2436 4830 2247 4830 2246 4830 2436 4831 2246 4831 2245 4831 2436 4832 2245 4832 2450 4832 2436 4833 2450 4833 2437 4833 2437 4834 2450 4834 2451 4834 2437 4835 2451 4835 2438 4835 2438 4836 2451 4836 2439 4836 2439 4837 2451 4837 2441 4837 2440 4838 2441 4838 2452 4838 2440 4839 2452 4839 2442 4839 2441 4840 2451 4840 2243 4840 2441 4841 2243 4841 2242 4841 2441 4842 2242 4842 2241 4842 2441 4843 2241 4843 2452 4843 2442 4844 2452 4844 2453 4844 2442 4845 2453 4845 2240 4845 2442 4846 2240 4846 2239 4846 2442 4847 2239 4847 2454 4847 2442 4848 2454 4848 2443 4848 2443 4849 2454 4849 2444 4849 2444 4850 2454 4850 2237 4850 2444 4851 2237 4851 2236 4851 2444 4852 2236 4852 2445 4852 2445 4853 2236 4853 2235 4853 2445 4854 2235 4854 2446 4854 2446 4855 2235 4855 2234 4855 2446 4856 2234 4856 2448 4856 2447 4857 2448 4857 2230 4857 2447 4858 2230 4858 2229 4858 2448 4859 2234 4859 2233 4859 2448 4860 2233 4860 2232 4860 2448 4861 2232 4861 2231 4861 2448 4862 2231 4862 2230 4862 2245 4863 2244 4863 2451 4863 2245 4864 2451 4864 2450 4864 2451 4865 2244 4865 2243 4865 2452 4866 2241 4866 2453 4866 2241 4867 2240 4867 2453 4867 2239 4868 2238 4868 2454 4868 2454 4869 2238 4869 2237 4869 2455 4870 2456 4870 2457 4870 2455 4871 2457 4871 2458 4871 2455 4872 2458 4872 2459 4872 2455 4873 2459 4873 2460 4873 2455 4874 2460 4874 2461 4874 2455 4875 2461 4875 2462 4875 2455 4876 2462 4876 2463 4876 2455 4877 2463 4877 2464 4877 2455 4878 2464 4878 2465 4878 2455 4879 2465 4879 2466 4879 2455 4880 2466 4880 2456 4880 2456 4881 2466 4881 2467 4881 2456 4882 2467 4882 2468 4882 2456 4883 2468 4883 2469 4883 2456 4884 2469 4884 2470 4884 2456 4885 2470 4885 2471 4885 2456 4886 2471 4886 2472 4886 2456 4887 2472 4887 2473 4887 2456 4888 2473 4888 2474 4888 2456 4889 2474 4889 2475 4889 2456 4890 2475 4890 2476 4890 2456 4891 2476 4891 2477 4891 2456 4892 2477 4892 2478 4892 2456 4893 2478 4893 2457 4893 2462 4894 2461 4894 2463 4894 2463 4895 2461 4895 2479 4895 2463 4896 2479 4896 2465 4896 2463 4897 2465 4897 2464 4897 2465 4898 2480 4898 2468 4898 2465 4899 2468 4899 2467 4899 2465 4900 2467 4900 2466 4900 2465 4901 2479 4901 2460 4901 2465 4902 2460 4902 2459 4902 2465 4903 2459 4903 2481 4903 2465 4904 2481 4904 2482 4904 2465 4905 2482 4905 2483 4905 2465 4906 2483 4906 2484 4906 2465 4907 2484 4907 2485 4907 2465 4908 2485 4908 2486 4908 2465 4909 2486 4909 2487 4909 2465 4910 2487 4910 2488 4910 2465 4911 2488 4911 2489 4911 2465 4912 2489 4912 2490 4912 2465 4913 2490 4913 2491 4913 2465 4914 2491 4914 2492 4914 2465 4915 2492 4915 2493 4915 2465 4916 2493 4916 2494 4916 2465 4917 2494 4917 2480 4917 2457 4918 2478 4918 2482 4918 2457 4919 2482 4919 2495 4919 2457 4920 2495 4920 2481 4920 2457 4921 2481 4921 2458 4921 2461 4922 2460 4922 2479 4922 2480 4923 2494 4923 2469 4923 2480 4924 2469 4924 2468 4924 2478 4925 2477 4925 2496 4925 2478 4926 2496 4926 2483 4926 2478 4927 2483 4927 2482 4927 2482 4928 2481 4928 2495 4928 2481 4929 2459 4929 2458 4929 2494 4930 2493 4930 2470 4930 2494 4931 2470 4931 2469 4931 2477 4932 2476 4932 2496 4932 2496 4933 2476 4933 2483 4933 2483 4934 2476 4934 2484 4934 2493 4935 2497 4935 2470 4935 2493 4936 2492 4936 2497 4936 2470 4937 2497 4937 2492 4937 2470 4938 2492 4938 2491 4938 2470 4939 2491 4939 2471 4939 2476 4940 2475 4940 2485 4940 2476 4941 2485 4941 2484 4941 2471 4942 2491 4942 2472 4942 2491 4943 2490 4943 2472 4943 2475 4944 2474 4944 2486 4944 2475 4945 2486 4945 2485 4945 2472 4946 2490 4946 2473 4946 2490 4947 2489 4947 2473 4947 2474 4948 2473 4948 2487 4948 2474 4949 2487 4949 2486 4949 2473 4950 2489 4950 2488 4950 2473 4951 2488 4951 2487 4951 2498 4952 2499 4952 2500 4952 2498 4953 2500 4953 2501 4953 2498 4954 2501 4954 2502 4954 2498 4955 2502 4955 2503 4955 2498 4956 2503 4956 2504 4956 2498 4957 2504 4957 2505 4957 2498 4958 2505 4958 2506 4958 2498 4959 2506 4959 2507 4959 2498 4960 2507 4960 2508 4960 2498 4961 2508 4961 2509 4961 2498 4962 2509 4962 2510 4962 2498 4963 2510 4963 2511 4963 2498 4964 2511 4964 2512 4964 2498 4965 2512 4965 2513 4965 2498 4966 2513 4966 2514 4966 2498 4967 2514 4967 2515 4967 2498 4968 2515 4968 2516 4968 2498 4969 2516 4969 2517 4969 2498 4970 2517 4970 2518 4970 2498 4971 2518 4971 2519 4971 2498 4972 2519 4972 2520 4972 2498 4973 2520 4973 2521 4973 2498 4974 2521 4974 2522 4974 2498 4975 2522 4975 2523 4975 2498 4976 2523 4976 2524 4976 2498 4977 2524 4977 2525 4977 2498 4978 2525 4978 2526 4978 2498 4979 2526 4979 2527 4979 2498 4980 2527 4980 2528 4980 2498 4981 2528 4981 2529 4981 2498 4982 2529 4982 2530 4982 2498 4983 2530 4983 2531 4983 2498 4984 2531 4984 2532 4984 2498 4985 2532 4985 2533 4985 2498 4986 2533 4986 2534 4986 2498 4987 2534 4987 2535 4987 2498 4988 2535 4988 2536 4988 2498 4989 2536 4989 2537 4989 2498 4990 2537 4990 2538 4990 2498 4991 2538 4991 2539 4991 2498 4992 2539 4992 2540 4992 2498 4993 2540 4993 2541 4993 2498 4994 2541 4994 2542 4994 2498 4995 2542 4995 2543 4995 2498 4996 2543 4996 2544 4996 2498 4997 2544 4997 2499 4997 2499 4998 2544 4998 2545 4998 2499 4999 2545 4999 2546 4999 2499 5000 2546 5000 2547 5000 2499 5001 2547 5001 2548 5001 2499 5002 2548 5002 2549 5002 2499 5003 2549 5003 2500 5003 2500 5004 2549 5004 2501 5004 2544 5005 2543 5005 2545 5005 2545 5006 2543 5006 2550 5006 2545 5007 2550 5007 2551 5007 2545 5008 2551 5008 2552 5008 2545 5009 2552 5009 2546 5009 2546 5010 2552 5010 2553 5010 2546 5011 2553 5011 2554 5011 2546 5012 2554 5012 2547 5012 2547 5013 2555 5013 2548 5013 2547 5014 2554 5014 2556 5014 2547 5015 2556 5015 2555 5015 2548 5016 2555 5016 2557 5016 2548 5017 2557 5017 2558 5017 2548 5018 2558 5018 2549 5018 2549 5019 2558 5019 2559 5019 2549 5020 2559 5020 2502 5020 2549 5021 2502 5021 2501 5021 2543 5022 2542 5022 2551 5022 2543 5023 2551 5023 2550 5023 2551 5024 2542 5024 2541 5024 2551 5025 2541 5025 2560 5025 2551 5026 2560 5026 2561 5026 2551 5027 2561 5027 2562 5027 2551 5028 2562 5028 2553 5028 2551 5029 2553 5029 2552 5029 2553 5030 2562 5030 2563 5030 2553 5031 2563 5031 2564 5031 2553 5032 2564 5032 2554 5032 2554 5033 2564 5033 2556 5033 2555 5034 2565 5034 2566 5034 2555 5035 2566 5035 2557 5035 2555 5036 2556 5036 2564 5036 2555 5037 2564 5037 2567 5037 2555 5038 2567 5038 2568 5038 2555 5039 2568 5039 2569 5039 2555 5040 2569 5040 2570 5040 2555 5041 2570 5041 2571 5041 2555 5042 2571 5042 2572 5042 2555 5043 2572 5043 2573 5043 2555 5044 2573 5044 2565 5044 2557 5045 2566 5045 2574 5045 2557 5046 2574 5046 2558 5046 2558 5047 2574 5047 2575 5047 2558 5048 2575 5048 2559 5048 2559 5049 2575 5049 2576 5049 2559 5050 2576 5050 2504 5050 2559 5051 2504 5051 2503 5051 2559 5052 2503 5052 2502 5052 2541 5053 2561 5053 2560 5053 2541 5054 2540 5054 2561 5054 2561 5055 2540 5055 2539 5055 2561 5056 2539 5056 2538 5056 2561 5057 2538 5057 2577 5057 2561 5058 2577 5058 2578 5058 2561 5059 2578 5059 2579 5059 2561 5060 2579 5060 2562 5060 2562 5061 2579 5061 2563 5061 2563 5062 2579 5062 2580 5062 2563 5063 2580 5063 2581 5063 2563 5064 2581 5064 2564 5064 2564 5065 2581 5065 2567 5065 2565 5066 2573 5066 2566 5066 2566 5067 2573 5067 2582 5067 2566 5068 2582 5068 2583 5068 2566 5069 2583 5069 2584 5069 2566 5070 2584 5070 2585 5070 2566 5071 2585 5071 2574 5071 2574 5072 2585 5072 2575 5072 2575 5073 2585 5073 2586 5073 2575 5074 2586 5074 2576 5074 2576 5075 2505 5075 2504 5075 2576 5076 2586 5076 2505 5076 2538 5077 2537 5077 2578 5077 2538 5078 2578 5078 2577 5078 2578 5079 2537 5079 2587 5079 2578 5080 2587 5080 2580 5080 2578 5081 2580 5081 2579 5081 2580 5082 2587 5082 2588 5082 2580 5083 2588 5083 2581 5083 2581 5084 2588 5084 2567 5084 2567 5085 2588 5085 2589 5085 2567 5086 2589 5086 2568 5086 2573 5087 2572 5087 2582 5087 2582 5088 2590 5088 2591 5088 2582 5089 2591 5089 2592 5089 2582 5090 2592 5090 2583 5090 2582 5091 2572 5091 2593 5091 2582 5092 2593 5092 2590 5092 2583 5093 2592 5093 2584 5093 2584 5094 2592 5094 2585 5094 2585 5095 2592 5095 2594 5095 2585 5096 2594 5096 2595 5096 2585 5097 2595 5097 2596 5097 2585 5098 2596 5098 2586 5098 2586 5099 2596 5099 2508 5099 2586 5100 2508 5100 2507 5100 2586 5101 2507 5101 2506 5101 2586 5102 2506 5102 2505 5102 2537 5103 2536 5103 2587 5103 2587 5104 2536 5104 2535 5104 2587 5105 2535 5105 2597 5105 2587 5106 2597 5106 2598 5106 2587 5107 2598 5107 2588 5107 2588 5108 2598 5108 2589 5108 2589 5109 2598 5109 2599 5109 2589 5110 2599 5110 2600 5110 2589 5111 2600 5111 2568 5111 2568 5112 2600 5112 2569 5112 2572 5113 2571 5113 2593 5113 2590 5114 2593 5114 2601 5114 2590 5115 2601 5115 2602 5115 2590 5116 2602 5116 2591 5116 2591 5117 2603 5117 2592 5117 2591 5118 2602 5118 2603 5118 2592 5119 2603 5119 2604 5119 2592 5120 2604 5120 2594 5120 2593 5121 2605 5121 2606 5121 2593 5122 2606 5122 2601 5122 2593 5123 2571 5123 2570 5123 2593 5124 2570 5124 2607 5124 2593 5125 2607 5125 2605 5125 2594 5126 2604 5126 2511 5126 2594 5127 2511 5127 2510 5127 2594 5128 2510 5128 2509 5128 2594 5129 2509 5129 2595 5129 2595 5130 2509 5130 2596 5130 2596 5131 2509 5131 2508 5131 2535 5132 2534 5132 2597 5132 2597 5133 2534 5133 2533 5133 2597 5134 2533 5134 2608 5134 2597 5135 2608 5135 2609 5135 2597 5136 2609 5136 2598 5136 2598 5137 2609 5137 2599 5137 2599 5138 2609 5138 2610 5138 2599 5139 2610 5139 2600 5139 2600 5140 2610 5140 2611 5140 2600 5141 2611 5141 2612 5141 2600 5142 2612 5142 2613 5142 2600 5143 2613 5143 2614 5143 2600 5144 2614 5144 2569 5144 2569 5145 2614 5145 2570 5145 2601 5146 2606 5146 2615 5146 2601 5147 2615 5147 2602 5147 2602 5148 2615 5148 2616 5148 2602 5149 2616 5149 2603 5149 2603 5150 2512 5150 2604 5150 2603 5151 2616 5151 2512 5151 2604 5152 2512 5152 2511 5152 2605 5153 2607 5153 2617 5153 2605 5154 2617 5154 2606 5154 2606 5155 2618 5155 2619 5155 2606 5156 2619 5156 2615 5156 2606 5157 2617 5157 2618 5157 2570 5158 2614 5158 2607 5158 2607 5159 2614 5159 2620 5159 2607 5160 2620 5160 2621 5160 2607 5161 2621 5161 2617 5161 2533 5162 2532 5162 2608 5162 2608 5163 2531 5163 2622 5163 2608 5164 2622 5164 2623 5164 2608 5165 2623 5165 2609 5165 2608 5166 2532 5166 2531 5166 2609 5167 2623 5167 2610 5167 2610 5168 2623 5168 2611 5168 2611 5169 2623 5169 2624 5169 2611 5170 2624 5170 2625 5170 2611 5171 2625 5171 2626 5171 2611 5172 2626 5172 2627 5172 2611 5173 2627 5173 2628 5173 2611 5174 2628 5174 2612 5174 2612 5175 2628 5175 2613 5175 2613 5176 2628 5176 2614 5176 2614 5177 2628 5177 2629 5177 2614 5178 2629 5178 2620 5178 2615 5179 2630 5179 2516 5179 2615 5180 2516 5180 2515 5180 2615 5181 2515 5181 2514 5181 2615 5182 2514 5182 2616 5182 2615 5183 2619 5183 2630 5183 2616 5184 2514 5184 2513 5184 2616 5185 2513 5185 2512 5185 2617 5186 2621 5186 2631 5186 2617 5187 2631 5187 2632 5187 2617 5188 2632 5188 2618 5188 2618 5189 2632 5189 2518 5189 2618 5190 2518 5190 2517 5190 2618 5191 2517 5191 2619 5191 2619 5192 2517 5192 2630 5192 2620 5193 2633 5193 2621 5193 2620 5194 2629 5194 2633 5194 2621 5195 2633 5195 2631 5195 2531 5196 2530 5196 2622 5196 2622 5197 2530 5197 2624 5197 2622 5198 2624 5198 2623 5198 2624 5199 2529 5199 2528 5199 2624 5200 2528 5200 2527 5200 2624 5201 2527 5201 2625 5201 2624 5202 2530 5202 2529 5202 2625 5203 2527 5203 2526 5203 2625 5204 2526 5204 2626 5204 2626 5205 2526 5205 2627 5205 2627 5206 2526 5206 2525 5206 2627 5207 2525 5207 2634 5207 2627 5208 2634 5208 2628 5208 2628 5209 2634 5209 2635 5209 2628 5210 2635 5210 2629 5210 2629 5211 2635 5211 2633 5211 2630 5212 2517 5212 2516 5212 2631 5213 2520 5213 2519 5213 2631 5214 2519 5214 2636 5214 2631 5215 2636 5215 2632 5215 2631 5216 2633 5216 2637 5216 2631 5217 2637 5217 2521 5217 2631 5218 2521 5218 2520 5218 2632 5219 2636 5219 2518 5219 2518 5220 2636 5220 2519 5220 2633 5221 2635 5221 2637 5221 2525 5222 2524 5222 2634 5222 2634 5223 2524 5223 2523 5223 2634 5224 2523 5224 2635 5224 2635 5225 2523 5225 2637 5225 2637 5226 2523 5226 2522 5226 2637 5227 2522 5227 2521 5227 2638 5228 2639 5228 2640 5228 2638 5229 2640 5229 2641 5229 2638 5230 2641 5230 2642 5230 2638 5231 2642 5231 2643 5231 2638 5232 2643 5232 2644 5232 2638 5233 2644 5233 2645 5233 2638 5234 2645 5234 2646 5234 2638 5235 2646 5235 2647 5235 2638 5236 2647 5236 2648 5236 2638 5237 2648 5237 2649 5237 2638 5238 2649 5238 2650 5238 2638 5239 2650 5239 2651 5239 2638 5240 2651 5240 2652 5240 2638 5241 2652 5241 2653 5241 2638 5242 2653 5242 2654 5242 2638 5243 2654 5243 2655 5243 2638 5244 2655 5244 2656 5244 2638 5245 2656 5245 2657 5245 2638 5246 2657 5246 2658 5246 2638 5247 2658 5247 2639 5247 2639 5248 2658 5248 2659 5248 2639 5249 2659 5249 2660 5249 2639 5250 2660 5250 2640 5250 2643 5251 2642 5251 2644 5251 2649 5252 2648 5252 2661 5252 2649 5253 2661 5253 2650 5253 2640 5254 2660 5254 2662 5254 2640 5255 2662 5255 2663 5255 2640 5256 2663 5256 2664 5256 2640 5257 2664 5257 2665 5257 2640 5258 2665 5258 2666 5258 2640 5259 2666 5259 2667 5259 2640 5260 2667 5260 2668 5260 2640 5261 2668 5261 2669 5261 2640 5262 2669 5262 2670 5262 2640 5263 2670 5263 2671 5263 2640 5264 2671 5264 2672 5264 2640 5265 2672 5265 2673 5265 2640 5266 2673 5266 2674 5266 2640 5267 2674 5267 2645 5267 2640 5268 2645 5268 2644 5268 2640 5269 2644 5269 2675 5269 2640 5270 2675 5270 2641 5270 2658 5271 2657 5271 2676 5271 2658 5272 2676 5272 2659 5272 2642 5273 2641 5273 2675 5273 2642 5274 2675 5274 2644 5274 2648 5275 2677 5275 2678 5275 2648 5276 2678 5276 2661 5276 2648 5277 2647 5277 2679 5277 2648 5278 2679 5278 2677 5278 2650 5279 2661 5279 2651 5279 2660 5280 2659 5280 2680 5280 2660 5281 2680 5281 2662 5281 2657 5282 2656 5282 2681 5282 2657 5283 2681 5283 2676 5283 2676 5284 2682 5284 2659 5284 2676 5285 2681 5285 2682 5285 2659 5286 2682 5286 2683 5286 2659 5287 2683 5287 2680 5287 2645 5288 2674 5288 2646 5288 2677 5289 2684 5289 2685 5289 2677 5290 2685 5290 2686 5290 2677 5291 2686 5291 2678 5291 2677 5292 2679 5292 2684 5292 2661 5293 2678 5293 2687 5293 2661 5294 2687 5294 2651 5294 2647 5295 2646 5295 2679 5295 2679 5296 2646 5296 2674 5296 2679 5297 2674 5297 2688 5297 2679 5298 2688 5298 2689 5298 2679 5299 2689 5299 2684 5299 2651 5300 2687 5300 2652 5300 2680 5301 2683 5301 2690 5301 2680 5302 2690 5302 2663 5302 2680 5303 2663 5303 2662 5303 2656 5304 2655 5304 2681 5304 2682 5305 2691 5305 2683 5305 2682 5306 2681 5306 2692 5306 2682 5307 2692 5307 2691 5307 2681 5308 2655 5308 2693 5308 2681 5309 2693 5309 2692 5309 2683 5310 2691 5310 2690 5310 2674 5311 2673 5311 2694 5311 2674 5312 2694 5312 2688 5312 2684 5313 2695 5313 2685 5313 2684 5314 2689 5314 2696 5314 2684 5315 2696 5315 2695 5315 2685 5316 2695 5316 2697 5316 2685 5317 2697 5317 2698 5317 2685 5318 2698 5318 2686 5318 2686 5319 2698 5319 2699 5319 2686 5320 2699 5320 2678 5320 2678 5321 2699 5321 2687 5321 2687 5322 2699 5322 2700 5322 2687 5323 2700 5323 2653 5323 2687 5324 2653 5324 2652 5324 2688 5325 2694 5325 2673 5325 2688 5326 2673 5326 2689 5326 2689 5327 2673 5327 2701 5327 2689 5328 2701 5328 2696 5328 2690 5329 2691 5329 2702 5329 2690 5330 2702 5330 2703 5330 2690 5331 2703 5331 2704 5331 2690 5332 2704 5332 2705 5332 2690 5333 2705 5333 2663 5333 2663 5334 2705 5334 2664 5334 2655 5335 2654 5335 2706 5335 2655 5336 2706 5336 2693 5336 2691 5337 2692 5337 2707 5337 2691 5338 2707 5338 2702 5338 2692 5339 2693 5339 2708 5339 2692 5340 2708 5340 2707 5340 2693 5341 2706 5341 2709 5341 2693 5342 2709 5342 2708 5342 2673 5343 2672 5343 2701 5343 2695 5344 2696 5344 2710 5344 2695 5345 2710 5345 2711 5345 2695 5346 2711 5346 2697 5346 2696 5347 2712 5347 2710 5347 2696 5348 2701 5348 2713 5348 2696 5349 2713 5349 2712 5349 2697 5350 2714 5350 2715 5350 2697 5351 2715 5351 2709 5351 2697 5352 2709 5352 2698 5352 2697 5353 2711 5353 2716 5353 2697 5354 2716 5354 2714 5354 2698 5355 2709 5355 2699 5355 2699 5356 2709 5356 2700 5356 2700 5357 2706 5357 2654 5357 2700 5358 2654 5358 2653 5358 2700 5359 2709 5359 2706 5359 2701 5360 2672 5360 2713 5360 2702 5361 2707 5361 2717 5361 2702 5362 2717 5362 2703 5362 2703 5363 2718 5363 2704 5363 2703 5364 2717 5364 2719 5364 2703 5365 2719 5365 2718 5365 2704 5366 2718 5366 2720 5366 2704 5367 2720 5367 2721 5367 2704 5368 2721 5368 2664 5368 2704 5369 2664 5369 2705 5369 2664 5370 2721 5370 2665 5370 2707 5371 2708 5371 2717 5371 2708 5372 2709 5372 2715 5372 2708 5373 2715 5373 2722 5373 2708 5374 2722 5374 2717 5374 2672 5375 2671 5375 2713 5375 2710 5376 2718 5376 2719 5376 2710 5377 2719 5377 2711 5377 2710 5378 2712 5378 2720 5378 2710 5379 2720 5379 2718 5379 2711 5380 2719 5380 2723 5380 2711 5381 2723 5381 2716 5381 2712 5382 2713 5382 2724 5382 2712 5383 2724 5383 2725 5383 2712 5384 2725 5384 2720 5384 2713 5385 2671 5385 2724 5385 2714 5386 2726 5386 2722 5386 2714 5387 2722 5387 2715 5387 2714 5388 2716 5388 2723 5388 2714 5389 2723 5389 2726 5389 2717 5390 2726 5390 2723 5390 2717 5391 2723 5391 2719 5391 2717 5392 2722 5392 2726 5392 2720 5393 2725 5393 2721 5393 2721 5394 2666 5394 2665 5394 2721 5395 2725 5395 2666 5395 2671 5396 2670 5396 2724 5396 2724 5397 2670 5397 2669 5397 2724 5398 2669 5398 2668 5398 2724 5399 2668 5399 2725 5399 2725 5400 2668 5400 2667 5400 2725 5401 2667 5401 2666 5401 2727 5402 2728 5402 2729 5402 2727 5403 2729 5403 2730 5403 2727 5404 2730 5404 2731 5404 2727 5405 2731 5405 2732 5405 2727 5406 2732 5406 2733 5406 2727 5407 2733 5407 2734 5407 2727 5408 2734 5408 2735 5408 2727 5409 2735 5409 2736 5409 2727 5410 2736 5410 2737 5410 2727 5411 2737 5411 2738 5411 2727 5412 2738 5412 2739 5412 2727 5413 2739 5413 2740 5413 2727 5414 2740 5414 2741 5414 2727 5415 2741 5415 2742 5415 2727 5416 2742 5416 2743 5416 2727 5417 2743 5417 2728 5417 2728 5418 2744 5418 2729 5418 2728 5419 2743 5419 2745 5419 2728 5420 2745 5420 2744 5420 2740 5421 2739 5421 2741 5421 2741 5422 2739 5422 2746 5422 2741 5423 2746 5423 2747 5423 2741 5424 2747 5424 2742 5424 2742 5425 2747 5425 2748 5425 2742 5426 2748 5426 2749 5426 2742 5427 2749 5427 2750 5427 2742 5428 2750 5428 2751 5428 2742 5429 2751 5429 2743 5429 2744 5430 2752 5430 2730 5430 2744 5431 2730 5431 2729 5431 2744 5432 2745 5432 2753 5432 2744 5433 2753 5433 2752 5433 2743 5434 2751 5434 2745 5434 2745 5435 2751 5435 2754 5435 2745 5436 2754 5436 2755 5436 2745 5437 2755 5437 2753 5437 2739 5438 2738 5438 2756 5438 2739 5439 2756 5439 2757 5439 2739 5440 2757 5440 2747 5440 2739 5441 2747 5441 2746 5441 2747 5442 2757 5442 2748 5442 2748 5443 2757 5443 2758 5443 2748 5444 2758 5444 2759 5444 2748 5445 2759 5445 2749 5445 2749 5446 2760 5446 2761 5446 2749 5447 2761 5447 2750 5447 2749 5448 2759 5448 2762 5448 2749 5449 2762 5449 2763 5449 2749 5450 2763 5450 2760 5450 2750 5451 2761 5451 2764 5451 2750 5452 2764 5452 2751 5452 2752 5453 2765 5453 2731 5453 2752 5454 2731 5454 2730 5454 2752 5455 2753 5455 2766 5455 2752 5456 2766 5456 2765 5456 2753 5457 2755 5457 2766 5457 2751 5458 2764 5458 2754 5458 2754 5459 2764 5459 2767 5459 2754 5460 2767 5460 2768 5460 2754 5461 2768 5461 2769 5461 2754 5462 2769 5462 2770 5462 2754 5463 2770 5463 2755 5463 2755 5464 2770 5464 2771 5464 2755 5465 2771 5465 2766 5465 2738 5466 2737 5466 2756 5466 2756 5467 2737 5467 2772 5467 2756 5468 2772 5468 2773 5468 2756 5469 2773 5469 2774 5469 2756 5470 2774 5470 2775 5470 2756 5471 2775 5471 2757 5471 2757 5472 2775 5472 2758 5472 2758 5473 2775 5473 2776 5473 2758 5474 2776 5474 2759 5474 2759 5475 2776 5475 2762 5475 2760 5476 2767 5476 2764 5476 2760 5477 2764 5477 2761 5477 2760 5478 2763 5478 2768 5478 2760 5479 2768 5479 2767 5479 2762 5480 2777 5480 2763 5480 2762 5481 2776 5481 2778 5481 2762 5482 2778 5482 2779 5482 2762 5483 2779 5483 2777 5483 2763 5484 2777 5484 2780 5484 2763 5485 2780 5485 2768 5485 2765 5486 2781 5486 2782 5486 2765 5487 2782 5487 2783 5487 2765 5488 2783 5488 2732 5488 2765 5489 2732 5489 2731 5489 2765 5490 2766 5490 2784 5490 2765 5491 2784 5491 2781 5491 2766 5492 2771 5492 2784 5492 2768 5493 2780 5493 2769 5493 2769 5494 2780 5494 2785 5494 2769 5495 2785 5495 2786 5495 2769 5496 2786 5496 2787 5496 2769 5497 2787 5497 2770 5497 2770 5498 2787 5498 2771 5498 2771 5499 2787 5499 2784 5499 2737 5500 2736 5500 2788 5500 2737 5501 2788 5501 2789 5501 2737 5502 2789 5502 2790 5502 2737 5503 2790 5503 2791 5503 2737 5504 2791 5504 2772 5504 2772 5505 2791 5505 2792 5505 2772 5506 2792 5506 2773 5506 2773 5507 2792 5507 2775 5507 2773 5508 2775 5508 2774 5508 2775 5509 2792 5509 2793 5509 2775 5510 2793 5510 2776 5510 2776 5511 2793 5511 2794 5511 2776 5512 2794 5512 2795 5512 2776 5513 2795 5513 2796 5513 2776 5514 2796 5514 2778 5514 2777 5515 2779 5515 2797 5515 2777 5516 2797 5516 2798 5516 2777 5517 2798 5517 2780 5517 2778 5518 2796 5518 2799 5518 2778 5519 2799 5519 2779 5519 2779 5520 2799 5520 2800 5520 2779 5521 2800 5521 2801 5521 2779 5522 2801 5522 2802 5522 2779 5523 2802 5523 2797 5523 2781 5524 2784 5524 2782 5524 2782 5525 2784 5525 2803 5525 2782 5526 2803 5526 2783 5526 2783 5527 2803 5527 2804 5527 2783 5528 2804 5528 2805 5528 2783 5529 2805 5529 2806 5529 2783 5530 2806 5530 2807 5530 2783 5531 2807 5531 2808 5531 2783 5532 2808 5532 2809 5532 2783 5533 2809 5533 2810 5533 2783 5534 2810 5534 2733 5534 2783 5535 2733 5535 2732 5535 2784 5536 2787 5536 2811 5536 2784 5537 2811 5537 2803 5537 2780 5538 2798 5538 2785 5538 2785 5539 2798 5539 2812 5539 2785 5540 2812 5540 2813 5540 2785 5541 2813 5541 2814 5541 2785 5542 2814 5542 2815 5542 2785 5543 2815 5543 2786 5543 2786 5544 2815 5544 2816 5544 2786 5545 2816 5545 2787 5545 2787 5546 2816 5546 2817 5546 2787 5547 2817 5547 2818 5547 2787 5548 2818 5548 2811 5548 2736 5549 2735 5549 2819 5549 2736 5550 2819 5550 2820 5550 2736 5551 2820 5551 2821 5551 2736 5552 2821 5552 2822 5552 2736 5553 2822 5553 2823 5553 2736 5554 2823 5554 2824 5554 2736 5555 2824 5555 2825 5555 2736 5556 2825 5556 2826 5556 2736 5557 2826 5557 2827 5557 2736 5558 2827 5558 2828 5558 2736 5559 2828 5559 2829 5559 2736 5560 2829 5560 2830 5560 2736 5561 2830 5561 2831 5561 2736 5562 2831 5562 2832 5562 2736 5563 2832 5563 2833 5563 2736 5564 2833 5564 2834 5564 2736 5565 2834 5565 2788 5565 2791 5566 2790 5566 2792 5566 2792 5567 2790 5567 2793 5567 2793 5568 2790 5568 2794 5568 2794 5569 2835 5569 2795 5569 2794 5570 2790 5570 2835 5570 2795 5571 2835 5571 2836 5571 2795 5572 2836 5572 2837 5572 2795 5573 2837 5573 2838 5573 2795 5574 2838 5574 2796 5574 2796 5575 2838 5575 2839 5575 2796 5576 2839 5576 2799 5576 2797 5577 2802 5577 2812 5577 2797 5578 2812 5578 2798 5578 2799 5579 2839 5579 2800 5579 2800 5580 2839 5580 2840 5580 2800 5581 2840 5581 2841 5581 2800 5582 2841 5582 2842 5582 2800 5583 2842 5583 2801 5583 2801 5584 2843 5584 2812 5584 2801 5585 2812 5585 2802 5585 2801 5586 2842 5586 2844 5586 2801 5587 2844 5587 2843 5587 2803 5588 2806 5588 2805 5588 2803 5589 2805 5589 2804 5589 2803 5590 2811 5590 2806 5590 2811 5591 2818 5591 2807 5591 2811 5592 2807 5592 2806 5592 2733 5593 2810 5593 2845 5593 2733 5594 2845 5594 2846 5594 2733 5595 2846 5595 2819 5595 2733 5596 2819 5596 2734 5596 2812 5597 2843 5597 2813 5597 2813 5598 2843 5598 2844 5598 2813 5599 2844 5599 2814 5599 2814 5600 2844 5600 2847 5600 2814 5601 2847 5601 2848 5601 2814 5602 2848 5602 2849 5602 2814 5603 2849 5603 2815 5603 2815 5604 2849 5604 2816 5604 2816 5605 2849 5605 2850 5605 2816 5606 2850 5606 2817 5606 2817 5607 2850 5607 2851 5607 2817 5608 2851 5608 2852 5608 2817 5609 2852 5609 2853 5609 2817 5610 2853 5610 2854 5610 2817 5611 2854 5611 2808 5611 2817 5612 2808 5612 2807 5612 2817 5613 2807 5613 2818 5613 2735 5614 2734 5614 2819 5614 2788 5615 2834 5615 2855 5615 2788 5616 2855 5616 2856 5616 2788 5617 2856 5617 2789 5617 2790 5618 2789 5618 2856 5618 2790 5619 2856 5619 2835 5619 2835 5620 2856 5620 2857 5620 2835 5621 2857 5621 2858 5621 2835 5622 2858 5622 2836 5622 2836 5623 2858 5623 2859 5623 2836 5624 2859 5624 2860 5624 2836 5625 2860 5625 2837 5625 2837 5626 2860 5626 2861 5626 2837 5627 2861 5627 2838 5627 2838 5628 2840 5628 2839 5628 2838 5629 2861 5629 2840 5629 2840 5630 2861 5630 2862 5630 2840 5631 2862 5631 2841 5631 2841 5632 2862 5632 2863 5632 2841 5633 2863 5633 2847 5633 2841 5634 2847 5634 2844 5634 2841 5635 2844 5635 2842 5635 2810 5636 2809 5636 2864 5636 2810 5637 2864 5637 2845 5637 2845 5638 2864 5638 2865 5638 2845 5639 2865 5639 2846 5639 2846 5640 2865 5640 2819 5640 2819 5641 2865 5641 2820 5641 2847 5642 2863 5642 2848 5642 2848 5643 2850 5643 2849 5643 2848 5644 2863 5644 2866 5644 2848 5645 2866 5645 2850 5645 2850 5646 2866 5646 2851 5646 2851 5647 2866 5647 2867 5647 2851 5648 2867 5648 2852 5648 2852 5649 2867 5649 2868 5649 2852 5650 2868 5650 2869 5650 2852 5651 2869 5651 2853 5651 2854 5652 2853 5652 2870 5652 2854 5653 2870 5653 2808 5653 2834 5654 2833 5654 2871 5654 2834 5655 2871 5655 2855 5655 2855 5656 2871 5656 2857 5656 2855 5657 2857 5657 2856 5657 2858 5658 2857 5658 2872 5658 2858 5659 2872 5659 2859 5659 2859 5660 2873 5660 2860 5660 2859 5661 2872 5661 2874 5661 2859 5662 2874 5662 2873 5662 2860 5663 2875 5663 2861 5663 2860 5664 2873 5664 2875 5664 2861 5665 2875 5665 2862 5665 2862 5666 2875 5666 2876 5666 2862 5667 2876 5667 2863 5667 2808 5668 2870 5668 2877 5668 2808 5669 2877 5669 2809 5669 2809 5670 2877 5670 2864 5670 2864 5671 2877 5671 2865 5671 2865 5672 2878 5672 2822 5672 2865 5673 2822 5673 2821 5673 2865 5674 2821 5674 2820 5674 2865 5675 2877 5675 2879 5675 2865 5676 2879 5676 2880 5676 2865 5677 2880 5677 2878 5677 2863 5678 2876 5678 2866 5678 2866 5679 2876 5679 2867 5679 2867 5680 2876 5680 2881 5680 2867 5681 2881 5681 2868 5681 2868 5682 2881 5682 2882 5682 2868 5683 2882 5683 2869 5683 2853 5684 2869 5684 2883 5684 2853 5685 2883 5685 2884 5685 2853 5686 2884 5686 2885 5686 2853 5687 2885 5687 2886 5687 2853 5688 2886 5688 2870 5688 2870 5689 2886 5689 2887 5689 2870 5690 2887 5690 2877 5690 2833 5691 2832 5691 2888 5691 2833 5692 2888 5692 2889 5692 2833 5693 2889 5693 2871 5693 2871 5694 2889 5694 2857 5694 2857 5695 2889 5695 2888 5695 2857 5696 2888 5696 2890 5696 2857 5697 2890 5697 2872 5697 2873 5698 2881 5698 2876 5698 2873 5699 2876 5699 2875 5699 2873 5700 2874 5700 2882 5700 2873 5701 2882 5701 2881 5701 2872 5702 2890 5702 2874 5702 2877 5703 2887 5703 2879 5703 2878 5704 2891 5704 2822 5704 2878 5705 2880 5705 2891 5705 2822 5706 2891 5706 2892 5706 2822 5707 2892 5707 2893 5707 2822 5708 2893 5708 2823 5708 2879 5709 2887 5709 2880 5709 2880 5710 2887 5710 2886 5710 2880 5711 2886 5711 2885 5711 2880 5712 2885 5712 2894 5712 2880 5713 2894 5713 2895 5713 2880 5714 2895 5714 2891 5714 2869 5715 2882 5715 2883 5715 2883 5716 2882 5716 2896 5716 2883 5717 2896 5717 2897 5717 2883 5718 2897 5718 2898 5718 2883 5719 2898 5719 2884 5719 2884 5720 2898 5720 2899 5720 2884 5721 2899 5721 2885 5721 2885 5722 2899 5722 2894 5722 2832 5723 2831 5723 2888 5723 2888 5724 2900 5724 2890 5724 2888 5725 2831 5725 2901 5725 2888 5726 2901 5726 2900 5726 2890 5727 2900 5727 2902 5727 2890 5728 2902 5728 2903 5728 2890 5729 2903 5729 2874 5729 2874 5730 2903 5730 2896 5730 2874 5731 2896 5731 2882 5731 2891 5732 2893 5732 2892 5732 2891 5733 2895 5733 2899 5733 2891 5734 2899 5734 2904 5734 2891 5735 2904 5735 2893 5735 2823 5736 2893 5736 2905 5736 2823 5737 2905 5737 2824 5737 2893 5738 2904 5738 2898 5738 2893 5739 2898 5739 2905 5739 2894 5740 2899 5740 2895 5740 2896 5741 2903 5741 2902 5741 2896 5742 2902 5742 2897 5742 2897 5743 2902 5743 2906 5743 2897 5744 2906 5744 2907 5744 2897 5745 2907 5745 2898 5745 2898 5746 2907 5746 2905 5746 2898 5747 2904 5747 2899 5747 2831 5748 2830 5748 2900 5748 2831 5749 2900 5749 2901 5749 2900 5750 2906 5750 2902 5750 2900 5751 2830 5751 2908 5751 2900 5752 2908 5752 2906 5752 2824 5753 2905 5753 2825 5753 2905 5754 2907 5754 2825 5754 2907 5755 2906 5755 2827 5755 2907 5756 2827 5756 2826 5756 2907 5757 2826 5757 2825 5757 2830 5758 2829 5758 2908 5758 2906 5759 2908 5759 2829 5759 2906 5760 2829 5760 2828 5760 2906 5761 2828 5761 2827 5761 2909 5762 2910 5762 2911 5762 2909 5763 2911 5763 2912 5763 2909 5764 2912 5764 2913 5764 2909 5765 2913 5765 2914 5765 2909 5766 2914 5766 2915 5766 2909 5767 2915 5767 2916 5767 2909 5768 2916 5768 2917 5768 2909 5769 2917 5769 2918 5769 2909 5770 2918 5770 2919 5770 2909 5771 2919 5771 2920 5771 2909 5772 2920 5772 2921 5772 2909 5773 2921 5773 2922 5773 2909 5774 2922 5774 2923 5774 2909 5775 2923 5775 2924 5775 2909 5776 2924 5776 2925 5776 2909 5777 2925 5777 2926 5777 2909 5778 2926 5778 2910 5778 2910 5779 2927 5779 2917 5779 2910 5780 2917 5780 2916 5780 2910 5781 2916 5781 2915 5781 2910 5782 2915 5782 2914 5782 2910 5783 2914 5783 2913 5783 2910 5784 2913 5784 2912 5784 2910 5785 2912 5785 2911 5785 2910 5786 2926 5786 2925 5786 2910 5787 2925 5787 2928 5787 2910 5788 2928 5788 2929 5788 2910 5789 2929 5789 2930 5789 2910 5790 2930 5790 2931 5790 2910 5791 2931 5791 2932 5791 2910 5792 2932 5792 2933 5792 2910 5793 2933 5793 2934 5793 2910 5794 2934 5794 2935 5794 2910 5795 2935 5795 2936 5795 2910 5796 2936 5796 2937 5796 2910 5797 2937 5797 2938 5797 2910 5798 2938 5798 2939 5798 2910 5799 2939 5799 2927 5799 2918 5800 2917 5800 2940 5800 2918 5801 2940 5801 2919 5801 2927 5802 2939 5802 2917 5802 2917 5803 2939 5803 2938 5803 2917 5804 2938 5804 2937 5804 2917 5805 2937 5805 2936 5805 2917 5806 2936 5806 2935 5806 2917 5807 2935 5807 2934 5807 2917 5808 2934 5808 2921 5808 2917 5809 2921 5809 2920 5809 2917 5810 2920 5810 2940 5810 2928 5811 2925 5811 2924 5811 2928 5812 2924 5812 2923 5812 2928 5813 2923 5813 2929 5813 2919 5814 2940 5814 2920 5814 2934 5815 2933 5815 2921 5815 2921 5816 2933 5816 2922 5816 2923 5817 2922 5817 2929 5817 2929 5818 2922 5818 2930 5818 2933 5819 2932 5819 2922 5819 2922 5820 2932 5820 2931 5820 2922 5821 2931 5821 2930 5821 2941 5822 2942 5822 2943 5822 2941 5823 2943 5823 2944 5823 2941 5824 2944 5824 2945 5824 2941 5825 2945 5825 2946 5825 2941 5826 2946 5826 2947 5826 2941 5827 2947 5827 2948 5827 2941 5828 2948 5828 2949 5828 2941 5829 2949 5829 2950 5829 2941 5830 2950 5830 2951 5830 2941 5831 2951 5831 2952 5831 2941 5832 2952 5832 2953 5832 2941 5833 2953 5833 2954 5833 2941 5834 2954 5834 2955 5834 2941 5835 2955 5835 2956 5835 2941 5836 2956 5836 2957 5836 2941 5837 2957 5837 2958 5837 2941 5838 2958 5838 2959 5838 2941 5839 2959 5839 2960 5839 2941 5840 2960 5840 2942 5840 2942 5841 2960 5841 2961 5841 2942 5842 2961 5842 2962 5842 2942 5843 2962 5843 2943 5843 2943 5844 2963 5844 2944 5844 2943 5845 2962 5845 2963 5845 2944 5846 2963 5846 2964 5846 2944 5847 2964 5847 2965 5847 2944 5848 2965 5848 2945 5848 2952 5849 2951 5849 2966 5849 2952 5850 2966 5850 2967 5850 2952 5851 2967 5851 2953 5851 2960 5852 2959 5852 2968 5852 2960 5853 2968 5853 2962 5853 2960 5854 2962 5854 2961 5854 2962 5855 2968 5855 2969 5855 2962 5856 2969 5856 2970 5856 2962 5857 2970 5857 2963 5857 2963 5858 2971 5858 2972 5858 2963 5859 2972 5859 2964 5859 2963 5860 2970 5860 2971 5860 2964 5861 2973 5861 2974 5861 2964 5862 2974 5862 2965 5862 2964 5863 2972 5863 2973 5863 2965 5864 2974 5864 2975 5864 2965 5865 2975 5865 2945 5865 2945 5866 2975 5866 2946 5866 2951 5867 2976 5867 2977 5867 2951 5868 2977 5868 2966 5868 2951 5869 2950 5869 2978 5869 2951 5870 2978 5870 2976 5870 2966 5871 2953 5871 2967 5871 2966 5872 2977 5872 2979 5872 2966 5873 2979 5873 2980 5873 2966 5874 2980 5874 2981 5874 2966 5875 2981 5875 2953 5875 2953 5876 2981 5876 2954 5876 2959 5877 2958 5877 2982 5877 2959 5878 2982 5878 2983 5878 2959 5879 2983 5879 2984 5879 2959 5880 2984 5880 2985 5880 2959 5881 2985 5881 2986 5881 2959 5882 2986 5882 2987 5882 2959 5883 2987 5883 2988 5883 2959 5884 2988 5884 2989 5884 2959 5885 2989 5885 2990 5885 2959 5886 2990 5886 2991 5886 2959 5887 2991 5887 2992 5887 2959 5888 2992 5888 2993 5888 2959 5889 2993 5889 2994 5889 2959 5890 2994 5890 2995 5890 2959 5891 2995 5891 2969 5891 2959 5892 2969 5892 2968 5892 2970 5893 2969 5893 2996 5893 2970 5894 2996 5894 2971 5894 2971 5895 2996 5895 2997 5895 2971 5896 2997 5896 2972 5896 2972 5897 2997 5897 2998 5897 2972 5898 2998 5898 2973 5898 2973 5899 2998 5899 2999 5899 2973 5900 2999 5900 2974 5900 2974 5901 2999 5901 3000 5901 2974 5902 3000 5902 2975 5902 2975 5903 2947 5903 2946 5903 2975 5904 3000 5904 3001 5904 2975 5905 3001 5905 3002 5905 2975 5906 3002 5906 2948 5906 2975 5907 2948 5907 2947 5907 2976 5908 3003 5908 2977 5908 2976 5909 2978 5909 3004 5909 2976 5910 3004 5910 3005 5910 2976 5911 3005 5911 3003 5911 2977 5912 3003 5912 3006 5912 2977 5913 3006 5913 2979 5913 2950 5914 2949 5914 3002 5914 2950 5915 3002 5915 2978 5915 2978 5916 3002 5916 3004 5916 2979 5917 2988 5917 2987 5917 2979 5918 2987 5918 2955 5918 2979 5919 2955 5919 2954 5919 2979 5920 2954 5920 2981 5920 2979 5921 2981 5921 2980 5921 2979 5922 3006 5922 3007 5922 2979 5923 3007 5923 2988 5923 2958 5924 2957 5924 2982 5924 2969 5925 2995 5925 2996 5925 2996 5926 2995 5926 2994 5926 2996 5927 2994 5927 3008 5927 2996 5928 3008 5928 2997 5928 2997 5929 3008 5929 3009 5929 2997 5930 3009 5930 2998 5930 2998 5931 3009 5931 2999 5931 2999 5932 3009 5932 3010 5932 2999 5933 3010 5933 3011 5933 2999 5934 3011 5934 3012 5934 2999 5935 3012 5935 3000 5935 3000 5936 3012 5936 3013 5936 3000 5937 3013 5937 3001 5937 3002 5938 3001 5938 3004 5938 3002 5939 2949 5939 2948 5939 3003 5940 3005 5940 3014 5940 3003 5941 3014 5941 3015 5941 3003 5942 3015 5942 3006 5942 3004 5943 3001 5943 3016 5943 3004 5944 3016 5944 3005 5944 3005 5945 3016 5945 3014 5945 3006 5946 3015 5946 3017 5946 3006 5947 3017 5947 3007 5947 2988 5948 3007 5948 2989 5948 3007 5949 3017 5949 2989 5949 2955 5950 2987 5950 2986 5950 2955 5951 2986 5951 2985 5951 2955 5952 2985 5952 2984 5952 2955 5953 2984 5953 2956 5953 2957 5954 2956 5954 2982 5954 2982 5955 2956 5955 2983 5955 2994 5956 2993 5956 3008 5956 3008 5957 2993 5957 2992 5957 3008 5958 2992 5958 3018 5958 3008 5959 3018 5959 3009 5959 3009 5960 3018 5960 3019 5960 3009 5961 3019 5961 3020 5961 3009 5962 3020 5962 3021 5962 3009 5963 3021 5963 3010 5963 3010 5964 3021 5964 3022 5964 3010 5965 3022 5965 3011 5965 3011 5966 3022 5966 3013 5966 3011 5967 3013 5967 3012 5967 3001 5968 3013 5968 3016 5968 3014 5969 3016 5969 3020 5969 3014 5970 3020 5970 3015 5970 3015 5971 3020 5971 3019 5971 3015 5972 3019 5972 3017 5972 3016 5973 3013 5973 3022 5973 3016 5974 3022 5974 3021 5974 3016 5975 3021 5975 3020 5975 3017 5976 3019 5976 2990 5976 3017 5977 2990 5977 2989 5977 2984 5978 2983 5978 2956 5978 2992 5979 2991 5979 3019 5979 2992 5980 3019 5980 3018 5980 3019 5981 2991 5981 2990 5981 3023 5982 3024 5982 3025 5982 3023 5983 3025 5983 3026 5983 3023 5984 3026 5984 3027 5984 3023 5985 3027 5985 3028 5985 3023 5986 3028 5986 3029 5986 3023 5987 3029 5987 3030 5987 3023 5988 3030 5988 3031 5988 3023 5989 3031 5989 3032 5989 3023 5990 3032 5990 3033 5990 3023 5991 3033 5991 3034 5991 3023 5992 3034 5992 3035 5992 3023 5993 3035 5993 3036 5993 3023 5994 3036 5994 3037 5994 3023 5995 3037 5995 3024 5995 3024 5996 3037 5996 3038 5996 3024 5997 3038 5997 3032 5997 3024 5998 3032 5998 3031 5998 3024 5999 3031 5999 3039 5999 3024 6000 3039 6000 3040 6000 3024 6001 3040 6001 3041 6001 3024 6002 3041 6002 3042 6002 3024 6003 3042 6003 3043 6003 3024 6004 3043 6004 3044 6004 3024 6005 3044 6005 3045 6005 3024 6006 3045 6006 3046 6006 3024 6007 3046 6007 3047 6007 3024 6008 3047 6008 3048 6008 3024 6009 3048 6009 3049 6009 3024 6010 3049 6010 3027 6010 3024 6011 3027 6011 3026 6011 3024 6012 3026 6012 3025 6012 3027 6013 3049 6013 3028 6013 3028 6014 3049 6014 3048 6014 3028 6015 3048 6015 3047 6015 3028 6016 3047 6016 3046 6016 3028 6017 3046 6017 3050 6017 3028 6018 3050 6018 3051 6018 3028 6019 3051 6019 3052 6019 3028 6020 3052 6020 3053 6020 3028 6021 3053 6021 3029 6021 3036 6022 3035 6022 3037 6022 3037 6023 3035 6023 3038 6023 3050 6024 3046 6024 3045 6024 3050 6025 3045 6025 3044 6025 3050 6026 3044 6026 3054 6026 3050 6027 3054 6027 3055 6027 3050 6028 3055 6028 3056 6028 3050 6029 3056 6029 3057 6029 3050 6030 3057 6030 3058 6030 3050 6031 3058 6031 3059 6031 3050 6032 3059 6032 3060 6032 3050 6033 3060 6033 3061 6033 3050 6034 3061 6034 3062 6034 3050 6035 3062 6035 3063 6035 3050 6036 3063 6036 3064 6036 3050 6037 3064 6037 3065 6037 3050 6038 3065 6038 3066 6038 3050 6039 3066 6039 3067 6039 3050 6040 3067 6040 3068 6040 3050 6041 3068 6041 3069 6041 3050 6042 3069 6042 3051 6042 3029 6043 3053 6043 3030 6043 3035 6044 3034 6044 3038 6044 3038 6045 3034 6045 3033 6045 3038 6046 3033 6046 3032 6046 3044 6047 3043 6047 3055 6047 3044 6048 3055 6048 3054 6048 3051 6049 3069 6049 3039 6049 3051 6050 3039 6050 3070 6050 3051 6051 3070 6051 3071 6051 3051 6052 3071 6052 3072 6052 3051 6053 3072 6053 3073 6053 3051 6054 3073 6054 3074 6054 3051 6055 3074 6055 3075 6055 3051 6056 3075 6056 3076 6056 3051 6057 3076 6057 3077 6057 3051 6058 3077 6058 3030 6058 3051 6059 3030 6059 3052 6059 3053 6060 3052 6060 3030 6060 3030 6061 3077 6061 3076 6061 3030 6062 3076 6062 3075 6062 3030 6063 3075 6063 3074 6063 3030 6064 3074 6064 3073 6064 3030 6065 3073 6065 3072 6065 3030 6066 3072 6066 3071 6066 3030 6067 3071 6067 3070 6067 3030 6068 3070 6068 3039 6068 3030 6069 3039 6069 3031 6069 3043 6070 3042 6070 3055 6070 3055 6071 3042 6071 3056 6071 3069 6072 3068 6072 3039 6072 3042 6073 3041 6073 3056 6073 3056 6074 3041 6074 3057 6074 3068 6075 3067 6075 3039 6075 3039 6076 3067 6076 3066 6076 3039 6077 3066 6077 3065 6077 3039 6078 3065 6078 3064 6078 3039 6079 3064 6079 3063 6079 3039 6080 3063 6080 3062 6080 3039 6081 3062 6081 3061 6081 3039 6082 3061 6082 3060 6082 3039 6083 3060 6083 3040 6083 3041 6084 3040 6084 3059 6084 3041 6085 3059 6085 3058 6085 3041 6086 3058 6086 3057 6086 3040 6087 3060 6087 3059 6087 3078 6088 3079 6088 3080 6088 3078 6089 3080 6089 3081 6089 3078 6090 3081 6090 3082 6090 3078 6091 3082 6091 3083 6091 3078 6092 3083 6092 3084 6092 3078 6093 3084 6093 3085 6093 3078 6094 3085 6094 3086 6094 3078 6095 3086 6095 3087 6095 3078 6096 3087 6096 3088 6096 3078 6097 3088 6097 3089 6097 3078 6098 3089 6098 3090 6098 3078 6099 3090 6099 3079 6099 3079 6100 3082 6100 3081 6100 3079 6101 3081 6101 3080 6101 3079 6102 3090 6102 3089 6102 3079 6103 3089 6103 3088 6103 3079 6104 3088 6104 3091 6104 3079 6105 3091 6105 3092 6105 3079 6106 3092 6106 3093 6106 3079 6107 3093 6107 3094 6107 3079 6108 3094 6108 3095 6108 3079 6109 3095 6109 3096 6109 3079 6110 3096 6110 3097 6110 3079 6111 3097 6111 3098 6111 3079 6112 3098 6112 3099 6112 3079 6113 3099 6113 3100 6113 3079 6114 3100 6114 3083 6114 3079 6115 3083 6115 3082 6115 3088 6116 3087 6116 3091 6116 3091 6117 3101 6117 3102 6117 3091 6118 3102 6118 3093 6118 3091 6119 3093 6119 3092 6119 3091 6120 3087 6120 3101 6120 3083 6121 3100 6121 3103 6121 3083 6122 3103 6122 3104 6122 3083 6123 3104 6123 3105 6123 3083 6124 3105 6124 3084 6124 3087 6125 3106 6125 3107 6125 3087 6126 3107 6126 3101 6126 3087 6127 3086 6127 3106 6127 3101 6128 3107 6128 3102 6128 3102 6129 3107 6129 3093 6129 3093 6130 3107 6130 3108 6130 3093 6131 3108 6131 3094 6131 3100 6132 3099 6132 3103 6132 3084 6133 3105 6133 3085 6133 3106 6134 3109 6134 3107 6134 3106 6135 3086 6135 3085 6135 3106 6136 3085 6136 3105 6136 3106 6137 3105 6137 3109 6137 3107 6138 3109 6138 3110 6138 3107 6139 3110 6139 3108 6139 3108 6140 3110 6140 3094 6140 3094 6141 3110 6141 3111 6141 3094 6142 3111 6142 3095 6142 3099 6143 3098 6143 3103 6143 3103 6144 3098 6144 3097 6144 3103 6145 3097 6145 3096 6145 3103 6146 3096 6146 3095 6146 3103 6147 3095 6147 3111 6147 3103 6148 3111 6148 3109 6148 3103 6149 3109 6149 3104 6149 3105 6150 3104 6150 3109 6150 3109 6151 3111 6151 3110 6151 3112 6152 3113 6152 3114 6152 3112 6153 3114 6153 3115 6153 3112 6154 3115 6154 3116 6154 3112 6155 3116 6155 3117 6155 3112 6156 3117 6156 3118 6156 3112 6157 3118 6157 3119 6157 3112 6158 3119 6158 3120 6158 3112 6159 3120 6159 3121 6159 3112 6160 3121 6160 3122 6160 3112 6161 3122 6161 3123 6161 3112 6162 3123 6162 3124 6162 3112 6163 3124 6163 3125 6163 3112 6164 3125 6164 3126 6164 3112 6165 3126 6165 3127 6165 3112 6166 3127 6166 3128 6166 3112 6167 3128 6167 3129 6167 3112 6168 3129 6168 3130 6168 3112 6169 3130 6169 3131 6169 3112 6170 3131 6170 3132 6170 3112 6171 3132 6171 3133 6171 3112 6172 3133 6172 3134 6172 3112 6173 3134 6173 3135 6173 3112 6174 3135 6174 3136 6174 3112 6175 3136 6175 3137 6175 3112 6176 3137 6176 3138 6176 3112 6177 3138 6177 3139 6177 3112 6178 3139 6178 3113 6178 3113 6179 3139 6179 3114 6179 3114 6180 3139 6180 3140 6180 3114 6181 3140 6181 3115 6181 3115 6182 3140 6182 3141 6182 3115 6183 3141 6183 3142 6183 3115 6184 3142 6184 3143 6184 3115 6185 3143 6185 3144 6185 3115 6186 3144 6186 3145 6186 3115 6187 3145 6187 3146 6187 3115 6188 3146 6188 3147 6188 3115 6189 3147 6189 3148 6189 3115 6190 3148 6190 3116 6190 3117 6191 3149 6191 3118 6191 3117 6192 3116 6192 3150 6192 3117 6193 3150 6193 3151 6193 3117 6194 3151 6194 3149 6194 3134 6195 3133 6195 3152 6195 3134 6196 3152 6196 3135 6196 3135 6197 3153 6197 3154 6197 3135 6198 3154 6198 3136 6198 3135 6199 3152 6199 3155 6199 3135 6200 3155 6200 3156 6200 3135 6201 3156 6201 3153 6201 3136 6202 3154 6202 3137 6202 3137 6203 3154 6203 3157 6203 3137 6204 3157 6204 3158 6204 3137 6205 3158 6205 3159 6205 3137 6206 3159 6206 3138 6206 3138 6207 3159 6207 3160 6207 3138 6208 3160 6208 3139 6208 3139 6209 3160 6209 3161 6209 3139 6210 3161 6210 3141 6210 3139 6211 3141 6211 3140 6211 3116 6212 3148 6212 3150 6212 3141 6213 3161 6213 3142 6213 3149 6214 3151 6214 3162 6214 3149 6215 3162 6215 3163 6215 3149 6216 3163 6216 3164 6216 3149 6217 3164 6217 3118 6217 3118 6218 3164 6218 3163 6218 3118 6219 3163 6219 3165 6219 3118 6220 3165 6220 3166 6220 3118 6221 3166 6221 3119 6221 3150 6222 3148 6222 3167 6222 3150 6223 3167 6223 3151 6223 3151 6224 3167 6224 3162 6224 3133 6225 3132 6225 3155 6225 3133 6226 3155 6226 3152 6226 3153 6227 3156 6227 3168 6227 3153 6228 3168 6228 3169 6228 3153 6229 3169 6229 3157 6229 3153 6230 3157 6230 3154 6230 3155 6231 3132 6231 3156 6231 3156 6232 3170 6232 3171 6232 3156 6233 3171 6233 3172 6233 3156 6234 3172 6234 3173 6234 3156 6235 3173 6235 3174 6235 3156 6236 3174 6236 3175 6236 3156 6237 3175 6237 3176 6237 3156 6238 3176 6238 3177 6238 3156 6239 3177 6239 3178 6239 3156 6240 3178 6240 3179 6240 3156 6241 3179 6241 3180 6241 3156 6242 3180 6242 3181 6242 3156 6243 3181 6243 3182 6243 3156 6244 3182 6244 3183 6244 3156 6245 3183 6245 3184 6245 3156 6246 3184 6246 3185 6246 3156 6247 3185 6247 3186 6247 3156 6248 3186 6248 3168 6248 3156 6249 3132 6249 3131 6249 3156 6250 3131 6250 3170 6250 3157 6251 3169 6251 3187 6251 3157 6252 3187 6252 3188 6252 3157 6253 3188 6253 3158 6253 3158 6254 3189 6254 3190 6254 3158 6255 3190 6255 3191 6255 3158 6256 3191 6256 3192 6256 3158 6257 3192 6257 3159 6257 3158 6258 3188 6258 3189 6258 3159 6259 3192 6259 3160 6259 3160 6260 3192 6260 3193 6260 3160 6261 3193 6261 3161 6261 3161 6262 3193 6262 3142 6262 3148 6263 3147 6263 3167 6263 3142 6264 3193 6264 3194 6264 3142 6265 3194 6265 3143 6265 3162 6266 3167 6266 3195 6266 3162 6267 3195 6267 3163 6267 3163 6268 3195 6268 3196 6268 3163 6269 3196 6269 3165 6269 3119 6270 3166 6270 3197 6270 3119 6271 3197 6271 3120 6271 3165 6272 3196 6272 3198 6272 3165 6273 3198 6273 3166 6273 3166 6274 3198 6274 3199 6274 3166 6275 3199 6275 3197 6275 3167 6276 3147 6276 3195 6276 3168 6277 3186 6277 3169 6277 3169 6278 3186 6278 3187 6278 3170 6279 3131 6279 3200 6279 3170 6280 3200 6280 3201 6280 3170 6281 3201 6281 3202 6281 3170 6282 3202 6282 3203 6282 3170 6283 3203 6283 3171 6283 3171 6284 3203 6284 3204 6284 3171 6285 3204 6285 3205 6285 3171 6286 3205 6286 3172 6286 3172 6287 3205 6287 3173 6287 3173 6288 3206 6288 3174 6288 3173 6289 3205 6289 3206 6289 3174 6290 3206 6290 3175 6290 3175 6291 3207 6291 3208 6291 3175 6292 3208 6292 3176 6292 3175 6293 3206 6293 3209 6293 3175 6294 3209 6294 3207 6294 3176 6295 3208 6295 3210 6295 3176 6296 3210 6296 3177 6296 3177 6297 3210 6297 3211 6297 3177 6298 3211 6298 3178 6298 3178 6299 3211 6299 3179 6299 3179 6300 3212 6300 3180 6300 3179 6301 3211 6301 3213 6301 3179 6302 3213 6302 3212 6302 3180 6303 3212 6303 3214 6303 3180 6304 3214 6304 3181 6304 3181 6305 3214 6305 3182 6305 3182 6306 3214 6306 3183 6306 3183 6307 3214 6307 3215 6307 3183 6308 3215 6308 3216 6308 3183 6309 3216 6309 3190 6309 3183 6310 3190 6310 3184 6310 3184 6311 3190 6311 3189 6311 3184 6312 3189 6312 3185 6312 3185 6313 3189 6313 3188 6313 3185 6314 3188 6314 3187 6314 3185 6315 3187 6315 3186 6315 3131 6316 3130 6316 3200 6316 3190 6317 3216 6317 3217 6317 3190 6318 3217 6318 3218 6318 3190 6319 3218 6319 3191 6319 3191 6320 3218 6320 3193 6320 3191 6321 3193 6321 3192 6321 3193 6322 3218 6322 3219 6322 3193 6323 3219 6323 3220 6323 3193 6324 3220 6324 3221 6324 3193 6325 3221 6325 3194 6325 3147 6326 3146 6326 3195 6326 3194 6327 3221 6327 3222 6327 3194 6328 3222 6328 3143 6328 3143 6329 3222 6329 3144 6329 3195 6330 3146 6330 3223 6330 3195 6331 3223 6331 3224 6331 3195 6332 3224 6332 3196 6332 3196 6333 3224 6333 3225 6333 3196 6334 3225 6334 3226 6334 3196 6335 3226 6335 3198 6335 3120 6336 3197 6336 3121 6336 3197 6337 3227 6337 3228 6337 3197 6338 3228 6338 3121 6338 3197 6339 3199 6339 3227 6339 3198 6340 3229 6340 3230 6340 3198 6341 3230 6341 3199 6341 3198 6342 3226 6342 3229 6342 3199 6343 3230 6343 3231 6343 3199 6344 3231 6344 3232 6344 3199 6345 3232 6345 3233 6345 3199 6346 3233 6346 3227 6346 3200 6347 3234 6347 3235 6347 3200 6348 3235 6348 3201 6348 3200 6349 3130 6349 3234 6349 3202 6350 3201 6350 3236 6350 3202 6351 3236 6351 3237 6351 3202 6352 3237 6352 3203 6352 3203 6353 3237 6353 3204 6353 3205 6354 3204 6354 3209 6354 3205 6355 3209 6355 3206 6355 3207 6356 3209 6356 3238 6356 3207 6357 3238 6357 3239 6357 3207 6358 3239 6358 3208 6358 3208 6359 3239 6359 3210 6359 3210 6360 3239 6360 3211 6360 3211 6361 3239 6361 3213 6361 3212 6362 3213 6362 3215 6362 3212 6363 3215 6363 3214 6363 3213 6364 3217 6364 3215 6364 3213 6365 3239 6365 3240 6365 3213 6366 3240 6366 3217 6366 3216 6367 3215 6367 3217 6367 3130 6368 3129 6368 3241 6368 3130 6369 3241 6369 3234 6369 3217 6370 3240 6370 3242 6370 3217 6371 3242 6371 3243 6371 3217 6372 3243 6372 3220 6372 3217 6373 3220 6373 3219 6373 3217 6374 3219 6374 3218 6374 3220 6375 3243 6375 3221 6375 3221 6376 3243 6376 3242 6376 3221 6377 3242 6377 3244 6377 3221 6378 3244 6378 3245 6378 3221 6379 3245 6379 3222 6379 3146 6380 3145 6380 3223 6380 3222 6381 3245 6381 3246 6381 3222 6382 3246 6382 3144 6382 3144 6383 3247 6383 3145 6383 3144 6384 3246 6384 3247 6384 3223 6385 3145 6385 3247 6385 3223 6386 3247 6386 3224 6386 3224 6387 3247 6387 3225 6387 3225 6388 3247 6388 3248 6388 3225 6389 3248 6389 3249 6389 3225 6390 3249 6390 3226 6390 3226 6391 3250 6391 3251 6391 3226 6392 3251 6392 3229 6392 3226 6393 3249 6393 3250 6393 3121 6394 3228 6394 3122 6394 3227 6395 3233 6395 3252 6395 3227 6396 3252 6396 3253 6396 3227 6397 3253 6397 3254 6397 3227 6398 3254 6398 3255 6398 3227 6399 3255 6399 3256 6399 3227 6400 3256 6400 3228 6400 3228 6401 3256 6401 3123 6401 3228 6402 3123 6402 3122 6402 3229 6403 3257 6403 3231 6403 3229 6404 3231 6404 3230 6404 3229 6405 3251 6405 3258 6405 3229 6406 3258 6406 3257 6406 3232 6407 3231 6407 3259 6407 3232 6408 3259 6408 3260 6408 3232 6409 3260 6409 3252 6409 3232 6410 3252 6410 3233 6410 3234 6411 3241 6411 3261 6411 3234 6412 3261 6412 3235 6412 3201 6413 3235 6413 3249 6413 3201 6414 3249 6414 3262 6414 3201 6415 3262 6415 3236 6415 3236 6416 3262 6416 3263 6416 3236 6417 3263 6417 3264 6417 3236 6418 3264 6418 3237 6418 3237 6419 3264 6419 3265 6419 3237 6420 3265 6420 3238 6420 3237 6421 3238 6421 3209 6421 3237 6422 3209 6422 3204 6422 3238 6423 3266 6423 3239 6423 3238 6424 3265 6424 3245 6424 3238 6425 3245 6425 3266 6425 3239 6426 3266 6426 3240 6426 3240 6427 3266 6427 3244 6427 3240 6428 3244 6428 3242 6428 3129 6429 3128 6429 3259 6429 3129 6430 3259 6430 3231 6430 3129 6431 3231 6431 3267 6431 3129 6432 3267 6432 3258 6432 3129 6433 3258 6433 3268 6433 3129 6434 3268 6434 3241 6434 3241 6435 3268 6435 3250 6435 3241 6436 3250 6436 3261 6436 3244 6437 3266 6437 3245 6437 3245 6438 3265 6438 3264 6438 3245 6439 3264 6439 3263 6439 3245 6440 3263 6440 3246 6440 3246 6441 3263 6441 3247 6441 3247 6442 3262 6442 3249 6442 3247 6443 3249 6443 3248 6443 3247 6444 3263 6444 3262 6444 3249 6445 3235 6445 3261 6445 3249 6446 3261 6446 3250 6446 3250 6447 3268 6447 3258 6447 3250 6448 3258 6448 3251 6448 3252 6449 3260 6449 3253 6449 3253 6450 3260 6450 3254 6450 3254 6451 3260 6451 3255 6451 3255 6452 3260 6452 3269 6452 3255 6453 3269 6453 3125 6453 3255 6454 3125 6454 3124 6454 3255 6455 3124 6455 3123 6455 3255 6456 3123 6456 3256 6456 3257 6457 3258 6457 3267 6457 3257 6458 3267 6458 3231 6458 3259 6459 3128 6459 3260 6459 3260 6460 3128 6460 3127 6460 3260 6461 3127 6461 3270 6461 3260 6462 3270 6462 3269 6462 3269 6463 3270 6463 3126 6463 3269 6464 3126 6464 3125 6464 3127 6465 3126 6465 3270 6465 3271 6466 3272 6466 3273 6466 3271 6467 3273 6467 3274 6467 3271 6468 3274 6468 3275 6468 3271 6469 3275 6469 3276 6469 3271 6470 3276 6470 3277 6470 3271 6471 3277 6471 3278 6471 3271 6472 3278 6472 3279 6472 3271 6473 3279 6473 3272 6473 3272 6474 3280 6474 3281 6474 3272 6475 3281 6475 3273 6475 3272 6476 3279 6476 3282 6476 3272 6477 3282 6477 3280 6477 3273 6478 3281 6478 3283 6478 3273 6479 3283 6479 3284 6479 3273 6480 3284 6480 3274 6480 3274 6481 3284 6481 3285 6481 3274 6482 3285 6482 3286 6482 3274 6483 3286 6483 3287 6483 3274 6484 3287 6484 3288 6484 3274 6485 3288 6485 3275 6485 3275 6486 3289 6486 3276 6486 3275 6487 3288 6487 3287 6487 3275 6488 3287 6488 3290 6488 3275 6489 3290 6489 3291 6489 3275 6490 3291 6490 3292 6490 3275 6491 3292 6491 3293 6491 3275 6492 3293 6492 3294 6492 3275 6493 3294 6493 3295 6493 3275 6494 3295 6494 3296 6494 3275 6495 3296 6495 3297 6495 3275 6496 3297 6496 3298 6496 3275 6497 3298 6497 3299 6497 3275 6498 3299 6498 3300 6498 3275 6499 3300 6499 3301 6499 3275 6500 3301 6500 3302 6500 3275 6501 3302 6501 3303 6501 3275 6502 3303 6502 3304 6502 3275 6503 3304 6503 3305 6503 3275 6504 3305 6504 3306 6504 3275 6505 3306 6505 3307 6505 3275 6506 3307 6506 3308 6506 3275 6507 3308 6507 3309 6507 3275 6508 3309 6508 3310 6508 3275 6509 3310 6509 3311 6509 3275 6510 3311 6510 3312 6510 3275 6511 3312 6511 3313 6511 3275 6512 3313 6512 3314 6512 3275 6513 3314 6513 3315 6513 3275 6514 3315 6514 3316 6514 3275 6515 3316 6515 3317 6515 3275 6516 3317 6516 3318 6516 3275 6517 3318 6517 3319 6517 3275 6518 3319 6518 3320 6518 3275 6519 3320 6519 3321 6519 3275 6520 3321 6520 3322 6520 3275 6521 3322 6521 3323 6521 3275 6522 3323 6522 3324 6522 3275 6523 3324 6523 3325 6523 3275 6524 3325 6524 3326 6524 3275 6525 3326 6525 3327 6525 3275 6526 3327 6526 3328 6526 3275 6527 3328 6527 3329 6527 3275 6528 3329 6528 3277 6528 3275 6529 3277 6529 3330 6529 3275 6530 3330 6530 3289 6530 3276 6531 3289 6531 3330 6531 3276 6532 3330 6532 3277 6532 3277 6533 3329 6533 3278 6533 3278 6534 3329 6534 3331 6534 3278 6535 3331 6535 3332 6535 3278 6536 3332 6536 3279 6536 3279 6537 3332 6537 3333 6537 3279 6538 3333 6538 3282 6538 3280 6539 3282 6539 3334 6539 3280 6540 3334 6540 3335 6540 3280 6541 3335 6541 3336 6541 3280 6542 3336 6542 3281 6542 3281 6543 3336 6543 3337 6543 3281 6544 3337 6544 3283 6544 3282 6545 3333 6545 3334 6545 3283 6546 3338 6546 3284 6546 3283 6547 3337 6547 3338 6547 3284 6548 3338 6548 3285 6548 3285 6549 3338 6549 3339 6549 3285 6550 3339 6550 3340 6550 3285 6551 3340 6551 3341 6551 3285 6552 3341 6552 3286 6552 3286 6553 3341 6553 3287 6553 3287 6554 3341 6554 3290 6554 3329 6555 3328 6555 3342 6555 3329 6556 3342 6556 3331 6556 3331 6557 3342 6557 3332 6557 3332 6558 3342 6558 3343 6558 3332 6559 3343 6559 3333 6559 3333 6560 3343 6560 3344 6560 3333 6561 3344 6561 3334 6561 3334 6562 3344 6562 3345 6562 3334 6563 3345 6563 3346 6563 3334 6564 3346 6564 3335 6564 3335 6565 3346 6565 3347 6565 3335 6566 3347 6566 3348 6566 3335 6567 3348 6567 3349 6567 3335 6568 3349 6568 3336 6568 3336 6569 3349 6569 3350 6569 3336 6570 3350 6570 3337 6570 3337 6571 3350 6571 3351 6571 3337 6572 3351 6572 3352 6572 3337 6573 3352 6573 3353 6573 3337 6574 3353 6574 3339 6574 3337 6575 3339 6575 3338 6575 3339 6576 3353 6576 3354 6576 3339 6577 3354 6577 3355 6577 3339 6578 3355 6578 3356 6578 3339 6579 3356 6579 3357 6579 3339 6580 3357 6580 3340 6580 3340 6581 3357 6581 3292 6581 3340 6582 3292 6582 3291 6582 3340 6583 3291 6583 3290 6583 3340 6584 3290 6584 3341 6584 3328 6585 3327 6585 3342 6585 3342 6586 3327 6586 3358 6586 3342 6587 3358 6587 3343 6587 3343 6588 3358 6588 3359 6588 3343 6589 3359 6589 3360 6589 3343 6590 3360 6590 3344 6590 3344 6591 3360 6591 3361 6591 3344 6592 3361 6592 3345 6592 3345 6593 3361 6593 3362 6593 3345 6594 3362 6594 3346 6594 3346 6595 3362 6595 3363 6595 3346 6596 3363 6596 3347 6596 3347 6597 3364 6597 3348 6597 3347 6598 3363 6598 3364 6598 3348 6599 3364 6599 3365 6599 3348 6600 3365 6600 3366 6600 3348 6601 3366 6601 3367 6601 3348 6602 3367 6602 3349 6602 3349 6603 3367 6603 3351 6603 3349 6604 3351 6604 3350 6604 3351 6605 3367 6605 3368 6605 3351 6606 3368 6606 3369 6606 3351 6607 3369 6607 3370 6607 3351 6608 3370 6608 3352 6608 3352 6609 3370 6609 3354 6609 3352 6610 3354 6610 3353 6610 3354 6611 3370 6611 3371 6611 3354 6612 3371 6612 3372 6612 3354 6613 3372 6613 3355 6613 3355 6614 3372 6614 3296 6614 3355 6615 3296 6615 3295 6615 3355 6616 3295 6616 3356 6616 3356 6617 3294 6617 3357 6617 3356 6618 3295 6618 3294 6618 3357 6619 3294 6619 3293 6619 3357 6620 3293 6620 3292 6620 3327 6621 3359 6621 3358 6621 3327 6622 3326 6622 3359 6622 3359 6623 3326 6623 3325 6623 3359 6624 3325 6624 3373 6624 3359 6625 3373 6625 3360 6625 3360 6626 3373 6626 3374 6626 3360 6627 3374 6627 3361 6627 3361 6628 3374 6628 3375 6628 3361 6629 3375 6629 3362 6629 3362 6630 3376 6630 3363 6630 3362 6631 3375 6631 3376 6631 3363 6632 3376 6632 3377 6632 3363 6633 3377 6633 3364 6633 3364 6634 3378 6634 3379 6634 3364 6635 3379 6635 3365 6635 3364 6636 3377 6636 3380 6636 3364 6637 3380 6637 3378 6637 3365 6638 3379 6638 3381 6638 3365 6639 3381 6639 3382 6639 3365 6640 3382 6640 3383 6640 3365 6641 3383 6641 3366 6641 3366 6642 3383 6642 3367 6642 3367 6643 3383 6643 3368 6643 3368 6644 3383 6644 3384 6644 3368 6645 3384 6645 3369 6645 3369 6646 3385 6646 3386 6646 3369 6647 3386 6647 3370 6647 3369 6648 3384 6648 3385 6648 3370 6649 3386 6649 3371 6649 3371 6650 3387 6650 3298 6650 3371 6651 3298 6651 3297 6651 3371 6652 3297 6652 3372 6652 3371 6653 3386 6653 3387 6653 3372 6654 3297 6654 3296 6654 3325 6655 3324 6655 3374 6655 3325 6656 3374 6656 3373 6656 3374 6657 3324 6657 3323 6657 3374 6658 3323 6658 3375 6658 3375 6659 3323 6659 3322 6659 3375 6660 3322 6660 3388 6660 3375 6661 3388 6661 3376 6661 3376 6662 3388 6662 3389 6662 3376 6663 3389 6663 3377 6663 3377 6664 3389 6664 3380 6664 3378 6665 3390 6665 3391 6665 3378 6666 3391 6666 3379 6666 3378 6667 3380 6667 3392 6667 3378 6668 3392 6668 3390 6668 3379 6669 3391 6669 3381 6669 3380 6670 3389 6670 3393 6670 3380 6671 3393 6671 3392 6671 3381 6672 3394 6672 3395 6672 3381 6673 3395 6673 3382 6673 3381 6674 3391 6674 3394 6674 3382 6675 3395 6675 3396 6675 3382 6676 3396 6676 3384 6676 3382 6677 3384 6677 3383 6677 3384 6678 3396 6678 3397 6678 3384 6679 3397 6679 3398 6679 3384 6680 3398 6680 3385 6680 3385 6681 3398 6681 3399 6681 3385 6682 3399 6682 3386 6682 3386 6683 3399 6683 3387 6683 3387 6684 3399 6684 3400 6684 3387 6685 3400 6685 3298 6685 3298 6686 3400 6686 3299 6686 3322 6687 3321 6687 3388 6687 3388 6688 3321 6688 3320 6688 3388 6689 3320 6689 3401 6689 3388 6690 3401 6690 3389 6690 3389 6691 3401 6691 3393 6691 3390 6692 3392 6692 3402 6692 3390 6693 3402 6693 3403 6693 3390 6694 3403 6694 3404 6694 3390 6695 3404 6695 3405 6695 3390 6696 3405 6696 3391 6696 3391 6697 3405 6697 3394 6697 3392 6698 3393 6698 3406 6698 3392 6699 3406 6699 3402 6699 3393 6700 3401 6700 3407 6700 3393 6701 3407 6701 3406 6701 3394 6702 3405 6702 3310 6702 3394 6703 3310 6703 3309 6703 3394 6704 3309 6704 3308 6704 3394 6705 3308 6705 3307 6705 3394 6706 3307 6706 3408 6706 3394 6707 3408 6707 3395 6707 3395 6708 3408 6708 3409 6708 3395 6709 3409 6709 3396 6709 3396 6710 3409 6710 3397 6710 3397 6711 3410 6711 3398 6711 3397 6712 3409 6712 3410 6712 3398 6713 3410 6713 3399 6713 3399 6714 3411 6714 3400 6714 3399 6715 3410 6715 3411 6715 3400 6716 3411 6716 3300 6716 3400 6717 3300 6717 3299 6717 3320 6718 3319 6718 3401 6718 3401 6719 3319 6719 3318 6719 3401 6720 3318 6720 3317 6720 3401 6721 3317 6721 3407 6721 3402 6722 3314 6722 3313 6722 3402 6723 3313 6723 3403 6723 3402 6724 3406 6724 3314 6724 3403 6725 3313 6725 3312 6725 3403 6726 3312 6726 3311 6726 3403 6727 3311 6727 3404 6727 3404 6728 3311 6728 3310 6728 3404 6729 3310 6729 3405 6729 3406 6730 3316 6730 3315 6730 3406 6731 3315 6731 3314 6731 3406 6732 3407 6732 3317 6732 3406 6733 3317 6733 3316 6733 3307 6734 3306 6734 3412 6734 3307 6735 3412 6735 3408 6735 3408 6736 3412 6736 3409 6736 3409 6737 3412 6737 3413 6737 3409 6738 3413 6738 3410 6738 3410 6739 3303 6739 3414 6739 3410 6740 3414 6740 3411 6740 3410 6741 3413 6741 3415 6741 3410 6742 3415 6742 3303 6742 3411 6743 3301 6743 3300 6743 3411 6744 3414 6744 3302 6744 3411 6745 3302 6745 3301 6745 3306 6746 3305 6746 3413 6746 3306 6747 3413 6747 3412 6747 3413 6748 3305 6748 3304 6748 3413 6749 3304 6749 3415 6749 3303 6750 3302 6750 3414 6750 3303 6751 3415 6751 3304 6751 3416 6752 3417 6752 3418 6752 3416 6753 3418 6753 3419 6753 3416 6754 3419 6754 3420 6754 3416 6755 3420 6755 3421 6755 3416 6756 3421 6756 3422 6756 3416 6757 3422 6757 3423 6757 3416 6758 3423 6758 3424 6758 3416 6759 3424 6759 3425 6759 3416 6760 3425 6760 3426 6760 3416 6761 3426 6761 3427 6761 3416 6762 3427 6762 3428 6762 3416 6763 3428 6763 3429 6763 3416 6764 3429 6764 3417 6764 3417 6765 3429 6765 3430 6765 3417 6766 3430 6766 3431 6766 3417 6767 3431 6767 3432 6767 3417 6768 3432 6768 3433 6768 3417 6769 3433 6769 3434 6769 3417 6770 3434 6770 3435 6770 3417 6771 3435 6771 3418 6771 3422 6772 3421 6772 3423 6772 3427 6773 3426 6773 3436 6773 3427 6774 3436 6774 3433 6774 3427 6775 3433 6775 3432 6775 3427 6776 3432 6776 3431 6776 3427 6777 3431 6777 3430 6777 3427 6778 3430 6778 3429 6778 3427 6779 3429 6779 3428 6779 3418 6780 3435 6780 3437 6780 3418 6781 3437 6781 3438 6781 3418 6782 3438 6782 3419 6782 3421 6783 3420 6783 3423 6783 3423 6784 3420 6784 3424 6784 3426 6785 3425 6785 3438 6785 3426 6786 3438 6786 3437 6786 3426 6787 3437 6787 3435 6787 3426 6788 3435 6788 3436 6788 3419 6789 3438 6789 3420 6789 3435 6790 3434 6790 3436 6790 3433 6791 3436 6791 3434 6791 3420 6792 3438 6792 3425 6792 3420 6793 3425 6793 3424 6793 3439 6794 3440 6794 3441 6794 3439 6795 3441 6795 3442 6795 3439 6796 3442 6796 3443 6796 3439 6797 3443 6797 3444 6797 3439 6798 3444 6798 3445 6798 3439 6799 3445 6799 3446 6799 3439 6800 3446 6800 3447 6800 3439 6801 3447 6801 3448 6801 3439 6802 3448 6802 3440 6802 3440 6803 3448 6803 3449 6803 3440 6804 3449 6804 3450 6804 3440 6805 3450 6805 3451 6805 3440 6806 3451 6806 3452 6806 3440 6807 3452 6807 3453 6807 3440 6808 3453 6808 3454 6808 3440 6809 3454 6809 3441 6809 3443 6810 3442 6810 3455 6810 3443 6811 3455 6811 3444 6811 3447 6812 3446 6812 3456 6812 3447 6813 3456 6813 3457 6813 3447 6814 3457 6814 3449 6814 3447 6815 3449 6815 3448 6815 3441 6816 3454 6816 3458 6816 3441 6817 3458 6817 3459 6817 3441 6818 3459 6818 3457 6818 3441 6819 3457 6819 3456 6819 3441 6820 3456 6820 3460 6820 3441 6821 3460 6821 3445 6821 3441 6822 3445 6822 3444 6822 3441 6823 3444 6823 3455 6823 3441 6824 3455 6824 3442 6824 3446 6825 3445 6825 3460 6825 3446 6826 3460 6826 3456 6826 3454 6827 3453 6827 3458 6827 3449 6828 3457 6828 3450 6828 3453 6829 3452 6829 3459 6829 3453 6830 3459 6830 3458 6830 3457 6831 3459 6831 3451 6831 3457 6832 3451 6832 3450 6832 3452 6833 3451 6833 3459 6833 3461 6834 3462 6834 3463 6834 3461 6835 3463 6835 3464 6835 3461 6836 3464 6836 3465 6836 3461 6837 3465 6837 3466 6837 3461 6838 3466 6838 3467 6838 3461 6839 3467 6839 3468 6839 3461 6840 3468 6840 3469 6840 3461 6841 3469 6841 3470 6841 3461 6842 3470 6842 3471 6842 3461 6843 3471 6843 3472 6843 3461 6844 3472 6844 3473 6844 3461 6845 3473 6845 3474 6845 3461 6846 3474 6846 3475 6846 3461 6847 3475 6847 3476 6847 3461 6848 3476 6848 3477 6848 3461 6849 3477 6849 3478 6849 3461 6850 3478 6850 3479 6850 3461 6851 3479 6851 3480 6851 3461 6852 3480 6852 3481 6852 3461 6853 3481 6853 3482 6853 3461 6854 3482 6854 3483 6854 3461 6855 3483 6855 3484 6855 3461 6856 3484 6856 3485 6856 3461 6857 3485 6857 3486 6857 3461 6858 3486 6858 3487 6858 3461 6859 3487 6859 3488 6859 3461 6860 3488 6860 3489 6860 3461 6861 3489 6861 3490 6861 3461 6862 3490 6862 3491 6862 3461 6863 3491 6863 3492 6863 3461 6864 3492 6864 3493 6864 3461 6865 3493 6865 3494 6865 3461 6866 3494 6866 3495 6866 3461 6867 3495 6867 3496 6867 3461 6868 3496 6868 3497 6868 3461 6869 3497 6869 3498 6869 3461 6870 3498 6870 3499 6870 3461 6871 3499 6871 3500 6871 3461 6872 3500 6872 3501 6872 3461 6873 3501 6873 3502 6873 3461 6874 3502 6874 3503 6874 3461 6875 3503 6875 3504 6875 3461 6876 3504 6876 3505 6876 3461 6877 3505 6877 3506 6877 3461 6878 3506 6878 3507 6878 3461 6879 3507 6879 3508 6879 3461 6880 3508 6880 3462 6880 3462 6881 3508 6881 3509 6881 3462 6882 3509 6882 3463 6882 3463 6883 3509 6883 3510 6883 3463 6884 3510 6884 3511 6884 3463 6885 3511 6885 3464 6885 3464 6886 3511 6886 3512 6886 3464 6887 3512 6887 3513 6887 3464 6888 3513 6888 3514 6888 3464 6889 3514 6889 3515 6889 3464 6890 3515 6890 3466 6890 3464 6891 3466 6891 3465 6891 3466 6892 3515 6892 3516 6892 3466 6893 3516 6893 3517 6893 3466 6894 3517 6894 3467 6894 3467 6895 3517 6895 3468 6895 3468 6896 3517 6896 3469 6896 3469 6897 3517 6897 3518 6897 3469 6898 3518 6898 3519 6898 3469 6899 3519 6899 3520 6899 3469 6900 3520 6900 3521 6900 3469 6901 3521 6901 3473 6901 3469 6902 3473 6902 3471 6902 3469 6903 3471 6903 3470 6903 3471 6904 3473 6904 3472 6904 3473 6905 3521 6905 3522 6905 3473 6906 3522 6906 3476 6906 3473 6907 3476 6907 3475 6907 3473 6908 3475 6908 3474 6908 3499 6909 3498 6909 3523 6909 3499 6910 3523 6910 3524 6910 3499 6911 3524 6911 3525 6911 3499 6912 3525 6912 3526 6912 3499 6913 3526 6913 3500 6913 3508 6914 3507 6914 3509 6914 3509 6915 3527 6915 3528 6915 3509 6916 3528 6916 3529 6916 3509 6917 3529 6917 3510 6917 3509 6918 3507 6918 3506 6918 3509 6919 3506 6919 3527 6919 3510 6920 3529 6920 3530 6920 3510 6921 3530 6921 3531 6921 3510 6922 3531 6922 3532 6922 3510 6923 3532 6923 3511 6923 3511 6924 3532 6924 3512 6924 3512 6925 3532 6925 3531 6925 3512 6926 3531 6926 3533 6926 3512 6927 3533 6927 3534 6927 3512 6928 3534 6928 3535 6928 3512 6929 3535 6929 3536 6929 3512 6930 3536 6930 3537 6930 3512 6931 3537 6931 3538 6931 3512 6932 3538 6932 3513 6932 3513 6933 3538 6933 3514 6933 3514 6934 3538 6934 3539 6934 3514 6935 3539 6935 3515 6935 3515 6936 3539 6936 3540 6936 3515 6937 3540 6937 3516 6937 3516 6938 3540 6938 3518 6938 3516 6939 3518 6939 3517 6939 3518 6940 3540 6940 3541 6940 3518 6941 3541 6941 3519 6941 3519 6942 3542 6942 3520 6942 3519 6943 3541 6943 3542 6943 3520 6944 3542 6944 3543 6944 3520 6945 3543 6945 3544 6945 3520 6946 3544 6946 3545 6946 3520 6947 3545 6947 3521 6947 3521 6948 3545 6948 3546 6948 3521 6949 3546 6949 3544 6949 3521 6950 3544 6950 3522 6950 3522 6951 3547 6951 3548 6951 3522 6952 3548 6952 3549 6952 3522 6953 3549 6953 3477 6953 3522 6954 3477 6954 3476 6954 3522 6955 3544 6955 3547 6955 3498 6956 3497 6956 3523 6956 3523 6957 3497 6957 3496 6957 3523 6958 3496 6958 3524 6958 3524 6959 3496 6959 3495 6959 3524 6960 3495 6960 3494 6960 3524 6961 3494 6961 3550 6961 3524 6962 3550 6962 3551 6962 3524 6963 3551 6963 3552 6963 3524 6964 3552 6964 3553 6964 3524 6965 3553 6965 3554 6965 3524 6966 3554 6966 3526 6966 3524 6967 3526 6967 3525 6967 3526 6968 3554 6968 3555 6968 3526 6969 3555 6969 3556 6969 3526 6970 3556 6970 3557 6970 3526 6971 3557 6971 3500 6971 3500 6972 3557 6972 3556 6972 3500 6973 3556 6973 3558 6973 3500 6974 3558 6974 3559 6974 3500 6975 3559 6975 3560 6975 3500 6976 3560 6976 3561 6976 3500 6977 3561 6977 3562 6977 3500 6978 3562 6978 3563 6978 3500 6979 3563 6979 3564 6979 3500 6980 3564 6980 3501 6980 3527 6981 3506 6981 3565 6981 3527 6982 3565 6982 3528 6982 3528 6983 3565 6983 3566 6983 3528 6984 3566 6984 3567 6984 3528 6985 3567 6985 3568 6985 3528 6986 3568 6986 3529 6986 3529 6987 3568 6987 3569 6987 3529 6988 3569 6988 3530 6988 3506 6989 3505 6989 3565 6989 3530 6990 3569 6990 3531 6990 3531 6991 3569 6991 3570 6991 3531 6992 3570 6992 3571 6992 3531 6993 3571 6993 3572 6993 3531 6994 3572 6994 3533 6994 3533 6995 3573 6995 3534 6995 3533 6996 3572 6996 3574 6996 3533 6997 3574 6997 3575 6997 3533 6998 3575 6998 3573 6998 3534 6999 3573 6999 3576 6999 3534 7000 3576 7000 3577 7000 3534 7001 3577 7001 3535 7001 3535 7002 3577 7002 3578 7002 3535 7003 3578 7003 3536 7003 3536 7004 3578 7004 3537 7004 3537 7005 3579 7005 3538 7005 3537 7006 3578 7006 3580 7006 3537 7007 3580 7007 3579 7007 3538 7008 3579 7008 3581 7008 3538 7009 3581 7009 3582 7009 3538 7010 3582 7010 3539 7010 3539 7011 3582 7011 3583 7011 3539 7012 3583 7012 3584 7012 3539 7013 3584 7013 3540 7013 3540 7014 3584 7014 3585 7014 3540 7015 3585 7015 3541 7015 3541 7016 3585 7016 3586 7016 3541 7017 3586 7017 3542 7017 3542 7018 3586 7018 3587 7018 3542 7019 3587 7019 3543 7019 3543 7020 3588 7020 3544 7020 3543 7021 3587 7021 3589 7021 3543 7022 3589 7022 3588 7022 3544 7023 3546 7023 3545 7023 3544 7024 3588 7024 3590 7024 3544 7025 3590 7025 3591 7025 3544 7026 3591 7026 3592 7026 3544 7027 3592 7027 3593 7027 3544 7028 3593 7028 3547 7028 3547 7029 3593 7029 3594 7029 3547 7030 3594 7030 3595 7030 3547 7031 3595 7031 3596 7031 3547 7032 3596 7032 3548 7032 3548 7033 3596 7033 3597 7033 3548 7034 3597 7034 3549 7034 3549 7035 3597 7035 3478 7035 3549 7036 3478 7036 3477 7036 3494 7037 3493 7037 3550 7037 3550 7038 3598 7038 3599 7038 3550 7039 3599 7039 3600 7039 3550 7040 3600 7040 3601 7040 3550 7041 3601 7041 3602 7041 3550 7042 3602 7042 3551 7042 3550 7043 3493 7043 3603 7043 3550 7044 3603 7044 3598 7044 3551 7045 3602 7045 3552 7045 3552 7046 3602 7046 3604 7046 3552 7047 3604 7047 3553 7047 3553 7048 3604 7048 3554 7048 3554 7049 3604 7049 3555 7049 3555 7050 3560 7050 3559 7050 3555 7051 3559 7051 3558 7051 3555 7052 3558 7052 3556 7052 3555 7053 3604 7053 3605 7053 3555 7054 3605 7054 3606 7054 3555 7055 3606 7055 3562 7055 3555 7056 3562 7056 3560 7056 3560 7057 3562 7057 3561 7057 3562 7058 3606 7058 3607 7058 3562 7059 3607 7059 3608 7059 3562 7060 3608 7060 3609 7060 3562 7061 3609 7061 3563 7061 3563 7062 3609 7062 3610 7062 3563 7063 3610 7063 3611 7063 3563 7064 3611 7064 3564 7064 3564 7065 3611 7065 3612 7065 3564 7066 3612 7066 3502 7066 3564 7067 3502 7067 3501 7067 3565 7068 3505 7068 3613 7068 3565 7069 3613 7069 3566 7069 3566 7070 3614 7070 3567 7070 3566 7071 3613 7071 3615 7071 3566 7072 3615 7072 3616 7072 3566 7073 3616 7073 3614 7073 3567 7074 3614 7074 3617 7074 3567 7075 3617 7075 3568 7075 3568 7076 3617 7076 3569 7076 3569 7077 3617 7077 3618 7077 3569 7078 3618 7078 3619 7078 3569 7079 3619 7079 3620 7079 3569 7080 3620 7080 3570 7080 3505 7081 3504 7081 3613 7081 3570 7082 3620 7082 3621 7082 3570 7083 3621 7083 3622 7083 3570 7084 3622 7084 3623 7084 3570 7085 3623 7085 3571 7085 3571 7086 3624 7086 3572 7086 3571 7087 3623 7087 3624 7087 3572 7088 3624 7088 3574 7088 3573 7089 3625 7089 3576 7089 3573 7090 3575 7090 3574 7090 3573 7091 3574 7091 3626 7091 3573 7092 3626 7092 3625 7092 3576 7093 3627 7093 3577 7093 3576 7094 3625 7094 3627 7094 3577 7095 3627 7095 3578 7095 3578 7096 3627 7096 3628 7096 3578 7097 3628 7097 3580 7097 3579 7098 3580 7098 3629 7098 3579 7099 3629 7099 3581 7099 3580 7100 3628 7100 3630 7100 3580 7101 3630 7101 3631 7101 3580 7102 3631 7102 3632 7102 3580 7103 3632 7103 3629 7103 3581 7104 3629 7104 3582 7104 3582 7105 3629 7105 3583 7105 3583 7106 3629 7106 3632 7106 3583 7107 3632 7107 3633 7107 3583 7108 3633 7108 3634 7108 3583 7109 3634 7109 3584 7109 3584 7110 3634 7110 3635 7110 3584 7111 3635 7111 3585 7111 3585 7112 3635 7112 3586 7112 3586 7113 3635 7113 3636 7113 3586 7114 3636 7114 3637 7114 3586 7115 3637 7115 3587 7115 3588 7116 3589 7116 3638 7116 3588 7117 3638 7117 3590 7117 3587 7118 3637 7118 3589 7118 3590 7119 3638 7119 3639 7119 3590 7120 3639 7120 3591 7120 3591 7121 3639 7121 3640 7121 3591 7122 3640 7122 3592 7122 3592 7123 3640 7123 3594 7123 3592 7124 3594 7124 3593 7124 3595 7125 3594 7125 3641 7125 3595 7126 3641 7126 3642 7126 3595 7127 3642 7127 3643 7127 3595 7128 3643 7128 3596 7128 3596 7129 3643 7129 3597 7129 3597 7130 3643 7130 3644 7130 3597 7131 3644 7131 3479 7131 3597 7132 3479 7132 3478 7132 3493 7133 3492 7133 3645 7133 3493 7134 3645 7134 3603 7134 3598 7135 3646 7135 3647 7135 3598 7136 3647 7136 3599 7136 3598 7137 3603 7137 3648 7137 3598 7138 3648 7138 3646 7138 3599 7139 3647 7139 3649 7139 3599 7140 3649 7140 3600 7140 3600 7141 3649 7141 3650 7141 3600 7142 3650 7142 3601 7142 3601 7143 3650 7143 3651 7143 3601 7144 3651 7144 3602 7144 3602 7145 3651 7145 3652 7145 3602 7146 3652 7146 3653 7146 3602 7147 3653 7147 3604 7147 3603 7148 3645 7148 3654 7148 3603 7149 3654 7149 3648 7149 3604 7150 3655 7150 3656 7150 3604 7151 3656 7151 3657 7151 3604 7152 3657 7152 3605 7152 3604 7153 3653 7153 3655 7153 3605 7154 3657 7154 3658 7154 3605 7155 3658 7155 3659 7155 3605 7156 3659 7156 3660 7156 3605 7157 3660 7157 3606 7157 3606 7158 3660 7158 3607 7158 3607 7159 3660 7159 3661 7159 3607 7160 3661 7160 3608 7160 3608 7161 3662 7161 3663 7161 3608 7162 3663 7162 3664 7162 3608 7163 3664 7163 3609 7163 3608 7164 3661 7164 3662 7164 3609 7165 3664 7165 3665 7165 3609 7166 3665 7166 3666 7166 3609 7167 3666 7167 3667 7167 3609 7168 3667 7168 3668 7168 3609 7169 3668 7169 3610 7169 3610 7170 3669 7170 3670 7170 3610 7171 3670 7171 3671 7171 3610 7172 3671 7172 3611 7172 3610 7173 3668 7173 3669 7173 3611 7174 3671 7174 3672 7174 3611 7175 3672 7175 3612 7175 3612 7176 3672 7176 3673 7176 3612 7177 3673 7177 3502 7177 3502 7178 3673 7178 3503 7178 3613 7179 3504 7179 3674 7179 3613 7180 3674 7180 3615 7180 3614 7181 3675 7181 3617 7181 3614 7182 3616 7182 3676 7182 3614 7183 3676 7183 3677 7183 3614 7184 3677 7184 3678 7184 3614 7185 3678 7185 3679 7185 3614 7186 3679 7186 3675 7186 3615 7187 3674 7187 3680 7187 3615 7188 3680 7188 3681 7188 3615 7189 3681 7189 3616 7189 3616 7190 3681 7190 3682 7190 3616 7191 3682 7191 3676 7191 3617 7192 3675 7192 3683 7192 3617 7193 3683 7193 3618 7193 3618 7194 3684 7194 3619 7194 3618 7195 3683 7195 3684 7195 3619 7196 3684 7196 3685 7196 3619 7197 3685 7197 3686 7197 3619 7198 3686 7198 3620 7198 3620 7199 3686 7199 3687 7199 3620 7200 3687 7200 3621 7200 3504 7201 3503 7201 3674 7201 3622 7202 3621 7202 3688 7202 3622 7203 3688 7203 3689 7203 3622 7204 3689 7204 3690 7204 3622 7205 3690 7205 3623 7205 3624 7206 3623 7206 3574 7206 3623 7207 3690 7207 3691 7207 3623 7208 3691 7208 3574 7208 3574 7209 3691 7209 3692 7209 3574 7210 3692 7210 3693 7210 3574 7211 3693 7211 3626 7211 3625 7212 3626 7212 3693 7212 3625 7213 3693 7213 3694 7213 3625 7214 3694 7214 3627 7214 3627 7215 3694 7215 3692 7215 3627 7216 3692 7216 3630 7216 3627 7217 3630 7217 3628 7217 3630 7218 3692 7218 3631 7218 3631 7219 3692 7219 3632 7219 3632 7220 3692 7220 3695 7220 3632 7221 3695 7221 3633 7221 3633 7222 3695 7222 3696 7222 3633 7223 3696 7223 3634 7223 3634 7224 3696 7224 3697 7224 3634 7225 3697 7225 3635 7225 3635 7226 3697 7226 3636 7226 3636 7227 3698 7227 3637 7227 3636 7228 3697 7228 3698 7228 3637 7229 3698 7229 3699 7229 3637 7230 3699 7230 3700 7230 3637 7231 3700 7231 3589 7231 3589 7232 3700 7232 3701 7232 3589 7233 3701 7233 3638 7233 3638 7234 3701 7234 3639 7234 3639 7235 3699 7235 3641 7235 3639 7236 3641 7236 3594 7236 3639 7237 3594 7237 3640 7237 3639 7238 3701 7238 3699 7238 3641 7239 3699 7239 3642 7239 3642 7240 3702 7240 3643 7240 3642 7241 3699 7241 3702 7241 3643 7242 3702 7242 3644 7242 3644 7243 3480 7243 3479 7243 3644 7244 3702 7244 3480 7244 3492 7245 3491 7245 3654 7245 3492 7246 3654 7246 3645 7246 3646 7247 3703 7247 3647 7247 3646 7248 3648 7248 3703 7248 3647 7249 3704 7249 3649 7249 3647 7250 3703 7250 3704 7250 3649 7251 3704 7251 3650 7251 3650 7252 3704 7252 3651 7252 3651 7253 3705 7253 3652 7253 3651 7254 3704 7254 3705 7254 3653 7255 3652 7255 3706 7255 3653 7256 3706 7256 3655 7256 3648 7257 3707 7257 3703 7257 3648 7258 3654 7258 3490 7258 3648 7259 3490 7259 3707 7259 3655 7260 3706 7260 3708 7260 3655 7261 3708 7261 3656 7261 3656 7262 3708 7262 3709 7262 3656 7263 3709 7263 3657 7263 3657 7264 3709 7264 3710 7264 3657 7265 3710 7265 3658 7265 3658 7266 3710 7266 3711 7266 3658 7267 3711 7267 3712 7267 3658 7268 3712 7268 3659 7268 3659 7269 3712 7269 3660 7269 3660 7270 3712 7270 3713 7270 3660 7271 3713 7271 3714 7271 3660 7272 3714 7272 3715 7272 3660 7273 3715 7273 3661 7273 3661 7274 3715 7274 3716 7274 3661 7275 3716 7275 3717 7275 3661 7276 3717 7276 3662 7276 3662 7277 3717 7277 3718 7277 3662 7278 3718 7278 3719 7278 3662 7279 3719 7279 3663 7279 3663 7280 3719 7280 3720 7280 3663 7281 3720 7281 3721 7281 3663 7282 3721 7282 3664 7282 3664 7283 3721 7283 3722 7283 3664 7284 3722 7284 3723 7284 3664 7285 3723 7285 3665 7285 3665 7286 3724 7286 3725 7286 3665 7287 3725 7287 3666 7287 3665 7288 3723 7288 3724 7288 3666 7289 3726 7289 3727 7289 3666 7290 3727 7290 3667 7290 3666 7291 3725 7291 3726 7291 3667 7292 3727 7292 3728 7292 3667 7293 3728 7293 3729 7293 3667 7294 3729 7294 3668 7294 3668 7295 3729 7295 3730 7295 3668 7296 3730 7296 3731 7296 3668 7297 3731 7297 3669 7297 3669 7298 3732 7298 3733 7298 3669 7299 3733 7299 3670 7299 3669 7300 3731 7300 3732 7300 3670 7301 3733 7301 3734 7301 3670 7302 3734 7302 3671 7302 3671 7303 3734 7303 3672 7303 3672 7304 3734 7304 3682 7304 3672 7305 3682 7305 3681 7305 3672 7306 3681 7306 3673 7306 3673 7307 3681 7307 3680 7307 3673 7308 3680 7308 3503 7308 3503 7309 3680 7309 3674 7309 3675 7310 3735 7310 3683 7310 3675 7311 3679 7311 3735 7311 3676 7312 3682 7312 3677 7312 3677 7313 3682 7313 3678 7313 3678 7314 3682 7314 3679 7314 3679 7315 3736 7315 3737 7315 3679 7316 3737 7316 3738 7316 3679 7317 3738 7317 3735 7317 3679 7318 3682 7318 3739 7318 3679 7319 3739 7319 3740 7319 3679 7320 3740 7320 3741 7320 3679 7321 3741 7321 3736 7321 3682 7322 3734 7322 3739 7322 3683 7323 3742 7323 3685 7323 3683 7324 3685 7324 3684 7324 3683 7325 3735 7325 3738 7325 3683 7326 3738 7326 3742 7326 3685 7327 3743 7327 3687 7327 3685 7328 3687 7328 3686 7328 3685 7329 3742 7329 3743 7329 3621 7330 3687 7330 3688 7330 3688 7331 3687 7331 3689 7331 3689 7332 3744 7332 3690 7332 3689 7333 3687 7333 3745 7333 3689 7334 3745 7334 3746 7334 3689 7335 3746 7335 3744 7335 3690 7336 3744 7336 3691 7336 3691 7337 3744 7337 3747 7337 3691 7338 3747 7338 3748 7338 3691 7339 3748 7339 3692 7339 3692 7340 3694 7340 3693 7340 3692 7341 3748 7341 3695 7341 3695 7342 3748 7342 3749 7342 3695 7343 3749 7343 3750 7343 3695 7344 3750 7344 3696 7344 3696 7345 3750 7345 3751 7345 3696 7346 3751 7346 3697 7346 3697 7347 3752 7347 3698 7347 3697 7348 3751 7348 3752 7348 3698 7349 3752 7349 3753 7349 3698 7350 3753 7350 3754 7350 3698 7351 3754 7351 3699 7351 3699 7352 3754 7352 3702 7352 3699 7353 3701 7353 3700 7353 3702 7354 3755 7354 3756 7354 3702 7355 3756 7355 3481 7355 3702 7356 3481 7356 3480 7356 3702 7357 3754 7357 3755 7357 3491 7358 3490 7358 3654 7358 3703 7359 3757 7359 3704 7359 3703 7360 3707 7360 3757 7360 3704 7361 3757 7361 3705 7361 3705 7362 3758 7362 3652 7362 3705 7363 3757 7363 3759 7363 3705 7364 3759 7364 3758 7364 3652 7365 3758 7365 3706 7365 3707 7366 3490 7366 3757 7366 3490 7367 3489 7367 3757 7367 3706 7368 3759 7368 3708 7368 3706 7369 3758 7369 3759 7369 3708 7370 3759 7370 3709 7370 3709 7371 3760 7371 3761 7371 3709 7372 3761 7372 3762 7372 3709 7373 3762 7373 3710 7373 3709 7374 3759 7374 3760 7374 3710 7375 3762 7375 3711 7375 3711 7376 3762 7376 3713 7376 3711 7377 3713 7377 3712 7377 3714 7378 3763 7378 3764 7378 3714 7379 3764 7379 3765 7379 3714 7380 3765 7380 3716 7380 3714 7381 3716 7381 3715 7381 3714 7382 3713 7382 3763 7382 3716 7383 3765 7383 3718 7383 3716 7384 3718 7384 3717 7384 3718 7385 3766 7385 3767 7385 3718 7386 3767 7386 3720 7386 3718 7387 3720 7387 3719 7387 3718 7388 3765 7388 3766 7388 3720 7389 3767 7389 3768 7389 3720 7390 3768 7390 3722 7390 3720 7391 3722 7391 3721 7391 3722 7392 3768 7392 3724 7392 3722 7393 3724 7393 3723 7393 3724 7394 3769 7394 3770 7394 3724 7395 3770 7395 3726 7395 3724 7396 3726 7396 3725 7396 3724 7397 3768 7397 3769 7397 3726 7398 3770 7398 3771 7398 3726 7399 3771 7399 3727 7399 3727 7400 3772 7400 3728 7400 3727 7401 3771 7401 3773 7401 3727 7402 3773 7402 3772 7402 3728 7403 3772 7403 3729 7403 3729 7404 3772 7404 3774 7404 3729 7405 3774 7405 3730 7405 3730 7406 3774 7406 3775 7406 3730 7407 3775 7407 3776 7407 3730 7408 3776 7408 3732 7408 3730 7409 3732 7409 3731 7409 3732 7410 3776 7410 3777 7410 3732 7411 3777 7411 3734 7411 3732 7412 3734 7412 3733 7412 3734 7413 3777 7413 3740 7413 3734 7414 3740 7414 3739 7414 3736 7415 3778 7415 3779 7415 3736 7416 3779 7416 3780 7416 3736 7417 3780 7417 3737 7417 3736 7418 3741 7418 3781 7418 3736 7419 3781 7419 3778 7419 3737 7420 3780 7420 3742 7420 3737 7421 3742 7421 3738 7421 3740 7422 3777 7422 3741 7422 3741 7423 3777 7423 3782 7423 3741 7424 3782 7424 3783 7424 3741 7425 3783 7425 3784 7425 3741 7426 3784 7426 3781 7426 3742 7427 3785 7427 3746 7427 3742 7428 3746 7428 3745 7428 3742 7429 3745 7429 3743 7429 3742 7430 3780 7430 3785 7430 3743 7431 3745 7431 3687 7431 3744 7432 3746 7432 3785 7432 3744 7433 3785 7433 3786 7433 3744 7434 3786 7434 3787 7434 3744 7435 3787 7435 3747 7435 3747 7436 3787 7436 3788 7436 3747 7437 3788 7437 3789 7437 3747 7438 3789 7438 3748 7438 3748 7439 3790 7439 3749 7439 3748 7440 3789 7440 3790 7440 3749 7441 3790 7441 3750 7441 3750 7442 3790 7442 3791 7442 3750 7443 3791 7443 3751 7443 3751 7444 3791 7444 3792 7444 3751 7445 3792 7445 3793 7445 3751 7446 3793 7446 3794 7446 3751 7447 3794 7447 3795 7447 3751 7448 3795 7448 3752 7448 3752 7449 3795 7449 3796 7449 3752 7450 3796 7450 3797 7450 3752 7451 3797 7451 3753 7451 3753 7452 3798 7452 3754 7452 3753 7453 3797 7453 3798 7453 3754 7454 3798 7454 3796 7454 3754 7455 3796 7455 3755 7455 3755 7456 3799 7456 3756 7456 3755 7457 3796 7457 3799 7457 3756 7458 3482 7458 3481 7458 3756 7459 3799 7459 3483 7459 3756 7460 3483 7460 3482 7460 3757 7461 3489 7461 3800 7461 3757 7462 3800 7462 3801 7462 3757 7463 3801 7463 3802 7463 3757 7464 3802 7464 3803 7464 3757 7465 3803 7465 3759 7465 3759 7466 3803 7466 3804 7466 3759 7467 3804 7467 3805 7467 3759 7468 3805 7468 3760 7468 3489 7469 3488 7469 3800 7469 3760 7470 3764 7470 3763 7470 3760 7471 3763 7471 3761 7471 3760 7472 3805 7472 3806 7472 3760 7473 3806 7473 3807 7473 3760 7474 3807 7474 3766 7474 3760 7475 3766 7475 3764 7475 3761 7476 3763 7476 3713 7476 3761 7477 3713 7477 3762 7477 3764 7478 3766 7478 3765 7478 3766 7479 3808 7479 3769 7479 3766 7480 3769 7480 3768 7480 3766 7481 3768 7481 3767 7481 3766 7482 3807 7482 3809 7482 3766 7483 3809 7483 3808 7483 3769 7484 3808 7484 3810 7484 3769 7485 3810 7485 3811 7485 3769 7486 3811 7486 3771 7486 3769 7487 3771 7487 3770 7487 3771 7488 3811 7488 3812 7488 3771 7489 3812 7489 3773 7489 3772 7490 3773 7490 3813 7490 3772 7491 3813 7491 3774 7491 3773 7492 3812 7492 3814 7492 3773 7493 3814 7493 3813 7493 3774 7494 3813 7494 3775 7494 3776 7495 3775 7495 3777 7495 3777 7496 3775 7496 3782 7496 3778 7497 3815 7497 3816 7497 3778 7498 3816 7498 3779 7498 3778 7499 3781 7499 3817 7499 3778 7500 3817 7500 3815 7500 3779 7501 3816 7501 3785 7501 3779 7502 3785 7502 3780 7502 3781 7503 3784 7503 3817 7503 3782 7504 3775 7504 3818 7504 3782 7505 3818 7505 3783 7505 3783 7506 3818 7506 3784 7506 3784 7507 3818 7507 3819 7507 3784 7508 3819 7508 3820 7508 3784 7509 3820 7509 3811 7509 3784 7510 3811 7510 3821 7510 3784 7511 3821 7511 3822 7511 3784 7512 3822 7512 3817 7512 3785 7513 3816 7513 3786 7513 3786 7514 3816 7514 3823 7514 3786 7515 3823 7515 3787 7515 3787 7516 3823 7516 3824 7516 3787 7517 3824 7517 3788 7517 3788 7518 3824 7518 3825 7518 3788 7519 3825 7519 3826 7519 3788 7520 3826 7520 3790 7520 3788 7521 3790 7521 3789 7521 3790 7522 3826 7522 3791 7522 3791 7523 3826 7523 3792 7523 3792 7524 3826 7524 3827 7524 3792 7525 3827 7525 3828 7525 3792 7526 3828 7526 3485 7526 3792 7527 3485 7527 3793 7527 3793 7528 3485 7528 3794 7528 3794 7529 3829 7529 3795 7529 3794 7530 3485 7530 3829 7530 3795 7531 3829 7531 3796 7531 3796 7532 3798 7532 3797 7532 3796 7533 3829 7533 3799 7533 3799 7534 3484 7534 3483 7534 3799 7535 3829 7535 3830 7535 3799 7536 3830 7536 3484 7536 3800 7537 3831 7537 3801 7537 3800 7538 3488 7538 3831 7538 3801 7539 3831 7539 3832 7539 3801 7540 3832 7540 3833 7540 3801 7541 3833 7541 3802 7541 3802 7542 3833 7542 3803 7542 3803 7543 3833 7543 3834 7543 3803 7544 3834 7544 3804 7544 3804 7545 3834 7545 3832 7545 3804 7546 3832 7546 3805 7546 3805 7547 3832 7547 3835 7547 3805 7548 3835 7548 3806 7548 3488 7549 3836 7549 3831 7549 3488 7550 3487 7550 3836 7550 3806 7551 3835 7551 3807 7551 3807 7552 3835 7552 3809 7552 3808 7553 3809 7553 3837 7553 3808 7554 3837 7554 3838 7554 3808 7555 3838 7555 3810 7555 3809 7556 3835 7556 3837 7556 3810 7557 3838 7557 3839 7557 3810 7558 3839 7558 3840 7558 3810 7559 3840 7559 3821 7559 3810 7560 3821 7560 3811 7560 3811 7561 3820 7561 3812 7561 3812 7562 3820 7562 3819 7562 3812 7563 3819 7563 3818 7563 3812 7564 3818 7564 3814 7564 3813 7565 3814 7565 3775 7565 3814 7566 3818 7566 3775 7566 3815 7567 3841 7567 3816 7567 3815 7568 3817 7568 3841 7568 3816 7569 3842 7569 3823 7569 3816 7570 3841 7570 3842 7570 3817 7571 3843 7571 3841 7571 3817 7572 3822 7572 3843 7572 3821 7573 3840 7573 3839 7573 3821 7574 3839 7574 3822 7574 3822 7575 3839 7575 3844 7575 3822 7576 3844 7576 3843 7576 3823 7577 3842 7577 3845 7577 3823 7578 3845 7578 3824 7578 3824 7579 3845 7579 3825 7579 3825 7580 3845 7580 3846 7580 3825 7581 3846 7581 3847 7581 3825 7582 3847 7582 3848 7582 3825 7583 3848 7583 3849 7583 3825 7584 3849 7584 3850 7584 3825 7585 3850 7585 3826 7585 3826 7586 3850 7586 3851 7586 3826 7587 3851 7587 3827 7587 3827 7588 3851 7588 3850 7588 3827 7589 3850 7589 3849 7589 3827 7590 3849 7590 3848 7590 3827 7591 3848 7591 3847 7591 3827 7592 3847 7592 3852 7592 3827 7593 3852 7593 3853 7593 3827 7594 3853 7594 3854 7594 3827 7595 3854 7595 3855 7595 3827 7596 3855 7596 3856 7596 3827 7597 3856 7597 3857 7597 3827 7598 3857 7598 3858 7598 3827 7599 3858 7599 3859 7599 3827 7600 3859 7600 3860 7600 3827 7601 3860 7601 3861 7601 3827 7602 3861 7602 3862 7602 3827 7603 3862 7603 3863 7603 3827 7604 3863 7604 3486 7604 3827 7605 3486 7605 3485 7605 3827 7606 3485 7606 3828 7606 3485 7607 3484 7607 3830 7607 3485 7608 3830 7608 3829 7608 3831 7609 3836 7609 3486 7609 3831 7610 3486 7610 3864 7610 3831 7611 3864 7611 3832 7611 3832 7612 3834 7612 3833 7612 3832 7613 3864 7613 3835 7613 3835 7614 3864 7614 3486 7614 3835 7615 3486 7615 3865 7615 3835 7616 3865 7616 3837 7616 3836 7617 3487 7617 3486 7617 3837 7618 3865 7618 3861 7618 3837 7619 3861 7619 3860 7619 3837 7620 3860 7620 3838 7620 3838 7621 3860 7621 3859 7621 3838 7622 3859 7622 3858 7622 3838 7623 3858 7623 3857 7623 3838 7624 3857 7624 3866 7624 3838 7625 3866 7625 3844 7625 3838 7626 3844 7626 3839 7626 3841 7627 3867 7627 3842 7627 3841 7628 3843 7628 3867 7628 3842 7629 3846 7629 3845 7629 3842 7630 3867 7630 3846 7630 3843 7631 3868 7631 3869 7631 3843 7632 3869 7632 3867 7632 3843 7633 3844 7633 3868 7633 3844 7634 3856 7634 3855 7634 3844 7635 3855 7635 3868 7635 3844 7636 3866 7636 3856 7636 3846 7637 3867 7637 3869 7637 3846 7638 3869 7638 3852 7638 3846 7639 3852 7639 3847 7639 3486 7640 3863 7640 3865 7640 3865 7641 3863 7641 3862 7641 3865 7642 3862 7642 3861 7642 3857 7643 3856 7643 3866 7643 3868 7644 3855 7644 3854 7644 3868 7645 3854 7645 3853 7645 3868 7646 3853 7646 3852 7646 3868 7647 3852 7647 3869 7647 3870 7648 3871 7648 3872 7648 3870 7649 3872 7649 3873 7649 3870 7650 3873 7650 3874 7650 3870 7651 3874 7651 3875 7651 3870 7652 3875 7652 3876 7652 3870 7653 3876 7653 3877 7653 3870 7654 3877 7654 3878 7654 3870 7655 3878 7655 3879 7655 3870 7656 3879 7656 3880 7656 3870 7657 3880 7657 3881 7657 3870 7658 3881 7658 3882 7658 3870 7659 3882 7659 3883 7659 3870 7660 3883 7660 3884 7660 3870 7661 3884 7661 3885 7661 3870 7662 3885 7662 3886 7662 3870 7663 3886 7663 3887 7663 3870 7664 3887 7664 3888 7664 3870 7665 3888 7665 3889 7665 3870 7666 3889 7666 3890 7666 3870 7667 3890 7667 3891 7667 3870 7668 3891 7668 3892 7668 3870 7669 3892 7669 3893 7669 3870 7670 3893 7670 3894 7670 3870 7671 3894 7671 3895 7671 3870 7672 3895 7672 3896 7672 3870 7673 3896 7673 3897 7673 3870 7674 3897 7674 3898 7674 3870 7675 3898 7675 3899 7675 3870 7676 3899 7676 3900 7676 3870 7677 3900 7677 3901 7677 3870 7678 3901 7678 3902 7678 3870 7679 3902 7679 3903 7679 3870 7680 3903 7680 3904 7680 3870 7681 3904 7681 3905 7681 3870 7682 3905 7682 3906 7682 3870 7683 3906 7683 3907 7683 3870 7684 3907 7684 3908 7684 3870 7685 3908 7685 3909 7685 3870 7686 3909 7686 3910 7686 3870 7687 3910 7687 3911 7687 3870 7688 3911 7688 3912 7688 3870 7689 3912 7689 3913 7689 3870 7690 3913 7690 3914 7690 3870 7691 3914 7691 3915 7691 3870 7692 3915 7692 3916 7692 3870 7693 3916 7693 3917 7693 3870 7694 3917 7694 3918 7694 3870 7695 3918 7695 3919 7695 3870 7696 3919 7696 3920 7696 3870 7697 3920 7697 3921 7697 3870 7698 3921 7698 3922 7698 3870 7699 3922 7699 3923 7699 3870 7700 3923 7700 3924 7700 3870 7701 3924 7701 3925 7701 3870 7702 3925 7702 3871 7702 3871 7703 3926 7703 3872 7703 3871 7704 3925 7704 3926 7704 3872 7705 3926 7705 3873 7705 3873 7706 3927 7706 3876 7706 3873 7707 3876 7707 3875 7707 3873 7708 3875 7708 3874 7708 3873 7709 3926 7709 3928 7709 3873 7710 3928 7710 3927 7710 3921 7711 3920 7711 3929 7711 3921 7712 3929 7712 3930 7712 3921 7713 3930 7713 3922 7713 3926 7714 3925 7714 3931 7714 3926 7715 3931 7715 3932 7715 3926 7716 3932 7716 3933 7716 3926 7717 3933 7717 3934 7717 3926 7718 3934 7718 3928 7718 3925 7719 3924 7719 3931 7719 3927 7720 3928 7720 3935 7720 3927 7721 3935 7721 3877 7721 3927 7722 3877 7722 3876 7722 3928 7723 3936 7723 3937 7723 3928 7724 3937 7724 3938 7724 3928 7725 3938 7725 3939 7725 3928 7726 3939 7726 3935 7726 3928 7727 3934 7727 3940 7727 3928 7728 3940 7728 3936 7728 3920 7729 3919 7729 3929 7729 3929 7730 3919 7730 3941 7730 3929 7731 3941 7731 3942 7731 3929 7732 3942 7732 3943 7732 3929 7733 3943 7733 3944 7733 3929 7734 3944 7734 3945 7734 3929 7735 3945 7735 3946 7735 3929 7736 3946 7736 3947 7736 3929 7737 3947 7737 3948 7737 3929 7738 3948 7738 3949 7738 3929 7739 3949 7739 3950 7739 3929 7740 3950 7740 3951 7740 3929 7741 3951 7741 3952 7741 3929 7742 3952 7742 3953 7742 3929 7743 3953 7743 3954 7743 3929 7744 3954 7744 3955 7744 3929 7745 3955 7745 3956 7745 3929 7746 3956 7746 3957 7746 3929 7747 3957 7747 3958 7747 3929 7748 3958 7748 3959 7748 3929 7749 3959 7749 3960 7749 3929 7750 3960 7750 3961 7750 3929 7751 3961 7751 3962 7751 3929 7752 3962 7752 3963 7752 3929 7753 3963 7753 3964 7753 3929 7754 3964 7754 3965 7754 3929 7755 3965 7755 3966 7755 3929 7756 3966 7756 3967 7756 3929 7757 3967 7757 3968 7757 3929 7758 3968 7758 3969 7758 3929 7759 3969 7759 3970 7759 3929 7760 3970 7760 3971 7760 3929 7761 3971 7761 3972 7761 3929 7762 3972 7762 3973 7762 3929 7763 3973 7763 3974 7763 3929 7764 3974 7764 3975 7764 3929 7765 3975 7765 3937 7765 3929 7766 3937 7766 3936 7766 3929 7767 3936 7767 3940 7767 3929 7768 3940 7768 3934 7768 3929 7769 3934 7769 3933 7769 3929 7770 3933 7770 3932 7770 3929 7771 3932 7771 3976 7771 3929 7772 3976 7772 3977 7772 3929 7773 3977 7773 3978 7773 3929 7774 3978 7774 3930 7774 3930 7775 3923 7775 3922 7775 3930 7776 3978 7776 3923 7776 3931 7777 3924 7777 3976 7777 3931 7778 3976 7778 3932 7778 3924 7779 3977 7779 3976 7779 3924 7780 3923 7780 3978 7780 3924 7781 3978 7781 3977 7781 3935 7782 3939 7782 3878 7782 3935 7783 3878 7783 3877 7783 3937 7784 3975 7784 3938 7784 3938 7785 3975 7785 3974 7785 3938 7786 3974 7786 3979 7786 3938 7787 3979 7787 3980 7787 3938 7788 3980 7788 3981 7788 3938 7789 3981 7789 3939 7789 3939 7790 3981 7790 3879 7790 3939 7791 3879 7791 3878 7791 3919 7792 3918 7792 3942 7792 3919 7793 3942 7793 3941 7793 3974 7794 3973 7794 3979 7794 3979 7795 3973 7795 3972 7795 3979 7796 3972 7796 3982 7796 3979 7797 3982 7797 3983 7797 3979 7798 3983 7798 3984 7798 3979 7799 3984 7799 3882 7799 3979 7800 3882 7800 3985 7800 3979 7801 3985 7801 3980 7801 3980 7802 3985 7802 3882 7802 3980 7803 3882 7803 3881 7803 3980 7804 3881 7804 3880 7804 3980 7805 3880 7805 3981 7805 3981 7806 3880 7806 3879 7806 3918 7807 3917 7807 3944 7807 3918 7808 3944 7808 3943 7808 3918 7809 3943 7809 3942 7809 3972 7810 3971 7810 3986 7810 3972 7811 3986 7811 3982 7811 3982 7812 3986 7812 3983 7812 3983 7813 3987 7813 3885 7813 3983 7814 3885 7814 3884 7814 3983 7815 3884 7815 3883 7815 3983 7816 3883 7816 3984 7816 3983 7817 3986 7817 3987 7817 3984 7818 3883 7818 3882 7818 3917 7819 3916 7819 3946 7819 3917 7820 3946 7820 3945 7820 3917 7821 3945 7821 3944 7821 3971 7822 3970 7822 3986 7822 3986 7823 3988 7823 3989 7823 3986 7824 3989 7824 3987 7824 3986 7825 3970 7825 3969 7825 3986 7826 3969 7826 3990 7826 3986 7827 3990 7827 3988 7827 3987 7828 3989 7828 3886 7828 3987 7829 3886 7829 3885 7829 3916 7830 3915 7830 3948 7830 3916 7831 3948 7831 3947 7831 3916 7832 3947 7832 3946 7832 3988 7833 3888 7833 3989 7833 3988 7834 3990 7834 3991 7834 3988 7835 3991 7835 3992 7835 3988 7836 3992 7836 3890 7836 3988 7837 3890 7837 3889 7837 3988 7838 3889 7838 3888 7838 3989 7839 3888 7839 3887 7839 3989 7840 3887 7840 3886 7840 3969 7841 3968 7841 3991 7841 3969 7842 3991 7842 3990 7842 3915 7843 3914 7843 3993 7843 3915 7844 3993 7844 3994 7844 3915 7845 3994 7845 3995 7845 3915 7846 3995 7846 3949 7846 3915 7847 3949 7847 3948 7847 3991 7848 3968 7848 3967 7848 3991 7849 3967 7849 3966 7849 3991 7850 3966 7850 3996 7850 3991 7851 3996 7851 3997 7851 3991 7852 3997 7852 3998 7852 3991 7853 3998 7853 3999 7853 3991 7854 3999 7854 3992 7854 3992 7855 3891 7855 3890 7855 3992 7856 3999 7856 3892 7856 3992 7857 3892 7857 3891 7857 3914 7858 4000 7858 3993 7858 3914 7859 3913 7859 4000 7859 3993 7860 4000 7860 3994 7860 3994 7861 4000 7861 4001 7861 3994 7862 4001 7862 4002 7862 3994 7863 4002 7863 3952 7863 3994 7864 3952 7864 3951 7864 3994 7865 3951 7865 3950 7865 3994 7866 3950 7866 3995 7866 3995 7867 3950 7867 3949 7867 3966 7868 3965 7868 3996 7868 3996 7869 3965 7869 3964 7869 3996 7870 3964 7870 3963 7870 3996 7871 3963 7871 4003 7871 3996 7872 4003 7872 4004 7872 3996 7873 4004 7873 4005 7873 3996 7874 4005 7874 3997 7874 3997 7875 3894 7875 3893 7875 3997 7876 3893 7876 3998 7876 3997 7877 4005 7877 3895 7877 3997 7878 3895 7878 3894 7878 3998 7879 3893 7879 3892 7879 3998 7880 3892 7880 3999 7880 4000 7881 3913 7881 3912 7881 4000 7882 3912 7882 4001 7882 4001 7883 3912 7883 3911 7883 4001 7884 3911 7884 3910 7884 4001 7885 3910 7885 4006 7885 4001 7886 4006 7886 4002 7886 4002 7887 4006 7887 4007 7887 4002 7888 4007 7888 4008 7888 4002 7889 4008 7889 3955 7889 4002 7890 3955 7890 3954 7890 4002 7891 3954 7891 3953 7891 4002 7892 3953 7892 3952 7892 3963 7893 3962 7893 4003 7893 4003 7894 3962 7894 4009 7894 4003 7895 4009 7895 4010 7895 4003 7896 4010 7896 4011 7896 4003 7897 4011 7897 4004 7897 4004 7898 3896 7898 4005 7898 4004 7899 4011 7899 3898 7899 4004 7900 3898 7900 3897 7900 4004 7901 3897 7901 3896 7901 4005 7902 3896 7902 3895 7902 3910 7903 3909 7903 4006 7903 4006 7904 3909 7904 3908 7904 4006 7905 3908 7905 4007 7905 4007 7906 3908 7906 3907 7906 4007 7907 3907 7907 4012 7907 4007 7908 4012 7908 4008 7908 4008 7909 4013 7909 4014 7909 4008 7910 4014 7910 3958 7910 4008 7911 3958 7911 3957 7911 4008 7912 3957 7912 3956 7912 4008 7913 3956 7913 3955 7913 4008 7914 4012 7914 4013 7914 3962 7915 3961 7915 4009 7915 4009 7916 3961 7916 4015 7916 4009 7917 4015 7917 4016 7917 4009 7918 4016 7918 4010 7918 4010 7919 3899 7919 3898 7919 4010 7920 3898 7920 4011 7920 4010 7921 4016 7921 3900 7921 4010 7922 3900 7922 3899 7922 3907 7923 3906 7923 4012 7923 4012 7924 3906 7924 3905 7924 4012 7925 3905 7925 4013 7925 4013 7926 3905 7926 3904 7926 4013 7927 3904 7927 4017 7927 4013 7928 4017 7928 4014 7928 4014 7929 4018 7929 4016 7929 4014 7930 4016 7930 4015 7930 4014 7931 4015 7931 3960 7931 4014 7932 3960 7932 3959 7932 4014 7933 3959 7933 3958 7933 4014 7934 4017 7934 4018 7934 3961 7935 3960 7935 4015 7935 4016 7936 4018 7936 3901 7936 4016 7937 3901 7937 3900 7937 3904 7938 3903 7938 4017 7938 4017 7939 3903 7939 3902 7939 4017 7940 3902 7940 4018 7940 4018 7941 3902 7941 3901 7941 4019 7942 4020 7942 4021 7942 4019 7943 4021 7943 4022 7943 4019 7944 4022 7944 4023 7944 4019 7945 4023 7945 4024 7945 4019 7946 4024 7946 4025 7946 4019 7947 4025 7947 4026 7947 4019 7948 4026 7948 4027 7948 4019 7949 4027 7949 4028 7949 4019 7950 4028 7950 4029 7950 4019 7951 4029 7951 4030 7951 4019 7952 4030 7952 4031 7952 4019 7953 4031 7953 4032 7953 4019 7954 4032 7954 4033 7954 4019 7955 4033 7955 4034 7955 4019 7956 4034 7956 4035 7956 4019 7957 4035 7957 4036 7957 4019 7958 4036 7958 4037 7958 4019 7959 4037 7959 4038 7959 4019 7960 4038 7960 4020 7960 4020 7961 4039 7961 4023 7961 4020 7962 4023 7962 4022 7962 4020 7963 4022 7963 4021 7963 4020 7964 4038 7964 4040 7964 4020 7965 4040 7965 4041 7965 4020 7966 4041 7966 4042 7966 4020 7967 4042 7967 4043 7967 4020 7968 4043 7968 4044 7968 4020 7969 4044 7969 4045 7969 4020 7970 4045 7970 4046 7970 4020 7971 4046 7971 4047 7971 4020 7972 4047 7972 4039 7972 4029 7973 4028 7973 4042 7973 4029 7974 4042 7974 4041 7974 4029 7975 4041 7975 4048 7975 4029 7976 4048 7976 4030 7976 4033 7977 4032 7977 4049 7977 4033 7978 4049 7978 4034 7978 4034 7979 4049 7979 4050 7979 4034 7980 4050 7980 4048 7980 4034 7981 4048 7981 4041 7981 4034 7982 4041 7982 4040 7982 4034 7983 4040 7983 4037 7983 4034 7984 4037 7984 4036 7984 4034 7985 4036 7985 4035 7985 4037 7986 4040 7986 4038 7986 4039 7987 4047 7987 4024 7987 4039 7988 4024 7988 4023 7988 4028 7989 4027 7989 4043 7989 4028 7990 4043 7990 4042 7990 4030 7991 4048 7991 4050 7991 4030 7992 4050 7992 4049 7992 4030 7993 4049 7993 4031 7993 4032 7994 4031 7994 4049 7994 4047 7995 4046 7995 4024 7995 4024 7996 4046 7996 4045 7996 4024 7997 4045 7997 4044 7997 4024 7998 4044 7998 4025 7998 4027 7999 4026 7999 4043 7999 4025 8000 4044 8000 4043 8000 4025 8001 4043 8001 4026 8001</p>
                </triangles>
            </mesh>
        </geometry>
    </library_geometries>
    <library_visual_scenes>
        <visual_scene id="VisualSceneNode" name="VisualScene">
            <node id="node" name="node">
                <instance_geometry url="#shape0-lib"/>
            </node>
        </visual_scene>
    </library_visual_scenes>
    <scene>
        <instance_visual_scene url="#VisualSceneNode"/>
    </scene>
</COLLADA>
