<?xml version="1.0" encoding="UTF-8"?>
<COLLADA xmlns="http://www.collada.org/2005/11/COLLADASchema" version="1.4.1">
    <asset>
        <contributor>
            <author>VCGLab</author>
            <authoring_tool>VCGLib | MeshLab</authoring_tool>
        </contributor>
        <created>火 1 14 05:33:51 2025 GMT</created>
        <modified>火 1 14 05:33:51 2025 GMT</modified>
        <up_axis>Y_UP</up_axis>
    </asset>
    <library_geometries>
        <geometry id="shape0-lib" name="shape0">
            <mesh>
                <source id="shape0-lib-positions" name="position">
                    <float_array id="shape0-lib-positions-array" count="19209">-2.73958 0.181879 0.965387 -2.6661 0.649599 0.965387 -2.6661 0.649599 0.104869 -2.73904 0.181879 -1.76675 -2.73046 -0.285841 -1.29899 -2.73046 -0.285841 0.965387 -2.63929 -0.753561 0.965387 -2.5229 -1.09348 0.965387 -2.42368 -1.28948 0.965387 -2.40437 -1.32707 0.965387 -2.36683 -1.38238 0.965387 -2.17053 -1.67074 0.965387 -2.01714 -1.86728 0.965387 -1.98764 -1.90487 0.965387 -1.75327 -2.10302 0.965387 -1.44273 -2.33715 0.965387 -1.20835 -2.46388 0.965387 -0.895138 -2.58793 0.965387 -0.835069 -2.61155 0.965387 -0.442474 -2.70177 0.965387 -0.367388 -2.71895 0.965387 0.0252065 -2.73882 0.965387 0.100293 -2.74258 0.965387 0.492887 -2.69318 0.965387 0.56851 -2.68351 0.965387 1.03619 -2.53906 0.965387 1.31455 -2.4177 0.965387 1.54839 -2.26144 0.965387 1.85195 -2.02731 0.965387 2.08579 -1.78244 0.965387 2.27136 -1.54831 0.965387 2.45371 -1.22182 0.965387 2.62266 -0.811019 0.965387 2.67951 -0.615018 0.965387 2.69023 -0.576891 0.965387 2.73046 -0.285841 0.965387 2.73207 -0.210662 0.965387 2.73958 0.181879 0.965387 2.69882 0.519648 0.965387 2.65108 0.715649 0.965387 2.64143 0.753239 0.965387 2.61944 0.812308 0.965387 2.50306 1.11786 0.965387 2.30193 1.49429 0.965387 2.1346 1.72788 0.965387 2.09705 1.76815 0.965387 1.90076 1.97597 0.965387 1.62884 2.2101 0.965387 1.39446 2.36422 0.965387 1.09411 2.50974 0.965387 1.03619 2.53767 0.965387 0.56851 2.68426 0.965387 0.175915 2.73367 0.965387 0.100293 2.74279 0.965387 -0.291765 2.724 0.965387 -0.367388 2.72024 0.965387 -0.835069 2.61284 0.965387 -1.30329 2.41308 0.965387 -1.50012 2.30837 0.965387 -1.53766 2.28796 0.965387 -1.57521 2.25574 0.965387 -1.7715 2.08552 0.965387 -2.0343 1.85139 0.965387 -2.23114 1.58558 0.965387 -2.26439 1.53564 0.965387 -2.43602 1.27412 0.965387 -2.54114 1.03999 0.965387 -2.5406 1.03946 -0.830941 -2.66503 0.649599 -2.06258 -2.71169 0.354254 -2.06258 -2.73851 0.181879 -2.06258 -2.73314 -0.113466 -2.06258 -2.72993 -0.285841 -2.06258 -2.63875 -0.753561 -2.06258 -2.63929 -0.753561 0.104869 -2.43602 1.27412 0.104869 -2.54006 1.03838 -2.06258 -2.43602 1.27358 -0.363184 -2.43548 1.27251 -1.76675 -2.43494 1.27251 -2.06258 -2.35932 1.38796 -2.06258 -2.22899 1.58558 -2.06258 -2.15712 1.68331 -2.06258 -2.03323 1.84978 -2.06258 -1.7715 2.08391 -2.06258 -1.68569 2.15908 -2.06258 -1.53766 2.28796 -2.06258 -1.38963 2.36636 -2.06258 -1.30329 2.41201 -2.06258 -1.00777 2.53874 -2.06258 -0.835069 2.61177 -2.06258 -0.367388 2.71971 -2.06258 0.100293 2.74226 -2.06258 0.56851 2.68319 -2.06258 1.03619 2.53659 -2.06258 1.39231 2.36368 -2.06258 1.47866 2.30676 -2.06258 1.62669 2.20902 -2.06258 1.89968 1.9749 -2.06258 2.13352 1.72627 -2.06258 2.30086 1.49214 -2.06258 2.50198 1.11786 -2.06258 2.55347 0.983608 -2.06258 2.64143 0.752702 -2.06258 2.6779 0.605029 -2.06258 2.69882 0.519111 -2.06258 2.71383 0.394528 -2.06258 2.73904 0.181879 -2.06258 2.73046 -0.285841 -2.06258 2.69023 -0.577428 -2.06258 2.62266 -0.811019 -2.06258 2.45264 -1.22182 -2.06258 2.3856 -1.3421 -2.06258 2.27029 -1.54777 -2.06258 2.08525 -1.7819 -2.06258 1.85088 -2.0257 -2.06258 1.54839 -2.25982 -2.06258 1.31401 -2.4177 -2.06258 1.13863 -2.49395 -2.06258 1.03619 -2.53799 -2.06258 0.740672 -2.62928 -2.06258 0.56851 -2.6819 -2.06258 0.272991 -2.71895 -2.06258 0.100293 -2.74043 -2.06258 -0.194689 -2.72593 -2.06258 -0.367388 -2.71734 -2.06258 -0.835069 -2.60994 -2.06258 -1.06945 -2.51704 -2.06258 -1.20621 -2.46281 -2.06258 -1.29256 -2.41609 -2.06258 -1.44005 -2.33608 -2.06258 -1.75219 -2.10195 -2.06258 -1.98603 -1.90326 -2.06258 -2.10242 -1.75559 -2.06258 -2.17 -1.66913 -2.06258 -2.25635 -1.54294 -2.06258 -2.40384 -1.32707 -2.06258 -2.47892 -1.1794 -2.06258 -2.52237 -1.09348 -2.06258 -2.56527 -0.968358 -2.06258 -2.5229 -1.09348 0.104869 -2.23007 1.58558 -1.29899 -2.40437 -1.32707 -0.830941 -2.23114 1.58558 0.572922 -2.2306 1.58558 -0.363184 -2.0343 1.85139 0.572922 -2.22953 1.58558 -1.76675 -2.17053 -1.67074 0.572922 -2.0343 1.85085 0.104869 -1.98657 -1.9038 -1.29899 -1.30329 2.41254 -1.76675 -1.75273 -2.10249 -0.830941 -0.835069 2.61284 0.572922 -1.44059 -2.33608 -1.76675 -0.367388 2.72024 0.572922 -1.20621 -2.46334 -1.76675 -1.20782 -2.46388 0.104869 -1.20835 -2.46388 0.572922 0.100293 2.74279 -1.29899 -0.835069 -2.61048 -1.29899 -0.835069 -2.61102 -0.363184 -0.835069 -2.61155 0.572922 0.56851 2.68426 -0.363184 0.56851 2.68373 -1.29899 -0.367388 -2.71842 -0.363184 -0.367388 -2.71895 0.572922 1.03619 2.53767 0.572922 1.03619 2.53713 -0.830941 1.39392 2.36422 -0.363184 1.39339 2.36422 -0.830941 1.39285 2.36368 -1.76675 0.56851 -2.68244 -1.76675 0.56851 -2.68351 0.104869 1.39446 2.36422 0.572922 1.03619 -2.53852 -1.29899 1.90022 1.97543 -0.830941 1.31455 -2.4177 -0.830941 2.13406 1.72681 -1.29899 2.1346 1.72788 0.572922 2.30139 1.49268 -1.29899 1.54839 -2.26036 -1.29899 2.50306 1.11786 0.572922 2.50252 1.11786 -0.830941 1.85141 -2.0257 -1.76675 1.85141 -2.02623 -1.29899 2.08579 -1.78244 -0.363184 2.64143 0.753239 -1.76675 2.27082 -1.54831 -1.29899 2.27136 -1.54831 0.104869 2.45318 -1.22182 -0.830941 2.69882 0.519648 -1.29899 2.73958 0.181879 -0.830941 -7.35776 -11.518 7.7574 -7.35776 -11.0519 7.75512 -7.85552 -11.0519 7.75512 -7.85552 -11.518 7.7574 -7.85552 -31.1733 7.7574 -7.35776 -31.1733 7.7574 -7.35776 -31.6416 7.75133 -7.35776 -32.11 7.73462 -7.35776 -32.547 7.70198 -7.35776 -32.5761 7.6997 -7.35776 -33.0444 7.64352 -7.35776 -33.3358 7.59569 -7.35776 -33.3358 5.84645 -7.35776 -11.0519 6.04233 -7.35776 -10.6306 6.23289 -7.35776 -10.4558 6.62996 -7.35776 -10.4446 6.65654 -7.35776 -10.4424 7.12497 -7.35776 -10.6306 7.55621 -7.85552 -10.6306 7.55621 -8.32351 -11.0519 7.75284 -8.32351 -11.518 7.75436 -8.32351 -31.1733 7.75436 -8.32351 -10.6306 7.55469 -8.79149 -11.0519 7.68831 -8.79149 -10.6396 7.5228 -8.79149 -11.518 7.68907 -8.79149 -31.1733 7.68907 -8.32351 -31.6416 7.74829 -7.85552 -31.6416 7.75057 -7.85552 -32.11 7.73462 -8.32351 -10.4446 7.12497 -8.79149 -10.4536 7.12497 -10.1951 -10.4446 0.00124525 -10.6631 -10.4446 0.00124525 -10.6631 -10.4446 1.04137 -10.1951 -10.4446 4.31663 -9.25948 -10.4446 6.18886 -9.20566 -11.0519 7.49243 -9.14573 -10.7046 7.44764 -9.20566 -31.1733 7.49243 -8.79149 -31.6416 7.68376 -8.32351 -32.11 7.73386 -8.32351 -32.5761 7.6997 -7.85552 -32.5761 7.70046 -9.25948 -10.4603 6.65654 -9.28506 -10.6149 7.14547 -9.75457 -10.6306 0.00124525 -10.0974 -10.485 0.00124525 -9.59158 -10.9578 0.00124525 -9.54501 -11.0519 0.00124525 -9.54234 -11.518 0.00124525 -9.54234 -33.3358 0.00124525 -11.257 -33.3358 0.00124525 -11.257 -11.0519 0.00124525 -11.1169 -10.7248 0.00124525 -11.0772 -10.6329 0.00124525 -10.9852 -10.5903 0.00124525 -11.0772 -10.6329 1.04137 -10.6631 -10.4469 1.97749 -10.6631 -10.4514 2.44516 -10.6631 -10.4626 2.9136 -10.1951 -10.4648 4.78431 -9.72709 -10.4536 5.72042 -9.43927 -11.0519 7.29428 -9.43927 -11.518 7.29504 -9.43927 -31.1733 7.29504 -9.56677 -10.7158 7.00426 -9.20299 -31.6416 7.4894 -9.19459 -32.11 7.4818 -8.79149 -32.11 7.66857 -7.85552 -33.0444 7.64276 -9.72709 -10.5298 6.18886 -9.72442 -10.6687 6.62085 -11.0742 -10.6329 1.50905 -11.257 -11.0519 1.04137 -11.0658 -10.6351 1.97749 -11.0497 -10.6396 2.44516 -11.0226 -10.6486 2.9136 -10.6631 -10.4872 3.38128 -10.5676 -10.6508 4.78431 -10.1951 -10.5455 5.25275 -9.60341 -11.0519 7.06044 -9.60379 -12.9231 7.0612 -9.60417 -13.8598 7.0612 -9.60456 -15.2626 7.0612 -9.60494 -16.6677 7.0612 -9.60532 -19.0072 7.0612 -9.6057 -22.2812 7.0612 -9.6057 -31.1733 7.0612 -9.4366 -31.6416 7.29276 -10.0355 -10.7158 6.18886 -9.97177 -10.7942 6.44092 -9.4282 -32.11 7.28365 -9.17512 -32.5761 7.4651 -8.79149 -32.5761 7.63365 -8.79149 -33.0444 7.57595 -8.32351 -33.0444 7.64124 -7.85552 -33.3358 7.59569 -10.2016 -10.6665 5.6817 -11.2517 -11.0519 1.50905 -11.2559 -15.731 1.50905 -11.257 -33.3358 0.751351 -11.257 -32.5761 1.04137 -11.2345 -11.0519 1.97749 -11.2028 -11.0519 2.44516 -10.9849 -10.6755 3.38128 -10.6631 -10.5589 3.84971 -10.9352 -10.7449 3.84971 -10.9032 -10.8032 4.10481 -10.4821 -10.7315 5.25275 -9.83741 -11.0519 6.68387 -9.83779 -12.4548 6.68463 -9.83817 -13.8598 6.68539 -9.83893 -17.1361 6.6869 -9.83931 -19.0072 6.68766 -9.83969 -22.2812 6.68766 -9.83969 -31.1733 6.68766 -9.60417 -31.6416 7.05816 -9.59883 -32.11 7.04981 -10.4352 -10.8032 5.49949 -10.11 -11.0519 6.18886 -9.97711 -11.0519 6.45003 -9.58738 -32.5761 7.03083 -9.40873 -32.5761 7.26467 -9.13848 -33.0444 7.43625 -8.97281 -33.3358 7.46586 -8.79149 -33.3358 7.52812 -8.61323 -33.3358 7.55317 -8.32351 -33.3358 7.59341 -9.10489 -33.3358 7.41196 -9.24994 -33.3358 7.28517 -9.3385 -33.3358 7.20773 -9.47744 -33.3358 7.06348 -9.55188 -33.3358 6.97389 -9.7519 -33.3358 6.65654 -9.92711 -33.3358 6.35968 -10.0031 -33.3358 6.21467 -10.0493 -33.3358 6.12584 -10.1672 -33.3358 5.88669 -10.2474 -33.3358 5.72042 -10.3436 -33.3358 5.51164 -10.3936 -33.3358 5.40155 -10.4535 -33.3358 5.25654 -10.4901 -33.3358 5.16771 -10.5737 -33.3358 4.94223 -10.6321 -33.3358 4.78431 -10.7276 -33.3358 4.49505 -10.7845 -33.3358 4.31663 -10.8459 -33.3358 4.10785 -10.8764 -33.3358 4.00232 -10.9364 -33.3358 3.76924 -10.9887 -33.3358 3.54299 -11.0249 -33.3358 3.38128 -11.0803 -33.3358 3.09126 -11.1116 -33.3358 2.9136 -11.1524 -33.3358 2.62358 -11.1761 -33.3358 2.44516 -11.2043 -33.3358 2.1559 -11.2196 -33.3358 1.97749 -11.236 -33.3358 1.68746 -11.2448 -33.3358 1.50905 -11.2517 -33.3358 1.21979 -11.2551 -33.3358 1.04137 -11.2402 -13.3915 1.97749 -11.2379 -12.4548 1.97749 -11.2555 -19.0072 1.50905 -11.2406 -29.7682 1.97749 -11.2421 -15.731 1.97749 -11.2563 -33.0444 1.04137 -11.2521 -32.11 1.50905 -11.2528 -31.6416 1.50905 -11.2532 -30.2366 1.50905 -11.2536 -28.3654 1.50905 -11.2063 -12.4548 2.44516 -11.1478 -11.0519 2.9136 -11.0726 -11.0519 3.38128 -10.9734 -11.0519 3.84971 -10.9058 -11.0519 4.1162 -10.8436 -11.0519 4.3508 -10.7062 -11.0519 4.78431 -9.9775 -11.518 6.45003 -9.97902 -18.0705 6.45307 -9.9794 -19.944 6.45383 -9.9794 -31.1733 6.45383 -9.83817 -31.6416 6.68539 -9.83282 -32.11 6.67552 -10.5348 -11.0519 5.25275 -10.4382 -11.0519 5.50632 -10.3279 -11.0519 5.74016 -10.3283 -11.9864 5.74092 -10.1119 -14.3282 6.18886 -9.84695 -32.5783 6.61478 -9.78435 -33.0444 6.65654 -9.56791 -33.0444 6.99894 -9.37209 -33.0444 7.23278 -11.2402 -30.7049 1.97749 -11.2089 -31.1733 2.44516 -11.2082 -18.5389 2.44516 -11.2078 -16.1994 2.44516 -11.2074 -14.7943 2.44516 -11.207 -13.3915 2.44516 -11.2089 -28.3654 2.44516 -11.2505 -32.5761 1.50905 -11.2395 -31.6416 1.97749 -11.1482 -11.518 2.9136 -11.073 -11.518 3.38128 -11.1486 -11.9864 2.9136 -10.9738 -11.518 3.84971 -10.9062 -11.518 4.11696 -10.707 -13.3915 4.78431 -10.9066 -13.3915 4.11848 -10.9081 -19.944 4.12303 -10.9085 -21.8151 4.12379 -10.844 -16.1994 4.35459 -10.536 -12.9231 5.25275 -10.5352 -11.518 5.25275 -10.5363 -13.8598 5.25275 -10.1126 -15.731 6.18886 -10.1142 -18.5389 6.18886 -10.1149 -19.944 6.18886 -10.1157 -22.2812 6.18886 -10.1161 -23.6841 6.18886 -10.1168 -27.4287 6.18886 -10.1172 -29.7682 6.18886 -10.1172 -31.1733 6.18886 -9.97788 -31.6416 6.45155 -9.97215 -32.11 6.44168 -9.96566 -32.4237 6.43029 -10.4386 -11.518 5.50632 -10.439 -12.9231 5.50784 -10.3287 -13.3915 5.74168 -9.95688 -32.7352 6.41435 -9.94352 -33.0444 6.39005 -11.2379 -32.11 1.97749 -11.2074 -31.6416 2.44516 -11.154 -31.1733 2.9136 -11.154 -25.5575 2.9136 -11.1536 -23.6841 2.9136 -11.1524 -19.4756 2.9136 -11.1517 -17.6022 2.9136 -11.1513 -16.6677 2.9136 -11.1505 -15.2626 2.9136 -11.2475 -33.0444 1.50905 -11.0742 -13.8598 3.38128 -10.9765 -18.0705 3.84971 -10.9077 -18.0705 4.12151 -11.0757 -17.1361 3.38128 -11.078 -22.2812 3.38128 -10.7073 -14.7943 4.78431 -10.5367 -15.2626 5.25275 -10.9768 -19.0072 3.84971 -10.9776 -21.3468 3.84971 -10.844 -21.8151 4.35839 -10.844 -19.4756 4.35687 -10.978 -22.7496 3.84971 -10.978 -31.1733 3.84971 -10.9085 -31.1733 4.12379 -10.844 -31.1733 4.35839 -10.7085 -19.4756 4.78431 -10.7077 -16.1994 4.78431 -10.3294 -15.731 5.74244 -10.3317 -22.7496 5.74244 -10.3325 -26.9603 5.7432 -10.3333 -30.7049 5.7432 -10.3333 -31.1733 5.7432 -10.1145 -31.6416 6.18886 -10.1035 -32.11 6.18886 -10.0603 -32.5783 6.23062 -10.439 -18.0705 5.5086 -10.5371 -16.6677 5.25275 -10.5379 -19.944 5.25275 -10.5386 -23.6841 5.25275 -10.539 -25.5575 5.25275 -10.5394 -28.8337 5.25275 -10.0645 -33.0444 6.15545 -11.152 -31.6416 2.9136 -11.204 -32.11 2.44516 -11.0772 -31.6416 3.38128 -11.0788 -31.1733 3.38128 -11.0788 -25.5575 3.38128 -11.0784 -23.6841 3.38128 -11.233 -32.5761 1.97749 -10.71 -31.1733 4.78431 -10.71 -27.897 4.78431 -10.7096 -25.0891 4.78431 -10.9077 -31.6416 4.12151 -10.439 -29.7682 5.50936 -10.439 -31.1733 5.50936 -10.3321 -31.6416 5.7394 -10.3462 -32.1346 5.67942 -10.3081 -32.5761 5.72042 -10.5394 -31.1733 5.25275 -10.2756 -33.0444 5.72042 -11.1467 -32.11 2.9136 -11.1967 -32.5761 2.44516 -10.9765 -31.6416 3.84971 -11.0711 -32.11 3.38128 -11.2253 -33.0444 1.97749 -10.8429 -31.6416 4.35535 -10.7081 -31.6416 4.78431 -10.9047 -32.11 4.10936 -10.4375 -31.6416 5.50481 -10.4333 -31.9957 5.49645 -10.4279 -32.3072 5.48355 -10.4214 -32.5761 5.4676 -10.4062 -33.0444 5.43192 -10.5363 -31.6416 5.25275 -11.1368 -32.5761 2.9136 -11.1853 -33.0444 2.44516 -10.97 -32.11 3.84971 -11.0589 -32.5761 3.38128 -10.839 -32.11 4.3432 -10.7005 -32.11 4.78431 -10.9005 -32.4237 4.09418 -10.5081 -32.1346 5.29754 -10.5165 -32.5761 5.23376 -10.5027 -33.0444 5.19808 -11.1234 -33.0444 2.9136 -10.9467 -32.5783 3.88843 -11.0406 -33.0444 3.38128 -10.8417 -32.5783 4.27639 -10.6833 -32.5761 4.78431 -10.894 -32.7352 4.07065 -10.6558 -33.0444 4.78431 -10.9459 -33.0444 3.80568 -10.8051 -33.0444 4.31663 -10.886 -33.0444 4.03876 -10.1951 -10.4447 0.00124508 -7.35776 -10.4861 -6.44657 -7.35776 -10.4447 -6.9144 -8.79149 -10.4447 -6.9144 -9.25948 -10.4447 -5.97874 -10.1951 -10.4447 -4.10667 -10.6631 -10.4447 -1.29971 -10.6631 -10.4447 0.00124508 -10.9852 -10.5897 0.00124508 -11.0772 -10.6311 0.00124508 -11.257 -11.0501 0.00124508 -11.257 -33.9558 0.00124508 -9.54234 -33.9558 0.00124508 -9.54234 -11.5196 0.00124508 -9.54501 -11.0501 0.00124508 -9.75457 -10.6311 0.00124508 -7.35776 -10.6726 -6.12684 -7.35776 -11.0501 -6.04178 -7.35776 -33.9558 -5.69546 -7.35776 -33.9558 -7.47032 -7.35776 -33.5139 -7.56753 -7.35776 -33.2607 -7.61386 -7.35776 -33.0282 -7.64804 -7.35776 -32.577 -7.70348 -7.35776 -32.1374 -7.73538 -7.35776 -32.1098 -7.73689 -7.35776 -31.6701 -7.75132 -7.35776 -31.6402 -7.75208 -7.35776 -31.1729 -7.7574 -7.35776 -11.0501 -7.7574 -7.35776 -10.7117 -7.69133 -7.35776 -10.6887 -7.68677 -7.35776 -10.4999 -7.38299 -7.35776 -10.447 -6.94402 -9.25948 -10.4493 -6.44657 -9.72709 -10.447 -5.51092 -8.32351 -10.5022 -7.38299 -8.79149 -10.5598 -7.38299 -9.25948 -10.5091 -6.9144 -10.6631 -10.4493 -2.23536 -11.0768 -10.6311 -1.29971 -11.0772 -10.6311 -0.831123 -7.85552 -10.6887 -7.68677 -8.32351 -10.6887 -7.68525 -9.72709 -10.4792 -5.97874 -10.1951 -10.4516 -4.5745 -8.79149 -10.7462 -7.65411 -9.0335 -10.8061 -7.62146 -9.21749 -10.7094 -7.35261 -9.51523 -10.7738 -7.17717 -9.59616 -10.6956 -6.9144 -9.74961 -10.6219 -6.45189 -10.6631 -10.4562 -2.70319 -11.0707 -10.6334 -1.76754 -11.2566 -11.0501 -1.29971 -11.257 -11.0501 -0.831123 -11.257 -33.9558 -0.363296 -11.2551 -33.9558 -0.831123 -11.2421 -33.9558 -1.29971 -11.2185 -33.9558 -1.76754 -11.1788 -33.9558 -2.23536 -11.1165 -33.9558 -2.70319 -11.0326 -33.9558 -3.17102 -10.9402 -33.9558 -3.58037 -10.8818 -33.9558 -3.81276 -10.7967 -33.9558 -4.10516 -10.6478 -33.9558 -4.5745 -10.4989 -33.9558 -4.98993 -10.4069 -33.9558 -5.22232 -10.2852 -33.9558 -5.49117 -10.2768 -33.9558 -5.50864 -10.0638 -33.9558 -5.9514 -9.9462 -33.9558 -6.1838 -9.80763 -33.9558 -6.42303 -9.79427 -33.9558 -6.44505 -9.5744 -33.9558 -6.80276 -9.38927 -33.9558 -7.03667 -9.16749 -33.9558 -7.23261 -9.15565 -33.9558 -7.24249 -8.79149 -33.9558 -7.40045 -8.32351 -33.9558 -7.46653 -7.87957 -33.9558 -7.46956 -7.41158 -33.9558 -7.47032 -7.85552 -11.0501 -7.7574 -8.32351 -11.0501 -7.75436 -10.0882 -10.6656 -5.97874 -10.1951 -10.4953 -5.04233 -10.6631 -10.4723 -3.17102 -8.79149 -11.0501 -7.69133 -9.0377 -11.0501 -7.62373 -9.2717 -11.0501 -7.42552 -10.0088 -10.7347 -6.29924 -9.52592 -11.0501 -7.1916 -9.69922 -11.0501 -6.9144 -9.90039 -11.0501 -6.57644 -11.0593 -10.6357 -2.23536 -11.2448 -11.0501 -1.76754 -11.257 -11.5196 -1.29971 -11.2486 -12.9238 -1.76754 -11.257 -12.9238 -1.29971 -11.257 -33.5139 -0.831123 -7.38753 -33.5139 -7.56753 -7.85552 -31.1729 -7.7574 -8.32351 -31.1729 -7.75436 -8.79149 -31.1729 -7.69133 -10.4627 -10.7508 -5.35523 -10.5214 -10.6818 -5.04233 -10.6005 -10.638 -4.5745 -10.6631 -10.5183 -3.63961 -11.0032 -10.6587 -3.17102 -11.0371 -10.6426 -2.70319 -9.0377 -31.1729 -7.62373 -9.2717 -31.1729 -7.42552 -9.5263 -13.391 -7.1916 -9.5263 -31.1729 -7.1916 -10.0328 -11.0501 -6.34177 -10.2153 -11.0501 -5.97874 -9.70342 -27.8974 -6.9144 -9.70266 -23.685 -6.9144 -9.70189 -20.4117 -6.9144 -9.70037 -14.7952 -6.9144 -9.90421 -27.4278 -6.581 -9.90306 -21.3463 -6.57948 -9.90153 -15.2625 -6.57796 -10.0328 -11.5196 -6.34253 -10.0336 -12.9238 -6.34328 -11.2219 -11.0501 -2.23536 -11.2505 -15.732 -1.76754 -11.2265 -13.391 -2.23536 -7.85552 -33.5139 -7.56677 -7.85552 -33.2607 -7.61386 -7.85552 -31.6402 -7.75208 -8.32351 -31.6402 -7.74905 -8.79149 -31.6402 -7.68601 -10.9207 -10.7669 -3.96617 -10.3775 -11.0501 -5.62863 -10.4795 -11.0501 -5.39472 -10.6138 -11.0501 -5.04233 -10.773 -11.0501 -4.5745 -10.9593 -10.7048 -3.63961 -11.1772 -11.0501 -2.70319 -9.03312 -31.6402 -7.62146 -9.26712 -31.6402 -7.42324 -9.70342 -31.1729 -6.9144 -9.52478 -31.6402 -7.18932 -10.3779 -11.9869 -5.62939 -10.2165 -12.9238 -5.97874 -10.3787 -14.3279 -5.63091 -9.90459 -31.1729 -6.581 -9.90459 -29.3015 -6.581 -10.0344 -21.3463 -6.34556 -10.034 -15.732 -6.34404 -10.2187 -18.0707 -5.97874 -10.2184 -17.1362 -5.97874 -10.2207 -22.7481 -5.97874 -11.2276 -15.2625 -2.23536 -11.2276 -15.732 -2.23536 -11.2475 -31.6402 -1.76754 -11.2566 -31.6402 -1.29971 -11.1776 -11.5196 -2.70319 -8.32351 -33.5139 -7.56374 -7.38753 -33.0282 -7.64804 -7.85552 -32.1098 -7.73689 -8.32351 -32.1098 -7.73462 -10.8726 -11.0501 -4.24717 -10.9322 -11.0501 -4.0125 -11.0211 -11.0501 -3.63961 -11.1097 -11.0501 -3.17102 -10.4798 -11.5196 -5.39472 -10.7741 -11.5196 -4.5745 -10.4802 -13.391 -5.39624 -10.4814 -18.0707 -5.39928 -10.615 -13.391 -5.04233 -10.8738 -11.5196 -4.24717 -11.1101 -11.5196 -3.17102 -8.82661 -32.0821 -7.66323 -9.02778 -31.9072 -7.61766 -9.21406 -32.0821 -7.45286 -9.51943 -32.1098 -7.18173 -9.70037 -31.6402 -6.9144 -10.3814 -22.7481 -5.63547 -10.3806 -20.4117 -5.63471 -10.0344 -31.1729 -6.34708 -10.0344 -27.4278 -6.34708 -10.221 -26.0259 -5.97874 -10.3817 -25.0891 -5.63547 -11.178 -12.4542 -2.70319 -11.1811 -22.7481 -2.70319 -11.1822 -26.9605 -2.70319 -11.1826 -28.8319 -2.70319 -11.1826 -31.1729 -2.70319 -11.2246 -31.1729 -2.23536 -11.2234 -31.6402 -2.23536 -11.2459 -32.1098 -1.76754 -11.2559 -32.1098 -1.29971 -11.2543 -32.577 -1.29971 -11.1108 -12.9238 -3.17102 -11.1112 -13.8583 -3.17102 -11.2513 -33.0443 -1.29971 -11.2471 -33.5139 -1.29971 -8.79149 -33.5139 -7.49615 -8.6327 -32.9361 -7.63513 -8.32351 -33.2469 -7.61158 -8.32351 -33.0121 -7.64652 -7.85552 -33.0259 -7.64804 -7.85552 -32.577 -7.70348 -8.32351 -32.577 -7.70044 -8.7163 -32.577 -7.65715 -10.9326 -11.5196 -4.01326 -11.0215 -11.5196 -3.63961 -10.7745 -12.4542 -4.5745 -10.8745 -14.7952 -4.25021 -10.8742 -12.9238 -4.24869 -10.8742 -12.4542 -4.24793 -10.6169 -17.6034 -5.04233 -10.4817 -19.9421 -5.40004 -10.6173 -18.5403 -5.04233 -9.00602 -32.2179 -7.61082 -9.25948 -32.577 -7.37767 -9.50684 -32.577 -7.16578 -9.6893 -32.1098 -6.9144 -9.90268 -31.6402 -6.57796 -10.4821 -24.6218 -5.40155 -10.4817 -20.879 -5.40079 -10.0325 -31.6402 -6.34404 -10.221 -31.1729 -5.97874 -10.3821 -31.1729 -5.63547 -10.3821 -30.7056 -5.63547 -11.1123 -16.6666 -3.17102 -11.1135 -20.4117 -3.17102 -11.1154 -26.9605 -3.17102 -11.1158 -29.3015 -3.17102 -11.1158 -31.1729 -3.17102 -11.1143 -31.6402 -3.17102 -11.1811 -31.6402 -2.70319 -11.22 -32.1098 -2.23536 -11.2429 -32.577 -1.76754 -11.0223 -12.9238 -3.63961 -11.0226 -13.8583 -3.63961 -11.2372 -33.0443 -1.76754 -11.228 -33.5139 -1.76754 -8.95029 -32.577 -7.59487 -8.78997 -33.0742 -7.57133 -10.9333 -14.7952 -4.0163 -10.7757 -15.2625 -4.5745 -10.9337 -16.6666 -4.01706 -10.7764 -18.5403 -4.5745 -10.8745 -16.1993 -4.25097 -10.936 -26.9605 -4.0201 -10.9352 -23.685 -4.01934 -10.6176 -19.9421 -5.04233 -9.20986 -33.5139 -7.29033 -9.29536 -33.0144 -7.29565 -9.49615 -32.8371 -7.15211 -9.66525 -32.577 -6.9144 -9.89734 -32.1098 -6.56733 -9.88588 -32.577 -6.54682 -10.4821 -31.1729 -5.40155 -10.6184 -31.1729 -5.04233 -10.6184 -25.0891 -5.04233 -10.618 -21.3463 -5.04233 -10.2184 -31.6402 -5.97874 -11.0234 -16.1993 -3.63961 -11.0249 -22.7481 -3.63961 -11.0257 -26.4932 -3.63961 -11.0261 -28.8319 -3.63961 -11.0238 -17.6034 -3.63961 -11.0261 -31.1729 -3.63961 -11.1761 -32.1098 -2.70319 -11.2143 -32.577 -2.23536 -11.2051 -33.0443 -2.23536 -11.1925 -33.5139 -2.23536 -10.7768 -22.2808 -4.5745 -10.8745 -25.5564 -4.25401 -10.8745 -31.1729 -4.25401 -10.936 -31.1729 -4.0201 -9.44347 -33.5139 -7.08907 -9.47477 -33.1502 -7.12553 -9.60532 -33.5139 -6.85516 -9.60608 -33.0144 -6.94782 -9.86603 -33.0443 -6.51492 -10.0264 -32.1098 -6.33341 -10.0157 -32.577 -6.31291 -9.99849 -33.0443 -6.28101 -10.2069 -32.1098 -5.97874 -10.481 -31.6402 -5.39852 -10.6165 -31.6402 -5.04233 -10.7768 -31.1729 -4.5745 -10.3806 -31.6402 -5.63243 -10.3756 -32.1098 -5.62028 -10.9352 -31.6402 -4.01782 -11.0238 -31.6402 -3.63961 -11.1085 -32.1098 -3.17102 -11.1669 -32.577 -2.70319 -11.1524 -33.0443 -2.70319 -11.1345 -33.5139 -2.70319 -10.8738 -31.6402 -4.25173 -9.86374 -33.5599 -6.41923 -9.97902 -33.4333 -6.24455 -10.1863 -32.577 -5.97874 -10.1535 -33.0443 -5.97874 -10.476 -32.1098 -5.38636 -10.6073 -32.1098 -5.04233 -10.768 -32.1098 -4.5745 -10.7749 -31.6402 -4.5745 -10.3657 -32.577 -5.59674 -10.8707 -32.1098 -4.23958 -10.9322 -32.1098 -4.00567 -11.0169 -32.1098 -3.63961 -11.0975 -32.577 -3.17102 -11.081 -33.0443 -3.17102 -11.0585 -33.5139 -3.17102 -9.96108 -33.7464 -6.21266 -10.0771 -33.5599 -6.02507 -10.3501 -33.0443 -5.56104 -10.3436 -33.5185 -5.47522 -10.4657 -32.577 -5.36282 -10.5886 -32.577 -5.04233 -10.7524 -32.577 -4.5745 -10.8635 -32.577 -4.21224 -10.4504 -33.0443 -5.32713 -10.9245 -32.577 -3.97833 -11.0036 -32.577 -3.63961 -10.9833 -33.0443 -3.63961 -10.9474 -33.5162 -3.67378 -10.4375 -33.3689 -5.29599 -10.423 -33.6796 -5.26105 -10.5604 -33.0443 -5.04233 -10.7264 -33.0443 -4.5745 -10.8509 -33.0443 -4.16743 -10.9131 -33.0443 -3.93276 -10.8921 -33.675 -3.85301 -10.9032 -33.362 -3.89479 -10.5073 -33.5185 -5.0803 -10.6902 -33.5139 -4.5745 -10.8425 -33.5162 -4.07326 -5.51472 -7.306 -7.7824 -5.51472 -7.77388 -7.78154 -5.98314 -7.77388 -7.71304 -5.98314 -6.40078 -7.71304 -5.51472 -6.40078 -7.7824 2.43994 -6.40078 -7.7824 2.90835 -7.306 -7.7824 3.37572 -7.77388 -7.78154 -0.981082 -8.0962 -7.749 -5.51472 -8.0962 -7.74815 -5.99261 -8.0962 -7.68135 3.69782 -8.0962 -7.749 -6.18419 -8.0962 -7.6334 -6.22419 -8.06782 -7.62569 -6.22735 -7.77388 -7.62998 -6.21366 -6.40078 -7.63597 -6.22945 -6.40078 -7.62998 -6.25998 -6.40078 -7.39877 -6.26103 -6.40078 -7.3825 -6.27998 -6.40078 -6.94493 -6.28103 -6.40078 -6.47738 -6.28103 -6.40078 -5.97815 -6.27893 -6.40078 -5.5106 -6.24735 -6.40078 -5.11927 -6.14945 -6.40078 -4.88806 -5.91472 -6.40078 -4.73478 -0.867399 -6.40078 -2.26518 -0.416877 -6.40078 -2.09734 -0.367404 -6.40078 -2.08107 0.0999601 -6.40078 -2.08107 0.599956 -6.40078 -2.2412 2.94835 -6.40078 -4.662 3.1873 -6.40078 -5.0422 3.22098 -6.40078 -5.47293 3.22309 -6.40078 -5.50632 3.22414 -6.40078 -5.97301 3.22414 -6.40078 -6.91496 3.19677 -6.40078 -7.32342 3.19151 -6.40078 -7.3825 3.14941 -6.40078 -7.54777 2.98835 -6.40078 -7.68649 2.95993 -6.40078 -7.69762 2.92941 -6.40078 -7.70447 2.47046 -6.40078 -7.78069 3.85256 -8.0962 -7.72845 4.14308 -8.0962 -7.68735 4.22203 -8.0962 -7.67365 4.35571 -8.0962 -7.52122 4.39992 -8.0962 -7.40733 4.46939 -8.0962 -6.95863 4.4715 -8.0962 -6.91496 4.47255 -8.0962 -5.55342 4.47255 -8.0962 -5.5106 4.4715 -8.0962 -3.63871 4.36203 -8.0962 -3.16517 2.48941 -8.0962 0.965684 -6.2484 -8.0962 0.965684 -6.25682 -8.0962 -5.0422 -6.25682 -8.0962 -6.91496 -6.23998 -8.0962 -7.38507 -6.2263 -8.0962 -7.58373 -6.21893 -8.0962 -7.61799 3.37572 -7.306 -7.74643 3.87466 -7.74351 -7.71561 -6.24735 -7.77388 -7.3825 4.17571 -7.87927 -7.67194 3.61887 -7.06202 -7.62484 4.24203 -7.80243 -7.3825 3.17467 -6.51762 -7.64453 4.25992 -7.78981 -6.91496 4.25992 -7.78981 -5.5106 -6.23893 -7.9289 0.965684 2.46625 -8.05504 0.965684 2.3431 -7.8411 0.965684 2.18099 -7.64475 0.965684 2.11257 -7.56226 0.965684 1.91573 -7.32824 0.965684 1.71889 -7.09438 0.965684 1.68205 -7.06434 0.965684 1.48521 -6.90733 0.965684 1.10837 -6.76924 0.965684 1.03574 -6.74268 0.965684 -4.57894 -6.74268 0.965684 -4.97157 -6.75696 0.965684 -5.04736 -6.75978 0.965684 -5.43999 -6.86584 0.965684 -5.51472 -6.88609 0.965684 -5.79367 -7.0338 0.965684 -6.00314 -7.306 0.965684 -6.03367 -7.36343 0.965684 -6.19261 -7.66284 0.965684 -6.23682 -7.89687 0.965684 4.25887 -7.78981 -3.63871 4.06519 -7.55579 -3.63871 3.62624 -7.05306 -3.35869 4.2115 -7.84691 -3.17116 3.56098 -7.12924 -3.04699 3.39361 -6.94335 -3.19 -6.24835 -8.0962 0.966348 -6.25688 -8.0962 4.4627 -6.41677 -6.05635 6.03463 -6.4157 -6.05635 5.72064 -6.4125 -6.05635 5.56663 -6.40504 -6.05635 5.25265 -6.23876 -7.92888 0.966348 -6.23663 -7.89693 0.966348 -6.19186 -7.66291 0.966348 -6.03303 -7.36341 0.966348 -6.00212 -7.3059 0.966348 -5.82731 -7.07728 0.966348 -5.7932 -7.03375 0.966348 -5.74843 -7.00999 0.966348 -5.515 -6.88619 0.966348 -5.04706 -6.7598 0.966348 -4.97138 -6.757 0.966348 -4.57912 -6.74262 0.966348 1.03616 -6.74262 0.966348 1.10865 -6.76918 0.966348 1.48492 -6.90735 0.966348 1.68211 -7.0643 0.966348 1.71942 -7.09425 0.966348 1.7514 -7.13179 0.966348 2.15005 -7.60701 0.966348 2.34298 -7.84102 0.966348 2.49008 -8.0962 0.966348 4.24352 -8.0962 2.97375 4.41727 -8.0962 3.30765 4.44178 -8.0962 3.38133 4.4695 -8.0962 3.80419 4.47163 -8.0962 3.84933 4.4727 -8.0962 6.65663 4.44925 -8.0962 7.12462 4.2723 -8.0962 7.43463 3.85553 -8.0962 7.52225 3.37586 -8.0962 7.54881 1.97204 -8.0962 7.54881 -4.11118 -8.0962 7.54814 -5.515 -8.0962 7.54748 -5.83904 -8.0962 7.49105 -6.01172 -8.0962 7.45985 -6.19186 -8.0962 7.3948 -6.23023 -8.0962 7.37754 -6.24622 -8.0962 7.15118 -6.25688 -8.0962 6.80267 -6.41677 -6.05635 6.18863 -6.4157 -6.05635 6.65663 -6.40291 -6.05635 7.12462 -6.30271 -6.05635 7.41405 -5.98294 -6.05635 7.52557 -5.515 -6.05635 7.582 -1.30247 -6.05635 7.73866 -0.835597 -6.05635 7.74596 -0.522215 -6.05635 7.74662 0.568223 -6.05635 7.74662 1.03616 -6.05635 7.74397 1.5041 -6.05635 7.72937 2.43998 -6.05635 7.65435 2.9399 -6.05635 7.51628 3.1808 -6.05635 7.13392 3.20638 -6.05635 6.78408 3.21491 -6.05635 6.65663 3.21384 -6.05635 6.34264 3.21171 -6.05635 5.87133 3.21064 -6.05635 5.72064 3.19146 -6.05635 5.25265 2.9431 -6.05635 4.81519 1.48172 -6.05635 2.41282 1.17047 -6.05635 2.2057 0.991394 -6.05635 2.16853 0.568223 -6.05635 2.1433 0.100283 -6.05635 2.13401 -0.137417 -6.05635 2.13534 -0.367657 -6.05635 2.13667 -0.603226 -6.05635 2.1453 -0.835597 -6.05635 2.15724 -1.03919 -6.05635 2.17118 -1.16177 -6.05635 2.1838 -6.22064 -6.05635 4.90082 -6.30484 -6.05635 4.95525 -6.39438 -6.05635 5.16436 4.18277 -7.88155 3.03415 3.61143 -7.07109 3.14634 4.24672 -7.80408 3.38133 -5.98294 -7.77393 7.49703 -5.515 -7.77393 7.582 3.37586 -7.77393 7.582 4.19129 -7.86618 7.4333 3.88218 -7.73559 7.49238 -6.41284 0.182612 -4.50041 -6.40785 -0.284761 -4.50041 -6.22682 -0.284761 -2.43842 -6.23057 0.182612 -2.43126 -6.22183 0.49003 -2.44844 -6.4091 0.235098 -4.50041 -6.3679 0.63874 -4.50041 -6.26677 1.11611 -4.50041 -6.04954 2.0871 -4.50041 -6.02956 2.14958 -4.50041 -5.89223 2.48449 -4.50041 -5.44403 3.37675 -4.50041 -5.04202 3.92535 -4.50041 -4.61004 4.42522 -4.50041 -4.12938 4.8751 -4.50041 -3.59878 5.28874 -4.50041 -2.71485 5.78985 -4.50041 -1.71982 6.15975 -4.50041 -1.35651 6.26972 -4.50041 -1.29534 6.28472 -4.50041 -0.834648 6.3322 -4.50041 -0.366469 6.36095 -4.50041 0.0630066 6.3647 -4.50041 0.100461 6.3647 -4.50041 0.522446 6.35095 -4.50041 0.564894 6.34845 -4.50041 0.973146 6.31846 -4.50041 1.03432 6.31096 -4.50041 1.41011 6.24848 -4.50041 1.48003 6.23348 -4.50041 1.51873 6.22348 -4.50041 2.7747 5.77111 -4.50041 2.84212 5.74111 -4.50041 2.89206 5.71487 -4.50041 3.35524 5.44494 -4.50041 3.41142 5.40995 -4.50041 3.761 5.18376 -4.50041 3.80969 5.14502 -4.50041 4.24291 4.79262 -4.50041 4.29784 4.73888 -4.50041 4.66115 4.38023 -4.50041 4.71358 4.3265 -4.50041 5.10186 3.87912 -4.50041 5.14805 3.81788 -4.50041 5.193 3.75415 -4.50041 5.65618 2.9956 -4.50041 5.6824 2.95062 -4.50041 5.71237 2.88313 -4.50041 6.07692 1.99837 -4.50041 6.21425 1.58474 -4.50041 6.23423 1.48101 -4.50041 6.27917 1.07737 -4.50041 6.31663 0.649987 -4.50041 6.3416 0.182612 -4.50041 6.3366 -0.284761 -4.50041 6.30789 -0.752136 -4.50041 6.26294 -1.21951 -4.50041 6.17056 -1.70438 -4.50041 5.64994 -3.01777 -4.50041 5.27415 -3.60636 -4.50041 4.67363 -4.3899 -4.50041 4.45765 -4.54986 -4.50041 -4.50392 -4.54986 -4.50041 -4.5626 -4.49987 -4.50041 -4.81854 -4.26119 -4.50041 -5.4203 -3.52639 -4.50041 -5.44527 -3.4914 -4.50041 -5.92219 -2.56914 -4.50041 -5.93218 -2.5404 -4.50041 -6.27926 -1.39946 -4.50041 -6.34543 -1.03331 -4.50041 -6.37289 -0.73589 -4.50041 -6.21808 -0.553438 -2.45823 -5.98087 -0.284761 -2.23773 -5.93717 -1.21951 -2.2721 -6.01957 -0.727142 -2.30193 -5.98087 0.182612 -2.23058 -6.02332 0.647488 -2.2962 -5.94716 1.11611 -2.27067 -5.89223 1.58474 -2.28188 -5.82356 2.05211 -2.33939 -5.77113 2.34078 -2.4148 -5.98586 1.58474 -2.70306 -5.75615 -2.41044 -2.44773 -5.80359 -2.15551 -2.36922 -5.87974 -1.68813 -2.28809 -5.51394 -1.68813 -2.0874 -5.51394 -1.21951 -2.07117 -5.51394 -0.752136 -2.06783 -5.51394 0.649987 -2.06783 -5.51394 1.11611 -2.06998 -5.51394 1.58474 -2.08167 -5.51394 2.05211 -2.1387 -5.53267 2.50699 -2.27997 -5.38285 2.98811 -2.33152 -5.30669 3.26178 -2.41265 -5.28422 -3.33519 -2.45584 -5.35414 -3.0915 -2.36731 -5.52268 -2.58914 -2.3024 -5.51394 -2.15551 -2.16829 -5.04451 -2.62413 -2.07642 -5.04451 -2.15551 -2.06783 -2.63745 -0.752136 -2.06258 -2.72859 -0.284761 -2.06258 -2.73233 -0.111058 -2.06258 -2.73733 0.182612 -2.06258 -2.66367 0.649987 -2.06258 -2.61747 0.793698 -2.06258 -2.53757 1.03738 -2.06258 -5.04451 2.05211 -2.06783 -5.04451 2.52073 -2.0726 -5.04451 2.98811 -2.13059 -5.04451 3.43424 -2.28737 -4.8872 3.78789 -2.35657 -4.86348 -3.8588 -2.37972 -5.02828 -3.51889 -2.32746 -5.04451 -3.0915 -2.16686 -4.57758 -3.56013 -2.10148 -4.11065 -4.02875 -2.08907 -4.57758 -3.0915 -2.06783 -2.52009 -1.09204 -2.06258 -2.40274 -1.32573 -2.06258 -2.25417 -1.54192 -2.06258 -2.16677 -1.66814 -2.06258 -2.1006 -1.75311 -2.06258 -1.9845 -1.90182 -2.06258 -1.74978 -2.10052 -2.06258 -1.43891 -2.33421 -2.06258 -1.29034 -2.41544 -2.06258 -1.2042 -2.46167 -2.06258 -0.834648 -2.60913 -2.06258 -0.366469 -2.71536 -2.06258 0.0992126 -2.7391 -2.06258 0.272751 -2.71786 -2.06258 0.566143 -2.68161 -2.06258 1.03432 -2.5379 -2.06258 1.31273 -2.41669 -2.06258 1.5462 -2.25798 -2.06258 1.65731 -2.17175 -2.06258 1.84833 -2.02304 -2.06258 1.9969 -1.87058 -2.06258 2.08429 -1.78061 -2.06258 2.15296 -1.69438 -2.06258 2.26782 -1.54692 -2.06258 2.38517 -1.34073 -2.06258 2.45009 -1.21951 -2.06258 2.62238 -0.810869 -2.06258 2.68855 -0.575933 -2.06258 2.71477 -0.390982 -2.06258 2.72726 -0.284761 -2.06258 2.73849 0.182612 -2.06258 2.71227 0.395055 -2.06258 2.69604 0.518772 -2.06258 2.63861 0.753709 -2.06258 2.50128 1.11611 -2.06258 2.29778 1.49101 -2.06258 2.23785 1.57724 -2.06258 2.13173 1.7247 -2.06258 1.89827 1.97463 -2.06258 1.62485 2.20707 -2.06258 1.47753 2.30579 -2.06258 1.39139 2.36202 -2.06258 1.03432 2.53573 -2.06258 0.566143 2.68194 -2.06258 0.393853 2.70443 -2.06258 0.0992126 2.74067 -2.06258 -0.366469 2.71818 -2.06258 -0.834648 2.61071 -2.06258 -1.30283 2.41076 -2.06258 -1.38897 2.36577 -2.06258 -1.53754 2.28705 -2.06258 -1.76976 2.0821 -2.06258 -2.03069 1.84841 -2.06258 -2.15679 1.68096 -2.06258 -2.22795 1.58474 -2.06258 -2.43395 1.27107 -2.06258 -4.57758 2.98811 -2.06783 -4.11065 3.92285 -2.07666 -4.57758 3.45673 -2.08382 -4.59506 3.9366 -2.24823 -4.45024 4.26901 -2.34727 -4.41778 -4.33867 -2.36397 -4.57509 -4.02 -2.2721 -4.10316 -4.49488 -2.26947 -3.64247 -4.49613 -2.0979 -2.70736 -4.966 -2.07356 -3.17305 -4.49613 -2.06783 -4.11065 -3.56013 -2.06783 -4.11065 3.45673 -2.06783 -3.17305 4.39148 -2.06783 -2.70487 4.8601 -2.06926 -3.64247 4.39148 -2.07952 -4.12688 4.41147 -2.24465 -3.98206 4.71764 -2.35084 -3.9446 -4.78855 -2.37542 -4.07445 -4.55111 -2.28928 -3.60627 -4.95225 -2.31433 -3.17429 -4.966 -2.15087 -0.366469 -6.39936 -2.08096 -2.23794 -4.966 -2.06783 -1.30283 5.32748 -2.06783 -1.76851 5.32748 -2.07046 -2.23794 5.32748 -2.09217 -3.17305 4.8601 -2.10339 -3.63498 4.8676 -2.26542 -3.47767 5.14127 -2.38115 -4.06196 -4.90851 -4.38968 -3.63124 -5.26467 -4.38968 -3.42774 -5.21218 -2.43866 -3.17429 -5.28841 -2.35156 -2.69238 -5.44962 -2.27759 -0.41516 -6.39936 -2.09718 -0.86586 -6.39936 -2.26518 -2.0182 -6.39936 -4.38968 1.96569 -6.39936 -4.38968 0.598603 -6.39936 -2.24108 0.591112 -6.39936 -2.23845 0.0992126 -6.39936 -2.08048 0.0517703 -6.39936 -2.08048 -0.8334 -5.43337 -2.06783 -1.30158 -5.43337 -2.06855 1.5025 5.32748 -2.06783 0.0992126 5.7961 -2.09217 -0.366469 5.7961 -2.09432 -0.834648 5.7961 -2.11603 -1.30283 5.7961 -2.18357 -2.23794 5.69613 -2.29262 -2.73358 5.36621 -2.24633 -3.17305 5.23625 -2.30407 -2.59625 5.6224 -2.36397 -3.5426 -5.3284 -4.38968 -2.52633 -5.6933 -2.40955 1.03557 -5.43337 -2.06783 2.43886 4.8601 -2.06783 1.97068 5.32748 -2.07451 0.566143 5.7961 -2.10172 0.0992126 6.13601 -2.29262 -0.366469 6.13351 -2.29501 -0.834648 6.11101 -2.31648 -1.30283 6.06853 -2.38425 -1.56626 6.03978 -2.44582 4.1655 -4.82229 -4.38968 2.90829 -5.36339 -2.28785 2.90829 -4.966 -2.08692 2.44011 -4.966 -2.06783 2.90704 4.8601 -2.07499 3.84215 3.92285 -2.06783 3.37646 4.39148 -2.06855 2.43886 5.32748 -2.12797 1.03432 5.7961 -2.13512 0.566143 6.12351 -2.30264 0.0992126 6.19224 -2.70306 -0.366469 6.18474 -2.70306 4.55503 -4.27244 -2.44797 4.0831 -4.73606 -2.45966 3.25162 -5.26842 -2.36087 2.34772 -5.72704 -2.36301 1.3352 -6.19692 -2.41336 3.39519 -4.99349 -2.24752 3.32278 -4.55111 -2.07427 3.37646 -4.49613 -2.07237 3.79595 -4.54986 -2.17617 3.84215 -4.49613 -2.16782 3.84215 -4.02875 -2.06998 4.77975 -2.62413 -2.06783 3.84215 4.39148 -2.1177 3.37646 4.8601 -2.16901 4.31157 3.92285 -2.11484 4.31157 3.45673 -2.06807 2.89455 5.34372 -2.27663 2.43886 5.65364 -2.32889 1.97068 5.74361 -2.2752 1.03432 6.09602 -2.33581 0.566143 6.166 -2.70306 5.50637 -2.9053 -2.41217 5.10685 -3.4614 -2.34822 4.65865 -4.02875 -2.35609 4.26788 -4.45614 -2.37232 4.20545 -4.55111 -2.40167 3.84339 -4.82854 -2.36636 4.16051 -4.55111 -2.37065 3.84339 -4.55111 -2.19979 4.31157 -4.02875 -2.15732 4.31157 -3.56013 -2.07117 4.77975 -3.0915 -2.07738 5.24668 -2.15551 -2.07451 5.24668 -1.68813 -2.06783 4.28785 4.37148 -2.30503 3.79845 4.83636 -2.34273 3.37646 5.17502 -2.36874 4.75478 3.88661 -2.33271 4.77975 2.98811 -2.07284 5.24668 2.52073 -2.1072 4.77975 3.45673 -2.15612 4.77975 2.52073 -2.06783 5.24668 2.05211 -2.07189 2.72975 5.59115 -2.40668 1.39139 6.06103 -2.3969 5.25542 -3.07401 -2.28212 5.99327 -1.60566 -2.37829 5.57254 -2.62413 -2.33271 4.81596 -3.59512 -2.23893 5.24668 -2.62413 -2.13202 5.71611 -1.21951 -2.11078 5.71611 -0.752136 -2.08477 5.71611 -0.284761 -2.07857 5.71611 0.182612 -2.07785 5.24668 1.58474 -2.06783 4.58499 4.20153 -2.39785 4.11806 4.66265 -2.40096 3.61368 5.09879 -2.45966 5.10685 3.45673 -2.35657 5.02321 3.70416 -2.44582 5.71611 1.11611 -2.10243 5.71611 1.58474 -2.17498 5.59751 2.52073 -2.30837 5.26666 2.98936 -2.26064 5.71611 0.649987 -2.08191 6.14933 -0.752136 -2.70306 6.03822 -1.21951 -2.31171 5.66992 -2.15551 -2.27496 6.07567 -0.752136 -2.28546 6.09315 -0.284761 -2.27926 6.0969 0.182612 -2.27854 5.52509 2.83565 -2.38258 6.08191 0.649987 -2.2826 6.04696 1.11611 -2.30312 5.99327 1.58474 -2.37566 5.95956 1.84591 -2.44391 6.18554 -0.284761 -2.70306 6.19303 0.182612 -2.70306 6.16057 0.649987 -2.70306 -5.79401 -2.20226 3.99718 -5.77223 -2.31091 3.99718 -8.26314 -2.20226 4.89478 -8.43598 -2.20226 5.2206 -8.4476 -2.20226 5.25326 -8.45922 -2.20226 5.72115 -8.45922 -2.20226 6.65691 -8.44324 -2.20226 7.1248 -8.25733 -2.20226 7.46951 -7.85501 -2.20226 7.58127 -5.51515 -2.20226 7.77566 0.0186027 -2.20226 8.01728 0.0999385 -2.20226 8.01688 5.24734 -2.20226 7.78196 5.67145 -2.20226 7.75087 5.71648 -2.20226 7.74064 6.1188 -2.20226 7.53168 6.17399 -2.20226 7.49706 6.35264 -2.20226 7.12952 6.35409 -2.20226 7.1248 6.37588 -2.20226 6.71987 6.37878 -2.20226 6.65691 6.37588 -2.20226 6.18864 6.37297 -2.20226 5.72115 6.36571 -2.20226 5.25326 5.76731 -2.20226 3.99718 5.51604 -2.87416 3.99718 5.50297 -2.89944 3.99718 5.48845 -2.9266 3.99718 5.11227 -3.47174 3.99718 4.94669 -3.70564 3.99718 4.59956 -4.18967 3.99718 4.54001 -4.25795 3.99718 4.44125 -4.35528 3.99718 4.174 -4.61182 3.99718 4.06216 -4.71821 3.99718 3.98373 -4.78046 3.99718 3.40276 -5.16149 3.99718 3.24299 -5.26561 3.99718 2.90748 -5.45349 3.99718 2.57197 -5.62212 3.99718 2.4979 -5.6591 3.99718 2.33813 -5.72776 3.99718 1.50589 -6.05635 3.99718 -1.41785 -6.05635 3.99718 -1.68655 -5.97449 3.99718 -2.49846 -5.69984 3.99718 -2.54348 -5.67947 3.99718 -3.35103 -5.2377 3.99718 -3.4832 -5.14979 3.99718 -3.91167 -4.81705 3.99718 -3.94507 -4.78989 3.99718 -3.97267 -4.76461 3.99718 -4.3779 -4.3832 3.99718 -4.42147 -4.3417 3.99718 -4.46359 -4.29756 3.99718 -4.86591 -3.86107 3.99718 -5.20288 -3.41062 3.99718 -5.31471 -3.23595 3.99718 -5.70396 -2.47389 3.99718 -7.80127 -3.56228 4.89635 -7.85501 -2.6263 4.78184 -8.20795 -2.6263 4.90737 6.00115 -2.96282 4.95931 -7.38733 -4.03009 4.82867 -7.68798 -4.03009 4.95459 -8.14695 -3.01488 4.9538 6.36281 -2.23433 5.72115 6.20014 -2.6263 5.25326 6.02875 -3.01639 5.25326 5.90239 -3.25029 5.25326 5.51168 -3.83995 4.98214 -6.93853 -4.97739 4.87904 -7.38007 -4.45601 4.92547 -7.62553 -4.27191 5.01283 -7.2203 -4.8295 4.95302 -8.0874 -3.32612 5.25326 -8.176 -3.09222 5.25326 -8.33286 -2.6263 5.25326 6.36426 -2.23621 6.18864 6.21176 -2.6263 6.18864 6.20885 -2.6263 5.72115 6.0302 -3.01978 5.72115 5.90965 -3.25368 5.72115 5.71502 -3.56228 5.25326 5.52911 -3.86334 5.25326 5.35192 -4.09724 5.25326 5.11662 -4.38396 5.25326 5.08177 -4.34283 4.95616 -5.83759 -6.05635 4.76098 -6.22103 -6.05635 4.90107 -7.62698 -4.27606 5.25326 -7.75624 -4.03009 5.25326 -7.98282 -3.56228 5.25326 -7.08958 -5.11207 5.25326 -7.2537 -4.87817 5.25326 -7.48754 -4.50996 5.25326 -6.30527 -6.05635 4.95577 -6.39387 -6.05635 5.16472 -8.0874 -3.32649 5.72115 -8.0874 -3.32649 6.65691 -8.176 -3.09222 6.65691 -8.33867 -2.6263 6.65691 -8.33867 -2.6263 5.72115 6.36571 -2.2381 6.65691 6.21321 -2.6263 6.65691 6.0302 -3.02242 6.18864 5.91256 -3.25859 6.65691 5.9111 -3.2567 6.18864 5.72374 -3.56228 5.72115 5.53057 -3.8656 5.72115 5.35628 -4.10026 6.18864 5.72664 -3.56228 6.18864 5.12243 -4.38811 6.18864 5.11953 -4.38622 5.72115 4.91183 -4.61786 5.25326 4.63297 -4.81403 4.94751 2.94234 -6.05635 4.81568 3.19071 -6.05635 5.25326 3.21104 -6.05635 5.72115 3.21394 -6.05635 6.3425 3.21394 -6.05635 6.65691 3.20668 -6.05635 6.78402 3.18054 -6.05635 7.13385 2.93944 -6.05635 7.51634 2.4398 -6.05635 7.65446 1.50444 -6.05635 7.72923 1.34903 -6.05635 7.73434 1.0353 -6.05635 7.74418 0.56762 -6.05635 7.74693 -0.367743 -6.05635 7.74693 -0.835425 -6.05635 7.74575 -1.30311 -6.05635 7.73906 -5.51515 -6.05635 7.58205 -5.98283 -6.05635 7.52578 -6.30236 -6.05635 7.41403 -6.40258 -6.05635 7.1248 -6.41565 -6.05635 6.65691 -6.41565 -6.05635 5.72115 -6.41275 -6.05635 5.56689 -6.40549 -6.05635 5.25326 -7.62698 -4.27606 6.65691 -7.75624 -4.03009 6.65691 -7.48754 -4.50996 6.65691 -7.98282 -3.56228 6.65691 -7.09248 -5.11207 5.72115 -7.09248 -5.11207 6.65691 -7.2537 -4.87817 6.65691 -8.17454 -3.09071 7.1248 -8.3285 -2.6263 7.1248 6.18416 -2.6263 7.1248 6.01713 -2.99979 7.1248 6.0302 -3.02431 6.65691 5.89803 -3.23369 7.1248 5.7005 -3.56228 7.1248 5.7281 -3.56228 6.65691 5.53057 -3.86635 6.18864 5.35773 -4.10063 6.65691 5.12389 -4.38924 6.65691 4.91328 -4.6205 5.72115 4.67944 -4.85855 5.72115 4.67654 -4.85629 5.25326 4.1464 -5.25769 4.96246 -7.62698 -4.27493 7.1248 -7.75334 -4.03009 7.1248 -7.97847 -3.56228 7.1248 -8.08595 -3.32461 7.1248 -7.25225 -4.87666 7.1248 -7.48609 -4.50883 7.1248 -8.14549 -3.01261 7.41835 -8.20359 -2.6263 7.45928 5.98518 -2.93641 7.39828 5.49716 -3.8192 7.37585 5.51749 -3.84862 7.1248 5.53057 -3.86673 6.65691 5.3403 -4.0829 7.1248 5.10646 -4.37075 7.1248 4.91328 -4.62314 6.65691 4.91328 -4.62201 6.18864 4.67944 -4.86006 6.18864 4.42236 -5.09547 6.65691 4.42091 -5.09396 6.18864 4.41946 -5.09245 5.72115 4.41655 -5.09019 5.25326 4.18271 -5.28712 5.25326 3.62208 -5.6757 5.00929 -7.62407 -4.2704 7.36366 -7.08668 -5.11056 7.1248 -7.21885 -4.82724 7.41914 -7.68508 -4.03009 7.41678 -7.79836 -3.56228 7.46912 -7.85501 -2.6263 7.57104 6.05199 -2.6263 7.46479 5.73536 -3.09297 7.52696 5.57704 -3.56228 7.44787 5.23137 -3.99726 7.47541 5.06434 -4.32246 7.40616 4.8944 -4.60465 7.1248 4.66056 -4.84421 7.1248 4.67944 -4.86157 6.65691 4.40493 -5.07811 7.1248 4.17109 -5.27354 7.1248 4.18852 -5.28976 6.65691 4.18707 -5.28976 6.18864 4.18562 -5.289 5.72115 -6.93562 -4.97625 7.48446 -7.37861 -4.45488 7.44275 -7.38733 -4.03009 7.52854 -7.38733 -3.56228 7.58087 5.71648 -2.6263 7.67532 5.24734 -3.56228 7.65092 4.77966 -4.03009 7.69971 4.7724 -4.48619 7.50138 4.60973 -4.79479 7.41284 4.12752 -5.23845 7.39592 3.609 -5.6674 7.35461 -6.91819 -4.49789 7.57182 -5.04601 -3.0941 7.77723 5.24734 -3.0941 7.75126 4.77966 -3.56228 7.77369 4.31198 -4.49789 7.70955 4.29455 -4.95664 7.49509 -6.45051 -4.96569 7.58205 -4.57833 -3.56228 7.78078 -3.64297 -4.49789 7.78078 -3.17529 -4.96569 7.77881 -2.23847 -5.43387 7.7792 -1.30311 -5.90167 7.77133 -0.835425 -5.90167 7.77802 -0.367743 -5.90167 7.7792 0.56762 -5.90167 7.7792 5.24734 -2.6263 7.78117 4.31198 -4.03009 7.77881 3.8443 -4.49789 7.77842 3.37516 -4.96569 7.76779 3.8443 -4.96569 7.68594 -4.11065 -4.49789 7.75402 1.0353 -5.90167 7.77605 2.4398 -5.43387 7.77566 2.90748 -5.43387 7.73316 2.4398 -5.90167 7.68555 1.50444 -5.90167 7.76189 -8.59235 -1.62146 5.72106 -8.59185 -1.62146 5.2532 -8.54218 -1.85566 5.72106 -8.54218 -1.85566 6.6568 -8.59235 -1.62146 6.6568 -8.59235 -1.40679 6.6568 -8.59235 -1.40679 5.72106 -8.59185 -1.40679 5.2532 -8.58031 -1.56604 4.98536 -8.53767 -1.85566 5.2532 -8.58031 -1.42318 4.98536 -8.47145 -2.15776 5.72106 -8.47145 -2.15776 6.6568 -8.59135 -1.61912 7.12467 -8.59135 -1.40757 7.12467 -5.83623 3.37073 6.6568 -5.83623 3.37073 6.18893 -5.83623 3.36995 5.72106 -8.36058 -1.70889 4.89823 -8.26978 -2.15776 4.89348 -8.26376 -2.20148 4.89483 -8.43684 -2.20148 5.22031 -8.44887 -2.20148 5.2532 -8.46091 -2.15776 5.2532 -5.83573 3.36839 5.2532 -8.45841 -2.20148 5.67699 -8.45891 -2.20148 5.72106 -8.45891 -2.20148 6.6568 -8.53566 -1.85253 7.12467 -8.57931 -1.56291 7.38912 -8.57931 -1.42396 7.38912 -5.69827 3.60493 6.6568 -5.69727 3.60336 5.72106 -5.80663 3.31999 4.95823 -5.31199 3.26613 4.31881 -5.78004 2.34419 4.31881 -5.88339 2.05379 4.31881 -5.99676 1.58619 4.31881 -6.10161 1.12093 4.31881 -6.10211 1.11858 4.31881 -6.20244 0.617414 4.31881 -7.85491 -2.15776 4.7677 -7.85491 -2.20148 4.76905 -8.23065 -2.20148 4.88297 -6.23204 0.258319 4.31881 -6.23354 0.202114 4.31881 -6.23806 -0.260025 4.31881 -6.23806 -0.27798 4.31881 -5.8267 -2.20148 4.31881 -3.46739 -2.20148 4.31881 -3.46739 -2.20148 7.7824 -4.57957 -2.20148 7.7824 -5.04762 -2.20148 7.78206 -5.51567 -2.20148 7.77562 -7.85491 -2.20148 7.58101 -8.25824 -2.20148 7.46947 -8.44336 -2.20148 7.12467 -5.69225 3.60258 5.2532 -8.4554 -2.15776 7.12467 -8.26426 -2.15776 7.47049 -8.35858 -1.70733 7.46642 -5.82118 3.3481 7.12467 -5.68222 3.58229 7.12467 -5.41985 3.9648 7.12603 -5.28942 4.16933 6.97075 -5.47604 3.92577 6.6568 -5.47503 3.92577 5.72106 -5.28892 4.16855 5.01045 -5.14193 3.49876 4.31881 -4.90716 3.80477 4.31881 -4.708 4.03818 4.31881 -4.47322 4.29189 4.31881 -4.23744 4.52452 4.31881 -4.00216 4.73529 4.31881 -3.72223 4.96792 4.31881 -3.48746 5.15606 4.31881 -3.46739 5.16777 4.31881 -5.97519 -1.68938 4.31881 -6.08305 -1.22178 4.31881 -6.18789 -0.729191 4.31881 -5.46901 3.92577 5.2532 -5.51567 2.5214 7.76036 -5.51567 2.98978 7.68476 -5.52921 3.45114 7.52338 -5.86633 2.98978 7.47456 -5.78707 3.29111 7.39929 -7.85491 -1.68938 7.58237 -7.85491 -2.15776 7.58237 -5.27186 4.14747 7.28266 -5.11936 4.35278 7.12603 -4.85197 4.66738 7.12467 -4.86552 4.68143 6.6568 -5.09929 4.40742 6.6568 -5.29343 4.17401 6.6568 -5.29343 4.17401 6.18893 -5.29243 4.17323 5.2532 -5.09779 4.40664 5.2532 -4.86401 4.67987 5.2532 -4.84696 4.66269 4.98265 -5.98372 1.11858 7.75392 -5.51567 2.05379 7.7807 -5.04762 2.98978 7.7807 -5.04762 3.45738 7.74578 -5.08825 3.9648 7.56813 -5.38173 3.83522 7.4532 -5.51567 -2.15776 7.77833 -5.98372 0.182597 7.77664 -5.98372 0.650202 7.77189 -5.98372 -0.753391 7.76884 -5.98372 -0.285788 7.77494 -4.8304 4.64474 7.37556 -4.3478 5.09751 7.36064 -4.59713 4.90157 7.12467 -4.61118 4.91562 6.6568 -4.61118 4.91484 5.72106 -4.86451 4.68065 5.72106 -5.09829 4.40742 5.72106 -4.61067 4.91406 5.2532 -4.36637 5.1139 4.99858 -3.46739 5.67597 4.93315 -3.46739 5.77198 5.2532 -3.46739 5.77276 5.72106 -3.46739 5.77198 6.6568 -3.46739 5.75169 6.97685 -3.46739 5.74076 7.13518 -3.46739 5.66113 7.38912 -3.46739 5.63771 7.4315 -3.46739 5.5011 7.52778 -3.46739 5.34497 7.61119 -3.46739 5.0374 7.74002 -3.46739 4.86176 7.76545 -3.46739 4.5698 7.78206 -3.46739 4.39337 7.7824 -5.51567 1.58619 7.7824 -4.57957 3.45738 7.7824 -4.11152 4.39337 7.76375 -4.57957 3.92577 7.76138 -4.57957 4.39337 7.6495 -4.93575 4.39337 7.45625 -5.04762 -2.15776 7.7824 -5.51567 -1.68938 7.7807 -5.51567 -1.22178 7.7824 -4.53392 4.82507 7.43997 -4.11152 5.18728 7.43963 -3.51254 5.62444 7.42031 -3.81956 5.5253 7.12467 -4.11152 5.30672 7.12467 -4.36285 5.11078 7.12467 -4.3774 5.12327 6.6568 -4.3774 5.12327 6.18893 -4.3769 5.12327 5.72106 -4.3764 5.12249 5.2532 -4.11152 5.33092 5.2532 -3.84313 5.53779 5.2532 -3.54264 5.64708 4.94162 -3.64347 4.39337 7.7824 -4.11152 3.92577 7.7824 -3.64347 4.86176 7.75562 -4.11152 4.86176 7.63289 -3.65852 5.35512 7.54372 -3.58578 5.67206 7.12467 -3.60786 5.68924 6.6568 -3.84213 5.54092 6.6568 -4.11152 5.33483 6.6568 -4.11152 5.33483 5.72106 -3.84313 5.54092 5.72106 -3.60886 5.68846 5.2532 -3.60886 5.68924 5.72106 -6.451 -4.96606 -7.78207 -6.86591 -4.55153 -7.77576 -6.451 -4.55153 -7.78207 3.37542 -4.55153 -7.78207 3.37542 -4.96606 -7.78207 2.43974 -6.40061 -7.78207 -5.51533 -6.40061 -7.78207 -6.91945 -4.55153 -7.76779 -7.265 -4.55153 -7.6944 -7.29177 -4.55153 -7.68742 -7.42683 -4.55153 -7.47223 -7.44508 -4.55153 -7.39883 -7.46211 -4.55153 -6.91498 -7.46211 -4.55153 -5.51123 -7.36721 -4.55153 -5.06756 -7.19687 -4.55153 -4.79458 -4.42877 -4.55153 -4.38976 4.39505 -4.55153 -4.38976 4.66151 -4.55153 -4.69794 4.86958 -4.55153 -5.03003 4.87444 -4.55153 -5.04331 4.94745 -4.55153 -5.40363 4.96813 -4.55153 -5.51123 4.96813 -4.55153 -6.91498 4.94988 -4.55153 -7.38289 4.74668 -4.55153 -7.69805 4.31109 -4.55153 -7.76912 3.84386 -4.55153 -7.78074 -5.98256 -6.40061 -7.71332 2.47016 -6.40061 -7.78074 2.92887 -6.40061 -7.70436 2.95929 -6.40061 -7.69772 2.98727 -6.40061 -7.68676 3.1491 -6.40061 -7.54794 3.19169 -6.40061 -7.38289 3.19655 -6.40061 -7.32378 3.22454 -6.40061 -6.91498 3.22454 -6.40061 -5.9735 3.22332 -6.40061 -5.50691 3.22089 -6.40061 -5.47337 3.18682 -6.40061 -5.04331 2.94834 -6.40061 -4.66274 2.89358 -6.40061 -4.62255 2.39715 -6.40061 -4.49536 1.96643 -6.40061 -4.38976 -2.01962 -6.40061 -4.38976 -5.04688 -6.40061 -4.5558 -5.51533 -6.40061 -4.61691 -5.91563 -6.40061 -4.73547 -6.14925 -6.40061 -4.88889 -6.24781 -6.40061 -5.1197 -6.27944 -6.40061 -5.51123 -6.28066 -6.40061 -5.97915 -6.28066 -6.40061 -6.91498 -6.27944 -6.40061 -6.94553 -6.26119 -6.40061 -7.38289 -6.25997 -6.40061 -7.39917 -6.22955 -6.40061 -7.63063 -6.92796 -4.96932 -7.71034 -7.20903 -4.81563 -7.66252 -7.24553 -4.86795 -7.38289 -7.25405 -4.87845 -6.91498 4.61893 -4.80115 -7.66617 -7.25405 -4.87845 -5.51123 4.89999 -4.60728 -7.38289 -7.21268 -4.81998 -5.04331 4.90973 -4.6167 -5.51123 4.90973 -4.6167 -6.91498 -7.16523 -4.75174 -4.80122 -4.13919 -4.84152 -4.38976 -4.06254 -4.90904 -4.38976 -3.63181 -5.26546 -4.38976 -3.54299 -5.32936 -4.38976 4.16508 -4.82287 -4.38976 4.56661 -4.75101 -4.79358 0.100267 6.74072 -5.51131 0.100267 6.74072 -6.915 -0.367981 6.72966 -6.915 -0.367981 6.72966 -5.51131 -0.367981 6.65008 -5.04302 0.100267 6.65782 -5.04302 0.568516 6.6346 -5.04302 0.568516 6.71308 -5.51131 0.568516 6.71308 -6.915 0.100267 6.71529 -7.38289 -0.367981 6.70756 -7.38289 0.568516 6.69319 -7.38289 -0.83623 6.68877 -6.915 -0.83623 6.68877 -5.51131 -0.83623 6.61581 -5.04302 -1.13039 6.5097 -4.79728 -0.83623 6.52076 -4.7841 -0.367981 6.53402 -4.76971 0.100267 6.53844 -4.76572 0.568516 6.52849 -4.77611 1.03526 6.51081 -4.79609 1.27089 6.49975 -4.80887 1.03526 6.59039 -5.04302 1.03526 6.65892 -5.51131 1.03526 6.65892 -6.915 0.100267 6.59592 -7.69855 -0.367981 6.5915 -7.69735 0.568516 6.58597 -7.69536 -0.83623 6.57713 -7.69056 -0.83623 6.67219 -7.38289 1.03526 6.64345 -7.38289 1.41797 6.53181 -7.6514 1.03526 6.56386 -7.68057 -1.30298 6.61471 -6.915 -1.30298 6.61471 -5.51131 -1.29247 6.55171 -5.03223 -1.44255 6.48649 -4.86921 -1.29547 6.28643 -4.5008 -0.83623 6.33396 -4.5008 -0.367981 6.36159 -4.5008 0.065749 6.36601 -4.5008 0.100267 6.36601 -4.5008 0.523492 6.35275 -4.5008 0.568516 6.35053 -4.5008 0.972231 6.31959 -4.5008 1.41046 6.24995 -4.5008 1.481 6.23558 -4.5008 1.52002 6.22563 -4.5008 2.68914 6.03662 -4.80288 1.58306 6.46991 -4.94193 1.45849 6.52628 -5.07618 1.03526 6.31295 -4.5008 1.75265 6.50307 -5.25399 1.50351 6.56607 -5.51131 1.50351 6.56607 -6.915 0.100267 6.26542 -7.78126 -0.367981 6.26542 -7.78007 0.568516 6.26542 -7.77807 -0.83623 6.26542 -7.77327 1.03526 6.26542 -7.76328 -1.30298 6.26542 -7.7461 -1.30298 6.54397 -7.66339 -1.59263 6.51302 -7.63262 -1.30298 6.60145 -7.38289 1.54554 6.54618 -7.40447 1.73013 6.49533 -7.57469 2.77319 6.0731 -7.657 2.44001 6.12947 -7.68856 -1.65717 6.5296 -6.915 -1.65717 6.5296 -5.51131 -1.61664 6.51965 -5.18127 -2.23797 6.12063 -4.71378 -1.7202 6.16152 -4.5008 -1.35701 6.27206 -4.5008 -1.77123 6.44338 -5.03223 -2.8593 6.00899 -4.90317 -2.54714 6.05652 -4.7833 -2.71673 5.79234 -4.5008 -3.5992 5.29052 -4.5008 -4.13048 4.87602 -4.5008 -4.61073 4.42726 -4.5008 -5.04447 3.92654 -4.5008 -5.44368 3.37719 -4.5008 -5.89242 2.4863 -4.5008 -6.03049 2.15138 -4.5008 -6.053 2.08948 -4.5008 -6.26611 1.11789 -4.5008 -6.36817 0.638182 -4.5008 -6.41019 0.23584 -4.5008 -6.41169 0.182784 -4.5008 -6.40869 -0.210714 -4.5008 -6.40719 -0.285875 -4.5008 -6.37267 -0.736851 -4.5008 -6.34416 -1.03419 -4.5008 -6.27962 -1.40116 -4.5008 -5.93294 -2.54186 -4.5008 -5.92093 -2.5706 -4.5008 -5.90892 -2.59712 -4.5008 -5.46469 -3.45707 -4.5008 -5.44518 -3.49244 -4.5008 -5.42117 -3.52671 -4.5008 -4.81935 -4.26286 -4.5008 -4.57322 -4.49277 -4.5008 -4.50568 -4.55135 -4.5008 4.45708 -4.55135 -4.5008 4.6762 -4.39108 -4.5008 5.27502 -3.6085 -4.5008 5.65322 -3.01936 -4.5008 6.17099 -1.70512 -4.5008 6.26254 -1.22099 -4.5008 6.30906 -0.753431 -4.5008 6.33608 -0.285875 -4.5008 6.34058 0.182784 -4.5008 6.31657 0.65034 -4.5008 6.27905 1.08031 -4.5008 6.23703 1.48155 -4.5008 6.21451 1.58545 -4.5008 6.07644 1.99884 -4.5008 6.06444 2.03311 -4.5008 5.71325 2.88422 -4.5008 5.68173 2.95164 -4.5008 5.65622 2.99696 -4.5008 5.19247 3.75411 -4.5008 5.15045 3.81933 -4.5008 5.10242 3.88012 -4.5008 4.71522 4.32778 -4.5008 4.66119 4.38194 -4.5008 4.2965 4.74117 -4.5008 4.24247 4.79423 -4.5008 3.81024 5.14572 -4.5008 3.76071 5.18552 -4.5008 3.41253 5.41211 -4.5008 3.3555 5.44637 -4.5008 2.89175 5.71607 -4.5008 2.84222 5.74371 -4.5008 2.77469 5.77245 -4.5008 3.00581 5.96809 -5.04302 2.77169 6.0742 -5.04302 2.44001 6.20684 -5.04302 1.93424 6.40138 -5.07618 3.60463 5.56133 -4.81686 1.76015 6.50528 -5.51131 2.44001 6.27979 -5.51131 1.99427 6.43786 -5.51131 1.76015 6.50528 -6.915 0.100267 1.40528 -8.56762 -0.367981 1.39976 -8.56762 0.568516 1.39091 -8.56602 -0.665139 1.37875 -8.56242 -2.23797 5.79787 -7.78086 0.829655 1.36991 -8.56082 2.44001 5.79787 -7.77128 -2.23797 6.16263 -7.69815 -2.70622 6.08525 -7.66219 -2.23797 6.32511 -7.38289 -1.87328 6.45112 -7.38289 -1.63916 6.52407 -7.38289 -2.95235 6.03773 -7.62383 1.75265 6.50307 -7.26262 1.99427 6.43786 -6.915 2.44001 6.27979 -6.915 2.44001 6.25327 -7.38289 2.83472 6.10073 -7.38289 3.06884 5.98467 -7.38289 3.66316 5.5967 -7.64821 3.37651 5.67297 -7.68177 2.92027 5.81777 -7.70734 -1.89129 6.47102 -6.915 -1.89129 6.47102 -5.51131 -2.23797 6.35606 -5.51131 -2.23797 6.28311 -5.04302 -2.96586 6.04436 -5.21523 -3.14296 5.89624 -5.05261 -3.77779 5.50275 -5.04302 -3.45512 5.58896 -4.7849 -3.17447 5.68291 -4.6878 3.08085 6.00236 -5.51131 2.84673 6.10847 -5.51131 3.42003 5.72492 -5.00106 3.67667 5.60554 -5.12893 4.1149 5.12583 -4.7845 4.18844 5.18773 -5.04302 3.83725 5.44858 -5.00106 2.84673 6.10847 -6.915 0.568516 1.11789 -8.5808 0.100267 1.11789 -8.5824 -0.367981 1.11789 -8.5824 -0.827225 1.10905 -8.57041 -1.11688 0.947674 -8.56242 -4.57922 4.39299 -7.75729 -4.11097 4.86165 -7.7477 -3.17447 5.32921 -7.78047 -2.70622 5.79787 -7.7449 1.2934 0.91562 -8.56202 1.00525 1.09026 -8.56881 3.37651 5.32921 -7.76448 3.84326 4.86165 -7.78047 -3.13545 5.79234 -7.68577 -3.52566 5.63317 -7.66938 -2.23797 6.35606 -6.915 -2.70622 6.15379 -7.38289 -2.96886 6.04546 -7.38289 -4.3556 5.10593 -7.62623 -3.83032 5.52485 -7.38289 -3.5962 5.67849 -7.38289 -3.20299 5.91172 -7.38289 3.08085 6.00236 -6.915 3.70068 5.61991 -7.38289 3.9333 5.45743 -7.38289 4.23046 5.2231 -7.38289 4.17193 5.17336 -7.66938 3.82975 5.32921 -7.70015 -2.70622 6.16926 -6.915 -2.70622 6.16926 -5.51131 -2.97787 6.04988 -5.51131 -3.21199 5.92277 -5.51131 -3.6082 5.68844 -5.51131 -3.84233 5.54143 -5.51131 -4.3646 5.11367 -5.20644 -4.13498 5.2452 -5.04741 -4.30607 5.06835 -4.89438 -3.99391 5.18552 -4.73215 3.37651 5.83103 -5.51131 3.37651 5.83103 -6.915 3.70968 5.62654 -5.51131 3.94381 5.46848 -5.51131 4.59816 4.67817 -4.77091 4.42256 4.98656 -5.04302 4.24247 5.23415 -5.51131 4.47659 5.03629 -5.51131 1.03526 0.65034 -8.5816 1.03526 0.182784 -8.5824 1.03526 -0.285875 -8.5824 0.100267 -1.22099 -8.5824 -0.83623 -0.753431 -8.5824 -0.83623 0.65034 -8.5824 -1.28497 0.623812 -8.56802 -1.54911 0.44917 -8.55882 -5.51421 2.98922 -7.77207 -5.52472 3.46009 -7.70814 -5.09249 3.97186 -7.71613 -4.94841 4.39299 -7.67458 -4.5387 4.8307 -7.66859 -4.11097 5.19215 -7.66499 -3.66673 5.35463 -7.71454 1.32042 0.65034 -8.56722 4.3115 4.39299 -7.78206 4.77975 3.92544 -7.78126 5.248 3.45788 -7.76928 5.71625 2.52167 -7.77727 6.1845 1.11789 -7.77687 4.32201 4.87271 -7.71454 -2.97787 6.04988 -6.915 -3.21199 5.92277 -6.915 -4.83736 4.65385 -7.63902 -4.85687 4.67264 -7.38289 -4.60323 4.90697 -7.38289 -4.36911 5.11588 -7.38289 -3.84233 5.54143 -6.915 -3.6082 5.68844 -6.915 3.70968 5.62654 -6.915 3.94381 5.46848 -6.915 4.24247 5.23415 -6.915 4.47659 5.03629 -6.915 4.46459 5.02082 -7.38289 4.64468 4.72349 -7.67178 -4.11097 5.33363 -6.915 -4.11097 5.33363 -5.51131 -4.37511 5.12251 -5.51131 -4.60923 4.9136 -5.51131 -4.86287 4.67927 -5.51131 -4.84636 4.66269 -5.15849 -4.58222 4.86497 -5.02624 -4.79833 4.61185 -4.84643 -4.48617 4.75665 -4.69979 5.0484 4.20177 -4.7805 4.90732 4.51126 -5.04302 4.6747 4.75222 -5.04302 4.72422 4.80197 -5.51131 4.72422 4.80197 -6.915 1.34593 0.182784 -8.56762 -1.30298 0.182784 -8.5792 -1.56112 0.182784 -8.56442 -7.85396 -1.68965 -7.78206 -8.57284 -1.43211 -7.63662 -5.8654 2.98922 -7.68936 -5.79636 3.30535 -7.6586 -5.37614 3.84696 -7.67178 6.1845 0.65034 -7.78206 4.79326 4.40515 -7.71494 5.251 3.9177 -7.70495 5.60969 3.45788 -7.68697 5.74627 3.01796 -7.71214 6.07044 2.52167 -7.69496 6.1845 1.58545 -7.7509 6.50867 1.11789 -7.69416 6.52668 0.65034 -7.69935 -5.28009 4.15866 -7.61305 -4.86287 4.67927 -6.915 -4.60923 4.9136 -6.915 -5.12851 4.3521 -7.42765 -5.09699 4.40626 -6.915 -4.37511 5.12251 -6.915 4.70922 4.7876 -7.38289 4.94334 4.55216 -7.38289 5.09642 4.25704 -7.67058 -5.09699 4.40626 -5.51131 -5.28759 4.16861 -5.246 -5.04447 4.38968 -5.04622 -5.24257 4.09897 -4.93394 -4.93191 4.29904 -4.70778 5.11293 4.27693 -5.04302 5.48513 3.69774 -4.80528 4.95835 4.56432 -5.51131 4.95835 4.56432 -6.915 1.34143 -0.285875 -8.56762 6.1845 -0.753431 -7.78206 1.03526 -0.753431 -8.578 -0.367981 -1.22099 -8.5804 -0.809216 -1.19888 -8.56921 -1.27746 -0.712533 -8.56602 -1.30298 -0.285875 -8.57641 -1.55511 -0.285875 -8.56162 -7.85396 -2.1572 -7.78206 -8.35072 -1.69186 -7.69496 -8.57284 -1.53822 -7.63662 -8.58635 -1.60012 -7.38289 -8.58635 -1.41331 -7.38289 -5.82638 3.3573 -7.38289 6.53869 0.182784 -7.69935 5.52415 3.75632 -7.655 6.0044 2.87979 -7.66579 6.43513 1.87836 -7.63702 6.46965 1.58545 -7.66819 6.67226 0.65034 -7.38289 6.69927 0.182784 -7.38289 -5.28759 4.16861 -7.30138 -5.6763 3.59052 -7.38289 -5.69581 3.60158 -6.915 -5.2921 4.17193 -6.915 -5.2921 4.17193 -5.51131 5.14895 4.31783 -7.38289 -5.47219 3.92544 -5.51131 -5.69581 3.60158 -5.51131 -5.65229 3.53968 -5.04302 -5.39565 3.93649 -5.07139 -5.75584 3.23792 -4.80168 -5.34462 3.78727 -4.75333 5.16095 4.32999 -5.51131 5.34705 3.98844 -5.04302 5.39508 4.0426 -5.51131 5.56467 3.45788 -4.73016 5.96388 2.79247 -4.79409 5.90685 3.12297 -5.04302 5.71475 3.45788 -5.04302 5.52415 3.75522 -5.04302 5.16095 4.32999 -6.915 1.30691 -0.753431 -8.56322 6.1845 -1.22099 -7.77367 6.53719 -0.285875 -7.69935 6.52518 -0.753431 -7.69935 1.27989 -0.998815 -8.55683 1.03526 -1.0784 -8.56322 0.586526 -1.24088 -8.57041 0.44395 -1.47963 -8.56242 0.100267 -1.494 -8.56762 -0.367981 -1.48737 -8.56602 -0.635123 -1.4719 -8.56042 -1.10487 -1.02755 -8.56242 -1.5416 -0.529048 -8.55483 -7.85396 -2.62586 -7.77447 -8.18563 -2.62586 -7.69176 -8.52481 -1.83445 -7.38289 -8.13611 -2.99615 -7.66179 -8.3117 -2.62586 -7.38289 -8.59235 -1.62112 -6.915 -8.59235 -1.40668 -6.915 -5.83388 3.36835 -6.915 5.38307 4.03265 -7.38289 5.55266 3.79943 -7.38289 5.92336 3.18818 -7.38289 6.04042 2.95496 -7.38289 6.21902 2.52167 -7.38289 6.36159 2.15801 -7.38289 6.44864 1.92368 -7.38289 6.53419 1.58545 -7.38289 6.62273 1.11789 -7.38289 6.70678 0.65034 -6.915 6.73979 0.182784 -6.915 6.73529 -0.285875 -6.915 6.69477 -0.285875 -7.38289 -5.47219 3.92544 -6.915 -5.83388 3.36835 -5.51131 -5.79787 3.30645 -5.04302 -8.58034 -1.42326 -5.16649 5.39508 4.0426 -6.915 5.56017 3.80827 -5.51131 5.56017 3.80827 -6.915 6.17399 2.52167 -5.04302 6.40812 1.7413 -4.85362 6.35559 2.05411 -5.02304 6.24753 2.52167 -5.51131 6.04943 2.96601 -5.51131 5.93837 3.20034 -5.51131 5.78228 3.45788 -5.51131 6.50117 -1.22099 -7.69096 6.1845 -1.68965 -7.74051 5.71625 -2.62586 -7.77167 0.756116 -1.40889 -8.54804 5.248 -3.56097 -7.75769 4.77975 -4.02963 -7.77327 4.3115 -4.49719 -7.77807 4.31 -4.55135 -7.76928 3.84326 -4.55135 -7.78086 3.37651 -4.55135 -7.78206 -6.45071 -4.55135 -7.78206 -6.86493 -4.55135 -7.77567 -6.91896 -4.49719 -7.77487 -7.38721 -3.56097 -7.78126 -7.77892 -3.56097 -7.69855 -8.47079 -2.1572 -6.915 -8.54132 -1.85545 -6.915 -8.07758 -3.31227 -7.38289 -8.16762 -3.07794 -7.38289 -7.69037 -3.94673 -7.67098 -7.61683 -4.25954 -7.57389 -8.33872 -2.62586 -6.915 -8.59235 -1.62112 -5.51131 -8.59235 -1.40668 -5.51131 5.78228 3.45788 -6.915 5.93837 3.20034 -6.915 6.04943 2.96601 -6.915 6.24753 2.52167 -6.915 6.3811 2.17238 -6.915 6.45464 1.93916 -6.915 6.54769 1.58545 -6.915 6.64524 1.11789 -6.915 6.70678 0.65034 -5.51131 6.73979 0.182784 -5.51131 6.64524 1.11789 -5.51131 6.73529 -0.285875 -5.51131 6.66475 -0.753431 -7.38289 -8.58034 -1.56585 -5.16649 -8.44677 -1.70954 -5.02384 -8.18113 -1.431 -4.79529 6.44264 1.89936 -5.16529 6.43063 1.4296 -4.79489 6.5672 1.11789 -5.04302 6.47715 1.58545 -5.02304 6.3811 2.17238 -5.51131 6.45764 -1.68965 -7.6578 6.04943 -2.62586 -7.68896 5.72976 -3.09895 -7.70734 5.23449 -4.002 -7.68936 4.77675 -4.49056 -7.70535 5.57518 -3.56097 -7.67498 4.74674 -4.55135 -7.69775 4.94934 -4.55135 -7.38289 4.95385 -4.55135 -7.26622 4.96735 -4.55135 -6.915 4.96735 -4.55135 -5.51131 4.94784 -4.55135 -5.40343 4.8743 -4.55135 -5.04302 4.8683 -4.55135 -5.03023 4.66119 -4.55135 -4.69819 -7.19661 -4.55135 -4.79489 -7.3677 -4.55135 -5.06739 -7.46075 -4.55135 -5.51131 -7.46075 -4.55135 -6.915 -7.45925 -4.55135 -6.96854 -7.44424 -4.55135 -7.39888 -7.42623 -4.55135 -7.4724 -7.29116 -4.55135 -7.68737 -7.26565 -4.55135 -7.69416 -6.91896 -4.55135 -7.76768 -7.30917 -4.49719 -7.69216 -7.43073 -4.07385 -7.71533 -8.33872 -2.62586 -5.51131 -8.47079 -2.1572 -5.51131 -8.54132 -1.85545 -5.51131 -7.96051 -3.56097 -7.38289 -7.98303 -3.56097 -6.915 -8.08808 -3.32554 -6.915 -8.17513 -3.09121 -6.915 -7.50427 -4.45519 -7.40367 -7.62584 -4.2717 -7.26182 -7.71739 -4.07385 -7.40367 -8.17513 -3.09121 -5.51131 6.45464 1.93916 -5.51131 6.54769 1.58545 -5.51131 6.62423 0.65034 -5.04302 6.65875 0.182784 -5.04302 6.65425 -0.285875 -5.04302 6.69777 -0.753431 -5.51131 6.69777 -0.753431 -6.915 6.60772 -1.22099 -7.38289 -8.13911 -3.00057 -5.04302 -8.09859 -2.89225 -4.80168 -8.1166 -2.62586 -4.79329 -8.19164 -1.68965 -4.78849 6.45314 1.11789 -4.76971 6.42763 -1.95272 -7.62823 5.9924 -2.94752 -7.6578 5.07091 -4.33028 -7.66019 5.50464 -3.82846 -7.63942 -7.75641 -4.02963 -6.915 -7.75641 -4.02963 -5.51131 -7.98303 -3.56097 -5.51131 -8.08808 -3.32554 -5.51131 -7.48776 -4.50935 -6.915 -7.62734 -4.27612 -6.915 6.48016 0.65034 -4.73855 6.49817 0.182784 -4.72017 6.62874 -1.22099 -6.915 6.62874 -1.22099 -5.51131 6.51017 -1.68965 -7.38289 -7.62584 -4.2717 -5.25399 -7.68887 -4.01637 -5.07618 -7.64234 -3.85168 -4.79609 -8.14361 -2.1572 -4.78849 6.43663 -1.98035 -7.38289 6.17699 -2.62586 -7.38289 6.02091 -3.00278 -7.38289 5.10693 -4.37229 -7.38289 5.88734 -3.23601 -7.38289 5.52115 -3.85278 -7.38289 5.34105 -4.08711 -7.38289 -7.62734 -4.27612 -5.51131 -7.48776 -4.50935 -5.51131 6.49516 -0.285875 -4.72336 6.47565 -0.753431 -4.74414 6.61523 -0.753431 -5.04302 6.55219 -1.22099 -5.04302 6.52218 -1.68965 -5.51131 6.52218 -1.68965 -6.915 6.44113 -1.99361 -6.915 6.36009 -2.22794 -6.915 6.20401 -2.62586 -6.915 6.02842 -3.01383 -6.915 5.90685 -3.24816 -6.915 5.11593 -4.38223 -6.915 5.71775 -3.56097 -6.915 5.52715 -3.86052 -6.915 5.35006 -4.09485 -6.915 6.44714 -1.22099 -4.77611 6.42613 -1.50174 -4.79968 6.46365 -1.67086 -5.04262 6.43363 -1.9704 -5.19805 6.40061 -1.81344 -4.88599 6.44113 -1.99361 -5.51131 6.36009 -2.22794 -5.51131 6.20401 -2.62586 -5.51131 6.02842 -3.01383 -5.51131 5.90685 -3.24816 -5.51131 5.71775 -3.56097 -5.51131 5.11593 -4.38223 -5.51131 5.35006 -4.09485 -5.51131 5.52715 -3.86052 -5.51131 6.33008 -2.13841 -5.04262 6.13197 -2.62586 -5.04302 5.95638 -2.87346 -4.80248 5.9939 -2.94641 -5.04302 5.86933 -3.18074 -5.04302 5.51214 -3.83952 -5.1573 5.07241 -4.33249 -5.04302 5.47162 -3.77209 -4.84563 5.6232 -3.59413 -5.01825 5.33655 -4.00863 -5.01825 5.02438 -4.27612 -4.80008 -7.35776 -39.6031 5.25062 -5.51462 -39.6706 5.25062 -7.35776 -39.6013 5.25327 -7.35776 -39.5875 5.26916 -7.35776 -39.3814 5.50403 -7.35776 -39.1286 5.70328 -7.35776 -39.1113 5.71682 -7.35776 -38.8377 5.9202 -7.35776 -38.604 6.04999 -7.35776 -38.1936 6.23277 -7.35776 -37.785 6.37169 -7.35776 -37.7711 6.3761 -7.35776 -37.5322 6.44615 -7.35776 -36.7599 6.6716 -7.35776 -34.8933 7.2155 -7.35776 -34.5228 7.32205 -7.35776 -34.3029 7.38327 -7.35776 -34.2821 7.38857 -7.35776 -33.9808 7.46479 -7.35776 -33.9514 7.47127 -7.35776 -33.5133 7.56634 -7.35776 -33.4839 7.57134 -7.35776 -33.0458 7.64345 -7.35776 -32.5765 7.69996 -7.35776 -32.5471 7.70231 -7.35776 -32.109 7.73469 -7.35776 -32.0796 7.73586 -7.35776 -31.6415 7.75117 -7.35776 -31.174 7.75735 -7.35776 -21.9813 7.75735 -7.35776 -21.9813 6.04234 -7.35776 -35.4526 5.25062 -6.25949 -21.9831 5.25062 -6.09659 -21.9813 5.25062 6.06314 -21.9813 5.25062 5.63355 -24.6236 5.25062 4.79278 -29.7871 5.25062 4.23051 -33.2328 5.25062 4.18453 -33.5133 5.25062 4.0571 -33.9808 5.25062 2.6107 -36.3357 5.25062 2.4386 -36.5833 5.25062 2.29409 -36.7772 5.25062 1.92494 -37.2084 5.25062 1.4993 -37.6083 5.25062 1.34953 -37.7313 5.25062 1.05264 -37.9564 5.25062 0.687423 -38.1971 5.25062 0.625678 -38.2369 5.25062 0.590208 -38.2559 5.25062 0.100193 -38.5174 5.25062 -0.313627 -38.6923 5.25062 -2.70721 -39.6689 5.25062 -3.17489 -39.6706 5.25062 -3.17489 -39.4143 5.5367 -5.51462 -39.4143 5.5367 -2.70721 -39.6481 5.27505 -2.70721 -39.4143 5.53611 -3.17489 -39.1286 5.76892 -5.51462 -39.1286 5.76892 1.50455 -21.9813 7.75735 1.80408 -21.9813 7.75705 1.97223 -21.9813 7.75588 2.27307 -21.9813 7.69495 2.43992 -21.9813 7.65022 5.1396 -21.9813 6.02969 5.28936 -21.9813 5.93609 5.37344 -21.9813 5.88105 5.56393 -21.9813 5.73066 5.66902 -21.9813 5.64707 5.81879 -21.9813 5.51639 5.90286 -21.9813 5.4384 -6.25949 -21.9813 5.25327 -2.44053 -39.397 5.51933 -2.70721 -39.1286 5.76745 -3.17489 -38.8914 5.95346 -5.51462 -38.8914 5.95346 -2.23822 -26.4954 8.25681 -2.23822 -26.0262 8.24916 -1.77053 -25.5587 8.25593 -1.30285 -25.0912 8.22738 -0.835171 -25.0912 8.23297 -2.70721 -38.8914 5.95257 0.100193 -38.32 5.41161 -0.209843 -38.3945 5.46636 -3.17489 -38.6576 6.08208 -5.51462 -38.6576 6.08208 -2.23822 -26.9629 8.24975 -1.77053 -27.4304 8.25622 0.100193 -26.4954 8.2574 0.100193 -26.0262 8.25681 -0.367489 -25.5587 8.25505 0.100193 -25.5587 8.22915 5.47854 -24.3691 5.48372 -2.38798 -38.5797 6.03763 -2.70721 -38.6576 6.0806 0.412857 -38.0049 5.51551 0.607286 -38.2161 5.27564 -3.17489 -38.1936 6.29899 -5.51462 -38.1936 6.29899 -1.30285 -27.8997 8.23032 -0.835171 -27.8997 8.23591 -0.367489 -27.4304 8.25505 0.100193 -26.9629 8.25681 0.567875 -26.4954 8.19 0.567875 -26.0262 8.17264 5.01479 -27.2002 5.48755 5.15668 -27.3854 5.283 -2.70721 -38.1936 6.29369 0.567875 -37.7399 5.59674 -0.550095 -36.5867 6.44998 0.724207 -37.9062 5.45606 0.946224 -37.5945 5.542 -3.17489 -37.8923 6.40612 -5.51462 -37.8923 6.40612 -0.367489 -27.8997 8.20589 0.100193 -27.4304 8.23032 -5.9823 -32.5765 7.70143 -5.9823 -33.0458 7.63903 0.567875 -26.9629 8.17352 -6.91898 -33.0458 7.64492 -6.4513 -33.0458 7.6461 4.23313 -33.025 5.288 4.3448 -30.2061 5.635 4.54974 -30.0277 5.49079 4.05841 -33.167 5.46695 5.22105 -24.6236 5.66149 -2.70721 -37.8923 6.40259 -0.0311785 -36.1608 6.46793 -0.384567 -36.3184 6.49295 -0.835171 -36.6387 6.47676 -2.43265 -37.6014 6.45057 1.07628 -37.2984 5.62882 1.07628 -37.7399 5.39719 1.25889 -37.4819 5.48225 -6.4513 -34.3046 7.38386 -6.91898 -34.3046 7.38356 -2.70721 -37.6568 6.4644 -0.835171 -36.3218 6.54416 0.567875 -27.4304 8.09817 0.114644 -35.8682 6.50384 0.427308 -35.721 6.46793 0.577071 -35.392 6.50207 0.860833 -35.2414 6.46528 2.23629 -33.7626 6.43291 -6.4513 -33.5133 7.56722 2.50297 -33.5133 6.36816 2.9076 -33.5133 6.20716 1.50455 -27.4304 7.69083 1.50455 -26.9629 7.73969 1.97223 -25.5587 7.62844 1.97223 -25.0912 7.66228 -6.91898 -33.5133 7.56692 2.43992 -22.2826 7.62844 3.49746 -33.5133 5.87899 3.79304 -33.5133 5.64501 4.08469 -32.8553 5.49373 4.02688 -33.5133 5.43486 1.50455 -36.7893 5.67444 1.50455 -37.1356 5.53817 1.50455 -37.3694 5.41161 1.74102 -37.0266 5.48843 -6.4513 -33.9808 7.46568 1.83824 -36.7893 5.53582 3.20975 -33.8319 5.99672 3.26361 -33.5133 6.02821 1.92625 -26.9629 7.52572 1.97223 -26.0262 7.58635 5.01742 -23.4774 5.95758 3.99929 -30.239 5.90313 3.53687 -33.0458 5.90696 3.70502 -33.9808 5.56908 4.92415 -24.6236 5.89548 3.93886 -33.9808 5.36894 4.99246 -23.7908 5.94139 4.96356 -24.1544 5.92197 2.07208 -36.7893 5.40161 2.18111 -36.5227 5.47371 3.37003 -33.9843 5.80983 2.44123 -36.3478 5.37247 3.59993 -32.2787 5.94845 4.52872 -26.6201 5.94375 -6.23843 -0.259629 4.31881 -6.23083 0.182336 2.70665 -6.22921 0.187392 2.41269 -6.22704 -0.264685 2.44883 -6.23816 -0.277684 4.31881 -6.21537 -0.482057 4.31881 -6.18771 -0.72976 4.31881 -6.08328 -1.22156 4.31881 -5.97478 -1.68952 4.31881 -5.82641 -2.20226 4.31881 -3.46739 -2.20226 4.31881 -3.46739 5.16745 4.31881 -3.48719 5.1559 4.31881 -3.72236 4.96814 4.31881 -4.00229 4.73488 4.31881 -4.23745 4.52473 4.31881 -4.47317 4.29219 4.31881 -4.70807 4.03799 4.31881 -4.90689 3.80473 4.31881 -5.14151 3.49925 4.31881 -5.31159 3.26599 4.31881 -5.77948 2.3445 4.31881 -5.8831 2.05347 4.31881 -5.99621 1.58551 4.31881 -6.10199 1.12115 4.31881 -6.20235 0.617081 4.31881 -6.23219 0.258164 4.31881 -6.23355 0.201835 4.31881 -6.2246 0.489258 2.54711 -6.21293 0.34699 2.2353 -6.2189 0.0350144 2.20907 -6.2189 -0.0942537 2.20907 -6.22107 -0.554996 2.60705 -6.22812 -0.285627 2.70136 -6.22134 -0.554996 4.07069 -6.22134 -0.554996 4.13878 -6.09738 1.11826 2.44508 -6.18608 0.647412 2.41269 -6.22487 0.489258 4.05989 -5.99892 1.58551 2.44508 -5.76185 2.31778 2.19783 -5.80118 2.05347 2.16654 -5.85326 1.58551 2.14054 -5.95091 0.650301 2.13944 -6.0274 0.187392 2.15244 -6.02198 -0.264685 2.15244 -5.93843 -0.753592 2.13944 -5.88879 -1.22156 2.13944 -5.84323 -1.68952 2.14318 -5.7982 -2.07588 2.16831 -6.20371 -0.40623 2.29523 -6.17306 -0.728316 2.44883 -6.07839 -1.22156 2.44508 -6.22487 0.489258 4.20775 -5.87577 2.05347 2.44508 -5.77596 2.351 2.44508 -5.29558 3.24649 2.19673 -5.35173 2.9894 2.16456 -5.51638 2.49255 2.14583 -5.51529 2.05347 2.09492 -5.51529 1.58551 2.06892 -5.51529 -1.22156 2.0676 -5.51529 1.11826 2.0676 -5.51529 -1.68952 2.07157 -5.97532 -1.68952 2.44508 -5.56005 -2.20226 2.1282 -5.77704 -2.20226 2.19365 -5.65796 2.58499 2.44508 -5.45399 2.9894 2.44508 -5.31131 3.27104 2.44508 -5.14884 3.50503 2.44508 -4.91503 3.82278 2.44508 -4.87163 3.76862 2.16808 -5.03546 3.42487 2.14803 -5.04712 2.9894 2.09294 -5.04712 2.52143 2.0676 -5.04712 -2.15748 2.0676 -5.04712 -2.20226 2.06782 -4.57949 2.9894 2.0676 -4.1116 3.45736 2.0676 -3.64343 3.92533 2.0676 -3.46739 3.92533 2.0676 -3.46739 3.45736 2.0676 -4.1116 -2.20226 2.0676 -5.00291 -2.20226 2.0676 -5.82288 -2.20226 2.41092 -4.06738 -2.20226 2.06892 -3.63421 -2.20226 2.12974 -3.59515 -2.20226 2.13635 -3.55853 -2.20226 2.14693 -3.46739 -2.20226 2.18329 -4.72054 4.05676 2.44508 -4.42733 4.24525 2.16368 -4.58167 3.9246 2.1282 -4.57949 3.45736 2.07135 -4.1116 3.92533 2.06804 -4.48646 4.30735 2.44508 -4.25509 4.54134 2.44508 -3.9616 4.69732 2.16522 -4.11512 4.39835 2.12644 -3.64343 4.39329 2.06914 -3.46739 4.39329 2.06848 -3.46739 4.85837 2.1174 -3.46739 5.1169 2.17932 -3.46739 5.13496 2.23419 -3.46739 5.17468 2.44508 -4.021 4.7486 2.44508 -3.62688 4.85692 2.13701 -3.49886 5.15662 2.44508 -3.73294 4.98258 2.44508 4.47136 -8.0962 6.65716 4.49299 -8.12746 6.65716 4.49299 -8.12746 5.25499 4.47136 -8.0962 5.6782 4.42666 -8.0962 5.25499 -6.25617 -8.0962 5.25499 -6.25617 -8.0962 6.80263 -6.24607 -8.0962 7.15119 -6.23021 -8.0962 7.37807 -6.19128 -8.0962 7.39512 -6.01105 -8.0962 7.46036 -5.83947 -8.0962 7.49152 -5.51505 -8.0962 7.54794 -3.17489 -8.0962 7.54824 2.43976 -8.0962 7.54882 3.37554 -8.0962 7.54882 3.85424 -8.0962 7.52208 4.27238 -8.0962 7.4345 4.44829 -8.0962 7.12474 4.48722 -8.156 7.12474 7.2758 -13.3928 5.25499 4.47136 -8.09756 5.25499 4.55643 -8.43871 7.37014 7.34357 -13.6932 5.25499 7.3724 -13.859 5.25499 7.30464 -14.3266 5.25499 7.22966 -14.7941 5.25499 6.62551 -18.506 5.25499 6.12086 -21.6062 5.25499 6.05886 -21.9813 5.25499 -6.25761 -21.9813 5.25499 -6.26049 -21.98 5.25499 -6.58636 -13.3901 5.25499 6.98454 -13.0327 5.59944 7.04077 -13.3901 5.64323 4.33294 -8.2661 7.43568 3.84414 -11.051 7.69048 4.55643 -8.49579 7.37014 6.55919 -12.9226 6.0488 6.77403 -13.3901 5.87716 7.02924 -13.859 5.61472 7.26282 -13.859 5.38871 -7.35776 -11.051 6.04321 -7.35776 -10.6569 6.22131 -7.35776 -10.6297 6.23366 -7.35776 -10.4435 6.65716 -7.35776 -10.4435 7.12474 3.84414 -8.24299 7.53413 2.90837 -10.1145 7.75426 3.37554 -10.5821 7.75279 3.37554 -11.051 7.75719 3.37554 -11.5186 7.75719 3.37554 -11.9861 7.75661 3.37554 -12.455 7.75426 3.84414 -11.5186 7.68666 4.19884 -11.5186 7.4874 6.54044 -13.3901 6.02852 3.84414 -11.9861 7.66168 6.7351 -13.859 5.84866 6.41068 -14.9885 5.95093 6.38905 -15.2617 5.93653 6.35156 -15.7292 5.91096 6.31263 -16.1968 5.88363 6.60821 -16.1968 5.6494 6.89659 -15.562 5.49716 6.87063 -15.8747 5.47159 -7.35776 -21.9813 6.04233 -7.35776 -13.3901 6.03557 -7.35776 -21.9813 7.75719 -7.35776 -11.4887 7.75719 -7.35776 -11.051 7.75543 -7.35776 -11.0238 7.74279 -7.35776 -10.6297 7.55617 -7.35776 -10.6174 7.52884 1.03538 -9.647 7.72487 1.50399 -9.647 7.72487 1.97259 -9.647 7.72457 -0.83473 -14.7941 8.25505 -0.366121 -15.2617 8.25622 -0.366121 -15.7292 8.25622 3.37554 -12.9226 7.74838 3.37554 -13.3901 7.73956 3.37554 -13.859 7.72663 3.37554 -14.3266 7.70988 3.37554 -14.7941 7.68842 3.84414 -12.455 7.62788 2.90837 -19.0048 7.62818 2.43976 -21.9813 7.65022 2.90837 -18.0697 7.68872 2.90837 -18.5372 7.66197 5.94639 -17.8169 5.95328 5.4576 -20.9593 5.93918 5.42588 -21.3453 5.91831 5.38695 -21.8128 5.89156 5.68397 -21.8128 5.65763 5.96658 -21.2229 5.50333 5.94207 -21.5355 5.47982 5.90314 -21.9813 5.43838 5.81951 -21.9813 5.51626 5.66811 -21.9813 5.64705 5.56285 -21.9813 5.73051 5.37253 -21.9813 5.88098 5.2889 -21.9813 5.93594 5.13894 -21.9813 6.02969 2.2725 -21.9813 7.69518 1.97259 -21.9813 7.75573 1.8039 -21.9813 7.7569 1.50399 -21.9813 7.75719 -5.51505 -9.647 7.72457 -1.30334 -14.7941 8.25093 -1.30334 -15.2617 8.25711 -0.83473 -15.2617 8.25711 -0.83473 -15.7292 8.25711 2.43976 -19.9412 7.73956 2.90837 -16.6657 7.73956 -0.83473 -16.1968 8.25564 2.90837 -17.1332 7.72692 2.90837 -17.6008 7.71017 5.48211 -20.6466 5.95534 2.43976 -21.8128 7.66227 2.43976 -21.3453 7.68901 -1.30334 -16.1968 8.25182 -1.7705 -15.7292 8.24653 -1.7705 -15.2617 8.243 -1.30334 -15.7292 8.25711 2.43976 -20.8777 7.71017 2.43976 -20.4088 7.72692 -8.57066 -40.4213 -2.70317 -8.57066 -40.4213 0.00124508 -8.79159 -40.3922 0.00124508 -8.79159 -40.3922 -2.23533 -8.79159 -40.3916 -2.70317 -8.57066 -40.403 -3.1921 -8.57066 -40.3764 -3.47222 -8.57066 -40.3555 -3.63956 -8.57066 -40.3194 -3.87821 -8.57066 -40.3125 -3.91168 -8.57066 -40.0088 -4.58905 -8.57066 -39.9196 -4.77895 -8.57066 -39.8708 -4.86626 -8.57066 -39.5621 -5.23878 -8.57066 -39.452 -5.36756 -8.57066 -39.0477 -5.73426 -8.57066 -38.9686 -5.79756 -8.57066 -38.682 -5.95763 -8.57066 -38.2713 -6.16353 -8.57066 -38.1442 -6.22465 -8.57066 -38.0695 -6.25303 -8.57066 -36.6497 -6.68594 -8.57066 -36.6117 -6.69685 -8.57066 -34.8515 -7.19742 -8.57066 -34.203 -7.3684 -8.57066 -33.9822 -7.42588 -8.57066 -33.9581 -7.4317 -8.57066 -33.9581 -5.06489 -8.57066 -38.1328 0.00124508 -9.54249 -33.9581 0.00124508 -11.2573 -33.9581 0.00124508 -11.2571 -33.9822 0.00124508 -11.2552 -34.086 0.00124508 -11.2487 -34.4504 0.00124508 -11.2437 -34.5542 0.00124508 -11.2255 -34.9186 0.00124508 -11.2166 -35.0224 0.00124508 -11.1845 -35.3862 0.00124508 -11.1195 -35.8544 0.00124508 -11.0319 -36.3226 0.00124508 -10.9399 -36.7199 0.00124508 -10.8786 -36.954 0.00124508 -10.7842 -37.2577 0.00124508 -10.6253 -37.7259 0.00124508 -10.4857 -38.0935 0.00124508 -10.3862 -38.3277 0.00124508 -10.2297 -38.6617 0.00124508 -10.1874 -38.7452 0.00124508 -10.0388 -39.0369 0.00124508 -9.90887 -39.271 0.00124508 -9.71318 -39.5975 0.00124508 -9.67294 -39.6608 0.00124508 -9.53197 -39.8822 0.00124508 -9.28605 -40.1163 0.00124508 -9.05223 -40.3163 0.00124508 -9.05223 -40.3163 -2.23533 -9.05118 -40.3156 -2.70317 -9.04224 -40.3099 -3.08806 -8.83761 -40.3612 -3.21538 -9.28605 -40.1163 -2.23533 -9.28526 -40.1157 -2.70317 -9.22266 -40.1435 -3.21538 -9.02435 -40.2992 -3.40019 -8.70742 -40.3397 -3.63956 -8.79159 -33.9581 -7.40042 -9.1556 -33.9581 -7.24253 -9.1677 -33.9581 -7.23235 -9.38968 -33.9581 -7.03736 -9.57484 -33.9581 -6.80308 -9.79472 -33.9581 -6.44511 -9.80787 -33.9581 -6.42255 -9.94621 -33.9581 -6.18391 -10.0638 -33.9581 -5.95108 -10.0775 -33.9581 -5.9227 -10.2768 -33.9581 -5.50871 -10.2852 -33.9581 -5.49052 -10.407 -33.9581 -5.22205 -10.4988 -33.9581 -4.98922 -10.5083 -33.9581 -4.96376 -10.6477 -33.9581 -4.5745 -10.7965 -33.9581 -4.10521 -10.8818 -33.9581 -3.812 -10.9404 -33.9581 -3.5799 -10.9462 -33.9581 -3.55443 -11.0327 -33.9581 -3.171 -11.1166 -33.9581 -2.70317 -11.179 -33.9581 -2.23533 -11.2184 -33.9581 -1.7675 -11.2423 -33.9581 -1.29967 -11.2552 -33.9581 -0.831106 -11.2573 -33.9581 -0.363272 -9.53197 -39.8822 -2.23533 -9.53144 -39.8816 -2.70317 -9.52355 -39.8715 -3.171 -9.5083 -39.8512 -3.4955 -9.29841 -40.01 -3.64684 -9.1961 -39.9727 -4.10667 -8.94124 -40.2739 -3.63956 -8.60248 -40.3118 -3.90949 -11.2571 -33.9822 -0.363272 -8.79159 -33.9822 -7.3946 -9.71503 -39.5975 -2.23533 -9.71187 -39.5975 -2.70317 -9.69004 -39.5975 -3.171 -9.89414 -39.2356 -3.171 -9.61061 -39.6329 -3.64684 -9.48042 -39.8126 -3.8069 -9.42992 -39.75 -4.10667 -9.10983 -39.8974 -4.46682 -8.7716 -40.2005 -4.08193 -8.81 -39.9607 -4.6036 -11.255 -33.9822 -0.831106 -8.71242 -34.8243 -7.18942 -9.02462 -34.6832 -7.14868 -9.08721 -34.3713 -7.19088 -9.1527 -33.9822 -7.24035 -9.71397 -39.5975 -0.831106 -9.71476 -39.5975 -1.7675 -9.91071 -39.2736 -2.23533 -9.90808 -39.2666 -2.70317 -10.0333 -39.0325 -2.70317 -10.0151 -39.0015 -3.171 -9.98856 -38.9509 -3.55734 -9.88204 -39.116 -3.68394 -9.57984 -39.5159 -4.10667 -9.53197 -39.4298 -4.45227 -9.47463 -39.3305 -4.76367 -9.29236 -39.6216 -4.61524 -8.97833 -39.8139 -4.77895 -8.66639 -39.8658 -4.85826 -11.2421 -33.9822 -1.29967 -11.2468 -34.4504 -0.831106 -11.2481 -34.4504 -0.363272 -8.83761 -34.4966 -7.24835 -8.61747 -36.6073 -6.69539 -9.05407 -36.1543 -6.69976 -9.11299 -35.8544 -6.74196 -8.92967 -36.4662 -6.65319 -8.99753 -37.9322 -6.20355 -9.19242 -35.3862 -6.80962 -9.42624 -35.3862 -6.60299 -9.38679 -33.9822 -7.03445 -10.0388 -39.0388 -1.29967 -10.0388 -39.0395 -2.23533 -9.90966 -39.2723 -0.831106 -10.0388 -39.0376 -0.363272 -10.0388 -39.0382 -0.831106 -10.2276 -38.6617 -2.23533 -10.2137 -38.6617 -2.70317 -10.1737 -38.6617 -3.171 -10.0717 -38.7073 -3.68394 -9.96042 -38.8939 -3.86875 -9.78052 -39.1299 -4.10667 -9.61771 -39.1565 -4.59487 -9.55012 -39.0186 -4.93756 -9.47884 -38.8636 -5.24969 -9.39073 -39.1565 -5.07289 -9.04355 -39.3792 -5.29262 -9.14192 -39.4786 -5.04233 -8.81 -39.6867 -5.0256 -8.79159 -39.4305 -5.34573 -11.2358 -34.4504 -1.29967 -11.2189 -34.9186 -1.29967 -11.2258 -34.9186 -0.831106 -8.68559 -38.0531 -6.24648 -8.82157 -37.7563 -6.30396 -9.08116 -37.6203 -6.25084 -9.14928 -37.2577 -6.30323 -8.82157 -38.203 -6.14898 -9.00884 -38.8857 -5.7379 -9.12772 -38.5738 -5.82739 -9.27395 -38.1594 -5.88778 -9.3831 -37.2577 -6.09441 -9.45517 -36.7902 -6.16644 -9.472 -35.0667 -6.65247 -9.50803 -34.7547 -6.69976 -9.53539 -34.4504 -6.73978 -9.57326 -33.9822 -6.80017 -10.2297 -38.6617 -1.7675 -10.3862 -38.3277 -1.7675 -10.3841 -38.322 -2.23533 -10.3757 -38.2948 -2.70317 -10.366 -38.1783 -3.2001 -10.4496 -38.0126 -3.06332 -10.2797 -38.1935 -3.63956 -10.0199 -38.5769 -4.10667 -9.9278 -38.811 -4.10667 -9.85206 -38.6415 -4.55704 -9.62534 -38.6889 -5.07289 -9.54012 -38.5516 -5.36029 -9.43965 -38.2922 -5.67242 -9.30315 -38.7187 -5.54873 -9.14508 -39.1299 -5.40103 -8.82841 -39.1198 -5.60839 -8.6969 -38.9572 -5.78956 -11.2082 -34.4504 -1.7675 -11.1924 -34.9186 -1.7675 -11.1603 -35.3862 -1.7675 -11.1805 -35.3862 -1.29967 -11.1845 -35.3862 -0.831106 -9.24607 -37.7563 -6.05731 -8.82841 -38.7022 -5.90015 -9.49962 -37.9803 -5.75318 -9.4891 -36.5364 -6.20646 -9.71581 -34.4504 -6.44656 -9.6356 -36.3574 -6.02166 -9.79051 -33.9822 -6.44656 -10.4857 -38.0935 -1.7675 -10.483 -38.0879 -2.23533 -10.4701 -38.0606 -2.70317 -10.4244 -37.9442 -3.37472 -10.588 -37.7259 -2.70317 -10.5104 -37.7633 -3.2001 -10.3962 -37.8424 -3.63956 -10.159 -38.1935 -4.10667 -9.9783 -38.4725 -4.38897 -9.92202 -38.3036 -4.7011 -9.83391 -38.1663 -5.00886 -9.58036 -38.1594 -5.5138 -11.1782 -33.9822 -2.23533 -11.1621 -34.4504 -2.23533 -11.1429 -34.9186 -2.23533 -11.1137 -35.3862 -2.23533 -11.0651 -35.8544 -2.23533 -11.1043 -35.8544 -1.7675 -11.1187 -35.8544 -1.29967 -11.1195 -35.8544 -0.831106 -9.8923 -37.7259 -5.13328 -9.69135 -37.7259 -5.51089 -9.78288 -37.2577 -5.51089 -9.52645 -37.7259 -5.79174 -9.57063 -37.2577 -5.86086 -9.90808 -34.4504 -6.11406 -9.94464 -33.9822 -6.18099 -9.7508 -35.8544 -5.97873 -9.95016 -35.5481 -5.72335 -10.6253 -37.7259 -1.7675 -10.6177 -37.7259 -2.23533 -10.6598 -37.2577 -3.171 -10.4657 -37.6083 -3.63956 -10.7702 -37.2577 -2.23533 -10.7303 -37.2577 -2.70317 -10.4333 -37.5064 -3.88548 -10.0185 -38.1663 -4.55704 -10.3265 -37.6873 -4.06738 -9.97094 -37.9917 -4.82988 -11.1156 -33.9822 -2.70317 -11.094 -34.4504 -2.70317 -11.0695 -34.9186 -2.70317 -11.0401 -35.3862 -2.70317 -10.9977 -35.8544 -2.70317 -10.9336 -36.3207 -2.69953 -10.9922 -36.3226 -2.23533 -11.0227 -36.3226 -1.7675 -11.0319 -36.3226 -1.29967 -10.0038 -37.7259 -4.899 -10.054 -37.2577 -4.99941 -9.93964 -37.2577 -5.23296 -9.96042 -37.0198 -5.27516 -9.86784 -36.8345 -5.4898 -9.97383 -35.2362 -5.76773 -10.0304 -34.4504 -5.87978 -10.063 -33.9822 -5.94671 -9.98435 -36.7079 -5.31954 -10.7842 -37.2577 -1.29967 -10.7834 -37.2577 -1.7675 -10.5567 -37.2577 -3.63956 -10.8494 -36.7724 -2.69953 -10.7644 -36.7902 -3.171 -10.8775 -36.9471 -1.7675 -10.8694 -36.9009 -2.23533 -10.4628 -37.2577 -3.96988 -10.3852 -37.2577 -4.20343 -10.1387 -37.7259 -4.5745 -10.9401 -33.9822 -3.57481 -11.0017 -34.4504 -3.171 -10.9709 -34.9186 -3.171 -10.9372 -35.34 -3.19137 -10.9267 -35.8544 -3.05823 -10.9086 -36.1631 -2.98765 -10.9075 -36.6041 -2.54092 -10.8852 -36.4757 -2.85305 -10.923 -36.6674 -2.23533 -10.9367 -36.713 -1.7675 -10.9399 -36.7199 -1.29967 -10.2439 -37.2577 -4.5745 -10.0804 -36.8345 -5.0889 -10.3389 -36.7832 -4.54249 -10.0633 -35.39 -5.54436 -10.1472 -34.9186 -5.51089 -10.2113 -34.4504 -5.51089 -10.2734 -33.9822 -5.51089 -10.8786 -36.954 -1.29967 -10.6519 -36.7902 -3.63956 -10.8483 -36.3207 -3.15427 -10.4988 -36.7832 -4.12995 -10.4152 -36.9351 -4.30093 -10.8973 -35.1533 -3.40601 -10.881 -33.9822 -3.80836 -10.886 -35.4653 -3.36017 -10.8707 -35.8544 -3.29251 -10.1761 -36.3226 -5.04233 -10.4396 -36.6225 -4.36496 -10.3586 -36.3226 -4.64435 -10.24 -35.8544 -5.04233 -10.3455 -34.9186 -5.08381 -10.3762 -34.4504 -5.15002 -10.7205 -36.3226 -3.63956 -10.5675 -36.3226 -4.10667 -10.8633 -34.4504 -3.74069 -10.77 -35.8544 -3.63956 -10.8428 -34.9186 -3.67376 -10.458 -36.3226 -4.4108 -10.4317 -35.173 -4.8146 -10.3263 -35.352 -4.99941 -10.4465 -34.9186 -4.85025 -10.4983 -33.9822 -4.98485 -10.6164 -35.8544 -4.10667 -10.6456 -33.9822 -4.5745 -10.5966 -34.4504 -4.5745 -10.7942 -33.9822 -4.10667 -10.7531 -34.4504 -4.10667 -10.7095 -34.9186 -4.10667 -10.6632 -35.3862 -4.10667 -8.57046 -40.4219 0.00198482 -8.79165 -40.3921 0.00198482 -8.84925 -40.3754 0.00198482 -9.05204 -40.3158 0.00198482 -9.2343 -40.1604 0.00198482 -9.28612 -40.116 0.00198482 -9.34056 -40.0647 0.00198482 -9.53203 -39.8823 0.00198482 -9.71325 -39.5979 0.00198482 -9.90867 -39.2712 0.00198482 -10.0389 -39.0374 0.00198482 -10.1875 -38.7447 0.00198482 -10.2295 -38.6615 0.00198482 -10.3513 -38.4014 0.00198482 -10.386 -38.3271 0.00198482 -10.4855 -38.0934 0.00198482 -10.6254 -37.7258 0.00198482 -10.749 -37.3616 0.00198482 -10.7842 -37.2576 0.00198482 -10.8787 -36.9531 0.00198482 -10.9399 -36.72 0.00198482 -11.0115 -36.4106 0.00198482 -11.0317 -36.3225 0.00198482 -11.1001 -35.9584 0.00198482 -11.1196 -35.8543 0.00198482 -11.1843 -35.3861 0.00198482 -11.2166 -35.022 0.00198482 -11.2256 -34.9186 0.00198482 -11.2487 -34.4504 0.00198482 -11.2553 -34.0863 0.00198482 -11.2571 -33.9822 0.00198482 -11.2571 -33.3358 0.00198482 -9.54282 -33.3358 0.00198482 -8.57046 -38.1322 0.00198482 -8.57046 -33.3358 5.21992 -8.57046 -33.3358 7.55849 -8.57046 -33.4301 7.54369 -8.57046 -33.514 7.52964 -8.57046 -34.225 7.38537 -8.57046 -34.2708 7.37353 -8.57046 -37.5274 6.43323 -8.57046 -38.194 6.19204 -8.57046 -38.3729 6.11436 -8.57046 -38.5651 6.02854 -8.57046 -38.7988 5.89612 -8.57046 -39.3627 5.50253 -8.57046 -39.3725 5.49514 -8.57046 -39.7914 4.96025 -8.57046 -39.8698 4.8367 -8.57046 -39.9357 4.72646 -8.57046 -40.1396 4.31661 -8.57046 -40.2714 3.96001 -8.57046 -40.3186 3.83054 -8.57046 -40.3366 3.761 -8.57046 -40.3872 3.37704 -8.57046 -40.4046 3.13438 -8.57046 -40.4178 2.91317 -8.57046 -40.4219 2.4456 -8.79165 -40.3921 2.4456 -8.79165 -40.3879 2.91317 -9.05204 -40.3158 2.4456 -9.04783 -40.3137 2.91317 -11.2571 -33.3358 0.573125 -11.2569 -33.3358 0.751421 -11.255 -33.3358 1.04143 -11.2516 -33.3358 1.21973 -11.2448 -33.3358 1.50973 -11.2361 -33.3358 1.68729 -11.2195 -33.3358 1.9773 -11.2043 -33.3358 2.1556 -11.1761 -33.3358 2.4456 -11.1525 -33.3358 2.6239 -11.1117 -33.3358 2.91317 -11.0804 -33.3358 3.09147 -11.0249 -33.3358 3.38147 -10.9889 -33.3358 3.54276 -10.9365 -33.3358 3.76914 -10.8766 -33.3358 4.00218 -10.8458 -33.3358 4.10798 -10.7842 -33.3358 4.31661 -10.7274 -33.3358 4.4949 -10.6322 -33.3358 4.78491 -10.4905 -33.3358 5.1674 -10.4536 -33.3358 5.25691 -10.3937 -33.3358 5.40192 -10.3437 -33.3358 5.51141 -10.2477 -33.3358 5.72078 -10.1672 -33.3358 5.8865 -10.0494 -33.3358 6.12546 -10.0034 -33.3358 6.21498 -9.92734 -33.3358 6.35924 -9.75244 -33.3358 6.65665 -9.55229 -33.3358 6.97403 -9.47759 -33.3358 7.06281 -9.33898 -33.3358 7.20782 -9.1049 -33.3358 7.412 -8.97287 -33.3358 7.46527 -8.79165 -33.3358 7.52816 -8.61333 -33.3358 7.55331 -9.28612 -40.116 2.4456 -8.81559 -40.3519 3.3726 -9.03757 -40.3068 3.21058 -9.28165 -40.1126 2.91317 -11.2571 -33.9822 0.573125 -9.52888 -39.8788 2.91317 -9.53151 -39.8823 2.4456 -9.53177 -39.8823 1.9773 -8.9876 -40.2874 3.52278 -8.67566 -40.3317 3.74029 -9.21984 -40.1264 3.3726 -9.51389 -39.8587 3.38147 -11.2495 -34.4504 0.573125 -8.79165 -33.514 7.49856 -9.70404 -39.5979 2.91317 -9.71009 -39.5979 2.4456 -9.71088 -39.5979 1.9773 -9.53203 -39.8823 0.573125 -8.81559 -40.2541 3.87715 -9.14961 -39.9315 4.31661 -9.28533 -39.9822 3.81649 -8.79165 -40.1035 4.31661 -9.49863 -39.8386 3.63967 -9.67038 -39.5979 3.38147 -11.2256 -34.9186 0.10556 -11.2253 -34.9186 0.573125 -11.2237 -34.9186 1.04143 -11.245 -34.4504 1.04143 -11.2519 -33.9822 1.04143 -11.2542 -33.514 1.04143 -9.04388 -33.7956 7.37058 -8.77771 -33.9642 7.40535 -8.61254 -34.2659 7.37205 -9.90262 -39.2538 2.91317 -9.90604 -39.2663 2.4456 -9.90656 -39.2691 1.9773 -9.90867 -39.2712 0.10556 -9.06992 -39.8649 4.60661 -9.38343 -39.7005 4.31661 -9.45839 -39.7831 3.95113 -8.79165 -39.9176 4.69613 -9.5899 -39.6152 3.81649 -9.88395 -39.2094 3.38147 -11.1843 -35.3861 0.10556 -11.183 -35.3861 1.04143 -11.1743 -35.3861 1.50973 -11.2111 -34.9186 1.50973 -11.2298 -34.4504 1.50973 -11.2374 -33.9822 1.50973 -11.2429 -33.514 1.50973 -9.08439 -33.514 7.39795 -8.92447 -34.1078 7.33062 -9.31847 -33.514 7.19228 -9.48943 -34.1959 6.88525 -9.22247 -34.4504 7.04949 -9.15198 -34.9186 6.98365 -9.08307 -35.2904 6.93038 -9.00732 -35.6026 6.88525 -8.77771 -34.4331 7.28106 -8.79165 -34.9186 7.13975 -8.69513 -35.7434 6.92668 -8.59781 -37.5253 6.43249 -10.0254 -39.0194 2.91317 -10.0365 -39.0326 2.4456 -10.0389 -39.0347 1.9773 -10.0389 -39.0367 0.573125 -10.0389 -39.0353 1.50973 -8.79165 -39.7699 4.92991 -9.1191 -39.4501 5.11783 -9.25061 -39.5778 4.7568 -9.51178 -39.3933 4.59478 -9.55307 -39.4668 4.31661 -9.85633 -39.1012 3.84386 -9.976 -38.9264 3.68554 -10.0002 -38.9757 3.38147 -11.1196 -35.8543 1.04143 -11.1141 -35.8543 1.50973 -11.0893 -35.8543 1.9773 -11.1433 -35.3861 1.9773 -11.1751 -34.9186 1.9773 -11.1935 -34.4504 1.9773 -11.2058 -33.9822 1.9773 -11.2161 -33.514 1.9773 -9.51652 -33.8837 6.92151 -9.45655 -34.4504 6.84604 -9.63251 -34.0169 6.7003 -9.61199 -34.4504 6.61226 -9.50442 -35.674 6.43692 -9.48469 -37.4546 5.94273 -9.46733 -35.9861 6.38958 -9.3858 -34.9186 6.77502 -9.41841 -36.3225 6.33705 -9.18433 -36.3225 6.5442 -9.10306 -36.7901 6.47687 -9.04704 -37.0724 6.43618 -8.90975 -37.3845 6.39032 -8.76877 -37.2402 6.47022 -8.76877 -37.6994 6.33409 -8.79165 -38.194 6.15875 -10.1996 -38.6615 2.91317 -10.224 -38.6615 2.4456 -10.2295 -38.6615 1.9773 -8.58072 -39.3718 5.4944 -8.75877 -39.507 5.26579 -8.89265 -39.3045 5.43003 -9.11384 -38.993 5.56394 -9.27244 -39.1304 5.25321 -9.43104 -39.2677 4.90698 -9.52257 -38.9556 5.0764 -9.57491 -39.1193 4.76419 -9.72246 -39.1297 4.31661 -9.9426 -38.8501 3.997 -10.046 -38.6816 3.84386 -10.1438 -38.6615 3.38147 -11.0317 -36.3225 1.04143 -11.0291 -36.3225 1.50973 -11.0117 -36.3225 1.9773 -10.9691 -36.3225 2.4456 -11.0386 -35.8543 2.4456 -11.0851 -35.3861 2.4456 -11.1138 -34.9186 2.4456 -11.1338 -34.4504 2.4456 -11.1527 -33.9822 2.4456 -11.1703 -33.514 2.4456 -9.54255 -33.514 6.9585 -9.73245 -33.514 6.65665 -9.88395 -33.9822 6.2823 -9.86895 -34.4969 6.16689 -9.78689 -34.9186 6.18835 -9.7072 -35.3861 6.18835 -9.74218 -36.7901 5.72078 -9.51678 -37.1424 5.98637 -9.44603 -37.7258 5.89612 -9.21221 -37.7258 6.10475 -9.63014 -37.2818 5.75999 -9.60121 -37.7258 5.66233 -9.11726 -38.194 6.02263 -9.04625 -38.4548 5.96936 -8.79165 -38.5325 6.01153 -10.3692 -38.2696 2.91317 -10.3829 -38.3154 2.4456 -10.386 -38.3271 1.9773 -8.79165 -38.7669 5.87614 -8.75877 -39.1408 5.61573 -9.23614 -38.6122 5.68971 -9.42604 -38.7697 5.3886 -9.50521 -38.4576 5.50401 -9.56964 -38.6323 5.24064 -9.75954 -38.6615 4.78491 -9.95627 -38.4118 4.53559 -9.90683 -38.6816 4.35434 -10.2319 -38.194 3.8483 -10.0049 -38.538 4.22339 -10.3455 -38.1635 3.36668 -10.9399 -36.72 1.04143 -10.9397 -36.7193 1.50973 -10.9326 -36.6992 1.9773 -10.9126 -36.6229 2.4456 -10.8987 -36.5632 2.68753 -10.9189 -36.3225 2.78814 -10.9473 -35.8758 2.94868 -10.9973 -35.3861 2.91317 -11.0281 -34.9186 2.91317 -11.0554 -34.4504 2.91317 -11.0809 -33.9822 2.91317 -11.1046 -33.514 2.91317 -9.91709 -33.514 6.34075 -10.0105 -33.9822 6.04778 -9.98363 -34.3721 5.99599 -9.96127 -34.6842 5.95456 -9.9426 -34.9186 5.91905 -9.92077 -36.7901 5.41228 -9.88079 -37.2576 5.33681 -9.54361 -38.194 5.56764 -9.35134 -38.194 5.80142 -9.84791 -37.7188 5.22362 -10.4586 -38.0358 2.91317 -10.4791 -38.0816 2.4456 -10.4392 -37.9873 3.20096 -10.4855 -38.0934 1.9773 -9.70957 -38.194 5.25248 -9.9042 -38.2307 4.80119 -10.0039 -38.0996 4.65692 -10.2335 -37.7258 4.31661 -10.0717 -38.2307 4.35434 -10.3726 -37.7341 3.8594 -10.4102 -37.8957 3.51316 -10.8787 -36.9531 1.50973 -10.875 -36.9323 1.9773 -10.8613 -36.8566 2.4456 -10.703 -37.2576 2.91317 -10.8295 -36.7477 2.871 -10.8758 -36.3225 3.02192 -10.8934 -36.0465 3.12846 -10.9076 -35.7343 3.18764 -10.9213 -35.3861 3.24239 -10.9384 -34.9186 3.31045 -10.9849 -33.9822 3.38147 -11.0152 -33.514 3.38147 -10.0399 -33.514 6.10697 -10.174 -33.9822 5.72078 -10.0807 -34.4969 5.76739 -10.0588 -36.3163 5.28355 -9.97153 -36.1561 5.50549 -9.94733 -36.4682 5.45962 -10.0428 -36.7901 5.17775 -10.0052 -37.2576 5.10303 -9.97626 -37.5579 5.04829 -9.94023 -37.87 4.96838 -10.5641 -37.7258 2.91317 -10.6083 -37.7258 2.4456 -10.6238 -37.7258 1.9773 -10.4876 -37.7341 3.36668 -10.6254 -37.7258 1.50973 -10.0462 -37.7188 4.80119 -10.3505 -37.2569 4.29663 -10.4121 -37.4122 4.02216 -10.4565 -37.5836 3.71143 -10.7842 -37.2576 1.50973 -10.7792 -37.2576 1.9773 -10.7564 -37.2576 2.4456 -10.6164 -37.2576 3.38147 -10.7177 -36.7901 3.38147 -10.7929 -36.3225 3.38147 -10.8495 -35.8758 3.35854 -10.8613 -35.3861 3.47617 -10.8794 -34.9186 3.54497 -10.9136 -33.9822 3.67962 -10.9307 -33.514 3.74621 -10.2303 -33.514 5.72078 -10.3589 -33.9822 5.3235 -10.3434 -34.4581 5.2214 -10.2679 -34.9186 5.25248 -10.2043 -35.3861 5.25248 -10.1401 -35.8543 5.25248 -10.2309 -36.7901 4.78491 -10.1535 -37.2576 4.78491 -10.446 -37.1001 4.12721 -10.3834 -36.7901 4.43128 -10.4939 -37.2569 3.8594 -10.5891 -36.7901 3.8483 -10.6546 -36.3225 3.8483 -10.7045 -35.8543 3.8483 -10.7493 -35.3861 3.8483 -10.7906 -34.9186 3.8483 -10.8526 -33.9822 3.91266 -10.871 -33.514 3.97999 -10.3858 -33.514 5.38268 -10.4586 -33.9822 5.08898 -10.44 -34.3075 5.04459 -10.4215 -34.619 4.99872 -10.3419 -35.8543 4.81894 -10.3221 -36.2782 4.7383 -10.41 -36.4044 4.5023 -10.4728 -36.7901 4.19675 -10.4891 -36.2782 4.33436 -10.5417 -35.8543 4.31661 -10.592 -35.3861 4.31661 -10.6406 -34.9186 4.31661 -10.6872 -34.4504 4.31661 -10.7316 -33.9822 4.31661 -10.7716 -33.514 4.31661 -10.4828 -33.514 5.1489 -10.5717 -33.9822 4.78491 -10.4952 -34.9186 4.71981 -10.4436 -35.8543 4.58516 -10.4297 -36.0923 4.55187 -10.6175 -33.514 4.78491 -7.35776 -39.7037 -5.12737 -7.35776 -39.4772 -5.39456 -5.51521 -39.7491 -5.1718 -5.51521 -39.7804 -5.12737 -4.95703 -39.7822 -5.12737 -3.17533 -39.7822 -5.12737 -2.70709 -39.7787 -5.12737 -2.65947 -39.77 -5.12737 -0.291806 -38.8325 -5.12737 0.20289 -38.6165 -5.12737 0.438334 -38.4997 -5.12737 0.651291 -38.3795 -5.12737 0.825889 -38.268 -5.12737 1.0071 -38.1512 -5.12737 1.10763 -38.085 -5.12737 1.29413 -37.9526 -5.12737 1.5428 -37.7522 -5.12737 1.56264 -37.7348 -5.12737 1.78354 -37.5396 -5.12737 2.01766 -37.3061 -5.12737 2.22532 -37.0796 -5.12737 2.38934 -36.8775 -5.12737 2.51897 -36.7033 -5.12737 2.65256 -36.522 -5.12737 2.7478 -36.3739 -5.12737 2.82716 -36.2433 -5.12737 4.07845 -34.1767 -5.12737 4.14855 -34.0321 -5.12737 4.18294 -33.931 -5.12737 4.28082 -33.4919 -5.12737 4.4369 -32.5859 -5.12737 5.8866 -23.6872 -5.12737 5.96067 -23.2185 -5.12737 6.03342 -22.7567 -5.12737 6.15511 -21.9813 -5.12737 -6.26387 -21.9813 -5.12737 -7.35776 -35.4957 -5.12737 -7.35776 -21.9813 -6.04233 -7.35776 -21.9813 -7.75733 -7.35776 -31.1727 -7.75733 -7.35776 -31.2024 -7.75702 -7.35776 -31.6415 -7.75212 -7.35776 -31.6711 -7.7512 -7.35776 -32.1084 -7.73741 -7.35776 -32.1381 -7.73527 -7.35776 -32.5771 -7.7034 -7.35776 -32.605 -7.70003 -7.35776 -33.0284 -7.64794 -7.35776 -33.2619 -7.61423 -7.35776 -33.2776 -7.61148 -7.35776 -33.5128 -7.56766 -7.35776 -33.5425 -7.56122 -7.35776 -33.9816 -7.46501 -7.35776 -34.0112 -7.45735 -7.35776 -34.4485 -7.34183 -7.35776 -34.4782 -7.33356 -7.35776 -34.9033 -7.21283 -7.35776 -35.386 -7.07219 -7.35776 -37.2574 -6.52646 -7.35776 -37.7243 -6.3898 -7.35776 -37.7487 -6.38214 -7.35776 -38.1077 -6.26723 -7.35776 -38.3412 -6.17991 -7.35776 -38.3621 -6.16949 -7.35776 -38.6618 -6.01628 -7.35776 -38.6827 -6.00372 -7.35776 -38.9928 -5.81558 -7.35776 -39.2263 -5.62867 -5.51521 -39.2716 -5.66758 -5.51521 -39.5138 -5.43379 -3.17533 -39.7491 -5.1718 -3.17533 -39.5138 -5.43379 -3.17533 -39.2716 -5.66758 -5.51521 -39.0364 -5.84837 -3.17533 -39.0364 -5.84837 -2.70709 -39.5138 -5.43225 -2.70709 -39.7473 -5.17119 5.99903 -21.9813 -5.3296 5.73978 -21.9813 -5.5778 5.52021 -21.9813 -5.77544 5.36413 -21.9813 -5.87901 5.26228 -21.9813 -5.94611 2.62875 -21.9813 -7.58329 2.39463 -21.9813 -7.68563 1.97136 -21.9813 -7.7558 1.50444 -21.9813 -7.75733 -2.70709 -39.0364 -5.84745 -2.70709 -39.2699 -5.66636 -5.51521 -38.6618 -6.08032 -3.17533 -38.6618 -6.08032 -2.38831 -39.4615 -5.37986 5.89851 -23.2185 -5.21225 5.95406 -22.5389 -5.28088 -0.83412 -25.5586 -8.19949 -1.30236 -26.0273 -8.2574 -1.7706 -26.4943 -8.25464 -2.70709 -38.6618 -6.07848 -2.40551 -38.9893 -5.81282 -5.51521 -38.4213 -6.21085 -3.17533 -38.4213 -6.21085 0.316643 -38.4196 -5.27047 -0.368524 -38.7994 -5.19111 5.58767 -24.1542 -5.38752 5.62603 -23.6872 -5.42367 5.04932 -27.8987 -5.3152 4.58637 -30.7075 -5.32102 4.62473 -30.2388 -5.36055 5.86015 -23.6872 -5.1623 5.43556 -26.0273 -5.2193 4.99906 -28.5103 -5.25913 4.53479 -31.3383 -5.26342 4.55992 -31.0264 -5.29283 -0.83412 -26.0273 -8.2574 -0.368524 -26.4943 -8.2574 -0.83412 -26.963 -8.2574 -1.30236 -26.963 -8.2574 -2.70709 -38.4213 -6.21024 0.099718 -37.8376 -5.68872 0.136754 -38.2349 -5.44849 -5.51521 -38.1878 -6.30125 -3.17533 -38.1878 -6.30125 0.56796 -38.1094 -5.37894 0.882766 -38.0118 -5.31582 0.56796 -38.3429 -5.20735 4.66309 -29.7701 -5.39794 4.88134 -26.963 -5.62683 5.34297 -24.1542 -5.62162 5.45672 -22.7515 -5.72519 5.47788 -22.4971 -5.74235 5.50434 -22.1852 -5.76257 5.38 -23.6872 -5.65777 4.12342 -33.5128 -5.32654 4.16178 -33.0459 -5.36576 4.20014 -32.5771 -5.40314 4.93425 -29.3031 -5.1767 4.50965 -31.6415 -5.23278 -0.368524 -26.0273 -8.24545 -5.98213 -32.5771 -7.70371 -6.45037 -32.5771 -7.70371 -2.70709 -38.1861 -6.30033 -2.40551 -38.1112 -6.27091 0.385425 -37.5239 -5.7592 0.552087 -37.6982 -5.6207 -5.51521 -37.7243 -6.44526 -5.04697 -37.7243 -6.44771 -3.17533 -37.7243 -6.44771 1.03752 -37.7383 -5.41326 1.38937 -37.5919 -5.34033 1.19493 -37.9038 -5.23584 3.9184 -33.0459 -5.59986 4.41839 -29.7701 -5.63204 5.01493 -25.3268 -5.74541 5.07181 -24.6229 -5.78984 4.10887 -30.7075 -5.769 5.11017 -24.1542 -5.81742 4.09564 -33.8143 -5.29682 3.88004 -33.5128 -5.56064 4.4713 -32.1084 -5.18375 2.32982 -22.7515 -7.67889 2.36553 -22.2828 -7.6841 0.0454867 -26.4943 -8.17099 -0.368524 -26.963 -8.24637 -0.83412 -27.4317 -8.20408 -6.45037 -33.0302 -7.64825 -6.91862 -33.0302 -7.64825 -2.70709 -37.7243 -6.44036 -0.83412 -36.3217 -6.51083 0.099718 -35.8529 -6.45507 0.697586 -37.4124 -5.71416 -6.91862 -34.4485 -7.34244 -6.45037 -34.4485 -7.34306 1.04678 -37.2574 -5.65931 1.52957 -37.2835 -5.43838 1.70153 -37.4577 -5.25484 1.52957 -37.7383 -5.14759 3.64592 -33.5128 -5.77329 3.95544 -32.5771 -5.63694 4.05861 -31.2982 -5.73009 4.08506 -30.9863 -5.75123 3.68428 -33.0459 -5.80179 4.64722 -26.963 -5.82109 4.31257 -27.4317 -5.9887 4.77949 -24.6229 -5.98196 4.03744 -34.1262 -5.23247 3.62079 -33.7742 -5.75399 2.22268 -24.5358 -7.62955 2.24516 -24.1542 -7.64426 2.27162 -23.6872 -7.65897 2.2994 -23.2185 -7.67031 1.83248 -26.4943 -7.67031 0.00580518 -26.963 -8.16027 -0.068267 -27.2731 -8.12809 0.099718 -35.386 -6.5473 -0.368524 -35.8529 -6.55036 -5.66997 -32.9239 -7.63813 -5.98213 -33.004 -7.64855 -6.45037 -33.2637 -7.61485 -6.91862 -33.2637 -7.61454 -6.45037 -33.9816 -7.46654 -5.98213 -33.2393 -7.6078 1.36423 -36.6562 -5.77728 1.20948 -36.9681 -5.7258 0.897316 -37.1005 -5.7736 0.56796 -34.9173 -6.53688 2.4396 -33.5128 -6.38735 2.73721 -33.7969 -6.24119 -6.91862 -33.9816 -7.46593 1.5137 -36.8026 -5.66789 1.85496 -37.1458 -5.34584 2.16712 -36.9768 -5.24994 1.99517 -37.2835 -5.16108 3.37609 -33.5128 -5.95255 3.72132 -32.5771 -5.82814 4.18427 -29.7701 -5.82477 1.80073 -26.963 -7.65683 2.20416 -24.8477 -7.61577 3.37609 -33.0459 -6.00249 2.60097 -36.4471 -5.2196 2.70282 -36.1352 -5.29927 3.02557 -33.5128 -6.15846 2.28881 -36.6649 -5.33236 1.76766 -27.308 -7.63783 1.53751 -27.4509 -7.68502 1.40524 -27.8987 -7.67031 1.31662 -28.1984 -7.64212 1.03091 -28.3587 -7.67766 -6.45037 -33.5128 -7.56797 -6.91862 -33.5128 -7.56797 1.6764 -36.482 -5.72273 2.79145 -33.5128 -6.26325 1.96078 -36.3234 -5.64674 1.99517 -36.8078 -5.43164 -1.62103 -2.20226 0.965684 -1.49242 -2.29954 0.965684 -5.41456 -2.75039 2.1476 -5.44643 -2.62595 2.13959 -5.56025 -2.20226 2.12831 -5.7765 -2.20226 2.19359 -5.82203 -2.20226 2.41111 -5.79358 -2.20226 3.99718 5.768 -2.20226 3.99718 5.80442 -2.20226 2.44523 5.62459 -2.20226 2.14166 1.62504 -2.20226 0.965684 1.54878 -2.26145 0.965684 1.31432 -2.41808 0.965684 1.26993 -2.43755 0.965684 1.03661 -2.53913 0.965684 0.567678 -2.68401 0.965684 0.099889 -2.74255 0.965684 -0.366762 -2.71926 0.965684 -0.834552 -2.61178 0.965684 -0.894875 -2.58801 0.965684 -1.20787 -2.46417 0.965684 -1.40478 -2.3576 0.965684 -1.44234 -2.33716 0.965684 -5.35879 -2.75039 2.13603 -5.05604 -2.75039 2.08202 -4.92287 -2.75039 2.06778 4.78006 -2.75039 2.06778 5.24671 -2.75039 2.10784 5.52215 -2.75039 2.17965 5.58361 -2.75039 2.44523 5.54833 -2.75039 3.99718 -5.53749 -2.75039 3.99718 -5.57505 -2.75039 2.41912 -5.53863 -2.75039 2.31496 -5.74577 -2.38797 2.23069 5.54491 -2.62595 2.16451 -5.657 -2.59059 2.41021 -5.75715 -2.41105 2.54256 -5.82317 -2.20242 2.41021 5.63711 -2.62595 2.44523 -5.7048 -2.47377 3.99718 -5.75715 -2.41105 2.69449 -5.77195 -2.3106 3.99718 5.7145 -2.33609 3.99718 -7.6772 -33.3358 7.5959 -7.35776 -33.3358 7.59539 -7.35776 -33.3358 5.84631 -8.57046 -33.3358 5.22027 -8.57046 -33.3358 7.5591 -8.32331 -33.3358 7.59338 -7.85549 -33.3358 7.59539 -7.85549 -33.5142 7.56616 -7.35776 -33.4849 7.5712 -7.35776 -33.5142 7.56616 -7.35776 -33.9827 7.46484 -7.35776 -34.304 7.38318 -7.35776 -34.5383 7.31766 -7.35776 -34.8945 7.21533 -7.35776 -35.3866 7.07218 -7.35776 -36.0482 6.87913 -7.35776 -37.533 6.44564 -7.35776 -37.7854 6.37154 -7.35776 -38.1939 6.23242 -7.35776 -38.6045 6.04995 -7.35776 -38.838 5.9199 -7.35776 -39.1113 5.71677 -7.35776 -39.1294 5.70265 -7.35776 -39.3657 5.51615 -7.35776 -39.3811 5.50355 -7.35776 -39.5874 5.26866 -7.35776 -39.6013 5.25253 -7.35776 -39.8175 4.99848 -7.35776 -39.9569 4.7646 -7.35776 -40.1681 4.34573 -7.35776 -40.182 4.3175 -7.35776 -40.2845 4.06799 -7.35776 -40.2915 4.05085 -7.35776 -40.3466 3.83159 -7.35776 -40.35 3.81697 -7.35776 -40.4253 3.38146 -7.35776 -40.4539 2.91319 -7.35776 -40.4574 2.44643 -7.35776 -39.2172 2.44643 -7.35776 -36.3222 2.91017 -7.35776 -36.0196 3.05282 -7.35776 -35.9994 3.06239 -8.32331 -33.5142 7.56364 -7.85549 -33.9827 7.46434 -7.38743 -33.9827 7.46484 -8.57046 -33.4299 7.54348 -8.57046 -33.5142 7.52936 -8.57046 -34.2253 7.3852 -8.32331 -33.9827 7.46131 -7.85549 -34.3027 7.38268 -7.38743 -34.304 7.38318 -7.38743 -35.9994 3.06239 -7.71423 -36.0287 3.09062 -8.57046 -38.1235 2.44643 -8.57046 -40.4218 2.44643 -8.57046 -40.4177 2.91319 -8.57046 -40.4044 3.13397 -8.57046 -40.3877 3.37693 -8.57046 -40.3368 3.76102 -8.57046 -40.3187 3.83058 -8.57046 -40.2713 3.96012 -8.57046 -40.1395 4.3175 -8.57046 -39.936 4.72679 -8.57046 -39.8697 4.83718 -8.57046 -39.7917 4.96068 -8.57046 -39.372 5.49498 -8.57046 -39.3622 5.50254 -8.57046 -38.799 5.89621 -8.57046 -38.5648 6.02878 -8.57046 -38.3724 6.11447 -8.57046 -38.1939 6.19209 -8.57046 -37.5275 6.43303 -8.57046 -37.4989 6.4416 -8.57046 -34.2706 7.37361 -8.32331 -34.2964 7.38066 -8.32331 -34.5306 7.31614 -7.85549 -34.5369 7.31766 -7.38743 -34.5383 7.31766 -7.38743 -36.3222 2.91017 -7.85549 -40.4567 2.44643 -8.32331 -40.4546 2.44643 -8.32331 -34.9182 7.20576 -7.85549 -34.9182 7.20828 -8.32331 -40.4511 2.91319 -8.32331 -36.3222 6.79646 -7.85549 -35.3866 7.07218 -8.32331 -37.7812 6.37003 -8.32331 -37.547 6.43908 -8.32331 -36.7906 6.65986 -7.85549 -40.4539 2.91319 -7.85549 -40.426 3.38146 -8.32331 -40.4232 3.38146 -7.85549 -36.0482 6.87913 -8.32331 -38.1939 6.2299 -7.85549 -38.1939 6.23292 -7.85549 -37.7854 6.37154 -7.85549 -36.7906 6.66238 -7.85549 -37.5519 6.44009 -7.85549 -40.3507 3.81697 -8.32331 -40.3486 3.80991 -8.32331 -38.601 6.04844 -7.85549 -38.6045 6.04995 -7.85549 -40.2915 4.05136 -8.32331 -40.2894 4.0438 -8.32331 -38.8352 5.91839 -7.85549 -38.8387 5.92041 -7.85549 -40.1827 4.3175 -8.32331 -40.1792 4.3175 -8.32331 -39.1294 5.69912 -7.85549 -39.1294 5.70316 -7.85549 -39.9569 4.7646 -8.32331 -39.9555 4.76107 -8.32331 -39.379 5.50103 -7.85549 -39.3818 5.50355 -7.85549 -39.8175 4.99848 -8.32331 -39.8154 4.99495 -8.32331 -39.5965 5.25253 -7.85549 -39.6013 5.25253 -7.35788 -40.4574 -2.70288 -7.35776 -40.4574 0.000857684 -7.35776 -40.4574 2.44488 -7.35788 -40.4574 0.000857684 -7.85549 -40.4572 2.44643 -7.85549 -40.4572 -2.70288 -7.85549 -40.4536 -2.83895 -7.35788 -40.4536 -2.83895 -7.35788 -39.0164 -2.83895 -7.35776 -39.2373 0.000857684 -7.35776 -39.2178 2.44643 -7.35776 -40.4572 2.44643 -8.32331 -40.4545 -2.70288 -7.99117 -40.4528 -2.83895 -7.95924 -40.4567 0.000857684 -8.32331 -40.4507 -2.83895 -8.57034 -40.4152 -2.83895 -8.57034 -37.9941 -2.83895 -8.4635 -38.0789 -2.83895 -8.57046 -38.1243 2.44643 -8.57046 -40.4217 2.44643 -8.32319 -40.4545 2.44643 -8.57034 -40.4217 -2.23467 -8.57034 -40.4212 -2.70288 -8.32331 -40.4545 0.000857684 -8.42694 -40.4408 0.000857684 -8.57046 -40.4217 0.000857684 -8.57046 -38.1332 0.000857684 -6.2574 -8.71012 -5.51004 -6.2574 -8.09633 -5.51004 4.47243 -8.09633 -5.51004 4.49366 -8.12715 -5.51004 4.58494 -8.36125 -5.51004 4.58494 -8.6152 -5.51004 4.50852 -8.84931 -5.51004 4.27395 -9.16358 -5.51004 4.06909 -9.43006 -5.51004 -6.25528 -9.43006 -5.51004 -6.25634 -9.17794 -5.51004 -6.2574 -9.43006 -5.04267 -6.2574 -9.43006 -0.0224208 -6.2574 -8.24204 -0.0224208 -6.2574 -8.09633 -5.04267 -6.24891 -8.09633 -0.0224208 2.48971 -8.09633 -0.0224208 4.36204 -8.09633 -3.16457 4.47137 -8.09633 -3.63893 4.47243 -8.09633 -5.04267 4.07016 -9.43006 -5.0475 4.07016 -9.43006 -4.57476 4.06909 -9.43006 -3.63893 4.06591 -9.43006 -3.17102 4.03194 -9.43006 -0.0224208 4.49366 -8.12715 -5.04267 3.98418 -9.37823 -0.0224208 3.81329 -9.19308 -0.0224208 4.49366 -8.12767 -3.63893 4.49366 -8.12741 -4.10685 4.586 -8.36112 -5.04267 4.27289 -9.16292 -3.63893 4.5064 -8.848 -3.63893 4.58494 -8.61416 -3.63893 4.5722 -8.56807 -3.3107 4.5722 -8.3999 -3.3107 4.45014 -8.24309 -3.16135 4.58494 -8.36164 -3.63893 4.586 -8.61507 -5.04267 4.27395 -9.16358 -4.57476 4.27395 -9.16345 -4.10685 4.50852 -8.84839 -4.10685 -3.47192 -15.434 -7.81807 -3.47095 -15.2623 -7.81807 -2.66044 -15.2623 -8.17036 -2.66141 -15.7297 -8.1704 -3.47143 -15.7297 -7.81807 -3.39744 -16.1976 -7.81807 -3.15516 -16.6655 -7.81807 -2.84373 -17.1339 -7.81807 -2.70735 -17.2735 -7.81807 -2.23923 -17.6003 -7.81807 -1.77111 -17.8747 -7.81807 -1.29767 -17.9724 -7.81807 -0.837774 -17.9836 -7.81807 -0.478463 -17.952 -7.81807 -0.0857836 -17.8839 -7.81807 0.223234 -17.7244 -7.81807 0.806933 -17.3722 -7.81807 1.1851 -16.8143 -7.81807 1.35291 -16.5167 -7.81807 1.41481 -16.1027 -7.81807 1.46849 -15.7297 -7.81807 1.46752 -15.2623 -7.81807 1.39208 -14.8021 -7.81807 1.18462 -14.3264 -7.81807 0.862546 -13.858 -7.81807 0.56852 -13.5716 -7.81807 0.100401 -13.2749 -7.81807 -0.367719 -13.0905 -7.81807 -0.841159 -13.0146 -7.81807 -1.21788 -13.0224 -7.81807 -1.29574 -13.0258 -7.81807 -1.64006 -13.0555 -7.81807 -2.02065 -13.1411 -7.81807 -2.59709 -13.503 -7.81807 -3.05651 -13.9733 -7.81807 -3.39115 -14.5784 -7.81807 -3.45886 -14.9787 -7.81807 -2.59951 -14.7943 -8.14675 -2.23923 -14.7943 -8.23297 -2.23923 -15.2623 -8.25654 -2.23923 -15.7297 -8.25663 -2.23923 -16.1976 -8.23349 -2.60144 -16.1976 -8.14731 -2.52552 -14.4865 -8.11101 -2.23923 -14.3289 -8.15251 -1.77111 -14.3264 -8.23607 -1.77111 -14.7943 -8.2574 -1.77111 -16.1976 -8.2574 -1.77111 -16.666 -8.23697 -2.24165 -16.665 -8.15363 -2.52649 -16.5084 -8.11166 -2.08351 -14.0322 -8.11407 -1.30299 -14.3264 -8.2574 -1.77111 -13.9485 -8.14989 -1.26624 -13.8259 -8.15483 -0.835839 -14.3264 -8.2574 0.100401 -15.2623 -8.2574 0.100401 -15.7297 -8.2574 -0.835839 -16.666 -8.2574 -1.30299 -16.666 -8.2574 -1.27543 -17.167 -8.15565 -1.77111 -17.0473 -8.15079 -2.0869 -16.9627 -8.11527 -0.865339 -13.8201 -8.15483 -1.08586 -13.6217 -8.08646 -0.84938 -17.1738 -8.15565 -1.10085 -17.3722 -8.08779 -1.41277 -17.3455 -8.07386 -0.367719 -13.9203 -8.15991 -0.367719 -14.3264 -8.24609 -1.0404 -13.6217 -8.08646 -0.728965 -13.6382 -8.07859 0.100401 -14.7943 -8.24854 0.100401 -16.1976 -8.2491 -0.367719 -16.666 -8.24704 -0.367719 -17.0765 -8.16085 -0.702367 -17.3567 -8.08005 -1.0138 -17.3722 -8.08779 -0.00792473 -14.0044 -8.1274 0.128933 -14.2963 -8.17234 0.433597 -14.4325 -8.13067 0.581094 -14.8294 -8.14924 0.56852 -15.2623 -8.18588 0.56852 -15.7297 -8.1861 0.582061 -16.1635 -8.14989 0.435048 -16.5624 -8.13144 0.130867 -16.6971 -8.17354 -0.0050233 -16.9904 -8.12864 0.303994 -14.1207 -8.07416 0.809351 -15.0088 -8.08899 0.827244 -15.2623 -8.09966 0.827727 -15.7297 -8.09987 0.809834 -15.985 -8.08925 -7.2574 -12.4548 2.91281 -7.2574 -12.4548 3.84834 -7.20472 -12.0639 3.38083 -7.20472 -12.0963 2.91281 -7.18665 -12.158 2.5512 -7.21525 -12.424 2.41534 -7.25589 -12.9236 2.4453 -7.25288 -14.7954 3.38083 -7.25589 -12.9236 4.31688 -7.21525 -12.4289 4.34271 -7.18665 -12.1596 4.20426 -7.20472 -12.0963 3.84834 -6.2549 -9.43137 5.25189 -6.2549 -9.43137 -0.0219044 -7.18665 -12.5602 2.1338 -7.2002 -12.9512 1.97779 -7.22579 -13.3907 1.97779 -7.25288 -14.3266 2.4453 -6.2564 -26.0019 1.04174 -6.25791 -26.0019 5.25034 -7.23332 -14.7954 3.84834 -7.25138 -14.3266 4.31688 -7.22127 -13.3907 4.78439 -7.19869 -12.956 4.78232 -7.18665 -12.5667 4.62476 -6.2549 -9.6471 5.25396 -6.08028 -9.43137 5.25396 3.80628 -9.43137 5.25396 4.0697 -9.43137 5.25189 4.0697 -9.43137 3.84059 4.06669 -9.43137 3.37721 4.03056 -9.43137 -0.0219044 -7.15956 -13.1344 5.02563 -7.16859 -13.3907 5.03493 -6.58605 -13.3907 5.25448 -7.17311 -13.3907 1.72208 -7.16257 -13.1247 1.73293 6.94927 -21.9793 -0.0224209 -6.24737 -21.9793 -0.0224209 -6.2564 -24.1512 -0.0224209 -7.17009 -13.7281 1.7257 -7.20472 -13.8741 1.94834 -7.2002 -14.3266 2.08369 -6.24285 -25.1747 -0.0224209 -6.22931 -25.3628 -0.0224209 -6.23533 -26.0019 0.758653 -5.98094 -26.0019 0.597479 -5.54441 -26.0019 0.476599 -3.30458 -26.0019 -0.0224209 6.29448 -26.0019 -0.0224209 6.29448 -26.0019 2.44633 6.28695 -26.0019 2.88904 6.28545 -26.0019 2.91281 6.25233 -26.0019 3.35655 6.24932 -26.0019 3.38031 6.16201 -26.0019 3.82457 6.15599 -26.0019 3.84834 6.02052 -26.0019 4.25644 5.92117 -26.0019 4.4889 5.76011 -26.0019 4.76321 5.74807 -26.0019 4.78335 5.55539 -26.0019 5.07574 5.54185 -26.0019 5.09589 5.40637 -26.0019 5.25034 6.05665 -21.9793 5.25499 -6.2549 -21.9793 5.25499 -6.25941 -21.9777 5.25499 -7.16708 -13.7086 5.03338 -7.2002 -14.3266 4.6697 -7.20321 -13.8627 4.80867 -6.50176 -13.1198 5.25448 -6.25941 -16.1984 5.25499 -5.8259 -16.1838 5.25499 7.00195 -16.1838 5.25499 -6.2564 -24.6216 -0.0224209 7.3301 -13.3112 -0.0219044 6.82433 -22.7481 -0.0224209 6.43898 -25.1147 -0.0224209 -5.64526 -25.5769 -0.0224209 -5.98997 -25.5023 -0.0224209 -6.24737 -25.0871 -0.0224209 5.63216 -24.6216 5.25034 6.08525 -21.8106 5.25499 6.65725 -18.3038 5.25499 4.24431 -9.66494 5.25396 7.4746 -13.4816 -0.0219044 7.65674 -13.8579 -0.0219044 7.90962 -15.342 -0.0219044 7.95027 -15.6129 -0.0219044 7.96682 -15.7313 -0.0219044 7.75609 -17.0338 -0.0219044 5.94827 -23.9127 5.01685 5.97235 -23.6029 5.04939 7.39181 -14.7954 5.06747 6.8439 -12.7387 5.25396 7.03958 -12.9706 5.25189 7.27591 -13.2447 4.78387 7.71093 -13.754 3.84782 7.90962 -13.9892 3.3798 7.90962 -13.9892 1.50977 7.303 -14.3282 5.25396 7.36923 -13.8579 5.25396 7.34214 -13.6924 5.25396 7.2744 -13.394 5.25396 7.03808 -12.9706 5.25396 8.07821 -14.3282 1.50977 8.12036 -14.7954 1.50977 6.95077 -21.9793 2.44633 6.95077 -21.9793 1.50977 8.12036 -14.7954 2.44581 5.99493 -25.0871 4.62993 6.92217 -19.47 4.61185 7.36171 -16.951 4.56432 7.33913 -15.4263 4.99929 7.36472 -15.1133 5.03596 7.68082 -14.2974 4.74203 7.42643 -14.3282 5.1119 7.42192 -13.5286 5.1212 7.46708 -13.4783 4.78387 7.9021 -13.9892 3.84782 8.0752 -14.3282 2.91177 8.07821 -14.3282 2.44581 7.45052 -13.8579 5.15374 6.90862 -22.1902 2.91281 8.11434 -14.7954 2.91177 5.94074 -25.7521 4.53591 5.96633 -25.4374 4.5824 7.79974 -14.4337 4.50233 7.82533 -14.1206 4.55812 7.82533 -14.0817 4.55812 7.86145 -14.0314 4.31585 8.05714 -14.3282 3.3798 7.82834 -16.4774 3.20054 8.07821 -14.7954 3.3798 6.04761 -25.5802 4.35459 6.48263 -23.2153 4.23836 6.88755 -21.1213 4.087 7.84038 -15.1522 4.13039 7.86898 -14.7954 4.19961 7.88102 -14.2974 4.33393 8.00295 -14.3282 3.84782 8.00295 -15.2641 3.3798 6.41339 -24.8324 3.5885 6.89809 -22.1285 3.24962 7.98188 -14.7954 3.84782 7.83135 -16.0346 3.65772 7.82081 -16.1838 3.58798 6.42242 -23.9517 4.0963 6.39683 -24.2631 4.01003 6.86196 -21.4327 3.9966 7.8163 -15.4637 4.06324 6.43146 -24.9557 3.27596 6.43898 -24.5194 3.69801 7.85694 -15.7313 3.74967 6.37576 -24.654 3.85144 -2.74521 -1.37278 4.69449 -3.46732 -1.37278 4.69827 -3.46732 1.63783 2.5141 -3.46732 1.9469 2.30264 -3.2848 2.09278 2.42293 -3.26522 2.09278 2.44451 -2.74521 -0.753963 4.48681 -2.74521 -0.285782 4.34709 -2.74521 0.18206 4.32606 -2.74521 0.197327 4.32821 -2.74521 2.09278 4.75059 -2.74521 2.09278 7.78221 -2.74521 0.18206 7.78275 -2.74521 0.144402 7.78275 -2.74521 -1.37278 7.78221 -3.46732 -1.37278 7.78221 -3.46732 2.09278 7.78221 -3.46732 2.09278 2.27189 -3.30091 2.09278 2.40945 -3.0829 2.09278 2.91328 -8.57039 -37.9937 -2.8394 -8.57039 -40.4149 -2.8394 -8.32338 -40.4505 -2.8394 -7.99126 -40.4524 -2.8394 -7.85546 -40.453 -2.8394 -7.35788 -40.453 -2.8394 -7.35788 -39.0161 -2.8394 -8.46356 -38.0783 -2.8394 -7.35788 -36.7901 -2.84258 -7.38743 -36.7901 -2.84303 -7.6862 -36.4321 -2.90559 -7.84751 -36.2941 -3.07379 -8.09464 -36.0824 -3.39658 -8.57039 -33.9581 -5.06539 -8.57039 -33.9581 -7.43147 -8.57039 -33.9696 -7.4292 -8.57039 -33.9823 -7.42648 -8.57039 -34.8515 -7.19754 -8.57039 -36.6121 -6.69703 -8.57039 -36.6496 -6.68615 -8.57039 -38.0694 -6.25274 -8.57039 -38.1437 -6.22508 -8.57039 -38.2715 -6.16388 -8.57039 -38.6816 -5.95806 -8.57039 -38.9684 -5.79757 -8.57039 -39.0479 -5.73455 -8.57039 -39.4516 -5.36778 -8.57039 -39.5623 -5.23903 -8.57039 -39.8713 -4.86682 -8.57039 -39.9196 -4.77978 -8.57039 -40.0086 -4.58982 -8.57039 -40.3125 -3.9125 -8.57039 -40.3195 -3.87895 -8.57039 -40.3551 -3.63913 -8.57039 -40.3761 -3.47229 -8.57039 -40.4028 -3.19211 -8.32338 -40.4416 -3.17126 -7.35788 -36.3698 -2.88972 -7.38743 -36.3698 -2.89018 -7.35788 -40.4448 -3.14179 -7.35788 -40.4435 -3.17126 -7.35788 -40.3882 -3.60966 -7.35788 -40.3844 -3.63913 -7.35788 -40.3233 -3.91477 -7.35788 -40.3189 -3.9329 -7.35788 -40.2451 -4.15233 -7.35788 -40.24 -4.16729 -7.35788 -40.0703 -4.54902 -7.35788 -40.0582 -4.57531 -7.35788 -39.884 -4.88541 -7.35788 -39.7225 -5.10483 -7.35788 -39.711 -5.11934 -7.35788 -39.4923 -5.37685 -7.35788 -39.4771 -5.39408 -7.35788 -39.2424 -5.6135 -7.35788 -39.2265 -5.62801 -7.35788 -38.9926 -5.81525 -7.35788 -38.6829 -6.00339 -7.35788 -38.6619 -6.01609 -7.35788 -38.3625 -6.16932 -7.35788 -38.3421 -6.17929 -7.35788 -38.1228 -6.26135 -7.35788 -38.1081 -6.26679 -7.35788 -37.7495 -6.38149 -7.35788 -37.7254 -6.3892 -7.35788 -37.2873 -6.5175 -7.35788 -36.8759 -6.63764 -7.35788 -34.9036 -7.21295 -7.35788 -34.4503 -7.34171 -7.35788 -34.0122 -7.45731 -7.35788 -33.9823 -7.46502 -7.35788 -33.9581 -7.47046 -7.35788 -33.9581 -5.69556 -7.35788 -35.9305 -3.18849 -7.35788 -36.1225 -2.96952 -7.35788 -36.1358 -2.95455 -7.38743 -36.1358 -2.95455 -7.87932 -33.9581 -7.46955 -8.32338 -33.9581 -7.46638 -8.34724 -33.9581 -7.46321 -7.85546 -40.4441 -3.17126 -8.32338 -40.3831 -3.63913 -7.85546 -40.3856 -3.63913 -7.38743 -40.4441 -3.17126 -8.32338 -40.3189 -3.9329 -7.38743 -33.9823 -7.46502 -8.32338 -33.9823 -7.46139 -7.85546 -40.3202 -3.93608 -8.32338 -40.0582 -4.57531 -8.32338 -40.2394 -4.16684 -7.85546 -40.2413 -4.17001 -7.85546 -33.9823 -7.46411 -7.85546 -34.4503 -7.34125 -8.32338 -34.4503 -7.33808 -7.38743 -40.3189 -3.93336 -7.38743 -40.2407 -4.16729 -7.85546 -40.0607 -4.57531 -8.32338 -39.8846 -4.88632 -7.38743 -34.4503 -7.34171 -7.85546 -34.9036 -7.21295 -8.32338 -34.8992 -7.21159 -7.38743 -40.0588 -4.57531 -7.85546 -39.8853 -4.88722 -8.32338 -39.7098 -5.12025 -7.85546 -39.7117 -5.12161 -7.85546 -36.8759 -6.63764 -8.32338 -36.8715 -6.63628 -8.32338 -39.4758 -5.39272 -7.85546 -39.4777 -5.39498 -7.38743 -39.711 -5.1198 -7.85546 -37.2574 -6.52611 -8.32338 -37.2574 -6.52339 -8.32338 -37.7254 -6.38648 -8.32338 -39.2246 -5.62665 -7.85546 -39.2272 -5.62892 -7.38743 -39.2265 -5.62846 -7.85546 -37.7254 -6.3892 -7.85546 -38.1088 -6.26679 -8.32338 -38.1043 -6.26543 -8.32338 -38.9907 -5.81389 -7.85546 -38.9932 -5.8157 -7.85546 -38.3428 -6.17975 -8.32338 -38.3383 -6.17793 -8.32338 -38.6619 -6.01291 -7.85546 -38.6619 -6.01654 -7.38743 -38.3421 -6.17975 5.584 -2.75044 2.44517 5.54795 -2.75044 3.99718 5.51627 -2.87405 3.99718 5.5119 -2.91548 2.44517 5.49661 -2.887 2.1966 5.52173 -2.75044 2.17979 5.24644 -2.75044 2.10764 4.77998 -2.75044 2.06779 4.31243 -2.75044 2.0676 -4.57877 -2.75044 2.0676 -4.92289 -2.75044 2.06779 -5.05616 -2.75044 2.08195 -5.35876 -2.75044 2.13597 -5.41447 -2.75044 2.1475 -5.53792 -2.75044 2.31484 -5.57615 -2.75044 2.4191 -5.53683 -2.75044 3.99718 -5.31506 -3.23584 3.99718 -5.20255 -3.41059 3.99718 -4.89011 -3.82771 3.99718 -4.86499 -3.86104 3.99718 -4.84532 -3.88272 3.99718 -4.46298 -4.2979 3.99718 -4.42147 -4.34191 3.99718 -4.37886 -4.38366 3.99718 -3.94626 -4.78978 3.99718 -3.48308 -5.14994 3.99718 -3.35089 -5.23796 3.99718 -2.5436 -5.67968 3.99718 -2.49772 -5.70007 3.99718 -1.68605 -5.97448 3.99718 -1.41841 -6.05603 3.99718 1.50491 -6.05603 3.99718 2.33733 -5.72757 3.99718 2.49792 -5.65897 3.99718 2.5722 -5.62208 3.99718 2.90757 -5.45381 3.99718 3.24295 -5.26547 3.99718 3.40353 -5.16159 3.99718 3.98361 -4.78039 3.99718 4.06226 -4.71826 3.99718 4.17478 -4.61212 3.99718 4.44133 -4.35583 3.99718 4.54074 -4.2581 3.99718 4.59973 -4.19014 3.99718 4.94712 -3.70571 3.99718 5.11317 -3.47142 3.99718 5.48896 -2.92648 3.99718 5.50425 -2.89962 3.99718 5.36989 -3.14944 2.44517 5.13611 -3.51381 2.44517 4.54183 -4.26036 2.23325 5.08367 -3.43971 2.16393 5.24317 -3.06336 2.14542 4.97006 -3.74778 2.44517 4.65872 -3.94809 2.16336 4.55603 -4.2746 2.54527 4.08302 -4.73606 2.61705 4.06335 -4.71697 2.30502 3.75092 -4.82667 2.16336 4.23049 -4.40501 2.16336 4.80074 -3.58242 2.1254 4.77998 -3.0941 2.06817 -5.28666 -3.33616 2.68863 -5.26918 -3.31642 2.28254 -5.38061 -3.13391 2.4412 -5.28666 -3.33616 2.59457 4.55603 -4.2746 2.6943 4.35612 -4.07462 2.12502 4.08302 -4.73606 2.68599 3.5237 -5.13085 2.44517 3.22875 -5.25123 2.17054 3.88201 -4.53575 2.12502 3.38168 -4.97585 2.12936 4.31243 -3.56203 2.0676 -4.87919 -3.87884 2.44517 -5.35002 -3.00447 2.16355 -5.13919 -3.52029 2.4412 -4.84969 -3.84259 2.18055 3.37622 -4.49789 2.0676 3.28992 -5.28974 2.44517 2.90757 -5.49361 2.44517 2.63338 -5.63761 2.44517 2.32095 -5.71236 2.17148 2.90757 -5.33019 2.14485 2.90757 -4.96582 2.07308 1.50382 -5.43374 2.0676 -1.30261 -5.43374 2.0676 -2.70637 -4.96582 2.0676 -3.17502 -4.49789 2.0676 -4.11122 -3.56203 2.0676 -4.57877 -3.0941 2.0676 -4.67709 -4.11312 2.44517 -5.08675 -3.13391 2.12521 -4.9491 -3.56203 2.15241 -4.56567 -4.01119 2.1407 -4.4018 -4.32185 2.17205 2.39851 -5.74602 2.44517 1.48524 -6.05603 2.41778 1.48197 -6.05603 2.41287 1.17063 -6.05603 2.20567 0.991471 -6.05603 2.16827 1.97246 -5.75993 2.14561 1.97246 -5.43374 2.07383 -4.44331 -4.36456 2.44517 -4.57877 -3.56203 2.08063 -4.11122 -4.03028 2.07421 -4.09374 -4.48559 2.13937 -3.9266 -4.77327 2.17828 -4.1997 -4.5982 2.44517 0.100057 -5.90199 2.09876 -1.4763 -6.05603 2.44517 -1.16169 -6.05603 2.18338 -1.03934 -6.05603 2.17073 -0.835054 -6.05603 2.15675 -0.602368 -6.05603 2.14466 -0.366406 -6.05603 2.13635 -0.136998 -6.05603 2.13503 0.100057 -6.05603 2.1339 0.567612 -6.05603 2.14334 0.567612 -5.90199 2.1067 -3.64257 -4.49789 2.07893 -3.17502 -4.96582 2.1016 -3.59778 -4.94381 2.16128 -3.96593 -4.80531 2.44517 -3.41207 -5.20237 2.2085 -0.366406 -5.90199 2.10084 -1.77126 -5.43374 2.06798 -2.23881 -5.43374 2.09215 -2.67906 -5.43277 2.14428 -3.17502 -5.25867 2.17337 -3.66005 -5.03927 2.44517 -3.42846 -5.21305 2.70148 -3.42627 -5.21143 2.44517 -2.50536 -5.68259 2.19547 -2.53814 -5.69845 2.44517 -0.835054 -5.90199 2.11746 -1.77126 -5.78744 2.13975 -2.23881 -5.72563 2.16374 -2.23881 -5.80815 2.44517 4.47166 -8.0962 -5.51103 4.47166 -8.09756 -5.51081 4.49295 -8.12746 -5.51081 4.49295 -8.12746 -6.91481 4.47166 -8.0962 -6.91481 4.46883 -8.0962 -6.95931 4.39931 -8.0962 -7.40744 4.35533 -8.0962 -7.5215 4.22197 -8.0962 -7.67419 4.14252 -8.0962 -7.68752 3.8531 -8.0962 -7.72908 3.69845 -8.0962 -7.7494 2.2939 -8.0962 -7.7494 -5.51482 -8.0962 -7.7485 -5.99293 -8.0962 -7.68187 -6.18446 -8.0962 -7.63331 -6.21851 -8.0962 -7.61863 -6.22561 -8.0962 -7.58452 -6.23979 -8.0962 -7.38553 -6.25682 -8.0962 -6.91481 -6.25682 -8.0962 -5.51081 4.073 -8.0962 -5.51081 -6.40579 -13.3901 -5.51081 -6.29654 -21.98 -5.51081 -6.01705 -21.9813 -5.51081 5.80953 -21.9813 -5.51081 5.81946 -21.9283 -5.51081 5.88614 -21.5274 -5.51081 5.99255 -20.8777 -5.51081 6.37419 -18.5372 -5.51081 6.83102 -15.7292 -5.51081 6.98141 -14.7941 -5.51081 7.12754 -13.8685 -5.51081 7.13605 -13.4105 -5.51081 7.13463 -13.3738 -5.51081 6.99276 -13.0055 -5.51081 4.57239 -8.40065 -7.28818 4.47734 -8.24299 -7.41963 -7.35776 -10.4435 -6.91481 -7.35776 -10.4829 -6.47685 -7.35776 -10.4856 -6.44704 -7.35776 -10.6596 -6.14799 -7.35776 -10.6718 -6.12766 -7.35776 -11.051 -6.04228 4.25318 -8.24299 -7.67577 6.91898 -13.0734 -5.77394 -7.35776 -10.4462 -6.94463 -7.35776 -10.5005 -7.38282 -7.35776 -10.6868 -7.68706 -7.35776 -10.7099 -7.69158 -7.35776 -11.051 -7.75731 -7.35776 -21.9813 -7.75731 -7.35776 -21.9813 -6.04228 3.84458 -8.24299 -7.7345 6.91898 -13.3901 -5.77349 6.34298 -12.9226 -6.17757 4.09144 -11.4261 -7.62743 3.88856 -11.5566 -7.67938 3.81337 -11.9861 -7.68639 3.3764 -13.3901 -7.74037 3.3764 -12.9226 -7.74895 -6.29654 -21.9813 -5.51103 1.50367 -21.9813 -7.75731 1.97185 -21.9813 -7.75573 2.39463 -21.9813 -7.68548 2.62873 -21.9813 -7.58339 5.26332 -21.9813 -5.94628 5.52011 -21.9813 -5.7753 5.74001 -21.9813 -5.57789 3.3764 -12.455 -7.75415 6.65226 -13.3901 -5.95329 6.8977 -13.6959 -5.75429 6.49762 -15.7292 -5.80602 6.53451 -15.2617 -5.83199 4.07442 -11.7387 -7.61524 2.67129 -21.5695 -7.61569 3.60765 -15.017 -7.61546 3.6488 -14.3266 -7.64392 3.67575 -13.859 -7.6586 3.70271 -13.3901 -7.67012 3.73392 -12.9226 -7.67893 3.76939 -12.455 -7.6839 3.3764 -13.859 -7.72885 2.90822 -17.1332 -7.72908 2.44003 -19.9412 -7.74059 2.90822 -16.1968 -7.74918 6.80549 -14.7941 -5.67795 6.87075 -14.0072 -5.73351 -3.47184 -15.4329 -7.81807 -3.47042 -15.7292 -7.81807 -3.39665 -16.1968 -7.81807 -3.15546 -16.6657 -7.81807 -2.84334 -17.1332 -7.81807 -2.70714 -17.2732 -7.81807 -2.23896 -17.6008 -7.81807 -1.77077 -17.874 -7.81807 -1.29692 -17.9718 -7.81807 -0.837246 -17.9827 -7.81807 3.3764 -11.9861 -7.75663 2.44003 -19.4737 -7.74918 2.44003 -19.0048 -7.75415 1.4682 -15.7292 -7.81807 3.3764 -11.5186 -7.75731 1.4682 -15.6912 -7.81807 1.46678 -15.2617 -7.81807 1.39159 -14.8023 -7.81807 1.18445 -14.3266 -7.81807 0.8624 -13.859 -7.81807 0.567302 -13.5722 -7.81807 0.100538 -13.2759 -7.81807 -0.366226 -13.0911 -7.81807 -0.840084 -13.015 -7.81807 6.072 -18.0697 -5.83561 5.5726 -21.3453 -5.8137 5.24771 -21.8128 -5.97497 6.18408 -15.7292 -6.00975 6.45931 -16.1968 -5.77778 5.94289 -19.6653 -5.73939 5.96843 -19.3541 -5.75994 5.5343 -21.8128 -5.78592 6.03511 -18.5372 -5.81008 3.6261 -14.7058 -7.62924 2.69115 -21.2569 -7.62947 5.24771 -21.3453 -6.02285 2.71243 -20.8777 -7.64415 3.20757 -17.1332 -7.65883 3.23594 -16.6657 -7.67035 2.76776 -19.9412 -7.67035 2.79756 -19.4737 -7.67893 2.44003 -20.8777 -7.71439 3.3764 -14.3266 -7.71417 2.44003 -20.4088 -7.72908 6.7686 -15.2617 -5.64271 6.84379 -14.3266 -5.71138 5.84358 -20.8777 -5.65265 -3.05615 -13.9746 -7.81807 -3.39097 -14.578 -7.81807 -3.45765 -14.979 -7.81807 -3.47042 -15.2617 -7.81807 -2.59648 -13.5029 -7.81807 -2.02047 -13.1414 -7.81807 -1.64025 -13.0558 -7.81807 -1.2955 -13.0259 -7.81807 -1.21747 -13.0231 -7.81807 1.41429 -16.103 -7.81807 1.35186 -16.5162 -7.81807 1.18445 -16.8138 -7.81807 0.807069 -17.3724 -7.81807 0.22255 -17.7245 -7.81807 -0.0867348 -17.8835 -7.81807 -0.476887 -17.9514 -7.81807 2.73939 -20.4088 -7.65883 6.73171 -15.7292 -5.60567 6.2692 -18.5372 -5.61109 5.80669 -21.3453 -5.61629 5.76839 -21.8128 -5.57789 -6.44867 -34.9138 -5.12629 -6.29606 -21.9805 -5.5098 5.80843 -21.9805 -5.5098 3.4423 -34.9138 -5.12629 3.44658 -34.9138 -5.12199 3.6762 -34.9138 -4.88619 4.6161 -34.9138 -3.66528 4.63891 -34.9138 -3.63251 4.78011 -34.9138 -3.17004 4.80008 -34.9138 -2.70273 4.80008 -34.9138 -0.022421 -6.2547 -34.9138 -0.022421 -6.30462 -13.3924 -0.973152 -6.30462 -13.0681 -0.974764 -6.30462 -12.679 -1.0548 -6.30462 -12.0753 -1.38943 -6.30462 -11.8384 -1.61718 -6.30462 -11.6064 -1.85083 -6.30462 -11.2173 -2.39871 -6.30462 -11.1474 -2.79297 -6.30462 -11.1449 -3.17487 -6.30462 -11.1474 -3.63359 -6.30462 -11.2272 -4.10627 -6.30462 -11.988 -5.27508 -6.30462 -12.1976 -5.5098 -6.30462 -14.7144 -5.5098 -6.29606 -11.0526 -5.5098 -6.2547 -9.43129 -5.5098 4.06842 -9.43129 -5.5098 6.60998 -12.4645 -5.5098 6.84245 -12.7688 -5.5098 6.98793 -13.0032 -5.5098 7.13341 -13.3749 -5.5098 7.13341 -13.4123 -5.5098 7.12485 -13.8713 -5.5098 7.12342 -13.8813 -5.5098 7.11629 -13.9287 -5.5098 6.97937 -14.7967 -5.5098 6.90521 -15.2631 -5.5098 6.37322 -18.5383 -5.5098 5.9154 -21.3444 -5.5098 4.07698 -34.1755 -5.12629 4.90705 -34.4474 -0.022421 4.98549 -34.0433 -0.022421 5.07249 -33.512 -0.022421 6.95085 -21.9805 -0.022421 7.89217 -16.1985 -0.022421 7.96776 -15.7296 -0.022421 7.95207 -15.6124 -0.022421 7.91071 -15.343 -0.022421 7.65969 -13.8613 -0.022421 7.47428 -13.4822 -0.022421 7.21328 -13.1729 -0.022421 4.03134 -9.43129 -0.022421 -6.25612 -9.43129 -0.022421 -6.25612 -21.8134 -0.022421 -6.25612 -9.43129 -5.0425 4.43639 -32.5841 -5.12629 4.2795 -33.4921 -5.12629 4.18109 -33.9311 -5.12629 4.14686 -34.0308 -5.12629 4.58044 -34.2578 -4.40814 4.90705 -34.4474 -2.70273 4.06414 -9.43129 -3.16628 4.06842 -9.43129 -3.63842 6.04947 -21.3444 -5.38143 6.01096 -21.8134 -5.34329 6.51299 -18.5383 -5.37606 4.89849 -29.748 -5.12629 4.60754 -32.5766 -4.89801 4.54906 -33.3 -4.81368 4.38077 -33.4771 -4.99899 6.39889 -19.9426 -5.25252 6.36039 -20.4115 -5.20417 4.52339 -33.6118 -4.76963 4.47062 -33.9785 -4.71323 4.21532 -33.9735 -5.06237 4.79152 -34.4474 -3.63842 4.61752 -33.9785 -4.47904 4.77441 -33.9785 -4.10627 4.88708 -34.4474 -3.17004 4.98549 -34.0433 -2.2365 7.91071 -13.9885 -3.17058 7.04355 -12.9733 -5.0425 7.91071 -13.9885 -1.76758 6.93659 -16.1985 -5.33201 6.44168 -19.3963 -5.30354 6.41601 -19.7081 -5.27615 7.01218 -15.2631 -5.40775 6.03235 -23.6867 -4.92755 5.96674 -24.4973 -4.83516 5.03826 -30.1596 -4.84537 7.35875 -16.004 -4.81797 5.94107 -24.8091 -4.79541 7.37016 -13.7391 -5.29602 7.34449 -14.0509 -5.26702 7.32167 -14.3278 -5.23909 7.28316 -14.7967 -5.19021 7.45716 -14.7967 -4.95602 6.32188 -20.878 -5.15368 7.54131 -15.7296 -4.57411 4.95554 -31.1723 -4.70571 5.04397 -31.6412 -4.39901 4.9099 -33.9785 -3.63842 5.01972 -31.9181 -4.35496 4.99547 -32.2299 -4.29158 4.85142 -33.512 -4.10627 5.02542 -32.8859 -3.9086 4.99975 -33.1977 -3.81245 4.98406 -34.0408 -2.70273 5.07249 -33.512 -2.2365 8.079 -14.3278 -2.70327 7.90643 -13.9885 -3.63842 7.47428 -13.4822 -4.57411 8.079 -14.3278 -1.76758 7.05068 -14.7967 -5.44266 7.41865 -15.2631 -4.90445 7.38157 -15.7296 -4.8502 7.72957 -14.3278 -4.6434 7.33308 -16.3158 -4.77554 7.30456 -16.6675 -4.72451 7.37016 -13.5844 -5.29602 7.49567 -14.3278 -5.0049 7.83369 -14.6371 -4.36356 5.48467 -29.0895 -4.34798 5.00831 -33.7141 -3.33387 5.46471 -30.3691 -3.79527 7.8123 -15.9092 -3.83018 6.89095 -22.0828 -3.43001 5.03256 -33.4023 -3.50092 6.41316 -23.4347 -4.3324 7.80802 -14.9489 -4.30393 6.41743 -24.3976 -3.87637 7.75525 -15.7446 -4.08854 7.37301 -18.426 -3.93062 7.34734 -18.7378 -3.84683 4.97979 -33.956 -3.17487 5.01829 -33.7839 -3.02179 5.07106 -33.512 -2.70273 6.95085 -21.9855 -2.2365 6.95085 -21.9855 -1.60644 7.87933 -14.0259 -0.974764 7.90928 -13.991 -1.29973 8.12179 -14.7967 -2.23542 8.12036 -14.7967 -2.70327 8.07187 -14.3278 -3.07282 8.12179 -14.7967 -1.76758 7.88789 -13.9985 -4.10627 8.06902 -14.3278 -3.17058 7.27603 -13.2876 -5.0425 7.42436 -13.5221 -5.0425 7.85508 -14.3278 -4.40975 7.85508 -14.0384 -4.40921 7.89359 -14.7942 -4.13151 5.48325 -30.9553 -2.97184 7.35447 -19.2517 -3.4139 7.81943 -16.423 -3.38275 8.10182 -14.7967 -3.17058 7.83226 -16.4954 -3.07067 7.83654 -15.5974 -3.92042 8.03336 -14.7967 -3.63842 7.95777 -15.2631 -3.63842 6.94942 -21.9855 -2.70273 8.06902 -14.3278 -1.29973 8.11181 -14.7967 -1.29973 8.1061 -14.7967 -3.07282 8.08043 -14.425 -3.07282 8.03194 -14.3278 -3.63842 7.94636 -14.3278 -4.10627 7.86364 -15.2631 -3.9983 1.23512 -2.20226 0.965684 1.6258 -2.20226 0.965684 5.62445 -2.20226 2.14189 5.80424 -2.20226 2.44489 5.79841 -2.20226 2.48113 5.60113 -2.20226 3.33947 1.23512 -2.20226 3.33947 1.23512 5.89487 3.33947 1.23512 6.07786 2.76206 1.23512 6.10632 2.44489 1.23512 6.08599 2.28595 1.23512 6.06159 2.18 1.23512 2.44163 0.965684 1.39499 2.36437 0.965684 1.5913 2.23506 0.965684 1.6292 2.20984 0.965684 1.67294 2.17243 0.965684 1.90132 1.97562 0.965684 2.09763 1.76823 0.965684 2.13505 1.72838 0.965684 2.16226 1.69096 0.965684 2.30221 1.49496 0.965684 2.47131 1.17859 0.965684 2.50338 1.11841 0.965684 2.64187 0.754053 0.965684 2.69969 0.519826 0.965684 2.74002 0.18231 0.965684 2.73079 -0.285333 0.965684 2.69726 -0.530134 0.965684 2.69046 -0.577304 0.965684 2.67977 -0.614715 0.965684 2.62292 -0.810718 0.965684 2.48103 -1.15555 0.965684 2.45381 -1.22143 0.965684 2.30123 -1.49551 0.965684 2.27159 -1.54837 0.965684 2.08646 -1.7826 0.965684 1.85224 -2.0274 0.965684 5.78432 -1.69314 3.33947 5.899 -1.22794 3.33947 5.9957 -0.71963 3.33947 5.99958 -0.683845 3.33947 6.03603 -0.285333 3.33947 6.04186 0.18231 3.33947 6.00153 0.638567 3.33947 5.90726 1.17208 3.33947 5.80182 1.62265 3.33947 5.67645 2.05125 3.33947 5.54136 2.40666 3.33947 5.43592 2.62056 3.33947 5.41356 2.66447 3.33947 5.24252 2.98979 3.33947 5.2226 3.02476 3.33947 5.0637 3.29965 3.33947 4.90723 3.51436 3.33947 4.87905 3.55259 3.33947 4.66427 3.82829 3.33947 4.47719 4.04382 3.33947 4.43929 4.08367 3.33947 4.225 4.30407 3.33947 3.99759 4.51878 3.33947 3.95677 4.55619 3.33947 3.74151 4.73837 3.33947 3.36735 4.98967 3.33947 2.95237 5.24179 3.33947 2.44361 5.49554 3.33947 2.01551 5.67284 3.33947 1.50724 5.83956 3.33947 1.35515 6.05183 2.18906 2.44069 5.62729 2.1621 5.98161 -1.57277 2.17976 5.99375 -1.60693 2.75555 1.39305 6.0624 2.73627 1.4256 6.07054 2.44489 1.65982 5.99571 2.44489 2.70989 5.58094 2.19371 2.88288 5.32882 2.14352 3.28377 5.17185 2.16303 5.9301 -1.89158 2.44489 6.01513 -1.22143 2.15258 6.16674 -0.753787 2.44489 6.10454 -1.22143 2.44489 6.00639 -1.65735 2.44489 6.03943 -1.22143 2.83339 2.73128 5.59232 2.72744 2.44069 5.71919 2.44489 2.74342 5.59801 2.44489 2.97764 5.46382 2.44489 3.59573 5.08076 2.30547 4.10498 4.65134 2.19092 3.84452 4.75138 2.16025 6.0404 -0.753787 2.14049 6.19444 -0.285333 2.44489 3.61614 5.09947 2.68561 3.61614 5.09947 2.61753 3.41448 5.20519 2.45488 3.80079 4.93518 2.45488 4.12927 4.67249 2.44489 4.363 4.44721 2.44489 4.57243 4.18777 2.18952 4.28137 4.36344 2.15746 6.05012 -0.285333 2.13933 6.19881 0.18231 2.44489 4.11955 4.66436 2.73255 4.58604 4.20241 2.73534 4.59527 4.21298 2.44489 4.68128 3.92589 2.15908 5.01268 3.69003 2.22066 5.09723 3.37773 2.16303 6.02194 1.11841 2.14863 6.0438 0.650765 2.13957 6.05158 0.18231 2.13933 6.17646 0.650765 2.44489 5.02434 3.70467 2.6956 5.02434 3.70467 2.53272 4.86544 3.88685 2.40399 5.39607 3.09552 2.44489 5.53796 2.86129 2.44489 5.51318 2.81493 2.18185 5.9782 1.58605 2.18395 6.12009 1.11841 2.44489 6.04866 1.11841 2.84873 5.99521 1.58605 2.75787 5.52581 2.83689 2.75067 5.95974 1.84874 2.69723 5.68179 2.52133 2.44489 5.95051 1.82109 2.21067 5.56517 2.52133 2.15327 6.0234 1.58605 2.44489 5.9578 1.84224 2.44489 4.81048 -34.8801 2.44532 4.81048 -34.8801 -0.0224207 -6.25718 -34.8801 -0.0224207 -6.52042 -34.8801 5.25062 3.31565 -34.8801 5.25062 3.40498 -34.8801 5.17475 3.59198 -34.8801 4.99719 4.63896 -34.8801 3.73312 4.76045 -34.8801 3.38059 4.76402 -34.8801 3.34239 4.80095 -34.8801 2.91295 4.80214 -34.8801 2.87424 4.79261 -34.9184 2.91295 4.80095 -34.9184 2.44532 4.80095 -34.9184 -0.0224207 4.70209 -35.2591 -0.0224207 4.66397 -35.3864 -0.0224207 4.5663 -35.671 -0.0224207 4.47101 -35.9049 -0.0224207 4.33046 -36.209 -0.0224207 4.27686 -36.3223 -0.0224207 4.11845 -36.6302 -0.0224207 3.98505 -36.8642 -0.0224207 3.81472 -37.1332 -0.0224207 3.7504 -37.2344 -0.0224207 3.59318 -37.4684 -0.0224207 3.38831 -37.7257 -0.0224207 3.17034 -37.9919 -0.0224207 3.11078 -38.0553 -0.0224207 2.94879 -38.2259 -0.0224207 2.77847 -38.401 -0.0224207 2.71415 -38.466 -0.0224207 2.64149 -38.5299 -0.0224207 2.44734 -38.7 -0.0224207 2.27702 -38.8467 -0.0224207 2.2127 -38.9012 -0.0224207 2.14719 -38.9495 -0.0224207 1.97209 -39.0785 -0.0224207 1.88514 -39.1407 -0.0224207 1.6505 -39.3069 -0.0224207 1.41704 -39.4547 -0.0224207 1.31342 -39.5131 -0.0224207 1.03589 -39.6693 -0.0224207 0.960855 -39.7082 -0.0224207 0.759559 -39.8121 -0.0224207 0.589233 -39.8888 -0.0224207 0.524913 -39.9171 -0.0224207 0.409377 -39.9633 -0.0224207 0.0996923 -40.0855 -0.0224207 -0.0206082 -40.1261 -0.0224207 -0.343395 -40.2345 -0.0224207 -0.513722 -40.2873 -0.0224207 -0.578041 -40.3067 -0.0224207 -0.648316 -40.3234 -0.0224207 -0.836509 -40.3668 -0.0224207 -1.30223 -40.4568 -0.0224207 -1.42967 -40.4729 -0.0224207 -1.77033 -40.5146 -0.0224207 -1.89777 -40.5229 -0.0224207 -2.23843 -40.5452 -0.0224207 -2.36588 -40.5485 -0.0224207 -2.70653 -40.5569 -0.0224207 -3.17463 -40.5574 -0.0224207 -5.51513 -40.5574 -0.0224207 -7.35776 -40.4574 -0.0224207 -7.35776 -39.2369 -0.0224207 4.75092 -34.9184 3.38059 4.65563 -35.3864 2.91295 4.66397 -35.3864 2.44532 -7.35776 -35.9989 3.06212 -7.35776 -35.8371 3.36046 -7.35776 -35.8266 3.38059 -7.35776 -35.4542 5.25062 4.58059 -35.2613 3.65209 4.52223 -35.5737 3.51686 4.6068 -35.4053 3.36872 4.55439 -35.6409 3.2051 4.56273 -35.661 2.91295 4.5663 -35.671 2.44532 -7.35776 -40.4574 2.44532 -7.35776 -40.454 2.91295 -7.35776 -40.4257 3.38059 -7.35776 -40.3501 3.81622 -7.35776 -40.2912 4.05056 -7.35776 -40.2845 4.06708 -7.35776 -40.1823 4.3169 -7.35776 -39.9566 4.76389 -7.35776 -39.9477 4.77885 -7.35776 -39.8177 4.9977 -7.35776 -39.8038 5.01422 -7.35776 -39.6031 5.25062 -5.54729 -39.6693 5.25062 -5.51513 -39.6704 5.25062 -3.17463 -39.6704 5.25062 -2.70653 -39.6693 5.25062 -0.313618 -38.6927 5.25062 -0.23977 -38.6622 5.25062 0.0996923 -38.5182 5.25062 0.590424 -38.257 5.25062 0.624966 -38.2365 5.25062 0.688094 -38.197 5.25062 1.05257 -37.9575 5.25062 1.34915 -37.7324 5.25062 1.49923 -37.6101 5.25062 1.89467 -37.2377 5.25062 1.92445 -37.2094 5.25062 1.95304 -37.1777 5.25062 2.29369 -36.7781 5.25062 2.439 -36.5841 5.25062 2.61052 -36.3362 5.25062 2.90472 -35.8455 5.25062 2.90591 -35.8433 5.25062 3.12388 -35.3864 5.25062 4.07319 -36.5474 3.59479 3.56935 -35.024 4.97035 3.50027 -35.3864 4.8857 4.44243 -35.8199 3.36872 4.18753 -36.364 3.41569 4.09939 -36.5952 3.28304 4.26853 -36.3223 2.91295 4.46625 -35.8949 2.91295 4.47101 -35.9049 2.44532 -5.51513 -40.5574 2.44532 3.26562 -35.3864 5.13294 3.97313 -36.767 3.41569 3.19178 -35.7221 5.06635 3.11316 -36.0339 4.9879 3.02741 -36.3223 4.89396 3.66345 -37.1088 3.66035 3.71586 -37.186 3.38059 3.98028 -36.8564 2.91295 4.11368 -36.6225 2.91295 4.11845 -36.6302 2.44532 4.27686 -36.3223 2.44532 -3.17463 -40.5574 2.44532 -5.51513 -39.8482 5.04106 2.79276 -36.3223 5.11952 2.70581 -36.6019 5.04622 2.59027 -36.9137 4.93731 3.23346 -37.6184 3.67325 3.11436 -37.9302 3.53079 3.54791 -37.42 3.38059 3.58841 -37.4617 2.91295 3.74564 -37.2277 2.91295 3.98505 -36.8642 2.44532 -3.17463 -40.5496 2.91295 -4.11083 -40.5496 2.91295 -5.04703 -40.5485 2.91295 -5.51513 -40.5474 2.91295 -2.70653 -40.5569 2.44532 -5.51513 -40.0083 4.78453 -4.11083 -40.01 4.78453 -3.17463 -40.0105 4.78453 -3.17463 -39.8482 5.04106 2.43662 -36.7709 5.15358 2.27821 -37.1077 5.07409 2.13647 -37.4194 4.95848 2.44258 -37.2605 4.79176 2.65221 -38.4082 3.56021 2.90472 -38.1909 3.38936 3.15485 -37.9736 3.21903 3.37759 -37.7257 2.91295 3.38831 -37.7257 2.44532 3.59318 -37.4684 2.44532 3.7504 -37.2344 2.44532 -2.70653 -40.5491 2.91295 -3.17463 -40.5135 3.38059 -4.11083 -40.5135 3.38059 -5.51513 -40.5102 3.38059 -5.51513 -40.2256 4.38503 -5.04703 -40.2262 4.38554 -4.11083 -40.2273 4.38606 -3.17463 -40.2278 4.38709 -2.70653 -40.2234 4.38812 -2.70653 -40.0055 4.78453 -2.70653 -39.8477 5.04054 1.93874 -37.2233 5.23255 1.8244 -37.574 5.07874 1.64931 -37.8852 4.9497 1.98162 -37.7346 4.79795 2.6939 -38.4465 3.24845 1.84465 -38.9679 3.66809 1.31342 -39.3891 3.6397 2.16624 -38.8573 3.38059 2.94284 -38.2203 2.91295 3.16557 -37.9864 2.91295 3.17034 -37.9919 2.44532 -2.23843 -40.5452 2.44532 -2.23843 -40.5379 2.91295 -2.70653 -40.5129 3.38059 -2.70653 -40.4212 3.84874 -4.11083 -40.4212 3.84874 -5.51513 -40.4196 3.84874 -5.51513 -40.3284 4.15121 -4.11083 -40.329 4.15224 -2.70653 -40.329 4.15431 -2.42186 -40.319 4.13108 -2.45997 -39.8421 5.0328 1.49804 -37.7279 5.17062 1.33724 -38.0114 5.06119 1.48494 -38.1792 4.77421 2.70938 -38.461 2.91295 2.20317 -38.8934 3.0838 1.36821 -39.4236 3.38059 1.60285 -39.2674 3.38059 1.93279 -39.0334 3.38059 1.03589 -38.3487 4.9368 0.801248 -38.4271 5.01835 0.624966 -38.6939 4.82169 0.0996923 -38.8423 4.95693 0.392702 -39.8566 3.64073 0.464168 -39.8888 3.38059 2.94879 -38.2259 2.44532 -1.77033 -40.5146 2.44532 -2.23843 -40.5029 3.38059 -1.77033 -40.5063 2.91295 -2.2551 -40.3818 3.85752 -1.01875 -40.3112 3.62783 -0.136145 -38.8951 5.01783 0.0996923 -38.6083 5.17733 1.03589 -38.1147 5.14429 2.39612 -38.7339 2.92173 2.21031 -38.8995 2.77153 2.44734 -38.7 2.44532 2.71415 -38.466 2.44532 1.64335 -39.3024 2.91295 2.01736 -39.0362 2.92173 0.750031 -39.8077 2.91295 1.03589 -39.6604 2.91295 1.4099 -39.4503 2.91295 0.489181 -38.5127 5.09474 0.0996923 -40.0194 3.38059 0.0996923 -40.0778 2.91295 0.515385 -39.9132 2.91295 -1.30223 -40.4568 2.44532 -1.30223 -40.4485 2.91295 -1.77033 -40.4663 3.38059 -1.30223 -40.4046 3.38059 -0.918694 -40.3345 3.38059 -0.68524 -40.2695 3.38059 1.97209 -39.0785 2.44532 2.2127 -38.9012 2.44532 1.6505 -39.3069 2.44532 1.41704 -39.4547 2.44532 0.759559 -39.8121 2.44532 1.03589 -39.6693 2.44532 -0.607818 -40.2984 3.11322 -0.405332 -40.2434 2.93928 -0.343395 -40.2345 2.44532 0.0996923 -40.0855 2.44532 0.524913 -39.9171 2.44532 -0.836509 -40.3668 2.44532 -0.792438 -40.3473 2.93928 -0.586379 -40.3045 2.80095 -0.578041 -40.3067 2.44532 4.80228 -34.9151 -0.0224208 4.66421 -35.3862 -0.0224208 4.66421 -35.3862 -2.23547 4.80228 -34.9151 -2.23547 4.80109 -34.9151 -2.70566 4.78086 -34.9151 -3.17085 4.64159 -34.9151 -3.63305 3.67864 -34.9151 -4.88672 3.44773 -34.9151 -5.12207 3.44297 -34.9151 -5.12657 -6.44837 -34.9151 -5.12657 -6.25674 -34.9151 -0.0224208 -7.35776 -39.2369 -0.0224208 -7.35776 -40.4569 -0.0224208 -5.51518 -40.5574 -0.0224208 -3.17507 -40.5574 -0.0224208 -2.70728 -40.5569 -0.0224208 -2.2383 -40.5453 -0.0224208 -1.89788 -40.5232 -0.0224208 -1.77052 -40.5143 -0.0224208 -1.4301 -40.4729 -0.0224208 -1.30273 -40.4569 -0.0224208 -0.836139 -40.3669 -0.0224208 -0.577845 -40.3072 -0.0224208 -0.513569 -40.2873 -0.0224208 -0.343357 -40.2343 -0.0224208 0.0994322 -40.0857 -0.0224208 0.525557 -39.9173 -0.0224208 0.758855 -39.8118 -0.0224208 1.03619 -39.6693 -0.0224208 1.31353 -39.5136 -0.0224208 1.41709 -39.455 -0.0224208 1.65157 -39.307 -0.0224208 1.88487 -39.1408 -0.0224208 1.97176 -39.0783 -0.0224208 2.14674 -38.9497 -0.0224208 2.2122 -38.9011 -0.0224208 2.27648 -38.8464 -0.0224208 2.44669 -38.7 -0.0224208 2.6419 -38.5299 -0.0224208 2.71451 -38.4664 -0.0224208 2.9478 -38.2256 -0.0224208 3.17039 -37.992 -0.0224208 3.38821 -37.7263 -0.0224208 3.44416 -37.6562 -0.0224208 3.59294 -37.4678 -0.0224208 3.7084 -37.2977 -0.0224208 3.75125 -37.2342 -0.0224208 3.98455 -36.8642 -0.0224208 4.08215 -36.6935 -0.0224208 4.11786 -36.63 -0.0224208 4.1619 -36.5461 -0.0224208 4.27736 -36.3224 -0.0224208 4.47138 -35.9054 -0.0224208 4.5666 -35.6712 -0.0224208 4.5666 -35.6712 -2.23547 -7.35776 -35.4961 -5.12657 -7.35776 -35.7579 -3.63854 -7.35776 -35.9308 -3.18784 -7.35776 -36.1224 -2.96898 -7.35776 -36.1357 -2.95399 4.47138 -35.9054 -2.23547 4.66302 -35.3862 -2.70266 4.64278 -35.3862 -3.17085 3.29656 -35.3117 -5.12657 3.24895 -35.4348 -5.12657 3.15611 -35.6458 -5.12657 3.05255 -35.854 -5.12657 3.0347 -35.8894 -5.12657 2.98113 -35.9816 -5.12657 2.82758 -36.2434 -5.12657 2.74784 -36.3748 -5.12657 2.65261 -36.5229 -5.12657 2.5193 -36.7051 -5.12657 2.38956 -36.8785 -5.12657 2.2253 -37.0807 -5.12657 2.01819 -37.3071 -5.12657 1.78251 -37.5407 -5.12657 1.5623 -37.7357 -5.12657 1.54207 -37.7528 -5.12657 1.29449 -37.9528 -5.12657 1.1088 -38.0864 -5.12657 0.826701 -38.2692 -5.12657 0.650538 -38.3808 -5.12657 0.568408 -38.4277 -5.12657 0.438666 -38.5012 -5.12657 0.202988 -38.6161 -5.12657 -0.0779216 -38.7392 -5.12657 -0.292174 -38.8326 -5.12657 -2.65967 -39.7704 -5.12657 -2.70728 -39.7803 -5.12657 -3.17507 -39.782 -5.12657 -5.51518 -39.782 -5.12657 -7.35776 -39.7047 -5.12657 -7.35776 -39.7113 -5.11907 -7.35776 -39.8842 -4.88522 -7.35776 -40.0587 -4.57493 -7.35776 -40.2404 -4.1667 -7.35776 -40.3188 -3.93285 -7.35776 -40.3232 -3.91436 -7.35776 -40.3845 -3.63854 -7.35776 -40.3884 -3.60906 -7.35776 -40.4436 -3.17085 -7.35776 -40.4447 -3.14087 -7.35776 -40.4569 -2.70266 4.27736 -36.3224 -2.23547 4.56541 -35.6701 -2.70266 4.55589 -35.6453 -3.17085 4.54637 -35.6215 -3.4057 4.58446 -35.3862 -3.46666 -5.51518 -40.5574 -2.23547 4.27617 -36.3224 -2.70266 4.47019 -35.9037 -2.70266 4.45948 -35.8794 -3.17085 4.47495 -35.0328 -3.79794 4.25475 -36.3224 -3.17085 4.09168 -36.5803 -3.42918 4.15595 -36.3224 -3.50313 3.56557 -35.5138 -4.74632 3.62984 -35.2018 -4.83226 3.3656 -35.3636 -5.03662 -3.17507 -39.9206 -4.93769 -5.04621 -39.9206 -4.93769 -5.51518 -39.9201 -4.93769 -3.17507 -40.5574 -2.23547 -5.51518 -40.5563 -2.70266 4.11786 -36.63 -2.23547 4.11786 -36.6289 -2.70266 4.10715 -36.6101 -3.17085 3.97265 -36.8443 -3.17085 3.73935 -37.2171 -3.17085 3.58104 -37.4507 -3.17085 3.68817 -37.1425 -3.50013 3.08588 -36.4665 -4.73832 3.17872 -36.1545 -4.84925 3.25371 -35.854 -4.92969 -5.51518 -40.1294 -4.57493 -3.17507 -40.1316 -4.57493 -3.64285 -40.1316 -4.57493 -3.17507 -40.5563 -2.70266 -2.70728 -40.5569 -2.23547 -5.51518 -40.5353 -3.17085 -4.57842 -40.537 -3.17085 -3.64285 -40.5381 -3.17085 -3.17507 -40.5381 -3.17085 3.98455 -36.8642 -2.23547 3.98455 -36.8631 -2.70266 3.75006 -37.2331 -2.70266 3.59294 -37.4673 -2.70266 3.36322 -37.7263 -3.17085 3.14539 -37.9633 -3.41019 2.66571 -37.0127 -4.79928 2.77402 -36.7007 -4.90721 2.89424 -36.3014 -5.03413 -5.51518 -40.2752 -4.27313 -3.17507 -40.2774 -4.28012 -4.57842 -40.2763 -4.27662 -5.04621 -40.2757 -4.27513 -2.41209 -39.8897 -4.89372 -2.70728 -39.9195 -4.93669 -2.70728 -40.5557 -2.70266 -2.2383 -40.5453 -2.23547 -5.51518 -40.4646 -3.63854 -4.57842 -40.4679 -3.63854 -3.64285 -40.4707 -3.63854 -3.17507 -40.4712 -3.63854 -2.70728 -40.4712 -3.63854 -2.70728 -40.5375 -3.17085 3.75125 -37.2342 -2.23547 3.59294 -37.4678 -2.23547 3.38821 -37.7263 -2.23547 3.38702 -37.7263 -2.70266 3.15849 -37.9776 -3.17085 2.93471 -38.2118 -3.17085 2.70022 -38.4526 -3.17085 2.68237 -38.436 -3.41869 2.21815 -37.5054 -4.82127 2.47645 -36.8393 -5.0786 2.32647 -37.2585 -4.9147 -5.51518 -40.3569 -4.03928 -3.64285 -40.3602 -4.04528 -4.57842 -40.3586 -4.04278 -2.70728 -40.2752 -4.28312 -2.70728 -40.3608 -4.04927 0.00658921 -38.9563 -4.87823 -2.70728 -40.1294 -4.57493 0.431524 -39.8753 -3.47465 -0.953978 -40.3271 -3.45616 -2.2383 -40.5441 -2.70266 -3.17507 -40.3608 -4.04628 -2.2383 -40.5265 -3.17085 3.17039 -37.9909 -2.70266 3.17039 -37.992 -2.23547 2.9478 -38.225 -2.70266 2.71332 -38.4653 -2.70266 2.20982 -38.8988 -2.96898 2.39551 -38.7216 -3.14337 2.19078 -38.8839 -3.28078 1.87892 -38.9983 -3.51113 1.74204 -37.9638 -4.81277 1.92772 -37.6877 -4.89872 -2.2383 -40.3409 -3.97582 -2.2383 -40.4453 -3.63854 0.161327 -38.689 -5.0741 0.318446 -38.8878 -4.79878 1.34329 -39.4086 -3.47365 0.735049 -39.8013 -3.17085 0.501751 -39.9068 -3.17085 0.0994322 -40.0653 -3.17085 -0.642121 -40.2884 -3.29627 -1.30273 -40.4365 -3.17085 -1.30273 -40.3591 -3.50613 -1.77052 -40.5138 -2.70266 -1.77052 -40.5143 -2.23547 -1.77052 -40.4944 -3.17085 2.9478 -38.2256 -2.23547 2.71451 -38.4664 -2.23547 2.4455 -38.6995 -2.70266 2.2122 -38.9005 -2.70266 1.97176 -39.0772 -2.70266 1.65038 -39.3064 -2.70266 1.63134 -39.2948 -3.17085 2.00985 -39.0297 -3.14337 1.22188 -38.394 -4.7688 1.50398 -38.0544 -4.89772 0.568408 -38.589 -4.97267 0.910022 -38.4946 -4.87823 1.39804 -39.4423 -3.17085 1.03619 -39.6461 -3.17085 1.03619 -39.6682 -2.70266 0.757664 -39.8112 -2.70266 0.524367 -39.9167 -2.70266 0.0994322 -40.0846 -2.70266 -0.406443 -40.2327 -3.15236 -0.588557 -40.3039 -2.98447 -0.813523 -40.342 -3.15236 -1.30273 -40.4558 -2.70266 -0.836139 -40.3658 -2.70266 -1.30273 -40.4569 -2.23547 2.44669 -38.7 -2.23547 2.2122 -38.9011 -2.23547 1.97176 -39.0783 -2.23547 1.65157 -39.307 -2.23547 1.41709 -39.455 -2.23547 1.4159 -39.4545 -2.70266 1.05286 -38.2035 -5.05661 1.03619 -39.6693 -2.23547 0.758855 -39.8118 -2.23547 0.525557 -39.9173 -2.23547 0.0994322 -40.0857 -2.23547 -0.343357 -40.2343 -2.23547 -0.345738 -40.2338 -2.70266 -0.579035 -40.3067 -2.70266 -0.836139 -40.3669 -2.23547 -0.577845 -40.3072 -2.23547 1.23481 0.650168 7.80156 1.23481 -0.753585 7.80156 3.00418 -2.20226 7.78234 3.00418 4.39322 7.78234 2.90857 4.86143 7.78234 1.9727 5.32964 7.78234 1.23481 5.32964 7.78234 1.23481 5.79784 7.77797 1.23481 6.28246 7.59759 1.23481 6.5373 7.40584 1.23481 6.59776 7.12106 1.23481 6.62282 6.65677 1.23481 6.62195 5.99069 1.23481 6.62109 5.52334 1.23481 6.62022 5.25342 1.23481 6.60554 5.13549 1.23481 6.55975 4.94636 1.23481 5.89459 3.33991 1.23481 -2.20226 3.33991 1.23481 -2.20226 7.78409 1.23481 -2.18498 7.78452 1.23481 -1.69 7.79064 1.23481 -1.22179 7.79632 3.00418 4.86143 7.78147 3.00418 -2.20226 4.71531 3.00418 2.2025 3.33991 3.00418 4.47615 3.33991 3.00418 5.21042 3.34034 3.00418 6.02071 5.1748 3.00418 6.03454 5.25342 3.00418 6.03885 5.56222 3.00418 6.03972 5.72077 3.00418 6.04145 6.18899 3.00418 6.04231 6.49167 3.00418 6.04231 6.65677 3.00418 6.02331 6.99789 3.00418 6.01553 7.125 3.00418 5.79179 7.51591 3.00418 5.32964 7.73779 2.44054 5.32964 7.78103 1.62696 -2.20226 3.33991 2.90857 5.32964 7.7557 1.50468 5.79784 7.77404 1.83274 -2.04331 3.33991 1.85283 -2.02776 3.33991 1.87362 -2.00617 3.33991 2.08684 -1.78243 3.33991 2.25521 -1.56906 3.33991 2.27149 -1.54833 3.33991 2.45527 -1.22179 3.33991 2.47034 -1.18551 3.33991 2.62432 -0.812328 3.33991 2.69032 -0.578225 3.33991 2.69396 -0.552309 3.33991 2.7305 -0.285379 3.33991 2.91151 5.82203 7.53032 2.44054 5.79784 7.67184 1.9727 5.79784 7.74216 1.9727 6.21335 7.53076 1.52962 6.30665 7.54037 1.50693 5.8393 3.33991 2.01531 5.67258 3.33991 2.44314 5.49549 3.33991 2.63194 5.40133 3.33991 2.95222 5.24152 3.33991 2.75752 6.06477 7.39754 2.44054 6.12869 7.46131 1.39018 6.5252 7.39055 1.50468 6.53297 4.97519 1.75358 6.5036 5.01275 2.82629 6.09587 7.125 2.44054 6.25482 7.125 1.70214 6.48978 7.26564 1.52962 6.54248 7.11539 1.50468 6.56753 5.25342 1.76207 6.5062 5.25342 1.99608 6.43191 5.25342 2.44054 6.27469 5.25342 2.78957 6.08291 4.9599 2.85314 6.10969 6.65677 2.44054 6.28419 6.65677 1.99885 6.44054 6.65677 1.9365 6.43363 7.11539 1.75618 6.50447 6.95334 1.50468 6.56926 6.65677 1.50468 6.56926 6.18899 1.50468 6.56839 5.72077 1.76449 6.50706 6.18899 1.99851 6.43968 6.18899 1.99781 6.43882 5.72077 2.44054 6.28246 5.72077 2.84829 6.10883 5.25342 2.85193 6.10969 6.18899 1.76484 6.50706 6.65677 6.2953 -26.0029 2.44532 6.2953 -26.0029 -0.0224207 -3.30565 -26.0029 -0.0224207 -5.54374 -26.0029 0.475669 -5.98158 -26.0029 0.596449 -6.23625 -26.0029 0.758006 -6.25632 -26.0029 1.04137 -6.25883 -26.0029 5.25062 5.40709 -26.0029 5.25062 5.54258 -26.0029 5.09629 5.55638 -26.0029 5.07616 5.74958 -26.0029 4.7835 5.76212 -26.0029 4.76285 5.92145 -26.0029 4.48929 6.02181 -26.0029 4.25599 6.03059 -26.0029 4.23018 6.1573 -26.0029 3.84823 6.16232 -26.0029 3.82448 6.25014 -26.0029 3.38007 6.28777 -26.0029 2.91295 6.28903 -26.0029 2.88921 6.29154 -26.0263 2.44532 6.29154 -26.0263 -0.0224207 5.98794 -27.8962 -0.0224207 5.14865 -33.0453 -0.0224207 5.037 -33.7291 -0.0224207 4.98431 -34.0445 -0.0224207 4.92911 -34.3391 -0.0224207 4.90778 -34.4494 -0.0224207 4.80993 -34.8787 -0.0224207 -6.25632 -34.8787 -0.0224207 -6.25632 -27.4305 -0.0224207 -6.25506 -26.963 -0.0224207 -6.23374 -26.6728 -0.0224207 -6.17854 -26.618 -0.0224207 -5.99412 -26.5146 -0.0224207 -5.51489 -26.4234 -0.0224207 6.28401 -26.0263 2.91295 5.47985 -30.9286 3.09309 5.98417 -27.8727 2.91295 5.48487 -30.9599 2.78082 5.98794 -27.8962 2.44532 6.24637 -26.0263 3.38007 5.21765 -32.5778 2.91295 5.01442 -33.7586 3.16174 4.9818 -34.0219 2.91295 5.07213 -33.5136 2.44532 5.14865 -33.0453 2.44532 5.94905 -27.6651 3.61492 5.78972 -28.8346 3.38007 4.9956 -33.6361 3.4735 4.96173 -33.942 3.34239 4.86513 -34.4494 3.38007 4.90151 -34.4494 2.91295 5.18002 -32.5778 3.38007 4.98431 -34.0445 2.44532 5.96912 -27.4305 3.6877 5.02069 -33.3242 3.6428 4.8576 -33.9811 3.84823 4.761 -34.8787 3.38007 4.79989 -34.8787 2.91295 4.90778 -34.4494 2.44532 4.80115 -34.8787 2.87373 4.80993 -34.8787 2.44532 5.95783 -26.7849 4.10424 5.93274 -27.0968 4.02372 6.15354 -26.0263 3.84823 5.0784 -32.5908 3.87558 5.00438 -32.7559 4.04953 4.69326 -33.9811 4.3169 4.54648 -34.2166 4.55278 4.63806 -34.8787 3.73261 3.59178 -34.8787 4.99719 3.4036 -34.8787 5.17475 3.31578 -34.8787 5.25062 -6.52103 -34.8787 5.25062 5.49491 -29.614 4.11353 5.02947 -32.444 4.12179 4.77104 -33.5136 4.3169 5.01442 -31.4126 4.55226 4.5678 -33.9811 4.58943 4.46117 -33.5136 4.89086 4.40597 -33.9811 4.82376 4.17137 -33.9811 5.13449 4.11617 -34.2496 5.06687 3.75487 -34.3677 5.25062 4.05595 -33.9811 5.25062 4.18392 -33.5136 5.25062 4.23034 -33.2338 5.25062 4.33321 -32.6056 5.25062 5.25153 -26.9673 5.25062 5.40332 -26.0263 5.25062 5.92019 -26.0263 4.48413 5.4786 -28.5835 4.54452 5.07087 -31.7975 4.27405 5.05707 -32.1095 4.18682 5.50369 -28.2716 4.58891 5.5338 -27.8988 4.63898 4.60795 -33.5136 4.65601 4.50006 -33.0453 4.95177 4.22657 -33.5136 5.20055 5.48487 -26.7458 5.02248 4.55526 -32.4049 5.03177 5.02069 -29.5749 5.02661 5.50494 -26.4947 5.04777 4.60293 -31.7975 5.09113 5.0784 -28.8346 5.0999 -6.2574 -9.43124 -0.0224207 -6.2574 -9.43124 5.25293 -6.2574 -9.17796 5.25499 -6.2574 -8.0962 5.25499 -6.2574 -8.0962 4.46255 -6.2574 -8.24206 -0.0224207 -6.24891 -8.0962 -0.0224207 2.48971 -8.0962 -0.0224207 3.81329 -9.19312 -0.0224207 3.98418 -9.37831 -0.0224207 4.03301 -9.43124 -0.0224207 4.06697 -9.43124 3.37825 4.07016 -9.43124 3.84111 4.07016 -9.43124 5.25293 3.80693 -9.43124 5.25499 -6.08227 -9.43124 5.25499 4.41724 -8.0962 3.30747 4.48092 -8.15384 3.38083 4.56053 -8.4347 3.1215 4.56053 -8.52619 3.1215 4.57645 -8.58278 3.38083 4.49366 -8.81659 3.38083 4.50746 -8.84835 3.84885 4.27395 -9.16345 3.84885 4.06803 -9.42758 5.25499 4.27501 -9.16358 5.25499 4.50746 -8.8507 5.25499 4.586 -8.61545 5.25499 4.586 -8.3623 5.25499 4.49366 -8.12718 5.25499 4.47243 -8.09646 5.25499 4.42679 -8.0962 5.25499 4.47137 -8.0962 5.25293 4.47137 -8.0962 3.84885 4.46925 -8.0962 3.80339 4.44271 -8.0962 3.38083 4.24317 -8.0962 2.97325 4.49366 -8.12757 3.84885 4.57645 -8.38778 3.38083 4.58494 -8.36151 3.84885 4.58494 -8.61453 3.84885 4.50852 -8.84874 4.31688 4.27501 -9.16358 5.25293 4.49366 -8.12718 5.25293 4.586 -8.36125 5.25293 4.586 -8.61545 5.25293 4.50852 -8.84926 5.25293 -6.30532 -13.3902 -0.972613 -6.30532 -13.0655 -0.97439 -7.2053 -13.3902 -1.89975 -7.2053 -13.8577 -1.90908 -6.30532 -13.8577 -0.996602 -6.30532 -14.7853 -1.40575 -6.30532 -15.1803 -1.77403 -6.30532 -15.5529 -2.23516 -6.30532 -15.6843 -2.69984 -6.30532 -15.8015 -3.17118 -6.30532 -15.801 -3.24226 -6.30532 -15.7782 -3.6874 -6.30532 -15.6441 -4.49548 -6.30532 -15.5192 -4.83222 -6.30532 -15.2086 -5.45727 -6.30532 -14.7105 -5.51014 -6.30532 -12.1953 -5.51014 -6.30532 -11.9864 -5.27602 -6.30532 -11.2262 -4.10676 -6.30532 -11.1441 -3.63364 -6.30532 -11.1422 -3.17518 -6.30532 -11.145 -2.79402 -6.30532 -11.2134 -2.39864 -6.30532 -11.6033 -1.85044 -6.30532 -11.8355 -1.61677 -6.30532 -12.0731 -1.38932 -6.30532 -12.6769 -1.05391 -7.19925 -12.9223 -1.92819 -7.2574 -13.3902 -2.23516 -7.25731 -13.8577 -2.23516 -7.25125 -12.9223 -2.23516 -7.18797 -14.2157 -1.94906 -7.17986 -12.6368 -1.96817 -7.2574 -13.3902 -4.575 -7.25377 -12.4544 -2.70339 -7.2574 -12.4544 -3.17118 -7.2574 -12.4544 -3.63897 -7.25693 -14.3256 -4.10676 -7.25488 -14.3256 -2.70339 -7.21574 -14.3534 -2.20762 -7.20791 -12.4703 -2.24849 -7.18797 -14.659 -2.34533 -7.06048 -14.5277 -2.03303 -7.18322 -12.1784 -2.41286 -7.24342 -12.9223 -4.575 -7.2053 -13.3902 -4.8913 -7.25526 -13.8577 -4.575 -7.24976 -12.4544 -4.10676 -7.20176 -12.1251 -2.70339 -7.2053 -12.069 -3.17118 -7.21406 -14.3329 -4.58433 -7.2094 -14.7972 -4.10055 -7.24883 -14.7936 -3.63897 -7.25078 -14.7936 -3.17118 -7.21099 -14.8068 -2.69717 -7.18014 -15.0585 -2.84911 -7.1985 -12.484 -4.55279 -7.16942 -12.6596 -4.82689 -7.19142 -12.9223 -4.86198 -6.40634 -13.3902 -5.51014 -7.20325 -13.8577 -4.88242 -7.18527 -14.1815 -4.84999 -7.2053 -12.0735 -3.63897 -7.19775 -12.136 -4.10676 -7.1779 -12.1876 -4.38175 -7.18797 -14.6435 -4.43462 -7.17744 -15.0549 -3.94017 -7.19682 -15.0804 -3.63897 -7.19878 -15.0836 -3.17118 -6.38854 -13.8577 -5.51014 1.23464 5.32996 7.78224 1.23464 2.75305 7.78224 1.23464 2.75305 4.69415 1.23464 3.61254 2.5269 1.23464 3.71563 2.38648 1.23464 3.78085 2.30816 1.23464 3.8855 2.21361 1.23464 3.99406 2.14424 1.23464 4.20415 2.10117 1.23464 4.39432 2.06928 1.23464 4.66416 2.0676 1.23464 5.32996 2.0676 1.23464 5.59979 2.0827 1.23464 5.80754 2.11347 1.23464 5.97037 2.15543 1.23464 6.06175 2.18061 1.23464 6.08635 2.28634 1.23464 6.60611 5.13499 1.23464 6.62055 5.25247 1.23464 6.62212 6.18896 1.23464 6.62251 6.45861 1.23464 6.62251 6.65665 1.23464 6.59752 7.12098 1.23464 6.53738 7.40574 1.23464 6.28238 7.59762 1.23464 5.79777 7.77832 1.03626 5.79777 7.78112 0.568179 5.79777 7.78224 -0.835618 5.79777 7.78224 -2.23895 5.32996 7.78224 -3.46739 4.57004 7.78224 -3.46739 2.75305 7.78224 -3.46739 2.75305 2.11459 -3.2032 2.75305 2.14256 -2.95742 2.75305 2.2276 1.03626 6.26598 7.63567 0.568179 6.26598 7.66364 0.100554 6.26598 7.67706 -3.46739 4.86175 7.76545 -3.46739 5.03786 7.74028 -3.46739 5.34518 7.61105 -3.46739 5.50138 7.52769 -3.46739 5.63806 7.43147 -3.46739 5.66149 7.38895 -3.46739 5.74115 7.13497 -3.46739 5.75169 6.97665 -3.46739 5.77239 6.65665 -3.46739 5.77239 5.25247 -3.46739 5.1351 2.23431 -3.46739 5.11713 2.17949 -3.46739 4.85862 2.11739 -3.46739 4.39432 2.06872 -3.46739 3.92611 2.0676 -3.46739 3.45829 2.0676 -3.46739 2.97642 2.08774 1.03626 6.55339 7.42476 0.568179 6.57721 7.45217 0.100554 6.58931 7.46504 -0.367532 6.26598 7.67147 -1.30324 5.79777 7.77888 -3.17512 4.86175 7.78168 1.03626 6.63422 7.1249 0.568179 6.68499 7.1249 0.100554 6.71037 7.1249 -0.367532 6.58463 7.46 -0.835618 6.26598 7.65189 -1.77133 5.79777 7.7621 -2.70704 5.32996 7.77441 -3.17512 3.45829 2.0676 1.03626 6.66156 6.65665 0.568179 6.71505 6.65665 0.100554 6.742 6.65665 -0.367532 6.70022 7.1249 -0.835618 6.56589 7.43986 -1.30324 6.26598 7.60881 -2.23895 5.79777 7.70727 -3.17512 5.32996 7.71455 -3.17512 4.39432 2.0676 -2.70704 4.86175 2.0676 -1.77133 5.32996 2.0676 1.03626 6.66039 5.72072 0.568179 6.71466 5.72072 0.568179 6.71505 6.18896 0.100554 6.74122 5.72072 -0.367532 6.73028 5.25247 -0.367532 6.73067 5.72072 -0.367532 6.73067 6.65665 -0.835618 6.66156 7.1249 -1.30324 6.53269 7.40014 -1.74003 6.29019 7.51707 -2.23895 6.16406 7.49525 -2.75168 5.84385 7.56014 -3.17512 5.72514 7.50308 0.100554 5.79777 2.07096 0.568179 5.79777 2.07655 1.03626 6.6596 5.25247 0.568179 6.71388 5.25247 0.100554 6.74044 5.25247 -0.835618 6.68967 5.25247 -0.835618 6.69045 6.18896 -0.367532 6.2117 2.44522 -0.835618 6.17109 2.44522 -0.835618 6.69045 6.65665 -1.30324 6.5901 7.1249 -1.56329 6.50575 7.36658 -2.62557 6.08908 7.42252 -2.93763 6.03012 7.34588 -3.17512 4.86175 2.08159 -2.23895 5.32996 2.07431 -0.367532 5.79777 2.07208 0.100554 6.11056 2.14256 0.568179 6.10119 2.14816 1.03626 5.79777 2.09389 1.03626 6.14336 2.44522 0.568179 6.1953 2.44522 0.100554 6.21756 2.44522 -1.61714 6.51981 4.99009 -1.30324 6.6147 5.25247 -1.53429 6.03012 2.22033 -0.367532 6.10822 2.14368 -0.835618 6.09065 2.15543 -1.30324 6.6147 6.65665 -1.61668 6.51902 7.1249 -1.85049 6.45772 7.1249 -2.23895 6.32612 7.1249 -2.75168 6.12111 7.16406 -2.96571 6.04418 7.03427 -3.14291 5.93015 7.16406 -3.17512 5.20304 2.15319 -2.72039 5.34831 2.13026 -2.23895 5.66071 2.14592 -0.835618 5.79777 2.08382 1.03626 6.07815 2.1655 -2.23895 6.34916 5.25247 -1.891 6.46435 5.25247 -1.65718 6.52957 5.25247 -1.22224 6.06175 2.18061 -2.5731 5.60838 2.17221 -2.64168 5.64196 2.44522 -2.96571 6.04457 5.00072 -1.65672 6.52957 5.72072 -1.65626 6.52918 6.65665 -1.89054 6.47138 6.65665 -2.23895 6.3558 6.65665 -2.70704 6.16875 6.65665 -2.97813 6.05043 6.65665 -3.21195 5.92312 6.65665 -3.45911 5.12963 2.18173 -2.70704 6.16914 5.25247 -2.23895 6.3558 5.72072 -1.89054 6.47138 5.72072 -2.87595 5.51661 2.44522 -3.21241 5.92312 5.25247 -2.97813 6.05082 5.25247 -2.70704 6.16914 6.18896 -3.21241 5.92312 5.72072 -3.46732 -2.20226 2.18329 -3.46732 -2.01226 2.26221 -3.39988 -2.20226 2.21069 -3.17798 -2.20226 2.45678 -3.16618 -2.20226 2.47486 -3.01688 -2.20226 2.81851 -2.74521 -2.20226 4.96311 -2.74521 -2.20226 7.78185 -3.46732 -2.20226 7.78185 -3.46732 -1.37311 7.78185 -3.46732 -1.37311 4.69785 -3.46732 -1.37636 2.91332 -3.46732 -1.69865 2.47596 -3.46732 -1.74873 2.43485 -2.74521 -1.37311 7.78185 -3.34029 -1.79069 2.57626 -2.74521 -2.20047 4.75101 -2.74521 -1.37311 4.69456 -1.62169 -2.20184 0.965684 -1.75337 -2.10304 0.965684 -1.9875 -1.90502 0.965684 -2.01711 -1.86718 0.965684 -2.1706 -1.67085 0.965684 -2.36694 -1.38244 0.965684 -2.40434 -1.32736 0.965684 -2.52277 -1.09318 0.965684 -2.62055 -0.808558 0.965684 -2.63925 -0.753903 0.965684 -2.73041 -0.285972 0.965684 -2.73937 0.18196 0.965684 -2.67821 0.574634 0.965684 -2.66613 0.649889 0.965684 -2.54108 1.04004 0.965684 -2.43589 1.27422 0.965684 -2.23137 1.58575 0.965684 -2.03464 1.85146 0.965684 -1.7635 2.09278 0.965684 1.23464 2.09278 0.965684 1.23464 -2.20184 0.965684 1.23464 -2.20184 7.78363 0.561459 -2.20184 7.97968 0.100598 -2.20184 8.0165 0.0199565 -2.20184 8.0165 -0.388703 -2.20184 7.99461 -2.74521 -2.20184 7.78164 -2.74521 -2.20184 4.9633 -2.71054 -2.20184 4.7573 -2.74521 -2.20016 4.75133 1.23464 2.09278 7.78662 1.23464 1.59963 7.79259 1.23464 0.649889 7.80155 1.23464 -0.753903 7.80155 1.23464 -1.68976 7.7906 1.23464 -2.18502 7.78463 -2.74521 0.144121 7.78264 -2.74521 0.18196 7.78264 -2.74521 2.09278 7.78164 -2.74521 2.09278 4.75133 -2.74521 0.197094 4.32838 -2.74521 0.18196 4.32639 -2.74521 -0.285972 4.34729 -0.367666 2.09278 8.05233 0.100598 2.09278 8.08418 0.568472 2.09278 8.0175 1.00713 -1.22183 10.4009 0.870778 -1.567 10.7572 0.654956 -1.85793 10.4009 0.387711 -1.93865 10.6567 0.100598 -1.9849 10.4009 0.100598 1.98263 10.4009 0.568472 1.90233 10.4009 0.807278 1.82371 10.6398 0.857143 1.58575 10.7552 0.9148 1.58575 10.4009 1.00713 1.11782 10.4009 0.921033 0.649889 10.8687 0.921033 -0.753903 10.8687 0.891036 -1.20249 10.8955 0.813511 -1.03348 11.1105 0.694692 -1.34544 11.0687 0.541202 -1.67421 10.8627 0.382646 -1.46946 11.1105 0.100598 -1.71247 10.9105 0.100598 -1.95211 10.6766 -0.259755 -1.94706 10.6686 -1.16317 -1.52832 10.7174 -1.60027 -1.07805 10.7095 -1.67974 -0.753903 10.796 -1.97231 -0.238885 10.3542 -1.98282 0.134871 10.3542 -0.367666 1.95152 10.4009 -0.367666 1.88257 10.7204 0.100598 1.89771 10.7403 0.568472 1.85861 10.6876 0.794422 1.34191 11.1015 0.891036 1.1586 10.9145 0.818965 0.649889 11.1145 0.818965 -0.753903 11.1145 0.568472 -0.753903 11.1294 0.550551 -1.20249 11.1185 0.100598 -1.22183 11.1304 0.100598 -1.47829 11.1165 -0.265599 -1.4724 11.1125 -0.4187 -1.69439 10.8846 -0.83515 -1.62208 10.812 -0.83515 -1.33955 11.0458 -1.28355 -1.20123 10.8687 -1.09188 -1.01246 11.1125 -1.37626 -0.753903 11.0309 -1.45613 -0.404531 11.0876 -1.543 -0.0925772 11.1065 -1.70857 -0.263269 10.9065 -1.71402 0.180697 10.9125 -1.69883 0.649889 10.8169 -1.61702 1.00935 10.7274 -1.19862 1.45752 10.7433 -0.666077 1.84767 10.6736 -0.634911 1.36797 11.1115 -0.367666 1.61518 10.9543 0.100598 1.61854 10.9752 0.610545 1.5517 10.9572 0.482377 1.3726 11.1125 0.610545 1.1586 11.1195 0.813511 1.02995 11.1105 0.568472 0.649889 11.1294 0.100598 1.11782 11.1324 0.100598 -0.753903 11.1324 -0.83515 -0.753903 11.1314 -0.4 -1.25463 11.1205 -0.367666 -0.753903 11.1324 -0.83515 -1.1058 11.1175 -0.577644 -1.43246 11.1006 -1.14252 -0.753903 11.1175 -1.30147 -0.263269 11.1165 -1.32328 0.180697 11.1165 -1.543 0.0238802 11.1065 -1.49236 0.335834 11.0966 -1.40743 0.649889 11.0508 -1.3038 1.12034 10.8916 -0.946568 1.23134 11.0558 -0.805933 1.56851 10.8647 -1.09694 0.919381 11.1125 -0.80827 1.09217 11.1195 -0.367666 1.11782 11.1314 -0.367666 1.38101 11.1165 0.100598 1.38479 11.1175 -0.83515 0.649889 11.1324 -0.83515 -0.285972 11.1324 -1.17369 0.649889 11.1175 3.3769 4.39394 7.7824 4.31272 3.92584 7.78153 3.84481 4.39394 7.7811 3.00418 4.86124 7.78153 3.00418 4.39394 7.7824 3.00418 -2.20226 7.7824 5.20424 -2.20226 7.7824 5.24854 -2.15787 7.7824 5.71645 -0.753564 7.7824 5.71645 1.11804 7.7824 4.78063 2.98964 7.7824 4.31272 4.39394 7.73326 5.24854 2.52154 7.78196 4.78063 3.45774 7.77936 3.3769 4.86124 7.77805 3.00418 5.32934 7.73761 3.00418 5.79179 7.51624 3.00418 6.01616 7.12483 3.00418 6.04279 6.65688 3.00418 6.04118 6.02628 3.00418 6.03957 5.56181 3.00418 6.03472 5.25303 3.00418 6.0202 5.17475 3.00418 5.20989 3.34034 3.00418 4.47627 3.33991 3.00418 2.20113 3.33991 3.00418 -2.20226 4.71549 4.79271 4.40201 7.52929 4.31748 4.87092 7.52798 3.84481 4.86124 7.71934 4.78063 3.92584 7.72238 5.71645 1.58614 7.77979 5.24854 2.98964 7.76109 3.3769 5.32934 7.66759 3.00528 -2.20226 3.33991 5.60112 -2.20226 3.33991 6.36596 -2.20226 5.25303 6.37401 -2.20226 5.72098 6.37877 -2.20226 6.65688 6.37584 -2.20226 6.71994 6.35424 -2.20226 7.12483 6.35351 -2.20226 7.12962 6.17447 -2.20226 7.49711 6.11882 -2.20226 7.53146 5.71645 -2.20226 7.74065 5.67215 -2.20226 7.75065 5.24854 -2.20226 7.78196 6.18436 0.18264 7.71543 5.24854 3.45774 7.68194 5.24634 3.91131 7.50406 5.08927 4.25109 7.42491 4.64479 4.72162 7.43709 4.16444 5.16631 7.42274 3.82247 5.32531 7.49493 5.71645 2.05343 7.75631 6.18436 0.650742 7.70238 5.71645 2.52154 7.69455 3.3769 5.67154 7.4597 5.71645 -1.22167 7.78196 6.18436 -0.285461 7.71412 6.55012 0.18264 7.50363 5.74793 3.00901 7.54538 5.60698 3.45774 7.47275 5.51801 3.74586 7.39751 5.14492 4.31646 7.12483 4.94575 4.55052 7.12483 4.71216 4.78618 7.12483 4.461 5.02023 7.12483 4.22704 5.21958 7.12483 3.65186 5.58841 7.38621 6.18436 1.11804 7.67107 6.18436 1.58614 7.62105 6.53511 0.650742 7.49058 6.07232 2.52154 7.48319 6.20523 2.03406 7.51842 3.06056 5.99114 7.12483 3.36738 4.98956 3.33991 3.74193 4.73856 3.33991 3.95721 4.55617 3.33991 3.99821 4.51823 3.33991 4.22521 4.30436 3.33991 4.43976 4.08403 3.33991 4.47747 4.04367 3.33991 4.66457 3.82819 3.33991 4.87912 3.55217 3.33991 4.90731 3.51423 3.33991 5.06364 3.29955 3.33991 5.22254 3.02515 3.33991 5.24268 2.98964 3.33991 5.41366 2.66439 3.33991 5.43599 2.62 3.33991 5.54144 2.40693 3.33991 5.67654 2.05101 3.33991 5.80175 1.62246 3.33991 5.9072 1.17211 3.33991 6.00166 0.637829 3.33991 6.04193 0.18264 3.33991 6.03608 -0.285461 3.33991 5.99983 -0.684156 3.33991 5.9958 -0.719667 3.33991 5.89914 -1.22812 3.33991 5.78455 -1.6938 3.33991 5.71645 -1.68977 7.77718 6.18436 -0.753564 7.69586 6.54865 -0.285461 7.50276 6.71304 0.18264 7.12483 5.99983 2.86616 7.41491 5.55096 3.79348 7.12483 5.37888 4.02753 7.12483 5.92587 3.1793 7.12483 5.76038 3.45774 7.12483 5.16286 4.33584 6.65688 5.39682 4.0469 6.65688 4.96332 4.56989 6.65688 4.72974 4.80474 6.65688 4.4804 5.03879 6.65688 4.24645 5.23733 6.65688 3.94696 5.47139 6.65688 3.92682 5.45363 7.12483 3.69286 5.61504 7.12483 3.3769 5.80794 7.12483 6.46188 1.58614 7.41143 6.50508 1.11804 7.4597 6.68375 0.650742 7.12483 6.43259 1.86619 7.37707 3.08729 6.00567 6.65688 6.43406 -1.97063 4.996 5.71645 -2.15787 7.74761 6.52925 -0.753564 7.48406 6.18436 -1.22167 7.66237 6.71048 -0.285461 7.12483 6.74453 0.18264 6.65688 6.22427 2.52154 7.12483 6.0401 2.94525 7.12483 5.78857 3.45774 6.65688 5.56524 3.81285 6.65688 5.93979 3.20351 6.65688 6.05512 2.96946 6.65688 5.39682 4.0461 6.18893 5.39645 4.04529 5.72098 5.16286 4.33422 6.18893 5.1625 4.33261 5.72098 5.16177 4.33099 5.25303 4.96113 4.56666 5.72098 4.72717 4.80394 5.72098 4.72864 4.80474 6.18893 4.48004 5.03879 6.18893 4.24608 5.23733 6.18893 3.94696 5.47139 6.18893 3.713 5.62796 6.18893 3.713 5.62796 6.65688 3.3769 5.83618 6.65688 6.62261 1.11804 7.12483 6.71488 0.650742 6.65688 6.53035 1.58614 7.12483 6.45017 1.91946 7.12483 6.36852 2.1527 7.12483 3.3769 5.83538 6.18893 3.08619 6.00486 6.18893 6.44284 -1.99646 5.25303 6.4703 -1.68977 4.95425 6.62957 -1.22167 5.25303 6.52412 -1.68977 5.25303 3.67712 5.60536 4.97078 3.36811 4.98956 3.34034 6.18436 -1.68977 7.60453 6.49703 -1.22167 7.45057 6.67204 -0.753564 7.12483 6.70389 -0.753564 6.65688 6.7416 -0.285461 6.65688 6.74417 0.18264 6.18893 6.25392 2.52154 6.65688 5.93979 3.20271 5.72098 5.78565 3.45774 5.72098 5.56267 3.81124 5.72098 6.25282 2.52154 6.18893 6.05402 2.96946 6.18893 5.39572 4.04367 5.25303 4.95857 4.56504 5.25303 5.53448 3.77008 4.96251 5.11234 4.27369 4.93903 4.72498 4.80152 5.25303 4.47784 5.03557 5.25303 4.4793 5.03799 5.72098 4.24535 5.23653 5.72098 3.94659 5.47058 5.72098 3.71264 5.62796 5.72098 6.65337 1.11804 6.65688 6.71378 0.650742 6.18893 6.65227 1.11804 6.18893 6.74307 0.18264 5.72098 6.55524 1.58614 6.65688 6.46005 1.94851 6.65688 6.38316 2.18257 6.65688 3.3769 5.83376 5.72098 3.08436 6.00405 5.72098 3.08253 5.9976 5.25303 6.52669 -1.68977 5.72098 6.44394 -1.99968 5.72098 6.52266 -1.22167 4.90728 6.6325 -1.22167 5.72098 6.69364 -0.753564 5.25303 6.70133 -0.753564 5.72098 3.3769 5.8273 5.25303 3.71117 5.62715 5.25303 3.94549 5.46977 5.25303 4.24389 5.23572 5.25303 4.18823 5.1881 4.94164 6.19864 -2.11832 7.50319 6.45053 -1.68977 7.39795 6.6065 -1.22167 7.12483 6.63579 -1.22167 6.65688 6.70279 -0.753564 6.18893 6.7405 -0.285461 6.18893 6.38316 2.18095 6.18893 6.38316 2.17853 5.72098 5.93612 3.2019 5.25303 6.05109 2.96785 5.25303 5.78089 3.45774 5.25303 5.56121 3.80962 5.25303 4.6642 4.7426 4.93294 6.01704 2.89602 4.9486 6.71121 0.650742 5.72098 6.65044 1.11804 5.72098 6.55378 1.58614 6.18893 6.45859 1.9469 6.18893 6.63433 -1.22167 6.18893 6.53035 -1.68977 6.65688 6.44394 -2.00372 6.65688 6.43406 -1.97305 7.12483 6.72513 -0.285461 5.25303 6.73904 -0.285461 5.72098 6.42197 -1.93592 7.36359 6.50692 -1.68977 7.12483 6.72842 0.18264 5.25303 6.70096 0.650742 5.25303 6.25099 2.52154 5.72098 6.45712 1.94448 5.72098 6.45566 1.94125 5.25303 6.37584 2.1753 5.25303 6.24221 2.52154 5.25303 6.44284 1.90009 4.98513 6.64568 1.11804 5.25303 6.54902 1.58614 5.25303 6.55158 1.58614 5.72098 6.53035 1.11804 4.9025 6.48312 1.58614 4.9412 1.23464 2.25711 7.78942 0.568179 2.09285 8.0173 1.23464 2.09285 7.78664 1.23464 2.09285 0.965684 1.23464 2.44217 0.965684 1.23464 2.7526 4.69393 1.23464 2.7526 7.78245 0.100554 2.09285 8.0849 -0.367532 2.09285 8.05284 -3.46739 2.09285 7.78176 -3.46739 2.09285 2.27231 -1.7635 2.09285 0.965684 1.03626 2.7526 7.78245 -2.95742 2.7526 2.22771 -3.2032 2.7526 2.1427 -3.46739 2.7526 2.11482 -3.46739 2.7526 7.78176 -1.53798 2.2885 0.965684 -1.30324 2.41316 0.965684 -0.835618 2.61301 0.965684 -0.760135 2.63032 0.965684 -0.367532 2.7203 0.965684 0.100554 2.7433 0.965684 0.568179 2.68452 0.965684 0.643661 2.66094 0.965684 1.03626 2.53796 0.965684 -3.46739 2.52194 2.12597 -3.46739 2.1929 2.17754</float_array>
                    <technique_common>
                        <accessor count="6403" source="#shape0-lib-positions-array" stride="3">
                            <param name="X" type="float"/>
                            <param name="Y" type="float"/>
                            <param name="Z" type="float"/>
                        </accessor>
                    </technique_common>
                </source>
                <source id="shape0-lib-normals" name="normal">
                    <float_array id="shape0-lib-normals-array" count="37950">-0.987884 0.155194 0 -0.987939 0.154845 -0.000193891 -0.999828 -0.0185404 -0.000196224 -0.99981 -0.0194901 0 0 0 1 0 0 1 0 0 1 0 0 1 0 0 1 0 0 1 0 0 1 0 0 1 0 0 1 0 0 1 0 0 1 0 0 1 0 0 1 0 0 1 0 0 1 0 0 1 0 0 1 0 0 1 0 0 1 0 0 1 0 0 1 0 0 1 0 0 1 0 0 1 0 0 1 0 0 1 0 0 1 0 0 1 0 0 1 0 0 1 0 0 1 0 0 1 0 0 1 0 0 1 0 0 1 0 0 1 0 0 1 0 0 1 0 0 1 0 0 1 0 0 1 0 0 1 0 0 1 0 0 1 0 0 1 0 0 1 0 0 1 0 0 1 0 0 1 0 0 1 0 0 1 0 0 1 0 0 1 0 0 1 0 0 1 0 0 1 0 0 1 0 0 1 0 0 1 0 0 1 0 0 1 0 0 1 -0.952397 0.304862 0 -0.952222 0.305406 -0.000471138 -0.987749 0.156051 -0.000488716 -0.987768 0.155932 -0.000472003 -0.952156 0.305613 -0.000375936 -0.988113 0.153721 -0.00179178 -0.999834 -0.018157 -0.00181304 -0.999825 -0.0186637 -0.00130701 -0.999818 -0.0190461 -0.00070209 -0.981524 -0.191336 -0.000689242 -0.981387 -0.192038 -0.000242785 -0.981525 -0.191336 0 -0.981525 -0.191336 0 -0.912266 0.409597 0 -0.912808 0.408389 -0.000394986 -0.952029 0.306008 -0.000681303 -0.912698 0.408634 -0.000468756 -0.912554 0.408955 -0.000661543 -0.912692 0.408647 -0.000753676 0 0 -1 0 0 -1 0 0 -1 0 0 -1 0 0 -1 0 0 -1 0 0 -1 0 0 -1 0 0 -1 0 0 -1 0 0 -1 0 0 -1 0 0 -1 0 0 -1 0 0 -1 0 0 -1 0 0 -1 0 0 -1 0 0 -1 0 0 -1 0 0 -1 0 0 -1 0 0 -1 0 0 -1 0 0 -1 0 0 -1 0 0 -1 0 0 -1 0 0 -1 0 0 -1 0 0 -1 0 0 -1 0 0 -1 0 0 -1 0 0 -1 0 0 -1 0 0 -1 0 0 -1 0 0 -1 0 0 -1 0 0 -1 0 0 -1 0 0 -1 0 0 -1 0 0 -1 0 0 -1 0 0 -1 0 0 -1 0 0 -1 0 0 -1 0 0 -1 0 0 -1 0 0 -1 0 0 -1 0 0 -1 0 0 -1 0 0 -1 0 0 -1 0 0 -1 0 0 -1 0 0 -1 0 0 -1 0 0 -1 0 0 -1 0 0 -1 0 0 -1 -0.946172 -0.323665 -0.000234072 -0.946082 -0.323928 -0.000205 -0.946082 -0.323928 0 -0.946082 -0.323928 0 -0.836039 0.548671 0 -0.835233 0.549896 -0.000533206 -0.835434 0.549591 -0.000630453 -0.912266 0.409595 -0.00165426 -0.835577 0.549374 -0.000734397 -0.835612 0.54932 -0.000739547 -0.836523 0.54793 -0.0015169 -0.945927 -0.32438 -0.000234115 -0.892066 -0.451905 -0.000187141 -0.891969 -0.452096 -0.000126931 -0.892194 -0.451653 0 -0.892408 -0.451229 -0.00022087 -0.832365 0.554228 0 -0.834093 0.551624 -0.000477769 -0.834095 0.551621 -0.000477923 -0.803649 0.595103 -0.000460477 -0.803403 0.595436 -0.000533541 -0.804852 0.593475 -0.000923036 -0.835179 0.549977 -0.000957817 -0.834796 0.550557 -0.00151377 -0.891389 -0.453239 -0.000388073 -0.827399 -0.561615 0 -0.889517 -0.456903 0 -0.826084 -0.563547 -0.000359641 -0.826677 -0.562676 -4.77402e-05 -0.803649 0.595103 0 -0.803649 0.595103 0 -0.803649 0.595103 -0.000460332 -0.802259 0.596975 -0.000684961 -0.665199 0.746666 0 -0.664868 0.746961 -0.000397414 -0.666714 0.745313 -0.000726936 -0.796486 0.604656 -0.000693774 -0.805627 0.592421 -0.00146087 -0.80221 0.597041 -0.000692836 -0.825682 -0.564136 -0.000472181 -0.826647 -0.562721 0 -0.787812 -0.615916 -0.000532515 -0.788328 -0.615256 0 -0.825286 -0.564715 -0.000513098 -0.787875 -0.615836 -0.000536736 -0.658961 0.752177 -0.000400187 -0.655155 0.755495 -8.40379e-05 -0.656642 0.754202 -0.000285249 -0.7854 -0.618987 -0.000986772 -0.786207 -0.617963 -0.000665561 -0.78669 -0.617348 -0.000616901 -0.65126 0.758854 0 -0.477534 0.878613 0 -0.469665 0.882845 -0.000126076 -0.469187 0.883099 -0.000173622 -0.46804 0.883706 -0.00133848 -0.6475 -0.762064 -0.000990533 -0.646889 -0.762584 -0.000668148 -0.646482 -0.762929 -0.000614039 -0.645621 -0.763658 -0.000421115 -0.39242 0.919786 0 -0.39252 0.919744 -0.00014017 -0.392872 0.919593 -0.000180798 -0.467329 0.884082 -0.00160456 -0.39413 0.919053 -0.00166804 -0.600034 -0.799974 -0.00108785 -0.600217 -0.799837 -0.000785761 -0.601311 -0.799015 -0.000610106 -0.602019 -0.798482 -0.000418513 -0.223815 0.974632 0 -0.223815 0.974632 0 -0.389485 0.921033 -0.000375275 -0.223815 0.974632 -0.000198557 -0.224878 0.974387 -0.000397014 -0.476836 -0.878991 -0.00122609 -0.477189 -0.8788 -0.000865113 -0.477189 -0.8788 -0.000720192 -0.476668 -0.879083 -0.000662042 -0.476339 -0.879261 -0.000545936 -0.475632 -0.879644 0 -0.0496448 0.998767 0 -0.0488105 0.998808 -0.000161147 -0.0489796 0.9988 -0.000203481 -0.048167 0.998839 -0.000702335 -0.475858 -0.879521 -0.00159627 -0.368637 -0.929572 -0.00168713 -0.36848 -0.929634 -0.00160329 -0.367826 -0.929895 -0.00065386 -0.367903 -0.929864 -0.000583122 -0.367742 -0.929928 -0.000533775 -0.367742 -0.929928 -0.000533378 -0.367863 -0.92988 -0.000421613 -0.367863 -0.92988 -0.000319896 -0.36821 -0.929743 0 -0.0478819 0.998853 0 0.119842 0.992793 0 0.124345 0.992239 -0.000152619 0.125165 0.992136 -0.000569234 0.125165 0.992136 -0.000697626 0.125165 0.992136 -0.000697623 -0.223815 -0.974631 -0.000685315 -0.223707 -0.974656 -0.000615879 -0.223815 -0.974632 -0.000559441 -0.223815 -0.974632 -0.000559265 -0.223815 -0.974631 -0.000559015 -0.366054 -0.930594 0 -0.223815 -0.974632 -0.000147923 -0.223956 -0.974599 0 0.124854 0.992175 0 0.299107 0.95422 0 0.299107 0.95422 0 0.299772 0.954011 -0.00036487 0.299725 0.954025 -0.000415896 0.29929 0.954162 -0.000547448 0.299107 0.954219 -0.000670962 -0.0496879 -0.998765 -0.000650669 -0.0498142 -0.998758 -0.000631108 -0.0499786 -0.99875 -0.000573103 -0.22308 -0.9748 0 -0.0500175 -0.998748 -0.000526585 -0.0505426 -0.998722 0 0.434258 0.900788 0 0.435717 0.900083 -0.000265512 0.43555 0.900164 -0.000344275 0.435601 0.90014 -0.000392405 0.436016 0.899939 -0.00050014 0.43676 0.899578 -0.000766447 0.436777 0.899569 -0.000791853 -0.0490911 -0.998794 -0.000708974 0.123363 -0.992361 -0.000704408 0.124139 -0.992265 -0.000569308 0.124857 -0.992175 -0.000172059 0.435774 0.900056 -0.000249668 0.436038 0.899928 0 0.54979 0.835303 -0.000314991 0.551042 0.834477 -0.000632097 0.551332 0.834286 -0.000686531 0.550978 0.83452 -0.000783039 0.550863 0.834595 -0.000794553 0.550375 0.834917 -0.000997795 0.123423 -0.992354 -0.000800764 0.124408 -0.99223 -0.00180085 0.292321 -0.956319 -0.00173567 0.294185 -0.955748 -0.000548358 0.126784 -0.99193 0 0.29474 -0.955577 -0.000499984 0.295489 -0.955346 -0.00022652 0.295109 -0.955464 0 0.549422 0.835545 0 0.652483 0.757803 -0.000421314 0.65175 0.758434 -0.000614519 0.651007 0.759071 -0.000730464 0.295146 -0.955452 -0.000671829 0.394913 -0.918718 -0.000645999 0.397602 -0.917558 -0.000217567 0.398725 -0.917071 -0.00017233 0.399659 -0.916664 0 0.726967 0.686672 -0.000422292 0.727802 0.685787 -0.000615951 0.727873 0.685711 -0.000625763 0.728437 0.685112 -0.000993366 0.398732 -0.917067 -0.000173628 0.556901 -0.830579 -0.000242504 0.555613 -0.831441 0 0.731476 0.681867 0 0.728544 0.684998 -0.000601779 0.813386 0.581724 -0.000566842 0.813568 0.58147 -0.000606395 0.813568 0.58147 -0.000980245 0.813568 0.58147 -0.000980253 0.558674 -0.829387 -0.000583181 0.558248 -0.829674 -0.000393546 0.610723 -0.791844 -0.0003756 0.812936 0.582353 0 0.881856 0.471519 -0.000336823 0.881763 0.471694 -0.000383881 0.881222 0.472703 -0.000545045 0.882002 0.471246 0 0.880876 0.473346 -0.000951473 0.612078 -0.790797 -0.00110969 0.611954 -0.790893 -0.000907861 0.6114 -0.791322 -0.00055642 0.6114 -0.791322 -0.000520078 0.721668 -0.692239 -0.000499209 0.721994 -0.691899 -0.000446608 0.723205 -0.690633 0 0.934576 0.355764 -0.000169719 0.934339 0.356384 -0.000280388 0.933839 0.357694 -0.000356678 0.934503 0.355954 0 0.933686 0.358093 -0.000406487 0.720895 -0.693043 -0.00130694 0.721206 -0.692721 -0.000795146 0.784562 -0.62005 -0.00098692 0.7837 -0.62114 -0.000443744 0.783981 -0.620785 -0.000299445 0.783689 -0.621153 0 0.783689 -0.621153 0 0.937168 0.348879 0 0.970968 0.239209 -0.000139714 0.970831 0.239765 -0.000435209 0.934496 0.355974 -0.000646147 0.968568 0.248747 0 0.872258 -0.489045 -0.000956387 0.873242 -0.487286 -0.000333533 0.873265 -0.487245 -0.000328392 0.873348 -0.487098 -0.000260922 0.873055 -0.487622 0 0.971602 0.236621 0 0.97142 0.237367 -6.84346e-05 0.971622 0.236541 -0.000166342 0.873491 -0.486841 -0.000380276 0.923992 -0.382411 -0.000402266 0.924126 -0.382088 -0.000276097 0.924844 -0.380348 0 0.992797 0.119808 0 0.992797 0.119808 0 0.992811 0.119693 -8.41717e-05 0.992813 0.119674 -8.9458e-05 0.960609 -0.277903 -4.71093e-05 0.960415 -0.278574 0 0.999817 -0.0191245 0 0.999813 -0.0193562 -5.06542e-05 0.999832 -0.0183437 -0.000435284 0.993047 0.117716 -0.00043233 0.990618 -0.136658 0 0.990584 -0.136906 2.42788e-05 0.962631 -0.270816 4.80264e-05 0.999771 -0.0213955 0 0 0.00488582 0.999988 0 0.00488582 0.999988 0 0 1 0 0 1 1 0 0 1 0 0 1 0 0 1 0 0 1 0 0 1 0 0 1 0 0 1 0 0 1 0 0 1 0 0 1 0 0 1 0 0 1 0 0 1 0 0 0 0.426953 0.904274 0 0.426953 0.904274 -0.00486721 0.00488576 0.999976 -0.00648722 0.00325921 0.999974 -0.00648726 0 0.999979 -0.00648726 0 0.999979 0 -0.0129656 0.999916 -0.00293364 0.426951 0.90427 -0.00440442 0.425614 0.904894 0 0.91649 0.400057 -0.136601 0.00322873 0.990621 -0.0696395 0.424585 0.902706 -0.126935 0.369496 0.920522 -0.138181 0.00161198 0.990406 -0.138181 0 0.990407 -0.138181 0 0.990407 -0.00648671 -0.0129684 0.999895 -0.00486675 -0.0145868 0.999882 -0.00152587 -0.014587 0.999892 -0.00152515 -0.0340216 0.99942 0 -0.0356406 0.999365 -0.0012938 0.917036 0.398802 -0.00213059 0.917721 0.397221 -0.017573 0.917581 0.39716 -0.0461608 0.904917 0.423077 0.0112261 0.999926 -0.00478597 0 1 -0.000314735 -0.00067833 1 0 -0.000920379 1 0.000131509 -0.0015636 0.999999 0.000781364 -0.00232159 0.999995 0.00232125 -0.427542 0.00147134 0.903994 -0.256386 0.360058 0.897009 -0.420001 0.186989 0.888051 -0.248054 0.877571 0.410292 -0.428894 0 0.903355 -0.428894 0 0.903355 -0.138172 -0.0112373 0.990344 -0.136591 -0.0128471 0.990544 -0.136539 -0.0304958 0.990165 -0.00486496 -0.0307838 0.999514 -0.00162116 -0.0340216 0.99942 -0.00161776 -0.0731001 0.997323 -0.00161674 -0.0731011 0.997323 0 -0.0731012 0.997325 0.00131773 -0.0745007 0.99722 -0.0191444 0.999633 0.0191416 -0.0478571 0.998293 0.033483 -0.288408 0.917177 0.274968 -0.271984 0.881142 0.386799 0.709663 0.649197 -0.273719 0.385774 0.907845 -0.164303 0.376592 0.912361 -0.160551 0 0 -1 0 0 -1 0 0 -1 0 0 -1 0 0 -1 0 0 -1 0 0 -1 0 0 -1 0 0 -1 0 0 -1 0 0 -1 -0.411971 0.911197 0 -0.413768 0.910382 0.000670462 -0.413767 0.91038 0.0021786 -0.0167457 0.999857 0.00239272 -0.0526158 0.998569 0.0095704 -0.109327 0.993722 0.0237692 -0.165134 0.985355 0.0424909 -0.109436 0.993071 0.0428236 -0.0383457 0.999081 0.0191622 -0.0526641 0.998051 0.0334749 -0.63306 0.205474 0.746335 -0.646861 0.00124279 0.762607 -0.645416 0 0.763831 -0.645416 0 0.763831 -0.695613 0.299554 0.652985 -0.491879 0.746424 0.448226 -0.428879 -0.00830354 0.903324 -0.427061 -0.0102595 0.904165 -0.426977 -0.0223091 0.903987 -0.420218 -0.0294028 0.906947 -0.138108 -0.032092 0.989897 -0.137816 -0.0724027 0.987808 -0.00160892 -0.122273 0.992495 -0.00151268 -0.122273 0.992495 0.00151327 -0.119104 0.992881 0.00151948 -0.0779342 0.996957 -0.293657 0.943512 0.153464 -0.39029 0.883514 0.258993 -0.436572 0.855673 0.277901 -0.447413 0.846721 0.287899 0.723322 0.631987 -0.278204 0.846328 0.421627 -0.325514 -0.420021 0.907515 0 -0.414762 0.909926 0.002709 -0.917975 0.396638 0 -0.918991 0.394279 0.000247222 -0.918974 0.394272 0.00600225 -0.420395 0.9073 0.00869566 -0.426564 0.904378 0.0119715 -0.435606 0.89988 0.0215246 -0.43973 0.897818 0.023679 -0.459002 0.887368 0.0435364 -0.458935 0.887239 0.0467632 -0.201401 0.978151 0.0515549 -0.442676 0.886689 0.133494 -0.441464 0.884261 0.152287 -0.349091 0.923494 0.159044 -0.325936 0.933129 0.151775 -0.818486 0.000936275 0.574526 -0.804793 0.182156 0.564914 -0.818988 0.000399605 0.573811 -0.818801 0.00033345 0.574077 -0.81828 0.000222514 0.57482 -0.818277 0.000222158 0.574824 -0.817361 0.000133607 0.576126 -0.816782 9.51668e-05 0.576946 -0.814718 0 0.579857 -0.814718 0 0.579857 -0.645399 -0.00739715 0.76381 -0.643942 -0.00863395 0.765026 -0.567147 0.756336 0.326037 -0.645344 0.667755 0.37099 -0.810264 0.181473 0.557261 -0.643781 -0.0239404 0.764835 -0.646636 -0.0264224 0.762341 -0.645909 -0.0542647 0.761484 -0.419874 -0.0500097 0.906204 -0.401295 -0.0684365 0.913388 -0.139372 -0.0739873 0.987472 -0.138727 -0.121092 0.9829 -0.137135 -0.122689 0.982925 -0.00322021 -0.123859 0.992295 -0.00320366 -0.15951 0.987191 -0.0015046 -0.15951 0.987195 0 -0.162014 0.986788 -0.488418 0.841734 0.230068 -0.500721 0.830314 0.244656 -0.497468 0.82492 0.268387 0.929314 0.152194 -0.33647 0.847394 0.41928 -0.325773 -0.920752 0.390005 0.01052 -0.920648 0.389961 0.0183683 -0.919276 0.393615 0 -0.999934 0.000897348 0.0114247 -1 0 0 -1 0 0 -1 0 0 -0.999997 0 0.002447 -0.926405 0.374993 0.0339713 -0.926361 0.374975 0.0353499 -0.934807 0.349915 0.0607811 -0.936582 0.344656 0.0634491 -0.945183 0.312612 0.0943496 -0.502874 0.859655 0.0900633 -0.500575 0.855724 0.130997 -0.468472 0.873305 0.133688 -0.505647 0.85205 0.135394 -0.644313 0.74363 0.178534 -0.754152 0.613265 0.234865 -0.763095 0.599082 0.242462 -0.549689 0.800681 0.238227 -0.516687 0.826024 0.225208 -0.84811 0.0546243 0.526997 -0.849378 0.000516762 0.527785 -0.849376 0.000515759 0.527788 -0.849132 0.000442749 0.528181 -0.84873 0.000387571 0.528827 -0.848728 0.000387434 0.528829 -0.848423 0.000345515 0.529319 -0.847712 0.000230518 0.530456 -0.847711 0.00023015 0.530459 -0.847453 0.000138526 0.530871 -0.847453 9.8741e-05 0.530871 -0.847453 9.87408e-05 0.530871 -0.847453 0 0.530871 -0.847453 0 0.530871 -0.814702 -0.00641586 0.579845 -0.813703 -0.00746944 0.581233 -0.813569 -0.0196453 0.581137 -0.807538 -0.0259402 0.589245 -0.584 0.767014 0.265769 -0.692778 0.64642 0.319687 -0.746943 0.557465 0.362367 -0.896281 0.0495307 0.440713 -0.890799 0.0344878 0.453087 -0.857901 0.0359081 0.512559 -0.807034 -0.0438071 0.588878 -0.793313 -0.0578138 0.606063 -0.650059 -0.0580039 0.757667 -0.64807 -0.0972358 0.755348 -0.400695 -0.0875317 0.912021 -0.371055 -0.113545 0.921643 -0.370893 -0.117282 0.92124 -0.320896 -0.153449 0.934601 -0.137376 -0.160482 0.977432 -0.136401 -0.159903 0.977663 -0.135782 -0.160514 0.977649 -0.00480196 -0.162013 0.986777 0 -1 0 0 -1 0 0 -1 0 0 -1 0 0 -1 0 0 -1 0 0 -1 0 0 -1 0 0 -1 0 0 -1 0 0 -1 0 0 -1 0 0 -1 0 0 -1 0 0 -1 0 0 -1 0 0 -1 0 0 -1 0 0 -1 0 0 -1 0 0 -1 0 0 -1 0 0 -1 0 0 -1 0 0 -1 0 0 -1 0 0 -1 0 0 -1 0 0 -1 0 0 -1 0 0 -1 0 0 -1 0 0 -1 0 0 -1 0 0 -1 0 0 -1 0 0 -1 0 0 -1 0 0 -1 0 0 -1 0 0 -1 0 0 -1 0 0.940254 0.00539036 -0.340431 0.940323 0.00299103 -0.340271 -0.999326 0.00244283 0.0366306 -0.999325 0.00244776 0.0366453 -0.999581 0.000897032 0.0289165 -0.999577 -0.000116386 0.0290948 -0.99957 -0.000108724 0.0293242 -0.99957 0.000815326 0.0293242 -0.999978 -0.000116433 0.00664069 -0.99999 -0.00162897 0.00426688 -0.999924 -0.00162886 0.0122304 -0.999924 -0.00162885 0.0122304 -0.999955 -0.000271484 0.00951848 -0.999958 -0.000203857 0.00918021 -0.999958 -0.000204012 0.0091816 -0.99771 0.0024438 0.0675903 -0.99771 0.0024438 0.0675903 -0.955097 0.27428 0.112074 -0.993183 0.00243271 0.116543 -0.959856 0.244254 0.137903 -0.968201 0.195835 0.155678 -0.969205 0.183859 0.163821 -0.856721 0.428238 0.287474 -0.976307 0.0635419 0.206849 -0.969103 0.02166 0.245704 -0.966346 0.0221151 0.256292 -0.950885 0.0704463 0.301422 -0.941485 0.117483 0.315917 -0.858454 0.000704321 0.51289 -0.858285 0.000511267 0.513173 -0.858287 0.000510276 0.51317 -0.858606 0.000437669 0.512637 -0.858606 0.000437755 0.512635 -0.85851 0.000383059 0.512796 -0.858511 0.000382599 0.512795 -0.858013 9.99712e-05 0.513629 -0.858453 0 0.512892 -0.858453 0 0.512892 -0.847441 -0.00534399 0.530863 -0.84695 -0.00620839 0.531637 -0.846811 -0.0191405 0.53155 -0.847752 -0.0208407 0.529983 -0.847174 -0.0423804 0.529622 -0.938531 0.0352755 0.343389 -0.934309 0.021244 0.35583 -0.904172 0.0228168 0.426558 -0.898944 0.0348601 0.436675 -0.891329 0.000731299 0.453357 -0.89949 0.000722144 0.436941 -0.899328 0.000523828 0.437275 -0.891482 0.000519258 0.453056 -0.847532 -0.0430451 0.528997 -0.846393 -0.0663373 0.528411 -0.843137 -0.0713302 0.532946 -0.792454 -0.0741569 0.605406 -0.769504 -0.0966406 0.631287 -0.765361 -0.0991913 0.635911 -0.75513 -0.103161 0.647407 -0.653345 -0.102191 0.750131 -0.650563 -0.137304 0.746937 -0.375147 -0.119911 0.919177 0.936717 0 -0.350087 -0.99771 0.00243889 0.0675903 -0.997488 0.000813628 0.0708293 -0.999633 -0.000203946 0.0270852 -0.999633 -0.000203791 0.0270857 -0.999631 -0.000271397 0.0271532 -0.999616 -0.000407089 0.0276955 -0.997795 -0.000406347 0.0663731 -0.997735 -0.000108524 0.0672639 -0.997301 0.000162613 0.0734217 -0.997293 0.00027076 0.0735294 -0.997293 0.000271873 0.0735272 -0.997488 0.000812443 0.0708376 -0.997488 0 0.0708297 -0.997338 7.75312e-05 0.0729136 -0.999971 -0.00393151 0.00657969 -0.999874 -0.0032773 0.0155237 -0.999861 -0.00393108 0.0161782 -0.999592 -0.00162831 0.0285109 -0.999593 -0.000815175 0.0285109 -0.992613 0.00081439 0.121319 -0.987318 0.000810046 0.158752 -0.987318 0.000810048 0.158752 -0.992612 0.000808471 0.12133 -0.992612 0.000808472 0.12133 -0.978284 0.000802633 0.207268 -0.978284 0.00080262 0.207268 -0.969496 0.000795423 0.245106 -0.96933 0.00119555 0.245762 -0.966582 0.00121054 0.256355 -0.953253 0.000310862 0.302173 -0.966184 0.000405278 0.257853 -0.966182 0.000404399 0.257862 -0.965196 0.000303361 0.261527 -0.964744 0.000265591 0.263189 -0.95328 0.000293429 0.302088 -0.939198 0.000509978 0.343376 -0.939115 0.000768577 0.343603 -0.93951 0.000306381 0.342522 -0.939361 0.000383491 0.34293 -0.891332 0.000484763 0.45335 -0.891334 0.000484979 0.453348 -0.891323 0.000483984 0.453369 -0.890472 0.000418397 0.455037 -0.890321 0.000365793 0.455332 -0.890321 0.000290618 0.455332 -0.89015 0.000242669 0.455667 -0.889799 0.000181291 0.456353 -0.889388 0.000145378 0.457154 -0.887191 0 0.461402 -0.887191 0 0.461402 -0.858441 -0.00529294 0.512885 -0.858441 -0.00529243 0.512884 -0.858271 -0.0205982 0.512783 -0.858502 -0.0363271 0.511521 -0.85556 -0.0411264 0.516068 -0.858875 -0.0212822 0.511743 -0.93452 0.000764815 0.35591 -0.93452 0.000764803 0.35591 -0.904407 0.000740171 0.426669 -0.904389 0.000715831 0.426709 -0.904395 0.000707217 0.426695 -0.904039 0.000476999 0.427451 -0.899456 0.000480916 0.437011 -0.899404 0.000488371 0.437118 -0.899398 0.000489365 0.43713 -0.899399 0.000489149 0.437128 -0.851446 -0.0677653 0.520046 -0.858536 -0.050317 0.510279 -0.855947 -0.0771443 0.511277 -0.854607 -0.0951821 0.510477 -0.842254 -0.0938062 0.530857 -0.8417 -0.0920779 0.532037 -0.713004 -0.141277 0.686779 -0.651855 -0.139271 0.745445 -0.651709 -0.139184 0.745589 -0.997822 -0.000813731 0.065967 -0.997653 -0.0032503 0.068396 -0.997653 -0.00325235 0.0684001 -0.99318 -0.00323777 0.116543 -0.993186 0 0.116544 -0.993186 0 0.116544 -0.993239 7.72126e-05 0.116087 -0.993092 0.000161927 0.117339 -0.992998 0.000202197 0.118133 -0.992871 0.000269561 0.119195 -0.992869 0.000270216 0.119207 -0.992869 0.000270666 0.119211 -0.992661 0.000404762 0.120929 -0.992661 0.000405225 0.120933 -0.992548 0.000538944 0.121855 -0.992529 0.000578404 0.12201 -0.999798 -0.00582229 0.0192496 -0.999757 -0.00651842 0.0210777 -0.999422 -0.00651624 0.0333581 -0.99954 -0.0032762 0.0301373 -0.99954 -0.00325644 0.0301373 -0.987318 0.000804159 0.158752 -0.987282 0.000575346 0.158975 -0.987233 0.000536059 0.159281 -0.98714 0.000482409 0.159857 -0.978284 0.000478081 0.207268 -0.969503 0.000395236 0.245079 -0.969497 0.000396044 0.245103 -0.969496 0.00039618 0.245106 -0.978262 0.000455902 0.207374 -0.978212 0.000435517 0.207607 -0.97804 0.000398716 0.208415 -0.969225 0.000396862 0.246178 -0.968072 0.000399842 0.250674 -0.939525 0.000256124 0.342479 -0.939526 0.000255486 0.342477 -0.953217 0.000259856 0.302287 -0.969504 0.000394828 0.245076 -0.969567 0.000316578 0.244824 -0.969544 0.000297512 0.244916 -0.96421 0.000172119 0.265141 -0.964241 0.000184226 0.265028 -0.969558 0.000263652 0.244862 -0.969344 0 0.245707 -0.969344 0 0.245707 -0.96421 0 0.265141 -0.96421 0 0.265141 -0.953243 0.000210068 0.302206 -0.953216 0.000222253 0.30229 -0.953216 0.000258795 0.30229 -0.934761 0.000507568 0.355277 -0.934761 0.000381627 0.355277 -0.93452 0.000638933 0.35591 -0.934605 0.000254147 0.355686 -0.899721 0.00043512 0.436466 -0.900245 0.000293858 0.435385 -0.900225 0.00024541 0.435425 -0.900245 0.000293823 0.435384 -0.900228 0.000241613 0.435419 -0.900061 0.000183613 0.435764 -0.90006 0.000183382 0.435767 -0.899955 0.000147108 0.435983 -0.899834 0 0.436233 -0.899834 0 0.436233 -0.88718 -0.0050618 0.461396 -0.887125 -0.00513655 0.4615 -0.886949 -0.0205647 0.461409 -0.886894 -0.0350674 0.46064 -0.887245 -0.0209712 0.460822 -0.889997 -0.041482 0.454075 -0.887478 -0.0484719 0.458294 -0.910442 6.10402e-05 0.413637 -0.906875 0.000185002 0.4214 -0.905599 0.000240551 0.424136 -0.904712 0.000295279 0.426023 -0.904072 0.000433588 0.42738 -0.934606 0.00025438 0.355684 -0.934427 0.000217599 0.356155 -0.934179 0.000190562 0.356804 -0.934175 0.000190216 0.356816 -0.93283 0.000108887 0.360317 -0.931669 5.36131e-05 0.363308 -0.891995 -0.0641229 0.447474 -0.886292 -0.0742025 0.457143 -0.88491 -0.0927693 0.45643 -0.883135 -0.0959302 0.459205 -0.881573 -0.0978135 0.461803 -0.856784 -0.100992 0.50569 -0.993084 -0.00404631 0.11734 -0.997345 -0.007317 0.0724506 -0.993065 -0.0072856 0.117338 -0.987436 -0.0040233 0.157965 -0.987313 -0.00321662 0.158753 -0.987318 0 0.158754 -0.987318 0 0.158754 -0.987318 0.000201039 0.158754 -0.987318 0.00020104 0.158754 -0.987318 0.00026848 0.158754 -0.987318 0.000268705 0.158753 -0.987192 0.000402531 0.159536 -0.987191 0.000402992 0.15954 -0.987122 0.000439484 0.159967 -0.987119 0.000460028 0.159988 -0.999676 -0.00916645 0.0237434 -0.999212 -0.00916219 0.0386321 -0.99904 -0.0106372 0.0424895 -0.997316 -0.0106189 0.0724485 -0.97804 0.000398301 0.208418 -0.977905 0.000265922 0.209048 -0.977905 0.000265922 0.209048 -0.977927 0.000319309 0.208946 -0.939526 0.000255078 0.342477 -0.939526 0.000255716 0.342479 -0.953243 0.000196179 0.302206 -0.953915 0 0.300077 -0.953915 0 0.300077 -0.953384 0.000129523 0.30176 -0.95324 0.000194494 0.302214 -0.977878 0.000199118 0.209175 -0.977633 0 0.210316 -0.977633 0 0.210316 -0.969341 -0.00277576 0.245706 -0.964206 -0.00286188 0.26514 -0.939537 0.000218791 0.342446 -0.939538 0.000219064 0.342445 -0.939546 0.000191701 0.342423 -0.939546 0.000191657 0.342422 -0.911177 0 0.412015 -0.911177 0 0.412015 -0.911137 2.67435e-05 0.412104 -0.899822 -0.00513394 0.436228 -0.899876 -0.0212698 0.435626 -0.900065 -0.00573271 0.435718 -0.901372 -0.0378764 0.431387 -0.898767 -0.0438813 0.436224 -0.901912 -0.0266082 0.431099 -0.897925 -0.0621765 0.435735 -0.931242 2.36479e-05 0.364401 -0.939546 0.000191312 0.342424 -0.939566 0.000127646 0.342367 -0.939537 0.000109669 0.342447 -0.939608 0 0.342253 -0.939608 0 0.342253 -0.931271 0 0.364326 -0.931271 0 0.364326 -0.897936 -0.0622077 0.435708 -0.896398 -0.0853224 0.434961 -0.893083 -0.0915758 0.440473 -0.992549 -0.0113259 0.121321 -0.987382 -0.0112669 0.157957 -0.996888 -0.0155094 0.0772961 -0.992494 -0.0154411 0.121314 -0.977628 -0.00318708 0.210317 -0.977628 -0.00318508 0.210315 -0.98711 -0.0128738 0.159525 -0.977554 -0.0127492 0.210301 -0.998683 -0.0147491 0.0491487 -0.998454 -0.0162748 0.0531428 -0.996876 -0.0162491 0.0772952 -0.963577 -0.00409035 0.267399 -0.954029 -0.00427636 0.299685 -0.953908 -0.00388669 0.300075 -0.969497 -0.00316056 0.245083 -0.969424 -0.0126769 0.245065 -0.963501 -0.013217 0.267378 -0.911163 -0.00556767 0.412008 -0.912042 -0.0204776 0.409585 -0.909823 -0.0243358 0.414283 -0.912211 -0.00696005 0.409661 -0.909167 -0.0401189 0.414496 -0.911942 -0.0325917 0.409022 -0.911484 -0.0462302 0.40873 -0.910771 -0.0608074 0.408411 -0.909256 -0.062992 0.411442 -0.939601 -0.00382837 0.342251 -0.93885 -0.0061213 0.344273 -0.931254 -0.00607178 0.36432 -0.907991 -0.0820939 0.41087 -0.907276 -0.0837447 0.412113 -0.904737 -0.0877246 0.41684 -0.897361 -0.0870094 0.432634 -0.991694 -0.021116 0.126875 -0.986974 -0.0210155 0.159503 -0.996553 -0.0195871 0.0806183 -0.996107 -0.0224483 0.085244 -0.995625 -0.0243461 0.0902155 -0.991623 -0.0242482 0.126866 -0.97738 -0.013541 0.211058 -0.969737 -0.0134351 0.243783 -0.98609 -0.0258408 0.164189 -0.977149 -0.0256065 0.211008 -0.99821 -0.0196197 0.0564936 -0.962664 -0.0148572 0.270291 -0.953922 -0.0155475 0.299652 -0.953921 -0.0155507 0.299655 -0.938757 -0.0153035 0.344239 -0.969527 -0.0247726 0.243731 -0.962446 -0.0259603 0.270229 -0.93093 -0.00658808 0.365139 -0.93077 -0.0196498 0.365076 -0.931049 -0.0202421 0.364333 -0.928125 -0.0312919 0.370952 -0.929301 -0.03543 0.36762 -0.925473 -0.0446376 0.376175 -0.924954 -0.0557823 0.375964 -0.92266 -0.0591109 0.381057 -0.92136 -0.0793783 0.38052 -0.921257 -0.0795264 0.380738 -0.936495 -0.0218566 0.349998 -0.991003 -0.0282689 0.130822 -0.98603 -0.028127 0.164178 -0.994779 -0.0312822 0.0971452 -0.990918 -0.0311608 0.130811 -0.97595 -0.0306779 0.215826 -0.970535 -0.0284704 0.239272 -0.983945 -0.0384939 0.174273 -0.975705 -0.0381716 0.215739 -0.959317 -0.0344993 0.280215 -0.953945 -0.0370224 0.297688 -0.953447 -0.0351352 0.299506 -0.936954 -0.0345274 0.347743 -0.936389 -0.0326688 0.349439 -0.968354 -0.038801 0.246546 -0.960507 -0.0408062 0.275247 -0.936148 -0.0539378 0.347444 -0.935175 -0.07592 0.345955 -0.934884 -0.0765569 0.346599 -0.921503 -0.0794761 0.380153 -0.936464 -0.0549536 0.346432 -0.990804 -0.032173 0.131427 -0.989428 -0.0401897 0.139342 -0.984044 -0.039971 0.173375 -0.98391 -0.0394072 0.174267 -0.975225 -0.0402169 0.21753 -0.969283 -0.0445306 0.241882 -0.980906 -0.0526976 0.187205 -0.974675 -0.0523629 0.217407 -0.957965 -0.0509407 0.282327 -0.953425 -0.0492671 0.297579 -0.951178 -0.0558171 0.303554 -0.967251 -0.0507179 0.248705 -0.958731 -0.0536423 0.279208 -0.950519 -0.0670512 0.303344 -0.946841 -0.0769197 0.31237 -0.935202 -0.0759741 0.345869 -0.974343 -0.0540249 0.218487 -0.972557 -0.0599813 0.224801 -0.966589 -0.0627543 0.248532 -0.966588 -0.0627519 0.248535 -0.958043 -0.0656397 0.279008 -0.957102 -0.0677208 0.281727 -0.950602 -0.0672609 0.303037 -0.95849 -0.0660924 0.277359 0.210222 0.973842 0.0862487 0 1 0 0 1 0 0 1 0 0 1 0 0 1 0 0 0 1 0 0 1 0 0 1 0 0 1 0 0 1 0 0 1 0 0 1 0 0 1 0.384549 0.908531 0.16338 0.79328 0.52596 0.306711 1 0 0 1 0 0 1 0 0 1 0 0 1 0 0 1 0 0 1 0 0 1 0 0 1 0 0 1 0 0 1 0 0 1 0 0 1 0 0 1 0 0 1 0 0 1 0 0 1 0 0 1 0 0 0 0.996993 -0.0774931 -0.41046 0.911879 0 0.844984 0.422681 0.327632 0.93755 0.0764611 0.339343 -0.00087945 0.992805 -0.119739 -0.0245602 0.99959 -0.0147327 -0.0098541 0.999939 -0.00492874 -0.00236535 0.992252 -0.12422 -0.118574 0.964284 -0.236846 -0.132566 0.962564 -0.236423 -0.135351 0.982788 -0.125727 -0.0294965 0.999553 -0.00491776 -0.410813 0.911708 -0.00448557 -0.410818 0.911718 -0.000335273 -0.410519 0.911852 -1.73679e-05 -0.410649 0.911793 0 0.940289 0.00535083 0.340334 0.940295 0.00514533 0.340321 0 0.849394 -0.527759 -0.00170615 0.850644 -0.525739 -0.00202887 0.851103 -0.524995 -0.187071 0.974405 -0.124655 -0.131446 0.98898 -0.0681244 -0.145746 0.986983 -0.0679868 -0.0393374 0.999117 -0.0147479 -0.00984607 0.999939 -0.00492072 -0.104089 0.846482 -0.522144 -0.137699 0.816121 -0.561235 -0.269832 0.793407 -0.545615 -0.317744 0.801975 -0.505841 -0.327383 0.84715 -0.418518 -0.417373 0.810734 -0.410499 -0.448293 0.809491 -0.379154 -0.464027 0.837903 -0.287397 -0.428771 0.870364 -0.24212 -0.0686899 0.997529 -0.0147244 -0.0686899 0.997529 -0.0147244 -0.424316 0.905416 -0.0133648 -0.421105 0.906957 -0.00996051 -0.918862 0.394334 -0.0139359 -0.918951 0.394372 -0.000748081 -0.918951 0.39437 -0.000749975 -0.918952 0.39437 0 -0.918952 0.39437 0 0.9337 0 0.358056 0 -1 0 0 -1 0 0 -1 0 0 -1 0 0 -1 0 0 -1 0 0 -1 0 0 -1 0 0 -1 0 0 -1 0 0 -1 0 0 -1 0 0 -1 0 0 -1 0 0 -1 0 0 -1 0 0 -1 0 0 -1 0 0 -1 0 0 -1 0 0 -1 0 0 -1 0 0 -1 0 0 -1 0 0 -1 0 0 -1 0 0 -1 0 0 -1 0 0 -1 0 0 0.194185 -0.980965 -0.000114239 0.191808 -0.981433 -0.00318495 0.191807 -0.981428 -0.0063748 0.187826 -0.982182 -0.0881049 0.1871 -0.978382 -0.445483 0.862789 -0.23904 -0.448626 0.868876 -0.209258 -0.215349 0.972298 -0.0908946 -0.307552 0.947401 -0.0885671 -0.145903 0.988713 -0.034056 -0.132516 0.120494 -0.98383 -0.161843 0.119964 -0.979498 -0.47969 0.66828 -0.568594 -0.264714 0.0135591 -0.964232 -0.646259 0.0182453 -0.7629 -0.673995 0.0671845 -0.735675 -0.648758 0.65121 -0.393749 -0.675689 0.0645088 -0.734359 -0.846384 0.0603923 -0.529138 -0.856149 0.0854724 -0.509611 -0.861157 0.134803 -0.490139 -0.525034 0.795867 -0.301555 -0.523006 0.797582 -0.300544 -0.442556 0.89621 -0.0308698 -0.427244 0.904014 -0.014906 -0.922434 0.385379 -0.0244744 -0.922459 0.38539 -0.0233307 -0.999999 0.000812365 -0.000814085 -0.999678 0.00203627 -0.0252837 -0.999792 0.000812197 -0.0203831 -1 0 0 -1 0 0 -1 0 0 -1 0 0 -1 0 0 0 -0.214822 -0.976653 0 -0.214822 -0.976653 0 0.191646 -0.981464 0 0 -1 0 0 -1 -0.00649031 0 -0.999979 -0.00649031 0 -0.999979 -0.133488 0 -0.99105 -0.133488 0 -0.99105 -0.67125 0.67272 -0.311243 -0.628659 0.726155 -0.278365 -0.48501 0.848972 -0.20979 -0.471383 0.87026 -0.142985 -0.323609 0.941658 -0.092512 -0.489435 0.856717 -0.162759 -0.478933 0.873645 -0.0858303 -0.479691 0.875028 -0.0649727 -0.449523 0.892604 -0.0344499 -0.264738 0 -0.96432 -0.264738 0 -0.96432 -0.646367 0 -0.763027 -0.646367 0 -0.763027 -0.677099 0.000110613 -0.735892 -0.676548 0 -0.736399 -0.676548 0 -0.736399 -0.863289 0.131545 -0.487266 -0.88618 0.127646 -0.445412 -0.891933 0.150887 -0.42625 -0.845941 0.000138193 -0.533277 -0.846353 0.000153289 -0.532623 -0.847261 0.000197729 -0.531176 -0.847757 0.00023046 -0.530385 -0.847932 0.000259321 -0.530106 -0.85757 0.000262269 -0.514367 -0.85816 0.000289695 -0.513383 -0.858884 0.000343446 -0.512171 -0.859293 0.00041805 -0.511483 -0.870856 0.000795123 -0.491537 -0.869691 0.000414431 -0.493597 -0.870809 0.000739704 -0.491622 -0.92974 0.364891 -0.0493872 -0.92991 0.364958 -0.0455257 -0.998802 0.00203448 -0.0488984 -0.9998 0.000679395 -0.0199847 -0.999904 0 -0.0138687 -0.998786 0.00195428 -0.0492187 -0.99885 0.000678749 -0.0479477 -0.00158327 -0.214738 -0.976671 -0.00158526 -0.214739 -0.97667 0 -0.179976 -0.983671 0 -0.179976 -0.983671 0 -0.0113753 -0.999935 0 -0.0113753 -0.999935 -0.00649091 -0.0113751 -0.999914 -0.00648989 -0.0113761 -0.999914 -0.133481 -0.0112746 -0.990987 -0.13348 -0.0112756 -0.990987 -0.822759 0.502577 -0.265489 -0.900206 0.125037 -0.417127 -0.911824 0.103612 -0.397294 -0.929792 0.0989765 -0.354527 -0.937375 0.14002 -0.318939 -0.936354 0.170632 -0.3068 -0.712574 0.668978 -0.211439 -0.599425 0.781228 -0.174279 -0.527261 0.83766 -0.142553 -0.528048 0.838911 -0.131887 -0.951811 0.283484 -0.117018 -0.945559 0.312682 -0.0902686 -0.939086 0.334312 -0.0797093 -0.258095 -0.0109919 -0.966057 -0.264731 -0.0072967 -0.964295 -0.646336 -0.0100559 -0.762987 -0.646334 -0.0100571 -0.762988 -0.842676 0 -0.538422 -0.842676 0 -0.538422 -0.67213 -0.0101998 -0.740363 -0.676536 -0.00580391 -0.736387 -0.892526 0.00072954 -0.450995 -0.893489 0.000728384 -0.449085 -0.907327 0.000710328 -0.420426 -0.893864 0.000546402 -0.448337 -0.90713 0.000554511 -0.42085 -0.907182 0.000568979 -0.420738 -0.856216 0 -0.516617 -0.856216 0 -0.516617 -0.856505 0.000155128 -0.516138 -0.856652 0.000174843 -0.515895 -0.856776 0.00019995 -0.515688 -0.857083 0.000232995 -0.515179 -0.873191 0.000178218 -0.487377 -0.873048 0.000191274 -0.487635 -0.871787 0.000250846 -0.489885 -0.870846 0.00028663 -0.491556 -0.870003 0.000341461 -0.493046 -0.893679 0.000364795 -0.448707 -0.893865 0.000404939 -0.448337 -0.892367 0.000243215 -0.45131 -0.893679 0.000364792 -0.448707 -0.995472 0.00194779 -0.0950336 -0.998833 0.000610809 -0.0482868 -0.998804 0 -0.0488985 -0.998804 -0.000191727 -0.0488985 -0.999808 -0.000191919 -0.0195782 -0.999906 -2.03797e-05 -0.0137464 -1 -2.03816e-05 -0.000895584 -0.994919 0.000808238 -0.100678 -0.994839 0.000608366 -0.101469 -0.999982 -0.00431778 -0.004079 -0.0066832 -0.214815 -0.976632 -0.00634027 -0.214487 -0.976706 -0.00159576 -0.182829 -0.983144 0 -0.145436 -0.989368 0 -0.145436 -0.989368 0 -0.0253759 -0.999678 -0.000418278 -0.0323284 -0.999477 -0.00486778 -0.032328 -0.999465 -0.00648827 -0.0307146 -0.999507 -0.133428 -0.0304406 -0.990591 -0.949106 0.12548 -0.288882 -0.966238 0.079196 -0.245179 -0.969821 0.0770725 -0.231316 -0.973873 0.133022 -0.184054 -0.965205 0.211229 -0.154148 -0.916723 0.000697205 -0.399524 -0.916758 0.000744735 -0.399443 -0.93438 0.000759059 -0.356277 -0.946699 0.00230911 -0.322111 -0.934504 0.000479454 -0.355951 -0.934548 0.000459697 -0.355837 -0.934564 0.000457249 -0.355795 -0.946135 0.000462911 -0.323771 -0.956666 0.00233343 -0.29118 -0.956665 0.00233149 -0.291182 -0.963027 0.230727 -0.139081 -0.989731 0.000804032 -0.142938 -0.989731 0.000804024 -0.142938 -0.142512 -0.0396593 -0.988998 -0.245898 -0.0304038 -0.968819 -0.258064 -0.0189013 -0.965943 -0.646186 -0.023781 -0.76281 -0.842663 -0.0053814 -0.538414 -0.648135 -0.0268064 -0.761054 -0.662161 -0.0293124 -0.748788 -0.672036 -0.0196196 -0.740259 -0.842759 -0.00550745 -0.538262 -0.842631 -0.0182925 -0.53818 -0.916824 0.000558213 -0.399291 -0.905923 0.000410402 -0.423441 -0.906179 0.00043386 -0.422893 -0.907119 0.000547214 -0.420874 -0.916918 0.000536681 -0.399075 -0.856203 -0.0055953 -0.516609 -0.874423 0 -0.485164 -0.874423 0 -0.485164 -0.87401 0.000121345 -0.485907 -0.891794 0.000112988 -0.452442 -0.891902 0.000182975 -0.452229 -0.905669 0.000369685 -0.423986 -0.905669 0.000369679 -0.423986 -0.891841 0.000103791 -0.452349 -0.905558 0.000105387 -0.424222 -0.905669 0.000147583 -0.423986 -0.994674 0.00040601 -0.10307 -0.994606 0.000295048 -0.103729 -0.994646 0.000270672 -0.103343 -0.994819 0.000202785 -0.101662 -0.995397 0 -0.0958361 -0.995397 0 -0.095836 -0.995996 -0.000196973 -0.0893925 -0.998794 -0.000197527 -0.0490953 -0.998679 -0.00244586 -0.0513354 -0.998676 -0.00324718 -0.0513352 -0.99977 -0.00325074 -0.02121 -0.999807 -0.00162442 -0.0195782 -0.999972 -0.00162468 -0.00731059 -0.99992 -0.00326727 -0.0122325 -0.999888 -0.00431738 -0.0143319 -0.989732 0.000537773 -0.142938 -0.989788 0.000404019 -0.142545 -0.989788 0.000404015 -0.142545 -0.999761 -0.00653345 -0.0208524 -0.999634 -0.00893879 -0.0255305 -0.999554 -0.0112244 -0.0276849 -0.136598 -0.212806 -0.967499 -0.140204 -0.194976 -0.970735 -0.101789 -0.175465 -0.979209 -0.00999611 -0.176372 -0.984273 -0.00638192 -0.182825 -0.983125 -0.139774 -0.209539 -0.967759 -0.00915764 -0.147166 -0.98907 -0.00746142 -0.144035 -0.989545 -0.000709153 -0.144039 -0.989572 0 -0.121965 -0.992534 0 -0.121965 -0.992534 0 -0.0328014 -0.999462 -0.000914185 -0.0713331 -0.997452 -0.00485792 -0.0713323 -0.997441 0 -0.0549163 -0.998491 -0.00647302 -0.0729415 -0.997315 -0.109257 -0.0725064 -0.991366 -0.142718 -0.0439517 -0.988787 -0.969279 0.00236223 -0.245951 -0.969843 0.00118188 -0.243729 -0.972714 0.00116526 -0.232006 -0.97282 0.000790286 -0.23156 -0.982605 0.000798235 -0.185704 -0.982605 0.000798247 -0.185704 -0.917279 0.000510273 -0.398246 -0.95638 0.000390379 -0.292127 -0.956496 0.000431806 -0.291744 -0.956544 0.000471393 -0.291588 -0.956668 0.000627156 -0.291181 -0.946177 0.000428638 -0.323648 -0.946346 0.000386283 -0.323154 -0.917578 0.000482623 -0.397557 -0.917771 0.000429259 -0.397109 -0.91836 0.000347832 -0.395746 -0.934709 0.000334793 -0.355413 -0.93473 0.000381559 -0.355359 -0.934712 0.000423444 -0.355407 -0.234696 -0.0642231 -0.969945 -0.252869 -0.0389685 -0.966715 -0.627553 -0.0610123 -0.77618 -0.629236 -0.0599708 -0.774897 -0.64956 -0.0555802 -0.758276 -0.661108 -0.0433883 -0.749036 -0.843858 -0.0198938 -0.536198 -0.843314 -0.0410241 -0.535853 -0.85697 -0.00685002 -0.51532 -0.856816 -0.0201993 -0.515227 -0.918832 0.000149726 -0.394648 -0.918902 0.000173899 -0.394485 -0.918478 0.000320645 -0.395472 -0.874405 -0.00672509 -0.48515 -0.874403 -0.00672688 -0.485153 -0.892 0 -0.452035 -0.892 0 -0.452035 -0.905282 0 -0.424811 -0.905282 0 -0.424811 -0.905604 6.15088e-05 -0.424124 -0.918896 6.24106e-05 -0.394501 -0.989788 0.000404026 -0.142545 -0.989917 0.000302744 -0.141651 -0.989938 0.000293663 -0.141499 -0.989959 0.000269397 -0.141358 -0.989935 0.000288321 -0.141525 -0.989958 0.000201794 -0.141358 -0.989936 0.000161715 -0.141515 -0.989959 0 -0.141356 -0.989959 0 -0.141356 -0.989954 -0.00323468 -0.141356 -0.989954 -0.0032367 -0.141354 -0.995918 -0.0032562 -0.0902017 -0.995994 -0.00243929 -0.0893923 -0.995897 -0.00728735 -0.0901997 -0.998394 -0.00730562 -0.0561754 -0.998486 -0.00652517 -0.0546164 -0.999679 -0.00653297 -0.0244707 -0.999679 -0.00653292 -0.0244706 -0.99977 -0.00326678 -0.02121 -0.982606 0.000534566 -0.185705 -0.982606 0.000533902 -0.185703 -0.982606 0.000401081 -0.185703 -0.982606 0.000401084 -0.185703 -0.999442 -0.0112232 -0.0314459 -0.999331 -0.0122455 -0.0344589 -0.998631 -0.0194821 -0.0485518 -0.998491 -0.021561 -0.0505115 -0.999599 -0.00893848 -0.0268719 -0.390332 -0.19483 -0.899824 -0.42071 -0.165312 -0.892006 -0.350366 -0.156699 -0.923412 -0.24492 -0.162605 -0.955811 -0.255386 -0.118308 -0.959573 -0.109138 -0.0861455 -0.990287 -0.0666338 -0.122728 -0.990201 -0.0724084 -0.146785 -0.986515 -0.270544 -0.132388 -0.953561 -0.00684989 -0.122998 -0.992383 -0.00644137 -0.122579 -0.992438 -0.000603513 -0.122581 -0.992458 0 -0.0723628 -0.997378 -0.256315 -0.0825542 -0.963062 -0.969843 0.000593976 -0.24373 -0.972821 0.000529245 -0.23156 -0.969977 0.000451764 -0.243197 -0.972747 0.000441905 -0.23187 -0.956378 0.000389738 -0.292131 -0.946348 0.000385651 -0.323148 -0.969842 0.000296623 -0.243733 -0.969842 0.000395247 -0.243733 -0.96939 0.000396917 -0.245525 -0.956445 0.000222899 -0.291911 -0.956656 0.000157443 -0.291219 -0.967906 0.000135869 -0.251313 -0.969757 0.000282159 -0.244074 -0.96983 0.000290254 -0.243781 -0.946347 0.000386298 -0.323151 -0.93477 0.000288038 -0.355253 -0.934843 0.000254392 -0.355061 -0.946623 0.000257597 -0.322343 -0.540563 -0.120874 -0.832575 -0.581147 -0.108065 -0.806592 -0.591891 -0.101401 -0.799615 -0.631812 -0.0924934 -0.769583 -0.649126 -0.0664958 -0.757769 -0.845224 -0.0434987 -0.532639 -0.844362 -0.062658 -0.532096 -0.857522 -0.021398 -0.514002 -0.856571 -0.0440827 -0.514144 -0.856905 -0.0435399 -0.513632 -0.874233 -0.0209328 -0.485055 -0.919483 0 -0.393129 -0.919483 0 -0.393129 -0.934984 0 -0.35469 -0.934984 0 -0.35469 -0.935025 9.52993e-05 -0.354582 -0.934806 0.000167548 -0.355158 -0.934844 0.000253976 -0.35506 -0.891216 -0.00659 -0.453532 -0.891989 -0.00510095 -0.452029 -0.90527 -0.00517692 -0.424805 -0.982606 0.000401093 -0.185703 -0.982514 0.00030048 -0.186189 -0.982517 0.000320208 -0.18617 -0.98249 0.000286153 -0.186314 -0.982202 0.000200341 -0.187827 -0.982195 0.000160608 -0.187865 -0.982195 0.000160451 -0.187865 -0.982409 0.000266896 -0.18674 -0.982233 0.000218676 -0.187668 -0.982165 0 -0.18802 -0.982165 0 -0.18802 -0.98216 -0.00320922 -0.188019 -0.989905 -0.0104602 -0.141347 -0.995571 -0.01052 -0.0934174 -0.995552 -0.0121993 -0.0934157 -0.998058 -0.01223 -0.0610776 -0.998058 -0.0122299 -0.0610774 -0.972797 0.00039708 -0.231659 -0.997477 -0.0194596 -0.0682703 -0.997462 -0.0195553 -0.0684614 -0.997284 -0.021535 -0.0704398 -0.996393 -0.0267294 -0.0805355 -0.995941 -0.0309663 -0.084513 -0.632408 -0.159625 -0.75801 -0.471262 -0.151857 -0.868822 -0.972821 0.00029229 -0.231558 -0.972842 0.000317051 -0.231471 -0.946624 0.000257178 -0.322339 -0.946769 0.000220642 -0.321913 -0.972823 0.000286935 -0.231552 -0.946996 9.65776e-05 -0.321245 -0.956777 9.75751e-05 -0.290822 -0.956794 9.44177e-05 -0.290768 -0.967297 8.23632e-05 -0.253645 -0.967176 0 -0.254108 -0.967176 0 -0.254108 -0.973097 0 -0.230396 -0.973097 0 -0.230396 -0.973272 0.000159148 -0.229655 -0.973261 0.000198517 -0.229701 -0.973216 0.000216669 -0.229891 -0.972953 0.000264328 -0.231003 -0.972854 0.000279947 -0.231421 -0.644342 -0.159452 -0.747929 -0.647071 -0.130974 -0.751096 -0.635338 -0.116881 -0.763338 -0.639634 -0.108294 -0.761013 -0.834439 -0.102949 -0.541399 -0.836851 -0.101077 -0.538019 -0.849503 -0.0750225 -0.522223 -0.852515 -0.0758156 -0.517175 -0.855218 -0.0713684 -0.513332 -0.875414 -0.0223165 -0.482859 -0.873626 -0.042681 -0.484722 -0.874888 -0.0411895 -0.48257 -0.868014 -0.070423 -0.49152 -0.872567 -0.0651246 -0.484134 -0.890956 -0.0218553 -0.453564 -0.891025 -0.0217296 -0.453435 -0.919473 -0.00480919 -0.393124 -0.934635 -0.0046023 -0.35558 -0.934977 -0.00381833 -0.354688 -0.947172 0 -0.320726 -0.947172 0 -0.320726 -0.946996 9.65183e-05 -0.321245 -0.905549 -0.00571721 -0.424203 -0.904569 -0.0220599 -0.425757 -0.905373 -0.0205414 -0.424121 -0.918926 -0.00556707 -0.394391 -0.973093 -0.00271015 -0.230395 -0.973654 -0.00477511 -0.227979 -0.981857 -0.00481534 -0.189564 -0.981798 -0.0119716 -0.189552 -0.98966 -0.0120675 -0.142927 -0.989545 -0.0194002 -0.142911 -0.994731 -0.0195019 -0.100643 -0.994731 -0.0195018 -0.100643 -0.993824 -0.0266605 -0.107719 -0.992773 -0.030818 -0.115987 -0.992765 -0.0308675 -0.116036 -0.990851 -0.0378558 -0.129545 -0.99047 -0.0402088 -0.131731 -0.652731 -0.167654 -0.738806 -0.956525 0 -0.291651 -0.956525 0 -0.291651 -0.967172 -0.00281835 -0.254107 -0.967171 -0.00281614 -0.254111 -0.773065 -0.167359 -0.61185 -0.813312 -0.12691 -0.567818 -0.8181 -0.123822 -0.561587 -0.851311 -0.0993902 -0.515162 -0.850259 -0.0972548 -0.517302 -0.845693 -0.1208 -0.519819 -0.849074 -0.115368 -0.515523 -0.861425 -0.0963723 -0.498658 -0.866694 -0.0893608 -0.490772 -0.88989 -0.0402962 -0.454392 -0.890481 -0.0392815 -0.453322 -0.888043 -0.0637268 -0.455322 -0.888875 -0.0624456 -0.453874 -0.886481 -0.086954 -0.454521 -0.904069 -0.0398809 -0.425522 -0.918758 -0.0199117 -0.394319 -0.918759 -0.0199125 -0.394317 -0.934091 -0.0190965 -0.356524 -0.934489 -0.0182309 -0.355524 -0.945596 -0.0184476 -0.32482 -0.947081 -0.0138603 -0.320696 -0.947165 -0.00386617 -0.320725 -0.947165 -0.0038681 -0.320723 -0.904401 -0.0406101 -0.424747 -0.918229 -0.0393592 -0.39409 -0.967095 -0.0128641 -0.254091 -0.967096 -0.0128659 -0.254087 -0.973593 -0.0122322 -0.227964 -0.974137 -0.0142523 -0.225509 -0.981318 -0.0143573 -0.191856 -0.981154 -0.0232447 -0.191824 -0.988881 -0.0234277 -0.146851 -0.988687 -0.0306911 -0.146822 -0.987964 -0.0347014 -0.150743 -0.987855 -0.0377413 -0.150726 -0.987409 -0.0400845 -0.153027 -0.984864 -0.0472358 -0.166768 -0.982628 -0.0577121 -0.176387 -0.956145 -0.00390282 -0.292867 -0.956521 -0.00298406 -0.29165 -0.84926 -0.115421 -0.515204 -0.853946 -0.116162 -0.507231 -0.862226 -0.100008 -0.496552 -0.886646 -0.0968868 -0.452186 -0.888511 -0.0911511 -0.449711 -0.902981 -0.0634366 -0.424972 -0.903369 -0.0626657 -0.424262 -0.898657 -0.094574 -0.428335 -0.901205 -0.0890938 -0.424136 -0.918747 -0.0400576 -0.39281 -0.932992 -0.0386089 -0.357819 -0.933609 -0.0373713 -0.35634 -0.943174 -0.0377542 -0.330147 -0.945283 -0.0316591 -0.324712 -0.955982 -0.0139905 -0.293093 -0.955575 -0.0320038 -0.293007 -0.955586 -0.0319741 -0.292971 -0.956062 -0.0137951 -0.292841 -0.917241 -0.0607931 -0.393666 -0.91783 -0.0599664 -0.392418 -0.966744 -0.0298667 -0.253995 -0.96711 -0.0305752 -0.252514 -0.973438 -0.0291905 -0.227082 -0.973858 -0.027844 -0.225445 -0.980121 -0.0280231 -0.196412 -0.979925 -0.0344191 -0.196372 -0.977862 -0.0469 -0.203927 -0.978061 -0.0423461 -0.203969 -0.975177 -0.0572745 -0.213893 -0.974613 -0.058456 -0.216132 -0.973548 -0.0627398 -0.219698 -0.858047 -0.129451 -0.496989 -0.885354 -0.124629 -0.447902 -0.891023 -0.111927 -0.439945 -0.89564 -0.110392 -0.430862 -0.895777 -0.110062 -0.430662 -0.898063 -0.104342 -0.427312 -0.910178 -0.0857958 -0.405236 -0.916396 -0.0743767 -0.393303 -0.903888 -0.105586 -0.414533 -0.910647 -0.0878958 -0.403729 -0.931344 -0.0578941 -0.359509 -0.932205 -0.0563536 -0.357517 -0.940874 -0.0568777 -0.333948 -0.942553 -0.0523585 -0.329929 -0.954719 -0.0530343 -0.292744 -0.954932 -0.0537343 -0.291922 -0.965366 -0.0505663 -0.255951 -0.966434 -0.0482917 -0.252337 -0.93051 -0.0716681 -0.359187 -0.971426 -0.0465034 -0.232744 -0.972989 -0.0421265 -0.226977 -0.970898 -0.0569796 -0.232617 -0.968516 -0.0669248 -0.239786 -0.96744 -0.070353 -0.243127 -0.96843 -0.0663093 -0.240305 -0.9702 -0.0584238 -0.235156 -0.905389 -0.110051 -0.410072 -0.929513 -0.0837648 -0.35915 -0.931975 -0.0758955 -0.354488 -0.924661 -0.104994 -0.36603 -0.931016 -0.0909199 -0.353472 -0.937812 -0.0778445 -0.338304 -0.939914 -0.0725849 -0.333607 -0.953716 -0.0736508 -0.29155 -0.954021 -0.0748991 -0.290231 -0.961025 -0.0704541 -0.267333 -0.96166 -0.0694072 -0.265316 -0.964819 -0.0607241 -0.255806 -0.960133 -0.0738797 -0.269603 -0.957101 -0.079502 -0.278634 -0.93706 -0.0878266 -0.337941 -0.937569 -0.0898858 -0.335984 -0.949243 -0.0910051 -0.30109 -0.953765 -0.0783176 -0.290169 -0.144708 -0.00181111 -0.989473 -0.146479 0 -0.989214 -0.146479 0 -0.989214 0 0 -1 0 0 -1 0 -0.00183038 -0.999998 0 -0.00183038 -0.999998 -0.000187893 -0.10306 -0.994675 -0.137696 -0.102078 -0.9852 -0.144086 -0.09261 -0.985222 0 -0.100444 -0.994943 0 -0.100444 -0.994943 -0.241879 -0.0878775 -0.966319 -0.246288 -0.0849174 -0.965469 -0.321965 -0.0172483 -0.946594 -0.322013 -0.000923831 -0.946735 -0.317068 0 -0.948403 0 1 0 0 1 0 0 1 0 0 1 0 0 1 0 0 1 0 0 1 0 0 1 0 0 1 0 0 1 0 0 1 0 0 1 0 0 1 0 0 1 0 0 1 0 0 1 0 0 1 0 0 1 0 0 1 0 0 1 0 0 1 0 0 1 0 0 1 0 0 1 0 0 1 0 0 1 0 0 1 0 0 1 0 0 1 0 0 1 0 0.00380189 0.00196733 -0.999991 0 -1 0 0 -1 0 0 -1 0 0 -1 0 0 -1 0 0 -1 0 0 -1 0 0 -1 0 0 -1 0 0 -1 0 0 -1 0 0 -1 0 0 -1 0 0 -1 0 0 -1 0 0 -1 0 0 -1 0 0 -1 0 0 -1 0 0 -1 0 0 -1 0 0.0559812 0.0375294 -0.997726 0.111849 0.0743575 -0.990939 0.126209 0.0742287 -0.989223 0.129218 0.0290651 -0.99119 -0.385919 -0.307718 -0.869699 -0.950978 -0.231923 -0.204578 -0.997256 -0.0275977 -0.0686923 -0.997432 -0.0222581 -0.068074 -0.99668 -0.0118801 -0.0805461 -0.354923 -0.000544167 -0.934895 -0.996699 -0.0101233 -0.0805476 -0.991395 -0.00152 -0.130893 0.131611 0.0278387 -0.99091 0.162521 0.125495 -0.978692 0.176021 0.132003 -0.975496 0.163452 0.0454354 -0.985505 0.140031 0.0272695 -0.989771 0.210404 0.156121 -0.965068 -0.999105 -0.0225537 -0.035793 -0.999448 -0.0141822 -0.0300287 -0.999014 -0.00995613 -0.0432577 -0.997864 -0.00994466 -0.0645708 0.216108 0.160975 -0.963008 0.773616 0.545667 -0.322127 0.825029 0.469952 -0.313803 0.826372 0.462823 -0.320786 0.741697 0.163491 -0.650505 0.170824 0.0442414 -0.984308 0.350863 0.272953 -0.895763 0.385052 0.300638 -0.872555 0.523918 0.400299 -0.751845 -0.999898 -0.0142781 0 -0.999898 -0.0142781 0 -0.999904 -0.0136974 -0.00225064 0.68892 0.544839 -0.478058 0.780314 0.580985 -0.231444 0.821489 0.568303 -0.0467735 0.868063 0.477916 -0.1344 0.784071 0.58765 -0.199753 0.798172 0.598219 -0.0710988 0.799406 0.598399 -0.0535629 0.800782 0.597129 -0.0467587 0.517459 0.609373 -0.60075 -0.999908 -0.0135046 0.00140152 0.821546 0.570142 0 0.821546 0.570142 0 0.822867 0.568234 -0.000635734 0.82222 0.567787 -0.0396534 0.801658 0.597782 0 0.801658 0.597782 0 -0.99999 -0.000809085 0.00450167 -0.998211 0.0565256 0.0195029 0 0 1 0 0 1 0 0 1 0 0 1 0 0 1 0 0 1 0 0 1 0 0 1 0 0 1 0 0 1 0 0 1 0 0 1 0 0 1 0 0 1 0 0 1 0 0 1 0 0 1 0 0 1 0 0 1 0 0 1 0 0 1 0.821545 0.570144 0.000462081 0.821546 0.570142 0.000461662 0.801586 0.597879 0.000450855 0.800493 0.59934 0.0018051 -0.997614 0.065565 0.0216321 -0.981429 0.185405 0.0492111 -0.942383 0.325779 0.0760462 0.810569 0.456024 0.367451 0.768862 0.636324 0.0627991 0.777762 0.609594 0.153237 0.812112 0.563598 0.1511 0.769535 0.636881 0.0468952 0.768193 0.638384 0.0484302 -0.878415 0.466308 0.104618 -0.878154 0.466784 0.104684 -0.786615 0.605347 0.121623 -0.464267 0.876713 0.12582 -0.259985 0.959573 0.107833 -0.259257 0.959779 0.107752 -0.250949 0.962151 0.106254 0.837775 0.510511 0.193677 0.795306 0.488832 0.358513 0.80667 0.464367 0.365578 0.766154 0.640647 0.0507931 0.731665 0.61087 0.302497 0.751359 0.657272 0.0587582 0.52559 0.830442 0.184719 0.554336 0.794585 0.24768 0.60011 0.752337 0.271766 0.607567 0.745106 0.2751 0.677874 0.668752 0.305381 0.727537 0.602776 0.327644 0.728444 0.601401 0.328157 -0.0371209 0.996965 0.0684347 -0.0455024 0.996531 0.0696826 0.72309 0.608633 0.32666 0.723285 0.608365 0.326727 0.727217 0.603193 0.327588 0.204287 0.970455 0.128388 0.338174 0.924906 0.173744 0.338823 0.924629 0.173952 0.457598 0.865761 0.202638 -0.0362453 0.997007 0.0682924 -0.0330536 0.997168 0.0675542 0.0955416 0.991101 0.0926843 0.0325345 0.994295 0.101587 0 0.993762 0.11152 0 0.993762 0.11152 -0.0252878 0.996718 0.0768957 -0.0275226 0.996887 0.0738784 -0.997083 -0.0762801 -0.00243166 -0.997258 -0.0739223 -0.00338641 -0.999219 -0.0336209 -0.020747 -0.999357 -0.0268661 -0.023747 -0.996339 0.0571245 -0.0636079 0 0 -1 0 0 -1 0 0 -1 0 0 -1 0 0 -1 0 0 -1 0 0 -1 0 0 -1 0 0 -1 0 0 -1 0 0 -1 0 0 -1 0 0 -1 0 0 -1 0 0 -1 0 0 -1 0 0 -1 0 0 -1 0 0 -1 0 0 -1 0 -1 0 0 -1 0 0 -1 0 0 -1 0 0 -1 0 0 -1 0 0 -1 0 0 -1 0 0 -1 0 0 -1 0 0 -1 0 0 -1 0 0 -1 0 0 -1 0 0 -1 0 0 -1 0 0 -1 0 0 -1 0 0 -1 0 0 -1 0 -0.996942 -0.0781429 0 -0.996942 -0.0781429 0 0 1 0 0 1 0 0 1 0 0 1 0 0 1 0 0 1 0 0 1 0 0 1 0 0 1 0 0 1 0 0 1 0 0 1 0 0 1 0 0 1 0 0 1 0 0 1 0 0 1 0 0 1 0 0 1 0 0 1 0 0 1 0 0 1 0 0 1 0 0 1 0 0 1 0 0 1 0 0 1 0 0 1 0 0 1 0 0 1 0 0 1 0 0 1 0 0 1 0 0 1 0 0 1 0 0 1 0 0 1 0 0 1 0 -0.975644 0.185049 -0.117797 -0.995496 0.0664329 -0.0676414 0.689422 0.397412 -0.605607 0.699676 0.370048 -0.611161 -0.996762 -0.0756574 0.0272423 -0.996993 -0.0774631 0.00227141 -0.99663 -0.0761591 0.030481 -0.610659 0.747478 -0.261481 -0.762472 0.597482 -0.248298 -0.769753 0.58857 -0.247115 -0.85965 0.462098 -0.21787 -0.862491 0.457359 -0.216639 -0.975273 0.186576 -0.118452 0.639815 0.527489 -0.558921 0.76871 0.579394 -0.2709 0.801378 0.53523 -0.267062 0.828961 0.356039 -0.431347 0.639556 0.528168 -0.558576 -0.994668 -0.0754906 0.0702588 -0.944241 -0.0394029 0.326889 -0.138445 0.966935 -0.214174 -0.252825 0.936033 -0.244791 -0.451566 0.85149 -0.266556 -0.451845 0.851341 -0.266559 0.63601 0.53354 -0.557519 0.509129 0.810702 -0.289049 0.770248 0.620913 -0.145552 0.633126 0.539334 -0.55522 0.548162 0.682807 -0.483004 0.545944 0.685969 -0.481032 0.505107 0.744354 -0.436811 0.492514 0.817111 -0.2996 0.830401 0.554502 -0.0544243 0.801516 0.535214 -0.266679 0.829126 0.556611 -0.0522951 -0.409997 -0.0308839 0.911564 -0.401047 -0.0304352 0.915552 -0.32926 -0.0156904 0.944109 -0.111144 0.97202 -0.20694 -0.0410063 0.916235 -0.398538 -0.0335352 0.907653 -0.41838 0.835735 0.548063 -0.0342628 0.83393 0.550462 -0.0393961 0.301133 0.82004 -0.486677 0.3194 0.81706 -0.479996 -0.338629 -0.0779211 0.937688 -0.177817 -0.0970779 0.979264 -0.178637 -0.0163497 0.983779 -0.119714 0 0.992808 -0.0332532 0.907326 -0.419111 -0.0293254 0.903169 -0.428283 0.848111 0.529784 -0.00599824 0.849083 0.528246 -0.00384088 0.849611 0.527402 -0.00288432 0.851193 0.524853 -0.000323137 0.300516 0.820222 -0.486751 0.101787 0.865574 -0.490328 -0.176939 -0.0984397 0.979287 -0.037164 0 0.999309 -0.1706 -0.104941 0.979736 -0.000470134 -0.106502 0.994312 -0.000108588 -0.104944 0.994478 0 -0.102448 0.994738 0 -0.102448 0.994738 0 -0.0954113 0.995438 0 -0.0954113 0.995438 -0.00210958 -0.0893327 0.996 -0.015615 -0.0527755 0.998484 -0.0228454 0.895593 -0.444287 -0.01685 0.887781 -0.459958 -0.00287218 0.867098 -0.49813 -0.00278379 0.866954 -0.49838 0 0.862124 -0.506698 0.85042 0.524376 0.0426122 0.848357 0.526373 0.0567608 0.00994494 0.865543 -0.500737 0.0294905 0.868552 -0.49472 0.0549832 -0.102293 0.993234 0.149993 0.0401124 0.987873 0.0798947 0.00154085 0.996802 0.0311514 -0.0516959 0.998177 0.00565364 -0.0862481 0.996258 0.82984 0.294989 0.473654 0.847698 0.526845 0.061989 0.810012 0.502314 0.302589 0.205301 0.0657177 0.97649 0.188339 0.0672453 0.979799 0.228475 0.102843 0.968103 0.263659 0.138538 0.954616 0.22096 0.0834247 0.971708 0.73803 0.488986 0.464978 -0.996112 -0.0106435 0.0874524 -0.996099 -0.0093269 0.0877497 -0.995593 0.0332051 0.0877051 -0.994111 0.070943 0.0819134 0 0 -1 0 0 -1 0 0 -1 0 0 -1 0 0 -1 0 0 -1 0 0 -1 0 0 -1 0 0 -1 0 0 -1 0 0 -1 0 0 -1 0 0 -1 0 0 -1 0 0 -1 0 0 -1 0 0 -1 0 0 -1 0 0 -1 0 0 -1 0 0 -1 0 0 -1 0 0 -1 0 0 -1 0 0 -1 0 0 -1 0 0 -1 0 0 -1 0 0 -1 0 0 -1 0 0 -1 0 0 -1 0 0 -1 0 0 -1 0 0 -1 0 0 -1 0 0 -1 0 0 -1 0 0 -1 0 0 -1 0 0 -1 0 0 -1 0 0 -1 0 0 -1 0 0 -1 0 0 -1 0 0 -1 0 0 -1 0 0 -1 0 0 -1 0 0 -1 0 0 -1 0 0 -1 0 0 -1 0 0 -1 0 0 -1 0 0 -1 0 0 -1 0 0 -1 0 0 -1 0 0 -1 0 0 -1 0 0 -1 0 0 -1 0 0 -1 0 0 -1 0 0 -1 -0.993637 -0.0769957 0.0822035 -0.995417 -0.0388208 0.0873914 -0.632117 -0.0169321 0.774688 -0.670022 -0.0762277 0.738417 -0.634547 -0.0595105 0.770589 -0.631179 -0.0570224 0.773539 -0.625591 0.0527517 0.778366 -0.637475 0.0610477 0.768049 -0.626418 -0.0119384 0.779396 -0.637824 0.0618269 0.767697 -0.688345 0.09789 0.718748 -0.857367 0.185063 0.480286 -0.950698 0.227689 0.210551 -0.966392 0.233379 0.107804 -0.967751 0.23163 0.0990246 -0.97212 0.217488 0.087651 -0.974802 0.206504 0.0843585 -0.991805 0.101233 0.0779397 -0.992293 -0.0916387 0.0834099 -0.978867 -0.176895 0.102606 -0.962645 -0.23874 0.127741 -0.952928 -0.235969 0.190384 -0.901612 -0.212332 0.376844 -0.718982 -0.111516 0.686024 -0.627009 -0.0578691 0.77686 -0.448809 -0.0537717 0.892009 -0.391749 -0.0318393 0.919521 -0.361188 -0.0142818 0.932384 -0.4791 -0.0885079 0.873287 -0.341083 -0.00671953 0.940009 -0.329123 0 0.944287 -0.332994 0.00434454 0.942919 -0.366333 0.0232095 0.930194 -0.44821 0.0545039 0.892265 -0.609531 0.0559711 0.790784 -0.466431 0.0757675 0.881307 -0.465078 0.107231 0.878751 -0.535005 0.180169 0.825415 -0.5291 0.23173 0.816305 -0.566563 0.260187 0.781863 -0.650431 0.300385 0.697645 -0.922296 0.378195 0.0796137 -0.948664 0.303284 0.0897485 -0.966497 0.236278 0.100279 -0.740313 0.372012 0.55995 -0.889876 0.448544 0.0832366 -0.890546 0.447343 0.0825348 -0.95192 -0.289576 0.09997 -0.93974 -0.326548 0.101266 -0.885262 -0.452708 0.106614 -0.775394 -0.399991 0.488643 -0.6854 -0.327792 0.650215 -0.639696 -0.305734 0.705206 -0.553906 -0.235786 0.798494 -0.554798 -0.229239 0.79978 -0.475544 -0.15003 0.866804 -0.341297 -0.160307 0.926185 -0.0919776 -0.0344585 0.995165 -0.0436202 -0.0183113 0.99888 -0.0213649 -0.00714656 0.999746 -0.00182505 -0.000355887 0.999998 -0.00187797 -4.04941e-05 0.999998 -0.00187993 -3.19675e-05 0.999998 -0.0018907 0 0.999998 -0.00182505 -0.000610478 0.999998 -0.00184183 0.000592029 0.999998 -0.00184243 0.000604122 0.999998 -0.00184416 0.000617423 0.999998 -0.0137606 0.00460704 0.999895 -0.00184183 0.00029028 0.999998 -0.024873 0.0101808 0.999639 -0.0688817 0.0248842 0.997314 -0.252262 0.117211 0.960534 -0.254035 0.119085 0.959836 -0.492246 0.23962 0.836825 -0.495233 0.243553 0.833922 -0.488783 0.28924 0.823062 -0.58909 0.375977 0.715272 -0.596208 0.401264 0.695358 -0.783234 0.614279 0.0959471 -0.803675 0.588924 0.0852967 -0.883398 -0.456827 0.104489 -0.809255 -0.577469 0.107866 -0.782551 -0.612899 0.109402 -0.637363 -0.418035 0.647314 -0.609063 -0.40054 0.684551 -0.515136 -0.318563 0.795709 -0.521834 -0.279221 0.806055 -0.495902 -0.247435 0.832381 -0.356689 -0.177486 0.917209 -0.311793 -0.180512 0.932846 -0.106081 -0.0794526 0.991178 -0.0815043 -0.063144 0.994671 -0.0367166 -0.0183163 0.999158 -0.00171844 -0.000857258 0.999998 -0.00181551 -0.000626828 0.999998 0 0 1 0 0 1 0 0 1 0 0 1 0 0 1 0 0 1 0 0 1 0 0 1 0 0 1 0 0 1 0 0 1 0 0 1 0 0 1 0 0 1 0 0 1 0 0 1 0 0 1 0 0 1 0 0 1 0 0 1 0 0 1 0 0 1 0 0 1 0 0 1 0 0 1 0 0 1 0 0 1 0 0 1 0 0 1 0 0 1 0 0 1 0 0 1 0 0 1 0 0 1 0 0 1 0 0 1 0 0 1 0 0 1 0 0 1 0 0 1 0 0 1 0 0 1 0 0 1 0 0 1 0 0 1 0 0 1 0 0 1 0 0 1 0 0 1 0 0 1 0 0 1 0 0 1 0 0 1 0 0 1 0 0 1 0 0 1 0 0 1 0 0 1 0 0 1 0 0 1 0 0 1 -0.00177541 0.000787274 0.999998 -0.0204102 0.0101818 0.99974 -0.0017498 0.0008729 0.999998 -0.0393047 0.0290679 0.998804 -0.054248 0.0390176 0.997765 -0.217632 0.120173 0.968605 -0.377097 0.287876 0.880299 -0.412426 0.302033 0.859466 -0.482715 0.370037 0.793763 -0.500506 0.440154 0.745492 -0.737301 0.667642 0.103159 -0.753117 0.650828 0.0961157 -0.769529 -0.630207 0.10327 -0.729897 -0.674242 0.112465 -0.525707 -0.4649 0.71239 -0.496743 -0.362104 0.78875 -0.462472 -0.327211 0.824046 -0.434618 -0.315345 0.843602 -0.351781 -0.327287 0.877002 -0.328339 -0.345512 0.879099 -0.0710492 -0.0899381 0.99341 -0.0565528 -0.0681895 0.996068 -0.0451493 -0.0452269 0.997956 -0.0453903 -0.0452264 0.997945 -0.349987 -0.342997 0.871701 -0.00149057 -0.0011638 0.999998 -0.00149176 -0.0011616 0.999998 -0.00154569 -0.00107025 0.999998 -0.00154937 -0.00106474 0.999998 -0.0017147 -0.000861112 0.999998 -0.00138938 -0.00138436 0.999998 -0.00160479 0.00105393 0.999998 -0.00154973 0.00114612 0.999998 -0.00154173 0.00116094 0.999998 -0.0014256 0.00142045 0.999998 -0.0190033 0.0189347 0.99964 -0.0218461 0.0248788 0.999452 -0.0279309 0.0340087 0.999031 -0.296443 0.301699 0.906145 -0.310946 0.299764 0.901917 -0.311192 0.297869 0.90246 -0.018877 0.0189348 0.999643 -0.438942 0.426794 0.790681 -0.449361 0.474979 0.756617 -0.687768 0.718561 0.103177 -0.679928 0.726454 0.0998127 -0.678712 -0.727767 0.0985209 -0.684139 -0.722163 0.102144 -0.453314 -0.446236 0.771609 -0.475216 -0.517931 0.711278 -0.466297 -0.496075 0.732446 -0.357 -0.467186 0.808881 -0.329972 -0.440382 0.834974 -0.318725 -0.413723 0.852788 -0.159531 -0.266136 0.950643 -0.152408 -0.253835 0.955165 -0.0121958 -0.0250765 0.999611 -0.0121961 -0.0242718 0.999631 -0.000872385 -0.00173616 0.999998 -0.000911531 -0.00169828 0.999998 -0.000922888 -0.001688 0.999998 -0.00113875 -0.00151486 0.999998 -0.00123433 -0.00145807 0.999998 -0.00138614 -0.00138852 0.999998 -0.00131839 0.0014721 0.999998 -0.00142146 0.00142581 0.999998 -0.00305795 0.00611009 0.999977 -0.00130591 0.00147968 0.999998 -0.000936312 0.00176693 0.999998 -0.000927024 0.00177511 0.999998 -0.000900794 0.00179988 0.999998 -0.00563624 0.0138448 0.999888 -0.0460017 0.094701 0.994442 -0.0701147 0.118596 0.990464 -0.074196 0.124706 0.989416 -0.291243 0.337328 0.895203 -0.302662 0.366445 0.879837 -0.395118 0.462239 0.793862 -0.415093 0.54626 0.727529 -0.636431 0.76487 0.0996457 -0.612341 0.785494 0.0896473 -0.646133 -0.758491 0.0848725 -0.635055 -0.768023 0.0827432 -0.625229 -0.775679 0.0860818 -0.416526 -0.608959 0.675037 -0.379464 -0.491828 0.783654 -0.640388 -0.763576 0.0827891 -0.415392 -0.608648 0.676016 -0.320264 -0.500607 0.804253 -0.29356 -0.505158 0.811565 -0.268623 -0.485629 0.831869 0 -1 0 0 -1 0 0 -1 0 0 -1 0 0 -1 0 0 -1 0 0 -1 0 -0.00114113 -0.014137 0.999899 -0.00152911 -0.0143245 0.999896 -0.0109232 -0.0234153 0.999666 -0.273744 -0.500336 0.821419 -0.00152925 -0.00459564 0.999988 -0.000618631 -0.00185909 0.999998 -0.000718179 -0.00179981 0.999998 0 0.0518698 0.998654 -0.00460191 0.0655954 0.997836 -0.00562388 0.0676294 0.997695 -0.000768682 0.00179988 0.999998 -0.000426692 0.00185881 0.999998 -9.55238e-05 0.00197765 0.999998 0 0.00202943 0.999998 -0.0454046 0.185824 0.981534 -0.0455213 0.186289 0.98144 -0.128811 0.431198 0.893015 -0.151746 0.472154 0.868357 -0.229599 0.464925 0.855061 -0.233667 0.446792 0.863584 -0.247224 0.45611 0.854894 -0.288952 0.450642 0.844647 -0.359701 0.531165 0.767124 -0.370847 0.655922 0.657448 -0.478376 0.873003 0.0949837 -0.491252 0.866524 0.0883659 0 -0.0597594 -0.998213 0 -0.0597594 -0.998213 -0.457163 -0.650719 -0.606273 -0.491571 -0.683692 -0.539373 -0.63653 -0.769806 0.0472101 -0.58178 -0.809156 0.0824504 -0.572911 -0.815474 0.0823047 -0.467185 -0.863907 0.188158 -0.407867 -0.73106 0.546988 -0.327592 -0.62565 0.707987 -0.311598 -0.589521 0.745232 -0.291574 -0.550527 0.782243 0 -0.0130916 0.999914 0 -0.0130916 0.999914 0 -0.00194848 0.999998 -9.76196e-05 -0.00191469 0.999998 -0.000421774 -0.001859 0.999998 0.000234 0.00190249 0.999998 0.000247626 0.00189673 0.999998 0.000558034 0.00178686 0.999998 0.00084579 0.00173861 0.999998 0.000867403 0.0017378 0.999998 0.0142643 0.0285779 0.99949 0.0142067 0.094245 0.995448 0.020294 0.118454 0.992752 0.0176058 0.507885 0.861245 -0.00397255 0.507959 0.861372 -0.00714833 0.511184 0.859442 -0.0398322 0.510791 0.858781 -0.0643616 0.53585 0.841856 -0.120793 0.533032 0.837428 -0.155058 0.570831 0.806293 -0.268959 0.526819 0.806302 -0.256959 0.501931 0.825856 -0.167451 0.610879 0.773814 -0.229521 0.733699 0.639535 -0.272509 0.782313 0.560112 -0.36759 0.925333 0.092935 -0.347316 0.934286 0.0805121 0.551252 -0.744344 -0.376926 0.528866 -0.7377 -0.419643 -0.397918 -0.891671 0.215833 0.257711 -0.538164 0.802474 0.226259 -0.43951 0.869274 0.0406268 -0.0751409 0.996345 0.00642978 -0.0193225 0.999793 0.000603237 -0.00181282 0.999998 0.000556464 -0.00181284 0.999998 0.000230794 -0.0018684 0.999998 0.000228786 -0.00186897 0.999998 0.00107704 0.00164989 0.999998 0.0152827 0.0295973 0.999445 0.00109695 0.0016424 0.999998 0.00303423 0.00454298 0.999985 0.0152829 0.0290505 0.999461 0.106893 0.334678 0.93625 0.0686943 0.261771 0.962682 0.110638 0.220668 0.969054 0.0607061 0.522076 0.850736 0.0322762 0.522768 0.851864 -0.00601346 0.990726 0.135744 0.0294173 0.990315 0.135688 -0.0159742 0.992082 0.124572 -0.0533082 0.990798 0.12441 -0.0732823 0.992235 0.100494 -0.102016 0.98972 0.100239 -0.104371 0.989426 0.100713 -0.131057 0.986288 0.100298 -0.237241 0.967804 0.0840926 -0.288845 0.95425 0.0773076 0.791131 -0.606336 0.0804202 0.697477 -0.712009 0.0810561 0.654581 -0.753477 0.0616095 0.581563 -0.811206 0.0610713 0.442367 -0.872818 0.206157 0.401715 -0.889135 0.219233 0.30156 -0.933942 0.191872 0.545322 -0.830015 0.117041 0.271597 -0.570529 0.775069 0.27844 -0.586437 0.760633 0.325448 -0.644658 0.691737 0.309756 -0.496166 0.811092 0.259647 -0.435737 0.86181 0.179251 -0.208392 0.961479 0.0406381 -0.0713665 0.996622 0.269358 -0.385281 0.882613 0.259954 -0.362572 0.894967 0.19571 -0.224625 0.95459 0.0148039 -0.0198546 0.999693 0.00461178 -0.0046074 0.999979 0.00148636 -0.00148495 0.999998 0.00120077 -0.00154237 0.999998 0.00119759 -0.00154327 0.999998 0.00107631 -0.0015833 0.999998 0.000751833 -0.00172679 0.999998 0.0010988 0.00163969 0.999998 0.104243 0.117999 0.987527 0.187973 0.289543 0.938526 0.187692 0.294235 0.937122 0.0991444 0.100035 0.990032 0.00123944 0.00145795 0.999998 0.00139482 0.00130292 0.999998 0.00159453 0.00114752 0.999998 0.00162306 0.001128 0.999998 0.00162638 0.0011259 0.999998 0.0991513 0.0993468 0.990101 0.104333 0.110551 0.988379 0.250786 0.507733 0.824205 0.194645 0.514463 0.83513 0.156026 0.480814 0.862829 0.26222 0.451129 0.853067 0.153654 0.549514 0.821234 0.0911564 0.553803 0.827643 0.0657268 0.992267 0.105292 0.0558038 0.992868 0.105356 0.05583 0.993333 0.100858 0.0324103 0.994903 0.0954819 0 0.995429 0.0955097 -0.0086897 0.995374 0.0956796 -0.0160228 0.995101 0.0975539 -0.0609861 0.993376 0.0973848 0.839693 -0.53611 0.0866067 0.815413 -0.570054 0.100702 0.812288 -0.56864 0.129758 0.613682 -0.493363 0.616431 0.498742 -0.483335 0.719474 0.521806 -0.545627 0.655751 0.524978 -0.550743 0.648908 0.480369 -0.638746 0.60104 0.47979 -0.535342 0.695133 0.47766 -0.535206 0.696703 0.392225 -0.518182 0.760031 0.337416 -0.78307 0.522448 0.384689 -0.475128 0.791371 0.382645 -0.473283 0.793465 0.195684 -0.2242 0.954695 0.195953 -0.218292 0.956008 0.179787 -0.184071 0.96633 0.386804 -0.457006 0.800955 0.42083 -0.448874 0.788299 0.421866 -0.441511 0.791895 0.179997 -0.177842 0.967457 0.012193 -0.0096678 0.999879 0.0347783 -0.0204062 0.999187 0.0286432 -0.0142889 0.999488 0.00173238 -0.000864209 0.999998 0.00170339 -0.000912286 0.999998 0.00167989 -0.000956125 0.999998 0.00156662 -0.00122027 0.999998 0.00155908 -0.00124156 0.999998 0.00149362 -0.00145076 0.999998 0.0014926 -0.00145451 0.999998 0.0336677 -0.0204069 0.999225 0.372974 0.378789 0.847 0.363296 0.448688 0.816514 0.361658 0.448849 0.817152 0.353407 0.501036 0.789979 0.329431 0.505701 0.797334 0.433922 0.370998 0.821019 0.109415 0.0992394 0.98903 0.228428 0.157576 0.960724 0.263909 0.181167 0.947381 0.434724 0.363673 0.823867 0.00172636 0.0009371 0.999998 0.00166404 0.00108731 0.999998 0.0179562 0.00923647 0.999796 0.0223912 0.0121893 0.999675 0.324435 0.600309 0.731007 0.34905 0.607507 0.713512 0.299904 0.845013 0.442731 0.209514 0.659249 0.722146 0.190337 0.634571 0.74906 0.0728983 0.992322 0.0999137 0.0693628 0.992496 0.100701 0.113711 0.988631 0.098381 0.0584844 0.993188 0.100779 0.926386 -0.367209 0.0834703 0.60685 -0.354141 0.71156 0.931469 -0.351424 0.0941644 0.831582 -0.323322 0.451591 0.604235 -0.345158 0.718168 0.457864 -0.317294 0.830473 0.47461 -0.38592 0.791082 0.459064 -0.38311 0.801553 0.446751 -0.438098 0.780053 0.4207 -0.461872 0.780824 0.481115 -0.531646 0.697052 0.419351 -0.467293 0.77832 0.369569 -0.262089 0.891475 0.362578 -0.257511 0.89567 0.190449 -0.177486 0.96552 0.231609 -0.118494 0.965566 0.304397 -0.116025 0.945453 0.184709 -0.0546104 0.981275 0.0644562 -0.014265 0.997819 0.0624322 -0.0132474 0.997961 0.0274447 -0.00153132 0.999622 0.0213454 0 0.999772 0.00209303 0 0.999998 0.00205616 -4.9435e-05 0.999998 0.00195567 -0.000229857 0.999998 0.00193304 -0.000274022 0.999998 0.0018283 -0.000514937 0.999998 0.00175332 -0.000739229 0.999998 0.480153 0.418375 0.770984 0.512027 0.523057 0.681351 0.407215 0.491153 0.770029 0.449679 0.608107 0.654213 0.446917 0.607327 0.656826 0.436713 0.726999 0.529863 0.488328 0.3557 0.796877 0.586712 0.442877 0.677959 0.590562 0.456128 0.66572 0.146991 0.0743333 0.986341 0.209939 0.0734749 0.97495 0.408613 0.139624 0.901965 0.488986 0.183495 0.852774 0.481092 0.254202 0.839007 0.437074 0.262991 0.860117 0.492601 0.333421 0.80385 0.00176214 0.000879059 0.999998 0.00179602 0.000680601 0.999998 0.017396 0.00867813 0.999811 0.0472211 0.00866976 0.998847 0.047221 0.00866973 0.998847 0.150954 0.04348 0.987584 0.463386 0.881774 0.0880247 0.404912 0.910215 0.0869236 0.337562 0.9372 0.0877972 0.330439 0.939279 0.0925455 0.488759 0.86785 0.0891688 0.249108 0.964326 0.0895561 0.208895 0.973912 0.0886474 0.163368 0.982542 0.0890111 0.121088 0.987908 0.0968258 0.978305 -0.186407 0.0904003 0.505775 -0.264167 0.821223 0.41734 -0.280304 0.864441 0.984834 -0.142302 0.0992555 0.983782 -0.13489 0.118229 0.594376 -0.20333 0.778058 0.617546 -0.221336 0.75475 0.512804 -0.209167 0.832635 0.482876 -0.174354 0.858156 0.527123 -0.0897031 0.845041 0.486794 -0.0485383 0.872167 0.521339 -0.172325 0.835769 0.487152 -0.0298041 0.872809 0.469824 -0.0117171 0.882682 0.46985 -0.00511767 0.882731 0.466243 -0.00135521 0.884656 0.466229 0.00767837 0.884631 0.00186743 0.000456489 0.999998 0.00195123 0.000255976 0.999998 0.00195795 0.00024164 0.999998 0.713109 0.695884 0.0849746 0.699955 0.709036 0.085616 0.699798 0.709185 0.0856754 0.751653 0.654079 0.0848472 0.696711 0.712236 0.0855219 0.645981 0.758565 0.0853731 0.620754 0.780185 0.0772994 0.541754 0.837276 0.0739737 0.527098 0.846327 0.0768062 0.501787 0.861047 0.0825085 0.629116 0.773393 0.0779487 0.560757 0.346117 0.752167 0.6898 0.440451 0.574613 0.814519 0.574413 0.0812877 0.795657 0.600231 0.0815704 0.752536 0.653118 0.0844231 0.859332 0.503221 0.0911991 0.850528 0.519352 0.0829239 0.48063 0.0385707 0.876075 0.517117 0.0763142 0.852506 0.514145 0.13121 0.847607 0.573052 0.186349 0.798051 0.549997 0.309287 0.775787 0.581743 0.189103 0.791085 0.724237 0.260323 0.638524 0.778572 0.307891 0.546835 0.480861 0.0230218 0.876495 0.991592 -0.0953571 0.0874753 0.993179 -0.0769378 0.0876152 0.981944 -0.0760675 0.173205 0.980948 -0.0883296 0.17303 0.976297 -0.0393359 0.21283 0.976934 -0.0156584 0.212968 0.975273 -0.00815422 0.220853 0.974769 0.0331623 0.220739 0.910283 0.404184 0.0895559 0.860392 0.50142 0.0911287 0.914003 0.395668 0.0896939 0.980667 0.0681105 0.18345 0.979676 0.0815393 0.183264 0.983277 0.132056 0.125411 0.984655 0.139502 0.104854 0.982596 0.153972 0.103915 0.977313 0.188215 0.097133 0.94622 0.314157 0.0772874 0.921571 0.379722 0.0807414 0.994624 -0.0611089 0.0835975 0.996359 -0.0159698 0.0837434 0.996545 -0.0106482 0.0823744 0.995191 0.0531683 0.0822625 0.993875 0.0690279 0.0862961 0.992476 0.0869774 0.0861746 0.989687 0.110201 0.0915128 -0.340854 -0.0683465 -0.937629 0 1 0 0 1 0 0 1 0 0 1 0 0 1 0 0 1 0 0 1 0 0 1 0 0 1 0 0 1 0 0 1 0 0 1 0 0 1 0 0 1 0 0 1 0 0 1 0 0 1 0 0 1 0 0 1 0 0 1 0 0 1 0 0 1 0 0 1 0 0 0 -1 0 0 -1 0 0 -1 0 0 -1 0 0 -1 0 0 -1 0 0 -1 0 0 -1 0 0 -1 0 0 -1 0 0 -1 0 0 -1 0 0 -1 0 0 -1 0 0 -1 0 0 -1 0 0 -1 0 0 -1 0 0 -1 0 0 -1 0 0 -1 0 0 -1 0 0 -1 0 0 -1 0 0 -1 0 0 -1 0 0 -1 0 0 -1 0 0 -1 0 0 -1 0 0 -1 0 0 -1 0 0 -1 0 0 -1 0 0 -1 -0.329008 -0.137808 -0.934218 -0.33166 -0.133303 -0.933933 -0.332262 -0.129967 -0.93419 -0.34091 -0.0722075 -0.937319 -0.876156 -0.12784 -0.464767 0.872338 -0.257519 -0.415584 0.836238 -0.312728 -0.450452 -0.313971 -0.160371 -0.93579 -0.322653 -0.150295 -0.934509 -0.378193 -0.204004 -0.902969 -0.494805 -0.224348 -0.839545 -0.421193 -0.172524 -0.890411 -0.332113 -0.133309 -0.933772 -0.897678 -0.18852 -0.398289 -0.919163 -0.219568 -0.327 0.953129 -0.302202 -0.014794 0.931334 -0.363662 -0.0191415 0.910851 -0.355663 -0.209414 0.904139 -0.397238 -0.157276 0.867487 -0.468644 -0.166848 0.856234 -0.482602 -0.184279 0.782036 -0.447684 -0.433588 0.792621 -0.423815 -0.43833 0.797586 -0.412458 -0.440153 -0.300754 -0.192563 -0.934059 -0.301035 -0.192284 -0.934026 -0.348001 -0.213411 -0.912881 -0.377592 -0.211336 -0.901533 -0.733847 -0.332226 -0.592532 -0.420675 -0.244387 -0.873675 -0.563402 -0.328113 -0.758235 -0.920016 -0.348487 -0.179244 -0.933647 -0.314336 -0.171746 -0.934147 -0.252771 -0.251943 -0.897545 -0.382596 -0.219164 -0.965008 -0.261122 -0.0239654 0.953217 -0.30223 -0.00592214 0.953179 -0.302348 -0.00591293 0.939482 -0.342571 -0.00430075 0.931346 -0.364109 -0.00436243 0.930763 -0.365578 -0.00578263 0.930638 -0.365529 -0.0173348 0.9154 -0.402185 -0.017051 0.910531 -0.4134 -0.00582642 0.88887 -0.45812 -0.00608382 0.879692 -0.475237 -0.0171014 0.857166 -0.514759 -0.0170386 0.851609 -0.511422 -0.114936 0.716076 -0.506903 -0.479879 0.722367 -0.498476 -0.479279 0.846617 -0.522813 -0.099527 0.792874 -0.600655 -0.102787 0.76486 -0.62768 -0.144941 0.752691 -0.634381 -0.176116 0.693698 -0.570323 -0.439903 0.713352 -0.511596 -0.478956 -0.295196 -0.198963 -0.934491 -0.274503 -0.205346 -0.939405 -0.353384 -0.218256 -0.909661 -0.333121 -0.240144 -0.91179 -0.37309 -0.266253 -0.888771 -0.885127 -0.465158 -0.0133729 -0.898829 -0.435345 -0.0508074 -0.902343 -0.399562 -0.161643 -0.804642 -0.565282 -0.181678 -0.805297 -0.565062 -0.179448 -0.843246 -0.53553 -0.0462968 -0.858876 -0.511992 -0.0140227 -0.504218 -0.377808 -0.776547 -0.758648 -0.56655 -0.321674 -0.798909 -0.570848 -0.189412 -0.935161 -0.354223 -0.000285012 -0.914367 -0.404886 -0.000325775 -0.935349 -0.353725 0 -0.935349 -0.353725 0 -0.94411 -0.329631 0 -0.94411 -0.329631 0 -0.947663 -0.319055 -0.0117673 -0.961816 -0.273436 -0.011943 -0.961885 -0.273455 0 -0.961885 -0.273455 0 0.938584 -0.342324 0.0433039 0.939456 -0.342642 -0.00429478 0.931346 -0.364109 -0.00435607 0.909273 -0.41619 -0.00282028 0.910532 -0.413401 -0.00565694 0.93075 -0.365645 -0.0028869 0.893065 -0.44992 -0.00254102 0.889779 -0.456368 -0.00459983 0.888871 -0.458121 -0.00571931 0.908857 -0.417102 -0.00235567 0.856557 -0.516018 -0.00599268 0.856463 -0.515961 -0.0159532 0.850735 -0.525356 -0.0158465 0.797601 -0.603161 -0.00539318 0.797083 -0.603843 -0.00566168 0.843474 -0.537145 -0.00524032 0.84344 -0.537198 -0.00521631 0.77615 -0.630523 -0.00565027 0.773406 -0.633869 -0.00736401 0.772999 -0.634359 -0.00786896 0.75235 -0.658717 -0.00785857 0.740544 -0.648381 -0.176629 0.709006 -0.671335 -0.215916 0.658697 -0.61954 -0.426953 0.6784 -0.591621 -0.435613 -0.240937 -0.222077 -0.944791 -0.236489 -0.22567 -0.945064 -0.224527 -0.235754 -0.94552 -0.223089 -0.237019 -0.945544 -0.220441 -0.240665 -0.945244 -0.208898 -0.256913 -0.943587 -0.204475 -0.263299 -0.942796 -0.192631 -0.289641 -0.937551 -0.178075 -0.325517 -0.928616 -0.168837 -0.37315 -0.912279 -0.15282 -0.451766 -0.878951 -0.148648 -0.487895 -0.860153 0 -1 0 0 -1 0 0 -1 0 0 -1 0 0 -1 0 0 -1 0 0 -1 0 0 -1 0 0 -1 0 0 -1 0 0 -1 0 0 -1 0 0 -1 0 0 -1 0 0 -1 0 0 -1 0 0 -1 0 0 -1 0 0 -1 0 0 -1 0 0 -1 0 0 -1 0 0 -1 0 0 -1 0 0 -1 0 0 -1 0 0 -1 0 0 -1 0 -0.885206 -0.4652 0 -0.885206 -0.4652 0 -0.85896 -0.512042 0 -0.85896 -0.512042 0 -0.899991 -0.435908 0 -0.899991 -0.435908 0 -0.914128 -0.405426 0 -0.914128 -0.405426 0 -0.818575 -0.574378 -0.00508136 -0.805284 -0.583395 -0.105683 -0.809677 -0.586577 -0.0187485 -0.810277 -0.585848 -0.015259 -0.812768 -0.582566 -0.00504532 -0.823364 -0.567514 0 -0.823364 -0.567514 0 -0.844151 -0.536105 0 -0.844151 -0.536105 0 -0.944102 -0.329628 0.00399401 -0.935342 -0.353722 0.00404453 -0.961675 -0.273395 0.0208972 -0.964761 -0.261057 0.0329419 0.934161 -0.353293 0.0502623 0.92954 -0.365169 0.0510572 0.911408 -0.407595 0.0565855 0.907544 -0.417292 0.0472256 0.908557 -0.417758 -0.00168351 0.926699 -0.371373 0.0575349 0.893651 -0.448759 -0.00180843 0.892604 -0.448233 0.0484299 0.889936 -0.453141 0.0517407 0.855814 -0.514464 0.0539448 0.853613 -0.518469 0.0503474 0.854694 -0.519126 -0.00265187 0.856109 -0.516774 -0.00473878 0.856106 -0.516772 -0.00531881 0.803789 -0.594913 -0.000960275 0.799947 -0.600063 -0.00296329 0.841633 -0.540044 -0.00261135 0.839206 -0.543812 -0.00087779 0.776966 -0.629535 -0.00291569 0.776156 -0.630528 -0.00393037 0.747205 -0.664582 -0.0039228 0.74932 -0.66218 -0.00606353 0.751831 -0.659315 -0.00733272 0.713374 -0.700756 -0.0061696 0.71175 -0.702389 -0.00781631 0.69815 -0.688969 -0.194702 0.657668 -0.727819 -0.194301 0.601341 -0.67396 -0.429148 0.619648 -0.65139 -0.437868 0.622365 -0.648345 -0.438532 0.631452 -0.640751 -0.4367 -0.885205 -0.465199 0.00112457 -0.85896 -0.512042 0.00123781 -0.88862 -0.45861 0.00551617 -0.899977 -0.435902 0.00558667 -0.911132 -0.412028 0.00848526 -0.914119 -0.405422 0.00447161 -0.901054 -0.433625 0.00839141 -0.812778 -0.582573 0 -0.812778 -0.582573 0 -0.823356 -0.567509 0.00438732 -0.843894 -0.536492 0.00435105 -0.844145 -0.536101 0.00391807 -0.856604 -0.51596 0.00390801 -0.935152 -0.35422 0.00433056 -0.93457 -0.309823 0.174899 -0.948998 -0.314606 0.0206218 -0.919265 -0.348202 0.183594 -0.93467 -0.252915 0.249851 -0.892753 -0.178103 0.41385 -0.873573 -0.122077 0.471134 0.896211 -0.347732 0.275479 0.899763 -0.360578 0.245785 0.894924 -0.400223 0.197311 0.872235 -0.444128 0.204835 0.845737 -0.47377 0.2455 0.845364 -0.508182 0.164652 0.83543 -0.53394 0.130247 0.841569 -0.537863 0.0496371 0.838069 -0.543749 0.0444596 0.838899 -0.544287 -0.000439529 0.804249 -0.594292 -0.00047989 0.803419 -0.593679 0.0454241 0.796464 -0.602403 0.0524977 0.775889 -0.628662 0.0527264 0.742067 -0.668144 0.0540414 0.743152 -0.669121 -0.0016189 0.743688 -0.668523 -0.0021575 0.77504 -0.629622 0.0537477 0.713386 -0.700767 -0.00226156 0.713386 -0.700768 -0.00226229 0.672969 -0.739667 -0.00238785 0.66883 -0.743402 -0.00447039 0.668825 -0.743407 -0.00447629 0.668811 -0.743392 -0.00774879 0.66881 -0.743393 -0.00774811 0.656696 -0.729928 -0.18962 0.557801 -0.70282 -0.441477 0.636281 -0.755541 -0.155901 0.607383 -0.779203 -0.154688 0.533465 -0.719051 -0.445401 0.308684 -0.781816 -0.541735 -0.856436 -0.515859 0.0201936 -0.888465 -0.45853 0.0194964 -0.8999 -0.433069 0.0513006 -0.903521 -0.408586 0.129256 -0.89691 -0.381541 0.223561 -0.816138 -0.577732 0.0119954 -0.81272 -0.582531 0.0119684 -0.810056 -0.585916 0.0226319 -0.801905 -0.567657 0.186317 -0.803158 -0.565932 0.186169 -0.842931 -0.535879 0.0479788 -0.702701 -0.318966 0.635981 -0.454454 -0.206987 0.866388 -0.376525 -0.153411 0.913616 -0.303043 -0.121265 0.94523 -0.304717 -0.0615504 0.950452 -0.267572 -0.023242 0.963258 0.863764 -0.278638 0.419849 0.851233 -0.27875 0.444636 0.574988 -0.288099 0.76576 0.585389 -0.322813 0.743715 0.66915 -0.386047 0.634985 0.557092 -0.436583 0.70643 0.746169 -0.628507 0.219571 0.764236 -0.620846 0.174624 0.790362 -0.597788 0.13408 0.536075 -0.378225 0.754698 0.722607 -0.655111 0.22061 0.739684 -0.670592 0.0563456 0.71446 -0.6974 0.0563868 0.712872 -0.699157 0.0546992 0.71394 -0.700205 -0.0016941 0.713386 -0.700767 -0.00225849 0.672973 -0.739663 -0.00238383 0.640379 -0.766278 0.0522759 0.63825 -0.768177 0.0504093 0.639061 -0.769154 -0.00198282 0.640528 -0.767928 -0.00322855 0.643421 -0.765499 -0.00446279 0.672049 -0.738648 0.0524309 0.643428 -0.765494 -0.00446861 0.643418 -0.765482 -0.00708092 0.644138 -0.764871 -0.00769952 0.530602 -0.720008 -0.44727 0.469085 -0.715226 -0.518085 0.618607 -0.785669 -0.00700827 0.612567 -0.78997 -0.0266216 0.606049 -0.781564 -0.147861 0.52976 -0.79306 -0.300683 0.329491 -0.766689 -0.551021 0.369852 -0.741001 -0.56047 0.371841 -0.739804 -0.560735 0.407127 -0.727054 -0.552847 0.466376 -0.715597 -0.520015 -0.53297 -0.309385 0.787543 -0.794485 -0.574654 0.196384 -0.77193 -0.576699 0.267473 -0.316556 -0.194691 0.928379 -0.382232 -0.220898 0.897275 -0.345355 -0.261264 0.901372 -0.344823 -0.1926 0.918696 -0.345236 -0.186513 0.919796 -0.275041 -0.120509 0.95385 -0.236514 -0.108029 0.965604 -0.0816258 -0.0303149 0.996202 -0.08277 -0.0240387 0.996279 0.519351 -0.212378 0.82775 0.51938 -0.212421 0.827721 0.51591 -0.240497 0.822191 0.458959 -0.252245 0.851897 0.499387 -0.30512 0.810872 0.492952 -0.341059 0.800423 0.436862 -0.35033 0.828505 0.435226 -0.364833 0.823089 0.483296 -0.412665 0.772096 0.501361 -0.472284 0.724973 0.699518 -0.669744 0.249233 0.69486 -0.678268 0.239003 0.655558 -0.716453 0.238619 0.674054 -0.736667 0.0545239 0.652219 -0.718143 0.242655 0.628517 -0.752084 0.198333 0.615444 -0.762998 0.197644 0.611657 -0.771977 0.172995 0.619533 -0.783361 0.0502385 0.618462 -0.784454 0.046219 0.617861 -0.785495 0.0353024 0.618246 -0.785984 0 0.618628 -0.785682 -0.00191942 0.618531 -0.785755 -0.00289165 0.618619 -0.785685 -0.00318916 -0.319894 -0.247201 0.914636 -0.252429 -0.164923 0.953457 -0.315825 -0.194039 0.928765 -0.23052 -0.166677 0.958686 -0.198533 -0.108971 0.974018 -0.0741799 -0.0468315 0.996145 -0.0759294 -0.0381823 0.996382 -0.0436108 -0.0211776 0.998824 0.456663 -0.13545 0.879268 0.297685 -0.14535 0.943534 0.344752 -0.196721 0.917849 0.297528 -0.200078 0.933513 0.199638 -0.153057 0.967842 0.174307 -0.15381 0.972605 0.390181 -0.372373 0.842079 0.385559 -0.402738 0.830148 0.435528 -0.452797 0.778004 0.456593 -0.523695 0.719212 0.430096 -0.515664 0.741019 0.519483 -0.678049 0.519988 0.53247 -0.777059 0.335642 -0.126913 -0.105309 0.986308 -0.118838 -0.101917 0.987669 -0.0718058 -0.0500007 0.996165 -0.0646173 -0.0554166 0.99637 -0.0632446 -0.055639 0.996446 -0.0413795 -0.033781 0.998572 -0.0396413 -0.039631 0.998428 -0.038021 -0.042211 0.998385 -0.0275517 -0.0542904 0.998145 -0.0210289 -0.0588389 0.998046 -0.0142763 -0.0612497 0.99802 -0.00251929 -0.0639593 0.997949 0 -0.0642215 0.997936 0.00483265 -0.0635065 0.99797 0.220381 -0.104373 0.969814 0.111041 -0.0634064 0.991791 0.133873 -0.0632267 0.988979 0.0432903 -0.029608 0.998624 0.0426691 -0.0317384 0.998585 0.1554 -0.144673 0.9772 0.144138 -0.144923 0.978888 0.143649 -0.166214 0.97557 0.167805 -0.216304 0.961797 0.363591 -0.405817 0.838519 0.360055 -0.427654 0.82914 0.249817 -0.347787 0.903679 -0.0364666 -0.204081 0.978275 -0.0410508 -0.0988086 0.994259 -0.0435067 -0.0862185 0.995326 -0.0558328 -0.0600109 0.996635 -0.057025 -0.0585808 0.996653 -0.0581457 -0.0575703 0.996647 -0.0570302 -0.0570154 0.996743 -0.0140018 -0.204196 0.97883 -0.0140018 -0.204196 0.97883 -0.00247026 -0.204216 0.978923 -0.00247126 -0.204219 0.978922 0 -0.204219 0.978925 0 -0.204219 0.978925 0.00576586 -0.204216 0.978909 0.00659357 -0.201824 0.9794 0.00671862 -0.0632683 0.997974 0.0202165 -0.0598573 0.998002 0.0321719 -0.0512135 0.998169 0.0391043 -0.0399338 0.998437 0.045592 -0.00185351 0.998958 0.0731031 -0.00185047 0.997323 0.0396095 -0.0623714 0.997267 0.0893039 -0.161898 0.982758 0.166954 -0.237555 0.956919 0.173241 -0.250584 0.952468 0.0968254 -0.19612 0.975788 0.0797605 -0.196418 0.977271 0.0779711 -0.205971 0.975447 0.0306748 -0.205032 0.978274 0.0295625 -0.20174 0.978993 0.0300621 -0.0894193 0.99554 0.079886 -0.188549 0.978809 0.0888772 -0.188405 0.978062 0.0321924 -0.206493 0.977918 -0.977817 -0.209457 -0.00104838 -0.977818 -0.209458 0 -0.977818 -0.209458 0 -1 0 0 -1 0 0 -0.999999 0 -0.00107216 -0.999999 0 -0.00107216 -0.970464 -0.224516 -0.0882686 -0.974224 -0.225386 -0.00940275 -0.999073 0 -0.0430402 -0.999073 0 -0.0430402 -0.973625 -0.227963 -0.00939696 -0.973668 -0.227973 0 -0.973668 -0.227973 0 -0.977813 -0.209457 0.00314716 -0.999998 0 0.00214636 -0.999998 0 0.00214636 -0.866197 0.499703 0 -0.866197 0.499703 0 -0.866161 0.499764 -0.000834209 -0.866161 0.499764 -0.000928668 -0.368621 0 -0.92958 -0.408272 -0.0729662 -0.90994 -0.432006 -0.087332 -0.897633 -0.82727 -0.34944 -0.439905 -0.889305 -0.321168 -0.325559 -0.952456 -0.262324 -0.154965 -0.963192 -0.244709 -0.111261 -0.968979 -0.246179 -0.021817 -0.866088 0.499885 -0.00259566 -0.8641 0.498738 -0.0677524 -0.973586 -0.227953 0.0129426 -0.963875 -0.26547 -0.0217021 -0.963813 -0.265695 -0.0216781 -0.961172 -0.275733 -0.0109396 -0.961229 -0.27575 0 -0.961229 -0.27575 0 -0.972547 -0.232017 0.0178872 -0.968469 -0.231044 0.0931976 -0.998965 0 0.0454787 -0.998965 0 0.0454787 -0.866193 0.499702 0.00269337 -0.861618 0.507557 0 -0.860875 0.508816 -0.000849416 -0.859253 0.511548 -0.0017746 -0.859251 0.511547 -0.00262765 -0.851733 0.497123 -0.165589 -0.70484 0.408857 -0.579686 -0.574371 0.291597 -0.764898 -0.410932 0.146235 -0.899861 -0.3372 0.0817576 -0.937876 -0.329289 0.074206 -0.941309 -0.324934 0.0694959 -0.94318 -0.319935 0.0640495 -0.945272 -0.30999 0.0511236 -0.949364 -0.274555 -0.0298151 -0.961109 -0.289815 -0.0468375 -0.955936 -0.314435 -0.0535846 -0.947765 -0.282565 0.0232898 -0.958965 -0.268836 0.00720055 -0.963159 -0.264989 0.00258866 -0.964248 -0.263346 0 -0.964701 -0.257565 -0.0091895 -0.966217 -0.336414 -0.0754403 -0.938688 0 -1 0 0 -1 0 0 -1 0 0 -1 0 0 -1 0 0 -1 0 0 -1 0 0 -1 0 0 -1 0 0 -1 0 0 -1 0 0 -1 0 0 -1 0 0 -1 0 0 -1 0 -0.85266 0.52237 -0.010014 -0.840665 0.515022 -0.167435 -0.960739 -0.275609 0.0319342 -0.963575 -0.265387 0.0330596 -0.966588 -0.254179 0.033163 -0.960355 -0.25254 0.118078 -0.95405 -0.262764 0.14403 -0.822645 -0.358043 0.441656 -0.377075 -0.0734138 0.923269 -0.369659 -0.0690303 0.9266 -0.330517 0 0.9438 -0.861951 0.502085 0.0703667 -0.86292 0.50265 0.0520783 -0.860443 0.506865 0.0522028 -0.858742 0.509542 0.0541193 -0.823473 0.564626 0.0555745 -0.822735 0.565834 0.0542108 -0.821154 0.56878 0.0468552 -0.822057 0.569405 -0.00088139 -0.823346 0.567537 -0.00182948 -0.823308 0.567511 -0.00977462 -0.835713 0.520629 -0.174727 -0.68603 0.453559 -0.568901 -0.647974 0.473694 -0.596442 0 0 -1 0 0 -1 0 0 -1 0 0 -1 0 0 -1 0 0 -1 0 0 -1 0 0 -1 0 0 -1 0 0 -1 0 0 -1 0 0 -1 0 0 -1 0 0 -1 0 0 -1 0 0 -1 0 0 -1 0 0 -1 0 0 -1 0 0 -1 0 0 -1 0 0 -1 0 0 -1 -0.238656 -0.026534 -0.970742 -0.235736 -0.0301327 -0.97135 -0.221445 -0.0471346 -0.974033 -0.219567 -0.050645 -0.974282 -0.216286 -0.0627155 -0.974314 -0.822747 0.568309 -0.0105863 -0.822068 0.567839 -0.0419863 -0.22871 0.0863557 0.969657 -0.308954 0.151559 0.938924 -0.47962 0.277144 0.83256 -0.56365 0.331814 0.756438 -0.572203 0.337243 0.747563 -0.841832 0.49808 0.20793 -0.266081 -0.0590348 0.962141 -0.265034 -0.0467938 0.963103 -0.226406 0.0847596 0.970338 -0.249675 -0.0300351 0.967864 -0.224345 0 0.97451 -0.841181 0.499122 0.208065 -0.815882 0.524111 0.244221 -0.818977 0.561317 0.119161 -0.809008 0.58143 0.0862855 -0.766462 0.63627 0.0877334 -0.760013 0.646248 0.0688809 -0.757015 0.652078 0.0414984 -0.760369 0.648727 0.0315047 -0.768673 0.639349 0.0193635 -0.805391 0.592435 0.019133 -0.805538 0.592544 0 -0.806315 0.591486 -0.000864503 -0.805871 0.59209 -0.00135734 -0.813961 0.580825 -0.0104732 -0.632251 0.485074 -0.604121 -0.813791 0.580703 -0.0229805 -0.767791 0.64027 -0.0234646 -0.759243 0.649616 -0.0393611 -0.744895 0.661228 -0.0889372 -0.6098 0.511335 -0.605541 -0.142538 0.0430165 0.988854 -0.086584 0.0432971 0.995303 -0.117054 0.0739598 0.990368 -0.276682 0.153134 0.948682 -0.167193 0.0512622 0.984591 -0.390452 0.276208 0.878212 -0.422828 0.288125 0.859186 -0.575177 0.355494 0.736747 -0.569855 0.33709 0.749424 -0.466825 0.329241 0.820777 -0.737225 0.504705 0.449191 -0.0827479 -0.0617006 0.994659 -0.0834393 -0.0309093 0.996033 -0.103265 0 0.994654 -0.113236 0.0100847 0.993517 -0.147509 0.0379166 0.988334 -0.0834607 -0.0210817 0.996288 -0.0894906 -0.0129962 0.995903 -0.0988068 -0.00360141 0.9951 -0.690243 0.518494 0.504706 -0.753442 0.645895 0.123066 -0.757372 0.644168 0.106936 -0.676923 0.725589 0.123678 -0.673046 0.732396 0.102986 -0.676035 0.735649 0.0423893 -0.676779 0.735007 0.0416659 -0.677367 0.735645 -0.000614039 -0.678814 0.734309 -0.00134073 -0.759829 0.650121 -0.00135732 -0.760746 0.649049 -0.000815241 -0.768005 0.640444 -0.000823036 -0.768817 0.639469 0 -0.76853 0.639812 -0.00135706 -0.768001 0.640445 -0.00189336 -0.602775 0.514318 -0.610033 -0.759829 0.650121 -0.00190075 -0.759831 0.650118 -0.00189795 -0.678813 0.734308 -0.00195141 -0.678813 0.734308 -0.00195141 -0.676914 0.732254 -0.0747769 -0.68018 0.727613 -0.0890717 -0.531409 0.58756 -0.610228 -0.550295 0.557749 -0.621363 -0.575196 0.532276 -0.621154 1 0 0 1 0 0 1 0 0 1 0 0 1 0 0 1 0 0 1 0 0 1 0 0 1 0 0 1 0 0 1 0 0 1 0 0 1 0 0 1 0 0 1 0 0 -0.1326 0.0379975 0.990441 -0.0492104 0.0101377 0.998737 -0.0231829 0.00362522 0.999725 -0.00725135 0.0036261 0.999967 -0.0469172 0.0433431 0.997958 -0.0512293 0.0462149 0.997617 -0.107133 0.0740432 0.991484 -0.00724227 0.00362307 0.999967 -0.256402 0.224919 0.940037 -0.376477 0.279135 0.883374 -0.442913 0.370717 0.816331 -0.477339 0.377062 0.793708 -0.579049 0.458984 0.673822 -0.013735 -0.0619071 0.997987 -0.00869264 -0.00775483 0.999932 -0.00869279 -0.00506656 0.999949 -0.0274976 -0.00506484 0.999609 -0.0593264 -0.0130256 0.998154 -0.0231678 -0.00361816 0.999725 -0.012314 0 0.999924 -0.0231819 -0.00362522 0.999725 -0.474633 0.529074 0.703423 -0.436015 0.435538 0.787526 -0.451266 0.645548 0.616139 -0.526702 0.803469 0.27753 -0.595736 0.795751 0.108995 -0.612706 0.785911 0.0832778 -0.66372 0.743235 0.0841313 -0.4414 0.515424 0.73451 -0.665483 0.74521 0.0423596 -0.663551 0.74703 0.0405751 -0.664098 0.747645 0 -0.664795 0.747025 -0.000623541 -0.664696 0.747114 -0.000712651 -0.664695 0.747113 -0.0019599 -0.664692 0.747115 -0.00195761 -0.663818 0.746132 -0.0513181 -0.497833 0.621253 -0.605151 -0.506216 0.609135 -0.610492 -0.528086 0.589479 -0.611261 -0.617599 0.784851 -0.0508025 -0.609238 0.790408 -0.0639086 -0.539412 0.808063 -0.23679 -0.473622 0.670742 -0.570778 0 0 1 0 0 1 0 0 1 0 0 1 0 0 1 0 0 1 0 0 1 -0.407906 0.699072 -0.587291 -0.344994 0.72322 -0.598274 -0.0398435 0.0398149 0.998412 -0.230988 0.226405 0.946248 -0.0397771 0.039815 0.998415 -0.0397742 0.0416156 0.998342 -0.0438947 0.0567551 0.997423 -0.0555992 0.0728572 0.995791 -0.229855 0.246047 0.941609 -0.243752 0.276547 0.929574 -0.405251 0.433508 0.804887 -0.430427 0.430556 0.793319 -0.000724328 -0.00775513 0.99997 -0.00725136 -0.0036261 0.999967 -0.400478 0.467754 0.787924 -0.360679 0.476117 0.802012 -0.374545 0.546308 0.749176 -0.348558 0.539982 0.766111 -0.352849 0.818957 0.452557 -0.494339 0.829448 0.260088 -0.501965 0.825711 0.257356 -0.513554 0.818038 0.258991 -0.530859 0.845603 0.0560826 -0.534134 0.843678 0.053926 -0.598381 0.799284 0.0555445 -0.606917 0.793336 0.0476523 -0.614153 0.787767 0.0473178 -0.622126 0.781884 0.0402175 -0.62263 0.782517 0 -0.62263 0.782517 0 -0.623349 0.781943 -0.000668334 -0.623348 0.781942 -0.0019737 -0.618384 0.785849 -0.00655706 -0.610472 0.79201 -0.00660848 -0.609028 0.793131 -0.00529378 -0.540896 0.841071 -0.00561376 -0.527525 0.82028 -0.22104 -0.496306 0.840564 -0.217098 -0.371409 0.889309 -0.266804 0 0.00192168 0.999998 -0.055174 0.143055 0.988176 -0.240131 0.322045 0.915765 -0.25051 0.374029 0.892943 -0.282969 0.416008 0.864214 -0.27527 0.452975 0.847962 -0.348541 0.539976 0.766124 -0.504935 0.861109 0.0594324 -0.508549 0.85924 0.0555307 -0.506825 0.860321 0.0545629 -0.507581 0.861604 0.000717863 -0.508433 0.861102 0.000545123 -0.534913 0.844907 0.000573514 -0.534913 0.844907 0.000573523 -0.607607 0.794238 0.000651454 -0.609037 0.793142 0 -0.534912 0.844907 -0.0014079 -0.508432 0.861101 -0.00143489 -0.508432 0.861101 -0.00143489 -0.0152052 0 -0.999884 0 0 -1 0 0 -1 0 0 -1 0 0 -1 -0.0435938 -0.0284337 -0.998645 0 1 0 0 1 0 0 1 0 0 1 0 0 1 0 0 1 0 0 1 0 0 1 0 0 1 0 0 1 0 0 1 0 0 1 0 0 1 0 0 1 0 0 1 0 0 1 0 0 1 0 0 1 0 0 1 0 0 1 0 0 1 0 0 1 0 -0.144796 -0.102402 -0.984148 -0.146468 -0.10319 -0.983819 0 -1 0 0 -1 0 0 -1 0 0 -1 0 0 -1 0 0 -1 0 0 -1 0 0 -1 0 0 -1 0 0 -1 0 0 -1 0 0 -1 0 0 -1 0 0 -1 0 0 -1 0 0 -1 0 0 -1 0 0 -1 0 0 -1 0 0 -1 0 0 -1 0 0 -1 0 0 -1 0 0 -1 0 0 -1 0 0 -1 0 0 -1 0 0 -1 0 0 -1 0 0 -1 0 -0.206013 -0.129188 -0.969984 -0.199154 -0.129518 -0.971372 -0.310355 -0.210439 -0.927036 -0.260693 -0.17127 -0.950108 -0.248762 -0.162757 -0.954792 -0.23664 -0.154304 -0.959266 0.00283589 0 -0.999996 0.00670668 -0.00437438 -0.999968 0.0248645 -0.018163 -0.999526 0.0436015 -0.0371339 -0.998359 -0.836542 -0.536761 -0.109935 -0.836079 -0.533673 -0.12714 -0.829323 -0.519316 -0.206239 -0.8257 -0.514898 -0.230435 -0.807759 -0.300865 -0.506958 0.159143 -0.15231 -0.975436 0.162234 -0.156166 -0.974316 -0.839753 -0.539327 -0.0627736 -0.843314 -0.536722 -0.027393 -0.844795 -0.534263 -0.0297408 -0.840895 -0.54006 -0.0350911 -0.84115 -0.539764 -0.0334889 -0.842154 -0.538541 -0.0274127 0.751918 -0.446754 -0.4848 0.261227 -0.25268 -0.931619 0.208921 -0.202123 -0.956817 -0.843631 -0.536924 0 -0.843631 -0.536924 0 -0.84247 -0.538743 0 -0.84247 -0.538743 0 0.744906 -0.666536 -0.0290548 0.717049 -0.64161 -0.272355 0.705051 -0.665929 -0.243807 0.54479 -0.54758 -0.635106 0.343086 -0.338714 -0.876108 -0.842163 -0.539219 0.00218929 -0.840222 -0.537977 0.0678883 -0.840894 -0.535182 0.0804825 -0.840704 -0.520425 0.149584 -0.858996 -0.477874 0.183746 0.744687 -0.667413 0 0.744687 -0.667413 0 0.744376 -0.667135 -0.0289064 0.726632 -0.686418 -0.0289252 0.723339 -0.688715 -0.0495168 0.722779 -0.688512 -0.059511 0.711748 -0.678004 -0.183645 -0.792928 -0.506578 0.338591 -0.807338 -0.507387 0.301271 -0.839745 -0.456892 0.29339 -0.838784 -0.149906 0.52342 0.737172 -0.660678 0.141715 0.726936 -0.686706 0 0.726936 -0.686706 0 -0.512689 -0.357408 0.780647 -0.279626 -0.174262 0.944162 -0.16924 -0.0593781 0.983785 -0.144609 -0.036496 0.988816 0.730484 -0.666699 0.148004 0.730487 -0.666755 0.147739 0.725601 -0.68571 0.0574815 0.725744 -0.685947 0.0526578 0.726689 -0.686964 0.00189523 -0.12921 -0.0457592 0.990561 -0.0670684 -0.0669751 0.995498 0 0 1 0 0 1 0 0 1 0 0 1 0 0 1 0 0 1 0 0 1 0.712971 -0.650716 0.261228 0.690813 -0.631207 0.352641 0.665191 -0.619494 0.41683 -0.0546024 -0.0776466 0.995485 -0.0552296 -0.0767713 0.995518 -0.0593225 -0.07169 0.995661 -0.0617381 -0.0700922 0.995628 0.636817 -0.539704 0.550621 0.708001 -0.549521 0.443579 0.62886 -0.575442 0.522878 0.508289 -0.511821 0.69259 0.63594 -0.558112 0.533002 0.226006 -0.314951 0.921806 0.234771 -0.324405 0.916321 -0.0235965 0.999722 0 -0.0235965 0.999722 0 -0.0232632 0.985598 0.167497 -0.0162705 0.98456 0.174288 0.0487599 0.983519 0.174104 0.0581029 0.98458 0.165002 0.0589104 0.998263 0 0.0589104 0.998263 0 -0.016493 0.998391 -0.0542486 -0.0235703 0.998608 -0.0471813 0.0588574 0.997365 -0.0424134 0.0470895 0.997419 -0.0541957 -0.0870139 0.996207 0 -0.0870139 0.996207 0 -0.0859847 0.984423 0.153354 -0.0719586 0.983309 0.167108 -0.0690304 0.943295 0.324698 -0.0514525 0.927518 0.370221 -0.0380537 0.919779 0.390587 -0.0152092 0.920339 0.390825 -0.012046 0.918437 0.395383 0.0282799 0.918137 0.395253 0.0460209 0.928273 0.369041 0.050957 0.92805 0.368953 0.062826 0.934697 0.34985 0.0905621 0.95603 0.278936 0.0930194 0.98197 0.164565 0.114067 0.983002 0.143857 0.115266 0.993335 0 0.115266 0.993335 0 -0.00973674 0.935306 -0.353707 -0.0154958 0.938031 -0.346204 0.0446111 0.944923 -0.324237 0.0222853 0.935118 -0.353636 -0.0337968 0.937608 -0.346048 -0.071985 0.952956 -0.294435 -0.0752405 0.996054 -0.0470606 -0.0869598 0.995587 -0.0352751 0.115204 0.992799 -0.0328381 0.105872 0.993482 -0.0422483 0.102497 0.96181 -0.253803 0.100257 0.960382 -0.26003 0.054996 0.944433 -0.324069 -0.156703 0.987646 0 -0.156703 0.987646 0 -0.155329 0.978984 0.132151 -0.13398 0.979174 0.152537 -0.128349 0.957131 0.259665 -0.131368 0.9562 0.261581 -0.182683 0.831566 0.524523 -0.0846634 0.81803 0.56891 -0.0559619 0.833535 0.549624 -0.0492069 0.833833 0.54982 -0.0403953 0.841114 0.539347 -0.0125537 0.841735 0.539745 -0.00854803 0.838576 0.544717 0 0.838098 0.545519 0.0262576 0.837809 0.545331 0.0298664 0.840294 0.541308 0.0411993 0.839107 0.542403 0.0549747 0.83855 0.542043 0.0637339 0.8314 0.552008 0.0689443 0.830592 0.552597 0.163203 0.80119 0.575726 0.205966 0.807832 0.552256 0.264538 0.81673 0.512807 0.274757 0.847272 0.454575 0.188026 0.955621 0.226794 0.162481 0.964168 0.209714 0.0864192 0.821207 0.564049 0.134095 0.798563 0.586784 0.15917 0.976846 0.142956 0.161883 0.976786 0.140299 0.19424 0.979586 0.0517867 0.194501 0.980902 0 0.194501 0.980902 0 -0.00248352 0.242775 -0.970079 -0.00480299 0.245867 -0.969292 0.0119188 0.24983 -0.968216 0.00662257 0.24277 -0.970061 -0.0140596 0.245845 -0.969207 -0.0218875 0.256414 -0.966319 0.0431331 0.266829 -0.962778 0.0306552 0.249731 -0.96783 -0.0561777 0.256071 -0.965024 -0.0758091 0.283836 -0.955871 -0.0847549 0.951997 -0.294139 -0.127445 0.965033 -0.229061 -0.147576 0.973695 -0.173608 -0.14976 0.988102 -0.0350099 -0.156642 0.987259 -0.0279874 0.194449 0.980639 -0.0231699 0.185827 0.982045 -0.0324824 0.182566 0.978657 -0.0943375 0.157522 0.971112 -0.179244 0.242982 0.725715 -0.64366 0.164855 0.497435 -0.851693 0.0997357 0.339731 -0.93522 0.076879 0.266287 -0.960823 -0.233647 0.972322 0 -0.233647 0.972322 0 -0.233255 0.97069 0.0579026 -0.157534 0.978631 0.132153 -0.190623 0.959314 0.208277 -0.274639 0.81432 0.511329 -0.246958 0.811459 0.529666 -0.193301 0.827778 0.526706 -0.239537 0.942326 0.23376 -0.303494 0.873371 0.380938 -0.296795 0.849576 0.436043 -0.281687 0.822399 0.49428 0 0 1 0 0 1 0 0 1 0 0 1 0 0 1 0 0 1 0 0 1 0 0 1 0 0 1 0 0 1 0 0 1 0 0 1 0 0 1 0 0 1 0 0 1 0 0 1 0 0 1 0 0 1 0 0 1 0 0 1 0 0 1 0 0 1 0 0 1 0 0 1 0 0 1 0 0 1 0 0 1 0 0 1 0 0 1 0 0 1 0 0 1 0 0 1 0 0 1 0 0 1 0 0 1 0 0 1 0 0 1 0 0 1 0 0 1 0 0 1 0 0 1 0 0 1 0 0 1 0 0 1 0 0 1 0 0 1 0 0 1 0 0 1 0 0 1 0 0 1 0 0 1 0 0 1 0 0 1 0 0 1 0 0 1 0 0 1 0 0 1 0 0 1 0 0 1 0 0 1 0 0 1 0 0 1 0 0 1 0 0 1 0 0 1 0 0 1 0 0 1 0 0 1 0 0 1 0 0 1 0 0 1 0.274867 0.760983 0.587667 0.397061 0.876067 0.273585 0.358212 0.895741 0.26331 0.325559 0.897249 0.298255 0.304741 0.888244 0.343738 0.321693 0.756009 0.570056 0.398015 0.751142 0.526659 0.437517 0.83274 0.339297 0.27626 0.928326 0.248778 0.203729 0.955738 0.212274 0.230484 0.972959 0.0150746 0.343192 0.922428 0.177048 0.354059 0.924077 0.143955 0.333281 0.939859 0.0747572 0.276703 0.960817 0.0163182 0.23051 0.97307 0 0.23051 0.97307 0 -0.00188492 0.159719 -0.987161 -0.00252721 0.159779 -0.98715 0.00673917 0.159715 -0.98714 -0.0143184 0.159763 -0.987052 0.00826621 0.15957 -0.987152 0.031253 0.159498 -0.986704 -0.0284475 0.158389 -0.986967 -0.0472372 0.157634 -0.986367 -0.0570893 0.187079 -0.980685 0.0324456 0.15938 -0.986684 0.0748221 0.241337 -0.967553 0.0472051 0.158681 -0.986201 -0.0741201 0.220533 -0.972559 -0.0801965 0.283738 -0.955542 -0.138428 0.421122 -0.896378 -0.140541 0.427592 -0.89298 -0.323732 0.936956 -0.131575 -0.296087 0.9502 -0.0972242 -0.223484 0.971028 -0.0846203 -0.238941 0.670578 -0.702305 -0.327393 0.93396 -0.14329 -0.224203 0.974151 -0.0276158 -0.233598 0.972118 -0.0204715 0.230496 0.973009 -0.0111592 0.217484 0.975838 -0.0209972 0.23025 0.972279 -0.0407193 0.322366 0.945463 -0.0466995 0.33377 0.941239 -0.0516337 0.335168 0.940648 -0.0533312 0.356112 0.921495 -0.155023 0.357832 0.91765 -0.172842 0.436333 0.880205 -0.18669 0.461942 0.858886 -0.221189 0.202903 0.362263 -0.909723 0.138418 0.267742 -0.953496 0.135459 0.266206 -0.954351 0.118299 0.240316 -0.963459 -0.242739 0.970092 0 -0.242739 0.970092 0 -0.242317 0.968405 0.0589463 -0.312413 0.942191 0.121139 -0.322756 0.935473 0.14394 -0.285873 0.789262 0.543454 -0.288823 0.779622 0.555672 -0.324317 0.934675 0.145606 -0.311617 0.884043 0.348371 -0.470644 0.844248 0.256397 -0.4937 0.80454 0.330116 -0.492521 0.797056 0.349465 -0.426373 0.748029 0.508586 -0.397955 0.741468 0.540239 -0.324215 0.780194 0.534961 -0.351047 0.909429 0.222948 0.409218 0.902891 0.131638 0.409219 0.902891 0.131638 0.464715 0.839944 0.280238 0.485342 0.85679 0.174226 0.484597 0.863328 0.140822 0.384985 0.913925 0.128562 0.367491 0.918943 0.143156 0.404523 0.724994 0.557445 0.503482 0.831697 0.234063 0.409787 0.704623 0.579294 0.418402 0.696382 0.583088 0.441132 0.677849 0.588152 0.532752 0.663279 0.525582 0.597001 0.725021 0.343415 0.592897 0.751783 0.28861 0.572115 0.783332 0.243054 0.27674 0.960945 0 0.27674 0.960945 0 0.388207 0.921572 0 0.388207 0.921572 0 0.334216 0.942497 0 0.334216 0.942497 0 0.00506763 0.0540699 -0.998524 0.00340895 0.0513742 -0.998674 0 0.0513745 -0.998679 -0.00061814 0.0523789 -0.998627 -0.0211544 0.0523672 -0.998404 0.0242048 0.0540547 -0.998245 -0.0269457 0.0457841 -0.998588 -0.0659956 0.0691586 -0.99542 -0.112318 0.117702 -0.986677 -0.105884 0.125974 -0.986367 -0.100194 0.131572 -0.98623 -0.0744458 0.14792 -0.986193 -0.0757034 0.150433 -0.985717 -0.0746897 0.220523 -0.972518 0.0657151 0.0697095 -0.9954 0.0304163 0.0476309 -0.998402 0.080481 0.146531 -0.985927 0.100271 0.1338 -0.985923 0.115583 0.120591 -0.98595 0.119432 0.224638 -0.967095 -0.118662 0.274624 -0.954202 -0.134721 0.274056 -0.952231 -0.172737 0.327879 -0.928794 -0.216908 0.407281 -0.887171 -0.325935 0.943331 -0.062398 -0.341859 0.934326 -0.100837 -0.342949 0.937306 -0.0619994 -0.314298 0.947877 -0.0524045 -0.297094 0.953433 -0.0519785 -0.242687 0.969882 -0.0207949 -0.380687 0.923023 -0.0557278 -0.504694 0.761098 -0.407447 -0.537502 0.81006 -0.234295 -0.535881 0.816602 -0.21446 -0.508488 0.857289 -0.0805981 -0.49508 0.86665 -0.0617552 0.27672 0.960875 -0.0120799 0.388084 0.92128 -0.0251919 0.359966 0.931469 -0.0528108 0.412675 0.910517 -0.025645 0.443687 0.89504 -0.045213 0.499451 0.865146 -0.045514 0.494691 0.8569 -0.144925 0.566067 0.810421 -0.150952 0.604963 0.767163 -0.213264 0.612178 0.748469 -0.255015 0.228827 0.320976 -0.919028 0.189162 0.299411 -0.935185 0.136701 0.231736 -0.963126 0.127686 0.232018 -0.964295 -0.314731 0.949181 0 -0.314731 0.949181 0 -0.370539 0.928817 0 -0.370539 0.928817 0 -0.369713 0.926746 0.066744 -0.339149 0.929521 0.144803 -0.404709 0.711695 0.574196 -0.4021 0.914987 0.0333828 -0.476833 0.878268 0.035728 -0.507828 0.858646 0.0695514 -0.526947 0.839205 0.134399 -0.528297 0.837109 0.141957 -0.514017 0.834146 0.199965 -0.574575 0.805377 0.145713 -0.577359 0.797779 0.173797 -0.565496 0.779705 0.268838 -0.516401 0.761829 0.391084 -0.508207 0.736956 0.44567 -0.485491 0.71426 0.504115 -0.429323 0.722778 0.541548 0.412811 0.910817 0 0.412811 0.910817 0 0.498003 0.859401 0.115858 0.50138 0.865227 0 0.50138 0.865227 0 0.520886 0.848699 0.091586 0.59959 0.775263 0.198642 0.610506 0.778138 0.147595 0.557095 0.825177 0.0934207 0.532813 0.663148 0.525685 0.535471 0.65846 0.528868 0.58419 0.645571 0.491895 0.624585 0.685599 0.373963 0.611811 0.712035 0.344519 0.610525 0.778126 0.147578 0.643946 0.749434 0.153894 0.638307 0.755318 0.148522 0.0293854 0.0310425 -0.999086 0.00341342 0.00511677 -0.999981 0.00170947 0.00170926 -0.999997 0 0 -1 0 0 -1 0 0 -1 0 0 -1 0 0 -1 -0.0265954 0.0266348 -0.999291 -0.0336077 0.0267669 -0.999077 -0.0522304 0.0443413 -0.99765 -0.0700851 0.0535814 -0.996101 -0.126957 0.102961 -0.98655 -0.177514 0.128511 -0.975691 -0.211441 0.163532 -0.963613 -0.21548 0.168629 -0.961838 -0.213595 0.212989 -0.953422 -0.192557 0.211992 -0.958113 -0.132502 0.0986419 -0.986262 -0.193278 0.238199 -0.95179 -0.12178 0.175461 -0.976925 -0.193283 0.238199 -0.951789 -0.120365 0.194133 -0.973563 -0.134048 0.224353 -0.965244 -0.135661 0.23348 -0.962852 0.0503649 0.0246798 -0.998426 0.0429046 0.0319498 -0.998568 0.11664 0.1199 -0.98591 0.119188 0.11768 -0.985873 0.130117 0.105033 -0.98592 0.145475 0.0811756 -0.986026 0.156195 0.0518205 -0.986366 0.156975 0.035312 -0.986971 0.138237 0.179753 -0.97395 0.130857 0.164053 -0.977734 0.132101 0.135334 -0.981954 -0.198469 0.253964 -0.946632 -0.262831 0.339817 -0.90302 -0.370364 0.928379 -0.0307045 -0.381101 0.924028 -0.0305606 -0.40227 0.915374 -0.0163886 -0.495803 0.867915 -0.0300447 -0.477065 0.878694 -0.0174816 -0.282875 0.326946 -0.901714 -0.679023 0.726565 -0.105034 -0.675868 0.731548 -0.0896613 -0.664271 0.744456 -0.0673051 -0.603294 0.794785 -0.0659778 -0.254458 0.310236 -0.915972 -0.548123 0.835258 -0.043661 -0.604034 0.79576 -0.0436962 -0.531505 0.846464 -0.0316367 -0.509896 0.859664 -0.0313629 -0.50883 0.86034 -0.0301165 0.500916 0.864428 -0.0429861 0.522956 0.852072 -0.0221416 0.5594 0.828592 -0.0225102 0.572332 0.81939 -0.0322079 0.616959 0.786327 -0.0324288 0.618841 0.784762 -0.0344188 0.64508 0.763332 -0.0345859 0.653191 0.75604 -0.0417641 0.631958 0.731464 -0.256104 0.656289 0.691279 -0.302354 0.245047 0.262483 -0.933303 0.194859 0.240087 -0.950993 -0.402324 0.915497 0 -0.402324 0.915497 0 -0.505913 0.648452 0.568825 -0.477138 0.878829 0 -0.477138 0.878829 0 -0.509061 0.860731 0 -0.509061 0.860731 0 -0.531771 0.846888 0 -0.531771 0.846888 0 -0.611843 0.790979 0 -0.611843 0.790979 0 -0.610683 0.789479 0.0615505 -0.66512 0.745407 0.0445406 -0.67728 0.733076 0.062389 -0.678388 0.731722 0.0661301 -0.657816 0.724574 0.205597 -0.645483 0.729271 0.226973 -0.596521 0.770759 0.223814 -0.623738 0.780387 0.0441292 -0.647397 0.723332 0.240141 -0.548761 0.64731 0.52901 -0.528341 0.647848 0.548771 -0.526232 0.645764 0.553235 0.523084 0.852281 0 0.523084 0.852281 0 0.559542 0.828802 0 0.559542 0.828802 0 0.617284 0.78674 0 0.617284 0.78674 0 0.596535 0.607472 0.524522 0.60459 0.603099 0.520329 0.637485 0.592571 0.492415 0.675835 0.631062 0.380799 0.669954 0.646775 0.364478 0.634063 0.682234 0.364034 0.597075 0.606154 0.525432 0.672603 0.723702 0.154467 0.645466 0.763789 0 0.645466 0.763789 0 0.67974 0.718327 0.148188 0.687329 0.726347 0 0.687329 0.726347 0 0.0503799 0.00360268 -0.998724 0.0475339 0.00170733 -0.998868 0.047534 0 -0.99887 -0.00684875 0 -0.999977 -0.0336047 0.0267159 -0.999078 -0.0529028 0.0274822 -0.998221 -0.0571618 0.0235368 -0.998088 -0.131157 0.026723 -0.991001 -0.147184 0.0757071 -0.986208 -0.167863 0.0860391 -0.982049 -0.225139 0.12615 -0.966126 -0.241608 0.13649 -0.960727 -0.259188 0.14947 -0.954191 -0.283445 0.19707 -0.938521 -0.236948 0.18072 -0.954566 -0.21858 0.169603 -0.960967 -0.353889 0.272631 -0.89467 -0.227612 0.226024 -0.947157 0.159346 0.0109686 -0.987162 0.159348 0.00953901 -0.987176 0.133388 0.135282 -0.981787 0.133529 0.132048 -0.982208 0.155854 0.130984 -0.979057 0.165696 0.13558 -0.976813 0.219904 0.133756 -0.966308 0.220193 0.123725 -0.967578 0.212385 0.114508 -0.970454 0.2249 0.113397 -0.967761 0.225532 0.0854641 -0.97048 0.164835 0.054703 -0.984803 0.246866 0.0537451 -0.967558 0.247173 0.0202837 -0.968759 0.234937 0.0107996 -0.971951 0.234645 0.237305 -0.942671 -0.36505 0.27981 -0.887944 -0.744091 0.659762 -0.105089 -0.678478 0.734372 -0.0191134 -0.678478 0.734372 -0.0191134 -0.757494 0.650169 -0.0590202 -0.761229 0.648121 -0.021675 -0.75897 0.65085 -0.0189623 -0.665659 0.746011 -0.019114 -0.665659 0.746012 -0.0191147 -0.624233 0.781006 -0.0190793 -0.611558 0.79061 -0.0305419 0.686733 0.725717 -0.041622 0.689357 0.723065 -0.0443189 0.658199 0.690383 -0.300241 0.676341 0.672575 -0.300342 0.682408 0.660082 -0.314023 0.257225 0.246713 -0.934328 -0.537805 0.575544 0.616048 -0.624346 0.781148 0 -0.624346 0.781148 0 -0.665781 0.746147 0 -0.665781 0.746147 0 -0.678602 0.734507 0 -0.678602 0.734507 0 -0.759106 0.650967 0 -0.759106 0.650967 0 -0.758566 0.650504 0.0377135 -0.750024 0.658107 0.0660224 -0.659938 0.718792 0.218677 -0.747223 0.629641 0.212626 -0.745345 0.630239 0.217393 -0.752617 0.609304 0.249632 -0.695802 0.517753 0.497787 -0.599234 0.524112 0.605165 -0.550863 0.57421 0.605667 0.646765 0.559424 0.518402 0.704133 0.617824 0.349985 0.664385 0.550847 0.505134 0.716649 0.603804 0.349048 0.742619 0.651592 0.154739 0.710728 0.686139 0.155178 0.704497 0.694055 0.148228 0.712366 0.701808 0 0.712366 0.701808 0 0.0482314 -0.00046336 -0.998836 0.160254 0 -0.987076 0.159964 -0.00153678 -0.987122 0.0482293 -0.00938962 -0.998792 0.0094013 -0.00940015 -0.999912 -0.0268971 -0.0312066 -0.999151 -0.0400445 -0.0319902 -0.998686 -0.0395596 -0.0266884 -0.998861 -0.0188127 -0.00596516 -0.999805 -0.00426666 -0.00854598 -0.999954 -0.0571766 -0.00595646 -0.998346 -0.0585369 -0.00670781 -0.998263 -0.120636 -0.00746988 -0.992669 -0.123375 0 -0.99236 -0.172712 0 -0.984972 -0.172566 0.073044 -0.982286 -0.254024 0 -0.967198 -0.998586 0 -0.0531663 -0.998586 0 -0.0531663 -0.862602 0.499046 -0.0828866 -0.848099 0.496182 -0.185828 -0.264189 0.150414 -0.95267 -0.835826 0.515737 -0.188177 -0.396723 0.286577 -0.872058 0.234946 0.00603361 -0.97199 0.227404 0 -0.973801 0.239006 0.204989 -0.949134 0.306454 0.233059 -0.922914 0.279411 0.181089 -0.94294 0.334572 0.194663 -0.922045 0.242342 0.130247 -0.961408 0.238521 0.122446 -0.963387 0.404613 0.148105 -0.902416 0.396683 0.143223 -0.906714 0.277423 0.0909468 -0.956434 0.277763 0.0763746 -0.957609 0.933622 0.097073 -0.344858 0.91445 0.0528328 -0.401236 0.900613 0.0394984 -0.432823 0.891523 0.0228951 -0.452396 -0.768079 0.639173 -0.0388935 -0.835722 0.537783 -0.111167 -0.828273 0.558288 -0.0477261 -0.823052 0.566699 -0.037904 -0.762632 0.646478 -0.0214152 -0.768417 0.639786 -0.0144453 -0.768497 0.639853 0 -0.768497 0.639853 0 0.711766 0.701216 -0.0410523 0.70838 0.704436 -0.044357 0.75103 0.658981 -0.0412143 0.724463 0.63567 -0.266602 0.737054 0.62134 -0.265873 -0.599675 0.519452 0.608737 -0.768327 0.639711 0.0210346 -0.754642 0.608789 0.244727 -0.80726 0.58982 0.0210716 -0.821797 0.56743 0.0517076 -0.834148 0.531378 0.147762 -0.812681 0.541062 0.216337 -0.799403 0.551474 0.238395 -0.802638 0.537576 0.258428 -0.794596 0.521429 0.311013 -0.729627 0.505646 0.460399 -0.695856 0.516789 0.498712 -0.68123 0.501951 0.532889 0.668403 0.52803 0.523853 0.7479 0.64665 0.149963 0.739626 0.600244 0.304402 0.767599 0.622945 0.150769 0.76659 0.624521 0.149373 0.734139 0.413298 0.538725 0.740277 0.411903 0.531343 0.762898 0.409644 0.500178 0.81183 0.434166 0.390427 0.822304 0.471659 0.318362 0.813047 0.52119 0.25945 0.767534 0.582811 0.266878 0.686159 0.442131 0.577673 0.69107 0.423273 0.585885 0.756455 0.654046 0 0.756455 0.654046 0 0.0543383 -0.0133979 -0.998433 0.158417 -0.0177169 -0.987213 0.157802 -0.0209312 -0.987249 0.229243 -0.000734024 -0.973369 0.235923 -0.00605871 -0.971753 0.235892 -0.0174371 -0.971623 0.0543154 -0.0319826 -0.998012 0.0408586 -0.0454085 -0.998133 0.0324506 -0.0454225 -0.998441 0.0231201 -0.0368426 -0.999054 0.0226951 -0.0469805 -0.998638 0.0173508 -0.0540624 -0.998387 -0.00417427 -0.0540701 -0.998528 -0.00426061 -0.0539188 -0.998536 -0.0240271 -0.0539037 -0.998257 -0.0278129 -0.0498819 -0.998368 -0.0657111 -0.0739427 -0.995095 -0.0432885 -0.035115 -0.998445 -0.0807889 -0.0556232 -0.995178 -0.0640715 -0.0314187 -0.997451 -0.0585156 -0.0277985 -0.997899 -0.111509 -0.0339344 -0.993184 -0.118102 -0.0160833 -0.992871 -0.187132 -0.0159105 -0.982206 -0.288607 -0.0542837 -0.955907 -0.241707 -0.0460396 -0.969257 -0.961043 -0.252365 -0.112734 -0.504813 -0.136503 -0.852368 -0.935103 -0.276283 -0.221923 -0.958634 -0.258141 -0.119934 -0.999918 0 -0.0128275 -0.999918 0 -0.0128275 -0.865757 0.500135 -0.018194 -0.865295 0.500604 -0.0257052 -0.860221 0.509268 -0.0258283 -0.839973 0.540519 -0.0477941 0.891753 -0.00285532 -0.452513 0.796277 0.579014 -0.175171 0.842707 0.511069 -0.169273 0.844037 0.465726 -0.265896 0.750924 0.616494 -0.236747 0.870429 0.436887 -0.226898 0.899258 0.380588 -0.21561 0.922964 0.361863 -0.131121 0.931596 0.346058 -0.11123 0.965104 0.244095 -0.0948285 0.968878 0.183489 -0.166155 0.950136 0.141535 -0.277866 0.910167 0.375156 -0.175654 0.935366 0.0990796 -0.33952 0.991771 0.105054 -0.0731644 0.994826 0.0702521 -0.0733897 0.994625 0.057465 -0.0861386 0.996225 -0.00957049 -0.0862772 0.996225 -0.0095705 -0.0862772 0.895124 -0.00859924 -0.445733 -0.822378 0.567831 -0.0355307 -0.807355 0.589889 -0.0144708 -0.860508 0.509438 0 -0.860508 0.509438 0 -0.822898 0.56819 0 -0.822898 0.56819 0 -0.807439 0.589951 0 -0.807439 0.589951 0 0.755954 0.653613 -0.0363808 0.772387 0.634114 -0.0362958 -0.682189 0.495745 0.537453 -0.852938 0.504956 0.132349 -0.839064 0.523738 0.147209 -0.812961 0.507444 0.285648 -0.70917 0.485891 0.510869 -0.830322 0.481136 0.2812 -0.72292 0.39362 0.567847 0.775288 0.631607 0 0.775288 0.631607 0 0.78742 0.597911 0.149906 0.810871 0.571259 0.127087 0.8175 0.575929 0 0.8175 0.575929 0 0.762433 0.356396 0.540073 0.758633 0.406201 0.509388 0.867923 0.385595 0.313091 0.76773 0.316783 0.556991 0.796064 0.306881 0.521637 0.863855 0.344245 0.367763 0.868167 0.352134 0.349697 0.904602 0.40189 0.142056 0.904319 0.403179 0.140195 0.895925 0.424619 0.130453 0.85899 0.492701 0.139216 0.835283 0.535444 0.124907 0.848772 0.514397 0.122405 0.838399 0.531476 0.120909 0.155642 -0.0428476 -0.986884 0.252599 -0.0303305 -0.967095 0.252125 -0.0683075 -0.965281 0.203198 -0.0691153 -0.976695 0.155111 -0.0531019 -0.986469 0.894921 -0.0229823 -0.445632 0.911219 -0.0541265 -0.408352 0.0710525 -0.111999 -0.991165 0.0512275 -0.0774789 -0.995677 0.142856 -0.0862799 -0.985976 0.133559 -0.100659 -0.985916 0.122905 -0.112976 -0.985967 0.0925152 -0.1393 -0.985919 0.0358377 -0.0548026 -0.997854 0.0801274 -0.153313 -0.984924 0.0733735 -0.161755 -0.984099 0.0242034 -0.221269 -0.974913 0.0239957 -0.221487 -0.974868 0.00248913 -0.246352 -0.969177 0 -0.248856 -0.968541 -0.00665227 -0.235456 -0.971862 -0.0150572 -0.219689 -0.975454 -0.0313798 -0.186743 -0.981908 -0.0806795 -0.089756 -0.992691 -0.0898076 -0.074933 -0.993136 -0.0942784 -0.0674703 -0.993257 -0.101563 -0.0575796 -0.993161 -0.10737 -0.0463782 -0.993137 -0.205653 -0.0955744 -0.973947 -0.240805 -0.0977211 -0.965641 -0.279177 -0.114499 -0.953389 -0.965263 -0.253473 -0.0633873 -0.963388 -0.259421 -0.0677066 -0.973296 -0.227517 -0.0304997 -0.976864 -0.212717 -0.0220799 -0.9134 -0.350999 -0.206158 -0.934866 -0.297939 -0.193023 -0.317865 -0.139984 -0.937745 -0.756582 -0.349424 -0.552708 -0.890006 -0.383018 -0.24736 -0.951346 -0.303191 -0.0549276 -0.961029 -0.27082 -0.0554867 -1 0 0 -1 0 0 -0.8659 0.500217 0 -0.8659 0.500217 0 0.808336 0.587783 -0.0332416 0.774858 0.631257 -0.0333069 0.817265 0.575763 -0.0239876 0.844359 0.535255 -0.0236565 0.854325 0.518115 -0.0410588 0.854488 0.517861 -0.0408635 0.893013 0.448223 -0.0402897 0.903305 0.428117 -0.0275004 0.913001 0.40705 -0.0271894 0.923077 0.380478 -0.0562569 0.929507 0.364428 -0.0566487 0.936254 0.347788 -0.0497204 0.932872 0.356742 -0.0498543 0.953478 0.300647 -0.0221771 0.966886 0.254358 -0.0208182 0.969093 0.245104 -0.0279752 0.97853 0.204161 -0.0282476 0.981439 0.185868 -0.0472183 0.990325 0.130332 -0.0476458 0.997516 0.0704421 0 0.997516 0.0704421 0 0.991451 0.13048 0 0.991451 0.13048 0 0.999954 -0.00960632 0 0.999954 -0.00960632 0 0.915885 -0.0587957 -0.397111 0.99424 -0.0638257 -0.0861052 -0.642908 0.323828 0.694122 -0.864631 0.499484 0.054122 -0.855878 0.500067 0.131929 -0.999394 0 0.0347985 -0.999394 0 0.0347985 -0.729943 0 0.683508 -0.679679 0.0475956 0.731964 -0.64125 0.322307 0.69636 0.844596 0.535405 0 0.844596 0.535405 0 0.916822 0.36318 0.165942 0.918502 0.36817 0.144239 0.792791 0.277792 0.542507 0.92912 0.132178 0.345348 0.957507 0.1746 0.229555 0.957834 0.199166 0.20709 0.923833 0.290284 0.249535 0.791473 0.264351 0.55108 0.826968 0.179179 0.532934 0.837291 0.159044 0.523115 0.927841 0.354818 0.114962 0.934033 0.357186 0 0.934033 0.357186 0 0.913339 0.407201 0 0.913339 0.407201 0 0.903647 0.428279 0 0.903647 0.428279 0 0.855202 0.518294 0 0.855202 0.518294 0 0.937431 -0.110422 -0.330198 0.28888 -0.094244 -0.952715 0.288299 -0.0940572 -0.95291 0.240004 -0.0878536 -0.966789 0.239072 -0.12413 -0.963035 0.221149 -0.125204 -0.96717 0.200255 -0.155983 -0.967247 0.177146 -0.14462 -0.973501 0.242384 -0.148258 -0.958785 0.2421 -0.15578 -0.957664 0.154818 -0.145026 -0.97724 0.154641 -0.162454 -0.974523 0.158384 -0.198967 -0.967123 0 -1 0 0 -1 0 0 -1 0 0 -1 0 0 -1 0 0 -1 0 0 -1 0 0 -1 0 0 -1 0 0 -1 0 0 -1 0 0 -1 0 0 -1 0 0 -1 0 0 -1 0 0 -1 0 0 -1 0 0 -1 0 0 -1 0 0 -1 0 0 -1 0 0 -1 0 0 -1 0 0 -1 0 -0.145063 -0.130235 -0.980814 -0.20563 -0.128815 -0.970115 -0.206044 -0.11238 -0.972068 -0.202511 -0.107933 -0.973314 -0.205399 -0.107615 -0.972744 -0.216452 -0.115226 -0.96947 -0.229326 -0.12166 -0.965717 -0.962512 -0.271238 0 -0.962512 -0.271238 0 -0.973749 -0.227623 0 -0.973749 -0.227623 0 -0.977103 -0.212769 0 -0.977103 -0.212769 0 -0.903923 -0.425478 -0.0434925 -0.912741 -0.40728 -0.0320378 -0.932999 -0.358531 -0.0311106 -0.902545 -0.424829 -0.0702387 -0.94312 -0.331546 -0.0245233 -0.937122 -0.348112 -0.0248967 -0.32658 -0.190548 -0.925763 -0.579362 -0.36276 -0.729894 -0.789283 -0.582791 -0.193356 -0.846066 -0.530683 -0.0504759 -0.848468 -0.527327 -0.0450295 -0.894564 -0.444852 -0.0431461 -0.902513 -0.425022 -0.0694754 -0.681254 -0.593856 -0.428052 -0.943404 -0.331645 0 -0.943404 -0.331645 0 0.953712 0.300721 0 0.953712 0.300721 0 0.967096 0.254413 0 0.967096 0.254413 0 0.97892 0.204243 0 0.97892 0.204243 0 0.978189 0.128734 0.163016 0.977789 0.119268 0.172348 0.982226 0.0725128 0.17313 0.982976 0.0694153 0.170114 0.985309 -0.00946563 0.170518 0.985309 -0.00946563 0.170518 0.996796 -0.0799898 0 0.996796 -0.0799898 0 0.994339 -0.0797926 -0.0701648 0.990217 -0.120784 -0.0698739 0.941091 -0.114792 -0.318074 -0.39514 0.162901 0.904062 -0.974843 -0.212277 0.0679661 -0.970572 -0.226881 0.0807137 -0.950521 -0.267859 0.157359 -0.944046 -0.274613 0.182659 -0.925927 -0.261289 0.272739 -0.779888 -0.113989 0.615452 -0.693523 -0.0694737 0.717077 -0.674453 -0.0578287 0.73605 -0.679255 0.0468266 0.732407 -0.197661 0.0337576 0.979689 -0.209538 0.0445771 0.976784 -0.212004 0.0465022 0.976162 -0.325827 0.118502 0.937973 0.970292 0.179966 0.161696 0.972846 0.202976 0.111227 0.965193 0.253913 0.0626932 0.951536 0.300034 0.0675231 0.839063 0.10373 0.534053 0.910399 0.0982103 0.401905 0.923465 0.112642 0.366776 0.970292 0.179962 0.1617 0.830666 0.0869987 0.549931 0.949735 -0.139846 -0.280082 0.407761 -0.147799 -0.901047 0.260246 -0.138729 -0.955524 0.431744 -0.16252 -0.887234 0.269626 -0.156766 -0.950119 0.260922 -0.213669 -0.941417 0.302962 -0.203664 -0.930986 0.325222 -0.243257 -0.913814 0.280517 -0.254086 -0.925608 0.35218 -0.214004 -0.911137 0.554214 -0.752106 -0.356629 -0.205707 -0.12952 -0.970005 -0.25359 -0.168643 -0.952498 -0.903436 -0.426513 -0.0434691 -0.899798 -0.435096 -0.0324835 -0.900273 -0.435326 0 -0.900273 -0.435326 0 -0.91321 -0.407489 0 -0.91321 -0.407489 0 -0.937413 -0.34822 0 -0.937413 -0.34822 0 -0.84403 -0.535488 -0.0294346 -0.844886 -0.534125 -0.02963 -0.846738 -0.53055 -0.0393781 -0.885856 -0.463858 -0.00974659 -0.898139 -0.438544 -0.0320391 -0.858033 -0.513492 -0.010259 -0.934705 -0.328587 0.13549 0.900974 0.0804749 0.426345 0.9019 0.0665827 0.426783 0.894151 0.0519259 0.444745 0.895325 -0.00860118 0.445329 0.982287 -0.0788255 0.169995 0.9883 -0.145926 -0.0443817 0.989274 -0.14607 0 0.989274 -0.14607 0 0.973053 -0.20254 -0.110208 0.978072 -0.203585 -0.0439224 -0.928423 -0.344881 0.138161 -0.902597 -0.393453 0.174681 -0.879548 -0.398344 0.260224 -0.861945 -0.392523 0.3209 -0.838892 -0.396751 0.372625 -0.128621 -0.0553918 0.990146 -0.128859 -0.053834 0.990201 -0.131136 -0.0400672 0.990554 -0.221258 -0.022727 0.97495 -0.131145 -0.0398578 0.990562 -0.141043 -0.0248033 0.989693 -0.146537 -0.018564 0.989031 -0.14856 -0.0152597 0.988786 -0.148902 -0.0142799 0.988749 -0.150326 -0.0115064 0.98857 -0.156765 -0.00312986 0.987631 -0.15832 -0.00120769 0.987387 -0.164319 0.00464756 0.986396 -0.179069 0.0187028 0.983659 0.830987 0.0846614 0.549812 0.821699 0.0717021 0.565393 0.96753 -0.244759 -0.0630792 0.925092 -0.372089 -0.075863 0.918779 -0.380469 -0.105304 0.904322 -0.390525 -0.172315 0.858062 -0.478953 -0.185294 0.746231 -0.63697 -0.193413 0.736462 -0.648115 -0.193832 0.858561 -0.491708 -0.145246 0.855275 -0.507798 -0.103182 0.78823 -0.605801 -0.108158 0.764689 -0.627795 -0.145345 0.750384 -0.660368 -0.0289562 -0.885898 -0.46388 0 -0.885898 -0.46388 0 -0.899268 -0.43484 0.0472405 -0.904123 -0.403434 0.140723 -0.840825 -0.540794 -0.0235655 -0.841058 -0.540944 0 -0.841058 -0.540944 0 -0.858078 -0.513519 0 -0.858078 -0.513519 0 0.82262 0.0539383 0.566027 0.811456 0.0416736 0.582926 0.812137 -0.007802 0.583415 0.813503 -0.00917645 0.581489 0.895225 -0.00877226 0.445529 0.8938 -0.0570654 0.44482 0.90349 -0.075403 0.421924 0.981508 -0.0819141 0.173006 0.976251 -0.131612 0.17208 0.97659 -0.144197 0.15962 0.975113 -0.221707 0 0.975113 -0.221707 0 0.974808 -0.221638 -0.0250128 0.969161 -0.245172 -0.0248679 -0.885822 -0.46384 0.0131362 -0.857996 -0.51347 0.0138268 -0.840079 -0.540315 0.0482319 -0.776768 -0.608376 0.162817 -0.791412 -0.468667 0.392451 -0.786973 -0.465802 0.404602 -0.745633 -0.474212 0.468139 -0.120728 -0.0752153 0.989832 -0.122071 -0.0673346 0.990235 -0.1228 -0.0634364 0.990402 -0.127062 -0.0575063 0.990226 0.966113 -0.257585 -0.0165985 0.944917 -0.326794 -0.0183565 0.930165 -0.364856 -0.0409106 0.926437 -0.37263 -0.0534895 0.922604 -0.382053 -0.0532682 0.910765 -0.412208 -0.0243435 0.887382 -0.460352 -0.0251058 0.866719 -0.49638 -0.0490376 0.750946 -0.659749 -0.0284779 0.750418 -0.660333 -0.0288588 0.772585 -0.634278 -0.0283529 0.858829 -0.509908 -0.0490601 0.843522 -0.536734 -0.0196978 0.797633 -0.602805 -0.0202016 0.792627 -0.609181 -0.0253304 0.855197 -0.516987 -0.0369189 0.77504 -0.631404 -0.0253594 0.81264 -0.0469532 0.580872 0.823699 -0.0594319 0.563904 0.82239 -0.0818328 0.563008 0.827316 -0.0883813 0.55474 0.902876 -0.0838894 0.421637 0.91235 -0.101583 0.396609 0.932665 -0.125736 0.338121 0.96528 -0.189835 0.179434 0.969647 -0.186192 0.158485 0.939789 -0.160469 0.301738 0.95845 -0.18846 0.214143 0.972241 -0.221054 0.0767002 0.966246 -0.25762 0 0.966246 -0.25762 0 -0.107798 -0.124273 0.986375 -0.108101 -0.115729 0.987381 -0.111371 -0.0910481 0.989599 -0.116735 -0.0818077 0.989788 0.945077 -0.326849 0 0.945077 -0.326849 0 0.930944 -0.365161 0 0.930944 -0.365161 0 0.911035 -0.41233 0 0.911035 -0.41233 0 0.887661 -0.460497 0 0.887661 -0.460497 0 0.85578 -0.517339 0 0.85578 -0.517339 0 0.751251 -0.660017 0 0.751251 -0.660017 0 0.775289 -0.631607 0 0.775289 -0.631607 0 0.843686 -0.536838 0 0.843686 -0.536838 0 0.797795 -0.602928 0 0.797795 -0.602928 0 0.825683 -0.108282 0.553645 0.800297 -0.151334 0.580192 0.810433 -0.217004 0.544158 0.958387 -0.201148 0.202567 0.910702 -0.322238 0.258426 0.906573 -0.36861 0.205552 0.911617 -0.38638 0.140236 0.927855 -0.36395 0.0814008 0.944041 -0.326491 0.0468055 0.965386 -0.257391 0.0421967 0.785561 -0.285988 0.54873 0.883043 -0.345009 0.318126 0.909389 -0.391715 0.139893 0.903829 -0.409069 0.12552 0.880058 -0.456553 0.130605 0.874665 -0.464958 0.137023 0.860149 -0.490581 0.139549 0.852337 -0.515258 0.0896184 0.771397 -0.628436 0.100073 0.754795 -0.641224 0.138258 0.7452 -0.65229 0.138542 0.744412 -0.654009 0.13462 0.841764 -0.535615 0.0674605 0.795871 -0.601474 0.0694216 0.74157 -0.292158 0.603919 0.890041 -0.36195 0.277164 0.888164 -0.382572 0.254566 0.733509 -0.421295 0.533362 0.835987 -0.464958 0.291444 0.850272 -0.45199 0.269709 0.5039 -0.688901 0.521057 0.840947 -0.486492 0.236925 0.848084 -0.493357 0.193268 0.763397 -0.603651 0.229848 0.754232 -0.629445 0.186903 0.837048 -0.502064 0.217447 0.709668 -0.642378 0.289348 0.733041 -0.663535 0.149573 0.73464 -0.620208 0.27504 0.72904 -0.620848 0.288181 0.677721 -0.435065 0.5928 0.638056 -0.488234 0.595409 0.647822 -0.524934 0.55206 0.623259 -0.67854 0.388757 0.613179 -0.635414 0.469319 0.683361 -0.655814 0.320821 -0.03063 -0.836033 0.547824 -1 0 0 -1 0 0 -1 0 0 -1 0 0 -1 0 0 -1 0 0 -1 0 0 -1 0 0 -1 0 0 -1 0 0 -1 0 0 -1 0 0 -1 0 0 -1 0 0 -1 0 0 -1 0 0 -1 0 0 -1 0 0 -1 0 0 -1 0 0 -1 0 0 -1 0 0 -1 0 0 -1 0 0 -1 0 0 -1 0 0 -1 0 0 -1 0 0 -1 0 0 0 0 -1 0 0 -1 0 0 -1 0 0 -1 0 0 -1 0 0 -1 0 0 -1 0 0 -1 0 0 -1 0 0 -1 0 0 -1 0 0 -1 0 0 -1 0 0 -1 0 0 -1 0 0 -1 0 0 -1 0 0 -1 0 0 -1 0 0 -1 0 0 -1 0 0 -1 0 0 -1 0 -0.744851 0.667231 0 -0.744851 0.667231 -0.0251134 -0.744616 0.66702 -0.0272533 -0.751438 0.65924 -0.0273757 -0.7536 0.656763 -0.584065 0.0476229 -0.810309 0.00282072 -0.761719 0.647902 0.00101432 -0.744993 0.667072 0.000840144 -0.744851 0.66723 0 -0.630738 0.775995 0 -0.630738 0.775995 -0.0250046 -0.630541 0.775753 -0.027956 -0.618781 0.785066 0 1 0 0 1 0 0 1 0 0 1 0 0 1 0 0 1 0 0 1 0 0 1 0 0 1 0 0 1 0 0 1 0 0 1 0 0 1 0 0 1 0 0 1 0 -0.365908 0.778935 -0.509286 -0.00889796 0.836944 -0.547216 0.122706 -0.755965 0.643008 0.329352 -0.807236 0.489793 0.0899667 -0.741972 0.664367 0.0893874 -0.626773 0.774058 0.00244526 -0.62929 0.777167 0.000977114 -0.630738 0.775995 0 -0.614011 0.789298 0 -0.614011 0.789298 -0.0280673 -0.613769 0.788987 -0.0280436 -0.615644 0.787525 -0.0828835 0.0162494 0.996427 -0.0598764 0.04546 0.99717 -0.0304202 0.0912145 0.995367 -0.0118602 0.126821 0.991855 0 0.151184 0.988506 -0.097099 0 0.995275 0.11356 -0.611249 0.783249 0.324087 -0.766884 0.553947 0.288028 -0.605249 0.742101 0.273393 -0.56725 0.776843 0.263349 -0.543847 0.796792 0.00248046 -0.615227 0.788346 0.00148958 -0.61401 0.789297 0 -0.482068 0.876134 0 -0.482068 0.876134 -0.0292759 -0.481861 0.875758 -0.0298994 -0.485227 0.873877 -0.0318394 -0.596297 0.802132 -0.0289344 -0.0151014 0.999467 -0.000251631 -0.000755168 1 -0.000251631 0.00106835 0.999999 -0.0307571 0.0162979 0.999394 -0.0851601 -0.0131714 0.99628 -0.0832796 -0.0150553 0.996413 -0.000158684 0.00125397 0.999999 0.000628732 0.00440476 0.99999 0.00062802 0.0477917 0.998857 -0.011925 0.072829 0.997273 0.00692651 0.145525 0.98933 0.000971057 0.15047 0.988614 0.0550086 0.101928 0.99327 0.0552786 0.102469 0.993199 0.754939 -0.121928 0.64436 0.7589 -0.123381 0.639412 0.229053 -0.4676 0.853748 0.0027596 -0.480369 0.877062 0.00165347 -0.482067 0.876133 0.261842 -0.521007 0.812398 0.255876 -0.489568 0.833577 0.319559 -0.598894 0.734308 0.319605 -0.598511 0.7346 0.319729 -0.567397 0.758837 0.269498 -0.53202 0.802699 0 -0.423462 0.905914 0 -0.423462 0.905914 -0.028089 -0.423295 0.905556 -0.0328032 -0.406638 0.913 -0.0652813 -0.03484 0.997259 -0.0602434 -0.0398929 0.997386 -0.0569603 -0.0431655 0.997443 -0.0119299 -0.0669596 0.997684 0.000838046 -0.0415714 0.999135 0.000838762 -0.00461486 0.999989 0 -0.00125861 0.999999 -0.0313579 -0.0736673 0.99679 -0.0258141 -0.0796883 0.996486 -0.0253123 -0.0802296 0.996455 0.142641 0.00124115 0.989774 0.142641 -0.00124574 0.989774 0.176999 0.0398708 0.983403 0.138144 0.0585075 0.988683 0.0552003 0.0589839 0.996732 0.177022 0.0363961 0.983534 0.186705 0.0363299 0.981744 0.198382 0.0324895 0.979586 0.758859 -0.123441 0.639449 0.759424 -0.123642 0.638739 0.760149 -0.123778 0.63785 0.67623 -0.106335 0.728976 0.653942 -0.103439 0.74944 0.635367 -0.103042 0.765304 0.218752 -0.407195 0.886758 0.24821 -0.4138 0.875877 0.247386 -0.409788 0.877994 0.231644 -0.397332 0.887957 0.0102945 -0.41728 0.90872 0.00285036 -0.42346 0.90591 0.323879 -0.564247 0.759426 0.302565 -0.447565 0.841511 0.289466 -0.431377 0.854472 0.321492 -0.598704 0.733619 0.363919 -0.567306 0.738733 0 -0.335031 0.942207 0 -0.335031 0.942207 -0.0338332 -0.334839 0.941668 -0.0364115 -0.32165 0.946158 -0.0118998 -0.0974484 0.995169 0.0636334 -0.115029 0.991322 0.0525629 -0.0929265 0.994285 -0.00106304 -0.112389 0.993664 0.0168295 -0.131792 0.991135 0.0630474 -0.176982 0.982193 0.052707 -0.0564907 0.997011 0.175066 -0.0556957 0.98298 0.175233 -0.0346864 0.983916 -0.0033285 -0.119563 0.992821 -0.00250153 -0.1188 0.992915 -0.00106261 -0.116058 0.993242 0.349575 -0.0330087 0.936327 0.25898 0.00809207 0.965849 0.760979 -0.124175 0.636782 0.759404 -0.123677 0.638756 0.758431 -0.123699 0.639906 0.629072 -0.102414 0.770571 0.630759 -0.102861 0.769131 0.733973 -0.119952 0.668503 0.757255 -0.12359 0.64132 0.619298 -0.100746 0.778666 0.626773 -0.102047 0.772491 0.0106533 -0.339903 0.9404 0.181984 -0.334246 0.924749 0.275399 -0.384818 0.880949 0.185516 -0.265879 0.945987 0.133504 -0.236433 0.962433 0.13586 -0.251508 0.958272 0.169613 -0.314145 0.934101 0.278501 -0.380875 0.881687 0.279973 -0.378268 0.882343 0.0071144 -0.335022 0.942183 0.365907 -0.567294 0.73776 0.373151 -0.566224 0.734948 0.382533 -0.546358 0.745092 0.373227 -0.517931 0.769708 0.323239 -0.458516 0.827816 0.306126 -0.389227 0.868786 -0.0275868 -0.276231 0.960695 -0.0335775 -0.279598 0.95953 -0.0338924 -0.280075 0.95938 -0.0341093 -0.28115 0.959058 -0.0354652 -0.303473 0.95218 0 -0.262933 0.964814 -0.000607981 -0.263081 0.964774 -0.0016845 -0.263473 0.964665 -0.0115636 -0.268174 0.963301 0.0784997 -0.193378 0.977979 0.0886763 -0.195584 0.97667 0.101477 -0.197995 0.974936 0.112185 -0.198344 0.973691 0.147528 -0.19749 0.96914 0.268704 -0.153259 0.950952 0.156652 -0.197699 0.967665 0.158468 -0.197668 0.967375 0.20244 -0.195978 0.959484 0.210678 -0.195305 0.957847 0.226559 -0.193639 0.954555 0.23008 -0.193129 0.953816 0.267549 -0.178516 0.946863 0.0149286 -0.131796 0.991164 0.0148501 -0.16635 0.985955 0.0576347 -0.207813 0.976469 0.356459 -0.148659 0.922409 0.361123 -0.147113 0.920841 0.365772 -0.145312 0.919291 0.40305 -0.12806 0.906174 0.418391 -0.0944041 0.903347 0.419298 -0.0679215 0.905304 0.4174 -0.0656178 0.906351 0.408786 -0.0579427 0.910789 -0.00330804 -0.162417 0.986717 -0.00248558 -0.163219 0.986587 -0.00120075 -0.165804 0.986158 -0.000621318 -0.166368 0.986064 0.450895 -0.064355 0.890254 0.513678 -0.0618608 0.85575 0.757498 -0.124465 0.640863 0.759411 -0.124481 0.638591 0.617517 -0.100663 0.780089 0.630783 -0.10291 0.769105 0.617315 -0.100599 0.780258 0.631175 -0.10301 0.76877 0.730017 -0.119366 0.672925 0.655883 -0.119342 0.745369 0.662859 -0.12868 0.737604 0.753542 -0.128334 0.644752 0.61654 -0.100436 0.780891 0.616661 -0.100459 0.780792 0.0994668 -0.25261 0.962442 0.0102311 -0.253855 0.967188 0.00729771 -0.256717 0.966459 0.214408 -0.223513 0.950827 0.315652 -0.344774 0.884022 0.320901 -0.334529 0.886066 0.112053 -0.206739 0.971958 0.108696 -0.206817 0.972323 0.32515 -0.371111 0.869801 0.318613 -0.347088 0.882052 0.410618 -0.541597 0.73353 0.412446 -0.535014 0.737325 0.436646 -0.472676 0.765453 0.358788 -0.391358 0.847414 0.431001 -0.525053 0.733865 0.444643 -0.507189 0.738276 -0.000610895 -0.244994 0.969524 0.0187356 -0.244951 0.969354 -0.000944143 -0.244541 0.969638 -0.00152568 -0.245282 0.96945 -0.00162278 -0.247074 0.968995 0.0528744 -0.211949 0.975849 0.346634 -0.308418 0.885846 0.231709 -0.204181 0.951116 0.350326 -0.306484 0.885065 0.364952 -0.308369 0.878475 0.370611 -0.308406 0.87609 0.384879 -0.226052 0.894857 0.365382 -0.152324 0.91831 -0.000615742 -0.212246 0.977216 0.44316 -0.16207 0.88167 0.44619 -0.113603 0.887699 0.450532 -0.0927923 0.887925 0.462833 -0.106686 0.880002 0.451042 -0.079791 0.888929 0.45673 -0.0797646 0.886022 0.517007 -0.0767498 0.852534 0.51423 -0.0734105 0.854505 0.451358 -0.064435 0.890014 -0.00132207 -0.167568 0.98586 -0.00131052 -0.212072 0.977253 -0.000872276 -0.212491 0.977163 0.528099 -0.0838585 0.845032 0.520625 -0.0805679 0.849976 0.524243 -0.08366 0.847449 0.744036 -0.202801 0.636618 0.602334 -0.098156 0.792187 0.535483 -0.0953291 0.839148 0.529947 -0.171681 0.830471 0.589317 -0.248053 0.768879 0.602951 -0.237233 0.761689 0.605057 -0.09857 0.790057 0.60399 -0.0984003 0.790894 0.631437 -0.238711 0.73777 0.651304 -0.224823 0.724747 0.688924 -0.226787 0.688441 0.545619 -0.087087 0.833496 0.549852 -0.0880746 0.830606 0.581412 -0.094451 0.808108 0.342589 -0.344012 0.874236 0.36304 -0.323341 0.873872 0.470101 -0.500255 0.727153 0.46891 -0.488325 0.735977 0.511421 -0.444565 0.735399 0.494506 -0.409519 0.766653 0.416563 -0.339199 0.843457 -0.000950971 -0.214818 0.976654 0.404834 -0.321167 0.856132 0.548445 -0.352918 0.758061 0.536223 -0.353931 0.766289 0.546643 -0.355138 0.758326 0.527349 -0.0890655 0.844967 0.522018 -0.0873884 0.848446 0.525732 -0.0854779 0.846345 0.525738 -0.0855893 0.84633 0.540808 -0.0862881 0.836709 0.526744 -0.0856324 0.8457 0.648769 -0.398483 0.648314 0.57972 -0.0943779 0.809331 0.576672 -0.0939017 0.811562 0.55423 -0.0903275 0.827448 0.547905 -0.35544 0.757273 0.561199 -0.361483 0.744571 0.602702 -0.375309 0.704197 0.538542 -0.0875726 0.838035 0.545675 -0.0888726 0.833271 0.520027 -0.445252 0.728919 0.52683 -0.415876 0.741281 0.542674 -0.404383 0.736193 0.549315 -0.388836 0.739634 0.556421 -0.386732 0.735414 -0.999979 -0.0032113 -0.00559135 -0.999968 -0.00528597 -0.00607784 -0.999869 -0.0150254 -0.00605091 0 0 1 0 0 1 0 0 1 0 0 1 0 0 1 0 0 1 0 0 1 0 0 1 0 0 1 0 0 1 0 0 1 0 0 1 0 0 1 0 0 1 0 0 1 0 0 1 0 0 1 0 0 1 0 0 1 0 0 1 0 0 1 0 0 1 0 0 1 -0.999942 0.0105795 -0.00181052 -0.999811 0.0193261 -0.00191608 -0.999831 0.0176025 -0.00523255 -0.997655 0.0399804 -0.0555606 -0.997299 0.0248857 -0.0691087 -0.998721 0 -0.0505571 -0.999185 -0.00795963 -0.0395705 -0.994867 -0.0634248 -0.078852 -0.999693 -0.0239746 -0.0062844 -0.999746 -0.0217076 -0.00609663 -0.999692 -0.0240445 -0.00608482 -0.998176 -0.0603687 -0.000185036 -0.998166 -0.0605336 0 -0.990846 -0.110466 0.077595 -0.999709 0.0240762 -0.00114496 -0.980749 0.195267 -0.00177554 -0.980237 0.197808 -0.00271731 -0.980268 0.188708 -0.0588596 -0.983073 0.149996 -0.105211 -0.999505 0.0314731 -0.000179263 -0.98478 0.173806 -0.000176622 -0.963777 0.194134 -0.182882 -0.955829 0.201422 -0.214056 -0.93722 0.20921 -0.279016 -0.849066 0.18493 -0.494862 -0.589859 0.110095 -0.799966 -0.507638 0.0818019 -0.857678 -0.326213 0.0351741 -0.944642 -0.300172 0.0228168 -0.953612 -0.283593 0 -0.958945 -0.27906 -0.00334846 -0.960268 -0.296433 -0.0252653 -0.95472 -0.313852 -0.0332909 -0.948888 -0.335946 -0.0402467 -0.941021 -0.661179 -0.125151 -0.739716 -0.862467 -0.17332 -0.475511 -0.993218 -0.0732884 -0.0902624 -0.981932 -0.189237 -0.000182024 -0.979665 -0.154354 -0.128185 -0.978048 -0.187012 -0.0919195 -0.977974 -0.208712 -0.00254828 -0.978188 -0.207711 -0.00214116 -0.98198 -0.188987 0 -0.990817 -0.110669 0.0776763 -0.990941 0.0823768 0.106064 -0.999498 0.0316738 0 -0.984841 0.173459 0 -0.975018 0.222122 0.0014116 -0.978506 0.206201 -0.002726 -0.972009 0.234939 0.00140724 -0.967069 0.254485 -0.00377967 -0.952834 0.250739 -0.170989 -0.943656 0.316585 -0.0963685 -0.888261 0.445833 -0.110573 -0.398673 0.199097 -0.895221 -0.337315 0.160021 -0.927692 -0.256524 0.121157 -0.958914 -0.241491 0.111165 -0.964015 -0.242205 0.0806787 -0.966865 -0.206996 0.0542782 -0.976835 -0.207247 0.0227919 -0.978023 -0.16473 -0.000482694 -0.986338 -0.165628 0.00279034 -0.986184 -0.162712 0 -0.986674 -0.168861 -0.00202617 -0.985638 -0.170533 -0.00293719 -0.985348 -0.176332 -0.00834259 -0.984295 -0.205062 -0.0217513 -0.978507 -0.213274 -0.0285858 -0.976574 -0.212532 -0.0880452 -0.973179 -0.928852 -0.204587 -0.308832 -0.926563 -0.20086 -0.318021 -0.21119 -0.0890774 -0.973378 -0.280764 -0.233666 -0.930898 -0.930831 -0.215076 -0.295458 -0.963972 -0.183546 -0.192533 -0.976588 -0.215102 -0.00254467 -0.97416 -0.22586 0.000282122 -0.942074 0.335403 -0.000609473 -0.948062 0.318063 -0.00370539 -0.892895 0.450265 -0.000118493 -0.888146 0.44787 -0.103004 -0.888132 0.447952 -0.102765 -0.887537 0.449603 -0.100676 -0.816603 0.567045 -0.107795 -0.797547 0.586862 -0.139684 -0.760461 0.604456 -0.237341 -0.313124 0.203352 -0.927686 -0.300594 0.182789 -0.936072 -0.226984 0.128214 -0.965422 -0.227437 0.111836 -0.967349 -0.227193 0.111596 -0.967434 -0.114385 0.0551157 -0.991906 -0.110243 0.0537438 -0.992451 -0.00847989 0.00282932 -0.99996 -0.00983553 -0.00491991 -0.99994 -0.0172809 -0.00847414 -0.999815 0 0 -1 0 0 -1 0 0 -1 0 0 -1 0 0 -1 0 0 -1 0 0 -1 0 0 -1 0 0 -1 -0.116334 -0.0990013 -0.988264 -0.942917 -0.267081 -0.198935 -0.958565 -0.284868 -0.00177164 -0.960591 -0.277965 0.000278191 0 -1 0 0 -1 0 0 -1 0 0 -1 0 0 -1 0 0 -1 0 0 -1 0 0 -1 0 0 -1 0 0 -1 0 0 -1 0 -0.892859 0.450337 -0.000106988 -0.89164 0.452743 0.00109253 -0.892069 0.451899 0.000568007 -0.821388 0.570368 0.00142009 -0.80802 0.589134 0.00497526 -0.805434 0.592665 0.00497604 -0.768997 0.639182 0.00949833 -0.746858 0.62078 -0.238402 -0.793036 0.609103 0.00931293 -0.700435 0.650201 -0.294328 -0.250434 0.224739 -0.941687 -0.218673 0.160369 -0.96253 -0.183788 0.128214 -0.974568 -0.163723 0.118409 -0.979374 -0.0997263 0.0538038 -0.993559 -0.0221142 0.0150501 -0.999642 -0.000942747 0.000942066 -0.999999 -0.00498257 -0.00492009 -0.999976 -0.760999 0.648649 0.0115672 -0.734394 0.678623 0.0116904 -0.730724 0.682589 0.0107077 -0.699131 0.653077 -0.291043 -0.680209 0.672618 -0.291379 -0.660974 0.682003 -0.313027 -0.230483 0.24066 -0.942847 -0.216593 0.209753 -0.953463 -0.126199 0.120617 -0.984645 -0.126218 0.119244 -0.98481 -0.000941107 0.00094152 -0.999999 -0.000941656 0.00094152 -0.999999 -0.11842 0.120792 -0.985589 -0.00375419 0.00611008 -0.999974 -0.000941105 0.00223756 -0.999997 1 0 0 1 0 0 1 0 0 1 0 0 1 0 0 1 0 0 1 0 0 1 0 0 -0.702239 0.711825 0.0129179 -0.711022 0.703088 0.0107338 -0.666273 0.745597 0.0128789 -0.662859 0.748646 0.0121034 -0.638707 0.721368 -0.267735 -0.619317 0.738439 -0.266747 -0.213887 0.283353 -0.93486 -0.185345 0.21943 -0.957861 -0.121982 0.152495 -0.980748 -0.11773 0.146481 -0.982183 0 0.00188354 -0.999998 -0.00373366 0.10461 -0.994506 0.0298877 -0.00340197 -0.999547 0.370484 -0.0189827 -0.928645 -0.497678 0.867355 0.00334316 -0.503989 0.863703 0.00347024 -0.640122 0.768179 0.0120193 -0.630455 0.776167 0.00954255 -0.614028 0.755944 -0.226979 -0.616003 0.748281 -0.246202 -0.120805 0.231215 -0.965373 0.139024 -0.0149697 -0.990176 0.277463 -0.0179322 -0.960569 0.166859 -0.0157427 -0.985855 -0.49117 0.856012 -0.161229 -0.588075 0.790953 -0.169003 -0.596653 0.80249 0.00402345 -0.623913 0.781436 0.00954623 0.822358 0.56897 0 0.822358 0.56897 0 0 1 0 0 1 0 0 1 0 0 1 0 0 1 0 0 1 0 0 1 0 0 1 0 0 1 0 0 1 0 0 1 0 0 1 0 0 1 0 0 1 0 0 1 0 0.821682 0.568502 0.0405406 0.837269 0.54505 0.0435985 0.887694 0.458783 0.0389545 0.884117 0.467266 0 0.810246 0.586087 -0.00188335 0.030411 0.999532 -0.00321193 0.73628 0.532041 0.418119 0.78022 0.507912 0.365078 0 0 -1 0 0 -1 0 0 -1 0 0 -1 0 0 -1 0 0 -1 0 0 -1 0 0 -1 0 0 -1 0 0 -1 0 0 -1 0 0 -1 0 0 -1 0.892135 0.400258 0.209497 0.839771 0.194218 0.507015 0.840524 0.189633 0.507503 0.858769 0.291485 0.421369 0.377166 0.140776 0.915384 0.20435 0.0795935 0.975657 0.305013 0.0335463 0.951757 0.410167 0 0.91201 0.550703 0 0.834701 0.696928 0.10211 0.709835 0.791789 0.195449 0.578679 0.659118 0.0269749 0.751555 0.658098 -0.0618085 0.750391 0.694069 -0.0606844 0.717346 0.773271 0.02223 0.633685 0.831838 0.144667 0.535833 -0.651191 0.0406157 -0.757827 -0.869038 0.203719 -0.450856 -0.86943 0.204267 -0.449851 -0.926539 0.344382 -0.151418 -0.905265 0.424848 0 -0.905265 0.424848 0 0.200039 0.0664921 0.977529 0.199637 0.0544749 0.978355 0.0555634 0.0883654 0.994537 0.0800146 0.0768252 0.993829 0.0859742 0.0756398 0.993422 0.185126 0.054633 0.981195 0.140939 0.00930706 0.989975 0.140945 0 0.990017 0.142162 -0.00124473 0.989843 0.149417 -0.00495701 0.988762 0.15854 -0.00806754 0.98732 0.432025 -0.00736901 0.901832 0.489634 -0.0241102 0.871595 0.508592 -0.0267797 0.860591 0.542872 -0.0581007 0.837803 0.496292 -0.0535171 0.866505 0.495167 -0.05745 0.866896 0.619417 -0.0987741 0.778823 0.541842 -0.0845826 0.836213 0.552928 -0.0874529 0.828627 0.564719 -0.090141 0.820346 0.596686 -0.0962565 0.796681 0.609811 -0.0984377 0.78641 0.619342 -0.0999909 0.778728 0.630997 -0.102234 0.76902 0.691637 -0.103217 0.714832 0.768647 -0.11141 0.629896 0.735526 -0.115666 0.66755 0.74974 -0.119115 0.650924 -0.711276 -0.000553063 -0.702913 -0.711274 0.00229612 -0.702911 -0.582831 -0.0221101 -0.812293 -1 0 0 -1 0 0 -1 0 0 -1 0 0 -1 0 0 -1 0 0 -1 0 0 -1 0 0 -1 0 0 -1 0 0 -1 0 0 -0.903569 0.427643 0.0261648 0 0.112792 0.993619 0 0.112792 0.993619 0.000621824 0.112051 0.993702 0.0170665 0.0973337 0.995106 0.0154682 0.0941557 0.995437 0.0577855 0.0604205 0.996499 0.0613363 0.0581541 0.996422 0.121871 0.00933082 0.992502 0.1322 0 0.991223 0.1322 0 0.991223 0.133578 -0.00124622 0.991037 0.137231 -0.00496586 0.990527 0.143642 -0.0124415 0.989552 0.166981 -0.0123954 0.985882 0.18492 -0.0185278 0.982579 0.217603 -0.0269065 0.975666 0.255324 -0.0346201 0.966236 0.308365 -0.0436037 0.950268 0.352517 -0.0499286 0.934473 0.489246 -0.0465321 0.870904 0.493036 -0.0625457 0.867758 0.490823 -0.0700856 0.868436 0.491959 -0.071025 0.867717 0.512131 -0.0830765 0.85488 0.361965 -0.0515406 0.930766 0.371468 -0.0530195 0.926931 0.449787 -0.0642083 0.890825 0.617961 -0.100009 0.779822 0.512624 -0.0834369 0.854549 0.524177 -0.0853392 0.847323 0.531462 -0.0864929 0.842655 0.549824 -0.0895005 0.830472 0.554296 -0.0902814 0.827409 0.580267 -0.0945863 0.808915 0.589013 -0.0959523 0.802407 0.615614 -0.100366 0.78163 0.617927 -0.100551 0.779779 0.63195 -0.102876 0.768151 0.634079 -0.103335 0.766333 0.660355 -0.107677 0.743194 0.711853 -0.11576 0.692723 0.753532 -0.120838 0.64621 0.757762 -0.123334 0.64077 0.75746 -0.123316 0.641129 0.757677 -0.123334 0.640871 -0.366037 -0.777446 -0.511464 0 -1 0 0 -1 0 0 -1 0 0 -1 0 0 -1 0 0 -1 0 0 -1 0 0 -1 0 0 -1 0 0 -1 0 0 -1 0 0 -1 0 0 -1 0 0 -1 0 -0.89451 0.410613 0.176775 -0.90224 0.426598 0.0630695 -0.000104043 0.113134 0.99358 -4.44805e-05 0.112832 0.993614 0 0.102463 0.994737 0.000622524 0.102184 0.994765 -0.00873976 0.0946488 0.995472 -0.00877841 0.0131974 0.999874 0 0.00439965 0.99999 0.00188246 0.00439965 0.999989 -4.45334e-05 0.102479 0.994735 0.00188248 0 0.999998 0.00188248 0 0.999998 0.144308 -0.0252079 0.989212 0.149836 -0.0214358 0.988479 0.149854 -0.0213724 0.988477 0.148191 -0.0186448 0.988783 0.00188247 -0.00314116 0.999993 0.057061 -0.0584405 0.996659 0.186138 -0.0265473 0.982165 0.190295 -0.0270633 0.981354 0.243977 -0.0347238 0.969159 0.243985 -0.0347248 0.969157 0.305617 -0.0435201 0.95116 0.306519 -0.043631 0.950864 0.450754 -0.0643599 0.890325 0.4507 -0.0643619 0.890352 0.512901 -0.0842808 0.8543 0.512674 -0.0834938 0.854514 0.446578 -0.0638082 0.892467 0.259007 -0.0688809 0.963416 0.304878 -0.0435309 0.951396 0.371233 -0.053026 0.927024 0.371225 -0.0530251 0.927028 0.520203 -0.0847324 0.849829 0.513349 -0.0844116 0.854019 0.52559 -0.0889313 0.846077 0.527957 -0.0902822 0.844459 0.538493 -0.0927437 0.837511 0.5465 -0.0989604 0.831592 0.615529 -0.101723 0.781522 0.616704 -0.105852 0.780046 0.61776 -0.107042 0.779047 0.640065 -0.107989 0.760694 0.639702 -0.107403 0.761082 0.649215 -0.117044 0.751545 0.676039 -0.126513 0.725924 0.756214 -0.125725 0.642132 0.756998 -0.125115 0.641327 0 -0.0858495 0.996308 -0.0081304 -0.0767423 0.997018 -0.0472418 -0.0359107 0.998238 -0.0872461 0 0.996187 -0.893197 0.410439 0.183681 -0.633502 0.331107 0.699317 -0.625284 0.328981 0.707666 -0.387211 0.2607 0.884366 -0.000124509 0.113164 0.993576 -0.0694164 0.112891 0.99118 -0.0375572 0.0711997 0.996755 -0.03018 0.0131919 0.999457 -0.0569382 0.0399601 0.997578 0 0 1 0 0 1 -0.0301818 0.00754129 0.999516 -0.0226395 0 0.999744 0.19769 -0.0432602 0.97931 0.178859 -0.0351266 0.983248 0.150834 -0.0267104 0.988198 0.00694623 -0.0827521 0.996546 0.185585 -0.0265502 0.982269 0.185585 -0.0265502 0.982269 0 -0.00314117 0.999995 -0.00815393 -0.0113133 0.999903 0.000975738 -0.0854578 0.996341 0.242132 -0.0346399 0.969625 0.242888 -0.0347336 0.969432 0.301456 -0.0431089 0.952505 0.246202 -0.0553491 0.967637 0.204399 -0.0442576 0.977887 -0.022638 -0.0113108 0.99968 -0.0813059 0.00751975 0.996661 -0.0842203 0.00401583 0.996439 -0.330296 0.241653 0.912419 -0.168765 0.173381 0.970287 -0.175822 0.17684 0.968408 -0.130598 -0.991435 0 -0.130598 -0.991435 0 -0.133389 -0.991063 -0.00134146 -0.133297 -0.990379 -0.0371593 1 0 0 1 0 0 1 0 0 1 0 0 1 0 0 1 0 0 1 0 0 1 0 0 1 0 0 1 0 0 1 0 0 1 0 0 1 0 0 1 0 0 1 0 0 1 0 0 1 0 0 1 0 0 1 0 0 1 0 0 1 0 0 1 0 0 1 0 0 1 0 0 0 0 1 0 0 1 0 0 1 0 0 1 0 0 1 0 0 1 0 0 1 0 0 1 0 0 1 0 0 1 0 0 1 0 0 1 0 0 1 0 0 1 0 0 1 0 0 1 0 0 1 0 0 1 0 0 1 0 0 1 0 0 1 0 0 1 0 0 1 0 0 1 0 0 1 0 0 1 0 0 1 -0.279681 -0.960092 -0.00129954 -0.279681 -0.960093 0 -0.279681 -0.960093 0 -0.280712 -0.95979 -0.00192247 -0.280652 -0.959586 -0.0207208 -0.26244 -0.964363 -0.0335936 -0.150557 -0.987576 -0.0450236 -0.145912 -0.984875 -0.0934428 0.957391 0.222876 0.183656 -0.649891 -0.760025 -0.00212434 -0.649475 -0.760379 -0.00248333 -0.649892 -0.760026 0 -0.649892 -0.760026 0 -0.649252 -0.760118 -0.0263342 -0.661933 -0.748483 -0.0402129 -0.652056 -0.755515 -0.0633994 -0.271058 -0.961332 -0.0486626 -0.209947 -0.971081 -0.113684 -0.147604 -0.984451 -0.0952275 -0.114003 -0.985838 -0.122994 0 1 0 0 1 0 0 1 0 0 1 0 0 1 0 0 1 0 0 1 0 0 1 0 0 1 0 0 1 0 0 1 0 0 1 0 0 1 0 0 1 0 0 1 0 0 1 0 0 1 0 0 1 0 0 1 0 0 1 0 0 1 0 0 1 0 0 1 0 0 1 0 0 1 0 0 1 0 0 1 0 0 1 0 0 1 0 -0.689488 -0.724295 -0.00175621 -0.689102 -0.724661 -0.00214258 -0.689489 -0.724296 0 -0.689489 -0.724296 0 -0.688847 -0.724393 -0.0272947 -0.673507 -0.737975 -0.0421985 -0.674935 -0.733794 -0.077517 -0.666554 -0.739726 -0.0922545 -0.658376 -0.740254 -0.136257 -0.62048 -0.758389 -0.199624 -0.49899 -0.826488 -0.260629 -0.265856 -0.944663 -0.192177 -0.265407 -0.943069 -0.200447 -0.113652 -0.982802 -0.145547 -0.0884803 -0.984893 -0.148853 -0.99994 -0.0109482 0 -0.99994 -0.0109482 0 -0.136349 -0.233128 -0.96284 -0.136346 -0.233146 -0.962836 -0.841148 -0.540802 -0.00167851 -0.841149 -0.540803 0 -0.844126 -0.536114 -0.00569393 -0.843858 -0.535944 -0.0258311 -0.852334 -0.517963 -0.0723891 -0.853898 -0.518913 -0.0398455 -0.866385 -0.488592 -0.103223 -0.867541 -0.484512 -0.112338 -0.856463 -0.497332 -0.138318 -0.66316 -0.733241 -0.150252 -0.633236 -0.747253 -0.201558 -0.657544 -0.690318 -0.301824 -0.464879 -0.83774 -0.286495 -0.666284 -0.699493 -0.258408 -0.420928 -0.854899 -0.303261 -0.319223 -0.90751 -0.272987 -0.0334165 -0.978541 -0.203323 -0.184272 -0.898121 -0.399278 -0.155872 -0.899391 -0.408411 -0.0461674 -0.91151 -0.408678 -0.99993 -0.0109481 -0.0044966 -0.99993 -0.0109481 -0.0044966 -0.999843 -0.0177349 0 -0.116977 -0.250177 -0.961108 -0.135883 -0.246558 -0.959555 -0.302762 -0.224298 -0.926297 -0.368734 -0.196897 -0.908442 -0.388536 -0.180285 -0.903624 -0.394542 -0.130049 -0.909628 -0.843572 -0.537016 0.000762192 -0.843504 -0.537123 0.000710451 -0.84284 -0.538165 0.000474219 -0.855961 -0.51704 0.000481584 -0.855947 -0.517031 -0.00577367 -0.860097 -0.509979 -0.0124204 -0.859471 -0.509608 -0.0401056 -0.869551 -0.490378 -0.0584056 -0.880367 -0.470804 -0.0574309 -0.886512 -0.458153 -0.0647506 -0.881919 -0.455779 -0.120352 -0.875479 -0.465663 -0.12921 -0.874015 -0.468247 -0.129778 -0.866109 -0.467482 -0.176961 -0.865235 -0.468977 -0.177282 -0.819067 -0.519757 -0.242862 -0.813791 -0.526049 -0.247015 -0.742672 -0.586201 -0.323738 -0.705096 -0.618468 -0.346897 -0.685345 -0.640205 -0.347045 -0.624319 -0.647904 -0.436401 -0.35296 -0.855992 -0.377752 -0.35029 -0.860554 -0.369789 -0.258562 -0.848361 -0.461984 -0.154214 -0.894218 -0.420229 -0.154132 -0.894278 -0.420132 -0.999562 -0.0109441 -0.0274934 -0.999562 -0.0109441 -0.0274934 -0.999838 -0.0174103 -0.00449618 -0.999814 -0.0190961 -0.00280852 -0.999817 -0.0190961 -0.00144391 -0.999837 -0.01804 -8.68874e-05 -0.102968 -0.253578 -0.961819 -0.23946 -0.259695 -0.935531 -0.209495 -0.250007 -0.945309 -0.10598 -0.270751 -0.956798 -0.243993 -0.270993 -0.931145 -0.25608 -0.243077 -0.935594 -0.589433 -0.224964 -0.775861 -0.593523 -0.223698 -0.773104 -0.248436 -0.271613 -0.929788 -0.267693 -0.271184 -0.924554 -0.434535 -0.25491 -0.863829 -0.630683 -0.214766 -0.745731 -0.647694 -0.208185 -0.732906 -0.650053 -0.206468 -0.731302 -0.646807 -0.202353 -0.735319 -0.651088 -0.167951 -0.740187 -0.651518 -0.159358 -0.741707 -0.637206 -0.145389 -0.756856 -0.843799 -0.536659 0.000800502 -0.856289 -0.516497 0.000812352 -0.856114 -0.516786 0.000721072 -0.877271 -0.479995 0.000324847 -0.877207 -0.47996 -0.0120702 -0.857179 -0.515017 0.00110521 -0.875079 -0.48398 0.00109071 -0.876095 -0.482137 0.000837579 -0.876722 -0.480998 0.000651051 -0.876724 -0.480993 0.000650049 -0.881688 -0.47151 -0.0174248 -0.894315 -0.447106 -0.0172107 -0.898863 -0.437411 -0.0267831 -0.897356 -0.436678 -0.0637482 -0.903439 -0.421708 -0.0772021 -0.899929 -0.42007 -0.116912 -0.910376 -0.386881 -0.146758 -0.908165 -0.38953 -0.153307 -0.881006 -0.444877 -0.160974 -0.86818 -0.460433 -0.185108 -0.863173 -0.448809 -0.231305 -0.867719 -0.451173 -0.20858 -0.870542 -0.412821 -0.267835 -0.858164 -0.421846 -0.292576 -0.86059 -0.390514 -0.32693 -0.818381 -0.417935 -0.39444 -0.717987 -0.505036 -0.478992 -0.668946 -0.555389 -0.494018 -0.661465 -0.570769 -0.486504 -0.645015 -0.626832 -0.437078 -0.624344 -0.647637 -0.436762 -0.57111 -0.66096 -0.48679 -0.304613 -0.745811 -0.592433 -0.275276 -0.764962 -0.582286 -0.0865809 -0.869975 -0.485435 -0.22224 -0.754902 -0.617035 -0.141096 -0.756159 -0.638996 -0.0936429 -0.766535 -0.635339 -0.998634 -0.010934 -0.0510881 -0.999531 -0.0134756 -0.0274925 -0.999571 -0.0174056 -0.0235671 -0.999077 -0.0359174 -0.0235555 -0.998886 -0.0448891 -0.0145791 -0.998988 -0.0448937 -0.0028062 -0.998929 -0.0462534 -0.00144263 -0.998842 -0.0481042 -0.000399126 -0.0556591 -0.273114 -0.96037 -0.0558924 -0.275847 -0.959575 -0.0706421 -0.290923 -0.954135 -0.0958965 -0.291052 -0.951889 -0.21618 -0.280226 -0.935275 -0.24877 -0.272453 -0.929453 -0.4594 -0.2523 -0.851643 -0.594432 -0.22539 -0.771913 -0.602536 -0.223903 -0.766041 -0.636721 -0.215035 -0.740504 -0.256697 -0.272527 -0.927273 -0.23962 -0.289316 -0.926757 -0.259448 -0.349961 -0.900119 -0.363648 -0.405298 -0.838745 -0.41921 -0.394387 -0.817754 -0.589328 -0.316278 -0.743412 -0.615439 -0.276901 -0.737944 -0.647007 -0.213006 -0.732128 -0.650812 -0.213027 -0.728741 -0.652805 -0.21262 -0.727075 -0.674936 -0.206367 -0.708431 -0.650472 -0.206352 -0.730962 -0.706247 -0.185187 -0.683316 -0.737027 -0.167944 -0.654665 -0.765996 -0.151006 -0.624857 -0.775761 -0.142054 -0.61483 -0.778346 -0.125537 -0.615157 -0.857732 -0.514095 0.00159594 -0.891114 -0.45378 0.000613264 -0.891664 -0.452699 0.000306377 -0.894441 -0.447168 -0.00402221 -0.891916 -0.452201 0.000224158 -0.892451 -0.451144 0 -0.874361 -0.485273 0.00156787 -0.891024 -0.453955 0.000788611 -0.891112 -0.453782 0.000614221 -0.905559 -0.424201 -0.00407222 -0.908247 -0.418334 -0.00917365 -0.907953 -0.418198 -0.0270539 -0.914082 -0.40356 -0.0399178 -0.912029 -0.402653 -0.0779361 -0.915708 -0.373184 -0.149035 -0.921422 -0.374328 -0.10421 -0.92113 -0.373058 -0.111118 -0.91507 -0.353833 -0.193518 -0.91868 -0.3575 -0.167989 -0.912047 -0.341471 -0.227086 -0.901763 -0.3546 -0.247149 -0.876342 -0.404761 -0.261139 -0.874238 -0.403789 -0.269559 -0.870527 -0.372475 -0.321629 -0.878857 -0.378564 -0.290342 -0.871156 -0.343019 -0.351319 -0.861388 -0.348334 -0.369695 -0.774514 -0.341044 -0.532745 -0.694663 -0.396449 -0.600226 -0.649932 -0.460187 -0.604827 -0.64687 -0.468796 -0.601489 -0.657956 -0.50922 -0.554788 -0.669398 -0.520975 -0.529614 -0.8598 -0.312184 -0.404086 -0.279399 -0.741707 -0.60976 -0.600895 -0.511748 -0.614035 -0.298386 -0.627718 -0.718982 -0.280917 -0.638841 -0.716218 -0.212565 -0.645455 -0.733623 -0.150676 -0.660036 -0.735968 -0.13728 -0.665464 -0.733698 -0.136905 -0.752939 -0.643692 -0.996248 -0.0207603 -0.084014 -0.998046 -0.0207978 -0.0589133 -0.998597 -0.0134631 -0.0512162 -0.997698 -0.0336283 -0.0588927 -0.997749 -0.0358697 -0.0566544 -0.996057 -0.0683549 -0.0565582 -0.995718 -0.0817763 -0.043102 -0.996539 -0.0818437 -0.0145448 -0.996088 -0.0879686 -0.00838923 -0.996123 -0.0879717 0 -0.996133 -0.0878575 6.46446e-05 -0.996307 -0.0858642 0.000315062 -0.998762 -0.0497332 0.000315838 -0.103555 -0.353371 -0.929734 -0.16838 -0.425434 -0.889188 -0.636304 -0.261288 -0.725841 -0.653171 -0.233137 -0.720427 -0.648735 -0.226858 -0.726415 -0.167819 -0.426998 -0.888544 -0.170404 -0.437711 -0.88282 -0.336116 -0.41646 -0.844741 -0.263984 -0.61466 -0.743307 -0.647891 -0.427758 -0.630286 -0.250725 -0.491128 -0.834224 -0.669799 -0.396495 -0.627823 -0.64053 -0.327249 -0.694715 -0.654579 -0.304943 -0.691763 -0.638575 -0.260422 -0.724156 -0.655315 -0.23357 -0.718337 -0.693974 -0.212915 -0.687799 -0.693433 -0.201823 -0.691678 -0.727193 -0.200776 -0.656414 -0.753757 -0.182777 -0.631223 -0.842805 -0.14394 -0.518614 -0.841102 -0.152607 -0.518902 -0.845035 -0.14991 -0.513267 -0.84385 -0.135236 -0.519257 -0.844275 -0.134691 -0.518708 -0.846042 -0.118435 -0.519794 -0.846271 -0.116694 -0.519815 -0.905566 -0.424205 0 -0.905566 -0.424205 0 -0.920402 -0.390873 -0.00889422 -0.920438 -0.390889 0 -0.920438 -0.390889 0 -0.921135 -0.389117 -0.00991078 -0.920473 -0.388838 -0.0391765 -0.92637 -0.373639 -0.0472503 -0.922547 -0.372097 -0.102232 -0.919642 -0.354886 -0.168268 -0.92701 -0.343499 -0.150537 -0.938752 -0.330483 -0.0975986 -0.945925 -0.299247 -0.125212 -0.940402 -0.308135 -0.143863 -0.926563 -0.307439 -0.21671 -0.92179 -0.305856 -0.238235 -0.913453 -0.331467 -0.23608 -0.908767 -0.329766 -0.255726 -0.897933 -0.353094 -0.262758 -0.882165 -0.372218 -0.288509 -0.87445 -0.33192 -0.353788 -0.883624 -0.326182 -0.335877 -0.867352 -0.29724 -0.399185 -0.872719 -0.301214 -0.38423 -0.861705 -0.259125 -0.436256 -0.829666 -0.275195 -0.485717 -0.81651 -0.286711 -0.501107 -0.158581 -0.460572 -0.873342 -0.0988425 -0.485199 -0.868799 -0.105268 -0.621386 -0.776401 -0.990716 -0.0325025 -0.132005 -0.994806 -0.0326366 -0.0964201 -0.99469 -0.033527 -0.0973037 -0.994562 -0.0340818 -0.0984104 -0.993635 -0.040745 -0.105019 -0.992549 -0.0619741 -0.104904 -0.992773 -0.0681296 -0.0987899 -0.989807 -0.102863 -0.0984947 -0.989501 -0.118397 -0.0828863 -0.992002 -0.118696 -0.0429411 -0.990934 -0.130812 -0.0306415 -0.991365 -0.130869 -0.00834945 -0.990511 -0.137436 0 -0.990511 -0.137436 0 -0.990509 -0.137436 -0.00166724 -0.16197 -0.442322 -0.88211 -0.862346 -0.220466 -0.455801 -0.862534 -0.212995 -0.458986 -0.850705 -0.1663 -0.498644 -0.849951 -0.165484 -0.500198 -0.809255 -0.170583 -0.562145 -0.837324 -0.156357 -0.523871 -0.841291 -0.153285 -0.518395 -0.857434 -0.137831 -0.495792 -0.856776 -0.136686 -0.497245 -0.845308 -0.149827 -0.512842 -0.85635 -0.143918 -0.495936 -0.85674 -0.143476 -0.495391 -0.845033 -0.152503 -0.512506 -0.847133 -0.15052 -0.509616 -0.858404 -0.122272 -0.49819 -0.857662 -0.119884 -0.500044 -0.934765 -0.355138 -0.00957401 -0.934808 -0.355155 0 -0.934808 -0.355155 0 -0.937115 -0.348686 -0.0152805 -0.93623 -0.348357 -0.0460517 -0.941567 -0.331473 -0.0598134 -0.944925 -0.268456 -0.187209 -0.944471 -0.26703 -0.191491 -0.938017 -0.278215 -0.206687 -0.949077 -0.309221 -0.0602906 -0.953611 -0.289804 -0.0814893 -0.949104 -0.288434 -0.126521 -0.951314 -0.27287 -0.143332 -0.931414 -0.276257 -0.236959 -0.923772 -0.287296 -0.253194 -0.910096 -0.2848 -0.301021 -0.923039 -0.285505 -0.25785 -0.911982 -0.278479 -0.301227 -0.899717 -0.294853 -0.321823 -0.899365 -0.279759 -0.335973 -0.875595 -0.295183 -0.382362 -0.866499 -0.238749 -0.438382 -0.869216 -0.237737 -0.433526 -0.983387 -0.04299 -0.176359 -0.988589 -0.0432174 -0.144305 -0.989471 -0.0405743 -0.138928 -0.990659 -0.033948 -0.132072 -0.987815 -0.0455023 -0.148833 -0.986608 -0.0515417 -0.154751 -0.986047 -0.0615681 -0.154663 -0.985928 -0.0621157 -0.155199 -0.983917 -0.0889861 -0.154883 -0.984606 -0.102323 -0.141706 -0.980598 -0.136054 -0.141129 -0.980421 -0.152555 -0.124502 -0.984742 -0.153228 -0.0824876 -0.983147 -0.171205 -0.0641144 -0.984717 -0.171478 -0.0304493 -0.983247 -0.182269 -0.00165502 -0.983065 -0.182235 -0.0193443 -0.982951 -0.18387 0 -0.982951 -0.18387 0 -0.881186 -0.218119 -0.419446 -0.887212 -0.185754 -0.422314 -0.883137 -0.181398 -0.432625 -0.867392 -0.185968 -0.461571 -0.858659 -0.167855 -0.484283 -0.844655 -0.155338 -0.512277 -0.859642 -0.161086 -0.484837 -0.855733 -0.147018 -0.496091 -0.854419 -0.146636 -0.498464 -0.869312 -0.13582 -0.475236 -0.859231 -0.116684 -0.498102 -0.875938 -0.132477 -0.463878 -0.883746 -0.127783 -0.450183 -0.885495 -0.125635 -0.447342 -0.886907 -0.112441 -0.448056 -0.856645 -0.144736 -0.495187 -0.857002 -0.144651 -0.494594 -0.880915 -0.13225 -0.454421 -0.882498 -0.131233 -0.451637 -0.94746 -0.31987 -0.00159724 -0.947348 -0.319832 -0.0154474 -0.946977 -0.321302 0 -0.946977 -0.321302 0 -0.950467 -0.309674 -0.0267184 -0.94668 -0.245775 -0.208307 -0.961172 -0.234895 -0.144817 -0.962416 -0.215463 -0.16532 -0.954097 -0.2136 -0.209939 -0.942991 -0.244817 -0.225459 -0.956663 -0.289954 -0.0268926 -0.962597 -0.267473 -0.0431824 -0.960247 -0.26682 -0.0820564 -0.965772 -0.236308 -0.106973 -0.926949 -0.214332 -0.30794 -0.92141 -0.225924 -0.316167 -0.94197 -0.202474 -0.267761 -0.911476 -0.26138 -0.317634 -0.908787 -0.260961 -0.325586 -0.918657 -0.227667 -0.322859 -0.902901 -0.209354 -0.37542 -0.973779 -0.0588401 -0.219756 -0.973662 -0.0613877 -0.219577 -0.977148 -0.0616075 -0.203434 -0.977178 -0.0615644 -0.203303 -0.981851 -0.0512932 -0.182584 -0.983266 -0.0452927 -0.176456 -0.975937 -0.0641419 -0.208404 -0.974974 -0.0676554 -0.211773 -0.974326 -0.0748853 -0.212321 -0.976746 -0.0883375 -0.195354 -0.975473 -0.101928 -0.195099 -0.97788 -0.13582 -0.15907 -0.979318 -0.159569 -0.124392 -0.97616 -0.143311 -0.163017 -0.97609 -0.167312 -0.13876 -0.976475 -0.195883 -0.0901448 -0.978469 -0.196283 -0.0638093 -0.9764 -0.215112 -0.0192132 -0.975387 -0.214888 -0.0494392 -0.974197 -0.225699 0 -0.974197 -0.225699 0 -0.974149 -0.225688 -0.00992946 -0.904109 -0.203152 -0.375922 -0.897667 -0.182343 -0.401178 -0.891554 -0.146041 -0.428723 -0.88724 -0.154591 -0.434635 -0.90218 -0.153314 -0.403195 -0.899741 -0.143079 -0.412304 -0.887745 -0.130911 -0.44133 -0.887188 -0.110457 -0.447993 -0.886872 -0.128786 -0.443703 -0.887597 -0.127002 -0.442766 -0.888054 -0.12669 -0.441937 -0.889283 -0.124847 -0.439987 -0.89209 -0.122274 -0.435 -0.89419 -0.118544 -0.431707 -0.895286 -0.107861 -0.432236 -0.888647 -0.128308 -0.440277 -0.954911 -0.296889 -0.00160982 -0.954912 -0.296889 0 -0.954912 -0.296889 0 -0.956989 -0.290053 -0.00646998 -0.953817 -0.194223 -0.229151 -0.943957 -0.192215 -0.268326 -0.966497 -0.233646 -0.106268 -0.969546 -0.194122 -0.149323 -0.965088 -0.202364 -0.166293 -0.965131 -0.165246 -0.203019 -0.959293 -0.163225 -0.230466 -0.967387 -0.253232 -0.00594544 -0.969453 -0.245065 -0.0101861 -0.968686 -0.244871 -0.041057 -0.973364 -0.223692 -0.0502373 -0.970147 -0.222953 -0.0954281 -0.9398 -0.171135 -0.295786 -0.936719 -0.173662 -0.303973 -0.933429 -0.180426 -0.310093 -0.917427 -0.190755 -0.349199 -0.914638 -0.205517 -0.348138 -0.973524 -0.0575278 -0.221228 -0.967896 -0.0702163 -0.241345 -0.971297 -0.0665592 -0.228369 -0.972854 -0.0639392 -0.222412 -0.967633 -0.0623988 -0.244524 -0.96707 -0.0688057 -0.245035 -0.966941 -0.0707084 -0.245002 -0.96779 -0.0705978 -0.241657 -0.968613 -0.0789602 -0.235701 -0.969476 -0.0798342 -0.231824 -0.966716 -0.109657 -0.231163 -0.964192 -0.116811 -0.238095 -0.966956 -0.158434 -0.199736 -0.967404 -0.253236 0 -0.967404 -0.253236 0 -0.909529 -0.155994 -0.385258 -0.900839 -0.130829 -0.413973 -0.891101 -0.127034 -0.435663 -0.890186 -0.12739 -0.437425 -0.911962 -0.149621 -0.382019 -0.907711 -0.12729 -0.399823 -0.901246 -0.130004 -0.413345 -0.89678 -0.0946803 -0.432228 -0.897308 -0.122989 -0.423925 -0.898126 -0.122598 -0.422302 -0.90193 -0.120039 -0.414866 -0.902173 -0.119602 -0.414463 -0.904447 -0.117438 -0.410102 -0.90509 -0.116425 -0.408971 -0.906328 -0.0978557 -0.411089 -0.90383 -0.0906106 -0.418188 -0.897442 -0.0884317 -0.432178 -0.944786 -0.138709 -0.296882 -0.95755 -0.140583 -0.251664 -0.960047 -0.120852 -0.252399 -0.938953 -0.123709 -0.321036 -0.932964 -0.140867 -0.331262 -0.942834 -0.124898 -0.308972 -0.966475 -0.071286 -0.246665 -0.957668 -0.0735348 -0.278326 -0.965255 -0.0726066 -0.251021 -0.95741 -0.0762789 -0.278475 -0.956822 -0.0858048 -0.27772 -0.958553 -0.0810508 -0.273144 -0.956502 -0.084669 -0.279169 -0.955463 -0.100906 -0.277326 -0.902043 -0.123133 -0.413711 -0.91426 -0.11548 -0.388321 -0.913839 -0.115763 -0.389226 -0.935368 -0.108856 -0.336508 -0.908174 -0.117269 -0.401831 -0.904066 -0.119933 -0.41022 -0.903828 -0.120114 -0.410691 -0.9037 -0.120066 -0.410986 -0.908567 -0.116447 -0.40118 -0.909794 -0.115223 -0.398747 -0.923042 -0.105313 -0.370003 -0.92468 -0.103819 -0.366318 -0.926814 -0.0866174 -0.365395 -0.945526 -0.0998561 -0.309854 -0.937631 -0.0979681 -0.333543 -0.937631 -0.0979681 -0.333543 -0.936358 -0.0987781 -0.336864 -0.945313 -0.0987708 -0.31085 -0.950483 -0.0753331 -0.301508 -0.956956 -0.0772874 -0.279753 -0.95456 -0.0827564 -0.286297 -0.953488 -0.084803 -0.289255 -0.949692 -0.0885582 -0.300405 -0.94606 -0.0936616 -0.310159 -0.945701 -0.0945601 -0.310978 -0.95396 -0.0835972 -0.288049 -0.928909 -0.103622 -0.355514 -0.936251 -0.0987956 -0.337155 -0.931284 -0.101807 -0.34978 -0.934028 -0.0834901 -0.347307 -0.93669 -0.0978699 -0.336204 -0.937008 -0.0943743 -0.336318 -0.943201 -0.0943101 -0.318557 -0.938274 -0.0821101 -0.336007 -0.949777 -0.0831168 -0.301687 -0.949768 -0.0832299 -0.301684 -0.947795 -0.0883814 -0.306386 -0.944121 -0.0934696 -0.316069 0 0 -1 0 0 -1 0 0 -1 0 0 -1 0 0 -1 0 0 -1 0 0 -1 0 0 -1 0 0 -1 0 0 -1 0 0 -1 0 0 -1 0 0 -1 0 0 -1 0 0 -1 0 0 -1 0 0 -1 0 0 -1 0 0 -1 0 0 -1 0 0 -1 0 0 -1 0 0 -1 0 0 -1 0 0 -1 0 0 -1 0 0 -1 0 0 -1 0 0 -1 0 0 -1 0 0 -1 0 0 -1 1 0 0 1 0 0 1 0 0 1 0 0 1 0 0 1 0 0 1 0 0 1 0 0 1 0 0 1 0 0 1 0 0 1 0 0 1 0 0 1 0 0 1 0 0 1 0 0 1 0 0 1 0 0 1 0 0 1 0 0 1 0 0 1 0 0 1 0 0 1 0 0 -0.133636 -0.99103 0 -0.133636 -0.99103 0 -0.277657 -0.96068 0 0.964117 0.195449 -0.179663 -0.133631 -0.990992 0.0088209 -0.133631 -0.990992 0.0088209 -0.281198 -0.95965 9.04961e-05 -0.282202 -0.959355 0 -0.278266 -0.960466 0.00854918 -0.281192 -0.959628 0.00680579 0 1 0 0 1 0 0 1 0 0 1 0 0 1 0 0 1 0 0 1 0 0 1 0 0 1 0 0 1 0 0 1 0 0 1 0 0 1 0 0 1 0 0 1 0 0 1 0 0 1 0 0 1 0 0 1 0 0 1 0 0 1 0 0 1 0 0 1 0 0 1 0 0 1 0 0 1 0 0 1 0 0 1 0 0 1 0 0 1 0 0 1 0 0 1 0 0 1 0 0 1 0 0 1 0 0 1 0 0 1 0 0 1 0 0 1 0 -0.133404 -0.989308 0.0589275 -0.648737 -0.761013 0 -0.649127 -0.760624 0.00923109 -0.649154 -0.760657 5.37896e-05 -0.144282 -0.987059 0.0699742 -0.242838 -0.967997 0.0633435 -0.278134 -0.96001 0.0319791 -0.652121 -0.758022 0.0118572 -0.651641 -0.757465 0.0401385 -1 0 0 -1 0 0 -0.118501 -0.153874 0.980959 -0.143723 -0.987099 0.0705582 -0.650619 -0.759405 0 -0.686972 -0.726586 0.0119573 -0.689699 -0.724037 0.00924802 -0.689729 -0.724068 0.000387665 -0.68949 -0.724295 0.000148574 -0.685967 -0.727633 0 -0.269429 -0.95753 0.102688 -0.143909 -0.983617 0.108574 -0.236113 -0.96123 0.142436 -0.6261 -0.765599 0.147838 -0.67057 -0.738732 0.0679058 -0.670583 -0.73872 0.0679079 -0.686051 -0.725611 0.0531307 -0.999843 -0.0176966 -0.00115441 -0.999867 -0.0162888 0 -0.999999 0 0.00147628 -0.137827 -0.162199 0.977085 -0.137784 -0.162242 0.977084 -0.137234 -0.16361 0.976933 -0.0713216 -0.988893 0.130402 -0.848503 -0.529076 0.0109793 -0.846835 -0.531784 0.00870586 -0.8475 -0.528451 0.0498309 -0.846867 -0.531803 0.00142622 -0.846562 -0.532289 0.00101444 -0.844475 -0.535594 0.000474643 -0.843483 -0.537156 0.000158685 -0.689592 -0.724198 0.000129733 -0.689795 -0.724005 0 -0.291755 -0.928707 0.228872 -0.437114 -0.850654 0.292096 -0.573022 -0.785129 0.234986 -0.628438 -0.762252 0.155039 -0.0936961 -0.963718 0.249939 -0.169605 -0.927501 0.333131 -0.193342 -0.924918 0.327331 -0.635624 -0.756843 0.152221 -0.668486 -0.73738 0.0969394 -0.853971 -0.512412 0.0903715 -0.855855 -0.513543 0.061526 -0.999836 -0.0180513 -0.00138068 -0.998779 -0.049373 -0.00137922 -0.998696 -0.0510512 0 -0.998667 -0.0516132 0.000564232 -0.998662 -0.0516129 0.00336376 -0.998921 -0.045451 0.00953856 -0.999822 -0.016288 0.00954716 -0.99983 -0.014604 0.0112311 -0.999924 -0.00505722 0.0112321 -0.999934 -0.00442397 0.0105991 -0.999979 -0.00134323 0.00634654 -0.324492 -0.142445 0.935101 -0.302819 -0.156073 0.940182 -0.180205 -0.204799 0.962073 -0.136414 -0.195884 0.971093 -0.252555 -0.20369 0.9459 -0.115963 -0.197516 0.973417 -0.865921 -0.499794 0.0196779 -0.860846 -0.508744 0.011139 -0.864415 -0.498925 0.0621413 -0.860892 -0.508771 0.00398303 -0.859371 -0.511351 0.00153389 -0.859098 -0.511809 0.00144684 -0.858047 -0.513571 0.0010282 -0.858191 -0.513331 0 -0.843339 -0.537382 0 -0.406137 -0.857499 0.315828 -0.416416 -0.854465 0.310625 -0.661975 -0.670108 0.335774 -0.67224 -0.6805 0.291571 -0.641973 -0.725623 0.247672 -0.661147 -0.719219 0.213562 -0.159116 -0.927615 0.337955 -0.144907 -0.888581 0.435231 -0.297525 -0.85739 0.419954 -0.151207 -0.927208 0.342669 -0.842424 -0.501071 0.198116 -0.869251 -0.471885 0.147402 -0.86855 -0.47754 0.132577 -0.873452 -0.480235 0.0803536 -0.996278 -0.0862039 0 -0.996229 -0.0867638 0.000562855 -0.996098 -0.0882549 0.000834677 -0.996047 -0.0888146 0.00139867 -0.996214 -0.0868695 0.00335552 -0.99605 -0.0868552 0.0184604 -0.996553 -0.0784891 0.0268654 -0.998604 -0.0454366 0.0269207 -0.998677 -0.0398316 0.0325297 -0.999337 -0.0162801 0.0325512 -0.999417 -0.0145979 0.0308707 -0.999454 -0.0117892 0.0308718 -0.999514 -0.0103254 0.0294095 -0.999704 -0.00609391 0.0235711 -0.999791 -0.00505655 0.0198099 -0.999806 -0.0044234 0.0191771 -0.371639 -0.115405 0.921177 -0.339138 -0.139211 0.930379 -0.262431 -0.220629 0.93939 -0.650928 -0.165633 0.74085 -0.652743 -0.168881 0.738516 -0.639798 -0.190593 0.744536 -0.624051 -0.20017 0.755309 -0.567381 -0.218897 0.793828 -0.473009 -0.237458 0.848455 -0.350321 -0.249564 0.90277 -0.245515 -0.238082 0.939702 -0.0627847 -0.249864 0.966243 -0.253987 -0.256672 0.932529 -0.246233 -0.264305 0.932476 -0.232931 -0.268721 0.934629 -0.205126 -0.271953 0.940194 -0.0656105 -0.276664 0.958724 -0.885288 -0.4638 0.0339889 -0.873054 -0.487238 0.0193948 -0.883026 -0.462616 0.0790652 -0.873199 -0.487319 0.00658092 -0.870903 -0.491439 0.00389151 -0.870909 -0.491442 0.00152475 -0.873746 -0.486382 0.000591241 -0.873635 -0.486582 0 -0.873643 -0.486567 0.000718528 -0.873636 -0.48658 0.000721366 -0.315092 -0.802279 0.507016 -0.395538 -0.731461 0.555441 -0.628769 -0.632325 0.452565 -0.679415 -0.626913 0.381281 -0.67996 -0.627471 0.379387 -0.763176 -0.57883 0.28726 -0.798873 -0.54157 0.261732 -0.844108 -0.493874 0.208734 -0.132898 -0.887357 0.441514 -0.138985 -0.850003 0.508113 -0.154705 -0.835163 0.527797 -0.865471 -0.459285 0.200041 -0.872863 -0.460985 0.160011 -0.875842 -0.455672 0.158945 -0.886319 -0.440791 0.141923 -0.891792 -0.443513 0.0894665 -0.996077 -0.0884905 0 -0.990586 -0.136889 0 -0.990586 -0.136889 0 -0.990959 -0.134159 0.00139152 -0.990892 -0.13415 0.0116856 -0.99166 -0.127568 0.018379 -0.990466 -0.127414 0.0523741 -0.991282 -0.114155 0.0658 -0.994737 -0.0783461 0.0660294 -0.994755 -0.0677165 0.0766603 -0.996256 -0.0397351 0.076776 -0.996235 -0.0391742 0.0773352 -0.996655 -0.0263137 0.0773678 -0.997099 -0.0218453 0.072916 -0.997536 -0.0191317 0.0674942 -0.998026 -0.0162588 0.060656 -0.998279 -0.0136351 0.0570382 -0.998665 -0.0117799 0.0502863 -0.998754 -0.0103175 0.0488215 -0.651437 -0.133856 0.746801 -0.653541 -0.140035 0.743824 -0.266592 -0.261611 0.927625 -0.697006 -0.141477 0.70297 -0.696406 -0.142136 0.703431 -0.643135 -0.19704 0.739968 -0.842287 -0.133745 0.522173 -0.845399 -0.144436 0.514236 -0.843215 -0.148183 0.51675 -0.758921 -0.181947 0.625248 -0.736922 -0.188806 0.649075 -0.710638 -0.195866 0.675744 -0.642644 -0.200732 0.739402 -0.65106 -0.209068 0.729666 -0.650588 -0.212352 0.729138 -0.64735 -0.214062 0.731516 -0.635823 -0.217186 0.740648 -0.609565 -0.222014 0.761012 -0.582882 -0.228079 0.77989 -0.497332 -0.241179 0.833363 -0.245056 -0.269295 0.931358 -0.262662 -0.262661 0.928449 -0.309661 -0.270171 0.911657 -0.248703 -0.271831 0.929653 -0.24798 -0.271779 0.929861 -0.245931 -0.27149 0.93049 -0.0470463 -0.277099 0.959689 -0.248478 -0.272049 0.929649 -0.250776 -0.277838 0.927317 -0.208198 -0.318257 0.92486 -0.139961 -0.340108 0.929913 -0.0512644 -0.339785 0.939105 -0.898248 -0.43697 0.046992 -0.892003 -0.450765 0.0337801 -0.895677 -0.435719 0.0889488 -0.892463 -0.450998 0.0105249 -0.890464 -0.455006 0.00652448 -0.890483 -0.455016 0.000671928 -0.890482 -0.455018 0.000674577 -0.890667 -0.454656 0.000552678 -0.891674 -0.452679 7.9068e-05 -0.153702 -0.834375 0.529333 -0.158997 -0.777825 0.608036 -0.212943 -0.759189 0.61505 -0.354821 -0.719066 0.597534 -0.359433 -0.718209 0.595805 -0.477699 -0.610782 0.631466 -0.629684 -0.538867 0.559572 -0.664871 -0.538147 0.518019 -0.657914 -0.602017 0.452466 -0.682682 -0.599578 0.417675 -0.805905 -0.447016 0.388193 -0.837254 -0.413873 0.357371 -0.873831 -0.384975 0.297009 -0.866603 -0.435425 0.243731 -0.871563 -0.437917 0.220472 -0.883255 -0.424681 0.198763 -0.872992 -0.434758 0.221067 -0.904486 -0.381601 0.190487 -0.910433 -0.374173 0.176371 -0.900767 -0.411674 0.138357 -0.904228 -0.413256 0.107661 -0.98295 -0.183875 0 -0.98285 -0.184407 5.50581e-05 -0.982835 -0.184404 0.00552009 -0.983868 -0.178519 0.0116028 -0.983278 -0.178412 0.0365071 -0.985206 -0.163266 0.0520959 -0.982595 -0.162833 0.0893985 -0.983544 -0.145862 0.10661 -0.987724 -0.113745 0.107063 -0.987589 -0.0981961 0.122578 -0.990128 -0.0674015 0.122894 -0.989719 -0.060691 0.129514 -0.990659 -0.0422945 0.129637 -0.991033 -0.0400836 0.12746 -0.991356 -0.0389823 0.125273 -0.991625 -0.0373225 0.123637 -0.993012 -0.0322302 0.113523 -0.994703 -0.0262621 0.0993806 -0.995033 -0.0242034 0.0965596 -0.995888 -0.0218187 0.0879209 -0.996178 -0.0191056 0.0852275 -0.717125 -0.125826 0.685492 -0.841086 -0.112178 0.529142 -0.846433 -0.123259 0.518033 -0.739395 -0.118388 0.662781 -0.664319 -0.208671 0.71773 -0.661797 -0.20921 0.7199 -0.854655 -0.126143 0.503639 -0.853773 -0.137475 0.502168 -0.852276 -0.140198 0.503955 -0.848895 -0.14348 0.508715 -0.848161 -0.144579 0.509627 -0.8434 -0.148157 0.516455 -0.844172 -0.150337 0.51456 -0.843499 -0.151053 0.515453 -0.821445 -0.16095 0.547104 -0.64979 -0.217784 0.728247 -0.648904 -0.216129 0.729528 -0.670699 -0.208668 0.711773 -0.840157 -0.158881 0.518549 -0.842404 -0.167564 0.512131 -0.814748 -0.209087 0.540803 -0.647048 -0.216129 0.731175 -0.642051 -0.217479 0.735169 -0.610077 -0.230338 0.758123 -0.569673 -0.252694 0.782061 -0.421859 -0.290293 0.858933 -0.380429 -0.296078 0.876134 -0.347819 -0.304418 0.886765 -0.319791 -0.303426 0.897589 -0.136766 -0.394438 0.908688 -0.263892 -0.38471 0.884511 -0.137348 -0.395068 0.908327 -0.915733 -0.396396 0.0655959 -0.907821 -0.416661 0.0474929 -0.91228 -0.394902 0.10862 -0.908721 -0.417074 0.0166266 -0.905641 -0.423911 0.0106802 -0.905693 -0.423935 1.03608e-05 -0.905663 -0.423999 0 -0.892431 -0.451185 0 -0.0969985 -0.783544 0.613719 -0.0976844 -0.603234 0.79156 -0.145871 -0.566203 0.811256 -0.154714 -0.565325 0.810229 -0.19954 -0.571816 0.795745 -0.284129 -0.608317 0.741095 -0.285927 -0.710441 0.643054 -0.344936 -0.5667 0.748245 -0.342179 -0.557129 0.756651 -0.369001 -0.529169 0.76408 -0.624428 -0.418384 0.65958 -0.653522 -0.418242 0.630859 -0.666735 -0.493552 0.558454 -0.700827 -0.492238 0.516278 -0.711587 -0.48472 0.508616 -0.797876 -0.37645 0.470828 -0.835904 -0.340495 0.430497 -0.867012 -0.320253 0.381744 -0.867781 -0.365235 0.336986 -0.872993 -0.366642 0.321647 -0.874631 -0.37039 0.312781 -0.873972 -0.384624 0.297047 -0.882143 -0.38573 0.270251 -0.9087 -0.348614 0.229636 -0.891385 -0.368951 0.263262 -0.908614 -0.34844 0.230238 -0.916052 -0.351092 0.193862 -0.913954 -0.364931 0.177518 -0.91984 -0.3686 0.134269 -0.982822 -0.184558 0 -0.974577 -0.224052 0 -0.974352 -0.225027 8.7049e-05 -0.974352 -0.225027 0.000881259 -0.975514 -0.21987 0.00547897 -0.975241 -0.219809 0.0242676 -0.977971 -0.205559 0.0363101 -0.975855 -0.205114 0.0750726 -0.978829 -0.184293 0.0890558 -0.977636 -0.184068 0.101719 -0.979321 -0.145235 0.140845 -0.978841 -0.143386 0.145985 -0.977268 -0.123956 0.171994 -0.979981 -0.0974396 0.173619 -0.979114 -0.0865753 0.183957 -0.980754 -0.0645567 0.184265 -0.981814 -0.0602063 0.180045 -0.981978 -0.0573693 0.180075 -0.982867 -0.0535549 0.176366 -0.984377 -0.0497698 0.168892 -0.988352 -0.042196 0.146218 -0.989076 -0.0400044 0.141874 -0.989185 -0.0394035 0.141283 -0.989498 -0.0380577 0.13945 -0.989932 -0.0372587 0.136554 -0.990789 -0.0321581 0.13154 -0.761549 -0.0974191 0.640744 -0.842241 -0.0922726 0.531146 -0.842642 -0.0944819 0.530121 -0.857987 -0.0962024 0.504583 -0.858892 -0.101508 0.501996 -0.85678 -0.123155 0.500761 -0.873682 -0.120673 0.471295 -0.873462 -0.122707 0.471176 -0.87151 -0.125344 0.474088 -0.859261 -0.135631 0.49323 -0.85621 -0.141322 0.496923 -0.856777 -0.14328 0.495382 -0.856671 -0.144124 0.495321 -0.856392 -0.14432 0.495746 -0.853358 -0.145465 0.500619 -0.855256 -0.153051 0.495088 -0.853883 -0.154924 0.496873 -0.843511 -0.151081 0.515426 -0.643416 -0.256957 0.721103 -0.814659 -0.20959 0.540743 -0.766535 -0.254048 0.589817 -0.733217 -0.27414 0.622286 -0.660375 -0.274888 0.698814 -0.852774 -0.164616 0.49566 -0.85876 -0.179017 0.480088 -0.855061 -0.201799 0.477648 -0.651172 -0.31804 0.689076 -0.28385 -0.479509 0.830362 -0.664784 -0.354123 0.657768 -0.661777 -0.364968 0.654866 -0.129253 -0.404405 0.905401 -0.148666 -0.494521 0.856357 -0.138241 -0.488187 0.861721 -0.931305 -0.356278 0.075745 -0.922755 -0.380004 0.0641963 -0.921658 -0.36436 0.133372 -0.926951 -0.354612 0.122523 -0.924437 -0.380697 0.022043 -0.92011 -0.39133 0.0160552 -0.920229 -0.39138 0 -0.920229 -0.39138 0 -0.905799 -0.423709 0 -0.665251 -0.401477 0.629489 -0.860117 -0.234639 0.452928 -0.868379 -0.288072 0.40365 -0.870403 -0.28859 0.398892 -0.871342 -0.307081 0.382707 -0.872237 -0.307298 0.380488 -0.889653 -0.276845 0.363145 -0.908798 -0.264149 0.322972 -0.911251 -0.268567 0.31224 -0.911228 -0.312475 0.26837 -0.892303 -0.352755 0.281708 -0.92764 -0.28953 0.235916 -0.922986 -0.330712 0.196789 -0.912163 -0.311703 0.266082 -0.918894 -0.287675 0.269958 -0.928795 -0.323432 0.180917 -0.974288 -0.225305 0 -0.967577 -0.252576 0.000918284 -0.967125 -0.254303 0 -0.967125 -0.254303 0 -0.967405 -0.252531 0.0188575 -0.970486 -0.239853 0.0250577 -0.968613 -0.239391 0.0669354 -0.973912 -0.213682 0.0763858 -0.971002 -0.213043 0.108481 -0.964337 -0.228206 0.134076 -0.966349 -0.172828 0.190524 -0.971262 -0.156636 0.179205 -0.964582 -0.229705 0.129679 -0.974844 -0.131637 0.179866 -0.97672 -0.124811 0.17447 -0.973648 -0.0844717 0.211837 -0.973741 -0.0840233 0.211587 -0.971736 -0.0734416 0.224356 -0.972097 -0.0682223 0.22444 -0.973105 -0.0651381 0.22096 -0.973869 -0.0641034 0.217878 -0.974446 -0.0629492 0.215623 -0.978457 -0.0571635 0.19838 -0.980092 -0.0535023 0.1912 -0.980141 -0.0534064 0.190975 -0.980902 -0.0509722 0.187706 -0.981879 -0.0496435 0.182891 -0.984182 -0.0392043 0.172766 -0.880387 -0.098787 0.463854 -0.88084 -0.0997617 0.462783 -0.879511 -0.113747 0.462085 -0.888685 -0.112114 0.444599 -0.887849 -0.120111 0.444181 -0.888229 -0.121003 0.44318 -0.887728 -0.122482 0.443776 -0.889104 -0.127565 0.439568 -0.887655 -0.128715 0.442155 -0.873787 -0.136333 0.466808 -0.859752 -0.142756 0.490355 -0.858695 -0.143263 0.492056 -0.878379 -0.139743 0.45708 -0.877884 -0.143641 0.456823 -0.872853 -0.149615 0.464482 -0.870207 -0.168235 0.463074 -0.864531 -0.177042 0.470363 -0.862429 -0.223534 0.454146 -0.871333 -0.21366 0.441734 -0.866001 -0.225036 0.446544 -0.94296 -0.320756 0.0891131 -0.937401 -0.340202 0.0744385 -0.940164 -0.319805 0.117544 -0.939554 -0.340984 0.0311339 -0.935705 -0.35213 0.0214758 -0.940309 -0.293028 0.173068 -0.946818 -0.28219 0.15461 -0.935916 -0.352209 0.00315931 -0.934591 -0.355723 0 -0.934591 -0.355723 0 -0.875168 -0.27269 0.399651 -0.888846 -0.262794 0.375356 -0.903026 -0.236323 0.358741 -0.905615 -0.234561 0.35333 -0.910514 -0.212152 0.354903 -0.919663 -0.215571 0.328251 -0.923086 -0.25758 0.285597 -0.918923 -0.273089 0.284612 -0.929131 -0.251133 0.271383 -0.928746 -0.28688 0.2348 -0.942091 -0.267873 0.201762 -0.955085 -0.296155 0.0102078 -0.959127 -0.282261 0.0201154 -0.955135 -0.29617 0 -0.955135 -0.29617 0 -0.958269 -0.282009 0.0468232 -0.965104 -0.252621 0.0689688 -0.961558 -0.251693 0.109801 -0.953024 -0.28267 0.108826 -0.947177 -0.280936 0.154694 -0.948978 -0.262095 0.175347 -0.958545 -0.223209 0.177114 -0.959005 -0.207715 0.192781 -0.964732 -0.174865 0.196758 -0.962704 -0.154898 0.221828 -0.963846 -0.14723 0.222091 -0.958742 -0.107862 0.263019 -0.963423 -0.0915929 0.251847 -0.962655 -0.0850095 0.257037 -0.965774 -0.0768822 0.247729 -0.965988 -0.0739631 0.247783 -0.967434 -0.0707587 0.243032 -0.967467 -0.0702735 0.243041 -0.967864 -0.069703 0.24162 -0.971322 -0.0656238 0.228532 -0.972316 -0.0628117 0.225069 -0.972454 -0.0605231 0.225101 -0.972548 -0.0599374 0.224851 -0.974558 -0.0532002 0.217732 -0.885368 -0.0942598 0.455236 -0.892997 -0.0931238 0.440323 -0.891726 -0.107199 0.439697 -0.892996 -0.0931182 0.440327 -0.901283 -0.108348 0.419464 -0.900151 -0.119244 0.418937 -0.900142 -0.119262 0.418952 -0.897299 -0.122163 0.424182 -0.896263 -0.122848 0.426171 -0.894876 -0.123503 0.428887 -0.890004 -0.127124 0.437872 -0.89105 -0.127458 0.435642 -0.887616 -0.128808 0.442206 -0.881497 -0.134832 0.45253 -0.894648 -0.127244 0.428268 -0.893074 -0.140178 0.427514 -0.896296 -0.148246 0.417943 -0.894314 -0.162162 0.417019 -0.902443 -0.196416 0.383428 -0.899569 -0.202861 0.386812 -0.949606 -0.300326 0.0897411 -0.95242 -0.301216 0.0465374 -0.948595 -0.314926 0.0314335 -0.949016 -0.315066 0.0101429 -0.946971 -0.321302 0.00319663 -0.944392 -0.261596 0.199229 -0.946976 -0.321304 3.65602e-05 -0.94693 -0.32144 0 -0.909006 -0.198542 0.366455 -0.921986 -0.209764 0.325484 -0.913853 -0.170637 0.36845 -0.91725 -0.168679 0.360832 -0.93971 -0.224326 0.258116 -0.938516 -0.197352 0.283266 -0.945281 -0.217998 0.242736 -0.947137 -0.320829 0 -0.947945 -0.20532 0.243401 -0.947081 -0.186962 0.260927 -0.952687 -0.153287 0.262472 -0.950251 -0.133115 0.281609 -0.953363 -0.106179 0.282532 -0.952708 -0.101686 0.286369 -0.953748 -0.09181 0.286244 -0.953561 -0.0910621 0.287106 -0.954133 -0.0842744 0.287278 -0.954727 -0.0829225 0.285692 -0.961446 -0.0762064 0.264225 -0.961907 -0.0756007 0.262716 -0.966278 -0.0708792 0.247555 -0.966499 -0.0703941 0.24683 -0.966968 -0.063156 0.24695 -0.966652 -0.060922 0.248741 -0.8961 -0.0872543 0.435191 -0.905042 -0.0881249 0.416093 -0.903622 -0.104292 0.415441 -0.91555 -0.101651 0.389147 -0.91517 -0.105612 0.388986 -0.911568 -0.112145 0.39556 -0.908119 -0.115942 0.402339 -0.907627 -0.117209 0.403082 -0.902744 -0.120085 0.413078 -0.90192 -0.120875 0.414644 -0.899993 -0.122364 0.418377 -0.899725 -0.122493 0.418915 -0.898693 -0.123182 0.420924 -0.906187 -0.124773 0.404051 -0.909812 -0.134944 0.392468 -0.907802 -0.150149 0.391601 -0.922532 -0.158724 0.351768 -0.937681 -0.151301 0.312828 -0.942704 -0.185683 0.277184 -0.926584 -0.128889 0.353313 -0.940336 -0.131726 0.313714 -0.936656 -0.118442 0.329618 -0.938759 -0.102741 0.3289 -0.939575 -0.100809 0.327165 -0.939947 -0.100323 0.326244 -0.940943 -0.0979313 0.324091 -0.943981 -0.093859 0.316369 -0.947589 -0.0904918 0.306409 -0.947942 -0.0899945 0.305462 -0.953784 -0.0842436 0.288441 -0.954654 -0.0829342 0.285932 -0.954766 -0.0815241 0.285966 -0.956109 -0.0782007 0.282383 -0.956842 -0.0677637 0.282599 -0.956973 -0.0671388 0.282302 -0.95821 -0.0643934 0.278723 -0.905625 -0.0860758 0.415251 -0.920469 -0.0819763 0.382121 -0.919281 -0.0963534 0.381627 -0.906456 -0.0847643 0.413707 -0.933235 -0.0926568 0.347111 -0.932538 -0.100336 0.346852 -0.931804 -0.101058 0.34861 -0.931377 -0.101616 0.349587 -0.927116 -0.104677 0.35986 -0.918194 -0.110313 0.380461 -0.907684 -0.117195 0.402957 -0.906784 -0.119154 0.404407 -0.907309 -0.121273 0.402597 -0.930096 -0.122695 0.346218 -0.92903 -0.114581 0.351815 -0.933726 -0.102697 0.342941 -0.93442 -0.101681 0.341349 -0.934523 -0.100609 0.341387 -0.934808 -0.100298 0.340698 -0.93491 -0.100087 0.340478 -0.937804 -0.0976046 0.333161 -0.940898 -0.0935524 0.325514 -0.941521 -0.0920283 0.324144 -0.943352 -0.0895588 0.319478 -0.94677 -0.0808414 0.311596 -0.946967 -0.0782402 0.311661 -0.947339 -0.0762617 0.311019 -0.950641 -0.0673246 0.302901 -0.921136 -0.0799658 0.380939 -0.934958 -0.0759573 0.346531 -0.93507 -0.0772573 0.34594 -0.933957 -0.0912891 0.345528 -0.921946 -0.0787921 0.379221 -0.0343291 -0.762331 -0.646276 -0.0339748 -0.81651 -0.576331 0 0 1 0 0 1 0 0 1 0 0 1 0 0 1 0 0 1 0 0 1 0 0 1 0 0 1 0 0 1 0 0 1 0 0 1 0 0 1 0 0 1 0 0 1 0 0 1 0 0 1 0 0 1 0 0 1 0 0 1 0 0 1 0 0 1 0 0 1 0 0 1 0 0 1 0 0 1 0 0 1 0 0 1 0 0 1 0 0 1 0 0 1 0 0 1 0 0 1 -1 0 0 -1 0 0 -1 0 0 -1 0 0 -1 0 0 -1 0 0 -1 0 0 -1 0 0 -1 0 0 -1 0 0 -1 0 0 -1 0 0 -1 0 0 -1 0 0 -1 0 0 -1 0 0 -1 0 0 -1 0 0 -1 0 0 -1 0 0 -1 0 0 -1 0 0 -1 0 0 -1 0 0 -1 0 0 -1 0 0 -1 0 0 -1 0 0 -1 0 0 -1 0 0 -1 0 0 -1 0 0 -0.0290952 -0.694218 -0.719176 -0.0289858 -0.743763 -0.667814 -0.0321989 -0.681835 -0.730797 0 -0.801888 -0.597474 0 -0.801888 -0.597474 -0.00255157 -0.816979 -0.576662 0 -0.744076 -0.668095 0 -0.744076 -0.668095 -0.64072 0.0518613 0.766021 0 -0.694512 -0.719481 0 -0.694512 -0.719481 -0.0318372 -0.624631 -0.780271 -0.0285034 -0.609123 -0.792563 0 -0.609371 -0.792885 0 -0.609371 -0.792885 0.00218669 -0.744074 -0.668094 0.00364678 -0.745371 -0.66664 0.00376673 -0.801882 -0.59747 0 1 0 0 1 0 0 1 0 0 1 0 0 1 0 0 1 0 0 1 0 0 1 0 0 1 0 0 1 0 0 1 0 0.00155755 -0.60937 -0.792885 0.00434898 -0.612859 -0.790181 0.00446544 -0.692397 -0.721503 0.00235486 -0.69451 -0.719479 -0.0296483 -0.518404 -0.854621 -0.0275638 -0.526228 -0.849897 0 -0.526428 -0.85022 0 -0.526428 -0.85022 0.226123 -0.674469 -0.702822 0.225816 -0.726123 -0.649425 0.147164 -0.804298 -0.575714 0.00604818 -0.813137 -0.582041 0.23874 -0.732149 -0.637935 0.79911 -0.125413 -0.587958 0.7972 -0.124831 -0.590669 0.786261 -0.116439 -0.606824 0 0.122669 -0.992448 -1.65237e-05 0.12264 -0.992451 -0.0516906 0.0459386 -0.997606 -0.0886594 0 -0.996062 0.00167018 -0.526427 -0.850219 0.00334142 -0.524916 -0.851148 0.176781 -0.516651 -0.837747 0.183177 -0.602495 -0.776818 0.254814 -0.648454 -0.717341 -0.0297789 -0.514816 -0.856783 -0.0305318 -0.476867 -0.878445 0 -0.47709 -0.878855 0 -0.47709 -0.878855 0.276882 -0.643901 -0.713252 0.27948 -0.651478 -0.705314 0.283312 -0.668091 -0.688032 0.295865 -0.747256 -0.59504 0.692273 -0.112062 -0.712882 0.687286 -0.110695 -0.717903 0.723583 -0.117788 -0.680113 0.716605 -0.116686 -0.687649 0.716315 -0.116639 -0.68796 0.702701 -0.11432 -0.702241 0.800306 -0.126089 -0.586184 0.800267 -0.126468 -0.586155 0.790581 -0.128498 -0.598723 0.789232 -0.128575 -0.600484 0.7737 -0.125963 -0.620904 0.772441 -0.125805 -0.622501 0.766537 -0.124887 -0.62994 0.747242 -0.121822 -0.653291 0.736036 -0.119963 -0.666229 0.73089 -0.119073 -0.672028 0.0032572 0.120809 -0.99267 7.13447e-05 0.122624 -0.992453 0 0.122623 -0.992453 0 0 -1 0 0 -1 0 0 -1 -0.00589007 0 -0.999983 -0.049045 -0.0431235 -0.997865 -0.0607529 -0.0314527 -0.997657 -0.0612045 -0.0309637 -0.997645 -0.0794002 -0.0111287 -0.996781 -0.0800941 -0.0103013 -0.996734 0.00114917 -0.477089 -0.878854 0.00344277 -0.480537 -0.876968 0.243047 -0.46613 -0.850677 0.253804 -0.460403 -0.850654 0.262667 -0.481225 -0.836319 0.27018 -0.518697 -0.811145 -0.0346047 -0.454902 -0.889869 -0.0344134 -0.445708 -0.894517 -0.0313531 -0.360849 -0.932097 0 -0.361027 -0.932555 0 -0.361027 -0.932555 0.279771 -0.510956 -0.812805 0.322315 -0.534426 -0.781346 0.360588 -0.581752 -0.729068 0.365172 -0.641944 -0.674208 0.364363 -0.645389 -0.671351 0.333562 -0.672705 -0.660458 0.291226 -0.666796 -0.685981 0.28771 -0.663299 -0.690838 0.688576 -0.112035 -0.716457 0.697445 -0.113512 -0.707591 0.688075 -0.111958 -0.716951 0.68643 -0.111482 -0.7186 0.68573 -0.110725 -0.719385 0.669393 -0.105289 -0.735409 0.668377 -0.10444 -0.736454 0.665756 -0.0985289 -0.739636 0.682518 -0.110075 -0.722532 0.674093 -0.107914 -0.730721 0.73498 -0.119978 -0.66739 0.715053 -0.116646 -0.68927 0.714926 -0.116628 -0.689405 0.696226 -0.113508 -0.708791 0.696224 -0.113508 -0.708794 0.790551 -0.12879 -0.5987 0.789533 -0.128633 -0.600076 0.789388 -0.128608 -0.600272 0.78513 -0.128031 -0.605953 0.777292 -0.126713 -0.616247 0.774536 -0.126216 -0.619809 0.768147 -0.127096 -0.627532 0.744942 -0.121882 -0.655901 0.163495 0.0248477 -0.986231 0.162759 0.0252417 -0.986343 0.0255153 0.105551 -0.994087 0.0256502 0.0255744 -0.999344 0 -0.0981481 -0.995172 0 -0.0981481 -0.995172 -0.00033573 -0.0978432 -0.995202 -0.0241323 -0.0723623 -0.997086 -0.0242594 -0.0722135 -0.997094 0.00121938 -0.361026 -0.932555 0.00316503 -0.357632 -0.933857 0.177093 -0.351981 -0.919101 0.247488 -0.412165 -0.876852 0.249839 -0.423274 -0.870873 0.26316 -0.433398 -0.861924 0.273056 -0.479011 -0.834259 0.273993 -0.479541 -0.833648 -0.032511 -0.350132 -0.936136 -0.030828 -0.304736 -0.951938 -0.0294914 -0.299444 -0.953658 -0.0287329 -0.296603 -0.954569 -0.00499952 -0.296722 -0.954951 0 -0.301321 -0.953523 0 -0.301321 -0.953523 0.31176 -0.472586 -0.824299 0.313468 -0.471024 -0.824545 0.367552 -0.48957 -0.790713 0.372453 -0.495146 -0.784926 0.386781 -0.597835 -0.702136 0.390862 -0.606698 -0.692203 0.390938 -0.61209 -0.687396 0.389545 -0.601479 -0.69748 0.687422 -0.11204 -0.717564 0.687139 -0.111958 -0.717847 0.684452 -0.111545 -0.720474 0.66205 -0.107811 -0.741665 0.662223 -0.107813 -0.74151 0.677774 -0.110044 -0.726989 0.661852 -0.107712 -0.741856 0.645079 -0.104717 -0.756906 0.638264 -0.103595 -0.762816 0.59532 -0.0967065 -0.797648 0.612353 -0.0996762 -0.784276 0.603146 -0.0981632 -0.791567 0.5876 -0.0953641 -0.803513 0.550765 -0.0879008 -0.830019 0.779732 -0.132194 -0.611999 0.687008 -0.133731 -0.714238 0.6885 -0.116675 -0.71579 0.688501 -0.116674 -0.715788 0.773956 -0.12867 -0.620029 0.774598 -0.128916 -0.619175 0.688758 -0.113476 -0.716055 0.786858 -0.135544 -0.602065 0.785233 -0.128103 -0.605804 0.785415 -0.128091 -0.605571 0.400191 -0.0416918 -0.915483 0.284152 -0.0323007 -0.958235 0.256622 -0.0296829 -0.966056 0.204311 -0.00107089 -0.978905 0.204257 -0.0230322 -0.978646 0.0236793 -0.0235216 -0.999443 0.0235342 -0.112991 -0.993317 0.0163885 -0.113007 -0.993459 0 -0.121514 -0.99259 0 -0.121514 -0.99259 -0.000298335 -0.12121 -0.992627 -0.000334937 -0.120038 -0.992769 0.00299398 -0.30132 -0.953518 0.0150275 -0.290182 -0.956854 0.163222 -0.286323 -0.944128 0.173211 -0.278748 -0.944615 0.210617 -0.30928 -0.927354 0.238115 -0.338402 -0.910377 0.275573 -0.422674 -0.863369 0.250813 -0.335289 -0.908116 0.322312 -0.438487 -0.838954 -0.0288767 -0.280753 -0.959345 -0.0286331 -0.27984 -0.95962 -0.028369 -0.279649 -0.959683 -0.0174816 -0.27312 -0.961821 -0.00953235 -0.268961 -0.963104 -0.00504579 -0.266622 -0.963788 -0.00134576 -0.264197 -0.964468 -0.00126303 -0.264154 -0.96448 0 -0.26365 -0.964618 0.325302 -0.435661 -0.839272 0.351755 -0.431728 -0.83059 0.408138 -0.439874 -0.799959 0.425079 -0.514485 -0.744724 0.357154 -0.426552 -0.83096 0.459381 -0.562012 -0.687831 0.460823 -0.571873 -0.678677 0.431138 -0.60719 -0.667413 0.398291 -0.604709 -0.689704 0.455907 -0.547659 -0.701582 0.667767 -0.116601 -0.735181 0.661956 -0.110942 -0.741287 0.681102 -0.111065 -0.723716 0.660587 -0.107648 -0.742992 0.658509 -0.107373 -0.744874 0.650835 -0.106161 -0.75176 0.631141 -0.102908 -0.768812 0.59621 -0.0970839 -0.796937 0.585302 -0.0952752 -0.805199 0.630614 -0.10289 -0.769246 0.599518 -0.0977206 -0.794373 0.548062 -0.0876363 -0.831834 0.542153 -0.0882642 -0.835631 0.540839 -0.0878979 -0.836521 0.54032 -0.0873949 -0.836909 0.564278 -0.0919307 -0.82045 0.772029 -0.262712 -0.578752 0.771241 -0.263457 -0.579463 0.656368 -0.267972 -0.705246 0.680179 -0.142787 -0.719005 0.817324 -0.182195 -0.546613 0.667617 -0.118482 -0.735016 0.526725 -0.0683862 -0.84728 0.491835 -0.0624563 -0.868446 0.444279 -0.0533353 -0.8943 0.415007 -0.0465715 -0.908626 0.403279 -0.0430668 -0.914063 0.264876 -0.0349612 -0.963648 0.257811 -0.0303769 -0.965718 0.269521 -0.0448266 -0.961951 0.223974 -0.0412399 -0.973722 0.269593 -0.0384267 -0.962207 0.221532 -0.152816 -0.963105 0.189851 -0.183987 -0.96442 0.189804 -0.183992 -0.964428 0.104685 -0.186368 -0.976887 0.102764 -0.186313 -0.977101 0.0977855 -0.185347 -0.977796 0.0956501 -0.185006 -0.978072 0.0759845 -0.16818 -0.982823 0.0316573 -0.128069 -0.99126 0.00650314 -0.128131 -0.991736 0 -0.141604 -0.989923 -0.000647072 -0.142875 -0.989741 -0.00125822 -0.142875 -0.98974 -0.00125592 -0.142879 -0.989739 -0.00117556 -0.122103 -0.992517 0.0085907 -0.25564 -0.966734 0.0152036 -0.250217 -0.96807 0.0501344 -0.217141 -0.974852 0.0933165 -0.186435 -0.978026 0.192005 -0.270285 -0.94344 0.297432 -0.297321 -0.907267 0.274539 -0.319819 -0.906832 0.252325 -0.334626 -0.907941 0.195794 -0.190014 -0.96206 0.210934 -0.189405 -0.958975 0.222559 -0.194896 -0.95524 0.250102 -0.222813 -0.942233 0.301164 -0.291895 -0.907798 0.286167 -0.353026 -0.890776 0.303066 -0.372142 -0.877303 -0.0016641 -0.255374 -0.966841 -0.00134894 -0.255651 -0.966768 -0.00126412 -0.255651 -0.966768 -0.00126609 -0.255649 -0.966769 0.36378 -0.398196 -0.842084 0.372371 -0.389683 -0.842311 0.399252 -0.384113 -0.832499 0.412017 -0.436117 -0.800027 0.477094 -0.454226 -0.75237 0.516001 -0.492418 -0.700905 0.520184 -0.506664 -0.687532 0.522475 -0.523895 -0.672722 0.490316 -0.55498 -0.672003 0.486962 -0.554572 -0.674772 0.470906 -0.551783 -0.688319 0.64828 -0.106094 -0.753974 0.654202 -0.107302 -0.748669 0.549732 -0.11398 -0.827529 0.550791 -0.0958384 -0.829123 0.544227 -0.0898977 -0.834107 0.553445 -0.0902814 -0.827978 0.558466 -0.0910235 -0.824518 0.539425 -0.0872233 -0.837504 0.538616 -0.0864549 -0.838104 0.526931 -0.068734 -0.847124 0.54222 -0.0883296 -0.835581 0.539681 -0.0877036 -0.837289 0.541815 -0.0883259 -0.835844 0.539636 -0.0879587 -0.837291 0.784865 -0.380454 -0.489123 0.739073 -0.447508 -0.503495 0.728689 -0.442524 -0.52267 0.621153 -0.388218 -0.680776 0.60192 -0.376445 -0.704259 0.589541 -0.367725 -0.71918 0.474043 -0.234019 -0.848834 0.498432 -0.177921 -0.848475 0.510239 -0.349708 -0.785723 0.461871 -0.332737 -0.822169 0.434979 -0.0655259 -0.898053 0.396823 -0.0586912 -0.916017 0.344297 -0.0502839 -0.937513 0.335061 -0.048617 -0.940941 0.27871 -0.0397262 -0.959553 0.269773 -0.045936 -0.961828 0.269221 -0.0786592 -0.959861 0.263253 -0.10742 -0.958728 0.26271 -0.109087 -0.958688 0.232448 -0.155117 -0.96016 0.230919 -0.158577 -0.959963 0.218611 -0.176837 -0.959655 0.213699 -0.181879 -0.959819 0.213296 -0.182057 -0.959875 0.204699 -0.183119 -0.961543 0.0764919 -0.170206 -0.982435 0.0237174 -0.170658 -0.985045 0.00725609 -0.1416 -0.989897 0.024418 -0.184853 -0.982463 0 -0.184908 -0.982756 -0.000642653 -0.183741 -0.982974 -0.00137515 -0.173182 -0.984889 -0.000685244 -0.183741 -0.982974 -0.00104697 -0.183126 -0.983089 -0.00127747 -0.213307 -0.976984 -0.000754281 -0.212274 -0.97721 -0.000681234 -0.212139 -0.977239 0 -0.211489 -0.97738 0.0403793 -0.211317 -0.976583 0.329126 -0.310491 -0.89178 0.324886 -0.301441 -0.896427 0.344737 -0.325557 -0.880437 0.22018 -0.179837 -0.958738 0.265944 -0.167926 -0.94925 0.310564 -0.157019 -0.937494 0.330006 -0.151245 -0.931784 0.370908 -0.142109 -0.917732 0.40409 -0.147284 -0.902784 0.448357 -0.332956 -0.829528 0.409584 -0.326309 -0.851918 -0.00202576 -0.250389 -0.968143 -0.00204392 -0.214038 -0.976823 0.409281 -0.351716 -0.841894 0.404328 -0.378977 -0.832403 0.457575 -0.392316 -0.797943 0.577967 -0.469007 -0.667822 0.54333 -0.498107 -0.675783 0.530192 -0.496446 -0.687341 0.459587 -0.390161 -0.797843 0.547943 -0.406933 -0.730866 0.575893 -0.431931 -0.694106 0.503854 -0.102349 -0.857704 0.518244 -0.0964654 -0.849775 0.535174 -0.0898377 -0.839951 0.542952 -0.0893083 -0.835001 0.542054 -0.0883935 -0.835682 0.622149 -0.400057 -0.672967 0.588757 -0.434035 -0.681893 0.583361 -0.433983 -0.686548 0.532404 -0.36851 -0.762067 0.404884 -0.133584 -0.904557 0.444564 -0.336982 -0.829943 0.264483 -0.109593 -0.958143 0.416679 -0.344061 -0.841428 -0.239999 -0.317289 -0.917457 -0.277367 -0.13231 -0.95161 -0.281621 -0.101047 -0.95419 0 1 0 0 1 0 0 1 0 0 1 0 0 1 0 0 1 0 0 1 0 0 0 -1 0 0 -1 0 0 -1 0 0 -1 0 0 -1 0 0 -1 0 0 -1 0 0 -1 0 0 -1 0 0 -1 0 0 -1 0 0 -1 0 0 -1 -0.23964 -0.319052 -0.91694 -0.221401 -0.406752 -0.886304 -0.221039 -0.408415 -0.885629 -0.200858 -0.50764 -0.837829 -0.200601 -0.509042 -0.837039 -0.159768 -0.695379 -0.700658 -0.0484758 -0.971361 -0.232612 -0.0422676 -0.978122 -0.203691 0 -1 0 0 -1 0 0 -1 0 0 -1 0 0 -1 0 0 -1 0 0 -1 0 0 -1 0 0 -1 0 0 -1 0 -0.689579 -0.513015 -0.511171 -0.481804 -0.247611 -0.840568 -0.340695 -0.147047 -0.928603 -0.287476 -0.102569 -0.95228 0.280552 -0.104213 -0.954165 0.272091 -0.165073 -0.948007 0.242256 -0.312133 -0.918632 -0.00148335 -0.999903 -0.0138681 -0.00710269 -0.999182 -0.0398166 0.10805 -0.863395 -0.492823 0.000960263 -0.999937 -0.0111859 0 -0.999975 -0.00710829 -0.803596 -0.524662 -0.281002 -0.891243 -0.448738 -0.0657244 -0.940347 -0.335044 -0.059105 -0.957844 -0.199739 -0.206494 -0.885181 -0.458385 -0.0796103 -0.121278 0.992294 -0.0253849 0.845357 -0.18597 -0.500786 0.856759 -0.21381 -0.469308 0.237944 -0.332333 -0.912654 0.906341 -0.357904 -0.224613 0.898619 -0.386311 -0.207961 0.233868 -0.350083 -0.907055 0.183077 -0.592561 -0.784445 0.207718 -0.477143 -0.853925 0.208279 -0.474626 -0.85519 -0.855476 -0.517442 0.0203612 -0.876943 -0.480443 0.0121107 -0.881135 -0.472865 0 -0.887539 -0.457967 -0.0504003 -0.953408 -0.301683 0 -0.142775 0.989752 0.00256138 -0.957674 -0.287633 0.0113014 -0.98049 -0.195716 0.0183034 0.929885 -0.367202 0.0218223 0.928317 -0.371077 0.0230125 0.927875 -0.372166 0.023238 0.918504 -0.39486 0.0208824 0 0 1 0 0 1 0 0 1 0 0 1 0 0 1 -0.924589 -0.3805 0.0188381 0 1 0 0 1 0 0 1 0 0 1 0 0 1 0 -0.00278438 -0.161671 0.986841 -0.000340351 -0.164048 0.986452 0.00155452 -0.160097 0.9871 1 0 0 1 0 0 1 0 0 1 0 0 1 0 0 1 0 0 1 0 0 1 0 0 1 0 0 1 0 0 1 0 0 1 0 0 1 0 0 1 0 0 1 0 0 1 0 0 1 0 0 1 0 0 1 0 0 1 0 0 1 0 0 1 0 0 1 0 0 1 0 0 1 0 0 1 0 0 1 0 0 1 0 0 1 0 0 1 0 0 1 0 0 1 0 0 1 0 0 1 0 0 -0.00425477 -0.16167 0.986836 -0.00526289 -0.212389 0.977171 -0.00105325 -0.212392 0.977184 0 -0.211387 0.977402 0 -0.211387 0.977402 0 -0.16967 0.985501 -0.00531251 -0.164374 0.986384 0.336124 0.680503 -0.651104 -0.135552 -0.162282 0.977389 -0.135317 -0.162864 0.977325 -0.135526 -0.163507 0.977189 -0.134685 -0.196891 0.97113 -0.0910281 -0.212512 0.972909 -0.00631621 -0.213393 0.976946 -0.00626435 -0.247271 0.968926 -0.00177898 -0.247275 0.968944 -0.00104465 -0.246271 0.969201 0 -0.246271 0.969201 0 -0.246271 0.969201 0 0.629478 -0.777019 -0.121839 0.591557 -0.797004 -0.498784 0.434495 -0.749952 -1 0 0 -1 0 0 -1 0 0 -1 0 0 -1 0 0 -1 0 0 -1 0 0 -1 0 0 -1 0 0 -1 0 0 -1 0 0 -1 0 0 -1 0 0 -1 0 0 -1 0 0 -1 0 0 -1 0 0 -1 0 0 -1 0 0 -1 0 0 -1 0 0 -1 0 0 -1 0 0 -1 0 0 0 0.428166 -0.9037 -0.0549735 -0.247492 0.967329 -0.0535645 -0.248636 0.967115 -0.00751346 -0.248987 0.968478 -0.00771675 -0.265561 0.964063 -0.00670323 -0.267487 0.963538 -0.00183332 -0.267493 0.963558 -0.000801453 -0.269417 0.963023 0 -0.269417 0.963024 0 -0.269417 0.963024 -0.00132489 0.426577 -0.904451 -0.11556 0.423719 -0.898392 -0.184864 0.357118 -0.915583 0.141221 0.156579 -0.977517 0 0 -1 0 0 -1 0 0 -1 0 0 -1 0 0.249312 -0.968423 0 0.426471 -0.904501 -0.0644348 -0.273345 0.959756 -0.0551613 -0.265164 0.962624 -0.0740969 -0.276608 0.958122 -0.00678351 -0.273907 0.961732 -0.00517894 -0.275726 0.961222 -0.000820235 -0.27573 0.961235 -0.000476224 -0.276121 0.961123 0 -0.276085 0.961133 -0.131403 -0.991301 0.00739681 -0.134166 -0.990919 0.00888408 -0.00613758 -0.279872 0.960018 -0.00517388 -0.278984 0.960282 -0.0458371 -0.279583 0.959027 -0.0506163 -0.286836 0.956642 -0.0452093 -0.282498 0.958202 -0.0447 -0.279922 0.958982 -0.0455236 -0.279647 0.959023 -0.000327965 -0.278988 0.960294 0 -0.279294 0.960206 0 -0.999972 0.00746151 -0.00139484 -0.999981 0.00597416 -0.00447652 -0.999972 0.00597411 -0.00596044 -0.999954 0.00746137 -0.00595007 -0.998214 0.0594435 -0.00595006 -0.998214 0.0594435 -0.133939 -0.989237 0.0589089 -0.134747 -0.989102 0.059337 -0.00600584 -0.279933 0.960001 -0.00536539 -0.28013 0.959947 0 -0.280134 0.959961 0 -0.280134 0.959961 -0.142386 -0.336533 0.930844 -0.0883666 -0.320266 0.943197 -0.00612088 -0.321517 0.946884 -0.00593136 -0.321325 0.946951 -0.00562639 -0.282783 0.959167 -0.00509213 -0.280243 0.959916 -0.00524831 -0.280198 0.959928 -0.00500495 -0.281658 0.959502 -0.00499165 -0.280301 0.959899 0.00139228 -0.998142 0.0609191 0 -0.998232 0.0594445 -0.143282 -0.987344 0.0679937 -0.00587349 -0.985367 0.170342 -0.0069893 -0.985158 0.171506 -0.0809102 -0.981952 0.170948 -0.143518 -0.981075 0.129982 -9.2902e-07 -0.280247 0.959928 0 -0.280247 0.959928 -0.13891 -0.395005 0.908116 -0.131717 -0.4033 0.905539 -0.131216 -0.403601 0.905477 -0.00598718 -0.407113 0.913358 -0.00590439 -0.407035 0.913394 0 -0.407042 0.91341 0.000924485 -0.406106 0.913825 0.000957653 -0.322376 0.946611 0 -0.32133 0.946967 0 -0.281731 0.959494 -3.78091e-05 -0.281662 0.959514 -9.35858e-05 -0.280304 0.959911 0.00138204 -0.985382 0.170354 0.00137448 -0.985384 0.170345 0.00136426 -0.972713 0.232009 0.00100041 -0.969879 0.243587 0.000248184 -0.9695 0.245092 -0.00802909 -0.969469 0.245084 -0.00830857 -0.969337 0.245594 -0.0946491 -0.965019 0.2445 -0.102325 -0.962614 0.250806 -0.148668 -0.487087 0.860607 -0.139361 -0.480681 0.865751 -0.00738618 -0.485405 0.874258 -0.00643617 -0.483968 0.875062 0 -0.483978 0.87508 0.00156417 -0.486521 0.873668 0.000381642 -0.92626 0.376885 0.000328084 -0.925702 0.378254 -0.00689902 -0.92568 0.378245 -0.0101859 -0.927655 0.3733 -0.147516 -0.917554 0.369235 -0.182783 -0.922463 0.340078 -0.182116 -0.923392 0.337908 -0.155652 -0.56588 0.809661 -0.0745477 -0.595943 0.799559 -0.00790979 -0.597587 0.801765 -0.00690382 -0.598624 0.801 -0.000100438 -0.598638 0.801019 0.00164561 -0.59659 0.802545 0.00129738 -0.925023 0.37991 0.0012575 -0.896588 0.442864 0.000729604 -0.892898 0.450259 0 -0.892571 0.450906 -0.00605698 -0.892555 0.450898 -0.00665401 -0.892804 0.450396 -0.131822 -0.885033 0.446475 -0.142483 -0.886245 0.440759 -0.0517128 -0.611641 0.789443 -0.0366768 -0.621298 0.782716 -0.00792484 -0.621697 0.783218 -0.00675973 -0.620364 0.784285 0.000798254 -0.614328 0.78905 0.000127242 -0.620378 0.784303 0.000794142 -0.619513 0.784986 0 -0.858964 0.512036 0 -0.858964 0.512036 -0.00641796 -0.858947 0.512025 -0.00770883 -0.85781 0.513908 -0.137704 -0.849664 0.509028 -0.13839 -0.849277 0.509486 -0.159032 -0.776418 0.609824 -0.056725 -0.760781 0.646525 -0.0373128 -0.751962 0.658149 -0.00803292 -0.752462 0.658587 0.000885445 -0.634786 0.772687 -0.00784939 -0.752634 0.658392 -0.000253296 -0.752658 0.658412 0.00104795 -0.75129 0.659972 0 -0.761697 0.647933 0 -0.761697 0.647933 -0.00794365 -0.761673 0.647913 -0.00828844 -0.761981 0.647546 -0.153334 -0.835249 0.528061 0 -0.756538 0.65395 0 -1 0 0 -1 0 -0.000482955 -1 0 -0.000482955 -1 0 -0.000482785 -0.999647 -0.0265683 0 -0.999599 -0.0283326 0.999999 -0.00154933 -4.39141e-05 1 0 -4.18101e-05 1 0 -4.18101e-05 1 0 0 1 0 0 1 0 0 -0.00048284 -1 2.34567e-08 -0.00566512 -0.99964 -0.0262439 -0.00533992 -0.999633 -0.0265679 -0.00463277 -0.999989 0 -0.00566707 -0.999984 -3.96895e-05 0 0 -1 0 0 -1 0 0 -1 0 0 -1 0 0 -1 0 0 -1 1 0.000487515 -3.89271e-06 0 -0.988224 0.153015 0 0 1 0 0 1 0 0 1 0 0 1 -0.0056685 -0.999984 4.39401e-05 -0.133498 -0.991049 -0.00101738 -0.133446 -0.990658 -0.0281069 -0.00653233 -0.999577 -0.02836 -0.00596181 -0.999982 0 -0.131478 -0.991319 0 -0.131588 -0.991304 -4.30647e-06 -0.131617 -0.991301 -6.96202e-06 -0.00596181 -0.999982 2.88299e-07 0.646609 0.762569 0.0196248 0.669402 0.742363 0.0282648 -0.13148 -0.991319 6.3577e-06 -0.998675 -0.0514612 -5.28283e-05 -1 -0.000990743 -4.39139e-05 -0.1419 -0.98891 -0.0438327 -0.131478 -0.991319 6.59364e-06 -0.131588 -0.991304 0 -1 0 0 -1 0 0 -1 0 -4.16421e-05 -1 0 -4.16421e-05 0.621933 0.782832 0.0192992 -1 0.000791057 -2.88614e-06 0 0 -1 0 0 -1 0 0 -1 0 0 -1 0 0 -1 0 0 -1 0 0 -1 0 0 -1 0 0 -1 -0.999991 -0.0022689 -0.00349499 -1 0 0 -1 0 0 -1 0 0 -1 0 0 0 1 0 0 1 0 0 1 0 0 1 0 0 1 0 0 1 0 -0.999981 -0.00420805 -0.00454103 0 -1 0 0 -1 0 0 -1 0 0 -1 0 0 -1 0 0 -1 0 0 -1 0 -0.998305 0.058174 0.00168849 0.823496 0.567323 0 0.823496 0.567323 0 0 0 1 0 0 1 0 0 1 0 0 1 0 0 1 0.814881 0.579628 0.000616175 0.821228 0.570599 0.000318655 0.823496 0.567323 0.000158411 0.930176 0.367113 0 0.931678 0.363278 -0.00221651 0.792815 -0.609459 -0.00181936 0.797707 -0.602984 0.00860516 0.803236 -0.595585 0.00951999 0.945431 -0.317556 0.0729224 0.951733 -0.296695 0.0785924 0.98677 0 0.162125 0.867671 0.415627 0.272766 0.815968 0.496332 0.296396 0.690836 0.636588 0.342784 0.596393 0.719739 0.355376 0.80088 0.569668 0.18458 0.928754 0.36234 0.0782699 0.931611 0.363455 0.000839443 0.930316 0.366759 0.000204817 0.838287 0.507592 0.199059 0.8551 0.480757 0.194106 0.930176 0.367113 0.000102508 1 0 0.000755813 1 0 0.000755813 0.999997 0 -0.00227004 0.999997 0 -0.00227004 0.801384 -0.59815 0 0.794343 -0.607469 0 0.794343 -0.607469 0 0.795049 -0.606521 0.00541062 0.802094 -0.597193 0.00248652 0.803265 -0.595607 0.00414245 0.795059 -0.606528 0.00248099 0.947945 -0.318401 0.0045665 0.950136 -0.311834 0.000921295 0.999248 0 0.038776 0.999248 0 0.038776 0.69027 0.637122 0.342934 0.949283 -0.314424 0.00020472 0.950627 -0.310328 -0.00207122 0.802096 -0.597195 0.000388833 0.801624 -0.597829 0.000168169 0.794343 -0.607469 0.00017086 0.793725 -0.608277 0.000900266 -0.398626 0.00224513 -0.917111 -0.398389 0.000908445 -0.917216 -0.398868 -0.000651827 -0.917008 0 0 1 0 0 1 0 0 1 0 0 1 0 0 1 0 0 1 0 0 1 0 0 1 0 0 1 0 0 1 0 0 1 0 0 1 0 0 1 0 0 1 0 0 1 0 0 1 0 0 1 0 0 1 0 0 1 0 0 1 0 0 1 0 0 1 0 0 1 0 0 1 0 0 1 0 0 1 0 0 1 0 0 1 0 0 1 0 0 1 0 0 1 0 0 1 0 0 1 -0.39857 0.0169928 -0.916981 -0.383466 0.0648561 -0.921275 -0.359854 0.0937001 -0.928292 -0.232022 0.0791319 -0.969486 -0.200206 0.0492828 -0.978514 -0.200449 0.000504647 -0.979704 -0.19987 -0.0483889 -0.978627 -0.230769 -0.0774421 -0.969922 -0.380517 -0.0941678 -0.919967 -0.398077 -0.0629476 -0.91519 -0.200104 0.000179911 -0.979775 -0.333527 0.184464 -0.924518 -0.33005 0.186717 -0.925313 -0.23073 0.166715 -0.958629 -0.229531 0.165782 -0.959079 -0.174073 0.167729 -0.970343 -0.0567934 0.05022 -0.997122 -0.0473004 0.0454872 -0.997845 -0.00202113 0.000183625 -0.999998 -0.0451555 -0.043524 -0.998031 -0.056756 -0.0493058 -0.99717 -0.00165424 0 -0.999999 -0.228376 -0.16281 -0.959863 -0.172347 -0.165022 -0.971115 -0.232487 -0.165995 -0.95833 -0.374769 -0.194366 -0.906515 -0.374943 -0.194143 -0.906491 -0.266557 0.260364 -0.927986 -0.266583 0.260166 -0.928034 -0.27193 0.249237 -0.929481 -0.172685 0.215181 -0.961185 -0.0454706 0.0454911 -0.997929 -0.168876 0.219135 -0.960969 -0.0633989 0.221881 -0.973011 -0.0445635 0.203694 -0.97802 0 0 -1 0 0 -1 0 0 -1 0 0 -1 0 0 -1 0 0 -1 -0.0435529 -0.0435271 -0.998102 -0.0626511 -0.220006 -0.973485 -0.166443 -0.217365 -0.961795 -0.17084 -0.212789 -0.962047 -0.0427036 -0.201106 -0.978638 -0.281746 -0.265296 -0.922083 -0.295706 -0.278871 -0.913668 -0.360896 -0.239959 -0.901207 -0.201861 0.321551 -0.925125 -0.192423 0.321552 -0.927134 -0.00292565 0.200959 -0.979595 0 0.198531 -0.980095 -0.0948618 0.353183 -0.930732 -0.0821904 0.36541 -0.927211 -0.0692966 0.371133 -0.925991 -0.00467493 0.321114 -0.947029 0 -0.196467 -0.980511 -0.00318367 -0.199199 -0.979954 -0.00507908 -0.317793 -0.948147 -0.073 -0.368491 -0.926761 -0.0945014 -0.353696 -0.930574 -0.110573 -0.370825 -0.922097 -0.200221 -0.365558 -0.908999 -0.216509 -0.369462 -0.903671 -0.250736 -0.359102 -0.898987 -0.293332 -0.286563 -0.912052 0.0318036 0.207467 -0.977725 0.0236676 0.1998 -0.979551 0 0.325765 -0.945451 0.0426138 0.358866 -0.932416 0.0603342 0.347044 -0.935906 0.0241442 0.0293914 -0.999276 0.0189172 0.0189257 -0.999642 -0.0344972 0.400329 -0.915722 -0.0177289 0.405438 -0.913951 -0.00841164 0.407199 -0.913301 0 0.404379 -0.914591 0.0221255 -0.0265138 -0.999404 0.0216997 -0.196977 -0.980168 0.0177358 -0.0177345 -0.999685 0.0586793 -0.340722 -0.938331 0.0408905 -0.353461 -0.934555 0 -0.323566 -0.946206 0.03091 -0.205359 -0.978199 0 -0.403625 -0.914925 -0.00990571 -0.40717 -0.913299 -0.0743364 -0.388377 -0.918497 -0.0803579 -0.389143 -0.917665 0.137299 0.213336 -0.967283 0.131509 0.205769 -0.969724 0.0889655 0.379395 -0.920948 0.148339 0.376691 -0.914384 0.167831 0.36358 -0.91632 0.136947 0.142145 -0.980327 0.0440262 0.391864 -0.918969 0.0632088 0.394395 -0.916765 0.20936 0.123208 -0.970045 0.207052 0.0765391 -0.975331 0.150994 0.018712 -0.988358 0.194298 0.137473 -0.971262 0.151021 0.000453786 -0.988531 0.150578 0 -0.988598 0.208487 -0.121736 -0.970419 0.194319 -0.13511 -0.971589 0.135829 -0.140068 -0.980781 0.150555 -0.0175352 -0.988446 0.206253 -0.0749857 -0.975621 0.130314 -0.203705 -0.970321 0.136093 -0.211219 -0.967918 0.162357 -0.337029 -0.92739 0.0817804 -0.365149 -0.92735 0.0660668 -0.380976 -0.922221 0.0423131 -0.389042 -0.920248 0.0347554 -0.394988 -0.918029 0.260782 0.276068 -0.925083 0.243239 0.258048 -0.935011 0.223235 0.352211 -0.908908 0.267572 0.298366 -0.916178 0.285713 0.284618 -0.915074 0.344621 0.236965 -0.908341 0.357059 0.175634 -0.917421 0.306686 0.0714273 -0.949127 0.368287 0.161004 -0.915665 0.315559 0.062131 -0.94687 0.31617 0.00076252 -0.948702 0.315639 0.000435595 -0.948879 0.315042 -0.0614672 -0.947085 0.307219 -0.0696204 -0.949089 0.326041 -0.16325 -0.931154 0.344262 -0.12311 -0.930767 0.325787 -0.183657 -0.927434 0.314747 -0.213354 -0.924886 0.241272 -0.251861 -0.937205 0.238951 -0.25417 -0.937177 0.19846 -0.328954 -0.923257 0.174145 -0.337315 -0.925144 0.282728 0.29017 -0.914257 0.368637 0.160772 -0.915565 0.401073 0.0667693 -0.913609 0.401706 0.0658628 -0.913397 0.40258 0.000836605 -0.915384 0.401909 -0.0578297 -0.913852 0.400752 -0.0599308 -0.914224 0.393549 -0.0657149 -0.916952 0.402582 0.000832787 -0.915383 -0.99104 0.133568 0 -0.989321 0.145403 -0.0100784 -0.986658 0.145012 -0.0740045 -0.986724 0.144223 -0.0746654 -0.993927 0.0760909 -0.0794965 -0.999997 -0.00214392 -0.00107134 -0.999998 -0.0019297 0 -0.99373 0.0774267 0.0806571 -0.98659 0.144153 0.0765455 -0.986522 0.144992 0.0758361 -0.989321 0.145403 0.0100895 -0.999997 -0.00214333 0.00106956 -0.940647 0.339386 0 -0.949083 0.314273 -0.0217832 -0.945419 0.325076 0.0225569 -0.965346 0.244972 -0.0899783 -0.970398 0.184143 -0.156266 -0.985232 0.0918242 -0.144523 -0.989799 0.073192 -0.122233 -0.969851 0.16569 -0.178708 -0.99092 0.0576866 -0.121451 -0.998066 -0.00214172 -0.0621303 -0.999997 -0.00214586 -0.00107522 -0.996076 -0.0884967 -0.000356418 -0.995805 -0.0814599 0.0416803 -0.99592 -0.0800417 0.0416851 -0.99999 -0.00321843 0.00321945 -0.995971 -0.0801765 -0.0401736 -0.997495 -0.0032104 0.0706614 -0.990742 0.0520561 0.125384 -0.989121 0.074641 0.126759 -0.985736 0.0884467 0.143187 -0.959288 0.202907 0.196455 -0.944875 0.235239 0.227758 -0.952699 0.287202 0.0993945 -0.0118314 0.00957636 0.999884 0 1 0 0 1 0 0 1 0 0 1 0 0 1 0 0 1 0 -0.915262 0.202313 0.348375 -0.421774 0.0477155 0.905445 -0.352508 0.0300939 0.935325 -0.106102 0.00952297 0.99431 -0.927362 0.0518444 -0.370556 -0.963653 0.124524 -0.236361 -0.964175 0.126475 -0.233174 0 4.11684e-05 -1 0 4.11684e-05 -1 -0.00865244 3.59774e-05 -0.999963 -0.884951 0.000106817 -0.465685 -0.979924 0.0570465 -0.191034 -0.978347 0.0469725 -0.201571 -0.97937 -0.0109025 -0.201782 -0.984178 -0.0322961 -0.174213 -0.991104 -0.0353951 -0.128297 -0.988166 -0.052918 -0.143969 -0.987815 -0.0592341 -0.143918 -0.993175 -0.071511 -0.0921426 -0.99454 -0.0763292 -0.0711608 -0.993959 -0.0810643 -0.0739897 0 -1 0 0 -1 0 0 -1 0 0 -1 0 0 -1 0 0 -1 0 0 -1 0 0 -1 0 0 -1 0 0 -1 0 0 -1 0 0 -1 0 0 -1 0 0 -1 0 0 -1 0 0 -1 0 0 -1 0 0 -1 0 0 -1 0 0 -0.00115588 0.999999 0 -0.00115588 0.999999 -0.000414877 -0.00115557 0.999999 -0.0322556 -0.00116687 0.999479 -0.351115 -0.00944299 0.936285 -0.976266 -0.0685765 0.205429 -0.987036 -0.0725418 0.143174 -0.995764 -0.0812978 0.0429478 -0.988436 -0.0493637 0.143377 -0.991438 -0.0314205 0.126745 -0.983674 -0.028503 0.177688 -0.978583 -0.00563682 0.205775 -0.977738 0.0419169 0.205598 -0.979333 0.0517969 0.19551 -0.959248 0.131005 0.250363 -0.000619898 0.000192909 1 -0.000201598 0.000163173 1 -0.000143049 0.000156483 1 -5.14594e-06 0.000152833 1 0 0.000153027 1 0 0.000153027 1 -0.352661 -0.00623125 0.93573 -0.00158098 0 0.999999 -0.000430207 0.000133878 1 -0.885222 0 -0.465168 -0.915978 -0.0124723 -0.401035 0.761755 0.647815 -0.0080961 6.66349e-05 5.6668e-05 -1 0 0 -1 0 0 -1 0 0 -1 0 0 -1 0 0 -1 0 0 -1 0 0 -1 0 0 -1 0 0 -1 0 0 -1 0 0 -1 -0.927754 -0.0179979 -0.372758 -0.980659 -0.0505633 -0.189078 -0.98121 -0.0510688 -0.18606 -0.986055 -0.0566394 -0.156483 -0.410435 -0.704203 -0.579345 -0.367657 -0.726696 -0.580294 0.746177 -0.122056 0.654463 0.566583 -0.0926789 0.818776 0.145035 -0.0245889 0.989121 0 0 1 0 0 1 0 0 1 0 0 1 0 0 1 0 0 1 -0.976848 -0.0671828 0.203114 0.00784239 0.0147074 0.999861 0.000109141 0.000204679 1 0.763105 0.646255 -0.00495744 0.762498 0.646958 -0.00640236 6.67809e-05 5.66616e-05 -1 0.000111372 5.39049e-05 -1 0.000247014 4.20889e-05 -1 0.000264073 3.96205e-05 -1 0.000273133 3.81962e-05 -1 0.0774097 -0.0125246 -0.996921 0.160651 -0.0261058 -0.986666 -0.166039 -0.767079 -0.619694 -0.170792 -0.768394 -0.616766 0.821784 -0.138963 0.552595 0.76809 -0.125669 0.627889 0.754897 -0.122985 0.644209 0.748821 -0.121964 0.651453 0.74844 -0.121917 0.6519 0.647733 -0.105653 0.754506 0.0894811 0.0756782 0.993109 0.000374973 0.000317132 1 0.713987 0.599127 0.362312 0.765993 0.642767 0.0103174 0.765757 0.643103 0.00596086 0.764998 0.644032 0.00113082 0.764769 0.644305 0 0.764769 0.644305 0 0.746959 -0.121455 0.653682 0.744728 -0.12046 0.656407 0.025964 -0.00365576 0.999656 0.00138106 0.00022617 0.999999 0.00114096 0.000258954 0.999999 0.000564694 0.000315231 1 0.000379041 0.000317318 1 0.76398 0.645232 -0.00311363 0.890334 0.44277 -0.106109 0.894329 0.432863 -0.11316 0.962833 0.164058 -0.214562 0.968391 0.145294 -0.202754 0.971338 0.135837 -0.195069 0.98424 0.0888029 -0.152923 0.987162 -0.159719 -0.00136009 0.987 -0.16072 0 0.986978 -0.160856 -0.00044974 0.471281 -0.076758 -0.878637 0.3749 -0.0610457 -0.925053 0.987015 -0.160626 0 0.987005 -0.160691 6.02933e-05 -0.139369 -0.767632 -0.625554 0.826766 -0.140119 0.544816 0.840639 -0.139059 0.523439 0.843477 -0.137567 0.519251 0.842379 -0.137154 0.52114 0.841197 -0.136784 0.523142 0.816192 -0.132604 0.562359 0.781623 -0.127145 0.610655 0.770919 -0.125526 0.624441 0.828909 -0.124697 0.545307 0.822979 -0.11392 0.556532 0.749639 -0.1175 0.651333 0.669446 0.560435 0.487601 0.736782 0.411296 0.536645 0.78843 0.439426 0.430445 0.830115 0.524473 0.189305 0.773701 0.633242 0.0197878 0.773765 0.633295 0.0150195 0.775891 0.630655 0.0163513 0.775935 0.63069 0.0124795 0.906241 0.42251 0.0145753 0.901681 0.432362 0.00582614 0.895389 0.445284 0 0.895389 0.445284 0 0.75064 -0.105691 0.652203 0.773113 -0.0953644 0.627058 0.770446 0.126173 0.624895 0.77195 0.128584 0.622542 0.739701 0.167884 0.651658 0.995954 0.0898598 0 0.995954 0.0898598 0 0.986818 -0.161001 0.0163843 0.986951 -0.161023 0 0.986951 -0.161023 0 0.986925 -0.160677 0.0127518 0.986834 -0.160901 0.0164312 0.995934 0.0898579 0.00643514 0.996426 0.0834824 0.0128746 0.848382 -0.152084 0.507069 0.846176 -0.144595 0.512912 0.841427 -0.139504 0.522053 0.848891 -0.138492 0.510102 0.848657 -0.13845 0.510502 0.865782 -0.141334 0.480048 0.901842 -0.146918 0.40632 0.900433 -0.146593 0.409549 0.841431 -0.136681 0.522793 0.837271 -0.132533 0.530483 0.834912 -0.130882 0.534596 0.824006 -0.0919586 0.559068 0.824003 -0.091923 0.559079 0.860158 0.123622 0.494819 0.880831 0.419989 0.218509 0.867399 0.461954 0.184977 0.853478 0.507169 0.119813 0.952146 0.285765 0.108431 0.926577 0.3744 0.0357596 0.995773 0.0834276 0.0384301 0.846367 0 0.532599 0.986804 -0.161047 0.0167752 0.986172 -0.160789 0.0401445 0.985826 -0.161075 0.0469239 0.985072 -0.15444 0.0760383 0.996027 0.0449322 0.0768839 0.851126 -0.160726 0.499752 0.902221 -0.146983 0.405455 0.908568 -0.147996 0.390641 0.908944 -0.148043 0.389749 0.910531 -0.148168 0.38598 0.910627 -0.148167 0.385752 0.911089 -0.147675 0.384851 0.914311 -0.142316 0.379185 0.9412 -0.109014 0.31978 0.969901 -0.00321439 0.243477 0.970128 0 0.242595 0.967616 0.176118 0.180836 0.953499 0.280448 0.1104 0.992368 0.0447671 0.1149 0.984911 -0.161432 0.062374 0.981306 -0.157555 0.110517 0.978787 -0.159807 0.128214 0.978963 -0.159906 0.12673 0.979289 -0.16001 0.124057 0.980993 -0.160539 0.108995 0.984636 -0.161509 0.0663773 0.968643 -0.148246 0.199382 0.971568 -0.153027 0.180664 0.974416 -0.156449 0.161362 0.978511 -0.044142 0.201413 0.909299 -0.148863 0.388608 0.910251 -0.148442 0.386534 0.911217 -0.148617 0.384183 0.911482 -0.148525 0.383591 0.948044 -0.15488 0.277895 0.951677 -0.155133 0.265036 0.951697 -0.155117 0.264976 0.919646 -0.149443 0.363204 0.944246 -0.137531 0.299142 0.943538 -0.134358 0.302795 0.946921 -0.104864 0.30388 0.968371 -0.0436846 0.24566 0.984309 -0.161806 0.0703937 0.983922 -0.162806 0.0734304 0.975519 -0.158741 0.152201 0.959622 -0.159499 0.231701 0.967034 -0.169502 0.19004 0.968852 -0.157654 0.190974 0.96202 -0.156808 0.223448 0.982828 -0.161384 0.0894621 0.954482 -0.154194 0.255318 0.959224 -0.152976 0.237672 0.956252 -0.155747 0.247639 0.936943 -0.159374 0.311028 0.944229 -0.157668 0.289089 0.953912 -0.15554 0.256632 0.953471 -0.156053 0.257955 0.953922 -0.15554 0.256595 0.954253 -0.15547 0.255404 0.954029 -0.155393 0.256283 0.95396 -0.156128 0.256095 0.957173 -0.158117 0.242527 -0.00423263 -0.587223 -0.809414 0.136531 -0.559381 -0.817589 0.686486 -0.320831 -0.652537 0.704229 -0.309251 -0.639082 0.892758 -0.143348 -0.427123 1 0 0 1 0 0 1 0 0 1 0 0 1 0 0 1 0 0 1 0 0 1 0 0 0 -1 0 0 -1 0 -1 0 0 -1 0 0 -1 0 0 -1 0 0 0.628884 -0.160351 -0.760784 0.632589 -0.168053 -0.756036 0 1 0 0 1 0 0 1 0 0 1 0 0 1 0 0 1 0 0.928554 -0.0858629 -0.36113 0.910226 -0.118418 -0.396819 0 -0.000355779 1 -0.000747509 0 1 -0.000747507 0 1 0.969047 -0.0110904 -0.246626 0.982729 0.040249 -0.180621 0.980075 0.0277962 -0.196673 0 0.000282501 1 0 0 1 0 0 1 0 0 1 0 0 1 0 0 1 0 0 1 0.00116111 0.00146682 0.999998 -0.0153384 0.0180877 0.999719 -0.0936611 0.0950406 0.991057 -0.529224 0.332741 0.780517 -0.613166 0.357922 0.704216 -0.675005 0.356357 0.646048 -1 0 0 -1 0 0 -1 0 0 -1 0 0 -1 0 0 -1 0 0 -1 0 0 -1 0 0 -1 0 0 -1 0 0 -1 0 0 -1 0 0 -1 0 0 -1 0 0 -1 0 0 -1 0 0 -1 0 0 -1 0 0 -1 0 0 -1 0 0 -1 0 0 -1 0 0 -1 0 0 -0.152234 -0.987765 -0.033833 -0.142622 -0.989421 -0.0265454 0.00120916 0.00142558 0.999998 -0.0152372 0.111475 0.99365 -0.0152452 0.111474 0.99365 1 0 0 1 0 0 1 0 0 1 0 0 1 0 0 1 0 0 1 0 0 1 0 0 1 0 0 1 0 0 1 0 0 1 0 0 1 0 0 1 0 0 1 0 0 1 0 0 1 0 0 1 0 0 1 0 0 1 0 0 1 0 0 1 0 0 1 0 0 1 0 0 1 0 0 1 0 0 1 0 0 1 0 0 1 0 0 1 0 0 1 0 0 1 0 0 1 0 0 1 0 0 1 0 0 1 0 0 1 0 0 1 0 0 1 0 0 -0.0743169 0.111179 0.991018 -0.104497 0.263829 0.958892 -0.375509 0.506871 0.775935 -0.378933 0.529698 0.758834 -0.555908 0.43295 0.709592 0 0.696001 0.71804 0.177635 0.734141 0.655349 0.198407 0.736921 0.646206 0.305934 0.748259 0.588654 0 1 0 0 1 0 0 1 0 0 1 0 0 1 0 -0.146688 -0.984719 -0.0938647 -0.00543567 -0.999618 -0.0271127 -0.00572928 -0.999624 -0.0268191 -0.111201 -0.986121 -0.123289 -0.00538757 -0.992261 -0.124057 -0.00539566 -0.99226 -0.124065 0 0.267016 0.963692 -0.0147836 0.265252 0.964066 -0.138161 -0.192483 -0.971525 -0.111658 -0.985983 -0.123972 0 -0.992274 -0.124066 0 -0.999641 -0.0268081 0 -0.999641 -0.0268081 -0.00468964 -0.99963 -0.0268078 -0.111321 -0.983007 -0.14596 -0.0538122 -0.977544 -0.203744 -0.0427338 -0.976038 -0.213365 -0.00530426 -0.976916 -0.213557 0.00582846 -0.99961 -0.0273263 0 -0.219706 -0.975566 -0.00169666 -0.21773 -0.976008 -0.129167 -0.200463 -0.971149 -0.136877 -0.207882 -0.96853 -0.136966 -0.207252 -0.968652 -0.00411956 -0.976527 -0.215356 0.00249299 -0.976532 -0.215357 0.00253177 -0.991722 -0.128378 0.00241602 -0.991971 -0.126445 0.021529 -0.998841 -0.0430572 0.0213795 -0.991906 -0.125159 -0.157159 -0.901023 -0.4043 -0.145374 -0.904382 -0.401197 -0.0508626 -0.945623 -0.321262 -0.00604143 -0.946832 -0.321673 -0.00474628 -0.947617 -0.319374 -0.00188866 -0.221481 -0.975163 -0.0056636 -0.225023 -0.974337 -0.00699962 -0.202152 -0.979329 0 -0.249713 -0.96832 -0.00187453 -0.25145 -0.967868 -0.00562214 -0.253932 -0.967206 -0.00655889 -0.254808 -0.96697 -0.135059 -0.252478 -0.95813 -0.135405 -0.252374 -0.958109 0.00421481 -0.961476 -0.274856 0.00400712 -0.971158 -0.238404 0.00302339 -0.976343 -0.216205 0.00314583 -0.947623 -0.319376 0.00442445 -0.948397 -0.317054 -0.154987 -0.894566 -0.419203 -0.00495958 -0.913433 -0.406958 -0.00647645 -0.914074 -0.405496 -0.0885179 -0.870885 -0.483451 -0.0853479 -0.870016 -0.48558 -0.00474108 -0.873192 -0.487353 0.00360828 -0.913439 -0.40696 -0.00203265 -0.253935 -0.967219 0 -0.255159 -0.966899 -0.00093584 -0.2551 -0.966914 -0.000931293 -0.272318 -0.962207 -0.00538633 -0.272314 -0.962193 -0.00652855 -0.271211 -0.962498 -0.106511 -0.269674 -0.957043 -0.106899 -0.271883 -0.956374 0.00486189 -0.948395 -0.317053 0.0185026 -0.947726 -0.31855 0.0037223 -0.91339 -0.40707 0.00848068 -0.913363 -0.407058 0.0195725 -0.91354 -0.406278 0.0202811 -0.946613 -0.321733 -0.00213648 -0.871533 -0.490332 0.0035517 -0.87153 -0.49033 -0.150574 -0.76063 -0.631482 -0.0901741 -0.797721 -0.596247 -0.00500498 -0.800974 -0.598678 -0.00224704 -0.80362 -0.595139 0 -0.273208 -0.961955 0 -0.273208 -0.961955 0 -0.280024 -0.959993 0 -0.280024 -0.959993 -0.00545424 -0.28002 -0.959979 -0.00545321 -0.28002 -0.959979 -0.0688659 -0.277898 -0.958139 -0.0576484 -0.279558 -0.958396 0.0194657 -0.908554 -0.417313 0.00402021 -0.871227 -0.490864 0.0186756 -0.871679 -0.489722 0.00260901 -0.803619 -0.595138 0.00422302 -0.80537 -0.592757 -0.138626 -0.751138 -0.645426 -0.138424 -0.75135 -0.645222 -0.00624932 -0.758639 -0.651481 -0.00498665 -0.759714 -0.650239 0.00137362 -0.759722 -0.650246 0.00354684 -0.761804 -0.647798 0.00344725 -0.790965 -0.611852 0 -0.280336 -0.959902 -0.00023487 -0.280598 -0.959825 -0.00545915 -0.280594 -0.959811 -0.0583234 -0.280255 -0.958152 -0.0585132 -0.280324 -0.958121 -0.110582 -0.290174 -0.950563 -0.0055799 -0.280728 -0.959771 0.00949176 -0.785095 -0.619303 -0.155897 -0.664178 -0.731139 -0.139167 -0.67495 -0.72462 -0.00725187 -0.681565 -0.731722 -0.00632356 -0.682496 -0.730862 0.00163713 -0.682508 -0.730876 0.00220641 -0.683075 -0.730345 0.00216754 -0.748577 -0.663044 0.00992165 -0.762132 -0.647345 0 -0.281064 -0.959689 -0.00024829 -0.280804 -0.959765 -0.00558077 -0.2808 -0.95975 -0.00557978 -0.2808 -0.95975 -0.00553925 -0.304139 -0.952612 -0.00566093 -0.304274 -0.952568 -0.0916479 -0.302998 -0.948574 -0.0970445 -0.346801 -0.932905 -0.107128 -0.617705 -0.779079 -0.105441 -0.621317 -0.776432 -0.00718075 -0.624784 -0.780765 -0.00642115 -0.623862 -0.781508 0.00151098 -0.623875 -0.781523 0.00160646 -0.623998 -0.781424 0.0113318 -0.674066 -0.738584 0.00232356 -0.683068 -0.730351 0.0119785 -0.624754 -0.78073 0 -0.303905 -0.952702 -1.27447e-05 -0.304143 -0.952626 0.000387698 -0.304647 -0.952465 0.000443775 -0.348711 -0.93723 0.000445059 -0.348671 -0.937245 -0.0060383 -0.348664 -0.937228 -0.00696134 -0.35026 -0.936627 -0.0966485 -0.348628 -0.932265 -0.16573 -0.425955 -0.889436 -0.152997 -0.482637 -0.862354 -0.102637 -0.515186 -0.85091 -0.00663032 -0.51791 -0.855409 -0.00613303 -0.518427 -0.8551 0.000730094 -0.518437 -0.855116 0.00144365 -0.519274 -0.854607 0.000474667 -0.34873 -0.937223 0.000619684 -0.455271 -0.890353 -0.006901 -0.45526 -0.890332 -0.00777329 -0.454248 -0.890842 -0.159525 -0.448444 -0.87946 -0.169592 -0.442063 -0.880806 0.000648637 -0.455305 -0.890335 0.000810445 -0.455518 -0.890226 0.000778944 -0.517597 -0.855624 0.0143537 -0.350336 -0.936514 0.0137608 -0.440105 -0.897841 0.968448 -0.248198 0.0224949 0.916338 -0.400324 0.00810415 0.911615 -0.398261 -0.101716 0.953301 -0.202935 -0.223684 0 1 0 0 1 0 0 1 0 0 1 0 0 1 0 0 1 0 0 1 0 0 1 0 0 1 0 0 1 0 0 1 0 0 1 0 0 0 1 0 0 1 0 0 1 0 0 1 0 0 1 0 0 1 0 0 1 0 0 1 0 0 1 0 0 1 0 0 1 0 0 1 0 0 1 0 0 1 0 0 1 0 0 1 0 0 1 0 0 1 0 0 1 0 0 1 0 0 1 0 0 1 0 0 1 0 0 1 0 0 1 0 0 1 0 0 1 0 0 1 0 0 1 0 0 1 0 0 1 0 0 1 0 0 1 0.904975 -0.425374 0.00880469 0.868959 -0.494796 0.00933652 0.854811 -0.518863 0.00895679 0.849529 -0.515657 -0.111345 0.833414 -0.534707 -0.139674 0.790363 -0.556313 -0.256598 0.730905 -0.519927 -0.442102 0.312535 -0.178337 -0.933016 0.308589 -0.171939 -0.935526 0.25174 -0.118587 -0.960502 -0.909338 -0.41544 0.0226615 0.82292 -0.567483 0.027664 0.841594 -0.539955 0.0130009 0.815553 -0.578012 0.0278427 0.815179 -0.578545 0.0277312 0.791521 -0.561755 -0.240677 0.411449 -0.342988 -0.844434 0.778705 -0.624126 -0.0639189 0.691845 -0.719178 -0.0643028 0.680838 -0.7272 -0.0874038 0.494463 -0.614747 -0.614485 0.386122 -0.43916 -0.811202 0.349117 -0.327191 -0.878102 0.224287 -0.186415 -0.956528 0.198839 -0.132027 -0.971098 0.18457 -0.119695 -0.975503 0.162593 -0.108034 -0.980761 0.0851272 -0.00109491 -0.99637 -0.898945 -0.437836 0.0140533 -0.863709 -0.392028 -0.316736 -0.884497 -0.456567 -0.0959807 -0.888035 -0.456157 -0.0575689 -0.89648 -0.443085 0 -0.840549 -0.541237 0.0232478 0.812334 -0.58253 0.0277972 0.789232 -0.61395 0.0133293 0.786249 -0.617909 0 0.200354 -0.187771 -0.961562 0.195925 -0.176243 -0.964651 0.698306 -0.715799 0 0.698306 -0.715799 0 0.576664 -0.816982 0 0.592084 -0.801238 -0.0863409 0.550497 -0.799337 -0.24086 0.494201 -0.618157 -0.611267 0.184289 -0.209604 -0.960262 0.186976 -0.246041 -0.951054 0.171247 -0.204197 -0.963835 0.173482 -0.178364 -0.968551 0.123009 -0.11036 -0.98625 0.103305 -0.102025 -0.989403 0.00231136 -0.0010989 -0.999997 0.000403862 0 -1 -0.796519 -0.604447 0.0142205 -0.798429 -0.60188 0.0158659 -0.800257 -0.599406 0.0173492 -0.799673 -0.600436 0 -0.78222 -0.234935 -0.577008 -0.832905 -0.372099 -0.409648 -0.810128 -0.580475 -0.082104 -0.879891 -0.468574 -0.0789327 -0.666036 -0.410232 -0.622981 -0.786379 -0.594168 -0.169035 -0.805654 -0.58522 -0.091866 -0.80705 -0.586017 -0.0724905 0.755058 -0.655433 0.0171646 0.700941 -0.71301 0.0172586 0.698056 -0.715846 0.0168278 0.104226 -0.107159 -0.988764 0.102102 -0.10214 -0.989516 0.692966 -0.720703 0.0196274 0.686045 -0.727264 0.0207319 0.619739 -0.784541 0.0204598 0.572088 -0.820043 0.0156467 0.562001 -0.82689 0.0201816 0.546447 -0.804004 -0.234464 0.458674 -0.860221 -0.222795 0.452362 -0.861352 -0.231175 0.436659 -0.86016 -0.263541 0.147388 -0.292088 -0.944966 0.13078 -0.217263 -0.967313 0.113841 -0.139131 -0.983709 0.103525 -0.115249 -0.987927 0.111688 -0.192055 -0.975008 0 0 -1 0 0 -1 0 0 -1 0 0 -1 0 0 -1 0 0 -1 0 0 -1 0 0 -1 -0.746017 -0.643519 -0.171295 -0.75713 -0.653106 0.0144181 -0.740598 -0.671667 0.0194344 -0.20123 -0.112554 -0.973056 -0.197149 -0.112505 -0.973897 -0.20392 -0.127228 -0.970685 -0.30677 -0.201994 -0.930102 -0.241294 -0.181131 -0.953399 -0.271838 -0.23751 -0.932573 -0.715706 -0.665091 -0.21312 0.011711 -0.0234307 -0.999657 0.54896 -0.835353 0.0287881 0.542898 -0.839278 0.029556 0.489448 -0.871569 0.0284431 0.47038 -0.882174 0.0226245 0.464837 -0.885106 0.0226997 0.448305 -0.893484 0.0266127 0.444629 -0.895323 0.0264862 0.418954 -0.907688 0.0240752 0.408375 -0.884768 -0.224532 0.32014 -0.92504 -0.204478 0.3176 -0.924231 -0.21196 0.254126 -0.8886 -0.381852 0.161018 -0.615693 -0.77136 0.132084 -0.502988 -0.854141 0.102676 -0.225124 -0.968905 0.0975026 -0.213872 -0.971983 0.0954783 -0.192381 -0.976664 0.013293 -0.0281782 -0.999515 -0.000548738 0 -1 -0.732213 -0.680783 0.0199641 -0.735436 -0.677275 0.0208264 -0.715582 -0.66532 -0.212819 -0.174917 -0.0965683 -0.979836 -0.16804 -0.0972449 -0.980972 -0.188834 -0.122609 -0.974325 -0.188513 -0.135571 -0.972668 -0.148991 -0.135335 -0.979534 -0.149204 -0.1457 -0.978013 -0.211922 -0.208156 -0.954861 -0.24036 -0.265911 -0.933552 -0.670176 -0.708528 -0.221024 -0.676291 -0.705145 -0.213076 0.0132236 -0.105819 -0.994298 0 -0.0664089 -0.997793 0.392723 -0.919278 0.0264054 0.366919 -0.929903 0.0255146 0.321544 -0.946886 -0.0040032 0 -1 0 0 -1 0 0 -1 0 0 -1 0 0 -1 0 0 -1 0 0 -1 0 0 -1 0 0 -1 0 0 -1 0 0 -1 0 0 -1 0 0 -1 0 0.0566761 -0.261529 -0.96353 0.050283 -0.231134 -0.971622 0.048722 -0.214641 -0.975477 0.0168413 -0.120195 -0.992607 -0.0141261 -0.0141149 -0.999801 -0.0151613 -0.0146317 -0.999778 -0.0513125 -0.0375495 -0.997976 -0.105502 -0.0604403 -0.992581 -0.69205 -0.721576 0.0198633 -0.699719 -0.71413 0.0202734 -0.727299 -0.686022 0.0202514 -0.0141096 -0.0141149 -0.999801 -0.0141261 -0.0141478 -0.9998 -0.0343136 -0.0444723 -0.998421 -0.135261 -0.14546 -0.980075 -0.135434 -0.182497 -0.973834 -0.147292 -0.205683 -0.967471 -0.167316 -0.226972 -0.959421 -0.65175 -0.735687 -0.184353 -0.215069 -0.322804 -0.921707 -0.623274 -0.760264 -0.183107 -0.663032 -0.748422 0.0158911 -0.684281 -0.728893 0.0217716 0.0165397 -0.222336 -0.97483 -0.00434235 -0.222364 -0.974954 -0.00443839 -0.0832578 -0.996518 -0.000803929 -0.0688062 -0.99763 -0.000805837 -0.00241747 -0.999997 0.019646 -0.231382 -0.972665 -0.0718342 -0.11974 -0.990203 -0.051362 -0.103444 -0.993308 -0.0717993 -0.123677 -0.989722 -0.115396 -0.211288 -0.970588 -0.139154 -0.23572 -0.961807 -0.147867 -0.235419 -0.96058 -0.213106 -0.321557 -0.922598 -0.607511 -0.794243 0.0104423 -0.608267 -0.793626 0.0130085 -0.613773 -0.789327 0.0156764 -0.60514 -0.791144 -0.0888618 -0.591669 -0.803453 -0.0662641 -0.227534 -0.40558 -0.885287 -0.466146 -0.876954 -0.116871 -0.479882 -0.875118 -0.0623 -0.0046596 -0.22328 -0.974743 -0.00561543 -0.224633 -0.974427 -0.0343005 -0.224504 -0.973869 -0.0345424 -0.224154 -0.973941 -0.0349049 -0.173796 -0.984163 -0.0476112 -0.198646 -0.978914 -0.0506102 -0.198617 -0.97877 -0.291441 -0.956527 0.0108723 -0.081047 -0.237405 -0.968024 -0.114766 -0.236615 -0.964802 -0.160898 -0.304243 -0.938908 -0.1621 -0.304986 -0.93846 -0.592942 -0.805181 -0.0101376 -0.476672 -0.879036 0.00895301 -0.479967 -0.877206 0.011862 -0.55417 -0.832226 0.0171688 -0.480794 -0.876781 -0.00963347 -0.305818 -0.940739 -0.146581 -0.34224 -0.933815 -0.10422 -0.193686 -0.673827 -0.713052 -0.257236 -0.915564 -0.309149 -0.344103 -0.938898 0.00798281 -0.406041 -0.913804 0.00962206 -0.0502751 -0.246828 -0.967754 -0.0532329 -0.24679 -0.967606 -0.0653625 -0.288291 -0.95531 -0.0956846 -0.367438 -0.925113 -0.0961402 -0.368402 -0.924682 -0.320253 -0.947249 0.012543 -0.309147 -0.950979 0.00818797 0.224475 0.159766 0.961294 0.82663 0.562746 0 0.82663 0.562746 0 0 1 0 0 1 0 0 1 0 0 1 0 0 1 0 0 1 0 0 1 0 0 1 0 0 1 0 0 1 0 0 1 0 0 1 0 0 1 0 0 1 0 0 1 0 0 1 0 0 1 0 0.000559273 0.16395 0.986468 0 0 1 0 0 1 0 0 1 0 0 1 0 0 1 0 0 1 0 0 1 0 0 1 0 0 1 0 0 1 0 0 1 0 0 1 0 0 1 0 0 1 0 0 1 0 0 1 0.889946 0.456066 0 0.825483 0.561965 -0.0526515 0.892642 0.432622 -0.126602 0.870168 0.473807 -0.135333 0.867963 0.478028 -0.134646 0.89711 0.425147 -0.120182 0.88539 0.341034 -0.315879 0.897857 0.41211 -0.154975 -0.905361 0.424643 0 -0.912987 0.406346 0.0365701 -0.91304 0.406185 0.037026 -0.917297 0.344196 0.200236 -0.916652 0.34247 0.206065 -0.727549 0.150694 0.669301 -0.462835 0.0130239 0.886349 0.742226 0.164819 -0.649566 0.742571 0.167131 -0.648579 0.825816 0.465444 -0.318418 0.878887 0.325418 -0.348799 0.743524 0.154141 -0.650702 0.789891 0.0305249 -0.612488 -0.904876 0.424415 -0.032728 -1 0 0 -1 0 0 -1 0 0 -1 0 0 -1 0 0 -1 0 0 -1 0 0 -1 0 0 -1 0 0 -1 0 0 -1 0 0 -0.905138 0.423363 -0.0385947 -0.487464 0 0.873143 -0.447784 -0.00569476 0.894124 0.142209 0.0280411 -0.989439 0.165248 0.0457495 -0.98519 0.57937 -0.00116336 -0.815063 0.569446 -0.00886071 -0.821981 0.522304 -0.0394738 -0.851845 0.264884 -0.0280954 -0.963871 0.227681 -0.0239913 -0.97344 0.180766 -0.0184508 -0.983353 0.178496 -0.0180587 -0.983775 0.142256 -0.0111751 -0.989767 0.770835 -0.000909317 -0.637034 0.770245 -0.014314 -0.637587 -0.904908 0.420688 -0.0645164 -0.905554 0.421002 -0.0522349 -0.442768 -0.1472 0.884471 0 -1 0 0 -1 0 0 -1 0 0 -1 0 0 -1 0 0 -1 0 0 -1 0 0 -1 0 0 -1 0 0 -1 0 -0.000797714 -0.164174 0.986431 0.142082 0.0283024 -0.98945 0.140529 -0.0110015 -0.990015 0.0955432 -0.00597598 -0.995407 0.130279 0.029046 -0.991052 0.558731 -0.0280189 -0.828876 0.690264 -0.093082 -0.717545 0.567605 -0.0908696 -0.818271 0.563426 -0.0900755 -0.821242 0.556754 -0.0885581 -0.825943 0.511273 -0.0612893 -0.85723 0.509806 -0.0739257 -0.857107 0.506962 -0.0724164 -0.858921 0.506787 -0.0720975 -0.859051 0.413762 -0.0579807 -0.908537 0.363333 -0.0501608 -0.930308 0.312842 -0.0412955 -0.948907 0.295313 -0.037701 -0.954656 0.266291 -0.0304658 -0.963411 0.265645 -0.0303927 -0.963592 0.256735 -0.0291984 -0.966041 0.197189 -0.0236877 -0.980079 0.198079 -0.0240735 -0.97989 0.169743 -0.0242037 -0.985191 0.168436 -0.024041 -0.985419 0.12888 -0.018387 -0.99149 0.12778 -0.018203 -0.991635 0.077954 -0.0110779 -0.996895 0.684748 -0.108106 -0.720717 0.68392 -0.107665 -0.721569 0.683863 -0.10741 -0.721661 -0.894837 0.405746 -0.186109 -0.885738 0.395922 -0.242309 -0.0156339 0 -0.999878 -0.0155088 -7.42611e-05 -0.99988 -0.0124654 -0.00196691 -0.99992 -0.00875905 -0.00450526 -0.999951 -0.00783873 -0.00523288 -0.999956 -0.00658176 -0.00640334 -0.999958 -0.00533891 -0.00763101 -0.999957 -0.00481202 -0.00824666 -0.999954 -0.0023848 -0.0115479 -0.999931 -0.000346061 -0.0146291 -0.999893 0 -0.0151933 -0.999885 0.0861 -0.00527732 -0.996273 0.0746174 -0.0106608 -0.997155 0.0739264 -0.0105686 -0.997208 0.0443418 -0.00633918 -0.998996 0.0425482 -0.0052922 -0.99908 0.0399266 -0.00144909 -0.999202 0.0337336 -0.000865789 -0.999431 0.0307733 0 -0.999526 0.0304314 0.00010053 -0.999537 0.0201647 0.00330052 -0.999791 0.0131356 0.00571959 -0.999897 0.0100888 0.00694929 -0.999925 0.00783265 0.00805975 -0.999937 0.00583963 0.00919938 -0.999941 0.00411694 0.010396 -0.999937 0.00195271 0.0121569 -0.999924 0 0.0139584 -0.999903 0.542462 -0.0882736 -0.83543 0.542012 -0.0882253 -0.835727 0.541833 -0.0882032 -0.835845 0.540376 -0.0879577 -0.836814 0.528081 -0.0853016 -0.844899 0.595826 -0.0969576 -0.79724 0.655288 -0.106681 -0.747808 0.628756 -0.102495 -0.770818 0.609836 -0.099372 -0.786273 0.597418 -0.0972483 -0.796011 0.595619 -0.09695 -0.797395 0.595631 -0.0969519 -0.797386 0.551084 -0.0895678 -0.829629 0.543519 -0.0884484 -0.834724 0.543503 -0.088446 -0.834735 0.469558 -0.0667954 -0.880372 0.429063 -0.0605781 -0.901241 0.397223 -0.112487 -0.910802 0.330622 -0.0625115 -0.941691 0.484628 -0.0692243 -0.871977 0.529316 -0.0862845 -0.844025 0.529319 -0.0864399 -0.844008 0.528361 -0.0946805 -0.843724 0.523959 -0.120284 -0.843207 0.46781 -0.0667332 -0.881306 0.422894 -0.0603222 -0.904169 0.406931 -0.058132 -0.911607 0.346307 -0.049466 -0.936816 0.34558 -0.0493503 -0.937091 0.287276 -0.0410118 -0.95697 0.278118 -0.0395652 -0.959732 0.242086 -0.03443 -0.969644 0.225659 -0.0322539 -0.973672 0.225659 -0.0322539 -0.973672 0.220418 -0.0315048 -0.974897 0.218799 -0.0312398 -0.97527 0.216495 -0.0306398 -0.975803 0.204493 -0.0259125 -0.978525 0.21483 -0.0306514 -0.97617 0.213879 -0.0305701 -0.976382 0.169819 -0.0242726 -0.985176 0.215668 -0.0307923 -0.975981 0.12742 -0.0182048 -0.991682 0.138298 -0.0243937 -0.99009 0.111596 -0.0182398 -0.993586 0.687727 -0.110603 -0.717495 0.684731 -0.108335 -0.720699 0.661561 -0.107265 -0.74218 0.664555 -0.10815 -0.739371 0.658615 -0.107234 -0.7448 0.658487 -0.107209 -0.744917 0.658397 -0.107194 -0.744998 -0.388371 0.194589 -0.900724 -0.354142 0.179442 -0.917815 -0.349207 0.177278 -0.920123 -0.243455 0.136967 -0.960193 -0.137485 0.0886919 -0.986525 -0.00849618 0.00828037 -0.99993 -0.0102564 0.00569054 -0.999931 -0.0133427 0.00221896 -0.999909 -0.0148994 0.00067296 -0.999889 -0.0154892 0.000128321 -0.99988 0 0 -1 0 0 -1 0 0 -1 0 0 -1 0 0 -1 0 0 -1 0 0 -1 0 0 -1 0 0 -1 0 0 -1 0 0 -1 0 0 -1 0 0 -1 0 0 -1 0 0 -1 0 0 -1 0 0 -1 0 0 -1 0 0 -1 0 0 -1 0 0 -1 0 0 -1 0 0 -1 0 0 -1 0 0 -1 0 0 -1 0 0 -1 0 0 -1 0 0 -1 0 0 -1 0 0 -1 0 0 -1 0 0 -1 0 0 -1 0.00125427 -0.0144592 -0.999895 0.00337697 -0.0135151 -0.999903 0.0024189 -0.0138869 -0.999901 0.688591 -0.129009 -0.713582 0.0350199 -0.00144936 -0.999386 0.0705759 -0.0105712 -0.99745 0.0441227 -0.00640954 -0.999006 0.0442136 -0.00637734 -0.999002 -0.000299483 0.0138576 -0.999904 -0.000115767 0.0140321 -0.999902 0.549846 -0.0943645 -0.829919 0.54514 -0.0913607 -0.833352 0.588663 -0.0959255 -0.802667 0.529988 -0.0863974 -0.843593 0.650444 -0.107077 -0.751969 0.626775 -0.102439 -0.772437 0.619646 -0.101188 -0.778332 0.551528 -0.0986019 -0.828308 0.230582 -0.0349596 -0.972425 0.253523 -0.0391991 -0.966535 0.2856 -0.0463893 -0.957225 0.311678 -0.0542201 -0.94864 0.163817 -0.0325676 -0.985953 0.34365 -0.0491185 -0.937813 0.286729 -0.0409828 -0.957135 0.286729 -0.0409827 -0.957135 0.222593 -0.0320716 -0.974384 0.159927 -0.0308915 -0.986645 0.00621572 -0.0120891 -0.999908 0.00706928 -0.0117383 -0.999906 0.0145687 -0.00984221 -0.999845 0.0168741 -0.00949053 -0.999813 0.0430813 -0.0065088 -0.99905 0.686462 -0.111092 -0.71863 0.686413 -0.111672 -0.718587 0.686417 -0.111673 -0.718583 0.682857 -0.111079 -0.722058 0.68037 -0.110724 -0.724456 0.675705 -0.110005 -0.728918 0.657437 -0.10985 -0.745459 -0.000477311 0.0137026 -0.999906 -0.00113933 0.013136 -0.999913 -0.00268614 0.0119277 -0.999925 -0.00603207 0.00961044 -0.999936 -0.00849588 0.0082805 -0.99993 0.684229 -0.115197 -0.720111 0.684614 -0.115262 -0.719735 0.663652 -0.114197 -0.739273 0.684684 -0.115199 -0.719679 0.688431 -0.114489 -0.716209 0.689 -0.11235 -0.716001 0.686408 -0.111729 -0.718582 0.690048 -0.113018 -0.714886 0 -0.0296402 -0.999561 0 -0.0296402 -0.999561 0 -1 0 0 -1 0 0 -1 0 0 -1 0 0 -1 0 0 -1 0 0 -1 0 0 -1 0 -0.999278 -0.000640104 0.0379768 -0.999429 0.00016792 0.0337947 -0.999855 0.00342679 0.0166611 -0.99995 0.00486973 0.00878434 -0.99997 0.00538961 0.00560778 -0.999971 0.00542355 0.00538463 -0.999976 0.00561942 0.00399111 -0.999982 0.00595737 0.00105536 -0.999982 0.0060571 3.95594e-05 -0.999982 0.00606306 -3.29676e-05 -0.999981 0.00612595 -0.00103448 -0.999972 0.00625673 -0.00407255 -0.999965 0.00624692 -0.00557621 -0.936143 0 -0.351621 -0.916112 -0.00107891 -0.400922 0 0 -1 0 0 -1 0 0 -1 0 0 -1 0 0 -1 0 0 -1 0 0 -1 0 0 -1 0 0 -1 0 0 -1 0 0 -1 0 0 -1 0 0 -1 0 0 -1 0 0 -1 0 0 -1 0 0 -1 0.605159 -0.520198 -0.602641 0.0437501 -0.0376078 -0.998334 0 0 1 0 0 1 0 0 1 0 0 1 0 0 1 0 0 1 0 0 1 0 0 1 0 0 1 0 0 1 0 0 1 0 0 1 0 0 1 0 0 1 -0.99875 -0.000108695 0.0499784 -0.998754 0.000247993 0.0499081 -0.998702 0 0.0509387 -0.999576 0.00586317 0.0285068 -0.999809 0.0094879 0.0171149 -0.999852 0.0119233 0.012406 -0.999853 0.0121504 0.0120632 -0.999853 0.0139577 0.00991324 -0.999751 0.021967 0.00389149 -0.999609 0.0279507 0.00018259 -0.9996 0.0282864 0 -0.999605 0.0281198 -0.000152935 -0.999664 0.0257431 -0.00304994 -0.999669 0.0255015 -0.0032711 -0.999778 0.0207847 -0.00350988 -0.999956 0.00786355 -0.00511843 -0.99995 0.00747379 -0.00667138 0.677639 -0.113959 -0.726512 0.636351 -0.109956 -0.763523 0.34163 -0.0765813 -0.936709 0.153059 -0.0525111 -0.986821 0.0917274 -0.0443084 -0.994798 0.74422 -0.359492 -0.562941 0.663788 -0.531445 -0.526262 0.610054 -0.524327 -0.594067 0.974699 -0.223521 0 0.974699 -0.223521 0 0 1 0 0 1 0 0 1 0 0 1 0 0 1 0 0.687039 -0.114768 -0.717499 0.686844 -0.114869 -0.71767 0.687008 -0.112084 -0.717953 0.687246 -0.112146 -0.717716 0.795393 -0.129597 -0.592077 0.795062 -0.133253 -0.591709 0.79397 -0.133992 -0.593007 0.783089 -0.13531 -0.607012 0.741132 -0.121648 -0.660247 0.780034 -0.127212 -0.61267 0.788835 -0.128529 -0.601015 0.780445 -0.174948 -0.600249 0.784942 -0.17891 -0.593175 0.790803 -0.202645 -0.577552 0.782805 -0.236008 -0.575774 0.766953 -0.263126 -0.585276 0.771197 -0.287415 -0.568021 0.766629 -0.311692 -0.561362 0.899227 -0.298253 -0.320057 0.702861 -0.516105 -0.489512 0.665081 -0.543621 -0.511999 0.822355 -0.240076 -0.515845 0.900021 -0.215601 -0.378786 0.904444 -0.284298 -0.318051 0.973855 -0.223329 -0.0416127 0.973855 -0.223327 -0.0416107 0.981674 -0.190568 0 0.981674 -0.190568 0 0.761754 0.647818 0.00794815 0.766119 0.642667 -0.00635685 0.766435 0.642214 -0.0118048 0.764529 0.644589 0 0.764529 0.644589 0 0.70317 -0.114807 -0.701692 0.715472 -0.116565 -0.688849 0.729026 -0.118829 -0.674092 0.73101 -0.119219 -0.671872 0.737891 -0.120793 -0.664023 0.685997 -0.111429 -0.719021 0.687041 -0.111664 -0.717987 0.700979 -0.113654 -0.704067 0.796163 -0.129593 -0.591042 0.805637 -0.131041 -0.577735 0.807517 -0.131378 -0.575027 0.810644 -0.132035 -0.570458 0.796732 -0.129655 -0.590261 0.815933 -0.132781 -0.562693 0.835716 -0.135892 -0.532082 0.840795 -0.136715 -0.523807 0.860579 -0.140032 -0.489688 0.798459 -0.148174 -0.58353 0.74112 -0.120667 -0.660439 0.751391 -0.122191 -0.648445 0.777134 -0.126244 -0.616543 0.782266 -0.127104 -0.609839 0.785667 -0.127615 -0.605345 0.79595 -0.12934 -0.591383 0.79713 -0.129644 -0.589725 0.797007 -0.129652 -0.58989 0.830092 -0.199554 -0.520698 0.865088 -0.140734 -0.481473 0.867844 -0.141255 -0.476334 0.871832 -0.142161 -0.46872 0.873981 -0.143566 -0.464268 0.911808 -0.301842 -0.278383 0.93348 -0.235644 -0.270345 0.946914 -0.239035 -0.21498 0.887931 -0.147085 -0.435826 0.90277 -0.151997 -0.402372 0.910455 -0.155716 -0.383177 0.928278 -0.15327 -0.338834 0.930513 -0.153639 -0.332476 0.944285 -0.165482 -0.284503 0.946542 -0.170038 -0.274128 0.959895 -0.220128 -0.173623 0.981663 -0.185953 -0.0419444 0.98252 -0.186115 -0.00400144 0.986857 -0.161597 0 0.986857 -0.161597 0 0.762193 0.647314 0.00690793 0.764252 0.644905 0.00400457 0.763801 0.645442 0.00357312 0.900257 0.43528 -0.00823418 0.76699 0.641621 -0.00701525 0.766147 0.642633 -0.00638803 0.895818 0.444421 0 0.895818 0.444421 0 0.792352 0.605307 -0.0760381 0.795841 0.60023 -0.079762 0.731659 -0.11921 -0.671166 0.702975 -0.113654 -0.702075 0.732415 -0.119309 -0.670324 0.681459 -0.108351 -0.723791 0.686072 -0.110465 -0.719099 0.692943 -0.110536 -0.712469 0.79716 -0.129651 -0.589684 0.803074 -0.130572 -0.581397 0.805788 -0.131029 -0.577527 0.806644 -0.131155 -0.576303 0.821191 -0.133466 -0.554826 0.841387 -0.131545 -0.524179 0.857445 -0.138063 -0.495709 0.853271 -0.13867 -0.502693 0.863291 -0.140354 -0.484799 0.863758 -0.140439 -0.483941 0.686141 -0.107509 -0.719481 0.684584 -0.103015 -0.721618 0.683245 -0.0976668 -0.723628 0.660706 -0.0123187 -0.750544 0.670176 0 -0.742203 0.670176 0 -0.742203 0.875949 0 -0.482404 0.83622 -0.0893006 -0.541075 0.799481 -0.120571 -0.588467 0.796366 -0.125322 -0.591689 0.796191 -0.127041 -0.591558 0.796189 -0.127043 -0.59156 0.833032 -0.124589 -0.539012 0.834867 -0.128105 -0.535337 0.863533 -0.140312 -0.484379 0.86315 -0.1399 -0.485181 0.867374 -0.14009 -0.477533 0.869651 -0.141587 -0.472926 0.871911 -0.14207 -0.468602 0.893471 -0.145815 -0.424791 0.891002 -0.145282 -0.430127 0.97028 -0.193006 -0.145963 0.965418 -0.157428 -0.207809 0.966362 -0.157382 -0.20341 0.966449 -0.157391 -0.202989 0.966541 -0.157414 -0.202534 0.971396 -0.166337 -0.169476 0.911398 -0.148863 -0.383659 0.929916 -0.152829 -0.334514 0.916 -0.149377 -0.372331 0.918497 -0.14975 -0.365977 0.930755 -0.151721 -0.332681 0.955643 -0.155767 -0.249966 0.930831 -0.151728 -0.332465 0.934252 -0.152168 -0.322519 0.944324 -0.153756 -0.290879 0.956745 -0.155913 -0.245623 0.95938 -0.156315 -0.23485 0.960776 -0.156536 -0.228924 0.976853 -0.185343 -0.106798 0.981712 -0.185625 -0.0422402 0.982288 -0.182675 -0.0417155 0.98643 -0.162289 -0.0248558 0.986728 -0.162338 -0.00388708 0.986852 -0.161596 -0.00301879 0.986981 -0.160838 0 0.986981 -0.160838 0 0.986992 -0.16077 0.00050624 0.890699 0.435572 0.130127 0.890115 0.437095 0.12901 0.767192 0.641392 0.00575901 0.895806 0.444415 0.00510072 0.996128 0.0878586 -0.00303769 0.995949 0.0878428 -0.0192198 0.909891 0.414476 -0.0175591 0.995863 0.090865 0 0.995863 0.090865 0 0.798966 0.599731 -0.0444532 0.915309 0.401866 -0.0267073 0.923513 0.380951 -0.0447233 0.824969 0.552349 -0.119735 0.805285 0.584742 -0.0979476 0.830161 0.525167 -0.18717 0.831887 0.516141 -0.20387 0.681522 -0.107498 -0.723859 0.835425 -0.128564 -0.534356 0.873419 -0.130483 -0.469163 0.878558 0.0054748 -0.477605 0.88095 0.000878879 -0.473209 0.878174 0.385902 -0.282647 0.772171 0.302244 -0.558929 0.844986 0.448687 -0.290995 0.94093 -0.112766 -0.319271 0.93132 -0.140899 -0.335843 0.911225 -0.148493 -0.384211 0.907481 -0.147921 -0.393188 0.984686 -0.160624 -0.0677754 0.974952 -0.15909 -0.155434 0.978497 -0.159461 -0.130825 0.978968 -0.159517 -0.127186 0.983709 -0.160159 -0.0816437 0.984523 -0.160387 -0.0706404 0.984619 -0.160425 -0.0692084 0.9481 -0.154207 -0.278075 0.956868 -0.146943 -0.250622 0.966063 -0.156556 -0.205455 0.966458 -0.15739 -0.202945 0.968148 -0.157403 -0.194717 0.932662 -0.150591 -0.327816 0.945581 -0.153919 -0.286681 0.947008 -0.154124 -0.281818 0.935238 -0.15063 -0.320377 0.935415 -0.152136 -0.319144 0.984726 -0.16068 -0.0670578 0.986512 -0.16171 -0.0253632 0.986849 -0.160817 -0.0163637 0.986976 -0.160837 -0.00301919 0.986976 -0.160837 -0.00301918 0.986993 -0.160766 0 0.986993 -0.160766 0 0.986994 -0.160755 0.000506181 0.987005 -0.160687 0.000792919 0.897789 0.419366 0.134564 0.955387 0.161859 0.247059 0.896036 0.425051 0.128261 0.903331 0.428511 0.0192775 0.995638 0.0908445 0.0212473 0.995638 0.0908445 0.0212473 0.986988 -0.160765 -0.00300982 0.986531 -0.159084 -0.0380736 0.996884 0.0688607 -0.0384732 0.995964 0.0876095 -0.0195178 0.986988 -0.160765 -0.00301926 0.986818 -0.160739 -0.0187914 0.986532 -0.160479 -0.0316284 0.995733 0.0875892 -0.0290538 0.948377 0.308108 -0.0751689 0.963762 0.230262 -0.134692 0.84519 0.510344 -0.158751 0.836188 0.52898 -0.144811 0.996463 0.0697046 -0.0469364 0.994459 0.0695644 -0.0788214 0.95353 -0.0923541 -0.286795 0.957622 0.000534943 -0.288026 0.976448 0.121038 -0.178604 0.952738 -0.137763 -0.27076 0.936969 -0.149548 -0.315793 0.957744 -0.0936341 -0.271955 0.969327 -0.157253 -0.188885 0.969491 -0.157111 -0.188156 0.978093 -0.151163 -0.143124 0.986325 -0.159058 -0.0431738 0.989458 0.00300828 -0.144787 0.996673 0.0688461 -0.0436268 0.953135 -0.139795 -0.268313 0.983676 0.0029907 -0.179926 0.992032 -0.124195 0.0211704 0.987254 -0.159138 0.00206939 0.96044 0.14746 0.236241 0.967167 0.129424 0.218718 0.980338 0.0894484 0.175889 0 -1 0 0 -1 0 0 -1 0 0 -1 0 0 -1 0 -1 0 0 -1 0 0 -1 0 0 -1 0 0 -1 0 0 -1 0 0 0 0 -1 0 0 -1 0 0 -1 0 0 -1 0 0 -1 0 0 -1 0 0 -1 0 0 -1 0 0 -1 0 0 -1 0 0 -1 0 0 -1 0 0 -1 0 0 -1 0 0 -1 0 0 -1 0 0 -1 0 0 -1 0 0 -1 0 0 -1 0 0 -1 0 0 -1 0 0 -1 0 0 -1 0 0 -1 0 0 -1 0.265051 -0.343241 -0.901073 0 0 1 0 0 1 0 0 1 0 0 1 0 0 1 0 0 1 0 0 1 0 0 1 0 0 1 0 0 1 0 0 1 0 0 1 0 0 1 0 0 1 0 0 1 0 0 1 0 0 1 0 0 1 0 0 1 0 0 1 0 0 1 0 0 1 0 0 1 0 0 1 0 0 1 0 0 1 0 0 1 0 0 1 0 0 1 0 0 1 0 0 1 0.0969838 0.316533 -0.94361 0.100288 0.31633 -0.943333 0.14471 0.299424 -0.943082 0.275938 -0.264004 -0.924208 0.283424 -0.224021 -0.932462 0.297292 -0.166693 -0.940123 0.297551 -0.165647 -0.940226 0.309896 -0.128007 -0.942114 0.310043 -0.127574 -0.942124 0.313066 -0.120947 -0.941999 0.782118 -0.415828 -0.464089 0.897576 -0.38961 0.206303 0.90431 -0.32539 0.276306 0.189452 0.932166 0.308504 0.141185 0.943726 0.299078 0.0957403 0.970021 -0.223366 0.177012 0.976253 -0.124891 0.183261 0.97549 -0.121797 0.300791 0.94155 -0.151685 0.323425 0.928692 -0.181461 0.1888 0.535047 -0.823456 0.161786 0.298267 -0.940671 0.159176 0.294502 -0.942301 0.160855 0.293651 -0.942282 0.183512 0.278593 -0.942714 0.894477 -0.362347 -0.261944 0.916706 -0.371352 0.14747 0.318845 -0.0924844 -0.943284 0.317333 -0.103225 -0.942679 0.944652 -0.113952 -0.307647 0.953326 -0.126796 -0.274029 0.96313 -0.216866 -0.159215 0.93452 -0.304381 -0.18446 0.91627 -0.370654 0.151871 0.947098 -0.308477 0.0885848 0.972819 -0.219047 0.0751153 0.9753 -0.148566 0.163459 0.956124 -0.162508 0.243758 0.945823 -0.179931 0.270267 0.926631 -0.228424 0.298627 0.299185 0.912092 0.280315 0.303755 0.950829 0.0604787 0.184422 0.981674 0.0480063 0.111357 0.989802 0.0888321 0.321838 0.911392 0.256486 0.330658 0.93967 0.0876638 0.329553 0.930642 -0.159061 0.33274 0.939642 0.0797284 0.369285 0.92254 -0.11202 0.493273 0.860936 -0.124382 0.500007 0.855583 -0.134056 0.461865 0.694796 -0.551307 0.442136 0.665338 -0.601532 0.162812 0.298896 -0.940294 0.184811 0.277833 -0.942684 0.227686 0.30977 -0.923148 0.197982 0.270282 -0.942205 0.319097 -0.0911833 -0.943325 0.327704 -0.0472611 -0.943598 0.328168 -0.0449472 -0.943549 0.328918 -0.0421484 -0.943417 0.921957 -0.0597048 -0.382663 0.922231 -0.0545273 -0.382776 0.983017 -0.0581213 0.17407 0.977764 -0.0894172 0.189691 0.975919 -0.10601 0.190643 0.975779 -0.107248 0.190664 0.977867 -0.13006 0.163889 0.363799 0.878417 0.309895 0.371401 0.927826 0.0346629 0.421096 0.844294 0.33143 0.474733 0.826703 0.301979 0.487624 0.872203 0.0385393 0.496029 0.868306 0 0.49712 0.86765 -0.00741085 0.509301 0.857391 -0.0741121 0.508737 0.855615 -0.0954404 0.51548 0.852693 -0.0848268 0.618168 0.781188 -0.0872563 0.620193 0.779019 -0.0921476 0.623238 0.772154 -0.123908 0.688504 0.71432 -0.125337 0.696723 0.702984 -0.142799 0.264859 0.26986 -0.925757 0.224276 0.246967 -0.942713 0.217605 0.252505 -0.942809 0.216729 0.253351 -0.942784 0.210625 0.259409 -0.94252 0.333348 -0.00658102 -0.942781 0.333341 -0.00925335 -0.942761 0.904037 -0.0198123 -0.426995 0.904182 -0.00845529 -0.427064 0.984914 -0.00921024 0.1728 0.984607 -0.0122775 0.174351 0.491436 0.808877 0.322814 0.526009 0.783149 0.331649 0.610155 0.737237 0.29016 0.650979 0.757853 0.0434182 0.639625 0.768687 0 0.620901 0.779537 -0.0824872 0.693312 0.719308 0.0437585 0.709242 0.703319 0.0481502 0.703865 0.697987 -0.131865 0.702253 0.709502 0.058728 0.255514 0.215742 -0.942427 0.243084 0.228233 -0.942772 0.242174 0.229167 -0.94278 0.746627 0.652184 -0.131167 0.360314 0.262705 -0.895076 0.328356 0.242582 -0.912873 0.242134 0.229201 -0.942782 0.328887 0.0393002 -0.943551 0.330368 0.033726 -0.943249 0.334045 0.00601213 -0.942538 0.334051 -0.00104204 -0.942555 0.900865 -0.00280993 -0.43409 0.900765 0.0151661 -0.434042 0.916294 0.0437207 -0.398114 0.98387 0.046945 0.172617 0.977519 0.0864099 0.192328 0.617157 0.729246 0.295496 0.644905 0.703614 0.29837 0.655283 0.694049 0.298161 0.673055 0.681399 0.287564 0.684598 0.665618 0.297118 0.691827 0.657986 0.297373 0.721692 0.626453 0.294477 0.729765 0.619544 0.289153 0.751524 0.657968 0.0478433 0.764155 0.645032 0 0.766959 0.640425 -0.0403591 0.763141 0.64174 -0.076067 0.27036 0.198364 -0.942103 0.271055 0.197155 -0.942157 0.77245 0.632372 -0.058534 0.848618 0.525991 -0.0563901 0.851963 0.516096 -0.0883463 0.852559 0.495038 -0.167572 0.406142 0.270984 -0.872706 0.283652 0.178129 -0.942238 0.272559 0.194606 -0.942253 0.321651 0.0794075 -0.943523 0.915998 0.0505431 -0.397985 0.318924 0.100999 -0.942383 0.942497 0.111924 -0.314917 0.944093 0.113796 -0.309418 0.977851 0.117866 0.172958 0.97616 0.100737 0.192257 0.956618 0.157019 0.245412 0.950039 0.167864 0.263151 0.750655 0.584768 0.307512 0.766186 0.56491 0.306326 0.769484 0.560753 0.305697 0.828561 0.495368 0.260956 0.861383 0.502491 0.074312 0.85527 0.518099 0.00928285 0.853613 0.520908 0 0.914833 0.398049 0.068102 0.920694 0.389538 0.0241539 0.915605 0.387385 -0.107708 0.905913 0.394149 -0.154817 0.427327 0.162255 -0.889418 0.299429 0.144828 -0.943063 0.293098 0.156187 -0.943239 0.292899 0.156555 -0.943239 0.311465 0.118385 -0.942855 0.316851 0.109028 -0.942188 0.407512 0.150424 -0.900726 0.954068 0.142397 -0.263585 0.974273 0.201457 -0.101028 0.978641 0.202361 0.0362092 0.975886 0.164817 0.143119 0.97433 0.144847 0.172335 0.941156 0.191395 0.278556 0.927462 0.217053 0.30447 0.832359 0.481128 0.275128 0.834622 0.475465 0.2781 0.846607 0.445132 0.291743 0.852984 0.434132 0.289738 0.859249 0.423586 0.28682 0.890921 0.377583 0.252369 0.910119 0.266213 0.317512 0.968652 0.248033 -0.0138562 0.926278 0.376465 -0.0168414 0.895262 0.340277 0.287605 0.924586 0.375778 -0.0627012 0.967411 0.247715 -0.0524722 0 1 0 0 1 0 0 1 0 0 1 0 0 1 0 0 1 0 0 1 0 0 1 0 0 1 0 0 1 0 0.974622 -0.223053 0.0189448 0.970345 -0.241102 0.0173013 0.970491 -0.241138 0 0.970491 -0.241138 0 0 0 -1 0 0 -1 0 0 -1 0 0 -1 0 0 -1 0 0 -1 0 0 -1 0 0 -1 0 0 -1 0 0 -1 0 0 -1 0 0 -1 0 0 -1 0 0 -1 0 0 -1 0 0 -1 0 0 -1 0 0 -1 0 0 -1 0 0 -1 0 0 -1 0 0 -1 0 0 -1 0 0 -1 0 0 -1 0 0 -1 0 0 -1 0 0 -1 0 0 -1 0 0 -1 0 0 -1 0 0 -1 0 0 -1 0 0 -1 0 0 -1 0 0 -1 0 0 -1 0 0 -1 0 0 -1 0 0 -1 0 0 -1 0 0 -1 0 0 -1 0 0 -1 0 0 -1 0 0 -1 0 0 -1 0 0 -1 0 0 -1 0 0 -1 0 0 -1 0 0 -1 0.976729 -0.212363 0.0300534 0.973739 -0.211713 0.0837255 0.965894 -0.244204 0.0861046 0.95624 -0.279891 0.085244 0.959593 -0.280873 0.0171086 0.959592 -0.280874 0.0171096 0.959733 -0.280915 0.000334599 0.960384 -0.27868 0 -0.939006 0.237203 -0.249004 -0.912416 0.359793 -0.195052 -0.910216 0.366743 -0.192372 -0.822718 0.557504 -0.111015 -0.565268 0.824425 -0.0282183 0.966523 -0.240117 0.0904244 0.928458 -0.23066 0.29114 0.931753 -0.276164 0.235732 0.935375 -0.282094 0.213298 0.952899 -0.284634 0.104726 0.955815 -0.28098 0.0864206 0.946103 -0.320148 0.0489284 0.947103 -0.320486 0.0168859 0.945741 -0.324612 0.0141689 0.945836 -0.324644 0 0.945836 -0.324644 0 0.957968 -0.286874 0 -1 0 0 -1 0 0 -1 0 0 -1 0 0 -1 0 0 -1 0 0 -1 0 0 -1 0 0 -1 0 0 -1 0 0 -1 0 0 -1 0 0 -1 0 0 -1 0 0 -1 0 0 -1 0 0 0 0 1 0 0 1 0 0 1 0 0 1 0 0 1 0 0 1 0 0 1 0 0 1 0 0 1 0 0 1 0 0 1 0 0 1 0 0 1 0 0 1 0 0 1 0 0 1 0 0 1 0 0 1 0 0 1 0 0 1 0 0 1 0 0 1 0 0 1 0 0 1 0.924506 -0.209238 0.318605 0.827342 -0.346124 0.442384 0.747274 -0.245626 0.617454 0.735422 -0.283925 0.615257 0.729619 -0.314904 0.607035 0.932025 -0.322307 0.165671 0.898574 -0.399925 0.180625 0.899295 -0.399096 0.178859 0.898805 -0.401519 0.175874 0.898577 -0.411572 0.152207 0.898974 -0.417922 0.131097 0.901205 -0.421434 0.101112 0.903835 -0.41813 0.0908302 0.923221 -0.380678 0.0524208 0.924349 -0.381143 0.0175731 0.926041 -0.377119 0.0151414 0.926147 -0.377162 0 0.926147 -0.377162 0 -0.0542125 -0.998529 0 -0.0542125 -0.998529 0 -0.0278416 -0.762123 0.646834 0.620881 -0.235156 0.747802 0.629329 -0.234397 0.740948 0.748872 -0.233385 0.62026 0.848163 -0.508284 0.149219 0.895818 -0.421806 0.139965 0.717439 -0.328811 0.614138 0.713723 -0.334764 0.61525 0.677992 -0.401992 0.61541 0.670851 -0.41815 0.612462 0.787513 -0.540178 0.296701 0.831556 -0.525573 0.179687 0.669014 -0.236556 0.7046 0.666016 -0.241587 0.705733 0.693291 -0.283899 0.662382 0.696791 -0.28645 0.657593 0.841653 -0.526704 0.119175 0.841981 -0.529616 0.102831 0.866604 -0.494087 0.0698288 0.886643 -0.457441 0.0679062 0.889099 -0.45744 0.0158527 0.906592 -0.421698 0.0161646 0.907436 -0.419795 0.0182278 0.888571 -0.458436 0.0166775 0.906711 -0.421753 0.000316321 0.907691 -0.419639 0 -0.0542111 -0.998504 0.0071189 0 -1 0 0 -1 0 -0.0278316 -0.764894 0.643554 -0.0278134 -0.762247 0.646688 -0.026308 -0.762164 0.646849 0.601998 -0.287222 0.745052 0.613001 -0.281296 0.738311 0.605795 -0.324457 0.726457 0.606687 -0.33443 0.721171 0.602653 -0.339986 0.721955 0.619878 -0.373699 0.69 0.653611 -0.40296 0.640638 0.662845 -0.42782 0.614498 0.646837 -0.453781 0.612931 0.619761 -0.507732 0.598419 0.621594 -0.509362 0.595122 0.767819 -0.561811 0.307932 0.775255 -0.556452 0.298898 0.806383 -0.578794 0.121424 0.825689 -0.554822 0.102031 0.841005 -0.531529 0.10093 0.868602 -0.495216 0.0170908 0.868597 -0.495224 0.0170859 0.845192 -0.534176 0.0175006 0.889211 -0.457498 0 0.889211 -0.457498 0 0.868728 -0.495289 0 0.868728 -0.495289 0 0.904068 -0.427388 0 0 -0.999862 0.0166388 0 -0.999862 0.0166388 -0.00118548 -0.999795 0.0201977 -0.00237905 -0.999768 0.0213919 -0.050595 -0.998491 0.0213646 -0.0505141 -0.996894 0.0604293 0.00118165 -0.999999 0 0.00118165 -0.999999 0 -0.0298246 -0.859285 0.510627 -0.0265206 -0.848095 0.52918 -0.00100712 -0.848393 0.529366 -0.000503972 -0.847158 0.531341 0 -0.845087 0.534629 0 -0.762428 0.647073 0 -0.762428 0.647073 0.566235 -0.339448 0.751101 0.56119 -0.36881 0.740976 0.546893 -0.378418 0.746798 0.542639 -0.392746 0.742492 0.553839 -0.428919 0.713646 0.578448 -0.451619 0.679293 0.618059 -0.509598 0.598593 0.58953 -0.502512 0.632405 0.600468 -0.513125 0.613303 0.614026 -0.513182 0.59968 0.60096 -0.527619 0.600387 0.593804 -0.537277 0.598941 0.711462 -0.676116 0.191544 0.713654 -0.675191 0.18659 0.775083 -0.60426 0.184706 0.792139 -0.598043 0.121906 0.781286 -0.623916 0.0179097 0.782229 -0.622762 0.0168545 0.829913 -0.557652 0.0164114 0.829909 -0.557658 0.0164073 0.779852 -0.622771 0.0631475 0.844484 -0.535334 0.0162375 0.844596 -0.535405 6.7754e-05 0.844877 -0.534961 0 0.00118149 -0.999861 0.0166469 0.00118963 -0.999861 0.0166388 0 -0.997029 0.0770211 0 -0.997029 0.0770211 -0.0011822 -0.997029 0.077021 -0.00236667 -0.996842 0.0793783 -0.00237208 -0.996842 0.0793729 -0.0456555 -0.995806 0.0792904 -0.0451269 -0.984276 0.170776 0.0244719 -0.999701 0 -0.0298267 -0.859364 0.510494 -0.00157184 -0.878448 0.477836 -0.00130515 -0.878317 0.478077 -0.00105024 -0.877941 0.478769 -0.00104216 -0.877921 0.478805 -0.0299827 -0.878054 0.477621 -0.000521969 -0.877406 0.479748 0.00727945 -0.877383 0.479736 0.00936955 -0.876322 0.481634 0.0091008 -0.851186 0.524785 0.00159473 -0.845086 0.534628 0.00162033 -0.762427 0.647072 0.00180757 -0.762221 0.647315 0.529282 -0.396522 0.750087 0.523923 -0.421154 0.740361 0.500728 -0.426854 0.753039 0.498969 -0.450056 0.740594 0.499941 -0.479361 0.721299 0.514631 -0.493861 0.700897 0.524525 -0.560708 0.640688 0.540949 -0.577339 0.611599 0.54389 -0.577415 0.608913 0.708477 -0.68273 0.17872 0.54099 -0.580195 0.608855 0.508429 -0.618045 0.5996 0.558993 -0.731221 0.390951 0.569789 -0.750507 0.334782 0.631777 -0.7546 0.177305 0.710632 -0.681771 0.173757 0.716671 -0.694515 0.0635028 0.723241 -0.688475 0.0540826 0.774674 -0.630098 0.0534459 0.77566 -0.6309 0.0177807 0.773646 -0.633431 0.0154109 0.773738 -0.633506 0 0.773738 -0.633506 0 0.782341 -0.622851 0 0.782341 -0.622851 0 0.830024 -0.557727 0 0.830024 -0.557727 0 0.843848 -0.536582 0 0.0249373 -0.999689 6.42842e-05 0.0249343 -0.99957 0.0154435 0.0237371 -0.99958 0.0166422 0.00118626 -0.997029 0.077021 0.00118626 -0.997029 0.077021 0 -0.98113 0.19335 0 -0.98113 0.19335 -0.00116468 -0.981129 0.19335 -0.00233092 -0.981785 0.189984 -0.0403366 -0.980988 0.189829 -0.0408343 -0.969011 0.24362 0.0261812 -0.999657 0 -0.0376385 -0.892066 0.450335 -0.00153282 -0.915404 0.402533 -0.036396 -0.914799 0.402267 -0.00130745 -0.915571 0.402155 -0.000986773 -0.916278 0.400542 -0.000656293 -0.917482 0.397777 -0.000584489 -0.917587 0.397535 0.00775234 -0.911339 0.411585 0.0654635 -0.909411 0.410714 0.128816 -0.874373 0.467845 0.0953435 -0.872368 0.479461 0.0356461 -0.850681 0.524473 0.0374831 -0.761686 0.646861 0.24641 -0.603819 0.75808 0.498774 -0.450049 0.740729 0.471226 -0.478586 0.740879 0.455744 -0.478807 0.750361 0.451197 -0.479148 0.752887 0.446391 -0.50576 0.738202 0.452621 -0.532797 0.715026 0.469222 -0.550309 0.690645 0.474411 -0.631379 0.613429 0.481848 -0.6318 0.607167 0.716341 -0.6949 0.0629981 0.63149 -0.756377 0.170631 0.660364 -0.748323 0.0627161 0.47298 -0.637405 0.60828 0.540231 -0.811658 0.222175 0.559452 -0.788872 0.254351 0.569598 -0.754745 0.325451 0.463496 -0.64017 0.612662 0.433781 -0.655277 0.618422 0.361679 -0.696135 0.620148 0.356996 -0.699311 0.619288 0.356131 -0.700149 0.61884 0.440879 -0.867948 0.228677 0.447324 -0.86932 0.210198 0.593665 -0.786635 0.169608 0.724191 -0.689379 0.0174215 0.717658 -0.696178 0.0174192 0.726061 -0.687454 0.0155682 0.726149 -0.687537 0.000127856 0.728639 -0.684898 0 0.0651617 -0.997875 6.69926e-06 0.0651539 -0.997756 0.0154154 0.0651133 -0.997878 0 0.0236742 -0.99693 0.0746387 0.0675068 -0.99756 0.0177804 0.0673299 -0.994946 0.0744902 0.0212992 -0.996803 0.0770036 0.00116761 -0.98135 0.192226 0 -0.957313 0.289052 -0.000427633 -0.956768 0.290853 -0.00059327 -0.956768 0.290853 -0.00113659 -0.957466 0.288544 -0.0350879 -0.956877 0.288367 -0.0391652 -0.926501 0.374249 -0.0393193 -0.924751 0.378536 0.0571265 -0.95575 0.28858 0.078713 -0.96009 0.268387 0.107167 -0.952799 0.284058 0.172022 -0.867797 0.466194 0.255288 -0.807654 0.531529 0.299288 -0.724565 0.620832 0.258736 -0.623208 0.738016 0.258362 -0.622516 0.738731 0.256381 -0.619398 0.742034 0.418103 -0.513183 0.749555 0.415513 -0.523004 0.744188 0.399615 -0.526531 0.750382 0.391244 -0.543523 0.742638 0.395707 -0.583284 0.709363 0.434199 -0.626512 0.647266 0.463496 -0.639991 0.612848 0.656947 -0.752807 0.0412432 0.657031 -0.753643 0.0182224 0.657286 -0.753455 0.0167379 0.659274 -0.751758 0.0147563 0.715101 -0.698865 0.0147594 0.572727 -0.807591 0.140644 0.564262 -0.818217 0.11013 0.578187 -0.814076 0.0545875 0.592992 -0.804674 0.0293286 0.651584 -0.757992 0.0297555 0.454489 -0.882129 0.123647 0.487625 -0.868087 0.0929897 0.532568 -0.840988 0.0954504 0.550738 -0.827445 0.10965 0.453991 -0.882276 0.124425 0.356879 -0.570891 0.739405 0.345193 -0.579907 0.737936 0.340557 -0.58409 0.73679 0.34487 -0.678693 0.648414 0.357017 -0.695536 0.623514 0.360524 -0.568879 0.739188 0.322855 -0.663688 0.674747 0.32058 -0.714438 0.621938 0.29517 -0.923354 0.245544 0.330182 -0.921411 0.204892 0.335035 -0.934954 0.116675 0.36654 -0.926177 0.0885734 0.408641 -0.908023 0.0922352 0.715179 -0.698941 0.000222207 0.716747 -0.697334 0 0.725227 -0.68851 0 0.0652908 -0.997866 0 0.121457 -0.992597 0 0.122548 -0.992463 0.000152874 0.122528 -0.992307 0.0176949 0.122536 -0.992306 0.0176868 0.0209644 -0.981135 0.192184 0.0778415 -0.993336 0.0850008 0.0757542 -0.966699 0.244449 0.122116 -0.988902 0.0846214 0.0794308 -0.964567 0.251596 0.105961 -0.955045 0.276876 0.127493 -0.967331 0.219126 0.177201 -0.970526 0.163338 0.263134 -0.944707 0.195676 0.294604 -0.924596 0.241517 0.306608 -0.64263 0.702152 0.304247 -0.60138 0.738766 0.258598 -0.609835 0.749152 0.360384 -0.548346 0.754613 0.586379 -0.809877 0.016097 0.593201 -0.80501 0.00844547 0.650897 -0.759117 0.00863225 0.659346 -0.75184 5.99679e-05 0.650921 -0.759145 0.000210328 0.652672 -0.757641 0 0.658915 -0.752217 0 0.660495 -0.75083 0 0.710976 -0.703216 0 0.579002 -0.815157 0.0166016 0.579549 -0.814756 0.0171785 0.53494 -0.844734 0.01621 0.534941 -0.844734 0.0162096 0.457931 -0.88881 0.0177849 0.41033 -0.911778 0.0170335 0.459119 -0.888214 0.0168893 0.48968 -0.871745 0.0165761 0.490432 -0.871336 0.0157828 0.309459 -0.581356 0.752503 0.298206 -0.935902 0.187514 0.325725 -0.938187 0.117078 0.314045 -0.947113 0.0659781 0.312584 -0.949633 0.0220996 0.318599 -0.947758 0.0157717 0.367942 -0.92972 0.0154716 0.36817 -0.929634 0.015237 0.408536 -0.912603 0.0159179 0.125462 -0.992099 0 0.189817 -0.981819 0 0.189817 -0.981819 0 0.189788 -0.981669 0.0175052 0.130106 -0.987158 0.0926859 0.193517 -0.980864 0.0213591 0.190469 -0.978968 0.0730997 0.186938 -0.978677 0.0851245 0.178852 -0.979568 0.0919732 0.263993 -0.94779 0.178891 0.593222 -0.805039 2.65987e-05 0.579082 -0.81527 0.000161269 0.582112 -0.813109 0 0.592979 -0.805218 0 0.59387 -0.804561 0 0.646234 -0.76314 0 0.535011 -0.844845 0 0.535011 -0.844845 0 0.577953 -0.81607 0 0.459185 -0.888341 4.26114e-05 0.408588 -0.912719 0.000166403 0.410593 -0.911819 0 0.458772 -0.888554 0 0.46029 -0.887769 0 0.490427 -0.871482 0 0.490494 -0.871445 9.8298e-06 0.490671 -0.871345 0 0.225391 -0.973656 0.0345408 0.29295 -0.955339 0.0388206 0.30533 -0.952012 0.0211472 0.294254 -0.955641 0.0128646 0.294278 -0.95572 0.000136918 0.296088 -0.955161 0 0.318299 -0.947991 0 0.318639 -0.947876 4.95359e-05 0.319551 -0.947569 0 0.36724 -0.930126 0 0.368213 -0.929742 0.000141083 0.370813 -0.928707 0 0.403248 -0.915091 0 0.215641 -0.976284 0.0192048 0.224471 -0.974481 0 0.226211 -0.974078 0.000139769 0.226197 -0.974015 0.0113837 0.23086 -0.972987 0 0.289469 -0.957188 0 0.959634 -0.281252 0 0.959634 -0.281252 0 0 1 0 0 1 0 0 1 0 0 1 0 0 1 0 0 1 0 0 1 0 0 1 0 0 0 1 0 0 1 0 0 1 0 0 1 0 0 1 0 0 1 0 0 1 0 0 1 0 0 1 0 0 1 0 0 1 0 0 1 0 0 1 0 0 1 0 0 1 0 0 1 0 0 1 0 0 1 0 0 1 0 0 1 0 0 1 0 0 1 0 0 1 0 0 1 0 0 1 0 0 1 0 0 1 0 0 1 0 0 1 0 0 1 0 0 1 0 0 1 0 0 1 0 0 1 0 0 1 0 0 1 0 0 1 0 0 1 0 0 1 0 0 1 0 0 1 0 0 1 0 0 1 0 0 1 0.946053 -0.324012 0 0.946053 -0.324012 0 0.959631 -0.281251 -0.0024291 -0.538296 0.842514 0.0202105 -0.797745 0.593874 0.10448 -0.883993 0.436495 0.167421 -0.932788 0.271157 0.237445 -0.93308 0.269431 0.238261 -0.9376 0.238866 0.252684 0.926344 -0.37668 0 0.926344 -0.37668 0 0.94605 -0.324011 -0.00240912 0.959627 -0.281264 -0.0024437 0.958739 -0.281252 -0.0414363 0.958799 -0.281006 -0.0417059 0 0 -1 0 0 -1 0 0 -1 0 0 -1 0 0 -1 0 0 -1 0 0 -1 0 0 -1 0 0 -1 0 0 -1 0 0 -1 0 0 -1 0 0 -1 0 0 -1 0 0 -1 0 0 -1 0 0 -1 0 0 -1 0 0 -1 0 0 -1 0 0 -1 0 0 -1 0 0 -1 0 0 -1 0 0 -1 0 0 -1 0 0 -1 0 0 -1 0 0 -1 0 0 -1 0 0 -1 -1 0 0 -1 0 0 -1 0 0 -1 0 0 -1 0 0 -1 0 0 -1 0 0 -1 0 0 -1 0 0 -1 0 0 -1 0 0 -1 0 0 -1 0 0 -1 0 0 -1 0 0 -1 0 0 -1 0 0 0.906662 -0.421859 0 0.906662 -0.421859 0 0.926339 -0.376678 -0.00324778 0.945662 -0.325136 -0.00317536 0.945038 -0.324921 -0.0364704 0.947284 -0.317769 -0.0409412 0.95365 -0.279497 -0.111501 0.937194 -0.22153 -0.269429 0.935506 -0.21301 -0.281877 0.945725 -0.317246 -0.0704286 0.665579 -0.245732 -0.704713 -0.0314239 -0.748846 -0.661999 -0.0544716 -0.998515 0 -0.0544716 -0.998515 0 0.906659 -0.421858 -0.00230974 0.907292 -0.420484 -0.00380048 0.926026 -0.377442 -0.00369566 0.888605 -0.458673 0 0.925333 -0.37716 -0.0388425 0.92392 -0.380394 -0.0408869 0.922035 -0.379618 -0.0757758 0.76854 -0.287552 -0.571542 0.890435 -0.243734 -0.384343 0.900727 -0.41632 -0.123968 0.895391 -0.421079 -0.144797 0.760011 -0.346964 -0.549544 0.746963 -0.336364 -0.573503 0.753996 -0.31419 -0.576867 0.763565 -0.291315 -0.576285 0.766793 -0.269806 -0.582437 0.76924 -0.243232 -0.590853 0.691724 -0.246727 -0.678708 0.685921 -0.253744 -0.682001 0.685032 -0.26481 -0.67868 0.685892 -0.263228 -0.678427 -0.0332518 -0.803686 -0.594124 0 -0.806159 -0.591699 0 -0.806159 -0.591699 -0.000952154 -0.807285 -0.590161 -0.0325159 -0.806859 -0.589849 0 -1 0 0 -1 0 -0.0538553 -0.998165 -0.027675 -0.0538758 -0.998545 -0.00235629 0.887771 -0.460285 -0.000206529 0.88777 -0.460285 -0.00108991 0.888498 -0.458875 -0.00226347 0.887835 -0.458532 -0.0387029 0.88904 -0.456017 -0.040684 0.906518 -0.420125 -0.0414838 0.906909 -0.419177 -0.0425109 0.885542 -0.46456 0 0.884821 -0.453853 -0.105403 0.861992 -0.495108 -0.108799 0.838127 -0.524495 -0.149826 0.802408 -0.543731 -0.245962 0.801555 -0.543926 -0.248304 0.698074 -0.428611 -0.573572 0.703903 -0.414483 -0.576823 0.73602 -0.351463 -0.578574 0.737715 -0.349459 -0.577629 0.724435 -0.341188 -0.598987 0.714176 -0.318744 -0.623181 0.691879 -0.300937 -0.656308 0.690758 -0.300938 -0.657487 0.687203 -0.302408 -0.660531 -0.0310916 -0.865731 -0.499543 -0.0334217 -0.871107 -0.489955 0.00285313 -0.806156 -0.591696 0 -0.864437 -0.502742 0 -0.864437 -0.502742 -0.00102158 -0.866149 -0.499785 -0.00102176 -0.866149 -0.499785 0 -0.999997 -0.00235972 0 -0.999997 -0.00235972 0.00118245 -0.999999 0 0.00118245 -0.999999 0 -0.0516682 -0.997985 -0.0368254 -0.00176557 -0.998995 -0.0447837 -0.00118132 -0.999048 -0.0436169 0 -0.999243 -0.0389003 0 -0.999243 -0.0389003 -0.0496466 -0.997765 -0.0447285 0.869042 -0.494739 -0.000176543 0.869041 -0.494739 -0.00116746 0.869044 -0.494733 -0.00117147 0.871682 -0.490072 0 0.86836 -0.494343 -0.0396935 0.866375 -0.497626 -0.0419866 0.846919 -0.529997 -0.0427904 0.844088 -0.534883 -0.037613 0.829803 -0.556758 -0.0380346 0.827148 -0.560496 -0.040862 0.783853 -0.619535 -0.0418504 0.780634 -0.616991 -0.0996642 0.792269 -0.552368 -0.259226 0.657197 -0.496753 -0.566858 0.676661 -0.45599 -0.578104 0.660057 -0.439764 -0.609042 0.654994 -0.418528 -0.62914 0.635735 -0.401032 -0.659556 0.632875 -0.368762 -0.680797 0.633496 -0.367886 -0.680693 0.65787 -0.343633 -0.670167 0.659497 -0.333125 -0.673863 0.660616 -0.328559 -0.675007 -0.0345258 -0.899884 -0.43476 -0.0407079 -0.912831 -0.406304 -0.00105818 -0.897023 -0.441982 -0.00179874 -0.899332 -0.437263 -0.00246037 -0.900144 -0.435585 -0.0029084 -0.900417 -0.435018 0.165958 -0.794837 -0.583688 0.16524 -0.795445 -0.583063 0.00317046 -0.806528 -0.591187 0.00311842 -0.864433 -0.502739 0 -0.896358 -0.443332 0.00118244 -0.999997 -0.00235972 0.00118244 -0.999997 -0.00235972 0.0247201 -0.999694 0 0.0247201 -0.999694 0 -0.0493072 -0.990944 -0.124892 -0.00349496 -0.988762 -0.149456 -0.00291937 -0.988934 -0.148328 -0.00174899 -0.989614 -0.143737 -0.0480591 -0.990356 -0.129942 -0.0429362 -0.987856 -0.149319 -0.00117036 -0.989779 -0.142602 -0.00117036 -0.989779 -0.142602 0 -0.989945 -0.141455 0 -0.989945 -0.141455 0.00118155 -0.999242 -0.0389003 0.00118155 -0.999242 -0.0389003 0.868057 -0.496465 0 0.845914 -0.533319 0 0.845914 -0.533319 0 0.845914 -0.533318 -0.00125849 0.844681 -0.535259 -0.00341536 0.830399 -0.557158 -0.00343063 0.783893 -0.620895 -0.000735106 0.782784 -0.62229 -0.00199455 0.782166 -0.621799 -0.0397703 0.827839 -0.560965 -0.000664152 0.774679 -0.631127 -0.0393896 0.772792 -0.62959 -0.0800556 0.720615 -0.688618 -0.0807434 0.713307 -0.694602 -0.093389 0.711887 -0.695454 -0.0977736 0.590814 -0.568345 -0.572646 0.616466 -0.534219 -0.578429 0.593199 -0.439254 -0.674663 0.580247 -0.498383 -0.644149 0.571226 -0.473622 -0.670361 0.573012 -0.465632 -0.674422 0.578972 -0.456379 -0.675656 0.5928 -0.432921 -0.679093 0.623825 -0.401331 -0.670653 0.624416 -0.401033 -0.670281 0.622351 -0.377574 -0.685651 0.628683 -0.368745 -0.684678 -0.0368616 -0.943354 -0.329735 -0.037948 -0.947418 -0.317741 -0.00251763 -0.943456 -0.331487 -0.00255412 -0.943549 -0.331222 -0.00290434 -0.943991 -0.329958 0.00139111 -0.896357 -0.443332 0.00223079 -0.939053 -0.343765 -0.00158195 -0.941527 -0.336933 -0.00198435 -0.942568 -0.334008 -0.00218299 -0.94282 -0.333296 0.272893 -0.688919 -0.671506 0.275944 -0.704193 -0.654192 0.158411 -0.854056 -0.495474 0.295423 -0.755828 -0.584336 0.25998 -0.818272 -0.512681 0.199071 -0.862916 -0.464486 0.00408405 -0.864971 -0.501806 0.00422367 -0.894536 -0.446976 0.0247282 -0.999691 -0.002359 0.0247201 -0.999692 -0.00236716 0.0647562 -0.997901 0 -0.00341354 -0.965725 -0.259545 -0.0423905 -0.9753 -0.216779 -0.0398164 -0.971851 -0.232206 -0.034944 -0.965141 -0.259388 -0.00284989 -0.965396 -0.260771 -0.00170106 -0.965044 -0.262082 -0.00167945 -0.965051 -0.262059 -0.00114149 -0.965361 -0.260916 -0.00268621 -0.965205 -0.261481 -0.00240754 -0.965043 -0.262081 0 -0.965688 -0.259704 0.00117075 -0.990107 -0.140308 0.023532 -0.998966 -0.0388896 0.0247107 -0.998983 -0.03771 0.828981 -0.559276 0 0.827839 -0.560965 -7.05835e-05 0.783894 -0.620895 -0.000137277 0.827413 -0.561594 0 0.784679 -0.619903 0 0.773697 -0.633553 -0.00197141 0.781787 -0.623546 0 0.773287 -0.634056 0 0.773287 -0.634056 0 0.773287 -0.634055 -0.00149618 0.773152 -0.633107 -0.0375811 0.722404 -0.690328 -0.0397479 0.724292 -0.68845 -0.0379059 0.715872 -0.697099 -0.0397569 0.715093 -0.697944 -0.0389345 0.663738 -0.746957 -0.0388281 0.657181 -0.751031 -0.0637635 0.654691 -0.750719 -0.0883218 0.655262 -0.749111 -0.0972812 0.557433 -0.732252 -0.391248 0.515482 -0.643619 -0.565714 0.56028 -0.592648 -0.578666 0.520366 -0.552534 -0.651096 0.51397 -0.533617 -0.67163 0.517489 -0.522049 -0.67799 0.542606 -0.49628 -0.677706 0.545439 -0.495239 -0.676192 0.590817 -0.432152 -0.681307 0.577426 -0.431984 -0.692798 -0.00170953 -0.963763 -0.266754 0.16522 -0.88225 -0.440837 0.0932444 -0.934964 -0.342268 0.0864808 -0.951715 -0.29455 0.0533693 -0.964312 -0.259334 0.290564 -0.666976 -0.686087 0.291026 -0.669352 -0.683573 0.31792 -0.673221 -0.667607 0.313296 -0.748247 -0.584783 0.194911 -0.866961 -0.458681 0.373314 -0.728107 -0.574889 0.443394 -0.865756 -0.232096 0.404784 -0.895224 -0.186343 0.360699 -0.91549 -0.178252 0.3159 -0.920417 -0.230305 0.286996 -0.894203 -0.34356 0.191431 -0.971694 -0.138437 0.120812 -0.967287 -0.22307 0.129106 -0.947072 -0.293915 0.0647919 -0.997896 -0.00236291 0.065975 -0.997821 -0.00117322 0.0659751 -0.997821 -0.000188299 0.0692317 -0.997601 0 0.0544482 -0.983805 -0.170774 0.023317 -0.989839 -0.14027 0.0673139 -0.983032 -0.170639 0.068258 -0.996818 -0.0411613 0.0647462 -0.997192 -0.0376424 0.724812 -0.688945 -0.00162572 0.724004 -0.689795 -0.00081667 0.724005 -0.689795 0 0.724005 -0.689795 0 0.71821 -0.695826 -0.00082382 0.715632 -0.698469 -0.00347736 0.658242 -0.752798 -0.00345977 0.658128 -0.752668 -0.0189264 0.650376 -0.755814 -0.0758723 0.652747 -0.757503 -0.0105443 0.592239 -0.805696 -0.0103029 0.580442 -0.813876 -0.0263269 0.574656 -0.817232 -0.0436173 0.575325 -0.816585 -0.0468008 0.590825 -0.803352 -0.0745084 0.575633 -0.811214 -0.102855 0.549176 -0.806383 -0.219437 0.54843 -0.749681 -0.370409 0.474159 -0.67097 -0.570064 0.49335 -0.654956 -0.572397 0.462219 -0.623285 -0.630769 0.460156 -0.574942 -0.676534 0.461567 -0.57157 -0.678427 0.474248 -0.5604 -0.678999 0.486884 -0.549924 -0.678621 0.501158 -0.54594 -0.671409 0.12874 -0.947345 -0.293197 0.120653 -0.967306 -0.223074 0.119966 -0.967709 -0.221692 0.290571 -0.662741 -0.690175 0.3255 -0.66777 -0.669428 0.326 -0.668294 -0.66866 0.336034 -0.667697 -0.664275 0.363996 -0.676858 -0.639821 0.393706 -0.710199 -0.583621 0.427245 -0.691874 -0.582041 0.524837 -0.830344 -0.187281 0.482491 -0.856667 -0.182552 0.446194 -0.865794 -0.226522 0.457699 -0.888119 -0.0419045 0.45647 -0.888797 -0.0409211 0.411684 -0.910483 -0.0392182 0.411684 -0.910483 -0.0392182 0.367217 -0.92938 -0.0374715 0.3663 -0.929705 -0.0383824 0.306587 -0.941938 -0.136957 0.317926 -0.947309 -0.0391092 0.311271 -0.948116 -0.0647053 0.229506 -0.969367 -0.0874947 0.192707 -0.972282 -0.13241 0.284501 -0.953839 -0.0961724 0.122932 -0.99157 -0.0409365 0.122924 -0.991571 -0.0409446 0.190923 -0.980698 -0.0421923 0.189287 -0.981086 -0.0405036 0.123035 -0.9924 -0.00234989 0.121872 -0.992545 -0.00116702 0.121872 -0.992546 -0.000168541 0.120792 -0.992678 0 0.718211 -0.695826 0 0.718211 -0.695826 0 0.658403 -0.752665 0 0.657357 -0.753579 -6.05449e-05 0.657355 -0.753577 -0.00256031 0.652781 -0.757542 -0.00255335 0.650883 -0.759178 -0.000898826 0.593464 -0.80486 -0.000952911 0.59227 -0.805737 -0.0019013 0.581147 -0.813796 -0.00192034 0.580642 -0.814155 -0.0024434 0.533777 -0.845622 -0.00236125 0.533777 -0.845622 -0.00236125 0.533301 -0.844869 -0.0422623 0.533805 -0.844532 -0.0426319 0.430128 -0.615704 -0.660226 0.434947 -0.611943 -0.660566 0.43491 -0.605835 -0.666196 0.435272 -0.604716 -0.666976 0.364044 -0.642995 -0.673817 0.364034 -0.643019 -0.673799 0.388652 -0.613692 -0.687264 0.390578 -0.612726 -0.687034 0.365891 -0.640093 -0.675578 0.490318 -0.870565 -0.0412899 0.490122 -0.870685 -0.0410819 0.490535 -0.871418 -0.00228162 0.490332 -0.871533 -0.0020637 0.457 -0.889464 -0.00210616 0.456852 -0.88954 -0.00221724 0.412 -0.911181 -0.00212858 0.412 -0.911181 -0.00212858 0.367623 -0.929973 -0.00203775 0.367474 -0.930031 -0.00219463 0.318104 -0.948053 -0.00223715 0.317626 -0.948212 -0.00274107 0.317402 -0.947543 -0.0376492 0.223983 -0.974443 -0.017118 0.19713 -0.979485 -0.041816 0.298208 -0.954303 -0.0194287 0.189442 -0.981889 -0.00232501 0.189442 -0.981889 -0.00232501 0.224016 -0.974583 -0.00230771 0.124755 -0.992188 0 0.189442 -0.981892 0 0.189442 -0.981892 0 0.656967 -0.753919 0 0.650883 -0.759178 -0.000147743 0.651988 -0.758229 0 0.596094 -0.802915 0 0.593464 -0.804861 -0.000120523 0.647936 -0.761694 0 0.58336 -0.812214 0 0.581148 -0.813798 -0.000131513 0.592475 -0.805589 0 0.533778 -0.845625 0 0.533778 -0.845625 0 0.580321 -0.814388 0 0.390413 -0.602466 -0.696141 0.492138 -0.870517 0 0.490333 -0.871535 -0.000111352 0.489658 -0.871915 0 0.457001 -0.889466 0 0.457001 -0.889466 0 0.412001 -0.911183 0 0.412001 -0.911183 0 0.367624 -0.929975 0 0.367624 -0.929975 0 0.318105 -0.948055 0 0.318105 -0.948055 0 0.296884 -0.954913 -4.37012e-05 0.296884 -0.954912 -0.00188692 0.298264 -0.95448 -0.00264985 0.297402 -0.954752 0 0.225017 -0.974353 -0.00172685 0.225018 -0.974355 0 0.225018 -0.974355 0 0.295511 -0.955339 0 0.0108611 0 0.999941 0.0108611 0 0.999941 0.00758475 0.00154891 0.99997 0.00190442 0.00380663 0.999991 0 0.00410694 0.999992 -1 0 0 -1 0 0 -1 0 0 -1 0 0 -1 0 0 -1 0 0 -1 0 0 -1 0 0 -1 0 0 -1 0 0 -1 0 0 -1 0 0 -1 0 0 -1 0 0 -1 0 0 -1 0 0 -1 0 0 0.00169602 -0.0111939 0.999936 0.00913601 0.00186569 0.999957 1 0 0 1 0 0 1 0 0 1 0 0 1 0 0 1 0 0 1 0 0 1 0 0 1 0 0 1 0 0 1 0 0 1 0 0 1 0 0 1 0 0 1 0 0 1 0 0 0.00913537 0.0119301 0.999887 0.00280075 0.00559824 0.99998 0.00280053 0.0137405 0.999902 0 0.00932744 0.999957 0.00117909 -0.0121266 0.999926 0.00111386 -0.0123519 0.999923 0.000987115 -0.025301 0.999679 0 -1 0 0 -1 0 0 -1 0 0.183326 0.0913091 0.978802 0.0539303 0.0658518 0.996371 0.0536438 0.122017 0.991077 0.014551 0.0439943 0.998926 0.0136503 0.348812 0.937093 0.521381 -0.674987 -0.522068 0.521851 -0.674369 -0.522397 0.592724 -0.570472 -0.568543 0.594887 -0.566936 -0.569817 0.6393 -0.504451 -0.580366 0.640486 -0.50298 -0.580335 0.714789 -0.402295 -0.572046 0.777138 -0.322783 -0.540248 0.778323 -0.32116 -0.539508 0.846893 -0.238742 -0.475157 0.922578 -0.129493 -0.363431 0.924227 -0.126544 -0.360265 0.938147 -0.1032 -0.3305 0.270908 0.416619 0.867778 0.242188 0.415081 0.876957 0.173209 0.33878 0.924785 0.14133 0.309688 0.940276 0.0670654 0.162522 0.984423 0.0630832 0.372289 0.925971 0.124593 0.503667 0.854866 0.105172 0.597903 0.794639 0.122263 0.450053 0.884592 0 0 -1 0 0 -1 0 0 -1 0 0 -1 0 0 -1 0 0 -1 0 0 -1 0 0 -1 0 0 -1 0 0 -1 0 0 -1 0 0 -1 0 0 -1 0 0 -1 0 0 -1 0 0 -1 0 0 -1 0 0 -1 0 0 -1 0 0 -1 0.585447 0.703616 0.402711 0.310481 0.600178 0.737148 0.271873 0.588824 0.761165 0.220381 0.523646 0.822938 0.217076 0.524043 0.823563 0.132779 0.44944 0.883387 0.227599 0.719925 0.655672 0.147555 0.621527 0.769371 0.124486 0.613806 0.77958 0.096139 0.973661 0.206741 0.131398 0.915921 -0.379241 0.164965 0.909246 -0.382175 0.183672 0.904001 -0.386067 0.00876597 0.000595154 -0.999961 0.410949 0.909958 0.0556589 0.402976 0.892302 0.203487 0.373465 0.906345 0.197644 0.335928 0.90981 0.243716 0.280773 0.840837 0.462775 0.268663 0.80586 0.527646 0.174692 0.971397 0.160843 0.185175 0.974196 0.129046 0.185042 0.981303 0.0529497 0.12069 0.964821 -0.233569 0.144091 0.969867 -0.196457 0.163516 0.978978 -0.12192 0.191276 0.979554 -0.0623587 0.231753 0.972596 -0.0186467 0.302516 0.952915 -0.0209303 0.332975 0.941326 -0.0550748 0.363701 0.916541 -0.166357 0.331797 0.864504 -0.37755 0.28697 0.875045 -0.389799 0.41167 0.825007 -0.387158 0.480193 0.797226 -0.365849 0.556433 0.760049 -0.335719 0.408104 0.911522 0.0507834 0.40689 0.912094 0.0502567 0.389047 0.919889 0.0494637 0.380341 0.923032 0.0579002 0.333121 0.941034 0.0590294 0.332747 0.941142 0.0594248 0.327155 0.930911 0.162401 0.289022 0.952616 0.0948121 0.22321 0.971119 0.0842935 0.194454 0.979802 0.0466364 0.194666 0.98087 0 0.19254 0.981288 -0.00127432 0.197491 0.979204 0.0464363 0.191648 0.981459 -0.0031451 0.192935 0.98121 -0.00180905 0.192919 0.981213 -0.00181506 0.231793 0.972763 -0.00179943 0.275997 0.961157 -0.00160345 0.27807 0.960559 -0.00198119 0.278811 0.960344 -0.00218375 0.302547 0.953013 -0.0152137 0.231797 0.972763 -0.00179706 0.23281 0.972521 -0.00150202 0.332968 0.942816 -0.0151756 0.33344 0.942641 -0.0156809 0.376749 0.926187 -0.0154071 0.372225 0.915065 -0.155258 0.421828 0.891879 -0.163135 0.411488 0.82509 -0.387175 0.353011 0.852854 -0.384738 0.424881 0.891576 -0.156742 0.407405 0.913248 0 0.406444 0.913675 -0.00105379 0.389523 0.921016 -0.00100992 0.388856 0.921297 -0.0017009 0.333702 0.942677 -0.00174037 0.273411 0.961897 -0.000202611 0.273374 0.961768 0.0163862 0.31967 0.94577 0.0577165 0.333234 0.942842 -0.00198932 0.23249 0.972479 0.0152859 0.192921 0.981213 -0.00181266 0.232517 0.972592 0 0.232811 0.972522 -0.000172533 0.333006 0.942922 -0.00223181 0.389498 0.921024 -0.00236545 0.408731 0.912652 -0.0024325 0.409882 0.912135 -0.00260516 0.413658 0.910426 -0.00335732 0.417643 0.908598 -0.00495695 0.430164 0.902663 -0.0126228 0 1 0 0 1 0 0 1 0 0 1 0 0 1 0 0 1 0 0 1 0 0 1 0 0 1 0 0 1 0 0 1 0 0 1 0 0 1 0 0 1 0 0 1 0 0 1 0 0 1 0 0 1 0 0 1 0 0.987282 -0.158366 0.0139505 0.987378 -0.158382 0 0.987378 -0.158382 0 0 0 -1 0 0 -1 0 0 -1 0 0 -1 0 0 -1 0 0 -1 0 0 -1 0 0 -1 0 0 -1 0 0 -1 0 0 -1 0 0 -1 0 0 -1 0 0 -1 0 0 -1 0.986036 -0.158167 0.0521207 0.985852 -0.159863 0.0504058 0.986159 -0.160236 0.0426065 0.986752 -0.16058 0.0231022 0.986936 -0.16043 0.0148494 0.986977 -0.160248 0.0140483 0.987074 -0.160264 0 0.987074 -0.160264 0 -0.143169 0.752101 -0.643309 0.984268 -0.157883 0.0793023 0.984268 -0.157883 0.0793023 0.984166 -0.158525 0.0792941 0.986368 -0.160693 0.0354477 0.98254 -0.159259 0.0961839 0.986063 -0.161171 0.0412752 0.986169 -0.161062 0.039122 0.986623 -0.160734 0.0271806 0.986824 -0.161249 0.0133401 0.986917 -0.160864 0.0108554 0.98668 -0.161146 0.022256 0.986763 -0.161469 0.0150883 0.986975 -0.160874 0 0.986975 -0.160874 0 -0.143182 0.7521 -0.643308 -0.172588 0.760782 -0.625639 0.970132 -0.148642 0.191703 0.977176 -0.156745 0.143379 0.978842 -0.159168 0.128582 0.980597 -0.159454 0.114033 0.979357 -0.160905 0.122346 0.978404 -0.178521 0.104191 0.979292 -0.187537 0.0762712 0.980651 -0.184181 0.0663348 0.979861 -0.159602 0.120001 0.979564 -0.159926 0.121974 0.986508 -0.163181 0.0131775 0.982717 -0.184569 0.0141905 0.986911 -0.161263 3.36072e-05 0.986594 -0.163196 0.000206877 0.986931 -0.161145 0 -0.396186 0.706611 -0.586291 -0.372353 0.718908 -0.586962 0.967346 -0.149884 0.204395 0.962379 -0.152169 0.225103 0.958468 -0.156057 0.238716 0.975913 -0.159361 0.14899 0.978685 -0.159343 0.129558 0.979111 -0.15948 0.126125 0.972678 -0.173732 0.153997 0.967624 -0.176012 0.180899 0.964529 -0.17871 0.194286 0.942473 -0.22863 0.243871 0.968649 -0.23498 0.0806454 0.97032 -0.229713 0.0755725 0.982519 -0.185696 0.0131793 0.972631 -0.23026 0.0311297 0.973138 -0.229357 0.0199472 0.974902 -0.222248 0.0130772 0.982604 -0.185712 0.00018767 0.98289 -0.184193 0 0.986332 -0.16477 0 -0.600645 0.605705 -0.521869 -0.994435 0.0783359 -0.0704409 0.940095 -0.137697 0.311866 0.947561 -0.149175 0.282623 0.95183 -0.152738 0.265878 0.95753 -0.153652 0.243983 0.953991 -0.154661 0.256867 0.953745 -0.155251 0.257426 0.954766 -0.155573 0.253413 0.953742 -0.156524 0.256663 0.930709 -0.165129 0.326364 0.914018 -0.248683 0.320511 0.912062 -0.262476 0.315038 0.953591 -0.156511 0.257232 0 -1 0 0 -1 0 0 -1 0 0 -1 0 0 -1 0 0 -1 0 0 -1 0 0 -1 0 0 -1 0 0.909891 -0.26722 0.31732 0.981831 -0.189759 0 0.974986 -0.222267 0 0.974986 -0.222267 0 -0.995058 0.0731244 -0.0671722 -0.999597 0.0204845 -0.0196672 -0.999564 0.0295279 -0.000595837 0.937558 -0.138613 0.319015 0.94168 -0.153101 0.299663 0.913554 -0.148239 0.378742 0.941779 -0.153129 0.299339 0.953484 -0.155236 0.258397 0.930475 -0.152057 0.333311 0.921522 -0.156457 0.355412 0.91372 -0.152031 0.376831 0.901205 -0.149949 0.406627 0.899649 -0.150065 0.410015 0.827253 -0.158801 0.53892 0.802717 -0.176548 0.569628 0.779894 -0.212256 0.588823 0.740204 -0.303306 0.600086 0.658421 -0.54801 0.515914 0.888165 -0.148144 0.434991 0.627381 -0.580474 0.519079 -0.998921 0.00268085 -0.0463591 0 0 1 0 0 1 0 0 1 0 0 1 0 0 1 0 0 1 0 0 1 0 0 1 0 0 1 -0.998742 0 -0.0501369 0.910224 -0.13479 0.391566 0.909013 -0.147774 0.389691 0.909536 -0.148032 0.388369 0.9095 -0.148064 0.388442 0.910274 -0.148356 0.386512 0.913193 -0.14908 0.379281 0.910832 -0.149918 0.384591 0.908942 -0.149092 0.389354 0.908477 -0.148982 0.390479 0.909098 -0.148091 0.389372 0.857839 -0.139393 0.494654 0.845033 -0.137655 0.516693 0.84316 -0.137455 0.519795 0.863199 -0.143091 0.484162 0.838824 -0.146709 0.524262 0.839885 -0.138011 0.524925 0.788896 -0.143229 0.597602 0.78458 -0.176642 0.594332 0.785357 -0.177845 0.592947 0.748968 -0.17862 0.638076 0.696292 -0.1906 0.691989 0.67489 -0.307667 0.67072 0.51612 -0.401896 0.756373 0.517309 -0.444586 0.731256 0.557938 -0.521253 0.645756 0.574713 -0.546541 0.609096 0.746086 -0.119692 0.655003 0.856135 -0.135683 0.498621 0.857 -0.135983 0.497051 0.865274 -0.138173 0.481881 0.888914 -0.143231 0.435105 0.842709 -0.137378 0.520546 0.846709 -0.135584 0.51449 0.846033 -0.135592 0.5156 0.83992 -0.137974 0.524879 0.841698 -0.137336 0.52219 0.84104 -0.137366 0.523242 0.788541 -0.142705 0.598196 0.75515 -0.125933 0.643342 0.753612 -0.125028 0.64532 0.746076 -0.120352 0.654894 0.819024 -0.118071 0.561479 0.748557 -0.121592 0.651827 0.830631 -0.121133 0.543488 0.765928 -0.124746 0.630709 0.828697 -0.11825 0.547063 0.750588 -0.122375 0.64934 0.750779 -0.122943 0.649012 0.761993 -0.124161 0.635571 0.750778 -0.122395 0.649116 0.750605 -0.122374 0.64932 0.7489 -0.121975 0.651361 0.750147 -0.122264 0.649871 0.750581 -0.12237 0.649349 -1 0 0 -1 0 0 -1 0 0 -1 0 0 0 0 -1 0 0 -1 0 0 -1 0 0 -1 0 0 -1 0 -1 0 0 -1 0 0 -1 0 0 -1 0 0 -1 0 0 -1 0 -0.0117963 -0.0081565 0.999897 -0.998308 0.0581168 -0.00189002 0.692324 0.638624 -0.335927 0.80605 0.51134 -0.298018 0.811978 0.503214 -0.295748 0.986214 0 -0.165478 0.97326 -0.204609 -0.104403 0.940522 -0.33303 -0.0671582 0.918637 -0.391444 -0.0536458 0.803403 -0.59537 -0.00881821 0.797922 -0.602708 -0.00796947 0 0 1 0 0 1 0 0 1 0 0 1 0 0 1 0 0 1 0 0 1 0 0 1 0 0 1 0 0 1 0 1 0 0 1 0 0 1 0 0 1 0 0 1 0 0 1 0 0 1 0 0 1 0 0 1 0 0.692207 0.638736 -0.335955 0.800613 0.53077 -0.278031 0.654691 0.674624 -0.340972 0.832276 0.551762 -0.0536196 0.924796 0.377628 -0.0463634 0.918616 0.375105 -0.124265 0.998121 0 -0.0612791 0.998121 0 -0.0612791 0.999835 0 -0.0181393 0.999835 0 -0.0181393 0.94853 -0.314334 -0.038538 0.941453 -0.333359 -0.0503769 0.949232 -0.314567 -0.00241622 0.803433 -0.595391 -0.00232074 0.802255 -0.596981 -0.000661355 0.795785 -0.605579 -0.00065726 0.79584 -0.605482 -0.00547512 0.00684803 -0.488645 0.872456 0.597765 0.721287 -0.34989 0.823033 0.565637 -0.0516834 0.814566 0.578822 -0.038039 0.815156 0.579241 -0.000507295 0.822627 0.568582 -0.000158725 0.930229 0.36698 -0.000102446 0.931595 0.363497 -0.000771909 0.930948 0.363245 -0.0372782 1 0 -0.000755971 1 0 -0.000755971 0.950124 -0.311871 -0.000921623 0.804358 -0.594144 -0.000331722 0.802715 -0.596362 -0.000338217 0.949235 -0.314569 -0.000175629 0.802714 -0.596364 0 0.794115 -0.607768 0 0.794115 -0.607768 0 0.00570241 0.992386 0.123037 0.366335 -0.287203 0.88505 0.239867 0.970806 0 0.822632 0.568575 0 0.930229 0.36698 0 0.915238 0.359459 0.182011 1 0 0 1 0 0 0.949235 -0.314569 0 0.916458 -0.305985 0.257832 -0.717531 0.00381144 0.696516 -0.717467 -0.0138982 0.696454 -0.711502 -0.036012 0.70176 1 0 0 1 0 0 1 0 0 1 0 0 1 0 0 1 0 0 1 0 0 1 0 0 1 0 0 1 0 0 1 0 0 1 0 0 1 0 0 1 0 0 1 0 0 1 0 0 1 0 0 1 0 0 1 0 0 1 0 0 1 0 0 1 0 0 1 0 0 -0.711724 0.140837 0.688197 -0.724838 0.0511273 0.687019 -0.988151 -0.000196556 0.153482 -0.987516 -0.00314281 0.15749 -0.985694 0.0229065 0.166982 -0.988068 0.0129877 0.153469 -0.985415 -0.0652637 0.157155 -0.70747 -0.112182 0.697783 -0.635756 -0.311497 0.706246 -0.711857 0.144581 0.687282 -0.665497 0.362434 0.652499 -0.981954 0.0899681 0.166348 -1 -0.000198906 0 -0.999742 0.0131412 0.0185041 -0.99994 0.00777133 0.00776996 -1 0 0 -1 0 0 -0.999977 -0.00664059 0.00146102 -0.994103 -0.0792355 0.074039 -0.986509 -0.0746165 0.145716 -1 -0.000531282 -6.64049e-05 -0.982634 0.0988483 0.157034 -0.989825 0.0979506 0.103205 -0.964192 -0.176745 0.197724 -0.751676 -0.439544 0.491716 -0.658594 -0.434515 0.61437 -0.643293 -0.522133 0.559957 -0.678589 0.507915 0.530603 -0.67887 0.508719 0.529472 -0.955262 0.202315 0.215739 -0.986278 0.0294651 -0.162443 -0.986696 -0.00452404 -0.162512 -0.999956 -0.00458484 -0.00816433 -0.999733 0.0163345 -0.0163316 -0.998615 0.0298337 -0.0433307 -0.983631 0.155342 0.0913176 -0.98742 0.155941 0.0261767 -0.990957 0.133958 0.00770016 -0.984372 0.141967 0.1042 -0.990987 0.133962 0 -0.992563 -0.0843113 -0.0878123 -0.991034 -0.101038 -0.0874195 -0.991343 -0.101022 -0.0838693 -0.99976 -0.0215057 -0.00418338 -0.999947 -0.0102228 0.00146098 -0.99385 -0.0825215 0.0738347 -0.991979 -0.0974005 0.0805626 -0.981348 -0.145708 0.125399 -0.96601 -0.209642 0.151247 -0.659222 -0.594118 0.460923 -0.654716 -0.587925 0.47507 -0.657198 -0.560432 0.503991 -0.675557 0.523068 0.519637 -0.671074 0.604142 0.429735 -0.730411 0.661973 0.168202 -0.978731 0.109115 -0.173725 -0.978473 0.10561 -0.177305 -0.983175 0.0403401 -0.178157 -0.986897 0.107257 -0.120545 -0.612252 -0.0177084 -0.790465 -0.985965 -0.00749438 -0.166786 -0.624423 0.0672903 -0.778183 -0.611529 0.0517018 -0.789531 -0.983483 -0.0712914 -0.166366 -0.984686 -0.0823359 -0.153667 -0.990771 0.135537 -0.00132134 -0.990643 0.135519 -0.0161831 -0.986226 0.161109 -0.0374349 -0.981878 0.160398 -0.100939 -0.982762 0.138761 -0.122163 -0.727418 0.676148 0.116991 -0.731113 0.676726 0.0866882 -0.717365 0.696679 0.00500084 -0.717388 0.696668 -0.0027708 -0.718375 0.695623 -0.0067816 -0.961477 -0.180652 -0.207188 -0.980925 -0.144885 -0.129596 -0.981452 -0.17307 -0.082455 -0.961513 -0.220937 -0.16334 -0.980949 -0.177823 -0.0782117 -0.98395 -0.178367 -0.00533331 -0.984298 -0.176469 -0.00411868 -0.981855 -0.176031 0.0705292 -0.982811 -0.1674 0.0778397 -0.623413 -0.775914 0.0965054 -0.592394 -0.781837 0.194421 -0.592083 -0.775491 0.219204 -0.953448 0.197646 -0.227756 -0.687101 0.491901 -0.53472 -0.662304 0.153427 -0.733358 0 0 -1 0 0 -1 -0.610167 -0.0232338 -0.791932 -0.609252 -0.0594521 -0.790745 -0.622506 -0.082609 -0.778243 -0.649269 -0.111414 -0.752354 -0.649535 0.567343 -0.506188 -0.790633 -0.406802 -0.457615 -0.714219 0.692156 -0.103976 -0.708699 0.695125 -0.120614 -0.702277 0.688827 -0.17979 -0.600972 0.670076 -0.435696 -0.774225 -0.494545 -0.39497 -0.681758 -0.655155 -0.325543 -0.649837 -0.712589 -0.264442 -0.610472 -0.781355 -0.12965 -0.616454 -0.780246 -0.105836 -0.617213 -0.785766 -0.0402549 -0.626459 -0.779414 -0.00793901 -0.626329 -0.779543 -0.00499934 1 0 0 1 0 0 1 0 0 1 0 0 1 0 0 1 0 0 1 0 0 1 0 0 1 0 0 1 0 0 1 0 0 1 0 0 1 0 0 1 0 0 1 0 0 1 0 0 1 0 0 1 0 0 1 0 0 1 0 0 1 0 0 1 0 0 1 0 0 1 0 0 0.0140985 0.00836919 0.999866 0.00238984 0.00340459 0.999991 0 0 1 0 0 1 0 0 1 0 0 1 0 0 1 0 -1 0 0 -1 0 0 -1 0 0 -1 0 0.149112 0.345471 0.926507 0.0566564 0.312878 0.948102 0.0275958 0.274704 0.961133 0.0136767 0.242898 0.969955 0.00233055 0.221385 0.975184 0 0.21917 0.975687 -1 0 0 -1 0 0 -1 0 0 -1 0 0 -1 0 0 -1 0 0 -1 0 0 -1 0 0 -1 0 0 -1 0 0 -1 0 0 -1 0 0 -1 0 0 -1 0 0 -1 0 0 -1 0 0 -1 0 0 -1 0 0 0.211978 -0.908444 -0.36027 0.124172 0.596626 0.792855 0.105108 0.588346 0.801749 0.07709 0.589862 0.803816 0.0493674 0.56132 0.826125 0.0372829 0.561615 0.826558 0.0240029 0.548207 0.835998 -0.00999369 0.548337 0.836197 -0.0115847 0.245525 0.969321 -0.00698091 0.232432 0.972588 -0.00717582 0.0215256 0.999743 -0.00311966 0.00504309 0.999982 -0.0553343 0.0573522 0.996819 0.0320783 -0.119298 -0.99234 0.048163 -0.165179 -0.985087 0.0590869 -0.200509 -0.977908 0.0985804 -0.351265 -0.931072 0.202474 -0.785185 -0.585225 0.203193 -0.789266 -0.579458 0.182033 0.962072 0.203176 0.104177 0.960602 0.257664 0.102506 0.959821 0.261219 0.0665042 0.947717 0.312106 0.0514913 0.948559 0.312384 0.0335975 0.941579 0.335112 -0.0130377 0.942031 0.335272 -0.0144969 0.552895 0.833125 -0.0348319 0.552617 0.832707 -0.0398198 0.303654 0.95195 -0.0343126 0.288115 0.956981 -0.0356613 0.0974948 0.994597 -0.016716 0.0406023 0.999036 -0.0167211 0.0322396 0.99934 -0.0552866 0.0707427 0.995961 -0.0983099 0.140818 0.985142 0 -0.0417579 -0.999128 0.0106061 -0.0481763 -0.998783 0.00170069 -0.00621933 -0.999979 0.149207 -0.532438 -0.833215 0.179956 -0.659416 -0.729923 0.197864 -0.753286 -0.627225 0.192879 0.979804 0.0527346 0.182746 0.981489 0.0572959 0.113359 0.991866 0.0579017 0.107598 0.992151 0.0637097 0.057411 0.996299 0.063976 0.054081 0.996266 0.0672976 -0.0205022 0.945143 0.326014 -0.0216377 0.997493 0.0673804 -0.0518125 0.944072 0.325644 -0.0581487 0.576305 0.815163 -0.0750071 0.575655 0.814245 -0.0846425 0.385439 0.918843 -0.10652 0.403945 0.908561 -0.112723 0.250759 0.961464 -0.122487 0.260004 0.957807 -0.124033 0.20956 0.969897 -0.292807 0.370638 0.881414 0 0 -1 0 0 -1 0 0 -1 0 0 -1 0 0 -1 0 0 -1 0.193148 0.98117 0 0.191967 0.981401 -0.0012285 0.115185 0.993343 -0.00124345 0.114366 0.993438 -0.000828553 0.113549 0.993532 0 0.0575288 0.998344 0 0.0566987 0.998391 -0.00083268 0.0566977 0.998391 -0.000833179 -0.0225202 0.999746 -0.00083431 -0.0225217 0.999746 -0.00083381 -0.024188 0.999707 0 -0.024137 0.9976 0.0648916 -0.0787799 0.953858 0.28974 -0.0821382 0.994519 0.0646912 -0.0922088 0.952755 0.289405 -0.109965 0.612458 0.782817 -0.130161 0.610953 0.780893 -0.153513 0.487541 0.859498 -0.162316 0.494331 0.853985 -0.199252 0.490929 0.848108 -0.211589 0.43701 0.874215 -0.243527 0.4576 0.855159 -0.275821 0.453502 0.847501 -0.276644 0.452432 0.847805 -0.00382832 0.00238972 -0.99999 0 0.00717503 -0.999974 0.0119544 0.0361499 -0.999275 0.0258138 0.0558717 -0.998104 0.192658 0.981265 -0.00142116 0.115185 0.993343 -0.00165694 0.115185 0.993343 -0.00165694 0.193148 0.981168 -0.00163664 0.193148 0.981168 -0.00163663 0.0566977 0.99839 -0.00166536 0.0566977 0.99839 -0.00166536 -0.021687 0.999763 -0.00166765 -0.0864376 0.996257 -0.0008309 -0.0864376 0.996257 -0.000830901 -0.0213264 0.983138 -0.181615 -0.085008 0.979803 -0.180999 -0.08501 0.979802 -0.180998 -0.0856126 0.996329 0 -0.0856126 0.996329 0 -0.0854512 0.994451 0.0613692 -0.148611 0.972469 0.179498 -0.129738 0.964258 0.231029 -0.150784 0.98669 0.0608902 -0.163145 0.651205 0.741158 -0.19974 0.665721 0.718971 -0.26002 0.745346 0.61388 -0.257332 0.570164 0.780188 -0.264956 0.571924 0.776338 -0.295815 0.609491 0.735537 -0.356875 0.632331 0.687603 -0.348544 0.53957 0.766408 -0.122033 0.103475 -0.987117 -0.031284 0.047044 -0.998403 -0.0266572 0.0409716 -0.998805 -0.00382831 0.00383369 -0.999985 -0.014349 0.0286764 -0.999486 -0.014335 0.0525678 -0.998514 -0.00238952 0.0167354 -0.999857 -0.00232959 0.223159 -0.974779 0.0116606 0.223145 -0.974716 0.0162442 0.229664 -0.973134 0.036036 0.229545 -0.972631 0.0368636 0.0931652 -0.994968 0.0900627 0.145916 -0.985189 0.191757 0.974105 -0.119786 0.157028 0.971555 -0.177267 0.136518 0.9743 -0.179169 0.11331 0.977174 -0.179698 0.108466 0.977561 -0.180584 0.0557574 0.981832 -0.181373 0.0467437 0.982018 -0.182911 -0.0123022 0.983018 -0.183097 -0.156132 0.973791 -0.165387 -0.158312 0.987389 -0.000823505 -0.138587 0.973873 -0.179903 -0.152122 0.972478 -0.176481 -0.0118362 0.945785 -0.324578 -0.0436137 0.944951 -0.324292 -0.0833085 0.960214 -0.26655 -0.15992 0.98713 0 -0.15992 0.98713 0 -0.159705 0.985805 0.0517916 -0.219981 0.970167 0.1019 -0.220843 0.973966 0.0511696 -0.252135 0.961587 0.108532 -0.315041 0.929952 0.189574 -0.322239 0.921731 0.21581 -0.282466 0.792685 0.540244 -0.377596 0.922875 0.0756558 -0.4952 0.864745 0.0836295 -0.507507 0.855517 0.102599 -0.538826 0.803806 0.252116 -0.495335 0.760836 0.419251 -0.363625 0.926991 0.0920029 -0.154263 0.230773 -0.960701 -0.12119 0.203828 -0.971477 -0.114209 0.203998 -0.972287 -0.105788 0.196379 -0.974805 -0.104922 0.21043 -0.971962 -0.0637848 0.211167 -0.975367 -0.0249774 0.0951568 -0.995149 -0.0244497 0.224692 -0.974123 -0.00345382 0.224758 -0.974408 -0.00551611 0.942802 -0.333307 0.0228757 0.94257 -0.333225 0.0453303 0.952325 -0.301699 0.0580145 0.951699 -0.301501 0.0480223 0.247169 -0.967782 0.0831691 0.246597 -0.965543 0.086086 0.248588 -0.964776 0.104622 0.96864 -0.225369 0.107726 0.970898 -0.213897 0.0981371 0.96574 -0.240239 -0.311769 0.941715 -0.126387 -0.267872 0.960403 -0.0766192 -0.233242 0.969773 -0.0716827 -0.328204 0.92845 -0.173964 -0.233843 0.972274 0 -0.0890791 0.959733 -0.266416 -0.125682 0.968176 -0.216426 -0.158735 0.488846 -0.857807 -0.360303 0.910585 -0.202525 -0.35884 0.913963 -0.189488 -0.328739 0.928241 -0.174066 -0.0332782 0.237373 -0.970849 -0.0660366 0.236986 -0.969266 -0.0840449 0.295376 -0.951677 -0.234708 0.972066 0.000230706 -0.235435 0.97189 0.00052131 -0.235238 0.971075 0.0409428 -0.239311 0.970066 0.0412652 -0.253318 0.966097 0.0498609 -0.314409 0.947719 0.0545488 -0.320282 0.945425 0.0599207 -0.366745 0.928459 0.0588454 -0.368208 0.927985 0.0571474 -0.507732 0.859611 0.0572434 -0.506551 0.859844 0.0638258 -0.37057 0.927344 0.0520742 -0.399859 0.916139 0.0283149 -0.47796 0.87786 0.0302519 -0.507425 0.859925 0.0552147 -0.507639 0.859774 0.055608 -0.803383 0.565864 -0.185401 -0.167421 0.280279 -0.945206 -0.171582 0.298891 -0.938735 -0.120401 0.224205 -0.967076 -0.11058 0.219023 -0.969433 -0.136898 0.42447 -0.895033 0.0949374 0.264408 -0.959727 -0.357414 0.929342 -0.092617 -0.358926 0.933272 -0.0132295 -0.314849 0.949046 -0.0134531 -0.314259 0.949235 -0.0139414 -0.268635 0.963138 -0.014195 -0.241935 0.970292 0 -0.240595 0.970626 0.000236494 -0.464761 0.855582 -0.227983 -0.460071 0.859849 -0.221346 -0.462725 0.864808 -0.194916 -0.507119 0.857859 -0.0831128 -0.478091 0.877138 -0.0453663 -0.399659 0.915681 -0.0424511 -0.48024 0.855503 -0.193609 -0.535733 0.826185 -0.174381 -0.239515 0.970893 0.000522902 -0.314878 0.949132 0 -0.314878 0.949132 0 -0.370405 0.92887 0 -0.370405 0.92887 0 -0.371073 0.928603 0.000775399 -0.400019 0.916506 0.000765303 -0.400759 0.916184 0.000254808 -0.478179 0.878262 0.000244261 -0.478221 0.878239 0.000235115 -0.5082 0.861239 0.000249854 -0.50888 0.860838 0 -0.50888 0.860838 0 -0.554124 0.814475 -0.171979 -0.400019 0.916507 0 -0.478584 0.878042 0 0.351339 0.359153 -0.864622 0 -1 0 0 -1 0 0 -1 0 0 -1 0 0 -1 0 0 -1 0 -1 0 0 -1 0 0 -1 0 0 -1 0 0 -1 0 0 -1 0 0 0.670949 0.406336 -0.620256 0.679412 0.403828 -0.612636 0 0 1 0 0 1 0.725153 0.436896 -0.532236 0.730801 0.439753 -0.522061 0.752298 0.439227 -0.491047 1 0 0 1 0 0 1 0 0 0 1 0 0 1 0 0.724677 0.55474 -0.408787 0.797708 0.508411 -0.324315 0.827161 0.459854 -0.323016 0.82486 0.437238 -0.358369 0.0662978 -0.997765 -0.00839817 -8.28658e-06 0.999998 -0.00181947 0.99022 -0.00949723 -0.139193 0 0 -1 0 0 -1 0 0 -1 0 0 -1 0 0 -1 0 0 -1 0 0 -1 0 0 -1 0 0 -1 0 0 -1 0 0 -1 0 0 -1 0 0 -1 0 0 -1 0 0 -1 0 0 -1 0 0 -1 0 0 -1 0 0 -1 0 -1 0 0 -1 0 0 -1 0 0 -1 0 0 -1 0 0 -1 0 0 -1 0 0 -1 0 -0.0461734 -0.998845 -0.0132597 -0.590906 -0.787526 -0.175022 -0.634557 -0.750284 -0.185503 1 0 0 1 0 0 1 0 0 1 0 0 1 0 0 1 0 0 1 0 0 -0.0470927 -0.998859 -0.00792615 -1 0 0 -1 0 0 -1 0 0 -1 0 0 -1 0 0 -1 0 0 -1 0 0 -1 0 0 -0.999998 -0.000375745 -0.00178013 -0.999724 -0.0191429 -0.0135889 -0.976625 -0.19026 -0.100023 -0.935666 -0.320126 -0.14849 -0.935203 -0.321285 -0.148901 -0.877577 -0.443816 -0.181344 -0.810598 -0.55043 -0.199893 -0.809921 -0.551377 -0.20003 -0.771667 -0.603271 -0.20148 -0.77142 -0.603593 -0.20146 0 1 0 0 1 0 0 1 0 0 1 0 0 1 0 0 1 0 0.996058 -0.00524499 0.088546 0.963511 -0.212165 0.163194 0.619923 -0.748444 0.235643 0.465842 -0.858118 0.215928 0.0624458 -0.992047 0.109283 0.0274909 -0.995155 0.0943955 -0.999999 -7.76621e-05 -0.00173888 -0.999998 0.000228626 -0.00173888 -0.999998 0.000388125 -0.0017396 -0.985001 0.153422 -0.0789611 -0.655172 0.736127 -0.169903 0.0171628 0.998626 0.0495203 0.168051 0.979147 0.114152 0.198672 0.972509 0.121471 0.945319 0.279573 0.167959 0.966791 0.201397 0.157337 0.969127 0.19122 0.155649 0.9962 0.00105441 0.0870866 0.996207 -0.00104906 0.0870141 0.983478 0 0.181028 0.983478 0 0.181028 0.971818 -0.0512018 0.230105 0.962527 -0.141327 0.231448 0.996207 -0.00101775 0.0870086 0.996192 0 0.0871904 0.996192 0 0.0871904 0.842944 -0.231202 0.485789 0.688571 -0.347545 0.63646 0.414694 -0.61426 0.671352 0.414116 -0.696683 0.585782 0.537021 -0.782938 0.314031 0.223414 -0.676399 0.701834 0.0880957 -0.692024 0.716479 0.0820644 -0.696074 0.713265 0.0546384 -0.991515 0.117952 -0.00486295 -0.99586 0.0907684 0 -0.995887 0.0906063 0.00723899 -0.995861 0.090604 -0.0165095 -0.992863 0.118112 -0.023909 -0.993832 0.108288 -0.00826494 -0.995775 0.0914525 -0.369309 -0.842449 0.392288 -0.633493 -0.60646 0.480513 -0.832178 -0.32419 0.449866 -0.900974 -0.168964 0.399621 -0.951551 -0.0267791 0.306324 -0.958752 -0.000120576 0.284243 -0.984143 0.157931 -0.080754 -0.789734 0.584727 -0.18551 -0.821708 0.539461 -0.183787 -0.900305 0.404388 -0.161002 -0.943565 0.302432 -0.134982 0.00676775 0.998849 0.0474901 -0.0648076 0.975436 0.210535 -0.0416392 0.969243 0.242557 0.107806 0.964431 0.241352 0.167277 0.974634 0.148685 -0.00322969 0.998866 0.0474909 -0.00545734 0.998836 0.0479336 -0.0658669 0.99138 0.113254 0.172011 0.973828 0.148563 0.238577 0.668624 0.704289 0.829546 0.374705 0.414065 0.935403 0.186257 0.30055 0.966368 0.153571 0.206275 0.968814 0.191159 0.157666 0.975326 0.0379403 0.217484 0.996204 0.000820875 0.0870437 0.923547 0 0.383486 0.923547 0 0.383486 0.923293 -0.0234698 0.38338 0.929435 -0.0401804 0.366792 0.0594812 -0.0153714 0.998111 0.0471029 -0.0262498 0.998545 0.0824292 -0.0814623 0.993262 0.210696 -0.208224 0.955118 0.337873 -0.60794 0.718506 0.0285508 -0.0477313 0.998452 0.0228308 -0.0542314 0.998267 0.0365456 -0.660054 0.750328 -0.0255828 -0.698201 0.715445 -0.0187745 -0.660379 0.750698 -0.0450974 -0.682605 0.729394 -0.0947403 -0.680554 0.726547 -0.238803 -0.713341 0.658876 -0.360496 -0.82781 0.429853 -0.374805 -0.59117 0.71417 -0.447403 -0.505761 0.737588 -0.536406 -0.508804 0.67334 -0.532236 -0.413654 0.738658 -0.548621 -0.366207 0.751604 -0.575616 -0.339793 0.743779 -0.591124 -0.259138 0.763819 -0.62855 -0.220255 0.745931 -0.663316 -0.201253 0.72077 -0.895061 -0.147354 0.420895 -0.902542 -0.0253998 0.429851 -0.958752 0 0.284244 -0.900332 -0.0169089 0.434874 -0.898663 0.115277 0.423221 -0.909276 0.153978 0.386661 -0.958751 0.000148026 0.284246 -0.848057 0.301575 0.43572 -0.6539 0.593804 0.46884 -0.498926 0.756508 0.42281 -0.158033 0.967858 0.195645 -0.145799 0.967045 0.208724 -0.191181 0.654936 0.731101 -0.163876 0.649447 0.742538 -0.0531995 0.657415 0.751648 -0.0387443 0.643295 0.764638 0.110588 0.639829 0.760519 0.138323 0.66438 0.734483 0.187197 0.66278 0.725038 0.0405811 0.0567809 0.997562 0.0646741 0.0325943 0.997374 0.911899 0.0674246 0.404839 0.109239 0.626543 0.771694 0.0857478 0.583889 0.807292 0.925085 0.0204241 0.379211 0.923409 0.0172669 0.383428 0.0594882 0 0.998229 0.0594882 0 0.998229 0.00637979 0 0.99998 0.00637979 0 0.99998 0.00637974 -0.00425333 0.999971 0.0276171 -0.0254896 0.999294 -0.017439 -0.0369998 0.999163 -0.0167844 -0.0468698 0.99876 -0.0117253 -0.0542418 0.998459 0 -0.00425342 0.999991 -0.00212769 -0.00638256 0.999977 -0.0245032 -0.051619 0.998366 -0.0496694 -0.0906659 0.994642 -0.114041 -0.672283 0.731457 -0.238947 -0.699929 0.673055 -0.366427 -0.593302 0.716746 -0.334169 -0.432946 0.837191 -0.447283 -0.501966 0.740248 -0.0337317 -0.0395386 0.998649 -0.0452627 -0.0280844 0.99858 -0.0869914 -0.0361995 0.995551 -0.298875 -0.140445 0.943901 -0.466345 -0.244625 0.850106 -0.0532509 -0.0934662 0.994197 -0.0515013 -0.0146579 0.998565 -0.042645 -0.00209552 0.999088 -0.0452462 0 0.998976 -0.750236 0 0.66117 -0.762595 -0.0180647 0.646624 -0.68708 0.134323 0.714058 -0.695906 0.164856 0.698955 -0.602271 0.272252 0.750432 -0.59318 0.31916 0.739104 -0.531134 0.374268 0.760144 -0.534719 0.474352 0.699332 -0.485061 0.474383 0.734627 -0.385504 0.571364 0.724521 -0.38619 0.644893 0.659522 -0.28902 0.635093 0.716327 -0.0660858 0.0702749 0.995336 -0.0298299 0.0475746 0.998422 -0.0213477 0.0566161 0.998168 -0.0430387 0.5689 0.82128 -0.380412 0.570948 0.727534 -0.296434 0.307323 0.904256 -0.0407418 0.568955 0.821359 -0.00601832 0.520007 0.854141 0.0277306 0.519816 0.853828 0.0147954 0.0558192 0.998331 0.0216968 0.0455085 0.998728 0.023952 0.0175727 0.999559 0.0536304 0.0150964 0.998447 0.0594844 0.011308 0.998165 0 0 1 0 0 1 0 0 1 -0.00212772 -0.00212569 0.999996 -0.0342288 -0.00212445 0.999412 -0.045277 -0.0126408 0.998895 -0.0203808 -0.0395529 0.99901 -0.0342072 -0.00168089 0.999413 -0.056577 0.0159204 0.998271 -0.032602 0 0.999468 -0.0440465 0.0119238 0.998958 -0.114592 0.0502537 0.992141 -0.115533 0.0512186 0.991982 -0.380341 0.233302 0.894936 -0.482272 0.374298 0.792032 -0.480884 0.375848 0.792142 -0.0440285 0.030977 0.99855 -0.0431513 0.03183 0.998561 -0.0288824 0.0309786 0.999103 -0.00212417 0.00424782 0.999989 -0.00212088 0.0558252 0.998438 -0.00258043 0.0566289 0.998392 0.00278919 0.00371806 0.999989 0.00278918 0.0040859 0.999988 0 0.00186125 0.999998 0 0 1 0 0 1 0 0 1 0 0 1 0 0 1 0 0 1 0.0018588 0.00185803 0.999997 0.101179 0.102057 0.98962 0.00371959 0.00278804 0.999989 0.0148669 0.0102165 0.999837 0.106637 0.101999 0.989052 0.101118 0.107694 0.989028 0.00933259 0.0158572 0.999831 0.00929294 0.0934213 0.995583 -1 0 0 -1 0 0 -1 0 0 -1 0 0 -1 0 0 -1 0 0 -1 0 0 -1 0 0 -1 0 0 -1 0 0 -1 0 0 -1 0 0 -1 0 0 0.00186163 0.000930836 0.999998 0.358742 0.365971 0.858702 0.342345 0.368535 0.864281 0.123046 0.152413 0.980627 0.142464 0.119585 0.98255 0.362586 0.342304 0.86681 0.0932949 0.0443564 0.99465 0.0832779 0.044396 0.995537 0.01579 0.00557434 0.99986 0.157623 0.119307 0.980266 0.122427 0.181783 0.975688 0.177172 0.281366 0.943103 0.167067 0.425691 0.889312 0 -1 0 0 -1 0 0 -1 0 0 -1 0 0 -1 0 0 -1 0 0 -1 0 0 -1 0 0 -1 0 0 -1 0 0 -1 0 0 -1 0 0 -1 0 0 -1 0 0.141692 0 0.989911 0.152475 0.00550985 0.988292 0.407804 0.33422 0.849702 0.409368 0.334815 0.848715 0.479517 0.403228 0.779404 0.489802 0.44326 0.750742 0.416911 0.424771 0.803589 0.389639 0.481574 0.785028 0.332475 0.423494 0.842682 0.434362 0.493515 0.753507 0.330609 0.423707 0.843309 0.24438 0.161668 0.956108 0.109969 0.0498891 0.992682 0.215864 0.0272049 0.976044 0.256678 0.0485119 0.965279 0.262312 0.126213 0.956694 0.293487 0.159382 0.942583 0.318391 0.492176 0.810179 0.284845 0.497687 0.819251 0.334838 0.817491 0.468606 -1 -0.000249389 -0.000798318 0.00982609 -0.00980666 0.999904 0.00279124 -0.000930032 0.999996 0.143496 -0.00092041 0.989651 0.148891 -0.00275598 0.98885 0.501106 -0.00241187 0.865383 0.500962 0.0241136 0.865134 0.447277 0.235172 0.862924 0.483038 0.285696 0.827679 0.477052 0.32287 0.817421 0.541427 0.419954 0.728351 0.523399 0.362931 0.770931 0.741091 0.614178 0.271239 0.732902 0.623686 0.271791 0.694173 0.647616 0.314193 0.680502 0.674507 0.286282 0.653289 0.701053 0.2859 0.644252 0.705452 0.295426 0.625762 0.734401 0.262826 0.602404 0.754157 0.261449 0.413039 0.563493 0.715454 0.366677 0.548353 0.751569 0.300813 0.0637623 0.951549 0.366185 0.0988574 0.925276 0.385031 0.12071 0.914976 0.516486 0.0404013 0.855342 0.51606 0.0572682 0.854636 0.497639 0.224259 0.837892 0.482922 0.174141 0.858173 0.500599 0.197392 0.842875 0.365441 0.821107 0.438448 0.364332 0.821062 0.439453 0.405048 0.912818 0.0519536 0 0 -1 0 0 -1 0 0 -1 0 0 -1 0 0 -1 0 0 -1 0 0 -1 0 0 -1 0 0 -1 0 0 -1 0 0 -1 0 0 -1 0 0 -1 0 0 -1 0 0 -1 0 0 -1 0 0 -1 0 0 -1 0 0 -1 0 0 -1 0 0 -1 0 0 -1 0 0 -1 0 0 -1 0 0 -1 0 0 -1 0 0 -1 0 0 -1 0.0735925 -0.0578968 0.995606 0.0214124 -0.0102174 0.999719 0.0205483 -0.00980507 0.999741 0.163215 -0.0100827 0.986539 0.501555 -0.0337322 0.864468 0.501838 -0.00317615 0.864956 0.244076 -0.0378118 0.969019 0.918625 -0.00360748 0.395115 0.917879 0.0404372 0.394794 0.559921 0.27279 0.782351 0.567951 0.302311 0.765532 0.65913 0.373913 0.652485 0.789912 0.580759 0.19687 0.753338 0.609997 0.245733 0.837543 0.46442 0.287812 0.8388 0.498535 0.218811 0.832789 0.519469 0.191349 0.760378 0.647067 0.0559358 0.775959 0.628314 0.0557555 0.775961 0.628312 0.0557569 0.709125 0.702878 0.055724 0.759814 0.64778 0.0553472 0.707966 0.704139 0.0545194 0.683391 0.728012 0.0545435 0.680629 0.730392 0.0571959 0.647509 0.759923 0.0569938 0.614821 0.786723 0.0553444 0.613855 0.78741 0.0562923 0.597838 0.766865 0.233469 0.646035 0.761275 0.0556732 0.513794 0.841628 0.166366 0.491476 0.848616 0.195713 0.559583 0.811061 0.170435 0.546862 0.0889435 0.832485 0.595627 0.15294 0.788567 0.549491 0.0901901 0.830617 0.597066 0.136624 0.790472 0.92313 0.0841004 0.375176 0.92486 0.0578697 0.375879 0.6289 0.225237 0.744146 0.699082 0.277615 0.65895 0.603233 0.158971 0.781562 0.40731 0.911833 0.0515722 0.500398 0.864021 0.0554046 0.407852 0.913045 -0.00233634 0.865517 -0.312243 -0.391643 0.766084 -0.565079 -0.30627 -0.000838211 0.000593098 -0.999999 0.217722 -0.151154 0.964235 0.130635 -0.0625094 0.989458 0.287006 -0.0603971 0.956023 0.522489 -0.0556501 0.850828 0.308637 -0.0678724 0.948755 0.52233 -0.0608484 0.85057 0.91794 -0.0537547 0.39306 0.919258 -0.00503322 0.393624 0.997729 -0.00546287 0.067134 0.995805 0.0623088 0.0670046 0.893583 0.377534 0.242854 0.892594 0.387957 0.229707 0.872992 0.426072 0.237377 0.847361 0.528558 0.0510489 0.845534 0.531776 0.0478125 0.810726 0.583381 0.0488865 0.804446 0.591444 0.0553214 0.858471 0.510226 0.0519234 0.897488 0.438028 0.0514557 0.895913 0.441466 0.0494788 0.858315 0.510511 0.0517089 0.777169 0.629291 -0.0010856 0.776688 0.629883 -0.00169238 0.775919 0.630828 -0.00217783 0.760979 0.648773 -0.00223978 0.760393 0.649457 -0.00283457 0.759217 0.650829 -0.00343252 0.757457 0.652873 -0.00402921 0.71207 0.702096 -0.00409241 0.710778 0.703408 -0.00343845 0.70902 0.705186 -0.00166389 0.685478 0.728092 -0.00160863 0.684409 0.729098 -0.000535607 0.647038 0.762457 -0.000506362 0.647038 0.762457 -0.000506381 0.616232 0.787565 -0.000482253 0.615764 0.78793 0 0.556182 0.83106 0 0.556182 0.83106 0 0.555572 0.830149 0.0468166 0.567014 0.821831 0.0555827 0.526088 0.849181 0.046073 0.520365 0.852392 0.0514545 0.504404 0.861899 0.0520284 0.935853 0.120523 0.331139 0.937572 0.122678 0.325437 0.942214 0.136097 0.306122 0.989399 0.129459 0.0657982 0.995808 0.0630891 0.0662245 0.967953 0.190785 0.163307 0.965663 0.232295 0.116333 0.935294 0.327397 0.1343 0.917025 0.358656 0.174446 0.505088 0.863067 -0.00148892 0.503665 0.863895 -0.00267081 0.409102 0.912485 -0.00253258 0.410153 0.912011 -0.00316841 0.895025 -0.220252 -0.387839 0.934655 -0.34918 -0.0670387 0.911813 -0.173336 -0.372226 0.911967 -0.172991 -0.372007 0.953218 -0.161042 -0.255813 0.970547 -0.218625 -0.1012 0.964963 -0.255741 -0.0586858 0.93664 -0.349922 -0.0161212 0.403826 0.83683 -0.369649 0.477282 0.788351 -0.388208 0.390439 0.644909 -0.657 0.406278 0.606256 -0.68366 0.453534 -0.182368 0.872381 0.415677 -0.140856 0.898539 0.392049 -0.112817 0.913001 0.558157 -0.0973648 0.824003 0.925506 -0.0900195 0.36788 0.926584 -0.076096 0.368308 0.557909 -0.101774 0.823638 0.994359 -0.081662 0.0676854 0.994588 -0.0801256 0.0661453 0.997776 -0.00624271 0.0663574 0.99998 -0.0062565 -0.00078155 0.997999 0.0632279 -0.000780001 0.915573 0.397944 0.0580244 0.929687 0.363608 0.0589188 0.912862 0.405164 0.0502485 0.859465 0.511195 -0.000441079 0.85583 0.517251 -0.0026786 0.8465 0.532383 -0.00264939 0.815305 0.579023 -0.00323105 0.812295 0.583244 -0.00163983 0.811696 0.58408 -0.00100763 0.845798 0.533494 -0.00323606 0.897011 0.442007 -0.000381377 0.914015 0.405676 -0.00214493 0.914014 0.405677 -0.00214588 0.899744 0.436413 -0.00211238 0.815305 0.579022 -0.00327448 0.775436 0.631417 -0.00339291 0.775435 0.631419 -0.003391 0.775436 0.63142 -0.00278413 0.755104 0.655574 -0.00639825 0.756646 0.616116 -0.218833 0.750905 0.618655 -0.231101 0.734517 0.637701 -0.231997 0.712062 0.702088 -0.00632313 0.711414 0.702738 -0.00697527 0.687608 0.726048 -0.00698411 0.68654 0.727068 -0.00591055 0.686548 0.727076 -0.00340348 0.685477 0.728091 -0.00232672 0.647037 0.762455 -0.00232574 0.647037 0.762455 -0.00232509 0.616698 0.787197 -0.00232023 0.616231 0.787563 -0.00183899 0.558155 0.829735 -0.00186624 0.556182 0.83106 -0.000435238 0.526647 0.850084 0 0.526233 0.850341 -0.000411794 0.5241 0.851655 -0.00146923 0.98935 0.130226 0.0650227 0.97909 0.19298 0.0643484 0.991445 0.130502 -0.00232666 0.991445 0.130502 -0.00232666 0.997897 0.0647838 -0.00234281 0.997897 0.0647818 -0.0023418 0.970967 0.23357 0.0516587 0.977405 0.20488 0.0520012 0.966552 0.253905 0.0361832 0.949313 0.311851 0.0394169 0.942637 0.329968 0.0505593 0.933126 0.355783 0.0519091 0.522613 0.852565 -0.00293986 0.503664 0.863894 -0.00297893 0.410215 0.911984 -0.00317802 0.503088 0.864228 -0.00345895 0.428245 0.903552 -0.0141417 0.42815 0.903596 -0.0141717 0.966615 -0.256179 -0.00529323 0.96615 -0.257951 -0.0040481 0.945746 -0.324875 -0.00446196 0.945014 -0.326994 -0.00480613 0.931861 -0.105682 -0.347083 0.924374 -0.139035 -0.355249 0.946592 -0.135244 -0.2927 0.975537 -0.219749 -0.00610652 0.947304 -0.129663 -0.29292 0.990631 -0.135594 -0.0162762 0.989342 -0.145476 -0.00619294 0.975377 -0.220477 -0.00534121 0.422296 0.891241 -0.165394 0.463957 0.859021 -0.216393 0.495356 0.856263 -0.146415 0.509549 0.850992 -0.127173 0.552807 0.823069 -0.130236 0.604134 0.770215 -0.204429 0.608431 0.761011 -0.225111 0.575996 0.731097 -0.365685 0.513789 0.765857 -0.386631 0.601379 0.7098 -0.36678 0.494655 -0.184338 0.849315 0.513797 -0.20829 0.832243 0.606355 -0.148062 0.781288 0.6048 -0.164109 0.779285 0.938948 -0.129121 0.318911 0.941037 -0.131749 0.311594 0.988099 -0.138338 0.0672593 0.98769 -0.143689 0.0618218 0.98958 -0.143964 -0.00232329 0.996768 -0.0803013 -0.00234016 0.996768 -0.0803013 -0.00234016 0.999967 -0.00782205 -0.00234767 0.999967 -0.00782204 -0.00234767 0.934385 0.356263 -0.00122977 0.934101 0.357004 -0.00184709 0.933786 0.357825 -0.00219135 0.855808 0.517238 -0.00758912 0.900881 0.434051 -0.0035675 0.897538 0.440867 -0.00778386 0.854897 0.518724 -0.00869476 0.848238 0.529546 -0.00862702 0.845794 0.533491 -0.00448827 0.816505 0.577321 -0.00454791 0.91401 0.405675 -0.00355966 0.807036 0.570625 -0.151922 0.687791 0.679403 -0.255647 0.697143 0.662711 -0.273507 0.721583 0.587795 -0.365807 0.838869 0.523697 -0.148463 0.843196 0.511624 -0.165113 0.846305 0.471189 -0.248493 0.812666 0.454468 -0.364736 0.809408 0.458984 -0.366322 0.804474 0.465845 -0.368523 0.749183 0.545574 -0.375599 0.7441 0.553022 -0.374809 0.732732 0.569556 -0.372438 0.702525 0.609944 -0.366641 0.681091 0.636481 -0.361949 0.676603 0.641948 -0.360709 0.664813 0.701979 -0.25544 0.633209 0.740144 -0.226348 0.650069 0.759852 -0.00596607 0.656451 0.706499 -0.264446 0.647036 0.762453 -0.00334091 0.617164 0.786828 -0.0032895 0.616697 0.787196 -0.00280636 0.558153 0.829733 -0.00274238 0.557553 0.830135 -0.00317687 0.522613 0.852565 -0.00310622 0.978726 0.205157 -0.00229681 0.991633 0.128972 -0.00543123 0.991441 0.130501 -0.00387841 0.997678 0.0678896 -0.00546434 0.97857 0.20589 -0.00306226 0.967181 0.25407 -0.00302662 0.966898 0.255133 -0.00390634 0.953221 0.302247 -0.00402616 0.950368 0.311126 -0.00160972 0.950051 0.312093 -0.0010773 0.513684 0.857898 -0.0118391 0.503055 0.864172 -0.0119257 0.500704 0.865507 -0.0139002 0.975384 -0.220479 -0.0038156 0.975384 -0.220479 -0.0038156 0.96615 -0.257951 -0.00377948 0.950121 -0.31188 -0.00134462 0.964151 -0.265353 -0.00114403 0.949343 -0.311625 0.0404781 0.946994 -0.318225 0.0439885 0.935687 -0.0850668 -0.342422 0.935344 -0.0887264 -0.34243 0.989354 -0.145478 -0.00387025 0.938958 -0.0631581 -0.338185 0.997307 -0.0670829 -0.029652 0.996637 -0.0802907 -0.0163749 0.989468 -0.144721 -0.00309635 0.989468 -0.144721 -0.00309636 0.996766 -0.0803011 -0.00311919 0.996766 -0.0803011 -0.00311919 0.63368 0.684062 -0.361261 0.633158 0.684484 -0.361376 0.647466 -0.238898 0.723682 0.622258 -0.178573 0.762172 0.765467 -0.524391 0.372926 0.946955 -0.149564 0.284441 0.969516 -0.20626 0.132268 0.976282 -0.2077 0.0611078 0.974393 -0.219493 0.0487909 0.975551 -0.219753 -0.00305281 0.999958 -0.00860326 -0.00312918 0.999521 -0.0085995 -0.0297178 0.999486 -0.00703737 -0.0312791 0.997797 0.0585335 -0.0312262 0.997455 0.0678744 -0.0218515 0.914023 0.405646 -0.00357649 0.933114 0.359561 -0.0036512 0.953518 0.301302 -0.00454193 0.953516 0.301301 -0.00506285 0.946341 0.322722 -0.0170357 0.932985 0.359511 -0.0170804 0.879381 0.431948 -0.200275 0.919126 0.393586 -0.0172583 0.90215 0.386316 -0.192055 0.667622 0.65011 -0.362819 0.639061 0.678272 -0.362695 0.903164 0.37873 -0.202136 0.861615 0.355077 -0.362684 0.832201 0.411846 -0.371247 0.829476 0.417344 -0.371206 0.822122 0.432183 -0.370585 0.978568 0.20589 -0.00382805 0.992839 0.117461 -0.0217504 0.991597 0.128968 -0.0100861 0.979291 0.202211 -0.00996091 0.978406 0.206621 -0.0053578 0.97841 0.206622 -0.00459312 0.966958 0.254896 -0.00453936 0.966896 0.255133 -0.00434504 0.967344 -0.248797 0.0484379 0.963465 -0.265164 0.0377314 0.943184 -0.328439 0.0503184 0.964774 -0.248136 0.0874083 0.939793 -0.327258 0.0984471 0.940771 -0.0117731 -0.338838 0.941217 -0.0066271 -0.337738 0.921836 -0.360966 0.141142 0.939806 0.0551316 -0.337232 0.935666 0.0846427 -0.342585 0.943964 0.111679 -0.310581 0.935816 0.0827972 -0.342627 0.932779 0.360024 -0.0175147 0.966957 0.254895 -0.00478471 0.96712 0.254265 -0.00529599 0.963632 0.253348 -0.0850191 0.942248 0.321326 -0.0944404 0.92434 0.356766 -0.135328 0.968339 0.19995 -0.149463 0.952827 0.158447 -0.258875 0.912701 0.169125 -0.371987 0.898383 0.210349 -0.385566 0.884552 0.258448 -0.388294 0.867174 0.329165 -0.373712 0.94295 0.120795 -0.310247 0.914556 0.161693 -0.370733 0.928033 0.122718 -0.351703 0.327026 -0.0160297 0.944879 1 0 0 1 0 0 1 0 0 1 0 0 0.320564 0.0133194 0.947133 0.140072 0.203435 0.969017 0 -1 0 0 -1 0 0 -1 0 0 -1 0 0 -1 0 0 -1 0 0 0.416716 0.909037 0 1 0 0 1 0 0 1 0 0 1 0 0 1 0 -0.000140798 0.416881 0.908961 -0.0680544 0.0885594 0.993743 0 0 -1 0 0 -1 0 0 -1 0 0 -1 0 0 -1 0 0 -1 0 0 -1 0 0 -1 0 0 -1 0 0 -1 0.433625 0.897986 -0.074771 0.298184 0.951889 -0.0706677 0.297385 0.952148 -0.0705474 0.124616 0.991383 -0.04038 0.00178768 0.999994 -0.00303869 -0.0871174 0 0.996198 -1 0 0 -1 0 0 -1 0 0 -1 0 0 -0.379929 0.437943 -0.814776 -0.486433 -0.600846 -0.634324 -0.579866 -0.126146 -0.804886 -0.569222 -0.0396969 -0.821225 -0.0484474 0.986185 -0.158407 0.000643293 0.999981 -0.00609698 0.00138697 0.999991 -0.00400961 -0.189009 0.824708 -0.533041 -0.189094 0.824568 -0.533226 -0.276261 0.646414 -0.711216 -0.308659 0.581183 -0.752965</float_array>
                    <technique_common>
                        <accessor count="12650" source="#shape0-lib-normals-array" stride="3">
                            <param name="X" type="float"/>
                            <param name="Y" type="float"/>
                            <param name="Z" type="float"/>
                        </accessor>
                    </technique_common>
                </source>
                <vertices id="shape0-lib-vertices">
                    <input semantic="POSITION" source="#shape0-lib-positions"/>
                </vertices>
                <triangles count="12650">
                    <input offset="0" semantic="VERTEX" source="#shape0-lib-vertices"/>
                    <input offset="1" semantic="NORMAL" source="#shape0-lib-normals"/>
                    <p>0 0 1 0 2 0 0 1 2 1 3 1 0 2 3 2 4 2 0 3 4 3 5 3 0 4 5 4 6 4 0 5 6 5 7 5 0 6 7 6 8 6 0 7 8 7 9 7 0 8 9 8 10 8 0 9 10 9 11 9 0 10 11 10 12 10 0 11 12 11 13 11 0 12 13 12 14 12 0 13 14 13 15 13 0 14 15 14 16 14 0 15 16 15 17 15 0 16 17 16 18 16 0 17 18 17 19 17 0 18 19 18 20 18 0 19 20 19 21 19 0 20 21 20 22 20 0 21 22 21 23 21 0 22 23 22 24 22 0 23 24 23 25 23 0 24 25 24 26 24 0 25 26 25 27 25 0 26 27 26 28 26 0 27 28 27 29 27 0 28 29 28 30 28 0 29 30 29 31 29 0 30 31 30 32 30 0 31 32 31 33 31 0 32 33 32 34 32 0 33 34 33 35 33 0 34 35 34 36 34 0 35 36 35 37 35 0 36 37 36 38 36 0 37 38 37 39 37 0 38 39 38 40 38 0 39 40 39 41 39 0 40 41 40 42 40 0 41 42 41 43 41 0 42 43 42 44 42 0 43 44 43 45 43 0 44 45 44 46 44 0 45 46 45 47 45 0 46 47 46 48 46 0 47 48 47 49 47 0 48 49 48 50 48 0 49 50 49 51 49 0 50 51 50 52 50 0 51 52 51 53 51 0 52 53 52 54 52 0 53 54 53 55 53 0 54 55 54 56 54 0 55 56 55 57 55 0 56 57 56 58 56 0 57 58 57 59 57 0 58 59 58 60 58 0 59 60 59 61 59 0 60 61 60 62 60 0 61 62 61 63 61 0 62 63 62 64 62 0 63 64 63 65 63 0 64 65 64 66 64 0 65 66 65 1 65 1 66 66 66 2 66 2 67 67 67 68 67 2 68 68 68 69 68 2 69 69 69 3 69 2 70 66 70 67 70 3 71 69 71 70 71 3 72 70 72 71 72 3 73 71 73 72 73 3 74 72 74 4 74 4 75 72 75 73 75 4 76 73 76 74 76 4 77 74 77 6 77 4 78 6 78 5 78 66 79 65 79 75 79 66 80 75 80 67 80 67 81 76 81 68 81 67 82 75 82 77 82 67 83 77 83 78 83 67 84 78 84 76 84 68 85 76 85 79 85 68 86 79 86 80 86 68 87 80 87 81 87 68 88 81 88 82 88 68 89 82 89 83 89 68 90 83 90 84 90 68 91 84 91 85 91 68 92 85 92 86 92 68 93 86 93 87 93 68 94 87 94 88 94 68 95 88 95 89 95 68 96 89 96 90 96 68 97 90 97 91 97 68 98 91 98 92 98 68 99 92 99 93 99 68 100 93 100 94 100 68 101 94 101 95 101 68 102 95 102 96 102 68 103 96 103 97 103 68 104 97 104 98 104 68 105 98 105 99 105 68 106 99 106 100 106 68 107 100 107 101 107 68 108 101 108 102 108 68 109 102 109 103 109 68 110 103 110 104 110 68 111 104 111 105 111 68 112 105 112 106 112 68 113 106 113 107 113 68 114 107 114 108 114 68 115 108 115 109 115 68 116 109 116 110 116 68 117 110 117 111 117 68 118 111 118 112 118 68 119 112 119 113 119 68 120 113 120 114 120 68 121 114 121 115 121 68 122 115 122 116 122 68 123 116 123 117 123 68 124 117 124 118 124 68 125 118 125 119 125 68 126 119 126 120 126 68 127 120 127 121 127 68 128 121 128 122 128 68 129 122 129 123 129 68 130 123 130 124 130 68 131 124 131 125 131 68 132 125 132 126 132 68 133 126 133 127 133 68 134 127 134 128 134 68 135 128 135 129 135 68 136 129 136 130 136 68 137 130 137 131 137 68 138 131 138 132 138 68 139 132 139 133 139 68 140 133 140 134 140 68 141 134 141 135 141 68 142 135 142 136 142 68 143 136 143 137 143 68 144 137 144 138 144 68 145 138 145 139 145 68 146 139 146 73 146 68 147 73 147 72 147 68 148 72 148 71 148 68 149 71 149 70 149 68 150 70 150 69 150 73 151 139 151 74 151 74 152 139 152 140 152 74 153 140 153 7 153 74 154 7 154 6 154 65 155 64 155 75 155 75 156 64 156 141 156 75 157 141 157 77 157 76 158 78 158 79 158 77 159 141 159 80 159 77 160 80 160 78 160 78 161 80 161 79 161 139 162 138 162 140 162 140 163 137 163 142 163 140 164 142 164 8 164 140 165 8 165 7 165 140 166 138 166 137 166 64 167 63 167 143 167 64 168 143 168 144 168 64 169 144 169 141 169 141 170 144 170 145 170 141 171 145 171 82 171 141 172 82 172 146 172 141 173 146 173 80 173 80 174 146 174 81 174 137 175 136 175 142 175 142 176 10 176 9 176 142 177 9 177 8 177 142 178 136 178 147 178 142 179 147 179 10 179 63 180 62 180 145 180 63 181 145 181 143 181 143 182 145 182 144 182 145 183 148 183 82 183 145 184 62 184 61 184 145 185 61 185 84 185 145 186 84 186 83 186 145 187 83 187 148 187 82 188 81 188 146 188 82 189 148 189 83 189 136 190 135 190 147 190 10 191 147 191 11 191 147 192 133 192 12 192 147 193 12 193 11 193 147 194 135 194 134 194 147 195 134 195 133 195 61 196 85 196 84 196 61 197 60 197 86 197 61 198 86 198 85 198 133 199 132 199 149 199 133 200 149 200 13 200 133 201 13 201 12 201 60 202 59 202 86 202 86 203 59 203 58 203 86 204 58 204 57 204 86 205 57 205 150 205 86 206 150 206 87 206 132 207 131 207 149 207 149 208 131 208 13 208 13 209 131 209 151 209 13 210 151 210 14 210 57 211 56 211 152 211 57 212 152 212 89 212 57 213 89 213 150 213 150 214 88 214 87 214 150 215 89 215 88 215 131 216 130 216 153 216 131 217 153 217 15 217 131 218 15 218 151 218 151 219 15 219 14 219 56 220 55 220 154 220 56 221 154 221 152 221 152 222 90 222 89 222 152 223 154 223 91 223 152 224 91 224 90 224 130 225 129 225 155 225 130 226 155 226 153 226 153 227 155 227 15 227 15 228 155 228 156 228 15 229 156 229 157 229 15 230 157 230 16 230 55 231 54 231 154 231 154 232 54 232 158 232 154 233 158 233 91 233 91 234 158 234 92 234 129 235 128 235 155 235 155 236 128 236 127 236 155 237 127 237 126 237 155 238 126 238 159 238 155 239 159 239 156 239 156 240 159 240 160 240 156 241 160 241 161 241 156 242 161 242 157 242 157 243 161 243 17 243 157 244 17 244 16 244 54 245 53 245 158 245 158 246 53 246 52 246 158 247 52 247 162 247 158 248 162 248 163 248 158 249 163 249 93 249 158 250 93 250 92 250 126 251 125 251 159 251 159 252 125 252 164 252 159 253 164 253 160 253 160 254 164 254 165 254 160 255 165 255 161 255 161 256 18 256 17 256 161 257 165 257 19 257 161 258 19 258 18 258 52 259 51 259 162 259 162 260 51 260 50 260 162 261 50 261 166 261 162 262 166 262 167 262 162 263 167 263 94 263 162 264 94 264 163 264 163 265 94 265 93 265 125 266 124 266 22 266 125 267 22 267 164 267 164 268 22 268 165 268 165 269 20 269 19 269 165 270 22 270 21 270 165 271 21 271 20 271 166 272 50 272 49 272 166 273 49 273 168 273 166 274 168 274 167 274 167 275 168 275 94 275 94 276 168 276 169 276 94 277 169 277 170 277 94 278 170 278 95 278 124 279 123 279 22 279 22 280 123 280 171 280 22 281 171 281 172 281 22 282 172 282 23 282 49 283 173 283 168 283 49 284 48 284 173 284 168 285 173 285 47 285 168 286 47 286 169 286 169 287 47 287 97 287 169 288 97 288 96 288 169 289 96 289 170 289 170 290 96 290 95 290 123 291 122 291 171 291 171 292 122 292 121 292 171 293 121 293 120 293 171 294 120 294 172 294 172 295 24 295 23 295 172 296 120 296 174 296 172 297 174 297 25 297 172 298 25 298 24 298 173 299 48 299 47 299 47 300 46 300 175 300 47 301 175 301 98 301 47 302 98 302 97 302 120 303 119 303 174 303 174 304 119 304 118 304 174 305 118 305 25 305 25 306 118 306 176 306 25 307 176 307 26 307 46 308 45 308 175 308 175 309 45 309 98 309 98 310 45 310 177 310 98 311 177 311 99 311 118 312 117 312 176 312 176 313 117 313 27 313 176 314 27 314 26 314 45 315 44 315 178 315 45 316 178 316 177 316 177 317 178 317 43 317 177 318 43 318 179 318 177 319 179 319 100 319 177 320 100 320 99 320 117 321 116 321 180 321 117 322 180 322 27 322 27 323 180 323 28 323 44 324 43 324 178 324 43 325 181 325 182 325 43 326 182 326 101 326 43 327 101 327 179 327 43 328 42 328 181 328 179 329 101 329 100 329 116 330 115 330 183 330 116 331 183 331 184 331 116 332 184 332 180 332 180 333 184 333 28 333 28 334 184 334 114 334 28 335 114 335 185 335 28 336 185 336 29 336 181 337 41 337 186 337 181 338 186 338 102 338 181 339 102 339 182 339 181 340 42 340 41 340 182 341 102 341 101 341 115 342 114 342 183 342 183 343 114 343 184 343 114 344 113 344 187 344 114 345 187 345 185 345 185 346 187 346 188 346 185 347 188 347 30 347 185 348 30 348 29 348 41 349 40 349 186 349 186 350 39 350 104 350 186 351 104 351 103 351 186 352 103 352 102 352 186 353 40 353 39 353 113 354 112 354 187 354 187 355 112 355 188 355 188 356 112 356 189 356 188 357 189 357 31 357 188 358 31 358 30 358 39 359 38 359 190 359 39 360 190 360 104 360 104 361 190 361 105 361 112 362 111 362 189 362 189 363 111 363 110 363 189 364 110 364 31 364 31 365 110 365 32 365 38 366 37 366 191 366 38 367 191 367 190 367 190 368 191 368 105 368 105 369 191 369 106 369 110 370 109 370 33 370 110 371 33 371 32 371 37 372 36 372 191 372 191 373 36 373 108 373 191 374 108 374 107 374 191 375 107 375 106 375 109 376 108 376 35 376 109 377 35 377 34 377 109 378 34 378 33 378 36 379 35 379 108 379 192 380 193 380 194 380 192 381 194 381 195 381 192 382 195 382 196 382 192 383 196 383 197 383 192 384 197 384 198 384 192 385 198 385 199 385 192 386 199 386 200 386 192 387 200 387 201 387 192 388 201 388 202 388 192 389 202 389 203 389 192 390 203 390 204 390 192 391 204 391 205 391 192 392 205 392 206 392 192 393 206 393 207 393 192 394 207 394 208 394 192 395 208 395 209 395 192 396 209 396 210 396 192 397 210 397 193 397 193 398 210 398 211 398 193 399 211 399 194 399 195 400 194 400 212 400 195 401 212 401 213 401 195 402 213 402 214 402 195 403 214 403 196 403 197 404 196 404 198 404 194 405 211 405 215 405 194 406 215 406 212 406 210 407 209 407 211 407 212 408 216 408 213 408 212 409 215 409 217 409 212 410 217 410 216 410 213 411 216 411 218 411 213 412 218 412 219 412 213 413 219 413 214 413 196 414 214 414 220 414 196 415 220 415 221 415 196 416 221 416 198 416 198 417 221 417 222 417 198 418 222 418 199 418 211 419 209 419 215 419 215 420 209 420 223 420 215 421 223 421 224 421 215 422 224 422 217 422 209 423 208 423 225 423 209 424 225 424 226 424 209 425 226 425 227 425 209 426 227 426 228 426 209 427 228 427 229 427 209 428 229 428 223 428 216 429 230 429 218 429 216 430 217 430 231 430 216 431 231 431 230 431 217 432 224 432 231 432 218 433 230 433 232 433 218 434 232 434 219 434 214 435 219 435 233 435 214 436 233 436 220 436 220 437 233 437 234 437 220 438 234 438 221 438 221 439 234 439 222 439 222 440 234 440 235 440 222 441 235 441 236 441 222 442 236 442 199 442 199 443 236 443 200 443 223 444 229 444 224 444 224 445 229 445 237 445 224 446 237 446 238 446 224 447 238 447 231 447 208 448 207 448 239 448 208 449 239 449 240 449 208 450 240 450 225 450 225 451 240 451 239 451 225 452 239 452 241 452 225 453 241 453 242 453 225 454 242 454 243 454 225 455 243 455 244 455 225 456 244 456 245 456 225 457 245 457 246 457 225 458 246 458 247 458 225 459 247 459 248 459 225 460 248 460 249 460 225 461 249 461 226 461 226 462 249 462 227 462 227 463 249 463 250 463 227 464 250 464 251 464 227 465 251 465 228 465 228 466 251 466 252 466 228 467 252 467 253 467 228 468 253 468 254 468 228 469 254 469 255 469 228 470 255 470 229 470 229 471 255 471 237 471 230 472 231 472 256 472 230 473 256 473 257 473 230 474 257 474 258 474 230 475 258 475 232 475 231 476 259 476 256 476 231 477 238 477 259 477 219 478 232 478 260 478 219 479 260 479 233 479 233 480 260 480 261 480 233 481 261 481 262 481 233 482 262 482 234 482 234 483 262 483 235 483 236 484 235 484 263 484 236 485 263 485 202 485 236 486 202 486 201 486 236 487 201 487 200 487 237 488 255 488 264 488 237 489 264 489 238 489 238 490 264 490 265 490 238 491 265 491 259 491 207 492 206 492 239 492 239 493 206 493 241 493 249 494 248 494 250 494 250 495 266 495 251 495 250 496 248 496 247 496 250 497 247 497 267 497 250 498 267 498 266 498 251 499 266 499 252 499 252 500 266 500 268 500 252 501 268 501 253 501 253 502 268 502 269 502 253 503 269 503 270 503 253 504 270 504 271 504 253 505 271 505 254 505 254 506 271 506 272 506 254 507 272 507 273 507 254 508 273 508 264 508 254 509 264 509 255 509 256 510 274 510 257 510 256 511 259 511 274 511 257 512 274 512 275 512 257 513 275 513 276 513 257 514 276 514 277 514 257 515 277 515 278 515 257 516 278 516 279 516 257 517 279 517 280 517 257 518 280 518 281 518 257 519 281 519 258 519 232 520 258 520 282 520 232 521 282 521 260 521 259 522 265 522 283 522 259 523 283 523 284 523 259 524 284 524 274 524 260 525 282 525 261 525 261 526 282 526 285 526 261 527 285 527 286 527 261 528 286 528 262 528 262 529 286 529 287 529 262 530 287 530 235 530 235 531 287 531 288 531 235 532 288 532 289 532 235 533 289 533 263 533 263 534 289 534 290 534 263 535 290 535 202 535 202 536 290 536 203 536 264 537 273 537 291 537 264 538 291 538 283 538 264 539 283 539 265 539 206 540 205 540 242 540 206 541 242 541 241 541 266 542 267 542 292 542 266 543 292 543 268 543 247 544 246 544 267 544 267 545 293 545 292 545 267 546 246 546 245 546 267 547 245 547 294 547 267 548 294 548 295 548 267 549 295 549 293 549 268 550 292 550 296 550 268 551 296 551 269 551 269 552 296 552 270 552 270 553 296 553 297 553 270 554 297 554 298 554 270 555 298 555 271 555 271 556 298 556 299 556 271 557 299 557 272 557 272 558 299 558 298 558 272 559 298 559 300 559 272 560 300 560 301 560 272 561 301 561 302 561 272 562 302 562 291 562 272 563 291 563 273 563 274 564 284 564 303 564 274 565 303 565 304 565 274 566 304 566 305 566 274 567 305 567 306 567 274 568 306 568 307 568 274 569 307 569 275 569 275 570 307 570 276 570 276 571 307 571 277 571 277 572 307 572 278 572 278 573 307 573 279 573 279 574 307 574 308 574 279 575 308 575 280 575 280 576 308 576 309 576 280 577 309 577 281 577 258 578 281 578 310 578 258 579 310 579 282 579 282 580 310 580 311 580 282 581 311 581 285 581 283 582 291 582 302 582 283 583 302 583 312 583 283 584 312 584 284 584 284 585 312 585 313 585 284 586 313 586 314 586 284 587 314 587 303 587 285 588 311 588 315 588 285 589 315 589 316 589 285 590 316 590 286 590 286 591 316 591 317 591 286 592 317 592 287 592 287 593 317 593 288 593 288 594 317 594 318 594 288 595 318 595 319 595 288 596 319 596 320 596 288 597 320 597 289 597 289 598 320 598 321 598 289 599 321 599 290 599 290 600 321 600 320 600 290 601 320 601 319 601 290 602 319 602 318 602 290 603 318 603 322 603 290 604 322 604 323 604 290 605 323 605 324 605 290 606 324 606 325 606 290 607 325 607 326 607 290 608 326 608 327 608 290 609 327 609 328 609 290 610 328 610 329 610 290 611 329 611 330 611 290 612 330 612 331 612 290 613 331 613 332 613 290 614 332 614 333 614 290 615 333 615 334 615 290 616 334 616 335 616 290 617 335 617 336 617 290 618 336 618 337 618 290 619 337 619 338 619 290 620 338 620 339 620 290 621 339 621 340 621 290 622 340 622 341 622 290 623 341 623 342 623 290 624 342 624 343 624 290 625 343 625 344 625 290 626 344 626 345 626 290 627 345 627 346 627 290 628 346 628 347 628 290 629 347 629 348 629 290 630 348 630 349 630 290 631 349 631 350 631 290 632 350 632 351 632 290 633 351 633 352 633 290 634 352 634 353 634 290 635 353 635 354 635 290 636 354 636 355 636 290 637 355 637 294 637 290 638 294 638 245 638 290 639 245 639 244 639 290 640 244 640 204 640 290 641 204 641 203 641 205 642 243 642 242 642 205 643 204 643 243 643 292 644 356 644 357 644 292 645 357 645 296 645 292 646 293 646 356 646 293 647 358 647 359 647 293 648 359 648 360 648 293 649 360 649 356 649 293 650 295 650 358 650 295 651 294 651 361 651 295 652 361 652 362 652 295 653 362 653 363 653 295 654 363 654 364 654 295 655 364 655 365 655 295 656 365 656 358 656 296 657 357 657 366 657 296 658 366 658 297 658 297 659 367 659 298 659 297 660 366 660 367 660 298 661 367 661 300 661 300 662 367 662 368 662 300 663 368 663 301 663 301 664 312 664 302 664 301 665 368 665 369 665 301 666 369 666 370 666 301 667 370 667 371 667 301 668 371 668 372 668 301 669 372 669 312 669 303 670 314 670 373 670 303 671 373 671 304 671 304 672 373 672 305 672 305 673 373 673 374 673 305 674 374 674 306 674 306 675 374 675 307 675 307 676 374 676 375 676 307 677 375 677 308 677 308 678 375 678 376 678 308 679 376 679 309 679 281 680 309 680 377 680 281 681 377 681 310 681 310 682 377 682 311 682 311 683 377 683 378 683 311 684 378 684 315 684 312 685 372 685 379 685 312 686 379 686 380 686 312 687 380 687 381 687 312 688 381 688 313 688 313 689 373 689 314 689 313 690 381 690 382 690 313 691 382 691 383 691 313 692 383 692 373 692 315 693 378 693 384 693 315 694 384 694 385 694 315 695 385 695 386 695 315 696 386 696 316 696 316 697 386 697 326 697 316 698 326 698 325 698 316 699 325 699 387 699 316 700 387 700 317 700 317 701 387 701 322 701 317 702 322 702 318 702 204 703 244 703 243 703 356 704 366 704 357 704 356 705 360 705 366 705 358 706 365 706 359 706 359 707 365 707 364 707 359 708 364 708 363 708 359 709 363 709 388 709 359 710 388 710 389 710 359 711 389 711 360 711 360 712 390 712 391 712 360 713 391 713 392 713 360 714 392 714 393 714 360 715 393 715 366 715 360 716 389 716 394 716 360 717 394 717 390 717 294 718 355 718 361 718 361 719 395 719 362 719 361 720 355 720 395 720 363 721 362 721 396 721 363 722 396 722 388 722 367 723 366 723 397 723 367 724 397 724 398 724 367 725 398 725 368 725 366 726 393 726 399 726 366 727 399 727 397 727 368 728 398 728 400 728 368 729 400 729 369 729 369 730 400 730 401 730 369 731 401 731 370 731 370 732 401 732 371 732 371 733 402 733 372 733 371 734 401 734 403 734 371 735 403 735 404 735 371 736 404 736 405 736 371 737 405 737 406 737 371 738 406 738 402 738 372 739 407 739 408 739 372 740 408 740 379 740 372 741 402 741 409 741 372 742 409 742 407 742 373 743 383 743 410 743 373 744 410 744 411 744 373 745 411 745 412 745 373 746 412 746 374 746 374 747 412 747 375 747 375 748 412 748 413 748 375 749 413 749 414 749 375 750 414 750 415 750 375 751 415 751 416 751 375 752 416 752 417 752 375 753 417 753 376 753 309 754 376 754 418 754 309 755 418 755 377 755 377 756 418 756 378 756 378 757 419 757 420 757 378 758 420 758 384 758 378 759 418 759 419 759 379 760 408 760 421 760 379 761 421 761 380 761 380 762 421 762 381 762 381 763 421 763 382 763 382 764 421 764 422 764 382 765 422 765 423 765 382 766 423 766 412 766 382 767 412 767 411 767 382 768 411 768 410 768 382 769 410 769 383 769 384 770 424 770 385 770 384 771 420 771 424 771 385 772 424 772 425 772 385 773 425 773 327 773 385 774 327 774 326 774 385 775 326 775 386 775 325 776 324 776 387 776 387 777 324 777 323 777 387 778 323 778 322 778 388 779 396 779 389 779 389 780 396 780 426 780 389 781 426 781 427 781 389 782 427 782 428 782 389 783 428 783 429 783 389 784 429 784 394 784 390 785 394 785 429 785 390 786 429 786 391 786 391 787 429 787 430 787 391 788 430 788 392 788 392 789 430 789 431 789 392 790 431 790 393 790 393 791 431 791 432 791 393 792 432 792 433 792 393 793 433 793 434 793 393 794 434 794 399 794 355 795 354 795 395 795 395 796 354 796 435 796 395 797 435 797 426 797 395 798 426 798 362 798 362 799 426 799 396 799 397 800 399 800 398 800 398 801 399 801 434 801 398 802 434 802 433 802 398 803 433 803 436 803 398 804 436 804 400 804 400 805 437 805 404 805 400 806 404 806 438 806 400 807 438 807 401 807 400 808 436 808 439 808 400 809 439 809 440 809 400 810 440 810 437 810 401 811 438 811 404 811 401 812 404 812 403 812 402 813 441 813 442 813 402 814 442 814 409 814 402 815 406 815 441 815 404 816 437 816 443 816 404 817 443 817 444 817 404 818 444 818 405 818 405 819 445 819 446 819 405 820 446 820 406 820 405 821 444 821 447 821 405 822 447 822 448 822 405 823 448 823 449 823 405 824 449 824 450 824 405 825 450 825 445 825 406 826 446 826 451 826 406 827 451 827 452 827 406 828 452 828 441 828 407 829 422 829 408 829 407 830 409 830 422 830 408 831 422 831 421 831 409 832 442 832 422 832 412 833 423 833 453 833 412 834 453 834 413 834 413 835 454 835 414 835 413 836 453 836 454 836 414 837 454 837 455 837 414 838 455 838 456 838 414 839 456 839 415 839 415 840 456 840 416 840 416 841 456 841 457 841 416 842 457 842 417 842 376 843 417 843 458 843 376 844 458 844 418 844 418 845 458 845 419 845 419 846 459 846 420 846 419 847 458 847 459 847 420 848 459 848 460 848 420 849 460 849 424 849 422 850 461 850 456 850 422 851 456 851 455 851 422 852 455 852 454 852 422 853 454 853 453 853 422 854 453 854 423 854 422 855 442 855 462 855 422 856 462 856 463 856 422 857 463 857 464 857 422 858 464 858 465 858 422 859 465 859 466 859 422 860 466 860 461 860 424 861 460 861 467 861 424 862 467 862 425 862 425 863 467 863 330 863 425 864 330 864 329 864 425 865 329 865 328 865 425 866 328 866 327 866 427 867 468 867 428 867 427 868 426 868 469 868 427 869 469 869 468 869 428 870 468 870 470 870 428 871 470 871 471 871 428 872 471 872 472 872 428 873 472 873 429 873 429 874 472 874 473 874 429 875 473 875 430 875 430 876 473 876 440 876 430 877 440 877 431 877 431 878 440 878 432 878 432 879 440 879 433 879 433 880 440 880 439 880 433 881 439 881 436 881 354 882 353 882 435 882 435 883 353 883 426 883 426 884 353 884 474 884 426 885 474 885 469 885 437 886 440 886 443 886 440 887 473 887 447 887 440 888 447 888 444 888 440 889 444 889 443 889 441 890 452 890 462 890 441 891 462 891 442 891 445 892 451 892 446 892 445 893 450 893 475 893 445 894 475 894 476 894 445 895 476 895 477 895 445 896 477 896 451 896 447 897 473 897 472 897 447 898 472 898 471 898 447 899 471 899 448 899 449 900 448 900 478 900 449 901 478 901 450 901 451 902 463 902 462 902 451 903 462 903 452 903 451 904 477 904 464 904 451 905 464 905 463 905 456 906 479 906 480 906 456 907 480 907 457 907 456 908 461 908 479 908 417 909 457 909 458 909 458 910 481 910 459 910 458 911 457 911 481 911 459 912 482 912 483 912 459 913 483 913 460 913 459 914 481 914 482 914 460 915 483 915 467 915 461 916 466 916 479 916 464 917 477 917 465 917 465 918 477 918 476 918 465 919 476 919 466 919 466 920 476 920 475 920 466 921 475 921 484 921 466 922 484 922 480 922 466 923 480 923 479 923 467 924 483 924 485 924 467 925 485 925 331 925 467 926 331 926 330 926 468 927 469 927 486 927 468 928 486 928 470 928 469 929 474 929 487 929 469 930 487 930 486 930 470 931 488 931 448 931 470 932 448 932 471 932 470 933 486 933 489 933 470 934 489 934 488 934 353 935 352 935 474 935 474 936 352 936 490 936 474 937 490 937 487 937 450 938 478 938 491 938 450 939 491 939 492 939 450 940 492 940 475 940 448 941 488 941 478 941 478 942 488 942 493 942 478 943 493 943 491 943 457 944 480 944 481 944 481 945 494 945 495 945 481 946 495 946 482 946 481 947 480 947 494 947 482 948 496 948 483 948 482 949 495 949 496 949 483 950 496 950 497 950 483 951 497 951 498 951 483 952 498 952 485 952 484 953 475 953 492 953 484 954 492 954 499 954 484 955 499 955 480 955 485 956 498 956 334 956 485 957 334 957 333 957 485 958 333 958 332 958 485 959 332 959 331 959 486 960 487 960 500 960 486 961 500 961 489 961 487 962 490 962 351 962 487 963 351 963 350 963 487 964 350 964 501 964 487 965 501 965 500 965 488 966 489 966 502 966 488 967 502 967 493 967 489 968 500 968 503 968 489 969 503 969 502 969 352 970 351 970 490 970 491 971 493 971 504 971 491 972 504 972 492 972 492 973 504 973 505 973 492 974 505 974 499 974 493 975 502 975 506 975 493 976 506 976 504 976 480 977 499 977 494 977 494 978 499 978 495 978 495 979 499 979 507 979 495 980 507 980 496 980 496 981 507 981 508 981 496 982 508 982 497 982 497 983 508 983 509 983 497 984 509 984 498 984 498 985 509 985 335 985 498 986 335 986 334 986 499 987 505 987 507 987 500 988 501 988 510 988 500 989 510 989 503 989 350 990 349 990 501 990 501 991 349 991 510 991 502 992 503 992 511 992 502 993 511 993 506 993 503 994 510 994 512 994 503 995 512 995 511 995 504 996 506 996 513 996 504 997 513 997 514 997 504 998 514 998 505 998 505 999 514 999 508 999 505 1000 508 1000 507 1000 506 1001 511 1001 515 1001 506 1002 515 1002 513 1002 508 1003 514 1003 509 1003 509 1004 516 1004 337 1004 509 1005 337 1005 336 1005 509 1006 336 1006 335 1006 509 1007 514 1007 516 1007 510 1008 349 1008 348 1008 510 1009 348 1009 347 1009 510 1010 347 1010 346 1010 510 1011 346 1011 512 1011 511 1012 512 1012 517 1012 511 1013 517 1013 515 1013 512 1014 346 1014 345 1014 512 1015 345 1015 517 1015 513 1016 515 1016 518 1016 513 1017 518 1017 514 1017 514 1018 518 1018 516 1018 515 1019 517 1019 519 1019 515 1020 519 1020 518 1020 516 1021 518 1021 339 1021 516 1022 339 1022 338 1022 516 1023 338 1023 337 1023 517 1024 345 1024 344 1024 517 1025 344 1025 343 1025 517 1026 343 1026 342 1026 517 1027 342 1027 519 1027 518 1028 519 1028 341 1028 518 1029 341 1029 340 1029 518 1030 340 1030 339 1030 519 1031 342 1031 341 1031 520 1032 521 1032 522 1032 520 1033 522 1033 523 1033 520 1034 523 1034 524 1034 520 1035 524 1035 525 1035 520 1036 525 1036 526 1036 520 1037 526 1037 527 1037 520 1038 527 1038 528 1038 520 1039 528 1039 529 1039 520 1040 529 1040 530 1040 520 1041 530 1041 531 1041 520 1042 531 1042 532 1042 520 1043 532 1043 533 1043 520 1044 533 1044 534 1044 520 1045 534 1045 535 1045 520 1046 535 1046 521 1046 521 1047 535 1047 536 1047 521 1048 536 1048 537 1048 521 1049 537 1049 538 1049 521 1050 538 1050 539 1050 521 1051 539 1051 540 1051 521 1052 540 1052 541 1052 521 1053 541 1053 542 1053 521 1054 542 1054 543 1054 521 1055 543 1055 544 1055 521 1056 544 1056 545 1056 521 1057 545 1057 546 1057 521 1058 546 1058 547 1058 521 1059 547 1059 548 1059 521 1060 548 1060 549 1060 521 1061 549 1061 550 1061 521 1062 550 1062 551 1062 521 1063 551 1063 552 1063 521 1064 552 1064 553 1064 521 1065 553 1065 522 1065 522 1066 553 1066 523 1066 527 1067 526 1067 528 1067 535 1068 534 1068 536 1068 536 1069 534 1069 537 1069 553 1070 552 1070 523 1070 523 1071 554 1071 555 1071 523 1072 555 1072 524 1072 523 1073 552 1073 556 1073 523 1074 556 1074 557 1074 523 1075 557 1075 558 1075 523 1076 558 1076 554 1076 526 1077 525 1077 559 1077 526 1078 559 1078 560 1078 526 1079 560 1079 561 1079 526 1080 561 1080 528 1080 528 1081 561 1081 529 1081 534 1082 533 1082 537 1082 537 1083 533 1083 538 1083 552 1084 551 1084 562 1084 552 1085 562 1085 563 1085 552 1086 563 1086 556 1086 554 1087 558 1087 564 1087 554 1088 564 1088 555 1088 555 1089 564 1089 565 1089 555 1090 565 1090 525 1090 555 1091 525 1091 524 1091 556 1092 563 1092 557 1092 557 1093 563 1093 566 1093 557 1094 566 1094 567 1094 557 1095 567 1095 568 1095 557 1096 568 1096 558 1096 558 1097 568 1097 569 1097 558 1098 569 1098 570 1098 558 1099 570 1099 571 1099 558 1100 571 1100 564 1100 525 1101 565 1101 572 1101 525 1102 572 1102 559 1102 559 1103 572 1103 573 1103 559 1104 573 1104 560 1104 560 1105 573 1105 574 1105 560 1106 574 1106 575 1106 560 1107 575 1107 561 1107 561 1108 575 1108 530 1108 561 1109 530 1109 529 1109 533 1110 532 1110 538 1110 538 1111 532 1111 531 1111 538 1112 531 1112 576 1112 538 1113 576 1113 577 1113 538 1114 577 1114 578 1114 538 1115 578 1115 579 1115 538 1116 579 1116 580 1116 538 1117 580 1117 581 1117 538 1118 581 1118 582 1118 538 1119 582 1119 583 1119 538 1120 583 1120 584 1120 538 1121 584 1121 585 1121 538 1122 585 1122 586 1122 538 1123 586 1123 587 1123 538 1124 587 1124 588 1124 538 1125 588 1125 589 1125 538 1126 589 1126 590 1126 538 1127 590 1127 591 1127 538 1128 591 1128 592 1128 538 1129 592 1129 593 1129 538 1130 593 1130 594 1130 538 1131 594 1131 595 1131 538 1132 595 1132 596 1132 538 1133 596 1133 597 1133 538 1134 597 1134 598 1134 538 1135 598 1135 599 1135 538 1136 599 1136 600 1136 538 1137 600 1137 601 1137 538 1138 601 1138 602 1138 538 1139 602 1139 539 1139 551 1140 550 1140 562 1140 562 1141 550 1141 603 1141 562 1142 603 1142 563 1142 563 1143 603 1143 604 1143 563 1144 604 1144 566 1144 564 1145 571 1145 605 1145 564 1146 605 1146 606 1146 564 1147 606 1147 565 1147 565 1148 606 1148 607 1148 565 1149 607 1149 572 1149 566 1150 604 1150 608 1150 566 1151 608 1151 567 1151 567 1152 569 1152 568 1152 567 1153 608 1153 609 1153 567 1154 609 1154 610 1154 567 1155 610 1155 569 1155 569 1156 611 1156 570 1156 569 1157 610 1157 612 1157 569 1158 612 1158 613 1158 569 1159 613 1159 614 1159 569 1160 614 1160 611 1160 570 1161 611 1161 605 1161 570 1162 605 1162 571 1162 572 1163 607 1163 615 1163 572 1164 615 1164 573 1164 573 1165 615 1165 616 1165 573 1166 616 1166 574 1166 574 1167 617 1167 575 1167 574 1168 616 1168 618 1168 574 1169 618 1169 617 1169 575 1170 617 1170 619 1170 575 1171 619 1171 620 1171 575 1172 620 1172 576 1172 575 1173 576 1173 531 1173 575 1174 531 1174 530 1174 539 1175 602 1175 621 1175 539 1176 621 1176 540 1176 550 1177 549 1177 603 1177 603 1178 549 1178 548 1178 603 1179 548 1179 622 1179 603 1180 622 1180 623 1180 603 1181 623 1181 604 1181 604 1182 623 1182 624 1182 604 1183 624 1183 608 1183 605 1184 611 1184 625 1184 605 1185 625 1185 626 1185 605 1186 626 1186 606 1186 606 1187 627 1187 628 1187 606 1188 628 1188 607 1188 606 1189 626 1189 627 1189 607 1190 628 1190 629 1190 607 1191 629 1191 630 1191 607 1192 630 1192 615 1192 608 1193 624 1193 631 1193 608 1194 631 1194 609 1194 609 1195 631 1195 632 1195 609 1196 632 1196 610 1196 610 1197 633 1197 612 1197 610 1198 632 1198 634 1198 610 1199 634 1199 633 1199 611 1200 614 1200 635 1200 611 1201 635 1201 636 1201 611 1202 636 1202 625 1202 612 1203 633 1203 637 1203 612 1204 637 1204 638 1204 612 1205 638 1205 639 1205 612 1206 639 1206 640 1206 612 1207 640 1207 613 1207 613 1208 640 1208 641 1208 613 1209 641 1209 642 1209 613 1210 642 1210 643 1210 613 1211 643 1211 614 1211 614 1212 644 1212 635 1212 614 1213 643 1213 645 1213 614 1214 645 1214 644 1214 615 1215 630 1215 646 1215 615 1216 646 1216 616 1216 616 1217 646 1217 618 1217 617 1218 618 1218 647 1218 617 1219 647 1219 619 1219 618 1220 646 1220 648 1220 618 1221 648 1221 647 1221 602 1222 601 1222 649 1222 602 1223 649 1223 621 1223 540 1224 621 1224 650 1224 540 1225 650 1225 541 1225 622 1226 548 1226 547 1226 622 1227 547 1227 651 1227 622 1228 651 1228 652 1228 622 1229 652 1229 623 1229 623 1230 652 1230 653 1230 623 1231 653 1231 624 1231 625 1232 654 1232 626 1232 625 1233 636 1233 655 1233 625 1234 655 1234 656 1234 625 1235 656 1235 657 1235 625 1236 657 1236 658 1236 625 1237 658 1237 654 1237 626 1238 654 1238 659 1238 626 1239 659 1239 627 1239 627 1240 659 1240 628 1240 628 1241 659 1241 629 1241 629 1242 659 1242 660 1242 629 1243 660 1243 646 1243 629 1244 646 1244 630 1244 624 1245 653 1245 661 1245 624 1246 661 1246 631 1246 631 1247 661 1247 662 1247 631 1248 662 1248 632 1248 633 1249 634 1249 663 1249 633 1250 663 1250 637 1250 632 1251 662 1251 664 1251 632 1252 664 1252 634 1252 635 1253 644 1253 645 1253 635 1254 645 1254 636 1254 636 1255 665 1255 655 1255 636 1256 645 1256 666 1256 636 1257 666 1257 667 1257 636 1258 667 1258 665 1258 637 1259 663 1259 668 1259 637 1260 668 1260 669 1260 637 1261 669 1261 638 1261 638 1262 669 1262 641 1262 638 1263 641 1263 639 1263 639 1264 641 1264 640 1264 641 1265 669 1265 670 1265 641 1266 670 1266 671 1266 641 1267 671 1267 645 1267 641 1268 645 1268 642 1268 642 1269 645 1269 643 1269 645 1270 672 1270 673 1270 645 1271 673 1271 666 1271 645 1272 671 1272 674 1272 645 1273 674 1273 672 1273 646 1274 660 1274 648 1274 647 1275 648 1275 675 1275 647 1276 675 1276 676 1276 647 1277 676 1277 677 1277 647 1278 677 1278 678 1278 647 1279 678 1279 619 1279 619 1280 678 1280 620 1280 648 1281 660 1281 679 1281 648 1282 679 1282 675 1282 576 1283 620 1283 577 1283 601 1284 600 1284 680 1284 601 1285 680 1285 649 1285 621 1286 649 1286 650 1286 541 1287 650 1287 681 1287 541 1288 681 1288 542 1288 651 1289 547 1289 546 1289 651 1290 546 1290 682 1290 651 1291 682 1291 683 1291 651 1292 683 1292 652 1292 652 1293 683 1293 653 1293 654 1294 658 1294 684 1294 654 1295 684 1295 685 1295 654 1296 685 1296 686 1296 654 1297 686 1297 687 1297 654 1298 687 1298 659 1298 655 1299 665 1299 688 1299 655 1300 688 1300 656 1300 656 1301 688 1301 657 1301 657 1302 689 1302 658 1302 657 1303 688 1303 690 1303 657 1304 690 1304 691 1304 657 1305 691 1305 692 1305 657 1306 692 1306 689 1306 658 1307 689 1307 693 1307 658 1308 693 1308 684 1308 659 1309 687 1309 660 1309 660 1310 687 1310 694 1310 660 1311 694 1311 679 1311 653 1312 683 1312 695 1312 653 1313 695 1313 696 1313 653 1314 696 1314 661 1314 661 1315 696 1315 662 1315 634 1316 664 1316 663 1316 662 1317 696 1317 697 1317 662 1318 697 1318 698 1318 662 1319 698 1319 664 1319 664 1320 699 1320 663 1320 664 1321 698 1321 699 1321 665 1322 667 1322 688 1322 666 1323 673 1323 700 1323 666 1324 700 1324 701 1324 666 1325 701 1325 667 1325 667 1326 701 1326 688 1326 663 1327 699 1327 668 1327 669 1328 668 1328 702 1328 669 1329 702 1329 703 1329 669 1330 703 1330 670 1330 670 1331 703 1331 674 1331 670 1332 674 1332 671 1332 672 1333 674 1333 700 1333 672 1334 700 1334 673 1334 674 1335 703 1335 704 1335 674 1336 704 1336 705 1336 674 1337 705 1337 700 1337 675 1338 679 1338 706 1338 675 1339 706 1339 707 1339 675 1340 707 1340 708 1340 675 1341 708 1341 709 1341 675 1342 709 1342 710 1342 675 1343 710 1343 676 1343 676 1344 710 1344 711 1344 676 1345 711 1345 677 1345 677 1346 711 1346 712 1346 677 1347 712 1347 713 1347 677 1348 713 1348 714 1348 677 1349 714 1349 678 1349 678 1350 714 1350 620 1350 620 1351 714 1351 715 1351 620 1352 715 1352 577 1352 679 1353 694 1353 716 1353 679 1354 716 1354 717 1354 679 1355 717 1355 706 1355 577 1356 715 1356 718 1356 577 1357 718 1357 719 1357 577 1358 719 1358 578 1358 600 1359 599 1359 680 1359 680 1360 720 1360 721 1360 680 1361 721 1361 722 1361 680 1362 722 1362 650 1362 680 1363 650 1363 649 1363 680 1364 599 1364 720 1364 650 1365 722 1365 723 1365 650 1366 723 1366 724 1366 650 1367 724 1367 681 1367 542 1368 681 1368 725 1368 542 1369 725 1369 543 1369 546 1370 545 1370 682 1370 682 1371 544 1371 725 1371 682 1372 725 1372 683 1372 682 1373 545 1373 544 1373 683 1374 725 1374 726 1374 683 1375 726 1375 727 1375 683 1376 727 1376 695 1376 684 1377 693 1377 685 1377 685 1378 693 1378 728 1378 685 1379 728 1379 686 1379 686 1380 728 1380 729 1380 686 1381 729 1381 694 1381 686 1382 694 1382 687 1382 688 1383 701 1383 690 1383 689 1384 730 1384 731 1384 689 1385 731 1385 732 1385 689 1386 732 1386 733 1386 689 1387 733 1387 693 1387 689 1388 692 1388 734 1388 689 1389 734 1389 730 1389 690 1390 701 1390 691 1390 691 1391 701 1391 700 1391 691 1392 700 1392 735 1392 691 1393 735 1393 736 1393 691 1394 736 1394 734 1394 691 1395 734 1395 692 1395 695 1396 727 1396 737 1396 695 1397 737 1397 696 1397 696 1398 737 1398 738 1398 696 1399 738 1399 697 1399 697 1400 738 1400 739 1400 697 1401 739 1401 698 1401 698 1402 740 1402 699 1402 698 1403 739 1403 740 1403 699 1404 741 1404 668 1404 699 1405 740 1405 741 1405 700 1406 705 1406 742 1406 700 1407 742 1407 743 1407 700 1408 743 1408 735 1408 668 1409 741 1409 744 1409 668 1410 744 1410 702 1410 703 1411 702 1411 745 1411 703 1412 745 1412 704 1412 704 1413 745 1413 746 1413 704 1414 746 1414 747 1414 704 1415 747 1415 705 1415 705 1416 747 1416 742 1416 706 1417 717 1417 748 1417 706 1418 748 1418 749 1418 706 1419 749 1419 707 1419 707 1420 750 1420 708 1420 707 1421 749 1421 750 1421 708 1422 750 1422 709 1422 709 1423 750 1423 751 1423 709 1424 751 1424 752 1424 709 1425 752 1425 710 1425 710 1426 752 1426 753 1426 710 1427 753 1427 754 1427 710 1428 754 1428 712 1428 710 1429 712 1429 711 1429 712 1430 754 1430 755 1430 712 1431 755 1431 756 1431 712 1432 756 1432 713 1432 713 1433 756 1433 718 1433 713 1434 718 1434 715 1434 713 1435 715 1435 714 1435 694 1436 729 1436 757 1436 694 1437 757 1437 716 1437 716 1438 757 1438 758 1438 716 1439 758 1439 717 1439 578 1440 719 1440 756 1440 578 1441 756 1441 759 1441 578 1442 759 1442 760 1442 578 1443 760 1443 579 1443 718 1444 756 1444 719 1444 599 1445 598 1445 720 1445 720 1446 598 1446 761 1446 720 1447 761 1447 762 1447 720 1448 762 1448 721 1448 721 1449 761 1449 727 1449 721 1450 727 1450 726 1450 721 1451 726 1451 723 1451 721 1452 723 1452 722 1452 721 1453 762 1453 761 1453 723 1454 726 1454 724 1454 724 1455 726 1455 725 1455 724 1456 725 1456 681 1456 543 1457 725 1457 544 1457 727 1458 761 1458 737 1458 693 1459 733 1459 728 1459 728 1460 757 1460 729 1460 728 1461 733 1461 763 1461 728 1462 763 1462 757 1462 730 1463 764 1463 731 1463 730 1464 734 1464 764 1464 731 1465 765 1465 763 1465 731 1466 763 1466 733 1466 731 1467 733 1467 732 1467 731 1468 764 1468 766 1468 731 1469 766 1469 767 1469 731 1470 767 1470 768 1470 731 1471 768 1471 769 1471 731 1472 769 1472 765 1472 734 1473 736 1473 764 1473 735 1474 743 1474 736 1474 736 1475 743 1475 770 1475 736 1476 770 1476 764 1476 737 1477 761 1477 771 1477 737 1478 771 1478 772 1478 737 1479 772 1479 738 1479 738 1480 772 1480 773 1480 738 1481 773 1481 739 1481 739 1482 774 1482 740 1482 739 1483 773 1483 774 1483 740 1484 775 1484 741 1484 740 1485 774 1485 776 1485 740 1486 776 1486 775 1486 741 1487 775 1487 744 1487 742 1488 747 1488 746 1488 742 1489 746 1489 777 1489 742 1490 777 1490 778 1490 742 1491 778 1491 779 1491 742 1492 779 1492 780 1492 742 1493 780 1493 743 1493 743 1494 780 1494 770 1494 702 1495 744 1495 781 1495 702 1496 781 1496 745 1496 745 1497 781 1497 746 1497 717 1498 758 1498 748 1498 748 1499 782 1499 749 1499 748 1500 758 1500 782 1500 749 1501 782 1501 750 1501 750 1502 783 1502 784 1502 750 1503 784 1503 785 1503 750 1504 785 1504 751 1504 750 1505 782 1505 786 1505 750 1506 786 1506 783 1506 751 1507 785 1507 787 1507 751 1508 787 1508 752 1508 752 1509 787 1509 753 1509 754 1510 753 1510 788 1510 754 1511 788 1511 755 1511 755 1512 788 1512 789 1512 755 1513 789 1513 759 1513 755 1514 759 1514 756 1514 757 1515 763 1515 758 1515 759 1516 789 1516 760 1516 760 1517 789 1517 790 1517 760 1518 790 1518 579 1518 579 1519 790 1519 791 1519 579 1520 791 1520 580 1520 598 1521 597 1521 771 1521 598 1522 771 1522 761 1522 763 1523 765 1523 782 1523 763 1524 782 1524 758 1524 764 1525 770 1525 780 1525 764 1526 780 1526 766 1526 765 1527 769 1527 782 1527 766 1528 780 1528 792 1528 766 1529 792 1529 767 1529 767 1530 792 1530 793 1530 767 1531 793 1531 768 1531 768 1532 793 1532 794 1532 768 1533 794 1533 795 1533 768 1534 795 1534 787 1534 768 1535 787 1535 785 1535 768 1536 785 1536 784 1536 768 1537 784 1537 783 1537 768 1538 783 1538 786 1538 768 1539 786 1539 782 1539 768 1540 782 1540 769 1540 771 1541 597 1541 796 1541 771 1542 796 1542 797 1542 771 1543 797 1543 772 1543 772 1544 797 1544 773 1544 773 1545 797 1545 798 1545 773 1546 798 1546 799 1546 773 1547 799 1547 774 1547 774 1548 799 1548 800 1548 774 1549 800 1549 776 1549 775 1550 801 1550 744 1550 775 1551 776 1551 802 1551 775 1552 802 1552 801 1552 776 1553 800 1553 803 1553 776 1554 803 1554 802 1554 744 1555 801 1555 804 1555 744 1556 804 1556 781 1556 777 1557 746 1557 805 1557 777 1558 805 1558 806 1558 777 1559 806 1559 778 1559 779 1560 778 1560 807 1560 779 1561 807 1561 792 1561 779 1562 792 1562 780 1562 781 1563 808 1563 746 1563 781 1564 804 1564 809 1564 781 1565 809 1565 808 1565 746 1566 808 1566 805 1566 787 1567 795 1567 810 1567 787 1568 810 1568 811 1568 787 1569 811 1569 753 1569 753 1570 811 1570 812 1570 753 1571 812 1571 788 1571 788 1572 812 1572 813 1572 788 1573 813 1573 790 1573 788 1574 790 1574 789 1574 790 1575 813 1575 791 1575 791 1576 813 1576 814 1576 791 1577 814 1577 580 1577 580 1578 814 1578 815 1578 580 1579 815 1579 581 1579 597 1580 596 1580 796 1580 792 1581 807 1581 794 1581 792 1582 794 1582 793 1582 795 1583 794 1583 816 1583 795 1584 816 1584 810 1584 796 1585 596 1585 595 1585 796 1586 595 1586 797 1586 797 1587 595 1587 798 1587 798 1588 817 1588 800 1588 798 1589 800 1589 799 1589 798 1590 595 1590 594 1590 798 1591 594 1591 817 1591 800 1592 817 1592 818 1592 800 1593 818 1593 803 1593 801 1594 802 1594 819 1594 801 1595 819 1595 804 1595 802 1596 803 1596 820 1596 802 1597 820 1597 819 1597 803 1598 818 1598 820 1598 804 1599 819 1599 809 1599 805 1600 808 1600 809 1600 805 1601 809 1601 821 1601 805 1602 821 1602 822 1602 805 1603 822 1603 806 1603 806 1604 822 1604 823 1604 806 1605 823 1605 824 1605 806 1606 824 1606 807 1606 806 1607 807 1607 778 1607 809 1608 819 1608 825 1608 809 1609 825 1609 821 1609 810 1610 816 1610 826 1610 810 1611 826 1611 827 1611 810 1612 827 1612 811 1612 811 1613 827 1613 828 1613 811 1614 828 1614 812 1614 812 1615 828 1615 829 1615 812 1616 829 1616 813 1616 813 1617 829 1617 814 1617 814 1618 829 1618 830 1618 814 1619 830 1619 815 1619 581 1620 815 1620 830 1620 581 1621 830 1621 831 1621 581 1622 831 1622 582 1622 807 1623 824 1623 816 1623 807 1624 816 1624 794 1624 817 1625 594 1625 593 1625 817 1626 593 1626 832 1626 817 1627 832 1627 818 1627 818 1628 832 1628 833 1628 818 1629 833 1629 820 1629 819 1630 820 1630 834 1630 819 1631 834 1631 825 1631 820 1632 833 1632 835 1632 820 1633 835 1633 834 1633 821 1634 825 1634 836 1634 821 1635 836 1635 837 1635 821 1636 837 1636 822 1636 822 1637 837 1637 838 1637 822 1638 838 1638 823 1638 823 1639 826 1639 824 1639 823 1640 838 1640 839 1640 823 1641 839 1641 826 1641 824 1642 826 1642 816 1642 825 1643 834 1643 840 1643 825 1644 840 1644 836 1644 827 1645 826 1645 839 1645 827 1646 839 1646 841 1646 827 1647 841 1647 842 1647 827 1648 842 1648 828 1648 828 1649 842 1649 829 1649 829 1650 842 1650 830 1650 830 1651 843 1651 831 1651 830 1652 842 1652 843 1652 831 1653 843 1653 582 1653 582 1654 843 1654 844 1654 582 1655 844 1655 583 1655 593 1656 592 1656 832 1656 832 1657 592 1657 591 1657 832 1658 591 1658 833 1658 833 1659 591 1659 590 1659 833 1660 590 1660 589 1660 833 1661 589 1661 835 1661 834 1662 835 1662 845 1662 834 1663 845 1663 840 1663 835 1664 589 1664 846 1664 835 1665 846 1665 845 1665 836 1666 840 1666 847 1666 836 1667 847 1667 837 1667 837 1668 847 1668 848 1668 837 1669 848 1669 838 1669 838 1670 848 1670 839 1670 839 1671 848 1671 849 1671 839 1672 849 1672 850 1672 839 1673 850 1673 841 1673 840 1674 845 1674 847 1674 841 1675 850 1675 843 1675 841 1676 843 1676 842 1676 843 1677 850 1677 844 1677 583 1678 844 1678 851 1678 583 1679 851 1679 584 1679 844 1680 852 1680 851 1680 844 1681 850 1681 852 1681 589 1682 588 1682 846 1682 845 1683 846 1683 853 1683 845 1684 853 1684 847 1684 846 1685 588 1685 587 1685 846 1686 587 1686 853 1686 847 1687 853 1687 854 1687 847 1688 854 1688 848 1688 848 1689 854 1689 849 1689 849 1690 854 1690 855 1690 849 1691 855 1691 851 1691 849 1692 851 1692 852 1692 849 1693 852 1693 850 1693 851 1694 855 1694 584 1694 584 1695 855 1695 585 1695 853 1696 587 1696 854 1696 587 1697 586 1697 854 1697 854 1698 586 1698 585 1698 854 1699 585 1699 855 1699 856 1700 857 1700 858 1700 856 1701 858 1701 859 1701 856 1702 859 1702 860 1702 856 1703 860 1703 861 1703 856 1704 861 1704 862 1704 856 1705 862 1705 863 1705 856 1706 863 1706 857 1706 857 1707 864 1707 865 1707 857 1708 865 1708 866 1708 857 1709 866 1709 858 1709 857 1710 863 1710 867 1710 857 1711 867 1711 864 1711 858 1712 866 1712 868 1712 858 1713 868 1713 869 1713 858 1714 869 1714 870 1714 858 1715 870 1715 871 1715 858 1716 871 1716 859 1716 860 1717 859 1717 871 1717 860 1718 871 1718 872 1718 860 1719 872 1719 873 1719 860 1720 873 1720 874 1720 860 1721 874 1721 875 1721 860 1722 875 1722 876 1722 860 1723 876 1723 877 1723 860 1724 877 1724 878 1724 860 1725 878 1725 879 1725 860 1726 879 1726 880 1726 860 1727 880 1727 881 1727 860 1728 881 1728 882 1728 860 1729 882 1729 883 1729 860 1730 883 1730 884 1730 860 1731 884 1731 885 1731 860 1732 885 1732 886 1732 860 1733 886 1733 887 1733 860 1734 887 1734 888 1734 860 1735 888 1735 889 1735 860 1736 889 1736 890 1736 860 1737 890 1737 891 1737 860 1738 891 1738 892 1738 860 1739 892 1739 893 1739 860 1740 893 1740 894 1740 860 1741 894 1741 895 1741 860 1742 895 1742 896 1742 860 1743 896 1743 897 1743 860 1744 897 1744 898 1744 860 1745 898 1745 899 1745 860 1746 899 1746 861 1746 862 1747 861 1747 863 1747 864 1748 867 1748 900 1748 864 1749 900 1749 901 1749 864 1750 901 1750 902 1750 864 1751 902 1751 903 1751 864 1752 903 1752 904 1752 864 1753 904 1753 905 1753 864 1754 905 1754 906 1754 864 1755 906 1755 907 1755 864 1756 907 1756 908 1756 864 1757 908 1757 909 1757 864 1758 909 1758 910 1758 864 1759 910 1759 911 1759 864 1760 911 1760 912 1760 864 1761 912 1761 913 1761 864 1762 913 1762 914 1762 864 1763 914 1763 915 1763 864 1764 915 1764 916 1764 864 1765 916 1765 917 1765 864 1766 917 1766 868 1766 864 1767 868 1767 866 1767 864 1768 866 1768 865 1768 863 1769 861 1769 899 1769 863 1770 899 1770 918 1770 863 1771 918 1771 919 1771 863 1772 919 1772 867 1772 868 1773 917 1773 869 1773 869 1774 917 1774 916 1774 869 1775 916 1775 915 1775 869 1776 915 1776 920 1776 869 1777 920 1777 870 1777 870 1778 872 1778 871 1778 870 1779 920 1779 873 1779 870 1780 873 1780 872 1780 867 1781 919 1781 900 1781 899 1782 898 1782 918 1782 918 1783 898 1783 919 1783 919 1784 921 1784 901 1784 919 1785 901 1785 900 1785 919 1786 898 1786 921 1786 915 1787 914 1787 920 1787 920 1788 914 1788 875 1788 920 1789 875 1789 874 1789 920 1790 874 1790 873 1790 898 1791 897 1791 921 1791 921 1792 922 1792 923 1792 921 1793 923 1793 904 1793 921 1794 904 1794 903 1794 921 1795 903 1795 902 1795 921 1796 902 1796 901 1796 921 1797 897 1797 896 1797 921 1798 896 1798 924 1798 921 1799 924 1799 922 1799 914 1800 913 1800 877 1800 914 1801 877 1801 876 1801 914 1802 876 1802 875 1802 922 1803 924 1803 895 1803 922 1804 895 1804 923 1804 923 1805 925 1805 905 1805 923 1806 905 1806 904 1806 923 1807 895 1807 894 1807 923 1808 894 1808 893 1808 923 1809 893 1809 892 1809 923 1810 892 1810 925 1810 896 1811 895 1811 924 1811 913 1812 912 1812 877 1812 925 1813 926 1813 908 1813 925 1814 908 1814 907 1814 925 1815 907 1815 906 1815 925 1816 906 1816 905 1816 925 1817 892 1817 891 1817 925 1818 891 1818 926 1818 877 1819 912 1819 878 1819 912 1820 927 1820 878 1820 912 1821 911 1821 928 1821 912 1822 928 1822 929 1822 912 1823 929 1823 930 1823 912 1824 930 1824 931 1824 912 1825 931 1825 932 1825 912 1826 932 1826 933 1826 912 1827 933 1827 934 1827 912 1828 934 1828 935 1828 912 1829 935 1829 936 1829 912 1830 936 1830 937 1830 912 1831 937 1831 938 1831 912 1832 938 1832 939 1832 912 1833 939 1833 940 1833 912 1834 940 1834 941 1834 912 1835 941 1835 942 1835 912 1836 942 1836 943 1836 912 1837 943 1837 944 1837 912 1838 944 1838 945 1838 912 1839 945 1839 946 1839 912 1840 946 1840 947 1840 912 1841 947 1841 927 1841 926 1842 948 1842 909 1842 926 1843 909 1843 908 1843 926 1844 891 1844 948 1844 891 1845 890 1845 948 1845 878 1846 927 1846 947 1846 878 1847 947 1847 946 1847 878 1848 946 1848 879 1848 911 1849 910 1849 928 1849 948 1850 949 1850 950 1850 948 1851 950 1851 951 1851 948 1852 951 1852 909 1852 948 1853 890 1853 949 1853 890 1854 889 1854 949 1854 879 1855 946 1855 945 1855 879 1856 945 1856 944 1856 879 1857 944 1857 943 1857 879 1858 943 1858 942 1858 879 1859 942 1859 941 1859 879 1860 941 1860 940 1860 879 1861 940 1861 880 1861 910 1862 909 1862 951 1862 910 1863 951 1863 929 1863 910 1864 929 1864 928 1864 949 1865 889 1865 950 1865 950 1866 952 1866 951 1866 950 1867 889 1867 888 1867 950 1868 888 1868 953 1868 950 1869 953 1869 935 1869 950 1870 935 1870 934 1870 950 1871 934 1871 933 1871 950 1872 933 1872 952 1872 951 1873 952 1873 930 1873 951 1874 930 1874 929 1874 940 1875 939 1875 881 1875 940 1876 881 1876 880 1876 952 1877 933 1877 932 1877 952 1878 932 1878 931 1878 952 1879 931 1879 930 1879 888 1880 887 1880 937 1880 888 1881 937 1881 936 1881 888 1882 936 1882 935 1882 888 1883 935 1883 953 1883 939 1884 938 1884 881 1884 881 1885 938 1885 882 1885 887 1886 886 1886 937 1886 937 1887 886 1887 885 1887 937 1888 885 1888 884 1888 937 1889 884 1889 938 1889 938 1890 884 1890 883 1890 938 1891 883 1891 882 1891 954 1892 955 1892 956 1892 954 1893 956 1893 957 1893 954 1894 957 1894 958 1894 954 1895 958 1895 959 1895 954 1896 959 1896 960 1896 954 1897 960 1897 961 1897 954 1898 961 1898 962 1898 954 1899 962 1899 963 1899 954 1900 963 1900 964 1900 954 1901 964 1901 965 1901 954 1902 965 1902 966 1902 954 1903 966 1903 967 1903 954 1904 967 1904 968 1904 954 1905 968 1905 969 1905 954 1906 969 1906 970 1906 954 1907 970 1907 971 1907 954 1908 971 1908 972 1908 954 1909 972 1909 973 1909 954 1910 973 1910 974 1910 954 1911 974 1911 975 1911 954 1912 975 1912 976 1912 954 1913 976 1913 977 1913 954 1914 977 1914 978 1914 954 1915 978 1915 979 1915 954 1916 979 1916 980 1916 954 1917 980 1917 981 1917 954 1918 981 1918 982 1918 954 1919 982 1919 983 1919 954 1920 983 1920 984 1920 954 1921 984 1921 985 1921 954 1922 985 1922 986 1922 954 1923 986 1923 987 1923 954 1924 987 1924 988 1924 954 1925 988 1925 989 1925 954 1926 989 1926 990 1926 954 1927 990 1927 991 1927 954 1928 991 1928 992 1928 954 1929 992 1929 993 1929 954 1930 993 1930 994 1930 954 1931 994 1931 995 1931 954 1932 995 1932 996 1932 954 1933 996 1933 997 1933 954 1934 997 1934 998 1934 954 1935 998 1935 999 1935 954 1936 999 1936 955 1936 955 1937 999 1937 1000 1937 955 1938 1000 1938 956 1938 956 1939 1000 1939 1001 1939 956 1940 1001 1940 1002 1940 956 1941 1002 1941 1003 1941 956 1942 1003 1942 1004 1942 956 1943 1004 1943 1005 1943 956 1944 1005 1944 1006 1944 956 1945 1006 1945 1007 1945 956 1946 1007 1946 1008 1946 956 1947 1008 1947 1009 1947 956 1948 1009 1948 1010 1948 956 1949 1010 1949 1011 1949 956 1950 1011 1950 1012 1950 956 1951 1012 1951 1013 1951 956 1952 1013 1952 1014 1952 956 1953 1014 1953 1015 1953 956 1954 1015 1954 1016 1954 956 1955 1016 1955 1017 1955 956 1956 1017 1956 1018 1956 956 1957 1018 1957 1019 1957 956 1958 1019 1958 1020 1958 956 1959 1020 1959 1021 1959 956 1960 1021 1960 1022 1960 956 1961 1022 1961 1023 1961 956 1962 1023 1962 1024 1962 956 1963 1024 1963 1025 1963 956 1964 1025 1964 1026 1964 956 1965 1026 1965 1027 1965 956 1966 1027 1966 1028 1966 956 1967 1028 1967 1029 1967 956 1968 1029 1968 1030 1968 956 1969 1030 1969 1031 1969 956 1970 1031 1970 1032 1970 956 1971 1032 1971 1033 1971 956 1972 1033 1972 1034 1972 956 1973 1034 1973 1035 1973 956 1974 1035 1974 959 1974 956 1975 959 1975 958 1975 956 1976 958 1976 957 1976 959 1977 1035 1977 961 1977 959 1978 961 1978 960 1978 980 1979 979 1979 1036 1979 980 1980 1036 1980 981 1980 999 1981 1002 1981 1001 1981 999 1982 1001 1982 1000 1982 999 1983 998 1983 1002 1983 1035 1984 1034 1984 966 1984 1035 1985 966 1985 965 1985 1035 1986 965 1986 964 1986 1035 1987 964 1987 963 1987 1035 1988 963 1988 962 1988 1035 1989 962 1989 961 1989 979 1990 978 1990 1036 1990 1036 1991 1037 1991 1038 1991 1036 1992 1038 1992 982 1992 1036 1993 982 1993 981 1993 1036 1994 978 1994 1037 1994 1002 1995 998 1995 997 1995 1002 1996 997 1996 1003 1996 1034 1997 1033 1997 969 1997 1034 1998 969 1998 968 1998 1034 1999 968 1999 967 1999 1034 2000 967 2000 966 2000 978 2001 977 2001 1037 2001 1037 2002 1021 2002 1020 2002 1037 2003 1020 2003 1038 2003 1037 2004 977 2004 976 2004 1037 2005 976 2005 975 2005 1037 2006 975 2006 974 2006 1037 2007 974 2007 1022 2007 1037 2008 1022 2008 1021 2008 1038 2009 984 2009 983 2009 1038 2010 983 2010 982 2010 1038 2011 1020 2011 984 2011 1003 2012 997 2012 996 2012 1003 2013 996 2013 1039 2013 1003 2014 1039 2014 1004 2014 1033 2015 1032 2015 969 2015 969 2016 1032 2016 1031 2016 969 2017 1031 2017 970 2017 1020 2018 1019 2018 985 2018 1020 2019 985 2019 984 2019 974 2020 973 2020 1023 2020 974 2021 1023 2021 1022 2021 996 2022 995 2022 1039 2022 1039 2023 995 2023 1040 2023 1039 2024 1040 2024 1004 2024 1004 2025 1040 2025 1005 2025 970 2026 1031 2026 971 2026 1031 2027 1030 2027 971 2027 1019 2028 1018 2028 985 2028 985 2029 1018 2029 1017 2029 985 2030 1017 2030 1016 2030 985 2031 1016 2031 986 2031 973 2032 972 2032 1023 2032 1023 2033 972 2033 1024 2033 995 2034 994 2034 1040 2034 1040 2035 1006 2035 1005 2035 1040 2036 994 2036 993 2036 1040 2037 993 2037 992 2037 1040 2038 992 2038 991 2038 1040 2039 991 2039 990 2039 1040 2040 990 2040 1041 2040 1040 2041 1041 2041 1009 2041 1040 2042 1009 2042 1008 2042 1040 2043 1008 2043 1007 2043 1040 2044 1007 2044 1006 2044 971 2045 1030 2045 1029 2045 971 2046 1029 2046 1028 2046 971 2047 1028 2047 1027 2047 971 2048 1027 2048 1026 2048 971 2049 1026 2049 972 2049 986 2050 1016 2050 987 2050 1016 2051 1015 2051 987 2051 972 2052 1026 2052 1025 2052 972 2053 1025 2053 1024 2053 1041 2054 990 2054 989 2054 1041 2055 989 2055 1012 2055 1041 2056 1012 2056 1011 2056 1041 2057 1011 2057 1010 2057 1041 2058 1010 2058 1009 2058 987 2059 1042 2059 988 2059 987 2060 1015 2060 1014 2060 987 2061 1014 2061 1042 2061 989 2062 988 2062 1043 2062 989 2063 1043 2063 1012 2063 1012 2064 1043 2064 1042 2064 1012 2065 1042 2065 1013 2065 1042 2066 1043 2066 988 2066 1042 2067 1014 2067 1013 2067 1044 2068 1045 2068 1046 2068 1044 2069 1046 2069 1047 2069 1044 2070 1047 2070 1048 2070 1044 2071 1048 2071 1049 2071 1044 2072 1049 2072 1050 2072 1044 2073 1050 2073 1051 2073 1044 2074 1051 2074 1052 2074 1044 2075 1052 2075 1053 2075 1044 2076 1053 2076 1054 2076 1044 2077 1054 2077 1055 2077 1044 2078 1055 2078 1056 2078 1044 2079 1056 2079 1057 2079 1044 2080 1057 2080 1058 2080 1044 2081 1058 2081 1059 2081 1044 2082 1059 2082 1060 2082 1044 2083 1060 2083 1061 2083 1044 2084 1061 2084 1062 2084 1044 2085 1062 2085 1063 2085 1044 2086 1063 2086 1064 2086 1044 2087 1064 2087 1065 2087 1044 2088 1065 2088 1066 2088 1044 2089 1066 2089 1067 2089 1044 2090 1067 2090 1068 2090 1044 2091 1068 2091 1069 2091 1044 2092 1069 2092 1070 2092 1044 2093 1070 2093 1071 2093 1044 2094 1071 2094 1072 2094 1044 2095 1072 2095 1073 2095 1044 2096 1073 2096 1074 2096 1044 2097 1074 2097 1075 2097 1044 2098 1075 2098 1076 2098 1044 2099 1076 2099 1077 2099 1044 2100 1077 2100 1078 2100 1044 2101 1078 2101 1079 2101 1044 2102 1079 2102 1080 2102 1044 2103 1080 2103 1081 2103 1044 2104 1081 2104 1082 2104 1044 2105 1082 2105 1083 2105 1044 2106 1083 2106 1084 2106 1044 2107 1084 2107 1085 2107 1044 2108 1085 2108 1086 2108 1044 2109 1086 2109 1087 2109 1044 2110 1087 2110 1088 2110 1044 2111 1088 2111 1089 2111 1044 2112 1089 2112 1090 2112 1044 2113 1090 2113 1091 2113 1044 2114 1091 2114 1092 2114 1044 2115 1092 2115 1093 2115 1044 2116 1093 2116 1094 2116 1044 2117 1094 2117 1095 2117 1044 2118 1095 2118 1096 2118 1044 2119 1096 2119 1097 2119 1044 2120 1097 2120 1098 2120 1044 2121 1098 2121 1099 2121 1044 2122 1099 2122 1100 2122 1044 2123 1100 2123 1101 2123 1044 2124 1101 2124 1102 2124 1044 2125 1102 2125 1103 2125 1044 2126 1103 2126 1104 2126 1044 2127 1104 2127 1105 2127 1044 2128 1105 2128 1106 2128 1044 2129 1106 2129 1107 2129 1044 2130 1107 2130 1108 2130 1044 2131 1108 2131 1109 2131 1044 2132 1109 2132 1110 2132 1044 2133 1110 2133 1111 2133 1044 2134 1111 2134 1112 2134 1044 2135 1112 2135 1113 2135 1044 2136 1113 2136 1114 2136 1044 2137 1114 2137 1115 2137 1044 2138 1115 2138 1045 2138 1045 2139 1115 2139 1116 2139 1045 2140 1116 2140 1046 2140 1046 2141 1117 2141 1047 2141 1046 2142 1116 2142 1118 2142 1046 2143 1118 2143 1119 2143 1046 2144 1119 2144 1117 2144 1047 2145 1120 2145 1121 2145 1047 2146 1121 2146 1048 2146 1047 2147 1117 2147 1120 2147 1048 2148 1121 2148 1122 2148 1048 2149 1122 2149 1123 2149 1048 2150 1123 2150 1124 2150 1048 2151 1124 2151 1125 2151 1048 2152 1125 2152 1126 2152 1048 2153 1126 2153 1052 2153 1048 2154 1052 2154 1051 2154 1048 2155 1051 2155 1050 2155 1048 2156 1050 2156 1049 2156 1115 2157 1114 2157 1116 2157 1116 2158 1114 2158 1113 2158 1116 2159 1113 2159 1127 2159 1116 2160 1127 2160 1128 2160 1116 2161 1128 2161 1129 2161 1116 2162 1129 2162 1118 2162 1117 2163 1119 2163 1118 2163 1117 2164 1118 2164 1130 2164 1117 2165 1130 2165 1131 2165 1117 2166 1131 2166 1120 2166 1118 2167 1129 2167 1130 2167 1120 2168 1131 2168 1132 2168 1120 2169 1132 2169 1133 2169 1120 2170 1133 2170 1134 2170 1120 2171 1134 2171 1135 2171 1120 2172 1135 2172 1122 2172 1120 2173 1122 2173 1121 2173 1122 2174 1135 2174 1123 2174 1123 2175 1135 2175 1136 2175 1123 2176 1136 2176 1124 2176 1124 2177 1136 2177 1137 2177 1124 2178 1137 2178 1138 2178 1124 2179 1138 2179 1125 2179 1125 2180 1054 2180 1053 2180 1125 2181 1053 2181 1052 2181 1125 2182 1052 2182 1126 2182 1125 2183 1138 2183 1139 2183 1125 2184 1139 2184 1055 2184 1125 2185 1055 2185 1054 2185 1113 2186 1112 2186 1127 2186 1127 2187 1112 2187 1111 2187 1127 2188 1111 2188 1140 2188 1127 2189 1140 2189 1141 2189 1127 2190 1141 2190 1128 2190 1128 2191 1141 2191 1142 2191 1128 2192 1142 2192 1143 2192 1128 2193 1143 2193 1129 2193 1129 2194 1143 2194 1130 2194 1130 2195 1143 2195 1144 2195 1130 2196 1144 2196 1131 2196 1131 2197 1144 2197 1145 2197 1131 2198 1145 2198 1132 2198 1132 2199 1146 2199 1147 2199 1132 2200 1147 2200 1148 2200 1132 2201 1148 2201 1149 2201 1132 2202 1149 2202 1133 2202 1132 2203 1145 2203 1146 2203 1133 2204 1150 2204 1151 2204 1133 2205 1151 2205 1152 2205 1133 2206 1152 2206 1153 2206 1133 2207 1153 2207 1134 2207 1133 2208 1149 2208 1150 2208 1134 2209 1153 2209 1154 2209 1134 2210 1154 2210 1135 2210 1135 2211 1154 2211 1136 2211 1136 2212 1154 2212 1155 2212 1136 2213 1155 2213 1137 2213 1137 2214 1155 2214 1138 2214 1138 2215 1155 2215 1156 2215 1138 2216 1156 2216 1139 2216 1139 2217 1156 2217 1157 2217 1139 2218 1157 2218 1056 2218 1139 2219 1056 2219 1055 2219 1111 2220 1110 2220 1140 2220 1140 2221 1110 2221 1109 2221 1140 2222 1109 2222 1158 2222 1140 2223 1158 2223 1141 2223 1141 2224 1158 2224 1159 2224 1141 2225 1159 2225 1160 2225 1141 2226 1160 2226 1142 2226 1142 2227 1160 2227 1143 2227 1143 2228 1160 2228 1144 2228 1144 2229 1160 2229 1161 2229 1144 2230 1161 2230 1162 2230 1144 2231 1162 2231 1163 2231 1144 2232 1163 2232 1145 2232 1145 2233 1163 2233 1164 2233 1145 2234 1164 2234 1146 2234 1146 2235 1164 2235 1165 2235 1146 2236 1165 2236 1166 2236 1146 2237 1166 2237 1167 2237 1146 2238 1167 2238 1168 2238 1146 2239 1168 2239 1169 2239 1146 2240 1169 2240 1170 2240 1146 2241 1170 2241 1171 2241 1146 2242 1171 2242 1172 2242 1146 2243 1172 2243 1173 2243 1146 2244 1173 2244 1174 2244 1146 2245 1174 2245 1175 2245 1146 2246 1175 2246 1176 2246 1146 2247 1176 2247 1177 2247 1146 2248 1177 2248 1178 2248 1146 2249 1178 2249 1179 2249 1146 2250 1179 2250 1180 2250 1146 2251 1180 2251 1181 2251 1146 2252 1181 2252 1182 2252 1146 2253 1182 2253 1183 2253 1146 2254 1183 2254 1184 2254 1146 2255 1184 2255 1185 2255 1146 2256 1185 2256 1186 2256 1146 2257 1186 2257 1187 2257 1146 2258 1187 2258 1188 2258 1146 2259 1188 2259 1189 2259 1146 2260 1189 2260 1190 2260 1146 2261 1190 2261 1191 2261 1146 2262 1191 2262 1192 2262 1146 2263 1192 2263 1193 2263 1146 2264 1193 2264 1194 2264 1146 2265 1194 2265 1195 2265 1146 2266 1195 2266 1196 2266 1146 2267 1196 2267 1197 2267 1146 2268 1197 2268 1198 2268 1146 2269 1198 2269 1199 2269 1146 2270 1199 2270 1200 2270 1146 2271 1200 2271 1201 2271 1146 2272 1201 2272 1202 2272 1146 2273 1202 2273 1203 2273 1146 2274 1203 2274 1204 2274 1146 2275 1204 2275 1205 2275 1146 2276 1205 2276 1206 2276 1146 2277 1206 2277 1207 2277 1146 2278 1207 2278 1208 2278 1146 2279 1208 2279 1209 2279 1146 2280 1209 2280 1210 2280 1146 2281 1210 2281 1211 2281 1146 2282 1211 2282 1212 2282 1146 2283 1212 2283 1213 2283 1146 2284 1213 2284 1214 2284 1146 2285 1214 2285 1215 2285 1146 2286 1215 2286 1216 2286 1146 2287 1216 2287 1217 2287 1146 2288 1217 2288 1218 2288 1146 2289 1218 2289 1219 2289 1146 2290 1219 2290 1152 2290 1146 2291 1152 2291 1151 2291 1146 2292 1151 2292 1150 2292 1146 2293 1150 2293 1149 2293 1146 2294 1149 2294 1148 2294 1146 2295 1148 2295 1147 2295 1152 2296 1219 2296 1153 2296 1153 2297 1220 2297 1154 2297 1153 2298 1219 2298 1220 2298 1154 2299 1220 2299 1221 2299 1154 2300 1221 2300 1222 2300 1154 2301 1222 2301 1155 2301 1155 2302 1222 2302 1223 2302 1155 2303 1223 2303 1156 2303 1156 2304 1223 2304 1157 2304 1157 2305 1223 2305 1224 2305 1157 2306 1224 2306 1057 2306 1157 2307 1057 2307 1056 2307 1109 2308 1108 2308 1158 2308 1158 2309 1108 2309 1225 2309 1158 2310 1225 2310 1226 2310 1158 2311 1226 2311 1159 2311 1159 2312 1226 2312 1160 2312 1160 2313 1226 2313 1161 2313 1161 2314 1226 2314 1162 2314 1162 2315 1227 2315 1228 2315 1162 2316 1228 2316 1229 2316 1162 2317 1229 2317 1230 2317 1162 2318 1230 2318 1231 2318 1162 2319 1231 2319 1163 2319 1162 2320 1226 2320 1227 2320 1163 2321 1169 2321 1168 2321 1163 2322 1168 2322 1167 2322 1163 2323 1167 2323 1166 2323 1163 2324 1166 2324 1165 2324 1163 2325 1165 2325 1164 2325 1163 2326 1231 2326 1169 2326 1219 2327 1218 2327 1220 2327 1220 2328 1218 2328 1217 2328 1220 2329 1217 2329 1216 2329 1220 2330 1216 2330 1232 2330 1220 2331 1232 2331 1221 2331 1221 2332 1233 2332 1234 2332 1221 2333 1234 2333 1235 2333 1221 2334 1235 2334 1236 2334 1221 2335 1236 2335 1223 2335 1221 2336 1223 2336 1222 2336 1221 2337 1232 2337 1233 2337 1223 2338 1236 2338 1224 2338 1224 2339 1236 2339 1237 2339 1224 2340 1237 2340 1057 2340 1057 2341 1237 2341 1058 2341 1108 2342 1107 2342 1238 2342 1108 2343 1238 2343 1225 2343 1225 2344 1227 2344 1226 2344 1225 2345 1238 2345 1239 2345 1225 2346 1239 2346 1227 2346 1227 2347 1239 2347 1240 2347 1227 2348 1240 2348 1241 2348 1227 2349 1241 2349 1228 2349 1228 2350 1241 2350 1242 2350 1228 2351 1242 2351 1229 2351 1229 2352 1242 2352 1243 2352 1229 2353 1243 2353 1230 2353 1230 2354 1243 2354 1173 2354 1230 2355 1173 2355 1172 2355 1230 2356 1172 2356 1171 2356 1230 2357 1171 2357 1170 2357 1230 2358 1170 2358 1169 2358 1230 2359 1169 2359 1231 2359 1216 2360 1215 2360 1233 2360 1216 2361 1233 2361 1232 2361 1233 2362 1244 2362 1234 2362 1233 2363 1215 2363 1214 2363 1233 2364 1214 2364 1213 2364 1233 2365 1213 2365 1212 2365 1233 2366 1212 2366 1244 2366 1234 2367 1244 2367 1245 2367 1234 2368 1245 2368 1246 2368 1234 2369 1246 2369 1235 2369 1235 2370 1246 2370 1247 2370 1235 2371 1247 2371 1236 2371 1236 2372 1247 2372 1248 2372 1236 2373 1248 2373 1237 2373 1237 2374 1248 2374 1249 2374 1237 2375 1249 2375 1058 2375 1058 2376 1249 2376 1059 2376 1107 2377 1106 2377 1238 2377 1238 2378 1250 2378 1251 2378 1238 2379 1251 2379 1252 2379 1238 2380 1252 2380 1240 2380 1238 2381 1240 2381 1239 2381 1238 2382 1106 2382 1250 2382 1240 2383 1252 2383 1253 2383 1240 2384 1253 2384 1241 2384 1241 2385 1253 2385 1254 2385 1241 2386 1254 2386 1242 2386 1242 2387 1255 2387 1256 2387 1242 2388 1256 2388 1257 2388 1242 2389 1257 2389 1258 2389 1242 2390 1258 2390 1259 2390 1242 2391 1259 2391 1260 2391 1242 2392 1260 2392 1261 2392 1242 2393 1261 2393 1262 2393 1242 2394 1262 2394 1263 2394 1242 2395 1263 2395 1264 2395 1242 2396 1264 2396 1243 2396 1242 2397 1254 2397 1255 2397 1243 2398 1264 2398 1263 2398 1243 2399 1263 2399 1174 2399 1243 2400 1174 2400 1173 2400 1244 2401 1265 2401 1266 2401 1244 2402 1266 2402 1267 2402 1244 2403 1267 2403 1245 2403 1244 2404 1212 2404 1211 2404 1244 2405 1211 2405 1210 2405 1244 2406 1210 2406 1209 2406 1244 2407 1209 2407 1265 2407 1245 2408 1267 2408 1246 2408 1246 2409 1267 2409 1268 2409 1246 2410 1268 2410 1269 2410 1246 2411 1269 2411 1270 2411 1246 2412 1270 2412 1271 2412 1246 2413 1271 2413 1247 2413 1247 2414 1271 2414 1272 2414 1247 2415 1272 2415 1248 2415 1248 2416 1272 2416 1249 2416 1249 2417 1272 2417 1273 2417 1249 2418 1273 2418 1060 2418 1249 2419 1060 2419 1059 2419 1106 2420 1105 2420 1258 2420 1106 2421 1258 2421 1257 2421 1106 2422 1257 2422 1274 2422 1106 2423 1274 2423 1251 2423 1106 2424 1251 2424 1250 2424 1251 2425 1274 2425 1252 2425 1252 2426 1274 2426 1257 2426 1252 2427 1257 2427 1275 2427 1252 2428 1275 2428 1253 2428 1253 2429 1275 2429 1256 2429 1253 2430 1256 2430 1254 2430 1254 2431 1256 2431 1255 2431 1262 2432 1261 2432 1276 2432 1262 2433 1276 2433 1263 2433 1263 2434 1276 2434 1176 2434 1263 2435 1176 2435 1175 2435 1263 2436 1175 2436 1174 2436 1265 2437 1209 2437 1208 2437 1265 2438 1208 2438 1207 2438 1265 2439 1207 2439 1206 2439 1265 2440 1206 2440 1205 2440 1265 2441 1205 2441 1277 2441 1265 2442 1277 2442 1278 2442 1265 2443 1278 2443 1266 2443 1266 2444 1278 2444 1279 2444 1266 2445 1279 2445 1280 2445 1266 2446 1280 2446 1267 2446 1267 2447 1280 2447 1281 2447 1267 2448 1281 2448 1268 2448 1268 2449 1281 2449 1282 2449 1268 2450 1282 2450 1269 2450 1269 2451 1282 2451 1270 2451 1270 2452 1273 2452 1272 2452 1270 2453 1272 2453 1271 2453 1270 2454 1282 2454 1283 2454 1270 2455 1283 2455 1284 2455 1270 2456 1284 2456 1273 2456 1273 2457 1284 2457 1060 2457 1060 2458 1284 2458 1061 2458 1105 2459 1104 2459 1285 2459 1105 2460 1285 2460 1258 2460 1257 2461 1256 2461 1275 2461 1261 2462 1260 2462 1286 2462 1261 2463 1286 2463 1287 2463 1261 2464 1287 2464 1288 2464 1261 2465 1288 2465 1276 2465 1276 2466 1288 2466 1179 2466 1276 2467 1179 2467 1178 2467 1276 2468 1178 2468 1177 2468 1276 2469 1177 2469 1176 2469 1205 2470 1204 2470 1277 2470 1277 2471 1289 2471 1278 2471 1277 2472 1204 2472 1290 2472 1277 2473 1290 2473 1291 2473 1277 2474 1291 2474 1289 2474 1278 2475 1292 2475 1293 2475 1278 2476 1293 2476 1279 2476 1278 2477 1289 2477 1292 2477 1279 2478 1293 2478 1294 2478 1279 2479 1294 2479 1280 2479 1280 2480 1295 2480 1281 2480 1280 2481 1294 2481 1295 2481 1281 2482 1295 2482 1296 2482 1281 2483 1296 2483 1282 2483 1282 2484 1296 2484 1064 2484 1282 2485 1064 2485 1063 2485 1282 2486 1063 2486 1283 2486 1283 2487 1063 2487 1284 2487 1284 2488 1063 2488 1062 2488 1284 2489 1062 2489 1061 2489 1104 2490 1103 2490 1297 2490 1104 2491 1297 2491 1298 2491 1104 2492 1298 2492 1285 2492 1285 2493 1298 2493 1258 2493 1258 2494 1299 2494 1300 2494 1258 2495 1300 2495 1301 2495 1258 2496 1301 2496 1259 2496 1258 2497 1298 2497 1299 2497 1260 2498 1259 2498 1286 2498 1286 2499 1259 2499 1300 2499 1286 2500 1300 2500 1299 2500 1286 2501 1299 2501 1302 2501 1286 2502 1302 2502 1287 2502 1287 2503 1303 2503 1304 2503 1287 2504 1304 2504 1288 2504 1287 2505 1302 2505 1305 2505 1287 2506 1305 2506 1306 2506 1287 2507 1306 2507 1303 2507 1288 2508 1304 2508 1307 2508 1288 2509 1307 2509 1308 2509 1288 2510 1308 2510 1183 2510 1288 2511 1183 2511 1182 2511 1288 2512 1182 2512 1181 2512 1288 2513 1181 2513 1180 2513 1288 2514 1180 2514 1179 2514 1204 2515 1203 2515 1290 2515 1289 2516 1291 2516 1309 2516 1289 2517 1309 2517 1310 2517 1289 2518 1310 2518 1292 2518 1290 2519 1311 2519 1291 2519 1290 2520 1203 2520 1202 2520 1290 2521 1202 2521 1201 2521 1290 2522 1201 2522 1200 2522 1290 2523 1200 2523 1199 2523 1290 2524 1199 2524 1312 2524 1290 2525 1312 2525 1311 2525 1291 2526 1311 2526 1309 2526 1292 2527 1313 2527 1314 2527 1292 2528 1314 2528 1315 2528 1292 2529 1315 2529 1293 2529 1292 2530 1310 2530 1313 2530 1293 2531 1315 2531 1316 2531 1293 2532 1316 2532 1294 2532 1294 2533 1316 2533 1317 2533 1294 2534 1317 2534 1295 2534 1295 2535 1317 2535 1068 2535 1295 2536 1068 2536 1067 2536 1295 2537 1067 2537 1066 2537 1295 2538 1066 2538 1065 2538 1295 2539 1065 2539 1296 2539 1296 2540 1065 2540 1064 2540 1103 2541 1102 2541 1318 2541 1103 2542 1318 2542 1297 2542 1297 2543 1318 2543 1319 2543 1297 2544 1319 2544 1320 2544 1297 2545 1320 2545 1321 2545 1297 2546 1321 2546 1322 2546 1297 2547 1322 2547 1298 2547 1298 2548 1323 2548 1299 2548 1298 2549 1322 2549 1324 2549 1298 2550 1324 2550 1323 2550 1299 2551 1323 2551 1302 2551 1300 2552 1259 2552 1301 2552 1302 2553 1323 2553 1325 2553 1302 2554 1325 2554 1305 2554 1303 2555 1306 2555 1304 2555 1304 2556 1306 2556 1326 2556 1304 2557 1326 2557 1307 2557 1305 2558 1325 2558 1306 2558 1306 2559 1325 2559 1321 2559 1306 2560 1321 2560 1326 2560 1307 2561 1326 2561 1327 2561 1307 2562 1327 2562 1308 2562 1308 2563 1328 2563 1329 2563 1308 2564 1329 2564 1330 2564 1308 2565 1330 2565 1189 2565 1308 2566 1189 2566 1188 2566 1308 2567 1188 2567 1187 2567 1308 2568 1187 2568 1186 2568 1308 2569 1186 2569 1185 2569 1308 2570 1185 2570 1184 2570 1308 2571 1184 2571 1183 2571 1308 2572 1327 2572 1328 2572 1309 2573 1311 2573 1331 2573 1309 2574 1331 2574 1332 2574 1309 2575 1332 2575 1310 2575 1310 2576 1332 2576 1333 2576 1310 2577 1333 2577 1313 2577 1311 2578 1334 2578 1331 2578 1311 2579 1312 2579 1335 2579 1311 2580 1335 2580 1336 2580 1311 2581 1336 2581 1337 2581 1311 2582 1337 2582 1334 2582 1199 2583 1198 2583 1338 2583 1199 2584 1338 2584 1312 2584 1312 2585 1338 2585 1339 2585 1312 2586 1339 2586 1335 2586 1313 2587 1340 2587 1314 2587 1313 2588 1333 2588 1340 2588 1314 2589 1340 2589 1341 2589 1314 2590 1341 2590 1315 2590 1315 2591 1341 2591 1316 2591 1316 2592 1070 2592 1069 2592 1316 2593 1069 2593 1317 2593 1316 2594 1341 2594 1070 2594 1317 2595 1069 2595 1068 2595 1102 2596 1101 2596 1318 2596 1318 2597 1342 2597 1319 2597 1318 2598 1101 2598 1343 2598 1318 2599 1343 2599 1344 2599 1318 2600 1344 2600 1342 2600 1319 2601 1342 2601 1345 2601 1319 2602 1345 2602 1320 2602 1320 2603 1345 2603 1326 2603 1320 2604 1326 2604 1321 2604 1321 2605 1325 2605 1324 2605 1321 2606 1324 2606 1322 2606 1323 2607 1324 2607 1325 2607 1326 2608 1345 2608 1346 2608 1326 2609 1346 2609 1328 2609 1326 2610 1328 2610 1327 2610 1328 2611 1346 2611 1329 2611 1329 2612 1346 2612 1347 2612 1329 2613 1347 2613 1348 2613 1329 2614 1348 2614 1330 2614 1330 2615 1348 2615 1349 2615 1330 2616 1349 2616 1350 2616 1330 2617 1350 2617 1351 2617 1330 2618 1351 2618 1194 2618 1330 2619 1194 2619 1193 2619 1330 2620 1193 2620 1192 2620 1330 2621 1192 2621 1191 2621 1330 2622 1191 2622 1190 2622 1330 2623 1190 2623 1189 2623 1331 2624 1334 2624 1352 2624 1331 2625 1352 2625 1353 2625 1331 2626 1353 2626 1332 2626 1332 2627 1353 2627 1354 2627 1332 2628 1354 2628 1333 2628 1333 2629 1354 2629 1340 2629 1334 2630 1337 2630 1355 2630 1334 2631 1355 2631 1356 2631 1334 2632 1356 2632 1352 2632 1335 2633 1339 2633 1336 2633 1336 2634 1339 2634 1357 2634 1336 2635 1357 2635 1358 2635 1336 2636 1358 2636 1359 2636 1336 2637 1359 2637 1360 2637 1336 2638 1360 2638 1337 2638 1337 2639 1360 2639 1355 2639 1198 2640 1351 2640 1338 2640 1198 2641 1197 2641 1351 2641 1338 2642 1351 2642 1339 2642 1339 2643 1351 2643 1350 2643 1339 2644 1350 2644 1361 2644 1339 2645 1361 2645 1357 2645 1340 2646 1077 2646 1076 2646 1340 2647 1076 2647 1075 2647 1340 2648 1075 2648 1074 2648 1340 2649 1074 2649 1341 2649 1340 2650 1354 2650 1077 2650 1341 2651 1074 2651 1073 2651 1341 2652 1073 2652 1072 2652 1341 2653 1072 2653 1071 2653 1341 2654 1071 2654 1070 2654 1101 2655 1100 2655 1343 2655 1342 2656 1344 2656 1346 2656 1342 2657 1346 2657 1345 2657 1343 2658 1100 2658 1362 2658 1343 2659 1362 2659 1363 2659 1343 2660 1363 2660 1364 2660 1343 2661 1364 2661 1344 2661 1344 2662 1364 2662 1346 2662 1346 2663 1364 2663 1347 2663 1347 2664 1363 2664 1365 2664 1347 2665 1365 2665 1348 2665 1347 2666 1364 2666 1363 2666 1348 2667 1365 2667 1366 2667 1348 2668 1366 2668 1349 2668 1349 2669 1366 2669 1367 2669 1349 2670 1367 2670 1350 2670 1350 2671 1367 2671 1361 2671 1351 2672 1197 2672 1196 2672 1351 2673 1196 2673 1195 2673 1351 2674 1195 2674 1194 2674 1352 2675 1085 2675 1084 2675 1352 2676 1084 2676 1083 2676 1352 2677 1083 2677 1353 2677 1352 2678 1356 2678 1085 2678 1353 2679 1083 2679 1082 2679 1353 2680 1082 2680 1354 2680 1354 2681 1081 2681 1080 2681 1354 2682 1080 2682 1079 2682 1354 2683 1079 2683 1078 2683 1354 2684 1078 2684 1077 2684 1354 2685 1082 2685 1081 2685 1355 2686 1360 2686 1368 2686 1355 2687 1368 2687 1356 2687 1356 2688 1088 2688 1087 2688 1356 2689 1087 2689 1086 2689 1356 2690 1086 2690 1085 2690 1356 2691 1368 2691 1089 2691 1356 2692 1089 2692 1088 2692 1357 2693 1361 2693 1369 2693 1357 2694 1369 2694 1370 2694 1357 2695 1370 2695 1358 2695 1358 2696 1370 2696 1359 2696 1359 2697 1368 2697 1360 2697 1359 2698 1370 2698 1371 2698 1359 2699 1371 2699 1372 2699 1359 2700 1372 2700 1368 2700 1361 2701 1367 2701 1369 2701 1100 2702 1099 2702 1362 2702 1362 2703 1099 2703 1373 2703 1362 2704 1373 2704 1365 2704 1362 2705 1365 2705 1363 2705 1365 2706 1373 2706 1366 2706 1366 2707 1373 2707 1374 2707 1366 2708 1374 2708 1367 2708 1367 2709 1374 2709 1369 2709 1368 2710 1091 2710 1090 2710 1368 2711 1090 2711 1089 2711 1368 2712 1372 2712 1091 2712 1369 2713 1374 2713 1375 2713 1369 2714 1375 2714 1370 2714 1370 2715 1375 2715 1371 2715 1371 2716 1375 2716 1094 2716 1371 2717 1094 2717 1372 2717 1372 2718 1094 2718 1093 2718 1372 2719 1093 2719 1092 2719 1372 2720 1092 2720 1091 2720 1099 2721 1098 2721 1373 2721 1373 2722 1098 2722 1374 2722 1374 2723 1098 2723 1097 2723 1374 2724 1097 2724 1096 2724 1374 2725 1096 2725 1375 2725 1375 2726 1096 2726 1095 2726 1375 2727 1095 2727 1094 2727 1376 2728 1377 2728 1378 2728 1376 2729 1378 2729 1379 2729 1376 2730 1379 2730 1380 2730 1376 2731 1380 2731 1381 2731 1376 2732 1381 2732 1382 2732 1376 2733 1382 2733 1383 2733 1376 2734 1383 2734 1384 2734 1376 2735 1384 2735 1385 2735 1376 2736 1385 2736 1386 2736 1376 2737 1386 2737 1387 2737 1376 2738 1387 2738 1388 2738 1376 2739 1388 2739 1389 2739 1376 2740 1389 2740 1390 2740 1376 2741 1390 2741 1391 2741 1376 2742 1391 2742 1392 2742 1376 2743 1392 2743 1393 2743 1376 2744 1393 2744 1394 2744 1376 2745 1394 2745 1395 2745 1376 2746 1395 2746 1396 2746 1376 2747 1396 2747 1397 2747 1376 2748 1397 2748 1398 2748 1376 2749 1398 2749 1399 2749 1376 2750 1399 2750 1400 2750 1376 2751 1400 2751 1401 2751 1376 2752 1401 2752 1402 2752 1376 2753 1402 2753 1403 2753 1376 2754 1403 2754 1404 2754 1376 2755 1404 2755 1405 2755 1376 2756 1405 2756 1406 2756 1376 2757 1406 2757 1407 2757 1376 2758 1407 2758 1408 2758 1376 2759 1408 2759 1409 2759 1376 2760 1409 2760 1410 2760 1376 2761 1410 2761 1411 2761 1376 2762 1411 2762 1412 2762 1376 2763 1412 2763 1413 2763 1376 2764 1413 2764 1414 2764 1376 2765 1414 2765 1415 2765 1376 2766 1415 2766 1416 2766 1376 2767 1416 2767 1417 2767 1376 2768 1417 2768 1418 2768 1376 2769 1418 2769 1419 2769 1376 2770 1419 2770 1420 2770 1376 2771 1420 2771 1421 2771 1376 2772 1421 2772 1422 2772 1376 2773 1422 2773 1423 2773 1376 2774 1423 2774 1424 2774 1376 2775 1424 2775 1425 2775 1376 2776 1425 2776 1426 2776 1376 2777 1426 2777 1427 2777 1376 2778 1427 2778 1428 2778 1376 2779 1428 2779 1429 2779 1376 2780 1429 2780 1430 2780 1376 2781 1430 2781 1431 2781 1376 2782 1431 2782 1432 2782 1376 2783 1432 2783 1433 2783 1376 2784 1433 2784 1434 2784 1376 2785 1434 2785 1435 2785 1376 2786 1435 2786 1377 2786 1377 2787 1435 2787 1436 2787 1377 2788 1436 2788 1437 2788 1377 2789 1437 2789 1438 2789 1377 2790 1438 2790 1378 2790 1378 2791 1438 2791 1379 2791 1401 2792 1400 2792 1439 2792 1401 2793 1439 2793 1402 2793 1435 2794 1434 2794 1440 2794 1435 2795 1440 2795 1436 2795 1436 2796 1440 2796 1441 2796 1436 2797 1441 2797 1442 2797 1436 2798 1442 2798 1438 2798 1436 2799 1438 2799 1437 2799 1438 2800 1442 2800 1379 2800 1379 2801 1442 2801 1380 2801 1400 2802 1399 2802 1443 2802 1400 2803 1443 2803 1444 2803 1400 2804 1444 2804 1439 2804 1439 2805 1444 2805 1445 2805 1439 2806 1445 2806 1446 2806 1439 2807 1446 2807 1447 2807 1439 2808 1447 2808 1404 2808 1439 2809 1404 2809 1403 2809 1439 2810 1403 2810 1402 2810 1434 2811 1433 2811 1448 2811 1434 2812 1448 2812 1440 2812 1440 2813 1448 2813 1449 2813 1440 2814 1449 2814 1441 2814 1441 2815 1450 2815 1442 2815 1441 2816 1449 2816 1451 2816 1441 2817 1451 2817 1450 2817 1442 2818 1452 2818 1453 2818 1442 2819 1453 2819 1454 2819 1442 2820 1454 2820 1380 2820 1442 2821 1450 2821 1452 2821 1380 2822 1454 2822 1381 2822 1399 2823 1398 2823 1443 2823 1443 2824 1398 2824 1397 2824 1443 2825 1397 2825 1455 2825 1443 2826 1455 2826 1456 2826 1443 2827 1456 2827 1457 2827 1443 2828 1457 2828 1444 2828 1444 2829 1457 2829 1445 2829 1445 2830 1457 2830 1458 2830 1445 2831 1458 2831 1459 2831 1445 2832 1459 2832 1446 2832 1446 2833 1459 2833 1460 2833 1446 2834 1460 2834 1447 2834 1447 2835 1406 2835 1405 2835 1447 2836 1405 2836 1404 2836 1447 2837 1460 2837 1461 2837 1447 2838 1461 2838 1462 2838 1447 2839 1462 2839 1463 2839 1447 2840 1463 2840 1464 2840 1447 2841 1464 2841 1407 2841 1447 2842 1407 2842 1406 2842 1433 2843 1465 2843 1448 2843 1433 2844 1432 2844 1465 2844 1448 2845 1451 2845 1449 2845 1448 2846 1465 2846 1466 2846 1448 2847 1466 2847 1451 2847 1450 2848 1467 2848 1468 2848 1450 2849 1468 2849 1469 2849 1450 2850 1469 2850 1452 2850 1450 2851 1451 2851 1470 2851 1450 2852 1470 2852 1471 2852 1450 2853 1471 2853 1472 2853 1450 2854 1472 2854 1467 2854 1451 2855 1466 2855 1473 2855 1451 2856 1473 2856 1474 2856 1451 2857 1474 2857 1470 2857 1452 2858 1475 2858 1453 2858 1452 2859 1469 2859 1475 2859 1453 2860 1475 2860 1476 2860 1453 2861 1476 2861 1477 2861 1453 2862 1477 2862 1478 2862 1453 2863 1478 2863 1479 2863 1453 2864 1479 2864 1454 2864 1454 2865 1479 2865 1381 2865 1381 2866 1479 2866 1478 2866 1381 2867 1478 2867 1382 2867 1397 2868 1396 2868 1480 2868 1397 2869 1480 2869 1455 2869 1455 2870 1480 2870 1456 2870 1456 2871 1481 2871 1458 2871 1456 2872 1458 2872 1457 2872 1456 2873 1480 2873 1481 2873 1458 2874 1482 2874 1483 2874 1458 2875 1483 2875 1484 2875 1458 2876 1484 2876 1459 2876 1458 2877 1481 2877 1482 2877 1459 2878 1484 2878 1485 2878 1459 2879 1485 2879 1460 2879 1460 2880 1485 2880 1461 2880 1461 2881 1486 2881 1487 2881 1461 2882 1487 2882 1462 2882 1461 2883 1485 2883 1488 2883 1461 2884 1488 2884 1486 2884 1462 2885 1487 2885 1489 2885 1462 2886 1489 2886 1490 2886 1462 2887 1490 2887 1463 2887 1463 2888 1490 2888 1491 2888 1463 2889 1491 2889 1464 2889 1464 2890 1491 2890 1492 2890 1464 2891 1492 2891 1408 2891 1464 2892 1408 2892 1407 2892 1465 2893 1432 2893 1431 2893 1465 2894 1431 2894 1430 2894 1465 2895 1430 2895 1429 2895 1465 2896 1429 2896 1428 2896 1465 2897 1428 2897 1427 2897 1465 2898 1427 2898 1426 2898 1465 2899 1426 2899 1425 2899 1465 2900 1425 2900 1424 2900 1465 2901 1424 2901 1423 2901 1465 2902 1423 2902 1422 2902 1465 2903 1422 2903 1421 2903 1465 2904 1421 2904 1420 2904 1465 2905 1420 2905 1419 2905 1465 2906 1419 2906 1493 2906 1465 2907 1493 2907 1494 2907 1465 2908 1494 2908 1495 2908 1465 2909 1495 2909 1496 2909 1465 2910 1496 2910 1497 2910 1465 2911 1497 2911 1498 2911 1465 2912 1498 2912 1499 2912 1465 2913 1499 2913 1500 2913 1465 2914 1500 2914 1501 2914 1465 2915 1501 2915 1502 2915 1465 2916 1502 2916 1503 2916 1465 2917 1503 2917 1504 2917 1465 2918 1504 2918 1505 2918 1465 2919 1505 2919 1506 2919 1465 2920 1506 2920 1507 2920 1465 2921 1507 2921 1508 2921 1465 2922 1508 2922 1509 2922 1465 2923 1509 2923 1510 2923 1465 2924 1510 2924 1511 2924 1465 2925 1511 2925 1512 2925 1465 2926 1512 2926 1513 2926 1465 2927 1513 2927 1514 2927 1465 2928 1514 2928 1515 2928 1465 2929 1515 2929 1516 2929 1465 2930 1516 2930 1474 2930 1465 2931 1474 2931 1473 2931 1465 2932 1473 2932 1466 2932 1467 2933 1517 2933 1518 2933 1467 2934 1518 2934 1468 2934 1467 2935 1472 2935 1519 2935 1467 2936 1519 2936 1517 2936 1468 2937 1518 2937 1520 2937 1468 2938 1520 2938 1469 2938 1469 2939 1520 2939 1476 2939 1469 2940 1476 2940 1475 2940 1470 2941 1521 2941 1471 2941 1470 2942 1474 2942 1516 2942 1470 2943 1516 2943 1515 2943 1470 2944 1515 2944 1514 2944 1470 2945 1514 2945 1521 2945 1471 2946 1521 2946 1522 2946 1471 2947 1522 2947 1523 2947 1471 2948 1523 2948 1519 2948 1471 2949 1519 2949 1472 2949 1477 2950 1524 2950 1478 2950 1477 2951 1476 2951 1524 2951 1382 2952 1478 2952 1525 2952 1382 2953 1525 2953 1383 2953 1396 2954 1395 2954 1480 2954 1480 2955 1395 2955 1481 2955 1481 2956 1526 2956 1527 2956 1481 2957 1527 2957 1528 2957 1481 2958 1528 2958 1482 2958 1481 2959 1395 2959 1526 2959 1482 2960 1528 2960 1483 2960 1483 2961 1528 2961 1527 2961 1483 2962 1527 2962 1529 2962 1483 2963 1529 2963 1530 2963 1483 2964 1530 2964 1531 2964 1483 2965 1531 2965 1488 2965 1483 2966 1488 2966 1484 2966 1484 2967 1488 2967 1485 2967 1486 2968 1532 2968 1533 2968 1486 2969 1533 2969 1487 2969 1486 2970 1488 2970 1531 2970 1486 2971 1531 2971 1532 2971 1487 2972 1533 2972 1534 2972 1487 2973 1534 2973 1489 2973 1489 2974 1534 2974 1535 2974 1489 2975 1535 2975 1491 2975 1489 2976 1491 2976 1490 2976 1491 2977 1535 2977 1536 2977 1491 2978 1536 2978 1537 2978 1491 2979 1537 2979 1492 2979 1492 2980 1537 2980 1538 2980 1492 2981 1538 2981 1411 2981 1492 2982 1411 2982 1410 2982 1492 2983 1410 2983 1409 2983 1492 2984 1409 2984 1408 2984 1517 2985 1539 2985 1518 2985 1517 2986 1519 2986 1539 2986 1518 2987 1539 2987 1540 2987 1518 2988 1540 2988 1520 2988 1520 2989 1541 2989 1542 2989 1520 2990 1542 2990 1476 2990 1520 2991 1540 2991 1541 2991 1521 2992 1514 2992 1513 2992 1521 2993 1513 2993 1522 2993 1523 2994 1522 2994 1543 2994 1523 2995 1543 2995 1544 2995 1523 2996 1544 2996 1519 2996 1519 2997 1544 2997 1539 2997 1476 2998 1542 2998 1524 2998 1524 2999 1545 2999 1525 2999 1524 3000 1525 3000 1478 3000 1524 3001 1542 3001 1545 3001 1525 3002 1545 3002 1383 3002 1383 3003 1545 3003 1546 3003 1383 3004 1546 3004 1384 3004 1395 3005 1394 3005 1547 3005 1395 3006 1547 3006 1526 3006 1526 3007 1547 3007 1527 3007 1527 3008 1547 3008 1529 3008 1529 3009 1547 3009 1548 3009 1529 3010 1548 3010 1530 3010 1530 3011 1548 3011 1549 3011 1530 3012 1549 3012 1531 3012 1531 3013 1549 3013 1550 3013 1531 3014 1550 3014 1532 3014 1532 3015 1550 3015 1533 3015 1533 3016 1550 3016 1549 3016 1533 3017 1549 3017 1551 3017 1533 3018 1551 3018 1534 3018 1534 3019 1552 3019 1553 3019 1534 3020 1553 3020 1554 3020 1534 3021 1554 3021 1535 3021 1534 3022 1551 3022 1552 3022 1535 3023 1554 3023 1555 3023 1535 3024 1555 3024 1536 3024 1536 3025 1555 3025 1556 3025 1536 3026 1556 3026 1557 3026 1536 3027 1557 3027 1558 3027 1536 3028 1558 3028 1559 3028 1536 3029 1559 3029 1537 3029 1537 3030 1559 3030 1538 3030 1538 3031 1412 3031 1411 3031 1538 3032 1559 3032 1560 3032 1538 3033 1560 3033 1561 3033 1538 3034 1561 3034 1412 3034 1419 3035 1418 3035 1493 3035 1539 3036 1544 3036 1562 3036 1539 3037 1562 3037 1540 3037 1540 3038 1562 3038 1541 3038 1541 3039 1562 3039 1542 3039 1542 3040 1562 3040 1545 3040 1522 3041 1563 3041 1543 3041 1522 3042 1513 3042 1563 3042 1513 3043 1512 3043 1563 3043 1543 3044 1563 3044 1564 3044 1543 3045 1564 3045 1562 3045 1543 3046 1562 3046 1544 3046 1545 3047 1562 3047 1565 3047 1545 3048 1565 3048 1566 3048 1545 3049 1566 3049 1546 3049 1546 3050 1566 3050 1567 3050 1546 3051 1567 3051 1384 3051 1384 3052 1567 3052 1385 3052 1394 3053 1393 3053 1547 3053 1547 3054 1393 3054 1568 3054 1547 3055 1568 3055 1569 3055 1547 3056 1569 3056 1570 3056 1547 3057 1570 3057 1548 3057 1548 3058 1571 3058 1572 3058 1548 3059 1572 3059 1552 3059 1548 3060 1552 3060 1551 3060 1548 3061 1551 3061 1549 3061 1548 3062 1570 3062 1571 3062 1552 3063 1572 3063 1573 3063 1552 3064 1573 3064 1553 3064 1553 3065 1573 3065 1574 3065 1553 3066 1574 3066 1575 3066 1553 3067 1575 3067 1554 3067 1554 3068 1575 3068 1555 3068 1555 3069 1575 3069 1556 3069 1556 3070 1576 3070 1577 3070 1556 3071 1577 3071 1578 3071 1556 3072 1578 3072 1579 3072 1556 3073 1579 3073 1580 3073 1556 3074 1580 3074 1557 3074 1556 3075 1575 3075 1576 3075 1557 3076 1580 3076 1558 3076 1558 3077 1580 3077 1560 3077 1558 3078 1560 3078 1559 3078 1412 3079 1561 3079 1493 3079 1412 3080 1493 3080 1413 3080 1560 3081 1580 3081 1495 3081 1560 3082 1495 3082 1494 3082 1560 3083 1494 3083 1561 3083 1561 3084 1494 3084 1493 3084 1418 3085 1417 3085 1493 3085 1493 3086 1417 3086 1416 3086 1493 3087 1416 3087 1415 3087 1493 3088 1415 3088 1414 3088 1493 3089 1414 3089 1413 3089 1562 3090 1564 3090 1565 3090 1563 3091 1512 3091 1564 3091 1512 3092 1511 3092 1564 3092 1564 3093 1581 3093 1582 3093 1564 3094 1582 3094 1565 3094 1564 3095 1511 3095 1581 3095 1565 3096 1582 3096 1583 3096 1565 3097 1583 3097 1566 3097 1566 3098 1583 3098 1567 3098 1567 3099 1583 3099 1584 3099 1567 3100 1584 3100 1386 3100 1567 3101 1386 3101 1385 3101 1393 3102 1392 3102 1585 3102 1393 3103 1585 3103 1568 3103 1568 3104 1585 3104 1569 3104 1569 3105 1585 3105 1586 3105 1569 3106 1586 3106 1570 3106 1570 3107 1586 3107 1571 3107 1571 3108 1586 3108 1587 3108 1571 3109 1587 3109 1588 3109 1571 3110 1588 3110 1572 3110 1572 3111 1588 3111 1589 3111 1572 3112 1589 3112 1573 3112 1573 3113 1589 3113 1574 3113 1574 3114 1589 3114 1576 3114 1574 3115 1576 3115 1575 3115 1576 3116 1589 3116 1590 3116 1576 3117 1590 3117 1577 3117 1577 3118 1590 3118 1591 3118 1577 3119 1591 3119 1499 3119 1577 3120 1499 3120 1578 3120 1578 3121 1499 3121 1498 3121 1578 3122 1498 3122 1497 3122 1578 3123 1497 3123 1496 3123 1578 3124 1496 3124 1579 3124 1579 3125 1496 3125 1495 3125 1579 3126 1495 3126 1580 3126 1511 3127 1510 3127 1581 3127 1581 3128 1592 3128 1583 3128 1581 3129 1583 3129 1582 3129 1581 3130 1510 3130 1592 3130 1583 3131 1592 3131 1584 3131 1584 3132 1592 3132 1593 3132 1584 3133 1593 3133 1386 3133 1386 3134 1593 3134 1387 3134 1392 3135 1391 3135 1585 3135 1585 3136 1391 3136 1594 3136 1585 3137 1594 3137 1586 3137 1586 3138 1594 3138 1587 3138 1587 3139 1594 3139 1595 3139 1587 3140 1595 3140 1596 3140 1587 3141 1596 3141 1588 3141 1588 3142 1596 3142 1597 3142 1588 3143 1597 3143 1589 3143 1589 3144 1597 3144 1590 3144 1590 3145 1597 3145 1500 3145 1590 3146 1500 3146 1591 3146 1591 3147 1500 3147 1499 3147 1510 3148 1598 3148 1592 3148 1510 3149 1509 3149 1598 3149 1592 3150 1598 3150 1593 3150 1593 3151 1598 3151 1509 3151 1593 3152 1509 3152 1599 3152 1593 3153 1599 3153 1387 3153 1387 3154 1599 3154 1600 3154 1387 3155 1600 3155 1601 3155 1387 3156 1601 3156 1602 3156 1387 3157 1602 3157 1603 3157 1387 3158 1603 3158 1604 3158 1387 3159 1604 3159 1605 3159 1387 3160 1605 3160 1606 3160 1387 3161 1606 3161 1388 3161 1391 3162 1390 3162 1594 3162 1594 3163 1607 3163 1595 3163 1594 3164 1390 3164 1607 3164 1595 3165 1607 3165 1388 3165 1595 3166 1388 3166 1608 3166 1595 3167 1608 3167 1596 3167 1596 3168 1608 3168 1609 3168 1596 3169 1609 3169 1610 3169 1596 3170 1610 3170 1611 3170 1596 3171 1611 3171 1597 3171 1597 3172 1611 3172 1500 3172 1500 3173 1611 3173 1501 3173 1509 3174 1508 3174 1603 3174 1509 3175 1603 3175 1602 3175 1509 3176 1602 3176 1601 3176 1509 3177 1601 3177 1600 3177 1509 3178 1600 3178 1612 3178 1509 3179 1612 3179 1599 3179 1599 3180 1612 3180 1600 3180 1603 3181 1508 3181 1507 3181 1603 3182 1507 3182 1604 3182 1604 3183 1507 3183 1506 3183 1604 3184 1506 3184 1605 3184 1605 3185 1506 3185 1505 3185 1605 3186 1505 3186 1606 3186 1606 3187 1505 3187 1504 3187 1606 3188 1504 3188 1613 3188 1606 3189 1613 3189 1388 3189 1388 3190 1613 3190 1614 3190 1388 3191 1614 3191 1609 3191 1388 3192 1609 3192 1608 3192 1388 3193 1607 3193 1389 3193 1390 3194 1389 3194 1607 3194 1609 3195 1614 3195 1610 3195 1610 3196 1614 3196 1615 3196 1610 3197 1615 3197 1611 3197 1611 3198 1615 3198 1501 3198 1501 3199 1615 3199 1616 3199 1501 3200 1616 3200 1617 3200 1501 3201 1617 3201 1502 3201 1504 3202 1503 3202 1617 3202 1504 3203 1617 3203 1613 3203 1613 3204 1617 3204 1614 3204 1614 3205 1617 3205 1616 3205 1614 3206 1616 3206 1615 3206 1617 3207 1503 3207 1502 3207 1618 3208 1619 3208 1620 3208 1618 3209 1620 3209 1621 3209 1618 3210 1621 3210 1622 3210 1618 3211 1622 3211 1623 3211 1618 3212 1623 3212 1624 3212 1618 3213 1624 3213 1625 3213 1618 3214 1625 3214 1619 3214 1619 3215 1626 3215 1627 3215 1619 3216 1627 3216 1620 3216 1619 3217 1625 3217 1628 3217 1619 3218 1628 3218 1626 3218 1620 3219 1627 3219 1629 3219 1620 3220 1629 3220 1630 3220 1620 3221 1630 3221 1621 3221 1622 3222 1621 3222 1631 3222 1622 3223 1631 3223 1632 3223 1622 3224 1632 3224 1623 3224 1624 3225 1623 3225 1633 3225 1624 3226 1633 3226 1634 3226 1624 3227 1634 3227 1635 3227 1624 3228 1635 3228 1625 3228 1626 3229 1628 3229 1636 3229 1626 3230 1636 3230 1637 3230 1626 3231 1637 3231 1638 3231 1626 3232 1638 3232 1639 3232 1626 3233 1639 3233 1640 3233 1626 3234 1640 3234 1641 3234 1626 3235 1641 3235 1627 3235 1627 3236 1641 3236 1629 3236 1625 3237 1635 3237 1642 3237 1625 3238 1642 3238 1628 3238 1621 3239 1630 3239 1631 3239 1629 3240 1641 3240 1640 3240 1629 3241 1640 3241 1643 3241 1629 3242 1643 3242 1644 3242 1629 3243 1644 3243 1645 3243 1629 3244 1645 3244 1630 3244 1631 3245 1630 3245 1646 3245 1631 3246 1646 3246 1647 3246 1631 3247 1647 3247 1648 3247 1631 3248 1648 3248 1632 3248 1623 3249 1632 3249 1633 3249 1634 3250 1633 3250 1649 3250 1634 3251 1649 3251 1635 3251 1635 3252 1649 3252 1650 3252 1635 3253 1650 3253 1642 3253 1628 3254 1642 3254 1651 3254 1628 3255 1651 3255 1652 3255 1628 3256 1652 3256 1653 3256 1628 3257 1653 3257 1654 3257 1628 3258 1654 3258 1655 3258 1628 3259 1655 3259 1656 3259 1628 3260 1656 3260 1657 3260 1628 3261 1657 3261 1658 3261 1628 3262 1658 3262 1636 3262 1636 3263 1659 3263 1660 3263 1636 3264 1660 3264 1661 3264 1636 3265 1661 3265 1637 3265 1636 3266 1658 3266 1662 3266 1636 3267 1662 3267 1663 3267 1636 3268 1663 3268 1664 3268 1636 3269 1664 3269 1665 3269 1636 3270 1665 3270 1659 3270 1637 3271 1661 3271 1638 3271 1638 3272 1661 3272 1660 3272 1638 3273 1660 3273 1666 3273 1638 3274 1666 3274 1667 3274 1638 3275 1667 3275 1668 3275 1638 3276 1668 3276 1669 3276 1638 3277 1669 3277 1670 3277 1638 3278 1670 3278 1671 3278 1638 3279 1671 3279 1672 3279 1638 3280 1672 3280 1673 3280 1638 3281 1673 3281 1674 3281 1638 3282 1674 3282 1645 3282 1638 3283 1645 3283 1644 3283 1638 3284 1644 3284 1643 3284 1638 3285 1643 3285 1640 3285 1638 3286 1640 3286 1639 3286 1642 3287 1650 3287 1675 3287 1642 3288 1675 3288 1651 3288 1630 3289 1645 3289 1674 3289 1630 3290 1674 3290 1676 3290 1630 3291 1676 3291 1646 3291 1646 3292 1676 3292 1647 3292 1647 3293 1676 3293 1674 3293 1647 3294 1674 3294 1673 3294 1647 3295 1673 3295 1677 3295 1647 3296 1677 3296 1678 3296 1647 3297 1678 3297 1648 3297 1632 3298 1648 3298 1679 3298 1632 3299 1679 3299 1633 3299 1633 3300 1679 3300 1649 3300 1649 3301 1679 3301 1680 3301 1649 3302 1680 3302 1681 3302 1649 3303 1681 3303 1682 3303 1649 3304 1682 3304 1683 3304 1649 3305 1683 3305 1684 3305 1649 3306 1684 3306 1650 3306 1650 3307 1684 3307 1675 3307 1651 3308 1675 3308 1685 3308 1651 3309 1685 3309 1652 3309 1652 3310 1685 3310 1686 3310 1652 3311 1686 3311 1687 3311 1652 3312 1687 3312 1688 3312 1652 3313 1688 3313 1689 3313 1652 3314 1689 3314 1690 3314 1652 3315 1690 3315 1691 3315 1652 3316 1691 3316 1692 3316 1652 3317 1692 3317 1693 3317 1652 3318 1693 3318 1694 3318 1652 3319 1694 3319 1667 3319 1652 3320 1667 3320 1666 3320 1652 3321 1666 3321 1695 3321 1652 3322 1695 3322 1696 3322 1652 3323 1696 3323 1697 3323 1652 3324 1697 3324 1665 3324 1652 3325 1665 3325 1664 3325 1652 3326 1664 3326 1663 3326 1652 3327 1663 3327 1662 3327 1652 3328 1662 3328 1658 3328 1652 3329 1658 3329 1657 3329 1652 3330 1657 3330 1656 3330 1652 3331 1656 3331 1655 3331 1652 3332 1655 3332 1654 3332 1652 3333 1654 3333 1653 3333 1659 3334 1665 3334 1697 3334 1659 3335 1697 3335 1660 3335 1660 3336 1697 3336 1696 3336 1660 3337 1696 3337 1695 3337 1660 3338 1695 3338 1666 3338 1675 3339 1684 3339 1698 3339 1675 3340 1698 3340 1685 3340 1648 3341 1678 3341 1699 3341 1648 3342 1699 3342 1700 3342 1648 3343 1700 3343 1701 3343 1648 3344 1701 3344 1702 3344 1648 3345 1702 3345 1703 3345 1648 3346 1703 3346 1679 3346 1673 3347 1672 3347 1677 3347 1677 3348 1672 3348 1678 3348 1678 3349 1704 3349 1699 3349 1678 3350 1672 3350 1705 3350 1678 3351 1705 3351 1704 3351 1679 3352 1703 3352 1680 3352 1680 3353 1703 3353 1706 3353 1680 3354 1706 3354 1681 3354 1681 3355 1706 3355 1682 3355 1682 3356 1706 3356 1707 3356 1682 3357 1707 3357 1708 3357 1682 3358 1708 3358 1709 3358 1682 3359 1709 3359 1710 3359 1682 3360 1710 3360 1711 3360 1682 3361 1711 3361 1683 3361 1683 3362 1711 3362 1712 3362 1683 3363 1712 3363 1684 3363 1684 3364 1712 3364 1713 3364 1684 3365 1713 3365 1698 3365 1685 3366 1687 3366 1686 3366 1685 3367 1698 3367 1713 3367 1685 3368 1713 3368 1714 3368 1685 3369 1714 3369 1715 3369 1685 3370 1715 3370 1716 3370 1685 3371 1716 3371 1687 3371 1699 3372 1717 3372 1718 3372 1699 3373 1718 3373 1719 3373 1699 3374 1719 3374 1720 3374 1699 3375 1720 3375 1700 3375 1699 3376 1704 3376 1717 3376 1700 3377 1720 3377 1721 3377 1700 3378 1721 3378 1701 3378 1701 3379 1722 3379 1703 3379 1701 3380 1703 3380 1702 3380 1701 3381 1721 3381 1722 3381 1703 3382 1722 3382 1706 3382 1672 3383 1671 3383 1723 3383 1672 3384 1723 3384 1705 3384 1704 3385 1705 3385 1724 3385 1704 3386 1724 3386 1725 3386 1704 3387 1725 3387 1717 3387 1705 3388 1723 3388 1726 3388 1705 3389 1726 3389 1727 3389 1705 3390 1727 3390 1724 3390 1706 3391 1722 3391 1728 3391 1706 3392 1728 3392 1708 3392 1706 3393 1708 3393 1707 3393 1708 3394 1728 3394 1729 3394 1708 3395 1729 3395 1730 3395 1708 3396 1730 3396 1731 3396 1708 3397 1731 3397 1709 3397 1709 3398 1731 3398 1732 3398 1709 3399 1732 3399 1733 3399 1709 3400 1733 3400 1734 3400 1709 3401 1734 3401 1710 3401 1710 3402 1734 3402 1712 3402 1710 3403 1712 3403 1711 3403 1712 3404 1734 3404 1713 3404 1713 3405 1734 3405 1714 3405 1687 3406 1716 3406 1688 3406 1714 3407 1734 3407 1733 3407 1714 3408 1733 3408 1715 3408 1715 3409 1733 3409 1732 3409 1715 3410 1732 3410 1735 3410 1715 3411 1735 3411 1736 3411 1715 3412 1736 3412 1716 3412 1716 3413 1736 3413 1690 3413 1716 3414 1690 3414 1689 3414 1716 3415 1689 3415 1688 3415 1667 3416 1694 3416 1737 3416 1667 3417 1737 3417 1738 3417 1667 3418 1738 3418 1739 3418 1667 3419 1739 3419 1740 3419 1667 3420 1740 3420 1741 3420 1667 3421 1741 3421 1742 3421 1667 3422 1742 3422 1743 3422 1667 3423 1743 3423 1744 3423 1667 3424 1744 3424 1745 3424 1667 3425 1745 3425 1746 3425 1667 3426 1746 3426 1747 3426 1667 3427 1747 3427 1748 3427 1667 3428 1748 3428 1749 3428 1667 3429 1749 3429 1750 3429 1667 3430 1750 3430 1668 3430 1717 3431 1725 3431 1718 3431 1718 3432 1725 3432 1724 3432 1718 3433 1724 3433 1751 3433 1718 3434 1751 3434 1719 3434 1719 3435 1752 3435 1753 3435 1719 3436 1753 3436 1754 3436 1719 3437 1754 3437 1720 3437 1719 3438 1751 3438 1752 3438 1720 3439 1754 3439 1755 3439 1720 3440 1755 3440 1721 3440 1721 3441 1755 3441 1756 3441 1721 3442 1756 3442 1722 3442 1722 3443 1756 3443 1728 3443 1671 3444 1670 3444 1723 3444 1723 3445 1670 3445 1757 3445 1723 3446 1757 3446 1758 3446 1723 3447 1758 3447 1727 3447 1723 3448 1727 3448 1726 3448 1724 3449 1727 3449 1759 3449 1724 3450 1759 3450 1751 3450 1727 3451 1758 3451 1759 3451 1728 3452 1760 3452 1729 3452 1728 3453 1756 3453 1760 3453 1729 3454 1761 3454 1762 3454 1729 3455 1762 3455 1763 3455 1729 3456 1763 3456 1764 3456 1729 3457 1764 3457 1765 3457 1729 3458 1765 3458 1730 3458 1729 3459 1760 3459 1761 3459 1730 3460 1765 3460 1731 3460 1731 3461 1765 3461 1766 3461 1731 3462 1766 3462 1767 3462 1731 3463 1767 3463 1732 3463 1732 3464 1767 3464 1768 3464 1732 3465 1768 3465 1769 3465 1732 3466 1769 3466 1735 3466 1735 3467 1769 3467 1736 3467 1736 3468 1693 3468 1692 3468 1736 3469 1692 3469 1691 3469 1736 3470 1691 3470 1690 3470 1736 3471 1769 3471 1770 3471 1736 3472 1770 3472 1771 3472 1736 3473 1771 3473 1772 3473 1736 3474 1772 3474 1693 3474 1668 3475 1750 3475 1773 3475 1668 3476 1773 3476 1774 3476 1668 3477 1774 3477 1752 3477 1668 3478 1752 3478 1751 3478 1668 3479 1751 3479 1759 3479 1668 3480 1759 3480 1757 3480 1668 3481 1757 3481 1669 3481 1694 3482 1693 3482 1772 3482 1694 3483 1772 3483 1737 3483 1752 3484 1774 3484 1753 3484 1753 3485 1755 3485 1754 3485 1753 3486 1774 3486 1773 3486 1753 3487 1773 3487 1749 3487 1753 3488 1749 3488 1748 3488 1753 3489 1748 3489 1775 3489 1753 3490 1775 3490 1755 3490 1755 3491 1775 3491 1776 3491 1755 3492 1776 3492 1760 3492 1755 3493 1760 3493 1756 3493 1670 3494 1669 3494 1757 3494 1757 3495 1759 3495 1758 3495 1760 3496 1776 3496 1761 3496 1761 3497 1776 3497 1777 3497 1761 3498 1777 3498 1762 3498 1762 3499 1777 3499 1744 3499 1762 3500 1744 3500 1743 3500 1762 3501 1743 3501 1742 3501 1762 3502 1742 3502 1778 3502 1762 3503 1778 3503 1763 3503 1763 3504 1778 3504 1779 3504 1763 3505 1779 3505 1780 3505 1763 3506 1780 3506 1764 3506 1764 3507 1780 3507 1781 3507 1764 3508 1781 3508 1765 3508 1765 3509 1781 3509 1766 3509 1766 3510 1781 3510 1782 3510 1766 3511 1782 3511 1767 3511 1767 3512 1782 3512 1768 3512 1768 3513 1782 3513 1769 3513 1769 3514 1782 3514 1770 3514 1770 3515 1782 3515 1771 3515 1771 3516 1782 3516 1783 3516 1771 3517 1783 3517 1784 3517 1771 3518 1784 3518 1772 3518 1772 3519 1784 3519 1738 3519 1772 3520 1738 3520 1737 3520 1750 3521 1749 3521 1773 3521 1748 3522 1747 3522 1775 3522 1775 3523 1747 3523 1776 3523 1776 3524 1747 3524 1746 3524 1776 3525 1746 3525 1777 3525 1777 3526 1746 3526 1745 3526 1777 3527 1745 3527 1744 3527 1742 3528 1741 3528 1778 3528 1778 3529 1741 3529 1779 3529 1779 3530 1741 3530 1740 3530 1779 3531 1740 3531 1739 3531 1779 3532 1739 3532 1785 3532 1779 3533 1785 3533 1783 3533 1779 3534 1783 3534 1780 3534 1780 3535 1783 3535 1781 3535 1781 3536 1783 3536 1782 3536 1783 3537 1785 3537 1784 3537 1784 3538 1785 3538 1739 3538 1784 3539 1739 3539 1738 3539 1786 3540 1787 3540 1788 3540 1786 3541 1788 3541 1789 3541 1786 3542 1789 3542 1790 3542 1786 3543 1790 3543 1791 3543 1786 3544 1791 3544 1792 3544 1786 3545 1792 3545 1787 3545 1787 3546 1793 3546 1794 3546 1787 3547 1794 3547 1795 3547 1787 3548 1795 3548 1796 3548 1787 3549 1796 3549 1797 3549 1787 3550 1797 3550 1798 3550 1787 3551 1798 3551 1799 3551 1787 3552 1799 3552 1800 3552 1787 3553 1800 3553 1801 3553 1787 3554 1801 3554 1802 3554 1787 3555 1802 3555 1803 3555 1787 3556 1803 3556 1804 3556 1787 3557 1804 3557 1805 3557 1787 3558 1805 3558 1806 3558 1787 3559 1806 3559 1807 3559 1787 3560 1807 3560 1808 3560 1787 3561 1808 3561 1809 3561 1787 3562 1809 3562 1810 3562 1787 3563 1810 3563 1811 3563 1787 3564 1811 3564 1812 3564 1787 3565 1812 3565 1813 3565 1787 3566 1813 3566 1789 3566 1787 3567 1789 3567 1788 3567 1787 3568 1792 3568 1814 3568 1787 3569 1814 3569 1793 3569 1792 3570 1791 3570 1815 3570 1792 3571 1815 3571 1816 3571 1792 3572 1816 3572 1817 3572 1792 3573 1817 3573 1818 3573 1792 3574 1818 3574 1819 3574 1792 3575 1819 3575 1820 3575 1792 3576 1820 3576 1821 3576 1792 3577 1821 3577 1822 3577 1792 3578 1822 3578 1823 3578 1792 3579 1823 3579 1824 3579 1792 3580 1824 3580 1825 3580 1792 3581 1825 3581 1826 3581 1792 3582 1826 3582 1827 3582 1792 3583 1827 3583 1828 3583 1792 3584 1828 3584 1829 3584 1792 3585 1829 3585 1830 3585 1792 3586 1830 3586 1831 3586 1792 3587 1831 3587 1832 3587 1792 3588 1832 3588 1833 3588 1792 3589 1833 3589 1834 3589 1792 3590 1834 3590 1835 3590 1792 3591 1835 3591 1836 3591 1792 3592 1836 3592 1837 3592 1792 3593 1837 3593 1838 3593 1792 3594 1838 3594 1839 3594 1792 3595 1839 3595 1840 3595 1792 3596 1840 3596 1841 3596 1792 3597 1841 3597 1842 3597 1792 3598 1842 3598 1843 3598 1792 3599 1843 3599 1814 3599 1793 3600 1844 3600 1794 3600 1793 3601 1814 3601 1844 3601 1814 3602 1843 3602 1845 3602 1814 3603 1845 3603 1795 3603 1814 3604 1795 3604 1794 3604 1814 3605 1794 3605 1844 3605 1789 3606 1813 3606 1790 3606 1791 3607 1790 3607 1813 3607 1791 3608 1813 3608 1812 3608 1791 3609 1812 3609 1815 3609 1843 3610 1842 3610 1846 3610 1843 3611 1846 3611 1797 3611 1843 3612 1797 3612 1796 3612 1843 3613 1796 3613 1845 3613 1845 3614 1796 3614 1795 3614 1812 3615 1811 3615 1815 3615 1815 3616 1811 3616 1816 3616 1842 3617 1841 3617 1846 3617 1846 3618 1847 3618 1798 3618 1846 3619 1798 3619 1797 3619 1846 3620 1841 3620 1840 3620 1846 3621 1840 3621 1839 3621 1846 3622 1839 3622 1847 3622 1811 3623 1810 3623 1848 3623 1811 3624 1848 3624 1817 3624 1811 3625 1817 3625 1816 3625 1847 3626 1849 3626 1799 3626 1847 3627 1799 3627 1798 3627 1847 3628 1839 3628 1838 3628 1847 3629 1838 3629 1849 3629 1810 3630 1809 3630 1850 3630 1810 3631 1850 3631 1848 3631 1848 3632 1850 3632 1819 3632 1848 3633 1819 3633 1818 3633 1848 3634 1818 3634 1817 3634 1849 3635 1838 3635 1837 3635 1849 3636 1837 3636 1836 3636 1849 3637 1836 3637 1799 3637 1799 3638 1836 3638 1851 3638 1799 3639 1851 3639 1800 3639 1809 3640 1808 3640 1852 3640 1809 3641 1852 3641 1853 3641 1809 3642 1853 3642 1850 3642 1850 3643 1853 3643 1822 3643 1850 3644 1822 3644 1821 3644 1850 3645 1821 3645 1820 3645 1850 3646 1820 3646 1819 3646 1836 3647 1835 3647 1854 3647 1836 3648 1854 3648 1851 3648 1800 3649 1851 3649 1854 3649 1800 3650 1854 3650 1801 3650 1808 3651 1807 3651 1852 3651 1853 3652 1852 3652 1823 3652 1853 3653 1823 3653 1822 3653 1835 3654 1834 3654 1854 3654 1854 3655 1834 3655 1833 3655 1854 3656 1833 3656 1801 3656 1801 3657 1833 3657 1802 3657 1807 3658 1806 3658 1826 3658 1807 3659 1826 3659 1852 3659 1852 3660 1826 3660 1825 3660 1852 3661 1825 3661 1824 3661 1852 3662 1824 3662 1823 3662 1833 3663 1832 3663 1802 3663 1802 3664 1832 3664 1855 3664 1802 3665 1855 3665 1856 3665 1802 3666 1856 3666 1857 3666 1802 3667 1857 3667 1858 3667 1802 3668 1858 3668 1831 3668 1802 3669 1831 3669 1830 3669 1802 3670 1830 3670 1859 3670 1802 3671 1859 3671 1803 3671 1806 3672 1805 3672 1826 3672 1826 3673 1805 3673 1860 3673 1826 3674 1860 3674 1827 3674 1832 3675 1831 3675 1858 3675 1832 3676 1858 3676 1857 3676 1832 3677 1857 3677 1856 3677 1832 3678 1856 3678 1855 3678 1803 3679 1859 3679 1804 3679 1805 3680 1804 3680 1860 3680 1827 3681 1860 3681 1859 3681 1827 3682 1859 3682 1828 3682 1860 3683 1804 3683 1859 3683 1859 3684 1830 3684 1829 3684 1859 3685 1829 3685 1828 3685 1861 3686 1862 3686 1863 3686 1861 3687 1863 3687 1864 3687 1861 3688 1864 3688 1865 3688 1861 3689 1865 3689 1866 3689 1861 3690 1866 3690 1867 3690 1861 3691 1867 3691 1868 3691 1861 3692 1868 3692 1869 3692 1861 3693 1869 3693 1862 3693 1862 3694 1870 3694 1871 3694 1862 3695 1871 3695 1863 3695 1862 3696 1869 3696 1872 3696 1862 3697 1872 3697 1870 3697 1864 3698 1863 3698 1873 3698 1864 3699 1873 3699 1874 3699 1864 3700 1874 3700 1875 3700 1864 3701 1875 3701 1865 3701 1865 3702 1875 3702 1876 3702 1865 3703 1876 3703 1877 3703 1865 3704 1877 3704 1878 3704 1865 3705 1878 3705 1866 3705 1866 3706 1878 3706 1879 3706 1866 3707 1879 3707 1880 3707 1866 3708 1880 3708 1867 3708 1867 3709 1880 3709 1881 3709 1867 3710 1881 3710 1882 3710 1867 3711 1882 3711 1883 3711 1867 3712 1883 3712 1868 3712 1868 3713 1883 3713 1884 3713 1868 3714 1884 3714 1885 3714 1868 3715 1885 3715 1869 3715 1870 3716 1886 3716 1887 3716 1870 3717 1887 3717 1871 3717 1870 3718 1872 3718 1888 3718 1870 3719 1888 3719 1886 3719 1871 3720 1887 3720 1889 3720 1871 3721 1889 3721 1890 3721 1871 3722 1890 3722 1863 3722 1863 3723 1890 3723 1873 3723 1869 3724 1885 3724 1891 3724 1869 3725 1891 3725 1872 3725 1872 3726 1891 3726 1892 3726 1872 3727 1892 3727 1893 3727 1872 3728 1893 3728 1888 3728 1874 3729 1873 3729 1894 3729 1874 3730 1894 3730 1895 3730 1874 3731 1895 3731 1896 3731 1874 3732 1896 3732 1875 3732 1875 3733 1896 3733 1876 3733 1876 3734 1896 3734 1897 3734 1876 3735 1897 3735 1898 3735 1876 3736 1898 3736 1899 3736 1876 3737 1899 3737 1877 3737 1877 3738 1899 3738 1900 3738 1877 3739 1900 3739 1878 3739 1878 3740 1900 3740 1879 3740 1879 3741 1900 3741 1901 3741 1879 3742 1901 3742 1902 3742 1879 3743 1902 3743 1903 3743 1879 3744 1903 3744 1880 3744 1880 3745 1903 3745 1904 3745 1880 3746 1904 3746 1881 3746 1881 3747 1904 3747 1905 3747 1881 3748 1905 3748 1882 3748 1882 3749 1906 3749 1907 3749 1882 3750 1907 3750 1908 3750 1882 3751 1908 3751 1909 3751 1882 3752 1909 3752 1910 3752 1882 3753 1910 3753 1911 3753 1882 3754 1911 3754 1883 3754 1882 3755 1905 3755 1912 3755 1882 3756 1912 3756 1906 3756 1883 3757 1911 3757 1884 3757 1884 3758 1911 3758 1913 3758 1884 3759 1913 3759 1914 3759 1884 3760 1914 3760 1915 3760 1884 3761 1915 3761 1885 3761 1886 3762 1916 3762 1917 3762 1886 3763 1917 3763 1887 3763 1886 3764 1888 3764 1918 3764 1886 3765 1918 3765 1916 3765 1887 3766 1917 3766 1919 3766 1887 3767 1919 3767 1889 3767 1888 3768 1893 3768 1920 3768 1888 3769 1920 3769 1918 3769 1889 3770 1919 3770 1921 3770 1889 3771 1921 3771 1922 3771 1889 3772 1922 3772 1890 3772 1890 3773 1922 3773 1923 3773 1890 3774 1923 3774 1924 3774 1890 3775 1924 3775 1873 3775 1873 3776 1924 3776 1894 3776 1885 3777 1915 3777 1925 3777 1885 3778 1925 3778 1891 3778 1891 3779 1925 3779 1926 3779 1891 3780 1926 3780 1892 3780 1892 3781 1926 3781 1927 3781 1892 3782 1927 3782 1928 3782 1892 3783 1928 3783 1893 3783 1893 3784 1928 3784 1920 3784 1895 3785 1894 3785 1929 3785 1895 3786 1929 3786 1930 3786 1895 3787 1930 3787 1931 3787 1895 3788 1931 3788 1896 3788 1896 3789 1931 3789 1897 3789 1897 3790 1932 3790 1933 3790 1897 3791 1933 3791 1934 3791 1897 3792 1934 3792 1898 3792 1897 3793 1931 3793 1935 3793 1897 3794 1935 3794 1936 3794 1897 3795 1936 3795 1937 3795 1897 3796 1937 3796 1932 3796 1898 3797 1934 3797 1933 3797 1898 3798 1933 3798 1938 3798 1898 3799 1938 3799 1939 3799 1898 3800 1939 3800 1940 3800 1898 3801 1940 3801 1941 3801 1898 3802 1941 3802 1942 3802 1898 3803 1942 3803 1943 3803 1898 3804 1943 3804 1944 3804 1898 3805 1944 3805 1945 3805 1898 3806 1945 3806 1946 3806 1898 3807 1946 3807 1947 3807 1898 3808 1947 3808 1948 3808 1898 3809 1948 3809 1949 3809 1898 3810 1949 3810 1950 3810 1898 3811 1950 3811 1951 3811 1898 3812 1951 3812 1952 3812 1898 3813 1952 3813 1953 3813 1898 3814 1953 3814 1954 3814 1898 3815 1954 3815 1955 3815 1898 3816 1955 3816 1956 3816 1898 3817 1956 3817 1957 3817 1898 3818 1957 3818 1958 3818 1898 3819 1958 3819 1959 3819 1898 3820 1959 3820 1960 3820 1898 3821 1960 3821 1961 3821 1898 3822 1961 3822 1962 3822 1898 3823 1962 3823 1963 3823 1898 3824 1963 3824 1964 3824 1898 3825 1964 3825 1965 3825 1898 3826 1965 3826 1966 3826 1898 3827 1966 3827 1967 3827 1898 3828 1967 3828 1968 3828 1898 3829 1968 3829 1969 3829 1898 3830 1969 3830 1970 3830 1898 3831 1970 3831 1971 3831 1898 3832 1971 3832 1972 3832 1898 3833 1972 3833 1973 3833 1898 3834 1973 3834 1974 3834 1898 3835 1974 3835 1975 3835 1898 3836 1975 3836 1976 3836 1898 3837 1976 3837 1977 3837 1898 3838 1977 3838 1978 3838 1898 3839 1978 3839 1979 3839 1898 3840 1979 3840 1980 3840 1898 3841 1980 3841 1981 3841 1898 3842 1981 3842 1982 3842 1898 3843 1982 3843 1983 3843 1898 3844 1983 3844 1984 3844 1898 3845 1984 3845 1985 3845 1898 3846 1985 3846 1986 3846 1898 3847 1986 3847 1987 3847 1898 3848 1987 3848 1988 3848 1898 3849 1988 3849 1989 3849 1898 3850 1989 3850 1990 3850 1898 3851 1990 3851 1991 3851 1898 3852 1991 3852 1992 3852 1898 3853 1992 3853 1993 3853 1898 3854 1993 3854 1994 3854 1898 3855 1994 3855 1995 3855 1898 3856 1995 3856 1996 3856 1898 3857 1996 3857 1908 3857 1898 3858 1908 3858 1907 3858 1898 3859 1907 3859 1906 3859 1898 3860 1906 3860 1912 3860 1898 3861 1912 3861 1905 3861 1898 3862 1905 3862 1904 3862 1898 3863 1904 3863 1903 3863 1898 3864 1903 3864 1902 3864 1898 3865 1902 3865 1901 3865 1898 3866 1901 3866 1900 3866 1898 3867 1900 3867 1899 3867 1908 3868 1996 3868 1909 3868 1909 3869 1997 3869 1998 3869 1909 3870 1998 3870 1999 3870 1909 3871 1999 3871 2000 3871 1909 3872 2000 3872 1910 3872 1909 3873 1996 3873 1995 3873 1909 3874 1995 3874 2001 3874 1909 3875 2001 3875 1997 3875 1910 3876 2000 3876 1913 3876 1910 3877 1913 3877 1911 3877 1913 3878 2002 3878 1914 3878 1913 3879 2000 3879 1999 3879 1913 3880 1999 3880 2003 3880 1913 3881 2003 3881 2004 3881 1913 3882 2004 3882 2002 3882 1914 3883 2002 3883 2005 3883 1914 3884 2005 3884 1915 3884 1916 3885 2006 3885 2007 3885 1916 3886 2007 3886 1917 3886 1916 3887 1918 3887 2006 3887 1917 3888 2007 3888 1919 3888 1918 3889 2008 3889 2006 3889 1918 3890 1920 3890 2008 3890 1919 3891 2007 3891 2009 3891 1919 3892 2009 3892 2010 3892 1919 3893 2010 3893 1921 3893 1920 3894 2011 3894 2008 3894 1920 3895 1928 3895 2012 3895 1920 3896 2012 3896 2011 3896 1921 3897 2010 3897 2013 3897 1921 3898 2013 3898 1922 3898 1922 3899 2013 3899 2014 3899 1922 3900 2014 3900 1923 3900 1923 3901 2015 3901 2016 3901 1923 3902 2016 3902 2017 3902 1923 3903 2017 3903 1924 3903 1923 3904 2014 3904 2018 3904 1923 3905 2018 3905 2015 3905 1924 3906 2017 3906 1894 3906 1894 3907 2017 3907 1929 3907 1915 3908 2005 3908 2019 3908 1915 3909 2019 3909 1925 3909 1925 3910 2019 3910 1926 3910 1926 3911 2019 3911 2020 3911 1926 3912 2020 3912 2021 3912 1926 3913 2021 3913 2022 3913 1926 3914 2022 3914 2023 3914 1926 3915 2023 3915 1927 3915 1927 3916 2023 3916 2024 3916 1927 3917 2024 3917 2025 3917 1927 3918 2025 3918 2026 3918 1927 3919 2026 3919 2027 3919 1927 3920 2027 3920 1928 3920 1928 3921 2027 3921 2012 3921 1930 3922 1929 3922 2028 3922 1930 3923 2028 3923 2029 3923 1930 3924 2029 3924 1931 3924 1931 3925 2029 3925 2030 3925 1931 3926 2030 3926 1935 3926 1932 3927 1937 3927 1933 3927 1933 3928 1937 3928 1938 3928 1935 3929 2030 3929 2031 3929 1935 3930 2031 3930 1936 3930 1936 3931 2032 3931 2033 3931 1936 3932 2033 3932 2034 3932 1936 3933 2034 3933 2035 3933 1936 3934 2035 3934 2036 3934 1936 3935 2036 3935 1938 3935 1936 3936 1938 3936 1937 3936 1936 3937 2031 3937 2032 3937 1997 3938 2037 3938 2038 3938 1997 3939 2038 3939 1998 3939 1997 3940 2001 3940 2039 3940 1997 3941 2039 3941 2040 3941 1997 3942 2040 3942 2037 3942 1998 3943 2038 3943 2003 3943 1998 3944 2003 3944 1999 3944 1995 3945 1994 3945 2001 3945 2001 3946 2040 3946 2039 3946 2001 3947 1994 3947 1993 3947 2001 3948 1993 3948 1992 3948 2001 3949 1992 3949 1991 3949 2001 3950 1991 3950 2041 3950 2001 3951 2041 3951 2042 3951 2001 3952 2042 3952 2043 3952 2001 3953 2043 3953 2040 3953 2002 3954 2004 3954 2020 3954 2002 3955 2020 3955 2005 3955 2003 3956 2038 3956 2044 3956 2003 3957 2044 3957 2021 3957 2003 3958 2021 3958 2020 3958 2003 3959 2020 3959 2004 3959 2006 3960 2008 3960 2045 3960 2006 3961 2045 3961 2046 3961 2006 3962 2046 3962 2047 3962 2006 3963 2047 3963 2007 3963 2007 3964 2047 3964 2009 3964 2008 3965 2011 3965 2045 3965 2009 3966 2047 3966 2048 3966 2009 3967 2048 3967 2049 3967 2009 3968 2049 3968 2050 3968 2009 3969 2050 3969 2051 3969 2009 3970 2051 3970 2052 3970 2009 3971 2052 3971 2010 3971 2010 3972 2052 3972 2053 3972 2010 3973 2053 3973 2013 3973 2011 3974 2054 3974 2055 3974 2011 3975 2055 3975 2045 3975 2011 3976 2012 3976 2056 3976 2011 3977 2056 3977 2057 3977 2011 3978 2057 3978 2054 3978 2012 3979 2027 3979 2056 3979 2013 3980 2053 3980 2014 3980 2014 3981 2053 3981 2058 3981 2014 3982 2058 3982 2059 3982 2014 3983 2059 3983 2018 3983 2015 3984 2060 3984 2016 3984 2015 3985 2018 3985 2061 3985 2015 3986 2061 3986 2060 3986 2016 3987 2060 3987 2028 3987 2016 3988 2028 3988 2017 3988 2017 3989 2028 3989 1929 3989 2018 3990 2062 3990 2061 3990 2018 3991 2059 3991 2063 3991 2018 3992 2063 3992 2064 3992 2018 3993 2064 3993 2065 3993 2018 3994 2065 3994 2066 3994 2018 3995 2066 3995 2062 3995 2005 3996 2020 3996 2019 3996 2021 3997 2044 3997 2023 3997 2021 3998 2023 3998 2022 3998 2023 3999 2044 3999 2067 3999 2023 4000 2067 4000 2024 4000 2024 4001 2067 4001 2068 4001 2024 4002 2068 4002 2025 4002 2025 4003 2068 4003 2069 4003 2025 4004 2069 4004 2070 4004 2025 4005 2070 4005 2071 4005 2025 4006 2071 4006 2072 4006 2025 4007 2072 4007 2026 4007 2026 4008 2072 4008 2056 4008 2026 4009 2056 4009 2027 4009 2029 4010 2028 4010 2060 4010 2029 4011 2060 4011 2030 4011 2030 4012 2060 4012 2073 4012 2030 4013 2073 4013 2074 4013 2030 4014 2074 4014 2032 4014 2030 4015 2032 4015 2031 4015 1938 4016 2036 4016 1939 4016 2032 4017 2074 4017 2075 4017 2032 4018 2075 4018 2076 4018 2032 4019 2076 4019 2077 4019 2032 4020 2077 4020 2078 4020 2032 4021 2078 4021 2034 4021 2032 4022 2034 4022 2033 4022 2034 4023 2078 4023 2079 4023 2034 4024 2079 4024 2080 4024 2034 4025 2080 4025 2081 4025 2034 4026 2081 4026 2035 4026 2035 4027 2081 4027 2082 4027 2035 4028 2082 4028 1939 4028 2035 4029 1939 4029 2036 4029 2037 4030 2067 4030 2044 4030 2037 4031 2044 4031 2038 4031 2037 4032 2040 4032 2083 4032 2037 4033 2083 4033 2084 4033 2037 4034 2084 4034 2067 4034 2040 4035 2085 4035 2083 4035 2040 4036 2043 4036 2042 4036 2040 4037 2042 4037 2086 4037 2040 4038 2086 4038 2085 4038 1991 4039 1990 4039 2041 4039 2041 4040 1990 4040 1989 4040 2041 4041 1989 4041 2087 4041 2041 4042 2087 4042 2088 4042 2041 4043 2088 4043 2042 4043 2042 4044 2089 4044 2086 4044 2042 4045 2088 4045 2090 4045 2042 4046 2090 4046 2089 4046 2045 4047 2055 4047 2091 4047 2045 4048 2091 4048 2046 4048 2046 4049 2091 4049 2092 4049 2046 4050 2092 4050 2093 4050 2046 4051 2093 4051 2094 4051 2046 4052 2094 4052 2095 4052 2046 4053 2095 4053 2096 4053 2046 4054 2096 4054 2047 4054 2047 4055 2096 4055 2048 4055 2048 4056 2096 4056 2097 4056 2048 4057 2097 4057 2049 4057 2049 4058 2097 4058 2098 4058 2049 4059 2098 4059 2050 4059 2050 4060 2099 4060 2100 4060 2050 4061 2100 4061 2101 4061 2050 4062 2101 4062 2102 4062 2050 4063 2102 4063 2103 4063 2050 4064 2103 4064 2051 4064 2050 4065 2098 4065 2099 4065 2051 4066 2104 4066 2105 4066 2051 4067 2105 4067 2052 4067 2051 4068 2103 4068 2104 4068 2052 4069 2105 4069 2053 4069 2053 4070 2105 4070 2059 4070 2053 4071 2059 4071 2058 4071 2054 4072 2106 4072 2091 4072 2054 4073 2091 4073 2055 4073 2054 4074 2057 4074 2107 4074 2054 4075 2107 4075 2108 4075 2054 4076 2108 4076 2109 4076 2054 4077 2109 4077 2110 4077 2054 4078 2110 4078 2111 4078 2054 4079 2111 4079 2106 4079 2056 4080 2072 4080 2112 4080 2056 4081 2112 4081 2057 4081 2057 4082 2112 4082 2107 4082 2059 4083 2105 4083 2104 4083 2059 4084 2104 4084 2063 4084 2060 4085 2061 4085 2073 4085 2061 4086 2062 4086 2073 4086 2062 4087 2113 4087 2073 4087 2062 4088 2066 4088 2114 4088 2062 4089 2114 4089 2113 4089 2063 4090 2103 4090 2115 4090 2063 4091 2115 4091 2116 4091 2063 4092 2116 4092 2117 4092 2063 4093 2117 4093 2118 4093 2063 4094 2118 4094 2064 4094 2063 4095 2104 4095 2103 4095 2064 4096 2119 4096 2065 4096 2064 4097 2118 4097 2119 4097 2065 4098 2119 4098 2120 4098 2065 4099 2120 4099 2066 4099 2066 4100 2120 4100 2114 4100 2067 4101 2084 4101 2068 4101 2068 4102 2084 4102 2121 4102 2068 4103 2121 4103 2122 4103 2068 4104 2122 4104 2069 4104 2069 4105 2122 4105 2123 4105 2069 4106 2123 4106 2070 4106 2070 4107 2123 4107 2124 4107 2070 4108 2124 4108 2125 4108 2070 4109 2125 4109 2071 4109 2071 4110 2125 4110 2126 4110 2071 4111 2126 4111 2112 4111 2071 4112 2112 4112 2072 4112 2074 4113 2073 4113 2113 4113 2074 4114 2113 4114 2075 4114 1939 4115 2082 4115 1940 4115 2075 4116 2113 4116 2114 4116 2075 4117 2114 4117 2076 4117 2076 4118 2114 4118 2120 4118 2076 4119 2120 4119 2077 4119 2077 4120 2120 4120 2119 4120 2077 4121 2119 4121 2078 4121 2078 4122 2119 4122 2127 4122 2078 4123 2127 4123 2128 4123 2078 4124 2128 4124 2079 4124 2079 4125 2129 4125 2130 4125 2079 4126 2130 4126 2131 4126 2079 4127 2131 4127 2132 4127 2079 4128 2132 4128 2133 4128 2079 4129 2133 4129 2081 4129 2079 4130 2081 4130 2080 4130 2079 4131 2128 4131 2129 4131 2081 4132 2133 4132 2134 4132 2081 4133 2134 4133 2135 4133 2081 4134 2135 4134 2082 4134 2082 4135 2135 4135 1940 4135 2083 4136 2085 4136 2121 4136 2083 4137 2121 4137 2084 4137 2085 4138 2086 4138 2122 4138 2085 4139 2122 4139 2121 4139 2086 4140 2089 4140 2123 4140 2086 4141 2123 4141 2122 4141 1989 4142 1988 4142 2087 4142 2087 4143 1987 4143 1986 4143 2087 4144 1986 4144 2136 4144 2087 4145 2136 4145 2137 4145 2087 4146 2137 4146 2138 4146 2087 4147 2138 4147 2088 4147 2087 4148 1988 4148 1987 4148 2088 4149 2138 4149 2090 4149 2089 4150 2090 4150 2124 4150 2089 4151 2124 4151 2123 4151 2090 4152 2138 4152 2139 4152 2090 4153 2139 4153 2140 4153 2090 4154 2140 4154 2124 4154 2091 4155 2106 4155 2141 4155 2091 4156 2141 4156 2092 4156 2092 4157 2141 4157 2093 4157 2096 4158 2095 4158 2142 4158 2096 4159 2142 4159 2097 4159 2097 4160 2142 4160 2098 4160 2098 4161 2142 4161 2143 4161 2098 4162 2143 4162 2144 4162 2098 4163 2144 4163 2099 4163 2099 4164 2144 4164 2145 4164 2099 4165 2145 4165 2100 4165 2100 4166 2145 4166 2146 4166 2100 4167 2146 4167 2147 4167 2100 4168 2147 4168 2148 4168 2100 4169 2148 4169 2102 4169 2100 4170 2102 4170 2101 4170 2102 4171 2148 4171 2115 4171 2102 4172 2115 4172 2103 4172 2106 4173 2111 4173 2149 4173 2106 4174 2149 4174 2141 4174 2107 4175 2112 4175 2150 4175 2107 4176 2150 4176 2108 4176 2108 4177 2150 4177 2109 4177 2109 4178 2150 4178 2151 4178 2109 4179 2151 4179 2152 4179 2109 4180 2152 4180 2153 4180 2109 4181 2153 4181 2110 4181 2110 4182 2153 4182 2154 4182 2110 4183 2154 4183 2155 4183 2110 4184 2155 4184 2111 4184 2111 4185 2155 4185 2156 4185 2111 4186 2156 4186 2157 4186 2111 4187 2157 4187 2149 4187 2112 4188 2126 4188 2150 4188 2115 4189 2148 4189 2158 4189 2115 4190 2158 4190 2116 4190 2116 4191 2159 4191 2160 4191 2116 4192 2160 4192 2117 4192 2116 4193 2158 4193 2161 4193 2116 4194 2161 4194 2162 4194 2116 4195 2162 4195 2159 4195 2117 4196 2160 4196 2163 4196 2117 4197 2163 4197 2118 4197 2118 4198 2163 4198 2127 4198 2118 4199 2127 4199 2119 4199 2124 4200 2140 4200 2125 4200 2125 4201 2140 4201 2164 4201 2125 4202 2164 4202 2126 4202 2126 4203 2164 4203 2165 4203 2126 4204 2165 4204 2166 4204 2126 4205 2166 4205 2150 4205 1940 4206 2135 4206 1941 4206 2128 4207 2127 4207 2163 4207 2128 4208 2163 4208 2129 4208 2129 4209 2163 4209 2160 4209 2129 4210 2160 4210 2130 4210 2130 4211 2160 4211 2159 4211 2130 4212 2159 4212 2131 4212 2131 4213 2159 4213 2162 4213 2131 4214 2162 4214 2167 4214 2131 4215 2167 4215 2168 4215 2131 4216 2168 4216 2132 4216 2132 4217 2134 4217 2133 4217 2132 4218 2168 4218 2169 4218 2132 4219 2169 4219 2134 4219 2134 4220 2169 4220 2170 4220 2134 4221 2170 4221 2171 4221 2134 4222 2171 4222 1941 4222 2134 4223 1941 4223 2135 4223 1986 4224 1985 4224 2136 4224 2136 4225 2172 4225 2137 4225 2136 4226 1985 4226 2173 4226 2136 4227 2173 4227 2172 4227 2137 4228 2172 4228 2174 4228 2137 4229 2174 4229 2138 4229 2138 4230 2174 4230 2139 4230 2139 4231 2174 4231 2175 4231 2139 4232 2175 4232 2140 4232 2141 4233 2176 4233 2093 4233 2141 4234 2149 4234 2177 4234 2141 4235 2177 4235 2176 4235 2093 4236 2176 4236 2178 4236 2093 4237 2178 4237 2094 4237 2095 4238 2179 4238 2180 4238 2095 4239 2180 4239 2181 4239 2095 4240 2181 4240 2182 4240 2095 4241 2182 4241 2142 4241 2095 4242 2094 4242 2179 4242 2142 4243 2182 4243 2143 4243 2143 4244 2182 4244 2183 4244 2143 4245 2183 4245 2184 4245 2143 4246 2184 4246 2144 4246 2144 4247 2184 4247 2185 4247 2144 4248 2185 4248 2145 4248 2145 4249 2185 4249 2186 4249 2145 4250 2186 4250 2187 4250 2145 4251 2187 4251 2188 4251 2145 4252 2188 4252 2189 4252 2145 4253 2189 4253 2147 4253 2145 4254 2147 4254 2146 4254 2147 4255 2189 4255 2158 4255 2147 4256 2158 4256 2148 4256 2149 4257 2157 4257 2190 4257 2149 4258 2190 4258 2177 4258 2150 4259 2166 4259 2151 4259 2151 4260 2166 4260 2191 4260 2151 4261 2191 4261 2152 4261 2152 4262 2191 4262 2192 4262 2152 4263 2192 4263 2153 4263 2153 4264 2192 4264 2154 4264 2154 4265 2192 4265 2193 4265 2154 4266 2193 4266 2194 4266 2154 4267 2194 4267 2155 4267 2155 4268 2194 4268 2156 4268 2156 4269 2194 4269 2195 4269 2156 4270 2195 4270 2196 4270 2156 4271 2196 4271 2157 4271 2157 4272 2196 4272 2190 4272 2158 4273 2197 4273 2161 4273 2158 4274 2189 4274 2198 4274 2158 4275 2198 4275 2199 4275 2158 4276 2199 4276 2197 4276 2161 4277 2197 4277 2162 4277 2162 4278 2197 4278 2200 4278 2162 4279 2200 4279 2201 4279 2162 4280 2201 4280 2167 4280 2140 4281 2175 4281 2165 4281 2140 4282 2165 4282 2164 4282 2165 4283 2175 4283 2202 4283 2165 4284 2202 4284 2166 4284 2166 4285 2202 4285 2191 4285 1941 4286 2171 4286 1942 4286 2167 4287 2201 4287 2168 4287 2168 4288 2170 4288 2169 4288 2168 4289 2201 4289 2203 4289 2168 4290 2203 4290 2204 4290 2168 4291 2204 4291 2205 4291 2168 4292 2205 4292 2206 4292 2168 4293 2206 4293 2170 4293 2170 4294 2206 4294 2205 4294 2170 4295 2205 4295 2207 4295 2170 4296 2207 4296 2208 4296 2170 4297 2208 4297 2171 4297 2171 4298 2208 4298 1942 4298 1985 4299 1984 4299 2173 4299 2172 4300 2209 4300 2174 4300 2172 4301 2173 4301 2210 4301 2172 4302 2210 4302 2211 4302 2172 4303 2211 4303 2209 4303 2173 4304 1982 4304 1981 4304 2173 4305 1981 4305 2212 4305 2173 4306 2212 4306 2213 4306 2173 4307 2213 4307 2214 4307 2173 4308 2214 4308 2215 4308 2173 4309 2215 4309 2216 4309 2173 4310 2216 4310 2210 4310 2173 4311 1984 4311 1983 4311 2173 4312 1983 4312 1982 4312 2174 4313 2209 4313 2217 4313 2174 4314 2217 4314 2175 4314 2176 4315 2218 4315 2178 4315 2176 4316 2177 4316 2219 4316 2176 4317 2219 4317 2218 4317 2177 4318 2190 4318 2220 4318 2177 4319 2220 4319 2221 4319 2177 4320 2221 4320 2219 4320 2178 4321 2218 4321 2222 4321 2178 4322 2222 4322 2223 4322 2178 4323 2223 4323 2224 4323 2178 4324 2224 4324 2094 4324 2094 4325 2224 4325 2225 4325 2094 4326 2225 4326 2226 4326 2094 4327 2226 4327 2227 4327 2094 4328 2227 4328 2179 4328 2179 4329 2227 4329 2228 4329 2179 4330 2228 4330 2180 4330 2180 4331 2228 4331 2229 4331 2180 4332 2229 4332 2181 4332 2181 4333 2229 4333 2230 4333 2181 4334 2230 4334 2183 4334 2181 4335 2183 4335 2182 4335 2183 4336 2230 4336 2231 4336 2183 4337 2231 4337 2184 4337 2184 4338 2231 4338 2185 4338 2185 4339 2232 4339 2186 4339 2185 4340 2231 4340 2232 4340 2186 4341 2233 4341 2187 4341 2186 4342 2232 4342 2234 4342 2186 4343 2234 4343 2235 4343 2186 4344 2235 4344 2233 4344 2188 4345 2187 4345 2236 4345 2188 4346 2236 4346 2237 4346 2188 4347 2237 4347 2238 4347 2188 4348 2238 4348 2189 4348 2189 4349 2238 4349 2199 4349 2189 4350 2199 4350 2198 4350 2190 4351 2196 4351 2220 4351 2191 4352 2239 4352 2240 4352 2191 4353 2240 4353 2241 4353 2191 4354 2241 4354 2192 4354 2191 4355 2202 4355 2239 4355 2192 4356 2241 4356 2242 4356 2192 4357 2242 4357 2193 4357 2193 4358 2243 4358 2244 4358 2193 4359 2244 4359 2245 4359 2193 4360 2245 4360 2246 4360 2193 4361 2246 4361 2247 4361 2193 4362 2247 4362 2194 4362 2193 4363 2242 4363 2243 4363 2194 4364 2247 4364 2195 4364 2195 4365 2247 4365 2248 4365 2195 4366 2248 4366 2249 4366 2195 4367 2249 4367 2196 4367 2196 4368 2249 4368 2250 4368 2196 4369 2250 4369 2251 4369 2196 4370 2251 4370 2220 4370 2197 4371 2199 4371 2252 4371 2197 4372 2252 4372 2200 4372 2199 4373 2238 4373 2253 4373 2199 4374 2253 4374 2204 4374 2199 4375 2204 4375 2203 4375 2199 4376 2203 4376 2252 4376 2200 4377 2252 4377 2203 4377 2200 4378 2203 4378 2201 4378 2175 4379 2217 4379 2202 4379 2202 4380 2217 4380 2239 4380 1942 4381 2208 4381 1943 4381 2204 4382 2253 4382 2254 4382 2204 4383 2254 4383 2205 4383 2205 4384 2254 4384 2207 4384 2207 4385 1943 4385 2208 4385 2207 4386 2254 4386 2255 4386 2207 4387 2255 4387 1943 4387 2209 4388 2211 4388 2256 4388 2209 4389 2256 4389 2217 4389 2210 4390 2216 4390 2211 4390 2211 4391 2216 4391 2257 4391 2211 4392 2257 4392 2258 4392 2211 4393 2258 4393 2256 4393 1981 4394 1980 4394 2213 4394 1981 4395 2213 4395 2212 4395 2213 4396 2259 4396 2214 4396 2213 4397 1980 4397 1979 4397 2213 4398 1979 4398 2260 4398 2213 4399 2260 4399 2261 4399 2213 4400 2261 4400 2259 4400 2214 4401 2259 4401 2262 4401 2214 4402 2262 4402 2263 4402 2214 4403 2263 4403 2264 4403 2214 4404 2264 4404 2215 4404 2215 4405 2257 4405 2216 4405 2215 4406 2264 4406 2265 4406 2215 4407 2265 4407 2257 4407 2218 4408 2219 4408 2222 4408 2219 4409 2221 4409 2266 4409 2219 4410 2266 4410 2267 4410 2219 4411 2267 4411 2268 4411 2219 4412 2268 4412 2222 4412 2220 4413 2251 4413 2221 4413 2221 4414 2251 4414 2266 4414 2222 4415 2269 4415 2225 4415 2222 4416 2225 4416 2223 4416 2222 4417 2268 4417 2270 4417 2222 4418 2270 4418 2271 4418 2222 4419 2271 4419 2272 4419 2222 4420 2272 4420 2269 4420 2223 4421 2225 4421 2224 4421 2225 4422 2269 4422 2272 4422 2225 4423 2272 4423 2273 4423 2225 4424 2273 4424 2274 4424 2225 4425 2274 4425 2226 4425 2226 4426 2274 4426 2275 4426 2226 4427 2275 4427 2276 4427 2226 4428 2276 4428 2227 4428 2227 4429 2276 4429 2277 4429 2227 4430 2277 4430 2228 4430 2228 4431 2277 4431 2229 4431 2229 4432 2277 4432 2278 4432 2229 4433 2278 4433 2230 4433 2230 4434 2278 4434 2279 4434 2230 4435 2279 4435 2231 4435 2231 4436 2279 4436 2280 4436 2231 4437 2280 4437 2232 4437 2232 4438 2280 4438 2234 4438 2233 4439 2281 4439 2187 4439 2233 4440 2235 4440 2281 4440 2187 4441 2281 4441 2282 4441 2187 4442 2282 4442 2236 4442 2234 4443 2283 4443 2284 4443 2234 4444 2284 4444 2235 4444 2234 4445 2280 4445 2285 4445 2234 4446 2285 4446 2286 4446 2234 4447 2286 4447 2283 4447 2235 4448 2284 4448 2287 4448 2235 4449 2287 4449 2281 4449 2237 4450 2236 4450 2288 4450 2237 4451 2288 4451 2289 4451 2237 4452 2289 4452 2253 4452 2237 4453 2253 4453 2238 4453 2239 4454 2256 4454 2240 4454 2239 4455 2217 4455 2256 4455 2240 4456 2256 4456 2258 4456 2240 4457 2258 4457 2290 4457 2240 4458 2290 4458 2241 4458 2241 4459 2290 4459 2291 4459 2241 4460 2291 4460 2242 4460 2242 4461 2291 4461 2292 4461 2242 4462 2292 4462 2293 4462 2242 4463 2293 4463 2243 4463 2243 4464 2293 4464 2244 4464 2244 4465 2294 4465 2245 4465 2244 4466 2293 4466 2294 4466 2245 4467 2294 4467 2295 4467 2245 4468 2295 4468 2296 4468 2245 4469 2296 4469 2246 4469 2246 4470 2296 4470 2297 4470 2246 4471 2297 4471 2247 4471 2247 4472 2297 4472 2248 4472 2248 4473 2298 4473 2299 4473 2248 4474 2299 4474 2249 4474 2248 4475 2297 4475 2300 4475 2248 4476 2300 4476 2298 4476 2249 4477 2299 4477 2301 4477 2249 4478 2301 4478 2250 4478 2251 4479 2302 4479 2266 4479 2251 4480 2250 4480 2302 4480 1943 4481 2255 4481 1944 4481 2253 4482 2289 4482 2255 4482 2253 4483 2255 4483 2254 4483 2255 4484 2289 4484 2288 4484 2255 4485 2288 4485 2303 4485 2255 4486 2303 4486 2304 4486 2255 4487 2304 4487 2305 4487 2255 4488 2305 4488 1944 4488 2257 4489 2265 4489 2290 4489 2257 4490 2290 4490 2258 4490 2259 4491 2261 4491 2306 4491 2259 4492 2306 4492 2262 4492 1979 4493 1978 4493 2260 4493 2260 4494 2307 4494 2308 4494 2260 4495 2308 4495 2309 4495 2260 4496 2309 4496 2306 4496 2260 4497 2306 4497 2261 4497 2260 4498 1978 4498 1977 4498 2260 4499 1977 4499 1976 4499 2260 4500 1976 4500 2307 4500 2262 4501 2306 4501 2310 4501 2262 4502 2310 4502 2294 4502 2262 4503 2294 4503 2293 4503 2262 4504 2293 4504 2292 4504 2262 4505 2292 4505 2263 4505 2263 4506 2292 4506 2291 4506 2263 4507 2291 4507 2264 4507 2264 4508 2291 4508 2290 4508 2264 4509 2290 4509 2265 4509 2266 4510 2302 4510 2311 4510 2266 4511 2311 4511 2312 4511 2266 4512 2312 4512 2267 4512 2267 4513 2312 4513 2268 4513 2268 4514 2312 4514 2313 4514 2268 4515 2313 4515 2270 4515 2270 4516 2314 4516 2315 4516 2270 4517 2315 4517 2271 4517 2270 4518 2313 4518 2316 4518 2270 4519 2316 4519 2314 4519 2271 4520 2315 4520 2272 4520 2272 4521 2315 4521 2273 4521 2273 4522 2315 4522 2317 4522 2273 4523 2317 4523 2318 4523 2273 4524 2318 4524 2319 4524 2273 4525 2319 4525 2320 4525 2273 4526 2320 4526 2321 4526 2273 4527 2321 4527 2322 4527 2273 4528 2322 4528 2323 4528 2273 4529 2323 4529 2324 4529 2273 4530 2324 4530 2325 4530 2273 4531 2325 4531 1965 4531 2273 4532 1965 4532 1964 4532 2273 4533 1964 4533 2326 4533 2273 4534 2326 4534 2327 4534 2273 4535 2327 4535 2328 4535 2273 4536 2328 4536 2329 4536 2273 4537 2329 4537 2330 4537 2273 4538 2330 4538 2331 4538 2273 4539 2331 4539 2332 4539 2273 4540 2332 4540 2333 4540 2273 4541 2333 4541 2334 4541 2273 4542 2334 4542 2335 4542 2273 4543 2335 4543 2277 4543 2273 4544 2277 4544 2276 4544 2273 4545 2276 4545 2275 4545 2273 4546 2275 4546 2274 4546 2277 4547 2335 4547 2278 4547 2278 4548 2335 4548 2336 4548 2278 4549 2336 4549 2337 4549 2278 4550 2337 4550 2279 4550 2279 4551 2337 4551 2280 4551 2280 4552 2337 4552 2336 4552 2280 4553 2336 4553 2285 4553 2281 4554 2287 4554 2338 4554 2281 4555 2338 4555 2339 4555 2281 4556 2339 4556 2340 4556 2281 4557 2340 4557 2282 4557 2236 4558 2282 4558 2340 4558 2236 4559 2340 4559 2288 4559 2283 4560 2341 4560 2342 4560 2283 4561 2342 4561 2343 4561 2283 4562 2343 4562 2284 4562 2283 4563 2286 4563 2341 4563 2284 4564 2344 4564 2287 4564 2284 4565 2343 4565 2344 4565 2285 4566 2336 4566 2333 4566 2285 4567 2333 4567 2286 4567 2286 4568 2332 4568 2331 4568 2286 4569 2331 4569 2345 4569 2286 4570 2345 4570 2346 4570 2286 4571 2346 4571 2347 4571 2286 4572 2347 4572 2341 4572 2286 4573 2333 4573 2332 4573 2287 4574 2344 4574 2348 4574 2287 4575 2348 4575 2338 4575 2294 4576 2310 4576 2349 4576 2294 4577 2349 4577 2295 4577 2295 4578 2349 4578 2350 4578 2295 4579 2350 4579 2296 4579 2296 4580 2350 4580 2300 4580 2296 4581 2300 4581 2297 4581 2298 4582 2300 4582 2308 4582 2298 4583 2308 4583 2351 4583 2298 4584 2351 4584 2352 4584 2298 4585 2352 4585 2299 4585 2299 4586 2352 4586 2353 4586 2299 4587 2353 4587 2301 4587 2250 4588 2301 4588 2354 4588 2250 4589 2354 4589 2355 4589 2250 4590 2355 4590 2302 4590 2302 4591 2355 4591 2356 4591 2302 4592 2356 4592 2311 4592 1944 4593 2305 4593 1945 4593 2303 4594 2288 4594 2340 4594 2303 4595 2340 4595 2339 4595 2303 4596 2339 4596 2338 4596 2303 4597 2338 4597 2357 4597 2303 4598 2357 4598 2358 4598 2303 4599 2358 4599 2304 4599 2304 4600 2358 4600 2359 4600 2304 4601 2359 4601 2360 4601 2304 4602 2360 4602 2305 4602 2305 4603 2360 4603 1948 4603 2305 4604 1948 4604 1947 4604 2305 4605 1947 4605 1946 4605 2305 4606 1946 4606 1945 4606 2306 4607 2309 4607 2300 4607 2306 4608 2300 4608 2350 4608 2306 4609 2350 4609 2349 4609 2306 4610 2349 4610 2310 4610 2307 4611 1976 4611 2361 4611 2307 4612 2361 4612 2351 4612 2307 4613 2351 4613 2308 4613 2308 4614 2300 4614 2309 4614 1976 4615 1975 4615 2361 4615 2311 4616 2356 4616 2362 4616 2311 4617 2362 4617 2312 4617 2312 4618 2363 4618 2313 4618 2312 4619 2362 4619 2363 4619 2313 4620 2363 4620 2316 4620 2314 4621 2364 4621 2315 4621 2314 4622 2316 4622 2365 4622 2314 4623 2365 4623 2364 4623 2315 4624 2364 4624 2317 4624 2316 4625 2363 4625 2365 4625 2317 4626 2364 4626 2318 4626 2335 4627 2334 4627 2336 4627 2336 4628 2334 4628 2333 4628 2341 4629 2347 4629 2342 4629 2342 4630 2347 4630 2366 4630 2342 4631 2366 4631 2367 4631 2342 4632 2367 4632 2368 4632 2342 4633 2368 4633 2369 4633 2342 4634 2369 4634 2343 4634 2343 4635 2369 4635 2348 4635 2343 4636 2348 4636 2344 4636 2331 4637 2330 4637 2370 4637 2331 4638 2370 4638 2346 4638 2331 4639 2346 4639 2345 4639 2346 4640 2371 4640 2366 4640 2346 4641 2366 4641 2347 4641 2346 4642 2370 4642 2371 4642 2338 4643 2348 4643 2357 4643 2351 4644 2361 4644 2372 4644 2351 4645 2372 4645 2352 4645 2352 4646 2372 4646 2373 4646 2352 4647 2373 4647 2353 4647 2301 4648 2353 4648 2354 4648 2355 4649 2374 4649 2356 4649 2355 4650 2354 4650 2375 4650 2355 4651 2375 4651 2374 4651 2356 4652 2376 4652 2362 4652 2356 4653 2374 4653 2376 4653 2357 4654 2348 4654 2369 4654 2357 4655 2369 4655 2377 4655 2357 4656 2377 4656 2378 4656 2357 4657 2378 4657 2358 4657 2358 4658 2378 4658 2379 4658 2358 4659 2379 4659 1957 4659 2358 4660 1957 4660 1956 4660 2358 4661 1956 4661 2359 4661 2359 4662 2380 4662 2360 4662 2359 4663 1956 4663 1955 4663 2359 4664 1955 4664 1954 4664 2359 4665 1954 4665 2380 4665 2360 4666 2380 4666 1954 4666 2360 4667 1954 4667 1953 4667 2360 4668 1953 4668 1952 4668 2360 4669 1952 4669 1951 4669 2360 4670 1951 4670 1950 4670 2360 4671 1950 4671 1949 4671 2360 4672 1949 4672 1948 4672 2361 4673 1975 4673 2372 4673 1975 4674 1974 4674 2372 4674 2362 4675 2376 4675 2381 4675 2362 4676 2381 4676 2382 4676 2362 4677 2382 4677 2383 4677 2362 4678 2383 4678 2363 4678 2363 4679 2383 4679 2365 4679 2364 4680 2365 4680 2384 4680 2364 4681 2384 4681 2318 4681 2365 4682 2383 4682 2385 4682 2365 4683 2385 4683 2386 4683 2365 4684 2386 4684 2387 4684 2365 4685 2387 4685 2384 4685 2318 4686 2384 4686 2319 4686 2366 4687 2371 4687 2388 4687 2366 4688 2388 4688 2367 4688 2368 4689 2367 4689 2377 4689 2368 4690 2377 4690 2369 4690 2330 4691 2329 4691 2370 4691 2370 4692 2329 4692 2328 4692 2370 4693 2328 4693 2389 4693 2370 4694 2389 4694 2388 4694 2370 4695 2388 4695 2371 4695 2372 4696 1974 4696 2373 4696 2373 4697 1974 4697 1973 4697 2373 4698 1973 4698 1972 4698 2373 4699 1972 4699 2390 4699 2373 4700 2390 4700 2353 4700 2353 4701 2390 4701 2391 4701 2353 4702 2391 4702 2392 4702 2353 4703 2392 4703 2354 4703 2354 4704 2392 4704 2393 4704 2354 4705 2393 4705 2375 4705 2374 4706 2375 4706 2394 4706 2374 4707 2394 4707 2395 4707 2374 4708 2395 4708 2376 4708 2376 4709 2395 4709 2381 4709 2377 4710 2367 4710 2388 4710 2377 4711 2388 4711 2389 4711 2377 4712 2389 4712 2328 4712 2377 4713 2328 4713 2327 4713 2377 4714 2327 4714 2378 4714 2378 4715 2327 4715 2379 4715 2379 4716 2327 4716 2326 4716 2379 4717 2326 4717 1960 4717 2379 4718 1960 4718 1959 4718 2379 4719 1959 4719 1958 4719 2379 4720 1958 4720 1957 4720 2381 4721 2395 4721 2396 4721 2381 4722 2396 4722 2397 4722 2381 4723 2397 4723 2398 4723 2381 4724 2398 4724 2382 4724 2382 4725 2398 4725 2383 4725 2383 4726 2398 4726 2399 4726 2383 4727 2399 4727 2400 4727 2383 4728 2400 4728 2385 4728 2384 4729 2401 4729 2320 4729 2384 4730 2320 4730 2319 4730 2384 4731 2387 4731 2401 4731 2385 4732 2400 4732 2386 4732 2386 4733 2402 4733 2403 4733 2386 4734 2403 4734 2404 4734 2386 4735 2404 4735 2387 4735 2386 4736 2400 4736 2402 4736 2387 4737 2404 4737 2401 4737 1972 4738 1971 4738 2390 4738 2390 4739 1971 4739 2391 4739 2391 4740 1971 4740 1970 4740 2391 4741 1970 4741 2405 4741 2391 4742 2405 4742 2392 4742 2392 4743 2405 4743 2406 4743 2392 4744 2406 4744 2393 4744 2393 4745 2407 4745 2408 4745 2393 4746 2408 4746 2375 4746 2393 4747 2406 4747 2409 4747 2393 4748 2409 4748 2407 4748 2375 4749 2408 4749 2394 4749 2395 4750 2394 4750 2410 4750 2395 4751 2410 4751 2396 4751 2326 4752 1964 4752 1963 4752 2326 4753 1963 4753 1962 4753 2326 4754 1962 4754 1961 4754 2326 4755 1961 4755 1960 4755 2396 4756 2410 4756 2411 4756 2396 4757 2411 4757 2397 4757 2397 4758 2411 4758 2412 4758 2397 4759 2412 4759 2398 4759 2398 4760 2412 4760 2413 4760 2398 4761 2413 4761 2399 4761 2399 4762 2413 4762 2414 4762 2399 4763 2414 4763 2400 4763 2400 4764 2414 4764 2415 4764 2400 4765 2415 4765 2402 4765 2401 4766 2416 4766 2321 4766 2401 4767 2321 4767 2320 4767 2401 4768 2404 4768 2417 4768 2401 4769 2417 4769 2416 4769 2402 4770 2415 4770 2418 4770 2402 4771 2418 4771 2403 4771 2403 4772 2418 4772 2417 4772 2403 4773 2417 4773 2404 4773 1970 4774 2406 4774 2405 4774 1970 4775 1969 4775 2406 4775 2406 4776 1969 4776 2409 4776 2407 4777 2409 4777 2408 4777 2408 4778 2409 4778 2419 4778 2408 4779 2419 4779 2420 4779 2408 4780 2420 4780 2412 4780 2408 4781 2412 4781 2411 4781 2408 4782 2411 4782 2410 4782 2408 4783 2410 4783 2394 4783 2409 4784 1969 4784 2421 4784 2409 4785 2421 4785 2419 4785 2412 4786 2420 4786 2422 4786 2412 4787 2422 4787 2413 4787 2413 4788 2422 4788 2414 4788 2414 4789 2422 4789 2423 4789 2414 4790 2423 4790 2424 4790 2414 4791 2424 4791 2415 4791 2416 4792 2417 4792 2424 4792 2416 4793 2424 4793 2425 4793 2416 4794 2425 4794 2322 4794 2416 4795 2322 4795 2321 4795 2415 4796 2424 4796 2418 4796 2418 4797 2424 4797 2417 4797 1969 4798 1968 4798 2421 4798 2419 4799 2421 4799 2420 4799 2420 4800 2421 4800 2422 4800 2421 4801 1968 4801 2426 4801 2421 4802 2426 4802 2423 4802 2421 4803 2423 4803 2422 4803 1965 4804 2325 4804 1966 4804 2423 4805 2426 4805 2427 4805 2423 4806 2427 4806 2424 4806 2424 4807 2426 4807 2428 4807 2424 4808 2428 4808 2425 4808 2424 4809 2427 4809 2426 4809 2425 4810 2429 4810 2323 4810 2425 4811 2323 4811 2322 4811 2425 4812 2428 4812 2426 4812 2425 4813 2426 4813 2429 4813 1968 4814 1967 4814 2426 4814 2426 4815 1967 4815 1966 4815 2426 4816 1966 4816 2429 4816 2325 4817 2324 4817 2429 4817 2325 4818 2429 4818 1966 4818 2429 4819 2324 4819 2323 4819 2430 4820 2431 4820 2432 4820 2430 4821 2432 4821 2433 4821 2430 4822 2433 4822 2434 4822 2430 4823 2434 4823 2435 4823 2430 4824 2435 4824 2436 4824 2430 4825 2436 4825 2437 4825 2430 4826 2437 4826 2438 4826 2430 4827 2438 4827 2439 4827 2430 4828 2439 4828 2440 4828 2430 4829 2440 4829 2441 4829 2430 4830 2441 4830 2442 4830 2430 4831 2442 4831 2443 4831 2430 4832 2443 4832 2444 4832 2430 4833 2444 4833 2445 4833 2430 4834 2445 4834 2446 4834 2430 4835 2446 4835 2447 4835 2430 4836 2447 4836 2448 4836 2430 4837 2448 4837 2449 4837 2430 4838 2449 4838 2450 4838 2430 4839 2450 4839 2451 4839 2430 4840 2451 4840 2452 4840 2430 4841 2452 4841 2453 4841 2430 4842 2453 4842 2454 4842 2430 4843 2454 4843 2455 4843 2430 4844 2455 4844 2456 4844 2430 4845 2456 4845 2457 4845 2430 4846 2457 4846 2458 4846 2430 4847 2458 4847 2459 4847 2430 4848 2459 4848 2460 4848 2430 4849 2460 4849 2461 4849 2430 4850 2461 4850 2462 4850 2430 4851 2462 4851 2463 4851 2430 4852 2463 4852 2464 4852 2430 4853 2464 4853 2465 4853 2430 4854 2465 4854 2466 4854 2430 4855 2466 4855 2467 4855 2430 4856 2467 4856 2468 4856 2430 4857 2468 4857 2469 4857 2430 4858 2469 4858 2470 4858 2430 4859 2470 4859 2471 4859 2430 4860 2471 4860 2472 4860 2430 4861 2472 4861 2473 4861 2430 4862 2473 4862 2474 4862 2430 4863 2474 4863 2475 4863 2430 4864 2475 4864 2476 4864 2430 4865 2476 4865 2477 4865 2430 4866 2477 4866 2478 4866 2430 4867 2478 4867 2479 4867 2430 4868 2479 4868 2480 4868 2430 4869 2480 4869 2481 4869 2430 4870 2481 4870 2482 4870 2430 4871 2482 4871 2483 4871 2430 4872 2483 4872 2431 4872 2431 4873 2483 4873 2484 4873 2431 4874 2484 4874 2485 4874 2431 4875 2485 4875 2434 4875 2431 4876 2434 4876 2433 4876 2431 4877 2433 4877 2432 4877 2461 4878 2460 4878 2462 4878 2483 4879 2482 4879 2486 4879 2483 4880 2486 4880 2487 4880 2483 4881 2487 4881 2484 4881 2485 4882 2484 4882 2488 4882 2485 4883 2488 4883 2489 4883 2485 4884 2489 4884 2434 4884 2434 4885 2489 4885 2435 4885 2460 4886 2459 4886 2490 4886 2460 4887 2490 4887 2491 4887 2460 4888 2491 4888 2492 4888 2460 4889 2492 4889 2493 4889 2460 4890 2493 4890 2494 4890 2460 4891 2494 4891 2495 4891 2460 4892 2495 4892 2496 4892 2460 4893 2496 4893 2497 4893 2460 4894 2497 4894 2498 4894 2460 4895 2498 4895 2499 4895 2460 4896 2499 4896 2500 4896 2460 4897 2500 4897 2501 4897 2460 4898 2501 4898 2464 4898 2460 4899 2464 4899 2463 4899 2460 4900 2463 4900 2502 4900 2460 4901 2502 4901 2462 4901 2462 4902 2502 4902 2463 4902 2482 4903 2503 4903 2486 4903 2482 4904 2481 4904 2503 4904 2486 4905 2503 4905 2487 4905 2487 4906 2503 4906 2504 4906 2487 4907 2504 4907 2488 4907 2487 4908 2488 4908 2484 4908 2489 4909 2488 4909 2505 4909 2489 4910 2505 4910 2506 4910 2489 4911 2506 4911 2436 4911 2489 4912 2436 4912 2435 4912 2459 4913 2507 4913 2508 4913 2459 4914 2508 4914 2509 4914 2459 4915 2509 4915 2510 4915 2459 4916 2510 4916 2511 4916 2459 4917 2511 4917 2490 4917 2459 4918 2458 4918 2507 4918 2503 4919 2512 4919 2504 4919 2503 4920 2481 4920 2480 4920 2503 4921 2480 4921 2513 4921 2503 4922 2513 4922 2514 4922 2503 4923 2514 4923 2512 4923 2504 4924 2512 4924 2488 4924 2488 4925 2512 4925 2505 4925 2506 4926 2505 4926 2515 4926 2506 4927 2515 4927 2516 4927 2506 4928 2516 4928 2438 4928 2506 4929 2438 4929 2437 4929 2506 4930 2437 4930 2436 4930 2507 4931 2517 4931 2518 4931 2507 4932 2518 4932 2519 4932 2507 4933 2519 4933 2509 4933 2507 4934 2509 4934 2508 4934 2507 4935 2458 4935 2457 4935 2507 4936 2457 4936 2517 4936 2509 4937 2519 4937 2520 4937 2509 4938 2520 4938 2521 4938 2509 4939 2521 4939 2511 4939 2509 4940 2511 4940 2510 4940 2511 4941 2492 4941 2491 4941 2511 4942 2491 4942 2490 4942 2511 4943 2521 4943 2522 4943 2511 4944 2522 4944 2492 4944 2464 4945 2501 4945 2523 4945 2464 4946 2523 4946 2465 4946 2512 4947 2524 4947 2525 4947 2512 4948 2525 4948 2515 4948 2512 4949 2515 4949 2505 4949 2512 4950 2514 4950 2526 4950 2512 4951 2526 4951 2524 4951 2480 4952 2479 4952 2513 4952 2513 4953 2479 4953 2527 4953 2513 4954 2527 4954 2526 4954 2513 4955 2526 4955 2514 4955 2516 4956 2515 4956 2528 4956 2516 4957 2528 4957 2529 4957 2516 4958 2529 4958 2438 4958 2438 4959 2529 4959 2439 4959 2517 4960 2457 4960 2456 4960 2517 4961 2456 4961 2455 4961 2517 4962 2455 4962 2518 4962 2518 4963 2530 4963 2531 4963 2518 4964 2531 4964 2532 4964 2518 4965 2532 4965 2533 4965 2518 4966 2533 4966 2519 4966 2518 4967 2455 4967 2454 4967 2518 4968 2454 4968 2453 4968 2518 4969 2453 4969 2530 4969 2519 4970 2534 4970 2520 4970 2519 4971 2533 4971 2534 4971 2520 4972 2535 4972 2492 4972 2520 4973 2492 4973 2522 4973 2520 4974 2522 4974 2521 4974 2520 4975 2534 4975 2535 4975 2492 4976 2535 4976 2534 4976 2492 4977 2534 4977 2493 4977 2465 4978 2523 4978 2536 4978 2465 4979 2536 4979 2537 4979 2465 4980 2537 4980 2466 4980 2501 4981 2500 4981 2523 4981 2523 4982 2500 4982 2499 4982 2523 4983 2499 4983 2536 4983 2524 4984 2538 4984 2525 4984 2524 4985 2526 4985 2539 4985 2524 4986 2539 4986 2540 4986 2524 4987 2540 4987 2538 4987 2525 4988 2538 4988 2528 4988 2525 4989 2528 4989 2515 4989 2526 4990 2527 4990 2541 4990 2526 4991 2541 4991 2542 4991 2526 4992 2542 4992 2539 4992 2479 4993 2478 4993 2527 4993 2527 4994 2478 4994 2541 4994 2529 4995 2528 4995 2543 4995 2529 4996 2543 4996 2544 4996 2529 4997 2544 4997 2439 4997 2439 4998 2544 4998 2440 4998 2530 4999 2453 4999 2531 4999 2531 5000 2545 5000 2546 5000 2531 5001 2546 5001 2532 5001 2531 5002 2453 5002 2547 5002 2531 5003 2547 5003 2548 5003 2531 5004 2548 5004 2545 5004 2532 5005 2546 5005 2533 5005 2533 5006 2546 5006 2549 5006 2533 5007 2549 5007 2534 5007 2453 5008 2452 5008 2550 5008 2453 5009 2550 5009 2551 5009 2453 5010 2551 5010 2547 5010 2534 5011 2549 5011 2494 5011 2534 5012 2494 5012 2493 5012 2466 5013 2552 5013 2467 5013 2466 5014 2537 5014 2536 5014 2466 5015 2536 5015 2552 5015 2536 5016 2499 5016 2553 5016 2536 5017 2553 5017 2554 5017 2536 5018 2554 5018 2555 5018 2536 5019 2555 5019 2552 5019 2499 5020 2498 5020 2556 5020 2499 5021 2556 5021 2553 5021 2538 5022 2557 5022 2528 5022 2538 5023 2540 5023 2557 5023 2539 5024 2542 5024 2540 5024 2540 5025 2558 5025 2559 5025 2540 5026 2559 5026 2560 5026 2540 5027 2560 5027 2561 5027 2540 5028 2561 5028 2557 5028 2540 5029 2542 5029 2562 5029 2540 5030 2562 5030 2558 5030 2528 5031 2557 5031 2543 5031 2541 5032 2478 5032 2477 5032 2541 5033 2477 5033 2476 5033 2541 5034 2476 5034 2563 5034 2541 5035 2563 5035 2564 5035 2541 5036 2564 5036 2542 5036 2542 5037 2564 5037 2562 5037 2544 5038 2445 5038 2444 5038 2544 5039 2444 5039 2443 5039 2544 5040 2443 5040 2442 5040 2544 5041 2442 5041 2441 5041 2544 5042 2441 5042 2440 5042 2544 5043 2543 5043 2565 5043 2544 5044 2565 5044 2566 5044 2544 5045 2566 5045 2446 5045 2544 5046 2446 5046 2445 5046 2545 5047 2548 5047 2567 5047 2545 5048 2567 5048 2561 5048 2545 5049 2561 5049 2568 5049 2545 5050 2568 5050 2559 5050 2545 5051 2559 5051 2546 5051 2546 5052 2569 5052 2549 5052 2546 5053 2559 5053 2558 5053 2546 5054 2558 5054 2570 5054 2546 5055 2570 5055 2571 5055 2546 5056 2571 5056 2572 5056 2546 5057 2572 5057 2573 5057 2546 5058 2573 5058 2574 5058 2546 5059 2574 5059 2569 5059 2547 5060 2551 5060 2548 5060 2548 5061 2551 5061 2575 5061 2548 5062 2575 5062 2567 5062 2549 5063 2569 5063 2574 5063 2549 5064 2574 5064 2576 5064 2549 5065 2576 5065 2577 5065 2549 5066 2577 5066 2578 5066 2549 5067 2578 5067 2579 5067 2549 5068 2579 5068 2580 5068 2549 5069 2580 5069 2581 5069 2549 5070 2581 5070 2494 5070 2452 5071 2451 5071 2550 5071 2550 5072 2451 5072 2551 5072 2551 5073 2451 5073 2582 5073 2551 5074 2582 5074 2575 5074 2494 5075 2581 5075 2583 5075 2494 5076 2583 5076 2495 5076 2552 5077 2555 5077 2468 5077 2552 5078 2468 5078 2467 5078 2553 5079 2584 5079 2585 5079 2553 5080 2585 5080 2554 5080 2553 5081 2556 5081 2584 5081 2554 5082 2585 5082 2586 5082 2554 5083 2586 5083 2555 5083 2555 5084 2586 5084 2585 5084 2555 5085 2585 5085 2587 5085 2555 5086 2587 5086 2468 5086 2498 5087 2497 5087 2584 5087 2498 5088 2584 5088 2556 5088 2557 5089 2561 5089 2567 5089 2557 5090 2567 5090 2565 5090 2557 5091 2565 5091 2543 5091 2558 5092 2571 5092 2570 5092 2558 5093 2562 5093 2588 5093 2558 5094 2588 5094 2571 5094 2559 5095 2568 5095 2560 5095 2560 5096 2568 5096 2561 5096 2562 5097 2564 5097 2589 5097 2562 5098 2589 5098 2588 5098 2476 5099 2475 5099 2563 5099 2563 5100 2475 5100 2564 5100 2564 5101 2590 5101 2591 5101 2564 5102 2591 5102 2589 5102 2564 5103 2475 5103 2474 5103 2564 5104 2474 5104 2590 5104 2565 5105 2592 5105 2566 5105 2565 5106 2567 5106 2592 5106 2566 5107 2592 5107 2448 5107 2566 5108 2448 5108 2447 5108 2566 5109 2447 5109 2446 5109 2567 5110 2575 5110 2592 5110 2571 5111 2588 5111 2573 5111 2571 5112 2573 5112 2572 5112 2573 5113 2588 5113 2574 5113 2574 5114 2588 5114 2593 5114 2574 5115 2593 5115 2594 5115 2574 5116 2594 5116 2577 5116 2574 5117 2577 5117 2576 5117 2575 5118 2582 5118 2592 5118 2577 5119 2594 5119 2595 5119 2577 5120 2595 5120 2578 5120 2578 5121 2596 5121 2579 5121 2578 5122 2595 5122 2596 5122 2579 5123 2596 5123 2580 5123 2580 5124 2596 5124 2597 5124 2580 5125 2597 5125 2495 5125 2580 5126 2495 5126 2583 5126 2580 5127 2583 5127 2581 5127 2451 5128 2450 5128 2582 5128 2582 5129 2450 5129 2449 5129 2582 5130 2449 5130 2592 5130 2495 5131 2598 5131 2496 5131 2495 5132 2597 5132 2596 5132 2495 5133 2596 5133 2598 5133 2468 5134 2587 5134 2469 5134 2584 5135 2599 5135 2600 5135 2584 5136 2600 5136 2595 5136 2584 5137 2595 5137 2594 5137 2584 5138 2594 5138 2601 5138 2584 5139 2601 5139 2585 5139 2584 5140 2497 5140 2602 5140 2584 5141 2602 5141 2599 5141 2585 5142 2601 5142 2603 5142 2585 5143 2603 5143 2587 5143 2587 5144 2603 5144 2469 5144 2497 5145 2496 5145 2604 5145 2497 5146 2604 5146 2605 5146 2497 5147 2605 5147 2602 5147 2588 5148 2589 5148 2591 5148 2588 5149 2591 5149 2593 5149 2590 5150 2474 5150 2473 5150 2590 5151 2473 5151 2591 5151 2591 5152 2473 5152 2606 5152 2591 5153 2606 5153 2607 5153 2591 5154 2607 5154 2593 5154 2592 5155 2449 5155 2448 5155 2593 5156 2607 5156 2594 5156 2594 5157 2608 5157 2601 5157 2594 5158 2607 5158 2609 5158 2594 5159 2609 5159 2608 5159 2595 5160 2600 5160 2610 5160 2595 5161 2610 5161 2596 5161 2596 5162 2611 5162 2598 5162 2596 5163 2610 5163 2611 5163 2598 5164 2604 5164 2496 5164 2598 5165 2611 5165 2604 5165 2469 5166 2603 5166 2470 5166 2599 5167 2602 5167 2605 5167 2599 5168 2605 5168 2600 5168 2600 5169 2605 5169 2610 5169 2601 5170 2608 5170 2609 5170 2601 5171 2609 5171 2470 5171 2601 5172 2470 5172 2603 5172 2604 5173 2611 5173 2605 5173 2605 5174 2611 5174 2610 5174 2473 5175 2472 5175 2606 5175 2606 5176 2472 5176 2607 5176 2607 5177 2472 5177 2471 5177 2607 5178 2471 5178 2609 5178 2609 5179 2471 5179 2470 5179 2612 5180 2613 5180 2614 5180 2612 5181 2614 5181 2615 5181 2612 5182 2615 5182 2616 5182 2612 5183 2616 5183 2617 5183 2612 5184 2617 5184 2618 5184 2612 5185 2618 5185 2619 5185 2612 5186 2619 5186 2620 5186 2612 5187 2620 5187 2621 5187 2612 5188 2621 5188 2622 5188 2612 5189 2622 5189 2623 5189 2612 5190 2623 5190 2624 5190 2612 5191 2624 5191 2625 5191 2612 5192 2625 5192 2626 5192 2612 5193 2626 5193 2627 5193 2612 5194 2627 5194 2628 5194 2612 5195 2628 5195 2629 5195 2612 5196 2629 5196 2630 5196 2612 5197 2630 5197 2631 5197 2612 5198 2631 5198 2632 5198 2612 5199 2632 5199 2633 5199 2612 5200 2633 5200 2634 5200 2612 5201 2634 5201 2635 5201 2612 5202 2635 5202 2636 5202 2612 5203 2636 5203 2637 5203 2612 5204 2637 5204 2638 5204 2612 5205 2638 5205 2639 5205 2612 5206 2639 5206 2613 5206 2613 5207 2639 5207 2640 5207 2613 5208 2640 5208 2614 5208 2614 5209 2640 5209 2641 5209 2614 5210 2641 5210 2642 5210 2614 5211 2642 5211 2643 5211 2614 5212 2643 5212 2615 5212 2615 5213 2643 5213 2644 5213 2615 5214 2644 5214 2645 5214 2615 5215 2645 5215 2616 5215 2616 5216 2645 5216 2644 5216 2616 5217 2644 5217 2646 5217 2616 5218 2646 5218 2647 5218 2616 5219 2647 5219 2617 5219 2639 5220 2638 5220 2640 5220 2640 5221 2637 5221 2636 5221 2640 5222 2636 5222 2648 5222 2640 5223 2648 5223 2649 5223 2640 5224 2649 5224 2641 5224 2640 5225 2638 5225 2650 5225 2640 5226 2650 5226 2637 5226 2641 5227 2649 5227 2648 5227 2641 5228 2648 5228 2651 5228 2641 5229 2651 5229 2652 5229 2641 5230 2652 5230 2653 5230 2641 5231 2653 5231 2654 5231 2641 5232 2654 5232 2642 5232 2642 5233 2654 5233 2655 5233 2642 5234 2655 5234 2656 5234 2642 5235 2656 5235 2643 5235 2643 5236 2656 5236 2657 5236 2643 5237 2657 5237 2658 5237 2643 5238 2658 5238 2659 5238 2643 5239 2659 5239 2660 5239 2643 5240 2660 5240 2661 5240 2643 5241 2661 5241 2662 5241 2643 5242 2662 5242 2644 5242 2644 5243 2618 5243 2646 5243 2644 5244 2662 5244 2663 5244 2644 5245 2663 5245 2664 5245 2644 5246 2664 5246 2619 5246 2644 5247 2619 5247 2618 5247 2646 5248 2618 5248 2647 5248 2647 5249 2618 5249 2617 5249 2638 5250 2637 5250 2665 5250 2638 5251 2665 5251 2650 5251 2637 5252 2650 5252 2665 5252 2636 5253 2635 5253 2651 5253 2636 5254 2651 5254 2648 5254 2651 5255 2635 5255 2634 5255 2651 5256 2634 5256 2666 5256 2651 5257 2666 5257 2652 5257 2652 5258 2666 5258 2667 5258 2652 5259 2667 5259 2668 5259 2652 5260 2668 5260 2669 5260 2652 5261 2669 5261 2653 5261 2653 5262 2669 5262 2670 5262 2653 5263 2670 5263 2671 5263 2653 5264 2671 5264 2654 5264 2654 5265 2671 5265 2672 5265 2654 5266 2672 5266 2655 5266 2655 5267 2673 5267 2656 5267 2655 5268 2672 5268 2674 5268 2655 5269 2674 5269 2673 5269 2656 5270 2673 5270 2657 5270 2657 5271 2673 5271 2658 5271 2658 5272 2673 5272 2675 5272 2658 5273 2675 5273 2659 5273 2659 5274 2675 5274 2660 5274 2660 5275 2675 5275 2661 5275 2661 5276 2676 5276 2664 5276 2661 5277 2664 5277 2662 5277 2661 5278 2675 5278 2677 5278 2661 5279 2677 5279 2678 5279 2661 5280 2678 5280 2676 5280 2662 5281 2664 5281 2663 5281 2664 5282 2676 5282 2619 5282 2619 5283 2676 5283 2620 5283 2634 5284 2633 5284 2667 5284 2634 5285 2667 5285 2666 5285 2667 5286 2633 5286 2679 5286 2667 5287 2679 5287 2668 5287 2668 5288 2679 5288 2680 5288 2668 5289 2680 5289 2681 5289 2668 5290 2681 5290 2682 5290 2668 5291 2682 5291 2683 5291 2668 5292 2683 5292 2684 5292 2668 5293 2684 5293 2685 5293 2668 5294 2685 5294 2669 5294 2669 5295 2685 5295 2686 5295 2669 5296 2686 5296 2670 5296 2670 5297 2686 5297 2671 5297 2671 5298 2686 5298 2672 5298 2672 5299 2686 5299 2687 5299 2672 5300 2687 5300 2674 5300 2673 5301 2688 5301 2689 5301 2673 5302 2689 5302 2675 5302 2673 5303 2674 5303 2687 5303 2673 5304 2687 5304 2690 5304 2673 5305 2690 5305 2691 5305 2673 5306 2691 5306 2692 5306 2673 5307 2692 5307 2693 5307 2673 5308 2693 5308 2694 5308 2673 5309 2694 5309 2695 5309 2673 5310 2695 5310 2696 5310 2673 5311 2696 5311 2688 5311 2675 5312 2689 5312 2677 5312 2676 5313 2678 5313 2697 5313 2676 5314 2697 5314 2621 5314 2676 5315 2621 5315 2620 5315 2677 5316 2689 5316 2696 5316 2677 5317 2696 5317 2695 5317 2677 5318 2695 5318 2698 5318 2677 5319 2698 5319 2699 5319 2677 5320 2699 5320 2700 5320 2677 5321 2700 5321 2701 5321 2677 5322 2701 5322 2702 5322 2677 5323 2702 5323 2622 5323 2677 5324 2622 5324 2621 5324 2677 5325 2621 5325 2697 5325 2677 5326 2697 5326 2678 5326 2633 5327 2680 5327 2679 5327 2633 5328 2632 5328 2681 5328 2633 5329 2681 5329 2680 5329 2681 5330 2632 5330 2682 5330 2682 5331 2632 5331 2631 5331 2682 5332 2631 5332 2683 5332 2683 5333 2630 5333 2703 5333 2683 5334 2703 5334 2684 5334 2683 5335 2631 5335 2630 5335 2684 5336 2703 5336 2704 5336 2684 5337 2704 5337 2705 5337 2684 5338 2705 5338 2685 5338 2685 5339 2705 5339 2686 5339 2686 5340 2705 5340 2706 5340 2686 5341 2706 5341 2687 5341 2687 5342 2706 5342 2707 5342 2687 5343 2707 5343 2690 5343 2688 5344 2696 5344 2689 5344 2630 5345 2629 5345 2703 5345 2703 5346 2629 5346 2628 5346 2703 5347 2628 5347 2708 5347 2703 5348 2708 5348 2704 5348 2704 5349 2708 5349 2709 5349 2704 5350 2709 5350 2710 5350 2704 5351 2710 5351 2711 5351 2704 5352 2711 5352 2705 5352 2705 5353 2711 5353 2707 5353 2705 5354 2707 5354 2706 5354 2707 5355 2692 5355 2691 5355 2707 5356 2691 5356 2690 5356 2707 5357 2711 5357 2712 5357 2707 5358 2712 5358 2713 5358 2707 5359 2713 5359 2692 5359 2622 5360 2702 5360 2694 5360 2622 5361 2694 5361 2693 5361 2622 5362 2693 5362 2713 5362 2622 5363 2713 5363 2714 5363 2622 5364 2714 5364 2715 5364 2622 5365 2715 5365 2716 5365 2622 5366 2716 5366 2717 5366 2622 5367 2717 5367 2623 5367 2628 5368 2627 5368 2709 5368 2628 5369 2709 5369 2708 5369 2709 5370 2627 5370 2626 5370 2709 5371 2626 5371 2718 5371 2709 5372 2718 5372 2710 5372 2710 5373 2718 5373 2715 5373 2710 5374 2715 5374 2719 5374 2710 5375 2719 5375 2711 5375 2711 5376 2719 5376 2714 5376 2711 5377 2714 5377 2712 5377 2692 5378 2713 5378 2693 5378 2712 5379 2714 5379 2713 5379 2695 5380 2694 5380 2698 5380 2702 5381 2701 5381 2694 5381 2623 5382 2717 5382 2720 5382 2623 5383 2720 5383 2624 5383 2626 5384 2625 5384 2718 5384 2718 5385 2625 5385 2721 5385 2718 5386 2721 5386 2716 5386 2718 5387 2716 5387 2715 5387 2715 5388 2714 5388 2719 5388 2698 5389 2694 5389 2699 5389 2694 5390 2701 5390 2700 5390 2694 5391 2700 5391 2699 5391 2717 5392 2716 5392 2720 5392 2720 5393 2716 5393 2721 5393 2720 5394 2721 5394 2624 5394 2624 5395 2721 5395 2625 5395 2722 5396 2723 5396 2724 5396 2722 5397 2724 5397 2725 5397 2722 5398 2725 5398 2726 5398 2722 5399 2726 5399 2727 5399 2722 5400 2727 5400 2728 5400 2722 5401 2728 5401 2729 5401 2722 5402 2729 5402 2730 5402 2722 5403 2730 5403 2731 5403 2722 5404 2731 5404 2732 5404 2722 5405 2732 5405 2733 5405 2722 5406 2733 5406 2734 5406 2722 5407 2734 5407 2735 5407 2722 5408 2735 5408 2736 5408 2722 5409 2736 5409 2737 5409 2722 5410 2737 5410 2738 5410 2722 5411 2738 5411 2739 5411 2722 5412 2739 5412 2740 5412 2722 5413 2740 5413 2723 5413 2723 5414 2740 5414 2741 5414 2723 5415 2741 5415 2742 5415 2723 5416 2742 5416 2724 5416 2725 5417 2724 5417 2743 5417 2725 5418 2743 5418 2726 5418 2740 5419 2739 5419 2744 5419 2740 5420 2744 5420 2741 5420 2724 5421 2742 5421 2745 5421 2724 5422 2745 5422 2746 5422 2724 5423 2746 5423 2747 5423 2724 5424 2747 5424 2748 5424 2724 5425 2748 5425 2749 5425 2724 5426 2749 5426 2750 5426 2724 5427 2750 5427 2751 5427 2724 5428 2751 5428 2752 5428 2724 5429 2752 5429 2753 5429 2724 5430 2753 5430 2754 5430 2724 5431 2754 5431 2727 5431 2724 5432 2727 5432 2726 5432 2724 5433 2726 5433 2743 5433 2741 5434 2744 5434 2742 5434 2742 5435 2755 5435 2756 5435 2742 5436 2756 5436 2745 5436 2742 5437 2744 5437 2755 5437 2739 5438 2757 5438 2744 5438 2739 5439 2738 5439 2757 5439 2744 5440 2757 5440 2758 5440 2744 5441 2758 5441 2759 5441 2744 5442 2759 5442 2760 5442 2744 5443 2760 5443 2756 5443 2744 5444 2756 5444 2755 5444 2756 5445 2760 5445 2761 5445 2756 5446 2761 5446 2762 5446 2756 5447 2762 5447 2763 5447 2756 5448 2763 5448 2746 5448 2756 5449 2746 5449 2745 5449 2727 5450 2754 5450 2764 5450 2727 5451 2764 5451 2765 5451 2727 5452 2765 5452 2766 5452 2727 5453 2766 5453 2767 5453 2727 5454 2767 5454 2768 5454 2727 5455 2768 5455 2728 5455 2757 5456 2738 5456 2769 5456 2757 5457 2769 5457 2758 5457 2738 5458 2737 5458 2770 5458 2738 5459 2770 5459 2771 5459 2738 5460 2771 5460 2769 5460 2758 5461 2769 5461 2771 5461 2758 5462 2771 5462 2772 5462 2758 5463 2772 5463 2773 5463 2758 5464 2773 5464 2774 5464 2758 5465 2774 5465 2775 5465 2758 5466 2775 5466 2776 5466 2758 5467 2776 5467 2759 5467 2759 5468 2776 5468 2777 5468 2759 5469 2777 5469 2760 5469 2760 5470 2778 5470 2761 5470 2760 5471 2777 5471 2779 5471 2760 5472 2779 5472 2778 5472 2761 5473 2780 5473 2762 5473 2761 5474 2778 5474 2781 5474 2761 5475 2781 5475 2782 5475 2761 5476 2782 5476 2783 5476 2761 5477 2783 5477 2784 5477 2761 5478 2784 5478 2780 5478 2762 5479 2780 5479 2785 5479 2762 5480 2785 5480 2786 5480 2762 5481 2786 5481 2763 5481 2763 5482 2747 5482 2746 5482 2763 5483 2786 5483 2787 5483 2763 5484 2787 5484 2747 5484 2754 5485 2788 5485 2789 5485 2754 5486 2789 5486 2764 5486 2754 5487 2753 5487 2788 5487 2764 5488 2789 5488 2788 5488 2764 5489 2788 5489 2790 5489 2764 5490 2790 5490 2791 5490 2764 5491 2791 5491 2792 5491 2764 5492 2792 5492 2793 5492 2764 5493 2793 5493 2794 5493 2764 5494 2794 5494 2795 5494 2764 5495 2795 5495 2768 5495 2764 5496 2768 5496 2767 5496 2764 5497 2767 5497 2766 5497 2764 5498 2766 5498 2765 5498 2728 5499 2768 5499 2729 5499 2737 5500 2736 5500 2796 5500 2737 5501 2796 5501 2797 5501 2737 5502 2797 5502 2798 5502 2737 5503 2798 5503 2770 5503 2770 5504 2798 5504 2799 5504 2770 5505 2799 5505 2800 5505 2770 5506 2800 5506 2771 5506 2771 5507 2800 5507 2772 5507 2772 5508 2800 5508 2801 5508 2772 5509 2801 5509 2773 5509 2773 5510 2801 5510 2774 5510 2774 5511 2801 5511 2775 5511 2775 5512 2801 5512 2802 5512 2775 5513 2802 5513 2776 5513 2776 5514 2802 5514 2803 5514 2776 5515 2803 5515 2804 5515 2776 5516 2804 5516 2805 5516 2776 5517 2805 5517 2806 5517 2776 5518 2806 5518 2779 5518 2776 5519 2779 5519 2777 5519 2778 5520 2779 5520 2807 5520 2778 5521 2807 5521 2808 5521 2778 5522 2808 5522 2809 5522 2778 5523 2809 5523 2781 5523 2779 5524 2806 5524 2810 5524 2779 5525 2810 5525 2811 5525 2779 5526 2811 5526 2807 5526 2780 5527 2784 5527 2785 5527 2781 5528 2809 5528 2812 5528 2781 5529 2812 5529 2813 5529 2781 5530 2813 5530 2782 5530 2782 5531 2813 5531 2783 5531 2783 5532 2813 5532 2814 5532 2783 5533 2814 5533 2815 5533 2783 5534 2815 5534 2784 5534 2784 5535 2815 5535 2816 5535 2784 5536 2816 5536 2785 5536 2785 5537 2816 5537 2786 5537 2786 5538 2816 5538 2817 5538 2786 5539 2817 5539 2818 5539 2786 5540 2818 5540 2787 5540 2747 5541 2787 5541 2748 5541 2787 5542 2749 5542 2748 5542 2787 5543 2818 5543 2750 5543 2787 5544 2750 5544 2749 5544 2788 5545 2753 5545 2752 5545 2788 5546 2752 5546 2751 5546 2788 5547 2751 5547 2819 5547 2788 5548 2819 5548 2820 5548 2788 5549 2820 5549 2821 5549 2788 5550 2821 5550 2822 5550 2788 5551 2822 5551 2823 5551 2788 5552 2823 5552 2824 5552 2788 5553 2824 5553 2825 5553 2788 5554 2825 5554 2809 5554 2788 5555 2809 5555 2826 5555 2788 5556 2826 5556 2827 5556 2788 5557 2827 5557 2828 5557 2788 5558 2828 5558 2829 5558 2788 5559 2829 5559 2790 5559 2768 5560 2795 5560 2730 5560 2768 5561 2730 5561 2729 5561 2736 5562 2735 5562 2830 5562 2736 5563 2830 5563 2796 5563 2797 5564 2796 5564 2799 5564 2797 5565 2799 5565 2798 5565 2799 5566 2830 5566 2831 5566 2799 5567 2831 5567 2832 5567 2799 5568 2832 5568 2833 5568 2799 5569 2833 5569 2800 5569 2799 5570 2796 5570 2830 5570 2800 5571 2833 5571 2834 5571 2800 5572 2834 5572 2801 5572 2801 5573 2827 5573 2835 5573 2801 5574 2835 5574 2836 5574 2801 5575 2836 5575 2803 5575 2801 5576 2803 5576 2802 5576 2801 5577 2834 5577 2837 5577 2801 5578 2837 5578 2827 5578 2803 5579 2836 5579 2838 5579 2803 5580 2838 5580 2804 5580 2804 5581 2838 5581 2839 5581 2804 5582 2839 5582 2805 5582 2805 5583 2839 5583 2810 5583 2805 5584 2810 5584 2806 5584 2807 5585 2811 5585 2808 5585 2808 5586 2811 5586 2809 5586 2809 5587 2825 5587 2840 5587 2809 5588 2840 5588 2812 5588 2809 5589 2811 5589 2841 5589 2809 5590 2841 5590 2826 5590 2810 5591 2839 5591 2842 5591 2810 5592 2842 5592 2841 5592 2810 5593 2841 5593 2811 5593 2812 5594 2840 5594 2813 5594 2813 5595 2840 5595 2825 5595 2813 5596 2825 5596 2814 5596 2814 5597 2825 5597 2824 5597 2814 5598 2824 5598 2815 5598 2815 5599 2824 5599 2823 5599 2815 5600 2823 5600 2816 5600 2816 5601 2823 5601 2822 5601 2816 5602 2822 5602 2821 5602 2816 5603 2821 5603 2818 5603 2816 5604 2818 5604 2817 5604 2818 5605 2821 5605 2820 5605 2818 5606 2820 5606 2819 5606 2818 5607 2819 5607 2751 5607 2818 5608 2751 5608 2750 5608 2790 5609 2829 5609 2837 5609 2790 5610 2837 5610 2843 5610 2790 5611 2843 5611 2844 5611 2790 5612 2844 5612 2791 5612 2795 5613 2794 5613 2730 5613 2730 5614 2794 5614 2793 5614 2730 5615 2793 5615 2792 5615 2730 5616 2792 5616 2731 5616 2735 5617 2734 5617 2830 5617 2830 5618 2734 5618 2792 5618 2830 5619 2792 5619 2831 5619 2831 5620 2845 5620 2832 5620 2831 5621 2792 5621 2845 5621 2832 5622 2846 5622 2834 5622 2832 5623 2834 5623 2833 5623 2832 5624 2845 5624 2844 5624 2832 5625 2844 5625 2846 5625 2827 5626 2826 5626 2847 5626 2827 5627 2847 5627 2848 5627 2827 5628 2848 5628 2835 5628 2827 5629 2837 5629 2828 5629 2835 5630 2848 5630 2838 5630 2835 5631 2838 5631 2836 5631 2834 5632 2846 5632 2837 5632 2837 5633 2846 5633 2843 5633 2837 5634 2829 5634 2828 5634 2838 5635 2848 5635 2847 5635 2838 5636 2847 5636 2839 5636 2839 5637 2847 5637 2842 5637 2841 5638 2842 5638 2826 5638 2826 5639 2842 5639 2847 5639 2843 5640 2846 5640 2844 5640 2844 5641 2845 5641 2792 5641 2844 5642 2792 5642 2791 5642 2731 5643 2792 5643 2732 5643 2792 5644 2734 5644 2733 5644 2792 5645 2733 5645 2732 5645 2849 5646 2850 5646 2851 5646 2849 5647 2851 5647 2852 5647 2849 5648 2852 5648 2853 5648 2849 5649 2853 5649 2854 5649 2849 5650 2854 5650 2855 5650 2849 5651 2855 5651 2856 5651 2849 5652 2856 5652 2857 5652 2849 5653 2857 5653 2858 5653 2849 5654 2858 5654 2859 5654 2849 5655 2859 5655 2860 5655 2849 5656 2860 5656 2861 5656 2849 5657 2861 5657 2862 5657 2849 5658 2862 5658 2863 5658 2849 5659 2863 5659 2864 5659 2849 5660 2864 5660 2865 5660 2849 5661 2865 5661 2866 5661 2849 5662 2866 5662 2867 5662 2849 5663 2867 5663 2868 5663 2849 5664 2868 5664 2869 5664 2849 5665 2869 5665 2870 5665 2849 5666 2870 5666 2871 5666 2849 5667 2871 5667 2872 5667 2849 5668 2872 5668 2873 5668 2849 5669 2873 5669 2874 5669 2849 5670 2874 5670 2875 5670 2849 5671 2875 5671 2876 5671 2849 5672 2876 5672 2877 5672 2849 5673 2877 5673 2850 5673 2850 5674 2877 5674 2878 5674 2850 5675 2878 5675 2879 5675 2850 5676 2879 5676 2880 5676 2850 5677 2880 5677 2881 5677 2850 5678 2881 5678 2882 5678 2850 5679 2882 5679 2883 5679 2850 5680 2883 5680 2884 5680 2850 5681 2884 5681 2885 5681 2850 5682 2885 5682 2886 5682 2850 5683 2886 5683 2887 5683 2850 5684 2887 5684 2888 5684 2850 5685 2888 5685 2889 5685 2850 5686 2889 5686 2890 5686 2850 5687 2890 5687 2891 5687 2850 5688 2891 5688 2892 5688 2850 5689 2892 5689 2893 5689 2850 5690 2893 5690 2894 5690 2850 5691 2894 5691 2895 5691 2850 5692 2895 5692 2896 5692 2850 5693 2896 5693 2897 5693 2850 5694 2897 5694 2898 5694 2850 5695 2898 5695 2899 5695 2850 5696 2899 5696 2900 5696 2850 5697 2900 5697 2901 5697 2850 5698 2901 5698 2902 5698 2850 5699 2902 5699 2903 5699 2850 5700 2903 5700 2851 5700 2852 5701 2904 5701 2853 5701 2852 5702 2851 5702 2903 5702 2852 5703 2903 5703 2904 5703 2853 5704 2904 5704 2905 5704 2853 5705 2905 5705 2906 5705 2853 5706 2906 5706 2907 5706 2853 5707 2907 5707 2854 5707 2854 5708 2907 5708 2855 5708 2877 5709 2876 5709 2878 5709 2904 5710 2908 5710 2909 5710 2904 5711 2909 5711 2905 5711 2904 5712 2903 5712 2902 5712 2904 5713 2902 5713 2908 5713 2905 5714 2909 5714 2906 5714 2906 5715 2909 5715 2910 5715 2906 5716 2910 5716 2911 5716 2906 5717 2911 5717 2907 5717 2907 5718 2911 5718 2912 5718 2907 5719 2912 5719 2855 5719 2855 5720 2912 5720 2856 5720 2878 5721 2876 5721 2875 5721 2878 5722 2875 5722 2913 5722 2878 5723 2913 5723 2914 5723 2878 5724 2914 5724 2915 5724 2878 5725 2915 5725 2916 5725 2878 5726 2916 5726 2917 5726 2878 5727 2917 5727 2918 5727 2878 5728 2918 5728 2919 5728 2878 5729 2919 5729 2920 5729 2878 5730 2920 5730 2921 5730 2878 5731 2921 5731 2922 5731 2878 5732 2922 5732 2923 5732 2878 5733 2923 5733 2924 5733 2878 5734 2924 5734 2925 5734 2878 5735 2925 5735 2926 5735 2878 5736 2926 5736 2927 5736 2878 5737 2927 5737 2928 5737 2878 5738 2928 5738 2929 5738 2878 5739 2929 5739 2930 5739 2878 5740 2930 5740 2931 5740 2878 5741 2931 5741 2932 5741 2878 5742 2932 5742 2933 5742 2878 5743 2933 5743 2934 5743 2878 5744 2934 5744 2935 5744 2878 5745 2935 5745 2936 5745 2878 5746 2936 5746 2937 5746 2878 5747 2937 5747 2938 5747 2878 5748 2938 5748 2939 5748 2878 5749 2939 5749 2879 5749 2908 5750 2940 5750 2941 5750 2908 5751 2941 5751 2909 5751 2908 5752 2902 5752 2901 5752 2908 5753 2901 5753 2940 5753 2909 5754 2941 5754 2942 5754 2909 5755 2942 5755 2910 5755 2910 5756 2942 5756 2943 5756 2910 5757 2943 5757 2911 5757 2911 5758 2943 5758 2944 5758 2911 5759 2944 5759 2945 5759 2911 5760 2945 5760 2946 5760 2911 5761 2946 5761 2912 5761 2912 5762 2946 5762 2947 5762 2912 5763 2947 5763 2856 5763 2856 5764 2947 5764 2857 5764 2879 5765 2939 5765 2948 5765 2879 5766 2948 5766 2880 5766 2875 5767 2874 5767 2949 5767 2875 5768 2949 5768 2913 5768 2940 5769 2950 5769 2941 5769 2940 5770 2901 5770 2950 5770 2941 5771 2950 5771 2951 5771 2941 5772 2951 5772 2942 5772 2942 5773 2952 5773 2943 5773 2942 5774 2951 5774 2952 5774 2943 5775 2952 5775 2953 5775 2943 5776 2953 5776 2954 5776 2943 5777 2954 5777 2955 5777 2943 5778 2955 5778 2944 5778 2944 5779 2955 5779 2945 5779 2945 5780 2956 5780 2957 5780 2945 5781 2957 5781 2946 5781 2945 5782 2955 5782 2956 5782 2946 5783 2957 5783 2958 5783 2946 5784 2958 5784 2947 5784 2947 5785 2858 5785 2857 5785 2947 5786 2958 5786 2959 5786 2947 5787 2959 5787 2859 5787 2947 5788 2859 5788 2858 5788 2939 5789 2938 5789 2960 5789 2939 5790 2960 5790 2948 5790 2880 5791 2948 5791 2881 5791 2874 5792 2873 5792 2961 5792 2874 5793 2961 5793 2949 5793 2913 5794 2949 5794 2962 5794 2913 5795 2962 5795 2963 5795 2913 5796 2963 5796 2964 5796 2913 5797 2964 5797 2914 5797 2901 5798 2900 5798 2965 5798 2901 5799 2965 5799 2966 5799 2901 5800 2966 5800 2950 5800 2950 5801 2966 5801 2967 5801 2950 5802 2967 5802 2951 5802 2951 5803 2967 5803 2968 5803 2951 5804 2968 5804 2952 5804 2952 5805 2968 5805 2953 5805 2953 5806 2968 5806 2969 5806 2953 5807 2969 5807 2970 5807 2953 5808 2970 5808 2971 5808 2953 5809 2971 5809 2972 5809 2953 5810 2972 5810 2954 5810 2954 5811 2972 5811 2973 5811 2954 5812 2973 5812 2955 5812 2955 5813 2973 5813 2974 5813 2955 5814 2974 5814 2956 5814 2956 5815 2974 5815 2975 5815 2956 5816 2975 5816 2976 5816 2956 5817 2976 5817 2957 5817 2957 5818 2976 5818 2977 5818 2957 5819 2977 5819 2959 5819 2957 5820 2959 5820 2958 5820 2959 5821 2977 5821 2978 5821 2959 5822 2978 5822 2860 5822 2959 5823 2860 5823 2859 5823 2938 5824 2937 5824 2979 5824 2938 5825 2979 5825 2960 5825 2948 5826 2960 5826 2980 5826 2948 5827 2980 5827 2981 5827 2948 5828 2981 5828 2882 5828 2948 5829 2882 5829 2881 5829 2873 5830 2872 5830 2961 5830 2961 5831 2962 5831 2982 5831 2961 5832 2982 5832 2949 5832 2961 5833 2872 5833 2983 5833 2961 5834 2983 5834 2962 5834 2949 5835 2982 5835 2962 5835 2962 5836 2984 5836 2985 5836 2962 5837 2985 5837 2963 5837 2962 5838 2983 5838 2986 5838 2962 5839 2986 5839 2987 5839 2962 5840 2987 5840 2984 5840 2963 5841 2985 5841 2988 5841 2963 5842 2988 5842 2989 5842 2963 5843 2989 5843 2990 5843 2963 5844 2990 5844 2964 5844 2964 5845 2990 5845 2916 5845 2964 5846 2916 5846 2915 5846 2964 5847 2915 5847 2914 5847 2900 5848 2899 5848 2965 5848 2965 5849 2899 5849 2967 5849 2965 5850 2967 5850 2966 5850 2967 5851 2991 5851 2992 5851 2967 5852 2992 5852 2968 5852 2967 5853 2899 5853 2993 5853 2967 5854 2993 5854 2897 5854 2967 5855 2897 5855 2994 5855 2967 5856 2994 5856 2995 5856 2967 5857 2995 5857 2991 5857 2968 5858 2992 5858 2969 5858 2969 5859 2992 5859 2996 5859 2969 5860 2996 5860 2997 5860 2969 5861 2997 5861 2970 5861 2970 5862 2997 5862 2998 5862 2970 5863 2998 5863 2971 5863 2971 5864 2998 5864 2999 5864 2971 5865 2999 5865 3000 5865 2971 5866 3000 5866 2972 5866 2972 5867 3000 5867 2973 5867 2973 5868 3001 5868 2974 5868 2973 5869 3000 5869 3001 5869 2974 5870 3001 5870 3002 5870 2974 5871 3002 5871 2975 5871 2975 5872 3002 5872 3003 5872 2975 5873 3003 5873 3004 5873 2975 5874 3004 5874 3005 5874 2975 5875 3005 5875 3006 5875 2975 5876 3006 5876 3007 5876 2975 5877 3007 5877 2976 5877 2976 5878 3007 5878 2977 5878 2977 5879 3007 5879 3006 5879 2977 5880 3006 5880 3008 5880 2977 5881 3008 5881 2978 5881 2978 5882 2861 5882 2860 5882 2978 5883 3008 5883 3009 5883 2978 5884 3009 5884 2862 5884 2978 5885 2862 5885 2861 5885 2937 5886 2936 5886 2979 5886 2960 5887 2979 5887 3010 5887 2960 5888 3010 5888 2980 5888 2980 5889 3010 5889 3011 5889 2980 5890 3011 5890 3012 5890 2980 5891 3012 5891 2981 5891 2981 5892 3012 5892 2882 5892 2882 5893 3012 5893 2883 5893 2872 5894 2871 5894 2983 5894 2983 5895 2871 5895 2870 5895 2983 5896 2870 5896 2869 5896 2983 5897 2869 5897 3013 5897 2983 5898 3013 5898 3014 5898 2983 5899 3014 5899 2986 5899 2984 5900 2987 5900 3015 5900 2984 5901 3015 5901 2985 5901 2985 5902 3015 5902 3016 5902 2985 5903 3016 5903 2988 5903 2986 5904 3014 5904 2987 5904 2987 5905 3014 5905 3013 5905 2987 5906 3013 5906 3017 5906 2987 5907 3017 5907 3018 5907 2987 5908 3018 5908 3019 5908 2987 5909 3019 5909 3020 5909 2987 5910 3020 5910 3015 5910 2988 5911 3016 5911 2989 5911 2989 5912 3016 5912 3021 5912 2989 5913 3021 5913 3022 5913 2989 5914 3022 5914 3023 5914 2989 5915 3023 5915 2990 5915 2990 5916 3023 5916 3024 5916 2990 5917 3024 5917 2916 5917 2916 5918 3024 5918 3025 5918 2916 5919 3025 5919 3026 5919 2916 5920 3026 5920 2917 5920 2899 5921 2898 5921 2993 5921 2991 5922 2995 5922 2896 5922 2991 5923 2896 5923 2992 5923 2992 5924 3027 5924 2996 5924 2992 5925 2896 5925 2895 5925 2992 5926 2895 5926 3027 5926 2993 5927 2898 5927 2897 5927 2897 5928 2896 5928 2994 5928 2994 5929 2896 5929 2995 5929 2996 5930 3027 5930 3028 5930 2996 5931 3028 5931 3029 5931 2996 5932 3029 5932 2997 5932 2997 5933 3029 5933 3030 5933 2997 5934 3030 5934 2998 5934 2998 5935 3031 5935 2999 5935 2998 5936 3030 5936 3032 5936 2998 5937 3032 5937 3031 5937 2999 5938 3033 5938 3000 5938 2999 5939 3031 5939 3033 5939 3000 5940 3033 5940 3034 5940 3000 5941 3034 5941 3035 5941 3000 5942 3035 5942 3001 5942 3001 5943 3035 5943 3002 5943 3002 5944 3036 5944 3003 5944 3002 5945 3035 5945 3036 5945 3003 5946 3036 5946 3037 5946 3003 5947 3037 5947 3004 5947 3004 5948 3038 5948 3039 5948 3004 5949 3039 5949 3040 5949 3004 5950 3040 5950 3018 5950 3004 5951 3018 5951 3041 5951 3004 5952 3041 5952 3006 5952 3004 5953 3006 5953 3005 5953 3004 5954 3037 5954 3038 5954 3006 5955 3009 5955 3008 5955 3006 5956 3041 5956 3018 5956 3006 5957 3018 5957 3042 5957 3006 5958 3042 5958 3009 5958 3009 5959 3042 5959 3043 5959 3009 5960 3043 5960 2864 5960 3009 5961 2864 5961 2863 5961 3009 5962 2863 5962 2862 5962 2936 5963 2935 5963 3044 5963 2936 5964 3044 5964 3010 5964 2936 5965 3010 5965 2979 5965 3010 5966 3044 5966 3045 5966 3010 5967 3045 5967 3011 5967 3011 5968 3045 5968 3046 5968 3011 5969 3046 5969 3047 5969 3011 5970 3047 5970 3012 5970 3012 5971 3047 5971 3048 5971 3012 5972 3048 5972 2886 5972 3012 5973 2886 5973 2885 5973 3012 5974 2885 5974 2884 5974 3012 5975 2884 5975 2883 5975 2869 5976 2868 5976 3013 5976 3013 5977 2868 5977 3017 5977 3015 5978 3020 5978 3049 5978 3015 5979 3049 5979 3021 5979 3015 5980 3021 5980 3016 5980 3017 5981 2868 5981 2867 5981 3017 5982 2867 5982 3050 5982 3017 5983 3050 5983 3018 5983 3018 5984 3043 5984 3042 5984 3018 5985 3040 5985 3019 5985 3018 5986 3050 5986 3043 5986 3019 5987 3040 5987 3039 5987 3019 5988 3039 5988 3020 5988 3020 5989 3039 5989 3051 5989 3020 5990 3051 5990 3049 5990 3021 5991 3049 5991 3051 5991 3021 5992 3051 5992 3022 5992 3022 5993 3052 5993 3023 5993 3022 5994 3051 5994 3052 5994 3023 5995 3052 5995 3024 5995 3024 5996 3053 5996 3025 5996 3024 5997 3052 5997 3054 5997 3024 5998 3054 5998 3053 5998 3025 5999 3053 5999 3026 5999 3026 6000 3053 6000 3055 6000 3026 6001 3055 6001 2917 6001 2917 6002 3055 6002 2918 6002 3027 6003 2895 6003 2894 6003 3027 6004 2894 6004 3028 6004 3028 6005 3056 6005 3029 6005 3028 6006 2894 6006 2893 6006 3028 6007 2893 6007 3056 6007 3029 6008 3056 6008 3057 6008 3029 6009 3057 6009 3030 6009 3030 6010 3057 6010 3058 6010 3030 6011 3058 6011 3032 6011 3031 6012 3059 6012 3033 6012 3031 6013 3032 6013 3059 6013 3032 6014 3058 6014 3060 6014 3032 6015 3060 6015 3061 6015 3032 6016 3061 6016 3059 6016 3033 6017 3059 6017 3062 6017 3033 6018 3062 6018 3063 6018 3033 6019 3063 6019 3034 6019 3034 6020 3063 6020 3064 6020 3034 6021 3064 6021 3035 6021 3035 6022 3064 6022 3036 6022 3036 6023 3065 6023 3037 6023 3036 6024 3064 6024 3065 6024 3037 6025 3066 6025 3038 6025 3037 6026 3065 6026 3066 6026 3038 6027 3066 6027 3067 6027 3038 6028 3067 6028 3051 6028 3038 6029 3051 6029 3039 6029 3043 6030 3050 6030 2866 6030 3043 6031 2866 6031 2865 6031 3043 6032 2865 6032 2864 6032 2935 6033 2934 6033 3068 6033 2935 6034 3068 6034 3044 6034 3044 6035 3068 6035 3045 6035 3045 6036 3068 6036 3069 6036 3045 6037 3069 6037 3070 6037 3045 6038 3070 6038 3071 6038 3045 6039 3071 6039 3046 6039 3046 6040 3071 6040 3072 6040 3046 6041 3072 6041 3073 6041 3046 6042 3073 6042 3047 6042 3047 6043 3073 6043 3074 6043 3047 6044 3074 6044 3048 6044 3048 6045 3075 6045 2887 6045 3048 6046 2887 6046 2886 6046 3048 6047 3074 6047 3075 6047 2867 6048 2866 6048 3050 6048 3051 6049 3067 6049 3076 6049 3051 6050 3076 6050 3077 6050 3051 6051 3077 6051 3078 6051 3051 6052 3078 6052 3079 6052 3051 6053 3079 6053 3052 6053 3052 6054 3079 6054 3080 6054 3052 6055 3080 6055 3054 6055 3053 6056 3081 6056 3082 6056 3053 6057 3082 6057 3055 6057 3053 6058 3054 6058 3083 6058 3053 6059 3083 6059 3084 6059 3053 6060 3084 6060 3081 6060 3054 6061 3080 6061 3078 6061 3054 6062 3078 6062 3083 6062 3055 6063 3082 6063 2919 6063 3055 6064 2919 6064 2918 6064 3056 6065 3085 6065 3057 6065 3056 6066 2893 6066 2892 6066 3056 6067 2892 6067 3085 6067 3057 6068 3085 6068 3086 6068 3057 6069 3086 6069 3058 6069 3058 6070 3086 6070 3060 6070 3059 6071 3061 6071 3087 6071 3059 6072 3087 6072 3088 6072 3059 6073 3088 6073 3062 6073 3060 6074 3086 6074 3089 6074 3060 6075 3089 6075 3090 6075 3060 6076 3090 6076 3061 6076 3061 6077 3090 6077 3087 6077 3062 6078 3088 6078 3091 6078 3062 6079 3091 6079 3063 6079 3063 6080 3092 6080 3064 6080 3063 6081 3091 6081 3093 6081 3063 6082 3093 6082 3092 6082 3064 6083 3092 6083 3065 6083 3065 6084 3092 6084 3094 6084 3065 6085 3094 6085 3066 6085 3066 6086 3076 6086 3067 6086 3066 6087 3094 6087 3076 6087 2934 6088 2933 6088 3095 6088 2934 6089 3095 6089 3070 6089 2934 6090 3070 6090 3069 6090 2934 6091 3069 6091 3068 6091 3070 6092 3095 6092 3096 6092 3070 6093 3096 6093 3097 6093 3070 6094 3097 6094 3071 6094 3071 6095 3097 6095 3098 6095 3071 6096 3098 6096 3099 6096 3071 6097 3099 6097 3072 6097 3072 6098 3099 6098 3100 6098 3072 6099 3100 6099 3101 6099 3072 6100 3101 6100 3073 6100 3073 6101 3101 6101 3102 6101 3073 6102 3102 6102 3074 6102 3074 6103 3103 6103 3075 6103 3074 6104 3102 6104 3103 6104 3075 6105 3103 6105 2888 6105 3075 6106 2888 6106 2887 6106 3076 6107 3094 6107 3104 6107 3076 6108 3104 6108 3105 6108 3076 6109 3105 6109 3106 6109 3076 6110 3106 6110 3077 6110 3077 6111 3106 6111 3078 6111 3078 6112 3080 6112 3079 6112 3078 6113 3106 6113 3107 6113 3078 6114 3107 6114 3108 6114 3078 6115 3108 6115 3083 6115 3081 6116 3084 6116 3082 6116 3082 6117 2920 6117 2919 6117 3082 6118 3084 6118 3109 6118 3082 6119 3109 6119 3110 6119 3082 6120 3110 6120 3111 6120 3082 6121 3111 6121 2920 6121 3083 6122 3108 6122 3084 6122 3084 6123 3108 6123 3107 6123 3084 6124 3107 6124 3112 6124 3084 6125 3112 6125 3109 6125 3085 6126 3113 6126 3114 6126 3085 6127 3114 6127 3086 6127 3085 6128 2892 6128 2891 6128 3085 6129 2891 6129 3113 6129 3086 6130 3114 6130 3089 6130 3087 6131 3115 6131 3088 6131 3087 6132 3090 6132 3116 6132 3087 6133 3116 6133 3117 6133 3087 6134 3117 6134 3115 6134 3088 6135 3115 6135 3091 6135 3089 6136 3114 6136 3118 6136 3089 6137 3118 6137 3119 6137 3089 6138 3119 6138 3090 6138 3090 6139 3119 6139 3116 6139 3091 6140 3120 6140 3121 6140 3091 6141 3121 6141 3093 6141 3091 6142 3115 6142 3120 6142 3092 6143 3093 6143 3122 6143 3092 6144 3122 6144 3094 6144 3093 6145 3121 6145 3122 6145 3094 6146 3122 6146 3104 6146 2933 6147 2932 6147 3123 6147 2933 6148 3123 6148 3124 6148 2933 6149 3124 6149 3098 6149 2933 6150 3098 6150 3097 6150 2933 6151 3097 6151 3096 6151 2933 6152 3096 6152 3095 6152 3098 6153 3124 6153 3125 6153 3098 6154 3125 6154 3126 6154 3098 6155 3126 6155 3127 6155 3098 6156 3127 6156 3099 6156 3099 6157 3127 6157 3128 6157 3099 6158 3128 6158 3100 6158 3100 6159 3129 6159 3101 6159 3100 6160 3128 6160 3130 6160 3100 6161 3130 6161 3129 6161 3101 6162 3129 6162 3131 6162 3101 6163 3131 6163 3102 6163 3102 6164 3132 6164 3103 6164 3102 6165 3131 6165 3132 6165 3103 6166 3133 6166 2889 6166 3103 6167 2889 6167 2888 6167 3103 6168 3132 6168 3133 6168 3104 6169 3122 6169 3134 6169 3104 6170 3134 6170 3105 6170 3105 6171 3135 6171 3107 6171 3105 6172 3107 6172 3106 6172 3105 6173 3134 6173 3136 6173 3105 6174 3136 6174 3135 6174 3107 6175 3135 6175 3112 6175 2920 6176 3111 6176 2921 6176 3109 6177 3112 6177 3137 6177 3109 6178 3137 6178 3110 6178 3110 6179 3137 6179 3138 6179 3110 6180 3138 6180 3111 6180 3111 6181 3138 6181 3139 6181 3111 6182 3139 6182 3140 6182 3111 6183 3140 6183 2921 6183 3112 6184 3135 6184 3137 6184 3113 6185 3141 6185 3114 6185 3113 6186 2891 6186 2890 6186 3113 6187 2890 6187 3141 6187 3114 6188 3141 6188 3118 6188 3115 6189 3117 6189 3142 6189 3115 6190 3142 6190 3120 6190 3116 6191 3119 6191 3129 6191 3116 6192 3129 6192 3130 6192 3116 6193 3130 6193 3117 6193 3117 6194 3130 6194 3143 6194 3117 6195 3143 6195 3142 6195 3118 6196 3141 6196 3133 6196 3118 6197 3133 6197 3132 6197 3118 6198 3132 6198 3119 6198 3119 6199 3132 6199 3131 6199 3119 6200 3131 6200 3129 6200 3120 6201 3142 6201 3144 6201 3120 6202 3144 6202 3145 6202 3120 6203 3145 6203 3121 6203 3121 6204 3145 6204 3134 6204 3121 6205 3134 6205 3122 6205 2932 6206 2931 6206 3123 6206 3123 6207 3146 6207 3126 6207 3123 6208 3126 6208 3125 6208 3123 6209 3125 6209 3124 6209 3123 6210 2931 6210 2930 6210 3123 6211 2930 6211 3147 6211 3123 6212 3147 6212 3146 6212 3126 6213 3146 6213 3148 6213 3126 6214 3148 6214 3149 6214 3126 6215 3149 6215 3127 6215 3127 6216 3149 6216 3128 6216 3128 6217 3149 6217 3143 6217 3128 6218 3143 6218 3130 6218 3133 6219 3141 6219 2890 6219 3133 6220 2890 6220 2889 6220 3134 6221 3145 6221 3136 6221 3135 6222 3136 6222 3150 6222 3135 6223 3150 6223 3138 6223 3135 6224 3138 6224 3137 6224 3136 6225 3145 6225 3151 6225 3136 6226 3151 6226 3152 6226 3136 6227 3152 6227 3150 6227 2921 6228 3140 6228 2922 6228 3138 6229 3150 6229 3139 6229 3139 6230 3150 6230 3153 6230 3139 6231 3153 6231 3154 6231 3139 6232 3154 6232 3140 6232 3140 6233 3154 6233 3155 6233 3140 6234 3155 6234 2925 6234 3140 6235 2925 6235 2924 6235 3140 6236 2924 6236 2923 6236 3140 6237 2923 6237 2922 6237 3142 6238 3156 6238 3144 6238 3142 6239 3143 6239 3156 6239 3143 6240 3149 6240 3156 6240 3144 6241 3157 6241 3151 6241 3144 6242 3151 6242 3145 6242 3144 6243 3156 6243 3157 6243 3146 6244 3147 6244 3148 6244 2930 6245 2929 6245 3147 6245 3147 6246 3158 6246 3148 6246 3147 6247 2929 6247 3158 6247 3148 6248 3159 6248 3149 6248 3148 6249 3158 6249 3160 6249 3148 6250 3160 6250 3159 6250 3149 6251 3159 6251 3156 6251 3150 6252 3152 6252 3153 6252 3151 6253 3161 6253 3162 6253 3151 6254 3162 6254 3152 6254 3151 6255 3157 6255 3161 6255 3152 6256 3162 6256 3154 6256 3152 6257 3154 6257 3163 6257 3152 6258 3163 6258 3153 6258 3153 6259 3163 6259 3154 6259 3154 6260 3162 6260 3155 6260 3155 6261 3162 6261 2925 6261 2925 6262 3162 6262 3164 6262 2925 6263 3164 6263 3165 6263 2925 6264 3165 6264 2926 6264 3156 6265 3159 6265 3157 6265 3157 6266 3166 6266 3167 6266 3157 6267 3167 6267 3168 6267 3157 6268 3168 6268 3161 6268 3157 6269 3159 6269 3166 6269 2929 6270 2928 6270 3169 6270 2929 6271 3169 6271 3158 6271 3158 6272 3169 6272 3160 6272 3159 6273 3160 6273 3170 6273 3159 6274 3170 6274 3171 6274 3159 6275 3171 6275 3172 6275 3159 6276 3172 6276 3166 6276 3160 6277 3169 6277 3170 6277 3161 6278 3164 6278 3162 6278 3161 6279 3168 6279 3165 6279 3161 6280 3165 6280 3164 6280 3165 6281 2927 6281 2926 6281 3165 6282 3168 6282 3167 6282 3165 6283 3167 6283 2927 6283 3166 6284 3172 6284 3167 6284 2928 6285 2927 6285 3167 6285 2928 6286 3167 6286 3169 6286 3169 6287 3167 6287 3170 6287 3170 6288 3167 6288 3171 6288 3171 6289 3167 6289 3172 6289 3173 6290 3174 6290 3175 6290 3173 6291 3175 6291 3176 6291 3173 6292 3176 6292 3177 6292 3173 6293 3177 6293 3178 6293 3173 6294 3178 6294 3179 6294 3173 6295 3179 6295 3180 6295 3173 6296 3180 6296 3181 6296 3173 6297 3181 6297 3182 6297 3173 6298 3182 6298 3183 6298 3173 6299 3183 6299 3184 6299 3173 6300 3184 6300 3185 6300 3173 6301 3185 6301 3186 6301 3173 6302 3186 6302 3187 6302 3173 6303 3187 6303 3188 6303 3173 6304 3188 6304 3189 6304 3173 6305 3189 6305 3190 6305 3173 6306 3190 6306 3191 6306 3173 6307 3191 6307 3192 6307 3173 6308 3192 6308 3193 6308 3173 6309 3193 6309 3194 6309 3173 6310 3194 6310 3195 6310 3173 6311 3195 6311 3196 6311 3173 6312 3196 6312 3197 6312 3173 6313 3197 6313 3198 6313 3173 6314 3198 6314 3199 6314 3173 6315 3199 6315 3200 6315 3173 6316 3200 6316 3201 6316 3173 6317 3201 6317 3202 6317 3173 6318 3202 6318 3203 6318 3173 6319 3203 6319 3204 6319 3173 6320 3204 6320 3205 6320 3173 6321 3205 6321 3206 6321 3173 6322 3206 6322 3207 6322 3173 6323 3207 6323 3208 6323 3173 6324 3208 6324 3209 6324 3173 6325 3209 6325 3210 6325 3173 6326 3210 6326 3211 6326 3173 6327 3211 6327 3212 6327 3173 6328 3212 6328 3213 6328 3173 6329 3213 6329 3214 6329 3173 6330 3214 6330 3215 6330 3173 6331 3215 6331 3216 6331 3173 6332 3216 6332 3217 6332 3173 6333 3217 6333 3218 6333 3173 6334 3218 6334 3219 6334 3173 6335 3219 6335 3220 6335 3173 6336 3220 6336 3221 6336 3173 6337 3221 6337 3222 6337 3173 6338 3222 6338 3223 6338 3173 6339 3223 6339 3224 6339 3173 6340 3224 6340 3225 6340 3173 6341 3225 6341 3226 6341 3173 6342 3226 6342 3227 6342 3173 6343 3227 6343 3228 6343 3173 6344 3228 6344 3229 6344 3173 6345 3229 6345 3230 6345 3173 6346 3230 6346 3231 6346 3173 6347 3231 6347 3174 6347 3174 6348 3231 6348 3175 6348 3206 6349 3205 6349 3207 6349 3230 6350 3229 6350 3232 6350 3230 6351 3232 6351 3231 6351 3175 6352 3231 6352 3233 6352 3175 6353 3233 6353 3176 6353 3231 6354 3232 6354 3234 6354 3231 6355 3234 6355 3233 6355 3205 6356 3204 6356 3235 6356 3205 6357 3235 6357 3236 6357 3205 6358 3236 6358 3237 6358 3205 6359 3237 6359 3238 6359 3205 6360 3238 6360 3239 6360 3205 6361 3239 6361 3240 6361 3205 6362 3240 6362 3241 6362 3205 6363 3241 6363 3242 6363 3205 6364 3242 6364 3243 6364 3205 6365 3243 6365 3244 6365 3205 6366 3244 6366 3245 6366 3205 6367 3245 6367 3246 6367 3205 6368 3246 6368 3247 6368 3205 6369 3247 6369 3248 6369 3205 6370 3248 6370 3249 6370 3205 6371 3249 6371 3250 6371 3205 6372 3250 6372 3251 6372 3205 6373 3251 6373 3252 6373 3205 6374 3252 6374 3253 6374 3205 6375 3253 6375 3254 6375 3205 6376 3254 6376 3255 6376 3205 6377 3255 6377 3256 6377 3205 6378 3256 6378 3257 6378 3205 6379 3257 6379 3258 6379 3205 6380 3258 6380 3259 6380 3205 6381 3259 6381 3260 6381 3205 6382 3260 6382 3261 6382 3205 6383 3261 6383 3262 6383 3205 6384 3262 6384 3263 6384 3205 6385 3263 6385 3264 6385 3205 6386 3264 6386 3265 6386 3205 6387 3265 6387 3266 6387 3205 6388 3266 6388 3267 6388 3205 6389 3267 6389 3268 6389 3205 6390 3268 6390 3269 6390 3205 6391 3269 6391 3270 6391 3205 6392 3270 6392 3271 6392 3205 6393 3271 6393 3208 6393 3205 6394 3208 6394 3207 6394 3229 6395 3228 6395 3232 6395 3176 6396 3233 6396 3177 6396 3233 6397 3234 6397 3272 6397 3233 6398 3272 6398 3177 6398 3232 6399 3228 6399 3273 6399 3232 6400 3273 6400 3274 6400 3232 6401 3274 6401 3234 6401 3234 6402 3275 6402 3272 6402 3234 6403 3274 6403 3275 6403 3204 6404 3203 6404 3276 6404 3204 6405 3276 6405 3235 6405 3208 6406 3271 6406 3209 6406 3228 6407 3227 6407 3273 6407 3177 6408 3272 6408 3178 6408 3272 6409 3275 6409 3277 6409 3272 6410 3277 6410 3278 6410 3272 6411 3278 6411 3279 6411 3272 6412 3279 6412 3179 6412 3272 6413 3179 6413 3178 6413 3273 6414 3280 6414 3274 6414 3273 6415 3227 6415 3281 6415 3273 6416 3281 6416 3280 6416 3274 6417 3280 6417 3282 6417 3274 6418 3282 6418 3275 6418 3275 6419 3282 6419 3283 6419 3275 6420 3283 6420 3277 6420 3203 6421 3202 6421 3284 6421 3203 6422 3284 6422 3276 6422 3235 6423 3276 6423 3236 6423 3271 6424 3270 6424 3285 6424 3271 6425 3285 6425 3209 6425 3209 6426 3285 6426 3210 6426 3227 6427 3226 6427 3281 6427 3277 6428 3286 6428 3287 6428 3277 6429 3287 6429 3278 6429 3277 6430 3283 6430 3286 6430 3278 6431 3287 6431 3288 6431 3278 6432 3288 6432 3181 6432 3278 6433 3181 6433 3279 6433 3279 6434 3181 6434 3289 6434 3279 6435 3289 6435 3179 6435 3179 6436 3289 6436 3180 6436 3280 6437 3281 6437 3290 6437 3280 6438 3290 6438 3291 6438 3280 6439 3291 6439 3292 6439 3280 6440 3292 6440 3282 6440 3281 6441 3226 6441 3225 6441 3281 6442 3225 6442 3293 6442 3281 6443 3293 6443 3290 6443 3282 6444 3292 6444 3294 6444 3282 6445 3294 6445 3283 6445 3283 6446 3294 6446 3295 6446 3283 6447 3295 6447 3286 6447 3202 6448 3201 6448 3284 6448 3284 6449 3201 6449 3200 6449 3284 6450 3200 6450 3296 6450 3284 6451 3296 6451 3297 6451 3284 6452 3297 6452 3298 6452 3284 6453 3298 6453 3299 6453 3284 6454 3299 6454 3276 6454 3276 6455 3299 6455 3300 6455 3276 6456 3300 6456 3301 6456 3276 6457 3301 6457 3237 6457 3276 6458 3237 6458 3236 6458 3270 6459 3269 6459 3302 6459 3270 6460 3302 6460 3285 6460 3285 6461 3303 6461 3304 6461 3285 6462 3304 6462 3210 6462 3285 6463 3302 6463 3303 6463 3210 6464 3304 6464 3211 6464 3286 6465 3305 6465 3306 6465 3286 6466 3306 6466 3287 6466 3286 6467 3295 6467 3305 6467 3287 6468 3306 6468 3307 6468 3287 6469 3307 6469 3308 6469 3287 6470 3308 6470 3288 6470 3288 6471 3308 6471 3181 6471 3181 6472 3308 6472 3182 6472 3181 6473 3180 6473 3289 6473 3290 6474 3293 6474 3309 6474 3290 6475 3309 6475 3291 6475 3291 6476 3309 6476 3310 6476 3291 6477 3310 6477 3311 6477 3291 6478 3311 6478 3292 6478 3292 6479 3311 6479 3294 6479 3225 6480 3224 6480 3293 6480 3293 6481 3223 6481 3312 6481 3293 6482 3312 6482 3309 6482 3293 6483 3224 6483 3223 6483 3294 6484 3311 6484 3313 6484 3294 6485 3313 6485 3314 6485 3294 6486 3314 6486 3295 6486 3295 6487 3314 6487 3305 6487 3200 6488 3199 6488 3296 6488 3296 6489 3199 6489 3297 6489 3297 6490 3199 6490 3315 6490 3297 6491 3315 6491 3316 6491 3297 6492 3316 6492 3298 6492 3298 6493 3316 6493 3317 6493 3298 6494 3317 6494 3318 6494 3298 6495 3318 6495 3299 6495 3299 6496 3318 6496 3319 6496 3299 6497 3319 6497 3320 6497 3299 6498 3320 6498 3300 6498 3300 6499 3320 6499 3321 6499 3300 6500 3321 6500 3239 6500 3300 6501 3239 6501 3238 6501 3300 6502 3238 6502 3301 6502 3301 6503 3238 6503 3237 6503 3269 6504 3268 6504 3322 6504 3269 6505 3322 6505 3302 6505 3302 6506 3323 6506 3303 6506 3302 6507 3322 6507 3324 6507 3302 6508 3324 6508 3325 6508 3302 6509 3325 6509 3326 6509 3302 6510 3326 6510 3327 6510 3302 6511 3327 6511 3328 6511 3302 6512 3328 6512 3329 6512 3302 6513 3329 6513 3323 6513 3303 6514 3323 6514 3304 6514 3304 6515 3212 6515 3211 6515 3304 6516 3323 6516 3330 6516 3304 6517 3330 6517 3331 6517 3304 6518 3331 6518 3332 6518 3304 6519 3332 6519 3333 6519 3304 6520 3333 6520 3212 6520 3305 6521 3334 6521 3335 6521 3305 6522 3335 6522 3306 6522 3305 6523 3314 6523 3334 6523 3306 6524 3335 6524 3336 6524 3306 6525 3336 6525 3307 6525 3307 6526 3336 6526 3308 6526 3308 6527 3337 6527 3183 6527 3308 6528 3183 6528 3182 6528 3308 6529 3336 6529 3338 6529 3308 6530 3338 6530 3337 6530 3309 6531 3312 6531 3339 6531 3309 6532 3339 6532 3340 6532 3309 6533 3340 6533 3341 6533 3309 6534 3341 6534 3342 6534 3309 6535 3342 6535 3310 6535 3310 6536 3342 6536 3311 6536 3311 6537 3342 6537 3343 6537 3311 6538 3343 6538 3313 6538 3223 6539 3222 6539 3312 6539 3312 6540 3222 6540 3221 6540 3312 6541 3221 6541 3339 6541 3313 6542 3343 6542 3344 6542 3313 6543 3344 6543 3314 6543 3314 6544 3344 6544 3345 6544 3314 6545 3345 6545 3346 6545 3314 6546 3346 6546 3334 6546 3199 6547 3198 6547 3315 6547 3315 6548 3198 6548 3197 6548 3315 6549 3197 6549 3347 6549 3315 6550 3347 6550 3316 6550 3316 6551 3347 6551 3348 6551 3316 6552 3348 6552 3317 6552 3317 6553 3348 6553 3349 6553 3317 6554 3349 6554 3350 6554 3317 6555 3350 6555 3318 6555 3318 6556 3350 6556 3351 6556 3318 6557 3351 6557 3319 6557 3319 6558 3351 6558 3352 6558 3319 6559 3352 6559 3353 6559 3319 6560 3353 6560 3354 6560 3319 6561 3354 6561 3241 6561 3319 6562 3241 6562 3320 6562 3320 6563 3241 6563 3240 6563 3320 6564 3240 6564 3321 6564 3321 6565 3240 6565 3239 6565 3268 6566 3267 6566 3322 6566 3322 6567 3267 6567 3324 6567 3323 6568 3329 6568 3330 6568 3324 6569 3267 6569 3355 6569 3324 6570 3355 6570 3325 6570 3325 6571 3356 6571 3326 6571 3325 6572 3355 6572 3357 6572 3325 6573 3357 6573 3358 6573 3325 6574 3358 6574 3359 6574 3325 6575 3359 6575 3360 6575 3325 6576 3360 6576 3361 6576 3325 6577 3361 6577 3356 6577 3326 6578 3356 6578 3327 6578 3327 6579 3356 6579 3362 6579 3327 6580 3362 6580 3363 6580 3327 6581 3363 6581 3364 6581 3327 6582 3364 6582 3365 6582 3327 6583 3365 6583 3328 6583 3328 6584 3365 6584 3366 6584 3328 6585 3366 6585 3329 6585 3329 6586 3332 6586 3331 6586 3329 6587 3331 6587 3330 6587 3329 6588 3366 6588 3367 6588 3329 6589 3367 6589 3368 6589 3329 6590 3368 6590 3333 6590 3329 6591 3333 6591 3332 6591 3212 6592 3333 6592 3213 6592 3333 6593 3368 6593 3367 6593 3333 6594 3367 6594 3369 6594 3333 6595 3369 6595 3370 6595 3333 6596 3370 6596 3214 6596 3333 6597 3214 6597 3213 6597 3334 6598 3371 6598 3372 6598 3334 6599 3372 6599 3335 6599 3334 6600 3346 6600 3371 6600 3335 6601 3372 6601 3373 6601 3335 6602 3373 6602 3336 6602 3336 6603 3373 6603 3338 6603 3337 6604 3338 6604 3373 6604 3337 6605 3373 6605 3183 6605 3183 6606 3373 6606 3184 6606 3339 6607 3221 6607 3220 6607 3339 6608 3220 6608 3374 6608 3339 6609 3374 6609 3375 6609 3339 6610 3375 6610 3376 6610 3339 6611 3376 6611 3340 6611 3340 6612 3376 6612 3377 6612 3340 6613 3377 6613 3378 6613 3340 6614 3378 6614 3379 6614 3340 6615 3379 6615 3341 6615 3341 6616 3379 6616 3342 6616 3342 6617 3379 6617 3380 6617 3342 6618 3380 6618 3381 6618 3342 6619 3381 6619 3382 6619 3342 6620 3382 6620 3343 6620 3343 6621 3382 6621 3344 6621 3344 6622 3383 6622 3345 6622 3344 6623 3382 6623 3383 6623 3345 6624 3383 6624 3384 6624 3345 6625 3384 6625 3385 6625 3345 6626 3385 6626 3346 6626 3346 6627 3385 6627 3371 6627 3347 6628 3197 6628 3196 6628 3347 6629 3196 6629 3386 6629 3347 6630 3386 6630 3387 6630 3347 6631 3387 6631 3348 6631 3348 6632 3387 6632 3388 6632 3348 6633 3388 6633 3349 6633 3349 6634 3388 6634 3389 6634 3349 6635 3389 6635 3390 6635 3349 6636 3390 6636 3350 6636 3350 6637 3390 6637 3391 6637 3350 6638 3391 6638 3351 6638 3351 6639 3391 6639 3392 6639 3351 6640 3392 6640 3393 6640 3351 6641 3393 6641 3394 6641 3351 6642 3394 6642 3352 6642 3352 6643 3394 6643 3395 6643 3352 6644 3395 6644 3243 6644 3352 6645 3243 6645 3353 6645 3353 6646 3243 6646 3242 6646 3353 6647 3242 6647 3354 6647 3354 6648 3242 6648 3241 6648 3267 6649 3266 6649 3355 6649 3355 6650 3396 6650 3397 6650 3355 6651 3397 6651 3357 6651 3355 6652 3266 6652 3396 6652 3356 6653 3361 6653 3363 6653 3356 6654 3363 6654 3362 6654 3357 6655 3397 6655 3398 6655 3357 6656 3398 6656 3399 6656 3357 6657 3399 6657 3400 6657 3357 6658 3400 6658 3358 6658 3358 6659 3400 6659 3401 6659 3358 6660 3401 6660 3359 6660 3359 6661 3401 6661 3402 6661 3359 6662 3402 6662 3403 6662 3359 6663 3403 6663 3360 6663 3360 6664 3404 6664 3405 6664 3360 6665 3405 6665 3363 6665 3360 6666 3363 6666 3361 6666 3360 6667 3403 6667 3406 6667 3360 6668 3406 6668 3407 6668 3360 6669 3407 6669 3404 6669 3363 6670 3405 6670 3364 6670 3364 6671 3405 6671 3365 6671 3365 6672 3405 6672 3366 6672 3366 6673 3405 6673 3408 6673 3366 6674 3408 6674 3409 6674 3366 6675 3409 6675 3367 6675 3367 6676 3409 6676 3370 6676 3367 6677 3370 6677 3369 6677 3370 6678 3215 6678 3214 6678 3370 6679 3409 6679 3410 6679 3370 6680 3410 6680 3215 6680 3371 6681 3411 6681 3412 6681 3371 6682 3412 6682 3372 6682 3371 6683 3385 6683 3411 6683 3372 6684 3412 6684 3413 6684 3372 6685 3413 6685 3373 6685 3373 6686 3413 6686 3186 6686 3373 6687 3186 6687 3185 6687 3373 6688 3185 6688 3184 6688 3220 6689 3219 6689 3374 6689 3374 6690 3219 6690 3218 6690 3374 6691 3218 6691 3217 6691 3374 6692 3217 6692 3414 6692 3374 6693 3414 6693 3415 6693 3374 6694 3415 6694 3376 6694 3374 6695 3376 6695 3375 6695 3376 6696 3415 6696 3377 6696 3377 6697 3415 6697 3414 6697 3377 6698 3414 6698 3409 6698 3377 6699 3409 6699 3416 6699 3377 6700 3416 6700 3417 6700 3377 6701 3417 6701 3378 6701 3378 6702 3417 6702 3379 6702 3379 6703 3417 6703 3380 6703 3380 6704 3417 6704 3418 6704 3380 6705 3418 6705 3419 6705 3380 6706 3419 6706 3420 6706 3380 6707 3420 6707 3381 6707 3381 6708 3420 6708 3421 6708 3381 6709 3421 6709 3422 6709 3381 6710 3422 6710 3382 6710 3382 6711 3422 6711 3383 6711 3383 6712 3423 6712 3384 6712 3383 6713 3422 6713 3424 6713 3383 6714 3424 6714 3423 6714 3384 6715 3423 6715 3425 6715 3384 6716 3425 6716 3385 6716 3385 6717 3425 6717 3411 6717 3196 6718 3195 6718 3386 6718 3386 6719 3195 6719 3194 6719 3386 6720 3194 6720 3426 6720 3386 6721 3426 6721 3427 6721 3386 6722 3427 6722 3387 6722 3387 6723 3427 6723 3428 6723 3387 6724 3428 6724 3388 6724 3388 6725 3428 6725 3429 6725 3388 6726 3429 6726 3389 6726 3389 6727 3429 6727 3430 6727 3389 6728 3430 6728 3390 6728 3390 6729 3430 6729 3431 6729 3390 6730 3431 6730 3432 6730 3390 6731 3432 6731 3391 6731 3391 6732 3432 6732 3433 6732 3391 6733 3433 6733 3434 6733 3391 6734 3434 6734 3392 6734 3392 6735 3434 6735 3435 6735 3392 6736 3435 6736 3436 6736 3392 6737 3436 6737 3437 6737 3392 6738 3437 6738 3393 6738 3393 6739 3437 6739 3394 6739 3394 6740 3437 6740 3245 6740 3394 6741 3245 6741 3244 6741 3394 6742 3244 6742 3395 6742 3395 6743 3244 6743 3243 6743 3266 6744 3265 6744 3396 6744 3396 6745 3265 6745 3264 6745 3396 6746 3264 6746 3397 6746 3397 6747 3264 6747 3263 6747 3397 6748 3263 6748 3438 6748 3397 6749 3438 6749 3398 6749 3398 6750 3438 6750 3439 6750 3398 6751 3439 6751 3440 6751 3398 6752 3440 6752 3441 6752 3398 6753 3441 6753 3399 6753 3399 6754 3441 6754 3400 6754 3400 6755 3441 6755 3442 6755 3400 6756 3442 6756 3443 6756 3400 6757 3443 6757 3402 6757 3400 6758 3402 6758 3401 6758 3402 6759 3443 6759 3444 6759 3402 6760 3444 6760 3406 6760 3402 6761 3406 6761 3403 6761 3404 6762 3408 6762 3405 6762 3404 6763 3407 6763 3445 6763 3404 6764 3445 6764 3418 6764 3404 6765 3418 6765 3446 6765 3404 6766 3446 6766 3408 6766 3406 6767 3444 6767 3407 6767 3407 6768 3444 6768 3447 6768 3407 6769 3447 6769 3445 6769 3408 6770 3446 6770 3409 6770 3409 6771 3414 6771 3410 6771 3409 6772 3446 6772 3418 6772 3409 6773 3418 6773 3416 6773 3215 6774 3410 6774 3216 6774 3410 6775 3414 6775 3217 6775 3410 6776 3217 6776 3216 6776 3411 6777 3448 6777 3449 6777 3411 6778 3449 6778 3412 6778 3411 6779 3425 6779 3450 6779 3411 6780 3450 6780 3448 6780 3412 6781 3449 6781 3451 6781 3412 6782 3451 6782 3413 6782 3413 6783 3451 6783 3188 6783 3413 6784 3188 6784 3187 6784 3413 6785 3187 6785 3186 6785 3416 6786 3418 6786 3417 6786 3418 6787 3445 6787 3452 6787 3418 6788 3452 6788 3419 6788 3419 6789 3452 6789 3453 6789 3419 6790 3453 6790 3420 6790 3420 6791 3453 6791 3421 6791 3421 6792 3453 6792 3454 6792 3421 6793 3454 6793 3455 6793 3421 6794 3455 6794 3456 6794 3421 6795 3456 6795 3424 6795 3421 6796 3424 6796 3422 6796 3423 6797 3457 6797 3458 6797 3423 6798 3458 6798 3425 6798 3423 6799 3424 6799 3456 6799 3423 6800 3456 6800 3457 6800 3425 6801 3458 6801 3450 6801 3194 6802 3193 6802 3426 6802 3426 6803 3459 6803 3427 6803 3426 6804 3193 6804 3192 6804 3426 6805 3192 6805 3459 6805 3427 6806 3459 6806 3460 6806 3427 6807 3460 6807 3428 6807 3428 6808 3460 6808 3461 6808 3428 6809 3461 6809 3429 6809 3429 6810 3461 6810 3430 6810 3430 6811 3462 6811 3463 6811 3430 6812 3463 6812 3464 6812 3430 6813 3464 6813 3431 6813 3430 6814 3461 6814 3462 6814 3431 6815 3464 6815 3465 6815 3431 6816 3465 6816 3432 6816 3432 6817 3465 6817 3466 6817 3432 6818 3466 6818 3433 6818 3433 6819 3466 6819 3467 6819 3433 6820 3467 6820 3468 6820 3433 6821 3468 6821 3469 6821 3433 6822 3469 6822 3434 6822 3434 6823 3469 6823 3470 6823 3434 6824 3470 6824 3435 6824 3435 6825 3470 6825 3247 6825 3435 6826 3247 6826 3436 6826 3436 6827 3247 6827 3246 6827 3436 6828 3246 6828 3437 6828 3437 6829 3246 6829 3245 6829 3263 6830 3262 6830 3438 6830 3438 6831 3262 6831 3471 6831 3438 6832 3471 6832 3439 6832 3439 6833 3471 6833 3472 6833 3439 6834 3472 6834 3440 6834 3440 6835 3472 6835 3473 6835 3440 6836 3473 6836 3441 6836 3441 6837 3473 6837 3474 6837 3441 6838 3474 6838 3475 6838 3441 6839 3475 6839 3476 6839 3441 6840 3476 6840 3442 6840 3442 6841 3476 6841 3443 6841 3443 6842 3476 6842 3477 6842 3443 6843 3477 6843 3478 6843 3443 6844 3478 6844 3444 6844 3444 6845 3478 6845 3479 6845 3444 6846 3479 6846 3447 6846 3445 6847 3447 6847 3452 6847 3447 6848 3479 6848 3480 6848 3447 6849 3480 6849 3452 6849 3448 6850 3481 6850 3482 6850 3448 6851 3482 6851 3449 6851 3448 6852 3450 6852 3481 6852 3449 6853 3482 6853 3483 6853 3449 6854 3483 6854 3451 6854 3450 6855 3458 6855 3484 6855 3450 6856 3484 6856 3481 6856 3451 6857 3483 6857 3485 6857 3451 6858 3485 6858 3189 6858 3451 6859 3189 6859 3188 6859 3452 6860 3480 6860 3453 6860 3453 6861 3480 6861 3454 6861 3454 6862 3480 6862 3486 6862 3454 6863 3486 6863 3455 6863 3455 6864 3486 6864 3487 6864 3455 6865 3487 6865 3488 6865 3455 6866 3488 6866 3457 6866 3455 6867 3457 6867 3456 6867 3457 6868 3488 6868 3489 6868 3457 6869 3489 6869 3458 6869 3458 6870 3489 6870 3484 6870 3459 6871 3490 6871 3491 6871 3459 6872 3491 6872 3460 6872 3459 6873 3192 6873 3191 6873 3459 6874 3191 6874 3490 6874 3460 6875 3491 6875 3492 6875 3460 6876 3492 6876 3461 6876 3461 6877 3492 6877 3462 6877 3462 6878 3492 6878 3481 6878 3462 6879 3481 6879 3484 6879 3462 6880 3484 6880 3493 6880 3462 6881 3493 6881 3463 6881 3463 6882 3493 6882 3494 6882 3463 6883 3494 6883 3464 6883 3464 6884 3494 6884 3495 6884 3464 6885 3495 6885 3465 6885 3465 6886 3495 6886 3496 6886 3465 6887 3496 6887 3466 6887 3466 6888 3496 6888 3497 6888 3466 6889 3497 6889 3467 6889 3467 6890 3497 6890 3498 6890 3467 6891 3498 6891 3468 6891 3468 6892 3498 6892 3499 6892 3468 6893 3499 6893 3500 6893 3468 6894 3500 6894 3469 6894 3469 6895 3500 6895 3470 6895 3470 6896 3500 6896 3249 6896 3470 6897 3249 6897 3248 6897 3470 6898 3248 6898 3247 6898 3262 6899 3261 6899 3471 6899 3471 6900 3260 6900 3501 6900 3471 6901 3501 6901 3472 6901 3471 6902 3261 6902 3260 6902 3472 6903 3501 6903 3502 6903 3472 6904 3502 6904 3503 6904 3472 6905 3503 6905 3504 6905 3472 6906 3504 6906 3505 6906 3472 6907 3505 6907 3506 6907 3472 6908 3506 6908 3473 6908 3473 6909 3506 6909 3474 6909 3474 6910 3506 6910 3477 6910 3474 6911 3477 6911 3475 6911 3475 6912 3477 6912 3476 6912 3477 6913 3506 6913 3507 6913 3477 6914 3507 6914 3478 6914 3478 6915 3507 6915 3508 6915 3478 6916 3508 6916 3479 6916 3479 6917 3508 6917 3486 6917 3479 6918 3486 6918 3480 6918 3481 6919 3492 6919 3482 6919 3482 6920 3492 6920 3491 6920 3482 6921 3491 6921 3483 6921 3483 6922 3491 6922 3490 6922 3483 6923 3490 6923 3485 6923 3484 6924 3489 6924 3493 6924 3485 6925 3490 6925 3190 6925 3485 6926 3190 6926 3189 6926 3486 6927 3508 6927 3487 6927 3487 6928 3509 6928 3488 6928 3487 6929 3508 6929 3510 6929 3487 6930 3510 6930 3509 6930 3488 6931 3511 6931 3489 6931 3488 6932 3509 6932 3511 6932 3489 6933 3511 6933 3493 6933 3490 6934 3191 6934 3190 6934 3493 6935 3511 6935 3494 6935 3494 6936 3511 6936 3512 6936 3494 6937 3512 6937 3495 6937 3495 6938 3512 6938 3513 6938 3495 6939 3513 6939 3496 6939 3496 6940 3513 6940 3514 6940 3496 6941 3514 6941 3497 6941 3497 6942 3514 6942 3515 6942 3497 6943 3515 6943 3516 6943 3497 6944 3516 6944 3517 6944 3497 6945 3517 6945 3498 6945 3498 6946 3517 6946 3518 6946 3498 6947 3518 6947 3499 6947 3499 6948 3518 6948 3500 6948 3500 6949 3518 6949 3249 6949 3249 6950 3518 6950 3250 6950 3260 6951 3259 6951 3501 6951 3501 6952 3259 6952 3519 6952 3501 6953 3519 6953 3502 6953 3502 6954 3519 6954 3520 6954 3502 6955 3520 6955 3521 6955 3502 6956 3521 6956 3522 6956 3502 6957 3522 6957 3503 6957 3503 6958 3522 6958 3523 6958 3503 6959 3523 6959 3504 6959 3504 6960 3523 6960 3524 6960 3504 6961 3524 6961 3507 6961 3504 6962 3507 6962 3505 6962 3505 6963 3507 6963 3506 6963 3507 6964 3524 6964 3525 6964 3507 6965 3525 6965 3510 6965 3507 6966 3510 6966 3508 6966 3509 6967 3510 6967 3526 6967 3509 6968 3526 6968 3512 6968 3509 6969 3512 6969 3511 6969 3510 6970 3525 6970 3526 6970 3512 6971 3526 6971 3513 6971 3513 6972 3526 6972 3527 6972 3513 6973 3527 6973 3528 6973 3513 6974 3528 6974 3529 6974 3513 6975 3529 6975 3514 6975 3514 6976 3529 6976 3530 6976 3514 6977 3530 6977 3531 6977 3514 6978 3531 6978 3515 6978 3515 6979 3531 6979 3532 6979 3515 6980 3532 6980 3516 6980 3516 6981 3532 6981 3517 6981 3517 6982 3532 6982 3533 6982 3517 6983 3533 6983 3518 6983 3518 6984 3533 6984 3252 6984 3518 6985 3252 6985 3251 6985 3518 6986 3251 6986 3250 6986 3259 6987 3258 6987 3519 6987 3519 6988 3257 6988 3534 6988 3519 6989 3534 6989 3520 6989 3519 6990 3258 6990 3257 6990 3520 6991 3534 6991 3535 6991 3520 6992 3535 6992 3536 6992 3520 6993 3536 6993 3521 6993 3521 6994 3536 6994 3537 6994 3521 6995 3537 6995 3538 6995 3521 6996 3538 6996 3522 6996 3522 6997 3538 6997 3523 6997 3523 6998 3538 6998 3524 6998 3524 6999 3538 6999 3525 6999 3525 7000 3527 7000 3526 7000 3525 7001 3538 7001 3527 7001 3527 7002 3538 7002 3537 7002 3527 7003 3537 7003 3528 7003 3528 7004 3537 7004 3536 7004 3528 7005 3536 7005 3529 7005 3529 7006 3536 7006 3535 7006 3529 7007 3535 7007 3530 7007 3530 7008 3535 7008 3531 7008 3531 7009 3535 7009 3539 7009 3531 7010 3539 7010 3532 7010 3532 7011 3539 7011 3533 7011 3533 7012 3539 7012 3254 7012 3533 7013 3254 7013 3253 7013 3533 7014 3253 7014 3252 7014 3257 7015 3256 7015 3534 7015 3534 7016 3255 7016 3254 7016 3534 7017 3254 7017 3539 7017 3534 7018 3539 7018 3535 7018 3534 7019 3256 7019 3255 7019 3540 7020 3541 7020 3542 7020 3540 7021 3542 7021 3543 7021 3540 7022 3543 7022 3544 7022 3540 7023 3544 7023 3545 7023 3540 7024 3545 7024 3546 7024 3540 7025 3546 7025 3547 7025 3540 7026 3547 7026 3548 7026 3540 7027 3548 7027 3549 7027 3540 7028 3549 7028 3550 7028 3540 7029 3550 7029 3551 7029 3540 7030 3551 7030 3552 7030 3540 7031 3552 7031 3553 7031 3540 7032 3553 7032 3554 7032 3540 7033 3554 7033 3555 7033 3540 7034 3555 7034 3556 7034 3540 7035 3556 7035 3557 7035 3540 7036 3557 7036 3558 7036 3540 7037 3558 7037 3559 7037 3540 7038 3559 7038 3560 7038 3540 7039 3560 7039 3561 7039 3540 7040 3561 7040 3562 7040 3540 7041 3562 7041 3563 7041 3540 7042 3563 7042 3564 7042 3540 7043 3564 7043 3565 7043 3540 7044 3565 7044 3566 7044 3540 7045 3566 7045 3567 7045 3540 7046 3567 7046 3568 7046 3540 7047 3568 7047 3569 7047 3540 7048 3569 7048 3570 7048 3540 7049 3570 7049 3571 7049 3540 7050 3571 7050 3572 7050 3540 7051 3572 7051 3573 7051 3540 7052 3573 7052 3574 7052 3540 7053 3574 7053 3575 7053 3540 7054 3575 7054 3576 7054 3540 7055 3576 7055 3577 7055 3540 7056 3577 7056 3578 7056 3540 7057 3578 7057 3579 7057 3540 7058 3579 7058 3580 7058 3540 7059 3580 7059 3581 7059 3540 7060 3581 7060 3582 7060 3540 7061 3582 7061 3583 7061 3540 7062 3583 7062 3584 7062 3540 7063 3584 7063 3585 7063 3540 7064 3585 7064 3586 7064 3540 7065 3586 7065 3587 7065 3540 7066 3587 7066 3588 7066 3540 7067 3588 7067 3589 7067 3540 7068 3589 7068 3590 7068 3540 7069 3590 7069 3591 7069 3540 7070 3591 7070 3592 7070 3540 7071 3592 7071 3593 7071 3540 7072 3593 7072 3594 7072 3540 7073 3594 7073 3595 7073 3540 7074 3595 7074 3596 7074 3540 7075 3596 7075 3597 7075 3540 7076 3597 7076 3598 7076 3540 7077 3598 7077 3599 7077 3540 7078 3599 7078 3600 7078 3540 7079 3600 7079 3601 7079 3540 7080 3601 7080 3602 7080 3540 7081 3602 7081 3603 7081 3540 7082 3603 7082 3604 7082 3540 7083 3604 7083 3605 7083 3540 7084 3605 7084 3606 7084 3540 7085 3606 7085 3607 7085 3540 7086 3607 7086 3541 7086 3541 7087 3608 7087 3609 7087 3541 7088 3609 7088 3542 7088 3541 7089 3607 7089 3608 7089 3542 7090 3610 7090 3545 7090 3542 7091 3545 7091 3544 7091 3542 7092 3544 7092 3543 7092 3542 7093 3609 7093 3611 7093 3542 7094 3611 7094 3610 7094 3576 7095 3575 7095 3577 7095 3608 7096 3612 7096 3611 7096 3608 7097 3611 7097 3609 7097 3608 7098 3607 7098 3606 7098 3608 7099 3606 7099 3613 7099 3608 7100 3613 7100 3614 7100 3608 7101 3614 7101 3612 7101 3610 7102 3611 7102 3615 7102 3610 7103 3615 7103 3616 7103 3610 7104 3616 7104 3545 7104 3575 7105 3574 7105 3617 7105 3575 7106 3617 7106 3618 7106 3575 7107 3618 7107 3619 7107 3575 7108 3619 7108 3620 7108 3575 7109 3620 7109 3621 7109 3575 7110 3621 7110 3622 7110 3575 7111 3622 7111 3623 7111 3575 7112 3623 7112 3624 7112 3575 7113 3624 7113 3625 7113 3575 7114 3625 7114 3578 7114 3575 7115 3578 7115 3577 7115 3612 7116 3614 7116 3626 7116 3612 7117 3626 7117 3627 7117 3612 7118 3627 7118 3615 7118 3612 7119 3615 7119 3611 7119 3606 7120 3605 7120 3628 7120 3606 7121 3628 7121 3613 7121 3613 7122 3628 7122 3629 7122 3613 7123 3629 7123 3614 7123 3615 7124 3627 7124 3630 7124 3615 7125 3630 7125 3616 7125 3616 7126 3547 7126 3546 7126 3616 7127 3546 7127 3545 7127 3616 7128 3630 7128 3547 7128 3574 7129 3573 7129 3631 7129 3574 7130 3631 7130 3632 7130 3574 7131 3632 7131 3617 7131 3578 7132 3625 7132 3633 7132 3578 7133 3633 7133 3634 7133 3578 7134 3634 7134 3635 7134 3578 7135 3635 7135 3579 7135 3614 7136 3629 7136 3626 7136 3626 7137 3629 7137 3636 7137 3626 7138 3636 7138 3637 7138 3626 7139 3637 7139 3627 7139 3627 7140 3637 7140 3630 7140 3605 7141 3604 7141 3628 7141 3628 7142 3604 7142 3638 7142 3628 7143 3638 7143 3639 7143 3628 7144 3639 7144 3629 7144 3630 7145 3637 7145 3640 7145 3630 7146 3640 7146 3641 7146 3630 7147 3641 7147 3548 7147 3630 7148 3548 7148 3547 7148 3617 7149 3642 7149 3643 7149 3617 7150 3643 7150 3618 7150 3617 7151 3632 7151 3644 7151 3617 7152 3644 7152 3645 7152 3617 7153 3645 7153 3646 7153 3617 7154 3646 7154 3642 7154 3573 7155 3572 7155 3631 7155 3631 7156 3572 7156 3571 7156 3631 7157 3571 7157 3647 7157 3631 7158 3647 7158 3648 7158 3631 7159 3648 7159 3632 7159 3632 7160 3648 7160 3649 7160 3632 7161 3649 7161 3650 7161 3632 7162 3650 7162 3651 7162 3632 7163 3651 7163 3645 7163 3632 7164 3645 7164 3644 7164 3625 7165 3624 7165 3652 7165 3625 7166 3652 7166 3633 7166 3633 7167 3652 7167 3634 7167 3634 7168 3652 7168 3653 7168 3634 7169 3653 7169 3654 7169 3634 7170 3654 7170 3655 7170 3634 7171 3655 7171 3635 7171 3635 7172 3655 7172 3583 7172 3635 7173 3583 7173 3582 7173 3635 7174 3582 7174 3581 7174 3635 7175 3581 7175 3580 7175 3635 7176 3580 7176 3579 7176 3629 7177 3639 7177 3656 7177 3629 7178 3656 7178 3636 7178 3636 7179 3656 7179 3637 7179 3637 7180 3656 7180 3657 7180 3637 7181 3657 7181 3658 7181 3637 7182 3658 7182 3640 7182 3604 7183 3603 7183 3638 7183 3638 7184 3603 7184 3602 7184 3638 7185 3602 7185 3659 7185 3638 7186 3659 7186 3660 7186 3638 7187 3660 7187 3639 7187 3640 7188 3658 7188 3661 7188 3640 7189 3661 7189 3662 7189 3640 7190 3662 7190 3663 7190 3640 7191 3663 7191 3551 7191 3640 7192 3551 7192 3550 7192 3640 7193 3550 7193 3549 7193 3640 7194 3549 7194 3548 7194 3640 7195 3548 7195 3641 7195 3642 7196 3664 7196 3643 7196 3642 7197 3646 7197 3664 7197 3643 7198 3664 7198 3665 7198 3643 7199 3665 7199 3666 7199 3643 7200 3666 7200 3618 7200 3618 7201 3667 7201 3668 7201 3618 7202 3668 7202 3669 7202 3618 7203 3669 7203 3619 7203 3618 7204 3666 7204 3670 7204 3618 7205 3670 7205 3667 7205 3645 7206 3651 7206 3671 7206 3645 7207 3671 7207 3646 7207 3646 7208 3671 7208 3672 7208 3646 7209 3672 7209 3673 7209 3646 7210 3673 7210 3664 7210 3571 7211 3570 7211 3647 7211 3647 7212 3570 7212 3674 7212 3647 7213 3674 7213 3648 7213 3648 7214 3674 7214 3675 7214 3648 7215 3675 7215 3650 7215 3648 7216 3650 7216 3649 7216 3650 7217 3675 7217 3671 7217 3650 7218 3671 7218 3651 7218 3624 7219 3623 7219 3653 7219 3624 7220 3653 7220 3676 7220 3624 7221 3676 7221 3652 7221 3652 7222 3676 7222 3653 7222 3655 7223 3654 7223 3677 7223 3655 7224 3677 7224 3678 7224 3655 7225 3678 7225 3585 7225 3655 7226 3585 7226 3584 7226 3655 7227 3584 7227 3583 7227 3639 7228 3660 7228 3656 7228 3656 7229 3660 7229 3679 7229 3656 7230 3679 7230 3680 7230 3656 7231 3680 7231 3681 7231 3656 7232 3681 7232 3657 7232 3657 7233 3681 7233 3682 7233 3657 7234 3682 7234 3658 7234 3658 7235 3682 7235 3661 7235 3602 7236 3601 7236 3659 7236 3659 7237 3601 7237 3600 7237 3659 7238 3600 7238 3599 7238 3659 7239 3599 7239 3683 7239 3659 7240 3683 7240 3684 7240 3659 7241 3684 7241 3685 7241 3659 7242 3685 7242 3660 7242 3661 7243 3682 7243 3662 7243 3662 7244 3682 7244 3686 7244 3662 7245 3686 7245 3687 7245 3662 7246 3687 7246 3688 7246 3662 7247 3688 7247 3663 7247 3663 7248 3553 7248 3552 7248 3663 7249 3552 7249 3551 7249 3663 7250 3688 7250 3553 7250 3664 7251 3673 7251 3689 7251 3664 7252 3689 7252 3665 7252 3665 7253 3689 7253 3690 7253 3665 7254 3690 7254 3691 7254 3665 7255 3691 7255 3670 7255 3665 7256 3670 7256 3666 7256 3667 7257 3670 7257 3691 7257 3667 7258 3691 7258 3668 7258 3668 7259 3691 7259 3669 7259 3669 7260 3692 7260 3619 7260 3669 7261 3691 7261 3693 7261 3669 7262 3693 7262 3692 7262 3619 7263 3692 7263 3694 7263 3619 7264 3694 7264 3620 7264 3671 7265 3570 7265 3695 7265 3671 7266 3695 7266 3696 7266 3671 7267 3696 7267 3689 7267 3671 7268 3689 7268 3672 7268 3671 7269 3675 7269 3697 7269 3671 7270 3697 7270 3570 7270 3672 7271 3689 7271 3673 7271 3570 7272 3569 7272 3695 7272 3570 7273 3697 7273 3675 7273 3570 7274 3675 7274 3674 7274 3623 7275 3622 7275 3698 7275 3623 7276 3698 7276 3699 7276 3623 7277 3699 7277 3700 7277 3623 7278 3700 7278 3653 7278 3653 7279 3700 7279 3701 7279 3653 7280 3701 7280 3654 7280 3654 7281 3701 7281 3702 7281 3654 7282 3702 7282 3677 7282 3678 7283 3677 7283 3703 7283 3678 7284 3703 7284 3704 7284 3678 7285 3704 7285 3586 7285 3678 7286 3586 7286 3585 7286 3660 7287 3685 7287 3679 7287 3679 7288 3685 7288 3705 7288 3679 7289 3705 7289 3680 7289 3680 7290 3705 7290 3706 7290 3680 7291 3706 7291 3707 7291 3680 7292 3707 7292 3681 7292 3681 7293 3708 7293 3682 7293 3681 7294 3707 7294 3708 7294 3682 7295 3708 7295 3686 7295 3599 7296 3598 7296 3683 7296 3683 7297 3598 7297 3597 7297 3683 7298 3597 7298 3596 7298 3683 7299 3596 7299 3595 7299 3683 7300 3595 7300 3594 7300 3683 7301 3594 7301 3684 7301 3684 7302 3594 7302 3709 7302 3684 7303 3709 7303 3710 7303 3684 7304 3710 7304 3685 7304 3686 7305 3708 7305 3711 7305 3686 7306 3711 7306 3687 7306 3687 7307 3712 7307 3713 7307 3687 7308 3713 7308 3688 7308 3687 7309 3711 7309 3712 7309 3688 7310 3714 7310 3556 7310 3688 7311 3556 7311 3555 7311 3688 7312 3555 7312 3554 7312 3688 7313 3554 7313 3553 7313 3688 7314 3713 7314 3714 7314 3689 7315 3696 7315 3715 7315 3689 7316 3715 7316 3716 7316 3689 7317 3716 7317 3690 7317 3690 7318 3716 7318 3691 7318 3691 7319 3716 7319 3717 7319 3691 7320 3717 7320 3718 7320 3691 7321 3718 7321 3693 7321 3692 7322 3693 7322 3719 7322 3692 7323 3719 7323 3694 7323 3693 7324 3718 7324 3715 7324 3693 7325 3715 7325 3719 7325 3620 7326 3694 7326 3621 7326 3694 7327 3720 7327 3721 7327 3694 7328 3721 7328 3722 7328 3694 7329 3722 7329 3621 7329 3694 7330 3719 7330 3720 7330 3695 7331 3568 7331 3567 7331 3695 7332 3567 7332 3723 7332 3695 7333 3723 7333 3724 7333 3695 7334 3724 7334 3696 7334 3695 7335 3569 7335 3568 7335 3696 7336 3724 7336 3715 7336 3622 7337 3621 7337 3725 7337 3622 7338 3725 7338 3726 7338 3622 7339 3726 7339 3727 7339 3622 7340 3727 7340 3728 7340 3622 7341 3728 7341 3698 7341 3698 7342 3728 7342 3700 7342 3698 7343 3700 7343 3699 7343 3700 7344 3729 7344 3730 7344 3700 7345 3730 7345 3701 7345 3700 7346 3728 7346 3729 7346 3701 7347 3730 7347 3731 7347 3701 7348 3731 7348 3732 7348 3701 7349 3732 7349 3733 7349 3701 7350 3733 7350 3706 7350 3701 7351 3706 7351 3705 7351 3701 7352 3705 7352 3702 7352 3702 7353 3705 7353 3734 7353 3702 7354 3734 7354 3735 7354 3702 7355 3735 7355 3677 7355 3677 7356 3735 7356 3703 7356 3704 7357 3703 7357 3736 7357 3704 7358 3736 7358 3737 7358 3704 7359 3737 7359 3588 7359 3704 7360 3588 7360 3587 7360 3704 7361 3587 7361 3586 7361 3685 7362 3710 7362 3738 7362 3685 7363 3738 7363 3705 7363 3705 7364 3738 7364 3739 7364 3705 7365 3739 7365 3734 7365 3706 7366 3733 7366 3707 7366 3707 7367 3740 7367 3741 7367 3707 7368 3741 7368 3742 7368 3707 7369 3742 7369 3708 7369 3707 7370 3733 7370 3732 7370 3707 7371 3732 7371 3743 7371 3707 7372 3743 7372 3744 7372 3707 7373 3744 7373 3745 7373 3707 7374 3745 7374 3740 7374 3708 7375 3742 7375 3741 7375 3708 7376 3741 7376 3711 7376 3594 7377 3593 7377 3746 7377 3594 7378 3746 7378 3709 7378 3709 7379 3746 7379 3738 7379 3709 7380 3738 7380 3710 7380 3711 7381 3741 7381 3712 7381 3712 7382 3741 7382 3747 7382 3712 7383 3747 7383 3748 7383 3712 7384 3748 7384 3713 7384 3713 7385 3748 7385 3749 7385 3713 7386 3749 7386 3750 7386 3713 7387 3750 7387 3559 7387 3713 7388 3559 7388 3558 7388 3713 7389 3558 7389 3557 7389 3713 7390 3557 7390 3556 7390 3713 7391 3556 7391 3714 7391 3715 7392 3718 7392 3717 7392 3715 7393 3717 7393 3716 7393 3715 7394 3724 7394 3751 7394 3715 7395 3751 7395 3719 7395 3719 7396 3751 7396 3752 7396 3719 7397 3752 7397 3753 7397 3719 7398 3753 7398 3720 7398 3621 7399 3722 7399 3754 7399 3621 7400 3754 7400 3755 7400 3621 7401 3755 7401 3725 7401 3720 7402 3753 7402 3721 7402 3721 7403 3754 7403 3722 7403 3721 7404 3753 7404 3756 7404 3721 7405 3756 7405 3754 7405 3567 7406 3566 7406 3723 7406 3723 7407 3566 7407 3565 7407 3723 7408 3565 7408 3564 7408 3723 7409 3564 7409 3757 7409 3723 7410 3757 7410 3758 7410 3723 7411 3758 7411 3724 7411 3724 7412 3745 7412 3759 7412 3724 7413 3759 7413 3751 7413 3724 7414 3758 7414 3760 7414 3724 7415 3760 7415 3745 7415 3725 7416 3755 7416 3754 7416 3725 7417 3754 7417 3726 7417 3726 7418 3754 7418 3729 7418 3726 7419 3729 7419 3727 7419 3727 7420 3729 7420 3728 7420 3729 7421 3754 7421 3730 7421 3730 7422 3754 7422 3761 7422 3730 7423 3761 7423 3762 7423 3730 7424 3762 7424 3763 7424 3730 7425 3763 7425 3731 7425 3731 7426 3763 7426 3764 7426 3731 7427 3764 7427 3765 7427 3731 7428 3765 7428 3744 7428 3731 7429 3744 7429 3743 7429 3731 7430 3743 7430 3732 7430 3734 7431 3739 7431 3735 7431 3735 7432 3739 7432 3736 7432 3735 7433 3736 7433 3703 7433 3736 7434 3739 7434 3766 7434 3736 7435 3766 7435 3767 7435 3736 7436 3767 7436 3737 7436 3737 7437 3589 7437 3588 7437 3737 7438 3767 7438 3590 7438 3737 7439 3590 7439 3589 7439 3738 7440 3746 7440 3591 7440 3738 7441 3591 7441 3590 7441 3738 7442 3590 7442 3767 7442 3738 7443 3767 7443 3766 7443 3738 7444 3766 7444 3739 7444 3740 7445 3768 7445 3741 7445 3740 7446 3745 7446 3768 7446 3741 7447 3768 7447 3747 7447 3744 7448 3765 7448 3764 7448 3744 7449 3764 7449 3763 7449 3744 7450 3763 7450 3745 7450 3745 7451 3763 7451 3761 7451 3745 7452 3761 7452 3769 7452 3745 7453 3769 7453 3759 7453 3745 7454 3760 7454 3770 7454 3745 7455 3770 7455 3768 7455 3593 7456 3592 7456 3746 7456 3746 7457 3592 7457 3591 7457 3747 7458 3768 7458 3771 7458 3747 7459 3771 7459 3748 7459 3748 7460 3771 7460 3749 7460 3749 7461 3561 7461 3560 7461 3749 7462 3560 7462 3559 7462 3749 7463 3559 7463 3750 7463 3749 7464 3771 7464 3760 7464 3749 7465 3760 7465 3757 7465 3749 7466 3757 7466 3561 7466 3751 7467 3759 7467 3761 7467 3751 7468 3761 7468 3754 7468 3751 7469 3754 7469 3756 7469 3751 7470 3756 7470 3752 7470 3752 7471 3756 7471 3753 7471 3564 7472 3563 7472 3757 7472 3757 7473 3563 7473 3562 7473 3757 7474 3562 7474 3561 7474 3757 7475 3760 7475 3758 7475 3759 7476 3769 7476 3761 7476 3760 7477 3771 7477 3770 7477 3761 7478 3763 7478 3762 7478 3768 7479 3770 7479 3771 7479 3772 7480 3773 7480 3774 7480 3772 7481 3774 7481 3775 7481 3772 7482 3775 7482 3776 7482 3772 7483 3776 7483 3777 7483 3772 7484 3777 7484 3778 7484 3772 7485 3778 7485 3779 7485 3772 7486 3779 7486 3780 7486 3772 7487 3780 7487 3781 7487 3772 7488 3781 7488 3782 7488 3772 7489 3782 7489 3783 7489 3772 7490 3783 7490 3784 7490 3772 7491 3784 7491 3785 7491 3772 7492 3785 7492 3786 7492 3772 7493 3786 7493 3787 7493 3772 7494 3787 7494 3788 7494 3772 7495 3788 7495 3789 7495 3772 7496 3789 7496 3790 7496 3772 7497 3790 7497 3791 7497 3772 7498 3791 7498 3792 7498 3772 7499 3792 7499 3793 7499 3772 7500 3793 7500 3794 7500 3772 7501 3794 7501 3795 7501 3772 7502 3795 7502 3773 7502 3773 7503 3795 7503 3774 7503 3774 7504 3795 7504 3794 7504 3774 7505 3794 7505 3793 7505 3774 7506 3793 7506 3792 7506 3774 7507 3792 7507 3791 7507 3774 7508 3791 7508 3790 7508 3774 7509 3790 7509 3789 7509 3774 7510 3789 7510 3796 7510 3774 7511 3796 7511 3797 7511 3774 7512 3797 7512 3798 7512 3774 7513 3798 7513 3799 7513 3774 7514 3799 7514 3800 7514 3774 7515 3800 7515 3801 7515 3774 7516 3801 7516 3802 7516 3774 7517 3802 7517 3803 7517 3774 7518 3803 7518 3804 7518 3774 7519 3804 7519 3805 7519 3774 7520 3805 7520 3806 7520 3774 7521 3806 7521 3807 7521 3774 7522 3807 7522 3777 7522 3774 7523 3777 7523 3775 7523 3775 7524 3777 7524 3776 7524 3783 7525 3782 7525 3808 7525 3783 7526 3808 7526 3801 7526 3783 7527 3801 7527 3784 7527 3789 7528 3798 7528 3797 7528 3789 7529 3797 7529 3796 7529 3789 7530 3788 7530 3800 7530 3789 7531 3800 7531 3799 7531 3789 7532 3799 7532 3798 7532 3806 7533 3805 7533 3807 7533 3807 7534 3809 7534 3810 7534 3807 7535 3810 7535 3811 7535 3807 7536 3811 7536 3777 7536 3807 7537 3805 7537 3809 7537 3777 7538 3811 7538 3778 7538 3782 7539 3781 7539 3808 7539 3808 7540 3781 7540 3801 7540 3801 7541 3800 7541 3784 7541 3801 7542 3781 7542 3812 7542 3801 7543 3812 7543 3802 7543 3784 7544 3800 7544 3785 7544 3788 7545 3787 7545 3800 7545 3800 7546 3787 7546 3786 7546 3800 7547 3786 7547 3785 7547 3805 7548 3804 7548 3813 7548 3805 7549 3813 7549 3814 7549 3805 7550 3814 7550 3810 7550 3805 7551 3810 7551 3809 7551 3810 7552 3814 7552 3811 7552 3811 7553 3779 7553 3778 7553 3811 7554 3814 7554 3815 7554 3811 7555 3815 7555 3779 7555 3781 7556 3780 7556 3812 7556 3812 7557 3780 7557 3816 7557 3812 7558 3816 7558 3803 7558 3812 7559 3803 7559 3802 7559 3804 7560 3803 7560 3816 7560 3804 7561 3816 7561 3780 7561 3804 7562 3780 7562 3779 7562 3804 7563 3779 7563 3815 7563 3804 7564 3815 7564 3813 7564 3813 7565 3815 7565 3814 7565 3817 7566 3818 7566 3819 7566 3817 7567 3819 7567 3820 7567 3817 7568 3820 7568 3821 7568 3817 7569 3821 7569 3822 7569 3817 7570 3822 7570 3823 7570 3817 7571 3823 7571 3824 7571 3817 7572 3824 7572 3825 7572 3817 7573 3825 7573 3818 7573 3818 7574 3825 7574 3826 7574 3818 7575 3826 7575 3827 7575 3818 7576 3827 7576 3828 7576 3818 7577 3828 7577 3829 7577 3818 7578 3829 7578 3830 7578 3818 7579 3830 7579 3831 7579 3818 7580 3831 7580 3832 7580 3818 7581 3832 7581 3833 7581 3818 7582 3833 7582 3834 7582 3818 7583 3834 7583 3835 7583 3818 7584 3835 7584 3836 7584 3818 7585 3836 7585 3837 7585 3818 7586 3837 7586 3838 7586 3818 7587 3838 7587 3839 7587 3818 7588 3839 7588 3840 7588 3818 7589 3840 7589 3841 7589 3818 7590 3841 7590 3842 7590 3818 7591 3842 7591 3843 7591 3818 7592 3843 7592 3844 7592 3818 7593 3844 7593 3845 7593 3818 7594 3845 7594 3846 7594 3818 7595 3846 7595 3847 7595 3818 7596 3847 7596 3848 7596 3818 7597 3848 7597 3849 7597 3818 7598 3849 7598 3850 7598 3818 7599 3850 7599 3851 7599 3818 7600 3851 7600 3852 7600 3818 7601 3852 7601 3853 7601 3818 7602 3853 7602 3854 7602 3818 7603 3854 7603 3855 7603 3818 7604 3855 7604 3856 7604 3818 7605 3856 7605 3857 7605 3818 7606 3857 7606 3858 7606 3818 7607 3858 7607 3819 7607 3823 7608 3822 7608 3824 7608 3824 7609 3859 7609 3860 7609 3824 7610 3860 7610 3861 7610 3824 7611 3861 7611 3827 7611 3824 7612 3827 7612 3826 7612 3824 7613 3826 7613 3825 7613 3824 7614 3822 7614 3859 7614 3819 7615 3858 7615 3820 7615 3822 7616 3821 7616 3862 7616 3822 7617 3862 7617 3859 7617 3859 7618 3862 7618 3863 7618 3859 7619 3863 7619 3864 7619 3859 7620 3864 7620 3865 7620 3859 7621 3865 7621 3860 7621 3860 7622 3865 7622 3866 7622 3860 7623 3866 7623 3867 7623 3860 7624 3867 7624 3861 7624 3861 7625 3867 7625 3828 7625 3861 7626 3828 7626 3827 7626 3820 7627 3858 7627 3868 7627 3820 7628 3868 7628 3869 7628 3820 7629 3869 7629 3870 7629 3820 7630 3870 7630 3871 7630 3820 7631 3871 7631 3872 7631 3820 7632 3872 7632 3873 7632 3820 7633 3873 7633 3874 7633 3820 7634 3874 7634 3875 7634 3820 7635 3875 7635 3876 7635 3820 7636 3876 7636 3877 7636 3820 7637 3877 7637 3878 7637 3820 7638 3878 7638 3879 7638 3820 7639 3879 7639 3880 7639 3820 7640 3880 7640 3881 7640 3820 7641 3881 7641 3882 7641 3820 7642 3882 7642 3883 7642 3820 7643 3883 7643 3884 7643 3820 7644 3884 7644 3885 7644 3820 7645 3885 7645 3886 7645 3820 7646 3886 7646 3887 7646 3820 7647 3887 7647 3888 7647 3820 7648 3888 7648 3889 7648 3820 7649 3889 7649 3890 7649 3820 7650 3890 7650 3864 7650 3820 7651 3864 7651 3863 7651 3820 7652 3863 7652 3862 7652 3820 7653 3862 7653 3821 7653 3858 7654 3857 7654 3868 7654 3864 7655 3890 7655 3865 7655 3865 7656 3890 7656 3891 7656 3865 7657 3891 7657 3866 7657 3866 7658 3891 7658 3892 7658 3866 7659 3892 7659 3893 7659 3866 7660 3893 7660 3867 7660 3867 7661 3893 7661 3894 7661 3867 7662 3894 7662 3829 7662 3867 7663 3829 7663 3828 7663 3868 7664 3857 7664 3895 7664 3868 7665 3895 7665 3869 7665 3869 7666 3895 7666 3870 7666 3870 7667 3856 7667 3855 7667 3870 7668 3855 7668 3854 7668 3870 7669 3854 7669 3896 7669 3870 7670 3896 7670 3897 7670 3870 7671 3897 7671 3871 7671 3870 7672 3895 7672 3856 7672 3857 7673 3856 7673 3895 7673 3890 7674 3898 7674 3892 7674 3890 7675 3892 7675 3891 7675 3890 7676 3889 7676 3898 7676 3892 7677 3898 7677 3893 7677 3893 7678 3898 7678 3899 7678 3893 7679 3899 7679 3894 7679 3894 7680 3899 7680 3830 7680 3894 7681 3830 7681 3829 7681 3871 7682 3897 7682 3900 7682 3871 7683 3900 7683 3872 7683 3898 7684 3901 7684 3902 7684 3898 7685 3902 7685 3899 7685 3898 7686 3889 7686 3901 7686 3889 7687 3888 7687 3903 7687 3889 7688 3903 7688 3904 7688 3889 7689 3904 7689 3905 7689 3889 7690 3905 7690 3901 7690 3899 7691 3902 7691 3830 7691 3830 7692 3902 7692 3831 7692 3854 7693 3853 7693 3906 7693 3854 7694 3906 7694 3896 7694 3897 7695 3896 7695 3906 7695 3897 7696 3906 7696 3900 7696 3900 7697 3906 7697 3907 7697 3900 7698 3907 7698 3908 7698 3900 7699 3908 7699 3872 7699 3872 7700 3908 7700 3873 7700 3901 7701 3905 7701 3902 7701 3902 7702 3905 7702 3909 7702 3902 7703 3909 7703 3832 7703 3902 7704 3832 7704 3831 7704 3888 7705 3887 7705 3910 7705 3888 7706 3910 7706 3903 7706 3903 7707 3910 7707 3911 7707 3903 7708 3911 7708 3912 7708 3903 7709 3912 7709 3904 7709 3904 7710 3913 7710 3909 7710 3904 7711 3909 7711 3905 7711 3904 7712 3912 7712 3914 7712 3904 7713 3914 7713 3913 7713 3853 7714 3852 7714 3907 7714 3853 7715 3907 7715 3906 7715 3908 7716 3874 7716 3873 7716 3908 7717 3907 7717 3915 7717 3908 7718 3915 7718 3916 7718 3908 7719 3916 7719 3875 7719 3908 7720 3875 7720 3874 7720 3909 7721 3913 7721 3833 7721 3909 7722 3833 7722 3832 7722 3887 7723 3886 7723 3910 7723 3910 7724 3886 7724 3885 7724 3910 7725 3885 7725 3917 7725 3910 7726 3917 7726 3918 7726 3910 7727 3918 7727 3911 7727 3911 7728 3918 7728 3836 7728 3911 7729 3836 7729 3835 7729 3911 7730 3835 7730 3834 7730 3911 7731 3834 7731 3912 7731 3912 7732 3834 7732 3833 7732 3912 7733 3833 7733 3914 7733 3913 7734 3914 7734 3833 7734 3852 7735 3851 7735 3915 7735 3852 7736 3915 7736 3907 7736 3915 7737 3851 7737 3850 7737 3915 7738 3850 7738 3849 7738 3915 7739 3849 7739 3919 7739 3915 7740 3919 7740 3916 7740 3916 7741 3919 7741 3920 7741 3916 7742 3920 7742 3875 7742 3875 7743 3920 7743 3876 7743 3885 7744 3884 7744 3921 7744 3885 7745 3921 7745 3917 7745 3917 7746 3921 7746 3922 7746 3917 7747 3922 7747 3918 7747 3918 7748 3922 7748 3836 7748 3836 7749 3922 7749 3837 7749 3849 7750 3848 7750 3919 7750 3919 7751 3848 7751 3923 7751 3919 7752 3923 7752 3924 7752 3919 7753 3924 7753 3920 7753 3920 7754 3924 7754 3878 7754 3920 7755 3878 7755 3877 7755 3920 7756 3877 7756 3876 7756 3884 7757 3883 7757 3921 7757 3921 7758 3883 7758 3925 7758 3921 7759 3925 7759 3922 7759 3922 7760 3925 7760 3926 7760 3922 7761 3926 7761 3838 7761 3922 7762 3838 7762 3837 7762 3848 7763 3847 7763 3923 7763 3923 7764 3847 7764 3846 7764 3923 7765 3846 7765 3845 7765 3923 7766 3845 7766 3927 7766 3923 7767 3927 7767 3928 7767 3923 7768 3928 7768 3924 7768 3924 7769 3928 7769 3879 7769 3924 7770 3879 7770 3878 7770 3883 7771 3882 7771 3925 7771 3925 7772 3882 7772 3929 7772 3925 7773 3929 7773 3930 7773 3925 7774 3930 7774 3926 7774 3926 7775 3839 7775 3838 7775 3926 7776 3930 7776 3840 7776 3926 7777 3840 7777 3839 7777 3845 7778 3844 7778 3931 7778 3845 7779 3931 7779 3927 7779 3927 7780 3931 7780 3928 7780 3928 7781 3931 7781 3932 7781 3928 7782 3932 7782 3879 7782 3879 7783 3932 7783 3880 7783 3882 7784 3881 7784 3932 7784 3882 7785 3932 7785 3933 7785 3882 7786 3933 7786 3929 7786 3929 7787 3933 7787 3930 7787 3930 7788 3841 7788 3840 7788 3930 7789 3933 7789 3934 7789 3930 7790 3934 7790 3842 7790 3930 7791 3842 7791 3841 7791 3844 7792 3843 7792 3934 7792 3844 7793 3934 7793 3931 7793 3931 7794 3934 7794 3933 7794 3931 7795 3933 7795 3932 7795 3932 7796 3881 7796 3880 7796 3934 7797 3843 7797 3842 7797 3935 7798 3936 7798 3937 7798 3935 7799 3937 7799 3938 7799 3935 7800 3938 7800 3939 7800 3935 7801 3939 7801 3940 7801 3935 7802 3940 7802 3941 7802 3935 7803 3941 7803 3942 7803 3935 7804 3942 7804 3936 7804 3936 7805 3942 7805 3943 7805 3936 7806 3943 7806 3944 7806 3936 7807 3944 7807 3945 7807 3936 7808 3945 7808 3946 7808 3936 7809 3946 7809 3937 7809 3938 7810 3937 7810 3939 7810 3940 7811 3947 7811 3948 7811 3940 7812 3948 7812 3941 7812 3940 7813 3939 7813 3949 7813 3940 7814 3949 7814 3947 7814 3941 7815 3948 7815 3950 7815 3941 7816 3950 7816 3951 7816 3941 7817 3951 7817 3952 7817 3941 7818 3952 7818 3953 7818 3941 7819 3953 7819 3943 7819 3941 7820 3943 7820 3942 7820 3944 7821 3943 7821 3945 7821 3937 7822 3946 7822 3939 7822 3939 7823 3946 7823 3945 7823 3939 7824 3945 7824 3954 7824 3939 7825 3954 7825 3955 7825 3939 7826 3955 7826 3956 7826 3939 7827 3956 7827 3949 7827 3947 7828 3957 7828 3958 7828 3947 7829 3958 7829 3950 7829 3947 7830 3950 7830 3948 7830 3947 7831 3949 7831 3959 7831 3947 7832 3959 7832 3960 7832 3947 7833 3960 7833 3961 7833 3947 7834 3961 7834 3957 7834 3949 7835 3956 7835 3959 7835 3943 7836 3953 7836 3954 7836 3943 7837 3954 7837 3945 7837 3956 7838 3955 7838 3959 7838 3957 7839 3961 7839 3958 7839 3958 7840 3961 7840 3951 7840 3958 7841 3951 7841 3950 7841 3959 7842 3955 7842 3960 7842 3960 7843 3955 7843 3961 7843 3961 7844 3955 7844 3954 7844 3961 7845 3954 7845 3962 7845 3961 7846 3962 7846 3952 7846 3961 7847 3952 7847 3951 7847 3953 7848 3952 7848 3954 7848 3954 7849 3952 7849 3962 7849 3963 7850 3964 7850 3965 7850 3963 7851 3965 7851 3966 7851 3963 7852 3966 7852 3967 7852 3963 7853 3967 7853 3968 7853 3963 7854 3968 7854 3969 7854 3963 7855 3969 7855 3970 7855 3963 7856 3970 7856 3971 7856 3963 7857 3971 7857 3972 7857 3963 7858 3972 7858 3973 7858 3963 7859 3973 7859 3974 7859 3963 7860 3974 7860 3975 7860 3963 7861 3975 7861 3976 7861 3963 7862 3976 7862 3977 7862 3963 7863 3977 7863 3964 7863 3964 7864 3977 7864 3978 7864 3964 7865 3978 7865 3979 7865 3964 7866 3979 7866 3980 7866 3964 7867 3980 7867 3981 7867 3964 7868 3981 7868 3982 7868 3964 7869 3982 7869 3965 7869 3973 7870 3972 7870 3974 7870 3974 7871 3972 7871 3971 7871 3974 7872 3971 7872 3983 7872 3974 7873 3983 7873 3984 7873 3974 7874 3984 7874 3985 7874 3974 7875 3985 7875 3986 7875 3974 7876 3986 7876 3987 7876 3974 7877 3987 7877 3975 7877 3977 7878 3976 7878 3978 7878 3965 7879 3982 7879 3988 7879 3965 7880 3988 7880 3966 7880 3975 7881 3987 7881 3989 7881 3975 7882 3989 7882 3990 7882 3975 7883 3990 7883 3979 7883 3975 7884 3979 7884 3978 7884 3975 7885 3978 7885 3976 7885 3982 7886 3981 7886 3991 7886 3982 7887 3991 7887 3992 7887 3982 7888 3992 7888 3988 7888 3966 7889 3988 7889 3993 7889 3966 7890 3993 7890 3967 7890 3971 7891 3970 7891 3983 7891 3987 7892 3986 7892 3994 7892 3987 7893 3994 7893 3995 7893 3987 7894 3995 7894 3996 7894 3987 7895 3996 7895 3997 7895 3987 7896 3997 7896 3998 7896 3987 7897 3998 7897 3999 7897 3987 7898 3999 7898 3980 7898 3987 7899 3980 7899 3989 7899 3979 7900 3990 7900 3980 7900 3981 7901 3980 7901 3991 7901 3991 7902 3998 7902 4000 7902 3991 7903 4000 7903 3993 7903 3991 7904 3993 7904 3992 7904 3991 7905 3980 7905 3999 7905 3991 7906 3999 7906 3998 7906 3992 7907 3993 7907 3988 7907 3993 7908 4000 7908 3996 7908 3993 7909 3996 7909 4001 7909 3993 7910 4001 7910 3968 7910 3993 7911 3968 7911 3967 7911 3970 7912 3969 7912 4002 7912 3970 7913 4002 7913 3984 7913 3970 7914 3984 7914 3983 7914 3986 7915 3985 7915 3994 7915 3994 7916 4003 7916 4004 7916 3994 7917 4004 7917 3995 7917 3994 7918 3985 7918 4003 7918 3995 7919 4004 7919 3996 7919 3996 7920 4004 7920 4001 7920 3996 7921 4000 7921 3998 7921 3996 7922 3998 7922 3997 7922 3980 7923 3990 7923 3989 7923 4001 7924 4004 7924 3969 7924 4001 7925 3969 7925 3968 7925 3969 7926 4004 7926 4003 7926 3969 7927 4003 7927 4002 7927 4002 7928 4003 7928 3984 7928 3984 7929 4003 7929 3985 7929 4005 7930 4006 7930 4007 7930 4005 7931 4007 7931 4008 7931 4005 7932 4008 7932 4009 7932 4005 7933 4009 7933 4010 7933 4005 7934 4010 7934 4011 7934 4005 7935 4011 7935 4012 7935 4005 7936 4012 7936 4013 7936 4005 7937 4013 7937 4014 7937 4005 7938 4014 7938 4015 7938 4005 7939 4015 7939 4016 7939 4005 7940 4016 7940 4017 7940 4005 7941 4017 7941 4018 7941 4005 7942 4018 7942 4019 7942 4005 7943 4019 7943 4020 7943 4005 7944 4020 7944 4021 7944 4005 7945 4021 7945 4022 7945 4005 7946 4022 7946 4023 7946 4005 7947 4023 7947 4024 7947 4005 7948 4024 7948 4025 7948 4005 7949 4025 7949 4026 7949 4005 7950 4026 7950 4027 7950 4005 7951 4027 7951 4028 7951 4005 7952 4028 7952 4029 7952 4005 7953 4029 7953 4030 7953 4005 7954 4030 7954 4031 7954 4005 7955 4031 7955 4032 7955 4005 7956 4032 7956 4033 7956 4005 7957 4033 7957 4034 7957 4005 7958 4034 7958 4035 7958 4005 7959 4035 7959 4036 7959 4005 7960 4036 7960 4037 7960 4005 7961 4037 7961 4038 7961 4005 7962 4038 7962 4039 7962 4005 7963 4039 7963 4040 7963 4005 7964 4040 7964 4041 7964 4005 7965 4041 7965 4006 7965 4006 7966 4041 7966 4007 7966 4007 7967 4041 7967 4040 7967 4007 7968 4040 7968 4042 7968 4007 7969 4042 7969 4043 7969 4007 7970 4043 7970 4044 7970 4007 7971 4044 7971 4008 7971 4008 7972 4045 7972 4046 7972 4008 7973 4046 7973 4047 7973 4008 7974 4047 7974 4010 7974 4008 7975 4010 7975 4009 7975 4008 7976 4044 7976 4045 7976 4040 7977 4039 7977 4042 7977 4042 7978 4039 7978 4048 7978 4042 7979 4048 7979 4049 7979 4042 7980 4049 7980 4043 7980 4043 7981 4049 7981 4050 7981 4043 7982 4050 7982 4044 7982 4044 7983 4050 7983 4051 7983 4044 7984 4051 7984 4045 7984 4045 7985 4052 7985 4053 7985 4045 7986 4053 7986 4046 7986 4045 7987 4051 7987 4052 7987 4046 7988 4054 7988 4047 7988 4046 7989 4053 7989 4054 7989 4047 7990 4054 7990 4055 7990 4047 7991 4055 7991 4011 7991 4047 7992 4011 7992 4010 7992 4039 7993 4038 7993 4056 7993 4039 7994 4056 7994 4049 7994 4039 7995 4049 7995 4048 7995 4049 7996 4056 7996 4050 7996 4050 7997 4057 7997 4051 7997 4050 7998 4056 7998 4058 7998 4050 7999 4058 7999 4059 7999 4050 8000 4059 8000 4057 8000 4051 8001 4057 8001 4060 8001 4051 8002 4060 8002 4061 8002 4051 8003 4061 8003 4062 8003 4051 8004 4062 8004 4063 8004 4051 8005 4063 8005 4064 8005 4051 8006 4064 8006 4052 8006 4052 8007 4064 8007 4053 8007 4053 8008 4065 8008 4066 8008 4053 8009 4066 8009 4067 8009 4053 8010 4067 8010 4054 8010 4053 8011 4064 8011 4065 8011 4054 8012 4067 8012 4055 8012 4055 8013 4067 8013 4012 8013 4055 8014 4012 8014 4011 8014 4038 8015 4037 8015 4056 8015 4056 8016 4037 8016 4058 8016 4057 8017 4059 8017 4068 8017 4057 8018 4068 8018 4060 8018 4058 8019 4037 8019 4059 8019 4059 8020 4037 8020 4036 8020 4059 8021 4036 8021 4069 8021 4059 8022 4069 8022 4068 8022 4064 8023 4063 8023 4070 8023 4064 8024 4070 8024 4065 8024 4065 8025 4070 8025 4071 8025 4065 8026 4071 8026 4072 8026 4065 8027 4072 8027 4066 8027 4066 8028 4072 8028 4015 8028 4066 8029 4015 8029 4067 8029 4067 8030 4015 8030 4014 8030 4067 8031 4014 8031 4013 8031 4067 8032 4013 8032 4012 8032 4068 8033 4073 8033 4074 8033 4068 8034 4074 8034 4060 8034 4068 8035 4069 8035 4075 8035 4068 8036 4075 8036 4076 8036 4068 8037 4076 8037 4073 8037 4060 8038 4074 8038 4077 8038 4060 8039 4077 8039 4061 8039 4036 8040 4035 8040 4069 8040 4069 8041 4035 8041 4034 8041 4069 8042 4034 8042 4033 8042 4069 8043 4033 8043 4075 8043 4063 8044 4078 8044 4079 8044 4063 8045 4079 8045 4070 8045 4063 8046 4062 8046 4078 8046 4070 8047 4080 8047 4081 8047 4070 8048 4081 8048 4082 8048 4070 8049 4082 8049 4071 8049 4070 8050 4079 8050 4080 8050 4071 8051 4082 8051 4017 8051 4071 8052 4017 8052 4016 8052 4071 8053 4016 8053 4072 8053 4072 8054 4016 8054 4015 8054 4073 8055 4083 8055 4084 8055 4073 8056 4084 8056 4074 8056 4073 8057 4076 8057 4032 8057 4073 8058 4032 8058 4031 8058 4073 8059 4031 8059 4083 8059 4074 8060 4084 8060 4077 8060 4075 8061 4033 8061 4076 8061 4076 8062 4033 8062 4032 8062 4077 8063 4085 8063 4086 8063 4077 8064 4086 8064 4087 8064 4077 8065 4087 8065 4061 8065 4077 8066 4084 8066 4085 8066 4061 8067 4087 8067 4088 8067 4061 8068 4088 8068 4062 8068 4078 8069 4089 8069 4090 8069 4078 8070 4090 8070 4091 8070 4078 8071 4091 8071 4079 8071 4078 8072 4062 8072 4088 8072 4078 8073 4088 8073 4089 8073 4079 8074 4091 8074 4080 8074 4080 8075 4091 8075 4092 8075 4080 8076 4092 8076 4019 8076 4080 8077 4019 8077 4081 8077 4081 8078 4019 8078 4018 8078 4081 8079 4018 8079 4082 8079 4082 8080 4018 8080 4017 8080 4083 8081 4093 8081 4085 8081 4083 8082 4085 8082 4084 8082 4083 8083 4031 8083 4030 8083 4083 8084 4030 8084 4093 8084 4085 8085 4093 8085 4029 8085 4085 8086 4029 8086 4028 8086 4085 8087 4028 8087 4086 8087 4086 8088 4094 8088 4087 8088 4086 8089 4028 8089 4094 8089 4087 8090 4094 8090 4095 8090 4087 8091 4095 8091 4096 8091 4087 8092 4096 8092 4088 8092 4088 8093 4096 8093 4097 8093 4088 8094 4097 8094 4089 8094 4089 8095 4023 8095 4090 8095 4089 8096 4097 8096 4023 8096 4090 8097 4023 8097 4022 8097 4090 8098 4022 8098 4021 8098 4090 8099 4021 8099 4091 8099 4091 8100 4021 8100 4092 8100 4092 8101 4021 8101 4020 8101 4092 8102 4020 8102 4019 8102 4093 8103 4030 8103 4029 8103 4028 8104 4027 8104 4094 8104 4094 8105 4027 8105 4095 8105 4095 8106 4027 8106 4026 8106 4095 8107 4026 8107 4096 8107 4096 8108 4025 8108 4024 8108 4096 8109 4024 8109 4023 8109 4096 8110 4023 8110 4097 8110 4096 8111 4026 8111 4025 8111 4098 8112 4099 8112 4100 8112 4098 8113 4100 8113 4101 8113 4098 8114 4101 8114 4102 8114 4098 8115 4102 8115 4103 8115 4098 8116 4103 8116 4104 8116 4098 8117 4104 8117 4105 8117 4098 8118 4105 8118 4099 8118 4099 8119 4106 8119 4107 8119 4099 8120 4107 8120 4108 8120 4099 8121 4108 8121 4109 8121 4099 8122 4109 8122 4100 8122 4099 8123 4105 8123 4106 8123 4100 8124 4110 8124 4111 8124 4100 8125 4111 8125 4101 8125 4100 8126 4109 8126 4110 8126 4101 8127 4111 8127 4102 8127 4102 8128 4111 8128 4103 8128 4103 8129 4112 8129 4113 8129 4103 8130 4113 8130 4104 8130 4103 8131 4111 8131 4112 8131 4104 8132 4113 8132 4114 8132 4104 8133 4114 8133 4115 8133 4104 8134 4115 8134 4105 8134 4105 8135 4116 8135 4117 8135 4105 8136 4117 8136 4118 8136 4105 8137 4118 8137 4119 8137 4105 8138 4119 8138 4106 8138 4105 8139 4115 8139 4116 8139 4106 8140 4119 8140 4120 8140 4106 8141 4120 8141 4121 8141 4106 8142 4121 8142 4107 8142 4107 8143 4121 8143 4122 8143 4107 8144 4122 8144 4108 8144 4108 8145 4122 8145 4110 8145 4108 8146 4110 8146 4109 8146 4110 8147 4123 8147 4124 8147 4110 8148 4124 8148 4125 8148 4110 8149 4125 8149 4126 8149 4110 8150 4126 8150 4127 8150 4110 8151 4127 8151 4128 8151 4110 8152 4128 8152 4129 8152 4110 8153 4129 8153 4111 8153 4110 8154 4122 8154 4130 8154 4110 8155 4130 8155 4131 8155 4110 8156 4131 8156 4132 8156 4110 8157 4132 8157 4123 8157 4111 8158 4133 8158 4134 8158 4111 8159 4134 8159 4113 8159 4111 8160 4113 8160 4112 8160 4111 8161 4129 8161 4135 8161 4111 8162 4135 8162 4136 8162 4111 8163 4136 8163 4137 8163 4111 8164 4137 8164 4133 8164 4113 8165 4134 8165 4114 8165 4114 8166 4134 8166 4133 8166 4114 8167 4133 8167 4138 8167 4114 8168 4138 8168 4139 8168 4114 8169 4139 8169 4115 8169 4115 8170 4139 8170 4140 8170 4115 8171 4140 8171 4141 8171 4115 8172 4141 8172 4142 8172 4115 8173 4142 8173 4116 8173 4116 8174 4142 8174 4143 8174 4116 8175 4143 8175 4144 8175 4116 8176 4144 8176 4145 8176 4116 8177 4145 8177 4146 8177 4116 8178 4146 8178 4147 8178 4116 8179 4147 8179 4148 8179 4116 8180 4148 8180 4149 8180 4116 8181 4149 8181 4150 8181 4116 8182 4150 8182 4151 8182 4116 8183 4151 8183 4152 8183 4116 8184 4152 8184 4153 8184 4116 8185 4153 8185 4154 8185 4116 8186 4154 8186 4155 8186 4116 8187 4155 8187 4156 8187 4116 8188 4156 8188 4157 8188 4116 8189 4157 8189 4158 8189 4116 8190 4158 8190 4159 8190 4116 8191 4159 8191 4160 8191 4116 8192 4160 8192 4161 8192 4116 8193 4161 8193 4117 8193 4117 8194 4161 8194 4162 8194 4117 8195 4162 8195 4163 8195 4117 8196 4163 8196 4164 8196 4117 8197 4164 8197 4132 8197 4117 8198 4132 8198 4165 8198 4117 8199 4165 8199 4166 8199 4117 8200 4166 8200 4119 8200 4117 8201 4119 8201 4118 8201 4119 8202 4166 8202 4167 8202 4119 8203 4167 8203 4120 8203 4120 8204 4167 8204 4165 8204 4120 8205 4165 8205 4131 8205 4120 8206 4131 8206 4130 8206 4120 8207 4130 8207 4121 8207 4121 8208 4130 8208 4122 8208 4123 8209 4132 8209 4168 8209 4123 8210 4168 8210 4124 8210 4124 8211 4168 8211 4169 8211 4124 8212 4169 8212 4170 8212 4124 8213 4170 8213 4171 8213 4124 8214 4171 8214 4125 8214 4131 8215 4165 8215 4132 8215 4132 8216 4164 8216 4169 8216 4132 8217 4169 8217 4168 8217 4133 8218 4137 8218 4172 8218 4133 8219 4172 8219 4138 8219 4129 8220 4128 8220 4173 8220 4129 8221 4173 8221 4135 8221 4136 8222 4135 8222 4174 8222 4136 8223 4174 8223 4175 8223 4136 8224 4175 8224 4147 8224 4136 8225 4147 8225 4146 8225 4136 8226 4146 8226 4176 8226 4136 8227 4176 8227 4177 8227 4136 8228 4177 8228 4142 8228 4136 8229 4142 8229 4141 8229 4136 8230 4141 8230 4178 8230 4136 8231 4178 8231 4172 8231 4136 8232 4172 8232 4137 8232 4138 8233 4172 8233 4178 8233 4138 8234 4178 8234 4141 8234 4138 8235 4141 8235 4139 8235 4139 8236 4141 8236 4140 8236 4142 8237 4177 8237 4143 8237 4143 8238 4177 8238 4144 8238 4161 8239 4160 8239 4179 8239 4161 8240 4179 8240 4180 8240 4161 8241 4180 8241 4162 8241 4163 8242 4162 8242 4180 8242 4163 8243 4180 8243 4181 8243 4163 8244 4181 8244 4171 8244 4163 8245 4171 8245 4170 8245 4163 8246 4170 8246 4169 8246 4163 8247 4169 8247 4164 8247 4165 8248 4167 8248 4166 8248 4125 8249 4182 8249 4126 8249 4125 8250 4171 8250 4182 8250 4128 8251 4127 8251 4183 8251 4128 8252 4183 8252 4173 8252 4173 8253 4183 8253 4135 8253 4135 8254 4183 8254 4184 8254 4135 8255 4184 8255 4185 8255 4135 8256 4185 8256 4186 8256 4135 8257 4186 8257 4187 8257 4135 8258 4187 8258 4188 8258 4135 8259 4188 8259 4174 8259 4177 8260 4176 8260 4145 8260 4177 8261 4145 8261 4144 8261 4160 8262 4159 8262 4189 8262 4160 8263 4189 8263 4190 8263 4160 8264 4190 8264 4191 8264 4160 8265 4191 8265 4181 8265 4160 8266 4181 8266 4179 8266 4179 8267 4181 8267 4180 8267 4182 8268 4192 8268 4126 8268 4182 8269 4171 8269 4192 8269 4126 8270 4192 8270 4193 8270 4126 8271 4193 8271 4194 8271 4126 8272 4194 8272 4195 8272 4126 8273 4195 8273 4196 8273 4126 8274 4196 8274 4197 8274 4126 8275 4197 8275 4127 8275 4171 8276 4181 8276 4191 8276 4171 8277 4191 8277 4198 8277 4171 8278 4198 8278 4199 8278 4171 8279 4199 8279 4200 8279 4171 8280 4200 8280 4201 8280 4171 8281 4201 8281 4202 8281 4171 8282 4202 8282 4192 8282 4127 8283 4197 8283 4183 8283 4183 8284 4197 8284 4203 8284 4183 8285 4203 8285 4184 8285 4184 8286 4203 8286 4185 8286 4185 8287 4203 8287 4186 8287 4186 8288 4203 8288 4187 8288 4187 8289 4203 8289 4204 8289 4187 8290 4204 8290 4188 8290 4188 8291 4205 8291 4206 8291 4188 8292 4206 8292 4147 8292 4188 8293 4147 8293 4175 8293 4188 8294 4175 8294 4174 8294 4188 8295 4204 8295 4207 8295 4188 8296 4207 8296 4205 8296 4176 8297 4146 8297 4145 8297 4159 8298 4158 8298 4189 8298 4189 8299 4158 8299 4208 8299 4189 8300 4208 8300 4209 8300 4189 8301 4209 8301 4210 8301 4189 8302 4210 8302 4211 8302 4189 8303 4211 8303 4212 8303 4189 8304 4212 8304 4191 8304 4189 8305 4191 8305 4190 8305 4191 8306 4212 8306 4213 8306 4191 8307 4213 8307 4214 8307 4191 8308 4214 8308 4198 8308 4192 8309 4202 8309 4193 8309 4193 8310 4202 8310 4201 8310 4193 8311 4201 8311 4215 8311 4193 8312 4215 8312 4216 8312 4193 8313 4216 8313 4194 8313 4194 8314 4216 8314 4195 8314 4195 8315 4216 8315 4217 8315 4195 8316 4217 8316 4196 8316 4196 8317 4217 8317 4218 8317 4196 8318 4218 8318 4219 8318 4196 8319 4219 8319 4203 8319 4196 8320 4203 8320 4197 8320 4198 8321 4214 8321 4199 8321 4199 8322 4214 8322 4220 8322 4199 8323 4220 8323 4200 8323 4200 8324 4220 8324 4215 8324 4200 8325 4215 8325 4201 8325 4203 8326 4219 8326 4207 8326 4203 8327 4207 8327 4204 8327 4205 8328 4221 8328 4148 8328 4205 8329 4148 8329 4147 8329 4205 8330 4147 8330 4206 8330 4205 8331 4207 8331 4222 8331 4205 8332 4222 8332 4221 8332 4207 8333 4219 8333 4218 8333 4207 8334 4218 8334 4222 8334 4158 8335 4157 8335 4223 8335 4158 8336 4223 8336 4224 8336 4158 8337 4224 8337 4208 8337 4208 8338 4224 8338 4210 8338 4208 8339 4210 8339 4209 8339 4210 8340 4224 8340 4223 8340 4210 8341 4223 8341 4225 8341 4210 8342 4225 8342 4226 8342 4210 8343 4226 8343 4211 8343 4211 8344 4226 8344 4213 8344 4211 8345 4213 8345 4212 8345 4213 8346 4226 8346 4214 8346 4214 8347 4226 8347 4220 8347 4215 8348 4220 8348 4227 8348 4215 8349 4227 8349 4228 8349 4215 8350 4228 8350 4216 8350 4216 8351 4228 8351 4217 8351 4217 8352 4228 8352 4229 8352 4217 8353 4229 8353 4218 8353 4218 8354 4229 8354 4222 8354 4220 8355 4226 8355 4227 8355 4221 8356 4149 8356 4148 8356 4221 8357 4222 8357 4230 8357 4221 8358 4230 8358 4149 8358 4222 8359 4231 8359 4230 8359 4222 8360 4229 8360 4231 8360 4157 8361 4156 8361 4223 8361 4223 8362 4156 8362 4225 8362 4225 8363 4156 8363 4232 8363 4225 8364 4232 8364 4233 8364 4225 8365 4233 8365 4234 8365 4225 8366 4234 8366 4235 8366 4225 8367 4235 8367 4236 8367 4225 8368 4236 8368 4226 8368 4226 8369 4236 8369 4237 8369 4226 8370 4237 8370 4238 8370 4226 8371 4238 8371 4227 8371 4227 8372 4238 8372 4228 8372 4228 8373 4238 8373 4229 8373 4229 8374 4238 8374 4231 8374 4149 8375 4230 8375 4150 8375 4230 8376 4231 8376 4239 8376 4230 8377 4239 8377 4240 8377 4230 8378 4240 8378 4152 8378 4230 8379 4152 8379 4151 8379 4230 8380 4151 8380 4241 8380 4230 8381 4241 8381 4150 8381 4231 8382 4242 8382 4243 8382 4231 8383 4243 8383 4244 8383 4231 8384 4244 8384 4239 8384 4231 8385 4238 8385 4242 8385 4156 8386 4155 8386 4232 8386 4232 8387 4155 8387 4233 8387 4233 8388 4155 8388 4245 8388 4233 8389 4245 8389 4234 8389 4234 8390 4245 8390 4246 8390 4234 8391 4246 8391 4247 8391 4234 8392 4247 8392 4248 8392 4234 8393 4248 8393 4235 8393 4235 8394 4248 8394 4242 8394 4235 8395 4242 8395 4236 8395 4236 8396 4242 8396 4237 8396 4237 8397 4242 8397 4238 8397 4150 8398 4241 8398 4249 8398 4150 8399 4249 8399 4151 8399 4239 8400 4244 8400 4240 8400 4240 8401 4250 8401 4153 8401 4240 8402 4153 8402 4152 8402 4240 8403 4244 8403 4243 8403 4240 8404 4243 8404 4250 8404 4151 8405 4249 8405 4241 8405 4242 8406 4248 8406 4251 8406 4242 8407 4251 8407 4243 8407 4243 8408 4251 8408 4250 8408 4155 8409 4154 8409 4245 8409 4245 8410 4154 8410 4246 8410 4246 8411 4252 8411 4247 8411 4246 8412 4154 8412 4252 8412 4247 8413 4252 8413 4250 8413 4247 8414 4250 8414 4251 8414 4247 8415 4251 8415 4248 8415 4250 8416 4252 8416 4154 8416 4250 8417 4154 8417 4153 8417 4253 8418 4254 8418 4255 8418 4253 8419 4255 8419 4256 8419 4253 8420 4256 8420 4257 8420 4253 8421 4257 8421 4258 8421 4253 8422 4258 8422 4259 8422 4253 8423 4259 8423 4260 8423 4253 8424 4260 8424 4261 8424 4253 8425 4261 8425 4262 8425 4253 8426 4262 8426 4263 8426 4253 8427 4263 8427 4264 8427 4253 8428 4264 8428 4265 8428 4253 8429 4265 8429 4266 8429 4253 8430 4266 8430 4267 8430 4253 8431 4267 8431 4268 8431 4253 8432 4268 8432 4254 8432 4254 8433 4268 8433 4269 8433 4254 8434 4269 8434 4270 8434 4254 8435 4270 8435 4256 8435 4254 8436 4256 8436 4255 8436 4256 8437 4270 8437 4271 8437 4256 8438 4271 8438 4257 8438 4257 8439 4271 8439 4270 8439 4257 8440 4270 8440 4269 8440 4257 8441 4269 8441 4264 8441 4257 8442 4264 8442 4263 8442 4257 8443 4263 8443 4272 8443 4257 8444 4272 8444 4258 8444 4258 8445 4272 8445 4260 8445 4258 8446 4260 8446 4259 8446 4267 8447 4266 8447 4268 8447 4268 8448 4266 8448 4265 8448 4268 8449 4265 8449 4269 8449 4272 8450 4261 8450 4260 8450 4272 8451 4263 8451 4262 8451 4272 8452 4262 8452 4261 8452 4269 8453 4265 8453 4264 8453 4273 8454 4274 8454 4275 8454 4273 8455 4275 8455 4276 8455 4273 8456 4276 8456 4277 8456 4273 8457 4277 8457 4278 8457 4273 8458 4278 8458 4279 8458 4273 8459 4279 8459 4280 8459 4273 8460 4280 8460 4281 8460 4273 8461 4281 8461 4282 8461 4273 8462 4282 8462 4283 8462 4273 8463 4283 8463 4284 8463 4273 8464 4284 8464 4285 8464 4273 8465 4285 8465 4286 8465 4273 8466 4286 8466 4287 8466 4273 8467 4287 8467 4288 8467 4273 8468 4288 8468 4289 8468 4273 8469 4289 8469 4290 8469 4273 8470 4290 8470 4291 8470 4273 8471 4291 8471 4292 8471 4273 8472 4292 8472 4293 8472 4273 8473 4293 8473 4294 8473 4273 8474 4294 8474 4295 8474 4273 8475 4295 8475 4296 8475 4273 8476 4296 8476 4297 8476 4273 8477 4297 8477 4298 8477 4273 8478 4298 8478 4299 8478 4273 8479 4299 8479 4300 8479 4273 8480 4300 8480 4301 8480 4273 8481 4301 8481 4302 8481 4273 8482 4302 8482 4303 8482 4273 8483 4303 8483 4304 8483 4273 8484 4304 8484 4305 8484 4273 8485 4305 8485 4306 8485 4273 8486 4306 8486 4307 8486 4273 8487 4307 8487 4308 8487 4273 8488 4308 8488 4274 8488 4274 8489 4308 8489 4309 8489 4274 8490 4309 8490 4275 8490 4280 8491 4279 8491 4281 8491 4281 8492 4310 8492 4311 8492 4281 8493 4311 8493 4282 8493 4281 8494 4279 8494 4278 8494 4281 8495 4278 8495 4312 8495 4281 8496 4312 8496 4313 8496 4281 8497 4313 8497 4314 8497 4281 8498 4314 8498 4315 8498 4281 8499 4315 8499 4316 8499 4281 8500 4316 8500 4317 8500 4281 8501 4317 8501 4318 8501 4281 8502 4318 8502 4319 8502 4281 8503 4319 8503 4320 8503 4281 8504 4320 8504 4321 8504 4281 8505 4321 8505 4322 8505 4281 8506 4322 8506 4323 8506 4281 8507 4323 8507 4324 8507 4281 8508 4324 8508 4325 8508 4281 8509 4325 8509 4326 8509 4281 8510 4326 8510 4327 8510 4281 8511 4327 8511 4328 8511 4281 8512 4328 8512 4329 8512 4281 8513 4329 8513 4330 8513 4281 8514 4330 8514 4331 8514 4281 8515 4331 8515 4332 8515 4281 8516 4332 8516 4333 8516 4281 8517 4333 8517 4334 8517 4281 8518 4334 8518 4335 8518 4281 8519 4335 8519 4336 8519 4281 8520 4336 8520 4337 8520 4281 8521 4337 8521 4338 8521 4281 8522 4338 8522 4339 8522 4281 8523 4339 8523 4340 8523 4281 8524 4340 8524 4341 8524 4281 8525 4341 8525 4342 8525 4281 8526 4342 8526 4343 8526 4281 8527 4343 8527 4344 8527 4281 8528 4344 8528 4345 8528 4281 8529 4345 8529 4346 8529 4281 8530 4346 8530 4347 8530 4281 8531 4347 8531 4348 8531 4281 8532 4348 8532 4310 8532 4282 8533 4311 8533 4283 8533 4283 8534 4311 8534 4349 8534 4283 8535 4349 8535 4284 8535 4284 8536 4349 8536 4286 8536 4284 8537 4286 8537 4285 8537 4286 8538 4349 8538 4348 8538 4286 8539 4348 8539 4347 8539 4286 8540 4347 8540 4346 8540 4286 8541 4346 8541 4345 8541 4286 8542 4345 8542 4344 8542 4286 8543 4344 8543 4350 8543 4286 8544 4350 8544 4351 8544 4286 8545 4351 8545 4352 8545 4286 8546 4352 8546 4287 8546 4308 8547 4307 8547 4309 8547 4309 8548 4353 8548 4276 8548 4309 8549 4276 8549 4275 8549 4309 8550 4307 8550 4354 8550 4309 8551 4354 8551 4355 8551 4309 8552 4355 8552 4353 8552 4310 8553 4348 8553 4349 8553 4310 8554 4349 8554 4311 8554 4287 8555 4352 8555 4288 8555 4307 8556 4306 8556 4354 8556 4353 8557 4355 8557 4356 8557 4353 8558 4356 8558 4278 8558 4353 8559 4278 8559 4277 8559 4353 8560 4277 8560 4276 8560 4354 8561 4306 8561 4305 8561 4354 8562 4305 8562 4304 8562 4354 8563 4304 8563 4357 8563 4354 8564 4357 8564 4355 8564 4278 8565 4356 8565 4312 8565 4344 8566 4343 8566 4358 8566 4344 8567 4358 8567 4350 8567 4352 8568 4351 8568 4359 8568 4352 8569 4359 8569 4289 8569 4352 8570 4289 8570 4288 8570 4355 8571 4357 8571 4360 8571 4355 8572 4360 8572 4315 8572 4355 8573 4315 8573 4314 8573 4355 8574 4314 8574 4356 8574 4356 8575 4313 8575 4312 8575 4356 8576 4314 8576 4313 8576 4304 8577 4303 8577 4361 8577 4304 8578 4361 8578 4362 8578 4304 8579 4362 8579 4357 8579 4357 8580 4362 8580 4363 8580 4357 8581 4363 8581 4360 8581 4350 8582 4358 8582 4364 8582 4350 8583 4364 8583 4359 8583 4350 8584 4359 8584 4351 8584 4343 8585 4342 8585 4358 8585 4358 8586 4342 8586 4364 8586 4359 8587 4364 8587 4365 8587 4359 8588 4365 8588 4366 8588 4359 8589 4366 8589 4290 8589 4359 8590 4290 8590 4289 8590 4360 8591 4367 8591 4317 8591 4360 8592 4317 8592 4316 8592 4360 8593 4316 8593 4315 8593 4360 8594 4363 8594 4368 8594 4360 8595 4368 8595 4367 8595 4303 8596 4302 8596 4361 8596 4361 8597 4369 8597 4363 8597 4361 8598 4363 8598 4362 8598 4361 8599 4302 8599 4301 8599 4361 8600 4301 8600 4370 8600 4361 8601 4370 8601 4369 8601 4363 8602 4369 8602 4368 8602 4364 8603 4342 8603 4365 8603 4342 8604 4341 8604 4371 8604 4342 8605 4371 8605 4365 8605 4365 8606 4371 8606 4372 8606 4365 8607 4372 8607 4373 8607 4365 8608 4373 8608 4366 8608 4366 8609 4373 8609 4290 8609 4290 8610 4373 8610 4291 8610 4367 8611 4368 8611 4317 8611 4317 8612 4368 8612 4318 8612 4368 8613 4369 8613 4374 8613 4368 8614 4374 8614 4320 8614 4368 8615 4320 8615 4319 8615 4368 8616 4319 8616 4318 8616 4369 8617 4370 8617 4375 8617 4369 8618 4375 8618 4374 8618 4301 8619 4300 8619 4376 8619 4301 8620 4376 8620 4370 8620 4370 8621 4376 8621 4377 8621 4370 8622 4377 8622 4375 8622 4341 8623 4340 8623 4372 8623 4341 8624 4372 8624 4371 8624 4372 8625 4340 8625 4339 8625 4372 8626 4339 8626 4378 8626 4372 8627 4378 8627 4379 8627 4372 8628 4379 8628 4373 8628 4373 8629 4292 8629 4291 8629 4373 8630 4379 8630 4292 8630 4374 8631 4321 8631 4320 8631 4374 8632 4375 8632 4322 8632 4374 8633 4322 8633 4321 8633 4375 8634 4377 8634 4323 8634 4375 8635 4323 8635 4322 8635 4300 8636 4299 8636 4380 8636 4300 8637 4380 8637 4376 8637 4376 8638 4380 8638 4381 8638 4376 8639 4381 8639 4377 8639 4377 8640 4381 8640 4325 8640 4377 8641 4325 8641 4382 8641 4377 8642 4382 8642 4323 8642 4378 8643 4339 8643 4338 8643 4378 8644 4338 8644 4383 8644 4378 8645 4383 8645 4379 8645 4292 8646 4379 8646 4384 8646 4292 8647 4384 8647 4385 8647 4292 8648 4385 8648 4293 8648 4379 8649 4383 8649 4384 8649 4323 8650 4382 8650 4324 8650 4299 8651 4298 8651 4386 8651 4299 8652 4386 8652 4380 8652 4380 8653 4386 8653 4387 8653 4380 8654 4387 8654 4381 8654 4381 8655 4387 8655 4388 8655 4381 8656 4388 8656 4326 8656 4381 8657 4326 8657 4325 8657 4325 8658 4324 8658 4382 8658 4338 8659 4337 8659 4389 8659 4338 8660 4389 8660 4383 8660 4383 8661 4389 8661 4385 8661 4383 8662 4385 8662 4384 8662 4385 8663 4389 8663 4390 8663 4385 8664 4390 8664 4391 8664 4385 8665 4391 8665 4293 8665 4293 8666 4391 8666 4294 8666 4298 8667 4297 8667 4392 8667 4298 8668 4392 8668 4386 8668 4386 8669 4392 8669 4387 8669 4387 8670 4392 8670 4393 8670 4387 8671 4393 8671 4329 8671 4387 8672 4329 8672 4388 8672 4388 8673 4328 8673 4327 8673 4388 8674 4327 8674 4326 8674 4388 8675 4329 8675 4328 8675 4337 8676 4336 8676 4389 8676 4389 8677 4336 8677 4390 8677 4390 8678 4336 8678 4335 8678 4390 8679 4335 8679 4334 8679 4390 8680 4334 8680 4394 8680 4390 8681 4394 8681 4391 8681 4391 8682 4394 8682 4395 8682 4391 8683 4395 8683 4294 8683 4294 8684 4395 8684 4295 8684 4297 8685 4296 8685 4396 8685 4297 8686 4396 8686 4392 8686 4392 8687 4396 8687 4397 8687 4392 8688 4397 8688 4393 8688 4393 8689 4397 8689 4330 8689 4393 8690 4330 8690 4329 8690 4394 8691 4334 8691 4398 8691 4394 8692 4398 8692 4397 8692 4394 8693 4397 8693 4396 8693 4394 8694 4396 8694 4395 8694 4395 8695 4396 8695 4296 8695 4395 8696 4296 8696 4295 8696 4397 8697 4398 8697 4332 8697 4397 8698 4332 8698 4331 8698 4397 8699 4331 8699 4330 8699 4334 8700 4333 8700 4398 8700 4398 8701 4333 8701 4332 8701 4399 8702 4400 8702 4401 8702 4399 8703 4401 8703 4402 8703 4399 8704 4402 8704 4403 8704 4399 8705 4403 8705 4404 8705 4399 8706 4404 8706 4405 8706 4399 8707 4405 8707 4406 8707 4399 8708 4406 8708 4407 8708 4399 8709 4407 8709 4408 8709 4399 8710 4408 8710 4409 8710 4399 8711 4409 8711 4410 8711 4399 8712 4410 8712 4411 8712 4399 8713 4411 8713 4412 8713 4399 8714 4412 8714 4413 8714 4399 8715 4413 8715 4414 8715 4399 8716 4414 8716 4415 8716 4399 8717 4415 8717 4400 8717 4400 8718 4415 8718 4416 8718 4400 8719 4416 8719 4417 8719 4400 8720 4417 8720 4418 8720 4400 8721 4418 8721 4419 8721 4400 8722 4419 8722 4420 8722 4400 8723 4420 8723 4421 8723 4400 8724 4421 8724 4422 8724 4400 8725 4422 8725 4423 8725 4400 8726 4423 8726 4424 8726 4400 8727 4424 8727 4425 8727 4400 8728 4425 8728 4426 8728 4400 8729 4426 8729 4427 8729 4400 8730 4427 8730 4428 8730 4400 8731 4428 8731 4429 8731 4400 8732 4429 8732 4430 8732 4400 8733 4430 8733 4431 8733 4400 8734 4431 8734 4432 8734 4400 8735 4432 8735 4433 8735 4400 8736 4433 8736 4434 8736 4400 8737 4434 8737 4435 8737 4400 8738 4435 8738 4436 8738 4400 8739 4436 8739 4437 8739 4400 8740 4437 8740 4438 8740 4400 8741 4438 8741 4439 8741 4400 8742 4439 8742 4440 8742 4400 8743 4440 8743 4441 8743 4400 8744 4441 8744 4442 8744 4400 8745 4442 8745 4443 8745 4400 8746 4443 8746 4444 8746 4400 8747 4444 8747 4445 8747 4400 8748 4445 8748 4446 8748 4400 8749 4446 8749 4447 8749 4400 8750 4447 8750 4401 8750 4401 8751 4447 8751 4402 8751 4402 8752 4447 8752 4446 8752 4402 8753 4446 8753 4448 8753 4402 8754 4448 8754 4403 8754 4403 8755 4448 8755 4449 8755 4403 8756 4449 8756 4450 8756 4403 8757 4450 8757 4451 8757 4403 8758 4451 8758 4452 8758 4403 8759 4452 8759 4404 8759 4404 8760 4452 8760 4405 8760 4415 8761 4414 8761 4416 8761 4446 8762 4445 8762 4449 8762 4446 8763 4449 8763 4448 8763 4449 8764 4445 8764 4444 8764 4449 8765 4444 8765 4453 8765 4449 8766 4453 8766 4450 8766 4450 8767 4454 8767 4451 8767 4450 8768 4453 8768 4455 8768 4450 8769 4455 8769 4456 8769 4450 8770 4456 8770 4457 8770 4450 8771 4457 8771 4458 8771 4450 8772 4458 8772 4459 8772 4450 8773 4459 8773 4454 8773 4451 8774 4454 8774 4460 8774 4451 8775 4460 8775 4452 8775 4452 8776 4460 8776 4405 8776 4405 8777 4460 8777 4461 8777 4405 8778 4461 8778 4406 8778 4414 8779 4462 8779 4416 8779 4414 8780 4413 8780 4463 8780 4414 8781 4463 8781 4464 8781 4414 8782 4464 8782 4465 8782 4414 8783 4465 8783 4462 8783 4416 8784 4462 8784 4417 8784 4444 8785 4443 8785 4453 8785 4453 8786 4443 8786 4466 8786 4453 8787 4466 8787 4455 8787 4454 8788 4459 8788 4467 8788 4454 8789 4467 8789 4460 8789 4455 8790 4466 8790 4468 8790 4455 8791 4468 8791 4456 8791 4456 8792 4468 8792 4469 8792 4456 8793 4469 8793 4457 8793 4457 8794 4469 8794 4470 8794 4457 8795 4470 8795 4458 8795 4458 8796 4471 8796 4459 8796 4458 8797 4470 8797 4472 8797 4458 8798 4472 8798 4471 8798 4459 8799 4471 8799 4467 8799 4460 8800 4467 8800 4461 8800 4461 8801 4467 8801 4473 8801 4461 8802 4473 8802 4406 8802 4406 8803 4473 8803 4407 8803 4462 8804 4474 8804 4419 8804 4462 8805 4419 8805 4418 8805 4462 8806 4418 8806 4417 8806 4462 8807 4465 8807 4474 8807 4413 8808 4412 8808 4475 8808 4413 8809 4475 8809 4463 8809 4463 8810 4476 8810 4465 8810 4463 8811 4465 8811 4464 8811 4463 8812 4475 8812 4477 8812 4463 8813 4477 8813 4474 8813 4463 8814 4474 8814 4476 8814 4465 8815 4476 8815 4474 8815 4443 8816 4442 8816 4466 8816 4466 8817 4442 8817 4441 8817 4466 8818 4441 8818 4468 8818 4467 8819 4471 8819 4478 8819 4467 8820 4478 8820 4473 8820 4468 8821 4441 8821 4440 8821 4468 8822 4440 8822 4439 8822 4468 8823 4439 8823 4438 8823 4468 8824 4438 8824 4469 8824 4469 8825 4438 8825 4479 8825 4469 8826 4479 8826 4470 8826 4470 8827 4479 8827 4480 8827 4470 8828 4480 8828 4481 8828 4470 8829 4481 8829 4482 8829 4470 8830 4482 8830 4483 8830 4470 8831 4483 8831 4472 8831 4471 8832 4472 8832 4484 8832 4471 8833 4484 8833 4478 8833 4472 8834 4483 8834 4484 8834 4473 8835 4478 8835 4485 8835 4473 8836 4485 8836 4486 8836 4473 8837 4486 8837 4487 8837 4473 8838 4487 8838 4488 8838 4473 8839 4488 8839 4489 8839 4473 8840 4489 8840 4490 8840 4473 8841 4490 8841 4408 8841 4473 8842 4408 8842 4407 8842 4474 8843 4477 8843 4491 8843 4474 8844 4491 8844 4419 8844 4419 8845 4491 8845 4420 8845 4412 8846 4411 8846 4475 8846 4475 8847 4411 8847 4492 8847 4475 8848 4492 8848 4493 8848 4475 8849 4493 8849 4477 8849 4477 8850 4493 8850 4494 8850 4477 8851 4494 8851 4495 8851 4477 8852 4495 8852 4491 8852 4478 8853 4484 8853 4485 8853 4438 8854 4437 8854 4479 8854 4479 8855 4437 8855 4436 8855 4479 8856 4436 8856 4435 8856 4479 8857 4435 8857 4480 8857 4480 8858 4435 8858 4481 8858 4481 8859 4435 8859 4434 8859 4481 8860 4434 8860 4433 8860 4481 8861 4433 8861 4496 8861 4481 8862 4496 8862 4482 8862 4482 8863 4496 8863 4497 8863 4482 8864 4497 8864 4498 8864 4482 8865 4498 8865 4499 8865 4482 8866 4499 8866 4500 8866 4482 8867 4500 8867 4501 8867 4482 8868 4501 8868 4483 8868 4483 8869 4501 8869 4502 8869 4483 8870 4502 8870 4484 8870 4484 8871 4502 8871 4485 8871 4408 8872 4490 8872 4409 8872 4491 8873 4503 8873 4421 8873 4491 8874 4421 8874 4420 8874 4491 8875 4495 8875 4503 8875 4411 8876 4410 8876 4492 8876 4492 8877 4410 8877 4504 8877 4492 8878 4504 8878 4493 8878 4493 8879 4504 8879 4494 8879 4494 8880 4504 8880 4505 8880 4494 8881 4505 8881 4506 8881 4494 8882 4506 8882 4495 8882 4495 8883 4506 8883 4507 8883 4495 8884 4507 8884 4508 8884 4495 8885 4508 8885 4503 8885 4485 8886 4502 8886 4509 8886 4485 8887 4509 8887 4486 8887 4433 8888 4432 8888 4496 8888 4496 8889 4432 8889 4431 8889 4496 8890 4431 8890 4497 8890 4497 8891 4431 8891 4430 8891 4497 8892 4430 8892 4510 8892 4497 8893 4510 8893 4511 8893 4497 8894 4511 8894 4512 8894 4497 8895 4512 8895 4513 8895 4497 8896 4513 8896 4514 8896 4497 8897 4514 8897 4515 8897 4497 8898 4515 8898 4516 8898 4497 8899 4516 8899 4517 8899 4497 8900 4517 8900 4518 8900 4497 8901 4518 8901 4500 8901 4497 8902 4500 8902 4499 8902 4497 8903 4499 8903 4498 8903 4500 8904 4518 8904 4501 8904 4501 8905 4518 8905 4519 8905 4501 8906 4519 8906 4502 8906 4502 8907 4519 8907 4509 8907 4490 8908 4489 8908 4505 8908 4490 8909 4505 8909 4409 8909 4409 8910 4505 8910 4504 8910 4409 8911 4504 8911 4410 8911 4503 8912 4508 8912 4423 8912 4503 8913 4423 8913 4422 8913 4503 8914 4422 8914 4421 8914 4505 8915 4489 8915 4488 8915 4505 8916 4488 8916 4487 8916 4505 8917 4487 8917 4520 8917 4505 8918 4520 8918 4506 8918 4506 8919 4520 8919 4521 8919 4506 8920 4521 8920 4522 8920 4506 8921 4522 8921 4507 8921 4507 8922 4523 8922 4508 8922 4507 8923 4522 8923 4524 8923 4507 8924 4524 8924 4523 8924 4508 8925 4523 8925 4424 8925 4508 8926 4424 8926 4423 8926 4509 8927 4519 8927 4517 8927 4509 8928 4517 8928 4525 8928 4509 8929 4525 8929 4526 8929 4509 8930 4526 8930 4486 8930 4486 8931 4526 8931 4487 8931 4518 8932 4517 8932 4519 8932 4487 8933 4521 8933 4520 8933 4487 8934 4526 8934 4527 8934 4487 8935 4527 8935 4521 8935 4521 8936 4527 8936 4528 8936 4521 8937 4528 8937 4529 8937 4521 8938 4529 8938 4522 8938 4522 8939 4529 8939 4524 8939 4523 8940 4530 8940 4531 8940 4523 8941 4531 8941 4425 8941 4523 8942 4425 8942 4424 8942 4523 8943 4524 8943 4530 8943 4524 8944 4532 8944 4530 8944 4524 8945 4529 8945 4533 8945 4524 8946 4533 8946 4534 8946 4524 8947 4534 8947 4532 8947 4517 8948 4516 8948 4525 8948 4525 8949 4516 8949 4515 8949 4525 8950 4515 8950 4514 8950 4525 8951 4514 8951 4535 8951 4525 8952 4535 8952 4526 8952 4526 8953 4535 8953 4536 8953 4526 8954 4536 8954 4527 8954 4430 8955 4429 8955 4510 8955 4527 8956 4536 8956 4537 8956 4527 8957 4537 8957 4528 8957 4528 8958 4537 8958 4533 8958 4528 8959 4533 8959 4529 8959 4530 8960 4532 8960 4531 8960 4531 8961 4534 8961 4427 8961 4531 8962 4427 8962 4426 8962 4531 8963 4426 8963 4425 8963 4531 8964 4532 8964 4534 8964 4533 8965 4510 8965 4538 8965 4533 8966 4538 8966 4534 8966 4533 8967 4537 8967 4511 8967 4533 8968 4511 8968 4510 8968 4534 8969 4538 8969 4428 8969 4534 8970 4428 8970 4427 8970 4514 8971 4513 8971 4535 8971 4535 8972 4513 8972 4536 8972 4536 8973 4513 8973 4512 8973 4536 8974 4512 8974 4511 8974 4536 8975 4511 8975 4537 8975 4429 8976 4428 8976 4538 8976 4429 8977 4538 8977 4510 8977 4539 8978 4540 8978 4541 8978 4539 8979 4541 8979 4542 8979 4539 8980 4542 8980 4543 8980 4539 8981 4543 8981 4544 8981 4539 8982 4544 8982 4545 8982 4539 8983 4545 8983 4546 8983 4539 8984 4546 8984 4547 8984 4539 8985 4547 8985 4548 8985 4539 8986 4548 8986 4549 8986 4539 8987 4549 8987 4550 8987 4539 8988 4550 8988 4551 8988 4539 8989 4551 8989 4552 8989 4539 8990 4552 8990 4553 8990 4539 8991 4553 8991 4554 8991 4539 8992 4554 8992 4555 8992 4539 8993 4555 8993 4556 8993 4539 8994 4556 8994 4557 8994 4539 8995 4557 8995 4558 8995 4539 8996 4558 8996 4559 8996 4539 8997 4559 8997 4560 8997 4539 8998 4560 8998 4540 8998 4540 8999 4560 8999 4559 8999 4540 9000 4559 9000 4561 9000 4540 9001 4561 9001 4562 9001 4540 9002 4562 9002 4563 9002 4540 9003 4563 9003 4564 9003 4540 9004 4564 9004 4565 9004 4540 9005 4565 9005 4566 9005 4540 9006 4566 9006 4567 9006 4540 9007 4567 9007 4568 9007 4540 9008 4568 9008 4569 9008 4540 9009 4569 9009 4570 9009 4540 9010 4570 9010 4571 9010 4540 9011 4571 9011 4572 9011 4540 9012 4572 9012 4573 9012 4540 9013 4573 9013 4574 9013 4540 9014 4574 9014 4541 9014 4541 9015 4574 9015 4542 9015 4543 9016 4542 9016 4544 9016 4542 9017 4575 9017 4576 9017 4542 9018 4576 9018 4545 9018 4542 9019 4545 9019 4544 9019 4542 9020 4574 9020 4575 9020 4574 9021 4573 9021 4576 9021 4574 9022 4576 9022 4575 9022 4559 9023 4558 9023 4577 9023 4559 9024 4577 9024 4578 9024 4559 9025 4578 9025 4579 9025 4559 9026 4579 9026 4580 9026 4559 9027 4580 9027 4581 9027 4559 9028 4581 9028 4582 9028 4559 9029 4582 9029 4561 9029 4576 9030 4583 9030 4547 9030 4576 9031 4547 9031 4546 9031 4576 9032 4546 9032 4545 9032 4576 9033 4573 9033 4584 9033 4576 9034 4584 9034 4583 9034 4573 9035 4572 9035 4584 9035 4558 9036 4557 9036 4577 9036 4577 9037 4585 9037 4586 9037 4577 9038 4586 9038 4587 9038 4577 9039 4587 9039 4588 9039 4577 9040 4588 9040 4589 9040 4577 9041 4589 9041 4590 9041 4577 9042 4590 9042 4591 9042 4577 9043 4591 9043 4582 9043 4577 9044 4582 9044 4581 9044 4577 9045 4581 9045 4580 9045 4577 9046 4580 9046 4579 9046 4577 9047 4579 9047 4578 9047 4577 9048 4557 9048 4585 9048 4582 9049 4591 9049 4561 9049 4561 9050 4591 9050 4562 9050 4583 9051 4592 9051 4548 9051 4583 9052 4548 9052 4547 9052 4583 9053 4584 9053 4593 9053 4583 9054 4593 9054 4594 9054 4583 9055 4594 9055 4595 9055 4583 9056 4595 9056 4596 9056 4583 9057 4596 9057 4597 9057 4583 9058 4597 9058 4598 9058 4583 9059 4598 9059 4599 9059 4583 9060 4599 9060 4592 9060 4584 9061 4572 9061 4593 9061 4572 9062 4571 9062 4593 9062 4557 9063 4556 9063 4586 9063 4557 9064 4586 9064 4585 9064 4591 9065 4600 9065 4562 9065 4591 9066 4590 9066 4601 9066 4591 9067 4601 9067 4602 9067 4591 9068 4602 9068 4603 9068 4591 9069 4603 9069 4604 9069 4591 9070 4604 9070 4605 9070 4591 9071 4605 9071 4606 9071 4591 9072 4606 9072 4607 9072 4591 9073 4607 9073 4564 9073 4591 9074 4564 9074 4563 9074 4591 9075 4563 9075 4600 9075 4562 9076 4600 9076 4563 9076 4592 9077 4549 9077 4548 9077 4592 9078 4599 9078 4608 9078 4592 9079 4608 9079 4550 9079 4592 9080 4550 9080 4549 9080 4593 9081 4609 9081 4594 9081 4593 9082 4571 9082 4610 9082 4593 9083 4610 9083 4611 9083 4593 9084 4611 9084 4612 9084 4593 9085 4612 9085 4609 9085 4594 9086 4613 9086 4595 9086 4594 9087 4609 9087 4614 9087 4594 9088 4614 9088 4615 9088 4594 9089 4615 9089 4613 9089 4595 9090 4613 9090 4616 9090 4595 9091 4616 9091 4617 9091 4595 9092 4617 9092 4618 9092 4595 9093 4618 9093 4619 9093 4595 9094 4619 9094 4596 9094 4596 9095 4619 9095 4620 9095 4596 9096 4620 9096 4597 9096 4597 9097 4620 9097 4598 9097 4598 9098 4620 9098 4621 9098 4598 9099 4621 9099 4622 9099 4598 9100 4622 9100 4623 9100 4598 9101 4623 9101 4624 9101 4598 9102 4624 9102 4599 9102 4599 9103 4624 9103 4608 9103 4571 9104 4570 9104 4625 9104 4571 9105 4625 9105 4626 9105 4571 9106 4626 9106 4610 9106 4556 9107 4555 9107 4586 9107 4586 9108 4555 9108 4587 9108 4590 9109 4589 9109 4627 9109 4590 9110 4627 9110 4628 9110 4590 9111 4628 9111 4629 9111 4590 9112 4629 9112 4630 9112 4590 9113 4630 9113 4631 9113 4590 9114 4631 9114 4632 9114 4590 9115 4632 9115 4633 9115 4590 9116 4633 9116 4634 9116 4590 9117 4634 9117 4635 9117 4590 9118 4635 9118 4636 9118 4590 9119 4636 9119 4601 9119 4608 9120 4637 9120 4550 9120 4608 9121 4624 9121 4638 9121 4608 9122 4638 9122 4639 9122 4608 9123 4639 9123 4640 9123 4608 9124 4640 9124 4637 9124 4550 9125 4637 9125 4641 9125 4550 9126 4641 9126 4640 9126 4550 9127 4640 9127 4642 9127 4550 9128 4642 9128 4643 9128 4550 9129 4643 9129 4644 9129 4550 9130 4644 9130 4645 9130 4550 9131 4645 9131 4646 9131 4550 9132 4646 9132 4647 9132 4550 9133 4647 9133 4648 9133 4550 9134 4648 9134 4649 9134 4550 9135 4649 9135 4650 9135 4550 9136 4650 9136 4551 9136 4609 9137 4612 9137 4651 9137 4609 9138 4651 9138 4652 9138 4609 9139 4652 9139 4653 9139 4609 9140 4653 9140 4654 9140 4609 9141 4654 9141 4614 9141 4610 9142 4655 9142 4611 9142 4610 9143 4626 9143 4656 9143 4610 9144 4656 9144 4657 9144 4610 9145 4657 9145 4658 9145 4610 9146 4658 9146 4655 9146 4611 9147 4655 9147 4658 9147 4611 9148 4658 9148 4659 9148 4611 9149 4659 9149 4612 9149 4612 9150 4659 9150 4652 9150 4612 9151 4652 9151 4651 9151 4613 9152 4615 9152 4660 9152 4613 9153 4660 9153 4616 9153 4614 9154 4604 9154 4603 9154 4614 9155 4603 9155 4661 9155 4614 9156 4661 9156 4615 9156 4614 9157 4654 9157 4662 9157 4614 9158 4662 9158 4653 9158 4614 9159 4653 9159 4605 9159 4614 9160 4605 9160 4604 9160 4615 9161 4661 9161 4660 9161 4616 9162 4660 9162 4661 9162 4616 9163 4661 9163 4663 9163 4616 9164 4663 9164 4664 9164 4616 9165 4664 9165 4617 9165 4617 9166 4664 9166 4665 9166 4617 9167 4665 9167 4618 9167 4618 9168 4665 9168 4619 9168 4619 9169 4665 9169 4666 9169 4619 9170 4666 9170 4667 9170 4619 9171 4667 9171 4668 9171 4619 9172 4668 9172 4669 9172 4619 9173 4669 9173 4621 9173 4619 9174 4621 9174 4620 9174 4621 9175 4669 9175 4622 9175 4622 9176 4668 9176 4670 9176 4622 9177 4670 9177 4623 9177 4622 9178 4669 9178 4668 9178 4623 9179 4638 9179 4624 9179 4623 9180 4670 9180 4602 9180 4623 9181 4602 9181 4638 9181 4570 9182 4569 9182 4671 9182 4570 9183 4671 9183 4625 9183 4625 9184 4672 9184 4626 9184 4625 9185 4671 9185 4673 9185 4625 9186 4673 9186 4656 9186 4625 9187 4656 9187 4672 9187 4626 9188 4672 9188 4656 9188 4555 9189 4554 9189 4587 9189 4587 9190 4554 9190 4588 9190 4589 9191 4588 9191 4554 9191 4589 9192 4554 9192 4553 9192 4589 9193 4553 9193 4552 9193 4589 9194 4552 9194 4674 9194 4589 9195 4674 9195 4675 9195 4589 9196 4675 9196 4676 9196 4589 9197 4676 9197 4677 9197 4589 9198 4677 9198 4627 9198 4627 9199 4677 9199 4676 9199 4627 9200 4676 9200 4675 9200 4627 9201 4675 9201 4674 9201 4627 9202 4674 9202 4678 9202 4627 9203 4678 9203 4679 9203 4627 9204 4679 9204 4680 9204 4627 9205 4680 9205 4681 9205 4627 9206 4681 9206 4682 9206 4627 9207 4682 9207 4650 9207 4627 9208 4650 9208 4649 9208 4627 9209 4649 9209 4648 9209 4627 9210 4648 9210 4647 9210 4627 9211 4647 9211 4646 9211 4627 9212 4646 9212 4645 9212 4627 9213 4645 9213 4644 9213 4627 9214 4644 9214 4643 9214 4627 9215 4643 9215 4642 9215 4627 9216 4642 9216 4640 9216 4627 9217 4640 9217 4683 9217 4627 9218 4683 9218 4684 9218 4627 9219 4684 9219 4685 9219 4627 9220 4685 9220 4686 9220 4627 9221 4686 9221 4687 9221 4627 9222 4687 9222 4688 9222 4627 9223 4688 9223 4689 9223 4627 9224 4689 9224 4636 9224 4627 9225 4636 9225 4635 9225 4627 9226 4635 9226 4634 9226 4627 9227 4634 9227 4633 9227 4627 9228 4633 9228 4632 9228 4627 9229 4632 9229 4631 9229 4627 9230 4631 9230 4630 9230 4627 9231 4630 9231 4629 9231 4627 9232 4629 9232 4628 9232 4636 9233 4689 9233 4601 9233 4601 9234 4688 9234 4602 9234 4601 9235 4689 9235 4688 9235 4564 9236 4607 9236 4565 9236 4637 9237 4640 9237 4641 9237 4638 9238 4602 9238 4639 9238 4639 9239 4602 9239 4683 9239 4639 9240 4683 9240 4640 9240 4650 9241 4682 9241 4552 9241 4650 9242 4552 9242 4551 9242 4652 9243 4658 9243 4605 9243 4652 9244 4605 9244 4653 9244 4652 9245 4659 9245 4658 9245 4653 9246 4662 9246 4654 9246 4656 9247 4673 9247 4606 9247 4656 9248 4606 9248 4657 9248 4657 9249 4606 9249 4658 9249 4658 9250 4606 9250 4605 9250 4603 9251 4668 9251 4666 9251 4603 9252 4666 9252 4690 9252 4603 9253 4690 9253 4663 9253 4603 9254 4663 9254 4661 9254 4603 9255 4602 9255 4668 9255 4663 9256 4690 9256 4664 9256 4664 9257 4690 9257 4666 9257 4664 9258 4666 9258 4665 9258 4667 9259 4666 9259 4668 9259 4668 9260 4602 9260 4670 9260 4602 9261 4688 9261 4687 9261 4602 9262 4687 9262 4686 9262 4602 9263 4686 9263 4685 9263 4602 9264 4685 9264 4684 9264 4602 9265 4684 9265 4683 9265 4569 9266 4691 9266 4671 9266 4569 9267 4568 9267 4692 9267 4569 9268 4692 9268 4691 9268 4671 9269 4691 9269 4692 9269 4671 9270 4692 9270 4693 9270 4671 9271 4693 9271 4673 9271 4673 9272 4693 9272 4606 9272 4552 9273 4682 9273 4681 9273 4552 9274 4681 9274 4680 9274 4552 9275 4680 9275 4679 9275 4552 9276 4679 9276 4678 9276 4552 9277 4678 9277 4674 9277 4607 9278 4693 9278 4694 9278 4607 9279 4694 9279 4565 9279 4607 9280 4606 9280 4693 9280 4565 9281 4694 9281 4693 9281 4565 9282 4693 9282 4566 9282 4568 9283 4567 9283 4693 9283 4568 9284 4693 9284 4692 9284 4693 9285 4567 9285 4566 9285 4695 9286 4696 9286 4697 9286 4695 9287 4697 9287 4698 9287 4695 9288 4698 9288 4699 9288 4695 9289 4699 9289 4700 9289 4695 9290 4700 9290 4701 9290 4695 9291 4701 9291 4702 9291 4695 9292 4702 9292 4703 9292 4695 9293 4703 9293 4704 9293 4695 9294 4704 9294 4705 9294 4695 9295 4705 9295 4706 9295 4695 9296 4706 9296 4707 9296 4695 9297 4707 9297 4708 9297 4695 9298 4708 9298 4709 9298 4695 9299 4709 9299 4710 9299 4695 9300 4710 9300 4711 9300 4695 9301 4711 9301 4712 9301 4695 9302 4712 9302 4713 9302 4695 9303 4713 9303 4714 9303 4695 9304 4714 9304 4715 9304 4695 9305 4715 9305 4716 9305 4695 9306 4716 9306 4717 9306 4695 9307 4717 9307 4718 9307 4695 9308 4718 9308 4719 9308 4695 9309 4719 9309 4720 9309 4695 9310 4720 9310 4696 9310 4696 9311 4720 9311 4719 9311 4696 9312 4719 9312 4721 9312 4696 9313 4721 9313 4722 9313 4696 9314 4722 9314 4723 9314 4696 9315 4723 9315 4724 9315 4696 9316 4724 9316 4725 9316 4696 9317 4725 9317 4726 9317 4696 9318 4726 9318 4727 9318 4696 9319 4727 9319 4728 9319 4696 9320 4728 9320 4729 9320 4696 9321 4729 9321 4730 9321 4696 9322 4730 9322 4731 9322 4696 9323 4731 9323 4732 9323 4696 9324 4732 9324 4733 9324 4696 9325 4733 9325 4734 9325 4696 9326 4734 9326 4735 9326 4696 9327 4735 9327 4697 9327 4698 9328 4736 9328 4699 9328 4698 9329 4697 9329 4736 9329 4706 9330 4705 9330 4737 9330 4706 9331 4737 9331 4738 9331 4706 9332 4738 9332 4739 9332 4706 9333 4739 9333 4740 9333 4706 9334 4740 9334 4741 9334 4706 9335 4741 9335 4742 9335 4706 9336 4742 9336 4743 9336 4706 9337 4743 9337 4744 9337 4706 9338 4744 9338 4745 9338 4706 9339 4745 9339 4746 9339 4706 9340 4746 9340 4747 9340 4706 9341 4747 9341 4748 9341 4706 9342 4748 9342 4749 9342 4706 9343 4749 9343 4750 9343 4706 9344 4750 9344 4707 9344 4707 9345 4749 9345 4708 9345 4707 9346 4750 9346 4749 9346 4708 9347 4749 9347 4709 9347 4709 9348 4749 9348 4710 9348 4710 9349 4749 9349 4711 9349 4711 9350 4749 9350 4712 9350 4712 9351 4749 9351 4713 9351 4713 9352 4749 9352 4714 9352 4714 9353 4749 9353 4715 9353 4715 9354 4749 9354 4751 9354 4715 9355 4751 9355 4716 9355 4716 9356 4751 9356 4722 9356 4716 9357 4722 9357 4721 9357 4716 9358 4721 9358 4717 9358 4717 9359 4721 9359 4718 9359 4718 9360 4721 9360 4719 9360 4697 9361 4735 9361 4752 9361 4697 9362 4752 9362 4753 9362 4697 9363 4753 9363 4754 9363 4697 9364 4754 9364 4755 9364 4697 9365 4755 9365 4736 9365 4736 9366 4755 9366 4756 9366 4736 9367 4756 9367 4700 9367 4736 9368 4700 9368 4699 9368 4705 9369 4704 9369 4757 9369 4705 9370 4757 9370 4737 9370 4749 9371 4748 9371 4758 9371 4749 9372 4758 9372 4759 9372 4749 9373 4759 9373 4723 9373 4749 9374 4723 9374 4722 9374 4749 9375 4722 9375 4751 9375 4735 9376 4760 9376 4761 9376 4735 9377 4761 9377 4752 9377 4735 9378 4734 9378 4762 9378 4735 9379 4762 9379 4760 9379 4752 9380 4763 9380 4764 9380 4752 9381 4764 9381 4765 9381 4752 9382 4765 9382 4766 9382 4752 9383 4766 9383 4753 9383 4752 9384 4761 9384 4767 9384 4752 9385 4767 9385 4768 9385 4752 9386 4768 9386 4763 9386 4753 9387 4766 9387 4754 9387 4754 9388 4766 9388 4769 9388 4754 9389 4769 9389 4770 9389 4754 9390 4770 9390 4771 9390 4754 9391 4771 9391 4755 9391 4755 9392 4771 9392 4770 9392 4755 9393 4770 9393 4756 9393 4756 9394 4772 9394 4702 9394 4756 9395 4702 9395 4701 9395 4756 9396 4701 9396 4700 9396 4756 9397 4770 9397 4773 9397 4756 9398 4773 9398 4774 9398 4756 9399 4774 9399 4772 9399 4704 9400 4703 9400 4775 9400 4704 9401 4775 9401 4757 9401 4737 9402 4757 9402 4776 9402 4737 9403 4776 9403 4738 9403 4748 9404 4747 9404 4758 9404 4723 9405 4777 9405 4778 9405 4723 9406 4778 9406 4724 9406 4723 9407 4759 9407 4779 9407 4723 9408 4779 9408 4777 9408 4760 9409 4762 9409 4761 9409 4761 9410 4762 9410 4780 9410 4761 9411 4780 9411 4781 9411 4761 9412 4781 9412 4782 9412 4761 9413 4782 9413 4767 9413 4734 9414 4733 9414 4783 9414 4734 9415 4783 9415 4762 9415 4762 9416 4783 9416 4780 9416 4763 9417 4768 9417 4764 9417 4764 9418 4784 9418 4785 9418 4764 9419 4785 9419 4786 9419 4764 9420 4786 9420 4765 9420 4764 9421 4768 9421 4784 9421 4765 9422 4786 9422 4785 9422 4765 9423 4785 9423 4787 9423 4765 9424 4787 9424 4788 9424 4765 9425 4788 9425 4769 9425 4765 9426 4769 9426 4766 9426 4767 9427 4782 9427 4789 9427 4767 9428 4789 9428 4790 9428 4767 9429 4790 9429 4791 9429 4767 9430 4791 9430 4768 9430 4768 9431 4791 9431 4792 9431 4768 9432 4792 9432 4793 9432 4768 9433 4793 9433 4794 9433 4768 9434 4794 9434 4784 9434 4769 9435 4773 9435 4770 9435 4769 9436 4788 9436 4795 9436 4769 9437 4795 9437 4796 9437 4769 9438 4796 9438 4797 9438 4769 9439 4797 9439 4773 9439 4772 9440 4703 9440 4702 9440 4772 9441 4774 9441 4798 9441 4772 9442 4798 9442 4703 9442 4773 9443 4797 9443 4799 9443 4773 9444 4799 9444 4800 9444 4773 9445 4800 9445 4774 9445 4774 9446 4800 9446 4801 9446 4774 9447 4801 9447 4802 9447 4774 9448 4802 9448 4803 9448 4774 9449 4803 9449 4798 9449 4703 9450 4798 9450 4775 9450 4757 9451 4775 9451 4804 9451 4757 9452 4804 9452 4776 9452 4738 9453 4776 9453 4805 9453 4738 9454 4805 9454 4739 9454 4758 9455 4747 9455 4759 9455 4747 9456 4746 9456 4779 9456 4747 9457 4779 9457 4759 9457 4777 9458 4806 9458 4807 9458 4777 9459 4807 9459 4808 9459 4777 9460 4808 9460 4778 9460 4777 9461 4779 9461 4809 9461 4777 9462 4809 9462 4806 9462 4778 9463 4725 9463 4724 9463 4778 9464 4808 9464 4725 9464 4780 9465 4782 9465 4781 9465 4780 9466 4783 9466 4789 9466 4780 9467 4789 9467 4782 9467 4733 9468 4732 9468 4810 9468 4733 9469 4810 9469 4783 9469 4783 9470 4810 9470 4789 9470 4784 9471 4794 9471 4793 9471 4784 9472 4793 9472 4811 9472 4784 9473 4811 9473 4785 9473 4785 9474 4811 9474 4812 9474 4785 9475 4812 9475 4787 9475 4787 9476 4812 9476 4813 9476 4787 9477 4813 9477 4814 9477 4787 9478 4814 9478 4788 9478 4788 9479 4814 9479 4815 9479 4788 9480 4815 9480 4795 9480 4789 9481 4810 9481 4731 9481 4789 9482 4731 9482 4730 9482 4789 9483 4730 9483 4729 9483 4789 9484 4729 9484 4728 9484 4789 9485 4728 9485 4727 9485 4789 9486 4727 9486 4816 9486 4789 9487 4816 9487 4813 9487 4789 9488 4813 9488 4817 9488 4789 9489 4817 9489 4790 9489 4790 9490 4817 9490 4791 9490 4791 9491 4817 9491 4793 9491 4791 9492 4793 9492 4792 9492 4793 9493 4817 9493 4813 9493 4793 9494 4813 9494 4811 9494 4795 9495 4815 9495 4814 9495 4795 9496 4814 9496 4813 9496 4795 9497 4813 9497 4818 9497 4795 9498 4818 9498 4796 9498 4796 9499 4818 9499 4797 9499 4797 9500 4819 9500 4799 9500 4797 9501 4818 9501 4819 9501 4798 9502 4820 9502 4775 9502 4798 9503 4803 9503 4821 9503 4798 9504 4821 9504 4822 9504 4798 9505 4822 9505 4823 9505 4798 9506 4823 9506 4824 9506 4798 9507 4824 9507 4820 9507 4799 9508 4819 9508 4800 9508 4800 9509 4802 9509 4801 9509 4800 9510 4819 9510 4825 9510 4800 9511 4825 9511 4826 9511 4800 9512 4826 9512 4802 9512 4802 9513 4827 9513 4803 9513 4802 9514 4826 9514 4828 9514 4802 9515 4828 9515 4829 9515 4802 9516 4829 9516 4827 9516 4803 9517 4827 9517 4830 9517 4803 9518 4830 9518 4822 9518 4803 9519 4822 9519 4821 9519 4775 9520 4820 9520 4831 9520 4775 9521 4831 9521 4804 9521 4804 9522 4831 9522 4832 9522 4804 9523 4832 9523 4833 9523 4804 9524 4833 9524 4776 9524 4776 9525 4833 9525 4805 9525 4739 9526 4805 9526 4834 9526 4739 9527 4834 9527 4835 9527 4739 9528 4835 9528 4740 9528 4746 9529 4745 9529 4836 9529 4746 9530 4836 9530 4837 9530 4746 9531 4837 9531 4779 9531 4779 9532 4837 9532 4809 9532 4806 9533 4838 9533 4839 9533 4806 9534 4839 9534 4840 9534 4806 9535 4840 9535 4807 9535 4806 9536 4809 9536 4841 9536 4806 9537 4841 9537 4838 9537 4807 9538 4842 9538 4808 9538 4807 9539 4840 9539 4843 9539 4807 9540 4843 9540 4842 9540 4808 9541 4842 9541 4844 9541 4808 9542 4844 9542 4725 9542 4725 9543 4844 9543 4845 9543 4725 9544 4845 9544 4726 9544 4732 9545 4731 9545 4810 9545 4811 9546 4813 9546 4812 9546 4813 9547 4846 9547 4818 9547 4813 9548 4816 9548 4847 9548 4813 9549 4847 9549 4846 9549 4816 9550 4845 9550 4847 9550 4816 9551 4727 9551 4726 9551 4816 9552 4726 9552 4845 9552 4818 9553 4846 9553 4848 9553 4818 9554 4848 9554 4826 9554 4818 9555 4826 9555 4825 9555 4818 9556 4825 9556 4819 9556 4820 9557 4849 9557 4831 9557 4820 9558 4824 9558 4823 9558 4820 9559 4823 9559 4850 9559 4820 9560 4850 9560 4851 9560 4820 9561 4851 9561 4852 9561 4820 9562 4852 9562 4853 9562 4820 9563 4853 9563 4849 9563 4822 9564 4830 9564 4854 9564 4822 9565 4854 9565 4855 9565 4822 9566 4855 9566 4856 9566 4822 9567 4856 9567 4823 9567 4823 9568 4856 9568 4850 9568 4826 9569 4848 9569 4828 9569 4827 9570 4829 9570 4854 9570 4827 9571 4854 9571 4830 9571 4828 9572 4848 9572 4854 9572 4828 9573 4854 9573 4829 9573 4831 9574 4849 9574 4832 9574 4832 9575 4849 9575 4833 9575 4833 9576 4849 9576 4857 9576 4833 9577 4857 9577 4834 9577 4833 9578 4834 9578 4805 9578 4835 9579 4834 9579 4838 9579 4835 9580 4838 9580 4841 9580 4835 9581 4841 9581 4740 9581 4740 9582 4841 9582 4741 9582 4745 9583 4858 9583 4836 9583 4745 9584 4744 9584 4858 9584 4836 9585 4858 9585 4837 9585 4837 9586 4858 9586 4809 9586 4809 9587 4858 9587 4859 9587 4809 9588 4859 9588 4841 9588 4838 9589 4834 9589 4839 9589 4839 9590 4853 9590 4860 9590 4839 9591 4860 9591 4861 9591 4839 9592 4861 9592 4840 9592 4839 9593 4834 9593 4857 9593 4839 9594 4857 9594 4849 9594 4839 9595 4849 9595 4853 9595 4840 9596 4861 9596 4843 9596 4842 9597 4843 9597 4862 9597 4842 9598 4862 9598 4847 9598 4842 9599 4847 9599 4845 9599 4842 9600 4845 9600 4844 9600 4843 9601 4861 9601 4852 9601 4843 9602 4852 9602 4862 9602 4846 9603 4863 9603 4848 9603 4846 9604 4847 9604 4863 9604 4847 9605 4862 9605 4863 9605 4848 9606 4855 9606 4864 9606 4848 9607 4864 9607 4854 9607 4848 9608 4863 9608 4855 9608 4850 9609 4856 9609 4851 9609 4851 9610 4856 9610 4855 9610 4851 9611 4855 9611 4852 9611 4852 9612 4860 9612 4853 9612 4852 9613 4855 9613 4862 9613 4852 9614 4861 9614 4860 9614 4854 9615 4864 9615 4855 9615 4855 9616 4863 9616 4862 9616 4841 9617 4859 9617 4742 9617 4841 9618 4742 9618 4741 9618 4858 9619 4744 9619 4743 9619 4858 9620 4743 9620 4742 9620 4858 9621 4742 9621 4859 9621 4865 9622 4866 9622 4867 9622 4865 9623 4867 9623 4868 9623 4865 9624 4868 9624 4869 9624 4865 9625 4869 9625 4870 9625 4865 9626 4870 9626 4871 9626 4865 9627 4871 9627 4872 9627 4865 9628 4872 9628 4873 9628 4865 9629 4873 9629 4874 9629 4865 9630 4874 9630 4875 9630 4865 9631 4875 9631 4876 9631 4865 9632 4876 9632 4877 9632 4865 9633 4877 9633 4878 9633 4865 9634 4878 9634 4879 9634 4865 9635 4879 9635 4880 9635 4865 9636 4880 9636 4881 9636 4865 9637 4881 9637 4882 9637 4865 9638 4882 9638 4883 9638 4865 9639 4883 9639 4884 9639 4865 9640 4884 9640 4885 9640 4865 9641 4885 9641 4886 9641 4865 9642 4886 9642 4887 9642 4865 9643 4887 9643 4888 9643 4865 9644 4888 9644 4889 9644 4865 9645 4889 9645 4890 9645 4865 9646 4890 9646 4891 9646 4865 9647 4891 9647 4892 9647 4865 9648 4892 9648 4893 9648 4865 9649 4893 9649 4894 9649 4865 9650 4894 9650 4895 9650 4865 9651 4895 9651 4896 9651 4865 9652 4896 9652 4897 9652 4865 9653 4897 9653 4898 9653 4865 9654 4898 9654 4899 9654 4865 9655 4899 9655 4900 9655 4865 9656 4900 9656 4901 9656 4865 9657 4901 9657 4902 9657 4865 9658 4902 9658 4866 9658 4866 9659 4902 9659 4867 9659 4871 9660 4870 9660 4903 9660 4871 9661 4903 9661 4904 9661 4871 9662 4904 9662 4905 9662 4871 9663 4905 9663 4906 9663 4871 9664 4906 9664 4907 9664 4871 9665 4907 9665 4908 9665 4871 9666 4908 9666 4909 9666 4871 9667 4909 9667 4910 9667 4871 9668 4910 9668 4911 9668 4871 9669 4911 9669 4912 9669 4871 9670 4912 9670 4913 9670 4871 9671 4913 9671 4914 9671 4871 9672 4914 9672 4915 9672 4871 9673 4915 9673 4916 9673 4871 9674 4916 9674 4917 9674 4871 9675 4917 9675 4918 9675 4871 9676 4918 9676 4919 9676 4871 9677 4919 9677 4920 9677 4871 9678 4920 9678 4921 9678 4871 9679 4921 9679 4922 9679 4871 9680 4922 9680 4923 9680 4871 9681 4923 9681 4924 9681 4871 9682 4924 9682 4925 9682 4871 9683 4925 9683 4926 9683 4871 9684 4926 9684 4927 9684 4871 9685 4927 9685 4928 9685 4871 9686 4928 9686 4929 9686 4871 9687 4929 9687 4930 9687 4871 9688 4930 9688 4931 9688 4871 9689 4931 9689 4932 9689 4871 9690 4932 9690 4872 9690 4877 9691 4876 9691 4933 9691 4877 9692 4933 9692 4934 9692 4877 9693 4934 9693 4878 9693 4867 9694 4902 9694 4901 9694 4867 9695 4901 9695 4900 9695 4867 9696 4900 9696 4899 9696 4867 9697 4899 9697 4898 9697 4867 9698 4898 9698 4897 9698 4867 9699 4897 9699 4896 9699 4867 9700 4896 9700 4935 9700 4867 9701 4935 9701 4868 9701 4870 9702 4869 9702 4936 9702 4870 9703 4936 9703 4903 9703 4872 9704 4932 9704 4937 9704 4872 9705 4937 9705 4873 9705 4876 9706 4875 9706 4933 9706 4933 9707 4875 9707 4874 9707 4933 9708 4874 9708 4938 9708 4933 9709 4938 9709 4939 9709 4933 9710 4939 9710 4940 9710 4933 9711 4940 9711 4934 9711 4934 9712 4940 9712 4941 9712 4934 9713 4941 9713 4878 9713 4878 9714 4941 9714 4942 9714 4878 9715 4942 9715 4879 9715 4868 9716 4935 9716 4943 9716 4868 9717 4943 9717 4869 9717 4896 9718 4895 9718 4944 9718 4896 9719 4944 9719 4935 9719 4935 9720 4944 9720 4945 9720 4935 9721 4945 9721 4946 9721 4935 9722 4946 9722 4947 9722 4935 9723 4947 9723 4943 9723 4869 9724 4943 9724 4936 9724 4936 9725 4943 9725 4947 9725 4936 9726 4947 9726 4946 9726 4936 9727 4946 9727 4948 9727 4936 9728 4948 9728 4905 9728 4936 9729 4905 9729 4904 9729 4936 9730 4904 9730 4903 9730 4932 9731 4931 9731 4937 9731 4937 9732 4939 9732 4938 9732 4937 9733 4938 9733 4874 9733 4937 9734 4874 9734 4873 9734 4937 9735 4931 9735 4949 9735 4937 9736 4949 9736 4939 9736 4939 9737 4950 9737 4940 9737 4939 9738 4949 9738 4950 9738 4940 9739 4950 9739 4951 9739 4940 9740 4951 9740 4952 9740 4940 9741 4952 9741 4953 9741 4940 9742 4953 9742 4954 9742 4940 9743 4954 9743 4942 9743 4940 9744 4942 9744 4941 9744 4879 9745 4942 9745 4880 9745 4942 9746 4954 9746 4955 9746 4942 9747 4955 9747 4880 9747 4895 9748 4894 9748 4944 9748 4944 9749 4894 9749 4893 9749 4944 9750 4893 9750 4892 9750 4944 9751 4892 9751 4956 9751 4944 9752 4956 9752 4945 9752 4945 9753 4956 9753 4957 9753 4945 9754 4957 9754 4907 9754 4945 9755 4907 9755 4906 9755 4945 9756 4906 9756 4905 9756 4945 9757 4905 9757 4948 9757 4945 9758 4948 9758 4946 9758 4931 9759 4930 9759 4949 9759 4949 9760 4951 9760 4950 9760 4949 9761 4930 9761 4929 9761 4949 9762 4929 9762 4958 9762 4949 9763 4958 9763 4951 9763 4951 9764 4958 9764 4959 9764 4951 9765 4959 9765 4952 9765 4952 9766 4959 9766 4960 9766 4952 9767 4960 9767 4953 9767 4953 9768 4960 9768 4959 9768 4953 9769 4959 9769 4961 9769 4953 9770 4961 9770 4962 9770 4953 9771 4962 9771 4954 9771 4954 9772 4962 9772 4963 9772 4954 9773 4963 9773 4964 9773 4954 9774 4964 9774 4965 9774 4954 9775 4965 9775 4882 9775 4954 9776 4882 9776 4881 9776 4954 9777 4881 9777 4880 9777 4954 9778 4880 9778 4955 9778 4892 9779 4891 9779 4966 9779 4892 9780 4966 9780 4956 9780 4956 9781 4966 9781 4957 9781 4957 9782 4966 9782 4967 9782 4957 9783 4967 9783 4908 9783 4957 9784 4908 9784 4907 9784 4929 9785 4928 9785 4958 9785 4958 9786 4928 9786 4927 9786 4958 9787 4927 9787 4968 9787 4958 9788 4968 9788 4962 9788 4958 9789 4962 9789 4959 9789 4959 9790 4962 9790 4961 9790 4962 9791 4968 9791 4963 9791 4963 9792 4969 9792 4970 9792 4963 9793 4970 9793 4964 9793 4963 9794 4968 9794 4969 9794 4964 9795 4971 9795 4884 9795 4964 9796 4884 9796 4883 9796 4964 9797 4883 9797 4965 9797 4964 9798 4970 9798 4972 9798 4964 9799 4972 9799 4973 9799 4964 9800 4973 9800 4971 9800 4965 9801 4883 9801 4882 9801 4891 9802 4890 9802 4974 9802 4891 9803 4974 9803 4975 9803 4891 9804 4975 9804 4976 9804 4891 9805 4976 9805 4966 9805 4966 9806 4976 9806 4967 9806 4967 9807 4976 9807 4975 9807 4967 9808 4975 9808 4977 9808 4967 9809 4977 9809 4908 9809 4908 9810 4977 9810 4909 9810 4927 9811 4926 9811 4968 9811 4968 9812 4926 9812 4925 9812 4968 9813 4925 9813 4924 9813 4968 9814 4924 9814 4969 9814 4969 9815 4924 9815 4923 9815 4969 9816 4923 9816 4922 9816 4969 9817 4922 9817 4921 9817 4969 9818 4921 9818 4978 9818 4969 9819 4978 9819 4970 9819 4970 9820 4978 9820 4979 9820 4970 9821 4979 9821 4980 9821 4970 9822 4980 9822 4972 9822 4971 9823 4973 9823 4884 9823 4884 9824 4973 9824 4885 9824 4972 9825 4980 9825 4979 9825 4972 9826 4979 9826 4981 9826 4972 9827 4981 9827 4982 9827 4972 9828 4982 9828 4983 9828 4972 9829 4983 9829 4973 9829 4973 9830 4983 9830 4886 9830 4973 9831 4886 9831 4885 9831 4890 9832 4889 9832 4974 9832 4974 9833 4977 9833 4975 9833 4974 9834 4889 9834 4984 9834 4974 9835 4984 9835 4977 9835 4977 9836 4984 9836 4985 9836 4977 9837 4985 9837 4986 9837 4977 9838 4986 9838 4909 9838 4909 9839 4986 9839 4987 9839 4909 9840 4987 9840 4910 9840 4921 9841 4920 9841 4978 9841 4978 9842 4920 9842 4919 9842 4978 9843 4919 9843 4918 9843 4978 9844 4918 9844 4988 9844 4978 9845 4988 9845 4982 9845 4978 9846 4982 9846 4981 9846 4978 9847 4981 9847 4979 9847 4982 9848 4988 9848 4989 9848 4982 9849 4989 9849 4990 9849 4982 9850 4990 9850 4991 9850 4982 9851 4991 9851 4983 9851 4983 9852 4991 9852 4992 9852 4983 9853 4992 9853 4888 9853 4983 9854 4888 9854 4887 9854 4983 9855 4887 9855 4886 9855 4889 9856 4888 9856 4992 9856 4889 9857 4992 9857 4984 9857 4984 9858 4992 9858 4991 9858 4984 9859 4991 9859 4985 9859 4985 9860 4991 9860 4993 9860 4985 9861 4993 9861 4989 9861 4985 9862 4989 9862 4987 9862 4985 9863 4987 9863 4986 9863 4987 9864 4989 9864 4910 9864 4910 9865 4989 9865 4911 9865 4918 9866 4917 9866 4988 9866 4988 9867 4917 9867 4916 9867 4988 9868 4916 9868 4915 9868 4988 9869 4915 9869 4914 9869 4988 9870 4914 9870 4913 9870 4988 9871 4913 9871 4989 9871 4989 9872 4912 9872 4911 9872 4989 9873 4993 9873 4994 9873 4989 9874 4994 9874 4990 9874 4989 9875 4913 9875 4912 9875 4990 9876 4994 9876 4991 9876 4991 9877 4994 9877 4993 9877 4995 9878 4996 9878 4997 9878 4995 9879 4997 9879 4998 9879 4995 9880 4998 9880 4999 9880 4995 9881 4999 9881 5000 9881 4995 9882 5000 9882 5001 9882 4995 9883 5001 9883 5002 9883 4995 9884 5002 9884 5003 9884 4995 9885 5003 9885 5004 9885 4995 9886 5004 9886 5005 9886 4995 9887 5005 9887 5006 9887 4995 9888 5006 9888 5007 9888 4995 9889 5007 9889 5008 9889 4995 9890 5008 9890 5009 9890 4995 9891 5009 9891 4996 9891 4996 9892 5009 9892 5010 9892 4996 9893 5010 9893 5011 9893 4996 9894 5011 9894 5012 9894 4996 9895 5012 9895 5013 9895 4996 9896 5013 9896 5014 9896 4996 9897 5014 9897 5015 9897 4996 9898 5015 9898 5016 9898 4996 9899 5016 9899 5017 9899 4996 9900 5017 9900 5018 9900 4996 9901 5018 9901 5019 9901 4996 9902 5019 9902 5020 9902 4996 9903 5020 9903 5021 9903 4996 9904 5021 9904 5022 9904 4996 9905 5022 9905 5023 9905 4996 9906 5023 9906 5024 9906 4996 9907 5024 9907 5025 9907 4996 9908 5025 9908 5026 9908 4996 9909 5026 9909 5027 9909 4996 9910 5027 9910 5028 9910 4996 9911 5028 9911 5029 9911 4996 9912 5029 9912 5030 9912 4996 9913 5030 9913 5031 9913 4996 9914 5031 9914 5032 9914 4996 9915 5032 9915 5033 9915 4996 9916 5033 9916 5034 9916 4996 9917 5034 9917 5035 9917 4996 9918 5035 9918 5036 9918 4996 9919 5036 9919 5037 9919 4996 9920 5037 9920 5038 9920 4996 9921 5038 9921 5039 9921 4996 9922 5039 9922 5040 9922 4996 9923 5040 9923 5041 9923 4996 9924 5041 9924 5042 9924 4996 9925 5042 9925 5043 9925 4996 9926 5043 9926 5044 9926 4996 9927 5044 9927 5045 9927 4996 9928 5045 9928 5046 9928 4996 9929 5046 9929 5047 9929 4996 9930 5047 9930 5048 9930 4996 9931 5048 9931 5049 9931 4996 9932 5049 9932 5050 9932 4996 9933 5050 9933 5051 9933 4996 9934 5051 9934 5052 9934 4996 9935 5052 9935 5053 9935 4996 9936 5053 9936 5054 9936 4996 9937 5054 9937 5055 9937 4996 9938 5055 9938 5056 9938 4996 9939 5056 9939 5057 9939 4996 9940 5057 9940 5058 9940 4996 9941 5058 9941 5059 9941 4996 9942 5059 9942 5060 9942 4996 9943 5060 9943 4997 9943 5006 9944 5005 9944 5007 9944 5007 9945 5005 9945 5004 9945 5007 9946 5004 9946 5061 9946 5007 9947 5061 9947 5062 9947 5007 9948 5062 9948 5063 9948 5007 9949 5063 9949 5008 9949 5008 9950 5063 9950 5010 9950 5008 9951 5010 9951 5009 9951 4997 9952 5060 9952 5064 9952 4997 9953 5064 9953 5065 9953 4997 9954 5065 9954 5066 9954 4997 9955 5066 9955 5067 9955 4997 9956 5067 9956 4998 9956 5004 9957 5003 9957 5061 9957 5061 9958 5003 9958 5068 9958 5061 9959 5068 9959 5069 9959 5061 9960 5069 9960 5070 9960 5061 9961 5070 9961 5071 9961 5061 9962 5071 9962 5062 9962 5062 9963 5071 9963 5072 9963 5062 9964 5072 9964 5063 9964 5063 9965 5072 9965 5073 9965 5063 9966 5073 9966 5012 9966 5063 9967 5012 9967 5011 9967 5063 9968 5011 9968 5010 9968 5060 9969 5059 9969 5074 9969 5060 9970 5074 9970 5075 9970 5060 9971 5075 9971 5076 9971 5060 9972 5076 9972 5077 9972 5060 9973 5077 9973 5078 9973 5060 9974 5078 9974 5079 9974 5060 9975 5079 9975 5080 9975 5060 9976 5080 9976 5081 9976 5060 9977 5081 9977 5082 9977 5060 9978 5082 9978 5083 9978 5060 9979 5083 9979 5084 9979 5060 9980 5084 9980 5085 9980 5060 9981 5085 9981 5067 9981 5060 9982 5067 9982 5066 9982 5060 9983 5066 9983 5065 9983 5060 9984 5065 9984 5064 9984 5067 9985 5085 9985 5086 9985 5067 9986 5086 9986 5087 9986 5067 9987 5087 9987 5088 9987 5067 9988 5088 9988 5089 9988 5067 9989 5089 9989 5090 9989 5067 9990 5090 9990 5091 9990 5067 9991 5091 9991 5092 9991 5067 9992 5092 9992 5093 9992 5067 9993 5093 9993 5094 9993 5067 9994 5094 9994 5095 9994 5067 9995 5095 9995 5096 9995 5067 9996 5096 9996 5097 9996 5067 9997 5097 9997 5098 9997 5067 9998 5098 9998 5099 9998 5067 9999 5099 9999 5100 9999 5067 10000 5100 10000 5101 10000 5067 10001 5101 10001 5102 10001 5067 10002 5102 10002 5103 10002 5067 10003 5103 10003 5104 10003 5067 10004 5104 10004 5105 10004 5067 10005 5105 10005 5106 10005 5067 10006 5106 10006 5107 10006 5067 10007 5107 10007 4999 10007 5067 10008 4999 10008 4998 10008 5003 10009 5002 10009 5068 10009 5068 10010 5108 10010 5069 10010 5068 10011 5002 10011 5109 10011 5068 10012 5109 10012 5110 10012 5068 10013 5110 10013 5108 10013 5069 10014 5071 10014 5070 10014 5069 10015 5108 10015 5111 10015 5069 10016 5111 10016 5071 10016 5071 10017 5111 10017 5108 10017 5071 10018 5108 10018 5112 10018 5071 10019 5112 10019 5113 10019 5071 10020 5113 10020 5114 10020 5071 10021 5114 10021 5115 10021 5071 10022 5115 10022 5072 10022 5072 10023 5115 10023 5116 10023 5072 10024 5116 10024 5073 10024 5073 10025 5116 10025 5013 10025 5073 10026 5013 10026 5012 10026 5059 10027 5058 10027 5117 10027 5059 10028 5117 10028 5074 10028 5085 10029 5084 10029 5086 10029 4999 10030 5107 10030 5118 10030 4999 10031 5118 10031 5000 10031 5002 10032 5001 10032 5109 10032 5108 10033 5119 10033 5113 10033 5108 10034 5113 10034 5112 10034 5108 10035 5110 10035 5120 10035 5108 10036 5120 10036 5121 10036 5108 10037 5121 10037 5122 10037 5108 10038 5122 10038 5123 10038 5108 10039 5123 10039 5124 10039 5108 10040 5124 10040 5119 10040 5109 10041 5001 10041 5000 10041 5109 10042 5000 10042 5118 10042 5109 10043 5118 10043 5120 10043 5109 10044 5120 10044 5110 10044 5113 10045 5119 10045 5124 10045 5113 10046 5124 10046 5125 10046 5113 10047 5125 10047 5126 10047 5113 10048 5126 10048 5114 10048 5114 10049 5127 10049 5128 10049 5114 10050 5128 10050 5116 10050 5114 10051 5116 10051 5115 10051 5114 10052 5126 10052 5127 10052 5116 10053 5128 10053 5014 10053 5116 10054 5014 10054 5013 10054 5074 10055 5117 10055 5075 10055 5058 10056 5057 10056 5129 10056 5058 10057 5129 10057 5117 10057 5084 10058 5083 10058 5130 10058 5084 10059 5130 10059 5086 10059 5086 10060 5130 10060 5087 10060 5107 10061 5106 10061 5120 10061 5107 10062 5120 10062 5118 10062 5120 10063 5106 10063 5105 10063 5120 10064 5105 10064 5121 10064 5121 10065 5105 10065 5131 10065 5121 10066 5131 10066 5132 10066 5121 10067 5132 10067 5122 10067 5122 10068 5132 10068 5123 10068 5123 10069 5132 10069 5133 10069 5123 10070 5133 10070 5134 10070 5123 10071 5134 10071 5135 10071 5123 10072 5135 10072 5136 10072 5123 10073 5136 10073 5124 10073 5124 10074 5136 10074 5137 10074 5124 10075 5137 10075 5138 10075 5124 10076 5138 10076 5125 10076 5125 10077 5139 10077 5127 10077 5125 10078 5127 10078 5126 10078 5125 10079 5138 10079 5139 10079 5127 10080 5016 10080 5015 10080 5127 10081 5015 10081 5128 10081 5127 10082 5139 10082 5017 10082 5127 10083 5017 10083 5016 10083 5128 10084 5015 10084 5014 10084 5117 10085 5129 10085 5140 10085 5117 10086 5140 10086 5141 10086 5117 10087 5141 10087 5142 10087 5117 10088 5142 10088 5143 10088 5117 10089 5143 10089 5075 10089 5075 10090 5143 10090 5076 10090 5057 10091 5056 10091 5144 10091 5057 10092 5144 10092 5129 10092 5083 10093 5082 10093 5145 10093 5083 10094 5145 10094 5130 10094 5130 10095 5145 10095 5146 10095 5130 10096 5146 10096 5147 10096 5130 10097 5147 10097 5148 10097 5130 10098 5148 10098 5088 10098 5130 10099 5088 10099 5087 10099 5105 10100 5104 10100 5131 10100 5131 10101 5104 10101 5132 10101 5132 10102 5104 10102 5103 10102 5132 10103 5103 10103 5149 10103 5132 10104 5149 10104 5150 10104 5132 10105 5150 10105 5133 10105 5133 10106 5135 10106 5134 10106 5133 10107 5150 10107 5151 10107 5133 10108 5151 10108 5152 10108 5133 10109 5152 10109 5135 10109 5135 10110 5152 10110 5151 10110 5135 10111 5151 10111 5153 10111 5135 10112 5153 10112 5154 10112 5135 10113 5154 10113 5155 10113 5135 10114 5155 10114 5136 10114 5136 10115 5155 10115 5137 10115 5137 10116 5156 10116 5157 10116 5137 10117 5157 10117 5158 10117 5137 10118 5158 10118 5159 10118 5137 10119 5159 10119 5138 10119 5137 10120 5155 10120 5156 10120 5138 10121 5159 10121 5139 10121 5139 10122 5159 10122 5018 10122 5139 10123 5018 10123 5017 10123 5129 10124 5144 10124 5160 10124 5129 10125 5160 10125 5140 10125 5141 10126 5140 10126 5161 10126 5141 10127 5161 10127 5162 10127 5141 10128 5162 10128 5142 10128 5142 10129 5162 10129 5163 10129 5142 10130 5163 10130 5143 10130 5143 10131 5163 10131 5076 10131 5076 10132 5163 10132 5077 10132 5056 10133 5055 10133 5144 10133 5082 10134 5081 10134 5145 10134 5145 10135 5164 10135 5165 10135 5145 10136 5165 10136 5166 10136 5145 10137 5166 10137 5167 10137 5145 10138 5167 10138 5146 10138 5145 10139 5081 10139 5164 10139 5146 10140 5167 10140 5147 10140 5147 10141 5167 10141 5168 10141 5147 10142 5168 10142 5169 10142 5147 10143 5169 10143 5170 10143 5147 10144 5170 10144 5148 10144 5148 10145 5170 10145 5088 10145 5088 10146 5170 10146 5089 10146 5103 10147 5102 10147 5149 10147 5149 10148 5102 10148 5150 10148 5150 10149 5102 10149 5101 10149 5150 10150 5101 10150 5171 10150 5150 10151 5171 10151 5172 10151 5150 10152 5172 10152 5151 10152 5151 10153 5172 10153 5173 10153 5151 10154 5173 10154 5174 10154 5151 10155 5174 10155 5153 10155 5153 10156 5175 10156 5154 10156 5153 10157 5174 10157 5173 10157 5153 10158 5173 10158 5176 10158 5153 10159 5176 10159 5177 10159 5153 10160 5177 10160 5178 10160 5153 10161 5178 10161 5175 10161 5154 10162 5175 10162 5155 10162 5155 10163 5175 10163 5179 10163 5155 10164 5179 10164 5180 10164 5155 10165 5180 10165 5156 10165 5156 10166 5180 10166 5157 10166 5157 10167 5180 10167 5181 10167 5157 10168 5181 10168 5022 10168 5157 10169 5022 10169 5021 10169 5157 10170 5021 10170 5020 10170 5157 10171 5020 10171 5158 10171 5158 10172 5020 10172 5019 10172 5158 10173 5019 10173 5159 10173 5159 10174 5019 10174 5018 10174 5144 10175 5055 10175 5182 10175 5144 10176 5182 10176 5183 10176 5144 10177 5183 10177 5160 10177 5140 10178 5160 10178 5184 10178 5140 10179 5184 10179 5161 10179 5162 10180 5161 10180 5185 10180 5162 10181 5185 10181 5186 10181 5162 10182 5186 10182 5187 10182 5162 10183 5187 10183 5163 10183 5163 10184 5187 10184 5077 10184 5077 10185 5187 10185 5078 10185 5055 10186 5054 10186 5182 10186 5081 10187 5080 10187 5164 10187 5164 10188 5188 10188 5165 10188 5164 10189 5080 10189 5188 10189 5165 10190 5188 10190 5166 10190 5166 10191 5188 10191 5167 10191 5167 10192 5188 10192 5189 10192 5167 10193 5189 10193 5190 10193 5167 10194 5190 10194 5168 10194 5168 10195 5190 10195 5191 10195 5168 10196 5191 10196 5192 10196 5168 10197 5192 10197 5169 10197 5169 10198 5192 10198 5170 10198 5170 10199 5192 10199 5089 10199 5089 10200 5192 10200 5090 10200 5101 10201 5100 10201 5171 10201 5171 10202 5100 10202 5172 10202 5172 10203 5100 10203 5099 10203 5172 10204 5099 10204 5098 10204 5172 10205 5098 10205 5193 10205 5172 10206 5193 10206 5194 10206 5172 10207 5194 10207 5173 10207 5173 10208 5194 10208 5195 10208 5173 10209 5195 10209 5176 10209 5175 10210 5196 10210 5179 10210 5175 10211 5178 10211 5197 10211 5175 10212 5197 10212 5196 10212 5176 10213 5195 10213 5177 10213 5177 10214 5198 10214 5199 10214 5177 10215 5199 10215 5200 10215 5177 10216 5200 10216 5178 10216 5177 10217 5195 10217 5201 10217 5177 10218 5201 10218 5202 10218 5177 10219 5202 10219 5203 10219 5177 10220 5203 10220 5204 10220 5177 10221 5204 10221 5205 10221 5177 10222 5205 10222 5206 10222 5177 10223 5206 10223 5198 10223 5178 10224 5200 10224 5197 10224 5179 10225 5207 10225 5180 10225 5179 10226 5196 10226 5207 10226 5180 10227 5207 10227 5181 10227 5181 10228 5207 10228 5023 10228 5181 10229 5023 10229 5022 10229 5182 10230 5053 10230 5208 10230 5182 10231 5208 10231 5183 10231 5182 10232 5054 10232 5053 10232 5183 10233 5209 10233 5160 10233 5183 10234 5208 10234 5210 10234 5183 10235 5210 10235 5209 10235 5160 10236 5209 10236 5184 10236 5161 10237 5184 10237 5185 10237 5186 10238 5185 10238 5190 10238 5186 10239 5190 10239 5189 10239 5186 10240 5189 10240 5188 10240 5186 10241 5188 10241 5187 10241 5187 10242 5188 10242 5078 10242 5078 10243 5188 10243 5079 10243 5080 10244 5079 10244 5188 10244 5190 10245 5185 10245 5191 10245 5191 10246 5185 10246 5211 10246 5191 10247 5211 10247 5212 10247 5191 10248 5212 10248 5192 10248 5192 10249 5212 10249 5205 10249 5192 10250 5205 10250 5213 10250 5192 10251 5213 10251 5214 10251 5192 10252 5214 10252 5091 10252 5192 10253 5091 10253 5090 10253 5098 10254 5097 10254 5193 10254 5193 10255 5097 10255 5194 10255 5194 10256 5097 10256 5096 10256 5194 10257 5096 10257 5215 10257 5194 10258 5215 10258 5202 10258 5194 10259 5202 10259 5201 10259 5194 10260 5201 10260 5195 10260 5196 10261 5197 10261 5216 10261 5196 10262 5216 10262 5217 10262 5196 10263 5217 10263 5218 10263 5196 10264 5218 10264 5219 10264 5196 10265 5219 10265 5207 10265 5197 10266 5200 10266 5199 10266 5197 10267 5199 10267 5220 10267 5197 10268 5220 10268 5221 10268 5197 10269 5221 10269 5217 10269 5197 10270 5217 10270 5216 10270 5198 10271 5222 10271 5223 10271 5198 10272 5223 10272 5224 10272 5198 10273 5224 10273 5220 10273 5198 10274 5220 10274 5199 10274 5198 10275 5206 10275 5222 10275 5202 10276 5095 10276 5094 10276 5202 10277 5094 10277 5093 10277 5202 10278 5093 10278 5225 10278 5202 10279 5225 10279 5204 10279 5202 10280 5204 10280 5203 10280 5202 10281 5215 10281 5095 10281 5204 10282 5225 10282 5213 10282 5204 10283 5213 10283 5205 10283 5205 10284 5212 10284 5226 10284 5205 10285 5226 10285 5206 10285 5206 10286 5226 10286 5227 10286 5206 10287 5227 10287 5228 10287 5206 10288 5228 10288 5222 10288 5207 10289 5219 10289 5025 10289 5207 10290 5025 10290 5024 10290 5207 10291 5024 10291 5023 10291 5053 10292 5052 10292 5208 10292 5208 10293 5052 10293 5051 10293 5208 10294 5051 10294 5229 10294 5208 10295 5229 10295 5230 10295 5208 10296 5230 10296 5210 10296 5209 10297 5185 10297 5184 10297 5209 10298 5210 10298 5231 10298 5209 10299 5231 10299 5185 10299 5210 10300 5230 10300 5231 10300 5185 10301 5231 10301 5211 10301 5211 10302 5231 10302 5212 10302 5212 10303 5231 10303 5232 10303 5212 10304 5232 10304 5233 10304 5212 10305 5233 10305 5234 10305 5212 10306 5234 10306 5226 10306 5213 10307 5225 10307 5214 10307 5214 10308 5225 10308 5092 10308 5214 10309 5092 10309 5091 10309 5096 10310 5095 10310 5215 10310 5217 10311 5221 10311 5235 10311 5217 10312 5235 10312 5236 10312 5217 10313 5236 10313 5218 10313 5218 10314 5027 10314 5219 10314 5218 10315 5236 10315 5029 10315 5218 10316 5029 10316 5028 10316 5218 10317 5028 10317 5027 10317 5219 10318 5027 10318 5026 10318 5219 10319 5026 10319 5025 10319 5220 10320 5237 10320 5235 10320 5220 10321 5235 10321 5221 10321 5220 10322 5224 10322 5238 10322 5220 10323 5238 10323 5237 10323 5222 10324 5239 10324 5223 10324 5222 10325 5228 10325 5239 10325 5223 10326 5239 10326 5240 10326 5223 10327 5240 10327 5224 10327 5224 10328 5240 10328 5238 10328 5093 10329 5092 10329 5225 10329 5226 10330 5234 10330 5241 10330 5226 10331 5241 10331 5227 10331 5227 10332 5241 10332 5242 10332 5227 10333 5242 10333 5243 10333 5227 10334 5243 10334 5244 10334 5227 10335 5244 10335 5228 10335 5228 10336 5244 10336 5245 10336 5228 10337 5245 10337 5239 10337 5051 10338 5050 10338 5229 10338 5229 10339 5050 10339 5049 10339 5229 10340 5049 10340 5246 10340 5229 10341 5246 10341 5230 10341 5231 10342 5230 10342 5232 10342 5230 10343 5246 10343 5247 10343 5230 10344 5247 10344 5241 10344 5230 10345 5241 10345 5233 10345 5230 10346 5233 10346 5232 10346 5233 10347 5241 10347 5234 10347 5235 10348 5031 10348 5236 10348 5235 10349 5237 10349 5033 10349 5235 10350 5033 10350 5032 10350 5235 10351 5032 10351 5031 10351 5236 10352 5031 10352 5030 10352 5236 10353 5030 10353 5029 10353 5237 10354 5238 10354 5035 10354 5237 10355 5035 10355 5034 10355 5237 10356 5034 10356 5033 10356 5239 10357 5038 10357 5240 10357 5239 10358 5245 10358 5040 10358 5239 10359 5040 10359 5039 10359 5239 10360 5039 10360 5038 10360 5240 10361 5038 10361 5037 10361 5240 10362 5037 10362 5036 10362 5240 10363 5036 10363 5238 10363 5238 10364 5036 10364 5035 10364 5241 10365 5247 10365 5248 10365 5241 10366 5248 10366 5242 10366 5242 10367 5248 10367 5243 10367 5243 10368 5248 10368 5249 10368 5243 10369 5249 10369 5046 10369 5243 10370 5046 10370 5045 10370 5243 10371 5045 10371 5044 10371 5243 10372 5044 10372 5244 10372 5244 10373 5044 10373 5043 10373 5244 10374 5043 10374 5042 10374 5244 10375 5042 10375 5245 10375 5245 10376 5042 10376 5041 10376 5245 10377 5041 10377 5040 10377 5246 10378 5248 10378 5247 10378 5246 10379 5049 10379 5048 10379 5246 10380 5048 10380 5249 10380 5246 10381 5249 10381 5248 10381 5249 10382 5048 10382 5047 10382 5249 10383 5047 10383 5046 10383 5250 10384 5251 10384 5252 10384 5250 10385 5252 10385 5253 10385 5250 10386 5253 10386 5254 10386 5250 10387 5254 10387 5255 10387 5250 10388 5255 10388 5256 10388 5250 10389 5256 10389 5257 10389 5250 10390 5257 10390 5258 10390 5250 10391 5258 10391 5259 10391 5250 10392 5259 10392 5260 10392 5250 10393 5260 10393 5261 10393 5250 10394 5261 10394 5262 10394 5250 10395 5262 10395 5263 10395 5250 10396 5263 10396 5264 10396 5250 10397 5264 10397 5265 10397 5250 10398 5265 10398 5266 10398 5250 10399 5266 10399 5267 10399 5250 10400 5267 10400 5268 10400 5250 10401 5268 10401 5269 10401 5250 10402 5269 10402 5270 10402 5250 10403 5270 10403 5271 10403 5250 10404 5271 10404 5272 10404 5250 10405 5272 10405 5273 10405 5250 10406 5273 10406 5274 10406 5250 10407 5274 10407 5275 10407 5250 10408 5275 10408 5276 10408 5250 10409 5276 10409 5277 10409 5250 10410 5277 10410 5278 10410 5250 10411 5278 10411 5279 10411 5250 10412 5279 10412 5280 10412 5250 10413 5280 10413 5281 10413 5250 10414 5281 10414 5282 10414 5250 10415 5282 10415 5283 10415 5250 10416 5283 10416 5284 10416 5250 10417 5284 10417 5285 10417 5250 10418 5285 10418 5286 10418 5250 10419 5286 10419 5287 10419 5250 10420 5287 10420 5288 10420 5250 10421 5288 10421 5289 10421 5250 10422 5289 10422 5290 10422 5250 10423 5290 10423 5291 10423 5250 10424 5291 10424 5292 10424 5250 10425 5292 10425 5293 10425 5250 10426 5293 10426 5294 10426 5250 10427 5294 10427 5295 10427 5250 10428 5295 10428 5296 10428 5250 10429 5296 10429 5297 10429 5250 10430 5297 10430 5298 10430 5250 10431 5298 10431 5299 10431 5250 10432 5299 10432 5300 10432 5250 10433 5300 10433 5301 10433 5250 10434 5301 10434 5302 10434 5250 10435 5302 10435 5303 10435 5250 10436 5303 10436 5304 10436 5250 10437 5304 10437 5251 10437 5251 10438 5304 10438 5305 10438 5251 10439 5305 10439 5252 10439 5253 10440 5252 10440 5254 10440 5261 10441 5260 10441 5306 10441 5261 10442 5306 10442 5307 10442 5261 10443 5307 10443 5308 10443 5261 10444 5308 10444 5309 10444 5261 10445 5309 10445 5310 10445 5261 10446 5310 10446 5262 10446 5304 10447 5303 10447 5311 10447 5304 10448 5311 10448 5305 10448 5252 10449 5305 10449 5312 10449 5252 10450 5312 10450 5254 10450 5254 10451 5312 10451 5313 10451 5254 10452 5313 10452 5255 10452 5260 10453 5259 10453 5314 10453 5260 10454 5314 10454 5315 10454 5260 10455 5315 10455 5316 10455 5260 10456 5316 10456 5317 10456 5260 10457 5317 10457 5318 10457 5260 10458 5318 10458 5319 10458 5260 10459 5319 10459 5320 10459 5260 10460 5320 10460 5321 10460 5260 10461 5321 10461 5322 10461 5260 10462 5322 10462 5323 10462 5260 10463 5323 10463 5324 10463 5260 10464 5324 10464 5325 10464 5260 10465 5325 10465 5326 10465 5260 10466 5326 10466 5327 10466 5260 10467 5327 10467 5328 10467 5260 10468 5328 10468 5329 10468 5260 10469 5329 10469 5330 10469 5260 10470 5330 10470 5331 10470 5260 10471 5331 10471 5332 10471 5260 10472 5332 10472 5333 10472 5260 10473 5333 10473 5334 10473 5260 10474 5334 10474 5335 10474 5260 10475 5335 10475 5336 10475 5260 10476 5336 10476 5337 10476 5260 10477 5337 10477 5338 10477 5260 10478 5338 10478 5339 10478 5260 10479 5339 10479 5340 10479 5260 10480 5340 10480 5341 10480 5260 10481 5341 10481 5342 10481 5260 10482 5342 10482 5343 10482 5260 10483 5343 10483 5306 10483 5306 10484 5343 10484 5344 10484 5306 10485 5344 10485 5345 10485 5306 10486 5345 10486 5346 10486 5306 10487 5346 10487 5347 10487 5306 10488 5347 10488 5348 10488 5306 10489 5348 10489 5349 10489 5306 10490 5349 10490 5350 10490 5306 10491 5350 10491 5351 10491 5306 10492 5351 10492 5352 10492 5306 10493 5352 10493 5353 10493 5306 10494 5353 10494 5354 10494 5306 10495 5354 10495 5263 10495 5306 10496 5263 10496 5262 10496 5306 10497 5262 10497 5310 10497 5306 10498 5310 10498 5309 10498 5306 10499 5309 10499 5308 10499 5306 10500 5308 10500 5307 10500 5303 10501 5302 10501 5355 10501 5303 10502 5355 10502 5311 10502 5305 10503 5311 10503 5356 10503 5305 10504 5356 10504 5312 10504 5312 10505 5356 10505 5357 10505 5312 10506 5357 10506 5313 10506 5255 10507 5313 10507 5358 10507 5255 10508 5358 10508 5359 10508 5255 10509 5359 10509 5256 10509 5313 10510 5357 10510 5358 10510 5259 10511 5258 10511 5314 10511 5343 10512 5342 10512 5344 10512 5263 10513 5354 10513 5360 10513 5263 10514 5360 10514 5264 10514 5311 10515 5355 10515 5361 10515 5311 10516 5361 10516 5362 10516 5311 10517 5362 10517 5356 10517 5302 10518 5301 10518 5355 10518 5356 10519 5362 10519 5357 10519 5357 10520 5362 10520 5363 10520 5357 10521 5363 10521 5358 10521 5358 10522 5364 10522 5256 10522 5358 10523 5256 10523 5359 10523 5358 10524 5363 10524 5365 10524 5358 10525 5365 10525 5366 10525 5358 10526 5366 10526 5367 10526 5358 10527 5367 10527 5368 10527 5358 10528 5368 10528 5369 10528 5358 10529 5369 10529 5364 10529 5256 10530 5364 10530 5369 10530 5256 10531 5369 10531 5257 10531 5258 10532 5257 10532 5369 10532 5258 10533 5369 10533 5314 10533 5314 10534 5370 10534 5315 10534 5314 10535 5369 10535 5370 10535 5344 10536 5342 10536 5345 10536 5342 10537 5341 10537 5371 10537 5342 10538 5371 10538 5372 10538 5342 10539 5372 10539 5373 10539 5342 10540 5373 10540 5345 10540 5264 10541 5360 10541 5374 10541 5264 10542 5374 10542 5265 10542 5354 10543 5353 10543 5375 10543 5354 10544 5375 10544 5360 10544 5355 10545 5301 10545 5376 10545 5355 10546 5376 10546 5377 10546 5355 10547 5377 10547 5361 10547 5361 10548 5377 10548 5378 10548 5361 10549 5378 10549 5365 10549 5361 10550 5365 10550 5362 10550 5362 10551 5365 10551 5363 10551 5301 10552 5300 10552 5376 10552 5365 10553 5378 10553 5366 10553 5366 10554 5378 10554 5379 10554 5366 10555 5379 10555 5380 10555 5366 10556 5380 10556 5381 10556 5366 10557 5381 10557 5382 10557 5366 10558 5382 10558 5383 10558 5366 10559 5383 10559 5384 10559 5366 10560 5384 10560 5368 10560 5366 10561 5368 10561 5367 10561 5368 10562 5384 10562 5385 10562 5368 10563 5385 10563 5369 10563 5369 10564 5385 10564 5370 10564 5370 10565 5385 10565 5315 10565 5315 10566 5385 10566 5316 10566 5345 10567 5373 10567 5386 10567 5345 10568 5386 10568 5346 10568 5341 10569 5340 10569 5371 10569 5372 10570 5371 10570 5387 10570 5372 10571 5387 10571 5388 10571 5372 10572 5388 10572 5373 10572 5373 10573 5388 10573 5386 10573 5360 10574 5375 10574 5389 10574 5360 10575 5389 10575 5374 10575 5265 10576 5374 10576 5390 10576 5265 10577 5390 10577 5266 10577 5353 10578 5352 10578 5375 10578 5375 10579 5391 10579 5392 10579 5375 10580 5392 10580 5393 10580 5375 10581 5393 10581 5394 10581 5375 10582 5394 10582 5389 10582 5375 10583 5352 10583 5391 10583 5376 10584 5299 10584 5395 10584 5376 10585 5395 10585 5396 10585 5376 10586 5396 10586 5377 10586 5376 10587 5300 10587 5299 10587 5377 10588 5396 10588 5378 10588 5378 10589 5396 10589 5379 10589 5379 10590 5396 10590 5380 10590 5380 10591 5396 10591 5397 10591 5380 10592 5397 10592 5398 10592 5380 10593 5398 10593 5381 10593 5381 10594 5398 10594 5399 10594 5381 10595 5399 10595 5400 10595 5381 10596 5400 10596 5382 10596 5382 10597 5400 10597 5401 10597 5382 10598 5401 10598 5383 10598 5383 10599 5401 10599 5402 10599 5383 10600 5402 10600 5384 10600 5384 10601 5402 10601 5403 10601 5384 10602 5403 10602 5319 10602 5384 10603 5319 10603 5318 10603 5384 10604 5318 10604 5385 10604 5385 10605 5318 10605 5317 10605 5385 10606 5317 10606 5316 10606 5346 10607 5386 10607 5404 10607 5346 10608 5404 10608 5347 10608 5386 10609 5388 10609 5405 10609 5386 10610 5405 10610 5406 10610 5386 10611 5406 10611 5407 10611 5386 10612 5407 10612 5404 10612 5340 10613 5339 10613 5408 10613 5340 10614 5408 10614 5409 10614 5340 10615 5409 10615 5371 10615 5371 10616 5409 10616 5387 10616 5388 10617 5387 10617 5405 10617 5374 10618 5389 10618 5410 10618 5374 10619 5410 10619 5390 10619 5266 10620 5390 10620 5411 10620 5266 10621 5411 10621 5267 10621 5352 10622 5351 10622 5391 10622 5391 10623 5412 10623 5413 10623 5391 10624 5413 10624 5414 10624 5391 10625 5414 10625 5392 10625 5391 10626 5351 10626 5350 10626 5391 10627 5350 10627 5412 10627 5392 10628 5414 10628 5415 10628 5392 10629 5415 10629 5393 10629 5393 10630 5415 10630 5416 10630 5393 10631 5416 10631 5394 10631 5389 10632 5394 10632 5417 10632 5389 10633 5417 10633 5410 10633 5299 10634 5298 10634 5395 10634 5395 10635 5298 10635 5297 10635 5395 10636 5297 10636 5418 10636 5395 10637 5418 10637 5396 10637 5396 10638 5418 10638 5397 10638 5397 10639 5418 10639 5398 10639 5398 10640 5419 10640 5420 10640 5398 10641 5420 10641 5421 10641 5398 10642 5421 10642 5399 10642 5398 10643 5418 10643 5419 10643 5399 10644 5421 10644 5422 10644 5399 10645 5422 10645 5400 10645 5400 10646 5422 10646 5423 10646 5400 10647 5423 10647 5424 10647 5400 10648 5424 10648 5425 10648 5400 10649 5425 10649 5426 10649 5400 10650 5426 10650 5401 10650 5401 10651 5427 10651 5402 10651 5401 10652 5426 10652 5428 10652 5401 10653 5428 10653 5325 10653 5401 10654 5325 10654 5324 10654 5401 10655 5324 10655 5427 10655 5402 10656 5427 10656 5322 10656 5402 10657 5322 10657 5321 10657 5402 10658 5321 10658 5403 10658 5403 10659 5321 10659 5320 10659 5403 10660 5320 10660 5319 10660 5347 10661 5404 10661 5429 10661 5347 10662 5429 10662 5348 10662 5404 10663 5407 10663 5430 10663 5404 10664 5430 10664 5431 10664 5404 10665 5431 10665 5429 10665 5405 10666 5387 10666 5432 10666 5405 10667 5432 10667 5433 10667 5405 10668 5433 10668 5406 10668 5406 10669 5433 10669 5430 10669 5406 10670 5430 10670 5407 10670 5339 10671 5338 10671 5434 10671 5339 10672 5434 10672 5408 10672 5408 10673 5435 10673 5409 10673 5408 10674 5434 10674 5436 10674 5408 10675 5436 10675 5437 10675 5408 10676 5437 10676 5435 10676 5409 10677 5435 10677 5387 10677 5387 10678 5435 10678 5432 10678 5390 10679 5410 10679 5438 10679 5390 10680 5438 10680 5411 10680 5267 10681 5411 10681 5268 10681 5412 10682 5429 10682 5413 10682 5412 10683 5350 10683 5349 10683 5412 10684 5349 10684 5348 10684 5412 10685 5348 10685 5429 10685 5413 10686 5429 10686 5414 10686 5414 10687 5430 10687 5439 10687 5414 10688 5439 10688 5433 10688 5414 10689 5433 10689 5415 10689 5414 10690 5429 10690 5431 10690 5414 10691 5431 10691 5430 10691 5415 10692 5433 10692 5416 10692 5394 10693 5416 10693 5417 10693 5410 10694 5417 10694 5440 10694 5410 10695 5440 10695 5438 10695 5418 10696 5297 10696 5296 10696 5418 10697 5296 10697 5419 10697 5419 10698 5294 10698 5420 10698 5419 10699 5296 10699 5295 10699 5419 10700 5295 10700 5294 10700 5420 10701 5441 10701 5421 10701 5420 10702 5294 10702 5293 10702 5420 10703 5293 10703 5292 10703 5420 10704 5292 10704 5442 10704 5420 10705 5442 10705 5441 10705 5421 10706 5441 10706 5422 10706 5422 10707 5443 10707 5423 10707 5422 10708 5441 10708 5443 10708 5423 10709 5443 10709 5424 10709 5424 10710 5443 10710 5444 10710 5424 10711 5444 10711 5445 10711 5424 10712 5445 10712 5446 10712 5424 10713 5446 10713 5447 10713 5424 10714 5447 10714 5425 10714 5425 10715 5447 10715 5448 10715 5425 10716 5448 10716 5449 10716 5425 10717 5449 10717 5426 10717 5426 10718 5449 10718 5450 10718 5426 10719 5450 10719 5327 10719 5426 10720 5327 10720 5326 10720 5426 10721 5326 10721 5325 10721 5426 10722 5325 10722 5428 10722 5427 10723 5323 10723 5322 10723 5427 10724 5324 10724 5323 10724 5430 10725 5433 10725 5439 10725 5432 10726 5435 10726 5451 10726 5432 10727 5451 10727 5433 10727 5433 10728 5451 10728 5452 10728 5433 10729 5452 10729 5416 10729 5338 10730 5337 10730 5453 10730 5338 10731 5453 10731 5434 10731 5434 10732 5453 10732 5454 10732 5434 10733 5454 10733 5436 10733 5435 10734 5437 10734 5451 10734 5436 10735 5454 10735 5455 10735 5436 10736 5455 10736 5456 10736 5436 10737 5456 10737 5457 10737 5436 10738 5457 10738 5458 10738 5436 10739 5458 10739 5459 10739 5436 10740 5459 10740 5437 10740 5437 10741 5459 10741 5460 10741 5437 10742 5460 10742 5461 10742 5437 10743 5461 10743 5451 10743 5411 10744 5438 10744 5462 10744 5411 10745 5462 10745 5463 10745 5411 10746 5463 10746 5268 10746 5268 10747 5463 10747 5269 10747 5416 10748 5452 10748 5440 10748 5416 10749 5440 10749 5417 10749 5440 10750 5452 10750 5464 10750 5440 10751 5464 10751 5462 10751 5440 10752 5462 10752 5438 10752 5441 10753 5442 10753 5443 10753 5442 10754 5465 10754 5443 10754 5442 10755 5292 10755 5291 10755 5442 10756 5291 10756 5465 10756 5443 10757 5465 10757 5466 10757 5443 10758 5466 10758 5444 10758 5444 10759 5466 10759 5467 10759 5444 10760 5467 10760 5445 10760 5445 10761 5447 10761 5446 10761 5445 10762 5467 10762 5468 10762 5445 10763 5468 10763 5469 10763 5445 10764 5469 10764 5470 10764 5445 10765 5470 10765 5471 10765 5445 10766 5471 10766 5472 10766 5445 10767 5472 10767 5447 10767 5447 10768 5472 10768 5471 10768 5447 10769 5471 10769 5455 10769 5447 10770 5455 10770 5448 10770 5448 10771 5455 10771 5473 10771 5448 10772 5473 10772 5449 10772 5449 10773 5473 10773 5474 10773 5449 10774 5474 10774 5330 10774 5449 10775 5330 10775 5329 10775 5449 10776 5329 10776 5328 10776 5449 10777 5328 10777 5327 10777 5449 10778 5327 10778 5450 10778 5451 10779 5461 10779 5452 10779 5452 10780 5461 10780 5460 10780 5452 10781 5460 10781 5464 10781 5337 10782 5336 10782 5453 10782 5453 10783 5336 10783 5335 10783 5453 10784 5335 10784 5454 10784 5454 10785 5335 10785 5475 10785 5454 10786 5475 10786 5476 10786 5454 10787 5476 10787 5455 10787 5455 10788 5476 10788 5473 10788 5455 10789 5471 10789 5477 10789 5455 10790 5477 10790 5478 10790 5455 10791 5478 10791 5456 10791 5456 10792 5478 10792 5479 10792 5456 10793 5479 10793 5480 10793 5456 10794 5480 10794 5481 10794 5456 10795 5481 10795 5457 10795 5457 10796 5481 10796 5482 10796 5457 10797 5482 10797 5458 10797 5458 10798 5483 10798 5459 10798 5458 10799 5482 10799 5484 10799 5458 10800 5484 10800 5483 10800 5459 10801 5484 10801 5485 10801 5459 10802 5485 10802 5460 10802 5459 10803 5483 10803 5484 10803 5460 10804 5486 10804 5462 10804 5460 10805 5462 10805 5464 10805 5460 10806 5485 10806 5487 10806 5460 10807 5487 10807 5486 10807 5462 10808 5486 10808 5488 10808 5462 10809 5488 10809 5463 10809 5463 10810 5488 10810 5270 10810 5463 10811 5270 10811 5269 10811 5465 10812 5291 10812 5290 10812 5465 10813 5290 10813 5466 10813 5466 10814 5290 10814 5289 10814 5466 10815 5289 10815 5489 10815 5466 10816 5489 10816 5467 10816 5467 10817 5489 10817 5468 10817 5468 10818 5489 10818 5490 10818 5468 10819 5490 10819 5491 10819 5468 10820 5491 10820 5469 10820 5469 10821 5491 10821 5492 10821 5469 10822 5492 10822 5470 10822 5470 10823 5492 10823 5493 10823 5470 10824 5493 10824 5494 10824 5470 10825 5494 10825 5477 10825 5470 10826 5477 10826 5471 10826 5473 10827 5476 10827 5495 10827 5473 10828 5495 10828 5474 10828 5474 10829 5495 10829 5331 10829 5474 10830 5331 10830 5330 10830 5335 10831 5334 10831 5476 10831 5335 10832 5476 10832 5475 10832 5476 10833 5333 10833 5332 10833 5476 10834 5332 10834 5495 10834 5476 10835 5334 10835 5333 10835 5477 10836 5494 10836 5478 10836 5478 10837 5494 10837 5479 10837 5479 10838 5494 10838 5493 10838 5479 10839 5493 10839 5496 10839 5479 10840 5496 10840 5497 10840 5479 10841 5497 10841 5480 10841 5480 10842 5497 10842 5498 10842 5480 10843 5498 10843 5481 10843 5481 10844 5498 10844 5499 10844 5481 10845 5499 10845 5482 10845 5482 10846 5499 10846 5500 10846 5482 10847 5500 10847 5501 10847 5482 10848 5501 10848 5484 10848 5484 10849 5502 10849 5487 10849 5484 10850 5487 10850 5485 10850 5484 10851 5501 10851 5502 10851 5486 10852 5487 10852 5503 10852 5486 10853 5503 10853 5488 10853 5487 10854 5502 10854 5503 10854 5488 10855 5271 10855 5270 10855 5488 10856 5503 10856 5272 10856 5488 10857 5272 10857 5271 10857 5289 10858 5288 10858 5489 10858 5489 10859 5287 10859 5490 10859 5489 10860 5288 10860 5287 10860 5490 10861 5286 10861 5285 10861 5490 10862 5285 10862 5491 10862 5490 10863 5287 10863 5286 10863 5491 10864 5284 10864 5283 10864 5491 10865 5283 10865 5492 10865 5491 10866 5285 10866 5284 10866 5492 10867 5282 10867 5281 10867 5492 10868 5281 10868 5493 10868 5492 10869 5283 10869 5282 10869 5495 10870 5332 10870 5331 10870 5493 10871 5281 10871 5280 10871 5493 10872 5280 10872 5496 10872 5496 10873 5280 10873 5279 10873 5496 10874 5279 10874 5278 10874 5496 10875 5278 10875 5497 10875 5497 10876 5278 10876 5277 10876 5497 10877 5277 10877 5498 10877 5498 10878 5277 10878 5276 10878 5498 10879 5276 10879 5499 10879 5499 10880 5276 10880 5275 10880 5499 10881 5275 10881 5500 10881 5500 10882 5274 10882 5504 10882 5500 10883 5504 10883 5502 10883 5500 10884 5502 10884 5501 10884 5500 10885 5275 10885 5274 10885 5502 10886 5504 10886 5503 10886 5503 10887 5504 10887 5273 10887 5503 10888 5273 10888 5272 10888 5274 10889 5273 10889 5504 10889 5505 10890 5506 10890 5507 10890 5505 10891 5507 10891 5508 10891 5505 10892 5508 10892 5509 10892 5505 10893 5509 10893 5510 10893 5505 10894 5510 10894 5511 10894 5505 10895 5511 10895 5512 10895 5505 10896 5512 10896 5513 10896 5505 10897 5513 10897 5514 10897 5505 10898 5514 10898 5515 10898 5505 10899 5515 10899 5516 10899 5505 10900 5516 10900 5517 10900 5505 10901 5517 10901 5518 10901 5505 10902 5518 10902 5519 10902 5505 10903 5519 10903 5520 10903 5505 10904 5520 10904 5521 10904 5505 10905 5521 10905 5522 10905 5505 10906 5522 10906 5523 10906 5505 10907 5523 10907 5524 10907 5505 10908 5524 10908 5525 10908 5505 10909 5525 10909 5526 10909 5505 10910 5526 10910 5527 10910 5505 10911 5527 10911 5506 10911 5506 10912 5527 10912 5507 10912 5508 10913 5528 10913 5509 10913 5508 10914 5507 10914 5529 10914 5508 10915 5529 10915 5530 10915 5508 10916 5530 10916 5531 10916 5508 10917 5531 10917 5532 10917 5508 10918 5532 10918 5533 10918 5508 10919 5533 10919 5534 10919 5508 10920 5534 10920 5535 10920 5508 10921 5535 10921 5536 10921 5508 10922 5536 10922 5537 10922 5508 10923 5537 10923 5538 10923 5508 10924 5538 10924 5539 10924 5508 10925 5539 10925 5540 10925 5508 10926 5540 10926 5541 10926 5508 10927 5541 10927 5542 10927 5508 10928 5542 10928 5543 10928 5508 10929 5543 10929 5528 10929 5509 10930 5528 10930 5544 10930 5509 10931 5544 10931 5510 10931 5510 10932 5544 10932 5512 10932 5510 10933 5512 10933 5511 10933 5527 10934 5526 10934 5507 10934 5507 10935 5526 10935 5525 10935 5507 10936 5525 10936 5524 10936 5507 10937 5524 10937 5523 10937 5507 10938 5523 10938 5545 10938 5507 10939 5545 10939 5529 10939 5528 10940 5543 10940 5546 10940 5528 10941 5546 10941 5544 10941 5544 10942 5546 10942 5547 10942 5544 10943 5547 10943 5512 10943 5512 10944 5547 10944 5513 10944 5529 10945 5545 10945 5548 10945 5529 10946 5548 10946 5549 10946 5529 10947 5549 10947 5550 10947 5529 10948 5550 10948 5551 10948 5529 10949 5551 10949 5552 10949 5529 10950 5552 10950 5553 10950 5529 10951 5553 10951 5554 10951 5529 10952 5554 10952 5555 10952 5529 10953 5555 10953 5556 10953 5529 10954 5556 10954 5557 10954 5529 10955 5557 10955 5558 10955 5529 10956 5558 10956 5559 10956 5529 10957 5559 10957 5530 10957 5543 10958 5542 10958 5560 10958 5543 10959 5560 10959 5561 10959 5543 10960 5561 10960 5546 10960 5546 10961 5561 10961 5562 10961 5546 10962 5562 10962 5547 10962 5547 10963 5562 10963 5513 10963 5513 10964 5563 10964 5564 10964 5513 10965 5564 10965 5514 10965 5513 10966 5562 10966 5563 10966 5523 10967 5522 10967 5565 10967 5523 10968 5565 10968 5566 10968 5523 10969 5566 10969 5567 10969 5523 10970 5567 10970 5568 10970 5523 10971 5568 10971 5569 10971 5523 10972 5569 10972 5531 10972 5523 10973 5531 10973 5530 10973 5523 10974 5530 10974 5559 10974 5523 10975 5559 10975 5558 10975 5523 10976 5558 10976 5557 10976 5523 10977 5557 10977 5556 10977 5523 10978 5556 10978 5555 10978 5523 10979 5555 10979 5554 10979 5523 10980 5554 10980 5553 10980 5523 10981 5553 10981 5552 10981 5523 10982 5552 10982 5551 10982 5523 10983 5551 10983 5550 10983 5523 10984 5550 10984 5549 10984 5523 10985 5549 10985 5548 10985 5523 10986 5548 10986 5545 10986 5542 10987 5541 10987 5570 10987 5542 10988 5570 10988 5560 10988 5560 10989 5570 10989 5571 10989 5560 10990 5571 10990 5561 10990 5561 10991 5571 10991 5563 10991 5561 10992 5563 10992 5562 10992 5563 10993 5571 10993 5572 10993 5563 10994 5572 10994 5564 10994 5564 10995 5572 10995 5514 10995 5514 10996 5572 10996 5515 10996 5522 10997 5521 10997 5573 10997 5522 10998 5573 10998 5574 10998 5522 10999 5574 10999 5565 10999 5531 11000 5569 11000 5532 11000 5541 11001 5540 11001 5575 11001 5541 11002 5575 11002 5570 11002 5570 11003 5575 11003 5576 11003 5570 11004 5576 11004 5577 11004 5570 11005 5577 11005 5572 11005 5570 11006 5572 11006 5571 11006 5572 11007 5577 11007 5515 11007 5515 11008 5577 11008 5578 11008 5515 11009 5578 11009 5516 11009 5521 11010 5520 11010 5573 11010 5573 11011 5520 11011 5574 11011 5574 11012 5520 11012 5519 11012 5574 11013 5519 11013 5579 11013 5574 11014 5579 11014 5580 11014 5574 11015 5580 11015 5581 11015 5574 11016 5581 11016 5582 11016 5574 11017 5582 11017 5583 11017 5574 11018 5583 11018 5566 11018 5574 11019 5566 11019 5565 11019 5569 11020 5568 11020 5583 11020 5569 11021 5583 11021 5532 11021 5532 11022 5583 11022 5533 11022 5540 11023 5539 11023 5575 11023 5575 11024 5539 11024 5584 11024 5575 11025 5584 11025 5585 11025 5575 11026 5585 11026 5576 11026 5576 11027 5585 11027 5586 11027 5576 11028 5586 11028 5587 11028 5576 11029 5587 11029 5577 11029 5577 11030 5587 11030 5588 11030 5577 11031 5588 11031 5578 11031 5516 11032 5578 11032 5589 11032 5516 11033 5589 11033 5590 11033 5516 11034 5590 11034 5517 11034 5578 11035 5588 11035 5589 11035 5519 11036 5518 11036 5579 11036 5579 11037 5518 11037 5517 11037 5579 11038 5517 11038 5591 11038 5579 11039 5591 11039 5580 11039 5580 11040 5592 11040 5586 11040 5580 11041 5586 11041 5593 11041 5580 11042 5593 11042 5594 11042 5580 11043 5594 11043 5581 11043 5580 11044 5591 11044 5590 11044 5580 11045 5590 11045 5592 11045 5581 11046 5594 11046 5595 11046 5581 11047 5595 11047 5582 11047 5582 11048 5595 11048 5596 11048 5582 11049 5596 11049 5583 11049 5583 11050 5596 11050 5533 11050 5583 11051 5568 11051 5567 11051 5583 11052 5567 11052 5566 11052 5533 11053 5596 11053 5534 11053 5539 11054 5538 11054 5584 11054 5584 11055 5538 11055 5597 11055 5584 11056 5597 11056 5585 11056 5585 11057 5597 11057 5595 11057 5585 11058 5595 11058 5586 11058 5586 11059 5592 11059 5598 11059 5586 11060 5598 11060 5588 11060 5586 11061 5588 11061 5587 11061 5586 11062 5595 11062 5593 11062 5588 11063 5598 11063 5589 11063 5517 11064 5590 11064 5591 11064 5589 11065 5598 11065 5590 11065 5590 11066 5598 11066 5592 11066 5593 11067 5595 11067 5594 11067 5595 11068 5597 11068 5596 11068 5596 11069 5597 11069 5538 11069 5596 11070 5538 11070 5537 11070 5596 11071 5537 11071 5536 11071 5596 11072 5536 11072 5535 11072 5596 11073 5535 11073 5534 11073 5599 11074 5600 11074 5601 11074 5599 11075 5601 11075 5602 11075 5599 11076 5602 11076 5603 11076 5599 11077 5603 11077 5604 11077 5599 11078 5604 11078 5605 11078 5599 11079 5605 11079 5606 11079 5599 11080 5606 11080 5607 11080 5599 11081 5607 11081 5608 11081 5599 11082 5608 11082 5609 11082 5599 11083 5609 11083 5610 11083 5599 11084 5610 11084 5611 11084 5599 11085 5611 11085 5612 11085 5599 11086 5612 11086 5613 11086 5599 11087 5613 11087 5614 11087 5599 11088 5614 11088 5615 11088 5599 11089 5615 11089 5616 11089 5599 11090 5616 11090 5617 11090 5599 11091 5617 11091 5618 11091 5599 11092 5618 11092 5619 11092 5599 11093 5619 11093 5620 11093 5599 11094 5620 11094 5621 11094 5599 11095 5621 11095 5600 11095 5600 11096 5621 11096 5622 11096 5600 11097 5622 11097 5623 11097 5600 11098 5623 11098 5624 11098 5600 11099 5624 11099 5625 11099 5600 11100 5625 11100 5626 11100 5600 11101 5626 11101 5627 11101 5600 11102 5627 11102 5628 11102 5600 11103 5628 11103 5629 11103 5600 11104 5629 11104 5630 11104 5600 11105 5630 11105 5631 11105 5600 11106 5631 11106 5632 11106 5600 11107 5632 11107 5633 11107 5600 11108 5633 11108 5634 11108 5600 11109 5634 11109 5635 11109 5600 11110 5635 11110 5601 11110 5619 11111 5618 11111 5636 11111 5619 11112 5636 11112 5637 11112 5619 11113 5637 11113 5638 11113 5619 11114 5638 11114 5639 11114 5619 11115 5639 11115 5640 11115 5619 11116 5640 11116 5620 11116 5620 11117 5640 11117 5622 11117 5620 11118 5622 11118 5621 11118 5601 11119 5635 11119 5602 11119 5618 11120 5617 11120 5641 11120 5618 11121 5641 11121 5636 11121 5636 11122 5641 11122 5637 11122 5637 11123 5642 11123 5638 11123 5637 11124 5641 11124 5643 11124 5637 11125 5643 11125 5644 11125 5637 11126 5644 11126 5642 11126 5638 11127 5642 11127 5639 11127 5639 11128 5645 11128 5646 11128 5639 11129 5646 11129 5640 11129 5639 11130 5642 11130 5644 11130 5639 11131 5644 11131 5645 11131 5640 11132 5646 11132 5623 11132 5640 11133 5623 11133 5622 11133 5635 11134 5634 11134 5602 11134 5602 11135 5634 11135 5603 11135 5617 11136 5616 11136 5647 11136 5617 11137 5647 11137 5641 11137 5641 11138 5647 11138 5648 11138 5641 11139 5648 11139 5643 11139 5643 11140 5649 11140 5650 11140 5643 11141 5650 11141 5651 11141 5643 11142 5651 11142 5652 11142 5643 11143 5652 11143 5644 11143 5643 11144 5648 11144 5653 11144 5643 11145 5653 11145 5649 11145 5644 11146 5654 11146 5645 11146 5644 11147 5652 11147 5654 11147 5645 11148 5624 11148 5646 11148 5645 11149 5654 11149 5624 11149 5646 11150 5624 11150 5623 11150 5634 11151 5633 11151 5604 11151 5634 11152 5604 11152 5603 11152 5616 11153 5615 11153 5647 11153 5647 11154 5615 11154 5655 11154 5647 11155 5655 11155 5656 11155 5647 11156 5656 11156 5649 11156 5647 11157 5649 11157 5648 11157 5648 11158 5649 11158 5653 11158 5649 11159 5651 11159 5650 11159 5649 11160 5656 11160 5651 11160 5651 11161 5656 11161 5657 11161 5651 11162 5657 11162 5658 11162 5651 11163 5658 11163 5659 11163 5651 11164 5659 11164 5652 11164 5652 11165 5660 11165 5654 11165 5652 11166 5659 11166 5661 11166 5652 11167 5661 11167 5662 11167 5652 11168 5662 11168 5660 11168 5654 11169 5660 11169 5626 11169 5654 11170 5626 11170 5625 11170 5654 11171 5625 11171 5624 11171 5633 11172 5632 11172 5604 11172 5604 11173 5632 11173 5605 11173 5615 11174 5614 11174 5663 11174 5615 11175 5663 11175 5664 11175 5615 11176 5664 11176 5665 11176 5615 11177 5665 11177 5655 11177 5655 11178 5665 11178 5664 11178 5655 11179 5664 11179 5666 11179 5655 11180 5666 11180 5656 11180 5656 11181 5666 11181 5657 11181 5657 11182 5667 11182 5668 11182 5657 11183 5668 11183 5669 11183 5657 11184 5669 11184 5658 11184 5657 11185 5666 11185 5667 11185 5658 11186 5670 11186 5671 11186 5658 11187 5671 11187 5672 11187 5658 11188 5672 11188 5673 11188 5658 11189 5673 11189 5674 11189 5658 11190 5674 11190 5629 11190 5658 11191 5629 11191 5628 11191 5658 11192 5628 11192 5662 11192 5658 11193 5662 11193 5661 11193 5658 11194 5661 11194 5659 11194 5658 11195 5669 11195 5670 11195 5660 11196 5627 11196 5626 11196 5660 11197 5662 11197 5628 11197 5660 11198 5628 11198 5627 11198 5632 11199 5631 11199 5605 11199 5605 11200 5631 11200 5674 11200 5605 11201 5674 11201 5606 11201 5614 11202 5613 11202 5663 11202 5663 11203 5675 11203 5664 11203 5663 11204 5613 11204 5675 11204 5664 11205 5675 11205 5667 11205 5664 11206 5667 11206 5666 11206 5667 11207 5675 11207 5676 11207 5667 11208 5676 11208 5668 11208 5668 11209 5676 11209 5677 11209 5668 11210 5677 11210 5678 11210 5668 11211 5678 11211 5669 11211 5669 11212 5679 11212 5680 11212 5669 11213 5680 11213 5681 11213 5669 11214 5681 11214 5682 11214 5669 11215 5682 11215 5683 11215 5669 11216 5683 11216 5670 11216 5669 11217 5678 11217 5679 11217 5670 11218 5683 11218 5671 11218 5631 11219 5630 11219 5674 11219 5674 11220 5673 11220 5684 11220 5674 11221 5684 11221 5685 11221 5674 11222 5685 11222 5686 11222 5674 11223 5686 11223 5687 11223 5674 11224 5687 11224 5688 11224 5674 11225 5688 11225 5689 11225 5674 11226 5689 11226 5690 11226 5674 11227 5690 11227 5607 11227 5674 11228 5607 11228 5606 11228 5674 11229 5630 11229 5629 11229 5613 11230 5612 11230 5691 11230 5613 11231 5691 11231 5692 11231 5613 11232 5692 11232 5675 11232 5675 11233 5692 11233 5693 11233 5675 11234 5693 11234 5694 11234 5675 11235 5694 11235 5676 11235 5676 11236 5694 11236 5677 11236 5677 11237 5694 11237 5693 11237 5677 11238 5693 11238 5678 11238 5678 11239 5693 11239 5692 11239 5678 11240 5692 11240 5695 11240 5678 11241 5695 11241 5696 11241 5678 11242 5696 11242 5697 11242 5678 11243 5697 11243 5679 11243 5679 11244 5697 11244 5680 11244 5680 11245 5697 11245 5698 11245 5680 11246 5698 11246 5699 11246 5680 11247 5699 11247 5682 11247 5680 11248 5682 11248 5681 11248 5682 11249 5699 11249 5686 11249 5682 11250 5686 11250 5685 11250 5682 11251 5685 11251 5683 11251 5683 11252 5685 11252 5684 11252 5683 11253 5684 11253 5673 11253 5683 11254 5673 11254 5672 11254 5683 11255 5672 11255 5671 11255 5607 11256 5690 11256 5608 11256 5612 11257 5611 11257 5696 11257 5612 11258 5696 11258 5695 11258 5612 11259 5695 11259 5692 11259 5612 11260 5692 11260 5691 11260 5696 11261 5700 11261 5697 11261 5696 11262 5611 11262 5610 11262 5696 11263 5610 11263 5700 11263 5697 11264 5701 11264 5698 11264 5697 11265 5700 11265 5702 11265 5697 11266 5702 11266 5701 11266 5698 11267 5701 11267 5699 11267 5699 11268 5701 11268 5686 11268 5686 11269 5701 11269 5687 11269 5690 11270 5689 11270 5608 11270 5608 11271 5703 11271 5609 11271 5608 11272 5689 11272 5703 11272 5700 11273 5610 11273 5703 11273 5700 11274 5703 11274 5702 11274 5610 11275 5609 11275 5703 11275 5701 11276 5704 11276 5688 11276 5701 11277 5688 11277 5687 11277 5701 11278 5702 11278 5703 11278 5701 11279 5703 11279 5705 11279 5701 11280 5705 11280 5704 11280 5689 11281 5688 11281 5703 11281 5703 11282 5688 11282 5705 11282 5704 11283 5705 11283 5688 11283 5706 11284 5707 11284 5708 11284 5706 11285 5708 11285 5709 11285 5706 11286 5709 11286 5710 11286 5706 11287 5710 11287 5711 11287 5706 11288 5711 11288 5712 11288 5706 11289 5712 11289 5713 11289 5706 11290 5713 11290 5714 11290 5706 11291 5714 11291 5715 11291 5706 11292 5715 11292 5716 11292 5706 11293 5716 11293 5717 11293 5706 11294 5717 11294 5718 11294 5706 11295 5718 11295 5719 11295 5706 11296 5719 11296 5720 11296 5706 11297 5720 11297 5721 11297 5706 11298 5721 11298 5707 11298 5707 11299 5721 11299 5708 11299 5711 11300 5710 11300 5712 11300 5716 11301 5715 11301 5722 11301 5716 11302 5722 11302 5723 11302 5716 11303 5723 11303 5724 11303 5716 11304 5724 11304 5725 11304 5716 11305 5725 11305 5726 11305 5716 11306 5726 11306 5727 11306 5716 11307 5727 11307 5728 11307 5716 11308 5728 11308 5729 11308 5716 11309 5729 11309 5717 11309 5708 11310 5721 11310 5720 11310 5708 11311 5720 11311 5730 11311 5708 11312 5730 11312 5731 11312 5708 11313 5731 11313 5732 11313 5708 11314 5732 11314 5733 11314 5708 11315 5733 11315 5734 11315 5708 11316 5734 11316 5735 11316 5708 11317 5735 11317 5736 11317 5708 11318 5736 11318 5737 11318 5708 11319 5737 11319 5709 11319 5710 11320 5709 11320 5737 11320 5710 11321 5737 11321 5738 11321 5710 11322 5738 11322 5739 11322 5710 11323 5739 11323 5740 11323 5710 11324 5740 11324 5741 11324 5710 11325 5741 11325 5722 11325 5710 11326 5722 11326 5742 11326 5710 11327 5742 11327 5713 11327 5710 11328 5713 11328 5712 11328 5715 11329 5714 11329 5722 11329 5722 11330 5741 11330 5723 11330 5722 11331 5714 11331 5742 11331 5723 11332 5741 11332 5743 11332 5723 11333 5743 11333 5744 11333 5723 11334 5744 11334 5724 11334 5724 11335 5744 11335 5726 11335 5724 11336 5726 11336 5725 11336 5726 11337 5744 11337 5745 11337 5726 11338 5745 11338 5746 11338 5726 11339 5746 11339 5728 11339 5726 11340 5728 11340 5727 11340 5728 11341 5746 11341 5747 11341 5728 11342 5747 11342 5729 11342 5729 11343 5747 11343 5748 11343 5729 11344 5748 11344 5718 11344 5729 11345 5718 11345 5717 11345 5720 11346 5719 11346 5730 11346 5713 11347 5742 11347 5714 11347 5741 11348 5740 11348 5743 11348 5743 11349 5740 11349 5739 11349 5743 11350 5739 11350 5736 11350 5743 11351 5736 11351 5749 11351 5743 11352 5749 11352 5750 11352 5743 11353 5750 11353 5745 11353 5743 11354 5745 11354 5744 11354 5746 11355 5745 11355 5750 11355 5746 11356 5750 11356 5751 11356 5746 11357 5751 11357 5747 11357 5747 11358 5752 11358 5732 11358 5747 11359 5732 11359 5748 11359 5747 11360 5751 11360 5752 11360 5748 11361 5732 11361 5731 11361 5748 11362 5731 11362 5719 11362 5748 11363 5719 11363 5718 11363 5737 11364 5736 11364 5738 11364 5719 11365 5731 11365 5730 11365 5739 11366 5738 11366 5736 11366 5736 11367 5735 11367 5749 11367 5749 11368 5735 11368 5750 11368 5750 11369 5735 11369 5734 11369 5750 11370 5734 11370 5733 11370 5750 11371 5733 11371 5751 11371 5751 11372 5733 11372 5752 11372 5752 11373 5733 11373 5732 11373 5753 11374 5754 11374 5755 11374 5753 11375 5755 11375 5756 11375 5753 11376 5756 11376 5757 11376 5753 11377 5757 11377 5758 11377 5753 11378 5758 11378 5759 11378 5753 11379 5759 11379 5760 11379 5753 11380 5760 11380 5761 11380 5753 11381 5761 11381 5762 11381 5753 11382 5762 11382 5763 11382 5753 11383 5763 11383 5764 11383 5753 11384 5764 11384 5765 11384 5753 11385 5765 11385 5766 11385 5753 11386 5766 11386 5767 11386 5753 11387 5767 11387 5768 11387 5753 11388 5768 11388 5769 11388 5753 11389 5769 11389 5770 11389 5753 11390 5770 11390 5771 11390 5753 11391 5771 11391 5772 11391 5753 11392 5772 11392 5773 11392 5753 11393 5773 11393 5774 11393 5753 11394 5774 11394 5775 11394 5753 11395 5775 11395 5776 11395 5753 11396 5776 11396 5777 11396 5753 11397 5777 11397 5778 11397 5753 11398 5778 11398 5779 11398 5753 11399 5779 11399 5754 11399 5754 11400 5779 11400 5780 11400 5754 11401 5780 11401 5755 11401 5755 11402 5781 11402 5782 11402 5755 11403 5782 11403 5756 11403 5755 11404 5780 11404 5783 11404 5755 11405 5783 11405 5781 11405 5756 11406 5782 11406 5784 11406 5756 11407 5784 11407 5757 11407 5757 11408 5784 11408 5758 11408 5779 11409 5785 11409 5780 11409 5779 11410 5778 11410 5785 11410 5780 11411 5785 11411 5783 11411 5781 11412 5786 11412 5782 11412 5781 11413 5783 11413 5787 11413 5781 11414 5787 11414 5788 11414 5781 11415 5788 11415 5789 11415 5781 11416 5789 11416 5786 11416 5782 11417 5790 11417 5791 11417 5782 11418 5791 11418 5792 11418 5782 11419 5792 11419 5784 11419 5782 11420 5786 11420 5790 11420 5783 11421 5785 11421 5793 11421 5783 11422 5793 11422 5787 11422 5784 11423 5792 11423 5794 11423 5784 11424 5794 11424 5795 11424 5784 11425 5795 11425 5758 11425 5758 11426 5795 11426 5759 11426 5785 11427 5778 11427 5777 11427 5785 11428 5777 11428 5796 11428 5785 11429 5796 11429 5793 11429 5786 11430 5797 11430 5798 11430 5786 11431 5798 11431 5799 11431 5786 11432 5799 11432 5790 11432 5786 11433 5789 11433 5800 11433 5786 11434 5800 11434 5797 11434 5787 11435 5796 11435 5801 11435 5787 11436 5801 11436 5802 11436 5787 11437 5802 11437 5788 11437 5787 11438 5793 11438 5796 11438 5788 11439 5802 11439 5789 11439 5790 11440 5799 11440 5803 11440 5790 11441 5803 11441 5804 11441 5790 11442 5804 11442 5805 11442 5790 11443 5805 11443 5806 11443 5790 11444 5806 11444 5791 11444 5791 11445 5806 11445 5792 11445 5792 11446 5806 11446 5807 11446 5792 11447 5807 11447 5794 11447 5794 11448 5807 11448 5808 11448 5794 11449 5808 11449 5760 11449 5794 11450 5760 11450 5759 11450 5794 11451 5759 11451 5795 11451 5777 11452 5776 11452 5796 11452 5796 11453 5776 11453 5775 11453 5796 11454 5775 11454 5801 11454 5797 11455 5809 11455 5810 11455 5797 11456 5810 11456 5811 11456 5797 11457 5811 11457 5798 11457 5797 11458 5800 11458 5809 11458 5798 11459 5812 11459 5813 11459 5798 11460 5813 11460 5799 11460 5798 11461 5811 11461 5769 11461 5798 11462 5769 11462 5812 11462 5799 11463 5813 11463 5814 11463 5799 11464 5814 11464 5803 11464 5789 11465 5802 11465 5815 11465 5789 11466 5815 11466 5800 11466 5800 11467 5815 11467 5816 11467 5800 11468 5816 11468 5817 11468 5800 11469 5817 11469 5809 11469 5801 11470 5775 11470 5774 11470 5801 11471 5774 11471 5802 11471 5802 11472 5774 11472 5773 11472 5802 11473 5773 11473 5772 11473 5802 11474 5772 11474 5815 11474 5803 11475 5814 11475 5818 11475 5803 11476 5818 11476 5804 11476 5804 11477 5819 11477 5805 11477 5804 11478 5818 11478 5819 11478 5805 11479 5819 11479 5820 11479 5805 11480 5820 11480 5821 11480 5805 11481 5821 11481 5806 11481 5806 11482 5821 11482 5808 11482 5806 11483 5808 11483 5807 11483 5808 11484 5821 11484 5762 11484 5808 11485 5762 11485 5761 11485 5808 11486 5761 11486 5760 11486 5809 11487 5817 11487 5810 11487 5810 11488 5817 11488 5769 11488 5810 11489 5769 11489 5811 11489 5812 11490 5769 11490 5768 11490 5812 11491 5768 11491 5822 11491 5812 11492 5822 11492 5813 11492 5813 11493 5822 11493 5768 11493 5813 11494 5768 11494 5767 11494 5813 11495 5767 11495 5814 11495 5769 11496 5817 11496 5770 11496 5814 11497 5767 11497 5818 11497 5815 11498 5772 11498 5816 11498 5816 11499 5772 11499 5771 11499 5816 11500 5771 11500 5817 11500 5817 11501 5771 11501 5770 11501 5818 11502 5767 11502 5819 11502 5819 11503 5767 11503 5766 11503 5819 11504 5766 11504 5765 11504 5819 11505 5765 11505 5764 11505 5819 11506 5764 11506 5820 11506 5820 11507 5764 11507 5763 11507 5820 11508 5763 11508 5821 11508 5821 11509 5763 11509 5762 11509 5823 11510 5824 11510 5825 11510 5823 11511 5825 11511 5826 11511 5823 11512 5826 11512 5827 11512 5823 11513 5827 11513 5828 11513 5823 11514 5828 11514 5829 11514 5823 11515 5829 11515 5830 11515 5823 11516 5830 11516 5831 11516 5823 11517 5831 11517 5832 11517 5823 11518 5832 11518 5833 11518 5823 11519 5833 11519 5834 11519 5823 11520 5834 11520 5835 11520 5823 11521 5835 11521 5836 11521 5823 11522 5836 11522 5837 11522 5823 11523 5837 11523 5838 11523 5823 11524 5838 11524 5839 11524 5823 11525 5839 11525 5840 11525 5823 11526 5840 11526 5841 11526 5823 11527 5841 11527 5842 11527 5823 11528 5842 11528 5843 11528 5823 11529 5843 11529 5844 11529 5823 11530 5844 11530 5845 11530 5823 11531 5845 11531 5846 11531 5823 11532 5846 11532 5847 11532 5823 11533 5847 11533 5848 11533 5823 11534 5848 11534 5849 11534 5823 11535 5849 11535 5850 11535 5823 11536 5850 11536 5851 11536 5823 11537 5851 11537 5852 11537 5823 11538 5852 11538 5853 11538 5823 11539 5853 11539 5854 11539 5823 11540 5854 11540 5824 11540 5824 11541 5854 11541 5855 11541 5824 11542 5855 11542 5856 11542 5824 11543 5856 11543 5857 11543 5824 11544 5857 11544 5825 11544 5848 11545 5847 11545 5858 11545 5848 11546 5858 11546 5859 11546 5848 11547 5859 11547 5860 11547 5848 11548 5860 11548 5849 11548 5849 11549 5860 11549 5850 11549 5850 11550 5860 11550 5851 11550 5854 11551 5853 11551 5861 11551 5854 11552 5861 11552 5862 11552 5854 11553 5862 11553 5863 11553 5854 11554 5863 11554 5864 11554 5854 11555 5864 11555 5865 11555 5854 11556 5865 11556 5866 11556 5854 11557 5866 11557 5867 11557 5854 11558 5867 11558 5868 11558 5854 11559 5868 11559 5869 11559 5854 11560 5869 11560 5870 11560 5854 11561 5870 11561 5871 11561 5854 11562 5871 11562 5872 11562 5854 11563 5872 11563 5873 11563 5854 11564 5873 11564 5874 11564 5854 11565 5874 11565 5875 11565 5854 11566 5875 11566 5876 11566 5854 11567 5876 11567 5877 11567 5854 11568 5877 11568 5855 11568 5825 11569 5857 11569 5826 11569 5847 11570 5846 11570 5878 11570 5847 11571 5878 11571 5858 11571 5858 11572 5878 11572 5879 11572 5858 11573 5879 11573 5859 11573 5859 11574 5879 11574 5880 11574 5859 11575 5880 11575 5860 11575 5860 11576 5880 11576 5881 11576 5860 11577 5881 11577 5882 11577 5860 11578 5882 11578 5851 11578 5851 11579 5882 11579 5852 11579 5853 11580 5852 11580 5883 11580 5853 11581 5883 11581 5861 11581 5855 11582 5877 11582 5832 11582 5855 11583 5832 11583 5831 11583 5855 11584 5831 11584 5830 11584 5855 11585 5830 11585 5856 11585 5857 11586 5856 11586 5827 11586 5857 11587 5827 11587 5826 11587 5846 11588 5845 11588 5884 11588 5846 11589 5884 11589 5885 11589 5846 11590 5885 11590 5878 11590 5878 11591 5885 11591 5879 11591 5879 11592 5885 11592 5886 11592 5879 11593 5886 11593 5880 11593 5880 11594 5886 11594 5887 11594 5880 11595 5887 11595 5881 11595 5881 11596 5887 11596 5888 11596 5881 11597 5888 11597 5889 11597 5881 11598 5889 11598 5882 11598 5882 11599 5889 11599 5890 11599 5882 11600 5890 11600 5852 11600 5852 11601 5890 11601 5883 11601 5883 11602 5890 11602 5861 11602 5861 11603 5890 11603 5862 11603 5877 11604 5876 11604 5891 11604 5877 11605 5891 11605 5832 11605 5832 11606 5891 11606 5833 11606 5830 11607 5829 11607 5856 11607 5856 11608 5829 11608 5828 11608 5856 11609 5828 11609 5827 11609 5845 11610 5844 11610 5892 11610 5845 11611 5892 11611 5884 11611 5884 11612 5892 11612 5893 11612 5884 11613 5893 11613 5885 11613 5885 11614 5893 11614 5894 11614 5885 11615 5894 11615 5886 11615 5886 11616 5895 11616 5887 11616 5886 11617 5894 11617 5895 11617 5887 11618 5895 11618 5896 11618 5887 11619 5896 11619 5888 11619 5888 11620 5896 11620 5897 11620 5888 11621 5897 11621 5889 11621 5889 11622 5897 11622 5898 11622 5889 11623 5898 11623 5890 11623 5890 11624 5898 11624 5899 11624 5890 11625 5899 11625 5862 11625 5862 11626 5899 11626 5863 11626 5876 11627 5875 11627 5900 11627 5876 11628 5900 11628 5901 11628 5876 11629 5901 11629 5902 11629 5876 11630 5902 11630 5834 11630 5876 11631 5834 11631 5833 11631 5876 11632 5833 11632 5891 11632 5844 11633 5843 11633 5892 11633 5892 11634 5843 11634 5903 11634 5892 11635 5903 11635 5904 11635 5892 11636 5904 11636 5905 11636 5892 11637 5905 11637 5893 11637 5893 11638 5905 11638 5894 11638 5894 11639 5905 11639 5904 11639 5894 11640 5904 11640 5906 11640 5894 11641 5906 11641 5907 11641 5894 11642 5907 11642 5908 11642 5894 11643 5908 11643 5909 11643 5894 11644 5909 11644 5895 11644 5895 11645 5910 11645 5896 11645 5895 11646 5909 11646 5910 11646 5896 11647 5910 11647 5911 11647 5896 11648 5911 11648 5897 11648 5897 11649 5911 11649 5912 11649 5897 11650 5912 11650 5898 11650 5898 11651 5912 11651 5913 11651 5898 11652 5913 11652 5914 11652 5898 11653 5914 11653 5899 11653 5899 11654 5914 11654 5915 11654 5899 11655 5915 11655 5864 11655 5899 11656 5864 11656 5863 11656 5875 11657 5874 11657 5900 11657 5834 11658 5902 11658 5916 11658 5834 11659 5916 11659 5917 11659 5834 11660 5917 11660 5835 11660 5843 11661 5842 11661 5903 11661 5903 11662 5918 11662 5919 11662 5903 11663 5919 11663 5904 11663 5903 11664 5842 11664 5841 11664 5903 11665 5841 11665 5918 11665 5904 11666 5919 11666 5920 11666 5904 11667 5920 11667 5906 11667 5906 11668 5920 11668 5907 11668 5907 11669 5921 11669 5922 11669 5907 11670 5922 11670 5908 11670 5907 11671 5920 11671 5923 11671 5907 11672 5923 11672 5924 11672 5907 11673 5924 11673 5921 11673 5908 11674 5922 11674 5925 11674 5908 11675 5925 11675 5909 11675 5909 11676 5925 11676 5910 11676 5910 11677 5926 11677 5927 11677 5910 11678 5927 11678 5911 11678 5910 11679 5925 11679 5926 11679 5911 11680 5927 11680 5912 11680 5912 11681 5927 11681 5913 11681 5913 11682 5927 11682 5928 11682 5913 11683 5928 11683 5914 11683 5914 11684 5928 11684 5915 11684 5915 11685 5928 11685 5929 11685 5915 11686 5929 11686 5865 11686 5915 11687 5865 11687 5864 11687 5874 11688 5873 11688 5930 11688 5874 11689 5930 11689 5931 11689 5874 11690 5931 11690 5901 11690 5874 11691 5901 11691 5900 11691 5902 11692 5901 11692 5931 11692 5902 11693 5931 11693 5932 11693 5902 11694 5932 11694 5916 11694 5916 11695 5932 11695 5933 11695 5916 11696 5933 11696 5917 11696 5917 11697 5933 11697 5934 11697 5917 11698 5934 11698 5935 11698 5917 11699 5935 11699 5835 11699 5835 11700 5935 11700 5836 11700 5918 11701 5841 11701 5840 11701 5918 11702 5840 11702 5839 11702 5918 11703 5839 11703 5936 11703 5918 11704 5936 11704 5919 11704 5919 11705 5936 11705 5937 11705 5919 11706 5937 11706 5920 11706 5920 11707 5937 11707 5938 11707 5920 11708 5938 11708 5923 11708 5921 11709 5939 11709 5940 11709 5921 11710 5940 11710 5922 11710 5921 11711 5924 11711 5941 11711 5921 11712 5941 11712 5939 11712 5923 11713 5938 11713 5942 11713 5923 11714 5942 11714 5943 11714 5923 11715 5943 11715 5924 11715 5922 11716 5940 11716 5944 11716 5922 11717 5944 11717 5925 11717 5925 11718 5944 11718 5926 11718 5926 11719 5945 11719 5927 11719 5926 11720 5944 11720 5945 11720 5927 11721 5945 11721 5946 11721 5927 11722 5946 11722 5947 11722 5927 11723 5947 11723 5929 11723 5927 11724 5929 11724 5928 11724 5929 11725 5948 11725 5949 11725 5929 11726 5949 11726 5950 11726 5929 11727 5950 11727 5867 11727 5929 11728 5867 11728 5866 11728 5929 11729 5866 11729 5865 11729 5929 11730 5947 11730 5948 11730 5873 11731 5872 11731 5951 11731 5873 11732 5951 11732 5930 11732 5930 11733 5951 11733 5952 11733 5930 11734 5952 11734 5931 11734 5931 11735 5952 11735 5953 11735 5931 11736 5953 11736 5954 11736 5931 11737 5954 11737 5932 11737 5932 11738 5954 11738 5942 11738 5932 11739 5942 11739 5933 11739 5933 11740 5942 11740 5938 11740 5933 11741 5938 11741 5934 11741 5934 11742 5938 11742 5937 11742 5934 11743 5937 11743 5955 11743 5934 11744 5955 11744 5935 11744 5935 11745 5955 11745 5836 11745 5836 11746 5955 11746 5837 11746 5839 11747 5838 11747 5937 11747 5839 11748 5937 11748 5936 11748 5937 11749 5838 11749 5955 11749 5939 11750 5956 11750 5957 11750 5939 11751 5957 11751 5958 11751 5939 11752 5958 11752 5940 11752 5939 11753 5941 11753 5956 11753 5940 11754 5958 11754 5944 11754 5924 11755 5943 11755 5959 11755 5924 11756 5959 11756 5941 11756 5941 11757 5959 11757 5960 11757 5941 11758 5960 11758 5961 11758 5941 11759 5961 11759 5962 11759 5941 11760 5962 11760 5956 11760 5942 11761 5954 11761 5943 11761 5943 11762 5954 11762 5953 11762 5943 11763 5953 11763 5959 11763 5944 11764 5958 11764 5963 11764 5944 11765 5963 11765 5964 11765 5944 11766 5964 11766 5945 11766 5945 11767 5964 11767 5965 11767 5945 11768 5965 11768 5946 11768 5946 11769 5965 11769 5966 11769 5946 11770 5966 11770 5947 11770 5947 11771 5966 11771 5948 11771 5948 11772 5966 11772 5949 11772 5949 11773 5868 11773 5867 11773 5949 11774 5867 11774 5950 11774 5949 11775 5966 11775 5967 11775 5949 11776 5967 11776 5968 11776 5949 11777 5968 11777 5969 11777 5949 11778 5969 11778 5869 11778 5949 11779 5869 11779 5868 11779 5872 11780 5871 11780 5970 11780 5872 11781 5970 11781 5951 11781 5951 11782 5970 11782 5960 11782 5951 11783 5960 11783 5952 11783 5952 11784 5960 11784 5953 11784 5953 11785 5960 11785 5959 11785 5955 11786 5838 11786 5837 11786 5956 11787 5962 11787 5971 11787 5956 11788 5971 11788 5972 11788 5956 11789 5972 11789 5973 11789 5956 11790 5973 11790 5957 11790 5957 11791 5973 11791 5958 11791 5958 11792 5973 11792 5965 11792 5958 11793 5965 11793 5963 11793 5960 11794 5970 11794 5974 11794 5960 11795 5974 11795 5961 11795 5961 11796 5974 11796 5962 11796 5962 11797 5870 11797 5975 11797 5962 11798 5975 11798 5976 11798 5962 11799 5976 11799 5971 11799 5962 11800 5974 11800 5970 11800 5962 11801 5970 11801 5870 11801 5963 11802 5965 11802 5964 11802 5965 11803 5973 11803 5972 11803 5965 11804 5972 11804 5966 11804 5966 11805 5972 11805 5971 11805 5966 11806 5971 11806 5977 11806 5966 11807 5977 11807 5967 11807 5967 11808 5977 11808 5968 11808 5968 11809 5977 11809 5976 11809 5968 11810 5976 11810 5969 11810 5969 11811 5976 11811 5978 11811 5969 11812 5978 11812 5869 11812 5869 11813 5978 11813 5975 11813 5869 11814 5975 11814 5870 11814 5871 11815 5870 11815 5970 11815 5971 11816 5976 11816 5977 11816 5975 11817 5978 11817 5976 11817 5979 11818 5980 11818 5981 11818 5979 11819 5981 11819 5982 11819 5979 11820 5982 11820 5983 11820 5979 11821 5983 11821 5984 11821 5979 11822 5984 11822 5985 11822 5979 11823 5985 11823 5986 11823 5979 11824 5986 11824 5987 11824 5979 11825 5987 11825 5988 11825 5979 11826 5988 11826 5989 11826 5979 11827 5989 11827 5990 11827 5979 11828 5990 11828 5991 11828 5979 11829 5991 11829 5992 11829 5979 11830 5992 11830 5980 11830 5980 11831 5992 11831 5981 11831 5981 11832 5992 11832 5982 11832 5987 11833 5986 11833 5993 11833 5987 11834 5993 11834 5988 11834 5992 11835 5991 11835 5982 11835 5982 11836 5991 11836 5994 11836 5982 11837 5994 11837 5983 11837 5986 11838 5985 11838 5995 11838 5986 11839 5995 11839 5996 11839 5986 11840 5996 11840 5993 11840 5988 11841 5993 11841 5996 11841 5988 11842 5996 11842 5989 11842 5991 11843 5990 11843 5994 11843 5994 11844 5990 11844 5996 11844 5994 11845 5996 11845 5984 11845 5994 11846 5984 11846 5983 11846 5985 11847 5984 11847 5995 11847 5989 11848 5996 11848 5990 11848 5996 11849 5995 11849 5984 11849 5997 11850 5998 11850 5999 11850 5997 11851 5999 11851 6000 11851 5997 11852 6000 11852 6001 11852 5997 11853 6001 11853 6002 11853 5997 11854 6002 11854 6003 11854 5997 11855 6003 11855 6004 11855 5997 11856 6004 11856 6005 11856 5997 11857 6005 11857 6006 11857 5997 11858 6006 11858 6007 11858 5997 11859 6007 11859 6008 11859 5997 11860 6008 11860 6009 11860 5997 11861 6009 11861 6010 11861 5997 11862 6010 11862 6011 11862 5997 11863 6011 11863 6012 11863 5997 11864 6012 11864 6013 11864 5997 11865 6013 11865 6014 11865 5997 11866 6014 11866 6015 11866 5997 11867 6015 11867 6016 11867 5997 11868 6016 11868 6017 11868 5997 11869 6017 11869 6018 11869 5997 11870 6018 11870 6019 11870 5997 11871 6019 11871 6020 11871 5997 11872 6020 11872 6021 11872 5997 11873 6021 11873 6022 11873 5997 11874 6022 11874 6023 11874 5997 11875 6023 11875 6024 11875 5997 11876 6024 11876 6025 11876 5997 11877 6025 11877 6026 11877 5997 11878 6026 11878 5998 11878 5998 11879 6026 11879 5999 11879 6017 11880 6016 11880 6027 11880 6017 11881 6027 11881 6028 11881 6017 11882 6028 11882 6029 11882 6017 11883 6029 11883 6030 11883 6017 11884 6030 11884 6031 11884 6017 11885 6031 11885 6032 11885 6017 11886 6032 11886 6018 11886 6025 11887 6024 11887 6026 11887 6026 11888 6024 11888 6023 11888 6026 11889 6023 11889 6033 11889 6026 11890 6033 11890 6034 11890 6026 11891 6034 11891 6035 11891 6026 11892 6035 11892 6036 11892 6026 11893 6036 11893 6037 11893 6026 11894 6037 11894 6038 11894 6026 11895 6038 11895 6039 11895 6026 11896 6039 11896 6008 11896 6026 11897 6008 11897 6007 11897 6026 11898 6007 11898 6006 11898 6026 11899 6006 11899 6005 11899 6026 11900 6005 11900 6004 11900 6026 11901 6004 11901 6003 11901 6026 11902 6003 11902 6002 11902 6026 11903 6002 11903 6001 11903 6026 11904 6001 11904 6000 11904 6026 11905 6000 11905 5999 11905 6016 11906 6015 11906 6036 11906 6016 11907 6036 11907 6035 11907 6016 11908 6035 11908 6040 11908 6016 11909 6040 11909 6041 11909 6016 11910 6041 11910 6042 11910 6016 11911 6042 11911 6027 11911 6018 11912 6032 11912 6043 11912 6018 11913 6043 11913 6044 11913 6018 11914 6044 11914 6045 11914 6018 11915 6045 11915 6046 11915 6018 11916 6046 11916 6047 11916 6018 11917 6047 11917 6019 11917 6039 11918 6038 11918 6008 11918 6008 11919 6038 11919 6037 11919 6008 11920 6037 11920 6036 11920 6008 11921 6036 11921 6009 11921 6015 11922 6014 11922 6036 11922 6027 11923 6042 11923 6048 11923 6027 11924 6048 11924 6049 11924 6027 11925 6049 11925 6050 11925 6027 11926 6050 11926 6051 11926 6027 11927 6051 11927 6052 11927 6027 11928 6052 11928 6053 11928 6027 11929 6053 11929 6028 11929 6032 11930 6031 11930 6043 11930 6043 11931 6053 11931 6054 11931 6043 11932 6054 11932 6055 11932 6043 11933 6055 11933 6056 11933 6043 11934 6056 11934 6044 11934 6043 11935 6031 11935 6030 11935 6043 11936 6030 11936 6029 11936 6043 11937 6029 11937 6053 11937 6044 11938 6056 11938 6057 11938 6044 11939 6057 11939 6058 11939 6044 11940 6058 11940 6059 11940 6044 11941 6059 11941 6046 11941 6044 11942 6046 11942 6045 11942 6046 11943 6059 11943 6060 11943 6046 11944 6060 11944 6061 11944 6046 11945 6061 11945 6062 11945 6046 11946 6062 11946 6047 11946 6047 11947 6022 11947 6021 11947 6047 11948 6021 11948 6020 11948 6047 11949 6020 11949 6019 11949 6047 11950 6062 11950 6063 11950 6047 11951 6063 11951 6023 11951 6047 11952 6023 11952 6022 11952 6023 11953 6063 11953 6064 11953 6023 11954 6064 11954 6065 11954 6023 11955 6065 11955 6066 11955 6023 11956 6066 11956 6067 11956 6023 11957 6067 11957 6068 11957 6023 11958 6068 11958 6033 11958 6009 11959 6036 11959 6010 11959 6036 11960 6014 11960 6013 11960 6036 11961 6013 11961 6012 11961 6036 11962 6012 11962 6011 11962 6036 11963 6011 11963 6010 11963 6042 11964 6041 11964 6048 11964 6048 11965 6069 11965 6070 11965 6048 11966 6070 11966 6071 11966 6048 11967 6071 11967 6072 11967 6048 11968 6072 11968 6049 11968 6048 11969 6041 11969 6040 11969 6048 11970 6040 11970 6035 11970 6048 11971 6035 11971 6069 11971 6049 11972 6072 11972 6050 11972 6050 11973 6072 11973 6073 11973 6050 11974 6073 11974 6051 11974 6051 11975 6073 11975 6074 11975 6051 11976 6074 11976 6053 11976 6051 11977 6053 11977 6052 11977 6053 11978 6074 11978 6054 11978 6053 11979 6029 11979 6028 11979 6055 11980 6054 11980 6075 11980 6055 11981 6075 11981 6076 11981 6055 11982 6076 11982 6057 11982 6055 11983 6057 11983 6056 11983 6057 11984 6076 11984 6077 11984 6057 11985 6077 11985 6078 11985 6057 11986 6078 11986 6060 11986 6057 11987 6060 11987 6058 11987 6058 11988 6060 11988 6059 11988 6060 11989 6078 11989 6079 11989 6060 11990 6079 11990 6080 11990 6060 11991 6080 11991 6061 11991 6061 11992 6063 11992 6062 11992 6061 11993 6080 11993 6081 11993 6061 11994 6081 11994 6063 11994 6063 11995 6081 11995 6082 11995 6063 11996 6082 11996 6083 11996 6063 11997 6083 11997 6064 11997 6064 11998 6083 11998 6084 11998 6064 11999 6084 11999 6085 11999 6064 12000 6085 12000 6065 12000 6065 12001 6085 12001 6086 12001 6065 12002 6086 12002 6087 12002 6065 12003 6087 12003 6066 12003 6066 12004 6087 12004 6088 12004 6066 12005 6088 12005 6089 12005 6066 12006 6089 12006 6090 12006 6066 12007 6090 12007 6067 12007 6067 12008 6090 12008 6068 12008 6068 12009 6034 12009 6033 12009 6068 12010 6090 12010 6091 12010 6068 12011 6091 12011 6092 12011 6068 12012 6092 12012 6035 12012 6068 12013 6035 12013 6034 12013 6035 12014 6092 12014 6093 12014 6035 12015 6093 12015 6094 12015 6035 12016 6094 12016 6095 12016 6035 12017 6095 12017 6069 12017 6069 12018 6095 12018 6070 12018 6070 12019 6095 12019 6096 12019 6070 12020 6096 12020 6097 12020 6070 12021 6097 12021 6071 12021 6071 12022 6097 12022 6098 12022 6071 12023 6098 12023 6099 12023 6071 12024 6099 12024 6072 12024 6072 12025 6099 12025 6073 12025 6073 12026 6100 12026 6101 12026 6073 12027 6101 12027 6102 12027 6073 12028 6102 12028 6074 12028 6073 12029 6099 12029 6098 12029 6073 12030 6098 12030 6100 12030 6074 12031 6102 12031 6054 12031 6054 12032 6102 12032 6075 12032 6076 12033 6075 12033 6103 12033 6076 12034 6103 12034 6077 12034 6077 12035 6103 12035 6104 12035 6077 12036 6104 12036 6105 12036 6077 12037 6105 12037 6079 12037 6077 12038 6079 12038 6078 12038 6079 12039 6106 12039 6107 12039 6079 12040 6107 12040 6081 12040 6079 12041 6081 12041 6080 12041 6079 12042 6105 12042 6108 12042 6079 12043 6108 12043 6106 12043 6081 12044 6107 12044 6109 12044 6081 12045 6109 12045 6110 12045 6081 12046 6110 12046 6082 12046 6082 12047 6110 12047 6083 12047 6083 12048 6110 12048 6084 12048 6084 12049 6110 12049 6086 12049 6084 12050 6086 12050 6085 12050 6086 12051 6109 12051 6106 12051 6086 12052 6106 12052 6111 12052 6086 12053 6111 12053 6089 12053 6086 12054 6089 12054 6088 12054 6086 12055 6088 12055 6087 12055 6086 12056 6110 12056 6109 12056 6089 12057 6111 12057 6112 12057 6089 12058 6112 12058 6113 12058 6089 12059 6113 12059 6114 12059 6089 12060 6114 12060 6091 12060 6089 12061 6091 12061 6090 12061 6091 12062 6114 12062 6115 12062 6091 12063 6115 12063 6092 12063 6092 12064 6115 12064 6116 12064 6092 12065 6116 12065 6093 12065 6093 12066 6116 12066 6117 12066 6093 12067 6117 12067 6094 12067 6094 12068 6117 12068 6118 12068 6094 12069 6118 12069 6119 12069 6094 12070 6119 12070 6095 12070 6095 12071 6119 12071 6096 12071 6096 12072 6120 12072 6121 12072 6096 12073 6121 12073 6122 12073 6096 12074 6122 12074 6123 12074 6096 12075 6123 12075 6097 12075 6096 12076 6119 12076 6118 12076 6096 12077 6118 12077 6120 12077 6097 12078 6123 12078 6098 12078 6098 12079 6123 12079 6124 12079 6098 12080 6124 12080 6100 12080 6100 12081 6124 12081 6104 12081 6100 12082 6104 12082 6101 12082 6101 12083 6104 12083 6103 12083 6101 12084 6103 12084 6102 12084 6102 12085 6103 12085 6075 12085 6105 12086 6104 12086 6125 12086 6105 12087 6125 12087 6126 12087 6105 12088 6126 12088 6108 12088 6106 12089 6108 12089 6126 12089 6106 12090 6126 12090 6112 12090 6106 12091 6112 12091 6111 12091 6106 12092 6109 12092 6107 12092 6112 12093 6126 12093 6113 12093 6113 12094 6127 12094 6114 12094 6113 12095 6126 12095 6125 12095 6113 12096 6125 12096 6127 12096 6114 12097 6127 12097 6115 12097 6115 12098 6127 12098 6120 12098 6115 12099 6120 12099 6116 12099 6116 12100 6120 12100 6117 12100 6117 12101 6120 12101 6118 12101 6120 12102 6127 12102 6125 12102 6120 12103 6125 12103 6121 12103 6121 12104 6125 12104 6122 12104 6122 12105 6125 12105 6104 12105 6122 12106 6104 12106 6124 12106 6122 12107 6124 12107 6123 12107 6128 12108 6129 12108 6130 12108 6128 12109 6130 12109 6131 12109 6128 12110 6131 12110 6132 12110 6128 12111 6132 12111 6133 12111 6128 12112 6133 12112 6134 12112 6128 12113 6134 12113 6135 12113 6128 12114 6135 12114 6136 12114 6128 12115 6136 12115 6137 12115 6128 12116 6137 12116 6138 12116 6128 12117 6138 12117 6129 12117 6129 12118 6139 12118 6130 12118 6129 12119 6138 12119 6140 12119 6129 12120 6140 12120 6141 12120 6129 12121 6141 12121 6139 12121 6130 12122 6139 12122 6142 12122 6130 12123 6142 12123 6131 12123 6131 12124 6142 12124 6143 12124 6131 12125 6143 12125 6144 12125 6131 12126 6144 12126 6145 12126 6131 12127 6145 12127 6146 12127 6131 12128 6146 12128 6147 12128 6131 12129 6147 12129 6148 12129 6131 12130 6148 12130 6149 12130 6131 12131 6149 12131 6150 12131 6131 12132 6150 12132 6151 12132 6131 12133 6151 12133 6152 12133 6131 12134 6152 12134 6153 12134 6131 12135 6153 12135 6154 12135 6131 12136 6154 12136 6133 12136 6131 12137 6133 12137 6132 12137 6138 12138 6137 12138 6140 12138 6139 12139 6155 12139 6156 12139 6139 12140 6156 12140 6157 12140 6139 12141 6157 12141 6142 12141 6139 12142 6141 12142 6158 12142 6139 12143 6158 12143 6155 12143 6140 12144 6159 12144 6160 12144 6140 12145 6160 12145 6141 12145 6140 12146 6137 12146 6159 12146 6141 12147 6160 12147 6158 12147 6142 12148 6157 12148 6143 12148 6143 12149 6157 12149 6161 12149 6143 12150 6161 12150 6144 12150 6133 12151 6154 12151 6162 12151 6133 12152 6162 12152 6163 12152 6133 12153 6163 12153 6164 12153 6133 12154 6164 12154 6165 12154 6133 12155 6165 12155 6166 12155 6133 12156 6166 12156 6167 12156 6133 12157 6167 12157 6168 12157 6133 12158 6168 12158 6169 12158 6133 12159 6169 12159 6170 12159 6133 12160 6170 12160 6171 12160 6133 12161 6171 12161 6172 12161 6133 12162 6172 12162 6173 12162 6133 12163 6173 12163 6174 12163 6133 12164 6174 12164 6134 12164 6137 12165 6136 12165 6175 12165 6137 12166 6175 12166 6159 12166 6155 12167 6158 12167 6176 12167 6155 12168 6176 12168 6177 12168 6155 12169 6177 12169 6178 12169 6155 12170 6178 12170 6179 12170 6155 12171 6179 12171 6156 12171 6156 12172 6180 12172 6181 12172 6156 12173 6181 12173 6157 12173 6156 12174 6179 12174 6180 12174 6157 12175 6181 12175 6161 12175 6158 12176 6160 12176 6176 12176 6159 12177 6182 12177 6160 12177 6159 12178 6175 12178 6183 12178 6159 12179 6183 12179 6182 12179 6160 12180 6182 12180 6184 12180 6160 12181 6184 12181 6176 12181 6161 12182 6181 12182 6185 12182 6161 12183 6185 12183 6144 12183 6144 12184 6185 12184 6145 12184 6154 12185 6153 12185 6162 12185 6134 12186 6174 12186 6135 12186 6136 12187 6135 12187 6186 12187 6136 12188 6186 12188 6175 12188 6175 12189 6186 12189 6187 12189 6175 12190 6187 12190 6188 12190 6175 12191 6188 12191 6183 12191 6176 12192 6184 12192 6189 12192 6176 12193 6189 12193 6190 12193 6176 12194 6190 12194 6177 12194 6177 12195 6191 12195 6178 12195 6177 12196 6190 12196 6191 12196 6178 12197 6191 12197 6192 12197 6178 12198 6192 12198 6193 12198 6178 12199 6193 12199 6179 12199 6179 12200 6193 12200 6194 12200 6179 12201 6194 12201 6195 12201 6179 12202 6195 12202 6180 12202 6180 12203 6195 12203 6196 12203 6180 12204 6196 12204 6197 12204 6180 12205 6197 12205 6181 12205 6181 12206 6197 12206 6185 12206 6182 12207 6183 12207 6198 12207 6182 12208 6198 12208 6199 12208 6182 12209 6199 12209 6184 12209 6183 12210 6188 12210 6200 12210 6183 12211 6200 12211 6198 12211 6184 12212 6201 12212 6189 12212 6184 12213 6199 12213 6202 12213 6184 12214 6202 12214 6201 12214 6185 12215 6197 12215 6203 12215 6185 12216 6203 12216 6145 12216 6145 12217 6203 12217 6146 12217 6162 12218 6153 12218 6152 12218 6162 12219 6152 12219 6204 12219 6162 12220 6204 12220 6205 12220 6162 12221 6205 12221 6206 12221 6162 12222 6206 12222 6207 12222 6162 12223 6207 12223 6208 12223 6162 12224 6208 12224 6209 12224 6162 12225 6209 12225 6210 12225 6162 12226 6210 12226 6211 12226 6162 12227 6211 12227 6212 12227 6162 12228 6212 12228 6213 12228 6162 12229 6213 12229 6214 12229 6162 12230 6214 12230 6215 12230 6162 12231 6215 12231 6216 12231 6162 12232 6216 12232 6217 12232 6162 12233 6217 12233 6218 12233 6162 12234 6218 12234 6219 12234 6162 12235 6219 12235 6220 12235 6162 12236 6220 12236 6221 12236 6162 12237 6221 12237 6222 12237 6162 12238 6222 12238 6223 12238 6162 12239 6223 12239 6224 12239 6162 12240 6224 12240 6225 12240 6162 12241 6225 12241 6226 12241 6162 12242 6226 12242 6227 12242 6162 12243 6227 12243 6228 12243 6162 12244 6228 12244 6229 12244 6162 12245 6229 12245 6163 12245 6174 12246 6173 12246 6230 12246 6174 12247 6230 12247 6186 12247 6174 12248 6186 12248 6135 12248 6186 12249 6230 12249 6187 12249 6187 12250 6231 12250 6232 12250 6187 12251 6232 12251 6188 12251 6187 12252 6230 12252 6231 12252 6188 12253 6232 12253 6233 12253 6188 12254 6233 12254 6200 12254 6189 12255 6201 12255 6234 12255 6189 12256 6234 12256 6190 12256 6190 12257 6234 12257 6191 12257 6191 12258 6235 12258 6236 12258 6191 12259 6236 12259 6192 12259 6191 12260 6234 12260 6237 12260 6191 12261 6237 12261 6238 12261 6191 12262 6238 12262 6235 12262 6192 12263 6239 12263 6193 12263 6192 12264 6236 12264 6240 12264 6192 12265 6240 12265 6239 12265 6193 12266 6241 12266 6194 12266 6193 12267 6239 12267 6241 12267 6194 12268 6241 12268 6242 12268 6194 12269 6242 12269 6243 12269 6194 12270 6243 12270 6195 12270 6195 12271 6243 12271 6196 12271 6196 12272 6244 12272 6245 12272 6196 12273 6245 12273 6246 12273 6196 12274 6246 12274 6197 12274 6196 12275 6243 12275 6244 12275 6197 12276 6247 12276 6248 12276 6197 12277 6248 12277 6203 12277 6197 12278 6246 12278 6247 12278 6198 12279 6200 12279 6199 12279 6199 12280 6249 12280 6202 12280 6199 12281 6200 12281 6250 12281 6199 12282 6250 12282 6249 12282 6200 12283 6251 12283 6250 12283 6200 12284 6233 12284 6251 12284 6201 12285 6202 12285 6252 12285 6201 12286 6252 12286 6234 12286 6202 12287 6249 12287 6252 12287 6203 12288 6253 12288 6146 12288 6203 12289 6248 12289 6253 12289 6146 12290 6253 12290 6147 12290 6163 12291 6229 12291 6254 12291 6163 12292 6254 12292 6164 12292 6152 12293 6151 12293 6204 12293 6173 12294 6172 12294 6255 12294 6173 12295 6255 12295 6230 12295 6230 12296 6255 12296 6231 12296 6231 12297 6256 12297 6232 12297 6231 12298 6255 12298 6257 12298 6231 12299 6257 12299 6256 12299 6232 12300 6256 12300 6258 12300 6232 12301 6258 12301 6233 12301 6233 12302 6258 12302 6259 12302 6233 12303 6259 12303 6251 12303 6234 12304 6252 12304 6260 12304 6234 12305 6260 12305 6261 12305 6234 12306 6261 12306 6237 12306 6235 12307 6238 12307 6262 12307 6235 12308 6262 12308 6263 12308 6235 12309 6263 12309 6240 12309 6235 12310 6240 12310 6236 12310 6237 12311 6264 12311 6238 12311 6237 12312 6261 12312 6265 12312 6237 12313 6265 12313 6264 12313 6238 12314 6264 12314 6262 12314 6239 12315 6240 12315 6266 12315 6239 12316 6266 12316 6267 12316 6239 12317 6267 12317 6268 12317 6239 12318 6268 12318 6241 12318 6241 12319 6268 12319 6269 12319 6241 12320 6269 12320 6270 12320 6241 12321 6270 12321 6271 12321 6241 12322 6271 12322 6272 12322 6241 12323 6272 12323 6273 12323 6241 12324 6273 12324 6242 12324 6242 12325 6273 12325 6274 12325 6242 12326 6274 12326 6243 12326 6243 12327 6274 12327 6275 12327 6243 12328 6275 12328 6244 12328 6244 12329 6275 12329 6276 12329 6244 12330 6276 12330 6245 12330 6245 12331 6276 12331 6277 12331 6245 12332 6277 12332 6278 12332 6245 12333 6278 12333 6247 12333 6245 12334 6247 12334 6246 12334 6247 12335 6278 12335 6279 12335 6247 12336 6279 12336 6248 12336 6248 12337 6279 12337 6253 12337 6249 12338 6250 12338 6251 12338 6249 12339 6251 12339 6280 12339 6249 12340 6280 12340 6252 12340 6251 12341 6281 12341 6280 12341 6251 12342 6259 12342 6281 12342 6252 12343 6280 12343 6282 12343 6252 12344 6282 12344 6283 12344 6252 12345 6283 12345 6284 12345 6252 12346 6284 12346 6260 12346 6253 12347 6279 12347 6285 12347 6253 12348 6285 12348 6286 12348 6253 12349 6286 12349 6147 12349 6147 12350 6286 12350 6148 12350 6229 12351 6228 12351 6254 12351 6254 12352 6287 12352 6164 12352 6254 12353 6228 12353 6227 12353 6254 12354 6227 12354 6288 12354 6254 12355 6288 12355 6289 12355 6254 12356 6289 12356 6290 12356 6254 12357 6290 12357 6287 12357 6164 12358 6287 12358 6165 12358 6151 12359 6150 12359 6291 12359 6151 12360 6291 12360 6292 12360 6151 12361 6292 12361 6204 12361 6204 12362 6292 12362 6205 12362 6172 12363 6171 12363 6293 12363 6172 12364 6293 12364 6255 12364 6255 12365 6293 12365 6257 12365 6256 12366 6257 12366 6294 12366 6256 12367 6294 12367 6295 12367 6256 12368 6295 12368 6258 12368 6257 12369 6293 12369 6294 12369 6258 12370 6295 12370 6296 12370 6258 12371 6296 12371 6297 12371 6258 12372 6297 12372 6259 12372 6259 12373 6297 12373 6298 12373 6259 12374 6298 12374 6281 12374 6260 12375 6299 12375 6261 12375 6260 12376 6284 12376 6299 12376 6261 12377 6299 12377 6265 12377 6262 12378 6264 12378 6300 12378 6262 12379 6300 12379 6301 12379 6262 12380 6301 12380 6263 12380 6263 12381 6302 12381 6267 12381 6263 12382 6267 12382 6266 12382 6263 12383 6266 12383 6240 12383 6263 12384 6301 12384 6302 12384 6264 12385 6265 12385 6300 12385 6265 12386 6299 12386 6303 12386 6265 12387 6303 12387 6304 12387 6265 12388 6304 12388 6300 12388 6267 12389 6302 12389 6305 12389 6267 12390 6305 12390 6270 12390 6267 12391 6270 12391 6269 12391 6267 12392 6269 12392 6268 12392 6270 12393 6306 12393 6271 12393 6270 12394 6305 12394 6307 12394 6270 12395 6307 12395 6308 12395 6270 12396 6308 12396 6306 12396 6271 12397 6306 12397 6272 12397 6272 12398 6306 12398 6309 12398 6272 12399 6309 12399 6310 12399 6272 12400 6310 12400 6311 12400 6272 12401 6311 12401 6273 12401 6273 12402 6311 12402 6274 12402 6274 12403 6311 12403 6312 12403 6274 12404 6312 12404 6275 12404 6275 12405 6312 12405 6313 12405 6275 12406 6313 12406 6276 12406 6276 12407 6313 12407 6314 12407 6276 12408 6314 12408 6277 12408 6278 12409 6277 12409 6279 12409 6279 12410 6277 12410 6314 12410 6279 12411 6314 12411 6285 12411 6280 12412 6281 12412 6315 12412 6280 12413 6315 12413 6282 12413 6281 12414 6316 12414 6317 12414 6281 12415 6317 12415 6315 12415 6281 12416 6298 12416 6318 12416 6281 12417 6318 12417 6316 12417 6282 12418 6319 12418 6283 12418 6282 12419 6315 12419 6319 12419 6283 12420 6319 12420 6320 12420 6283 12421 6320 12421 6321 12421 6283 12422 6321 12422 6284 12422 6284 12423 6321 12423 6299 12423 6285 12424 6314 12424 6322 12424 6285 12425 6322 12425 6286 12425 6286 12426 6323 12426 6148 12426 6286 12427 6322 12427 6323 12427 6148 12428 6323 12428 6324 12428 6148 12429 6324 12429 6149 12429 6287 12430 6290 12430 6325 12430 6287 12431 6325 12431 6326 12431 6287 12432 6326 12432 6166 12432 6287 12433 6166 12433 6165 12433 6227 12434 6226 12434 6327 12434 6227 12435 6327 12435 6288 12435 6288 12436 6327 12436 6289 12436 6289 12437 6328 12437 6290 12437 6289 12438 6327 12438 6329 12438 6289 12439 6329 12439 6330 12439 6289 12440 6330 12440 6328 12440 6290 12441 6328 12441 6325 12441 6150 12442 6149 12442 6324 12442 6150 12443 6324 12443 6291 12443 6291 12444 6324 12444 6331 12444 6291 12445 6331 12445 6332 12445 6291 12446 6332 12446 6333 12446 6291 12447 6333 12447 6334 12447 6291 12448 6334 12448 6335 12448 6291 12449 6335 12449 6205 12449 6291 12450 6205 12450 6292 12450 6205 12451 6335 12451 6206 12451 6171 12452 6336 12452 6293 12452 6171 12453 6170 12453 6336 12453 6293 12454 6337 12454 6294 12454 6293 12455 6336 12455 6337 12455 6294 12456 6337 12456 6295 12456 6295 12457 6337 12457 6338 12457 6295 12458 6338 12458 6296 12458 6296 12459 6338 12459 6339 12459 6296 12460 6339 12460 6340 12460 6296 12461 6340 12461 6341 12461 6296 12462 6341 12462 6297 12462 6297 12463 6341 12463 6318 12463 6297 12464 6318 12464 6298 12464 6299 12465 6321 12465 6342 12465 6299 12466 6342 12466 6343 12466 6299 12467 6343 12467 6303 12467 6300 12468 6344 12468 6301 12468 6300 12469 6304 12469 6345 12469 6300 12470 6345 12470 6344 12470 6301 12471 6344 12471 6346 12471 6301 12472 6346 12472 6347 12472 6301 12473 6347 12473 6302 12473 6302 12474 6347 12474 6305 12474 6304 12475 6303 12475 6345 12475 6305 12476 6347 12476 6307 12476 6306 12477 6348 12477 6309 12477 6306 12478 6308 12478 6348 12478 6307 12479 6211 12479 6308 12479 6307 12480 6347 12480 6346 12480 6307 12481 6346 12481 6344 12481 6307 12482 6344 12482 6349 12482 6307 12483 6349 12483 6216 12483 6307 12484 6216 12484 6215 12484 6307 12485 6215 12485 6214 12485 6307 12486 6214 12486 6213 12486 6307 12487 6213 12487 6212 12487 6307 12488 6212 12488 6211 12488 6308 12489 6211 12489 6210 12489 6308 12490 6210 12490 6209 12490 6308 12491 6209 12491 6348 12491 6309 12492 6348 12492 6310 12492 6310 12493 6335 12493 6334 12493 6310 12494 6334 12494 6311 12494 6310 12495 6348 12495 6335 12495 6311 12496 6334 12496 6312 12496 6312 12497 6334 12497 6333 12497 6312 12498 6333 12498 6313 12498 6313 12499 6333 12499 6314 12499 6314 12500 6333 12500 6332 12500 6314 12501 6332 12501 6322 12501 6315 12502 6317 12502 6319 12502 6316 12503 6350 12503 6351 12503 6316 12504 6351 12504 6317 12504 6316 12505 6318 12505 6350 12505 6319 12506 6317 12506 6352 12506 6319 12507 6352 12507 6320 12507 6320 12508 6352 12508 6353 12508 6320 12509 6353 12509 6343 12509 6320 12510 6343 12510 6342 12510 6320 12511 6342 12511 6321 12511 6322 12512 6332 12512 6331 12512 6322 12513 6331 12513 6323 12513 6323 12514 6331 12514 6324 12514 6325 12515 6328 12515 6354 12515 6325 12516 6354 12516 6355 12516 6325 12517 6355 12517 6326 12517 6326 12518 6356 12518 6166 12518 6326 12519 6355 12519 6356 12519 6166 12520 6356 12520 6357 12520 6166 12521 6357 12521 6167 12521 6226 12522 6225 12522 6329 12522 6226 12523 6329 12523 6327 12523 6328 12524 6330 12524 6354 12524 6329 12525 6225 12525 6358 12525 6329 12526 6358 12526 6359 12526 6329 12527 6359 12527 6330 12527 6330 12528 6340 12528 6339 12528 6330 12529 6339 12529 6354 12529 6330 12530 6359 12530 6341 12530 6330 12531 6341 12531 6340 12531 6335 12532 6348 12532 6207 12532 6335 12533 6207 12533 6206 12533 6336 12534 6170 12534 6360 12534 6336 12535 6360 12535 6337 12535 6170 12536 6169 12536 6360 12536 6337 12537 6360 12537 6338 12537 6338 12538 6360 12538 6361 12538 6338 12539 6361 12539 6339 12539 6339 12540 6361 12540 6355 12540 6339 12541 6355 12541 6354 12541 6341 12542 6359 12542 6318 12542 6318 12543 6359 12543 6358 12543 6318 12544 6358 12544 6362 12544 6318 12545 6362 12545 6363 12545 6318 12546 6363 12546 6350 12546 6303 12547 6364 12547 6345 12547 6303 12548 6343 12548 6364 12548 6343 12549 6353 12549 6365 12549 6343 12550 6365 12550 6366 12550 6343 12551 6366 12551 6367 12551 6343 12552 6367 12552 6364 12552 6344 12553 6345 12553 6349 12553 6345 12554 6364 12554 6368 12554 6345 12555 6368 12555 6349 12555 6348 12556 6209 12556 6208 12556 6348 12557 6208 12557 6207 12557 6349 12558 6368 12558 6369 12558 6349 12559 6369 12559 6219 12559 6349 12560 6219 12560 6218 12560 6349 12561 6218 12561 6217 12561 6349 12562 6217 12562 6216 12562 6317 12563 6351 12563 6352 12563 6350 12564 6363 12564 6370 12564 6350 12565 6370 12565 6351 12565 6351 12566 6370 12566 6371 12566 6351 12567 6371 12567 6372 12567 6351 12568 6372 12568 6352 12568 6352 12569 6372 12569 6365 12569 6352 12570 6365 12570 6353 12570 6355 12571 6361 12571 6357 12571 6355 12572 6357 12572 6356 12572 6167 12573 6357 12573 6168 12573 6357 12574 6361 12574 6360 12574 6357 12575 6360 12575 6168 12575 6225 12576 6224 12576 6358 12576 6358 12577 6224 12577 6362 12577 6360 12578 6169 12578 6168 12578 6362 12579 6224 12579 6363 12579 6363 12580 6223 12580 6373 12580 6363 12581 6373 12581 6370 12581 6363 12582 6224 12582 6223 12582 6364 12583 6367 12583 6368 12583 6365 12584 6372 12584 6366 12584 6366 12585 6372 12585 6371 12585 6366 12586 6371 12586 6369 12586 6366 12587 6369 12587 6367 12587 6367 12588 6369 12588 6368 12588 6369 12589 6371 12589 6370 12589 6369 12590 6370 12590 6374 12590 6369 12591 6374 12591 6222 12591 6369 12592 6222 12592 6221 12592 6369 12593 6221 12593 6220 12593 6369 12594 6220 12594 6219 12594 6370 12595 6373 12595 6374 12595 6223 12596 6222 12596 6374 12596 6223 12597 6374 12597 6373 12597 6375 12598 6376 12598 6377 12598 6375 12599 6377 12599 6378 12599 6375 12600 6378 12600 6379 12600 6375 12601 6379 12601 6380 12601 6375 12602 6380 12602 6381 12602 6375 12603 6381 12603 6376 12603 6376 12604 6381 12604 6382 12604 6376 12605 6382 12605 6383 12605 6376 12606 6383 12606 6384 12606 6376 12607 6384 12607 6385 12607 6376 12608 6385 12608 6386 12608 6376 12609 6386 12609 6378 12609 6376 12610 6378 12610 6377 12610 6381 12611 6387 12611 6382 12611 6381 12612 6380 12612 6388 12612 6381 12613 6388 12613 6389 12613 6381 12614 6389 12614 6390 12614 6381 12615 6390 12615 6391 12615 6381 12616 6391 12616 6387 12616 6382 12617 6387 12617 6391 12617 6382 12618 6391 12618 6383 12618 6378 12619 6386 12619 6392 12619 6378 12620 6392 12620 6393 12620 6378 12621 6393 12621 6394 12621 6378 12622 6394 12622 6395 12622 6378 12623 6395 12623 6396 12623 6378 12624 6396 12624 6397 12624 6378 12625 6397 12625 6398 12625 6378 12626 6398 12626 6399 12626 6378 12627 6399 12627 6400 12627 6378 12628 6400 12628 6379 12628 6380 12629 6379 12629 6400 12629 6380 12630 6400 12630 6399 12630 6380 12631 6399 12631 6398 12631 6380 12632 6398 12632 6397 12632 6380 12633 6397 12633 6388 12633 6383 12634 6391 12634 6384 12634 6391 12635 6390 12635 6401 12635 6391 12636 6401 12636 6402 12636 6391 12637 6402 12637 6385 12637 6391 12638 6385 12638 6384 12638 6386 12639 6390 12639 6392 12639 6386 12640 6385 12640 6402 12640 6386 12641 6402 12641 6401 12641 6386 12642 6401 12642 6390 12642 6397 12643 6396 12643 6390 12643 6397 12644 6390 12644 6389 12644 6397 12645 6389 12645 6388 12645 6390 12646 6396 12646 6395 12646 6390 12647 6395 12647 6394 12647 6390 12648 6394 12648 6393 12648 6390 12649 6393 12649 6392 12649</p>
                </triangles>
            </mesh>
        </geometry>
    </library_geometries>
    <library_visual_scenes>
        <visual_scene id="VisualSceneNode" name="VisualScene">
            <node id="node" name="node">
                <instance_geometry url="#shape0-lib"/>
            </node>
        </visual_scene>
    </library_visual_scenes>
    <scene>
        <instance_visual_scene url="#VisualSceneNode"/>
    </scene>
</COLLADA>
