<?xml version="1.0" encoding="UTF-8"?>
<COLLADA xmlns="http://www.collada.org/2005/11/COLLADASchema" version="1.4.1">
    <asset>
        <contributor>
            <author>VCGLab</author>
            <authoring_tool>VCGLib | MeshLab</authoring_tool>
        </contributor>
        <created>火 1 14 05:34:23 2025 GMT</created>
        <modified>火 1 14 05:34:23 2025 GMT</modified>
        <up_axis>Y_UP</up_axis>
    </asset>
    <library_geometries>
        <geometry id="shape0-lib" name="shape0">
            <mesh>
                <source id="shape0-lib-positions" name="position">
                    <float_array id="shape0-lib-positions-array" count="19671">-2.73688 0.181788 -0.969929 -2.73688 0.181788 -0.572918 -2.72616 0.25267 -0.969929 -2.66454 0.649502 -0.969929 -2.64578 0.708571 -0.969929 -2.5402 1.03935 -0.969929 -2.4357 1.27348 -0.969929 -2.23206 1.58547 -0.969929 -2.20258 1.62628 -0.969929 -2.03591 1.85289 -0.969929 -1.77118 2.08487 -0.969929 -1.56967 2.25455 -0.969929 -1.53323 2.28516 -0.969929 -1.49786 2.3045 -0.969929 -1.29958 2.41189 -0.969929 -0.905685 2.58158 -0.969929 -0.834945 2.61165 -0.969929 -0.438373 2.70294 -0.969929 -0.367097 2.71905 -0.969929 0.100215 2.74268 -0.969929 0.568599 2.68414 -0.969929 1.03645 2.53862 -0.969929 1.39765 2.36518 -0.969929 1.6313 2.20945 -0.969929 1.90033 1.97532 -0.969929 1.9357 1.93827 -0.969929 2.13452 1.72992 -0.969929 2.30226 1.49633 -0.969929 2.50269 1.11775 -0.969929 2.64096 0.748845 -0.969929 2.68919 0.550697 -0.969929 2.69776 0.515255 -0.969929 2.73742 0.181788 -0.969929 2.72831 -0.285928 -0.969929 2.68865 -0.572679 -0.969929 2.63184 -0.771364 -0.969929 2.62166 -0.806804 -0.969929 2.59594 -0.870169 -0.969929 2.45232 -1.2219 -0.969929 2.27064 -1.54624 -0.969929 2.11309 -1.74492 -0.969929 2.08468 -1.78036 -0.969929 2.04931 -1.81795 -0.969929 1.85103 -2.02791 -0.969929 1.59272 -2.2266 -0.969929 1.54663 -2.26204 -0.969929 1.51126 -2.28567 -0.969929 1.31244 -2.41669 -0.969929 1.07825 -2.51979 -0.969929 1.03645 -2.53805 -0.969929 0.568599 -2.68411 -0.969929 0.100215 -2.74318 -0.969929 -0.367097 -2.72009 -0.969929 -0.834945 -2.61323 -0.969929 -1.21169 -2.46502 -0.969929 -1.24706 -2.44569 -0.969929 -1.44534 -2.33722 -0.969929 -1.70633 -2.13907 -0.969929 -1.75296 -2.10363 -0.969929 -1.78886 -2.07356 -0.969929 -1.98715 -1.90548 -0.969929 -2.16989 -1.67135 -0.969929 -2.40408 -1.32339 -0.969929 -2.52091 -1.08926 -0.969929 -2.5386 -1.03825 -0.969929 -2.63613 -0.753644 -0.969929 -2.72831 -0.285928 -0.969929 -2.73635 0.181788 0.363042 -2.664 0.649502 0.363042 -2.66454 0.649502 -0.572918 -2.63506 -0.753644 0.830725 -2.6924 -0.457226 2.06363 -2.72616 -0.285928 1.76698 -2.73528 0.181788 1.76698 -2.66293 0.649502 1.76698 -2.58468 0.894906 2.06363 -2.53967 1.03721 1.76698 -2.5402 1.03828 0.363042 -2.5402 1.03935 -0.572918 -2.52091 -1.08819 -0.104938 -2.52038 -1.08711 1.29871 -2.59219 -0.876076 2.06363 -2.63399 -0.753644 2.06363 -2.72563 -0.285928 2.06363 -2.51984 -1.08657 2.06363 -2.40301 -1.3207 2.06363 -2.31727 -1.4485 2.06363 -2.16882 -1.66974 2.06363 -1.98554 -1.90387 2.06363 -1.89979 -1.9769 2.06363 -1.75135 -2.10309 2.06363 -1.55788 -2.2513 2.06363 -1.44534 -2.33722 2.06363 -1.3596 -2.38393 2.06363 -1.21169 -2.46448 2.06363 -0.834945 -2.61215 2.06363 -0.538588 -2.68035 2.06363 -0.367097 -2.71955 2.06363 -0.0707399 -2.73459 2.06363 0.100215 -2.74264 2.06363 0.568599 -2.68304 2.06363 1.03645 -2.53644 2.06363 1.31083 -2.41562 2.06363 1.39658 -2.35923 2.06363 1.54449 -2.2615 2.06363 1.73795 -2.11329 2.06363 1.84995 -2.02738 2.06363 2.08361 -1.77875 2.06363 2.26957 -1.54462 2.06363 2.33602 -1.42649 2.06363 2.45017 -1.2219 2.06363 2.51287 -1.06832 2.06363 2.62113 -0.803046 2.06363 2.68758 -0.56892 2.06363 2.72563 -0.285928 2.06363 2.72938 -0.11463 2.06363 2.73474 0.181788 2.06363 2.69669 0.510423 2.06363 2.66078 0.658631 2.06363 2.63988 0.74455 2.06363 2.50108 1.11775 2.06363 2.30173 1.49579 2.06363 2.19508 1.644 2.06363 2.13345 1.72938 2.06363 2.0477 1.8196 2.06363 1.89926 1.97479 2.06363 1.6313 2.20891 2.06363 1.39711 2.36464 2.06363 1.03645 2.53755 2.06363 0.568599 2.682 2.06363 0.271705 2.71905 2.06363 0.100215 2.73999 2.06363 -0.195606 2.72603 2.06363 -0.367097 2.71744 2.06363 -0.66399 2.64978 2.06363 -0.834945 2.61058 2.06363 -1.2969 2.41135 2.06363 -1.53109 2.28409 2.06363 -1.68329 2.15682 2.06363 -1.77118 2.08326 2.06363 -2.03591 1.85289 2.06363 -2.23099 1.58547 2.06363 -2.30548 1.47055 2.06363 -2.43409 1.2708 2.06363 -2.50108 1.12259 2.06363 -2.53913 1.03667 2.06363 -2.66239 0.649502 2.06363 -2.68919 0.478204 2.06363 -2.73474 0.181788 2.06363 -2.73152 0.00995124 2.06363 -2.43517 1.27241 0.363042 -2.40355 -1.32178 0.830725 -2.23206 1.58547 -0.104938 -2.16989 -1.67135 -0.572918 -2.16936 -1.67028 1.29871 -1.98608 -1.90441 1.29871 -1.77118 2.08379 1.29871 -1.77118 2.08433 0.363042 -1.77118 2.08487 -0.572918 -1.75188 -2.10309 1.76698 -1.53216 2.28463 0.830725 -1.53323 2.28516 -0.572918 -1.75296 -2.10363 -0.572918 -1.29743 2.41135 1.76698 -0.834945 2.61165 -0.104938 -1.21169 -2.46502 1.76698 -0.834945 -2.61323 -0.572918 -0.834945 -2.61269 1.29871 -0.367097 2.71851 0.363042 -0.367097 2.71905 -0.572918 -0.367097 -2.72009 -0.572918 0.100215 2.74053 1.76698 0.568599 2.68307 0.830725 0.568599 -2.68411 -0.572918 1.03645 2.53808 0.830725 1.03645 2.53862 -0.572918 0.568599 -2.68357 0.830725 1.39765 2.36518 0.830725 1.39711 2.36518 1.76698 1.6313 2.20945 0.363042 1.3119 -2.41669 0.363042 1.31083 -2.41615 1.76698 1.31244 -2.41669 -0.572918 1.90033 1.97532 0.363042 1.89979 1.97479 1.76698 1.89979 1.97532 1.29871 1.54609 -2.26204 0.363042 1.54502 -2.26204 1.29871 2.13399 1.72992 1.29871 1.54663 -2.26204 -0.572918 1.85049 -2.02791 0.830725 1.54502 -2.2615 1.76698 2.13345 1.72992 1.76698 2.30226 1.49633 -0.104938 2.08468 -1.77982 -0.104938 2.08415 -1.77875 1.76698 2.50162 1.11775 1.29871 2.50216 1.11775 0.363042 2.50269 1.11775 -0.572918 2.27011 -1.54516 1.29871 2.27011 -1.54462 1.76698 2.64096 0.748308 -0.572918 2.27064 -1.54624 -0.572918 2.69723 0.51096 1.76698 2.69776 0.513644 -0.104938 2.45178 -1.2219 -0.104938 2.73528 0.181788 1.76698 2.62166 -0.80573 -0.104938 2.68865 -0.571068 0.363042 2.72616 -0.285928 1.76698 2.68811 -0.56892 1.76698 -6.24894 -8.09619 -0.969929 -6.24894 -8.09619 2.06363 -6.24466 -8.02336 2.06363 -6.23695 -7.89695 -0.969929 -6.19924 -7.69849 -0.969929 -6.19238 -7.66293 -0.969929 -6.00299 -7.30607 -0.969929 -5.97128 -7.26492 -0.969929 -5.79303 -7.03385 -0.969929 -5.55737 -6.90853 -0.969929 -5.51452 -6.88617 -0.969929 -5.04661 -6.75976 -0.969929 -4.5787 -6.74268 -0.969929 1.03619 -6.74268 -0.969929 1.41754 -6.88244 -0.969929 1.48524 -6.90744 -0.969929 1.52124 -6.93586 -0.969929 1.7192 -7.09441 -0.969929 1.9163 -7.32828 -0.969929 2.15025 -7.60718 -0.969929 2.31394 -7.80564 -0.969929 2.34307 -7.8412 -0.969929 2.37821 -7.90208 -0.969929 2.48962 -8.09619 -0.969929 2.5059 -8.09619 2.06363 2.33965 -7.78794 2.06363 1.94287 -7.30964 2.06363 1.72091 -7.08804 2.06363 1.6952 -7.06863 2.06363 1.51866 -6.93694 2.06363 1.19987 -6.81613 2.06363 1.03619 -6.75588 2.06363 0.100374 -6.5099 2.06363 -0.367534 -6.51176 2.06363 -5.04661 -6.75976 2.06363 -5.34398 -6.83989 2.06363 -5.51452 -6.88617 2.06363 -5.69105 -6.97965 2.06363 -5.79303 -7.03385 2.06363 -5.87016 -7.13354 2.06363 -6.00299 -7.30607 2.06363 -6.07241 -7.43667 2.06363 -6.19238 -7.66293 2.06363 -6.22066 -7.81123 2.06363 -6.23695 -7.89695 2.06363 1.48524 -6.90744 1.29871 1.03619 -6.74268 1.29871 1.48181 -6.91629 1.76698 -10.195 -10.4447 0.00124445 -7.36639 -10.4447 -6.65694 -7.36639 -10.4425 -6.67821 -10.6632 -10.4447 0.00124445 -10.7573 -10.4873 0.00124445 -11.0772 -10.6329 0.00124445 -11.2163 -10.9556 0.00124445 -11.2574 -11.052 0.00124445 -11.2574 -33.3358 0.00124445 -9.54254 -33.3358 0.00124445 -9.54254 -11.5203 0.00124445 -9.54444 -11.1573 0.00124445 -9.5452 -11.052 0.00124445 -9.75432 -10.6307 0.00124445 -9.8545 -10.5881 0.00124445 -7.36639 -10.6217 -6.25215 -7.36639 -10.6307 -6.23316 -7.36639 -11.0318 -6.05165 -7.36639 -11.052 -6.04254 -7.36639 -33.3358 -5.84584 -7.36639 -33.3358 -7.59715 -7.36639 -33.0669 -7.64196 -7.36639 -33.0445 -7.645 -7.36639 -32.5761 -7.70348 -7.36639 -32.11 -7.73689 -7.36639 -31.6416 -7.75208 -7.36639 -31.1733 -7.7574 -7.36639 -11.5203 -7.7574 -7.36639 -11.052 -7.75512 -7.36639 -10.6486 -7.56526 -7.36639 -10.6307 -7.55614 -7.36639 -10.4425 -7.12477 -10.6632 -10.4447 -1.50932 -8.32362 -10.4447 -7.12477 -8.79138 -10.4447 -6.65694 -9.25952 -10.4447 -6.18835 -9.72728 -10.4447 -5.2527 -10.195 -10.4447 -4.31629 -7.85548 -10.6307 -7.55614 -8.32362 -10.6307 -7.55462 -10.6632 -10.4469 -1.97715 -11.0742 -10.6329 -1.50932 -11.0772 -10.6329 -1.04149 -8.79138 -10.4537 -7.12477 -9.25952 -10.4604 -6.65694 -9.72728 -10.4537 -5.72053 -10.195 -10.4649 -4.78487 -10.6632 -10.4626 -2.91356 -10.6632 -10.4514 -2.44574 -7.85548 -11.052 -7.75512 -8.79138 -10.6397 -7.52273 -8.32362 -11.052 -7.75284 -11.0658 -10.6352 -1.97715 -11.2517 -11.052 -1.50932 -11.2574 -11.052 -1.04149 -9.14563 -10.7046 -7.44754 -9.28466 -10.615 -7.14603 -9.72728 -10.5299 -6.18835 -10.195 -10.5455 -5.2527 -10.5676 -10.6509 -4.78487 -10.6632 -10.4873 -3.38139 -11.0224 -10.6486 -2.91356 -11.0498 -10.6397 -2.44574 -7.85548 -11.5203 -7.7574 -8.79138 -11.052 -7.68829 -8.32362 -11.5203 -7.75436 -11.2345 -11.052 -1.97715 -11.2521 -11.5203 -1.50932 -11.2384 -12.4548 -1.97715 -11.2403 -13.3915 -1.97715 -11.2551 -15.731 -1.50932 -11.2574 -32.5761 -1.04149 -11.2574 -33.3358 -0.573667 -11.2544 -33.3358 -1.04149 -11.2425 -33.3358 -1.50932 -11.217 -33.3358 -1.97715 -11.1747 -33.3358 -2.44574 -11.1115 -33.3358 -2.91356 -11.0247 -33.3358 -3.38139 -10.9363 -33.3358 -3.76871 -10.8993 -33.3358 -3.91301 -10.8765 -33.3358 -4.00187 -10.7839 -33.3358 -4.31629 -10.6319 -33.3358 -4.78487 -10.5489 -33.3358 -5.01043 -10.4906 -33.3358 -5.16764 -10.3935 -33.3358 -5.40155 -10.2476 -33.3358 -5.72053 -10.0491 -33.3358 -6.12532 -9.92726 -33.3358 -6.35923 -9.8126 -33.3358 -6.55517 -9.75204 -33.3358 -6.65694 -9.55206 -33.3358 -6.9744 -9.33875 -33.3358 -7.20831 -9.194 -33.3358 -7.33514 -9.10487 -33.3358 -7.4126 -8.79138 -33.3358 -7.52804 -8.32362 -33.3358 -7.59336 -8.03375 -33.3358 -7.59563 -7.85548 -33.3358 -7.59639 -7.56599 -33.3358 -7.59715 -9.20581 -11.052 -7.49235 -9.43931 -11.052 -7.29489 -9.56653 -10.7158 -7.00401 -9.72423 -10.6688 -6.62049 -10.0354 -10.7158 -6.18835 -10.2015 -10.6665 -5.68179 -10.6632 -10.559 -3.84922 -10.4819 -10.7315 -5.2527 -10.9032 -10.8032 -4.10516 -10.9351 -10.745 -3.84922 -10.9847 -10.6755 -3.38139 -11.2029 -11.052 -2.44574 -7.85548 -31.1733 -7.7574 -8.32362 -31.1733 -7.75436 -8.79138 -11.5203 -7.68905 -8.79138 -31.1733 -7.68905 -11.206 -12.4548 -2.44574 -11.2414 -15.731 -1.97715 -11.2067 -12.9232 -2.44574 -11.2399 -31.1733 -1.97715 -11.2528 -31.6416 -1.50932 -11.2521 -32.11 -1.50932 -11.2559 -33.0445 -1.04149 -9.43931 -17.1361 -7.29565 -9.20581 -31.1733 -7.49235 -9.43931 -31.1733 -7.29565 -9.60501 -17.1361 -7.06097 -9.60386 -12.4548 -7.06097 -9.60348 -11.052 -7.06097 -9.60577 -22.7496 -7.06097 -9.97182 -10.7943 -6.4405 -10.435 -10.8032 -5.49952 -10.7058 -11.052 -4.78487 -10.8433 -11.052 -4.35046 -10.9058 -11.052 -4.11655 -10.9736 -11.052 -3.84922 -11.0727 -11.052 -3.38139 -11.1477 -11.052 -2.91356 -7.85548 -31.6416 -7.75208 -8.32362 -31.6416 -7.74904 -8.79138 -31.6416 -7.68373 -11.2071 -13.8599 -2.44574 -11.2075 -15.2627 -2.44574 -11.2079 -16.6678 -2.44574 -11.2083 -19.4756 -2.44574 -11.2086 -30.2366 -2.44574 -11.2086 -31.1733 -2.44574 -11.1485 -11.9865 -2.91356 -11.1488 -12.4548 -2.91356 -11.1507 -15.731 -2.91356 -11.1515 -17.1361 -2.91356 -11.1519 -18.0706 -2.91356 -11.1523 -19.0073 -2.91356 -11.2395 -31.6416 -1.97715 -11.238 -32.11 -1.97715 -11.2505 -32.5761 -1.50932 -7.85548 -33.0445 -7.645 -9.60577 -31.1733 -7.06097 -9.20315 -31.6416 -7.48931 -9.43664 -31.6416 -7.29261 -9.83965 -21.8152 -6.68808 -9.83927 -19.944 -6.68808 -9.83736 -11.052 -6.68428 -9.83889 -16.6678 -6.68656 -9.83965 -31.1733 -6.68808 -9.97716 -11.052 -6.45037 -10.1097 -11.052 -6.18835 -10.328 -11.052 -5.74027 -10.4384 -11.052 -5.50636 -10.5348 -11.052 -5.2527 -10.5352 -11.5203 -5.2527 -10.7062 -11.5203 -4.78487 -10.8437 -11.5203 -4.35122 -10.9062 -11.5203 -4.11731 -10.974 -11.9865 -3.84922 -11.078 -22.2813 -3.38139 -11.0757 -17.1361 -3.38139 -11.0742 -13.8599 -3.38139 -11.073 -11.5203 -3.38139 -10.907 -14.7943 -4.11959 -10.9085 -21.3468 -4.12414 -7.85548 -32.11 -7.73689 -8.32362 -32.11 -7.73461 -11.1534 -22.7496 -2.91356 -11.1538 -24.1525 -2.91356 -11.1542 -26.9603 -2.91356 -11.1542 -31.1733 -2.91356 -11.2079 -31.6416 -2.44574 -11.2041 -32.11 -2.44574 -11.2326 -32.5761 -1.97715 -11.2464 -33.0445 -1.50932 -8.32362 -33.0445 -7.6412 -8.32362 -32.5761 -7.70044 -7.85548 -32.5761 -7.70348 -9.60424 -31.6416 -7.0587 -9.19477 -32.11 -7.48171 -9.97944 -20.4101 -6.45417 -9.97944 -31.1733 -6.45417 -9.9783 -14.7943 -6.45189 -9.83812 -31.6416 -6.6858 -10.1105 -11.9865 -6.18835 -10.1147 -19.4756 -6.18835 -10.1139 -18.0706 -6.18835 -10.1124 -15.2627 -6.18835 -10.1116 -13.8599 -6.18835 -10.3287 -13.3915 -5.74179 -10.4388 -12.9232 -5.50788 -10.536 -12.9232 -5.2527 -10.7066 -12.4548 -4.78487 -10.7074 -14.7943 -4.78487 -10.7077 -16.1994 -4.78487 -10.8437 -12.4548 -4.35198 -10.9763 -17.6022 -3.84922 -11.0784 -23.6841 -3.38139 -10.9778 -21.8152 -3.84922 -10.8437 -16.6678 -4.35502 -10.8437 -19.944 -4.3573 -10.8437 -21.3468 -4.35806 -10.8437 -31.1733 -4.35806 -10.9085 -31.1733 -4.12414 -10.9778 -31.1733 -3.84922 -8.79138 -32.11 -7.66854 -8.79138 -32.5761 -7.63437 -11.0788 -25.5575 -3.38139 -11.0788 -31.1733 -3.38139 -11.0772 -31.6416 -3.38139 -11.1526 -31.6416 -2.91356 -11.1469 -32.11 -2.91356 -11.1965 -32.5761 -2.44574 -11.2239 -33.0445 -1.97715 -8.79138 -33.0445 -7.57589 -9.42826 -32.11 -7.2835 -9.59891 -32.11 -7.04958 -9.17496 -32.5761 -7.46501 -10.1154 -21.3468 -6.18835 -10.115 -20.4101 -6.18835 -10.1173 -31.1733 -6.18835 -10.1173 -30.2366 -6.18835 -10.1166 -26.0259 -6.18835 -10.1162 -24.1525 -6.18835 -10.4392 -13.8599 -5.50788 -10.3299 -17.1361 -5.74255 -10.5363 -13.8599 -5.2527 -10.5367 -15.2627 -5.2527 -10.5371 -16.6678 -5.2527 -10.7089 -21.3468 -4.78487 -10.5386 -23.218 -5.2527 -10.7096 -25.0892 -4.78487 -10.71 -27.897 -4.78487 -10.71 -31.1733 -4.78487 -10.843 -31.6416 -4.35578 -10.9077 -31.6416 -4.1211 -10.9763 -31.6416 -3.84922 -11.0711 -32.11 -3.38139 -11.1366 -32.5761 -2.91356 -11.1843 -33.0445 -2.44574 -9.13839 -33.0445 -7.43615 -9.40846 -32.5761 -7.26527 -9.58748 -32.5761 -7.03135 -9.83279 -32.11 -6.67593 -9.97792 -31.6416 -6.45113 -10.3314 -21.8152 -5.74255 -10.3318 -23.218 -5.74255 -10.1147 -31.6416 -6.18835 -10.3333 -31.1733 -5.74331 -10.3329 -28.8337 -5.74331 -10.4392 -18.0706 -5.50864 -10.5394 -28.3654 -5.2527 -10.539 -25.5575 -5.2527 -10.5394 -31.1733 -5.2527 -10.7081 -31.6416 -4.78487 -10.7001 -32.11 -4.78487 -10.8388 -32.11 -4.34363 -10.9047 -32.11 -4.10971 -10.9698 -32.11 -3.84922 -11.0589 -32.5761 -3.38139 -11.1233 -33.0445 -2.91356 -9.37189 -33.0445 -7.23337 -9.56806 -33.0445 -6.99946 -9.78442 -33.0445 -6.65694 -9.84688 -32.5783 -6.61441 -9.9722 -32.11 -6.44125 -9.96573 -32.4237 -6.43062 -10.3318 -31.6416 -5.73951 -10.1036 -32.11 -6.18835 -10.4392 -31.1733 -5.5094 -10.4392 -29.7682 -5.5094 -10.5367 -31.6416 -5.2527 -10.5081 -32.1346 -5.29751 -10.5165 -32.5761 -5.23371 -10.6834 -32.5761 -4.78487 -10.8418 -32.5783 -4.27679 -10.9005 -32.4237 -4.09452 -10.9466 -32.5783 -3.88871 -11.0407 -33.0445 -3.38139 -9.94364 -33.0445 -6.38961 -9.95697 -32.7352 -6.41467 -10.0606 -32.5783 -6.23088 -10.3463 -32.1346 -5.67952 -10.4335 -31.9957 -5.49649 -10.4373 -31.6416 -5.50484 -10.3078 -32.5761 -5.72053 -10.4278 -32.3072 -5.48358 -10.4213 -32.5761 -5.46763 -10.5028 -33.0445 -5.19802 -10.6559 -33.0445 -4.78487 -10.8049 -33.0445 -4.31629 -10.894 -32.7352 -4.07098 -10.9458 -33.0445 -3.80517 -10.0644 -33.0445 -6.1557 -10.2754 -33.0445 -5.72053 -10.4064 -33.0445 -5.43193 -10.886 -33.0445 -4.03832 -7.36639 -11.0514 7.75664 -7.36639 -11.0337 7.7536 -7.85548 -11.0514 7.75664 -7.85548 -31.172 7.75664 -7.36639 -31.172 7.75664 -7.36639 -31.6415 7.75132 -7.36639 -32.1087 7.73462 -7.36639 -32.556 7.70122 -7.36639 -32.576 7.6997 -7.36639 -33.0034 7.64883 -7.36639 -33.0654 7.64048 -7.36639 -33.0654 5.97855 -7.36639 -33.0454 5.90795 -7.36639 -11.0514 6.04157 -7.36639 -10.6727 6.12736 -7.36639 -10.4934 6.43181 -7.36639 -10.4867 6.44623 -7.36639 -10.4424 6.91467 -7.36639 -10.5 7.38235 -7.36639 -10.6794 7.67313 -7.36639 -10.6882 7.68679 -7.85548 -10.6882 7.68679 -8.32362 -10.6905 7.68527 -8.32362 -11.0514 7.75436 -8.32362 -31.172 7.75436 -7.85548 -10.5 7.38235 -8.32362 -10.5022 7.38235 -8.79138 -10.7458 7.65414 -8.79138 -10.5598 7.38235 -8.79138 -11.0514 7.69135 -8.79138 -31.172 7.69135 -8.32362 -31.6415 7.74829 -7.85548 -31.6415 7.75057 -7.85548 -32.1087 7.73462 -8.79138 -10.4446 6.91467 -9.03364 -10.8056 7.6215 -9.25952 -10.5089 6.91467 -9.21762 -10.7104 7.35274 -9.03745 -11.0514 7.62378 -9.03745 -31.172 7.62378 -8.79138 -31.6415 7.68603 -8.32362 -32.1087 7.73386 -8.32362 -32.576 7.6997 -7.85548 -32.576 7.70046 -10.195 -10.4446 0.00200354 -10.6632 -10.4446 0.00200354 -10.6632 -10.4446 1.2995 -10.195 -10.4446 4.10633 -9.25952 -10.4446 5.97855 -9.72728 -10.4469 5.51088 -9.25952 -10.4491 6.44623 -9.51511 -10.7746 7.17736 -9.27171 -11.0514 7.42562 -9.74975 -10.6218 6.45155 -9.59625 -10.6971 6.91467 -9.72728 -10.4779 5.97855 -9.27171 -31.172 7.42562 -9.03326 -31.6415 7.6215 -9.02793 -31.9072 7.6177 -8.82681 -32.0822 7.66326 -8.7152 -32.576 7.65642 -7.85548 -33.0233 7.64579 -9.75432 -10.6307 0.00200354 -9.70671 -10.7259 0.00200354 -9.5452 -11.0514 0.00200354 -9.54444 -11.1577 0.00200354 -9.54254 -11.5187 0.00200354 -9.54254 -33.0654 0.00200354 -11.2574 -33.0654 0.00200354 -11.2574 -11.0514 0.00200354 -11.0772 -10.6329 0.00200354 -10.7573 -10.4867 0.00200354 -11.0768 -10.6329 1.2995 -10.6632 -10.4491 2.23562 -10.195 -10.4513 4.57476 -9.90021 -11.0514 6.57606 -9.69909 -11.0514 6.91467 -9.52616 -11.0514 7.19102 -10.0088 -10.7347 6.29894 -9.52616 -31.172 7.19102 -10.088 -10.6639 5.97855 -10.195 -10.4956 5.04244 -9.26714 -31.6415 7.42334 -9.21419 -32.0822 7.45295 -9.25952 -32.576 7.37779 -9.00621 -32.2195 7.61087 -8.94946 -32.576 7.59493 -8.6314 -32.9392 7.63516 -8.32362 -33.0144 7.64503 -7.85548 -33.0654 7.64048 -11.0772 -10.6329 0.831068 -11.0708 -10.6329 1.76718 -11.2574 -11.0514 0.831068 -11.2566 -11.0514 1.2995 -10.6632 -10.4557 2.7033 -10.6632 -10.4734 3.17173 -10.0328 -11.0514 6.34222 -9.90059 -11.9881 6.57682 -9.90097 -13.3921 6.57758 -9.90174 -16.2 6.57833 -9.69985 -12.9226 6.91467 -9.70214 -21.3464 6.91467 -9.70328 -26.9601 6.91467 -9.70366 -28.8335 6.91467 -9.70366 -31.172 6.91467 -10.4628 -10.7525 5.35524 -10.2152 -11.0514 5.97855 -9.52463 -31.6415 7.18875 -10.5215 -10.6838 5.04244 -10.6632 -10.5199 3.63941 -10.6003 -10.6395 4.57476 -9.5193 -32.1087 7.18191 -9.50673 -32.576 7.16597 -9.49607 -32.8373 7.1523 -9.29533 -33.0144 7.29579 -9.28695 -33.0654 7.29504 -8.79252 -33.0654 7.57215 -8.77576 -33.0654 7.57746 -8.32362 -33.0654 7.6382 -9.3616 -33.0654 7.23278 -9.55739 -33.0654 7.01337 -9.60615 -33.0654 6.9382 -9.86593 -33.0654 6.51077 -9.87164 -33.0654 6.5009 -9.99734 -33.0654 6.2792 -10.1505 -33.0654 5.98007 -10.1611 -33.0654 5.95806 -10.3554 -33.0654 5.54504 -10.4529 -33.0654 5.31728 -10.558 -33.0654 5.04396 -10.5657 -33.0654 5.02346 -10.7253 -33.0654 4.57476 -10.8506 -33.0654 4.16327 -10.9123 -33.0654 3.93095 -10.982 -33.0654 3.64093 -10.9866 -33.0654 3.61967 -11.0799 -33.0654 3.17173 -11.1523 -33.0654 2.7033 -11.1546 -33.0654 2.68431 -11.2056 -33.0654 2.23562 -11.2071 -33.0654 2.21588 -11.238 -33.0654 1.76718 -11.2387 -33.0654 1.7482 -11.2521 -33.0654 1.2995 -11.2524 -33.0654 1.27976 -11.2574 -33.0654 0.812087 -7.3683 -33.0654 5.90415 -11.0593 -10.6351 2.23562 -11.2448 -11.0514 1.76718 -11.257 -11.5187 1.2995 -11.2574 -33.0454 0.831068 -11.257 -30.7048 1.2995 -11.2486 -12.9226 1.76718 -11.0372 -10.6439 2.7033 -11.0033 -10.6595 3.17173 -10.2156 -11.5187 5.97855 -10.0331 -11.5187 6.34222 -10.0335 -12.9226 6.34298 -10.0335 -13.8593 6.34374 -9.90326 -22.7482 6.57985 -9.9044 -28.3641 6.58137 -9.9044 -31.172 6.58137 -10.9207 -10.7657 3.96587 -10.7729 -11.0514 4.57476 -10.6137 -11.0514 5.04244 -10.4796 -11.0514 5.39472 -10.3775 -11.0514 5.62856 -9.70023 -31.6415 6.91467 -10.9591 -10.706 3.63941 -9.68957 -32.1087 6.91467 -9.66519 -32.576 6.91467 -9.60615 -33.0144 6.94731 -11.2216 -11.0514 2.23562 -11.2265 -13.3921 2.23562 -11.2505 -15.7306 1.76718 -11.2505 -16.2 1.76718 -11.2544 -32.576 1.2995 -11.2559 -32.1087 1.2995 -11.2566 -31.6415 1.2995 -11.1774 -11.0514 2.7033 -10.2168 -13.3921 5.97855 -10.2171 -14.3266 5.97855 -10.2206 -22.7482 5.97855 -10.0339 -15.2633 6.34374 -10.2209 -24.1522 5.97855 -10.0343 -26.0256 6.34677 -10.0343 -29.3008 6.34753 -10.0343 -31.172 6.34753 -10.0343 -19.9425 6.34526 -9.90288 -31.6415 6.57833 -11.1096 -11.0514 3.17173 -11.0212 -11.0514 3.63941 -10.9325 -11.0514 4.01294 -10.8727 -11.0514 4.24678 -10.8738 -11.5187 4.24754 -10.774 -11.5187 4.57476 -10.614 -11.5187 5.04244 -10.48 -11.9881 5.39548 -10.3783 -12.9226 5.63007 -9.89716 -32.1087 6.56695 -9.88574 -32.576 6.54721 -9.86631 -33.0454 6.51456 -11.2277 -15.2633 2.23562 -11.2483 -30.2375 1.76718 -11.2486 -28.8335 1.76718 -11.2494 -25.5561 1.76718 -11.2502 -21.8137 1.76718 -11.246 -32.1087 1.76718 -11.2475 -31.6415 1.76718 -11.2479 -31.172 1.76718 -11.11 -11.5187 3.17173 -11.1782 -12.9226 2.7033 -11.1115 -14.3266 3.17173 -10.3802 -19.008 5.63387 -10.3805 -20.4119 5.63463 -10.3813 -22.7482 5.63539 -10.3817 -24.1522 5.63539 -10.2213 -30.2375 5.97855 -10.2213 -31.172 5.97855 -10.0328 -31.6415 6.34374 -11.022 -12.4554 3.63941 -11.0228 -14.3266 3.63941 -11.0231 -15.2633 3.63941 -10.9336 -16.2 4.01674 -10.9329 -12.9226 4.01446 -10.7744 -11.9881 4.57476 -10.8742 -12.9226 4.2483 -10.8746 -15.2633 4.25058 -10.6152 -13.8593 5.04244 -10.4819 -20.4119 5.40079 -10.0263 -32.1087 6.33311 -10.0156 -32.576 6.31337 -9.99849 -33.0454 6.28072 -11.1797 -18.0713 2.7033 -11.2269 -21.8137 2.23562 -11.1827 -31.172 2.7033 -11.1827 -29.768 2.7033 -11.1824 -27.4296 2.7033 -11.1816 -24.6216 2.7033 -11.225 -31.172 2.23562 -11.2258 -27.4296 2.23562 -11.2429 -32.576 1.76718 -11.2231 -31.6415 2.23562 -11.1142 -22.7482 3.17173 -11.1127 -17.604 3.17173 -10.3821 -30.2375 5.63539 -10.3821 -31.172 5.63539 -10.2183 -31.6415 5.97855 -10.2068 -32.1087 5.97855 -11.0239 -18.0713 3.63941 -10.9359 -26.9601 4.02054 -10.9344 -19.9425 4.01826 -11.1157 -28.3641 3.17173 -10.7748 -12.9226 4.57476 -10.6171 -18.0713 5.04244 -10.8746 -17.1345 4.25134 -10.7767 -20.8792 4.57476 -10.7763 -18.0713 4.57476 -10.7759 -16.2 4.57476 -10.7755 -14.7961 4.57476 -10.6175 -19.008 5.04244 -10.6178 -20.4119 5.04244 -10.6182 -22.7482 5.04244 -10.4819 -22.7482 5.40155 -10.1863 -32.576 5.97855 -10.1535 -33.0454 5.97855 -11.1808 -31.6415 2.7033 -11.1138 -31.6415 3.17173 -11.1157 -31.172 3.17173 -11.2197 -32.1087 2.23562 -10.4822 -26.9601 5.40155 -10.4822 -31.172 5.40155 -10.3809 -31.6415 5.63311 -10.3756 -32.1087 5.62096 -11.025 -23.2177 3.63941 -11.0258 -26.9601 3.63941 -10.9363 -30.7048 4.02054 -10.8746 -24.1522 4.25361 -10.8746 -26.4929 4.25437 -10.8746 -31.172 4.25437 -10.7767 -31.172 4.57476 -10.6186 -31.172 5.04244 -10.6186 -28.8335 5.04244 -10.3657 -32.576 5.59667 -10.3501 -33.0454 5.56099 -11.1759 -32.1087 2.7033 -11.0258 -31.172 3.63941 -11.0239 -31.6415 3.63941 -11.2144 -32.576 2.23562 -10.4811 -31.6415 5.39851 -10.4762 -32.1087 5.38637 -10.9363 -31.172 4.02054 -10.7752 -31.6415 4.57476 -10.4659 -32.576 5.36283 -10.4506 -33.0454 5.32715 -11.1085 -32.1087 3.17173 -11.206 -33.0454 2.23562 -11.1671 -32.576 2.7033 -10.9355 -31.6415 4.0175 -10.6163 -31.6415 5.04244 -10.6076 -32.1087 5.04244 -10.5889 -32.576 5.04244 -10.8738 -31.6415 4.25134 -10.8704 -32.1087 4.23919 -10.7679 -32.1087 4.57476 -10.5603 -33.0454 5.04244 -11.017 -32.1087 3.63941 -11.0974 -32.576 3.17173 -10.9321 -32.1087 4.00535 -11.153 -33.0454 2.7033 -10.7523 -32.576 4.57476 -10.7264 -33.0454 4.57476 -10.9249 -32.576 3.97802 -10.8632 -32.576 4.21186 -11.0037 -32.576 3.63941 -11.0807 -33.0454 3.17173 -10.851 -33.0454 4.16706 -10.9131 -33.0454 3.93323 -10.9835 -33.0454 3.63941 -0.835838 -6.05594 -7.74677 -5.51525 -7.77395 -7.58158 -1.14922 -6.05594 -7.7408 -1.30271 -6.05594 -7.73748 -5.51525 -6.05594 -7.58224 -5.82969 -6.05594 -7.55372 -5.98319 -6.05594 -7.52585 -6.21982 -6.05594 -7.45089 -6.30297 -6.05594 -7.41373 -6.3925 -6.05594 -7.21006 -6.40316 -6.05594 -7.12448 -6.41276 -6.05594 -6.81002 -6.41595 -6.05594 -6.65677 -6.41702 -6.05594 -6.1884 -6.41595 -6.05594 -5.72068 -6.40529 -6.05594 -5.25297 -6.3051 -6.05594 -4.9551 -1.16308 -6.05594 -2.18333 -0.835838 -6.05594 -2.15679 -0.367897 -6.05594 -2.13622 0.100044 -6.05594 -2.13423 0.338811 -6.05594 -2.13821 0.567984 -6.05594 -2.14352 0.845125 -6.05594 -2.15878 0.992222 -6.05594 -2.16807 1.29601 -6.05594 -2.21782 1.48361 -6.05594 -2.41486 1.48575 -6.05594 -2.41751 2.94286 -6.05594 -4.81511 3.16777 -6.05594 -5.19857 3.19122 -6.05594 -5.25297 3.20615 -6.05594 -5.5807 3.20935 -6.05594 -5.72068 3.21041 -6.05594 -6.04112 3.21041 -6.05594 -6.65677 3.17843 -6.05594 -7.12714 2.93967 -6.05594 -7.51656 2.6103 -6.05594 -7.61409 2.43975 -6.05594 -7.65588 2.1253 -6.05594 -7.68109 1.50387 -6.05594 -7.72886 1.03593 -6.05594 -7.74412 0.721478 -6.05594 -7.74611 0.567984 -6.05594 -7.74677 3.37563 -7.77395 -7.58158 -1.44874 -8.09635 -7.54841 -5.51525 -8.09635 -7.54774 -6.0109 -8.09635 -7.46017 -5.98319 -7.77395 -7.49732 -5.51525 -7.30595 -7.58224 3.6986 -8.09635 -7.54907 3.8553 -8.09635 -7.52187 4.18893 -8.09635 -7.45354 4.27207 -8.09635 -7.4343 4.42557 -8.09635 -7.18817 4.44902 -8.09635 -7.12448 4.4714 -8.09635 -6.69989 4.47247 -8.09635 -6.65677 4.4714 -8.09635 -3.84917 4.44155 -8.09635 -3.38146 4.24223 -8.09635 -2.97479 2.48985 -8.09635 -0.970592 -6.2486 -8.09635 -0.970592 -6.25713 -8.09635 -4.7846 -6.25713 -8.09635 -6.65677 -6.24647 -8.09635 -7.15102 -6.23368 -8.09635 -7.33744 -6.23048 -8.09635 -7.37791 4.19106 -7.86624 -7.43297 3.88194 -7.7358 -7.49268 -6.23688 -7.8968 -0.970592 2.37792 -7.90199 -0.970592 2.36513 -7.87982 -0.970592 2.34275 -7.84107 -0.970592 2.31397 -7.80552 -0.970592 2.14982 -7.60717 -0.970592 1.95155 -7.37067 -0.970592 1.71918 -7.09422 -0.970592 1.48575 -6.90746 -0.970592 1.03593 -6.74267 -0.970592 -4.57936 -6.74267 -0.970592 -5.04731 -6.75984 -0.970592 -5.51525 -6.88608 -0.970592 -5.79345 -7.0339 -0.970592 -5.97146 -7.2646 -0.970592 -6.00237 -7.30595 -0.970592 -6.19211 -7.6629 -0.970592 -6.19957 -7.69845 -0.970592 4.24649 -7.80452 -3.38146 4.18147 -7.88202 -3.03516 3.6112 -7.07145 -3.14595 0.100406 6.22199 4.03983 0.18936 6.21859 4.03983 0.100406 6.19365 2.70315 -0.366298 6.21632 4.03983 -0.834221 6.17552 4.03983 -1.30336 6.09844 4.03983 -1.57266 6.04177 4.03983 -2.23921 5.80261 4.03983 -2.64255 5.64507 4.03983 -3.17505 5.34811 4.03983 -3.50162 5.16109 4.03983 -4.02194 4.75078 4.03983 -4.48865 4.30874 4.03983 -4.91758 3.82363 4.03983 -5.31604 3.27618 4.03983 -5.78031 2.35696 4.03983 -5.88023 2.0532 4.03983 -6.00696 1.58509 4.03983 -6.10688 1.11698 4.03983 -6.2263 0.501523 4.03983 -6.23848 0.181892 4.03983 -6.23848 0.054947 4.03983 -6.23361 -0.285084 4.03983 -6.23239 -0.357625 4.03983 -6.22142 -0.557109 4.03983 -6.20193 -0.724858 4.03983 -6.07642 -1.30291 4.03983 -5.95944 -1.79369 4.03983 -5.83027 -2.22666 4.03983 -5.75959 -2.41368 4.03983 -5.67795 -2.58256 4.03983 -5.38306 -3.16062 4.03983 -5.2868 -3.3363 4.03983 -5.1686 -3.50405 4.03983 -4.88346 -3.88148 4.03983 -4.7287 -4.0617 4.03983 -4.446 -4.3666 4.03983 -4.25469 -4.54908 4.03983 -4.14867 -4.64882 4.03983 -3.96833 -4.80864 4.03983 -3.60398 -5.09313 4.03983 -3.43338 -5.21667 4.03983 -3.24207 -5.32775 4.03983 -3.16774 -5.35609 4.03983 3.15409 -5.35609 4.03983 3.29057 -5.29261 4.03983 4.08262 -4.7361 4.03983 4.55786 -4.27592 4.03983 5.13789 -3.51312 4.03983 5.51686 -2.92033 4.03983 5.64358 -2.62564 4.03983 5.82393 -2.15752 4.03983 6.01037 -1.65994 4.03983 6.10907 -1.2213 4.03983 6.17243 -0.753195 4.03983 6.20412 -0.285084 4.03983 6.20777 0.181892 4.03983 6.20533 0.2635 4.03983 6.1834 0.648869 4.03983 6.17487 0.737277 4.03983 6.12491 1.11698 4.03983 6.10907 1.22466 4.03983 6.01768 1.65536 4.03983 5.96163 1.85371 4.03983 5.89948 2.02373 4.03983 5.66674 2.59385 4.03983 5.54244 2.86361 4.03983 5.43887 3.04382 4.03983 5.14642 3.5244 4.03983 5.027 3.70802 4.03983 4.8893 3.8769 4.03983 4.59929 4.21693 4.03983 4.42382 4.39375 4.03983 4.30927 4.50709 4.03983 4.1338 4.67711 4.03983 3.78286 4.96727 4.03983 3.6147 5.09875 4.03983 3.44289 5.20756 4.03983 2.92378 5.50792 4.03983 2.74831 5.602 4.03983 2.51191 5.70627 4.03983 2.06471 5.86495 4.03983 1.60897 6.0259 4.03983 1.43228 6.07464 4.03983 1.12033 6.13811 4.03983 1.03625 6.14831 4.03983 0.665813 6.19138 4.03983 0.568329 6.19932 4.03983 0.100406 6.13811 2.29247 -0.366298 6.13471 2.29479 -0.366298 6.18572 2.70315 0.568329 6.16758 2.70315 0.568329 6.12564 2.30233 0.100406 5.79695 2.09187 -0.366298 5.79695 2.09419 0.568329 5.79695 2.10174 -0.834221 5.79695 2.11566 -0.834221 6.11204 2.31646 -0.834221 6.14038 2.70315 1.39207 6.06217 2.39673 1.03625 6.09617 2.33561 1.03625 5.79695 2.13501 -1.56779 6.0395 2.44548 1.9721 5.32884 2.07446 1.50417 5.32884 2.06769 -1.30336 5.32884 2.06769 -1.77128 5.32884 2.0704 -2.23921 5.32884 2.09168 -1.30336 5.79695 2.18337 -2.23921 5.6972 2.29247 -1.30336 6.06897 2.38397 1.9721 5.87175 2.70315 2.73125 5.59179 2.40621 2.44002 5.65527 2.32845 1.9721 5.74368 2.27525 2.44002 5.32884 2.12766 -2.59746 5.62353 2.36366 -2.23921 5.77768 2.70315 2.90794 4.86073 2.07465 2.44002 4.86073 2.06769 1.39694 2.36489 2.06363 1.03625 2.53718 2.06363 0.568329 2.68226 2.06363 0.100406 2.74006 2.06363 -0.366298 2.71739 2.06363 -0.663624 2.64939 2.06363 -0.834221 2.60972 2.06363 -1.29727 2.41137 2.06363 -3.17505 4.39375 2.06769 -2.70713 4.86073 2.06885 -3.64298 4.39375 2.0793 -3.17505 4.86073 2.10328 -2.73516 5.36624 2.24624 -3.17505 5.2359 2.30388 2.89576 5.34471 2.27641 3.61592 5.09875 2.45941 3.37587 5.17582 2.36849 3.37587 4.86073 2.16847 -2.83873 5.51132 2.70315 -3.47725 5.14295 2.38107 3.84379 4.39375 2.1176 3.37587 4.39375 2.06846 3.84379 3.92564 2.06769 1.6309 2.20848 2.06363 1.89898 1.97499 2.06363 2.13295 1.72904 2.06363 2.19509 1.64403 2.06363 2.30111 1.49555 2.06363 2.50095 1.11698 2.06363 2.63986 0.744078 2.06363 2.66058 0.657936 2.06363 2.69591 0.51059 2.06363 2.73491 0.181892 2.06363 2.72882 -0.113935 2.06363 2.72516 -0.285084 2.06363 2.68738 -0.568443 2.06363 2.66301 -0.654585 2.06363 2.62036 -0.803065 2.06363 2.44977 -1.2213 2.06363 2.26942 -1.54433 2.06363 2.08298 -1.77782 2.06363 1.93554 -1.9365 2.06363 1.84902 -2.02718 2.06363 1.73814 -2.11332 2.06363 1.54439 -2.26067 2.06363 1.31043 -2.41595 2.06363 1.03625 -2.53609 2.06363 0.568329 -2.68231 2.06363 0.100406 -2.74238 2.06363 -0.0701906 -2.73444 2.06363 -0.366298 -2.71971 2.06363 -0.834221 -2.61203 2.06363 -1.21075 -2.46469 2.06363 -1.44471 -2.33661 2.06363 -1.55682 -2.2516 2.06363 -1.75179 -2.10312 2.06363 -1.98575 -1.90363 2.06363 -2.16853 -1.66901 2.06363 -2.31719 -1.44799 2.06363 -2.40249 -1.31991 2.06363 -2.44514 -1.23491 2.06363 -2.51947 -1.08643 2.06363 -2.63402 -0.753195 2.06363 -2.72541 -0.285084 2.06363 -2.73516 0.181892 2.06363 -2.68885 0.47772 2.06363 -2.66204 0.648869 2.06363 -2.58406 0.894825 2.06363 -2.53897 1.03651 2.06363 -2.43418 1.26999 2.06363 -2.30501 1.47061 2.06363 -2.23068 1.58509 2.06363 -2.03571 1.85258 2.06363 -1.93823 1.93759 2.06363 -1.77128 2.08267 2.06363 -1.68355 2.15634 2.06363 -1.53123 2.28329 2.06363 -4.57882 2.98942 2.06769 -4.1109 3.92564 2.07659 -4.12796 4.41302 2.24469 -3.63688 4.86979 2.265 3.61592 5.09875 2.48901 4.11918 4.66464 2.4006 3.79992 4.83692 2.34257 -3.98417 4.71905 2.35089 -4.00123 4.73265 2.70315 4.28978 4.37222 2.30485 4.31171 3.92564 2.1147 4.31171 3.45753 2.06788 -5.04674 2.0532 2.06769 -5.04674 2.52131 2.07272 -4.57882 3.45753 2.08375 -4.59588 3.93697 2.24817 -4.45087 4.27021 2.34702 4.58588 4.2022 2.3977 -4.23519 4.52523 2.70315 4.75648 3.88597 2.33212 4.77963 3.45753 2.1559 5.24756 2.52131 2.10715 4.77963 2.98942 2.07272 5.24756 2.0532 2.07175 4.77963 2.52131 2.06769 -5.51467 0.648869 2.06769 -5.51467 1.11698 2.07001 -5.51467 1.58509 2.08123 -5.51467 2.0532 2.13868 -5.04674 2.98942 2.13056 -5.04674 3.43486 2.28725 -4.88955 3.78963 2.35669 -4.47159 4.29174 2.70315 5.02456 3.70462 2.44568 -4.70555 4.03332 2.70315 5.10742 3.45753 2.3563 5.26949 2.99169 2.26055 5.5985 2.52131 2.30794 5.71548 1.58509 2.17466 5.71548 1.11698 2.10232 5.24756 1.58509 2.06769 5.71548 0.648869 2.082 5.71548 0.181892 2.07775 -5.51467 -0.753195 2.06769 -5.98259 0.181892 2.23037 -5.94725 1.11698 2.27061 -5.89485 1.58509 2.28202 -5.82296 2.0532 2.33928 -5.53416 2.50658 2.2799 -5.38306 2.98942 2.33116 -5.30629 3.26371 2.4124 -4.89686 3.79983 2.70315 5.52538 2.83641 2.38242 5.95919 1.84805 2.44374 5.99453 1.58509 2.37526 6.04814 1.11698 2.30291 6.08226 0.648869 2.2826 5.24756 -1.68941 2.06769 6.09688 0.181892 2.27835 5.71548 -0.285084 2.07833 -5.04674 -2.15752 2.06769 -5.51467 -1.2213 2.07098 -5.98259 -0.285084 2.23753 -6.22995 0.181892 2.43097 -6.02402 0.646602 2.29595 -6.22386 0.487921 2.44819 -5.77178 2.34109 2.41472 6.09323 1.11698 2.70315 6.16269 0.648869 2.70315 6.19193 0.181892 2.70315 5.24756 -2.15752 2.07427 4.77963 -2.62564 2.06769 5.71548 -0.753195 2.08471 6.09445 -0.285084 2.27912 -4.57882 -3.09374 2.06788 -5.04674 -2.62564 2.0762 -5.51467 -1.68941 2.08742 -5.93872 -1.2213 2.27158 -6.02158 -0.728258 2.30175 -6.22752 -0.285084 2.43832 -6.09348 1.11698 2.70315 -5.98746 1.58509 2.70315 6.18706 -0.285084 2.70315 5.24756 -2.62564 2.13191 4.77963 -3.09374 2.07736 4.31171 -3.56185 2.07078 5.71548 -1.2213 2.11083 3.84379 -4.02997 2.06982 2.90794 -4.49807 2.06769 6.07617 -0.753195 2.28531 -4.1109 -3.56185 2.06769 -4.1109 -4.02997 2.08897 -4.57882 -3.56185 2.10096 -5.04674 -3.09374 2.16673 -5.51467 -2.15752 2.16828 -5.88145 -1.68941 2.28802 -6.22021 -0.554843 2.45786 6.1505 -0.753195 2.70315 5.2573 -3.07448 2.28202 4.81741 -3.59586 2.2385 4.31171 -4.02997 2.15745 5.67039 -2.15752 2.27506 5.57413 -2.62564 2.33251 6.03961 -1.2213 2.31143 3.37587 -4.49807 2.07253 2.44002 -4.96505 2.06769 -3.17505 -4.49807 2.06769 -3.64298 -4.49807 2.09767 -4.10481 -4.49694 2.26945 -4.57638 -4.0209 2.27196 -2.70713 -4.96505 2.07349 -5.35504 -3.09374 2.36733 -5.5232 -2.5905 2.30233 -5.0309 -3.51992 2.32729 -5.80468 -2.15752 2.36888 -5.75716 -2.41028 2.44742 -5.95944 -1.68941 2.70315 -6.0752 -1.2213 2.70315 6.07617 -1.2213 2.70315 5.99331 -1.60667 2.37816 5.1062 -3.46325 2.34818 5.50711 -2.90673 2.41202 4.659 -4.02997 2.35611 4.26784 -4.45727 2.37197 3.84379 -4.49807 2.1677 2.90794 -4.96505 2.08684 1.9721 -5.35609 2.08761 1.50417 -5.35609 2.0704 1.03625 -5.35609 2.06769 -2.23921 -4.96505 2.06769 -3.17505 -4.96505 2.15106 -4.41919 -4.33939 2.36366 -3.60764 -4.95258 2.31433 -3.94518 -4.78824 2.37546 -4.86396 -3.85995 2.37952 -1.38013 -5.35609 2.06846 -1.84805 -5.35609 2.07601 -2.31598 -5.35609 2.12282 -5.28558 -3.33517 2.45593 5.80443 -2.15752 2.70315 4.55542 -4.27365 2.448 5.12326 -3.48931 2.70315 4.9612 -3.72394 2.70315 4.08262 -4.7361 2.45941 3.84379 -4.82904 2.36636 3.39536 -4.99339 2.2474 2.90794 -5.35609 2.28434 2.93109 -5.35609 2.29247 3.11144 -5.35609 2.70315 -3.11047 -5.35609 2.69889 -3.06051 -5.35609 2.44045 -2.97155 -5.35609 2.32032 -2.78512 -5.35609 2.25301 -0.912208 -5.35609 2.06769 -3.17505 -5.28808 2.35166 -3.42851 -5.21214 2.43852 3.49528 -5.12373 2.70315 3.25157 -5.26768 2.36095 3.26132 -5.27335 2.70315 0.10027 6.74072 6.91495 0.10027 6.74072 5.51119 -0.367979 6.73015 5.51119 -0.367979 6.73015 6.91495 -0.367979 6.70666 7.38273 0.10027 6.71605 7.38273 0.568518 6.69256 7.38273 0.568518 6.7137 6.91495 0.568518 6.7137 5.51119 0.10027 6.6585 5.04341 -0.367979 6.64911 5.04341 0.568518 6.63501 5.04341 -0.836227 6.68904 5.51119 -0.836227 6.68904 6.91495 -0.836227 6.67259 7.38273 -0.836227 6.57746 7.69043 -0.367979 6.59155 7.6971 0.10027 6.59508 7.69887 0.568518 6.58568 7.69532 1.03527 6.56454 7.68064 1.03527 6.64441 7.38273 1.03527 6.6585 6.91495 1.03527 6.6585 5.51119 0.10027 6.53753 4.7655 -0.367979 6.534 4.76951 0.568518 6.52813 4.77618 -0.836227 6.52108 4.78418 -1.13038 6.50934 4.79752 -0.836227 6.61622 5.04341 1.03527 6.59038 5.04341 1.27089 6.49995 4.80908 1.03527 6.51051 4.79619 -1.30297 6.61387 5.51119 -1.30297 6.61387 6.91495 -1.30297 6.60213 7.38273 -1.59263 6.51286 7.63262 -1.30297 6.54457 7.6633 -1.30297 6.26504 7.74601 -0.836227 6.26504 7.77313 -0.367979 6.26504 7.7798 0.10027 6.26504 7.78158 0.568518 6.26504 7.77802 1.03527 6.26504 7.76335 2.44001 6.1288 7.6882 1.41947 6.53166 7.6513 1.73013 6.49525 7.5766 1.54704 6.54575 7.40541 1.50351 6.56689 6.91495 1.50351 6.56689 5.51119 0.10027 6.22159 4.04028 -0.367979 6.21571 4.04028 -0.282433 6.21689 4.04028 0.568518 6.19927 4.04028 0.188817 6.21806 4.04028 -1.30297 6.09826 4.04028 -1.44255 6.48585 4.86866 -1.29247 6.55162 5.0323 -0.836227 6.17578 4.04028 1.75265 6.50347 5.25373 1.45849 6.52578 5.07587 1.58306 6.47058 4.94159 1.60857 6.02545 4.04028 1.43148 6.07477 4.04028 1.12081 6.1382 4.04028 0.66607 6.19222 4.04028 -1.65716 6.52931 5.51119 -1.65716 6.52931 6.91495 -1.63915 6.52461 7.38273 -1.87328 6.45061 7.38273 -2.23797 6.32494 7.38273 -2.95235 6.03719 7.62417 -2.70622 6.08417 7.66197 -2.23797 6.16286 7.69799 -2.23797 5.79759 7.78069 -0.665137 1.37795 8.56239 -0.367979 1.40026 8.56728 0.10027 1.40496 8.56728 0.568518 1.39086 8.56595 0.829657 1.36972 8.56061 2.44001 5.79759 7.77091 2.92027 5.81756 7.70732 2.77319 6.0736 7.65708 2.83472 6.10061 7.38273 2.44001 6.2533 7.38273 2.44001 6.28031 6.91495 1.99427 6.4377 6.91495 1.75265 6.50347 7.26445 1.76015 6.50582 6.91495 1.76015 6.50582 5.51119 2.06481 5.86571 4.04028 2.51055 5.70598 4.04028 2.74767 5.60145 4.04028 2.92327 5.50749 4.04028 3.44254 5.20682 4.04028 3.61513 5.09876 4.04028 3.78322 4.96722 4.04028 4.13291 4.67712 4.04028 4.31 4.50682 4.04028 4.42406 4.39406 4.04028 4.59966 4.21671 4.04028 4.88931 3.87728 4.04028 5.02588 3.70698 4.04028 5.14595 3.52493 4.04028 5.4386 3.04339 4.04028 5.54216 2.86369 4.04028 5.66672 2.59355 4.04028 5.89935 2.02275 4.04028 5.96238 1.85362 4.04028 6.01791 1.65513 4.04028 6.10796 1.22526 4.04028 6.12447 1.11721 4.04028 6.17549 0.739017 4.04028 6.183 0.650929 4.04028 6.20551 0.263344 4.04028 6.20851 0.182302 4.04028 6.20401 -0.285148 4.04028 6.17249 -0.753775 4.04028 6.10796 -1.22123 4.04028 6.01041 -1.65931 4.04028 5.82281 -2.1573 4.04028 5.64271 -2.62593 4.04028 5.51664 -2.92073 4.04028 5.13844 -3.51268 4.04028 4.55763 -4.2761 4.04028 4.08188 -4.73533 4.04028 3.51608 -5.12409 4.04028 3.31347 -5.25799 4.04028 -3.36207 -5.25799 4.04028 -3.4326 -5.21688 4.04028 -3.6037 -5.09238 4.04028 -3.96839 -4.80815 4.04028 -4.14848 -4.64959 4.04028 -4.25504 -4.54859 4.04028 -4.44564 -4.36654 4.04028 -4.62874 -4.16922 4.04028 -4.72779 -4.06117 4.04028 -4.88237 -3.88147 4.04028 -5.16903 -3.50446 4.04028 -5.28609 -3.3365 4.04028 -5.38364 -3.16033 4.04028 -5.6778 -2.58247 4.04028 -5.75884 -2.41334 4.04028 -5.82938 -2.2266 4.04028 -5.95995 -1.79438 4.04028 -6.07701 -1.30344 4.04028 -6.20157 -0.724411 4.04028 -6.22108 -0.557632 4.04028 -6.23159 -0.356794 4.04028 -6.23459 -0.285148 4.04028 -6.23909 0.182302 4.04028 -6.22559 0.502941 4.04028 -6.10702 1.11721 4.04028 -6.00647 1.58466 4.04028 -5.8789 2.05328 4.04028 -5.77985 2.35748 4.04028 -5.3161 3.27594 4.04028 -4.91689 3.82326 4.04028 -4.48766 4.30832 4.04028 -4.02242 4.74994 4.04028 -3.50164 5.16101 4.04028 -3.17447 5.34776 4.04028 -2.64169 5.64491 4.04028 -2.23797 5.80229 4.04028 -1.57312 6.04189 4.04028 -1.77272 6.44239 5.0323 -1.61664 6.51873 5.18081 -2.8593 6.009 4.9029 1.99427 6.4377 5.51119 2.44001 6.28031 5.51119 2.44001 6.20749 5.04341 1.93424 6.40129 5.07587 2.68914 6.03719 4.80286 -1.89129 6.47058 5.51119 -1.89129 6.47058 6.91495 -2.23797 6.35548 6.91495 -2.70622 6.15347 7.38273 -2.96886 6.04541 7.38273 -3.20298 5.91152 7.38273 -3.59619 5.67779 7.38273 -3.83032 5.52511 7.38273 -4.35559 5.10581 7.62595 -3.52565 5.63199 7.66953 -3.13545 5.79172 7.68554 -2.70622 5.79759 7.74467 -3.17447 5.32897 7.78025 -4.11096 4.86152 7.74779 -4.57921 4.39289 7.75757 -1.11688 0.946903 8.56239 -0.827222 1.10898 8.57039 -0.367979 1.11721 8.5824 0.10027 1.11721 8.5824 0.568518 1.11721 8.58062 1.00525 1.08902 8.56906 1.2934 0.915192 8.56194 3.84326 4.86152 7.78025 3.37651 5.32897 7.76468 3.37651 5.6731 7.68153 3.66316 5.59675 7.64818 3.06884 5.98434 7.38273 2.84673 6.10766 6.91495 3.08085 6.00196 6.91495 2.84673 6.10766 5.51119 -2.23797 6.28266 5.04341 -2.23797 6.35548 5.51119 -3.45662 5.58971 4.78463 -3.77779 5.50279 5.04341 -3.14295 5.89625 5.05275 -2.96586 6.04424 5.2146 2.77169 6.0736 5.04341 3.00581 5.9679 5.04341 3.60463 5.56152 4.81664 -2.70622 6.16873 5.51119 -2.70622 6.16873 6.91495 -2.97786 6.05011 6.91495 -3.21199 5.92209 6.91495 -3.6082 5.68836 6.91495 -3.84232 5.54038 6.91495 -4.3691 5.11638 7.38273 -4.60323 4.90732 7.38273 -4.85686 4.67242 7.38273 -4.83735 4.65363 7.63885 -4.53869 4.8298 7.66864 -4.11096 5.19272 7.66508 -3.66673 5.35363 7.71444 -4.94841 4.39289 7.67486 -5.09399 3.97242 7.71622 -5.52471 3.45916 7.70777 -5.51421 2.98936 7.77224 -1.54911 0.448914 8.55883 -1.28497 0.622741 8.56817 -0.836227 0.650929 8.5824 -0.836227 -0.753775 8.5824 0.10027 -1.22123 8.5824 1.03527 -0.285148 8.5824 1.03527 0.182302 8.5824 1.03527 0.650929 8.58151 1.32042 0.650929 8.56684 6.1845 1.11721 7.77713 5.71625 2.52073 7.77758 5.248 3.45681 7.76958 4.77975 3.92544 7.78114 4.3115 4.39289 7.78202 4.32201 4.87209 7.71444 3.82975 5.32897 7.70021 4.17193 5.17276 7.66953 4.23046 5.22326 7.38273 3.9348 5.45699 7.38273 3.70068 5.62024 7.38273 3.08085 6.00196 5.51119 3.37651 5.83048 6.91495 3.37651 5.83048 5.51119 -4.30607 5.06823 4.89401 -3.84232 5.54038 5.51119 -3.6082 5.68836 5.51119 -4.13498 5.24558 5.04741 -4.3646 5.11286 5.20616 -3.21199 5.92209 5.51119 -2.97786 6.05011 5.51119 3.67667 5.60497 5.12879 3.42003 5.72477 5.00073 3.83725 5.44877 5.00073 4.18844 5.18803 5.04341 4.1149 5.12578 4.78418 -4.11096 5.33366 5.51119 -4.11096 5.33366 6.91495 -4.3751 5.12225 6.91495 -4.60923 4.91319 6.91495 -4.86286 4.67947 6.91495 -5.09699 4.40581 6.91495 -5.1285 4.35178 7.42808 -5.28009 4.15916 7.61439 -5.37614 3.84675 7.67175 -5.79636 3.3053 7.65841 -5.8654 2.98936 7.68954 -8.57283 -1.43146 7.63662 -7.85395 -1.68985 7.78202 -1.56111 0.182302 8.56461 -1.30297 0.182302 8.57929 1.34593 0.182302 8.56728 6.1845 0.650929 7.78202 6.52668 0.650929 7.69932 6.50867 1.11721 7.69443 6.1845 1.58466 7.7509 6.07044 2.52073 7.69487 5.74626 3.01755 7.71221 5.60969 3.45681 7.68687 5.251 3.91722 7.7051 4.79326 4.40463 7.71488 4.64468 4.7241 7.67175 4.46459 5.02125 7.38273 4.24247 5.23501 6.91495 4.47659 5.03652 6.91495 3.94381 5.46873 6.91495 3.70968 5.62612 6.91495 3.70968 5.62612 5.51119 -4.79833 4.61135 4.84643 -4.58221 4.86504 5.02607 -4.3751 5.12225 5.51119 -4.84635 4.66185 5.15813 -4.86286 4.67947 5.51119 -4.60923 4.91319 5.51119 3.94381 5.46873 5.51119 4.24247 5.23501 5.51119 4.47659 5.03652 5.51119 4.42256 4.98601 5.04341 4.59816 4.67712 4.77084 -5.09699 4.40581 5.51119 -5.29209 4.17208 5.51119 -5.29209 4.17208 6.91495 -5.28759 4.16738 7.30269 -5.47219 3.92544 6.91495 -5.69581 3.60128 6.91495 -5.6778 3.5907 7.38273 -5.82638 3.35698 7.38273 -8.58634 -1.41384 7.38273 -8.58634 -1.60059 7.38273 -8.57283 -1.53834 7.63662 -8.35071 -1.6922 7.69487 -7.85395 -2.1573 7.78202 -1.55511 -0.285148 8.5615 -1.30297 -0.285148 8.57617 -1.27746 -0.712666 8.56595 -0.809213 -1.19891 8.56906 -0.367979 -1.22123 8.58062 1.03527 -0.753775 8.57795 1.34143 -0.285148 8.56728 6.1845 -0.753775 7.78202 6.53869 0.182302 7.69932 6.69927 0.182302 7.38273 6.67226 0.650929 7.38273 6.46965 1.58466 7.66819 6.43513 1.87828 7.63707 6.0044 2.88013 7.66553 5.52415 3.75631 7.65485 5.09642 4.25665 7.67042 4.94334 4.55262 7.38273 4.70922 4.78752 7.38273 4.72422 4.80279 6.91495 4.72422 4.80279 5.51119 -5.24257 4.09926 4.93358 -5.04446 4.38936 5.04608 -5.28759 4.16738 5.24573 4.6747 4.75229 5.04341 4.90882 4.51034 5.04341 5.04839 4.20145 4.78062 -5.47219 3.92544 5.51119 -5.69581 3.60128 5.51119 -5.83388 3.36755 5.51119 -5.83388 3.36755 6.91495 -8.59234 -1.4068 6.91495 -8.59234 -1.62173 6.91495 -8.52481 -1.83432 7.38273 -8.31169 -2.62593 7.38273 -8.1361 -2.99707 7.66152 -8.18563 -2.62593 7.69176 -7.85395 -2.62593 7.77447 -1.5416 -0.529445 8.55483 -1.10487 -1.02743 8.56239 -0.635121 -1.47257 8.56017 -0.367979 -1.48784 8.56595 0.10027 -1.49371 8.56728 0.445453 -1.47962 8.56239 0.588028 -1.24119 8.57039 1.03527 -1.08029 8.56328 1.2799 -0.999245 8.55705 1.30691 -0.753775 8.56328 6.1845 -1.22123 7.77358 6.52518 -0.753775 7.69932 6.53718 -0.285148 7.69932 6.69477 -0.285148 7.38273 6.73529 -0.285148 6.91495 6.73979 0.182302 6.91495 6.70678 0.650929 6.91495 6.62273 1.11721 7.38273 6.53418 1.58466 7.38273 6.44864 1.92409 7.38273 6.36159 2.15781 7.38273 6.21902 2.52073 7.38273 6.04192 2.95413 7.38273 5.92336 3.18785 7.38273 5.55266 3.79859 7.38273 5.38307 4.03232 7.38273 5.14895 4.31772 7.38273 4.95835 4.56437 6.91495 4.95835 4.56437 5.51119 -5.75584 3.23718 4.80152 -5.65228 3.5402 5.04341 -5.39565 3.93601 5.07098 5.11443 4.27661 5.04341 5.48513 3.69758 4.80508 -5.79786 3.30648 5.04341 -8.59234 -1.4068 5.51119 -8.59234 -1.62173 5.51119 -8.54132 -1.85546 6.91495 -8.47078 -2.1573 6.91495 -8.33871 -2.62593 6.91495 -8.16762 -3.07811 7.38273 -8.07757 -3.31301 7.38273 -7.61682 -4.25966 7.57348 -7.69036 -3.94724 7.67086 -7.77891 -3.56201 7.69887 -7.3872 -3.56201 7.78158 -6.91895 -4.49808 7.77491 -6.45071 -4.96553 7.78202 -5.98246 -5.25799 7.78202 3.08385 -5.25799 7.78202 0.757618 -1.41032 8.54816 3.5521 -5.25799 7.75179 3.84326 -4.96553 7.76958 4.3115 -4.49808 7.77802 4.77975 -4.02946 7.77313 5.248 -3.56201 7.75757 5.71625 -2.62593 7.77135 6.1845 -1.68985 7.74067 6.50117 -1.22123 7.69087 6.66475 -0.753775 7.38273 6.73979 0.182302 5.51119 6.70678 0.650929 5.51119 6.73529 -0.285148 5.51119 6.64524 1.11721 5.51119 6.64524 1.11721 6.91495 6.54769 1.58466 6.91495 6.45464 1.93936 6.91495 6.3811 2.17308 6.91495 6.24753 2.52073 6.91495 6.04943 2.96587 6.91495 5.93837 3.20077 6.91495 5.56017 3.80799 6.91495 5.39508 4.04289 6.91495 5.78228 3.45681 6.91495 5.16095 4.33064 6.91495 5.16095 4.33064 5.51119 -8.58034 -1.42324 5.16658 5.39508 4.04289 5.51119 5.34705 3.98886 5.04341 5.52415 3.75513 5.04341 5.71475 3.45681 5.04341 5.90685 3.12208 5.04341 5.96388 2.79204 4.79396 -8.58034 -1.56653 5.16658 -8.54132 -1.85546 5.51119 -8.47078 -2.1573 5.51119 -8.33871 -2.62593 5.51119 -8.17512 -3.09221 5.51119 -8.17512 -3.09221 6.91495 -8.08807 -3.32593 6.91495 -7.98302 -3.56201 6.91495 -7.96051 -3.56201 7.38273 -7.71738 -4.07409 7.40363 -7.62583 -4.2714 7.26134 -7.50426 -4.4558 7.40363 -7.24463 -4.86688 7.38273 -7.20861 -4.8152 7.66241 -7.30916 -4.49808 7.6922 -7.43073 -4.07409 7.71533 -6.92796 -4.96906 7.71044 -6.46872 -5.25799 7.74334 -6.8079 -5.25799 7.67931 -6.95497 -5.25799 7.38273 -6.96848 -5.25799 7.15151 -6.98049 -5.25799 6.91495 -6.98049 -5.25799 5.51119 -6.86493 -5.25799 5.04341 -6.71335 -5.25799 4.8033 -6.69834 -5.25799 4.79485 3.94531 -5.25799 4.7535 4.1194 -5.25799 5.0443 4.14642 -5.25799 5.17414 4.21545 -5.25799 5.51119 4.21545 -5.25799 6.91495 4.19894 -5.25799 7.3307 4.19594 -5.25799 7.38273 4.14642 -5.25799 7.56503 4.1239 -5.25799 7.64418 4.1134 -5.25799 7.65619 3.97082 -5.25799 7.68331 4.2995 -4.95966 7.70243 4.77675 -4.49104 7.70554 5.23449 -4.00244 7.68909 5.57517 -3.56201 7.67486 5.72976 -3.09925 7.70732 6.04943 -2.62593 7.68865 6.45764 -1.68985 7.65797 6.69777 -0.753775 6.91495 6.69777 -0.753775 5.51119 6.60772 -1.22123 7.38273 6.65425 -0.285148 5.04341 6.65875 0.182302 5.04341 6.62423 0.650929 5.04341 6.5672 1.11721 5.04341 6.54769 1.58466 5.51119 6.45464 1.93936 5.51119 6.3811 2.17308 5.51119 6.24753 2.52073 5.51119 6.04943 2.96587 5.51119 5.93837 3.20077 5.51119 5.78228 3.45681 5.51119 5.56017 3.80799 5.51119 -8.18112 -1.43146 4.7953 -8.19163 -1.68985 4.78863 -8.44526 -1.70864 5.02385 6.17399 2.52073 5.04341 6.35559 2.05446 5.02296 6.40812 1.74087 4.85355 -8.1391 -3.0006 5.04341 -8.08807 -3.32593 5.51119 -7.98302 -3.56201 5.51119 -7.7564 -4.02946 5.51119 -7.7564 -4.02946 6.91495 -7.62733 -4.2761 6.91495 -7.48776 -4.50983 6.91495 -7.25363 -4.87745 6.91495 -7.09155 -5.11235 6.91495 -7.07504 -5.10178 7.38273 4.13441 -5.24742 7.65485 4.61917 -4.8011 7.66597 5.07091 -4.33013 7.66019 5.50464 -3.82862 7.63929 5.9924 -2.94774 7.65752 6.42763 -1.95177 7.62818 6.62873 -1.22123 6.91495 6.62873 -1.22123 5.51119 6.51017 -1.68985 7.38273 6.43063 1.42962 4.79485 6.47715 1.58583 5.02296 6.44264 1.89942 5.16525 -8.11659 -2.62593 4.79352 -8.09858 -2.89254 4.80197 -7.68886 -4.01654 5.07632 -7.62583 -4.2714 5.25418 -7.62733 -4.2761 5.51119 -7.48776 -4.50983 5.51119 -7.25363 -4.87745 5.51119 -7.09155 -5.11235 5.51119 4.40605 -5.07946 7.38273 4.66569 -4.84456 7.38273 4.89982 -4.60731 7.38273 5.10693 -4.37241 7.38273 5.52115 -3.85328 7.38273 5.88734 -3.23667 7.38273 6.02091 -3.00294 7.38273 5.34105 -4.08701 7.38273 6.43663 -1.97995 7.38273 6.17699 -2.62593 7.38273 6.55219 -1.22123 5.04341 6.61523 -0.753775 5.04341 6.52218 -1.68985 6.91495 6.52218 -1.68985 5.51119 -7.64234 -3.85211 4.79619 -7.16509 -4.7506 4.80152 -7.21161 -4.8199 5.04341 4.41506 -5.08886 6.91495 4.6762 -4.85513 6.91495 4.91032 -4.61671 6.91495 5.11593 -4.38181 6.91495 5.35006 -4.09523 6.91495 5.52715 -3.8615 6.91495 5.71775 -3.56201 6.91495 5.90535 -3.24724 6.91495 6.02841 -3.01351 6.91495 6.20401 -2.62593 6.91495 6.36009 -2.22777 6.91495 6.44113 -1.99405 6.91495 6.43363 -1.97056 5.19815 6.46365 -1.66989 5.04252 6.40061 -1.81317 4.88601 6.42613 -1.50193 4.79974 6.44714 -1.22123 4.77618 6.44113 -1.99405 5.51119 -6.71635 -5.24742 4.7953 -7.03001 -5.05362 5.04341 4.41506 -5.08886 5.51119 4.6762 -4.85513 5.51119 4.91032 -4.61671 5.51119 5.11593 -4.38181 5.51119 5.35006 -4.09523 5.51119 5.52715 -3.8615 5.51119 5.71775 -3.56201 5.51119 5.90535 -3.24724 5.51119 6.02841 -3.01351 5.51119 6.20401 -2.62593 5.51119 6.36009 -2.22777 5.51119 6.13197 -2.62593 5.04341 6.33008 -2.13851 5.04252 5.95638 -2.87375 4.80286 4.13291 -5.24624 5.04341 4.36703 -5.04188 5.04341 4.62667 -4.80698 5.04341 4.85929 -4.5662 5.04341 5.07241 -4.33248 5.04341 5.51214 -3.83919 5.15769 5.86933 -3.18147 5.04341 5.9939 -2.94657 5.04341 5.47162 -3.77224 4.84554 4.08338 -5.20396 4.80552 4.56664 -4.7506 4.79352 5.02438 -4.2761 4.80019 5.33655 -4.00949 5.01807 5.6232 -3.59489 5.01807 -7.36601 -23.2951 6.04232 -6.29256 -23.2951 5.46643 5.64352 -23.2951 5.46643 5.41146 -23.2951 5.68662 5.37302 -23.2951 5.71695 5.17655 -23.2951 5.86147 2.29504 -23.2951 7.66839 2.24521 -23.2951 7.68013 1.97186 -23.2951 7.7386 1.89499 -23.2951 7.74324 1.50348 -23.2951 7.75718 -0.44411 -23.2951 7.75772 -1.30259 -23.2951 7.75772 -7.36601 -23.2951 7.75718 -7.36601 -11.051 7.75718 -7.36601 -11.0346 7.75417 -7.36601 -10.688 7.68696 -7.36601 -10.6791 7.67303 -7.36601 -10.5005 7.3829 -7.36601 -10.4976 7.36159 -7.36601 -10.4425 6.91491 -7.36601 -10.4857 6.4472 -7.36601 -10.6716 6.12783 -7.36601 -10.6895 6.12374 -7.36601 -11.051 6.04232 -6.43066 -13.3912 5.46643 -6.25697 -8.09635 5.46643 4.47184 -8.09635 5.46643 4.49177 -8.12461 5.46643 6.99601 -12.9985 5.46643 7.17539 -13.4225 5.46643 7.17824 -13.8078 5.46643 7.17824 -13.842 5.46643 7.02021 -14.8477 5.46643 6.9533 -15.2628 5.46643 6.02079 -20.9906 5.46643 -0.834197 -16.1971 8.25685 -1.30259 -16.1971 8.25193 -1.77097 -15.73 8.24674 5.80582 -21.3447 5.61641 -0.367232 -15.73 8.2574 -1.30259 -15.73 8.2574 -1.30259 -15.2628 8.2574 -1.77097 -15.2628 8.2462 -5.51524 -8.09635 7.74816 -5.85407 -8.09635 7.70226 -5.99217 -8.09635 7.68177 -6.18436 -8.09635 7.63342 -6.25697 -8.09635 6.91491 -6.25412 -8.09635 7.06053 -6.23989 -8.09635 7.38536 -6.22565 -8.09635 7.58397 -4.57846 -8.09635 7.74843 -2.23936 -8.09635 7.74871 3.37561 -8.09635 7.74925 3.85254 -8.09635 7.72904 4.22269 -8.09635 7.67412 4.39923 -8.09635 7.40748 4.47184 -8.09635 6.91491 5.47837 -22.4962 5.74235 5.84283 -20.8775 5.65275 6.80524 -14.7942 5.67788 6.89778 -13.6962 5.75437 6.7312 -15.73 5.60576 6.76822 -15.2628 5.64264 1.97186 -23.2178 7.74051 2.44025 -19.9417 7.74051 3.37561 -13.3912 7.74051 3.37561 -12.9226 7.74871 3.37561 -12.4554 7.75417 4.25401 -8.24214 7.67576 3.84399 -8.24214 7.7345 -0.367232 -15.2628 8.2574 -0.834197 -14.7942 8.25658 -1.30259 -14.7942 8.25111 6.43366 -16.5244 5.75711 5.504 -22.1838 5.76257 6.91913 -13.3912 5.7735 6.49772 -15.73 5.80601 2.44025 -20.4089 7.72876 3.37561 -13.8584 7.72876 3.76854 -12.4554 7.68396 3.81267 -11.9868 7.68669 4.47753 -8.24363 7.41951 3.88813 -11.5553 7.67931 4.09171 -11.4229 7.62741 6.34397 -12.9226 6.17756 6.91913 -13.0743 5.77377 4.49319 -8.12759 6.91491 6.03503 -18.5373 5.81011 5.5339 -21.8133 5.78579 5.57233 -21.3447 5.81393 5.24774 -21.8133 5.97484 6.65148 -13.3912 5.95326 6.53474 -15.2628 5.83196 2.29931 -23.2178 7.6703 2.33063 -22.7491 7.67877 2.44025 -20.8775 7.71401 3.73437 -12.9226 7.6785 3.26598 -16.1971 7.67877 4.57149 -8.39985 7.2881 6.99031 -13.0014 5.51123 3.70305 -13.3912 7.6703 3.67458 -13.8584 7.65855 3.64753 -14.327 7.64353 3.62617 -14.7034 7.62932 4.07463 -11.7354 7.61484 3.13928 -18.2918 7.61539 2.67089 -21.5693 7.61539 2.69082 -21.2569 7.62932 2.71217 -20.8775 7.6438 2.73922 -20.4089 7.65855 3.20761 -17.1329 7.65855 3.23609 -16.6657 7.6703 6.18451 -16.1971 5.96064 5.71613 -19.006 5.96774 6.18451 -15.73 6.00981 5.71613 -18.5373 6.01637 3.18056 -17.6015 7.6438 3.15921 -17.9794 7.62932 -6.28793 -0.278235 -4.43322 -6.22111 -0.555023 -2.60714 -6.22718 -0.264431 -2.44875 -6.22912 0.188163 -2.41263 -6.27634 0.204145 -4.43322 -6.11728 1.11805 -4.43322 -6.02837 1.58518 -4.43322 -5.9331 2.05376 -4.43322 -5.82707 2.38358 -4.43322 -5.35765 3.30693 -4.43322 -4.94179 3.83508 -4.43322 -4.50274 4.32036 -4.43322 -4.03083 4.76715 -4.43322 -3.52744 5.20013 -4.43322 -3.46697 5.22192 -4.43322 -3.46697 -2.19977 -4.43322 -5.0608 -2.19977 -4.43322 -5.87484 -2.19831 -4.43322 -5.97314 -1.87358 -4.43322 -6.08249 -1.38393 -4.43322 -6.17306 -0.72865 -2.44875 -6.20371 -0.406822 -2.29522 -6.2189 -0.0944355 -2.20908 -6.07835 -1.22193 -2.44504 -6.2189 0.0356033 -2.20908 -6.2131 0.347261 -2.23502 -6.2247 0.488925 -2.54693 -5.97535 -1.68978 -2.44504 -5.79808 -2.07554 -2.16833 -6.02754 0.188163 -2.15258 -5.84308 -1.68978 -2.14332 -5.88865 -1.22193 -2.13938 -5.93835 -0.754078 -2.13938 -6.02202 -0.264431 -2.15258 -5.95105 0.650202 -2.13938 -5.85303 1.58518 -2.14054 -6.18604 0.647297 -2.41263 -5.80111 2.05376 -2.16648 -5.76163 2.31747 -2.19797 -5.99882 1.58518 -2.44504 -6.0974 1.11805 -2.44504 -5.82376 -2.19977 -2.41031 -5.51532 -1.68978 -2.07154 -5.82237 -2.19977 -2.40498 -5.56502 -2.19977 -2.12896 -5.55977 -2.19977 -2.12781 -5.51532 -1.22193 -2.06783 -5.51532 1.11805 -2.06783 -5.51532 1.58518 -2.06899 -5.51532 2.05376 -2.09493 -5.51614 2.49255 -2.14587 -5.35185 2.98946 -2.16462 -5.29552 3.24663 -2.19681 -5.77598 2.35088 -2.44504 -5.87594 2.05376 -2.44504 -5.8279 -2.19977 -4.33712 -5.82817 -2.19977 -4.33434 -3.46697 -2.19977 -2.22506 -3.56721 -2.19977 -2.14633 -3.63458 -2.19977 -2.13082 -4.11146 -2.19977 -2.06783 -5.04727 -2.19977 -2.06783 -3.46697 3.16599 -2.06783 -3.46697 4.10169 -2.06783 -4.11146 3.92516 -2.06783 -5.04727 2.52161 -2.06783 -5.04727 2.98946 -2.09284 -5.03567 3.42462 -2.14795 -4.87193 3.76824 -2.1681 -4.91501 3.82273 -2.44504 -5.14889 3.50453 -2.44504 -5.31125 3.2706 -2.44504 -5.45401 2.98946 -2.44504 -5.65808 2.58481 -2.44504 -4.5795 3.45731 -2.07131 -4.58171 3.92443 -2.12804 -4.42736 4.24554 -2.1637 -4.72061 4.05665 -2.44504 -3.46697 5.17543 -2.44504 -3.46697 5.13474 -2.23085 -3.46697 5.1253 -2.18848 -3.46697 5.11731 -2.17944 -3.46697 4.97928 -2.14263 -3.46697 4.85796 -2.11715 -3.46697 4.56955 -2.07362 -3.46697 4.39374 -2.06853 -3.64342 4.39374 -2.06899 -4.11533 4.3981 -2.12642 -3.9618 4.6974 -2.16509 -4.25533 4.54121 -2.44504 -4.48672 4.30729 -2.44504 -3.62685 4.8565 -2.13707 -4.02117 4.74826 -2.44504 -3.73288 4.98218 -2.44504 -3.499 5.15654 -2.44504 3.15381 -5.35722 4.03983 4.4722 -8.09635 4.03983 4.47115 -8.09635 3.63883 3.11182 -5.35722 2.70315 2.93128 -5.35722 2.29247 2.90818 -5.35722 2.28434 1.97187 -5.35722 2.08761 1.50372 -5.35722 2.0704 1.03556 -5.35722 2.06769 -0.911587 -5.35722 2.06769 -1.37974 -5.35722 2.06846 -1.8479 -5.35722 2.07601 -2.31605 -5.35722 2.12282 -2.78526 -5.35722 2.25301 -2.97105 -5.35722 2.32032 -3.06132 -5.35722 2.44045 -3.11066 -5.35722 2.69889 -3.16839 -5.35722 4.03983 -5.81672 -7.01206 4.03983 -6.0634 -7.33622 4.03983 -6.09594 -7.39735 4.03983 -6.20405 -7.60193 4.03983 -6.23764 -7.79712 4.03983 -6.23974 -7.83117 4.03983 -6.25129 -8.09635 4.03983 -6.25129 -8.09635 3.79029 -6.24814 -8.09635 2.06363 2.50511 -8.09635 2.06363 4.17829 -8.09635 2.86061 4.29901 -8.09635 3.03161 4.36199 -8.09635 3.16489 4.46171 -8.09635 3.58679 -5.79363 -7.03351 2.06363 -5.69181 -6.97962 2.06363 -5.51442 -6.88578 2.06363 -5.04731 -6.75949 2.06363 -0.367855 -6.51175 2.06363 0.100301 -6.51014 2.06363 1.03556 -6.75547 2.06363 1.19931 -6.8158 2.06363 1.51841 -6.93672 2.06363 1.721 -7.08767 2.06363 1.94248 -7.30968 2.06363 2.33926 -7.78801 2.06363 2.45997 -8.01135 2.06363 -6.24394 -8.02315 2.06363 -6.23659 -7.89686 2.06363 -6.22085 -7.81106 2.06363 -6.19251 -7.66279 2.06363 -6.00252 -7.30592 2.06363 -5.87026 -7.13326 2.06363 -6.25049 -8.09635 4.0402 -6.25498 -8.09635 4.25304 -6.98152 -5.25826 5.51107 -6.86492 -5.25826 5.04325 -6.72589 -5.25826 4.82234 -6.71355 -5.25826 4.80329 -6.2404 -7.85602 4.0402 -6.23928 -7.83129 4.0402 -6.23704 -7.79712 4.0402 -6.20452 -7.60208 4.0402 -6.09576 -7.39731 4.0402 -6.06325 -7.33619 4.0402 -5.84685 -7.05113 4.0402 -5.81658 -7.01196 4.0402 -3.36336 -5.25826 4.0402 3.31349 -5.25826 4.0402 4.4717 -8.09635 4.0402 4.47283 -8.09635 6.9149 4.39995 -8.09635 7.40726 4.22279 -8.09635 7.67396 3.85279 -8.09635 7.72891 3.37628 -8.09635 7.74906 1.50384 -8.09635 7.74906 -2.23878 -8.09635 7.74869 -5.51497 -8.09635 7.74833 -5.8547 -8.09635 7.70217 -5.99261 -8.09635 7.68165 -6.18434 -8.09635 7.6333 -6.22582 -8.09635 7.58384 -6.2404 -8.09635 7.38528 -6.25385 -8.09635 7.0607 -6.25722 -8.09635 6.9149 -6.25722 -8.09635 4.72086 -6.98152 -5.25826 6.9149 -6.96807 -5.25826 7.15155 -6.95461 -5.25826 7.38272 -6.80774 -5.25826 7.67945 -6.46801 -5.25826 7.74357 -5.98252 -5.25826 7.7824 3.08476 -5.25826 7.7824 3.55231 -5.25826 7.75199 3.97164 -5.25826 7.68349 4.11404 -5.25826 7.65601 4.12413 -5.25826 7.64429 4.14655 -5.25826 7.56516 4.19701 -5.25826 7.38272 4.19925 -5.25826 7.3307 4.21495 -5.25826 6.9149 4.21495 -5.25826 5.51107 4.14655 -5.25826 5.17403 4.11852 -5.25826 5.04435 3.94473 -5.25826 4.75347 -6.69898 -5.25826 4.7945 -6.22358 -8.06745 7.62597 -5.98252 -7.77406 7.71316 3.37628 -7.77406 7.78203 -5.51497 -7.77406 7.78203 -5.98252 -5.43441 7.7824 2.90761 -7.30591 7.7824 -5.51497 -7.30591 7.7824 -8.59234 -1.62146 -6.65693 -8.59234 -1.62146 -5.72129 -8.59234 -1.40733 -5.72129 -8.59234 -1.40733 -6.65693 -8.59134 -1.40811 -7.12476 -8.59134 -1.61911 -7.12476 -8.54217 -1.85591 -6.65693 -8.54217 -1.85591 -5.72129 -8.59184 -1.62146 -5.25314 -8.59184 -1.40733 -5.25314 -5.84202 3.37855 -6.65693 -8.5793 -1.42452 -7.38899 -8.5793 -1.56285 -7.38899 -8.53565 -1.85278 -7.12476 -8.47143 -2.15757 -6.65693 -8.47143 -2.15757 -5.72129 -8.5803 -1.56597 -4.98529 -8.5803 -1.42296 -4.98529 -8.53766 -1.85591 -5.25314 -5.82697 3.35667 -7.12476 -5.84051 3.37699 -6.18878 -5.70054 3.61144 -6.18878 -5.70104 3.613 -6.65693 -8.35855 -1.70742 -7.46636 -8.26423 -2.15757 -7.47062 -8.25871 -2.19976 -7.46964 -8.4328 -2.19976 -7.15459 -8.44384 -2.19976 -7.12476 -8.45538 -2.15757 -7.12476 -8.45889 -2.19976 -6.69857 -8.45989 -2.19976 -6.65693 -8.45989 -2.19976 -5.72129 -8.4609 -2.15757 -5.25314 -8.44936 -2.19976 -5.25314 -8.26423 -2.19976 -4.89481 -8.26975 -2.15757 -4.8935 -8.36056 -1.70899 -4.89842 -5.8365 3.36996 -5.25314 -5.83901 3.37387 -5.72129 -5.79085 3.29728 -7.4044 -5.52896 3.45514 -7.52374 -5.51541 2.98937 -7.68536 -5.51541 2.52125 -7.75715 -5.68348 3.59034 -7.12476 -5.69954 3.60831 -5.72129 -5.48381 3.9256 -6.18878 -5.48631 3.9256 -6.65693 -5.29466 4.17568 -7.02509 -7.85534 -1.68945 -7.58209 -7.85534 -2.15757 -7.58209 -7.85534 -2.19976 -7.58111 -8.22761 -2.19976 -7.47948 -5.51541 -2.19976 -7.77584 -5.47427 -2.19976 -7.77814 -5.04783 -2.19976 -7.78207 -5.00619 -2.19976 -7.7824 -3.46697 -2.19976 -7.7824 -3.46697 -2.19976 -4.43322 -5.06137 -2.19976 -4.43322 -7.85534 -2.19976 -4.76892 -5.93333 2.05314 -4.43322 -5.82747 2.38293 -4.43322 -5.35838 3.30666 -4.43322 -5.8069 3.31994 -4.95808 -7.85534 -2.15757 -4.76761 -7.85534 -1.68945 -4.76761 -6.27649 0.204116 -4.43322 -6.11695 1.11847 -4.43322 -6.02865 1.58658 -4.43322 -5.69302 3.60363 -5.25314 -5.27861 4.15536 -7.33687 -5.38196 3.84354 -7.44866 -5.09248 3.97015 -7.56603 -5.04783 3.45749 -7.7424 -5.04783 2.98937 -7.78109 -5.51541 2.05314 -7.78109 -5.9835 1.11847 -7.75519 -5.4241 3.97015 -7.15852 -5.47126 3.9256 -5.25314 -5.48029 3.9256 -5.72129 -5.30068 4.1835 -6.65693 -5.1 4.41716 -6.65693 -4.86621 4.68209 -6.65693 -4.85216 4.66802 -7.12476 -5.12358 4.35621 -7.15852 -5.9835 0.182235 -7.7765 -5.9835 0.650351 -7.77125 -5.51541 -2.15757 -7.77814 -5.9835 -0.285881 -7.77486 -5.9835 -0.753997 -7.76928 -6.28753 -0.278066 -4.43322 -6.08233 -1.38388 -4.43322 -5.97347 -1.8731 -4.43322 -5.87513 -2.1982 -4.43322 -3.46697 5.22132 -4.43322 -3.48152 5.21663 -4.43322 -3.52768 5.20022 -4.43322 -4.03088 4.76727 -4.43322 -4.50298 4.32026 -4.43322 -4.94197 3.83495 -4.43322 -5.28864 4.16787 -5.01021 -4.83009 4.64458 -7.37424 -4.94046 4.39372 -7.45653 -4.57974 4.39372 -7.65126 -4.57974 3.9256 -7.7624 -5.51541 1.58658 -7.7824 -4.11165 4.39372 -7.76535 -4.57974 3.45749 -7.7824 -5.29366 4.17412 -5.25314 -5.29667 4.17724 -5.72129 -5.29918 4.18037 -6.18878 -5.0995 4.41169 -5.72129 -5.1 4.41482 -6.18878 -4.86421 4.68053 -5.25314 -4.86521 4.68131 -5.72129 -4.86571 4.68209 -6.18878 -4.62088 4.91654 -6.65693 -4.60734 4.90169 -7.12476 -4.35398 5.10253 -7.36637 -5.51541 -1.22211 -7.7824 -5.51541 -1.68945 -7.78076 -5.04783 -2.15757 -7.7824 -4.84715 4.66255 -4.98234 -5.0985 4.40778 -5.25314 -4.5381 4.8251 -7.44374 -4.11165 4.86105 -7.6352 -3.64357 4.86105 -7.75224 -3.64357 4.39372 -7.7824 -3.46697 4.39372 -7.7824 -3.46697 4.86105 -7.76338 -4.36602 5.11348 -4.99841 -4.61235 4.91419 -5.25314 -4.61536 4.91576 -5.72129 -4.38709 5.13067 -6.65693 -4.37304 5.11895 -7.12476 -4.11165 5.31979 -7.12476 -3.8302 5.53001 -7.12476 -3.51965 5.62848 -7.42506 -4.11165 5.19319 -7.44046 -3.46697 5.34558 -7.61291 -3.46697 5.65036 -7.43194 -3.46697 5.7543 -7.12476 -3.46697 5.77306 -6.82544 -3.46697 5.78322 -6.65693 -3.46697 5.78244 -6.18878 -3.46697 5.78087 -5.89635 -3.46697 5.77697 -5.42492 -3.46697 5.77462 -5.25314 -3.46697 5.71054 -5.01316 -3.46697 5.67615 -4.93284 -3.66263 5.35652 -7.54406 -4.37806 5.12364 -5.25314 -3.54273 5.64724 -4.94169 -3.84525 5.53861 -5.25314 -4.11165 5.33308 -5.25314 -4.38157 5.12676 -5.72129 -4.38458 5.12911 -6.18878 -4.11165 5.34558 -6.18878 -4.11165 5.34714 -6.65693 -3.85127 5.54564 -6.65693 -3.61748 5.69491 -6.65693 -3.59591 5.6785 -7.12476 -4.11165 5.34167 -5.72129 -3.61096 5.69022 -5.25314 -3.84876 5.54486 -5.72129 -3.85077 5.54564 -6.18878 -3.61698 5.69413 -6.18878 -3.61497 5.69256 -5.72129 -8.57047 -40.4212 -2.44528 -8.7914 -40.3921 -2.44528 -8.57047 -40.4178 -2.91372 -8.57047 -40.3872 -3.37697 -8.57047 -40.3588 -3.63302 -8.57047 -40.3366 -3.76104 -8.57047 -40.2714 -3.95937 -8.57047 -40.1909 -4.1873 -8.57047 -40.1396 -4.3168 -8.57047 -40.0411 -4.51661 -8.57047 -39.9357 -4.72604 -8.57047 -39.7914 -4.95989 -8.57047 -39.3808 -5.4853 -8.57047 -39.3725 -5.49493 -8.57047 -38.7988 -5.89602 -8.57047 -38.6754 -5.9678 -8.57047 -38.5651 -6.02922 -8.57047 -38.194 -6.19203 -8.57047 -37.551 -6.42662 -8.57047 -34.3048 -7.36423 -8.57047 -34.2708 -7.37311 -8.57047 -33.514 -7.52925 -8.57047 -33.4204 -7.5448 -8.57047 -33.3358 -7.55812 -8.57047 -33.3358 -5.22408 -8.57047 -38.1322 0.000504536 -8.57047 -40.4212 0.000504536 -8.68514 -40.4067 0.000504536 -9.05204 -40.3158 -2.44528 -9.04757 -40.3137 -2.91372 -8.7914 -40.3879 -2.91372 -8.7914 -40.3921 0.000504536 -8.99287 -40.3331 0.000504536 -9.54282 -33.3358 0.000504536 -11.2571 -33.3358 0.000504536 -11.2571 -33.9822 0.000504536 -11.2485 -34.4504 0.000504536 -11.2308 -34.8118 0.000504536 -11.2256 -34.9186 0.000504536 -11.194 -35.28 0.000504536 -11.1843 -35.3862 0.000504536 -11.1196 -35.8544 0.000504536 -11.0517 -36.2164 0.000504536 -11.0317 -36.3226 0.000504536 -10.9399 -36.72 0.000504536 -10.8784 -36.9531 0.000504536 -10.7842 -37.2576 0.000504536 -10.6614 -37.6196 0.000504536 -10.6254 -37.7258 0.000504536 -10.5173 -38.0102 0.000504536 -10.4855 -38.0934 0.000504536 -10.4628 -38.1468 0.000504536 -10.386 -38.3272 0.000504536 -10.2651 -38.5859 0.000504536 -10.2295 -38.6615 0.000504536 -10.0389 -39.0374 0.000504536 -9.90867 -39.2712 0.000504536 -9.71325 -39.5979 0.000504536 -9.53204 -39.8823 0.000504536 -9.47602 -39.9357 0.000504536 -9.28612 -40.116 0.000504536 -9.10517 -40.2707 0.000504536 -9.05204 -40.3158 0.000504536 -9.28612 -40.116 -2.44528 -9.28165 -40.1126 -2.91372 -9.03732 -40.3068 -3.21047 -8.8156 -40.3519 -3.37253 -8.67541 -40.3317 -3.74032 -9.53204 -39.8823 -2.44528 -9.52915 -39.8788 -2.91372 -9.51389 -39.8587 -3.38141 -9.21984 -40.1264 -3.37253 -8.98761 -40.2874 -3.52202 -8.8156 -40.2534 -3.87649 -8.7914 -40.1035 -4.3168 -8.7914 -33.3358 -7.52777 -9.10491 -33.3358 -7.41233 -9.19407 -33.3358 -7.33463 -9.33899 -33.3358 -7.20808 -9.55229 -33.3358 -6.97424 -9.63488 -33.3358 -6.84325 -9.75244 -33.3358 -6.65676 -9.81294 -33.3358 -6.55464 -9.92735 -33.3358 -6.35927 -10.0491 -33.3358 -6.12543 -10.2477 -33.3358 -5.72063 -10.3937 -33.3358 -5.40168 -10.4905 -33.3358 -5.16783 -10.5488 -33.3358 -5.01021 -10.6322 -33.3358 -4.7845 -10.7842 -33.3358 -4.3168 -10.8766 -33.3358 -4.00229 -10.9365 -33.3358 -3.76919 -11.0249 -33.3358 -3.38141 -11.1117 -33.3358 -2.91372 -11.1748 -33.3358 -2.44528 -11.2169 -33.3358 -1.97758 -11.2427 -33.3358 -1.50915 -11.2545 -33.3358 -1.04145 -11.2571 -33.3358 -0.573015 -9.7151 -39.5979 -2.44528 -9.70668 -39.5979 -2.91372 -9.67038 -39.5979 -3.38141 -9.49864 -39.8386 -3.63968 -9.28507 -39.9822 -3.81655 -9.14936 -39.9315 -4.3168 -9.06993 -39.8649 -4.60689 -8.7914 -39.9177 -4.6957 -11.2571 -33.9822 -0.573015 -9.71457 -39.5979 -1.50915 -9.91051 -39.2733 -1.97758 -9.91051 -39.2719 -2.44528 -9.71378 -39.5979 -0.573015 -9.90499 -39.2566 -2.91372 -9.88395 -39.2094 -3.38141 -9.58964 -39.6152 -3.81655 -9.4584 -39.7831 -3.95049 -9.38344 -39.7005 -4.3168 -9.51179 -39.3933 -4.59505 -9.25062 -39.5778 -4.75638 -9.11911 -39.4501 -5.11825 -8.7914 -39.7699 -4.92955 -8.7914 -33.514 -7.49817 -9.04363 -33.7957 -7.37015 -9.08439 -33.514 -7.39753 -9.90973 -39.2726 -1.04145 -10.0389 -39.0395 -1.97758 -10.037 -39.0381 -2.44528 -9.90894 -39.2712 -0.105319 -10.026 -39.0229 -2.91372 -9.99994 -38.975 -3.38141 -9.976 -38.9264 -3.68556 -9.85633 -39.1012 -3.84393 -9.55308 -39.4668 -4.3168 -9.57491 -39.1193 -4.76452 -9.52257 -38.9556 -5.07607 -9.43104 -39.2677 -4.9066 -9.72246 -39.1297 -4.3168 -9.27245 -39.1304 -5.25294 -9.11385 -38.993 -5.56375 -8.89266 -39.3045 -5.4298 -8.75852 -39.507 -5.26552 -8.58073 -39.3718 -5.49493 -11.2535 -33.514 -1.04145 -11.25 -33.9822 -1.04145 -11.2435 -34.4504 -1.04145 -11.2479 -34.4504 -0.573015 -11.2248 -34.9186 -1.04145 -8.61255 -34.2659 -7.37237 -8.77772 -33.9642 -7.40567 -8.92448 -34.1078 -7.33019 -9.00707 -35.6026 -6.88543 -9.08308 -35.2904 -6.92983 -9.15199 -34.9186 -6.98312 -9.22248 -34.4504 -7.04972 -9.48943 -34.1959 -6.88469 -9.31821 -33.514 -7.19254 -10.2295 -38.6615 -1.97758 -10.2243 -38.6615 -2.44528 -10.1998 -38.6615 -2.91372 -10.1438 -38.6615 -3.38141 -10.0457 -38.6816 -3.84393 -9.9426 -38.8502 -3.99711 -9.90683 -38.6816 -4.35455 -9.95628 -38.4118 -4.53511 -9.75955 -38.6615 -4.7845 -9.56965 -38.633 -5.24036 -9.50521 -38.4576 -5.50455 -9.42605 -38.7697 -5.38836 -9.23615 -38.6122 -5.69029 -9.04626 -38.4548 -5.96928 -8.7914 -38.7669 -5.87604 -8.75852 -39.1415 -5.61629 -11.2272 -34.4504 -1.50915 -11.2111 -34.9186 -1.50915 -11.1748 -35.3862 -1.50915 -11.1843 -35.3862 -1.04145 -8.69514 -35.7434 -6.92613 -8.7914 -34.9186 -7.13926 -8.77772 -34.4338 -7.28135 -8.59782 -37.5253 -6.43254 -8.82743 -35.4222 -6.9846 -8.76878 -37.2402 -6.47028 -8.90975 -37.3845 -6.39036 -9.04678 -37.0724 -6.43624 -9.10307 -36.7901 -6.47694 -9.18434 -36.3226 -6.54428 -9.41842 -36.3226 -6.33707 -9.38581 -34.9186 -6.77517 -9.45656 -34.4504 -6.84621 -9.51652 -33.8837 -6.92169 -9.46734 -35.9861 -6.38962 -9.4847 -37.4546 -5.94264 -9.50442 -35.674 -6.43698 -9.70721 -35.3862 -6.18833 -9.612 -34.4504 -6.61162 -9.63251 -34.0169 -6.69969 -9.54256 -33.514 -6.9587 -10.386 -38.3272 -1.97758 -10.3826 -38.3154 -2.44528 -10.3689 -38.2689 -2.91372 -10.3455 -38.1635 -3.36661 -10.2319 -38.194 -3.84837 -10.0049 -38.538 -4.22356 -10.0039 -38.0996 -4.65648 -9.90394 -38.2307 -4.80152 -10.0717 -38.2307 -4.35455 -10.2335 -37.7258 -4.3168 -9.70957 -38.194 -5.25294 -9.54361 -38.194 -5.56745 -9.44604 -37.7258 -5.89602 -9.35135 -38.194 -5.8013 -9.11727 -38.194 -6.02256 -8.7914 -38.194 -6.15873 -8.7914 -38.5332 -6.01146 -11.2129 -33.514 -1.97758 -11.1909 -34.4504 -1.97758 -11.1743 -34.9186 -1.97758 -11.1433 -35.3862 -1.97758 -11.1845 -35.3862 -0.573015 -11.0893 -35.8544 -1.97758 -11.1141 -35.8544 -1.50915 -11.1196 -35.8544 -1.04145 -8.76878 -37.6994 -6.33411 -9.21222 -37.7258 -6.10471 -9.73246 -33.514 -6.65676 -9.51679 -37.1424 -5.9863 -9.60095 -37.7258 -5.66217 -9.62988 -37.2818 -5.76059 -9.74219 -36.7901 -5.72063 -9.82188 -34.8715 -6.14171 -9.84608 -34.4504 -6.22015 -9.88395 -33.9822 -6.28231 -10.4855 -38.0934 -1.97758 -10.4789 -38.0809 -2.44528 -10.4584 -38.0351 -2.91372 -10.4392 -37.9873 -3.20085 -10.4102 -37.8957 -3.5124 -10.3724 -37.7341 -3.85947 -10.046 -37.7181 -4.80152 -9.94024 -37.8694 -4.96877 -10.4121 -37.4116 -4.02227 -10.3508 -37.2569 -4.29682 -9.84766 -37.7181 -5.22334 -11.169 -33.514 -2.44528 -11.1514 -33.9822 -2.44528 -11.133 -34.4504 -2.44528 -11.1135 -34.9186 -2.44528 -11.0851 -35.3862 -2.44528 -11.0386 -35.8544 -2.44528 -11.1845 -35.3862 -0.105319 -10.9691 -36.3226 -2.44528 -11.012 -36.3226 -1.97758 -11.0291 -36.3226 -1.50915 -11.0317 -36.3226 -1.04145 -9.91709 -33.514 -6.34077 -9.88053 -37.2576 -5.33656 -9.92077 -36.7901 -5.41204 -9.94734 -36.4682 -5.46014 -9.93629 -34.9963 -5.90786 -9.96128 -34.6842 -5.95448 -9.97811 -34.4504 -5.9863 -10.0105 -33.9822 -6.04846 -10.6254 -37.7258 -1.04145 -10.6251 -37.7258 -1.50915 -10.6238 -37.7258 -1.97758 -10.608 -37.7258 -2.44528 -10.5641 -37.7258 -2.91372 -10.4876 -37.7341 -3.36661 -10.4565 -37.5836 -3.71072 -10.1538 -37.2576 -4.7845 -9.976 -37.5572 -5.04721 -10.4457 -37.1001 -4.12736 -10.4939 -37.2569 -3.85947 -10.3839 -36.7901 -4.43151 -11.1046 -33.514 -2.91372 -11.0809 -33.9822 -2.91372 -11.0557 -34.4504 -2.91372 -11.0283 -34.9186 -2.91372 -10.9975 -35.3862 -2.91372 -10.9473 -35.8765 -2.94924 -10.9192 -36.3226 -2.78865 -10.8987 -36.5632 -2.68727 -10.9126 -36.6229 -2.44528 -10.9326 -36.6992 -1.97758 -10.9397 -36.7193 -1.50915 -10.9399 -36.72 -1.04145 -10.0399 -33.514 -6.10693 -10.0049 -37.2576 -5.10271 -10.0431 -36.7901 -5.17819 -9.97153 -36.1561 -5.50528 -10.0594 -36.3163 -5.28328 -10.0412 -34.8715 -5.73913 -10.1107 -34.4504 -5.72063 -10.1743 -33.9822 -5.72063 -10.7842 -37.2576 -1.50915 -10.7792 -37.2576 -1.97758 -10.7564 -37.2576 -2.44528 -10.7027 -37.2576 -2.91372 -10.6164 -37.2576 -3.38141 -10.2317 -36.7901 -4.7845 -10.4728 -36.7901 -4.19766 -10.5888 -36.7901 -3.84837 -10.7174 -36.7901 -3.38141 -10.41 -36.4044 -4.50255 -11.0152 -33.514 -3.38141 -10.9849 -33.9822 -3.38141 -10.9384 -34.9186 -3.31037 -10.9213 -35.3862 -3.24229 -10.9076 -35.735 -3.18753 -10.8934 -36.0472 -3.12906 -10.8758 -36.3226 -3.0225 -10.8295 -36.7478 -2.87153 -10.8613 -36.8567 -2.44528 -10.875 -36.9329 -1.97758 -10.8787 -36.9531 -1.50915 -10.2303 -33.514 -5.72063 -10.1406 -35.8544 -5.25294 -10.2051 -35.3862 -5.25294 -10.2685 -34.9186 -5.25294 -10.3589 -33.9822 -5.32324 -10.3224 -36.2782 -4.73862 -10.4889 -36.2782 -4.33457 -10.6543 -36.3226 -3.84837 -10.7929 -36.3226 -3.38141 -10.4297 -36.093 -4.55213 -10.8708 -33.514 -3.98009 -10.9307 -33.514 -3.74624 -10.9136 -33.9822 -3.67964 -10.8795 -34.9186 -3.54496 -10.8613 -35.3862 -3.47614 -10.8495 -35.8765 -3.35847 -10.3858 -33.514 -5.38318 -10.3434 -34.4581 -5.22112 -10.3421 -35.8544 -4.81928 -10.4213 -34.619 -4.99911 -10.44 -34.3076 -5.04425 -10.4586 -33.9822 -5.08939 -10.541 -35.8544 -4.3168 -10.4699 -35.3862 -4.6513 -10.4436 -35.8544 -4.58469 -10.7038 -35.8544 -3.84837 -10.5907 -35.3862 -4.3168 -10.8524 -33.9822 -3.91275 -10.7714 -33.514 -4.3168 -10.7479 -35.3862 -3.84837 -10.7308 -33.9822 -4.3168 -10.4831 -33.514 -5.14933 -10.4949 -34.9186 -4.71938 -10.5712 -33.9822 -4.7845 -10.6859 -34.4504 -4.3168 -10.6391 -34.9186 -4.3168 -10.6175 -33.514 -4.7845 -8.57047 -40.4219 0.00124445 -8.7914 -40.3924 0.00124445 -9.05204 -40.3161 0.00124445 -9.28612 -40.1166 0.00124445 -9.53204 -39.8826 0.00124445 -9.71325 -39.5974 0.00124445 -9.90867 -39.2712 0.00124445 -10.0389 -39.0372 0.00124445 -10.2295 -38.662 0.00124445 -10.386 -38.3271 0.00124445 -10.4628 -38.1464 0.00124445 -10.4855 -38.0931 0.00124445 -10.6254 -37.7259 0.00124445 -10.7842 -37.2578 0.00124445 -10.8784 -36.9532 0.00124445 -10.9399 -36.7199 0.00124445 -11.0317 -36.3224 0.00124445 -11.1196 -35.8543 0.00124445 -11.1843 -35.3863 0.00124445 -11.194 -35.2804 0.00124445 -11.2256 -34.9182 0.00124445 -11.2308 -34.8123 0.00124445 -11.2485 -34.4501 0.00124445 -11.2571 -33.9821 0.00124445 -11.2571 -33.0661 0.00124445 -9.54282 -33.0661 0.00124445 -8.57047 -38.1327 0.00124445 -8.57047 -33.0661 5.29341 -8.57047 -33.0661 7.60423 -8.57047 -33.1575 7.59083 -8.57047 -33.3894 7.55139 -8.57047 -33.5147 7.52832 -8.57047 -33.7617 7.47473 -8.57047 -33.9821 7.42636 -8.57047 -34.6878 7.24402 -8.57047 -36.6119 6.69702 -8.57047 -37.9491 6.29142 -8.57047 -38.0694 6.25272 -8.57047 -38.271 6.16341 -8.57047 -38.5165 6.0421 -8.57047 -38.6814 5.95801 -8.57047 -38.8571 5.86498 -8.57047 -38.968 5.79725 -8.57047 -39.1733 5.6179 -8.57047 -39.3331 5.47798 -8.57047 -39.4519 5.36784 -8.57047 -39.8221 4.93172 -8.57047 -39.871 4.86623 -8.57047 -40.0086 4.58938 -8.57047 -40.3031 3.93893 -8.57047 -40.3125 3.91214 -8.57047 -40.3549 3.63901 -8.57047 -40.4025 3.19247 -8.57047 -40.4147 2.92455 -8.57047 -40.4212 2.70352 -8.57047 -40.4219 2.2354 -8.7914 -40.3924 2.2354 -9.05204 -40.3161 2.2354 -8.7914 -40.3917 2.70352 -9.28612 -40.1166 2.2354 -11.2571 -33.0661 0.831053 -11.2524 -33.0661 1.27982 -11.2519 -33.0661 1.29917 -11.2387 -33.0661 1.74794 -11.2379 -33.0661 1.76729 -11.2072 -33.0661 2.21605 -11.2056 -33.0661 2.2354 -11.1548 -33.0661 2.68417 -11.1522 -33.0661 2.70352 -11.083 -33.0661 3.15228 -11.0799 -33.0661 3.17163 -10.9865 -33.0661 3.61966 -10.982 -33.0661 3.6405 -10.9144 -33.0661 3.92256 -10.9123 -33.0661 3.93074 -10.8542 -33.0661 4.15029 -10.8505 -33.0661 4.16368 -10.7251 -33.0661 4.5745 -10.5657 -33.0661 5.02326 -10.5581 -33.0661 5.0441 -10.4528 -33.0661 5.31723 -10.4497 -33.0661 5.32542 -10.3553 -33.0661 5.54496 -10.3497 -33.0661 5.55761 -10.1612 -33.0661 5.95801 -10.1506 -33.0661 5.98033 -10.0015 -33.0661 6.27132 -9.99757 -33.0661 6.27877 -9.87212 -33.0661 6.50129 -9.86633 -33.0661 6.51096 -9.60647 -33.0661 6.93815 -9.55782 -33.0661 7.01331 -9.36187 -33.0661 7.23286 -9.28665 -33.0661 7.29537 -8.79245 -33.0661 7.57223 -8.77588 -33.0661 7.57744 -9.53204 -39.8826 0.363681 -9.05126 -40.3153 2.70352 -9.28534 -40.1159 2.70352 -8.83769 -40.3614 3.21554 -9.04205 -40.3103 3.08903 -11.2571 -33.9821 0.363681 -11.2571 -33.5147 0.831053 -9.53125 -39.8818 2.70352 -9.53178 -39.8826 2.2354 -8.7075 -40.3398 3.63901 -9.02443 -40.2995 3.4016 -9.22274 -40.144 3.21554 -11.2495 -34.4501 0.363681 -8.78903 -33.0769 7.57223 -8.7914 -33.5147 7.49632 -9.71063 -39.5974 2.2354 -9.52336 -39.871 3.17163 -9.70852 -39.5974 2.70352 -8.60256 -40.3117 3.90916 -8.94158 -40.2743 3.63901 -9.50837 -39.8509 3.49537 -9.19617 -39.9726 4.10638 -9.29849 -40.01 3.64645 -11.2258 -34.9182 0.363681 -11.2253 -34.9182 0.831053 -11.2482 -34.4501 0.831053 -11.2556 -33.9821 0.831053 -11.2495 -33.5147 1.29917 -9.20985 -33.5147 7.29017 -9.15278 -33.9821 7.2403 -9.08702 -34.3716 7.19044 -8.7914 -33.9821 7.3951 -9.90788 -39.2705 0.831053 -10.0389 -39.035 2.2354 -10.0389 -39.0364 0.831053 -9.90631 -39.269 2.2354 -9.68906 -39.5974 3.17163 -9.90473 -39.2626 2.70352 -8.81007 -39.9603 4.60352 -8.77167 -40.2008 4.08182 -9.10991 -39.8977 4.46658 -9.48049 -39.8127 3.8072 -9.61068 -39.6334 3.64645 -9.89316 -39.2345 3.17163 -9.42999 -39.7501 4.10638 -11.1835 -35.3863 0.831053 -11.1801 -35.3863 1.29917 -11.2198 -34.9182 1.29917 -11.2393 -34.4501 1.29917 -11.2456 -33.9821 1.29917 -9.47523 -33.1511 7.12569 -9.44393 -33.5147 7.08923 -9.38686 -33.9821 7.03415 -9.42631 -35.3863 6.60325 -9.19223 -35.3863 6.81014 -9.11306 -35.8543 6.74242 -9.02469 -34.6834 7.14802 -8.83769 -34.4969 7.24849 -8.71249 -34.8246 7.1897 -10.0333 -39.0285 2.70352 -10.2288 -38.662 2.2354 -10.2295 -38.662 1.76729 -8.6662 -39.866 4.85879 -8.9784 -39.8134 4.77916 -9.14173 -39.4786 5.04261 -9.29217 -39.6219 4.61543 -9.53178 -39.4296 4.4517 -9.57991 -39.516 4.10638 -9.88211 -39.1157 3.68366 -9.98863 -38.9508 3.55714 -10.0152 -39.0004 3.17163 -9.4747 -39.3302 4.76427 -11.1196 -35.8543 0.831053 -11.1188 -35.8543 1.29917 -11.1043 -35.8543 1.76729 -11.1603 -35.3863 1.76729 -11.194 -34.9182 1.76729 -11.2122 -34.4501 1.76729 -11.2219 -33.9821 1.76729 -11.2308 -33.5147 1.76729 -9.60568 -33.5147 6.85554 -9.57307 -33.9821 6.80047 -9.5352 -34.4501 6.73944 -9.50784 -34.7547 6.7 -9.47181 -35.0665 6.65237 -9.14936 -37.2578 6.30333 -9.45524 -36.7897 6.16639 -9.38318 -37.2578 6.09494 -9.08124 -37.62 6.25049 -9.05415 -36.1546 6.69925 -8.9976 -37.9325 6.2036 -8.92948 -36.4664 6.65311 -8.78061 -36.3152 6.73721 -8.61755 -36.6075 6.69553 -10.2148 -38.662 2.70352 -10.3853 -38.3235 2.2354 -10.386 -38.3271 1.76729 -8.7914 -39.4303 5.34551 -8.81007 -39.6867 5.02549 -9.04363 -39.3792 5.29267 -9.61778 -39.1567 4.59459 -9.78032 -39.1293 4.10638 -9.96049 -38.8939 3.86823 -10.0717 -38.7074 3.68366 -10.1738 -38.662 3.17163 -9.39054 -39.1567 5.07312 -9.47865 -38.8636 5.24951 -9.55019 -39.0184 4.93693 -11.0317 -36.3224 1.29917 -11.0225 -36.3224 1.76729 -10.9923 -36.3224 2.2354 -11.0649 -35.8543 2.2354 -11.1133 -35.3863 2.2354 -11.1433 -34.9182 2.2354 -11.163 -34.4501 2.2354 -11.1801 -33.9821 2.2354 -11.1943 -33.5147 2.2354 -9.86396 -33.5608 6.41942 -9.79058 -33.9821 6.44696 -9.71589 -34.4501 6.44696 -9.63567 -36.3577 6.02201 -9.51968 -36.2245 6.249 -9.48891 -36.537 6.20658 -9.49969 -37.9801 5.7526 -9.24615 -37.7561 6.05773 -9.27403 -38.1586 5.88805 -9.12753 -38.5734 5.82777 -9.00891 -38.8859 5.73772 -8.82165 -38.2033 6.14927 -8.68567 -38.0535 6.24676 -8.82165 -37.7561 6.30407 -10.3766 -38.2962 2.70352 -10.4834 -38.0895 2.2354 -10.4855 -38.0931 1.76729 -8.69671 -38.9572 5.78907 -8.82822 -39.12 5.60822 -9.14489 -39.1293 5.40058 -9.85213 -38.6418 4.55663 -9.92787 -38.8111 4.10638 -10.2798 -38.1939 3.63901 -10.0199 -38.577 4.10638 -10.3661 -38.1788 3.19992 -10.4497 -38.0125 3.06298 -9.62541 -38.6894 5.07312 -9.30322 -38.7182 5.54868 -9.43972 -38.2919 5.67222 -9.53993 -38.5511 5.36039 -10.9399 -36.7199 1.29917 -10.9368 -36.7127 1.76729 -10.9231 -36.6673 2.2354 -10.9073 -36.6039 2.54128 -10.9334 -36.3202 2.6998 -10.9975 -35.8543 2.70352 -11.0399 -35.3863 2.70352 -11.0693 -34.9182 2.70352 -11.0941 -34.4501 2.70352 -11.1164 -33.9821 2.70352 -11.1356 -33.5147 2.70352 -9.9789 -33.4355 6.24453 -9.96128 -33.748 6.21253 -9.94444 -33.9821 6.18053 -9.90815 -34.4501 6.11355 -9.94997 -35.5476 5.72283 -9.75087 -35.8543 5.97884 -9.78295 -37.2578 5.51073 -9.57044 -37.2578 5.86051 -9.52652 -37.7259 5.7913 -9.69143 -37.7259 5.51073 -9.89237 -37.7259 5.13341 -9.58017 -38.1586 5.51371 -8.82822 -38.7023 5.89996 -10.4705 -38.0622 2.70352 -10.618 -37.7259 2.2354 -10.6254 -37.7259 1.76729 -9.97811 -38.4726 4.38918 -9.92209 -38.3034 4.70101 -10.3963 -37.8425 3.63901 -10.4244 -37.9448 3.37555 -10.1591 -38.1939 4.10638 -10.5883 -37.7259 2.70352 -10.5104 -37.7633 3.19992 -9.83372 -38.1658 5.00838 -10.8784 -36.9532 1.29917 -10.8776 -36.946 1.76729 -10.8695 -36.9006 2.2354 -10.8495 -36.7717 2.6998 -10.8852 -36.475 2.85311 -10.9084 -36.1632 2.98707 -10.9265 -35.8543 3.05777 -10.9373 -35.3402 3.19098 -10.9707 -34.9182 3.17163 -11.0015 -34.4501 3.17163 -11.0312 -33.9821 3.17163 -11.0583 -33.5147 3.17163 -10.077 -33.5608 6.02499 -10.0628 -33.9821 5.94684 -10.0299 -34.4501 5.87912 -9.97364 -35.2358 5.76748 -9.96049 -37.0187 5.27555 -9.93971 -37.2578 5.23313 -10.0541 -37.2578 4.99945 -10.0039 -37.7259 4.89898 -9.97101 -37.9916 4.82976 -10.7835 -37.2578 1.76729 -10.7703 -37.2578 2.2354 -10.7842 -37.2578 1.29917 -10.0186 -38.1658 4.55663 -10.4334 -37.5062 3.88609 -10.4657 -37.6085 3.63901 -10.6598 -37.2578 3.17163 -10.3263 -37.6877 4.06768 -10.7303 -37.2578 2.70352 -10.7645 -36.7897 3.17163 -10.8482 -36.3202 3.15452 -10.8708 -35.8543 3.2922 -10.886 -35.4655 3.36067 -10.8973 -35.1537 3.40606 -10.9231 -34.4501 3.50728 -10.9399 -33.9821 3.575 -10.9476 -33.5176 3.67399 -10.3434 -33.5205 5.47575 -10.2732 -33.9821 5.51073 -10.2109 -34.4501 5.51073 -10.1464 -34.9182 5.51073 -10.0625 -35.3899 5.54422 -9.98442 -36.7076 5.31946 -10.0804 -36.8337 5.08875 -10.3387 -36.7825 4.54249 -10.244 -37.2578 4.5745 -10.1388 -37.7259 4.5745 -10.385 -37.2578 4.20387 -10.4628 -37.2578 3.96944 -10.5567 -37.2578 3.63901 -10.6519 -36.7897 3.63901 -10.7209 -36.3224 3.63901 -10.7706 -35.8543 3.63901 -10.8432 -34.9182 3.67324 -10.8634 -34.4501 3.74097 -10.881 -33.9821 3.80869 -10.8921 -33.676 3.8526 -10.9031 -33.3635 3.89502 -10.4373 -33.3685 5.29565 -10.4229 -33.6803 5.26067 -10.4055 -33.9821 5.21825 -10.376 -34.4501 5.15052 -10.3453 -34.9182 5.08429 -10.239 -35.8543 5.04261 -10.1756 -36.3224 5.04261 -10.3587 -36.3224 4.64445 -10.4397 -36.6227 4.36537 -10.415 -36.9338 4.30062 -10.4989 -36.7825 4.12945 -10.5678 -36.3224 4.10638 -10.6172 -35.8543 4.10638 -10.6648 -35.3863 4.10638 -10.7111 -34.9182 4.10638 -10.7545 -34.4501 4.10638 -10.795 -33.9821 4.10638 -10.8426 -33.5176 4.07289 -10.5076 -33.5205 5.07982 -10.4983 -33.9821 4.98456 -10.4318 -35.1731 4.81488 -10.4578 -36.3224 4.41077 -10.5483 -34.9182 4.5745 -10.598 -34.4501 4.5745 -10.6464 -33.9821 4.5745 -10.6906 -33.5147 4.5745 6.37713 -2.19977 -6.65682 6.37568 -2.19977 -6.11437 6.36261 -2.23789 -6.1889 6.36261 -2.23978 -6.65682 6.34663 -2.21184 -7.12474 6.35099 -2.19977 -7.12474 6.1738 -2.19977 -7.49777 5.71632 -2.19977 -7.73954 5.24721 -2.19977 -7.78208 0.175657 -2.19977 -8.01986 0.100136 -2.19977 -8.02022 -5.47248 -2.19977 -7.77808 -5.51459 -2.19977 -7.7759 -7.85431 -2.19977 -7.58139 -8.22756 -2.19977 -7.47959 -8.25805 -2.19977 -7.46941 -8.43234 -2.19977 -7.15455 -8.44395 -2.19977 -7.12474 -8.45993 -2.19977 -6.65682 -8.45993 -2.19977 -5.72134 -8.44976 -2.19977 -5.29487 -8.44831 -2.19977 -5.25306 -8.26386 -2.19977 -4.89457 -7.85431 -2.19977 -4.76914 -5.82394 -2.19977 -4.30631 5.7962 -2.19977 -4.30631 6.18687 -2.19977 -4.87858 6.36406 -2.19977 -5.22288 6.36551 -2.19977 -5.25306 6.37423 -2.19977 -5.72134 6.36115 -2.23449 -5.72134 6.21011 -2.62628 -6.1889 6.21156 -2.62628 -6.65682 6.18106 -2.62628 -7.12474 5.98645 -2.93503 -7.40142 6.35389 -2.23072 -5.25306 6.19849 -2.62628 -5.25306 6.20721 -2.62628 -5.72134 6.02857 -3.0158 -5.25306 6.03002 -3.01807 -5.72134 6.03147 -3.0192 -6.1889 6.03293 -3.01995 -6.65682 6.01986 -2.99655 -7.12474 5.73374 -3.09242 -7.52722 6.05035 -2.62628 -7.46504 5.89205 -3.23057 -7.12474 5.49992 -3.82165 -7.37851 5.57544 -3.56234 -7.44796 5.71632 -2.62628 -7.67555 6.00243 -2.96296 -4.95929 5.90222 -3.24982 -5.25306 5.90803 -3.25208 -5.72134 5.90803 -3.25321 -6.1889 5.90803 -3.25397 -6.65682 5.24721 -3.56234 -7.65083 5.69744 -3.56234 -7.12474 5.52025 -3.85146 -7.12474 5.3358 -4.08548 -7.12474 5.10198 -4.36932 -7.12474 5.06131 -4.32138 -7.40287 5.22978 -3.99867 -7.47486 5.24721 -3.09431 -7.74936 5.24721 -2.62628 -7.78099 5.79329 -2.20996 -4.30631 5.62482 -2.63647 -4.30631 5.51154 -2.90672 -4.30631 5.51154 -3.84014 -4.98219 5.71486 -3.56234 -5.25306 5.72213 -3.56234 -5.72134 5.72358 -3.56234 -6.1889 5.72503 -3.56234 -6.65682 4.77956 -4.03037 -7.69809 5.53332 -3.86769 -6.65682 5.35323 -4.10171 -6.65682 5.11941 -4.38781 -6.65682 4.91318 -4.62183 -6.65682 4.89575 -4.60333 -7.12474 4.61109 -4.7913 -7.41196 4.7723 -4.48557 -7.49958 4.77956 -3.56234 -7.77336 -5.81377 -2.24166 -4.30631 -5.6729 -2.55419 -4.30631 -5.37517 -3.13092 -4.30631 -5.13844 -3.52044 -4.30631 -4.87557 -3.86883 -4.30631 -4.66207 -4.10246 -4.30631 -4.4297 -4.35007 -4.30631 -4.18716 -4.58295 -4.30631 -3.95333 -4.79998 -4.30631 -3.65706 -5.03287 -4.30631 -3.42323 -5.21026 -4.30631 -2.53585 -5.71038 -4.30631 -2.22796 -5.82927 -4.30631 -1.5686 -6.05536 -4.30631 1.54521 -6.05536 -4.30631 2.38902 -5.75831 -4.30631 2.63156 -5.63791 -4.30631 2.9075 -5.49561 -4.30631 2.91476 -5.49146 -4.30631 3.27058 -5.28764 -4.30631 3.87766 -4.86452 -4.30631 4.06646 -4.72374 -4.30631 4.31046 -4.49501 -4.30631 4.54719 -4.26552 -4.30631 4.68952 -4.08548 -4.30631 4.96401 -3.72464 -4.30631 5.12522 -3.491 -4.30631 5.35468 -3.14828 -4.30631 5.08165 -4.3429 -4.95602 5.1165 -4.38328 -5.25306 5.35033 -4.0968 -5.25306 5.52751 -3.86279 -5.25306 5.53042 -3.86467 -5.72134 5.53187 -3.86618 -6.1889 4.31191 -4.49803 -7.70864 5.35323 -4.1002 -6.1889 5.11795 -4.38517 -5.72134 4.91172 -4.61919 -5.72134 4.67935 -4.85698 -6.65682 4.66047 -4.83924 -7.12474 4.12456 -5.23857 -7.39669 4.29303 -4.95474 -7.49413 4.31191 -4.03037 -7.77954 2.43985 -5.43409 -7.77554 1.03544 -5.90212 -7.77626 0.567788 -5.90212 -7.77917 3.84426 -4.49803 -7.77735 4.63287 -4.81395 -4.94765 4.91027 -4.6173 -5.25306 5.35178 -4.09869 -5.72134 3.84426 -4.96606 -7.68537 3.37515 -4.96606 -7.76754 4.6779 -4.8566 -5.72134 4.41938 -5.09099 -6.65682 4.4005 -5.07325 -7.12474 4.16668 -5.27405 -7.12474 3.17763 -6.05536 -7.12692 2.93945 -6.05536 -7.51667 2.9075 -5.43409 -7.73409 2.43985 -5.90212 -7.68682 1.9722 -5.90212 -7.72427 1.50454 -5.90212 -7.76136 1.03544 -6.05536 -7.74427 0.567788 -6.05536 -7.74718 -0.367517 -6.05536 -7.74718 -0.367517 -5.90212 -7.77917 -0.836621 -5.90212 -7.77881 -1.30282 -5.90212 -7.76972 -2.23812 -5.43409 -7.77917 -3.17488 -4.96606 -7.77844 -3.64253 -4.49803 -7.78063 -4.57929 -3.56234 -7.78063 -5.04694 -3.09431 -7.77735 -7.85431 -2.62628 -4.7815 4.14634 -5.25782 -4.96256 4.67644 -4.85547 -5.25306 2.60977 -6.05536 -7.61375 2.43985 -6.05536 -7.65628 4.41502 -5.08948 -5.25306 4.41648 -5.09061 -5.72134 4.41793 -5.09099 -6.1889 4.18555 -5.28953 -6.65682 3.18635 -6.05536 -7.00258 3.20959 -6.05536 -6.65682 3.20959 -6.05536 -5.72134 3.20523 -6.05536 -5.581 3.19071 -6.05536 -5.25306 3.16747 -6.05536 -5.19925 2.94236 -6.05536 -4.81568 -5.51895 -6.05536 -4.72551 -5.98225 -6.05536 -4.8164 -6.30466 -6.05536 -4.95529 -6.40488 -6.05536 -5.25306 -6.41649 -6.05536 -5.72134 -6.41649 -6.05536 -6.65682 -6.41214 -6.05536 -6.81025 -6.40197 -6.05536 -7.12474 -6.3918 -6.05536 -7.21054 -6.30321 -6.05536 -7.41414 -6.21898 -6.05536 -7.45086 -5.98225 -6.05536 -7.52576 -5.82975 -6.05536 -7.55376 -5.51459 -6.05536 -7.58211 -1.30282 -6.05536 -7.73772 -0.836621 -6.05536 -7.74681 1.50454 -6.05536 -7.729 2.12614 -6.05536 -7.68137 -2.70723 -5.43409 -7.76136 -6.45135 -4.96606 -7.58211 -6.919 -4.49803 -7.57157 -7.38665 -3.56234 -7.58066 -8.20722 -2.62628 -4.9073 -7.80202 -3.56234 -4.89639 -7.38665 -4.03037 -4.82877 -7.38665 -3.56234 -4.77059 3.62205 -5.67565 -5.00946 4.1812 -5.28689 -5.25306 4.18265 -5.28802 -5.72134 4.1841 -5.28877 -6.1889 -6.93643 -4.97663 -7.48431 -7.38665 -4.03037 -7.52831 -7.85431 -2.62628 -7.57121 -8.14622 -3.01505 -4.95384 -7.68874 -4.03037 -4.95456 -7.38084 -4.45613 -4.92548 -6.93933 -4.97776 -4.87894 -6.919 -4.49803 -4.78114 -7.21818 -4.82754 -7.41923 -7.37939 -4.455 -7.4425 -7.68584 -4.03037 -7.41669 -7.79767 -3.56234 -7.46904 -8.20287 -2.62628 -7.45923 -8.33212 -2.62628 -5.25306 -8.17527 -3.09242 -5.25306 -8.08813 -3.32644 -5.25306 -7.62484 -4.27194 -5.01273 -7.21964 -4.82942 -4.95311 -6.79701 -5.34388 -4.93529 -7.08602 -5.111 -7.12474 -7.25159 -4.87698 -7.12474 -7.62484 -4.27043 -7.36361 -8.14477 -3.01278 -7.41851 -8.33793 -2.62628 -5.72134 -8.33793 -2.62628 -6.65682 -8.17527 -3.09242 -6.65682 -8.08813 -3.32644 -6.65682 -7.98211 -3.56234 -5.25306 -7.98211 -3.56234 -6.65682 -7.48686 -4.51011 -5.25306 -7.25304 -4.87811 -5.25306 -7.08893 -5.11213 -5.25306 -7.75555 -4.03037 -5.25306 -7.62774 -4.27609 -5.25306 -7.09183 -5.11213 -6.65682 -7.25304 -4.87811 -6.65682 -7.48686 -4.50897 -7.12474 -7.62629 -4.27496 -7.12474 -7.75264 -4.03037 -7.12474 -7.97921 -3.56234 -7.12474 -8.08668 -3.32493 -7.12474 -8.17382 -3.09091 -7.12474 -8.32777 -2.62628 -7.12474 -7.757 -4.03037 -6.65682 -7.757 -4.03037 -5.72134 -7.62774 -4.27609 -6.65682 -7.48686 -4.51011 -6.65682 -7.09183 -5.11213 -5.72134 -7.36601 -39.6056 -5.24716 -7.36601 -39.6008 -5.25305 -5.51463 -39.6735 -5.24716 -3.17429 -39.6735 -5.24716 -2.70725 -39.672 -5.24716 -2.67887 -39.6704 -5.24716 -0.311428 -38.6952 -5.24716 0.0253034 -38.5561 -5.24716 0.100133 -38.5214 -5.24716 0.301397 -38.4202 -5.24716 0.587812 -38.2622 -5.24716 0.627807 -38.2384 -5.24716 0.698766 -38.1942 -5.24716 0.933575 -38.0456 -5.24716 1.05227 -37.9619 -5.24716 1.1929 -37.8607 -5.24716 1.43932 -37.6679 -5.24716 1.66251 -37.4703 -5.24716 1.927 -37.2111 -5.24716 1.95022 -37.1858 -5.24716 2.16955 -36.9393 -5.24716 2.29985 -36.7765 -5.24716 2.36178 -36.6975 -5.24716 2.5424 -36.4446 -5.24716 2.61594 -36.3355 -5.24716 2.71528 -36.1791 -5.24716 4.0106 -34.0896 -5.24716 4.05963 -33.9806 -5.24716 4.11768 -33.8067 -5.24716 4.18735 -33.5128 -5.24716 4.19767 -33.4527 -5.24716 4.30863 -32.7731 -5.24716 4.6931 -30.4166 -5.24716 5.64007 -24.6019 -5.24716 5.81424 -23.5288 -5.24716 -6.25906 -23.5288 -5.24716 -7.36601 -35.4599 -5.24716 -7.36601 -23.5288 -6.04244 -7.36601 -23.5288 -7.75736 -7.36601 -31.1752 -7.75736 -7.36601 -31.6415 -7.75206 -7.36601 -31.662 -7.75147 -7.36601 -32.1093 -7.73733 -7.36601 -32.1298 -7.73585 -7.36601 -32.5771 -7.70344 -7.36601 -32.5992 -7.70079 -7.36601 -33.0449 -7.64569 -7.36601 -33.5128 -7.5676 -7.36601 -33.5349 -7.56289 -7.36601 -33.9806 -7.46506 -7.36601 -33.9964 -7.46123 -7.36601 -34.303 -7.38285 -7.36601 -34.5369 -7.31773 -7.36601 -34.9178 -7.20841 -7.36601 -36.8113 -6.65651 -7.36601 -37.2712 -6.52244 -7.36601 -37.5509 -6.44053 -7.36601 -37.562 -6.43729 -7.36601 -37.7848 -6.37187 -7.36601 -38.1926 -6.23279 -7.36601 -38.2116 -6.22454 -7.36601 -38.602 -6.0501 -7.36601 -38.613 -6.04421 -7.36601 -38.8375 -5.91957 -7.36601 -39.1298 -5.70241 -7.36601 -39.3811 -5.5041 -5.51463 -39.6483 -5.27544 -3.17429 -39.6483 -5.27544 -5.51463 -39.4143 -5.53681 -5.51463 -39.1298 -5.769 -3.17429 -39.4143 -5.53681 -2.70725 -39.6483 -5.27486 5.80005 -23.5288 -5.26336 5.54073 -23.5288 -5.5427 5.44139 -23.5288 -5.62226 5.22335 -23.5288 -5.79611 5.06982 -23.5288 -5.9122 4.96016 -23.5288 -5.98498 2.425 -23.5288 -7.52222 1.97215 -23.5288 -7.73143 1.50382 -23.5288 -7.75736 -3.17429 -39.1298 -5.769 -5.51463 -38.8928 -5.95346 -3.17429 -38.8928 -5.95346 -2.70725 -39.4143 -5.53622 5.4788 -24.368 -5.48377 -0.835232 -25.5581 -8.202 -1.30227 -26.0275 -8.2574 -1.7706 -26.4954 -8.25239 -5.51463 -38.6589 -6.08193 -3.17429 -38.6589 -6.08193 -2.70725 -39.1298 -5.76753 -2.44019 -39.397 -5.51942 5.01434 -27.2003 -5.4876 5.22206 -24.6225 -5.66145 5.50202 -24.0567 -5.50616 5.52912 -23.6868 -5.5318 -0.368195 -26.0275 -8.2465 -0.835232 -26.0275 -8.2574 -0.368195 -26.4954 -8.2574 -0.835232 -26.9632 -8.2574 -1.30227 -26.9632 -8.2574 -5.51463 -38.1926 -6.29909 -3.17429 -38.1926 -6.29909 -2.70725 -38.8912 -5.95257 -0.209505 -38.3949 -5.46638 0.100133 -38.3191 -5.41158 4.05834 -33.1666 -5.46697 4.54989 -30.0278 -5.49084 4.92532 -24.6225 -5.89541 5.29302 -24.1894 -5.65909 4.8105 -27.3852 -5.62992 4.34475 -30.2064 -5.63493 4.25573 -30.7074 -5.64082 3.49841 -33.5128 -5.87891 4.42345 -27.8988 -5.87066 1.97215 -23.6868 -7.72701 0.100133 -26.4954 -8.14661 -5.98296 -32.5771 -7.70373 -6.45129 -32.5771 -7.70373 -5.51463 -37.8923 -6.40605 -3.17429 -37.8923 -6.40605 -2.70725 -38.6573 -6.08045 -2.38858 -38.5798 -6.03773 0.412351 -38.0045 -5.51559 0.607165 -38.2163 -5.27574 4.02737 -33.5128 -5.43486 3.79256 -33.5128 -5.64495 4.08543 -32.8553 -5.49379 4.50086 -26.9632 -5.92546 4.96274 -24.1546 -5.92193 3.53711 -33.0449 -5.9069 4.99241 -23.7895 -5.94137 3.87901 -33.0244 -5.63964 3.70483 -33.9806 -5.56922 3.20941 -33.832 -5.99677 3.2636 -33.5128 -6.02801 2.39919 -23.6868 -7.52782 1.97215 -24.1546 -7.71022 1.50382 -26.9632 -7.72495 -0.368195 -26.9632 -8.24767 -0.835232 -27.431 -8.20672 -6.45129 -33.0449 -7.64628 -6.91833 -34.3046 -7.38373 -6.45129 -34.3046 -7.38403 -2.70725 -38.1926 -6.29379 -2.70725 -37.8923 -6.40252 0.56846 -37.7406 -5.59692 -0.550107 -36.5868 -6.44996 0.946476 -37.5952 -5.54211 0.724569 -37.9065 -5.45607 3.93835 -33.9806 -5.36915 4.0635 -29.4509 -5.94609 3.57453 -32.5771 -5.93254 3.59904 -32.2784 -5.94845 1.97215 -26.0275 -7.58646 1.927 -26.9632 -7.52547 3.36939 -33.9853 -5.80966 2.44177 -36.3482 -5.37268 2.23663 -33.7641 -6.43287 2.90752 -33.5128 -6.20716 2.18116 -36.522 -5.47346 1.83798 -36.7891 -5.53592 1.50382 -27.431 -7.68812 1.97215 -25.5581 -7.6283 2.36436 -24.1546 -7.51103 1.97215 -25.0903 -7.66219 1.97215 -24.6225 -7.689 1.0355 -27.8988 -7.73939 0.577491 -35.392 -6.50211 0.114324 -35.8677 -6.50388 -0.383677 -36.3197 -6.49298 -0.835232 -36.3213 -6.54395 -5.98296 -33.0449 -7.63891 -6.91833 -33.0449 -7.64598 -6.45129 -33.5128 -7.5679 -6.91833 -33.5128 -7.5679 -6.91833 -33.9806 -7.46594 -6.45129 -33.9806 -7.46653 -2.70725 -37.6568 -6.4644 -2.43374 -37.6015 -6.45055 -0.835232 -36.6374 -6.47677 -0.0314636 -36.1617 -6.46793 1.07549 -37.2981 -5.62874 1.25869 -37.4814 -5.4823 1.07549 -37.7406 -5.39714 2.5037 -33.5128 -6.36804 1.50382 -36.7891 -5.67441 0.861326 -35.2418 -6.46528 2.07149 -36.7891 -5.40156 1.73992 -37.0262 -5.48848 0.426543 -35.7207 -6.46793 1.50382 -37.1353 -5.53828 1.50382 -37.3692 -5.41158 -5.82531 -2.19977 -4.30631 -5.81393 -2.2416 -4.30631 -5.82304 -2.20257 -2.41016 -5.82304 -2.19977 -2.41049 -5.8219 -2.19977 -2.40494 -5.5646 -2.19977 -2.12897 -1.6266 -2.19977 -0.969929 1.62717 -2.19977 -0.969929 5.62438 -2.19977 -2.14171 5.79629 -2.19977 -2.42029 5.80539 -2.19977 -2.44511 5.79742 -2.19977 -4.30631 5.62438 -2.63612 -4.30631 5.57656 -2.74984 -4.30631 -5.56688 -2.74984 -4.30631 -5.67276 -2.55401 -4.30631 -5.75701 -2.41116 -4.192 -5.75701 -2.41116 -2.54308 -5.74562 -2.38811 -2.23087 5.6369 -2.62616 -2.44511 -5.57599 -2.74984 -2.41931 -5.65682 -2.59073 -2.41016 -5.41546 -2.74984 -2.14759 -5.44734 -2.62616 -2.13975 5.52191 -2.74984 -2.17959 5.57087 -2.74984 -2.32721 5.58339 -2.74984 -2.44511 5.4593 -2.74984 -2.15902 5.2464 -2.74984 -2.10775 5.12458 -2.74984 -2.08619 4.77962 -2.74984 -2.0679 -4.57868 -2.74984 -2.0679 -5.05684 -2.74984 -2.08195 0.100472 -2.74316 -0.969929 -0.366304 -2.72023 -0.969929 -0.835358 -2.61351 -0.969929 -1.15413 -2.48783 -0.969929 -1.21106 -2.46538 -0.969929 -1.44558 -2.33772 -0.969929 5.54468 -2.62616 -2.16457 0.568387 -2.6842 -0.969929 1.0363 -2.53812 -0.969929 1.07843 -2.51976 -0.969929 1.31181 -2.41724 -0.969929 1.51105 -2.28586 -0.969929 1.54634 -2.26239 -0.969929 1.59302 -2.22685 -0.969929 -7.85541 -38.0353 -6.287 -7.36601 -38.0353 -6.28653 -7.36601 -38.0353 -2.85582 -8.57035 -38.0353 -2.76499 -8.57035 -38.0353 -6.24774 -8.46625 -38.0353 -6.26335 -8.32335 -38.0353 -6.28416 -7.85541 -37.7855 -6.37168 -7.38747 -37.7855 -6.37168 -7.36601 -37.8044 -6.36506 -7.36601 -37.7855 -6.37121 -7.36601 -37.5518 -6.44028 -7.36601 -36.8112 -6.65647 -7.36601 -34.9394 -7.20239 -7.36601 -34.9182 -7.20854 -7.36601 -34.5373 -7.31782 -7.36601 -34.3142 -7.3798 -7.36601 -34.3032 -7.38263 -7.36601 -33.9821 -7.46495 -7.36601 -33.5143 -7.56761 -7.36601 -33.3362 -7.59741 -7.36601 -33.3362 -5.84563 -7.36601 -35.9984 -3.06255 -7.36601 -36.3218 -2.91022 -7.36601 -36.7896 -2.84257 -7.36601 -37.2579 -2.84257 -7.36601 -37.7257 -2.84919 -8.57035 -37.5509 -6.42656 -8.32335 -37.7809 -6.37026 -8.32335 -37.5472 -6.43886 -7.85541 -37.5518 -6.44028 -8.57035 -33.3362 -5.22448 -8.57035 -33.3362 -7.55862 -8.57035 -33.42 -7.5449 -8.57035 -33.5143 -7.52929 -8.57035 -34.2705 -7.37365 -8.57035 -34.3046 -7.36418 -8.32335 -34.9182 -7.20571 -8.32335 -35.3861 -7.06946 -7.85541 -35.8134 -6.94741 -7.38747 -36.7896 -2.84304 -7.38747 -36.3218 -2.91022 -7.71429 -36.0283 -3.09093 -8.09581 -36.5347 -3.14013 -8.32335 -34.53 -7.3164 -7.85541 -34.9182 -7.20854 -7.85541 -34.5355 -7.31782 -7.38747 -35.9984 -3.06255 -7.85541 -33.3362 -7.59694 -8.03356 -33.3362 -7.59552 -8.32335 -33.3362 -7.59315 -8.32335 -33.9821 -7.46116 -8.32335 -34.2963 -7.38027 -8.32335 -33.5143 -7.56335 -7.85541 -34.3018 -7.38216 -7.38747 -34.5373 -7.31782 -7.85541 -33.9821 -7.464 -7.85541 -33.5143 -7.56713 -7.38747 -34.3032 -7.38263 -7.38747 -33.9821 -7.46495 -7.38747 -33.5143 -7.56761 -6.25634 -9.42915 0.119536 -6.25634 -9.42915 5.25969 -6.25634 -9.22261 5.46643 -6.25634 -8.09635 5.46643 -6.25634 -8.09635 4.7206 -6.25634 -8.24222 0.119536 -6.25315 -8.17228 0.119536 -6.24891 -8.09635 0.119536 2.4897 -8.09635 0.119536 3.81435 -9.19312 0.119536 4.03087 -9.42915 0.119536 4.06484 -9.42915 3.16929 4.06908 -9.42915 3.63563 4.06908 -9.42915 5.46643 -6.25528 -9.42915 5.46643 4.29835 -8.09635 3.03112 4.36203 -8.09635 3.16458 4.45013 -8.24326 3.16144 4.57219 -8.39996 3.31113 4.57219 -8.56828 3.31113 4.58493 -8.61446 3.63877 4.50639 -8.84828 3.63877 4.27288 -9.16324 3.63877 4.275 -9.16377 5.46643 4.50851 -8.84945 5.46643 4.57856 -8.63782 5.46643 4.58493 -8.61564 5.46643 4.58493 -8.36121 5.46643 4.49365 -8.12727 5.46643 4.47242 -8.09635 5.46643 4.47136 -8.09635 3.63877 4.46181 -8.09635 3.58643 4.49365 -8.12766 3.63877 4.58493 -8.36173 3.63877 4.58493 -8.36147 4.10667 4.58493 -8.36134 4.57458 4.58493 -8.61486 4.10667 4.50851 -8.84867 4.10667 4.27394 -9.16377 4.10667 4.49365 -8.12727 5.04248 4.50851 -8.84932 5.04248 4.50851 -8.84906 4.57458 -7.36601 -33.0654 7.64083 -7.85541 -33.0654 7.64035 -7.85541 -33.2586 7.61376 -7.36601 -33.2593 7.61376 -7.36601 -33.5147 7.56638 -7.36601 -33.9612 7.46922 -7.36601 -33.9821 7.46438 -7.36601 -34.4293 7.34788 -7.36601 -34.4503 7.34208 -7.36601 -34.883 7.2188 -7.36601 -35.1268 7.14774 -7.36601 -36.3222 6.79919 -7.36601 -36.642 6.70589 -7.36601 -37.2578 6.52606 -7.36601 -37.7259 6.38925 -7.36601 -38.108 6.26694 -7.36601 -38.3424 6.17944 -7.36601 -38.6615 6.01653 -7.36601 -38.9929 5.81591 -7.36601 -39.2165 5.63704 -7.36601 -39.2266 5.62834 -7.36601 -39.4668 5.40548 -7.36601 -39.4784 5.39436 -7.36601 -39.702 5.13476 -7.36601 -39.7121 5.12267 -7.36601 -39.8858 4.8887 -7.36601 -40.0587 4.57544 -7.36601 -40.2389 4.16743 -7.36601 -40.3156 3.94409 -7.36601 -40.3192 3.93345 -7.36601 -40.3822 3.63905 -7.36601 -40.4415 3.17109 -7.36601 -40.4567 2.70314 -7.36601 -40.4567 2.70217 -7.36601 -39.1007 2.70217 -7.36601 -36.7896 2.84236 -7.36601 -36.3699 2.88974 -7.36601 -36.1355 2.95452 -7.36601 -33.0675 5.90389 -7.36601 -33.0654 5.97834 -7.36813 -33.0654 5.90437 -8.57035 -33.0654 5.29332 -8.57035 -33.0654 7.60409 -8.32335 -33.0654 7.63841 -8.32335 -33.2492 7.61231 -8.32335 -33.5147 7.56397 -7.85541 -33.5147 7.56638 -8.57035 -33.158 7.59104 -8.57035 -33.3895 7.5514 -8.57035 -33.5147 7.52819 -8.57035 -33.7615 7.47453 -8.57035 -33.9821 7.42619 -8.32335 -33.9821 7.461 -7.85541 -33.9821 7.46438 -8.57035 -38.0501 2.70217 -8.57035 -40.4212 2.70217 -8.57035 -40.4212 2.70314 -8.57035 -40.4147 2.92406 -8.57035 -40.4024 3.19236 -8.57035 -40.3554 3.63905 -8.57035 -40.3127 3.91266 -8.57035 -40.3033 3.93925 -8.57035 -40.0088 4.58994 -8.57035 -39.8713 4.86694 -8.57035 -39.8221 4.93221 -8.57035 -39.4516 5.36777 -8.57035 -39.333 5.47848 -8.57035 -38.9683 5.79753 -8.57035 -38.8569 5.86521 -8.57035 -38.6818 5.95803 -8.57035 -38.5168 6.04215 -8.57035 -38.2715 6.16349 -8.57035 -38.0696 6.25292 -8.57035 -37.9495 6.29111 -8.57035 -36.6123 6.69719 -8.57035 -36.5617 6.71169 -8.57035 -34.8519 7.19753 -8.57035 -34.6876 7.24394 -8.32335 -34.4503 7.33821 -7.85541 -34.4503 7.34159 -7.38747 -36.1355 2.95452 -7.68611 -36.4322 2.90569 -7.84739 -36.2947 3.07392 -8.32335 -34.8989 7.21155 -7.38747 -34.4503 7.34208 -7.85541 -34.904 7.21252 -7.38747 -36.3699 2.89022 -7.85541 -40.4567 2.70217 -8.32371 -40.4545 2.70217 -8.32335 -35.3866 7.06942 -7.85541 -36.3222 6.79919 -8.32335 -37.7259 6.38635 -8.32335 -36.6377 6.70444 -7.85541 -36.642 6.70589 -7.85541 -40.4567 2.70314 -8.32335 -40.4545 2.70314 -8.32335 -40.4408 3.17109 -7.85541 -37.7259 6.38925 -8.32335 -38.1043 6.26549 -7.85541 -37.2578 6.52606 -7.85541 -40.4415 3.17109 -7.85541 -40.3836 3.63905 -8.32335 -40.3822 3.63905 -8.32335 -38.3381 6.17799 -7.85541 -38.1087 6.26694 -7.85541 -38.3424 6.17992 -7.85541 -40.3199 3.93635 -8.32335 -40.3192 3.93345 -8.32335 -38.6615 6.01314 -7.85541 -38.6615 6.01701 -7.85541 -40.2403 4.17081 -8.32335 -40.2396 4.16743 -8.32335 -38.9907 5.81397 -7.85541 -38.9936 5.81591 -7.85541 -40.0609 4.57544 -8.32335 -40.0587 4.57544 -8.32335 -39.2244 5.62689 -7.85541 -39.2273 5.6293 -7.85541 -39.8865 4.88966 -8.32335 -39.8851 4.88725 -8.32335 -39.4762 5.39291 -7.38747 -39.2266 5.62882 -7.85541 -39.4784 5.39533 -7.38747 -39.4784 5.39484 -7.85541 -39.7128 5.12364 -8.32335 -39.71 5.12122 4.86792 -34.63 2.23533 4.86792 -34.63 0.119536 -6.2571 -34.63 0.119536 -6.47745 -34.63 5.27455 3.44047 -34.63 5.27455 3.69674 -34.63 5.08381 3.78655 -34.63 4.99096 4.13024 -34.63 4.54641 4.5877 -34.63 3.95047 4.7326 -34.63 3.63964 4.84756 -34.63 3.17086 4.86672 -34.63 2.70259 4.79966 -34.9183 2.70259 4.80086 -34.9183 2.23533 4.80086 -34.9183 0.119536 4.66434 -35.3866 0.119536 4.61764 -35.5229 0.119536 4.56614 -35.6715 0.119536 4.51705 -35.7927 0.119536 4.47034 -35.9053 0.119536 4.37813 -36.1055 0.119536 4.27754 -36.3225 0.119536 4.11827 -36.63 0.119536 3.98534 -36.8638 0.119536 3.87278 -37.0413 0.119536 3.75063 -37.234 0.119536 3.6692 -37.3558 0.119536 3.59256 -37.4684 0.119536 3.49436 -37.5919 0.119536 3.38778 -37.726 0.119536 3.17103 -37.9917 0.119536 2.94829 -38.2255 0.119536 2.71477 -38.4663 0.119536 2.44652 -38.7002 0.119536 2.213 -38.9015 0.119536 1.9723 -39.0784 0.119536 1.65136 -39.3071 0.119536 1.41665 -39.455 0.119536 1.21906 -39.5664 0.119536 1.03584 -39.6691 0.119536 0.892133 -39.7434 0.119536 0.759207 -39.8118 0.119536 0.524492 -39.9174 0.119536 0.304147 -40.005 0.119536 0.100568 -40.0857 0.119536 -0.343715 -40.2342 0.119536 -0.456282 -40.269 0.119536 -0.57843 -40.3068 0.119536 -0.712553 -40.3381 0.119536 -0.835898 -40.3665 0.119536 -1.30293 -40.457 0.119536 -1.54603 -40.4872 0.119536 -1.77117 -40.5145 0.119536 -2.01426 -40.5307 0.119536 -2.2382 -40.5452 0.119536 -2.70644 -40.5568 0.119536 -5.51464 -40.5568 0.119536 -7.36601 -40.457 0.119536 -7.36601 -39.2374 0.119536 4.7805 -34.9183 3.17086 4.66314 -35.3866 2.70259 4.66434 -35.3866 2.23533 -7.36601 -36.1356 2.95388 -7.36601 -35.9308 3.18802 -7.36601 -35.7579 3.63863 -7.36601 -35.2868 5.27455 4.56614 -35.6697 2.70259 4.56614 -35.6715 2.23533 -7.36601 -40.457 2.70259 -7.36601 -40.4564 2.72429 -7.36601 -40.4414 3.17086 -7.36601 -40.3822 3.63863 -7.36601 -40.3793 3.65225 -7.36601 -40.3195 3.93281 -7.36601 -40.2389 4.16695 -7.36601 -40.0584 4.57467 -7.36601 -40.0509 4.58879 -7.36601 -39.8855 4.88802 -7.36601 -39.878 4.89862 -7.36601 -39.7126 5.12216 -7.36601 -39.5815 5.27455 -5.51464 -39.6575 5.27455 -3.17467 -39.6575 5.27455 -2.70644 -39.6552 5.27455 -2.54836 -39.6064 5.27455 -0.136543 -38.6073 5.27455 0.293369 -38.4246 5.27455 0.31253 -38.4153 5.27455 0.3269 -38.4071 5.27455 0.763997 -38.1385 5.27455 1.04302 -37.9569 5.27455 1.26816 -37.7881 5.27455 1.62981 -37.4898 5.27455 1.6837 -37.4399 5.27455 1.73519 -37.3906 5.27455 2.08607 -37.0216 5.27455 2.14355 -36.9549 5.27455 2.20342 -36.8841 5.27455 2.44892 -36.5545 5.27455 2.67166 -36.2325 5.27455 2.72076 -36.1519 5.27455 2.75908 -36.0851 5.27455 3.00577 -35.6233 5.27455 3.06564 -35.4957 5.27455 3.13869 -35.339 5.27455 4.54698 -35.6216 3.40601 4.64279 -35.3866 3.17086 4.55656 -35.6453 3.17086 4.47034 -35.9041 2.70259 4.47034 -35.9053 2.23533 -5.51464 -40.5568 2.23533 -5.51464 -39.7492 5.17161 4.15659 -36.3225 3.50289 4.09073 -36.5806 3.42922 4.25479 -36.3225 3.17086 4.45956 -35.8798 3.17086 4.27634 -36.3225 2.70259 4.27754 -36.3225 2.23533 -5.51464 -40.5562 2.70259 -2.70644 -40.5568 2.23533 -5.51464 -39.9203 4.93747 -3.17467 -39.9203 4.93747 -3.17467 -39.7492 5.17161 3.10037 -35.5252 5.24124 3.25366 -35.8542 4.9294 3.56501 -35.5142 4.74623 3.17941 -36.1542 4.84967 3.97337 -36.8441 3.17086 4.10749 -36.6102 3.17086 3.086 -36.4663 4.73816 3.68836 -37.1423 3.50037 3.58058 -37.451 3.17086 3.73865 -37.2171 3.17086 4.11827 -36.6294 2.70259 4.11827 -36.63 2.23533 -3.17467 -40.5562 2.70259 -3.17467 -40.5383 3.17086 -4.11113 -40.5377 3.17086 -4.57937 -40.5371 3.17086 -5.51464 -40.5354 3.17086 -2.2382 -40.5452 2.23533 -5.51464 -40.1292 4.57467 -4.57937 -40.1304 4.57467 -3.17467 -40.1315 4.57467 -2.70644 -39.9198 4.93646 -2.70644 -39.748 5.1706 3.01535 -35.8542 5.16354 2.8944 -36.3016 5.03436 2.77464 -36.7007 4.9072 3.98415 -36.8632 2.70259 2.66567 -37.0129 4.79921 3.14468 -37.9633 3.41055 3.36263 -37.726 3.17086 3.59256 -37.4672 2.70259 3.75063 -37.2334 2.70259 3.98534 -36.8638 2.23533 -2.2382 -40.5441 2.70259 -2.70644 -40.5557 2.70259 -2.70644 -40.5377 3.17086 -2.70644 -40.471 3.63863 -3.17467 -40.471 3.63863 -3.6429 -40.4704 3.63863 -4.57937 -40.4681 3.63863 -5.51464 -40.4646 3.63863 -5.51464 -40.2748 4.27241 -5.0464 -40.2754 4.27392 -3.6429 -40.2766 4.27846 -3.17467 -40.2766 4.27947 -2.70644 -40.2748 4.28301 -2.70644 -40.1292 4.57467 -2.41184 -39.8902 4.89357 2.601 -36.4484 5.21904 2.47646 -36.8394 5.07826 2.1675 -36.9781 5.24932 2.32557 -37.2583 4.91477 2.21899 -37.5055 4.82091 2.68243 -38.4362 3.41862 2.7004 -38.453 3.17086 2.93392 -38.2116 3.17086 3.15785 -37.9778 3.17086 3.38658 -37.726 2.70259 3.38778 -37.726 2.23533 3.59256 -37.4684 2.23533 3.75063 -37.234 2.23533 -1.77117 -40.5145 2.23533 -1.77117 -40.5139 2.70259 -2.2382 -40.5261 3.17086 -2.70644 -40.3607 4.04887 -2.2382 -40.4454 3.63863 -4.11113 -40.3596 4.04332 -5.0464 -40.3578 4.04029 -5.51464 -40.3567 4.03878 -2.2382 -40.341 3.9757 -0.954454 -40.3271 3.45596 0.431085 -39.8751 3.47463 0.00596289 -38.956 4.87793 -0.367665 -38.8005 5.19078 1.70166 -37.4591 5.25436 1.99505 -37.285 5.16101 1.92799 -37.6871 4.89862 1.74238 -37.9639 4.81284 1.87889 -38.9984 3.51147 2.19025 -38.8841 3.28087 2.71357 -38.4657 2.70259 2.94829 -38.225 2.70259 2.39503 -38.7216 3.14311 2.20941 -38.8986 2.96852 3.16983 -37.9911 2.70259 3.17103 -37.9917 2.23533 -1.30293 -40.457 2.23533 -1.77117 -40.4936 3.17086 -1.30293 -40.4559 2.70259 -1.30293 -40.4361 3.17086 -0.641899 -40.2882 3.29651 0.100568 -40.0654 3.17086 0.501739 -39.9064 3.17086 0.735257 -39.8014 3.17086 1.3436 -39.4086 3.47362 0.318517 -38.8881 4.79871 0.161641 -38.6885 5.07422 0.31732 -38.4193 5.27001 1.19511 -37.9041 5.23519 1.52922 -37.7393 5.14739 1.50407 -38.0544 4.89761 1.22145 -38.3944 4.76894 1.6322 -39.2949 3.17086 2.00942 -39.0297 3.14311 2.44652 -38.6996 2.70259 2.71477 -38.4663 2.23533 2.94829 -38.2255 2.23533 2.21181 -38.9009 2.70259 1.65017 -39.3065 2.70259 1.9723 -39.0773 2.70259 -0.835898 -40.3665 2.23533 -0.835898 -40.3659 2.70259 -0.813145 -40.3421 3.1527 -0.58801 -40.3039 2.98416 -0.405986 -40.2325 3.1527 0.100568 -40.0851 2.70259 0.524492 -39.9169 2.70259 0.75801 -39.8113 2.70259 1.03584 -39.6679 2.70259 1.03584 -39.6459 3.17086 1.39749 -39.4428 3.17086 0.910096 -38.4942 4.87793 0.567603 -38.5888 4.9728 0.567603 -38.3445 5.20693 1.0526 -38.2035 5.05656 1.41665 -39.4544 2.70259 2.44652 -38.7002 2.23533 2.213 -38.9015 2.23533 1.65136 -39.3071 2.23533 1.9723 -39.0784 2.23533 -0.57843 -40.3068 2.23533 -0.579628 -40.3068 2.70259 -0.34611 -40.2336 2.70259 -0.343715 -40.2342 2.23533 0.100568 -40.0857 2.23533 0.524492 -39.9174 2.23533 0.759207 -39.8118 2.23533 1.03584 -39.6691 2.23533 1.41665 -39.455 2.23533 -7.36601 -40.4574 0.00150893 -7.85541 -40.4572 0.00150893 -8.21701 -40.4553 0.00150893 -8.32335 -40.4546 0.00150893 -8.57035 -40.4218 0.00150893 -8.57035 -38.1329 0.00150893 -7.36601 -39.2376 0.00150893 -7.36601 -39.1012 2.70217 -7.36601 -40.4574 2.70217 -7.85541 -40.4572 2.70217 -8.57035 -38.051 2.70217 -8.57035 -40.4216 2.70217 -8.32371 -40.4546 2.70217 -8.57035 -40.4218 2.45577 2.90873 4.86102 -2.06816 3.41477 4.89949 -2.12522 2.74136 5.32846 -2.1269 2.74136 4.86102 -2.06816 2.74136 3.92531 -2.06816 4.27124 -2.19976 -2.06816 5.20688 -2.19976 -2.06816 5.24843 -2.15801 -2.06816 5.71645 -0.285782 -2.06816 5.71645 0.649926 -2.06816 5.24843 2.05308 -2.06816 4.78041 2.9896 -2.06816 3.37675 4.39357 -2.06816 4.31279 3.92531 -2.08774 3.84477 4.39357 -2.08886 3.84477 4.75132 -2.16046 3.28385 5.17128 -2.16326 2.88286 5.32846 -2.14368 2.74136 5.53476 -2.18507 2.74136 5.59616 -2.43009 2.74136 6.15365 -5.25281 2.74136 6.15774 -5.72046 2.74136 6.1602 -6.06225 2.74136 6.16102 -6.18868 2.74136 6.16266 -6.52935 2.74136 6.16266 -6.65689 2.74136 6.14383 -7.01994 2.74136 6.13728 -7.12455 2.74136 6.07997 -7.38579 2.74136 6.07261 -7.40536 2.74136 5.93344 -7.50773 2.74136 5.81228 -7.58437 2.74136 5.49628 -7.72646 2.74136 5.32928 -7.7645 2.74136 5.02884 -7.78184 2.74136 4.86102 -7.7824 2.74136 -2.19976 -7.7824 2.74136 -2.19976 -4.75271 2.74136 3.0862 -2.15878 2.74136 3.45459 -2.09613 4.68203 3.92531 -2.15934 4.28182 4.36328 -2.15766 5.24843 2.52134 -2.08215 4.82627 3.50289 -2.12522 4.10543 4.65063 -2.19123 3.59586 5.08041 -2.30479 3.50375 -2.19976 -2.16214 3.80008 -2.19976 -2.09725 3.84477 -2.19976 -2.09221 4.57267 4.18727 -2.19011 5.09752 3.37764 -2.16326 5.56515 2.52134 -2.15375 5.25157 2.97814 -2.13641 5.71645 1.11819 -2.07711 5.71645 1.58645 -2.11235 4.72554 4.80207 -5.25281 4.47859 5.03621 -5.25281 4.24458 5.23514 -5.25281 3.9459 5.46927 -5.25281 3.6774 5.60516 -4.97031 3.08355 5.99811 -5.25281 2.78996 6.08243 -4.95912 3.15999 -2.19976 -2.49162 3.21486 -2.19976 -2.42002 3.25171 -2.19976 -2.3831 3.47082 -2.19976 -2.1778 3.08042 -2.19976 -2.6421 3.00947 -2.19976 -2.91341 4.78041 -2.19976 -7.7824 5.24843 -2.19976 -7.78184 5.71645 -2.19976 -7.73988 6.17389 -2.19976 -7.49766 6.35145 -2.19976 -7.12455 6.37693 -2.19976 -6.65689 6.37614 -2.19976 -6.18868 6.37419 -2.19976 -5.72046 6.37379 -2.19976 -5.65277 6.36635 -2.19976 -5.25281 6.36439 -2.19976 -5.2226 5.80504 -2.19976 -2.44519 5.7972 -2.19976 -2.42058 5.62512 -2.19976 -2.142 5.59847 -2.19976 -2.13529 5.24843 -2.19976 -2.06984 4.95915 4.56549 -5.25281 5.01286 3.68954 -2.22032 5.51302 2.81523 -2.18228 6.0218 1.11819 -2.14871 5.97829 1.58645 -2.18396 5.95046 1.82058 -2.21081 6.04414 0.649926 -2.13976 4.72906 4.80535 -5.72046 4.48173 5.03948 -5.72046 4.48486 5.04194 -6.18868 4.24772 5.23677 -5.72046 3.94825 5.4709 -5.72046 3.71816 5.63463 -6.65689 3.71424 5.62972 -5.72046 3.71189 5.62727 -5.25281 3.37675 5.82783 -5.25281 3.0859 6.00384 -5.72046 2.84954 6.10945 -5.25281 3.37675 5.83602 -5.72046 6.05159 0.182481 -2.13976 4.96229 4.56876 -5.72046 5.16259 4.33136 -5.25281 5.93674 3.20245 -5.25281 5.53418 3.76977 -4.96192 5.3966 4.04401 -5.25281 6.0512 2.96832 -5.25281 6.17663 0.649926 -2.44519 6.12019 1.11819 -2.44519 6.64582 1.11819 -5.25281 6.44278 1.89999 -4.9843 6.24287 2.52134 -5.25281 6.19858 0.182481 -2.44519 4.72985 4.8078 -6.18868 4.48722 5.04357 -6.65689 4.25085 5.23759 -6.18868 3.95021 5.47172 -6.18868 3.37675 5.84093 -6.65689 3.95217 5.47172 -6.65689 3.69856 5.62072 -7.12455 3.08708 6.00384 -6.18868 2.85385 6.11517 -6.65689 2.85307 6.11354 -6.18868 5.71645 -1.22149 -2.08159 5.71645 -0.754044 -2.06872 6.05002 -0.285782 -2.13976 4.96347 4.5704 -6.18868 5.16455 4.33463 -5.72046 5.16573 4.33627 -6.18868 5.39856 4.04729 -5.72046 5.94184 3.20654 -5.72046 5.78191 3.45705 -5.25281 5.56162 3.8107 -5.25281 6.05316 2.97241 -5.72046 6.25306 2.52134 -5.72046 6.70109 0.649926 -5.25281 6.72814 0.182481 -5.25281 6.71089 0.649926 -5.72046 6.65053 1.11819 -5.72046 6.5494 1.58645 -5.25281 6.45572 1.94256 -5.25281 6.37614 2.17587 -5.25281 6.38438 2.1816 -5.72046 6.19466 -0.285782 -2.44519 6.72461 -0.285782 -5.25281 4.72985 4.81026 -6.65689 4.25321 5.23759 -6.65689 4.46879 5.0272 -7.12455 3.37675 5.8131 -7.12455 3.08786 6.00384 -6.65689 4.23478 5.21958 -7.12455 3.93257 5.45371 -7.12455 3.65623 5.59288 -7.39082 2.82838 6.10208 -7.12455 2.90873 4.86102 -7.7824 3.37675 4.39357 -7.7824 4.78041 2.9896 -7.7824 5.71645 1.11819 -7.7824 5.71645 -0.754044 -7.7824 5.24843 -2.15801 -7.7824 5.63257 -2.15801 -2.13976 6.01514 -1.22149 -2.15319 6.04061 -0.754044 -2.14032 4.96347 4.57122 -6.65689 5.16651 4.33709 -6.65689 5.94301 3.209 -6.18868 5.78897 3.45705 -5.72046 6.05433 2.97487 -6.18868 5.56358 3.81316 -5.72046 5.56476 3.81397 -6.18868 5.39973 4.04811 -6.18868 6.2562 2.52134 -6.18868 6.38634 2.18488 -6.18868 6.74225 0.182481 -5.72046 6.71403 0.649926 -6.65689 6.65406 1.11819 -6.65689 6.74539 0.182481 -6.65689 6.55685 1.58645 -6.65689 6.55489 1.58645 -6.18868 6.55253 1.58645 -5.72046 6.45728 1.94829 -5.72046 6.16683 -0.754044 -2.44519 6.69404 -0.754044 -5.25281 6.73794 -0.285782 -5.72046 4.71143 4.79307 -7.12455 4.6444 4.72594 -7.43613 4.16972 5.16637 -7.42271 3.06239 5.9891 -7.12455 3.37675 5.67393 -7.46242 2.76017 6.06851 -7.40201 3.82517 5.32519 -7.49766 5.98143 -1.5735 -2.18004 5.14926 4.31826 -7.12455 4.94504 4.55239 -7.12455 5.40052 4.04811 -6.65689 6.05473 2.97487 -6.65689 5.94301 3.209 -6.65689 5.7921 3.45705 -6.65689 5.79132 3.45705 -6.18868 6.25698 2.52134 -6.65689 6.38712 2.1857 -6.65689 6.45768 1.95157 -6.18868 6.73951 -0.285782 -6.18868 6.68306 0.649926 -7.12455 6.62387 1.11819 -7.12455 6.71481 0.182481 -7.12455 6.53215 1.58645 -7.12455 6.44709 1.918 -7.12455 6.45768 1.95238 -6.65689 6.10451 -1.22149 -2.44519 6.62975 -1.22149 -5.25281 6.70227 -0.754044 -5.72046 6.70423 -0.754044 -6.18868 4.32063 4.87411 -7.52787 5.09243 4.25277 -7.42942 4.79217 4.40258 -7.53179 2.91304 5.82128 -7.53235 3.37675 5.32928 -7.66996 5.71645 -1.68975 -7.77736 5.71645 -2.15801 -7.74604 5.71645 -1.22149 -7.78184 3.37675 4.86102 -7.77792 3.84477 4.39357 -7.78128 5.93047 -1.89114 -2.44519 6.43416 -1.97055 -4.99548 5.38327 4.02682 -7.12455 5.51772 3.74521 -7.3953 5.56515 3.81397 -6.65689 5.55025 3.79269 -7.12455 6.03905 2.95031 -7.12455 5.93008 3.18444 -7.12455 5.76388 3.45705 -7.12455 6.22759 2.52134 -7.12455 6.37301 2.15131 -7.12455 6.74029 -0.285782 -6.65689 6.53489 0.649926 -7.48983 6.50589 1.11819 -7.46019 6.46238 1.58645 -7.41208 6.43024 1.86315 -7.37404 6.70893 -0.285782 -7.12455 6.54783 -0.285782 -7.50158 6.55057 0.182481 -7.50438 6.52392 -1.68975 -5.25281 6.63328 -1.22149 -5.72046 6.70501 -0.754044 -6.65689 6.63446 -1.22149 -6.18868 4.31279 4.39357 -7.73261 3.84477 4.86102 -7.71919 5.24843 3.91057 -7.5055 4.78041 3.92531 -7.72534 2.90873 5.32928 -7.75555 6.18447 -1.68975 -7.60507 6.19623 -2.12118 -7.50326 6.18447 -0.285782 -7.71359 6.18447 -0.754044 -7.69681 6.18447 -1.22149 -7.66101 6.18447 0.182481 -7.71583 4.31279 3.92531 -7.78128 6.44278 -1.99592 -5.25281 5.99906 2.86844 -7.41208 5.60905 3.45705 -7.47417 6.18447 0.649926 -7.70185 6.18447 1.11819 -7.6722 6.18447 1.58645 -7.62129 6.2072 2.03179 -7.51836 6.07393 2.52134 -7.48424 6.67326 -0.754044 -7.12455 6.5298 -0.754044 -7.4848 6.52666 -1.68975 -5.72046 6.52941 -1.68975 -6.18868 6.53058 -1.68975 -6.65689 6.63485 -1.22149 -6.65689 6.60467 -1.22149 -7.12455 4.78041 3.45705 -7.77904 5.24843 3.45705 -7.68283 5.24843 2.9896 -7.76394 6.42397 -1.94026 -7.36621 6.49648 -1.22149 -7.44956 6.45023 -1.68975 -7.39809 5.24843 2.52134 -7.78184 5.71645 1.58645 -7.77904 6.44435 -2.00002 -5.72046 5.74977 3.01007 -7.54521 5.71645 2.05308 -7.7589 5.71645 2.52134 -7.69569 6.44592 -2.00329 -6.18868 6.44709 -2.00493 -6.65689 6.50667 -1.68975 -7.12455 6.4369 -1.97709 -7.12455 5.58425 -2.74984 -2.44517 5.5766 -2.74984 -4.30609 -5.56771 -2.74984 -4.30609 -5.57645 -2.74984 -2.41932 -5.41477 -2.74984 -2.14737 -5.05644 -2.74984 -2.08185 -4.57903 -2.74984 -2.0676 4.65674 -2.74984 -2.0676 4.78019 -2.74984 -2.06782 5.12432 -2.74984 -2.08623 5.24668 -2.74984 -2.1077 5.45971 -2.74984 -2.15898 5.52198 -2.74984 -2.17958 5.57005 -2.74984 -2.32728 5.49685 -2.88705 -2.19667 5.51215 -2.91553 -2.44517 5.51105 -2.90679 -4.30609 5.36576 -3.13266 -4.30609 5.12541 -3.49089 -4.30609 4.96373 -3.72485 -4.30609 4.68952 -4.08534 -4.30609 4.68078 -4.09667 -4.30609 4.54749 -4.26591 -4.30609 4.31043 -4.49534 -4.30609 4.06681 -4.7238 -4.30609 3.87781 -4.86424 -4.30609 3.27039 -5.28784 -4.30609 2.91534 -5.49171 -4.30609 2.6313 -5.63797 -4.30609 2.62365 -5.64186 -4.30609 2.38986 -5.75835 -4.30609 1.54538 -6.05542 -4.30609 -1.56926 -6.05542 -4.30609 -2.22802 -5.82922 -4.30609 -2.23895 -5.82534 -4.30609 -2.5361 -5.71046 -4.30609 -3.42319 -5.21017 -4.30609 -3.65698 -5.03284 -4.30609 -3.95413 -4.79985 -4.30609 -4.18683 -4.58304 -4.30609 -4.42936 -4.35037 -4.30609 -4.66315 -4.10249 -4.30609 -4.87509 -3.86885 -4.30609 -5.13837 -3.52033 -4.30609 -5.37544 -3.13072 -4.30609 5.2434 -3.06373 -2.1454 5.0839 -3.43976 -2.16402 4.54203 -4.26041 -2.23371 5.13524 -3.51386 -2.44517 5.37013 -3.14949 -2.44517 -5.28586 -3.33621 -4.14612 4.80095 -3.58246 -2.12545 4.65783 -3.94813 -2.16336 4.55623 -4.27464 -2.54576 4.97028 -3.74782 -2.44517 4.22958 -4.40506 -2.16336 3.75108 -4.82671 -2.16336 4.06353 -4.71701 -2.30558 4.08319 -4.7361 -2.61764 -4.87946 -3.87921 -2.44517 -5.28586 -3.33621 -2.59506 -5.3809 -3.13395 -2.44145 -5.26947 -3.31647 -2.28301 -5.34922 -3.00451 -2.16358 4.78019 -3.09448 -2.06826 4.35631 -4.07466 -2.12502 4.55623 -4.27497 -4.05956 4.55623 -4.27497 -4.17461 3.88218 -4.53579 -2.12502 3.38182 -4.97621 -2.1294 3.22888 -5.25127 -2.1706 3.52385 -5.13089 -2.44517 4.08319 -4.7361 -4.12048 -4.67735 -4.11317 -2.44517 -4.84996 -3.84264 -2.18068 -5.13946 -3.52033 -2.44145 -4.94828 -3.5624 -2.15241 -5.08703 -3.13395 -2.12523 4.31152 -3.5624 -2.0676 3.84394 -4.03033 -2.0676 3.37636 -4.49793 -2.0676 2.90769 -4.96586 -2.07308 2.90769 -5.33023 -2.14474 3.29006 -5.28978 -2.44517 2.32103 -5.7124 -2.17147 2.63239 -5.63765 -2.44517 2.90769 -5.49332 -2.44517 -4.44356 -4.36461 -2.44517 -4.40095 -4.32189 -2.17213 -4.56592 -4.01124 -2.14079 -4.57903 -3.5624 -2.08075 -4.57903 -3.09448 -2.0676 -3.1752 -4.49793 -2.0676 -2.70653 -4.96586 -2.0676 -1.3027 -5.4341 -2.0676 1.50386 -5.4341 -2.0676 1.97253 -5.4341 -2.07396 1.97253 -5.75997 -2.14561 0.991494 -6.05542 -2.16819 1.2952 -6.05542 -2.21793 1.4842 -6.05542 -2.41471 2.3986 -5.74606 -2.44517 -4.19994 -4.59825 -2.44517 -3.92682 -4.77331 -2.17848 -4.09397 -4.48596 -2.13926 -4.11036 -4.03033 -2.07418 0.100036 -5.90203 -2.09872 0.567614 -5.90203 -2.10683 0.567614 -6.05542 -2.1432 0.845102 -6.05542 -2.15876 0.339287 -6.05542 -2.13794 0.100036 -6.05542 -2.13378 -0.36645 -6.05542 -2.13619 -0.835121 -6.05542 -2.15657 -1.16286 -6.05542 -2.18309 -1.4775 -6.05542 -2.44517 1.48529 -6.05542 -2.41713 -3.96506 -4.80535 -2.44517 -3.41227 -5.20241 -2.20873 -3.59799 -4.94385 -2.16139 -3.1752 -4.96586 -2.10179 -3.64278 -4.49793 -2.079 -1.77137 -5.4341 -2.06804 -0.36645 -5.90203 -2.10091 -3.42756 -5.21309 -4.04926 -3.66026 -5.03931 -2.44517 -3.1752 -5.25871 -2.17344 -3.42647 -5.21147 -2.44517 -2.77208 -5.57002 -2.44517 -2.53719 -5.69849 -2.44517 -2.50551 -5.68295 -2.19558 -2.67922 -5.43281 -2.1443 -2.23895 -5.4341 -2.09214 -1.77137 -5.78748 -2.1397 -0.835121 -5.90203 -2.11756 -2.23895 -5.80819 -2.44517 -3.42756 -5.21309 -2.70135 -2.23895 -5.72567 -2.1638 -7.36601 -23.5272 -7.75727 -3.34641 -15.7302 -7.798 -3.31416 -16.1969 -7.798 -3.15713 -16.6516 -7.798 -2.71549 -17.1425 -7.798 -2.2318 -17.5896 -7.798 -1.77053 -17.7542 -7.798 -1.29104 -17.795 -7.798 -0.835379 -17.801 -7.798 -0.817152 -17.801 -7.798 1.5032 -23.5272 -7.75727 1.97148 -23.5272 -7.7314 2.42433 -23.5272 -7.52223 4.96059 -23.5272 -5.98494 5.06995 -23.5272 -5.91202 5.22277 -23.5272 -5.79614 5.32232 -23.5272 -5.71732 -6.42525 -23.5272 -5.71732 -7.36601 -23.5272 -6.04258 -7.36601 -13.3905 -6.03565 -7.36601 -11.0508 -6.04319 -7.36601 -11.0312 -6.05194 -7.36601 -10.6294 -6.23341 -7.36601 -10.4436 -6.65705 -7.36601 -10.4436 -7.12488 -7.36601 -10.4511 -7.14463 -7.36601 -10.6294 -7.55604 -7.36601 -11.0508 -7.75544 -7.36601 -11.519 -7.75727 -3.34641 -15.2635 -7.798 -3.31556 -14.8088 -7.798 -3.31276 -14.7952 -7.798 -3.16975 -14.3647 -7.798 -3.14872 -14.3194 -7.798 -2.95103 -14.0989 -7.798 -2.70288 -13.8376 -7.798 -2.47435 -13.611 -7.798 -2.25142 -13.4116 -7.798 -2.21077 -13.3905 -7.798 -1.77053 -13.2395 -7.798 -1.76072 -13.2379 -7.798 -1.30926 -13.2017 -7.798 -0.849399 -13.1957 -7.798 -0.835379 -13.1957 -7.798 -0.367102 -13.2244 -7.798 0.11239 -13.3875 -7.798 0.603099 -13.818 -7.798 0.615717 -13.83 -7.798 1.05035 -14.2983 -7.798 1.21578 -14.7952 -7.798 1.35458 -15.2635 -7.798 1.35599 -15.7302 -7.798 1.32374 -15.8692 -7.798 1.21719 -16.2 -7.798 1.05315 -16.7014 -7.798 0.90173 -16.9975 -7.798 0.397001 -17.4355 -7.798 0.129215 -17.6062 -7.798 0.109586 -17.6153 -7.798 -0.367102 -17.7708 -7.798 1.97148 -21.8128 -7.75666 1.97148 -22.2811 -7.75421 1.97148 -22.7493 -7.74871 1.97148 -23.2175 -7.73975 2.90803 -15.2635 -7.75666 2.43975 -19.0049 -7.75421 3.3763 -12.9223 -7.74871 2.90803 -16.6652 -7.73975 2.43975 -20.4096 -7.72713 2.43975 -20.8778 -7.71002 2.43975 -21.3461 -7.68904 2.43975 -21.8128 -7.66216 2.43975 -22.2811 -7.62835 2.43975 -22.7493 -7.58619 5.52982 -22.2811 -5.71732 5.60693 -21.8128 -5.71732 6.06539 -19.0049 -5.71732 6.54068 -16.0761 -5.71732 6.67247 -15.2635 -5.71732 6.89959 -13.8587 -5.71732 6.92904 -13.676 -5.71732 6.95708 -13.3905 -5.71732 6.85613 -13.0174 -5.71732 6.82669 -12.9177 -5.71732 4.49372 -8.12807 -5.71732 4.47129 -8.09786 -5.71732 4.09134 -8.09635 -5.71732 -6.25701 -8.09635 -5.71732 -6.42385 -11.0478 -5.71732 -6.44488 -13.3875 -5.71732 -6.44488 -13.3905 -5.71732 -6.23037 -8.09635 -7.37804 -6.01166 -8.09635 -7.46032 -5.51534 -8.09635 -7.5479 -5.51534 -9.64758 -7.72529 -5.51534 -10.1143 -7.75727 3.3763 -11.0508 -7.75727 3.3763 -11.519 -7.75727 3.3763 -11.9873 -7.75645 3.3763 -12.4555 -7.75401 3.84458 -11.519 -7.6868 3.3763 -13.3905 -7.73955 3.3763 -13.8587 -7.72692 2.90803 -17.6017 -7.71002 3.3763 -14.327 -7.70981 3.3763 -14.7952 -7.68863 3.84458 -11.9873 -7.66175 3.84458 -12.4555 -7.62774 6.54068 -13.3905 -6.02832 5.01808 -23.4773 -5.95764 6.41169 -14.9886 -5.95092 5.34755 -22.2811 -5.86192 -6.23318 -8.09635 -7.33791 -6.24579 -8.09635 -7.15115 -6.25701 -8.09635 -6.65705 4.47129 -8.09635 -5.72098 4.47129 -8.09635 -6.70043 4.44885 -8.09635 -7.12488 4.42502 -8.09635 -7.18862 4.2722 -8.09635 -7.43466 4.18808 -8.09635 -7.454 3.8544 -8.09635 -7.52223 3.69877 -8.09635 -7.54891 2.76222 -8.09635 -7.54891 -4.25632 -8.09635 -7.5481 -4.57879 -9.64758 -7.7255 1.5032 -9.64758 -7.7255 2.43975 -10.1143 -7.75727 2.90803 -10.1143 -7.75421 3.3763 -10.5826 -7.75279 3.84458 -11.0508 -7.69026 4.19929 -11.519 -7.48761 4.55541 -8.49662 -7.37009 6.5589 -12.9223 -6.04869 6.77481 -13.3905 -5.8772 5.92659 -18.0699 -5.93993 5.45691 -20.9594 -5.93911 5.42607 -21.3461 -5.91813 5.38681 -21.8128 -5.89145 6.38926 -15.2635 -5.93646 1.97148 -9.64758 -7.72529 3.84458 -8.24286 -7.53405 4.33249 -8.26703 -7.43567 4.55541 -8.43922 -7.37009 6.31214 -16.1969 -5.88351 6.3514 -15.7302 -5.91101 5.84948 -19.0049 -5.88758 4.48671 -8.15676 -7.12488 4.49372 -8.12807 -6.65705 -0.835568 -13.1942 -7.79805 -0.367778 -13.2235 -7.79805 -0.835568 -13.4369 -7.95229 -1.30336 -13.2014 -7.79805 -1.3098 -13.2019 -7.79805 -1.76102 -13.2371 -7.79805 -1.77115 -13.2389 -7.79805 -2.21085 -13.39 -7.79805 -2.25183 -13.4112 -7.79805 -2.4756 -13.611 -7.79805 -2.70351 -13.8374 -7.79805 -2.95213 -14.0985 -7.79805 -3.14873 -14.3186 -7.79805 -3.16991 -14.3637 -7.79805 -3.31357 -14.7945 -7.79805 -3.31679 -14.8089 -7.79805 -3.34718 -15.2622 -7.79805 -3.34764 -15.7299 -7.79805 -3.31495 -16.1981 -7.79805 -3.15702 -16.6527 -7.79805 -2.71548 -17.143 -7.79805 -2.23249 -17.59 -7.79805 -1.77115 -17.7546 -7.79805 -1.30336 -17.7947 -7.79805 -0.835568 -17.802 -7.79805 -0.372382 -17.7713 -7.79805 -0.367778 -17.7708 -7.79805 0.110601 -17.6152 -7.79805 0.129018 -17.6062 -7.79805 0.397445 -17.4366 -7.79805 0.90299 -16.9987 -7.79805 1.05401 -16.7019 -7.79805 1.21746 -16.2003 -7.79805 1.32428 -15.8688 -7.79805 1.35605 -15.7299 -7.79805 1.35559 -15.2622 -7.79805 1.21562 -14.7954 -7.79805 1.05033 -14.2979 -7.79805 0.616146 -13.8288 -7.79805 0.603715 -13.8175 -7.79805 0.113364 -13.3863 -7.79805 -0.367778 -13.454 -7.92508 -0.835568 -13.8581 -8.16746 -1.30336 -13.8581 -8.16198 -1.30336 -13.4396 -7.94716 0.124874 -13.8279 -7.98093 -0.367778 -13.8581 -8.13018 -0.835568 -14.3263 -8.2574 -1.30336 -14.3263 -8.25704 -0.367778 -14.3263 -8.24733 -1.77115 -14.3263 -8.23653 -1.77115 -13.8581 -8.10446 0.100472 -14.3263 -8.18869 -0.835568 -16.6658 -8.2574 -1.30336 -16.6658 -8.25708 0.100472 -14.7945 -8.24975 0.100472 -15.2622 -8.25686 0.100472 -15.7299 -8.25686 -2.23894 -15.7299 -8.25627 -2.23894 -15.2622 -8.25614 -2.23894 -14.7945 -8.2328 -2.23894 -14.3263 -8.14822 0.604636 -14.2934 -7.9866 0.568262 -14.7945 -8.14502 -0.835568 -17.134 -8.17021 0.100472 -16.1981 -8.25025 -0.367778 -16.6658 -8.24809 -1.30336 -17.134 -8.16467 -1.77115 -16.6658 -8.2373 0.568262 -15.2622 -8.1863 0.568262 -15.7299 -8.18698 -2.23894 -16.1981 -8.23402 -2.70719 -15.7299 -8.14574 -2.70719 -15.2622 -8.1457 -2.70719 -14.7945 -8.08953 0.981262 -14.7945 -7.93749 1.01349 -15.2622 -7.97113 -0.367778 -17.134 -8.13302 -0.367778 -17.5399 -7.92715 -0.835568 -17.5566 -7.95503 0.100472 -16.6658 -8.19098 0.568262 -16.1981 -8.14673 -1.30336 -17.5539 -7.94982 -1.77115 -17.5268 -7.91182 -1.77115 -17.134 -8.10693 -2.23894 -16.6658 -8.15064 1.01395 -15.7299 -7.97181 -2.70719 -16.1981 -8.09156 -3.1165 -15.7299 -7.93169 -3.1165 -15.2622 -7.93178 0.129018 -17.1674 -7.98305 0.981722 -16.1981 -7.93871 1.23558 2.44315 -0.969929 1.39773 2.36536 -0.969929 2.4405 5.62715 -2.16265 1.35543 6.05151 -2.18939 1.23558 6.06102 -2.1807 1.23558 6.62194 -5.25276 1.23558 6.62626 -5.72075 1.23558 6.62885 -6.18875 1.23558 6.62972 -6.65674 1.23558 6.61935 -6.84996 1.23558 6.60292 -7.13276 1.23558 6.57873 -7.26781 1.23558 6.53983 -7.40821 1.23558 6.45859 -7.47239 1.23558 6.28314 -7.60009 1.23558 6.06621 -7.69569 1.23558 5.79742 -7.77859 1.23558 5.59863 -7.78194 1.23558 0.650629 -7.79999 1.23558 -0.753826 -7.79999 1.23558 -1.22832 -7.79598 1.23558 -1.70367 -7.79063 1.23558 -2.1989 -7.78461 1.23558 -2.1989 -0.969929 1.62843 -2.1989 -0.969929 1.85116 -2.02777 -0.969929 2.04942 -1.81776 -0.969929 2.0851 -1.77973 -0.969929 2.27098 -1.54637 -0.969929 2.45244 -1.2214 -0.969929 2.62196 -0.806548 -0.969929 2.63213 -0.771112 -0.969929 2.68903 -0.572327 -0.969929 2.72234 -0.329465 -0.969929 2.72824 -0.285387 -0.969929 2.73738 0.182188 -0.969929 2.69817 0.515801 -0.969929 2.64097 0.750021 -0.969929 2.52393 1.06203 -0.969929 2.50285 1.1182 -0.969929 2.33289 1.43972 -0.969929 2.30238 1.49676 -0.969929 2.13448 1.73098 -0.969929 1.93622 1.93927 -0.969929 1.90069 1.97643 -0.969929 1.85986 2.01187 -0.969929 1.63167 2.20979 -0.969929 2.74136 5.53467 -2.18471 2.70967 5.58048 -2.19407 1.75372 6.50353 -5.01207 1.5046 6.53292 -4.97463 2.74136 -2.1989 -7.78194 2.74136 -2.1989 -4.752 2.74136 5.32898 -2.12655 2.74136 4.8614 -2.06771 2.74136 3.92539 -2.06771 2.74136 3.45435 -2.09579 2.74136 3.08617 -2.15864 2.74136 5.02821 -7.78194 2.74136 5.32898 -7.76455 2.74136 5.49665 -7.72645 2.74136 5.81297 -7.58404 2.74136 5.93397 -7.50783 2.74136 6.07226 -7.40554 2.74136 6.08004 -7.38548 2.74136 6.13794 -7.12474 2.74136 6.14399 -7.01977 2.74136 6.16301 -6.65674 2.74136 6.16041 -6.06239 2.74136 6.15782 -5.72075 2.74136 6.1535 -5.25276 2.74136 5.5969 -2.43007 2.4405 6.27623 -5.25276 1.99901 6.43266 -5.25276 1.76507 6.50699 -5.25276 1.5046 6.56835 -5.25276 1.5046 6.57268 -5.72075 2.4405 6.28573 -5.72075 2.00609 6.43958 -5.72075 1.77849 6.51131 -6.18875 1.5046 6.57613 -6.18875 2.4405 6.28833 -6.18875 2.01228 6.43958 -6.18875 1.78232 6.51217 -6.65674 1.5046 6.57786 -6.65674 1.97262 5.32898 -7.78194 2.4405 5.32898 -7.78127 2.4405 6.29006 -6.65674 2.01611 6.43958 -6.65674 1.76832 6.50872 -7.00373 1.54013 6.54675 -7.14613 1.5046 5.79742 -7.77391 1.97262 5.79742 -7.74182 2.4405 6.26067 -7.12474 1.94373 6.43612 -7.14613 1.71967 6.49489 -7.31595 2.4405 5.79742 -7.67497 1.97262 6.21659 -7.53056 1.40761 6.526 -7.3915 2.4405 6.13103 -7.4637 1.54013 6.30907 -7.54125 -7.36601 -40.4574 -2.44555 -7.36601 -40.4574 0.0012448 -7.85541 -40.4572 0.0012448 -7.85541 -40.4572 -2.44555 -7.85541 -40.4541 -2.91336 -7.36601 -40.4541 -2.89182 -7.36601 -40.4538 -2.91336 -7.36601 -40.4256 -3.38056 -7.36601 -40.3502 -3.81637 -7.36601 -40.2914 -4.05027 -7.36601 -40.1836 -4.31681 -7.36601 -39.9581 -4.76369 -7.36601 -39.8239 -4.98713 -7.36601 -39.8175 -4.9976 -7.36601 -39.611 -5.24074 -7.36601 -39.601 -5.25243 -7.36601 -39.3815 -5.50358 -7.36601 -39.1416 -5.69316 -7.36601 -39.1302 -5.70178 -7.36601 -38.8509 -5.90922 -7.36601 -38.8376 -5.91907 -7.36601 -38.6143 -6.04403 -7.36601 -38.6036 -6.04957 -7.36601 -38.2129 -6.22438 -7.36601 -38.1942 -6.23238 -7.36601 -38.0353 -6.28655 -7.36601 -38.0353 -2.85612 -7.36601 -39.2376 0.0012448 -8.57035 -38.133 0.0012448 -8.57035 -40.4218 0.0012448 -8.32335 -40.4546 0.0012448 -8.21701 -40.4553 0.0012448 -8.32335 -40.4546 -2.44555 -8.32335 -40.4512 -2.91336 -7.85541 -40.4261 -3.38056 -8.57035 -40.4218 -2.44555 -8.57035 -40.4178 -2.91336 -8.32335 -40.423 -3.38056 -8.32335 -40.3493 -3.8096 -7.85541 -40.3507 -3.81637 -8.57035 -38.0353 -2.76502 -8.57035 -38.0353 -6.24716 -8.57035 -38.1942 -6.19237 -8.57035 -38.5655 -6.02925 -8.57035 -38.6759 -5.9677 -8.57035 -38.7995 -5.89629 -8.57035 -39.3725 -5.49496 -8.57035 -39.381 -5.48511 -8.57035 -39.7917 -4.96005 -8.57035 -39.9361 -4.72614 -8.57035 -40.0416 -4.51686 -8.57035 -40.1397 -4.31681 -8.57035 -40.1914 -4.18754 -8.57035 -40.2715 -3.95979 -8.57035 -40.337 -3.76035 -8.57035 -40.359 -3.63293 -8.57035 -40.3875 -3.37625 -7.85541 -38.0353 -6.28717 -8.32335 -38.0353 -6.28409 -8.46625 -38.0353 -6.26316 -8.32335 -40.2895 -4.0435 -7.85541 -40.2914 -4.05027 -7.85541 -38.1942 -6.233 -8.32335 -40.1798 -4.31681 -7.85541 -40.1836 -4.31681 -8.32335 -38.1942 -6.22992 -8.32335 -39.9562 -4.76061 -7.85541 -39.9581 -4.76369 -7.85541 -38.6041 -6.05018 -8.32335 -38.6015 -6.04833 -8.32335 -39.8154 -4.99452 -7.85541 -39.8177 -4.9976 -8.32335 -38.8355 -5.91845 -7.85541 -38.8381 -5.91968 -8.32335 -39.5965 -5.25243 -7.85541 -39.6013 -5.25243 -7.85541 -39.1302 -5.7024 -8.32335 -39.1302 -5.6987 -8.32335 -39.3789 -5.50111 -7.85541 -39.3815 -5.50358 1.23544 2.08981 -0.969929 -1.76295 2.08981 -0.969929 -1.77123 2.08477 -0.969929 -1.81128 2.04992 -0.969929 -2.0359 1.85299 -0.969929 -2.20253 1.62625 -0.969929 -2.23245 1.58552 -0.969929 -2.4046 1.32099 -0.969929 -2.43544 1.27355 -0.969929 -2.45155 1.23785 -0.969929 -2.54039 1.03967 -0.969929 -2.66467 0.649593 -0.969929 -2.72635 0.252798 -0.969929 -2.7374 0.181417 -0.969929 -2.72819 -0.285918 -0.969929 -2.63613 -0.754093 -0.969929 -2.53855 -1.03836 -0.969929 -2.52106 -1.08916 -0.969929 -2.40368 -1.32304 -0.969929 -2.16985 -1.67113 -0.969929 -2.14223 -1.70682 -0.969929 -1.98711 -1.90543 -0.969929 -1.75328 -2.10361 -0.969929 -1.6267 -2.19935 -0.969929 1.23544 -2.19935 -0.969929 1.23544 -2.19935 -7.78503 1.23544 -1.7043 -7.791 1.23544 -1.22815 -7.79597 1.23544 -0.754093 -7.79995 1.23544 0.649593 -7.79995 1.23544 1.58552 -7.79199 1.23544 2.08981 -7.78603 0.568465 2.08981 -8.02079 0.100342 2.08981 -8.09739 -0.373305 2.08981 -8.0576 -3.46697 2.08981 -7.78205 -3.46697 2.08981 -2.22631 -1.76571 2.08981 -0.971918 -3.46697 -2.19935 -2.22532 -3.46697 -2.19935 -7.78205 -0.388955 -2.19935 -7.99791 0.100342 -2.19935 -8.01979 0.17537 -2.19935 -8.01979 0.561561 -2.19935 -7.98299 1.00713 1.11777 -10.4003 0.91507 1.58552 -10.4003 0.857532 1.58552 -10.7544 0.80736 1.8236 -10.64 0.568465 1.90254 -10.4003 0.100342 1.98232 -10.4003 0.100342 -1.98478 -10.4003 0.387568 -1.9386 -10.6559 0.654541 -1.85798 -10.4003 0.870421 -1.56699 -10.7564 1.00713 -1.22185 -10.4003 0.921053 -0.754093 -10.8688 0.921053 0.649593 -10.8688 0.890674 1.15892 -10.9145 0.794932 1.34241 -11.1016 0.568465 1.85845 -10.6877 0.100342 1.8975 -10.7405 -0.367781 1.88238 -10.7206 -0.367781 1.95124 -10.4003 -0.259611 -1.94741 -10.6688 0.100342 -1.95245 -10.6768 0.100342 -1.7127 -10.9106 0.382505 -1.46958 -11.1105 0.540847 -1.67449 -10.8628 0.694587 -1.34571 -11.0687 0.813344 -1.03374 -11.1105 0.890674 -1.20253 -10.8947 0.818867 -0.754093 -11.1145 0.818867 0.649593 -11.1145 0.813344 1.03043 -11.1105 0.100342 1.61869 -10.9752 0.610813 1.55151 -10.9573 0.610813 1.15892 -11.1185 0.48285 1.37264 -11.1125 -0.367781 1.61492 -10.9543 -0.634754 1.3676 -11.1115 -0.666515 1.84753 -10.6738 -1.19862 1.45746 -10.7434 -1.61703 1.00902 -10.7265 -1.69896 0.649593 -10.8171 -1.71415 0.180577 -10.9116 -1.70863 -0.263664 -10.9066 -1.67963 -0.754093 -10.7962 -1.6 -1.07825 -10.7096 -1.16318 -1.52879 -10.7166 -0.835444 -1.622 -10.8111 -0.418414 -1.69464 -10.8847 -0.265595 -1.47252 -11.1125 0.100342 -1.47882 -11.1165 0.100342 -1.22185 -11.1304 0.550513 -1.20253 -11.1185 0.568465 -0.754093 -11.1294 0.568465 0.649593 -11.1294 0.100342 1.38482 -11.1175 -0.367781 1.38104 -11.1165 0.100342 1.11777 -11.1324 -0.367781 1.11777 -11.1314 -0.808747 1.09215 -11.1195 -1.09735 0.91916 -11.1125 -0.946837 1.23114 -11.0558 -0.806446 1.56873 -10.8648 -1.30357 1.12029 -10.8917 -1.4076 0.649593 -11.0508 -1.49275 0.336356 -11.0966 -1.54292 0.0243799 -11.1065 -1.54292 -0.0927702 -11.1065 -1.45593 -0.404746 -11.0876 -1.37629 -0.754093 -11.0299 -1.09229 -1.01274 -11.1125 -1.28331 -1.20127 -10.8688 -0.835444 -1.33984 -11.0459 -0.577677 -1.43221 -11.0996 -0.835444 -1.10554 -11.1175 -0.400002 -1.2546 -11.1205 -0.835444 -0.754093 -11.1314 -0.367781 -0.754093 -11.1324 0.100342 -0.754093 -11.1324 -0.835444 -0.285918 -11.1324 -0.835444 0.649593 -11.1324 -1.17376 0.649593 -11.1175 -1.32336 0.180577 -11.1165 -1.30127 -0.263664 -11.1165 -1.14246 -0.754093 -11.1175 -7.36601 -39.5807 5.27455 -5.51534 -39.6576 5.27455 -7.36601 -39.4782 5.39494 -7.36601 -39.467 5.40554 -7.36601 -39.2267 5.62891 -7.36601 -38.9929 5.81603 -7.36601 -38.6613 6.01664 -7.36601 -38.6469 6.0241 -7.36601 -38.341 6.17968 -7.36601 -38.3314 6.18374 -7.36601 -38.1072 6.2671 -7.36601 -37.726 6.38958 -7.36601 -36.9652 6.61138 -7.36601 -23.2951 6.61138 -7.36601 -23.2951 6.04215 -7.36601 -35.2851 5.27455 -6.27601 -23.2951 5.27455 5.8276 -23.2951 5.27455 5.49569 -25.3773 5.27455 5.48019 -25.4734 5.27455 5.01268 -28.3467 5.27455 4.54388 -31.2201 5.27455 4.18098 -33.4159 5.27455 4.11641 -33.7907 5.27455 4.10737 -33.8308 5.27455 4.07637 -33.9221 5.27455 4.00276 -34.0982 5.27455 2.67126 -36.2316 5.27455 2.44783 -36.5536 5.27455 2.20375 -36.8835 5.27455 2.08622 -37.0213 5.27455 1.73494 -37.3896 5.27455 1.68329 -37.4393 5.27455 1.62904 -37.4889 5.27455 1.26743 -37.7868 5.27455 1.04401 -37.9566 5.27455 0.763762 -38.1376 5.27455 0.327247 -38.4067 5.27455 0.313041 -38.4147 5.27455 0.293668 -38.4243 5.27455 -0.136389 -38.6069 5.27455 -2.54885 -39.6063 5.27455 -2.7064 -39.6544 5.27455 -3.17521 -39.6576 5.27455 -3.17521 -39.515 5.43354 -5.51534 -39.515 5.43354 -5.51534 -39.2716 5.66751 -2.7064 -39.5134 5.43223 -3.17521 -39.2716 5.66751 -3.17521 -39.0377 5.84822 -5.51534 -39.0377 5.84822 3.08323 -23.2951 6.61138 3.84391 -23.2951 6.45828 4.23522 -23.2951 6.34116 4.31787 -23.2951 6.31434 4.52838 -23.2951 6.23373 4.56196 -23.2951 6.22051 4.72598 -23.2951 6.13362 4.78926 -23.2951 6.09895 5.1767 -23.2951 5.86157 5.373 -23.2951 5.71684 5.41045 -23.2951 5.68648 5.61709 -23.2951 5.49099 5.65712 -23.2951 5.45251 -2.3887 -39.4622 5.37963 -2.7064 -39.27 5.66633 -2.7064 -39.0361 5.84744 -3.17521 -38.6613 6.07997 -5.51534 -38.6613 6.07997 -6.45036 -36.9652 6.61138 -5.98673 -36.8403 6.61138 -5.87824 -36.7794 6.61138 1.97774 -28.3739 6.61138 2.42975 -27.4226 6.61138 2.57827 -26.9629 6.61138 3.00833 -24.1552 6.61138 3.06257 -23.6875 6.61138 3.06515 -23.6619 6.61138 5.62613 -23.6875 5.42372 5.58738 -24.1552 5.38748 5.54993 -24.6229 5.3494 5.48923 -25.3677 5.28489 -2.40549 -38.9881 5.81276 -2.7064 -38.6613 6.07827 -3.17521 -38.4227 6.2107 -5.51534 -38.4227 6.2107 -5.51534 -37.726 6.44506 -5.04654 -37.726 6.44742 -3.17521 -37.726 6.44742 5.38075 -23.6875 5.6577 5.3433 -24.1552 5.62145 4.88095 -26.9629 5.62668 5.16378 -26.4952 5.4287 4.6627 -29.7706 5.39782 5.12504 -26.9629 5.39271 5.08759 -27.4306 5.35489 4.5865 -30.7076 5.32087 4.56067 -31.0279 5.29274 -2.7064 -38.4211 6.20991 0.13611 -38.2353 5.44833 0.0999487 -37.8365 5.68858 -3.17521 -38.1872 6.30086 -5.51534 -38.1872 6.30086 3.3764 -26.0275 6.46378 3.3764 -26.4952 6.44637 3.84391 -23.6875 6.44336 -3.17521 -37.2567 6.52672 5.01397 -25.3276 5.74537 4.55034 -28.1577 5.74825 4.45477 -29.3029 5.66751 3.95497 -32.5767 5.63702 4.20035 -32.5767 5.40292 4.16161 -33.046 5.36576 4.12415 -33.5136 5.3265 -2.40549 -38.1104 6.27063 -2.7064 -38.1872 6.3002 0.385363 -37.5242 5.75911 0.567459 -38.1104 5.37884 0.551962 -37.6971 5.62066 2.44008 -32.109 6.452 2.44008 -32.5767 6.4325 3.3764 -26.9629 6.42583 3.84391 -24.1552 6.42229 3.84391 -24.6229 6.39913 1.50377 -33.046 6.55106 1.97257 -33.046 6.51141 -2.7064 -37.726 6.44009 -2.7064 -36.789 6.54818 -1.77138 -36.3213 6.55734 -0.367562 -35.8536 6.55027 -2.7064 -37.2567 6.51586 5.07209 -24.6229 5.78973 5.03335 -25.0906 5.76055 4.10866 -30.7076 5.76893 3.64631 -33.5136 5.77311 4.08541 -30.9878 5.75113 4.02988 -31.6413 5.70611 3.91752 -33.046 5.59973 3.88007 -33.5136 5.56047 4.09574 -33.8148 5.29666 0.0999487 -35.8536 6.45475 -0.835072 -36.3213 6.51049 0.696606 -37.4121 5.71397 0.898074 -37.1013 5.77351 0.882577 -38.0127 5.31577 1.03755 -37.7388 5.41313 2.44008 -33.046 6.41052 3.3764 -27.4306 6.40293 3.84391 -25.0906 6.37479 3.84391 -25.5583 6.35019 3.84391 -26.0275 6.32494 4.26105 -24.1552 6.28633 4.34629 -23.6539 6.28319 2.44008 -33.5136 6.38696 2.90759 -30.7076 6.38304 3.3764 -27.8983 6.37885 1.03626 -33.5136 6.55734 1.03626 -33.9813 6.54674 1.50377 -33.5136 6.53575 1.97257 -33.5136 6.48759 -1.30258 -36.3213 6.54438 0.0999487 -35.386 6.547 0.0999487 -34.9167 6.55734 -0.367562 -35.386 6.55734 -0.835072 -35.8536 6.55734 5.1457 -23.6875 5.84234 5.10954 -24.1552 5.81734 4.60975 -27.4306 5.79379 3.3764 -33.5136 5.95226 3.62048 -33.7747 5.75388 3.68376 -33.046 5.80164 1.20932 -36.9668 5.72574 1.36429 -36.6561 5.77717 2.73712 -33.7971 6.24106 0.567459 -34.9167 6.53666 1.04659 -37.2567 5.65914 1.39012 -37.5914 5.34011 3.3764 -28.3675 6.35412 3.3764 -28.8352 6.32886 3.59595 -29.4487 6.20677 4.54905 -23.4761 6.21449 2.87272 -32.5767 6.29222 2.83269 -33.046 6.27796 3.13102 -32.2772 6.20834 2.79136 -33.5136 6.26291 2.90759 -31.6413 6.33279 2.90759 -31.1752 6.35817 4.78022 -24.1552 6.02881 4.78022 -24.6229 5.9817 4.6472 -26.9629 5.82101 3.02512 -33.5136 6.15822 3.72122 -32.5767 5.82807 3.3764 -33.046 6.00211 2.44267 -36.3037 5.39284 2.28898 -36.6657 5.33226 2.70225 -36.1355 5.29928 1.5296 -37.2839 5.43812 1.5141 -36.8018 5.66764 1.67683 -36.4815 5.7226 1.96095 -36.3245 5.64684 4.03246 -26.9629 6.1929 4.52451 -23.7884 6.20363 3.10648 -32.5767 6.19761 3.06644 -33.046 6.17955 4.4948 -24.1552 6.19042 4.45348 -24.6229 6.17092 3.3764 -32.5767 6.0466 1.99582 -36.8082 5.43158 1.85505 -37.1462 5.34573 4.43998 -9.90508 -3.84749 4.43998 -9.90508 -5.71732 -6.27446 -9.90508 -5.71732 -6.27446 -9.90508 -5.50879 -6.2549 -9.90508 0.118965 4.43547 -9.90508 0.118965 7.17354 -13.1266 0.118965 7.90961 -13.9906 -1.50978 7.2774 -13.2453 -4.7844 6.41188 -12.2279 -5.71732 6.58498 -12.4652 -5.71732 6.82582 -12.9172 -5.71732 6.85593 -13.0159 -5.71732 6.95377 -13.3906 -5.71732 6.92667 -13.676 -5.71732 6.53982 -16.0788 -5.71732 5.60506 -21.8111 -5.71732 5.31906 -23.5272 -5.71732 -6.42348 -23.5272 -5.71732 -6.42348 -15.6681 -5.71732 -6.39639 -10.8038 -5.71732 -6.3708 -10.5798 -5.71732 -6.2549 -13.1266 0.118965 -6.25339 -21.8111 0.118965 -6.23533 -22.2164 0.118965 -5.61968 -23.5272 0.118965 6.69788 -23.5272 0.118965 7.83585 -16.5335 0.118965 7.9653 -15.7321 0.118965 7.9081 -15.3214 0.118965 7.65673 -13.86 0.118965 7.56189 -13.6626 0.118965 7.47158 -13.4813 0.118965 7.2759 -13.2479 0.118965 8.0782 -14.328 -1.50978 8.0782 -14.328 -2.44555 7.90961 -13.9906 -2.91115 7.70941 -13.7546 -3.84749 7.90058 -13.9906 -3.84749 7.46556 -13.4799 -4.7844 7.03806 -12.9706 -5.25172 -7.15956 -13.1346 -5.02549 -7.18665 -12.5679 -4.62444 -7.18665 -12.1599 -4.20397 -7.20471 -12.0972 -3.84863 -7.20471 -12.0639 -3.38132 -7.20471 -12.0945 -2.91286 -7.18665 -12.1585 -2.55066 -7.21525 -12.4252 -2.4147 -7.18665 -12.5599 -2.13362 -7.16257 -13.1239 -1.73315 -7.1731 -13.3906 -1.7223 8.12035 -14.7947 -1.50978 8.12035 -14.7947 -2.44555 7.9081 -13.9906 -3.38018 8.07519 -14.328 -2.91115 8.05562 -14.328 -3.38018 7.85994 -14.032 -4.31652 7.42191 -13.528 -5.12146 6.98237 -13.0319 -5.59849 -6.42348 -11.0478 -5.71674 -7.16859 -13.3906 -5.0352 -7.22127 -13.3906 -4.7844 -7.19869 -12.9559 -4.78212 -7.21525 -12.4292 -4.3428 -7.2574 -12.4546 -3.84863 -7.2574 -12.4546 -2.91286 -7.25589 -12.9226 -2.44555 -7.2002 -12.9506 -1.97766 -7.22579 -13.3906 -1.97766 -7.17009 -13.728 -1.72572 6.69788 -23.5272 -2.44555 8.11433 -14.7947 -2.91115 7.99993 -14.328 -3.84749 8.07669 -14.7947 -3.38018 7.82381 -14.084 -4.55817 7.45051 -13.86 -5.15403 7.03957 -13.3906 -5.64133 6.99742 -13.1266 -5.60991 -6.44456 -13.3879 -5.71674 -6.44456 -13.3906 -5.71674 -7.16708 -13.7093 -5.03348 -7.25138 -14.3267 -4.31652 -7.25589 -12.9226 -4.31652 -7.20321 -13.8626 -4.8084 -7.25288 -14.7947 -3.38132 -7.25288 -14.3267 -2.44555 -7.20471 -13.8733 -1.94853 7.9623 -15.7321 -2.91115 -5.91471 -23.5272 -0.179819 -6.11942 -23.5272 -0.45518 -6.23683 -23.5272 -0.651132 -6.25339 -23.5272 -1.04189 5.54033 -23.5272 -5.54193 5.79773 -23.5272 -5.26257 5.97836 -23.5272 -5.05633 6.1319 -23.5272 -4.81068 6.35468 -23.5272 -4.41249 6.45553 -23.5272 -4.17884 6.55939 -23.5272 -3.84749 6.62111 -23.5272 -3.53899 6.65121 -23.5272 -3.38018 6.69035 -23.5272 -2.91115 7.82682 -16.4775 -3.20022 7.98036 -14.7947 -3.84749 7.87951 -14.3 -4.33366 7.34062 -19.1749 -3.53671 7.80424 -16.3481 -3.51271 7.83134 -16.0374 -3.65782 7.82381 -14.1227 -4.55817 7.42492 -14.328 -5.11232 7.26084 -13.86 -5.38711 7.02602 -13.86 -5.61334 -7.23331 -14.7947 -3.84863 -7.2002 -14.3267 -4.66957 -7.23331 -14.7947 -2.91286 -7.2002 -14.3267 -2.08392 7.36169 -19.3029 -3.22479 6.70239 -23.2165 -3.38018 7.83886 -15.152 -4.13085 7.86746 -14.7947 -4.19997 7.85693 -15.7321 -3.7498 7.79822 -15.6681 -4.00288 7.81327 -15.4654 -4.06344 6.8755 -22.0031 -3.56184 6.90109 -21.6924 -3.68467 7.36471 -15.116 -5.03634 7.6778 -14.3 -4.74213 7.79822 -14.4347 -4.50276 6.40585 -22.9205 -4.52675 6.89506 -19.779 -4.57074 6.41188 -21.083 -5.0112 7.33912 -15.4267 -4.99978 6.86647 -15.8774 -5.47052 6.89356 -15.5654 -5.49623 6.68734 -15.7241 -5.64419 5.68182 -21.8111 -5.65676 6.89657 -22.1284 -3.24878 7.34965 -18.2936 -4.07658 7.37524 -17.9829 -4.13942 7.40685 -17.6028 -4.21197 6.88453 -21.123 -4.08743 6.90109 -17.9429 -5.04091 5.93922 -21.5351 -5.47909 6.48112 -23.2165 -4.23768 6.42994 -22.6098 -4.57645 5.96481 -21.2217 -5.50251 6.60455 -16.2001 -5.64876 4.83871 -34.7569 0.119536 4.80048 -34.9181 0.119536 4.80048 -34.9181 -2.44509 4.83871 -34.7569 -2.44509 4.83034 -34.7569 -2.91262 4.8172 -34.7569 -3.0739 4.79092 -34.7569 -3.38069 4.73477 -34.7569 -3.55194 4.65831 -34.7569 -3.77153 3.75156 -34.7569 -4.90885 3.39555 -34.7569 -5.24716 -6.48674 -34.7569 -5.24716 -6.25736 -34.7569 0.119536 -7.36601 -39.2373 0.119536 -7.36601 -40.4569 0.119536 -5.51428 -40.5574 0.119536 -3.17512 -40.5574 0.119536 -2.70681 -40.5568 0.119536 -2.48221 -40.5512 0.119536 -2.2385 -40.5449 0.119536 -2.0139 -40.5307 0.119536 -1.77139 -40.5148 0.119536 -1.30308 -40.4569 0.119536 -1.07967 -40.4138 0.119536 -0.835961 -40.3666 0.119536 -0.711716 -40.3382 0.119536 -0.577913 -40.307 0.119536 -0.343759 -40.2343 0.119536 0.0994629 -40.0856 0.119536 0.303751 -40.0049 0.119536 0.524764 -39.9169 0.119536 0.64662 -39.8624 0.119536 0.758919 -39.8119 0.119536 0.891527 -39.7438 0.119536 1.03608 -39.6694 0.119536 1.21887 -39.5666 0.119536 1.41718 -39.4548 0.119536 1.53904 -39.3781 0.119536 1.65134 -39.3071 0.119536 1.80545 -39.1976 0.119536 1.97151 -39.0783 0.119536 2.08739 -38.9937 0.119536 2.21283 -38.9012 0.119536 2.33469 -38.7967 0.119536 2.44698 -38.7002 0.119536 2.71459 -38.4662 0.119536 2.83645 -38.3413 0.119536 2.94874 -38.2255 0.119536 3.05507 -38.1136 0.119536 3.17095 -37.9916 0.119536 3.38838 -37.7258 0.119536 3.49471 -37.5918 0.119536 3.59267 -37.4681 0.119536 3.66913 -37.3556 0.119536 3.75037 -37.2341 0.119536 3.87222 -37.0417 0.119536 3.98452 -36.8639 0.119536 4.04903 -36.7515 0.119536 4.11832 -36.63 0.119536 4.27721 -36.3223 0.119536 4.47075 -35.9049 0.119536 4.56632 -35.671 0.119536 4.61769 -35.5228 0.119536 4.66429 -35.3866 0.119536 4.73597 -35.143 0.119536 4.79331 -34.9181 -2.91262 -7.36601 -35.4615 -5.24716 -7.36601 -35.8266 -3.38069 -7.36601 -35.9992 -3.06182 4.66429 -35.3866 -2.44509 4.7515 -34.9181 -3.38069 4.65592 -35.3866 -2.91262 3.12794 -35.3866 -5.24716 3.06702 -35.5206 -5.24716 2.91171 -35.8408 -5.24716 2.71578 -36.1803 -5.24716 2.61543 -36.3359 -5.24716 2.54256 -36.446 -5.24716 2.36216 -36.6987 -5.24716 2.29885 -36.7782 -5.24716 2.16863 -36.94 -5.24716 1.95 -37.1864 -5.24716 1.9273 -37.212 -5.24716 1.66209 -37.4709 -5.24716 1.49961 -37.6151 -5.24716 1.43868 -37.6679 -5.24716 1.19258 -37.8615 -5.24716 1.05161 -37.9626 -5.24716 0.93334 -38.0461 -5.24716 0.6287 -38.2397 -5.24716 0.588082 -38.263 -5.24716 0.302556 -38.4202 -5.24716 0.0994629 -38.5224 -5.24716 0.0253934 -38.5565 -5.24716 -0.311503 -38.6962 -5.24716 -2.67814 -39.6705 -5.24716 -2.70681 -39.6722 -5.24716 -3.11897 -39.6734 -5.24716 -5.51428 -39.6734 -5.24716 -7.36601 -39.6058 -5.24716 -7.36601 -39.8176 -4.99763 -7.36601 -39.9578 -4.76386 -7.36601 -40.1832 -4.31681 -7.36601 -40.1883 -4.30473 -7.36601 -40.2911 -4.05047 -7.36601 -40.2939 -4.03944 -7.36601 -40.3502 -3.81618 -7.36601 -40.4257 -3.38069 -7.36601 -40.4541 -2.91262 -7.36601 -40.4569 -2.44509 4.56632 -35.671 -2.44509 4.56274 -35.6614 -2.91262 4.55438 -35.6409 -3.20523 4.60694 -35.4053 -3.36913 4.52331 -35.5739 -3.51727 4.58066 -35.2616 -3.65175 3.26533 -35.3866 -5.13316 -5.51428 -39.8482 -5.04123 -5.51428 -40.5574 -2.44509 4.47075 -35.9049 -2.44509 4.46597 -35.8953 -2.91262 4.26885 -36.3223 -2.91262 4.09921 -36.5948 -3.28298 4.18761 -36.3637 -3.41588 4.07293 -36.5477 -3.59502 3.49949 -35.3866 -4.88574 3.19246 -35.7221 -5.06645 -5.51428 -40.0089 -4.78487 -3.17512 -39.8482 -5.04123 -3.17512 -40.0112 -4.78487 -5.04716 -40.0095 -4.78487 -3.17512 -40.5574 -2.44509 4.27721 -36.3223 -2.44509 4.11474 -36.6221 -2.91262 3.97257 -36.7668 -3.41588 3.97974 -36.856 -2.91262 3.71572 -37.1864 -3.38069 3.66435 -37.1092 -3.66016 3.02759 -36.3223 -4.89362 3.11361 -36.0338 -4.98817 -5.51428 -40.2258 -4.3851 -3.64223 -40.2281 -4.3872 -5.04716 -40.2264 -4.38563 -2.70681 -39.8477 -5.04071 -2.70681 -40.0055 -4.78487 -2.70681 -40.223 -4.38826 -3.17512 -40.2281 -4.3872 -5.51428 -40.5478 -2.91262 -5.04716 -40.5483 -2.91262 -3.64223 -40.55 -2.91262 -3.17512 -40.55 -2.91262 -2.70681 -40.5568 -2.44509 4.11832 -36.63 -2.44509 3.98452 -36.8639 -2.44509 3.74559 -37.2273 -2.91262 3.58789 -37.4613 -2.91262 3.54847 -37.4204 -3.38069 3.1148 -37.9302 -3.53145 3.23427 -37.6185 -3.67329 2.59034 -36.9139 -4.93722 2.70503 -36.6016 -5.04596 2.79344 -36.3223 -5.1195 -5.51428 -40.3286 -4.15133 -2.70681 -40.3286 -4.15396 -4.57885 -40.3286 -4.15239 -5.04716 -40.3286 -4.15186 -2.45951 -39.842 -5.03283 -2.42128 -40.3189 -4.13085 -5.51428 -40.5103 -3.38069 -5.04716 -40.5114 -3.38069 -4.57885 -40.5125 -3.38069 -3.64223 -40.5137 -3.38069 -3.17512 -40.5137 -3.38069 -2.70681 -40.5495 -2.91262 3.75037 -37.2341 -2.44509 3.59267 -37.4681 -2.44509 3.38838 -37.7258 -2.44509 3.37763 -37.7258 -2.91262 3.15423 -37.974 -3.21941 2.90454 -38.1909 -3.39014 2.65247 -38.4083 -3.56035 2.13637 -37.4192 -4.95876 2.4422 -37.2608 -4.7917 2.27854 -37.1075 -5.07433 2.43623 -36.7708 -5.15365 -4.57885 -40.4211 -3.84875 -5.04716 -40.4206 -3.84875 -5.51428 -40.4194 -3.84875 -2.70681 -40.4211 -3.84875 -0.135887 -38.8949 -5.01812 0.392156 -39.8568 -3.64072 -1.01875 -40.311 -3.62811 -2.25523 -40.3814 -3.85715 -2.70681 -40.5131 -3.38069 -2.2385 -40.5375 -2.91262 -2.2385 -40.5449 -2.44509 3.17095 -37.9916 -2.44509 3.16617 -37.9865 -2.91262 2.94277 -38.2204 -2.91262 2.69428 -38.4464 -3.24831 2.16624 -38.8569 -3.38069 1.31324 -39.3895 -3.63967 1.84368 -38.9676 -3.66804 1.64895 -37.8854 -4.94982 1.98106 -37.7344 -4.79801 1.82456 -37.5737 -5.07905 1.93806 -37.2234 -5.23245 -1.77139 -40.466 -3.38069 -2.2385 -40.5029 -3.38069 0.0994629 -38.6082 -5.17729 0.488924 -38.5128 -5.09481 0.0994629 -38.8421 -4.95665 0.463836 -39.8891 -3.38069 0.0994629 -40.0191 -3.38069 -0.685433 -40.2695 -3.38069 -0.919588 -40.3343 -3.38069 -1.30308 -40.4041 -3.38069 -1.77139 -40.5148 -2.44509 2.94874 -38.2255 -2.44509 2.71459 -38.4662 -2.44509 2.70862 -38.4611 -2.91262 2.20327 -38.8932 -3.08335 1.93208 -39.0335 -3.38069 0.625116 -38.6939 -4.82165 0.800732 -38.4271 -5.01812 1.03608 -38.3487 -4.93669 1.33714 -38.0114 -5.06119 1.48528 -38.1789 -4.77384 1.60235 -39.2674 -3.38069 1.3682 -39.423 -3.38069 1.49722 -37.7281 -5.17099 -1.30308 -40.4484 -2.91262 -1.77139 -40.5057 -2.91262 0.516402 -39.913 -2.91262 0.0994629 -40.0776 -2.91262 0.749362 -39.8079 -2.91262 -0.60778 -40.2985 -3.1133 -1.30308 -40.4569 -2.44509 2.44698 -38.7002 -2.44509 2.21044 -38.8995 -2.77184 2.39561 -38.7337 -2.92156 2.0169 -39.0363 -2.92156 1.64297 -39.3026 -2.91262 1.03608 -38.1148 -5.14419 1.40882 -39.4496 -2.91262 1.03608 -39.6597 -2.91262 -0.792953 -40.3473 -2.93942 -0.835961 -40.3666 -2.44509 0.524764 -39.9169 -2.44509 0.0994629 -40.0856 -2.44509 0.758919 -39.8119 -2.44509 -0.343759 -40.2343 -2.44509 -0.404687 -40.2434 -2.93942 1.03608 -39.6694 -2.44509 -0.586276 -40.3047 -2.80126 2.21283 -38.9012 -2.44509 1.97151 -39.0783 -2.44509 1.65134 -39.3071 -2.44509 1.41718 -39.4548 -2.44509 -0.577913 -40.307 -2.44509 -6.30541 -12.0038 5.46599 -6.30541 -11.763 5.26582 -7.16942 -12.6596 4.82678 -6.31482 -12.0298 5.46599 -6.43076 -13.3901 5.46599 -6.41165 -13.858 5.46599 -6.30625 -14.7938 5.46599 -6.30541 -14.7979 5.46599 -6.30541 -15.5221 4.5747 -6.30541 -15.6758 4.10926 -6.30541 -15.7784 3.63855 -6.30541 -15.8012 3.17135 -6.30541 -15.8003 3.10052 -6.30541 -15.6484 2.30866 -6.30541 -15.5485 1.94836 -6.30541 -15.1367 1.42442 -6.30541 -14.1576 0.999451 -6.30541 -13.7157 0.973056 -6.30541 -13.3901 0.972616 -6.30541 -12.9222 1.05136 -6.30541 -11.9865 1.61358 -6.30541 -11.8323 1.76712 -6.30541 -11.2103 2.70327 -6.30541 -11.1428 3.17531 -6.30541 -11.1428 3.55848 -6.30541 -11.1469 4.01292 -6.30541 -11.2295 4.39565 -7.1779 -12.1876 4.38202 -7.1985 -12.484 4.55271 -7.24342 -12.9222 4.5747 -7.19142 -12.9222 4.86197 -7.2053 -13.3901 4.89101 -7.18527 -14.1818 4.85009 -7.18797 -14.6438 4.43437 -7.19775 -12.1361 4.10663 -7.24976 -12.4544 4.10663 -7.2574 -13.3901 4.5747 -7.25526 -13.858 4.5747 -7.20325 -13.858 4.88221 -7.21406 -14.3332 4.58394 -7.2094 -14.7975 4.10047 -7.17744 -15.0551 3.94033 -7.2053 -12.069 3.17135 -7.2053 -12.0736 3.63855 -7.2574 -12.4544 3.63855 -7.2574 -12.4544 3.17135 -7.2574 -13.3901 2.23519 -7.25731 -13.858 2.23519 -7.25693 -14.3259 4.10663 -7.24882 -14.7938 3.63855 -7.19673 -15.0806 3.63855 -7.20176 -12.1251 2.70327 -7.25376 -12.4544 2.70327 -7.25125 -12.9222 2.23519 -7.2053 -13.3901 1.89997 -7.2053 -13.858 1.90921 -7.18797 -14.216 1.9488 -7.21574 -14.3533 2.20748 -7.25488 -14.3259 2.70327 -7.25078 -14.7938 3.17135 -7.19878 -15.0834 3.17135 -7.18322 -12.1789 2.41292 -7.20791 -12.4703 2.24839 -7.17977 -12.6368 1.96816 -7.19915 -12.9222 1.92813 -7.18797 -14.6593 2.34517 -7.21099 -14.8066 2.69711 -7.18014 -15.0588 2.84933 -6.47646 -34.6289 5.27434 -6.25638 -34.6289 0.119536 4.86486 -34.6289 0.119536 4.86486 -34.6289 2.41457 4.86343 -34.6289 2.70244 4.84485 -34.6289 3.17034 4.73195 -34.6289 3.63877 4.58476 -34.6289 3.94966 4.12887 -34.6289 4.54684 3.78589 -34.6289 4.99067 3.69586 -34.6289 5.08331 3.43862 -34.6289 5.27434 5.64086 -23.2945 5.46643 -6.2921 -23.2945 5.46643 -6.30496 -14.7992 5.46643 -6.30496 -12.007 5.46643 -6.30496 -11.7652 5.26597 -6.30496 -11.2324 4.39506 -6.30496 -11.1486 4.01299 -6.30496 -11.1461 3.55817 -6.30496 -11.1461 3.30433 -6.30354 -11.2152 2.70401 -6.30354 -11.8368 1.76715 -6.30354 -11.9897 1.6138 -6.30354 -12.9246 1.05168 -6.30354 -13.3932 0.972652 -6.30354 -13.7164 0.973699 -6.25638 -24.1554 0.119536 -6.25495 -9.42928 0.119536 4.02884 -9.42928 0.119536 4.04599 -9.44902 0.119536 7.47582 -13.4845 0.119536 7.65874 -13.8594 0.119536 7.90884 -15.3222 0.119536 7.96743 -15.7316 0.119536 7.9317 -15.9561 0.119536 6.71268 -23.4425 0.119536 4.98347 -34.0418 0.119536 4.9063 -34.4463 0.119536 3.76588 -34.3353 5.27434 5.65086 -23.2353 5.46643 6.01957 -20.9906 5.46643 6.95134 -15.263 5.46643 7.17571 -13.8422 5.46643 7.17571 -13.8076 5.46643 7.17285 -13.4228 5.46643 6.99279 -13.001 5.46643 6.86274 -12.7889 5.46643 6.60979 -12.4633 5.46643 4.06742 -9.42928 5.46643 -6.25495 -9.42928 5.46643 -6.2921 -11.0524 5.46643 4.9063 -34.4463 2.23505 4.03598 -34.1257 5.23143 3.94023 -34.175 5.27434 4.00168 -34.0961 5.27434 4.07457 -33.9209 5.27434 4.10601 -33.8272 5.27434 4.11601 -33.7877 5.27434 4.06742 -9.42928 3.63458 4.06457 -9.42928 3.32108 4.98347 -34.0418 2.23505 4.90487 -34.4463 2.70244 4.57904 -34.2564 4.40814 4.15603 -34.2737 4.91949 4.47043 -33.9801 4.71328 4.21605 -33.9727 5.06237 4.52188 -33.6101 4.7698 4.3804 -33.4769 4.99852 4.43327 -32.5741 5.13146 4.17889 -33.4128 5.27434 4.54331 -31.2175 5.27434 7.04423 -12.9714 5.04248 7.90884 -13.9877 3.30433 7.90884 -13.9877 1.76715 4.98347 -34.0393 2.70244 5.02206 -33.8075 2.23505 4.88773 -34.4463 3.17034 4.7491 -34.0171 4.14802 4.61763 -33.9801 4.47932 4.99491 -30.7044 4.77399 4.5476 -33.2993 4.81377 4.57047 -33.0428 4.84412 4.60762 -32.5741 4.89803 4.64621 -32.1079 4.94932 6.78414 -18.0701 5.14716 5.89095 -23.2945 5.20316 4.47043 -32.1079 5.18275 4.53331 -31.3383 5.26283 6.04958 -21.3458 5.38216 5.47937 -25.475 5.27434 6.44258 -19.3971 5.30418 6.011 -21.8145 5.34291 7.90884 -13.9902 1.29924 7.47296 -13.482 4.57458 7.90455 -13.9877 3.63772 8.07747 -14.3256 2.70401 8.07747 -14.3256 1.76715 5.02206 -33.805 2.70244 5.0192 -33.7828 3.0217 6.73698 -23.2945 2.23505 4.97919 -33.9555 3.17453 5.00777 -33.7113 3.33364 4.90773 -33.9777 3.63772 4.79055 -34.4463 3.63772 4.7734 -33.9777 4.10615 4.75768 -33.9801 4.14802 4.99491 -32.2313 4.29195 5.0192 -31.918 4.35476 5.04207 -31.6393 4.39925 5.08065 -31.1706 4.47147 6.00671 -25.5589 4.45158 7.83309 -14.6364 4.36418 5.9424 -24.8115 4.79597 5.96669 -24.5007 4.83522 5.99528 -24.1554 4.875 6.49546 -20.8796 4.92054 7.28432 -14.7968 5.19008 5.46222 -25.6798 5.25393 7.34577 -14.0494 5.26806 6.97421 -15.7316 5.37065 7.36721 -13.7361 5.29685 6.93562 -16.2003 5.33192 8.06747 -14.3256 1.29924 7.88025 -14.0247 0.974222 7.42437 -13.5215 5.04248 7.2786 -13.2896 5.04248 7.88454 -13.9976 4.10667 8.06747 -14.3256 3.17086 8.11891 -14.7968 2.70401 8.12034 -14.7968 2.23505 8.12034 -14.7968 1.76715 5.48366 -30.9535 2.97198 6.73555 -23.2945 2.70244 7.83167 -16.4939 3.07037 7.83738 -16.5284 2.70401 6.42686 -24.9126 3.44826 5.03349 -33.4005 3.50007 7.57872 -18.001 3.17086 7.8088 -16.5259 3.30433 7.35435 -19.2541 3.41424 4.99777 -33.1982 3.81253 5.02492 -32.8849 3.90831 4.852 -33.5115 4.10615 4.99062 -32.5741 4.14802 5.43078 -29.767 4.19879 6.87846 -20.6058 4.32336 5.94954 -26.2619 4.34115 6.90418 -20.2925 4.37779 7.34291 -17.7741 4.31393 7.80594 -14.9472 4.30451 7.86453 -15.263 3.99833 7.89026 -14.7918 4.1318 7.85596 -14.3256 4.41024 7.7302 -14.3256 4.64367 7.54013 -15.7316 4.57458 7.33434 -16.3187 4.77608 6.89561 -18.8372 4.82423 7.3815 -15.7316 4.85093 7.41866 -15.263 4.90536 7.45724 -14.7968 4.95613 7.4944 -14.3256 5.00532 7.36721 -13.5856 5.29685 8.11177 -14.7968 1.29924 7.85596 -14.0346 4.40971 8.02888 -14.3256 3.63772 8.05889 -14.3256 3.30433 8.10034 -14.7968 3.17086 7.37578 -19.0074 3.50949 5.46365 -30.3665 3.79474 7.81166 -15.9092 3.83033 6.88274 -21.5678 3.8633 7.81737 -16.4223 3.38336 7.84453 -16.1115 3.51839 6.41829 -24.3971 3.87639 5.48938 -30.0556 3.89837 7.75592 -15.744 4.08888 7.78165 -15.263 4.23124 8.03174 -14.7968 3.63772 7.83738 -15.596 3.92035 7.94456 -14.3256 4.10667 7.35863 -16.0054 4.81848 -7.36601 -36.9647 6.61149 -6.45129 -36.9647 6.61149 -7.36601 -36.8643 6.64089 -7.36601 -35.854 6.93581 -7.36601 -35.1367 7.1448 -7.36601 -34.8825 7.21884 -7.36601 -34.4489 7.34224 -7.36601 -33.9819 7.46474 -7.36601 -33.5135 7.56638 -7.36601 -33.2579 7.61394 -7.36601 -33.0237 7.64647 -7.36601 -32.5768 7.7001 -7.36601 -32.5554 7.70178 -7.36601 -32.1097 7.73476 -7.36601 -32.0883 7.73566 -7.36601 -31.6414 7.75136 -7.36601 -31.173 7.75731 -7.36601 -23.2951 7.75731 -7.36601 -23.2951 6.61149 -4.37186 -23.2951 6.61149 -4.37186 -32.6771 6.61149 -5.48148 -36.309 6.61149 -5.53921 -36.3786 6.61149 -5.8789 -36.78 6.61149 -5.98763 -36.8402 6.61149 -6.14736 -36.6127 6.69765 -6.45129 -36.875 6.63774 -6.45129 -35.854 6.93581 -4.37186 -23.2951 7.75731 -6.08699 -34.8303 7.19158 -6.45129 -35.1367 7.1448 -6.45129 -34.4489 7.34291 -6.45129 -34.9025 7.21289 -4.57965 -31.173 7.75731 -4.37186 -30.9656 7.75731 -4.37186 -31.173 7.75316 -4.37186 -31.434 7.73566 -4.37186 -31.6387 7.70032 -4.37186 -31.8113 7.6633 -4.37186 -31.9077 7.63335 -4.37186 -31.9692 7.57569 -4.37186 -32.1218 7.39698 -4.37186 -32.3225 7.11474 -5.67052 -32.9234 7.63828 -5.98324 -33.2392 7.60788 -6.45129 -33.9819 7.46575 -6.91935 -34.4489 7.34269 -6.91935 -31.6414 7.7526 -6.45129 -31.6414 7.75349 -5.98324 -31.6414 7.75417 -5.51547 -31.6414 7.75461 -4.57965 -31.6414 7.72601 -5.51547 -32.1097 7.73498 -5.98324 -33.005 7.64872 -6.45129 -33.2646 7.61473 -6.45129 -33.5135 7.56761 -6.91935 -33.9819 7.4653 -5.98324 -32.1097 7.73667 -5.04742 -31.6414 7.75192 -5.98324 -32.5768 7.70144 -6.45129 -33.0304 7.64838 -6.91935 -33.0277 7.64759 6.29218 -26.0301 -1.50686 6.29218 -26.0301 -2.44561 6.28343 -26.0301 -2.91262 6.2459 -26.0301 -3.38069 6.15335 -26.0301 -3.8456 6.01951 -26.0301 -4.25062 5.91945 -26.0301 -4.48439 5.74559 -26.0301 -4.78225 5.54047 -26.0301 -5.09376 5.40538 -26.0301 -5.24716 -6.25932 -26.0301 -5.24716 -6.25556 -26.0301 -1.04143 -6.23555 -26.0301 -0.764582 -5.98164 -26.0301 -0.603307 -5.51511 -26.0301 -0.475129 -3.31875 -26.0301 0.119536 6.29093 -26.0301 0.119536 6.21588 -26.4948 0.119536 5.37787 -31.6417 0.119536 5.44916 -31.2043 -2.44561 6.20838 -26.4948 -2.91262 5.48418 -30.96 -2.78129 -5.75525 -26.4248 0.119536 -6.00291 -26.4837 0.119536 -6.2343 -26.6554 0.119536 -6.24431 -26.7938 0.119536 -6.25431 -26.9629 0.119536 -6.25556 -27.2064 0.119536 -6.25556 -34.7563 0.119536 4.83753 -34.7563 0.119536 4.85755 -34.6734 0.119536 4.90758 -34.4496 0.119536 4.94885 -34.2386 0.119536 4.98512 -34.0447 0.119536 5.00389 -33.9319 0.119536 5.30157 -32.109 0.119536 5.0239 -33.8106 -2.44561 5.37787 -31.6417 -2.44561 5.8394 -28.7594 -2.91262 5.48043 -30.9301 -3.09334 5.02015 -33.7876 -2.91262 4.98512 -34.0447 -2.44561 4.98137 -34.0216 -2.91262 5.01514 -33.7594 -3.16163 5.92696 -27.9915 -3.38069 5.94947 -27.6651 -3.61498 4.90758 -34.4496 -2.44561 4.90007 -34.4496 -2.91262 5.40914 -31.1736 -3.38069 4.8638 -34.4496 -3.38069 4.96136 -33.9413 -3.34286 4.99638 -33.6355 -3.47367 5.0214 -33.3237 -3.64282 5.5067 -30.239 -3.70796 6.0783 -26.4948 -3.84875 5.93321 -27.0971 -4.02368 5.95822 -26.7853 -4.10511 4.83753 -34.7563 -2.44561 4.83503 -34.7563 -2.60584 4.82878 -34.7563 -2.91262 4.81752 -34.7563 -3.0739 4.79 -34.7563 -3.38069 4.85755 -33.9815 -3.84875 5.46917 -29.9272 -4.03681 4.94635 -33.4929 -3.81881 5.49419 -29.6145 -4.11351 5.53421 -28.7594 -4.34728 5.00389 -32.7556 -4.04995 -6.48571 -34.7563 -5.24716 3.39539 -34.7563 -5.24716 3.75061 -34.7563 -4.90885 4.65742 -34.7563 -3.77153 4.73497 -34.7563 -3.55194 4.5461 -34.2164 -4.55268 4.69244 -33.9815 -4.31681 5.01389 -31.4127 -4.55216 5.47793 -28.5826 -4.54428 5.50294 -28.2708 -4.5884 5.03015 -32.443 -4.12192 4.11709 -34.2489 -5.06645 4.17087 -33.9815 -5.13474 4.40477 -33.9815 -4.82322 4.46105 -33.5134 -4.89046 4.56862 -33.9815 -4.58945 4.77124 -33.5134 -4.31681 5.48418 -26.746 -5.02232 5.50419 -26.4948 -5.04806 4.60739 -33.5134 -4.65617 4.64616 -33.0452 -4.71763 5.22152 -27.1654 -5.24716 4.92634 -28.9807 -5.24716 4.19714 -33.4527 -5.24716 4.18713 -33.5134 -5.24716 4.11709 -33.8055 -5.24716 4.05955 -33.9815 -5.24716 4.01077 -34.0891 -5.24716 3.75687 -34.3702 -5.24716 4.22716 -33.5134 -5.2004 4.52859 -32.7163 -4.99448 5.02015 -29.5752 -5.02705 4.57862 -32.109 -5.06119 4.55486 -32.4037 -5.03177 1.23544 2.4434 -0.969929 1.03659 2.53885 -0.969929 0.568465 2.68423 -0.969929 0.100342 2.74266 -0.969929 0.0294559 2.73916 -0.969929 -0.367781 2.71951 -0.969929 -0.438667 2.70323 -0.969929 -0.835444 2.61213 -0.969929 -0.90587 2.58178 -0.969929 -1.29943 2.41215 -0.969929 -1.49781 2.30477 -0.969929 -1.53326 2.28557 -0.969929 -1.56962 2.2551 -0.969929 1.23544 2.08981 -7.78586 1.23544 2.75225 -7.78168 1.23544 2.75225 -4.67756 -3.46697 2.08981 -2.22581 -3.46697 2.08981 -7.78237 -0.373305 2.08981 -8.05797 0.100342 2.08981 -8.09774 0.568465 2.08981 -8.02169 1.13739 2.75225 -7.78237 -3.46697 2.75225 -7.78237 -3.46697 2.75225 -2.09882 -3.36801 2.75225 -2.10929 -3.28699 2.75225 -2.12534 -3.20092 2.75225 -2.14278 -2.96663 2.75225 -2.21325 -3.46697 2.66945 -2.10301 -3.46697 2.29121 -2.15325 -3.46697 2.19278 -2.17836 1.23544 5.32971 -2.0676 0.100342 5.79755 -2.07096 -1.77123 5.32971 -2.0676 -2.70702 4.86147 -2.0676 -3.17514 4.39401 -2.0676 -3.46697 4.10259 -2.0676 -3.46697 3.16651 -2.0676 1.23544 4.86147 -2.0676 1.23544 4.39401 -2.06984 1.23544 3.99306 -2.1448 1.23544 3.77987 -2.30648 1.23544 3.61088 -2.52466 1.23544 2.75225 -4.67792 1.23544 2.75225 -7.78222 1.23544 5.32971 -7.78222 1.23544 5.59883 -7.78166 1.23544 5.79755 -7.77831 1.23544 6.06668 -7.69607 1.23544 6.283 -7.59985 1.23544 6.45864 -7.4723 1.23544 6.54 -7.40796 1.23544 6.57912 -7.2681 1.23544 6.60337 -7.13328 1.23544 6.62019 -6.84965 1.23544 6.62958 -6.65664 1.23544 6.62919 -6.38755 1.23544 6.6288 -6.18895 1.23544 6.62762 -5.91931 1.23544 6.62606 -5.72071 1.23544 6.62215 -5.25246 1.23544 6.06159 -2.18061 1.23544 5.80733 -2.11347 1.03659 5.79755 -2.09389 0.568465 5.79755 -2.07599 -0.367781 5.79755 -2.07208 0.100342 6.11049 -2.14257 -2.23935 5.32971 -2.07431 1.03659 6.07802 -2.1655 0.568465 6.1011 -2.14816 -0.367781 6.10814 -2.14368 -0.835444 5.79755 -2.08382 0.100342 6.21767 -2.44522 -3.46697 4.57044 -2.07375 -3.46697 4.39401 -2.06872 -2.23935 5.66064 -2.14592 -2.72037 5.34809 -2.13026 -3.17514 4.86147 -2.08159 -3.46697 4.85834 -2.11739 -3.46697 4.97921 -2.14257 -3.46697 5.11769 -2.17949 -3.46697 5.12551 -2.18844 -3.46697 5.1349 -2.23096 -3.46697 5.77525 -5.25246 -3.46697 5.77995 -5.72071 -3.46697 5.78269 -6.18895 -3.46697 5.78386 -6.65664 -3.46697 5.75452 -7.12489 -3.46697 5.65008 -7.43202 -3.46697 5.34574 -7.61271 -3.46697 4.86147 -7.7632 -3.46697 4.39401 -7.78222 -3.46697 2.75225 -7.78222 -3.46697 2.75225 -2.09893 0.568465 6.19537 -2.44522 1.03659 6.14335 -2.44522 1.03659 6.66126 -5.25246 -0.367781 6.21181 -2.44522 -0.835444 6.09054 -2.15543 0.100342 6.74185 -5.25246 -1.22256 6.06159 -2.18061 -2.57307 5.60822 -2.17222 -3.17514 5.20297 -2.15319 -3.36801 2.75225 -2.10956 0.805979 2.75225 -7.78278 1.03659 2.75225 -7.78278 -2.96663 2.75225 -2.21305 -3.20092 2.75225 -2.14257 0.568465 6.71564 -5.25246 1.03659 6.66518 -5.72071 0.568465 6.71994 -5.72071 -0.835444 6.17112 -2.44522 -0.367781 6.73207 -5.25246 0.568465 6.72307 -6.18895 0.100342 6.74498 -5.72071 -0.367781 6.7352 -5.72071 -1.53464 6.0303 -2.21921 -2.64211 5.64186 -2.44522 -2.87595 5.51669 -2.44522 -3.4596 5.12982 -2.18173 1.03659 6.66752 -6.18895 -0.835444 6.69099 -5.25246 0.100342 6.74732 -6.18895 -1.61749 6.51966 -4.98953 -2.23935 6.35145 -5.25246 -2.96616 6.04438 -5.00072 -2.23935 5.32971 -7.78222 -3.17514 4.86147 -7.78166 -0.367781 5.79755 -7.78222 0.568465 5.79755 -7.78222 1.03659 6.66752 -6.65664 0.568465 6.72424 -6.65664 0.100342 6.7485 -6.65664 -0.835444 6.69569 -6.18895 -1.30311 6.61863 -5.72071 -1.30311 6.61589 -5.25246 -0.367781 6.7395 -6.65664 -1.66214 6.531 -5.25246 -1.89597 6.46529 -5.25246 -2.70702 6.17151 -5.25246 -1.90334 6.4735 -5.72071 -2.23935 6.36202 -5.72071 -2.98089 6.05181 -5.25246 -3.21473 5.92429 -5.25246 -2.70702 5.32971 -7.77215 -1.30311 5.79755 -7.77999 -0.835444 5.79755 -7.78166 -3.17514 5.32971 -7.71565 0.100342 6.26579 -7.68097 1.03659 6.63975 -7.12489 0.568465 6.69373 -7.12489 -0.835444 6.69764 -6.65664 -1.30311 6.62293 -6.65664 -1.67733 6.53726 -6.65664 -1.67365 6.53531 -6.18895 -1.6695 6.53296 -5.72071 -0.367781 6.70938 -7.12489 -0.835444 6.66948 -7.12489 0.100342 6.71681 -7.12489 -2.70702 6.17582 -5.72071 -1.90794 6.47389 -6.18895 -2.23935 6.36397 -6.18895 -2.70702 6.17895 -6.18895 -2.98458 6.05377 -5.72071 -3.21841 5.92664 -5.72071 -2.23935 5.79755 -7.70838 -1.77123 5.79755 -7.76041 -0.367781 6.26579 -7.67649 -3.13003 5.78973 -7.47621 -2.70702 5.79755 -7.61327 1.03659 5.79755 -7.7811 0.100342 6.59242 -7.46894 0.568465 6.26579 -7.6681 1.03659 6.55604 -7.42698 0.568465 6.58107 -7.45607 -1.30311 6.59907 -7.12489 -1.64235 6.52787 -7.12489 -1.91116 6.47389 -6.65664 -0.367781 6.5889 -7.46502 -0.835444 6.56973 -7.44265 -1.30311 6.53687 -7.4046 -1.58297 6.51144 -7.37384 -2.23935 6.36515 -6.65664 -2.70702 6.18012 -6.65664 -2.98596 6.05455 -6.18895 -3.22025 5.9282 -6.18895 -3.22025 5.92938 -6.65664 -2.23935 6.16838 -7.49691 -1.7519 6.29082 -7.51985 -1.30311 6.26579 -7.61383 -0.835444 6.26579 -7.65411 -2.94407 6.03304 -7.36041 -2.70702 6.07959 -7.41188 1.03659 6.26579 -7.63789 -1.87618 6.45981 -7.12489 -2.23935 6.33542 -7.12489 -2.70702 6.15391 -7.12489 -2.98596 6.05494 -6.65664 -2.9657 6.04438 -7.12489 -3.2 5.91216 -7.12489 -6.27619 -9.9049 -5.71732 -6.25705 -9.9049 0.118965 -6.25705 -8.24223 0.118965 -6.25705 -8.09652 -4.78488 -6.25705 -8.09652 -5.71732 4.09244 -8.09652 -5.71732 4.47202 -8.0967 -5.71732 4.49328 -8.12751 -5.71732 4.58472 -8.35979 -5.71732 4.58472 -8.6151 -5.71732 4.44012 -9.9049 -5.71732 4.44012 -9.9049 -3.46279 4.43693 -9.9049 0.118965 4.04779 -9.44758 0.118965 3.92658 -9.31515 0.118965 3.81388 -9.19316 0.118965 2.49015 -8.09652 0.118965 -6.24855 -8.09652 0.118965 4.24236 -8.09652 -2.97429 4.44225 -8.09652 -3.38052 4.47202 -8.09652 -3.84845 4.47202 -8.09652 -5.29566 4.58578 -8.61421 -3.84845 4.57621 -8.58217 -3.38052 4.57621 -8.3883 -3.38052 4.56027 -8.43522 -3.12227 4.48052 -8.15424 -3.38052 4.58578 -8.36174 -3.84845 4.49328 -8.12768 -3.84845 4.49328 -8.12751 -4.78488 -4.37186 -32.6775 6.61138 -4.10915 -32.5793 6.61138 -4.37186 -32.323 7.11473 -4.37186 -32.1219 7.39717 -4.37186 -31.9704 7.57569 -4.37186 -31.9079 7.63338 -4.37186 -31.8115 7.66334 -4.37186 -31.6388 7.70024 -4.37186 -31.434 7.73569 -4.37186 -31.1732 7.75309 -4.37186 -30.9656 7.75728 -4.37186 -23.2951 7.75728 -4.37186 -23.2951 6.61138 3.08333 -23.2951 6.61138 3.06508 -23.6662 6.61138 3.06362 -23.6864 6.61138 3.00889 -24.1492 6.61138 3.00816 -24.1547 6.61138 2.57834 -26.9623 6.61138 2.42947 -27.4224 6.61138 1.97848 -28.3721 6.61138 1.51362 -28.8432 6.61138 1.04439 -29.3097 6.61138 0.570048 -29.7708 6.61138 -2.34825 -31.0143 7.26328 -3.80411 -31.9198 7.22203 -1.30324 -23.2951 7.75776 -0.445042 -23.2951 7.75776 1.50413 -23.2951 7.75728 1.89528 -23.2951 7.74342 1.97191 -23.2951 7.73875 2.2463 -23.2951 7.6801 2.29519 -23.2951 7.6685 2.49076 -23.2951 7.48547 2.53382 -23.2951 7.43487 2.68123 -23.2951 7.23943 2.70458 -23.2951 7.20689 -0.00864861 -29.6101 7.26312 -1.09452 -29.9848 7.60647 -3.43412 -31.389 7.60663 -4.00406 -31.7885 7.53396 1.3341 -28.6669 7.24088 0.855382 -29.1077 7.21478 0.537938 -29.1839 7.37574 -2.66788 -26.4948 8.17104 -2.23878 -26.0265 8.24789 -1.77101 -25.559 8.25643 -1.30324 -25.0906 8.22566 -0.834732 -25.0906 8.23049 -0.834732 -24.7471 8.14429 -0.21298 -29.4796 7.57505 -1.97607 -30.4881 7.62725 -4.31567 -31.8923 7.62741 0.361338 -29.0838 7.62725 1.75809 -28.1617 7.18433 1.48151 -28.3353 7.36849 1.18523 -28.5089 7.55265 1.02031 -28.8193 7.3838 0.673673 -28.9718 7.52671 -2.23878 -26.4948 8.25724 -1.30324 -25.559 8.25724 -0.367688 -25.559 8.25724 0.100085 -25.559 8.22952 -0.367688 -25.0906 8.20197 -2.23878 -26.9623 8.2487 2.20397 -24.8463 7.61565 -0.110085 -28.1461 8.09241 0.872896 -28.6595 7.64594 1.82377 -27.8982 7.28277 1.63914 -27.8982 7.51672 1.31659 -28.1966 7.64224 -1.77101 -27.4307 8.25692 -0.367688 -27.4307 8.25724 0.100085 -26.9623 8.25724 0.100085 -26.0265 8.25724 0.602887 -26.0209 8.16169 2.0967 -26.0265 7.5098 2.27549 -26.0265 7.27601 2.3076 -25.559 7.32467 2.22294 -24.535 7.62951 1.80042 -26.9623 7.65706 1.76831 -27.3076 7.63789 0.067246 -27.8835 8.13688 -0.367688 -27.8982 8.20536 -0.367688 -28.1948 8.11916 0.381041 -27.7163 8.10659 1.89674 -27.4509 7.42215 1.71576 -27.6199 7.60405 1.40489 -27.8982 7.67172 0.47226 -27.4307 8.14429 -1.30324 -27.8982 8.22904 -0.834732 -27.8982 8.23371 0.100085 -27.4307 8.23049 0.568588 -26.4948 8.19102 2.06605 -26.4948 7.45163 2.24265 -26.4948 7.21784 2.27184 -23.6864 7.65883 2.24484 -24.1547 7.64401 0.825462 -26.8218 8.09837 2.05948 -26.9568 7.35125 0.783136 -27.134 8.07581 2.2193 -26.7979 7.17402 0.603616 -26.9715 8.16201 0.836408 -26.4948 8.10482 -6.25989 -26.029 -5.24716 -6.25735 -26.029 -1.04143 -6.25735 -24.6221 0.119536 -6.25735 -24.1541 0.119536 -6.25989 -23.5272 -5.24716 5.81415 -23.5272 -5.24716 5.63655 -24.6221 -5.24716 5.5782 -24.9806 -5.24716 5.40695 -26.029 -5.24716 5.54141 -26.029 -5.09376 5.74438 -26.029 -4.78487 5.91944 -26.029 -4.48439 6.01965 -26.029 -4.25062 6.15412 -26.029 -3.84875 6.24672 -26.029 -3.38069 6.28351 -26.029 -2.91262 6.29112 -26.029 -2.44509 6.29112 -26.029 0.119536 -3.3194 -26.029 0.119536 -5.51525 -26.029 -0.474604 -5.98335 -26.029 -0.603307 -6.23706 -26.029 -0.764582 -6.22945 -25.3778 0.119536 -6.24974 -25.0901 0.119536 -6.13177 -25.4711 0.119536 -5.99984 -25.5345 0.119536 6.29239 -26.026 0.119536 6.43066 -25.176 0.119536 6.67296 -23.6861 0.119536 6.69833 -23.5272 0.119536 -5.62308 -23.5272 0.119536 -5.72456 -23.5416 0.119536 -5.98208 -23.5931 0.119536 -6.09879 -23.6619 0.119536 -6.23706 -23.7968 0.119536 -6.24847 -23.9582 0.119536 -6.25735 -23.5272 -1.04143 -6.23959 -23.5272 -0.650586 -6.12289 -23.5272 -0.454641 -5.91738 -23.5272 -0.178847 6.6996 -23.5272 -1.50949 6.6996 -23.5272 -2.44509 6.69706 -23.5272 -2.60374 6.69198 -23.5272 -2.91262 6.6793 -23.5272 -3.0718 6.65393 -23.5272 -3.38069 6.56132 -23.5272 -3.84875 6.45857 -23.5272 -4.17918 6.42432 -23.5272 -4.2585 6.35709 -23.5272 -4.41295 6.13509 -23.5272 -4.81272 5.98033 -23.5272 -5.05752 5.74565 -26.026 -4.78487 5.97399 -23.6031 -5.05016 5.94862 -23.9151 -5.01759 5.96891 -25.4403 -4.58262 5.94354 -25.7522 -4.5364 6.09196 -23.73 -4.83058 6.02092 -26.026 -4.25115 6.29239 -26.026 -2.44509 6.42305 -23.9545 -4.09618 6.28478 -26.026 -2.91262 6.39768 -24.2665 -4.01002 6.37738 -24.6564 -3.8519 6.43954 -24.5229 -3.69798 6.41417 -24.8346 -3.58819 6.44715 -25.0315 -2.91262 6.66661 -23.6861 -2.91262 6.39388 -25.1043 -3.41168 6.43447 -24.9581 -3.27615 6.62856 -23.6861 -3.38069 6.55244 -24.1541 -3.38069</float_array>
                    <technique_common>
                        <accessor count="6557" source="#shape0-lib-positions-array" stride="3">
                            <param name="X" type="float"/>
                            <param name="Y" type="float"/>
                            <param name="Z" type="float"/>
                        </accessor>
                    </technique_common>
                </source>
                <source id="shape0-lib-normals" name="normal">
                    <float_array id="shape0-lib-normals-array" count="38862">-0.98876 0.149511 0 0 0 -1 0 0 -1 0 0 -1 0 0 -1 0 0 -1 0 0 -1 0 0 -1 0 0 -1 0 0 -1 0 0 -1 0 0 -1 0 0 -1 0 0 -1 0 0 -1 0 0 -1 0 0 -1 0 0 -1 0 0 -1 0 0 -1 0 0 -1 0 0 -1 0 0 -1 0 0 -1 0 0 -1 0 0 -1 0 0 -1 0 0 -1 0 0 -1 0 0 -1 0 0 -1 0 0 -1 0 0 -1 0 0 -1 0 0 -1 0 0 -1 0 0 -1 0 0 -1 0 0 -1 0 0 -1 0 0 -1 0 0 -1 0 0 -1 0 0 -1 0 0 -1 0 0 -1 0 0 -1 0 0 -1 0 0 -1 0 0 -1 0 0 -1 0 0 -1 0 0 -1 0 0 -1 0 0 -1 0 0 -1 0 0 -1 0 0 -1 0 0 -1 0 0 -1 0 0 -1 0 0 -1 0 0 -1 0 0 -1 0 0 -1 -0.999832 -0.0183296 0 -0.988287 0.152609 0.000565929 -0.999823 -0.0188154 0.000572535 -0.988247 0.152865 0.000579855 -0.98824 0.152911 0.000565902 -0.988154 0.153464 0 -0.981128 -0.193358 0.000584064 -0.981231 -0.192835 0.000725092 -0.981376 -0.192094 0.00076864 -0.99981 -0.0194749 0.000783078 -0.999812 -0.0193586 0.000763202 -0.988247 0.152865 0.000754374 -0.988247 0.152865 0.000754542 -0.953001 0.302968 0.000727631 -0.952995 0.302986 0.000724764 -0.95286 0.303409 0.000595858 -0.95286 0.303409 0.000545643 -0.953102 0.302651 0 -0.952723 0.30384 0.000348637 -0.952723 0.30384 0.000194782 -0.945989 -0.324198 0.000563148 -0.945903 -0.32445 0.000607624 -0.945901 -0.324454 0.000609429 -0.945933 -0.324362 0.000683309 -0.946362 -0.323107 0.000822802 -0.98113 -0.193348 0.00085303 -0.981701 -0.190419 0.00177291 0 0 1 0 0 1 0 0 1 0 0 1 0 0 1 0 0 1 0 0 1 0 0 1 0 0 1 0 0 1 0 0 1 0 0 1 0 0 1 0 0 1 0 0 1 0 0 1 0 0 1 0 0 1 0 0 1 0 0 1 0 0 1 0 0 1 0 0 1 0 0 1 0 0 1 0 0 1 0 0 1 0 0 1 0 0 1 0 0 1 0 0 1 0 0 1 0 0 1 0 0 1 0 0 1 0 0 1 0 0 1 0 0 1 0 0 1 0 0 1 0 0 1 0 0 1 0 0 1 0 0 1 0 0 1 0 0 1 0 0 1 0 0 1 0 0 1 0 0 1 0 0 1 0 0 1 0 0 1 0 0 1 0 0 1 0 0 1 0 0 1 0 0 1 0 0 1 0 0 1 0 0 1 0 0 1 0 0 1 0 0 1 0 0 1 0 0 1 0 0 1 0 0 1 0 0 1 -0.9998 -0.0199185 0.00180559 -0.999809 -0.0194749 0.00136292 -0.988395 0.151894 0.001785 -0.988247 0.152865 0.00079136 -0.999823 -0.0187109 0.00180563 -0.953346 0.301875 0.00172246 -0.987984 0.154546 0.00178505 -0.952055 0.305918 0.00227383 -0.914346 0.404928 0.00238491 -0.91222 0.409699 0.000735128 -0.912306 0.409508 0.000696759 -0.91246 0.409166 0.000661333 -0.912868 0.408254 0.000468446 -0.952655 0.304052 0 -0.913164 0.407592 0 -0.944833 -0.327552 0.000406638 -0.894787 -0.446493 0.000554296 -0.894623 -0.446822 0.000665927 -0.894651 -0.446766 0.000683442 -0.945702 -0.325034 0.00089054 -0.894575 -0.446917 0.000778188 -0.894787 -0.446493 0.000940155 -0.911242 0.411871 0.000964428 -0.840792 0.541357 0.0010427 -0.839751 0.542972 0.000775114 -0.839121 0.543945 0.000684846 -0.837922 0.54579 0.000414092 -0.837397 0.546596 0 -0.829607 -0.558348 0 -0.829901 -0.55791 0.000557782 -0.830468 -0.557066 0.00074547 -0.83053 -0.556973 0.000846215 -0.830417 -0.557141 0.0009578 -0.807896 0.589325 0.000399257 -0.81068 0.585489 0 -0.807552 0.589797 0.000309854 -0.788295 -0.615297 0 -0.787819 -0.615907 0.000579016 -0.78742 -0.616416 0.000663776 -0.78742 -0.616416 0.000984375 -0.78742 -0.616416 0.000984408 -0.830393 -0.557177 0.000972937 -0.656439 0.754379 0.000529529 -0.656598 0.754241 0.000433002 -0.656599 0.75424 0.000432671 -0.65904 0.752108 0 -0.65904 0.752108 0 -0.805576 0.592492 0 -0.646608 -0.762822 0.00050464 -0.647709 -0.761888 0.000666647 -0.64799 -0.761649 0.000908637 -0.648403 -0.761296 0.000988715 -0.641864 0.766818 0.000809771 -0.641941 0.766754 0.000784262 -0.64354 0.765413 0.000537263 -0.64399 0.765034 0.0004392 -0.643991 0.765033 0.000438865 -0.643991 0.765033 0.000128762 -0.644139 0.764908 0 -0.642061 -0.766653 0 -0.645116 -0.764084 0.000470863 -0.607523 -0.794302 0.000460574 -0.608138 -0.79383 0.00109876 -0.647685 -0.761907 0.00117021 -0.641475 0.767143 0.00089106 -0.477539 0.87861 0.000796968 -0.477244 0.878771 0.000701461 -0.479588 0.877494 0 -0.643169 0.765724 0 -0.476044 0.879422 0.000545372 -0.476254 0.879308 0.000385384 -0.60515 -0.796112 0 -0.604956 -0.796259 3.58362e-05 -0.606812 -0.794845 0.000377575 -0.477474 0.878645 0.000862476 -0.396005 0.918248 0.000715325 -0.395883 0.918301 0.000490215 -0.395688 0.918385 0.000454772 -0.395647 0.918402 0.000429119 -0.604692 -0.796459 0 -0.479929 -0.877307 0 -0.479873 -0.877338 4.77941e-06 -0.478443 -0.878118 0.00146712 -0.223503 0.974703 0.000482657 -0.223351 0.974738 0.000470039 -0.224325 0.974515 0 -0.391208 0.920302 0 -0.479588 -0.877494 0 -0.478253 -0.87822 0.00158955 -0.366084 -0.930582 0 -0.366084 -0.930582 0 -0.364647 -0.931146 0.000267119 -0.36423 -0.931309 0.000653996 -0.364934 -0.931032 0.00168514 -0.222198 0.975001 0.000615805 -0.222505 0.974931 0.000559274 -0.223076 0.974801 0.000491615 -0.220471 0.975394 0 -0.222675 -0.974893 0 -0.222675 -0.974893 0 -0.222675 -0.974893 0.000198532 -0.222839 -0.974855 0.00022925 -0.223265 -0.974758 0.000279632 -0.224258 -0.97453 0.000684352 -0.0500371 0.998747 0.000630801 -0.0498878 0.998755 0.000615711 -0.0500094 0.998749 0.000572938 -0.050495 0.998724 0 -0.0493503 -0.998782 0 -0.0493079 -0.998784 5.00333e-05 -0.0506689 -0.998716 0.000203383 -0.0471426 0.998887 0.00180876 -0.0481679 0.998839 0.000783884 0.122952 0.992412 0.00077884 0.123388 0.992358 0.000753752 0.124001 0.992282 0.000591889 -0.0470625 -0.998892 0.000176876 0.125121 -0.992141 0 0.124975 -0.99216 0.000175684 0.121217 0.992624 0.00179742 0.295642 0.955299 0.000569828 0.296551 0.955017 0.000416087 0.296729 0.954962 0.00036529 0.297012 0.954874 0 0.12384 0.992302 0.000864279 0.295012 0.955493 0.000832219 0.126104 -0.992017 0.000379466 0.12624 -0.992 0.000432006 0.298011 -0.954563 0 0.298293 -0.954474 0.000365104 0.432871 0.901456 0 0.432871 0.901456 0 0.432302 0.901727 0.00163282 0.431473 0.902126 0.000393043 0.431574 0.902077 0.000345061 0.432089 0.901831 0.000247352 0.29847 -0.954419 0.000415642 0.299008 -0.95425 0.000506688 0.400252 -0.916405 0.000486592 0.554594 0.832121 0 0.554594 0.832121 0 0.553713 0.832707 0.00150784 0.554757 0.832012 0.000317573 0.554958 0.831879 0.000262643 0.401296 -0.915948 0.000503482 0.402093 -0.915599 0.000657101 0.402998 -0.915199 0.00165646 0.402928 -0.915232 0 0.402601 -0.915376 0.000230489 0.656482 0.754341 0 0.656482 0.754341 0 0.657973 0.753041 0.00118964 0.657768 0.75322 0.000863653 0.656979 0.753909 0.000376073 0.656482 0.754341 0.000238165 0.550698 -0.834704 0.00031528 0.551054 -0.83447 0.000391485 0.551053 -0.83447 0.000631235 0.550751 -0.834669 0.000739622 0.550945 -0.834541 0.000878711 0.549419 -0.835545 0.00151231 0.550259 -0.834994 0 0.723343 0.690489 0 0.722629 0.691235 0.00130649 0.723121 0.69072 0.000791969 0.723438 0.69039 0.000663469 0.723438 0.69039 0.000414122 0.723901 0.689904 0.000170947 0.723454 0.690372 6.23008e-06 0.555485 -0.831527 0 0.553023 -0.833166 0.000316892 0.609333 -0.792915 0.000349159 0.609081 -0.793108 0.000610169 0.608774 -0.793343 0.000697357 0.608642 -0.793445 0.000781364 0.60832 -0.793691 0.000910437 0.551227 -0.834355 0.000957082 0.55128 -0.83432 0.000995375 0.724828 0.688929 0.00124721 0.724139 0.689654 0.000828808 0.811053 0.584972 0.000928288 0.811702 0.584072 0.00077533 0.812368 0.583145 0.000345344 0.811931 0.583753 0.000191734 0.812268 0.583285 0 0.609584 -0.792722 0 0.609686 -0.792643 1.89103e-05 0.609819 -0.792541 0.000181469 0.727032 -0.686603 0.000216353 0.728023 -0.685553 0.000448133 0.728311 -0.685246 0.00060167 0.728286 -0.685273 0.00061503 0.728703 -0.684829 0.00131658 0.608138 -0.79383 0.00109801 0.810837 0.585271 0.00105956 0.884541 0.466462 0.000619517 0.884447 0.466641 0.000506841 0.884445 0.466643 0.000506027 0.883952 0.467578 0.000334433 0.883781 0.467901 0 0.883781 0.467901 0 0.728281 -0.685278 0.000425463 0.780327 -0.625372 0.000388268 0.782641 -0.622474 0.000581209 0.782929 -0.622111 0.000588745 0.78305 -0.621958 0.000713124 0.78305 -0.621957 0.00141541 0.78305 -0.621957 0.00141478 0.937277 0.348585 0.000878034 0.936759 0.349974 0.000656076 0.936561 0.350504 0.000536718 0.936561 0.350506 0.000535832 0.936561 0.350506 0.000474078 0.936393 0.350953 0 0.783538 -0.621345 0 0.782972 -0.622057 0.000581058 0.872741 -0.488184 0.000532199 0.872664 -0.48832 0.0005599 0.872734 -0.488196 0.00052994 0.871574 -0.490262 0.00157542 0.971662 0.236368 0.00169893 0.971381 0.237525 0.000733563 0.971645 0.236443 0.000617452 0.971706 0.236193 0.000484947 0.97163 0.236506 0.000319887 0.872458 -0.48869 0 0.872795 -0.488087 0.0005408 0.92579 -0.378036 0.000573638 0.873274 -0.487229 0.000647398 0.971883 0.235454 0.00218061 0.993362 0.115011 0.00200136 0.993384 0.114827 0.00179481 0.993385 0.114828 0.000778045 0.993074 0.117492 0.000452981 0.993003 0.118091 0.00021993 0.971958 0.235154 0.000437944 0.925832 -0.377934 0.000622139 0.925832 -0.377934 0.000682467 0.925813 -0.377981 0.000686348 0.926561 -0.376143 0.000467012 0.999835 -0.018076 0.00180646 0.999817 -0.0190998 0.000783083 0.99981 -0.0194749 0.000746414 0.925872 -0.377836 0.000696424 0.961118 -0.276139 0.000342849 0.961385 -0.275208 0.000382958 0.961281 -0.275569 0.000578552 0.999759 -0.0218952 0.00180713 0.999797 -0.0201224 0.000782981 0.991081 -0.133257 0.000776155 0.990836 -0.13507 0.000585074 0.990572 -0.136994 0.000165562 0.961684 -0.27416 0.000786733 0.961999 -0.273047 0.00173654 0.961474 -0.274896 0.000332222 0.99108 -0.133254 0.00178905 0.99108 -0.133257 0.00179144 -0.998274 0.0587247 0 -0.998192 0.0601091 -3.33536e-05 0 0 -1 0 0 -1 0 0 -1 0 0 -1 0 0 -1 0 0 -1 0 0 -1 0 0 -1 0 0 -1 0 0 -1 0 0 -1 0 0 -1 0 0 -1 0 0 -1 0 0 -1 0 0 -1 0 0 -1 0 0 -1 0 0 -1 0 0 -1 0 -1 0 0 -1 0 0 0 1 0 0 1 0 0 1 0 0 1 0 0 1 0 0 1 0 0 1 0 0 1 0 0 1 0 0 1 0 0 1 0 0 1 0 0 1 0 0 1 0 0 1 0 0 1 0 0 1 0 0 1 0 0 1 0 0 1 0 0 1 -0.998143 0.0609066 0 -0.982434 0.186613 0 -0.982425 0.186657 -1.28951e-06 0.867282 0.497758 -0.00770323 0.880138 0.474694 -0.00472406 -0.9823 0.187315 2.40466e-05 -0.981921 0.189293 0 0.86606 0.499879 -0.00779859 0.773479 0.633739 -0.0102536 0.771426 0.636237 -0.0102508 0.769606 0.638441 -0.0100058 -0.883478 0.468473 0 -0.88331 0.468789 -3.01596e-05 0.7661 0.642633 -0.0106567 0.764606 0.644411 -0.0106545 0.706538 0.707672 -0.00188458 -0.88302 0.469335 0 -0.792365 0.610047 0 -0.792132 0.61035 -2.74262e-05 0.625135 0.780514 -0.00199147 0.619677 0.784856 -0.00141439 0.608271 0.79373 0 0.60256 0.798069 0.00278398 -0.791791 0.610792 -5.79098e-05 -0.790939 0.611894 0 0.346433 0.938075 0 0.597911 0.801548 0.00479342 0.344458 0.938802 6.69414e-05 0.344413 0.938679 0.0161982 0.345398 0.938305 0.0168508 0.353558 0.935193 0.0202664 0.359686 0.932853 0.020267 -0.46951 0.882927 0 -0.469291 0.883044 2.18412e-05 0.344107 0.938931 0 0.354304 0.934893 0.0210775 0.24139 0.970428 0 0.254181 0.967013 0.0166872 -0.467982 0.883738 9.58128e-05 -0.462659 0.886536 0 0 0.997069 -0.0765103 -0.00397165 0.99751 -0.0704181 -0.261889 0.965098 0 -0.260805 0.965392 -6.54399e-05 -0.0364706 0.999011 -0.0254175 -0.0529275 0.998598 0 -0.260182 0.96556 0 0.239529 0.965542 0.101761 0 1 0.000335527 0 0 1 0 0 1 0 0 1 0 0 1 0 0 1 0 0 1 0 0 1 0 0 1 0 0 1 0 0 1 0 0 1 0.382968 0.909321 0.162699 0.385875 0.907901 0.163755 0.722786 0.633167 0.276912 1 0 0 1 0 0 1 0 0 1 0 0 1 0 0 1 0 0 1 0 0 1 0 0 1 0 0 1 0 0 1 0 0 1 0 0 1 0 0 1 0 0 1 0 0 1 0 0 1 0 0 -0.000679794 1 0 -0.000679794 1 0 -0.41229 0.911053 0 0.744334 0.603892 0.285098 0.847245 0.420553 0.324516 -0.00234126 0.999995 -0.00234091 -0.00234033 0.999995 -0.0023381 -0.00157274 0.999999 -0.000786253 -0.0015719 0.999999 -0.000785197 -0.000949531 1 -0.00015836 0 0.916538 -0.399949 -0.00129433 0.917074 -0.398715 -0.00214874 0.917766 -0.397116 -0.0287118 0.999576 -0.00478849 -0.416397 0.909172 -0.00435541 -0.4164 0.909178 -0.00271204 -0.413982 0.910285 -0.000127058 -0.414325 0.910129 0 0.92985 0.151687 0.335216 0.940714 0.00680578 0.339132 0.92988 0.151478 0.335226 -0.0191558 0.999633 -0.019153 -0.0175843 0.917626 -0.397055 -0.0191713 0.999633 -0.019153 -0.0477356 0.998301 -0.0334203 -0.0525428 0.99806 -0.0334123 -0.0382905 0.999083 -0.0191425 -0.0383216 0.999082 -0.0191424 -0.109288 0.993091 -0.0427433 -0.164821 0.985411 -0.0424128 -0.109368 0.993716 -0.0238 -0.052498 0.998575 -0.00954985 0 0.45316 -0.891429 -0.00119479 0.427066 -0.90422 -0.00293528 0.427064 -0.904217 -0.0461843 0.904969 -0.422964 -0.00440552 0.425727 -0.904841 -0.0696913 0.424696 -0.90265 -0.420456 0.907272 -0.00867666 -0.920644 0.389971 -0.0183602 -0.920741 0.390012 -0.0112448 -0.91867 0.39498 -0.00598336 -0.426668 0.904329 -0.0119739 -0.918687 0.394987 -0.000256575 -0.918386 0.395687 0 0.940735 0.00493517 0.339107 0.94079 0.00299216 0.338976 -0.248056 0.877621 -0.410182 -0.271518 0.881128 -0.387159 -0.288146 0.917202 -0.275157 -0.390781 0.883251 -0.259148 -0.294016 0.943371 -0.153641 -0.326289 0.932978 -0.151948 -0.349456 0.923325 -0.159222 -0.441474 0.884223 -0.152479 -0.442699 0.886676 -0.133507 -0.201344 0.978164 -0.051541 -0.459319 0.887041 -0.0467396 -0.459377 0.887154 -0.0439292 -0.439673 0.897848 -0.0235982 -0.435752 0.899809 -0.0215509 0 0.42588 -0.90478 0 0.00486346 -0.999988 0 0.00486346 -0.999988 -0.00486869 0.00486341 -0.999976 -0.127031 0.369594 -0.920469 -0.256441 0.360152 -0.896955 -0.00649021 0.0032426 -0.999974 -0.13671 0.00321223 -0.990606 -0.926346 0.375025 -0.0352115 -0.926386 0.375042 -0.0339431 -0.999925 0.000812393 -0.0122118 -0.999326 0.0027134 -0.0366156 -0.9994 0.00203195 -0.0345743 -0.999594 0.000812124 -0.0284789 -0.919692 0.39264 0 -0.999926 0.000723576 -0.0121229 -0.999988 0 -0.00488627 -1 0 0 -1 0 0 -1 0 0 0.937196 0 0.348802 0 -1 0 0 -1 0 0 -1 0 0 -1 0 0 -1 0 0 -1 0 0 -1 0 0 -1 0 0 -1 0 0 -1 0 0 -1 0 0 -1 0 0 -1 0 0 -1 0 0 -1 0 0 -1 0 0 -1 0 0 -1 0 0 -1 0 0 -1 0 0 -1 0 0 -1 0 0 -1 0 0 -1 0 0 -1 0 0 -1 0 0 -1 0 0 -1 0 0 -1 0 0 -1 0 0 -1 0 -0.419864 0.187307 -0.888048 -0.631888 0.205877 -0.747217 -0.695442 0.301298 -0.652365 -0.492828 0.745414 -0.448864 -0.447924 0.846406 -0.288031 -0.437124 0.855332 -0.278084 -0.497748 0.824665 -0.268652 -0.500992 0.83004 -0.245033 -0.488347 0.841788 -0.230024 -0.516402 0.826203 -0.225206 -0.470269 0.872335 -0.133713 -0.550897 0.799673 -0.23882 -0.763792 0.597958 -0.243038 -0.753257 0.614658 -0.234093 -0.644911 0.743094 -0.178609 -0.505761 0.851991 -0.135342 -0.500912 0.855507 -0.131134 -0.503226 0.859459 -0.0899643 -0.944845 0.313683 -0.0941898 -0.936183 0.345791 -0.0631637 -0.935081 0.349055 -0.0615077 0 0 -1 0 0 -1 -0.00649025 0 -0.999979 -0.00649025 0 -0.999979 -0.138288 0.00160627 -0.990391 -0.427429 0.00146623 -0.904048 -0.138288 0 -0.990392 -0.138288 0 -0.990392 -0.997728 0.00270906 -0.0673161 -0.999604 0.000723343 -0.0281241 -0.997619 0.00216687 -0.068931 -0.997619 0.00202833 -0.068931 -0.999571 0.000488137 -0.0292993 -0.997564 0.00162298 -0.0697373 -0.997486 0.000487119 -0.070867 -0.999571 -9.85844e-05 -0.0292993 -0.999613 -0.00014356 -0.0278161 -0.999949 -0.000143608 -0.010057 -0.999914 -0.0016268 -0.0130192 -0.999888 -0.0032535 -0.0146397 -0.999981 -0.0032538 -0.00528366 0 -0.164362 -0.9864 -0.64572 9.53316e-05 -0.763574 -0.428782 0 -0.903408 -0.428782 0 -0.903408 -0.644268 0 -0.764799 -0.644268 0 -0.764799 -0.818456 0.000199751 -0.574569 -0.818519 0.000222025 -0.57448 -0.804526 0.184117 -0.564659 -0.816458 7.20889e-05 -0.577404 -0.817372 0.000110949 -0.576111 -0.567017 0.756465 -0.325963 -0.809988 0.183424 -0.557023 -0.644705 0.668575 -0.370624 -0.746279 0.558571 -0.362031 -0.692195 0.647178 -0.319416 -0.585287 0.765807 -0.266418 -0.855931 0.429886 -0.287367 -0.941495 0.11693 -0.316094 -0.951154 0.0682413 -0.30108 -0.965903 0.022164 -0.257953 -0.969082 0.021641 -0.24579 -0.976318 0.0639317 -0.206681 -0.969039 0.185191 -0.163302 -0.968035 0.196975 -0.155274 -0.959843 0.244317 -0.137879 -0.955234 0.273515 -0.112776 -0.993101 0.00215706 -0.117246 0 -0.0113492 -0.999936 0 -0.0113492 -0.999936 -0.00648881 -0.011349 -0.999915 -0.00648983 -0.011348 -0.999915 -0.138282 -0.0112392 -0.990329 -0.138279 -0.0112422 -0.99033 -0.992911 0.00161541 -0.118847 -0.997451 0.000405193 -0.0713553 -0.997413 0.000270547 -0.0718902 -0.997413 0.000270795 -0.0718899 -0.997432 0.000135508 -0.0716209 -0.997489 3.5272e-05 -0.0708239 -0.997565 0 -0.0697373 -0.997786 -9.84084e-05 -0.0665097 -0.992527 0.000809327 -0.122022 -0.992526 0.000806387 -0.122028 -0.992499 0.000576942 -0.122254 -0.992527 0.000538264 -0.122026 -0.992672 0.000404215 -0.120836 -0.992672 0.000404261 -0.120836 -0.992674 0.000403251 -0.120823 -0.997785 -0.000812688 -0.0665097 -0.999594 -0.000814161 -0.0284869 -0.999593 -0.00162628 -0.0284869 -0.999541 -0.00326805 -0.0301114 -0.999887 -0.00326918 -0.014671 -0.999541 -0.00325035 -0.0301114 -0.999965 -0.00523107 -0.00651487 -0.999848 -0.00523045 -0.016634 -0.00258812 -0.16457 -0.986362 -0.00135827 -0.16338 -0.986562 0 -0.134326 -0.990937 -0.815646 0 -0.578552 -0.815646 0 -0.578552 -0.428767 -0.00829985 -0.903377 -0.644245 -0.00862771 -0.76477 -0.644244 -0.00862849 -0.764771 -0.847354 0.00017232 -0.531029 -0.847471 0.000206831 -0.530842 -0.84703 0.000114977 -0.531544 -0.847679 0.000229934 -0.53051 -0.848254 0.0556274 -0.526661 -0.848895 0.000343859 -0.528562 -0.849569 0.000444405 -0.527477 -0.84716 0 -0.531338 -0.84716 0 -0.531338 -0.857788 0.0373906 -0.512641 -0.891735 0.0357371 -0.451144 -0.896326 0.0483612 -0.440751 -0.898403 0.0369587 -0.437614 -0.903976 0.02419 -0.426899 -0.934569 0.0226377 -0.35506 -0.938594 0.0360874 -0.343133 -0.939205 0.000764981 -0.343356 -0.939206 0.000763061 -0.343354 -0.953224 0.00077445 -0.302264 -0.953376 0.00126403 -0.301783 -0.966139 0.00120341 -0.258019 -0.96614 0.00120538 -0.258016 -0.969308 0.00118822 -0.245847 -0.977996 0.000398241 -0.208625 -0.978173 0.000434595 -0.207792 -0.978226 0.000454747 -0.207542 -0.978254 0.000478127 -0.207408 -0.978319 0.000794826 -0.207104 -0.969638 0.000395849 -0.244546 -0.969639 0.000395575 -0.244542 -0.969645 0.00039484 -0.244516 -0.987378 0.000802198 -0.158382 -0.987378 0.000802204 -0.158382 -0.987378 0.000805128 -0.158376 0 -0.0324149 -0.999475 0 -0.0324149 -0.999475 -0.00486416 -0.0324145 -0.999463 -0.00648615 -0.0307948 -0.999505 -0.426942 -0.0102647 -0.904221 -0.138227 -0.0304998 -0.989931 -0.992806 0.00030284 -0.119734 -0.99288 0.000269994 -0.119118 -0.992882 0.00026932 -0.119104 -0.992881 0.000269564 -0.119108 -0.993134 0.000134924 -0.116983 -0.993134 0.000134924 -0.116983 -0.993318 3.51246e-05 -0.115408 -0.99329 0 -0.115651 -0.99329 0 -0.115651 -0.993289 -0.00161603 -0.115651 -0.99773 -0.00162325 -0.0673162 -0.987306 0.000573924 -0.158826 -0.987252 0.000535402 -0.159164 -0.987126 0.000438571 -0.159944 -0.98719 0.000401985 -0.159551 -0.987152 0.000482476 -0.159783 -0.987126 0.000458884 -0.159944 -0.98719 0.000402028 -0.159552 -0.997726 -0.00324445 -0.067316 -0.997328 -0.0114108 -0.0721545 -0.999105 -0.0114311 -0.0407297 -0.999321 -0.008939 -0.0357556 -0.99736 -0.0081112 -0.0721568 -0.999703 -0.00894243 -0.0226605 -0.999596 -0.0130696 -0.0252287 -0.00420027 -0.164569 -0.986357 -0.00775509 -0.162449 -0.986686 -0.00800346 -0.162061 -0.986748 -0.00804657 -0.125477 -0.992064 -0.00643923 -0.123895 -0.992274 0 -0.123897 -0.992295 0 -0.123897 -0.992295 -0.81285 -0.00840556 -0.582413 -0.815633 -0.00546775 -0.578543 -0.426858 -0.0222969 -0.904044 -0.644085 -0.0239221 -0.76458 -0.857926 0.000174465 -0.513773 -0.858388 0 -0.513001 -0.858388 0 -0.513001 -0.85807 0.000337962 -0.513533 -0.858388 0.000470306 -0.513 -0.858181 0.000441008 -0.513346 -0.858387 0.000382762 -0.513003 -0.847147 -0.00534067 -0.531331 -0.847148 -0.00533949 -0.53133 -0.892305 0.000727602 -0.451432 -0.891425 0.000456106 -0.453169 -0.891772 0.000483014 -0.452486 -0.891782 0.00048401 -0.452465 -0.891785 0.000484408 -0.45246 -0.892042 0.000544009 -0.451953 -0.899017 0.000733079 -0.437914 -0.899145 0.000577046 -0.43765 -0.90424 0.000571805 -0.427024 -0.934809 0.000761386 -0.355151 -0.904399 0.000530342 -0.426687 -0.934584 0.00047888 -0.355742 -0.934653 0.00050705 -0.355561 -0.939206 0.000509523 -0.343354 -0.939328 0.000383454 -0.343021 -0.953224 0.000389127 -0.302264 -0.953273 0.000310482 -0.30211 -0.953387 0.000258189 -0.301751 -0.953427 0.000245181 -0.301623 -0.964088 0.000215886 -0.265584 -0.966139 0.000404136 -0.258023 -0.96614 0.00040441 -0.25802 -0.969648 0.000394541 -0.244507 -0.977994 0.000397937 -0.208632 -0.987295 0.000267804 -0.158898 -0.987295 0.000268478 -0.158895 -0.987301 0.000301161 -0.158863 -0.977904 0.000353743 -0.209054 -0.977886 0.000265252 -0.209138 -0.969789 0.000350808 -0.243946 -0.96385 0.000192131 -0.266444 -0.963815 0.000185377 -0.266571 -0.963752 0.000144465 -0.2668 -0.963752 0 -0.2668 -0.963752 0 -0.2668 -0.969647 0 -0.244508 -0.969647 0 -0.244508 0 -0.0715072 -0.99744 0 -0.0715072 -0.99744 -0.00485425 -0.0715064 -0.997428 -0.139794 -0.0320945 -0.98966 -0.00647186 -0.0731226 -0.997302 -0.139499 -0.0724091 -0.987571 -0.139499 -0.0724091 -0.987571 -0.42008 -0.0294142 -0.90701 -0.987285 0.000201036 -0.158963 -0.987316 0.000134134 -0.158767 -0.987253 0 -0.159159 -0.987253 0 -0.159159 -0.987248 -0.00321239 -0.159158 -0.987248 -0.0032124 -0.159158 -0.993098 -0.00323143 -0.117246 -0.99307 -0.00807631 -0.117243 -0.992552 -0.0121081 -0.121222 -0.992494 -0.016223 -0.121215 -0.996899 -0.016295 -0.0769867 -0.996858 -0.0186459 -0.0769835 -0.9985 -0.0186766 -0.0514661 -0.999017 -0.013062 -0.0423598 -0.99824 -0.0234959 -0.0544567 -0.136496 -0.16055 -0.977544 -0.136496 -0.16055 -0.977544 -0.137218 -0.124294 -0.982712 -0.138809 -0.122698 -0.982689 -0.64694 -0.0264047 -0.762083 -0.807595 -0.0259144 -0.589168 -0.812706 -0.0205852 -0.58231 -0.84699 -0.0199816 -0.531233 -0.41973 -0.05032 -0.906253 -0.646195 -0.0547443 -0.761206 -0.890781 0.000362765 -0.454433 -0.890781 0.000362727 -0.454433 -0.890777 0.000365592 -0.454441 -0.88767 0 -0.46048 -0.88767 0 -0.46048 -0.890092 0.000161074 -0.455782 -0.89026 0.000180824 -0.455452 -0.890608 0.000241881 -0.454771 -0.858376 -0.0052868 -0.512994 -0.89911 0.000548322 -0.437723 -0.899787 0.000366394 -0.43633 -0.899139 0.000487006 -0.437663 -0.899135 0.000488003 -0.437671 -0.899134 0.000488393 -0.437673 -0.904525 0.000367436 -0.42642 -0.899787 0.000366434 -0.43633 -0.89981 0.00036304 -0.436281 -0.904522 0.000362478 -0.426428 -0.934583 0.000379653 -0.355745 -0.934584 0.000380601 -0.355742 -0.939328 0.000382537 -0.34302 -0.939402 0.000305964 -0.342817 -0.939369 0.000254806 -0.342907 -0.939369 0.000255038 -0.342907 -0.93937 0.000254398 -0.342905 -0.953495 0.000211811 -0.301409 -0.953497 0.000217342 -0.301404 -0.939382 0.000218418 -0.342873 -0.939429 0.000208686 -0.342744 -0.977832 0.000199109 -0.209391 -0.977505 0 -0.210913 -0.977505 0 -0.210913 -0.953502 0.000209588 -0.301387 -0.953517 0.000193905 -0.301341 -0.953624 0.000162987 -0.301002 -0.953708 0.000129242 -0.300733 -0.954276 0 -0.298927 -0.954276 0 -0.298927 -0.963748 -0.00286386 -0.266799 -0.963971 -0.0032956 -0.265989 -0.969638 -0.0031656 -0.244524 -0.969642 -0.00315512 -0.244507 -0.403001 -0.0669232 -0.912749 -0.9775 -0.00318067 -0.210912 -0.9775 -0.00318068 -0.210912 -0.987181 -0.0120426 -0.159148 -0.986892 -0.0217772 -0.159906 -0.991691 -0.0218831 -0.126769 -0.987045 -0.0128449 -0.15993 -0.991598 -0.0258041 -0.126757 -0.99598 -0.0259182 -0.0857399 -0.996376 -0.0234521 -0.0817592 -0.995426 -0.0325409 -0.0898185 -0.341519 -0.152322 -0.927449 -0.371067 -0.115052 -0.921451 -0.370976 -0.117136 -0.921225 -0.402355 -0.0875678 -0.911286 -0.64897 -0.0572449 -0.758657 -0.792797 -0.0574178 -0.606775 -0.807126 -0.0428129 -0.588825 -0.847461 -0.0208315 -0.530448 -0.846915 -0.0414922 -0.530106 -0.859103 -0.00611319 -0.511766 -0.858937 -0.0205663 -0.511668 -0.646964 -0.0971164 -0.756311 -0.90007 0.000293155 -0.435746 -0.90005 0.000244445 -0.435787 -0.900049 0.000244139 -0.435788 -0.887057 -0.00587885 -0.461622 -0.887659 -0.0050537 -0.460474 -0.899657 0 -0.436598 -0.899778 0.000146344 -0.436348 -0.899758 0.000162824 -0.43639 -0.899807 0.000182763 -0.436289 -0.900052 0.000242173 -0.435783 -0.934583 0.000253738 -0.355744 -0.934583 0.000253507 -0.355745 -0.904887 0.000294722 -0.425652 -0.90553 0.000245626 -0.424283 -0.90559 0.000241728 -0.424155 -0.907889 0.000147665 -0.419211 -0.909926 7.48236e-05 -0.41477 -0.932095 6.53426e-05 -0.362214 -0.933262 0.000126473 -0.359197 -0.933656 0.000152238 -0.35817 -0.93445 0.000217272 -0.356094 -0.939451 0.000191044 -0.342682 -0.939403 0.000153173 -0.342816 -0.939411 0.000127307 -0.342793 -0.939411 0.000127306 -0.342793 -0.939452 0 -0.34268 -0.939452 0 -0.34268 -0.954272 -0.00300475 -0.298926 -0.953996 -0.00387928 -0.299795 -0.953876 -0.0162901 -0.299757 -0.953883 -0.0163132 -0.299734 -0.962414 -0.0156476 -0.271135 -0.963898 -0.0127379 -0.265969 -0.96957 -0.0122528 -0.244506 -0.970045 -0.0134098 -0.242557 -0.977252 -0.0135094 -0.211652 -0.977426 -0.0127197 -0.210896 -0.977022 -0.0255494 -0.211602 -0.986157 -0.0257883 -0.163799 -0.986096 -0.0280684 -0.163789 -0.991226 -0.0282145 -0.129133 -0.9911 -0.0323995 -0.129116 -0.990191 -0.0401332 -0.133832 -0.649913 -0.135614 -0.747811 -0.649667 -0.135212 -0.748098 -0.652263 -0.102078 -0.751088 -0.758431 -0.103044 -0.643556 -0.768986 -0.0965954 -0.631926 -0.791922 -0.0741254 -0.606106 -0.843305 -0.0712567 -0.53269 -0.847109 -0.065411 -0.527378 -0.848164 -0.0438175 -0.527919 -0.859539 -0.0212513 -0.510629 -0.854805 -0.0422138 -0.51723 -0.859205 -0.0350327 -0.510431 -0.886885 -0.02055 -0.461533 -0.900189 -0.00645985 -0.435451 -0.899645 -0.00512195 -0.436592 -0.887157 -0.0209241 -0.460993 -0.900005 -0.0212271 -0.435362 -0.91098 -0.0063081 -0.412403 -0.910998 0 -0.412411 -0.910938 2.67891e-05 -0.412544 -0.931528 2.36154e-05 -0.36367 -0.931571 0 -0.363558 -0.931571 0 -0.363558 -0.939445 -0.00382011 -0.342678 -0.938945 -0.0053457 -0.344025 -0.938838 -0.0160333 -0.343986 -0.9365 -0.0326775 -0.349143 -0.936806 -0.0336846 -0.348223 -0.953449 -0.0342831 -0.299598 -0.936602 -0.0224924 -0.349671 -0.953975 -0.0362703 -0.297684 -0.959366 -0.0337318 -0.280141 -0.962207 -0.025976 -0.271076 -0.969836 -0.0246946 -0.242504 -0.970746 -0.0280537 -0.238465 -0.97592 -0.0302024 -0.216028 -0.975664 -0.0380882 -0.215936 -0.984021 -0.0384145 -0.173861 -0.983964 -0.0398808 -0.173851 -0.981772 -0.053914 -0.182258 -0.65269 -0.13833 -0.74489 -0.731559 -0.140611 -0.667121 -0.842396 -0.0936234 -0.530663 -0.84187 -0.091983 -0.531784 -0.856522 -0.0782663 -0.510141 -0.850868 -0.0664827 -0.521156 -0.855268 -0.095054 -0.509394 -0.857448 -0.050339 -0.512103 -0.886841 -0.0339221 -0.460829 -0.887216 -0.0484473 -0.458804 -0.890052 -0.0405678 -0.45405 -0.901833 -0.0260096 -0.431301 -0.909375 -0.0238402 -0.415294 -0.91188 -0.0194836 -0.409995 -0.912026 -0.00769855 -0.410061 -0.899214 -0.0431052 -0.43538 -0.901237 -0.038444 -0.431619 -0.93027 -0.00735182 -0.366801 -0.931558 -0.00530364 -0.363553 -0.930134 -0.0186595 -0.366747 -0.931178 -0.0208789 -0.363966 -0.929029 -0.0355866 -0.368292 -0.928123 -0.0323952 -0.370861 -0.925268 -0.0446214 -0.37668 -0.924749 -0.055767 -0.376469 -0.935975 -0.0539194 -0.347913 -0.936258 -0.0548267 -0.347009 -0.951539 -0.0557216 -0.302438 -0.953374 -0.0503635 -0.297559 -0.957858 -0.0519949 -0.282499 -0.960687 -0.0407293 -0.27463 -0.968501 -0.0387263 -0.245981 -0.96948 -0.0447871 -0.241047 -0.975049 -0.0407063 -0.218227 -0.974459 -0.0535124 -0.218096 -0.973213 -0.0595971 -0.222047 -0.855412 -0.0954371 -0.50908 -0.886069 -0.075266 -0.457402 -0.858712 -0.100677 -0.502471 -0.882586 -0.0975817 -0.459913 -0.884664 -0.0938924 -0.456676 -0.891954 -0.0648843 -0.447446 -0.898006 -0.0629021 -0.435464 -0.898346 -0.0621021 -0.434876 -0.909282 -0.0407653 -0.414179 -0.9119 -0.0336795 -0.409028 -0.911342 -0.0462058 -0.409048 -0.908741 -0.0628207 -0.412606 -0.910671 -0.0600363 -0.408747 -0.923035 -0.0582589 -0.380279 -0.921776 -0.078168 -0.379761 -0.934983 -0.0752642 -0.346616 -0.935012 -0.0752151 -0.346547 -0.935637 -0.0770692 -0.344448 -0.948311 -0.0781132 -0.307579 -0.950789 -0.0683728 -0.3022 -0.958524 -0.0543395 -0.279785 -0.95702 -0.0688209 -0.281739 -0.95783 -0.066294 -0.279582 -0.967372 -0.0512253 -0.248127 -0.966755 -0.0624225 -0.247968 -0.966846 -0.0625833 -0.247573 -0.89405 -0.0924691 -0.43832 -0.896488 -0.0855688 -0.434727 -0.905989 -0.0864758 -0.414373 -0.907375 -0.0832997 -0.411986 -0.920524 -0.0807829 -0.382244 -0.966574 -0.0627031 -0.248601 0 0.168914 0.985631 0 0 1 0 0 1 1 0 0 1 0 0 1 0 0 1 0 0 1 0 0 1 0 0 1 0 0 1 0 0 1 0 0 1 0 0 1 0 0 1 0 0 1 0 0 1 0 0 1 0 0 1 0 0 1 0 0 0 0.189881 0.981807 -0.000745119 0.188864 0.982003 -0.00407913 0.188863 0.981995 -0.00477794 0.187989 0.98216 -0.00486468 0 0.999988 -0.00486468 0 0.999988 0 -0.0113183 0.999936 0 0.839143 0.54391 -0.000710753 0.850562 0.525874 -0.00402165 0.850556 0.52587 -0.00572993 0.849367 0.527771 -0.087276 0.187274 0.978423 -0.103983 0.844777 0.524918 -0.134036 0.817794 0.559686 -0.132549 0.119777 0.983913 -0.13351 0 0.991048 -0.13351 0 0.991048 -0.00486427 -0.0129358 0.999905 -0.00486427 -0.0129358 0.999905 -0.00155296 -0.012936 0.999915 -0.00155219 -0.0341009 0.999417 0 -0.0357237 0.999362 0 0.851097 0.525008 0 0.992507 0.12219 -0.00154332 0.9927 0.1206 -0.00469002 0.991917 0.126805 -0.118675 0.964138 0.23739 -0.161448 0.119258 0.979649 -0.269434 0.794722 0.543896 -0.132036 0.962499 0.236986 -0.328057 0.845905 0.420503 -0.318774 0.803434 0.502869 -0.264776 0.0130364 0.964222 -0.264798 0 0.964304 -0.264798 0 0.964304 -0.133502 -0.011219 0.990985 -0.13192 -0.0128229 0.991177 -0.00486236 -0.0308575 0.999512 -0.00162165 -0.0341009 0.999417 -0.00161827 -0.0729222 0.997336 -0.00161624 -0.0729242 0.997336 0 -0.0729243 0.997338 0.00148554 -0.0744708 0.997222 0.223454 0.970387 -0.0917479 0 1 -0.000320482 -0.000671983 1 0 -0.000938621 1 0.000156549 -0.00155425 0.999999 0.000776631 -0.00155467 0.999999 0.000777471 -0.00946368 0.999944 0.00473268 -0.0236712 0.999619 0.0142053 -0.134834 0.982894 0.125455 -0.674192 0.0668493 0.735524 -0.645724 0.0170788 0.76338 -0.478405 0.671809 0.565509 -0.466888 0.835226 0.290541 -0.451741 0.808129 0.377965 -0.417854 0.80954 0.412364 -0.184419 0.974938 0.12444 -0.430651 0.868919 0.243966 -0.645818 0 0.763492 -0.645818 0 0.763492 -0.264792 -0.00704074 0.96428 -0.257767 -0.0109378 0.966145 -0.257736 -0.0189705 0.966029 -0.245804 -0.0303153 0.968845 -0.14091 -0.0398007 0.989222 -0.131869 -0.0305884 0.990795 -0.141176 -0.0455907 0.988934 -0.109561 -0.0724833 0.991334 0.00154666 -0.0759666 0.997109 -0.00160859 -0.121299 0.992615 -0.0012203 -0.121299 0.992615 0.00154027 -0.118186 0.99299 0.731896 0.618939 -0.285031 0.383689 0.909056 -0.162482 0 0 -1 0 0 -1 0 0 -1 0 0 -1 0 0 -1 0 0 -1 0 0 -1 0 0 -1 0 0 -1 0 0 -1 -0.408231 0.912879 0 -0.414162 0.910203 0.000516882 -0.414158 0.910195 0.00430624 -0.0283547 0.999587 0.00472916 -0.0659812 0.997721 0.0141495 -0.0378211 0.999184 0.0141703 -0.00945598 0.999944 0.00472498 -0.140421 0.987924 0.0654908 -0.126519 0.989792 0.0656147 -0.856553 0.0864972 0.508759 -0.846184 0.0599098 0.529513 -0.676491 0.0632201 0.733732 -0.645829 0.654768 0.392662 -0.861345 0.133626 0.490132 -0.677847 0 0.735203 -0.677847 0 0.735203 -0.444772 0.862514 0.241346 -0.522532 0.797049 0.302778 -0.528798 0.791713 0.30588 -0.220793 0.970977 0.0919508 -0.448338 0.869429 0.207573 -0.645789 -0.00946656 0.763457 -0.64625 -0.0238639 0.762752 -0.646402 -0.00999758 0.762931 -0.628981 -0.0602373 0.775084 -0.628294 -0.0606631 0.775608 -0.252653 -0.0387258 0.966782 -0.648086 -0.0267254 0.761099 -0.232777 -0.066035 0.970286 -0.253025 -0.0833839 0.96386 -0.252241 -0.114445 0.960873 -0.109468 -0.0832353 0.990499 -0.0619657 -0.123476 0.990411 -0.00394989 -0.123713 0.99231 -0.00397994 -0.125318 0.992109 -0.00105339 -0.125319 0.992116 0 -0.133485 0.991051 0.796496 0.520948 -0.306931 0.845353 0.422702 -0.326652 -0.415488 0.909599 0 -0.414764 0.909929 0.000337757 -0.416259 0.90923 0.00542398 -0.918508 0.395401 0.000747984 -0.918811 0.394696 0.00149458 -0.918746 0.394668 0.0119715 -0.0660956 0.997713 0.0141724 -0.42331 0.905894 0.0128681 -0.158502 0.986653 0.0373135 -0.313074 0.945499 0.089538 -0.862315 0.132149 0.488824 -0.869945 0.000753295 0.493149 -0.859775 0.000763374 0.510672 -0.859467 0.000509917 0.511191 -0.859045 0.000371425 0.5119 -0.858899 0.000349755 0.512144 -0.847706 0.000345197 0.530465 -0.847356 0.000229945 0.531025 -0.846392 0.000172259 0.532561 -0.846383 0.00017191 0.532575 -0.84139 0 0.540429 -0.84139 0 0.540429 -0.892003 0.150188 0.426351 -0.886465 0.127957 0.444756 -0.679801 0.662475 0.314637 -0.677836 -0.00576756 0.735191 -0.673439 -0.0101456 0.739173 -0.488575 0.847318 0.208198 -0.632185 0.723483 0.277335 -0.328947 0.939714 0.0934416 -0.473588 0.869072 0.142929 -0.492757 0.854572 0.164005 -0.673359 -0.0184915 0.739084 -0.662421 -0.0292903 0.748559 -0.661396 -0.0433442 0.748784 -0.649648 -0.0557685 0.758187 -0.649236 -0.066124 0.757707 -0.631693 -0.0923531 0.769698 -0.592967 -0.100971 0.798871 -0.58202 -0.107778 0.806001 -0.551844 -0.124724 0.824568 -0.479667 -0.193645 0.855816 -0.299332 -0.139913 0.943835 -0.268445 -0.129334 0.954573 -0.127493 -0.288044 0.949092 -0.0641795 -0.1327 0.989076 -0.00482248 -0.132973 0.991108 0 -1 0 0 -1 0 0 -1 0 0 -1 0 0 -1 0 0 -1 0 0 -1 0 0 -1 0 0 -1 0 0 -1 0 0 -1 0 0 -1 0 0 -1 0 0 -1 0 0 -1 0 0 -1 0 0 -1 0 0 -1 0 0 -1 0 0 -1 0 0 -1 0 0 -1 0 0 -1 0 0 -1 0 0 -1 0 0 -1 0 0 -1 0 0 -1 0 0 -1 0 0 -1 0 0 -1 0 0 -1 0 0 -1 0 0 -1 0 0 -1 0 0.937893 0.0766563 -0.338351 0.846533 0.420001 -0.32708 -0.918508 0.395401 0 -0.918508 0.395401 0 -0.426766 0.904243 0.014685 -0.923071 0.383923 0.0233067 -0.923048 0.383914 0.0243315 -0.999998 0.00081641 0.00162666 -1 0 0 -1 0 0 -1 0 0 -1 0 0.000812311 -1 0 0.000812311 -0.999792 0.000816242 0.0203669 -0.999679 0.0020349 0.0252409 -0.445119 0.894832 0.033841 -0.453799 0.890281 0.0382999 -0.478826 0.875601 0.0636284 -0.477983 0.874059 0.086913 -0.893812 0.000727892 0.448442 -0.893812 0.000727894 0.448442 -0.870022 0.00070852 0.493013 -0.870198 0.000503008 0.492702 -0.870198 0.000502843 0.492702 -0.870287 0.000398906 0.492545 -0.870262 0.000369249 0.49259 -0.870486 0.000316782 0.492192 -0.858767 0.000318734 0.512367 -0.858694 0.000313098 0.512488 -0.85706 0.000232579 0.515216 -0.85652 0.00017432 0.516115 -0.856519 0.000173969 0.516116 -0.856627 0 0.515936 -0.856627 0 0.515936 -0.841377 -0.00535342 0.540421 -0.819455 0.508105 0.265186 -0.936443 0.169828 0.306973 -0.937444 0.139067 0.319153 -0.930013 0.0988839 0.353974 -0.911537 0.103654 0.397939 -0.900164 0.124635 0.417337 -0.907238 0.000738828 0.420617 -0.841875 -0.0174944 0.539388 -0.841988 -0.00614728 0.539461 -0.700152 0.683139 0.207626 -0.601018 0.779802 0.175176 -0.527377 0.839115 0.133263 -0.526691 0.838023 0.142528 -0.842664 -0.04099 0.536878 -0.843216 -0.0192479 0.53723 -0.844236 -0.0622965 0.532339 -0.845056 -0.044089 0.532857 -0.840243 -0.095476 0.533739 -0.83428 -0.105342 0.541184 -0.730943 -0.200773 0.652237 -0.639796 -0.108731 0.760814 -0.849788 -0.0755874 0.521676 -0.636102 -0.116033 0.762831 0.995587 -0.0903156 -0.0254902 0.940659 0.00496311 -0.339317 0.940639 0.00674362 -0.339341 0.94074 0.0020603 -0.339122 -0.930734 0.36277 0.0461662 -0.930523 0.362688 0.0508286 -0.99879 0.00203309 0.0491434 -0.99877 0.00211279 0.0495408 -0.999801 0.000678117 0.0199524 -0.999904 0 0.0138467 -0.999904 0 0.0138467 -0.999893 -0.0100848 0.0105883 -0.999932 -0.00432865 0.0108444 -0.999947 -0.0032614 0.00977486 -0.999977 -0.00163074 0.00651419 -0.999996 -0.00040724 0.00284721 -0.998857 0.000677477 0.047788 -0.939171 0.334234 0.0790276 -0.945493 0.313152 0.0893291 -0.952171 0.281868 0.117987 -0.893812 0.000545538 0.448442 -0.893688 0.00048558 0.448688 -0.893625 0.000363874 0.448813 -0.893625 0.000363797 0.448814 -0.893622 0.0003635 0.44882 -0.872514 0.000237069 0.488589 -0.870597 0.000309979 0.491997 -0.892436 0.000241881 0.451173 -0.892443 0.000242484 0.45116 -0.874379 0.000112541 0.485244 -0.874187 0 0.485589 -0.874187 0 0.485589 -0.872693 0.000229497 0.488269 -0.874342 0.000121088 0.48531 -0.856611 -0.00611703 0.515926 -0.856526 -0.00625341 0.516066 -0.96494 0.213407 0.152801 -0.973944 0.132534 0.184034 -0.969945 0.0780718 0.230459 -0.965666 0.0806145 0.246964 -0.949242 0.12455 0.288838 -0.956688 0.00281054 0.291103 -0.956502 0.00234075 0.291717 -0.94664 0.00231661 0.322284 -0.946171 0.000772465 0.323666 -0.934593 0.000763013 0.355718 -0.934552 0.000668953 0.355827 -0.916475 0.000697465 0.400092 -0.916474 0.000697825 0.400094 -0.907252 0.000710695 0.420586 -0.907011 0.000553597 0.421106 -0.856379 -0.0195484 0.515977 -0.962985 0.230719 0.139384 -0.85784 -0.0426154 0.512146 -0.856564 -0.0446894 0.514102 -0.858393 -0.022988 0.512477 -0.855252 -0.0710835 0.513315 -0.852134 -0.0761959 0.517746 -0.850415 -0.0926412 0.517891 -0.848929 -0.114522 0.515949 0.938088 -0.0238537 -0.345574 0.938329 0 -0.345743 -0.995564 0.00210601 0.0940598 -0.998841 0.000610367 0.0481222 -0.994837 0.00060792 0.101481 -0.998812 0 0.0487296 -0.999817 -0.000407167 0.0191372 -0.999819 -0.000270979 0.0190012 -0.999822 -0.000232747 0.0188483 -0.999828 -0.000203317 0.0185244 -0.999873 -6.77754e-05 0.0159483 -0.999803 -0.00466812 0.019273 -0.999734 -0.0046678 0.0225749 -0.999771 -0.00325877 0.0211679 -0.999771 -0.00326082 0.021172 -0.999808 -0.00163046 0.0195437 -0.999809 -0.000810378 0.0195438 -0.999817 -0.000408131 0.0191401 -0.989686 0.000807993 0.143249 -0.994651 0.000405035 0.103288 -0.989857 0.000403083 0.142066 -0.989725 0.000537161 0.142985 -0.907015 0.000546581 0.421098 -0.906567 0.000474388 0.422062 -0.906242 0.000432663 0.422759 -0.905577 0.000368737 0.424183 -0.905576 0.000368663 0.424184 -0.905576 0.000245442 0.424184 -0.905576 0.000245437 0.424184 -0.892215 0.000219183 0.45161 -0.89174 0.000104958 0.452548 -0.891724 0.000112921 0.45258 -0.89196 0 0.452114 -0.89196 0 0.452114 -0.892017 5.57763e-05 0.452001 -0.874172 -0.00597769 0.48558 -0.874634 -0.022499 0.484261 -0.874836 -0.00675704 0.484373 -0.982611 0.000802215 0.185672 -0.982563 0.000533273 0.185932 -0.982563 0.000533273 0.185932 -0.972915 0.000528037 0.231165 -0.968815 0.00276972 0.247769 -0.972803 0.000395639 0.231635 -0.972804 0.000396166 0.231631 -0.97278 0.000386721 0.231732 -0.97003 0.000394406 0.242983 -0.969946 0.000394664 0.243322 -0.956504 0.000775281 0.291717 -0.969946 0.000395105 0.243319 -0.969787 0.000395404 0.243953 -0.956642 0.000431091 0.291266 -0.946171 0.000766901 0.323666 -0.946077 0.0004614 0.32394 -0.934646 0.000455825 0.355579 -0.934611 0.000435684 0.355672 -0.917567 0.00045827 0.397581 -0.91749 0.000464222 0.397759 -0.916711 0.000536173 0.399552 -0.874682 -0.04037 0.483013 -0.873421 -0.0418565 0.485163 -0.875161 -0.0231217 0.483278 -0.872307 -0.0655446 0.484545 -0.868414 -0.0700669 0.490864 -0.867247 -0.0870793 0.490204 -0.865095 -0.104905 0.490516 -0.860079 -0.111292 0.497873 -0.994594 0.000294212 0.103837 -0.998805 -6.77027e-05 0.0488646 -0.998772 -0.000116184 0.049541 -0.995781 -0.000115836 0.0917624 -0.995413 0 0.0956674 -0.994922 0.000162299 0.100654 -0.994637 0.000269913 0.103426 -0.994597 0.000289174 0.103807 -0.998812 -0.000407721 0.0487296 -0.998799 -0.000270703 0.0490022 -0.998789 -0.000232506 0.0491924 -0.998772 -0.000203102 0.0495441 -0.998772 -0.000203102 0.0495441 -0.998772 -0.000203361 0.049541 -0.999512 -0.00970812 0.0296969 -0.999631 -0.00652073 0.0263638 -0.998599 -0.00405105 0.052762 -0.998684 -0.00325523 0.0511745 -0.998453 -0.00651305 0.0552107 -0.998812 -0.000809571 0.0487295 -0.989955 0.000292839 0.141381 -0.989954 0.000293274 0.14139 -0.989882 0.000344785 0.141895 -0.982465 0.000400099 0.186448 -0.982465 0.000399573 0.186448 -0.982486 0.000342208 0.186336 -0.917567 0.000428164 0.397581 -0.918218 0.000248864 0.396075 -0.905576 5.67688e-05 0.424184 -0.905575 5.66256e-05 0.424186 -0.905575 0 0.424186 -0.905575 0 0.424186 -0.891945 -0.00578903 0.452107 -0.891545 -0.00655663 0.452884 -0.891353 -0.0218003 0.452786 -0.890882 -0.022666 0.453669 -0.973002 0.000264042 0.230795 -0.972849 0.000286242 0.231442 -0.972833 0.000292025 0.231509 -0.982439 0.000291048 0.186583 -0.982367 0.000266583 0.186961 -0.982367 0.000266584 0.186961 -0.969854 0.00029636 0.243688 -0.969947 0.000394619 0.243317 -0.969946 0.000394814 0.243319 -0.956525 0.000389483 0.29165 -0.946289 0.000385315 0.323323 -0.946118 0.00042802 0.323821 -0.956737 0.000118109 0.290953 -0.956682 0.000129646 0.291136 -0.956524 0.000195001 0.291654 -0.956472 0.000259226 0.291824 -0.956524 0.000389053 0.291653 -0.969822 0.000289602 0.243815 -0.96754 0.000102587 0.252716 -0.934689 0.000422848 0.355467 -0.934783 0.000379727 0.35522 -0.934946 0.000254032 0.35479 -0.934946 0.000152281 0.35479 -0.934866 0.000115423 0.355 -0.918917 0.00012825 0.394451 -0.890426 -0.0391974 0.453437 -0.890256 -0.039489 0.453745 -0.889235 -0.0620476 0.453224 -0.8879 -0.0640976 0.455549 -0.886473 -0.0854848 0.454817 -0.885605 -0.100913 0.453343 -0.989962 0.000287826 0.141332 -0.995938 -0.000202784 0.0900374 -0.99593 -0.00404022 0.0900387 -0.99593 -0.00404022 0.0900387 -0.989906 -0.00401578 0.141671 -0.989906 -0.00401579 0.141671 -0.989914 0 0.141672 -0.989914 0 0.141672 -0.995938 -0.000202526 0.0900394 -0.989981 0.000161494 0.141198 -0.989952 0.000268642 0.141407 -0.989952 0.000268642 0.141407 -0.999144 -0.0101089 0.0401116 -0.998172 -0.0100991 0.0595847 -0.998357 -0.00732543 0.0568273 -0.995912 -0.00730749 0.0900371 -0.919016 8.30259e-05 0.394221 -0.918905 5.76031e-05 0.394479 -0.919197 0 0.393797 -0.919197 0 0.393797 -0.905567 -0.00426198 0.424183 -0.904715 -0.00587193 0.425977 -0.904523 -0.0213957 0.425887 -0.904143 -0.0221132 0.426657 -0.903648 -0.0397795 0.426424 -0.982171 0.000218042 0.18799 -0.973253 0.000216062 0.229734 -0.973293 0.000198168 0.229568 -0.973293 9.91498e-05 0.229568 -0.967499 9.85596e-05 0.252877 -0.94629 0.000384886 0.323319 -0.946292 0.000384419 0.323314 -0.967265 8.2353e-05 0.253767 -0.956814 9.43388e-05 0.290701 -0.956814 9.42815e-05 0.290701 -0.956353 0 0.292213 -0.956353 0 0.292213 -0.947347 0 0.32021 -0.947347 0 0.32021 -0.947041 5.9218e-05 0.321114 -0.946957 0.000128326 0.321362 -0.946878 0.000154221 0.321594 -0.946818 0.00019302 0.321768 -0.946642 0.00025721 0.322287 -0.946643 0.000256567 0.322283 -0.934968 5.84635e-05 0.354733 -0.934866 8.44588e-05 0.355 -0.903335 -0.062309 0.424387 -0.902982 -0.0630069 0.425033 -0.904323 -0.0412566 0.424851 -0.900958 -0.0918237 0.42408 -0.895095 -0.103868 0.433609 -0.995587 -0.0105523 0.0932519 -0.989859 -0.0104916 0.141664 -0.982023 0 0.188761 -0.982023 0 0.188761 -0.982015 -0.00398377 0.18876 -0.982015 -0.00398378 0.18876 -0.982134 0.00019997 0.188182 -0.997491 -0.0175181 0.0685916 -0.997998 -0.0113906 0.0622155 -0.995578 -0.011363 0.0932511 -0.934866 0 0.355 -0.934866 0 0.355 -0.91919 -0.00414767 0.393793 -0.919475 -0.0199514 0.392641 -0.91892 -0.0207284 0.393898 -0.919648 -0.00477857 0.392715 -0.918385 -0.0399333 0.393669 -0.97351 0 0.228645 -0.97351 0 0.228645 -0.9669 0 0.255155 -0.9669 0 0.255155 -0.967265 8.23015e-05 0.253768 -0.956349 -0.0031045 0.292211 -0.947342 -0.00307526 0.320209 -0.917562 -0.0596581 0.393092 -0.916974 -0.0604787 0.394336 -0.918462 -0.0400374 0.393478 -0.916398 -0.0700555 0.394089 -0.900553 -0.0978926 0.423583 -0.989737 -0.0112963 0.142451 -0.981961 -0.0112075 0.188749 -0.994871 -0.0177583 0.0995824 -0.994676 -0.0186491 0.101354 -0.98963 -0.0185545 0.142435 -0.973747 -0.00395023 0.227597 -0.973505 -0.00306095 0.228644 -0.996852 -0.0190822 0.0769597 -0.996974 -0.0177959 0.0756682 -0.934857 -0.00455019 0.354996 -0.934847 -0.00457172 0.355021 -0.934713 -0.0175267 0.35497 -0.933959 -0.0191748 0.356865 -0.933481 -0.037288 0.356682 -0.932838 -0.0385781 0.358224 -0.966895 -0.00322167 0.255153 -0.966895 -0.00322167 0.255153 -0.956486 -0.00344152 0.29176 -0.946868 -0.00460867 0.321589 -0.956389 -0.0145998 0.29173 -0.956303 -0.0148125 0.292002 -0.946776 -0.0146649 0.321558 -0.932031 -0.0567164 0.357914 -0.93158 -0.0575185 0.358956 -0.930779 -0.0708626 0.358648 -0.915633 -0.0891243 0.392011 -0.981324 -0.0143989 0.191822 -0.988838 -0.0233774 0.147147 -0.981162 -0.0231959 0.191791 -0.974002 -0.0142915 0.226089 -0.973672 -0.013059 0.227579 -0.994629 -0.0190396 0.101742 -0.993159 -0.0298166 0.112899 -0.988673 -0.029682 0.147122 -0.966809 -0.013725 0.25513 -0.966809 -0.0137247 0.255131 -0.993094 -0.0316514 0.11297 -0.945787 -0.0177343 0.324304 -0.945463 -0.0315992 0.324193 -0.943361 -0.0376826 0.32962 -0.942754 -0.0520162 0.329408 -0.942017 -0.054007 0.33119 -0.940757 -0.0572475 0.334213 -0.966469 -0.0298865 0.25504 -0.966467 -0.0298891 0.255045 -0.955922 -0.0318808 0.291886 -0.955895 -0.0319479 0.291965 -0.940062 -0.0668943 0.334379 -0.934306 -0.0806682 0.347224 -0.930387 -0.0794072 0.357875 -0.980129 -0.0279667 0.19638 -0.973725 -0.0277839 0.226024 -0.98766 -0.0352612 0.152593 -0.979912 -0.0349846 0.196336 -0.973553 -0.0283384 0.226699 -0.992118 -0.0378881 0.11944 -0.987571 -0.0377145 0.15258 -0.987571 -0.0377145 0.15258 -0.955058 -0.0526295 0.291709 -0.955034 -0.0526938 0.291777 -0.954928 -0.0547475 0.291745 -0.954028 -0.0735634 0.290548 -0.965756 -0.0486104 0.254857 -0.965325 -0.0495185 0.25631 -0.979353 -0.0374007 0.198669 -0.978199 -0.0420652 0.203363 -0.973091 -0.0418455 0.226591 -0.971363 -0.0466632 0.232971 -0.964398 -0.0660956 0.256064 -0.964303 -0.0672039 0.256132 -0.970869 -0.0565033 0.232853 -0.970335 -0.0637113 0.233218 -0.977643 -0.0522248 0.203681 -0.975963 -0.0586417 0.2099 -0.0190312 -0.0442053 -0.998841 0 1 0 0 1 0 0 1 0 0 1 0 0 1 0 0 1 0 0 1 0 0 1 0 0 1 0 0 1 0 0 1 0 0 1 0 0 1 0 0 1 0 0 1 0 0 1 0 0 1 0 0 1 0 0 1 0 0 1 0 0 1 0 0 1 0 0 1 0 0 1 0 0 1 0 0 1 0 0 1 0 0 1 0 0 1 0 0 1 0 0 1 0 0 1 0 0 1 0 0 1 0 0 1 0 0 1 0 0 1 0 0 1 0 0 1 0 0 1 0 0 1 0 0 -0.0957112 -0.995409 0 -0.0957112 -0.995409 -0.000162217 -0.104375 -0.994538 -0.173062 -0.1028 -0.979531 -0.176357 -0.0977105 -0.979465 -0.177181 -0.0164697 -0.984041 -0.0959045 -0.0014097 -0.99539 -0.0364076 -0.00141529 -0.999336 -0.0215919 -0.0377173 -0.999055 0 -0.100326 -0.994955 -0.000128069 -0.103949 -0.994583 0.00430415 -0.0887384 -0.996046 0 -1 0 0 -1 0 0 -1 0 0 -1 0 0 -1 0 0 -1 0 0 -1 0 0 -1 0 0 -1 0 0 -1 0 0 -1 0 0 -1 0 0 -1 0 0 -1 0 0 -1 0 0 -1 0 0 -1 0 0 -1 0 0 -1 0 -0.349775 -0.0775203 -0.933621 -0.178592 -0.0163353 -0.983788 -0.401978 -0.0306306 -0.915137 -0.30197 -0.0158272 -0.953186 -0.0903478 0 -0.99591 -0.0368271 0 -0.999322 0.00630618 -0.0856702 -0.996304 0.0325511 -0.0501088 -0.998213 0.0766383 -0.00197702 -0.997057 0.0799156 0.000422914 -0.996802 0.124963 0.0251769 -0.991842 0.170785 0.0538668 -0.983835 -0.994131 -0.0743759 -0.0785629 -0.990004 -0.0684693 -0.123306 -0.914726 -0.0395553 -0.402133 -0.407777 -0.0305085 -0.912572 0.236574 0.109996 -0.965367 0.230816 0.104175 -0.967405 0.187226 0.0655161 -0.98013 0.200229 0.0643529 -0.977633 -0.994806 -0.0755075 -0.0682582 -0.996634 -0.0761401 -0.0304034 0.280683 0.150253 -0.947967 0.812337 0.288909 -0.506597 0.224631 0.0846827 -0.970757 0.223313 0.0847218 -0.971058 0.742183 0.492032 -0.455048 0.809401 0.503749 -0.30184 -0.99675 -0.0776383 -0.0214955 -0.996769 -0.0775872 -0.0207952 0.810375 0.504241 -0.298385 0.847494 0.527669 -0.0576171 -0.996944 -0.0781218 0 -0.996982 -0.0776037 -0.00226951 0.849384 0.525873 -0.0447792 0.850462 0.526037 0 0.850274 0.525921 -0.0210147 -0.99706 -0.0765972 0.00222908 -0.997068 -0.0764857 0.00227294 0.849298 0.527907 0.00282406 0.850505 0.525966 0.000322856 -0.996209 0.0585399 0.064343 -0.999322 -0.0289422 0.0227747 0 0 1 0 0 1 0 0 1 0 0 1 0 0 1 0 0 1 0 0 1 0 0 1 0 0 1 0 0 1 0 0 1 0 0 1 0 0 1 0 0 1 0 0 1 0 0 1 0 0 1 0 0 1 0.842312 0.538647 0.0192442 0.83021 0.554928 0.0529776 0.83449 0.549712 0.0379983 0.82948 0.556121 0.0518823 -0.975983 0.183573 0.117295 -0.971032 0.203768 0.124803 -0.862368 0.458391 0.214941 -0.776977 0.580881 0.242661 -0.767608 0.592274 0.244927 -0.739007 0.62616 0.248579 0.699258 0.370442 0.611401 0.689325 0.396959 0.606015 0.768632 0.578177 0.273709 0.800491 0.535063 0.270042 0.770329 0.620788 0.145654 0.839793 0.354006 0.411615 0.587571 0.768511 0.253279 -0.452167 0.85105 0.266944 -0.252521 0.93604 0.245075 -0.111539 0.971979 0.20692 0.640012 0.526737 0.559404 0.642818 0.520327 0.562179 0.688984 0.397997 0.605722 0.689126 0.397562 0.605847 0.638668 0.528563 0.559218 0.501535 0.81359 0.294167 0.492953 0.81685 0.299587 0.503423 0.763546 0.40443 0.505358 0.743659 0.437704 0.547037 0.683752 0.482943 0.635207 0.533929 0.55806 0.63576 0.532968 0.55835 -0.033294 0.906925 0.419975 -0.0339156 0.907707 0.418232 0.470228 0.760551 0.447715 0.296434 0.809157 0.507338 0 0.861211 0.508247 -0.0021346 0.864943 0.501865 -0.0199143 0.89123 0.453114 0.0808494 0.865907 0.493629 0.0313415 0.867543 0.496374 0.027359 0.867369 0.496913 0.0116203 0.864927 0.501762 0.00838883 0.86412 0.503217 0.0381892 0.999046 -0.0211792 -0.0121415 0.999702 -0.0211931 0 0 1 0 0 1 0 0 1 0 0 1 0 0 1 0 0 1 0 0 1 0 0 1 0 0 1 0 0 1 0 0 1 0 0 1 0 0 1 0 0 1 0 0 1 0 0 1 0 0 1 0 0 1 0 0 1 0 0 1 0 0 1 0 0 1 0 0 1 0 0 1 0 0 1 0 0 1 0 0 1 0 0 1 0 0 1 0 0 1 0 0 1 0 0 1 0 0 1 0 0 1 0 0 1 0 0 1 0 0 1 0 0 1 0 0 1 0 0 1 0 0 1 0 0 1 0 0 1 0 0 1 0 0 1 0 0 1 0 0 1 0 0 1 0 0 1 0 0 1 0 0 1 0 0 1 0 0 1 0 0 1 0 0 1 0 0 1 0 0 1 0 0 1 0 0 1 0 0 1 0 0 1 0 0 1 0 0 1 0 0 1 0 0 1 0 0 1 0 0 1 0 0 1 0 0 1 0 0 1 0 0 1 0 0 1 0 0 1 0 0 1 0 0 1 0 0 1 0 0 1 0 0 1 0 0 1 0 0 1 0 0 1 0 0 1 0 0 1 0 0 1 0 0 1 0.0507705 0.998468 -0.0220057 -0.00788648 0.990948 -0.134012 -0.0168678 0.992149 -0.123921 -0.0169944 0.999594 -0.0228857 0.0556107 0.998171 -0.0236988 0.0553252 0.993048 -0.103902 0.0292169 0.990556 -0.133959 -0.086849 0.995961 -0.0228025 0.0810881 0.996426 -0.0236574 -0.0042883 0.506856 -0.86202 -0.00799696 0.510621 -0.859769 0.0318611 0.520674 -0.853161 0.0181722 0.506777 -0.861886 -0.0394235 0.510241 -0.859128 -0.0649444 0.536271 -0.841544 -0.0537329 0.990856 -0.12376 -0.0961843 0.992702 -0.0727422 -0.0964067 0.994998 -0.0261557 0.115454 0.99297 -0.0261021 0.117111 0.99276 -0.0266855 0.105028 0.992709 -0.0591519 0.0698657 0.992141 -0.103807 0.0937167 0.55439 -0.826964 0.060584 0.519982 -0.852026 -0.127193 0.991535 -0.0260646 -0.162108 0.986726 -0.00959002 0.0209257 0.120581 -0.992483 0.0144026 0.0946082 -0.99541 0 0.0515861 -0.998669 -0.00496367 0.0664251 -0.997779 -0.00577419 0.0680412 -0.997666 -0.0446532 0.183932 -0.981924 -0.0450441 0.185495 -0.981612 0.0684607 0.261399 -0.9628 -0.120814 0.533469 -0.837147 -0.128799 0.43231 -0.892479 -0.154848 0.571059 -0.806172 -0.167419 0.611725 -0.773152 -0.101548 0.992171 -0.0727033 -0.12082 0.991687 -0.0442694 0.120401 0.992386 -0.0259535 0.199369 0.979847 -0.0123143 0.265883 0.963906 -0.0138211 0.322137 0.946446 -0.0216325 0.331369 0.942588 -0.0415061 0.301116 0.848522 -0.435131 0.206262 0.653438 -0.728337 0.1895 0.631792 -0.751617 0.154304 0.550172 -0.820671 0.156596 0.483125 -0.861434 0.106473 0.333997 -0.936541 -0.205928 0.978565 -0.00202063 -0.230136 0.736006 -0.636657 -0.272127 0.783497 -0.558641 -0.372506 0.927605 -0.0280883 -0.369694 0.928951 -0.0193926 -0.363799 0.931359 -0.0148234 -0.337717 0.941245 -0.00237049 0.110195 0.2199 -0.969279 0.0148747 0.0293241 -0.999459 0.0144614 0.0289113 -0.999477 0.000673355 0.00134617 -0.999999 0.000643509 0.00134725 -0.999999 0.000428873 0.00138322 -0.999999 0.000181676 0.00147063 -0.999999 0 0.00156915 -0.999999 -0.000328804 0.00143754 -0.999999 -0.000333999 0.0014363 -0.999999 -0.0005959 0.00139112 -0.999999 -0.000694891 0.00139091 -0.999999 -0.00248636 0.00497675 -0.999985 -0.00578696 0.0148749 -0.999873 -7.42609e-05 0.00152888 -0.999999 -0.0452283 0.0937084 -0.994572 -0.0701432 0.118414 -0.990484 -0.075543 0.126502 -0.989086 -0.234959 0.448345 -0.862427 -0.231109 0.465648 -0.85426 -0.151599 0.473073 -0.867882 -0.256542 0.499975 -0.82717 -0.268416 0.52454 -0.807967 0.33295 0.942768 -0.018271 0.33434 0.942273 -0.0183698 0.338889 0.940605 -0.0204131 0.325854 0.600525 -0.730198 0.403566 0.914897 -0.00992755 0.472482 0.881278 -0.0104373 0.487362 0.873109 -0.0126104 0.435282 0.723164 -0.536249 0.350442 0.60769 -0.712674 0.251434 0.507101 -0.824396 0.192175 0.514167 -0.835883 0.262739 0.450889 -0.853034 0.187904 0.293943 -0.937171 -0.448633 0.893406 -0.0235453 -0.377442 0.925771 -0.0220462 -0.369649 0.652759 -0.661261 -0.479535 0.876025 -0.0512521 -0.486989 0.873264 -0.0159004 0.1881 0.290689 -0.938146 0.103714 0.117017 -0.9877 0.0148752 0.0281547 -0.999493 0.00329477 0.00494617 -0.999982 0.000848077 0.00127315 -0.999999 0.000849579 0.00127079 -0.999999 0 0 -1 0 0 -1 0 0 -1 0 0 -1 0 0 -1 0 0 -1 0 0 -1 0 0 -1 0 0 -1 0 0 -1 0 0 -1 0 0 -1 0 0 -1 0 0 -1 0 0 -1 0 0 -1 0 0 -1 0 0 -1 0 0 -1 0 0 -1 0 0 -1 0 0 -1 0 0 -1 0 0 -1 0 0 -1 0 0 -1 0 0 -1 0 0 -1 0 0 -1 0 0 -1 0 0 -1 0 0 -1 0 0 -1 0 0 -1 0 0 -1 0 0 -1 0 0 -1 0 0 -1 0 0 -1 0 0 -1 0 0 -1 0 0 -1 0 0 -1 0 0 -1 0 0 -1 0 0 -1 0 0 -1 0 0 -1 0 0 -1 0 0 -1 0 0 -1 0 0 -1 0 0 -1 0 0 -1 0 0 -1 0 0 -1 0 0 -1 0 0 -1 0 0 -1 0 0 -1 -0.000738712 0.0013494 -0.999999 -0.0190102 0.0190026 -0.999639 -0.0215445 0.0240722 -0.999478 -0.00097271 0.00116714 -0.999999 -0.000977439 0.00116399 -0.999999 -0.000999772 0.00115042 -0.999999 -0.00100215 0.00114923 -0.999999 -0.001104 0.00110356 -0.999999 -0.0280032 0.0337718 -0.999037 -0.296927 0.302049 -0.90587 -0.291686 0.338235 -0.894716 -0.301536 0.363376 -0.881495 -0.286943 0.451691 -0.844772 -0.247344 0.456869 -0.854454 -0.359783 0.535041 -0.764387 0.330717 0.505772 -0.796756 0.500817 0.86554 -0.00475866 0.53233 0.846537 0 0.618729 0.785605 0 0.637206 0.770687 -0.00319289 0.652346 0.757833 -0.011583 0.447083 0.607272 -0.656763 0.444421 0.606517 -0.659263 0.352517 0.501525 -0.790066 0.360617 0.450334 -0.816795 -0.492886 0.869912 -0.0177933 -0.417842 0.551085 -0.722297 -0.638201 0.767486 -0.0605402 -0.624096 0.781085 -0.0202693 -0.619105 0.785109 -0.0176792 -0.496883 0.867655 -0.0167859 0.364097 0.449991 -0.81544 0.373756 0.378854 -0.846627 0.103799 0.109884 -0.98851 0.0994434 0.101039 -0.9899 0.0994637 0.0990149 -0.990103 0.00127548 0.000861907 -0.999999 0.00123932 0.000884859 -0.999999 0.00122475 0.000895386 -0.999999 0.0010689 0.00101677 -0.999999 0.000970778 0.0011146 -0.999999 -0.00120478 0.000878133 -0.999999 -0.00124607 0.000809082 -0.999999 -0.00124925 0.000804321 -0.999999 -0.00135225 0.000675853 -0.999999 -0.0214917 0.0107415 -0.999711 -0.0404639 0.0297166 -0.998739 -0.0540363 0.0387586 -0.997787 -0.312153 0.298236 -0.902007 -0.31193 0.300015 -0.901494 -0.449553 0.473969 -0.757136 -0.396632 0.461696 -0.793423 -0.43902 0.425743 -0.791204 0.535029 0.844834 0.000420563 0.615949 0.787786 0.000484169 0.695808 0.718133 -0.0116688 0.404363 0.488984 -0.772907 0.703311 0.710759 -0.0132477 0.703751 0.71032 -0.013402 0.513442 0.522445 -0.680756 -0.689535 0.717806 -0.0964176 -0.662154 0.746888 -0.060905 -0.663247 0.748121 -0.0204288 -0.687607 0.72597 -0.0128049 0.482083 0.419565 -0.76913 0.434357 0.370856 -0.820853 0.435212 0.362498 -0.824127 0.265383 0.181938 -0.946821 0.22765 0.156869 -0.961024 0.109176 0.0989135 -0.989089 0.0227309 0.0123937 -0.999665 0.0177734 0.00908962 -0.999801 0.00128721 0.00084988 -0.999999 0.00134508 0.000710053 -0.999999 -0.00137046 0.000615097 -0.999999 -0.0148804 0.00495814 -0.999877 -0.0264478 0.0107403 -0.999592 -0.00142706 0.000475496 -0.999999 -0.0659834 0.0239096 -0.997534 -0.253254 0.117847 -0.960195 -0.253973 0.118605 -0.959912 -0.21669 0.119712 -0.968873 -0.376671 0.288489 -0.88028 -0.411354 0.302454 -0.859831 -0.479194 0.368282 -0.796707 -0.496746 0.43836 -0.749055 -0.700253 0.708982 -0.0836071 -0.736831 0.670909 -0.0834324 0.709752 0.704347 -0.012113 0.750632 0.660611 -0.0120542 0.590681 0.456615 -0.665281 -0.702599 0.711358 -0.0180143 -0.741205 0.671038 -0.0179942 -0.749072 0.662321 -0.0149215 0.586529 0.442137 -0.6786 0.487745 0.354496 -0.79777 0.491279 0.336086 -0.803549 0.432743 0.261212 -0.862845 0.147194 0.0745863 -0.986291 0.480644 0.251548 -0.840062 0.488273 0.1825 -0.853395 0.408987 0.13938 -0.901833 0.211138 0.0737077 -0.974673 0.0173604 0.00867672 -0.999812 0.150264 0.0428571 -0.987717 0.0492002 0.00910205 -0.998747 0.0474665 0.00866824 -0.998835 0.00136288 0.000681169 -0.999999 0.00139068 0.000518064 -0.999999 -0.00142415 0.000453199 -0.999999 -0.00142401 0.000451523 -0.999999 -0.00142401 0.000223051 -0.999999 -0.00142402 0.000222896 -0.999999 -0.00146147 0 -0.999999 -0.328394 0 -0.944541 -0.332551 0.00467647 -0.943074 -0.363751 0.0223203 -0.931229 -0.45009 0.0553595 -0.891265 -0.465743 0.0736329 -0.881851 -0.464284 0.107893 -0.87909 -0.536164 0.183139 -0.824007 -0.530615 0.231178 -0.815478 -0.493266 0.239277 -0.836322 -0.496787 0.24389 -0.832899 -0.490367 0.289194 -0.822135 -0.591979 0.376723 -0.712489 -0.598752 0.401017 -0.693312 -0.785076 0.618422 -0.0347769 -0.773034 0.6334 -0.0349638 -0.73906 0.669096 -0.0781152 0.760835 0.648922 -0.00557601 0.775035 0.631913 -0.00253295 0.838301 0.545202 -0.00244474 0.854239 0.51984 -0.00653005 0.865532 0.500549 -0.0174614 0.689116 0.43949 -0.576166 -0.773298 0.633616 -0.0232671 -0.788431 0.614687 -0.0231646 -0.808477 0.588454 -0.00935096 0.567532 0.350577 -0.744986 0.555915 0.311176 -0.770797 0.781492 0.309392 -0.541799 0.728493 0.262665 -0.632697 0.581126 0.188902 -0.791586 0.569356 0.185168 -0.800966 0.511925 0.131207 -0.848951 0.514951 0.0745869 -0.853969 0.479493 0.038041 -0.876721 0.00161669 0 -0.999999 0.00151624 0.000179873 -0.999999 0.00144595 0.000346781 -0.999999 0.00144564 0.000347644 -0.999999 0.0214924 0 -0.999769 0.479713 0.0230142 -0.877124 0.465477 0.00806562 -0.885023 0.465492 -0.00109985 -0.885052 0.0264579 -0.00124226 -0.999649 -0.00145128 -3.02957e-05 -0.999999 -0.00141016 -0.000275311 -0.999999 -0.00141016 -0.000469865 -0.999999 -0.0210769 -0.00702284 -0.999753 -0.340138 -0.00660558 -0.940352 -0.62982 -0.0119033 -0.77665 -0.628967 0.0533716 -0.775598 -0.610411 0.0570621 -0.790027 -0.360561 -0.0142938 -0.932626 -0.635639 0.0622869 -0.76947 -0.680184 0.093861 -0.727008 -0.865986 0.189603 -0.46273 -0.648728 0.29874 -0.699933 -0.570093 0.261106 -0.778985 -0.947762 0.227163 -0.223931 -0.741614 0.372761 -0.557725 -0.892777 0.450407 -0.00908352 -0.892576 0.450811 -0.00880025 0.866879 0.498224 -0.0171002 0.908112 0.418414 -0.0162146 0.915952 0.400816 -0.0194587 0.96231 0.271946 -0.00243491 0.978164 0.207556 -0.0107893 0.98485 0.171527 -0.0254891 0.985142 0.152806 -0.0783988 0.925802 0.377945 -0.00696689 0.939217 0.343313 -0.00265303 0.985343 0.146204 -0.0878853 0.983088 0.13219 -0.126744 0.979093 0.0794874 -0.187241 0.980348 0.0613953 -0.187481 0.975355 0.0325295 -0.218231 0.0280987 -0.0140437 -0.999507 0.00133988 -0.000669669 -0.999999 0.00135916 -0.000554394 -0.999999 0.0014096 -0.000404892 -0.999999 0.00141179 -0.00039942 -0.999999 0.00149917 -0.000199857 -0.999999 0.00159152 -3.39962e-05 -0.999999 0.00159227 -3.2795e-05 -0.999999 0.0635306 -0.0136083 -0.997887 0.0643526 -0.0140201 -0.997829 0.46818 -0.00390687 -0.883624 0.975857 -0.00545367 -0.218344 0.46815 -0.0120493 -0.883567 -0.00140295 -0.000482247 -0.999999 -0.0359387 -0.0181685 -0.999189 -0.0433605 -0.0181632 -0.998894 -0.001326 -0.000663814 -0.999999 -0.00132556 -0.000665044 -0.999999 -0.00126978 -0.000841164 -0.999999 -0.0937833 -0.0349495 -0.994979 -0.391889 -0.0322963 -0.919445 -0.626035 -0.0576134 -0.777664 -0.632987 -0.0561984 -0.77212 -0.633913 -0.0154794 -0.77325 -0.446787 -0.0534103 -0.893044 -0.99997 -0.0053078 -0.00572092 -0.999986 0 -0.0053022 -0.999782 0.0202007 -0.00530112 -0.632816 0.0560435 -0.772272 -0.999272 0.0380977 -0.00185535 -0.981687 0.190477 -0.0031306 -0.978343 0.206758 -0.00981089 -0.974262 0.220642 -0.0461548 -0.966081 0.233691 -0.109895 -0.963162 0.268402 -0.016727 -0.949896 0.312462 -0.00803637 0.98909 0.145507 -0.0230045 0.988896 0.146731 -0.0235397 0.9913 0.130435 -0.0176639 0.99526 0.0960227 -0.015424 0.997925 0.0624961 -0.0154653 0.999864 -0.0104354 -0.0127607 0.976919 -0.0101959 -0.213365 0.998294 0.0568186 -0.0134795 0.999484 0.0298542 -0.0118452 0.999899 -0.00782811 -0.0118501 0.231513 -0.118902 -0.965538 0.0346974 -0.0206448 -0.999185 0.034699 -0.0206459 -0.999185 0.186146 -0.054727 -0.980997 0.30658 -0.116337 -0.944709 0.0107479 -0.00867751 -0.999905 0.00454742 -0.0045456 -0.999979 0.00115114 -0.00115068 -0.999999 0.00116008 -0.00110689 -0.999999 0.00116581 -0.00108325 -0.999999 0.0012041 -0.000961462 -0.999999 0.00130453 -0.000728309 -0.999999 0.485816 -0.030521 -0.873528 0.485466 -0.0486965 -0.872898 0.976151 -0.0409347 -0.213198 -0.0012674 -0.000844076 -0.999999 -0.00126329 -0.000849724 -0.999999 -0.045792 -0.0453614 -0.997921 -0.0801974 -0.0624873 -0.994818 -0.103305 -0.077857 -0.991598 -0.311625 -0.180423 -0.932919 -0.35779 -0.177309 -0.916814 -0.342203 -0.159937 -0.925914 -0.474423 -0.149839 -0.867451 -0.477928 -0.0891674 -0.873861 -0.663276 -0.0719271 -0.74491 -0.638668 -0.0603824 -0.76711 -0.71917 -0.112074 -0.685736 -0.999852 -0.0167991 -0.00380399 -0.99989 -0.0143331 -0.00380414 -0.999615 -0.0274013 -0.0042835 -0.977921 0.208744 -0.00980666 -0.975203 0.220855 -0.014224 -0.965157 0.261293 -0.0140774 0.997637 -0.0675207 -0.0127322 0.996831 -0.0778457 -0.0163569 0.981645 -0.0766598 -0.174632 0.417454 -0.280047 -0.864469 0.366996 -0.260801 -0.892915 0.362179 -0.257644 -0.895793 0.482958 -0.173808 -0.85822 0.511999 -0.207592 -0.833524 0.504846 -0.263905 -0.821879 0.192276 -0.178642 -0.964944 0.524201 -0.0881897 -0.847016 0.518417 -0.17191 -0.83767 0.181099 -0.179028 -0.967033 0.180848 -0.186363 -0.965693 0.0160641 -0.0218409 -0.999632 0.00455848 -0.00456772 -0.999979 0.00114919 -0.00115152 -0.999999 0.000928947 -0.00119582 -0.999999 0.980866 -0.0863347 -0.174493 -0.0012633 -0.000849719 -0.999999 -0.0453804 -0.0453622 -0.997939 -0.00118882 -0.000926148 -0.999999 -0.00107388 -0.00107345 -0.999999 -0.328045 -0.344274 -0.879695 -0.349607 -0.341718 -0.872355 -0.351105 -0.328498 -0.876821 -0.0578059 -0.0702985 -0.99585 -0.0696233 -0.0880749 -0.993678 -0.43498 -0.316358 -0.843036 -0.523736 -0.278963 -0.80491 -0.49798 -0.247517 -0.831114 -0.461564 -0.327723 -0.824352 -0.516977 -0.318544 -0.794521 -0.552725 -0.236525 -0.799094 -0.553737 -0.229096 -0.800557 -0.901687 -0.212884 -0.376353 -0.993313 -0.115447 -0.000930377 -0.998492 -0.0548927 -0.00084761 -0.953644 -0.23695 -0.185523 -0.966765 -0.240785 -0.0859581 -0.967788 -0.239331 -0.0781461 -0.975944 -0.21756 -0.0141721 -0.977165 -0.212169 -0.0115117 0.990831 -0.134122 -0.0162585 0.987334 -0.15678 -0.024302 0.985492 -0.156488 -0.0657074 0.983895 -0.137914 -0.113713 0.461264 -0.320095 -0.827511 0.605642 -0.346951 -0.716116 0.608558 -0.357109 -0.708611 0.477516 -0.387849 -0.788386 0.458399 -0.384379 -0.801326 0.423625 -0.440789 -0.791358 0.194631 -0.215512 -0.956908 0.446464 -0.437663 -0.780462 0.598564 -0.205986 -0.774139 0.616045 -0.219535 -0.7565 0.836542 -0.324353 -0.441579 0.194254 -0.223924 -0.955052 0.0407885 -0.0714212 -0.996612 0.0406906 -0.09935 -0.99422 0.036604 -0.0944921 -0.994852 0.00578635 -0.0207722 -0.999767 0.000403537 -0.00144864 -0.999999 0.000442643 -0.00141658 -0.999999 0.000584761 -0.00133444 -0.999999 0.000817286 -0.0012314 -0.999999 0.000912505 -0.00119987 -0.999999 -0.000959845 -0.00112572 -0.999999 -0.000889255 -0.00116767 -0.999999 -0.000886779 -0.00116946 -0.999999 -0.000715333 -0.00130671 -0.999999 -0.000672621 -0.00134797 -0.999999 -0.0123971 -0.0248444 -0.999615 -0.317918 -0.415972 -0.851995 -0.157623 -0.266651 -0.950817 -0.454623 -0.446285 -0.77081 -0.328111 -0.44033 -0.835735 -0.381845 -0.493608 -0.781374 -0.473245 -0.518511 -0.71217 -0.526393 -0.464767 -0.711971 -0.49854 -0.365501 -0.786045 -0.0123956 -0.0292097 -0.999496 -0.0161062 -0.0418082 -0.998996 -0.0971179 -0.219603 -0.970743 -0.157155 -0.276788 -0.947993 -0.61788 -0.406714 -0.67291 -0.639685 -0.420223 -0.643596 -0.778152 -0.401209 -0.483229 -0.689326 -0.330001 -0.644926 -0.635404 -0.303996 -0.709823 -0.900313 -0.435237 -0.00230699 -0.935429 -0.353507 -0.0021862 -0.958209 -0.285857 -0.0110327 -0.964482 -0.26335 -0.0205443 -0.890851 -0.45427 -0.00483671 -0.970587 -0.240023 -0.0187245 -0.972639 -0.231835 -0.0150406 0.975464 -0.219498 -0.0170518 0.981363 -0.190641 -0.024155 0.941987 -0.335029 -0.0204119 0.934954 -0.351002 -0.0515736 0.614219 -0.49331 -0.615939 0.811012 -0.568302 -0.138899 0.931395 -0.36369 -0.015287 0.918621 -0.395042 -0.0088021 0.842501 -0.53861 -0.0095457 0.830509 -0.556682 -0.018998 0.821655 -0.567566 -0.0524521 0.817813 -0.571221 -0.0699151 0.498775 -0.483285 -0.719485 0.479339 -0.536274 -0.694726 0.41981 -0.467113 -0.77818 0.523768 -0.551519 -0.649225 0.384161 -0.47517 -0.791602 0.26846 -0.38512 -0.882956 0.184423 -0.443104 -0.877295 0.258701 -0.43549 -0.86222 0 -1 0 0 -1 0 0 -1 0 0 -1 0 0 -1 0 0 -1 0 0 -1 0 0 -1 0 0 -1 0 0 -1 0 0 -1 0 0 -1 0 0 -1 0 0 -1 0 0.000190756 -0.00148588 -0.999999 0 -0.00155418 -0.999999 -0.000547619 -0.00139938 -0.999999 -0.000432604 -0.00146806 -0.999999 -0.00165338 -0.00561082 -0.999983 -0.293589 -0.5043 -0.812088 -0.318357 -0.5001 -0.805325 -0.237446 -0.459849 -0.855662 -0.293283 -0.504212 -0.812253 -0.690035 -0.723417 -0.0227765 -0.733099 -0.679741 -0.0227564 -0.733305 -0.679516 -0.0228319 -0.687067 -0.726217 -0.0234181 -0.414254 -0.609364 -0.676069 -0.419027 -0.610678 -0.671929 -0.663108 -0.748297 -0.0183964 -0.685057 -0.728134 -0.022769 -0.632853 -0.774056 -0.0182913 -0.758552 -0.651381 -0.0173563 -0.780678 -0.624695 -0.01727 -0.797888 -0.602782 -0.00534244 -0.817456 -0.57599 -0.00104069 -0.876973 -0.480538 -0.00101821 -0.890774 -0.454421 -0.00474583 0.936337 -0.350836 -0.0136574 0.933057 -0.359471 -0.0136096 0.807511 -0.589692 -0.0137357 0.796011 -0.605278 -0.0020809 0.699208 -0.714915 -0.00208879 0.822637 -0.568245 -0.0191178 0.574902 -0.818222 0 0.544135 -0.838692 -0.0226275 0.541259 -0.840246 -0.0320289 0.482053 -0.643484 -0.594604 0.695633 -0.718397 0 0.391879 -0.519706 -0.759168 0.31039 -0.497934 -0.809765 0.291218 -0.475895 -0.829889 -7.09959e-05 -0.00152667 -0.999999 -0.000338441 -0.00147074 -0.999999 -7.58879e-05 -0.0015251 -0.999999 -0.341459 -0.905248 -0.252848 -0.352721 -0.904934 -0.238079 -0.363064 -0.929117 -0.0701863 -0.398783 -0.916832 -0.0197635 -0.502105 -0.864797 -0.00397709 -0.586534 -0.809915 -0.00407868 -0.615416 -0.788152 -0.00886102 0.421669 -0.90665 -0.0134541 0.483165 -0.875222 -0.0231875 0.538586 -0.842231 -0.0239244 0.538509 -0.842111 -0.029286 0.483102 -0.875108 -0.028254 0.28888 -0.948923 -0.126859 -0.356167 -0.934299 -0.0152119 -0.0225658 0.999745 0 -0.0225658 0.999745 0 -0.0225374 0.998488 0.0501415 -0.0200325 0.998412 0.0526435 0.0500343 0.997362 0.0525881 0.0575358 0.997325 0.0450752 0.0575944 0.99834 0 0.0575944 0.99834 0 -0.0197576 0.984711 -0.17307 -0.0222348 0.985079 -0.170662 0.0567989 0.984552 -0.165626 0.0493481 0.983704 -0.172892 -0.0874559 0.996168 0 -0.0874559 0.996168 0 -0.0874023 0.995558 0.034998 -0.0724617 0.996116 0.0500224 -0.0693312 0.953082 0.294667 -0.0331403 0.938521 0.343628 -0.0188379 0.93887 0.343755 -0.00838348 0.933926 0.357369 0.0214484 0.933744 0.357299 0.0474152 0.945155 0.323161 0.0529557 0.944892 0.323071 0.0991611 0.961134 0.25766 0.102523 0.993716 0.044912 0.117396 0.992635 0.0299108 0.117449 0.993079 0 0.117449 0.993079 0 -0.010309 0.916847 -0.399107 -0.0184944 0.92175 -0.387343 0.046528 0.927489 -0.370943 0.0274824 0.916549 -0.398977 -0.037553 0.921258 -0.387136 -0.0535907 0.930376 -0.36267 -0.0661347 0.941605 -0.33016 -0.06904 0.982971 -0.170297 -0.0864229 0.984402 -0.153245 0.11624 0.982854 -0.143133 0.0938818 0.981788 -0.165161 0.0914599 0.956461 -0.277159 0.0612442 0.933132 -0.354279 0.0509021 0.927291 -0.370864 -0.158998 0.987279 0 -0.158998 0.987279 0 -0.158949 0.986976 0.0247792 -0.149195 0.988197 0.0347393 -0.146919 0.973127 0.17731 -0.129563 0.965685 0.22509 -0.0841845 0.951989 0.294329 -0.075501 0.282906 0.956172 -0.0560881 0.255506 0.965179 -0.0214662 0.25585 0.966478 -0.0138081 0.245523 0.969293 -0.00552843 0.245542 0.96937 -0.00368347 0.243079 0.97 0.00736877 0.243074 0.96998 0.0123662 0.249745 0.968233 0.0304267 0.249649 0.967858 0.042322 0.265946 0.963058 0.0771504 0.265391 0.961049 0.100544 0.340354 0.934906 0.10192 0.960865 0.257588 0.157539 0.970578 0.1821 0.184604 0.978569 0.0912406 0.187946 0.981734 0.0295823 0.191947 0.98108 0.025257 0.192009 0.981393 0 0.192009 0.981393 0 -0.0103104 0.916733 -0.399368 0.027486 0.916435 -0.399238 -0.0377989 0.915847 -0.399744 -0.0112538 0.916501 -0.399874 -0.0125817 0.916429 -0.399999 0.045137 0.912053 -0.407581 0.0363865 0.914072 -0.403917 0.0518839 0.911754 -0.407447 -0.0549011 0.911082 -0.408553 -0.166822 0.881982 -0.440769 -0.131893 0.95569 -0.263176 -0.129065 0.956568 -0.261381 -0.0768458 0.901088 -0.426772 -0.146645 0.882983 -0.445911 -0.134906 0.979066 -0.152414 -0.157634 0.978812 -0.130687 0.191709 0.97986 -0.0558685 0.160074 0.976812 -0.142181 0.16 0.976813 -0.142253 0.163157 0.964397 -0.208129 0.184467 0.957338 -0.22243 0.260643 0.86853 -0.421569 0.24222 0.869578 -0.430308 0.178903 0.876326 -0.447265 0.105932 0.891621 -0.440217 0.065565 0.907534 -0.414829 0.0633598 0.908446 -0.413171 -0.232226 0.972662 0 -0.232226 0.972662 0 -0.232185 0.972492 0.0187118 -0.224628 0.974138 0.0244569 -0.223837 0.97071 0.0872909 -0.299824 0.948696 0.100403 -0.323057 0.937507 0.129283 -0.327576 0.933831 0.143717 -0.235559 0.660692 0.71274 -0.141436 0.428492 0.892407 -0.140153 0.424578 0.894478 -0.0799992 0.282806 0.955835 -0.0740231 0.220227 0.972636 -0.0569929 0.186765 0.98075 -0.0472507 0.157642 0.986365 -0.0281415 0.158409 0.986972 -0.0140611 0.159778 0.987053 -0.00374858 0.159792 0.987144 -0.0016014 0.159592 0.987182 0.00749926 0.159587 0.987155 0.00761582 0.159576 0.987156 0.0310194 0.159504 0.98671 0.0330575 0.159303 0.986676 0.0474767 0.15862 0.986198 0.0751843 0.241581 0.967464 0.11756 0.240587 0.963482 0.132966 0.263859 0.955353 0.160771 0.485976 0.859058 0.240871 0.720071 0.650752 0.357932 0.918018 0.170669 0.356406 0.921353 0.155187 0.335388 0.940513 0.0543133 0.33251 0.941729 0.0508309 0.326974 0.943791 0.0484413 0.228866 0.972546 0.0421232 0.216386 0.97604 0.022871 0.231494 0.972768 0.011508 0.231509 0.972833 0 0.231509 0.972833 0 0 0 -1 0 0 -1 0 0 -1 0 0 -1 0 0 -1 0 0 -1 0 0 -1 0 0 -1 0 0 -1 0 0 -1 0 0 -1 0 0 -1 0 0 -1 0 0 -1 0 0 -1 0 0 -1 0 0 -1 0 0 -1 0 0 -1 0 0 -1 0 0 -1 0 0 -1 0 0 -1 0 0 -1 0 0 -1 0 0 -1 0 0 -1 0 0 -1 0 0 -1 0 0 -1 0 0 -1 0 0 -1 0 0 -1 0 0 -1 0 0 -1 0 0 -1 0 0 -1 0 0 -1 0 0 -1 0 0 -1 0 0 -1 0 0 -1 0 0 -1 0 0 -1 0 0 -1 0 0 -1 0 0 -1 0 0 -1 0 0 -1 0 0 -1 0 0 -1 0 0 -1 0 0 -1 0 0 -1 0 0 -1 0 0 -1 0 0 -1 0 0 -1 0 0 -1 0 0 -1 0 0 -1 0 0 -1 0 0 -1 0 0 -1 0 0 -1 0 0 -1 0 0 -1 0 0 -1 0 0 -1 0 0 -1 0 0 -1 0 0 -1 0 0 -1 0 0 -1 0 0 -1 0 0 -1 0 0 -1 0 0 -1 0 0 -1 0 0 -1 0 0 -1 0 0 -1 0 0 -1 0 0 -1 -0.183271 0.878207 -0.441774 -0.239457 0.942571 -0.232853 -0.192819 0.958815 -0.208553 -0.299391 0.859818 -0.413616 -0.303308 0.873873 -0.379935 -0.15915 0.978566 -0.130689 -0.231814 0.970939 -0.0595037 0.231481 0.972714 -0.0156214 0.279339 0.960044 -0.0169006 0.332091 0.940542 -0.0713924 0.353913 0.924148 -0.143864 0.341754 0.922217 -0.180885 0.278226 0.927706 -0.248901 0.199004 0.957455 -0.208994 0.30567 0.889143 -0.340575 0.285525 0.862472 -0.417873 0.297575 0.849963 -0.434755 -0.243295 0.969952 0 -0.243295 0.969952 0 -0.243251 0.969775 0.0191105 -0.300936 0.952213 0.0522317 -0.314659 0.947748 0.0525695 -0.325173 0.943646 0.061601 -0.343234 0.937255 0.0611838 -0.342115 0.934199 0.101138 -0.379844 0.923267 0.0574119 -0.495444 0.866325 0.0633769 -0.509206 0.856663 0.0826906 -0.534613 0.819764 0.205367 -0.537195 0.809804 0.235879 -0.501856 0.756911 0.418602 -0.213423 0.401647 0.890579 -0.172226 0.327634 0.928975 -0.134924 0.274741 0.952005 -0.119634 0.275285 0.95389 -0.0748102 0.220214 0.972579 -0.0758185 0.150579 0.985686 -0.0744872 0.147918 0.986191 -0.0999486 0.131756 0.986231 -0.105647 0.126151 0.986369 -0.112261 0.117651 0.986689 -0.0665002 0.0696933 0.995349 -0.0269278 0.0459417 0.998581 -0.0204378 0.0533218 0.998368 -0.000535196 0.0533329 0.998577 0 0.0524644 0.998623 0.00379112 0.052464 0.998616 0.00445685 0.0535446 0.998556 0.0247309 0.0535287 0.99826 0.0295627 0.0485417 0.998384 0.0684678 0.0727765 0.994995 0.115462 0.120696 0.985952 0.100732 0.133404 0.985929 0.079987 0.146749 0.985934 0.118729 0.22442 0.967233 0.128246 0.232927 0.964001 0.138347 0.266648 0.953813 0.201746 0.359541 0.911059 0.462524 0.859157 0.218909 0.437151 0.880216 0.184714 0.390642 0.920233 0.0238885 0.360255 0.931302 0.0537814 0.444353 0.894716 0.0451018 0.411373 0.911144 0.0242837 0.332941 0.942948 0 0.332941 0.942948 0 0.390753 0.920495 0 0.390753 0.920495 0 0.279379 0.960181 0 0.279379 0.960181 0 0.279357 0.960107 0.0124505 -0.306877 0.851541 -0.425093 -0.324376 0.934671 -0.145502 -0.32187 0.935948 -0.142835 -0.312254 0.885554 -0.343935 -0.312714 0.941892 -0.122679 -0.242845 0.96816 -0.0607678 -0.437145 0.783794 -0.441102 -0.446091 0.781544 -0.436109 -0.463864 0.779535 -0.420899 -0.493073 0.799309 -0.343489 -0.493896 0.804711 -0.329406 -0.470978 0.844055 -0.256421 -0.350358 0.909776 -0.222615 -0.326823 0.83835 -0.436298 0.387507 0.912849 -0.12863 0.370494 0.917781 -0.142873 0.361502 0.895506 -0.259585 0.32463 0.897319 -0.299055 0.36195 0.821079 -0.441386 0.303191 0.846059 -0.438475 0.396342 0.877851 -0.268868 0.438135 0.833484 -0.336665 0.422374 0.800588 -0.42504 -0.315094 0.94906 0 -0.315094 0.94906 0 -0.370444 0.928855 0 -0.370444 0.928855 0 -0.370274 0.928428 0.0303043 -0.380298 0.924372 0.0301719 -0.400138 0.916299 0.0169042 -0.479688 0.877254 0.0180434 -0.496231 0.867701 0.0291605 -0.507869 0.860938 0.0292317 -0.510685 0.859152 0.0325233 -0.534015 0.844839 0.0327986 -0.54579 0.836902 0.0413258 -0.603859 0.796011 0.0414816 -0.602979 0.794851 0.0680303 -0.664456 0.744113 0.0692394 -0.676567 0.730529 0.0926555 -0.679092 0.726499 0.10504 -0.282905 0.32712 0.901641 -0.25716 0.312045 0.914602 -0.266992 0.346659 0.89919 -0.133714 0.223538 0.96548 -0.135814 0.235335 0.962378 -0.196735 0.252556 0.94737 -0.120417 0.19422 0.973539 -0.121762 0.176111 0.976811 -0.193751 0.237679 0.951824 -0.193022 0.212859 0.957827 -0.191912 0.237766 0.952175 -0.213541 0.21383 0.953245 -0.215446 0.169179 0.961749 -0.205448 0.156513 0.966072 -0.179556 0.129811 0.975146 -0.132496 0.0985768 0.986269 -0.126802 0.103011 0.986565 -0.0711863 0.0546719 0.995964 -0.0528528 0.0451941 0.997579 -0.0266022 0.0267147 0.999289 -0.0333655 0.0268422 0.999083 0 0 1 0 0 1 0 0 1 0 0 1 0 0 1 0.0018985 0.00189869 0.999996 0.00379629 0.00570426 0.999977 0.0284078 0.0303391 0.999136 0.0435727 0.0313617 0.998558 0.0513719 0.0237314 0.998398 0.156955 0.0343139 0.987009 0.156133 0.0517774 0.986378 0.145405 0.0811648 0.986037 0.129814 0.105387 0.985922 0.119264 0.117593 0.985874 0.116421 0.120069 0.985916 0.13198 0.135601 0.981934 0.130815 0.163175 0.977886 0.138546 0.179607 0.973934 0.136971 0.232653 0.962866 0.188455 0.298974 0.935468 0.228916 0.320948 0.919016 0.612382 0.747743 0.25665 0.60547 0.765904 0.216326 0.565358 0.810785 0.151649 0.493961 0.857196 0.145664 0.498771 0.865544 0.0453999 0.411494 0.911413 0 0.411494 0.911413 0 0.501286 0.864307 0.0410587 0.501709 0.865036 0 0.501709 0.865036 0 -0.338581 0.929739 -0.144734 -0.36965 0.926862 -0.0654642 -0.554507 0.702485 -0.446136 -0.515816 0.755503 -0.403917 -0.518118 0.76284 -0.386819 -0.529023 0.836941 -0.140228 -0.528646 0.837143 -0.140444 -0.514004 0.83409 -0.200232 -0.564379 0.779511 -0.271733 -0.577389 0.799205 -0.167012 -0.575079 0.805317 -0.144041 -0.506952 0.859384 -0.066773 -0.479442 0.876803 -0.0367681 -0.39996 0.91589 -0.0343243 0.407935 0.903531 -0.131228 0.407936 0.903531 -0.131228 0.426096 0.796293 -0.42937 0.484875 0.863202 -0.140635 0.485557 0.857304 -0.171067 0.464421 0.84034 -0.279539 0.504147 0.831829 -0.232155 0.571092 0.784699 -0.241043 0.593057 0.751441 -0.289171 0.597151 0.724876 -0.343462 0.577658 0.706873 -0.408218 0.559672 0.715162 -0.418701 0.474999 0.758707 -0.445802 0.448186 0.774037 -0.447208 -0.400196 0.91643 0 -0.400196 0.91643 0 -0.479766 0.877396 0 -0.479766 0.877396 0 -0.508086 0.861306 0 -0.508086 0.861306 0 -0.534302 0.845294 0 -0.534302 0.845294 0 -0.60983 0.792532 0 -0.60983 0.792532 0 -0.609526 0.792137 0.031589 -0.624771 0.780604 0.0178186 -0.665947 0.745784 0.0179098 -0.665947 0.745784 0.0179105 -0.677549 0.73526 0.0179273 -0.679357 0.733542 0.0197677 -0.759714 0.649963 0.0195399 -0.761318 0.648023 0.0214696 -0.757955 0.649959 0.0553038 -0.743454 0.660477 0.105098 -0.229048 0.228272 0.946271 -0.356741 0.275266 0.892729 -0.35563 0.273428 0.893736 -0.235621 0.179089 0.955202 -0.223444 0.171724 0.959471 -0.281239 0.195126 0.939591 -0.258622 0.150514 0.95418 -0.229647 0.129096 0.964674 -0.226993 0.12743 0.965524 -0.167748 0.0859322 0.982077 -0.147173 0.0756523 0.986213 -0.0567309 0.0241973 0.998096 -0.0533003 0.0273727 0.998203 -0.13139 0.0274045 0.990952 -0.0333493 0.0265792 0.99909 -0.00666896 0 0.999978 0.0486047 0 0.998818 0.0486046 0.00189645 0.998816 0.051386 0.00374469 0.998672 0.159281 0.00960794 0.987187 0.15928 0.0103549 0.987179 0.234922 0.0101952 0.971961 0.247161 0.019709 0.968774 0.246844 0.0543004 0.967533 0.166545 0.0552518 0.984485 0.226552 0.0856749 0.970224 0.225915 0.113639 0.967496 0.212903 0.114795 0.970306 0.221172 0.124574 0.967246 0.220903 0.133847 0.966068 0.165393 0.135719 0.976845 0.15528 0.130999 0.979146 0.13367 0.13203 0.982192 0.13352 0.135539 0.981734 0.194476 0.239163 0.951304 0.232923 0.235713 0.943497 0.243273 0.260965 0.934193 0.655253 0.691939 0.303092 0.631225 0.731556 0.257645 0.619762 0.783983 0.0355894 0.652718 0.756466 0.0414452 0.646259 0.762282 0.0357246 0.571688 0.819863 0.0315905 0.615991 0.787118 0.0316212 0.557762 0.829732 0.0211558 0.522743 0.852238 0.0207643 0.498349 0.859244 -0.115531 0.522856 0.852421 0 0.522856 0.852421 0 -0.606291 0.638738 -0.473736 -0.585045 0.67687 -0.446732 -0.647433 0.722748 -0.241796 -0.645031 0.730172 -0.22535 -0.598514 0.769659 -0.222273 -0.608481 0.790779 -0.0664746 -0.624223 0.779919 -0.0455234 -0.658569 0.724955 -0.201812 -0.678202 0.731702 -0.068224 -0.676354 0.733963 -0.0619933 -0.665352 0.745119 -0.045868 0.555435 0.826271 -0.0936389 0.609483 0.778803 -0.148308 0.609594 0.778659 -0.14861 0.599861 0.776107 -0.194485 0.520644 0.848816 -0.0918814 0.639395 0.754186 -0.149594 0.645354 0.747932 -0.155291 0.613257 0.710733 -0.344635 0.625667 0.68501 -0.373232 0.619355 0.678843 -0.394426 0.582533 0.702178 -0.409391 -0.624871 0.780728 0 -0.624871 0.780728 0 -0.666053 0.745904 0 -0.666053 0.745904 0 -0.677657 0.735378 0 -0.677657 0.735378 0 -0.759859 0.650087 0 -0.759859 0.650087 0 -0.767685 0.640828 0 -0.767685 0.640828 0 -0.767578 0.640738 0.0166777 -0.764007 0.644867 0.0209722 -0.768456 0.638926 0.0353537 -0.820656 0.570362 0.0348018 -0.822601 0.567459 0.0363058 -0.82699 0.560452 0.044504 -0.836616 0.531835 0.13125 -0.836226 0.515285 0.187638 -0.389698 0.280843 0.877076 -0.848137 0.496286 0.185374 -0.266917 0.152077 0.951645 -0.998588 0 0.0531307 -0.998588 0 0.0531307 -0.25367 0 0.967291 -0.172678 0.0723512 0.982317 -0.862779 0.499125 0.08054 -0.172799 0 0.984957 -0.123411 0 0.992356 -0.0581001 -0.00739583 0.998283 -0.0567463 -0.00664617 0.998367 -0.120419 -0.00815889 0.99269 -0.0200156 -0.00665556 0.999777 -0.0396906 -0.0262638 0.998867 -0.0402519 -0.0323691 0.998665 -0.0277787 -0.0316256 0.999114 -0.00379624 -0.00760544 0.999964 0.0493156 -0.00947539 0.998738 0.0493178 -0.000475023 0.998783 0.00949748 -0.00948651 0.99991 0.159905 -0.00154018 0.987131 0.160195 0 0.987085 0.227389 0 0.973804 0.23493 0.0060187 0.971994 0.891601 0.022842 0.452246 0.900644 0.0393259 0.432776 0.914517 0.052716 0.401097 0.933726 0.097278 0.344518 0.277734 0.0769253 0.957573 0.277403 0.0910455 0.95643 0.395131 0.142649 0.907482 0.403636 0.14789 0.902888 0.239489 0.122649 0.963121 0.243648 0.131199 0.960949 0.332981 0.193755 0.922812 0.279913 0.18074 0.942858 0.307693 0.234355 0.922173 0.239769 0.206132 0.948694 0.257038 0.245732 0.934637 0.683001 0.659147 0.314699 0.675929 0.673693 0.29876 0.659285 0.690045 0.298632 0.690086 0.722283 0.0457148 0.685808 0.726609 0.04132 0.646671 0.762769 0 0.646671 0.762769 0 0.616299 0.787512 0 0.616299 0.787512 0 0.686394 0.72723 0 0.686394 0.72723 0 0.557886 0.829917 0 0.557886 0.829917 0 -0.659595 0.583661 -0.473575 -0.716708 0.548442 -0.430745 -0.752173 0.61016 -0.248879 -0.744956 0.630837 -0.216992 -0.66122 0.717766 -0.218175 -0.747671 0.629966 -0.210073 -0.75035 0.657544 -0.0678971 -0.759303 0.649611 -0.0382711 0.678681 0.719058 -0.14949 0.671529 0.724419 -0.155776 0.632689 0.68252 -0.365885 0.668703 0.647082 -0.366225 0.67477 0.630811 -0.383096 0.671518 0.627507 -0.394079 0.649972 0.643536 -0.404224 0.642753 0.650209 -0.405089 0.634118 0.659407 -0.403828 -0.767457 0.640637 -0.0243561 -0.807618 0.589705 0 -0.807618 0.589705 0 -0.807508 0.589625 0.0165219 -0.823143 0.567834 0 -0.823143 0.567834 0 -0.860986 0.508628 0 -0.860986 0.508628 0 -0.860711 0.508466 0.0252978 -0.843077 0.535942 0.0445695 -0.865316 0.500593 0.0251937 -0.999918 0 0.0128308 -0.999918 0 0.0128308 -0.865718 0.500184 0.0186434 -0.958698 -0.258093 0.119526 -0.93526 -0.276231 0.221327 -0.505766 -0.136883 0.851741 -0.288224 -0.054146 0.956031 -0.960837 -0.252964 0.113142 -0.241689 -0.0459626 0.969265 -0.18715 -0.0158437 0.982204 -0.118107 -0.0160158 0.992872 -0.0632962 -0.030731 0.997522 -0.05808 -0.0273391 0.997938 -0.111726 -0.0332902 0.993181 -0.0426262 -0.0346566 0.99849 -0.0801824 -0.0552126 0.99525 -0.0287228 -0.0507138 0.9983 -0.0652986 -0.0738789 0.995127 -0.00379062 -0.0549559 0.998482 -0.024738 -0.0549395 0.998183 -0.00353959 -0.0553954 0.998458 0.0164083 -0.0553882 0.99833 0.0226538 -0.0470684 0.998635 0.0230895 -0.0366814 0.99906 0.0402602 -0.0448607 0.998182 0.0539149 -0.0312421 0.998057 0.053937 -0.0125009 0.998466 0.0320281 -0.0448741 0.998479 0.157917 -0.020064 0.987249 0.158342 -0.0178428 0.987223 0.235875 -0.0175609 0.971625 0.235907 -0.00604398 0.971757 0.229233 -0.000735884 0.973371 0.89183 -0.00286294 0.452362 0.895199 -0.0086222 0.445583 0.996223 -0.00959522 0.0862993 0.996223 -0.00959521 0.0862993 0.99463 0.057334 0.0861613 0.994836 0.0700893 0.0734125 0.99174 0.105341 0.073184 0.935539 0.0993716 0.338957 0.950069 0.141189 0.278273 0.968984 0.183549 0.165467 0.965286 0.243277 0.0950741 0.931233 0.346816 0.111912 0.922657 0.362472 0.131598 0.912771 0.372979 0.166539 0.89869 0.380165 0.218702 0.844174 0.465942 0.265083 0.86784 0.440232 0.230326 0.797124 0.578384 0.173394 0.751372 0.616371 0.235641 0.736707 0.621504 0.266451 0.842737 0.511511 0.167783 0.725118 0.634699 0.267136 0.751842 0.65809 0.0406447 0.712927 0.700071 0.0404502 0.707536 0.705197 0.0457169 0.713511 0.700644 0 0.713511 0.700644 0 -0.729316 0.531962 -0.43025 -0.754758 0.512166 -0.40991 -0.794442 0.520851 -0.312372 -0.803129 0.538496 -0.254963 -0.800013 0.551707 -0.235794 -0.755046 0.609416 -0.241903 -0.812548 0.541816 -0.214947 -0.833727 0.532233 -0.147063 -0.821907 0.566981 -0.054784 -0.807383 0.589534 -0.0241287 0.705494 0.692771 -0.14949 0.709998 0.687041 -0.154523 0.741877 0.65263 -0.153924 0.702416 0.617917 -0.353256 0.694284 0.592466 -0.4086 0.715589 0.603148 -0.352341 0.69982 0.586811 -0.407314 -0.853504 0.504208 -0.131553 -0.839668 0.522993 -0.146409 -0.865869 0.500271 0 -0.865869 0.500271 0 -1 0 0 -1 0 0 -0.976748 -0.213241 0.0221705 -0.97332 -0.227451 0.0302429 -0.965066 -0.254077 0.0639703 -0.963398 -0.259358 0.0678092 -0.961023 -0.270842 0.0554968 -0.951364 -0.30313 0.054939 -0.93502 -0.297922 0.1923 -0.913884 -0.35033 0.205145 -0.889874 -0.383243 0.247483 -0.7577 -0.350033 0.550789 -0.322811 -0.142238 0.935715 -0.281819 -0.115209 0.952526 -0.240797 -0.0972855 0.965687 -0.205649 -0.0951384 0.97399 -0.107484 -0.0460457 0.99314 -0.101392 -0.0577952 0.993166 -0.09421 -0.067545 0.993258 -0.0898254 -0.0748634 0.99314 -0.0794883 -0.0888419 0.992869 -0.0676503 -0.108316 0.991812 -0.0304805 -0.159768 0.986684 -0.00525269 -0.196068 0.980576 0.0215807 -0.187744 0.981981 0 -0.204211 0.978927 0.0695789 -0.109851 0.99151 0.0510459 -0.0776113 0.995676 0.0355794 -0.054772 0.997865 0.0636185 -0.159057 0.985217 0.0777139 -0.147632 0.985984 0.0910369 -0.137003 0.986379 0.107991 -0.125997 0.986135 0.123183 -0.112793 0.985953 0.133481 -0.100886 0.985903 0.143056 -0.0860793 0.985964 0.155167 -0.053285 0.98645 0.155742 -0.0421654 0.986897 0.201181 -0.0686085 0.977149 0.252117 -0.067778 0.96532 0.252581 -0.0304552 0.967097 0.91138 -0.054192 0.407984 0.894997 -0.02293 0.445483 0.915846 -0.0586579 0.397223 0.994247 -0.0636794 0.0861281 0.997527 0.0702789 0 0.997527 0.0702789 0 0.999954 -0.00963115 0 0.999954 -0.00963115 0 0.991404 0.130833 0 0.991404 0.130833 0 0.990278 0.130685 0.0476588 0.981431 0.185907 0.0472331 0.978521 0.204204 0.0282576 0.969299 0.244288 0.0279913 0.967063 0.253696 0.020691 0.953666 0.300059 0.0220324 0.935928 0.348565 0.0504127 0.932279 0.358187 0.0505746 0.929257 0.365065 0.0566472 0.924228 0.377661 0.0563406 0.913326 0.40647 0.0248574 0.903761 0.427293 0.0252268 0.891065 0.452014 0.0410722 0.854111 0.518415 0.0417206 0.817908 0.57482 0.0246666 0.808915 0.58694 0.0340254 0.853212 0.52012 0.0388012 0.844888 0.534392 0.0242872 0.775232 0.630753 0.0341511 0.772605 0.633789 0.0373347 0.755086 0.654555 0.0374587 0.755616 0.655014 0 0.755616 0.655014 0 -0.729032 0.368101 -0.577074 -0.786058 0.442597 -0.431533 -0.81326 0.506544 -0.286393 -0.830119 0.481013 -0.282008 0.747168 0.647691 -0.14912 0.767098 0.624135 -0.148382 0.768784 0.621495 -0.150712 0.741139 0.599147 -0.30288 0.708535 0.568205 -0.418475 0.781167 0.450166 -0.432583 0.765494 0.465222 -0.444508 0.748299 0.493518 -0.44327 0.768254 0.582105 -0.266345 0.813969 0.520051 -0.258845 0.82295 0.472289 -0.315748 0.812481 0.434329 -0.388886 0.804535 0.430378 -0.409265 -0.855949 0.500135 -0.131209 -0.864608 0.499542 -0.0539576 -0.999394 0 -0.0348181 -0.999394 0 -0.0348181 -0.976988 -0.213294 0 -0.976988 -0.213294 0 -0.973765 -0.227556 0 -0.973765 -0.227556 0 -0.962506 -0.27126 0 -0.962506 -0.27126 0 -0.943612 -0.331053 0 -0.943612 -0.331053 0 -0.943315 -0.330949 0.025103 -0.936814 -0.348895 0.0255394 -0.933299 -0.357773 0.0308403 -0.913159 -0.406366 0.0317301 -0.904118 -0.425062 0.0435095 -0.902479 -0.424292 0.0742199 -0.902278 -0.425563 0.0692105 -0.894224 -0.445591 0.042562 -0.849442 -0.52582 0.0442889 -0.842599 -0.535224 0.0596831 -0.803943 -0.557676 0.206576 -0.640151 -0.361909 0.677664 -0.327489 -0.19078 0.925394 -0.23264 -0.123618 0.964675 -0.213817 -0.114212 0.970174 -0.205369 -0.108388 0.972664 -0.20328 -0.108619 0.973077 -0.152707 -0.131173 0.979527 -0.136382 -0.121652 0.983159 -0.20604 -0.112087 0.972103 -0.205617 -0.128872 0.97011 -0.0786739 -0.125966 0.98891 0 -1 0 0 -1 0 0 -1 0 0 -1 0 0 -1 0 0 -1 0 0 -1 0 0 -1 0 0 -1 0 0 -1 0 0 -1 0 0 -1 0 0 -1 0 0 -1 0 0 -1 0 0 -1 0 0 -1 0 0 -1 0 0 -1 0 0 -1 0 0 -1 0 0 -1 0 0 -1 0 0.0837065 -0.143311 0.986131 0.156899 -0.234352 0.959407 0.145116 -0.203363 0.96829 0.145696 -0.163578 0.975713 0.154272 -0.163584 0.974392 0.154451 -0.144124 0.977432 0.175863 -0.143741 0.973864 0.242066 -0.156302 0.957588 0.242371 -0.148219 0.958795 0.220552 -0.124571 0.967388 0.201804 -0.156506 0.966841 0.239077 -0.123465 0.963119 0.239978 -0.0883571 0.966749 0.288497 -0.0945827 0.952798 0.288521 -0.0937003 0.952878 0.937384 -0.110255 0.330385 0.994352 -0.0796114 0.0701829 0.99681 -0.0798082 0 0.99681 -0.0798082 0 0.990212 -0.12081 0.0698907 0.941212 -0.114832 0.317699 0.985277 -0.00948979 -0.170701 0.985277 -0.0094898 -0.170701 0.982956 0.0692523 -0.170299 0.982204 0.0723485 -0.173324 0.977718 0.119584 -0.172532 0.978115 0.12908 -0.163185 0.978911 0.204285 0 0.978911 0.204285 0 0.96727 0.253751 0 0.96727 0.253751 0 0.953898 0.300132 0 0.953898 0.300132 0 0.933473 0.358646 0 0.933473 0.358646 0 0.913608 0.406595 0 0.913608 0.406595 0 0.904049 0.427429 0 0.904049 0.427429 0 0.853855 0.520511 0 0.853855 0.520511 0 0.818157 0.574995 0 0.818157 0.574995 0 0.845137 0.534549 0 0.845137 0.534549 0 0.775684 0.631121 0 0.775684 0.631121 0 -0.534736 0.174121 -0.826885 -0.652257 0.27242 -0.707353 -0.679777 0.0465338 -0.731941 -0.681076 0.0432163 -0.730936 -0.726329 0 -0.687347 0.811539 0.570345 -0.126931 0.788043 0.597099 -0.149872 0.822386 0.379219 -0.424116 0.836107 0.534196 -0.124738 0.84744 0.516601 -0.122352 0.858684 0.492797 -0.140756 0.838915 0.530614 -0.121121 0.896179 0.423708 -0.13166 0.904448 0.402518 -0.141256 0.904592 0.401857 -0.142212 0.868311 0.385739 -0.311835 0.839865 0.342274 -0.421278 0.868628 0.353524 -0.34714 0.863432 0.343977 -0.369005 0.846731 0.334379 -0.413807 -0.974724 -0.212799 -0.0680462 -0.970623 -0.226821 -0.0802669 -0.950561 -0.267893 -0.157057 -0.943988 -0.274752 -0.18275 -0.934817 -0.327968 -0.136213 -0.937119 -0.349009 0 -0.937119 -0.349009 0 -0.913619 -0.406571 0 -0.913619 -0.406571 0 -0.899832 -0.436236 0 -0.899832 -0.436236 0 -0.899372 -0.436013 0.0319934 -0.903185 -0.427044 0.0434646 -0.897781 -0.43931 0.0315651 -0.885971 -0.46363 0.0101262 -0.858516 -0.512675 0.0106724 -0.845147 -0.533667 0.0304507 -0.844379 -0.534871 0.0306098 -0.822733 -0.567705 0.0286651 -0.810069 -0.584843 0.041803 -0.793058 -0.572561 0.207925 -0.843129 -0.536963 0.0283631 -0.769949 -0.591792 0.238666 -0.701685 -0.621734 0.347973 -0.278876 -0.216676 0.935564 -0.256362 -0.170669 0.951394 -0.182475 -0.17996 0.966601 0.180481 -0.259646 0.948689 0.194534 -0.267636 0.943678 0.25238 -0.297058 0.920902 0.2243 -0.234711 0.945833 0.285894 -0.262908 0.92149 0.262066 -0.213831 0.941062 0.303102 -0.20438 0.930783 0.324709 -0.242729 0.914137 0.354716 -0.215244 0.909861 0.270692 -0.157046 0.94977 0.261139 -0.138673 0.955289 0.410072 -0.149339 0.899744 0.431144 -0.162252 0.887575 0.95004 -0.140578 0.278678 0.98227 -0.0786441 -0.17018 0.988295 -0.145956 0.044393 0.98927 -0.1461 0 0.98927 -0.1461 0 0.972954 -0.202533 0.111089 0.978068 -0.203598 0.0439336 0.912285 -0.00878676 -0.409462 0.912285 -0.00878678 -0.409462 0.9118 0.0337722 -0.409244 0.911618 0.0529503 -0.407613 0.913291 0.0672724 -0.401715 0.923888 0.113 -0.365599 0.912594 0.0777416 -0.401409 0.911542 0.0992527 -0.399049 0.929427 0.132196 -0.344514 0.957294 0.173863 -0.230998 0.970366 0.179391 -0.161892 0.970351 0.18 -0.161303 0.972893 0.203029 -0.110718 0.965364 0.253251 -0.0627365 0.951716 0.299446 -0.0675952 0.927077 0.356189 -0.116865 0.918259 0.368729 -0.14436 -0.482899 0.131454 -0.865753 -0.393845 0.039718 -0.918318 -0.441489 0.094969 -0.892227 -0.4292 0.0828424 -0.899402 -0.676528 -0.0580694 -0.734124 -0.370867 0.0156228 -0.928555 -0.355022 -0.00341947 -0.934852 -0.347981 -0.0145789 -0.937388 -0.345868 -0.0180921 -0.938109 -0.338691 -0.0320646 -0.940351 -0.695519 -0.0696451 -0.715124 -0.774253 -0.109918 -0.623258 -0.925959 -0.261502 -0.272428 0.916758 0.364234 -0.163974 0.849618 0.316653 -0.421757 0.923996 0.28965 -0.249666 0.957637 0.1996 -0.207585 0.89511 0.144298 -0.421849 0.878489 0.184024 -0.4409 0.864629 0.241885 -0.44035 -0.928003 -0.345614 -0.139144 -0.862179 -0.392469 -0.320336 -0.879921 -0.398344 -0.258963 -0.902435 -0.393558 -0.175278 -0.903837 -0.402218 -0.145941 -0.898862 -0.435766 -0.0464285 -0.886016 -0.463654 0 -0.886016 -0.463654 0 -0.858565 -0.512704 0 -0.858565 -0.512704 0 -0.843468 -0.537179 0 -0.843468 -0.537179 0 -0.823071 -0.567938 0 -0.823071 -0.567938 0 -0.795179 -0.606374 0 -0.795179 -0.606374 0 -0.794533 -0.605881 0.0403248 -0.795548 -0.604451 0.0417336 -0.792012 -0.60875 0.0462677 0.434795 -0.816211 0.380465 0.606139 -0.776448 0.172406 0.637823 -0.750369 0.173572 0.656306 -0.725424 0.207418 0.658224 -0.720372 0.218643 0.694467 -0.685317 0.219217 0.70257 -0.670967 0.237063 0.735776 -0.648732 0.194374 0.745997 -0.637088 0.193927 0.855156 -0.507862 0.103846 0.858579 -0.490664 0.148631 0.858065 -0.478962 0.185255 0.765058 -0.627595 0.144257 0.787404 -0.606726 0.108991 0.904487 -0.390176 0.172237 0.967374 -0.245225 0.0636572 0.918689 -0.380335 0.106562 0.925128 -0.371838 0.0766476 0.976559 -0.144223 -0.159791 0.976216 -0.131635 -0.172264 0.981491 -0.0817256 -0.173195 0.912216 -0.0759573 -0.402607 0.910608 -0.0612421 -0.408709 0.974805 -0.221652 0.0250192 0.97511 -0.221722 0 0.97511 -0.221722 0 0.96904 -0.245647 0.0248712 0.9012 0.121593 -0.415998 0.896831 0.137025 -0.420616 -0.332115 -0.0388518 -0.942438 -0.320728 -0.0516359 -0.945763 -0.306079 -0.0658461 -0.949726 -0.301663 -0.0719297 -0.950698 -0.293481 -0.0886587 -0.951845 -0.287541 -0.10861 -0.95159 -0.283017 -0.128839 -0.950422 -0.839088 -0.396716 -0.372221 -0.812409 -0.433841 -0.389582 -0.818573 -0.450838 -0.355927 -0.858476 -0.512651 -0.014383 -0.885934 -0.463611 -0.0136469 -0.813196 -0.499081 -0.299383 -0.815413 -0.561121 -0.142287 -0.842608 -0.536631 -0.0451537 -0.81469 -0.562154 -0.142349 -0.783276 -0.597297 -0.172383 0.63771 -0.750542 0.173243 0.64705 -0.761533 0.0373337 0.64864 -0.760589 0.0277648 0.666658 -0.744845 0.0277954 0.670557 -0.741176 0.0318064 0.71142 -0.702046 0.03184 0.749741 -0.661045 0.0301181 0.713186 -0.700329 0.0300862 0.752175 -0.658381 0.0277039 0.77285 -0.633987 0.0276119 0.791856 -0.610156 0.0259679 0.79687 -0.603791 0.0208415 0.843475 -0.536787 0.020262 0.858241 -0.511508 0.042209 0.85895 -0.510115 0.0445961 0.867359 -0.495681 0.0445936 0.884567 -0.465759 0.0247154 0.910619 -0.412553 0.0239309 0.922637 -0.38197 0.0532839 0.774157 -0.632458 0.0260192 0.926528 -0.372401 0.0535086 0.930236 -0.364666 0.0409823 0.944644 -0.327549 0.0189611 0.966154 -0.2574 0.0170546 0.972232 -0.221067 -0.0767745 0.969621 -0.186181 -0.158656 0.964915 -0.190078 -0.181134 0.958593 -0.188767 -0.21323 0.939908 -0.160557 -0.301322 0.932808 -0.125782 -0.33771 0.912495 -0.101573 -0.396277 0.910485 -0.097668 -0.401843 0.909043 -0.101966 -0.404035 0.898053 -0.123982 -0.422053 0.966295 -0.257438 0 0.966295 -0.257438 0 -0.279343 -0.133856 -0.950815 -0.275359 -0.140171 -0.951068 -0.272098 -0.150175 -0.950479 -0.639527 -0.571193 -0.514533 -0.674943 -0.602415 -0.426084 -0.733573 -0.592591 -0.332725 -0.750411 -0.583042 -0.31136 -0.271813 -0.150507 -0.950508 -0.252808 -0.176206 -0.951336 -0.245962 -0.18701 -0.951068 -0.238953 -0.203933 -0.949375 -0.776566 -0.603363 -0.18138 -0.763916 -0.617103 -0.188721 0.646244 -0.762699 0.025661 0.646457 -0.762951 0 0.646457 -0.762951 0 0.666916 -0.745133 0 0.666916 -0.745133 0 0.713509 -0.700646 0 0.713509 -0.700646 0 0.752464 -0.658634 0 0.752464 -0.658634 0 0.77442 -0.632672 0 0.77442 -0.632672 0 0.797044 -0.603922 0 0.797044 -0.603922 0 0.843648 -0.536897 0 0.843648 -0.536897 0 0.859007 -0.511964 0 0.859007 -0.511964 0 0.884837 -0.465901 0 0.884837 -0.465901 0 0.91088 -0.412671 0 0.91088 -0.412671 0 0.931018 -0.364972 0 0.931018 -0.364972 0 0.944814 -0.327608 0 0.944814 -0.327608 0 0.965424 -0.257206 -0.0424426 0.943762 -0.327243 -0.0471786 0.927966 -0.363776 -0.0809073 0.911568 -0.386439 -0.140384 0.906565 -0.368837 -0.205181 0.910764 -0.321894 -0.258636 0.958544 -0.20049 -0.202478 0.877325 -0.193615 -0.439106 0.882868 -0.344805 -0.318831 0.838317 -0.316329 -0.444029 0.838376 -0.315829 -0.444273 0.876558 -0.195187 -0.439941 -0.383223 -0.624273 -0.680752 -0.238211 -0.204917 -0.94935 -0.232886 -0.213483 -0.948783 -0.231932 -0.215219 -0.948625 -0.223716 -0.234225 -0.946092 -0.223273 -0.235544 -0.945869 -0.219351 -0.249145 -0.943298 -0.213765 -0.274281 -0.93759 -0.211805 -0.291074 -0.93296 -0.209617 -0.318253 -0.924541 0.640863 -0.756349 -0.131267 0.64269 -0.754366 -0.133718 0.644978 -0.751998 -0.136025 0.650963 -0.745761 -0.141733 0.660171 -0.737597 -0.141859 0.705854 -0.69313 -0.146085 0.663728 -0.733628 -0.145794 0.7304 -0.665987 -0.151581 0.74525 -0.65232 -0.138131 0.710851 -0.686789 -0.151694 0.75499 -0.641083 -0.137852 0.770331 -0.629332 -0.102619 0.794987 -0.602364 -0.0717804 0.841605 -0.535597 -0.0695447 0.854895 -0.509514 -0.0977269 0.860647 -0.4909 -0.135294 0.875651 -0.464351 -0.132716 0.87723 -0.461896 -0.130839 0.903704 -0.409419 -0.125282 0.90941 -0.391611 -0.140052 0.88826 -0.382504 -0.254331 0.890108 -0.362279 -0.276516 0.850831 -0.451189 -0.269285 0.835815 -0.464821 -0.292156 0.787356 -0.445063 -0.426602 0.820418 -0.350839 -0.451471 0.834721 -0.320788 -0.447589 -0.206315 -0.354019 -0.912198 0.435384 -0.861686 -0.260649 0.623648 -0.736912 -0.260816 0.634738 -0.727173 -0.261394 0.643531 -0.711304 -0.28269 0.645823 -0.696685 -0.312319 0.683045 -0.659924 -0.312968 0.707369 -0.644987 -0.289172 0.684633 -0.655992 -0.317729 0.728936 -0.621103 -0.287894 0.73214 -0.62075 -0.280429 0.754642 -0.631205 -0.179154 0.765289 -0.601798 -0.228414 0.836144 -0.503923 -0.216621 0.848846 -0.493784 -0.188778 0.840683 -0.485833 -0.239204 0.746973 -0.477246 -0.462891 0.695042 -0.578506 -0.426905 0.70481 -0.536215 -0.464453 0.462077 -0.786714 -0.409349 0.493958 -0.74746 -0.444195 0.505333 -0.735458 -0.451375 0.618149 -0.66981 -0.411395 0.660631 -0.6316 -0.405769 0.63058 -0.653268 -0.419059 0 -1 0 0 -1 0 0 -1 0 0 -1 0 0 -1 0 0 -1 0 0 -1 0 0 -1 0 0 -1 0 0 -1 0 0 -1 0 0 -1 0 -1 0 0 -1 0 0 -1 0 0 -1 0 0 -1 0 0 -1 0 0 -1 0 0 -1 0 0 -1 0 0 -1 0 0 -1 0 0 -0.524293 0 -0.851538 -0.472744 -0.00659177 -0.881175 0 0 -1 0 0 -1 0 0 -1 0 0 -1 0 0 -1 0 0 -1 0 0 -1 0 0 -1 0 0 -1 0 0 -1 0 0 -1 -8.99797e-05 -0.0701405 0.997537 -0.0104802 -0.0606192 0.998106 -0.0434578 -0.0324776 0.998527 -0.0871673 0 0.996194 -0.737454 0.148379 -0.658897 -0.494483 0.0162205 -0.869036 0.686375 -0.112367 0.718515 0.683966 -0.112343 0.720812 0 -0.0701464 0.997537 0 -0.00116772 0.999999 -0.0104987 -0.0116941 0.999876 0.000280137 -0.0701311 0.997538 0.0355036 -0.0585386 0.997654 0.0512968 -0.052441 0.997306 -0.0227396 -0.0116918 0.999673 -0.0227411 0 0.999741 -0.0239069 0.00116943 0.999714 -0.0862 0.00116541 0.996277 -0.057694 0.039183 0.997565 -0.133722 0.0867749 0.987213 -0.146129 0.0930802 0.984877 -0.241694 0.136897 0.960647 -0.3291 0.170518 0.928772 -0.74018 0.150441 -0.655364 -0.917497 0.343715 -0.200147 -0.912218 0.407974 -0.0376336 -0.904081 0.427362 0 0 1 0 0 1 0 0 1 0 0 1 0 0 1 0 0 1 0 0 1 0 0 1 0 0 1 0 0 1 0 0 1 0 0 1 0 0 1 0 0 1 0 0 1 0 0.615871 -0.106041 0.780678 0.675052 -0.110228 0.729489 0.663791 -0.108071 0.74007 0.659895 -0.107428 0.743638 0.657675 -0.107099 0.74565 0.685713 -0.11165 0.719258 0.685971 -0.111679 0.719007 0.682485 -0.111112 0.722405 0.67683 -0.110241 0.727838 0.0602276 -0.0497459 0.996944 0.140407 -0.024464 0.989792 0.149848 -0.0214245 0.988477 0.149881 -0.0214016 0.988472 0.147379 -0.017296 0.988929 0.143183 -0.0115753 0.989629 0.143036 -0.0114038 0.989652 0.1418 -0.0106262 0.989838 0.123221 0 0.992379 0 0 1 0 0 1 0 0.00174805 0.999999 -0.0116628 0.0134044 0.999842 -0.0239047 0.0134014 0.999624 -0.0524395 0.0419407 0.997743 -0.0116372 0.0675962 0.997645 -0.000291343 0.0754879 0.997147 -0.721493 0.341408 0.602403 -0.349448 0.178334 0.919828 -0.904343 0.423603 0.0522028 -0.903897 0.425913 0.0396152 -0.90394 0.427295 0.017678 0.817258 0.576272 0 0.620778 -0.101224 0.777424 0.582908 -0.0999902 0.806363 0.589386 -0.103202 0.801233 0.635425 -0.103537 0.765189 0.663872 -0.108083 0.739995 0.683282 -0.108269 0.722083 0.683357 -0.107903 0.722067 0.684436 -0.107546 0.721097 0.689204 -0.0933122 0.718534 0.568523 -0.0910748 0.81761 0.596694 -0.0971505 0.796566 0.685276 -0.111124 0.719756 0.685326 -0.110476 0.719808 0.209055 -0.0305958 0.977425 0.173231 -0.0247578 0.98457 0.170295 -0.024348 0.985092 0.17338 -0.0247571 0.984544 0.173381 -0.0247571 0.984544 0.19964 -0.0246318 0.97956 0.199282 -0.0244769 0.979636 0.180081 -0.018354 0.983481 0.173532 -0.0172217 0.984678 0.143843 -0.0115742 0.989533 0.743505 0.166997 0.647543 0.146611 0.0426035 0.988276 0.141749 0.0287747 0.989484 0.241193 -0.0255955 0.97014 0.264104 -0.0281322 0.964084 0.522084 -0.0395912 0.851975 0.570294 -0.00827619 0.821399 0.580061 -0.00069999 0.814573 0.744893 0.155452 0.648821 0.0681751 0.0333712 0.997115 0.0453088 0.0468912 0.997872 0.0422998 0.0489991 0.997903 -9.70403e-05 0.0755892 0.997139 -0.00011648 0.0755851 0.997139 -0.903704 0.423229 0.0647789 -0.883694 0.398641 0.245298 -0.881294 0.397913 0.254925 -0.90402 0.423383 0.0591164 0.825568 0.564302 0.000347936 0.889459 0.457015 6.4766e-05 0.819522 0.56017 0.120802 0.596464 -0.0971426 0.79674 0.596636 -0.0971803 0.796606 0.603002 -0.09829 0.791662 0.575617 -0.0973488 0.811904 0.569875 -0.0957482 0.816134 0.543583 -0.0899649 0.83452 0.529106 -0.0899773 0.843772 0.764554 0 0.64456 0.763871 -0.000554515 0.645369 0.557275 -0.0314418 0.829733 0.555376 -0.0882347 0.826905 0.564513 -0.0903125 0.820468 0.552222 -0.0898041 0.828846 0.229309 -0.0366991 0.972661 0.223646 -0.0325522 0.974127 0.212847 -0.0308567 0.976598 0.211498 -0.030752 0.976894 0.215187 -0.0307266 0.976089 0.206241 -0.0265258 0.978142 0.217673 -0.0310568 0.975527 0.217694 -0.0310577 0.975523 0.266923 -0.0307898 0.963226 0.26676 -0.0307362 0.963273 0.265164 -0.0298973 0.96374 0.893505 0.43078 0.126799 0.870137 0.473689 0.135942 0.749247 0.438812 0.496057 0.873381 0.314842 0.371591 0.892125 0.36363 0.268117 0.897821 0.414152 0.149651 0.287783 -0.0359717 0.95702 0.324838 -0.0435557 0.944766 0.366869 -0.0509579 0.928876 0.409646 -0.0576033 0.910424 0.42297 -0.0594977 0.904188 0.510512 -0.0624109 0.857602 0.506444 -0.0721782 0.859247 0.506759 -0.0724211 0.859041 0.510908 -0.0746248 0.85639 0.771203 0.00569944 0.636564 0.911704 0.385709 0.141506 0.897087 0.424773 0.121666 0.897717 0.417124 0.141815 0.592949 -0.0966372 0.79942 0.54766 -0.0891286 0.83194 0.528874 -0.0892613 0.843993 0.438308 -0.0679324 0.896254 0.383302 -0.0567601 0.921877 0.340585 -0.0492163 0.938925 0.297521 -0.0425381 0.953767 0.293123 -0.0418846 0.955157 0.270849 -0.0387248 0.961842 0.542564 -0.0883323 0.835357 0.542127 -0.0882885 0.835646 0.541813 -0.0882826 0.83585 0.539396 -0.0878752 0.837455 0.530399 -0.0865235 0.843321 0.529207 -0.0863628 0.844086 0.527327 -0.084847 0.845415 0.541817 -0.0879707 0.83588 0.541835 -0.0879887 0.835867 0.230815 -0.0330009 0.972438 0.222994 -0.0318342 0.9743 0.218177 -0.0311465 0.975412 0.223214 -0.0318473 0.974249 0.224793 -0.0320567 0.973879 0.294058 -0.0419343 0.954867 0.294051 -0.0419333 0.95487 0.347286 -0.049525 0.936451 0.353704 -0.0503623 0.934001 0.402461 -0.057317 0.913641 0.406172 -0.057896 0.911961 0.491591 -0.0700718 0.868002 0.493018 -0.0702621 0.867177 0.489851 -0.0700048 0.868991 0.489851 -0.0700048 0.868991 0.529175 -0.0863175 0.844111 0.404721 -0.0578388 0.912609 0.402284 -0.0575167 0.913706 0.345962 -0.0494641 0.936944 0.345964 -0.0494643 0.936943 0.540772 -0.0880603 0.836547 -0.998814 -0.0376888 0.0308381 -0.999508 -0.00671486 0.0306439 -0.999434 0.0240289 0.0235454 0 0 -1 0 0 -1 0 0 -1 0 0 -1 0 0 -1 0 0 -1 0 0 -1 0 0 -1 0 0 -1 0 0 -1 0 0 -1 0 0 -1 0 0 -1 0 0 -1 0 0 -1 -0.983139 -0.182671 0.0082889 -0.979691 -0.154355 0.127981 -0.993238 -0.0731475 0.0901519 -0.994701 -0.0644522 0.0800986 -0.978598 -0.204928 0.0187369 -0.978061 -0.187108 0.0915821 -0.999179 -0.0074457 0.0398183 -0.998743 0 0.0501341 -0.997375 0.0242353 0.0682305 -0.997724 0.0391666 0.0548866 -0.999405 0.0251998 0.023554 -0.985191 0.171458 0.00108378 -0.975782 -0.217912 0.019061 -0.976427 -0.21496 0.0195499 -0.963957 -0.183642 0.192516 -0.92643 -0.200994 0.318322 -0.861942 -0.173292 0.476472 -0.283174 0 0.959069 -0.660433 -0.125058 0.740398 -0.337771 -0.040806 0.940344 -0.314195 -0.0333795 0.948771 -0.295436 -0.0247386 0.955042 -0.278552 -0.00339871 0.960415 -0.928536 -0.204417 0.309895 -0.29943 0.022321 0.953857 -0.327108 0.0354647 0.944321 -0.503896 0.0809378 0.859964 -0.982959 0.150844 0.105059 -0.586669 0.109407 0.802402 -0.851943 0.18602 0.489479 -0.937225 0.209524 0.278763 -0.955838 0.201714 0.213739 -0.964193 0.193999 0.180822 -0.980226 0.188674 0.0596631 -0.980445 0.196421 0.0121066 -0.982342 0.186983 0.00642398 -0.956833 -0.289651 0.0239546 -0.958711 -0.283271 0.0251221 -0.936166 -0.262341 0.234033 -0.213107 -0.087948 0.973062 -0.929986 -0.277452 0.241136 -0.478498 -0.756304 0.446143 -0.214539 -0.0944314 0.97214 -0.211851 -0.0889152 0.973249 -0.168751 -0.00205899 0.985656 -0.165372 -0.000796688 0.986231 -0.213846 -0.0290412 0.976436 -0.205136 -0.0217933 0.978491 -0.175143 -0.00779658 0.984512 -0.169313 -0.00236466 0.98556 -0.162039 0 0.986784 -0.164594 0.00244466 0.986358 -0.207219 0.0229367 0.978026 -0.20697 0.0540672 0.976852 -0.242079 0.0803367 0.966925 -0.24135 0.111465 0.964015 -0.254941 0.120508 0.959418 -0.340353 0.161582 0.926311 -0.400082 0.199584 0.894484 -0.888283 0.445463 0.111875 -0.943264 0.317332 0.0977398 -0.952518 0.249787 0.174115 -0.966919 0.253563 0.0277984 -0.978319 0.206459 0.0163199 -0.979872 0.199217 0.0127835 -0.00178524 -0.999897 -0.0142506 -0.0257124 -0.999666 -0.00255894 -0.0312816 -0.999511 7.18278e-05 0 -1 0 0 -1 0 0 -1 0 0 -1 0 0 -1 0 0 -1 0 0 -1 0 0 -1 0 0 -1 0 0 -1 0 0 -1 0 -0.115659 -0.0989665 0.988346 -0.0165421 -0.00791791 0.999832 0 0 1 0 0 1 0 0 1 0 0 1 0 0 1 0 0 1 -0.00743214 0.0024784 0.999969 -0.108618 0.0530622 0.992666 -0.114176 0.0549024 0.991942 -0.227941 0.111863 0.967228 -0.227959 0.111881 0.967221 -0.227503 0.128313 0.965287 -0.301396 0.183133 0.935747 -0.314111 0.204041 0.927201 -0.760468 0.604499 0.237212 -0.798039 0.586582 0.138039 -0.816831 0.566953 0.106545 -0.887187 0.450497 0.0997594 -0.888133 0.44788 0.103075 -0.888167 0.447673 0.103675 -0.892568 0.449891 0.0303317 -0.947387 0.318719 0.0295833 -0.951655 0.305947 0.0273596 -0.0222431 0.0148304 0.999643 -0.0988731 0.0531165 0.993681 -0.163298 0.118184 0.979472 -0.184034 0.128322 0.974507 -0.219472 0.160998 0.962243 -0.251193 0.225294 0.941352 -0.700751 0.649998 0.294026 -0.74694 0.620721 0.238299 -0.785599 0.618567 0.0144262 -0.805486 0.592056 0.0257316 -0.769017 0.639068 0.0143301 -0.821148 0.569949 0.0295733 -0.891038 0.452996 0.0290673 -0.891252 0.452561 0.029317 -0.892478 0.450071 0.0303059 1 0 0 1 0 0 1 0 0 1 0 0 1 0 0 1 0 0 1 0 0 1 0 0 1 0 0 1 0 0 1 0 0 0.130923 -0.0157254 0.991268 -0.000651611 0.00237892 0.999997 -0.00262401 0.00509179 0.999984 -0.118807 0.121107 0.985504 -0.126244 0.120935 0.9846 -0.12627 0.11901 0.984831 -0.216589 0.209999 0.953409 -0.229944 0.239811 0.943195 -0.661093 0.682083 0.312599 -0.68013 0.672782 0.291184 -0.699503 0.652753 0.290876 -0.731077 0.682216 0.0103763 -0.741528 0.670877 0.00772695 0.617529 -0.0230378 0.78621 -0.338969 0.940541 0.0219946 0.224355 -0.0184452 0.974333 -0.00262294 0.028964 0.999577 -0.118215 0.144524 0.982414 -0.119131 0.148189 0.981758 -0.123501 0.154381 0.980262 -0.183773 0.2181 0.958467 -0.212281 0.282147 0.935591 -0.524624 0.637525 0.564209 -0.623354 0.735387 0.265773 -0.638437 0.722046 0.266548 -0.710899 0.703218 0.0103518 -0.662366 0.749109 0.0103368 -0.687502 0.726166 0.00489132 -0.597474 0.801463 0.0261182 -0.507785 0.861087 0.0261423 -0.652061 0.758096 0.0103721 -0.629973 0.776359 0.0200082 -0.501294 0.850079 0.161462 -0.12283 0.203914 0.971253 -0.162154 0.254316 0.95343 -0.59234 0.786396 0.175255 -0.615395 0.758395 0.214771 -0.589131 0.790271 0.168512 0.901056 0.433696 -0.00235833 0.899213 0.436599 -0.0282454 0 1 0 0 1 0 0 1 0 0 1 0 0 1 0 0 1 0 0 1 0 0 1 0 0 1 0 0 1 0 0 1 0 0 1 0 0 1 0 0 1 0 0 0 1 0 0 1 0 0 1 0 0 1 0 0 1 0 0 1 0 0 1 0 0 1 0 -1 0 0 -1 0 0 -1 0 0 -1 0 0 -1 0 0 -1 0 0 -1 0 0 -1 0 0.90479 0.392903 -0.164263 0.901892 0.375697 -0.213171 0.864054 0.330328 -0.379859 -0.525874 0.850261 -0.0226407 -0.529852 0.84795 -0.0153953 -0.999053 0.0435008 0 0.857009 0.318652 -0.404965 0.792132 0.244644 -0.559175 0.430018 0.00851871 -0.90278 0.331752 0.0271657 -0.942975 -0.510644 0.854248 -0.0974801 0 0 -1 0 0 -1 0 0 -1 0 0 -1 0 0 -1 0 0 -1 0 0 -1 0 0 -1 0 0 -1 0 0 -1 0 0 -1 0 0 -1 0 0 -1 0 0 -1 0 0 -1 0 0 -1 0 0 -1 0 0 -1 0 0 -1 -0.792902 0.609143 -0.0158771 -0.456401 0.821018 -0.342969 -0.396209 0.748562 -0.53167 -0.793776 0.608006 -0.0157837 -0.7957 0.6055 -0.0152302 -0.998098 0.0615408 -0.00363607 -0.998305 0.0580837 -0.00352149 -0.998353 0.0572649 -0.00344184 -0.998976 0.0452119 -0.0018219 0.20538 0.048542 -0.977478 0.014936 0.00793178 -0.999857 0.0367455 0.0159035 -0.999198 -0.395542 0.747711 -0.533363 -0.275837 0.586812 -0.761292 -0.882524 0.469842 -0.0199848 -0.882555 0.469785 -0.0199734 -0.985474 0.169584 -0.00908238 -0.983518 0.180489 -0.0107421 0.0141551 0.00765049 -0.999871 0.00578466 0.00477356 -0.999972 -0.22959 0.512438 -0.827464 -0.0966021 0.239541 -0.966068 -0.0160947 0.0466952 -0.99878 -0.00318294 0.0117731 -0.999926 -0.982152 0.187734 -0.0115205 -0.883956 0.467162 -0.0195526 0.00569986 0.00472808 -0.999973 0.00390233 0.00389315 -0.999985 0.00248155 0.00333039 -0.999991 0.00110227 0.00290876 -0.999995 0.00107029 0.00290517 -0.999995 0.000762064 0.00290517 -0.999996 0 0.00352336 -0.999994 -0.00165254 0.00777058 -0.999968 -0.000181745 0.00343285 -0.999994 -1.20718e-05 0.00351276 -0.999994 -0.970698 -0.239432 -0.0204526 -0.962868 -0.123633 -0.239999 -0.846322 0.00502804 -0.532649 -0.839398 0.00916227 -0.54344 -0.794576 0.0333625 -0.606248 0 0 -1 0 0 -1 0 0 -1 0 0 -1 0 0 -1 0 0 -1 0 0 -1 0 0 -1 0 0 -1 0 0 -1 0 -1 0 0 -1 0 0 -1 0 0 -1 0 0 -1 0 0 -1 0 0 -1 0 0 -1 0 0 -1 0 0 -1 0 0 -1 0 0 -1 0 0 -1 0 0 -1 0 0 -1 0 0 -1 0 0 -1 0 -0.969242 -0.246066 -0.0046462 0 1 0 0 1 0 0 1 0 0 1 0 0 1 0 0 1 0 0 1 0 0 1 0 0 1 0 0 1 0 0 1 0 0 1 0 0 1 0 0 1 0 0 1 0 0 1 0 0 1 0 0 1 0 0 1 0 0 1 0 0 1 0 0 1 0 0 1 0 0 1 0 -0.968943 -0.247284 0 -0.968943 -0.247284 0 -0.509473 0.16435 -0.844646 -0.643079 0.107207 -0.758258 -0.763691 0.0501162 -0.643634 -0.790119 0.0358365 -0.611906 0.716157 0.292263 -0.633799 0.824856 0.277016 -0.492824 0.95911 0.192702 -0.207303 0.962494 0.188301 -0.195316 0.995914 0.090301 -0.000388211 -0.968701 -0.247222 0.0223473 -0.968381 -0.246226 0.0401412 -0.96828 -0.243729 0.0550464 -0.310137 0.239658 -0.919989 -0.313347 0.237869 -0.919365 -0.38893 0.206893 -0.897735 -0.38927 0.206757 -0.897619 -0.210762 0.294832 -0.932016 0.995897 0.0904915 0 0.995194 0.0904276 0.0375688 0.995051 0.0896333 0.0428955 0.986668 0.071816 0.146044 -0.968235 -0.243609 0.0563565 -0.967331 -0.243369 0.0710131 0.961385 0.0710445 0.265877 0.959717 0.0705567 0.271967 0.832478 0.0347229 0.55297 -0.950849 -0.229431 0.207962 -0.879683 -0.191215 0.435425 -0.575857 -0.659591 0.483041 0.757452 0.0331505 0.652048 0.189444 0.0134696 0.981799 0.161222 0.0109551 0.986857 0.146902 0.00750987 0.989123 -0.260113 -0.0724214 0.962858 -0.185228 -0.0476077 0.981542 -0.244044 -0.086527 0.965896 -0.243635 -0.0868024 0.965975 0.0420277 -0.10168 0.993929 0.113412 0.00392811 0.99354 0.0648962 0.00737438 0.997865 -0.145616 -0.040048 0.98853 -0.0859687 -0.0173358 0.996147 -0.0797324 0 0.996816 -0.146521 -0.091698 0.984948 -0.145127 -0.0911539 0.985205 0.000720166 -6.23054e-05 1 0 -0.000783268 1 0 -0.000783268 1 0 -0.10177 0.994808 0 -0.10177 0.994808 0 0 1 0 0 1 0 0 1 -0.00313525 -0.000783264 0.999995 -0.133918 -0.103071 0.985618 -0.000111174 -0.104008 0.994577 -9.74461e-05 -0.10387 0.994591 -1 0 0 -1 0 0 -0.999998 0 -0.00214657 -0.999998 0 -0.00214657 -0.977857 -0.209252 -0.00314771 -0.977862 -0.209253 0 -0.977862 -0.209253 0 -0.999999 0 0.00107152 -0.999999 0 0.00107152 -0.977861 -0.209253 0.0010478 -0.867028 0.498259 0 -0.867025 0.498257 -0.00269453 -0.998964 0 -0.0455185 -0.998964 0 -0.0455185 -0.968515 -0.230818 -0.093283 -0.972607 -0.231794 -0.0175037 -0.973503 -0.22829 -0.0132413 -0.973589 -0.22831 0 -0.973589 -0.22831 0 -0.999073 0 0.043043 -0.999073 0 0.043043 -0.974275 -0.225166 0.00939756 -0.970514 -0.224297 0.0882786 -0.86695 0.498395 0.000928952 -0.973546 -0.2283 0.00939053 -0.863833 0.501167 -0.0512329 -0.862822 0.500581 -0.0704041 -0.858605 0.512618 0.00447209 -0.856993 0.515321 0.00264025 -0.855854 0.514636 -0.0516063 -0.866494 0.499167 0.00445253 -0.33076 0 -0.943715 -0.369753 -0.0687034 -0.926586 -0.372396 -0.0702645 -0.92541 -0.818366 -0.354657 -0.452211 -0.887018 -0.324801 -0.328182 -0.955111 -0.261155 -0.139859 -0.960166 -0.252884 -0.118874 -0.966491 -0.25455 -0.0331675 -0.966489 -0.254556 -0.0331736 -0.964325 -0.263696 -0.0232588 -0.964586 -0.263767 0 -0.964586 -0.263767 0 -0.963026 -0.245053 0.111939 -0.953563 -0.260731 0.150786 -0.831172 -0.353198 0.429424 -0.42573 -0.0836847 0.900972 -0.40711 -0.0724316 0.910502 -0.367663 0 0.929959 -0.86434 0.498515 0.066331 -0.866214 0.499596 0.00881235 -0.866345 0.499409 0.00612782 -0.968886 -0.246544 0.0218057 -0.964359 -0.263705 0.0217019 -0.964365 -0.263685 0.0217039 -0.841407 0.496193 -0.214072 -0.545684 0.319725 -0.7746 -0.477685 0.275573 -0.834192 -0.299587 0.144638 -0.943042 -0.228459 0.0869229 -0.969665 -0.850764 0.522422 -0.0572427 -0.832046 0.510928 -0.215993 -0.859406 0.511257 0.00618449 -0.858602 0.512616 0.00526993 -0.823113 0.567851 0.00556308 -0.823117 0.567854 0.00441079 -0.824264 0.566199 0.00277506 -0.823453 0.565641 -0.0444364 -0.826976 0.559224 -0.0581327 -0.226206 0.0853624 -0.970332 -0.224129 0 -0.97456 -0.243242 -0.0226157 -0.969702 -0.263108 -0.0443068 -0.963749 -0.290681 -0.0518621 -0.955414 -0.300911 -0.0615274 -0.951665 0 -1 0 0 -1 0 0 -1 0 0 -1 0 0 -1 0 0 -1 0 0 -1 0 0 -1 0 0 -1 0 0 -1 0 0 -1 0 0 -1 0 0 -1 0 0 -1 0 0 -1 0 0 -1 0 -0.964033 -0.263594 -0.0340428 -0.288759 0.068215 0.954968 -0.337189 0.108234 0.935195 -0.537244 0.272824 0.798083 -0.69144 0.40087 0.601011 -0.851166 0.496744 0.169595 -0.293572 -0.0680341 0.953513 -0.292092 -0.0486584 0.955152 -0.275301 -0.029859 0.960894 -0.250649 0 0.968078 -0.251879 0.0392556 0.966962 -0.256614 0.0447753 0.965476 -0.262147 0.0494482 0.96376 -0.26965 0.055093 0.961381 -0.83952 0.515515 0.171609 -0.852037 0.523201 0.0171101 -0.859388 0.511247 0.00887304 -0.830195 0.512798 -0.218663 -0.652126 0.43799 -0.618786 -0.556554 0.355759 -0.750788 -0.476654 0.337313 -0.811801 -0.421257 0.286359 -0.860547 -0.379484 0.271265 -0.884538 -0.262788 0.146273 -0.953702 -0.132286 0.0816339 -0.987844 -0.101698 0.0507915 -0.993518 -0.155298 0.0504368 -0.986579 -0.17775 0.0579345 -0.982369 -0.826795 0.559343 -0.0595401 -0.825905 0.555408 -0.0969688 -0.823451 0.567128 0.0171519 -0.822595 0.568407 0.0158673 -0.822683 0.568467 0.00618016 -0.810095 0.586267 0.00608558 -0.811607 0.584188 0.00434908 -0.811347 0.584001 -0.0256637 -0.819537 0.567528 -0.0791877 -0.758363 0.651305 -0.0262258 -0.749263 0.661208 -0.0375322 -0.747333 0.663097 -0.0423782 -0.748846 0.659221 -0.0682449 -0.752758 0.653253 -0.0813359 -0.103303 0 -0.99465 -0.142402 0.0339479 -0.989227 -0.1143 0.0111298 -0.993384 -0.0834679 -0.0232347 -0.99624 -0.0989914 -0.00348485 -0.995082 -0.0906969 -0.0118548 -0.995808 -0.0834711 -0.0215541 -0.996277 -0.0828145 -0.0541182 -0.995094 0 0 1 0 0 1 0 0 1 0 0 1 0 0 1 0 0 1 0 0 1 0 0 1 0 0 1 0 0 1 0 0 1 0 0 1 0 0 1 0 0 1 0 0 1 0 0 1 -0.604603 0.476562 0.638235 -0.674016 0.448068 0.587315 -0.834553 0.52108 0.178877 -0.00191939 -0.999871 0.0159745 -0.166893 -0.0504799 0.984682 -0.169155 -0.0376432 0.98487 -0.171763 -0.0318725 0.984623 -0.173288 -0.0305891 0.984396 -0.208595 0 0.978002 -0.212784 0.00487075 0.977087 -0.822398 0.566402 0.0533768 -0.745835 0.659422 -0.0943011 -0.735911 0.664946 -0.127604 -0.570388 0.471562 -0.672523 -0.558018 0.437709 -0.705002 -0.485021 0.377935 -0.788619 -0.441376 0.369762 -0.817596 -0.372719 0.272691 -0.886972 -0.262979 0.222861 -0.938709 -0.123976 0.0817223 -0.988914 -0.00562957 0.00281159 -0.99998 -0.0524028 0.0461106 -0.997561 -0.041955 0.0391547 -0.998352 -0.00560643 0.00280387 -0.99998 -0.0210381 0.00281101 -0.999775 -0.0545014 0.0111866 -0.998451 -0.122844 0.0340377 -0.991842 -0.813183 0.581142 0.0317497 -0.813493 0.581364 0.0156917 -0.807769 0.589429 0.00912864 -0.807775 0.589433 0.00827676 -0.809329 0.587319 0.00652292 -0.763692 0.645546 0.00676499 -0.760497 0.649321 0.00515737 -0.75862 0.651526 0.003263 -0.753673 0.657242 0.00329162 -0.752159 0.658976 0.0027121 -0.750758 0.660575 0.00190922 -0.749792 0.661674 0.000803413 -0.69089 0.72296 0.0007403 -0.690267 0.722309 -0.042445 -0.689787 0.72274 -0.0429113 -0.685288 0.718026 -0.121732 -0.686428 0.715843 -0.128008 -0.0231079 -0.00350109 -0.999727 -0.0126064 0 -0.999921 -0.00911331 -0.00560111 -0.999943 -0.00911318 -0.00776229 -0.999928 -0.0092241 -0.00899235 -0.999917 -0.0556182 -0.0542208 -0.996979 -0.0545226 -0.0118862 -0.998442 -0.0293902 -0.00559892 -0.999552 -0.0231196 -0.00350695 -0.999727 -0.55592 0.50286 0.66188 -0.591377 0.49179 0.639074 -0.76711 0.640701 0.0323309 -0.745533 0.660256 0.0907872 -0.75761 0.650809 0.0497499 -0.488135 0.519537 -0.701288 -0.461721 0.453258 -0.762477 -0.430064 0.424743 -0.796642 -0.230741 0.224758 -0.946701 -0.399898 0.428394 -0.810284 -0.233808 0.266327 -0.935096 -0.22893 0.255654 -0.939272 0 0 -1 0 0 -1 0 0 -1 0 0 -1 0 0 -1 0 0 -1 -0.0363711 0.0363689 -0.998676 -0.0627302 0.090719 -0.993899 -0.0363415 0.0543326 -0.997861 -0.767478 0.641009 0.00921397 -0.766687 0.641966 0.00840763 -0.763945 0.645243 0.00702303 -0.75853 0.6516 0.00706449 -0.756929 0.653477 0.00518134 -0.679364 0.728121 0.0911238 -0.677744 0.730493 0.0839233 -0.680127 0.733062 0.00682085 -0.682324 0.731035 0.0046346 -0.688207 0.72551 0.00268599 -0.68968 0.724112 0.00194984 -0.675409 0.737429 0.00459915 -0.674909 0.736884 -0.038729 -0.679315 0.73259 -0.0429208 -0.676332 0.729373 -0.102908 -0.606147 0.788861 -0.101411 -0.594138 0.795454 -0.119383 -0.525896 0.802942 -0.280566 -0.43145 0.610296 -0.664372 -0.417374 0.490364 -0.765076 -0.00701772 -0.00350781 -0.999969 -0.0078665 -0.00776237 -0.999939 -0.515245 0.544157 0.66213 -0.508896 0.566091 0.64851 1 0 0 1 0 0 1 0 0 1 0 0 1 0 0 1 0 0 1 0 0 1 0 0 1 0 0 1 0 0 1 0 0 1 0 0 1 0 0 1 0 0 -0.394978 0.464662 -0.792516 -0.357673 0.472328 -0.805591 -0.281397 0.414237 -0.865577 -0.227689 0.344849 -0.910625 -0.0601662 0.296055 -0.953274 0 0.0406531 -0.999173 -0.665213 0.744148 0.0611225 -0.49668 0.577278 0.648119 -0.466877 0.657261 0.591637 -0.539445 0.806261 0.242781 -0.609243 0.789672 0.0724029 -0.616916 0.784703 0.060457 -0.666425 0.745505 0.00997675 -0.668595 0.743583 0.00803444 -0.67136 0.741101 0.00679132 -0.672156 0.740385 0.00607162 -0.621411 0.783462 0.00594351 -0.61793 0.786228 0.00262588 -0.617481 0.785656 -0.0382266 -0.608634 0.792098 -0.0463118 -0.605608 0.794406 -0.0464467 -0.597556 0.80003 -0.0536434 -0.537391 0.841709 -0.0523259 -0.534516 0.843416 -0.0542348 -0.515929 0.814088 -0.266604 -0.489014 0.831773 -0.262715 -0.399153 0.868514 -0.293872 -0.318078 0.515421 -0.795718 -0.368664 0.528458 -0.764734 -0.231817 0.719333 0.654844 -0.264258 0.492392 -0.829288 -0.617982 0.786059 0.0144356 -0.62286 0.782271 0.00989539 -0.254393 0.715494 0.650655 -0.340776 0.701059 0.626409 -0.36888 0.854466 0.365808 -0.491192 0.841563 0.224728 -0.492849 0.840786 0.224008 -0.528878 0.817314 0.228662 -0.543208 0.839459 0.0152873 -0.610776 0.791659 0.0151558 -0.61147 0.791135 0.0145288 -0.622871 0.782284 0.00793412 -0.621409 0.783459 0.00654635 -0.611521 0.791201 0.00661104 -0.608527 0.793523 0.00393762 -0.60853 0.793527 0.00265025 -0.606263 0.795264 0.000649907 -0.538128 0.842863 0.000576887 -0.536122 0.844138 0.00198282 -0.507314 0.861759 0.00198135 -0.506057 0.862499 0.00143898 -0.505375 0.861336 -0.0519282 -0.506727 0.860442 -0.0535506 -0.506078 0.860799 -0.0539427 -0.505665 0.862649 0.0117738 -0.508412 0.86107 0.00867376 -0.534088 0.845383 0.00881527 -0.534102 0.845405 0.00511759 -0.536119 0.844134 0.0037114 -0.507964 0.861363 0.0050587 -0.507309 0.861752 0.00460757 -0.506129 0.862428 0.00714693 -0.130746 -0.991389 -0.00734674 1 0 0 1 0 0 1 0 0 1 0 0 1 0 0 1 0 0 1 0 0 1 0 0 1 0 0 1 0 0 1 0 0 1 0 0 1 0 0 1 0 0 1 0 0 1 0 0 1 0 0 1 0 0 1 0 0 1 0 0 1 0 0 1 0 0 1 0 0 1 0 0 -0.12603 -0.992026 0 -0.13075 -0.991415 -0.000224936 -0.280931 -0.959703 -0.00694842 -0.278266 -0.960466 -0.00853329 -0.133788 -0.990971 -0.00880431 -0.135833 -0.990732 0 -0.280856 -0.95975 0 -0.280938 -0.959726 -7.2685e-06 -0.133509 -0.988904 -0.0651534 0 0 1 0 0 1 0 0 1 0 0 1 0 0 1 0 0 1 0 0 1 0 0 1 0 0 1 0 0 1 0 0 1 0 0 1 0 0 1 0 0 1 0 0 1 0 0 1 0 0 1 0 0 1 0 0 1 0 0 1 0 0 1 0 0 1 0 0 1 0 0 1 0 0 1 0 0 1 0 0 1 0 0 1 0 0 1 0 0 1 0 0 1 0 0 1 0 0 1 -0.649126 -0.76062 -0.00957733 -0.281214 -0.959645 0 -0.647039 -0.762457 0 -0.649156 -0.760655 -7.91902e-05 -0.651703 -0.758382 -0.0118338 -0.651221 -0.757822 -0.0402211 -0.278133 -0.960008 -0.0320498 -0.243076 -0.967942 -0.0632717 -0.14372 -0.987138 -0.0700205 -0.14391 -0.983609 -0.108646 -0.141865 -0.983836 -0.109272 0.964157 0.195457 0.179441 -0.688923 -0.724771 -0.00962039 -0.686589 -0.726948 -0.0119341 -0.649775 -0.760127 0 -0.688636 -0.725107 0 -0.688955 -0.724804 -4.7043e-05 -0.685651 -0.725955 -0.0535863 -0.670578 -0.738716 -0.0679978 -0.670051 -0.739202 -0.0679122 -0.625736 -0.765946 -0.147585 -0.269777 -0.957428 -0.102726 -0.236435 -0.961114 -0.142682 -0.200543 -0.924049 -0.325447 -0.171936 -0.927302 -0.33249 -0.150863 -0.932174 -0.329077 -0.105041 -0.944725 -0.310582 -0.0790721 -0.982219 -0.170274 -0.293728 -0.927442 -0.231463 0 1 0 0 1 0 0 1 0 0 1 0 0 1 0 0 1 0 0 1 0 0 1 0 0 1 0 0 1 0 0 1 0 0 1 0 0 1 0 0 1 0 0 1 0 0 1 0 0 1 0 0 1 0 0 1 0 0 1 0 0 1 0 0 1 0 0 1 0 0 1 0 0 1 0 0 1 0 0 1 0 -0.840828 -0.541224 -0.00920001 -0.690032 -0.723779 0 -0.840864 -0.541247 0 -0.845244 -0.534165 -0.0151861 -0.844263 -0.533546 -0.0504845 -0.853975 -0.512411 -0.0903463 -0.668489 -0.737381 -0.0969125 -0.855589 -0.51338 -0.0663986 -0.635342 -0.756996 -0.152639 -0.628262 -0.762322 -0.15541 -0.572984 -0.785176 -0.23492 -0.434965 -0.851539 -0.292721 -0.415525 -0.855103 -0.310061 -0.407396 -0.857511 -0.314173 -0.296411 -0.857427 -0.420666 -0.145032 -0.88828 -0.435803 -0.150067 -0.919121 -0.364276 -1 0 0 -1 0 0 -0.134432 -0.154086 -0.97887 -0.856433 -0.516259 0.000480737 -0.857708 -0.514135 -0.00152643 -0.857607 -0.514074 -0.0154082 -0.84271 -0.538368 0.000473034 -0.84334 -0.53738 0.000775487 -0.84328 -0.537473 0.000710465 -0.864312 -0.502254 -0.0265521 -0.862677 -0.501304 -0.0669487 -0.868555 -0.477541 -0.132539 -0.872912 -0.479936 -0.0876741 -0.842682 -0.500499 -0.198463 -0.660853 -0.71936 -0.213997 -0.869291 -0.471554 -0.14822 -0.642028 -0.725593 -0.24762 -0.661758 -0.67064 -0.33514 -0.671988 -0.681008 -0.290963 -0.678997 -0.626478 -0.382737 -0.630078 -0.631615 -0.451736 -0.394133 -0.731939 -0.555809 -0.313644 -0.802743 -0.507179 -0.67999 -0.627495 -0.379294 -0.13345 -0.885211 -0.445637 -0.141381 -0.887925 -0.437723 -0.153786 -0.835345 -0.527777 -0.140174 -0.842656 -0.519888 -0.999984 0 -0.0056128 -0.999828 -0.0185325 0 -0.137395 -0.162169 -0.977151 -0.137461 -0.162251 -0.977128 -0.302901 -0.156111 -0.940149 -0.330629 -0.138631 -0.933523 -0.343181 -0.116867 -0.931971 -0.856586 -0.516004 0.000721671 -0.874456 -0.485103 0.0010965 -0.876556 -0.4813 0.000506783 -0.876555 -0.481299 -0.00142894 -0.856712 -0.515794 0.000787798 -0.85756 -0.514382 0.00110398 -0.879167 -0.475811 -0.0258659 -0.879451 -0.475964 -0.00487412 -0.858186 -0.513334 0.00213445 -0.858094 -0.51349 0.00148337 -0.887523 -0.459364 -0.0358923 -0.884805 -0.457957 -0.0859925 -0.887488 -0.439072 -0.139933 -0.875853 -0.455668 -0.158897 -0.872672 -0.461338 -0.160033 -0.892266 -0.441436 -0.0948492 -0.865368 -0.459658 -0.199631 -0.844217 -0.493895 -0.208244 -0.798457 -0.542172 -0.261757 -0.763646 -0.578524 -0.286626 -0.836644 -0.414341 -0.358258 -0.805337 -0.447345 -0.388991 -0.682121 -0.599679 -0.418445 -0.866616 -0.435434 -0.243668 -0.873852 -0.384984 -0.296936 -0.6585 -0.602009 -0.451623 -0.630521 -0.538 -0.559464 -0.476951 -0.610632 -0.632176 -0.357931 -0.718656 -0.59617 -0.665635 -0.537327 -0.51789 -0.354331 -0.719321 -0.597517 -0.216062 -0.758584 -0.614709 -0.159166 -0.778296 -0.60739 -0.114432 -0.782742 -0.611735 -0.999663 -0.00590415 -0.0252986 -0.999888 -0.00590548 -0.0137621 -0.999858 -0.00730122 -0.0151569 -0.999787 -0.0140393 -0.0151558 -0.999761 -0.0196554 -0.00954187 -0.999806 -0.0196563 -0.000917715 -0.998825 -0.0484596 -0.000916812 -0.998813 -0.0487071 -0.000805335 -0.0405091 -0.201913 -0.978565 -0.136633 -0.195004 -0.971239 -0.177155 -0.203258 -0.962965 -0.25443 -0.202068 -0.945745 -0.350266 -0.249286 -0.902868 -0.47752 -0.236647 -0.846152 -0.567168 -0.218911 -0.793976 -0.620778 -0.201242 -0.757718 -0.640535 -0.189251 -0.744243 -0.6521 -0.169845 -0.738863 -0.650058 -0.1662 -0.741486 -0.265785 -0.221566 -0.938225 -0.652644 -0.140969 -0.744435 -0.651484 -0.137555 -0.746088 -0.650818 -0.136898 -0.74679 -0.873777 -0.486325 0.00145642 -0.873638 -0.486572 0.00217301 -0.891842 -0.452346 0.000476297 -0.892836 -0.450355 -0.00485077 -0.892847 -0.450361 0 -0.894863 -0.444919 -0.0355949 -0.895385 -0.445178 -0.0100691 -0.900151 -0.433034 -0.0470022 -0.897147 -0.431589 -0.0941133 -0.900334 -0.413138 -0.136804 -0.903541 -0.41461 -0.108228 -0.904942 -0.380643 -0.19024 -0.883268 -0.424682 -0.198701 -0.910565 -0.373607 -0.176887 -0.873005 -0.434763 -0.221006 -0.871574 -0.437925 -0.220411 -0.873993 -0.384632 -0.296975 -0.87467 -0.369907 -0.313243 -0.873036 -0.366161 -0.322079 -0.867822 -0.364728 -0.337428 -0.83561 -0.341236 -0.430481 -0.79717 -0.377556 -0.471139 -0.711632 -0.48476 -0.508515 -0.867075 -0.320729 -0.381202 -0.700888 -0.492269 -0.516166 -0.882162 -0.385736 -0.27018 -0.666795 -0.493589 -0.558349 -0.622652 -0.419485 -0.660558 -0.368773 -0.529351 -0.764064 -0.343938 -0.555291 -0.757204 -0.347527 -0.567766 -0.746235 -0.653814 -0.419291 -0.629859 -0.287353 -0.710938 -0.641869 -0.285872 -0.610138 -0.738924 -0.194131 -0.570466 -0.798048 -0.154866 -0.564715 -0.810625 -0.0387589 -0.572599 -0.818919 -0.0511216 -0.755238 -0.653454 -0.998393 -0.0138995 -0.054935 -0.999292 -0.013912 -0.0349643 -0.99964 -0.00729963 -0.02583 -0.999294 -0.0140324 -0.0348438 -0.998807 -0.0342255 -0.0348268 -0.998779 -0.0398374 -0.0292069 -0.99916 -0.0398526 -0.00953613 -0.99879 -0.049178 -0.000756929 -0.996576 -0.0773694 -0.0291425 -0.996065 -0.0862964 -0.0201644 -0.996268 -0.086314 -0.000755018 -0.0461372 -0.252524 -0.96649 -0.235935 -0.268861 -0.933835 -0.24319 -0.266455 -0.932663 -0.255235 -0.254646 -0.932744 -0.248371 -0.239552 -0.938577 -0.0699901 -0.276672 -0.958412 -0.212631 -0.27161 -0.938624 -0.270823 -0.260749 -0.926642 -0.253009 -0.265492 -0.930323 -0.24459 -0.268646 -0.931668 -0.243369 -0.269847 -0.931641 -0.243923 -0.271233 -0.931093 -0.247974 -0.271804 -0.929856 -0.248797 -0.271863 -0.929618 -0.310235 -0.270174 -0.911461 -0.501771 -0.240386 -0.830927 -0.580148 -0.228385 -0.781837 -0.608521 -0.221973 -0.76186 -0.634782 -0.217166 -0.741547 -0.647503 -0.213725 -0.731479 -0.649344 -0.212754 -0.730128 -0.649872 -0.209076 -0.730721 -0.642594 -0.201883 -0.739132 -0.643508 -0.195 -0.740184 -0.694572 -0.143843 -0.704897 -0.717777 -0.193795 -0.66876 -0.742043 -0.187163 -0.643694 -0.752641 -0.183867 -0.632237 -0.843373 -0.147911 -0.516569 -0.843537 -0.147752 -0.516348 -0.84546 -0.144449 -0.514132 -0.842697 -0.134924 -0.521208 -0.695823 -0.142471 -0.70394 -0.725844 -0.118927 -0.677501 -0.735218 -0.0985977 -0.670622 -0.905146 -0.425102 0 -0.905645 -0.423915 -0.0101845 -0.905692 -0.423937 -5.43455e-05 -0.908345 -0.415524 -0.0474301 -0.909235 -0.415931 -0.0171328 -0.916415 -0.394763 -0.0659193 -0.912905 -0.393251 -0.10935 -0.913883 -0.364889 -0.17797 -0.919943 -0.368669 -0.133373 -0.915909 -0.351528 -0.193746 -0.908996 -0.349196 -0.227569 -0.891403 -0.368958 -0.263193 -0.908629 -0.348444 -0.230175 -0.89234 -0.352324 -0.282129 -0.889759 -0.27681 -0.362911 -0.872278 -0.307432 -0.380285 -0.910966 -0.31271 -0.268986 -0.910908 -0.268361 -0.313414 -0.908635 -0.264293 -0.323313 -0.871503 -0.307248 -0.382206 -0.870562 -0.288843 -0.398361 -0.868446 -0.288311 -0.403334 -0.768721 -0.252252 -0.587739 -0.732357 -0.274201 -0.623272 -0.664568 -0.353333 -0.658411 -0.661709 -0.363684 -0.655649 -0.66542 -0.40272 -0.628517 -0.859957 -0.233575 -0.45378 -0.421717 -0.290316 -0.858994 -0.380998 -0.296014 -0.875909 -0.347527 -0.304577 -0.886825 -0.264528 -0.384067 -0.8846 -0.285046 -0.480499 -0.829379 -0.651261 -0.318082 -0.688973 -0.149924 -0.49563 -0.855496 -0.149086 -0.497002 -0.854846 -0.995735 -0.0220376 -0.0895931 -0.996989 -0.0220654 -0.0743354 -0.996736 -0.0235163 -0.0772282 -0.99643 -0.034144 -0.0772045 -0.996305 -0.0352599 -0.0783144 -0.994749 -0.0660364 -0.0781921 -0.994758 -0.0772282 -0.0670239 -0.99623 -0.0867458 -0.000559788 -0.996208 -0.0870054 -0.00034651 -0.991217 -0.114145 -0.0667853 -0.99033 -0.128508 -0.0522675 -0.991486 -0.128658 -0.0200717 -0.990519 -0.13688 -0.0116964 -0.990586 -0.136889 -0.00055661 -0.0523307 -0.277111 -0.959412 -0.241245 -0.269112 -0.932405 -0.117405 -0.340367 -0.932934 -0.140159 -0.34019 -0.929853 -0.208133 -0.318446 -0.92481 -0.25084 -0.277906 -0.92728 -0.24854 -0.272112 -0.929614 -0.320161 -0.303601 -0.897398 -0.569446 -0.252715 -0.782219 -0.609022 -0.230824 -0.758823 -0.642145 -0.217514 -0.735077 -0.647148 -0.216161 -0.731077 -0.66442 -0.2087 -0.717629 -0.661908 -0.209237 -0.71979 -0.649004 -0.216161 -0.72943 -0.670799 -0.208697 -0.71167 -0.846935 -0.124196 -0.516988 -0.841154 -0.112189 -0.529031 -0.821515 -0.160964 -0.546996 -0.649889 -0.217817 -0.728148 -0.815246 -0.209058 -0.540064 -0.842326 -0.168409 -0.511982 -0.839864 -0.158935 -0.519007 -0.843181 -0.151243 -0.515917 -0.843778 -0.150836 -0.515061 -0.844236 -0.150348 -0.514452 -0.849718 -0.143362 -0.507372 -0.849421 -0.143335 -0.507877 -0.849336 -0.143388 -0.508004 -0.854156 -0.145076 -0.499369 -0.853584 -0.135821 -0.502938 -0.854285 -0.126756 -0.504114 -0.84271 -0.094494 -0.53001 -0.842316 -0.0923204 -0.531019 -0.84229 -0.0922767 -0.531067 -0.905851 -0.423596 0 -0.9201 -0.391332 -0.016592 -0.920049 -0.391803 0 -0.920227 -0.391386 -4.4951e-05 -0.923131 -0.379029 -0.0645544 -0.924812 -0.379719 -0.0231393 -0.931316 -0.356279 -0.0756047 -0.927114 -0.354671 -0.121115 -0.921523 -0.364983 -0.132596 -0.928842 -0.32313 -0.181215 -0.923152 -0.330242 -0.196803 -0.927809 -0.289048 -0.235845 -0.919043 -0.287194 -0.269963 -0.912182 -0.311706 -0.266012 -0.903468 -0.235766 -0.357995 -0.888982 -0.262837 -0.375005 -0.905394 -0.234449 -0.35397 -0.875419 -0.272641 -0.399134 -0.919072 -0.273171 -0.284048 -0.923264 -0.257561 -0.285037 -0.919914 -0.216195 -0.327136 -0.910194 -0.212556 -0.355482 -0.862363 -0.221944 -0.45505 -0.86587 -0.223425 -0.447605 -0.815239 -0.209097 -0.540059 -0.855336 -0.201322 -0.477357 -0.643512 -0.256995 -0.721003 -0.660467 -0.274926 -0.698712 -0.13696 -0.3945 -0.908632 -0.139135 -0.48183 -0.865148 -0.130512 -0.398319 -0.907915 -0.99053 -0.0321497 -0.133476 -0.993307 -0.0322398 -0.110912 -0.995652 -0.0234907 -0.0901402 -0.992551 -0.0351271 -0.116657 -0.991674 -0.0373243 -0.123246 -0.991197 -0.038976 -0.12653 -0.990826 -0.0411892 -0.128713 -0.989873 -0.0601436 -0.128589 -0.990219 -0.0657357 -0.123065 -0.98757 -0.0981921 -0.122736 -0.98771 -0.113742 -0.107201 -0.996044 -0.0888634 0 -0.995819 -0.0913133 0.00247689 -0.990511 -0.137435 0 -0.990511 -0.137435 0 -0.983529 -0.145859 -0.106747 -0.982624 -0.162286 -0.0900705 -0.9853 -0.162727 -0.052002 -0.983301 -0.178416 -0.0358855 -0.983868 -0.178519 -0.0116179 -0.982835 -0.184404 -0.00552727 -0.98285 -0.184407 -7.23508e-05 -0.982888 -0.184205 0 -0.856408 -0.09603 -0.50729 -0.85684 -0.123164 -0.500656 -0.858954 -0.101509 -0.501891 -0.858629 -0.0995873 -0.50283 -0.858903 -0.179245 -0.479746 -0.853125 -0.165309 -0.494824 -0.854334 -0.154784 -0.496141 -0.855253 -0.15353 -0.494945 -0.856399 -0.144754 -0.495608 -0.856274 -0.144422 -0.495921 -0.856218 -0.144426 -0.496017 -0.856902 -0.142585 -0.495368 -0.856634 -0.141659 -0.496095 -0.860261 -0.134868 -0.491693 -0.868852 -0.127678 -0.478324 -0.872863 -0.123005 -0.472207 -0.873104 -0.120779 -0.472337 -0.935038 -0.354547 -0.000526229 -0.935919 -0.352204 -0.00262756 -0.935685 -0.352116 -0.0225553 -0.920826 -0.389975 0 -0.934055 -0.35713 0 -0.934658 -0.355548 -7.6283e-05 -0.937194 -0.340792 -0.0743486 -0.939323 -0.341566 -0.0316935 -0.942557 -0.322141 -0.0883798 -0.939829 -0.321208 -0.116387 -0.940143 -0.293308 -0.1735 -0.946745 -0.282329 -0.154804 -0.941891 -0.268199 -0.202264 -0.928648 -0.287034 -0.234999 -0.929081 -0.251363 -0.27134 -0.901435 -0.196806 -0.385592 -0.899781 -0.200506 -0.387545 -0.908724 -0.199207 -0.366795 -0.871649 -0.211058 -0.442361 -0.92279 -0.208975 -0.32371 -0.939509 -0.224992 -0.258267 -0.93831 -0.197258 -0.284014 -0.918188 -0.168608 -0.358473 -0.913594 -0.171262 -0.368802 -0.865349 -0.17703 -0.468861 -0.98246 -0.0391357 -0.182322 -0.989536 -0.0394175 -0.138799 -0.98972 -0.038918 -0.137619 -0.990094 -0.0372649 -0.135369 -0.98899 -0.0411129 -0.142155 -0.984521 -0.0497771 -0.16805 -0.983238 -0.0530228 -0.174448 -0.982232 -0.0573836 -0.178683 -0.9821 -0.0596713 -0.178659 -0.980915 -0.0645678 -0.183402 -0.979235 -0.0870479 -0.183088 -0.980055 -0.097445 -0.173195 -0.977407 -0.123446 -0.17157 -0.979033 -0.144096 -0.143978 -0.979326 -0.145236 -0.140809 -0.990583 -0.136889 0.00246387 -0.977639 -0.184069 -0.101693 -0.97877 -0.184282 -0.0897172 -0.975702 -0.205766 -0.0752685 -0.977855 -0.20622 -0.0356868 -0.975242 -0.219809 -0.0242225 -0.975514 -0.21987 -0.0054861 -0.974352 -0.225027 -0.000882395 -0.974353 -0.225027 0 -0.974353 -0.225027 0 -0.982721 -0.185093 0 -0.879636 -0.113035 -0.462021 -0.880986 -0.0987125 -0.46273 -0.883076 -0.0933236 -0.459855 -0.870035 -0.169732 -0.46285 -0.872842 -0.150103 -0.464344 -0.876694 -0.145545 -0.458502 -0.87728 -0.140978 -0.458808 -0.881874 -0.133749 -0.452116 -0.876893 -0.134709 -0.461424 -0.86165 -0.14176 -0.487301 -0.886034 -0.129669 -0.445118 -0.887336 -0.128757 -0.442783 -0.888263 -0.128023 -0.441134 -0.888665 -0.127196 -0.440563 -0.887867 -0.12424 -0.443008 -0.888252 -0.120753 -0.443201 -0.887997 -0.120284 -0.443838 -0.888923 -0.111407 -0.444301 -0.946814 -0.321781 -0.000532856 -0.934751 -0.355304 0 -0.946908 -0.321505 0 -0.94697 -0.321322 -2.0688e-05 -0.946811 -0.32178 -0.00265814 -0.948578 -0.314921 -0.0320058 -0.949016 -0.315066 -0.010124 -0.949513 -0.300828 -0.089032 -0.952264 -0.3017 -0.0465904 -0.953134 -0.282165 -0.109172 -0.947287 -0.280434 -0.154931 -0.949032 -0.2621 -0.175051 -0.944318 -0.261587 -0.199591 -0.945184 -0.218526 -0.24264 -0.907651 -0.151146 -0.391568 -0.895652 -0.149148 -0.419002 -0.893564 -0.163701 -0.418025 -0.922671 -0.160147 -0.350759 -0.942662 -0.185127 -0.277697 -0.937933 -0.152569 -0.311455 -0.948066 -0.204812 -0.243359 -0.947194 -0.186449 -0.260883 -0.927104 -0.127521 -0.352444 -0.909949 -0.133752 -0.392559 -0.973623 -0.0531491 -0.221885 -0.979942 -0.0534941 -0.191969 -0.980266 -0.0528625 -0.190485 -0.981275 -0.049613 -0.186114 -0.9783 -0.0571539 -0.199154 -0.97427 -0.0629399 -0.216417 -0.973692 -0.0640923 -0.218671 -0.972864 -0.0652087 -0.222 -0.971818 -0.0683898 -0.225593 -0.971466 -0.073477 -0.225511 -0.973507 -0.0841183 -0.212622 -0.973652 -0.0843926 -0.21185 -0.976718 -0.124526 -0.174689 -0.974563 -0.132352 -0.180857 -0.970764 -0.158629 -0.180152 -0.966497 -0.172655 -0.189931 -0.964357 -0.228803 -0.132906 -0.964526 -0.229853 -0.129832 -0.971004 -0.213047 -0.108455 -0.973904 -0.213684 -0.0764834 -0.968758 -0.238711 -0.0672732 -0.970654 -0.239179 -0.0249847 -0.967413 -0.25253 -0.0184481 -0.967578 -0.252573 -0.000919475 -0.967126 -0.254299 0 -0.891824 -0.10671 -0.439617 -0.893157 -0.0918119 -0.440274 -0.894382 -0.0870917 -0.438744 -0.892752 -0.14187 -0.427629 -0.889851 -0.127781 -0.437992 -0.894513 -0.127507 -0.428472 -0.889079 -0.127538 -0.439627 -0.889272 -0.127352 -0.439291 -0.895612 -0.123261 -0.427418 -0.896931 -0.121933 -0.425026 -0.897337 -0.121664 -0.424246 -0.900514 -0.11842 -0.418391 -0.901603 -0.10788 -0.418896 -0.955086 -0.296155 -0.0101888 -0.946996 -0.321245 0 -0.955135 -0.29617 0 -0.958103 -0.282563 -0.0468761 -0.958971 -0.282819 -0.0196824 -0.961523 -0.251682 -0.110133 -0.965073 -0.252611 -0.069433 -0.958487 -0.223712 -0.176795 -0.95897 -0.207168 -0.193539 -0.906673 -0.124595 -0.403013 -0.900492 -0.122215 -0.417346 -0.898363 -0.123639 -0.421495 -0.930451 -0.121605 -0.34565 -0.940766 -0.131785 -0.312396 -0.936821 -0.117482 -0.32949 -0.952627 -0.153815 -0.26238 -0.950129 -0.133097 -0.28203 -0.964552 -0.175105 -0.197426 -0.962538 -0.155415 -0.222185 -0.907683 -0.121441 -0.401701 -0.92954 -0.114664 -0.350438 -0.966585 -0.0623435 -0.24865 -0.966717 -0.0632788 -0.247901 -0.972468 -0.0605237 -0.225041 -0.97233 -0.0628145 -0.225009 -0.971337 -0.0656234 -0.228467 -0.96788 -0.0697045 -0.241558 -0.967484 -0.0702731 -0.242973 -0.967451 -0.0707599 -0.242964 -0.966004 -0.0739669 -0.247718 -0.965802 -0.0767323 -0.247666 -0.962662 -0.0849067 -0.257045 -0.963383 -0.0910685 -0.252189 -0.958512 -0.107956 -0.263817 -0.963684 -0.147751 -0.222449 -0.955368 -0.295417 0.000166572 -0.966857 -0.25532 0.000168575 -0.90325 -0.105023 -0.416064 -0.904741 -0.0881005 -0.416751 -0.906148 -0.0831434 -0.414708 -0.900586 -0.122104 -0.417176 -0.902554 -0.118288 -0.41401 -0.902329 -0.120754 -0.413788 -0.904303 -0.118849 -0.410013 -0.90804 -0.115997 -0.402501 -0.911713 -0.11196 -0.395277 -0.914668 -0.106607 -0.389893 -0.915078 -0.102373 -0.390068 -0.907099 -0.119061 -0.403728 -0.938934 -0.101596 -0.328759 -0.935207 -0.100688 -0.339485 -0.934977 -0.100896 -0.340055 -0.934871 -0.101052 -0.340301 -0.953226 -0.106301 -0.282949 -0.952387 -0.10058 -0.287823 -0.940075 -0.0992802 -0.326193 -0.939702 -0.0997683 -0.327118 -0.930337 -0.1024 -0.352117 -0.918042 -0.110248 -0.380846 -0.908177 -0.116714 -0.401986 -0.957422 -0.0660784 -0.281029 -0.961639 -0.075736 -0.263655 -0.966024 -0.0710154 -0.248505 -0.966246 -0.07053 -0.24778 -0.95677 -0.0691714 -0.282499 -0.95613 -0.0782026 -0.28231 -0.96117 -0.0763506 -0.265186 -0.952749 -0.0899153 -0.290145 -0.953287 -0.0920367 -0.287704 -0.954315 -0.083176 -0.286992 -0.953142 -0.0852445 -0.290264 -0.918898 -0.0969634 -0.382394 -0.920254 -0.0804727 -0.382959 -0.921194 -0.0776269 -0.381282 -0.907716 -0.116831 -0.402992 -0.93045 -0.102318 -0.351845 -0.930586 -0.102196 -0.351518 -0.933288 -0.100107 -0.344894 -0.933401 -0.0999947 -0.344621 -0.934042 -0.092949 -0.344858 -0.936135 -0.0993896 -0.337302 -0.935842 -0.0995744 -0.338061 -0.933739 -0.0999592 -0.343715 -0.948781 -0.0895408 -0.302981 -0.946794 -0.0909489 -0.308723 -0.943167 -0.0943094 -0.318656 -0.94086 -0.0973918 -0.324495 -0.938705 -0.0971687 -0.330742 -0.948782 -0.0685939 -0.308395 -0.954364 -0.0825609 -0.287007 -0.947005 -0.0782433 -0.311545 -0.946726 -0.0819001 -0.311453 -0.943297 -0.0906129 -0.319344 -0.934342 -0.0923772 -0.344197 -0.935547 -0.0772966 -0.344641 -0.935381 -0.0753594 -0.345519 -0.93512 -0.0745812 -0.346393 -0.941045 -0.0940972 -0.324932 -0.941461 -0.093081 -0.324017 0 0 -1 0 0 -1 0 0 -1 0 0 -1 0 0 -1 0 0 -1 0 0 -1 0 0 -1 0 0 -1 0 0 -1 0 0 -1 0 0 -1 0 0 -1 0 0 -1 0 0 -1 0 0 -1 0 0 -1 0 0 -1 0 0 -1 0 0 -1 0 0 -1 0 0 -1 0 0 -1 0 0 -1 0 0 -1 1 0 0 1 0 0 1 0 0 1 0 0 1 0 0 1 0 0 1 0 0 1 0 0 1 0 0 1 0 0 1 0 0 1 0 0 1 0 0 1 0 0 1 0 0 1 0 0 1 0 0 1 0 0 1 0 0 1 0 0 1 0 0 1 0 0 1 0 0 1 0 0 1 0 0 1 0 0 1 0 0 1 0 0 1 0 0 -0.132465 -0.991188 0 -0.132465 -0.991188 0 -0.281041 -0.959696 0 -0.281041 -0.959696 0 0.96647 0.185479 -0.177574 -0.132448 -0.991189 0.0015266 -0.132465 -0.991186 0.00151851 -0.648596 -0.761133 0 -0.648596 -0.761133 0 -0.281041 -0.959695 0.00147027 0 1 0 0 1 0 0 1 0 0 1 0 0 1 0 0 1 0 0 1 0 0 1 0 0 1 0 0 1 0 0 1 0 0 1 0 0 1 0 0 1 0 0 1 0 0 1 0 0 1 0 0 1 0 0 1 0 0 1 0 0 1 0 0 1 0 0 1 0 0 1 0 0 1 0 0 1 0 0 1 0 0 1 0 0 1 0 0 1 0 0 1 0 0 1 0 0 1 0 0 1 0 0 1 0 0 1 0 0 1 0 0 1 0 -0.132393 -0.990772 0.0290514 -0.689386 -0.724394 0 -0.689386 -0.724394 0 -0.281839 -0.95946 0.00195258 -0.648587 -0.761137 0.00226503 -0.648594 -0.761131 0.00225881 -0.148034 -0.987959 0.0449782 -0.261925 -0.964514 0.0332968 -0.281787 -0.959283 0.0192786 -1 0 0 -1 0 0 -1 0 0 -0.127995 -0.143738 0.981304 -0.14786 -0.987978 0.045141 -0.843998 -0.536346 0 -0.689391 -0.724386 0.00227127 -0.689772 -0.724024 0.00189081 -0.689773 -0.724026 9.69962e-05 -0.648379 -0.760893 0.0254384 -0.14319 -0.985194 0.0942816 -0.208793 -0.971323 0.113743 -0.270561 -0.961482 0.0484726 -0.651779 -0.7558 0.0628583 -0.661531 -0.74886 0.0398067 -0.999824 -0.0185379 -0.0029018 -0.999867 -0.0162916 0 -0.999944 0 0.0105463 -0.298573 -0.0945165 0.949695 -0.243591 -0.164408 0.955842 -0.14583 -0.171144 0.974394 -0.137637 -0.166105 0.976455 -0.109077 -0.98845 0.105207 -0.844066 -0.536239 0.000118697 -0.847165 -0.531329 0.00099699 -0.857847 -0.513905 0.00100956 -0.674931 -0.736678 0.042113 -0.689117 -0.724097 0.0283194 -0.848375 -0.528732 0.0264965 -0.848667 -0.528914 0.00381407 -0.847164 -0.531329 0.00177103 -0.108536 -0.983548 0.144406 -0.264095 -0.943393 0.20066 -0.264529 -0.944943 0.19263 -0.667114 -0.739107 0.0931588 -0.498723 -0.826291 0.26176 -0.621494 -0.75748 0.199922 -0.659096 -0.739544 0.136628 -0.676307 -0.73259 0.0769494 -0.998814 -0.0485964 -0.00289887 -0.998723 -0.0505075 0.00112492 -0.998803 -0.0488286 0.00281049 -0.999863 -0.0162916 0.00281347 -0.998766 -0.0496234 -0.00187001 -0.998723 -0.0505076 -0.000725308 -0.999871 -0.0157294 0.00337659 -0.999989 -0.00337718 0.00337699 -0.999897 -0.00337687 0.0139216 -0.999812 -0.00564802 0.0185566 -0.999615 -0.00527202 0.0272446 -0.4866 -0.0933871 0.868619 -0.44571 -0.141094 0.883988 -0.439587 -0.148204 0.885889 -0.433221 -0.151695 0.88843 -0.141028 -0.179278 0.973638 -0.400215 -0.182495 0.898067 -0.369532 -0.196684 0.908164 -0.140167 -0.209577 0.967693 -0.0363225 -0.987464 0.15361 -0.870711 -0.491794 0.0012526 -0.873769 -0.486342 0.000498045 -0.873882 -0.486137 0.000422377 -0.858596 -0.512651 0.00125911 -0.859028 -0.511915 0.00386064 -0.859033 -0.511918 0.00149108 -0.854858 -0.517643 0.0355436 -0.853198 -0.516637 0.0716899 -0.862236 -0.505237 0.0358504 -0.862748 -0.505537 0.0099064 -0.0516347 -0.942774 0.32941 -0.135994 -0.902505 0.408645 -0.156998 -0.89929 0.408203 -0.179755 -0.898311 0.400906 -0.317435 -0.908294 0.272463 -0.421074 -0.854794 0.303354 -0.466996 -0.836792 0.285822 -0.663332 -0.733329 0.149059 -0.856042 -0.498278 0.13752 -0.867993 -0.484373 0.109412 -0.867068 -0.487602 0.102164 -0.665868 -0.699703 0.258913 -0.632595 -0.747784 0.201602 -0.65739 -0.690795 0.301066 -0.996225 -0.0868081 -0.000723494 -0.996063 -0.0886404 0.00112192 -0.996032 -0.0889894 0.00127541 -0.996006 -0.0889871 0.00727441 -0.996351 -0.0845376 0.0117567 -0.998738 -0.0488254 0.0117849 -0.998955 -0.0415393 0.0190834 -0.999694 -0.0157266 0.0190975 -0.999681 -0.0134818 0.0213416 -0.999737 -0.00843981 0.0213428 -0.999438 -0.00843728 0.0324517 -0.999557 -0.00527172 0.02929 -0.634814 -0.116473 0.763836 -0.634473 -0.117486 0.763964 -0.645738 -0.131011 0.752236 -0.64312 -0.158475 0.749187 -0.651658 -0.16678 0.739951 -0.647116 -0.203269 0.734794 -0.139412 -0.209943 0.967723 -0.649527 -0.206321 0.731811 -0.647832 -0.207555 0.732963 -0.629747 -0.214536 0.746587 -0.591645 -0.223656 0.774554 -0.368818 -0.197308 0.908319 -0.13689 -0.212406 0.967546 -0.260024 -0.24275 0.934591 -0.210832 -0.250131 0.944979 -0.135759 -0.246652 0.959548 -0.870117 -0.492843 0.00148395 -0.870077 -0.49282 0.00975503 -0.876255 -0.481548 0.017005 -0.89104 -0.453614 0.0167927 -0.891165 -0.453678 0.00150146 -0.89064 -0.454709 0.00046565 -0.890712 -0.454569 0.000394951 -0.891464 -0.453092 0 -0.870499 -0.489532 0.050891 -0.875264 -0.481003 0.0504971 -0.0814894 -0.892593 0.443438 -0.155511 -0.894877 0.418344 -0.260325 -0.848708 0.460354 -0.35184 -0.85601 0.378756 -0.349225 -0.860471 0.370988 -0.623657 -0.64809 0.437071 -0.623709 -0.648058 0.437045 -0.685498 -0.640181 0.346786 -0.814189 -0.525244 0.247417 -0.818165 -0.52051 0.244286 -0.865167 -0.46899 0.177577 -0.866377 -0.466922 0.17713 -0.874663 -0.467691 0.127397 -0.874825 -0.467406 0.127334 -0.880299 -0.45904 0.119821 -0.884981 -0.461481 0.0619956 -0.705311 -0.618358 0.346656 -0.745688 -0.583504 0.321671 -0.9958 -0.0915452 0.000946456 -0.990806 -0.13529 0.000941708 -0.990805 -0.13529 0.00166932 -0.991512 -0.129815 0.00724158 -0.991073 -0.129757 0.0306273 -0.992045 -0.118737 0.0418035 -0.995543 -0.084469 0.0419509 -0.995923 -0.0716301 0.0548365 -0.997628 -0.0414842 0.0549304 -0.997583 -0.0386794 0.0577305 -0.998115 -0.0207514 0.0577613 -0.998242 -0.0190992 0.056114 -0.998647 -0.0158092 0.0495472 -0.999 -0.0134727 0.0426398 -0.999092 -0.0124923 0.040723 -0.737209 0.153661 0.657959 -0.835532 -0.0967763 0.540852 -0.836015 -0.100789 0.539371 -0.818497 -0.123242 0.561136 -0.812542 -0.126983 0.568903 -0.798555 -0.140914 0.585195 -0.784885 -0.148387 0.601612 -0.738015 -0.167168 0.653749 -0.704225 -0.186046 0.685167 -0.654469 -0.204946 0.727782 -0.647047 -0.213069 0.732074 -0.680601 -0.204921 0.703413 -0.657262 -0.211607 0.723346 -0.650053 -0.213085 0.729401 -0.637837 -0.214892 0.739584 -0.59955 -0.224808 0.768115 -0.587768 -0.226945 0.776547 -0.582393 -0.22649 0.780718 -0.242462 -0.26035 0.934575 -0.437098 -0.254402 0.862684 -0.268639 -0.270924 0.924356 -0.249492 -0.271352 0.929582 -0.248772 -0.271297 0.929791 -0.246727 -0.271012 0.930418 -0.128302 -0.248093 0.960202 -0.10515 -0.270805 0.956874 -0.894486 -0.442881 0.0612482 -0.895849 -0.443557 0.0266754 -0.907336 -0.419536 0.0270174 -0.907657 -0.419685 0.00475775 -0.905943 -0.423397 0.00152634 -0.905944 -0.423398 0 -0.905944 -0.423398 0 -0.0883902 -0.797742 0.596486 -0.1409 -0.755415 0.639919 -0.224655 -0.754073 0.617174 -0.277238 -0.764061 0.582538 -0.304815 -0.746001 0.59209 -0.570727 -0.661339 0.486725 -0.644847 -0.626808 0.437361 -0.661099 -0.571287 0.486393 -0.858156 -0.422859 0.291132 -0.870421 -0.413877 0.266595 -0.863541 -0.447558 0.232355 -0.867705 -0.449716 0.211763 -0.868273 -0.460458 0.184608 -0.880757 -0.445319 0.161116 -0.908022 -0.389813 0.153432 -0.910166 -0.387249 0.147091 -0.899367 -0.421445 0.11629 -0.902672 -0.422993 0.0791183 -0.668911 -0.55522 0.494255 -0.718392 -0.50432 0.479139 -0.819433 -0.416455 0.393821 -0.860823 -0.389659 0.327336 -0.990581 -0.136928 0 -0.98284 -0.184459 0 -0.98284 -0.184459 0 -0.983138 -0.182858 0.0016564 -0.982956 -0.182824 0.0193285 -0.984616 -0.172065 0.0304278 -0.983082 -0.171797 0.0635206 -0.984777 -0.152727 0.0829944 -0.989455 -0.118427 0.0833886 -0.989757 -0.102335 0.0995412 -0.992443 -0.0713799 0.0998113 -0.992162 -0.0635546 0.107587 -0.993301 -0.0418608 0.107711 -0.993787 -0.0385322 0.104415 -0.99387 -0.0363022 0.104423 -0.994687 -0.0302274 0.0984054 -0.995786 -0.0251034 0.0882083 -0.996432 -0.022756 0.0812772 -0.996966 -0.0207275 0.075027 -0.997246 -0.0190801 0.0716737 -0.997533 -0.0157916 0.0684014 -0.850341 -0.0967432 0.517263 -0.851537 -0.099331 0.514799 -0.84945 -0.114293 0.515143 -0.845505 -0.120307 0.520237 -0.843932 -0.134678 0.519269 -0.842831 -0.136087 0.520689 -0.842005 -0.142971 0.520179 -0.844643 -0.150001 0.513886 -0.840907 -0.152559 0.519231 -0.838906 -0.153483 0.522188 -0.750595 -0.183698 0.634715 -0.69091 -0.202376 0.694037 -0.647829 -0.227876 0.726905 -0.726608 -0.20123 0.656923 -0.697602 -0.211879 0.68444 -0.656386 -0.234055 0.7172 -0.651507 -0.233069 0.721954 -0.633589 -0.262849 0.727651 -0.61648 -0.275633 0.737549 -0.463816 -0.251566 0.849464 -0.589648 -0.316269 0.743162 -0.418923 -0.394638 0.81778 -0.364822 -0.40528 0.838244 -0.260151 -0.349657 0.900034 -0.24011 -0.288389 0.926919 -0.256388 -0.272423 0.927389 -0.249607 -0.272361 0.929255 -0.249286 -0.271553 0.929578 -0.218136 -0.279885 0.934923 -0.105633 -0.29021 0.951115 -0.0568049 -0.289789 0.955403 -0.0554248 -0.273033 0.960407 -0.911656 -0.40311 0.0799057 -0.913828 -0.404071 0.0405625 -0.921523 -0.386292 0.039666 -0.922226 -0.386587 0.0071154 -0.920387 -0.390982 0.00455838 -0.920397 -0.390986 9.05475e-06 -0.920365 -0.391061 0 -0.138581 -0.75507 0.640831 -0.139209 -0.67323 0.726211 -0.150993 -0.659866 0.736056 -0.209692 -0.646089 0.733892 -0.279652 -0.639414 0.716201 -0.278206 -0.741663 0.610358 -0.297837 -0.627839 0.719105 -0.605075 -0.509441 0.611845 -0.65652 -0.507183 0.558343 -0.66935 -0.520356 0.530283 -0.870343 -0.37238 0.322237 -0.878887 -0.378633 0.290163 -0.873998 -0.405163 0.268275 -0.875782 -0.40599 0.261107 -0.914966 -0.353877 0.19393 -0.901802 -0.354716 0.246841 -0.911989 -0.341697 0.226977 -0.918611 -0.357595 0.168165 -0.915678 -0.373097 0.149443 -0.921426 -0.373436 0.107327 -0.921329 -0.373014 0.109604 -0.860498 -0.349924 0.370266 -0.646478 -0.470599 0.600502 -0.650425 -0.459517 0.604806 -0.694785 -0.396389 0.600125 -0.774876 -0.340831 0.532354 -0.858841 -0.312436 0.405925 -0.870965 -0.344195 0.350643 -0.974358 -0.225003 0 -0.974358 -0.225003 0 -0.974309 -0.224991 0.0100317 -0.976528 -0.214532 0.0192021 -0.975522 -0.214311 0.0492677 -0.978517 -0.196232 0.0632256 -0.976416 -0.19581 0.0909412 -0.979225 -0.159689 0.124971 -0.980425 -0.152052 0.125088 -0.980591 -0.136195 0.141043 -0.984671 -0.101809 0.14163 -0.984013 -0.0890216 0.154253 -0.985963 -0.0631575 0.154559 -0.985862 -0.0620462 0.155647 -0.986424 -0.0521024 0.155736 -0.987423 -0.0471621 0.150901 -0.989264 -0.0416907 0.140065 -0.989452 -0.0406484 0.139042 -0.990663 -0.0367358 0.131294 -0.990902 -0.0361938 0.129627 -0.992624 -0.0301647 0.117418 -0.993352 -0.025042 0.112361 -0.854019 -0.0986052 0.510812 -0.862124 -0.0965226 0.497419 -0.86275 -0.0994101 0.495762 -0.854391 -0.115713 0.506584 -0.858675 -0.129566 0.495873 -0.857822 -0.136895 0.49538 -0.858079 -0.137345 0.49481 -0.857342 -0.143345 0.494385 -0.857171 -0.14354 0.494625 -0.845781 -0.149653 0.512111 -0.840607 -0.153286 0.519503 -0.847612 -0.15035 0.50887 -0.844536 -0.153257 0.5131 -0.840816 -0.154035 0.518942 -0.83841 -0.155904 0.522266 -0.80864 -0.171036 0.562893 -0.655587 -0.304241 0.691117 -0.639986 -0.260409 0.722914 -0.849916 -0.165839 0.500141 -0.850319 -0.166275 0.49931 -0.862297 -0.213463 0.459213 -0.862096 -0.221308 0.455866 -0.830295 -0.274591 0.484983 -0.817095 -0.286158 0.500469 -0.641056 -0.327311 0.694201 -0.670153 -0.396431 0.627485 -0.648356 -0.42759 0.629922 -0.262683 -0.614443 0.743947 -0.249498 -0.49163 0.834297 -0.334143 -0.417711 0.844906 -0.165397 -0.428138 0.888449 -0.170484 -0.438585 0.882371 -0.16744 -0.436668 0.883903 -0.0909514 -0.305067 0.947978 -0.102411 -0.402849 0.909519 -0.923003 -0.370318 0.104546 -0.927052 -0.371943 0.0472624 -0.936773 -0.346891 0.0460657 -0.937667 -0.347222 0.014753 -0.934449 -0.356029 0.00693551 -0.934472 -0.356037 0 -0.934472 -0.356037 0 -0.920505 -0.390732 0 -0.106092 -0.654878 0.748251 -0.104542 -0.654445 0.748848 -0.0994307 -0.518624 0.849201 -0.158407 -0.461999 0.872619 -0.159123 -0.461691 0.872652 -0.882451 -0.371789 0.28819 -0.874712 -0.331592 0.353447 -0.883832 -0.325876 0.335629 -0.8978 -0.353142 0.263147 -0.926323 -0.307134 0.218162 -0.919305 -0.355713 0.168366 -0.913396 -0.33173 0.235929 -0.921883 -0.305662 0.238122 -0.908563 -0.329974 0.256185 -0.927269 -0.343358 0.149256 -0.939038 -0.329022 0.0997639 -0.940704 -0.307785 0.142637 -0.945713 -0.299704 0.125713 -0.867367 -0.295609 0.400363 -0.872872 -0.299691 0.385071 -0.861883 -0.258746 0.43613 -0.966925 -0.255063 0 -0.966925 -0.255063 0 -0.96691 -0.255059 0.00555313 -0.969256 -0.24584 0.0103184 -0.968505 -0.24565 0.0406735 -0.973337 -0.223836 0.0501269 -0.970036 -0.223076 0.096261 -0.966661 -0.232965 0.106271 -0.969686 -0.19381 0.148818 -0.976279 -0.166755 0.138102 -0.976343 -0.142389 0.162727 -0.977817 -0.135959 0.159342 -0.975376 -0.102046 0.195522 -0.976659 -0.0883563 0.19578 -0.974324 -0.0754016 0.212149 -0.975035 -0.0674824 0.21155 -0.975945 -0.0641617 0.208364 -0.976963 -0.0620336 0.204192 -0.977323 -0.0615088 0.202625 -0.979488 -0.0567768 0.193338 -0.98252 -0.0518962 0.178777 -0.984346 -0.0473219 0.169776 -0.984511 -0.0470231 0.168897 -0.986892 -0.0405432 0.156208 -0.986055 -0.0428289 0.160811 -0.990225 -0.0365743 0.134602 -0.987671 -0.03648 0.152237 -0.867621 -0.0891929 0.48916 -0.880172 -0.0877253 0.466478 -0.886547 -0.0872353 0.45434 -0.888603 -0.0917129 0.449415 -0.887144 -0.0962373 0.451346 -0.891601 -0.111473 0.438886 -0.885112 -0.124961 0.448287 -0.884881 -0.127001 0.44817 -0.88481 -0.127088 0.448286 -0.874755 -0.133132 0.465918 -0.870684 -0.135187 0.472899 -0.880704 -0.132006 0.454901 -0.857372 -0.144095 0.494116 -0.855322 -0.146226 0.497033 -0.859427 -0.160806 0.485311 -0.858404 -0.167856 0.484733 -0.844293 -0.155078 0.512953 -0.86722 -0.186113 0.461835 -0.883224 -0.181464 0.432418 -0.887304 -0.18583 0.422088 -0.881267 -0.218234 0.419216 -0.868478 -0.239164 0.43422 -0.866311 -0.239974 0.438084 -0.161662 -0.448339 0.879123 -0.942057 -0.330079 0.0598085 -0.947328 -0.319919 0.014905 -0.949209 -0.308823 0.0602625 -0.950598 -0.309275 0.026704 -0.947432 -0.319954 0.00159819 -0.946948 -0.321388 0 -0.946947 -0.321388 0 -0.900057 -0.294281 0.321397 -0.909916 -0.284772 0.301593 -0.874756 -0.295743 0.383846 -0.899718 -0.279567 0.335187 -0.931536 -0.276378 0.23634 -0.937697 -0.278206 0.208149 -0.923821 -0.28756 0.252716 -0.944454 -0.266562 0.192227 -0.945222 -0.26899 0.184932 -0.911867 -0.278241 0.301795 -0.922816 -0.285125 0.259064 -0.949153 -0.288002 0.127135 -0.953739 -0.289394 0.0814511 -0.95126 -0.273107 0.143237 -0.955396 -0.295329 0 -0.955396 -0.295329 0 -0.955394 -0.295329 0.0016116 -0.957285 -0.289082 0.00606008 -0.956957 -0.288983 0.0268826 -0.96268 -0.267256 0.0426659 -0.960312 -0.266599 0.0820125 -0.965855 -0.235931 0.107059 -0.961275 -0.23452 0.144745 -0.962503 -0.215257 0.165082 -0.965168 -0.202176 0.166061 -0.965201 -0.164529 0.203266 -0.967024 -0.157704 0.199984 -0.964384 -0.116933 0.237257 -0.967016 -0.109446 0.230002 -0.969735 -0.0800985 0.230648 -0.968922 -0.0792701 0.234322 -0.968041 -0.0701655 0.240779 -0.968059 -0.0700991 0.240724 -0.968613 -0.0693707 0.2387 -0.971332 -0.0664232 0.228257 -0.972801 -0.063955 0.222641 -0.973022 -0.0632613 0.22187 -0.973701 -0.0618265 0.219279 -0.974604 -0.0583356 0.216202 -0.975461 -0.0565433 0.21279 -0.976379 -0.052931 0.209484 -0.977884 -0.0470112 0.203797 -0.900992 -0.0891954 0.424567 -0.898378 -0.0950271 0.42882 -0.897815 -0.104166 0.427876 -0.89516 -0.110294 0.431883 -0.894246 -0.119091 0.431442 -0.892146 -0.12282 0.434731 -0.888377 -0.126268 0.44141 -0.888303 -0.126378 0.441527 -0.88842 -0.126709 0.441197 -0.887897 -0.127997 0.441877 -0.880822 -0.131948 0.45469 -0.888048 -0.130548 0.440827 -0.891791 -0.145506 0.428411 -0.887392 -0.154213 0.434458 -0.902296 -0.15261 0.403202 -0.897667 -0.182444 0.401133 -0.899896 -0.142582 0.412137 -0.90409 -0.203207 0.375936 -0.902865 -0.2095 0.375427 -0.908773 -0.261467 0.325217 -0.911383 -0.261866 0.317502 -0.921073 -0.226097 0.317025 -0.92721 -0.213243 0.307911 -0.942181 -0.201537 0.267729 -0.943172 -0.24475 0.224774 -0.946603 -0.24564 0.208818 -0.954036 -0.213363 0.210457 -0.918698 -0.227599 0.322789 -0.953728 -0.194 0.229712 -0.959282 -0.162462 0.23105 -0.957637 -0.141202 0.250985 -0.960197 -0.121012 0.251748 -0.955739 -0.101501 0.276153 -0.957121 -0.086243 0.276552 -0.956595 -0.0843785 0.278939 -0.958506 -0.0810187 0.273318 -0.965093 -0.0727394 0.251605 -0.966936 -0.0707418 0.245012 -0.967023 -0.0706329 0.244699 -0.967276 -0.0700691 0.243858 -0.967288 -0.0698978 0.243861 -0.968157 -0.0672864 0.241132 -0.968114 -0.0669839 0.241387 -0.969972 -0.0587418 0.236015 -0.970895 -0.0568311 0.232667 -0.901091 -0.0889818 0.424403 -0.911644 -0.0873444 0.401592 -0.904486 -0.106305 0.413042 -0.911178 -0.085282 0.40309 -0.90563 -0.109695 0.409636 -0.904958 -0.116181 0.409332 -0.904067 -0.117582 0.410897 -0.901461 -0.120052 0.415879 -0.901032 -0.120819 0.416586 -0.899547 -0.121818 0.419494 -0.896263 -0.123387 0.426015 -0.891222 -0.126661 0.435523 -0.889875 -0.127186 0.438118 -0.889034 -0.127688 0.439676 -0.900819 -0.130377 0.414158 -0.900949 -0.130813 0.413737 -0.906912 -0.128318 0.401305 -0.911382 -0.152031 0.382451 -0.910081 -0.155443 0.384174 -0.917795 -0.189152 0.349104 -0.914701 -0.205592 0.347928 -0.933716 -0.178971 0.310071 -0.944017 -0.192025 0.26825 -0.936242 -0.17379 0.305367 -0.939833 -0.170856 0.295842 -0.944695 -0.139294 0.296897 -0.942789 -0.125707 0.308782 -0.945524 -0.100417 0.309677 -0.945419 -0.0998738 0.310175 -0.945764 -0.0961904 0.310288 -0.946781 -0.0936345 0.307959 -0.950661 -0.0881407 0.297448 -0.954324 -0.0844819 0.286581 -0.955036 -0.0826433 0.28474 -0.955154 -0.0824759 0.284391 -0.957119 -0.0779808 0.279001 -0.959289 -0.0754933 0.272149 -0.960578 -0.0731499 0.268216 -0.961297 -0.0703673 0.266377 -0.961477 -0.0700637 0.265805 -0.966797 -0.059773 0.248457 -0.96196 -0.0687154 0.264408 -0.964919 -0.0605572 0.25547 -0.913495 -0.0808412 0.398737 -0.915971 -0.0762138 0.393939 -0.930538 -0.0733479 0.358775 -0.930656 -0.0733323 0.358472 -0.931356 -0.0755049 0.356196 -0.928791 -0.0835923 0.361055 -0.93049 -0.091746 0.354643 -0.924693 -0.103843 0.366277 -0.922702 -0.105228 0.370874 -0.909818 -0.114958 0.398767 -0.908176 -0.116596 0.402021 -0.907757 -0.11747 0.402714 -0.90253 -0.120844 0.413324 -0.901774 -0.12212 0.414597 -0.913527 -0.115938 0.389905 -0.917857 -0.112994 0.380488 -0.935075 -0.107571 0.337733 -0.939182 -0.124604 0.320017 -0.932778 -0.142997 0.330874 -0.935845 -0.0997119 0.338012 -0.936182 -0.0994237 0.337161 -0.936893 -0.0989732 0.335313 -0.939061 -0.0970899 0.329753 -0.941151 -0.0957212 0.324149 -0.943786 -0.0933383 0.317104 -0.946578 -0.0894969 0.309808 -0.94824 -0.0879163 0.305142 -0.952059 -0.0823857 0.294612 -0.954058 -0.0769039 0.289585 -0.954206 -0.0749173 0.289619 -0.953827 -0.0732561 0.291285 -0.936272 -0.0771118 0.342706 -0.937646 -0.0777764 0.338779 -0.936843 -0.0885135 0.338366 -0.93686 -0.0885781 0.3383 -0.936141 -0.096788 0.338041 -0.934947 -0.0992926 0.340609 -0.934204 -0.100118 0.342403 -0.93133 -0.101844 0.349646 -0.939873 -0.0721843 0.333809 0.944412 -0.328755 0.00252871 0.939984 -0.341216 0.00137609 0.938694 -0.340747 -0.0523891 0.939378 -0.338844 -0.0524828 0 1 0 0 1 0 0 1 0 0 1 0 0 1 0 0 1 0 0 1 0 0 1 0 0 1 0 0 1 0 0 1 0 0 1 0 0 1 0 0 1 0 0 1 0 0 1 0 0 1 0 0 1 0 0 1 0 0 1 0 0 1 0 0 1 0 0 1 0 0 1 0 0 1 0 0.943825 -0.330427 0.00348682 0.935874 -0.352292 0.00546715 0.930808 -0.365468 0.00554715 0.930818 -0.365472 0.00288931 0.931403 -0.363987 0.00146793 0.930073 -0.363467 -0.0534509 0.926941 -0.370312 -0.0604179 0.903159 -0.360811 -0.232637 0.891236 -0.321479 -0.319922 0.868372 -0.275318 -0.412469 0.936067 -0.35139 0.01742 0.935747 -0.352244 0.0173497 0.93061 -0.365599 0.0173777 0.930587 -0.365662 0.0173161 0.930711 -0.365711 0.00578244 0.911519 -0.411218 0.00566319 0.910767 -0.412892 0.0048207 0.910327 -0.413872 0.00382964 0.910328 -0.413872 0.0034951 0.91063 -0.413214 0.00282664 0.909667 -0.412777 -0.0460553 0.915237 -0.398475 -0.059655 0.899159 -0.391474 -0.195606 0.560852 -0.276871 -0.780248 0.810874 -0.274355 -0.516926 0.858466 -0.468844 -0.207898 0.853806 -0.474083 -0.215083 0.636981 -0.367056 -0.677883 0.574546 -0.320571 -0.753081 0.52079 -0.214136 -0.826392 0.463195 -0.131492 -0.876448 0.93526 -0.351087 0.0450154 0.928997 -0.364965 0.0613588 0.911136 -0.366959 0.187541 0.905974 -0.395216 0.151711 0.91645 -0.399786 0.0170531 0.868362 -0.468859 0.161611 0.879852 -0.475064 0.0132137 0.886729 -0.462263 0.00498476 0.886733 -0.462265 0.0038736 0.886428 -0.462853 0.00350002 0.882521 -0.470271 0.00113785 0.882208 -0.47086 0.000760538 0.881185 -0.470314 -0.0481373 0.876368 -0.478621 -0.0538588 0.517325 -0.241886 -0.820894 0.500667 -0.305286 -0.81002 0.460865 -0.253424 -0.850518 0.861267 -0.505203 -0.0546726 0.852461 -0.500038 -0.152553 0.845542 -0.518182 -0.128628 0.77825 -0.613398 -0.134423 0.761906 -0.62766 -0.159821 0.738757 -0.637766 -0.217929 0.544392 -0.443079 -0.712263 0.513007 -0.358304 -0.780027 0.494045 -0.342094 -0.799307 0.338294 -0.193856 -0.920857 0.290525 -0.141969 -0.946277 0.14782 -0.0666894 -0.986763 0.0903097 -0.0025475 -0.99591 0.859866 -0.254607 0.4425 0.799656 -0.25095 0.545504 0.754237 -0.297921 0.585124 0.746093 -0.312742 0.587825 0.71069 -0.412597 0.56981 0.85631 -0.483921 0.180429 0.851929 -0.510711 0.115723 0.857615 -0.51412 0.0132992 0.857732 -0.51393 0.0131272 0.857803 -0.513972 0.00266384 0.857804 -0.513971 0.00266268 0.859705 -0.51079 0.0012359 0.859979 -0.510329 0.000824286 0.858875 -0.509674 -0.0506494 0.435618 -0.351585 -0.828628 0.291793 -0.197037 -0.935967 0.851549 -0.521864 -0.0502174 0.791755 -0.609305 -0.0432519 0.78437 -0.618221 -0.0506564 0.846171 -0.531249 -0.0420645 0.773304 -0.632003 -0.0507222 0.770709 -0.634912 -0.053802 0.749144 -0.660202 -0.0539984 0.749145 -0.660202 -0.0539976 0.732153 -0.645227 -0.21825 0.700092 -0.665757 -0.258146 0.509695 -0.47445 -0.717711 0.495795 -0.427456 -0.755955 0.433967 -0.365947 -0.823259 0.2051 -0.155388 -0.966327 0.117854 -0.0669602 -0.990771 0.0444776 -0.030365 -0.998549 0.0468329 -0.00255515 -0.9989 0.803919 -0.229141 0.548825 0 0 1 0 0 1 0 0 1 0 0 1 0 0 1 0 0 1 0 0 1 0 0 1 0 0 1 0 0 1 0 0 1 0 0 1 0 0 1 0 0 1 0 0 1 0 0 1 0 0 1 0 0 1 0 0 1 0 0 1 0 0 1 0 0 1 0 0 1 0 0 1 0 0 1 0 0 1 0 0 1 0 0 1 0 0 1 0 0 1 0 0 1 0.670288 -0.435233 0.601071 0.660819 -0.442451 0.606263 0.654099 -0.451328 0.607007 0.637261 -0.484768 0.599082 0.633919 -0.501137 0.589075 0.632996 -0.510976 0.581566 0.752829 -0.63463 0.174625 0.767425 -0.626377 0.136789 0.793494 -0.600793 0.0970315 0.844793 -0.526795 0.0938703 0.848466 -0.529086 0.0131573 0.844504 -0.535499 0.00739579 0.844519 -0.535509 0.00435421 0.844523 -0.535501 0.00434775 0.846917 -0.531719 0.00263005 0.846918 -0.531718 0.00262887 0.391964 -0.373001 -0.840972 0.178129 -0.156224 -0.971527 0.794867 -0.606768 0.00442351 0.792495 -0.609875 0.00196704 0.774299 -0.632816 0.00204103 0.773538 -0.633742 0.00299063 0.750236 -0.661163 0.00303188 0.750235 -0.661164 0.0030315 0.708055 -0.704075 -0.0542012 0.706963 -0.705089 -0.0552562 0.688559 -0.686734 -0.232988 0.654254 -0.719623 -0.23258 0.453573 -0.518142 -0.725121 0.433658 -0.452059 -0.779476 0.387082 -0.405048 -0.828314 0.160949 -0.147934 -0.975813 0.0442733 -0.031053 -0.998537 0.0207888 -0.0608309 -0.997932 0.00620686 -0.0642162 -0.997917 0.00480119 -0.0643649 -0.997915 0.0387796 -0.0434353 -0.998303 0.033384 -0.0520254 -0.998088 0.603147 -0.564619 0.5634 0.568347 -0.586286 0.577279 0.73864 -0.65094 0.175178 0.709497 -0.672184 0.211617 0.750232 -0.661156 0.00499236 0.75023 -0.661158 0.00499439 0.774701 -0.632309 0.00495395 0.774698 -0.632313 0.00494979 0.794866 -0.606766 0.0049094 0.797234 -0.603625 0.00737712 0.794867 -0.606767 0.00442962 0.794867 -0.606768 0.00443012 0.366624 -0.407899 -0.836185 0.168455 -0.216131 -0.961722 0.143403 -0.164201 -0.975947 0.143768 -0.148331 -0.978432 0.774703 -0.63231 0.0044495 0.712462 -0.701704 0.00308735 0.709096 -0.70511 0.00138597 0.669034 -0.74323 0.00133918 0.668019 -0.742102 -0.0550895 0.668018 -0.742104 -0.0550881 0.65243 -0.724787 -0.221402 0.638863 -0.743935 -0.195997 0.608297 -0.769485 -0.194597 0.55674 -0.757814 -0.340232 0.426982 -0.509816 -0.746843 0.363149 -0.429677 -0.826741 0.0867496 -0.185526 -0.978803 0.0784333 -0.185654 -0.97948 0.0776888 -0.184932 -0.979676 0.0316206 -0.093338 -0.995132 0.0381179 -0.0591267 -0.997522 0.0871816 -0.157411 -0.983677 0.0310896 -0.204274 -0.97842 0.00608742 -0.204369 -0.978875 0.00608841 -0.204372 -0.978874 0 -0.204375 -0.978893 0 -0.204375 -0.978893 0 -0.0649696 -0.997887 -0.000772945 -0.0648724 -0.997893 -0.0194579 -0.0601517 -0.998 -0.0199252 -0.0599747 -0.998001 -0.027874 -0.0542384 -0.998139 -0.037839 -0.0424619 -0.998381 -0.0395825 -0.0396278 -0.99843 -0.0411801 -0.0341656 -0.998567 -0.0434009 -0.0214577 -0.998827 -0.222164 -0.0282467 0.9746 -0.217065 -0.0526706 0.974735 0.558545 -0.595814 0.57709 0.545083 -0.616545 0.568117 0.658099 -0.727819 0.192837 0.700119 -0.687355 0.19333 0.713573 -0.700563 0.00503745 0.26376 -0.357812 -0.895769 0.22999 -0.32105 -0.918712 0.174851 -0.250852 -0.952103 0.167662 -0.235934 -0.957196 0.71246 -0.701702 0.00390391 0.666968 -0.745076 0.00386762 0.666969 -0.745075 0.00386831 0.666972 -0.745078 0.00267517 0.667573 -0.744541 0.00207149 0.647238 -0.762286 0.0020084 0.646388 -0.761285 -0.0512584 0.650515 -0.757502 -0.054967 0.619149 -0.783622 -0.0508981 0.617136 -0.785667 -0.0432503 0 -1 0 0 -1 0 0 -1 0 0 -1 0 0 -1 0 0 -1 0 0 -1 0 0 -1 0 0 -1 0 0 -1 0 0 -1 0 0 -1 0 0 -1 0 0 -1 0 0 -1 0 0 -1 0 0 -1 0 0 -1 0 0 -1 0 0 -1 0 0 -1 0 0 -1 0 0 -1 0 0 -1 0 0 -1 0 0 -1 0 0 -1 0 0 -1 0 0 -1 0 0 -1 0 0 -1 0 0 -1 0 0.096041 -0.194545 -0.976181 0.0782911 -0.194848 -0.977704 0.078181 -0.195161 -0.97765 0.0775222 -0.195801 -0.977575 0.0318334 -0.206496 -0.977929 0.0747594 -0.206023 -0.975687 -0.00075821 -0.204375 -0.978892 -0.000758212 -0.204375 -0.978892 -0.0190819 -0.204338 -0.978714 -0.0190819 -0.204338 -0.978714 -0.0377748 -0.0955784 -0.994705 -0.036143 -0.204242 -0.978253 -0.0404911 -0.103746 -0.993779 -0.0378439 -0.0741955 -0.996525 -0.0454689 -0.081781 -0.995613 -0.0556015 -0.0602019 -0.996636 -0.0576623 -0.0577283 -0.996666 -0.0628015 -0.0557843 -0.996466 -0.0645418 -0.0555032 -0.99637 -0.0722193 -0.0497195 -0.996149 -0.074371 -0.046847 -0.99613 -0.0761253 -0.038177 -0.996367 -0.0517095 -0.0254097 -0.998339 -0.292726 -0.0277016 0.955795 -0.334872 -0.0724997 0.93947 -0.332765 -0.133169 0.93356 -0.303216 -0.132755 0.943629 -0.260691 -0.119076 0.958051 -0.209136 -0.0931403 0.973441 -0.20846 -0.0939675 0.973506 0.472143 -0.633173 0.613329 0.496797 -0.642533 0.58339 0.607805 -0.779612 0.150927 0.637584 -0.755225 0.152061 0.65583 -0.732634 0.182028 0.529623 -0.715677 0.455309 0.645081 -0.764105 0.00384637 0.645083 -0.764103 0.00384804 0.645084 -0.764105 0.00323896 0.645091 -0.764099 0.00323359 0.646516 -0.762896 0.00262602 0.61921 -0.785219 0.00318731 0.617324 -0.786709 0 0.616794 -0.786033 -0.0414529 -0.0893566 -0.0768429 -0.993031 -0.112142 -0.0897563 -0.98963 -0.252823 -0.164618 -0.953405 -0.199045 -0.108943 -0.973916 -0.178879 -0.13626 -0.97439 -0.229835 -0.166455 -0.958889 -0.235765 -0.108034 -0.965787 -0.0815594 -0.0306865 -0.996196 -0.0828257 -0.0237803 -0.99628 -0.881587 -0.130607 0.453592 -0.423301 -0.172875 0.889343 -0.899294 -0.18835 0.394709 -0.376388 -0.20344 0.90385 -0.496779 -0.224439 0.838354 -0.347044 -0.212241 0.913517 -0.276798 -0.180676 0.94379 -0.218964 -0.120348 0.968283 -0.375843 -0.210141 0.902542 -0.200778 -0.111315 0.973292 -0.202348 -0.104459 0.973727 0.431803 -0.61954 0.655528 0.529547 -0.789299 0.310783 0.353657 -0.617404 0.702665 0.35312 -0.617555 0.702803 0.322779 -0.625939 0.70994 0.313573 -0.631652 0.709005 0.245494 -0.697359 0.673367 0.560497 -0.791996 0.242046 0.606552 -0.781787 0.144581 0.612767 -0.789797 0.0271373 0.614561 -0.788638 0.0190813 0.61921 -0.785216 0.00381889 0.619212 -0.785218 0.00319266 -0.317725 -0.19544 -0.927822 -0.315154 -0.193149 -0.929178 -0.293955 -0.224315 -0.929125 -0.344631 -0.257203 -0.902816 -0.343062 -0.19168 -0.919548 -0.343505 -0.185071 -0.920735 -0.275025 -0.120744 -0.953825 -0.303603 -0.121512 -0.945019 -0.305261 -0.0630297 -0.95018 -0.263061 -0.0230219 -0.964505 -0.964299 -0.262687 0.0334982 -0.934262 -0.254504 0.249764 -0.933678 -0.314171 0.171877 -0.922121 -0.343367 0.178305 -0.896478 -0.382371 0.223874 -0.74454 -0.335888 0.576923 -0.567142 -0.331584 0.753925 -0.42528 -0.248088 0.870396 -0.35729 -0.221462 0.907358 -0.374856 -0.281677 0.883256 -0.266411 -0.181685 0.946581 -0.382962 -0.284169 0.87897 -0.190712 -0.136729 0.972077 -0.186578 -0.132965 0.973401 -0.194695 -0.118325 0.973701 -0.802061 -0.567458 -0.186249 -0.802346 -0.567067 -0.186216 -0.53177 -0.309443 -0.788331 -0.382592 -0.221582 -0.896953 -0.382589 -0.288742 -0.877641 -0.756504 -0.565108 -0.329173 -0.799181 -0.570209 -0.190189 -0.450918 -0.204918 -0.868724 -0.705216 -0.319187 -0.63308 -0.374871 -0.152684 -0.914418 -0.31599 -0.0634815 -0.946637 -0.889539 -0.178029 -0.420744 -0.868178 -0.123807 -0.480561 -0.964324 -0.263724 0.0229874 -0.961375 -0.274983 0.0119273 -0.947717 -0.318895 0.0117579 -0.944167 -0.329468 0 -0.944167 -0.329468 0 -0.937138 -0.348959 0 -0.937138 -0.348959 0 -0.9026 -0.405651 0.144088 -0.912118 -0.409928 0 -0.912118 -0.409928 0 -0.84311 -0.535696 0.0468511 -0.805557 -0.564932 0.178691 -0.804531 -0.565277 0.182187 -0.89889 -0.435135 0.0515168 -0.887013 -0.461367 0.0186887 -0.856579 -0.515656 0.0192586 -0.79372 -0.57562 0.196646 -0.773549 -0.577796 0.260332 -0.414349 -0.310769 0.855416 -0.378978 -0.286977 0.879784 -0.100857 -0.294136 0.950427 -0.103573 -0.268218 0.957774 -0.113444 -0.20129 0.97294 -0.127661 -0.168267 0.97744 -0.129597 -0.164874 0.977763 -0.140553 -0.151431 0.978424 -0.143146 -0.149082 0.978409 -0.152414 -0.143039 0.977911 -0.155159 -0.141781 0.977662 -0.178186 -0.134451 0.974768 -0.816291 -0.577526 -0.0115321 -0.806158 -0.583939 -0.0955199 -0.809584 -0.586421 -0.0261716 -0.810151 -0.58577 -0.0230028 -0.813028 -0.582111 -0.0115027 -0.823504 -0.567297 -0.0039292 -0.842522 -0.538648 -0.00391889 -0.841423 -0.537945 -0.0512049 -0.858988 -0.511779 -0.0149286 -0.888361 -0.458929 -0.0141049 -0.899227 -0.435298 -0.0436663 -0.903515 -0.409004 -0.127972 -0.896463 -0.380528 -0.227054 -0.934642 -0.309676 -0.174773 -0.934875 -0.254669 -0.24729 -0.911556 -0.207091 -0.355216 -0.921424 -0.343109 -0.182359 -0.961443 -0.275003 0 -0.961443 -0.275003 0 -0.93713 -0.348958 -0.00403421 -0.93713 -0.348956 -0.00403528 -0.944159 -0.329466 -0.00399318 -0.901179 -0.433447 0 -0.901179 -0.433447 0 -0.900082 -0.435712 0.00279081 -0.91211 -0.409925 -0.00415441 -0.856738 -0.515752 0 -0.856738 -0.515752 0 -0.844037 -0.536285 0 -0.844037 -0.536285 0 -0.818724 -0.574166 0.00507794 -0.82351 -0.567302 0 -0.82351 -0.567302 0 -0.813071 -0.582142 0.00504288 -0.809363 -0.586965 0.0200803 -0.887164 -0.461446 0.00275076 -0.885017 -0.465559 0 -0.885017 -0.465559 0 -0.813082 -0.58215 0 -0.813082 -0.58215 0 -0.844036 -0.536285 -0.00129797 -0.856737 -0.515752 -0.00124825 -0.859077 -0.511832 -0.00390348 -0.88501 -0.465555 -0.00387203 -0.888419 -0.458959 -0.00827218 -0.900054 -0.435699 -0.00838051 -0.901165 -0.43344 -0.0055936 -0.910991 -0.412389 -0.00565458 -0.94905 -0.31445 -0.0206193 -0.961234 -0.274943 -0.020884 -0.964318 -0.26269 -0.0329242 -0.0285901 -0.778825 -0.626589 0 0 1 0 0 1 0 0 1 0 0 1 0 0 1 0 0 1 0 0 1 0 0 1 0 0 1 0 0 1 0 0 1 0 0 1 0 0 1 0 0 1 0 0 1 0 0 1 0 0 1 0 0 1 0 0 1 0 0 1 0 0 1 0 0 1 0 0 1 0 0 1 0 0 1 0 0 1 0 0 1 0 0 1 0 0 1 0 0 1 0 0 1 0 0 1 0 0 1 0 0 1 -1 0 0 -1 0 0 -1 0 0 -1 0 0 -1 0 0 -1 0 0 -1 0 0 -1 0 0 -1 0 0 -1 0 0 -1 0 0 -1 0 0 -1 0 0 -1 0 0 -1 0 0 -1 0 0 -1 0 0 -1 0 0 -1 0 0 -1 0 0 -1 0 0 -1 0 0 -1 0 0 -1 0 0 -1 0 0 -1 0 0 -1 0 0 -1 0 0 -1 0 0 -1 0 0 -0.0274461 -0.752263 -0.658291 0 -0.745531 -0.66647 0 -0.745531 -0.66647 -0.0252396 -0.745294 -0.666258 -0.58262 0.0540546 0.810945 -0.0251329 -0.744918 -0.666683 -0.0282256 -0.619231 -0.784702 -0.0250147 -0.632107 -0.774477 0 -0.745153 -0.666894 0 -0.745153 -0.666894 0.000840362 -0.745531 -0.66647 0.00256894 -0.759704 -0.650263 0 1 0 0 1 0 0 1 0 0 1 0 0 1 0 0 1 0 0 1 0 0 1 0 0 1 0 0 1 0 0 1 0 0 -0.632305 -0.774719 0 -0.632305 -0.774719 -0.0324918 -0.595936 -0.802375 -0.0283777 -0.613827 -0.78893 0 -0.614074 -0.789248 0 -0.614074 -0.789248 0.000841577 -0.745153 -0.666893 0.000840897 -0.745152 -0.666894 0.0423349 -0.759026 -0.649683 0.0697751 -0.743336 -0.665269 0.759113 -0.123202 -0.639194 0.747408 -0.114216 -0.654474 0 0.214027 -0.976828 -0.02375 0.140439 -0.989804 -0.0613093 0.0507006 -0.99683 -0.0881261 0 -0.996109 0.000977646 -0.632305 -0.774719 -0.0304936 -0.485291 -0.873821 -0.0297607 -0.481185 -0.876114 0 -0.481398 -0.876502 0 -0.481398 -0.876502 0.00249075 -0.614073 -0.789246 0.00244862 -0.630854 -0.775897 0.0900807 -0.741121 -0.665301 0.327352 -0.794724 -0.51113 0.0894981 -0.628325 -0.772786 0.758918 -0.123598 -0.63935 0.758873 -0.123582 -0.639406 0.632708 -0.102401 -0.76759 0.731564 -0.103038 -0.673942 0.632909 -0.102752 -0.767377 0.729197 -0.100338 -0.676907 0.729183 -0.100268 -0.676934 0.0546286 0.153221 -0.986681 0.0231767 0.117168 -0.992842 0 0.117199 -0.993108 0.0568952 0.150165 -0.987023 0 0 -1 0 0 -1 0 0 -1 -0.0106963 0 -0.999943 -0.0511757 -0.040545 -0.997866 -0.0601852 -0.0315489 -0.997689 -0.0628865 -0.0286151 -0.99761 -0.0787068 -0.0113386 -0.996833 -0.0296066 -0.469958 -0.882192 -0.0285456 -0.422049 -0.906124 0 -0.422221 -0.906493 0 -0.422221 -0.906493 0.00356792 -0.612752 -0.790267 0.00328696 -0.481395 -0.876497 0.120431 -0.608296 -0.784521 0.263151 -0.543628 -0.797007 0.277306 -0.576648 -0.768491 0.287842 -0.60401 -0.743182 0.295703 -0.636371 -0.712454 0.326973 -0.791622 -0.516162 0.757469 -0.123581 -0.641068 0.757395 -0.123576 -0.641157 0.746701 -0.121906 -0.653893 0.63054 -0.102693 -0.769333 0.616228 -0.0969559 -0.781577 0.617135 -0.0968701 -0.780872 0.625808 -0.0983299 -0.773754 0.628564 -0.0993908 -0.771381 0.628848 -0.0995183 -0.771133 0.630092 -0.102649 -0.769706 0.629885 -0.10262 -0.769879 0.62282 -0.101538 -0.775748 0.618683 -0.100893 -0.779135 0.61674 -0.100477 -0.780728 0.616025 -0.100265 -0.781319 0.622186 -0.0964158 -0.77691 0.419259 -0.0253808 -0.907512 0.257057 -0.0270171 -0.966019 0.230206 -0.00908232 -0.9731 0.191533 0.0228667 -0.98122 0.0233311 0.0232917 -0.999456 0 -0.0981474 -0.995172 0 -0.0981475 -0.995172 -0.000320066 -0.0978566 -0.995201 -0.0241954 -0.0722549 -0.997093 -0.0248546 -0.071486 -0.997132 -0.0325675 -0.407746 -0.912515 -0.0328194 -0.398736 -0.916479 -0.0337152 -0.335347 -0.941491 0 -0.335537 -0.942027 0 -0.335537 -0.942027 0.00428754 -0.422217 -0.906485 0.00439022 -0.479694 -0.877425 0.228051 -0.467058 -0.854312 0.255973 -0.489903 -0.833351 0.261536 -0.519177 -0.813667 0.272628 -0.535074 -0.799606 0.318411 -0.567257 -0.759495 0.318389 -0.582351 -0.747995 0.302169 -0.60122 -0.739749 0.757454 -0.123662 -0.64107 0.754497 -0.127239 -0.643851 0.661332 -0.127746 -0.739135 0.656479 -0.121242 -0.744537 0.74285 -0.121337 -0.65837 0.630042 -0.102646 -0.769747 0.630066 -0.102695 -0.769721 0.563265 -0.0915975 -0.821184 0.60548 -0.0932277 -0.790381 0.611066 -0.0995353 -0.785297 0.594887 -0.096962 -0.797939 0.568152 -0.0925284 -0.817705 0.601971 -0.0911809 -0.793295 0.600733 -0.089453 -0.794429 0.620547 -0.0959717 -0.778274 0.628728 -0.102623 -0.770824 0.627629 -0.10244 -0.771743 0.619221 -0.101076 -0.778684 0.619285 -0.101156 -0.778623 0.604817 -0.236513 -0.760433 0.588838 -0.249161 -0.768888 0.528144 -0.171012 -0.831756 0.533645 -0.094437 -0.840419 0.517729 -0.05428 -0.853821 0.42719 -0.0377433 -0.903374 0.421239 -0.0325389 -0.906366 0.267683 -0.034568 -0.962887 0.268441 -0.06104 -0.96136 0.230168 -0.0202243 -0.972941 0.274953 -0.0408099 -0.960591 0.0208129 -0.0207778 -0.999567 0.0206964 -0.107682 -0.99397 0.0105288 -0.107699 -0.994128 0 -0.121904 -0.992542 -0.000248437 -0.121904 -0.992542 -0.000319351 -0.119019 -0.992892 -0.0361894 -0.322603 -0.945842 -0.0340449 -0.281488 -0.958961 -0.0339541 -0.280994 -0.959109 -0.0339276 -0.280854 -0.959151 -0.0335183 -0.2797 -0.959502 -0.033504 -0.279677 -0.959509 -0.0266366 -0.275766 -0.960856 -0.011684 -0.268179 -0.963298 -0.0028369 -0.263952 -0.964532 -0.000607711 -0.263141 -0.964757 0 -0.262993 -0.964798 0.0103201 -0.417218 -0.908748 0.00713248 -0.335529 -0.942003 0.0106774 -0.340425 -0.940211 0.217885 -0.407216 -0.886962 0.248563 -0.416467 -0.874512 0.23125 -0.397032 -0.888194 0.247162 -0.409629 -0.878132 0.290762 -0.43461 -0.852392 0.300937 -0.447231 -0.842272 0.32206 -0.564492 -0.760017 0.367015 -0.580063 -0.727205 0.366941 -0.588365 -0.720542 0.354444 -0.597931 -0.718922 0.328737 -0.595743 -0.732818 0.361593 -0.567613 -0.739639 0.754639 -0.129686 -0.643197 0.74898 -0.177502 -0.638374 0.688897 -0.227743 -0.688152 0.649608 -0.225587 -0.726031 0.628873 -0.102939 -0.770664 0.631951 -0.237904 -0.73759 0.534523 -0.0870046 -0.840663 0.546061 -0.0887533 -0.833031 0.5482 -0.0894089 -0.831555 0.547133 -0.0892321 -0.832276 0.540422 -0.088074 -0.836771 0.525805 -0.0884094 -0.845998 0.52071 -0.0777719 -0.850184 0.55159 -0.0707626 -0.831109 0.525905 -0.0855859 -0.846226 0.522146 -0.0805483 -0.849044 0.548379 -0.352977 -0.758082 0.603239 -0.374667 -0.704079 0.577891 -0.366906 -0.728987 0.562237 -0.361679 -0.743692 0.547915 -0.355175 -0.75739 0.385418 -0.225223 -0.894834 0.443541 -0.161526 -0.881579 0.546802 -0.35491 -0.758318 0.532982 -0.353302 -0.768835 0.406019 -0.321612 -0.855403 0.371074 -0.308588 -0.87583 0.525249 -0.0881867 -0.846367 0.44656 -0.113066 -0.887581 0.458541 -0.108096 -0.882075 0.522446 -0.0873076 -0.848191 0.519575 -0.07586 -0.851051 0.518571 -0.073736 -0.851849 0.517927 -0.0691753 -0.852623 0.502322 -0.068349 -0.861975 0.482753 -0.0632659 -0.873469 0.44878 -0.0511379 -0.892178 0.430016 -0.0408999 -0.901894 0.29007 -0.0433546 -0.956023 0.268173 -0.0756129 -0.960399 0.340916 -0.0537961 -0.938553 0.38924 -0.0665442 -0.91873 0.403664 -0.0718091 -0.912085 0.249863 -0.145212 -0.957331 0.236873 -0.164773 -0.957466 0.212125 -0.1753 -0.961391 0.187517 -0.178977 -0.965818 0.14447 -0.182621 -0.972511 0.110908 -0.183364 -0.976769 0.0974862 -0.182968 -0.978274 0.0916827 -0.183069 -0.978816 0.0403924 -0.137142 -0.989728 0.015578 -0.137237 -0.990416 -0.000627215 -0.12267 -0.992447 0.0155106 -0.165217 -0.986135 0 -0.165237 -0.986254 -0.000623365 -0.164631 -0.986355 -0.000652208 -0.122694 -0.992444 0.00731757 -0.256759 -0.966448 -0.0027879 -0.247662 -0.968843 -0.00152516 -0.245939 -0.969284 -0.00122218 -0.245939 -0.969285 -0.000610465 -0.246767 -0.969075 0.017084 -0.246731 -0.968933 0.0100219 -0.254121 -0.96712 0.182252 -0.334743 -0.924517 0.0998646 -0.252864 -0.962334 0.169105 -0.31338 -0.93445 0.275573 -0.384295 -0.881122 0.132644 -0.237631 -0.962256 0.187997 -0.269268 -0.944538 0.27992 -0.378765 -0.882146 0.134342 -0.248833 -0.959184 0.307583 -0.386994 -0.869269 0.326012 -0.460502 -0.825623 0.279945 -0.378748 -0.882146 0.37387 -0.517188 -0.769895 0.382962 -0.54493 -0.745916 0.384776 -0.545213 -0.744775 0.690092 -0.230448 -0.686052 0.675672 -0.303751 -0.671717 0.608725 -0.377375 -0.697884 0.525834 -0.0856697 -0.846262 0.443076 -0.0795941 -0.892944 0.43312 -0.0796304 -0.897812 0.559358 -0.377195 -0.738135 0.547716 -0.391212 -0.739567 0.54713 -0.39123 -0.739991 0.365818 -0.151906 -0.918206 0.364193 -0.308541 -0.87873 0.350476 -0.306767 -0.884907 0.222728 -0.186297 -0.956915 0.262355 -0.158314 -0.951896 0.357352 -0.141628 -0.923169 0.366499 -0.139418 -0.919914 0.527782 -0.41359 -0.741882 0.525151 -0.415519 -0.742671 0.493769 -0.409255 -0.76727 0.419033 -0.341645 -0.841243 0.362138 -0.324623 -0.873771 0.232036 -0.205399 -0.950773 0.201076 -0.192198 -0.960535 0.214286 -0.222571 -0.951075 0.156853 -0.196152 -0.967947 0.11047 -0.206618 -0.972165 0.108689 -0.206659 -0.972357 0.0906627 -0.184607 -0.978622 0.0873831 -0.187115 -0.978444 0.0587064 -0.207008 -0.976576 -0.000648209 -0.164631 -0.986355 -0.000648211 -0.164631 -0.986355 0.0535952 -0.21145 -0.975918 0 -0.211755 -0.977323 -0.000447951 -0.212182 -0.97723 -0.000642745 -0.208423 -0.978039 -0.00191811 -0.235574 -0.971854 -0.00192777 -0.214385 -0.976747 -0.00123178 -0.213718 -0.976895 0.321498 -0.333929 -0.886076 0.315783 -0.345097 -0.883849 0.318198 -0.346985 -0.882242 0.32465 -0.370666 -0.870178 0.359532 -0.391617 -0.846979 0.43709 -0.472503 -0.765306 0.444324 -0.503728 -0.740834 0.414946 -0.530289 -0.739333 0.406155 -0.531323 -0.743461 0.391372 -0.544116 -0.742136 0.343158 -0.343784 -0.874102 0.345919 -0.309152 -0.88587 0.524245 -0.419638 -0.740993 0.506275 -0.435065 -0.744583 0.504922 -0.449154 -0.737099 0.498109 -0.457437 -0.736641 0.473218 -0.482859 -0.736825 0.461434 -0.484328 -0.743307 0.445768 -0.503607 -0.740048 -0.96491 -0.262579 0.000771022 -0.999999 0.000140131 0.00120101 0 1 0 0 1 0 0 1 0 0 1 0 0 1 0 0 1 0 0 1 0 0 1 0 0 0 -1 0 0 -1 0 0 -1 0 0 -1 0 0 -1 -0.948002 -0.318264 0 -0.953067 -0.302754 0.00165501 -0.900247 -0.406807 -0.155126 -0.979357 0.0234275 0.200775 -0.940272 -0.335266 0.0590342 -0.952112 -0.129707 0.276875 0.930013 -0.367505 -0.00398217 0.929562 -0.368642 -0.00428162 -0.878384 -0.474906 -0.0539072 -0.872594 -0.488428 -0.00421179 -0.881933 -0.471374 0 -0.891276 -0.448688 0.0656201 -0.888875 -0.454765 0.0556005 -0.693733 0.316821 0.646807 -0.887308 -0.455072 0.0748001 -0.715691 -0.555888 0.422817 -0.403693 -0.161122 0.900595 -0.381869 -0.128152 0.915288 0.894768 -0.30264 0.328327 0.899405 -0.319536 0.298273 0.921617 -0.364187 0.13413 0.913457 -0.3952 0.097025 0.917782 -0.397071 -0.00336783 0.921818 -0.3876 -0.00412807 0 -1 0 0 -1 0 0 -1 0 0 -1 0 0 -1 0 0 -1 0 0 -1 0 0 -1 0 0 -1 0 0 -1 0 0 -1 0 -0.280894 -0.101371 0.95437 -0.00726841 -0.999185 0.0397086 -0.0477741 -0.972188 0.229276 -0.158791 -0.697913 0.698357 -0.200281 -0.50802 0.837737 -0.200316 -0.50786 0.837826 -0.220939 -0.405876 0.88682 -0.239785 -0.314647 0.918423 -0.276751 -0.131654 0.95188 0.836473 -0.184014 0.516191 0.851059 -0.214869 0.479093 0.3076 -0.170336 0.936145 0 0 1 0 0 1 0 0 1 0 0 1 0 0 1 0 0 1 0 0 1 0 0 1 0 0 1 0 0 1 0 0 1 0 0 1 0 0 1 -0.000204135 -0.999976 0.0069507 0 -0.999982 0.00608079 0.000416476 -0.999969 0.00785558 0.00519541 -0.999555 0.0293623 0.108555 -0.861506 0.496008 0.279802 -0.103468 0.954466 0.273926 -0.146443 0.950536 0.241989 -0.305168 0.921039 0.239818 -0.31499 0.918297 0.23234 -0.349293 0.907751 0.231843 -0.351581 0.906995 0.207632 -0.472683 0.856423 0.207149 -0.475223 0.855133 0.203529 -0.494387 0.845078 0.183441 -0.587588 0.788093 0 -1 0 0 -1 0 0 -1 0 0 -1 0 0 -1 0 -0.00574397 -0.321051 -0.947045 0 -0.321056 -0.94706 0.000914863 -0.322593 -0.946537 0.00923614 -0.321939 -0.946715 1 0 0 1 0 0 1 0 0 1 0 0 1 0 0 1 0 0 1 0 0 1 0 0 1 0 0 1 0 0 1 0 0 1 0 0 1 0 0 1 0 0 1 0 0 1 0 0 1 0 0 1 0 0 -0.082369 -0.319497 -0.944 -0.00602423 -0.320581 -0.947202 -0.135437 -0.342369 -0.929753 -0.00567875 -0.281646 -0.959502 -0.00567974 -0.281648 -0.959501 0 -0.281652 -0.959517 0 -0.281652 -0.959517 0.0209538 -0.309944 -0.950524 0.0211357 -0.283376 -0.958776 0.075188 -0.0213265 0.996941 -0.0435473 -0.281383 -0.958607 -0.139305 -0.342937 -0.928972 -1 0 0 -1 0 0 -1 0 0 -1 0 0 -1 0 0 -1 0 0 -1 0 0 -0.0727874 -0.276747 -0.958182 -0.0483478 -0.27928 -0.958992 -0.0435926 -0.279841 -0.959056 0 -0.28021 -0.959939 -0.00566592 -0.280103 -0.959953 -0.00536825 -0.280044 -0.959972 -0.000265928 -0.280048 -0.959986 0.0733533 -0.0141176 0.997206 0.0642868 0 0.997931 -0.0219736 0.0832913 0.996283 -0.084065 0.141627 0.986344 -0.272187 0.266262 0.924672 -0.578981 0.365326 0.728916 -0.608074 0.368139 0.703363 -0.0578865 -0.267319 -0.961868 -0.0640633 -0.273627 -0.9597 -0.00582315 -0.279602 -0.960098 -0.00615062 -0.274186 -0.961657 -0.00583199 -0.274546 -0.961556 -0.00535638 -0.280032 -0.959976 -0.000239663 -0.280036 -0.959989 -4.24751e-05 -0.279989 -0.960003 0 0.143111 0.989707 -0.0218264 0.142097 0.989612 -0.116757 0.423211 0.898477 0 0.426125 0.904664 0 0.426125 0.904664 -0.123339 0.591996 0.796447 -0.591853 0.376602 0.712658 0 0.630408 0.776264 0.335803 0.680673 0.651092 0 1 0 0 1 0 0 1 0 0 1 0 0 1 0 -0.0519011 -0.249005 -0.967111 -0.0532826 -0.263242 -0.963257 -0.133855 -0.199761 -0.970659 -0.0965359 -0.212388 -0.972405 -0.00700989 -0.26361 -0.964604 -0.00605475 -0.265427 -0.964112 0 -0.279083 -0.960267 -0.00107879 -0.27455 -0.961572 0 -0.275774 -0.961222 0 -0.275775 -0.961222 -0.00208018 -0.265432 -0.964127 -0.00105126 -0.267544 -0.963545 -0.13668 -0.16018 -0.977579 -0.0058756 -0.247986 -0.968746 -0.00685682 -0.249335 -0.968393 -0.00789937 -0.213378 -0.976938 -0.00592286 -0.215264 -0.976538 -0.136092 -0.161805 -0.977394 -0.134768 -0.163601 -0.977278 -0.00804904 -0.165102 -0.986244 -0.00797447 -0.16522 -0.986224 -0.00172301 -0.252045 -0.967714 -0.00195955 -0.24799 -0.968761 -0.00171301 -0.248328 -0.968674 0 -0.267638 -0.963519 0 -0.248907 -0.968528 0 -0.165113 -0.986275 -0.000953288 -0.165001 -0.986293 -0.00197531 -0.215268 -0.976553 -0.00786151 -0.16511 -0.986244 -0.000997987 -0.165115 -0.986274 -0.000988362 -0.214326 -0.976762 0 -0.248329 -0.968676 0 -0.248329 -0.968676 0 -0.214326 -0.976762 0 -0.214326 -0.976762 -1 0 0 -1 0 0 -1 0 0 -1 0 0 0 0 -1 0 0 -1 0 0 -1 0 0 -1 0 0 -1 0 -1 0 0 -1 0 0 -1 0 0 -1 0 0 -1 0 -0.999974 -0.00513894 0.00513414 -0.998964 0.0454855 -0.00144206 0.689488 0.632519 -0.352882 0.718664 0.604916 -0.342927 0.813881 0.494556 -0.304978 0.868434 0.409599 -0.279377 0.98592 0 -0.16722 0.949869 -0.302357 -0.0795501 0.945249 -0.317541 -0.0753076 0.80327 -0.595527 -0.0102399 0.795096 -0.606418 -0.00885485 0 0 1 0 0 1 0 0 1 0 0 1 0 0 1 0 0 1 0 0 1 0 0 1 0 0 1 0 1 0 0 1 0 0 1 0 0 1 0 0 1 0 0 1 0 0 1 0 -0.998439 0.0558248 -0.00161234 0.592915 0.716099 -0.368313 0.832688 0.517537 -0.196943 0.838546 0.507086 -0.199259 0.855186 0.48051 -0.194339 0.928798 0.362206 -0.0783689 0.999245 0 -0.0388452 0.999245 0 -0.0388452 1 0 0 1 0 0 1 0 0 1 0 0 1 0 0 0.959972 -0.280096 -0.000234063 0.950273 -0.311417 -0.000668097 0.947931 -0.318442 -0.00456686 0.803305 -0.595553 -0.00414226 0.802134 -0.597139 -0.00248659 0.793722 -0.608276 -0.00247995 0.793731 -0.608226 -0.00722573 0.790069 -0.613018 0 0.805838 0.573579 -0.147077 0.814698 0.579885 -0.000473149 0.823421 0.567431 -0.000158444 0.931595 0.363499 -0.0001015 0.931595 0.363499 -0.000101502 0.931663 0.363323 -0.000202906 0.961168 -0.275965 -0.000158712 0.949341 -0.314247 -9.68503e-05 0.949388 -0.314105 -0.000175413 0.949498 -0.313773 -0.000262845 0.802398 -0.596789 -0.000499925 0.802137 -0.59714 -0.000626167 0.792131 -0.610351 -0.000618347 0.802624 -0.596485 -0.000333126 0.802721 -0.596355 -0.000183796 0.824436 0.565956 0 0.931595 0.363498 0 0.931628 0.363415 -5.28579e-05 -0.000978746 -0.136339 0.990662 -0.00020369 -0.138265 0.990395 1 0 0 1 0 0 1 0 0 1 0 0 1 0 0 1 0 0 1 0 0 1 0 0 1 0 0 1 0 0 1 0 0 1 0 0 1 0 0 1 0 0 1 0 0 1 0 0 1 0 0 1 0 0 1 0 0 1 0 0 1 0 0 1 0 0 1 0 0 1 0 0 1 0 0 1 0 0 1 0 0 1 0 0 1 0 0 1 0 0 1 0 0 1 0 0 1 0 0 1 0 0 1 0 0 1 0 0 0 1 0 0 1 0 0 1 0 0 1 0 0 1 0 -0.00409347 -0.136338 0.990654 -0.00589494 -0.140624 0.990046 -0.00664908 -0.179099 0.983809 -0.00507915 -0.18187 0.983309 -0.000267932 -0.181872 0.983322 0 -0.182369 0.98323 0.712564 0.701309 -0.0204471 -0.136317 -0.138243 0.980972 -0.135894 -0.139322 0.980878 -0.1456 -0.166951 0.975155 -0.139456 -0.177353 0.974217 -0.140985 -0.180449 0.973428 -0.140129 -0.210413 0.967518 -0.138593 -0.211912 0.967412 -0.136334 -0.213122 0.967467 -0.00706242 -0.215125 0.976561 -0.00504654 -0.2132 0.976996 -0.000508875 -0.213203 0.977008 0 -0.21267 0.977124 0.478228 0.608651 -0.633121 0.344069 0.650664 -0.676944 -1 0 0 -1 0 0 -1 0 0 -1 0 0 -1 0 0 -1 0 0 -1 0 0 -1 0 0 -1 0 0 -1 0 0 -1 0 0 -1 0 0 -1 0 0 -1 0 0 -1 0 0 -1 0 0 -1 0 0 -1 0 0 -1 0 0 -1 0 0 -1 0 0 -1 0 0 -1 0 0 -1 0 0 -1 0 0 -1 0 0 -1 0 0 -1 0 0 -1 0 0 -0.135187 -0.247828 0.959326 -0.124416 -0.251734 0.959766 -0.00699613 -0.253699 0.967258 -0.00699514 -0.253698 0.967258 -0.00154121 -0.253704 0.967281 0 -0.252125 0.967695 0 -0.224488 0.974477 0 0.266333 -0.963881 0 0.605989 -0.795473 -0.345753 0.480682 -0.805854 -0.442095 0.438715 -0.782356 -0.552954 0.384301 -0.739293 -0.105797 -0.270373 0.956925 -0.105628 -0.270187 0.956996 -0.00696067 -0.271701 0.962357 -0.000995212 -0.265489 0.964113 -0.00494912 -0.273643 0.961819 -0.000992856 -0.273646 0.96183 0 -0.266435 0.963853 -0.0217151 0.264423 -0.964162 -0.0017287 0.112173 -0.993687 -0.022335 0.126721 -0.991687 -0.104491 0.263038 -0.95911 -0.086411 0.170695 -0.981528 -0.499604 0.37149 -0.782554 0.0527482 0.0604654 -0.996776 0 0 -1 0 0 -1 0 0 -1 0 0 -1 -0.106042 -0.271789 0.956497 -0.092149 -0.274088 0.95728 -0.0582945 -0.279313 0.958429 -0.00501197 -0.279785 0.96005 -0.000600617 -0.27402 0.961724 0 -0.273993 0.961732 -0.000331971 -0.279788 0.960062 -0.00499634 -0.279799 0.960046 -0.000339424 -0.279803 0.960057 -0.133732 -0.991018 0 -0.105303 -0.288965 0.951531 -0.0568486 -0.280103 0.958285 -0.0568028 -0.279614 0.958431 -0.00557518 -0.280062 0.959966 -0.00554572 -0.280052 0.959969 0 -0.279931 0.96002 0 -0.280056 0.959984 0 -0.280056 0.959984 0 -1 0 0 -1 0 -0.00463499 -0.999989 0 -0.00463848 -0.999988 0.00169796 -0.0799889 -0.996366 0.0292806 -0.133563 -0.990611 0.0291523 -0.133679 -0.990594 0.0292145 -0.0927414 -0.301712 0.948878 -0.00594959 -0.280552 0.95982 -0.0908787 -0.302965 0.948659 -0.00590473 -0.304219 0.952584 -0.00580714 -0.280496 0.959838 -0.00557749 -0.280336 0.959886 0 -0.28034 0.959901 0 -0.28034 0.959901 0 -0.999473 0.0324598 0 -0.999473 0.0324598 -0.00154808 -0.999472 0.0324598 -0.00463649 -0.999558 0.0293744 -0.00153718 -0.992435 0.12276 -0.00307377 -0.992243 0.124274 -0.106931 -0.986559 0.123562 -0.143877 -0.984155 0.103622 -0.149455 -0.987731 0.0452905 -0.160735 -0.399776 0.90241 -0.0965094 -0.348983 0.932147 -0.00577535 -0.304364 0.952538 0 -0.304369 0.952554 0 -0.2805 0.959854 0 -0.2805 0.959854 -0.00712231 -0.35061 0.936494 -0.00614089 -0.348912 0.937136 0.00293843 -0.992053 0.125786 0 -0.992436 0.122761 0.00289648 -0.977891 0.209094 0.00268926 -0.977821 0.209423 -0.00281258 -0.977821 0.209423 -0.00302931 -0.977891 0.209094 -0.043337 -0.976977 0.208898 -0.106483 -0.982429 0.15328 -0.169637 -0.436961 0.883339 -0.159361 -0.448295 0.879566 -0.00789395 -0.454084 0.890924 0.000516742 -0.348918 0.937153 0.000451541 -0.304893 0.952387 -0.00736111 -0.454702 0.890613 0.000879923 -0.454715 0.890637 0.000880792 -0.454714 0.890637 0.000926517 -0.349669 0.936873 0.00356114 -0.946758 0.321925 0.00330743 -0.946919 0.321455 -0.0034591 -0.946919 0.321455 -0.00378761 -0.94672 0.322037 -0.0519909 -0.945446 0.321603 -0.064969 -0.940744 0.332837 -0.159449 -0.448427 0.879482 -0.156761 -0.462547 0.872626 -0.102473 -0.51489 0.85111 -0.00707164 -0.517602 0.855592 -0.00673508 -0.517952 0.855383 0.000763077 -0.517963 0.855403 0.000845167 -0.517875 0.855456 0.00503984 -0.945773 0.32479 0.00549561 -0.914765 0.403949 0.0040543 -0.914128 0.405406 -0.00424022 -0.914127 0.405405 -0.00433967 -0.914169 0.405309 -0.137453 -0.905501 0.401466 -0.157934 -0.899603 0.407151 -0.103469 -0.516344 0.850108 -0.108074 -0.621265 0.776112 -0.00789385 -0.624906 0.78066 -0.00708444 -0.623924 0.781453 0.00091918 -0.623939 0.781472 0.00151101 -0.624694 0.780868 0.00388278 -0.875454 0.483285 -0.00405582 -0.874373 0.485237 0.00224645 -0.874378 0.48524 -0.00521244 -0.873634 0.486555 -0.0882791 -0.870235 0.484662 -0.15313 -0.885182 0.439321 -0.160759 -0.649894 0.742828 -0.139672 -0.674027 0.725382 -0.00798994 -0.680678 0.732539 0.00177467 -0.632239 0.774771 -0.00693551 -0.681735 0.731566 0.000755182 -0.681752 0.731583 0.00180572 -0.680703 0.732557 0.0170747 -0.651446 0.758503 0.00236625 -0.80299 0.595988 0.00236001 -0.802996 0.59598 -0.00555936 -0.802986 0.595972 -0.00804848 -0.800592 0.599156 -0.0934073 -0.797118 0.596555 -0.0976382 -0.794683 0.59912 -0.140949 -0.675347 0.723906 -0.140481 -0.750581 0.645672 -0.00805899 -0.758074 0.652118 -0.00688004 -0.757077 0.65329 0.00420529 -0.680698 0.732552 0.0165008 -0.680022 0.733006 0.000674379 -0.757094 0.653305 0.0020013 -0.758223 0.651992 0.0147181 -0.757624 0.652526 0.0162661 -0.692582 0.721155 0.00240363 -0.766444 0.642307 -0.148268 -0.753312 0.640732 0 1 0 0 1 0 0 1 0 0 1 0 0 1 0 0 1 0 0 1 0 0 1 0 0 1 0 0 1 0 0.974005 -0.226514 0.00249684 0.974004 -0.226515 0.00249585 0.974007 -0.226516 0 0.974007 -0.226516 0 0 0 -1 0 0 -1 0 0 -1 0 0 -1 0 0 -1 0 0 -1 0 0 -1 0 0 -1 0 0 -1 0 0 -1 0 0 -1 0 0 -1 0 0 -1 0 0 -1 0 0 -1 0 0 -1 0 0 -1 0 0 -1 0 0 -1 0 0 -1 0 0 -1 0 0 -1 0 0 -1 0 0 -1 0 0 -1 0 0 -1 0 0 -1 0 0 -1 0 0 -1 0 0 -1 0 0 -1 0 0 -1 0 0 -1 0 0 -1 0 0 -1 0 0 -1 0 0 -1 0 0 -1 0 0 -1 0 0 -1 0 0 -1 0 0 -1 0 0 -1 0 0 -1 0 0 -1 0.973234 -0.226338 0.0398219 0.973235 -0.226335 0.0398239 0.960024 -0.279907 0.00246002 0.960024 -0.279906 0.00246102 0.960027 -0.279907 0 0.960027 -0.279907 0 -0.941847 0.226682 -0.248072 -0.93795 0.261001 -0.228316 -0.901779 0.403512 -0.15483 -0.880313 0.455865 -0.131285 -0.594217 0.803904 -0.0253991 0.947355 -0.220319 0.232331 0.959287 -0.279692 0.0392532 0.946023 -0.32409 0.00242511 0.945413 -0.325874 0.00121581 0.945413 -0.325874 0.000131435 0.94604 -0.324049 0 -1 0 0 -1 0 0 -1 0 0 -1 0 0 -1 0 0 -1 0 0 -1 0 0 -1 0 0 -1 0 0 -1 0 0 -1 0 0 -1 0 0 -1 0 0 -1 0 0 -1 0 0 -1 0 0 -1 0 0 0 0 1 0 0 1 0 0 1 0 0 1 0 0 1 0 0 1 0 0 1 0 0 1 0 0 1 0 0 1 0 0 1 0 0 1 0 0 1 0 0 1 0 0 1 0 0 1 0 0 1 0 0 1 0 0 1 0 0 1 0 0 1 0 0 1 0 0 1 0 0 1 0 0 1 0 0 1 0.875196 -0.259959 0.407986 0.942536 -0.232882 0.239566 0.953728 -0.280509 0.108248 0.958532 -0.281922 0.0416722 0.947917 -0.31584 0.0412108 0.945406 -0.323878 0.0361969 0.924982 -0.378045 0.0385978 0.925671 -0.378327 0.00141151 0.925341 -0.379136 0.000940953 0.925341 -0.379136 0.000255641 0.926901 -0.375307 0 0.944835 -0.327546 0 -0.0538257 -0.99855 0 -0.0538257 -0.99855 0 -0.0323704 -0.757604 0.651911 -0.0306447 -0.746434 0.664754 0.578671 -0.246299 0.777481 0.745613 -0.341285 0.572352 0.751883 -0.340778 0.564396 0.946365 -0.315323 0.070458 0.762887 -0.349761 0.543756 0.894675 -0.422073 0.146326 0.900755 -0.416658 0.122628 0.921331 -0.381257 0.0761083 0.923229 -0.382043 0.0411296 0.906777 -0.419443 0.0426973 0.906406 -0.420341 0.0417246 0.907194 -0.420706 0.00232467 0.907743 -0.419526 0.0010412 0.907743 -0.419526 0.000130027 0.908266 -0.418392 0 0.923649 -0.383239 0 -0.0535138 -0.998566 0.00123915 -0.0534948 -0.998212 0.0266754 0 -1 0 0 -1 0 -0.0317413 -0.803539 0.594406 0 -0.807287 0.590159 0 -0.807287 0.590159 0 -0.746785 0.665066 0 -0.746785 0.665066 -0.0308397 -0.806903 0.589878 0.547137 -0.255128 0.797215 0.589591 -0.258162 0.765333 0.666083 -0.325704 0.671007 0.678854 -0.328519 0.656682 0.743228 -0.342707 0.574599 0.740489 -0.345135 0.576678 0.736719 -0.350418 0.578319 0.735901 -0.352649 0.578004 0.861917 -0.494398 0.112557 0.884845 -0.452886 0.10929 0.703319 -0.416316 0.576215 0.698568 -0.427806 0.573572 0.802306 -0.543528 0.246742 0.803563 -0.543235 0.243273 0.83599 -0.525953 0.156507 0.88943 -0.455233 0.0409432 0.888342 -0.45751 0.0391516 0.889022 -0.45786 0.00227808 0.887965 -0.459911 0.000570707 0.887965 -0.459911 0 0.887965 -0.459911 0 0.90726 -0.42057 0 0 -0.999999 0.00124092 0 -0.999999 0.00124092 0 -0.999263 0.0383818 -0.00062271 -0.999139 0.0414887 -0.00123718 -0.99906 0.0433273 -0.00185805 -0.999005 0.044565 -0.0506543 -0.997724 0.0445079 -0.0534011 -0.998004 0.0337168 0.0247756 -0.999693 0 0.0247756 -0.999693 0 -0.0307935 -0.814332 0.579582 -0.00107456 -0.866639 0.498935 -0.000717499 -0.866241 0.499625 0 -0.864237 0.503086 -0.02961 -0.866259 0.498716 0.00227204 -0.807285 0.590157 0.00327155 -0.806331 0.591455 0.00328268 -0.746781 0.665063 0.00369447 -0.745848 0.666106 0.546332 -0.256278 0.797398 0.587909 -0.314024 0.745488 0.608533 -0.327958 0.722587 0.661565 -0.330035 0.673356 0.658761 -0.341263 0.670502 0.709099 -0.339733 0.617867 0.731644 -0.34589 0.587415 0.632124 -0.367849 0.681987 0.635113 -0.400855 0.660263 0.656486 -0.420243 0.626436 0.866726 -0.497156 0.0402755 0.866726 -0.497156 0.0402751 0.845701 -0.532063 0.0412189 0.661354 -0.440821 0.606867 0.676684 -0.455812 0.578216 0.656987 -0.497077 0.566818 0.792078 -0.552839 0.258809 0.783052 -0.620567 0.041551 0.827769 -0.559599 0.0405798 0.827769 -0.559599 0.0405798 0.780014 -0.618159 0.0972488 0.845092 -0.533115 0.0401042 0.867426 -0.497557 0.00284062 0.869345 -0.494205 0.000613269 0.869345 -0.494205 0 0.869345 -0.494205 0 0.0247755 -0.99969 0.00248107 0.0247674 -0.99969 0.00248923 0.00124649 -0.999996 0.00248999 0.00124557 -0.999262 0.0383817 0.00124557 -0.999262 0.0383817 0.001234 -0.989979 0.141212 0 -0.989806 0.142423 -0.000616892 -0.989806 0.142423 -0.00122551 -0.989633 0.143616 -0.00122551 -0.989633 0.143616 -0.00184029 -0.989456 0.144822 -0.0024497 -0.989102 0.147211 -0.00368193 -0.988736 0.149622 -0.0439564 -0.987787 0.149479 -0.0503046 -0.990836 0.125352 0.0646473 -0.997908 0 -0.0333197 -0.87476 0.483409 -0.00251907 -0.900879 0.434063 -0.00215022 -0.900656 0.434528 -0.00111357 -0.898093 0.439804 -0.0337107 -0.881693 0.470617 -0.0344239 -0.900348 0.433807 -0.000948616 -0.897887 0.440224 -0.000743382 -0.897502 0.44101 7.2085e-06 -0.897502 0.44101 0.00443888 -0.894659 0.446728 0.00429385 -0.865428 0.501015 0.00215483 -0.864235 0.503084 0.157871 -0.854583 0.494737 0.164821 -0.795308 0.583369 0.241396 -0.734873 0.633789 0.224126 -0.726879 0.649165 0.623733 -0.358225 0.694717 0.629549 -0.367841 0.684369 0.621875 -0.378592 0.685522 0.621383 -0.379666 0.685374 0.62324 -0.400865 0.671475 0.591558 -0.433196 0.680001 0.592003 -0.440211 0.67509 0.845769 -0.533542 0.00282976 0.578911 -0.455949 0.675998 0.570922 -0.476288 0.668729 0.577883 -0.495445 0.648526 0.616912 -0.533933 0.578217 0.5912 -0.568144 0.572446 0.712436 -0.694742 0.0988362 0.715903 -0.692622 0.08808 0.719824 -0.689382 0.0812748 0.773322 -0.628875 0.0805536 0.775233 -0.63043 0.0396519 0.781782 -0.622269 0.0399869 0.782406 -0.622765 0.00200488 0.782813 -0.622256 0.00154434 0.828451 -0.56006 0.00138998 0.844539 -0.535493 0.000668876 0.82909 -0.559115 0.000698382 0.844539 -0.535494 2.67933e-06 0.844554 -0.535471 0 0.0657073 -0.997839 0.000112667 0.0657072 -0.997838 0.00123824 0.0644734 -0.997916 0.00247667 0.0247492 -0.998957 0.0383781 0.0247573 -0.998957 0.03837 0.0245275 -0.989682 0.14117 0 -0.965741 0.259507 0.0536497 -0.984042 0.169657 0.0525792 -0.964405 0.259148 -0.0011955 -0.965398 0.260779 -0.00239048 -0.965191 0.261534 -0.00183255 -0.96503 0.262135 -0.00264656 -0.965116 0.26181 -0.00323517 -0.965287 0.261172 -0.00359539 -0.965497 0.260389 -0.0342484 -0.964937 0.260238 -0.0434828 -0.977133 0.208136 -0.0434817 -0.977119 0.208201 0.0666835 -0.997774 0 -0.0034061 -0.943803 0.33049 -0.00283185 -0.943444 0.33152 -0.00224906 -0.94233 0.334678 -0.0407877 -0.913683 0.404375 -0.0371388 -0.943158 0.330264 -0.00210241 -0.942143 0.335205 -0.00186938 -0.941381 0.337339 -0.000735728 -0.939909 0.341423 0.000890125 -0.938846 0.344337 0.0929626 -0.934781 0.342846 0.164536 -0.882474 0.440644 0.195262 -0.866673 0.459076 0.198605 -0.863426 0.463737 0.26008 -0.818427 0.512382 0.29572 -0.755618 0.584458 0.281692 -0.718444 0.635993 0.278898 -0.684676 0.673376 0.260674 -0.629252 0.732182 0.535609 -0.370485 0.758857 0.551227 -0.409549 0.726924 0.577523 -0.433062 0.692044 0.4613 -0.390205 0.796833 0.457603 -0.394201 0.796998 0.475426 -0.452061 0.754726 0.478611 -0.455654 0.75054 0.515015 -0.491417 0.702331 0.53969 -0.498414 0.678467 0.550772 -0.493186 0.673363 0.543876 -0.40514 0.734889 0.522289 -0.516376 0.678654 0.513438 -0.535941 0.670185 0.518311 -0.550474 0.654471 0.560266 -0.592763 0.578562 0.515633 -0.643539 0.565668 0.557742 -0.732756 0.389862 0.654606 -0.749543 0.0983653 0.71553 -0.697485 0.039141 0.718067 -0.694716 0.0418321 0.653743 -0.751924 0.0850315 0.655749 -0.752157 0.065219 0.662672 -0.747892 0.039028 0.721581 -0.691065 0.0418359 0.77368 -0.632448 0.0378079 0.725389 -0.687282 0.0381354 0.77423 -0.632898 0.00276933 0.774909 -0.63207 0.00198567 0.782814 -0.622256 1.48711e-05 0.77491 -0.632071 0 0.77491 -0.632071 0 0.782699 -0.6224 0 0.82909 -0.559115 0.000287751 0.782938 -0.6221 0 0.826582 -0.562816 0 0.831406 -0.555666 0 0.844526 -0.535515 0 0.0644263 -0.997187 0.0383101 0.121757 -0.99256 0.000164074 0.121757 -0.992559 0.00123169 0.120237 -0.992745 0 0.0693334 -0.996657 0.0432181 0.122975 -0.992407 0.0024711 0.122868 -0.991544 0.0417686 0.121652 -0.991641 0.0430006 0.068394 -0.983154 0.169504 0.0861745 -0.951647 0.294858 0.118826 -0.968607 0.21836 0.120846 -0.967432 0.222422 0.129093 -0.947208 0.293482 -0.0375773 -0.944812 0.32545 0.191275 -0.971787 0.138002 0.286944 -0.893846 0.344531 0.315475 -0.919875 0.233036 0.362483 -0.914707 0.178651 0.402987 -0.896075 0.18615 0.442815 -0.865702 0.233398 0.373018 -0.728432 0.574669 0.310951 -0.749172 0.584851 0.315675 -0.673925 0.667963 0.292043 -0.670489 0.682023 0.292054 -0.667207 0.685229 0.275724 -0.643799 0.713793 0.270731 -0.63683 0.721909 0.421613 -0.440189 0.792765 0.503599 -0.545421 0.670002 0.414105 -0.447243 0.792774 0.43016 -0.521391 0.736963 0.454733 -0.547863 0.702185 0.480797 -0.554989 0.678838 0.460679 -0.572813 0.677983 0.45929 -0.575585 0.676576 0.461327 -0.622655 0.632043 0.493129 -0.655061 0.572467 0.473948 -0.671066 0.570126 0.548732 -0.750108 0.369096 0.54949 -0.805699 0.221158 0.577101 -0.810602 0.0993966 0.590948 -0.803349 0.0735528 0.650239 -0.75602 0.0749921 0.658562 -0.752133 0.0243325 0.658755 -0.752353 0.00262164 0.716076 -0.698017 0.0027011 0.71786 -0.696187 0.000863912 0.724063 -0.689734 0.000855905 0.725914 -0.68778 0.0027136 0.651015 -0.758962 0.0124928 0.576767 -0.815486 0.0481935 0.57553 -0.816685 0.0423157 0.579429 -0.814445 0.0306798 0.59295 -0.805144 0.0123734 0.724063 -0.689734 0 0.724063 -0.689734 0 0.123163 -0.992386 0 0.19026 -0.981733 0.00121825 0.189076 -0.981959 0.00244508 0.19026 -0.981734 0 0.19026 -0.981734 0 0.188915 -0.981123 0.0413296 0.189804 -0.980913 0.0422475 0.191578 -0.971929 0.136573 0.231035 -0.968916 0.0884592 0.28426 -0.953839 0.0968859 0.305896 -0.942172 0.136896 0.368128 -0.928951 0.0391394 0.310444 -0.94828 0.0662529 0.317308 -0.947482 0.0399202 0.368643 -0.928768 0.038628 0.409823 -0.911277 0.0402388 0.458047 -0.887984 0.0409629 0.459075 -0.887415 0.0417847 0.447873 -0.865761 0.223311 0.41172 -0.910468 0.0391856 0.481372 -0.857283 0.182612 0.523833 -0.830997 0.187198 0.42581 -0.69249 0.58236 0.394404 -0.709638 0.583831 0.337381 -0.666978 0.664315 0.320069 -0.671272 0.668543 0.364129 -0.675673 0.640996 0.270437 -0.558073 0.784486 0.362433 -0.644925 0.672841 0.357983 -0.581227 0.730769 0.338332 -0.550494 0.763209 0.300314 -0.531377 0.792118 0.429268 -0.52056 0.738069 0.375691 -0.500948 0.779684 0.388916 -0.597552 0.701196 0.390547 -0.601233 0.697131 0.390876 -0.601667 0.696572 0.434689 -0.604958 0.667136 0.434731 -0.611539 0.661082 0.428765 -0.616185 0.660663 0.532773 -0.845178 0.0427445 0.534754 -0.843992 0.0414282 0.657087 -0.753814 0.000935423 0.651064 -0.759019 0.00261021 0.652982 -0.757372 0.000939839 0.657088 -0.753814 0 0.657088 -0.753814 0 0.717861 -0.696187 0 0.717861 -0.696187 0 0.592993 -0.805203 0.00251871 0.5797 -0.814826 0.00250339 0.535212 -0.844715 0.00242671 0.580165 -0.814496 0.00202145 0.592339 -0.805687 0.00199959 0.224609 -0.974449 0 0.2261 -0.974104 9.15116e-05 0.2261 -0.974104 0.000579434 0.22501 -0.974356 0.0012091 0.224979 -0.97422 0.0167422 0.197848 -0.979343 0.0417579 0.298723 -0.954156 0.0187308 0.315353 -0.948349 0.0344658 0.315539 -0.948909 0.00279487 0.31707 -0.948401 0.00117689 0.368918 -0.929461 0.00115339 0.368918 -0.929461 0.0011534 0.410289 -0.911955 0.00113166 0.412036 -0.911165 0.00218667 0.458431 -0.888727 0.00227772 0.489056 -0.872249 0.00216478 0.488646 -0.871517 0.0410362 0.458527 -0.888678 0.00220556 0.489181 -0.871189 0.0416054 0.391058 -0.613379 0.686178 0.364191 -0.64445 0.672346 0.490067 -0.871684 0.00108169 0.533251 -0.845957 0.00104976 0.652983 -0.757373 0 0.652983 -0.757373 0 0.59234 -0.805688 0 0.59234 -0.805688 0 0.533251 -0.845957 0 0.533251 -0.845957 0 0.580166 -0.814498 0 0.580166 -0.814498 0 0.227469 -0.973785 0 0.295234 -0.955425 1.29581e-05 0.295234 -0.955425 0.000756599 0.295029 -0.955488 0 0.298774 -0.95432 0.00271566 0.295456 -0.955356 0 0.31707 -0.948402 0 0.31707 -0.948402 0 0.368919 -0.929462 6.75025e-05 0.368312 -0.929702 0 0.369478 -0.929239 0 0.410289 -0.911956 0 0.410289 -0.911956 0 0.457881 -0.889014 0 0.458528 -0.88868 5.1467e-05 0.459126 -0.888371 0 0.488935 -0.87232 0 0.490067 -0.871685 0.000128936 0.491115 -0.871095 0 0 0 -1 0 0 -1 0 0 -1 0 0 -1 0 0 -1 1 0 0 1 0 0 -0.000483268 -1 0 -0.000483268 -1 0 -0.00521144 -0.999986 0 0.675476 0.736443 -0.0371955 0 0 1 0 0 1 0 0 1 0 0 1 -0.005531 -0.999985 4.27879e-05 -0.00663597 -0.999978 -8.69365e-07 -1 0 0 -1 0 0 -1 0 0 0.657063 0.753489 -0.022873 -0.131438 -0.991324 -1.72197e-05 -0.132542 -0.991177 0.000936042 -0.131623 -0.9913 0 0.0986945 0.158778 0.982369 0 0.124674 0.992198 0 0 1 0 0 1 0 0 1 0 0 1 0 0 1 0 0 1 0 0 1 0 0 1 0 0 1 0.0418332 0.0418846 0.998246 0.0464233 0.048783 0.99773 0.0990606 0.154841 0.982961 0.146399 0.194143 0.969988 0.150859 0.207927 0.966441 0.124329 0.196022 0.972686 0.115728 0.185492 0.975807 0.113408 0.26967 0.956251 -1 0 0 -1 0 0 -1 0 0 -1 0 0 -1 0 0 -1 0 0 -1 0 0 -1 0 0 -1 0 0 -1 0 0 -1 0 0 -1 0 0 -1 0 0 -1 0 0 -1 0 0 -1 0 0 -1 0 0 -1 0 0 -1 0 0 -1 0 0 -1 0 0 -1 0 0 -1 0 0 0.0417729 0.0417638 0.998254 0.187674 0.167782 0.967795 0.164609 0.166846 0.972145 0.100858 0.0711687 0.992352 0.16538 0.114117 0.979605 0.188421 0.142831 0.971646 0.165651 0.193546 0.967006 0.203247 0.235771 0.950317 0.229632 0.312842 0.921628 0.45231 0.707661 0.542799 0.163809 0.300877 0.939489 0.456059 0.689412 0.56278 0.481792 0.850003 0.213005 -0.333277 -0.0559239 0.941169 -0.213723 -0.0415775 0.976009 -0.111924 -0.0240641 0.993425 -0.0563077 -0.0140642 0.998314 0.0596292 0.029799 0.997776 0.232159 0.208499 0.950069 0.203976 0.147828 0.96775 0.332501 0.245744 0.910524 0.267952 0.27243 0.924112 0.219086 0.113607 0.969069 0.16783 0.115147 0.979068 0.0785032 0.02976 0.99647 0.20952 0.0733834 0.975047 0.21983 0.0786319 0.972364 0.201898 0.142975 0.968915 0.693075 0.699308 0.174972 0.6777 0.714789 0.172623 0.638004 0.750512 0.172284 0.611679 0.771486 0.175092 0.607476 0.774968 0.17435 0.584219 0.792739 0.173932 0.488215 0.853337 0.182926 0.481607 0.857597 0.180506 0.432209 0.883976 0.178274 0.257799 0.947888 0.18721 -0.799981 -0.100603 0.591532 -0.789664 -0.100795 0.605203 -0.704327 -0.0992451 0.702904 -0.680418 -0.0982697 0.726206 -0.428569 -0.0683024 0.900924 0 -1 0 0 -1 0 0 -1 0 0 -1 0 0 -1 0 0 -1 0 0 -1 0 0 -1 0 0 -1 0 0 -1 0 0 -1 0 0 -1 0 0 -1 0 0 -1 0 0 -1 0 0 -1 0 0 -1 0 0 -1 0 0 -1 0 0 -1 0 0 -1 0 0 -1 0 0 -1 0 0 -1 0 0 -1 0 0 -1 0 0 -1 0 0.0571999 0.0190789 0.99818 0.700721 0.691924 0.173871 0.356575 0.260905 0.897097 0.742914 0.646488 0.173585 0.271109 0.168239 0.947732 0.405162 0.269783 0.873534 0.253937 0.137977 0.957329 0.240547 0.0817554 0.967188 0.293115 0.0988055 0.950958 0.409362 0.151835 0.899649 0.426462 0.162033 0.889874 0.213432 0.0186699 0.97678 0.228203 0.0294898 0.973167 0.227692 0.0730778 0.970987 0.711522 0.702589 0.0102866 0.687993 0.725645 0.0102705 0.647659 0.761869 0.00967786 0.687422 0.726193 0.00969465 0.646104 0.763204 0.00833068 0.643005 0.765831 0.0069929 0.616911 0.787003 0.00689207 0.615913 0.787792 0.00585602 0.56419 0.825625 0.00572836 0.560218 0.828318 0.00668971 0.559564 0.828756 0.00716441 0.554681 0.821525 0.13201 0.509248 0.850933 0.128764 0.496859 0.855534 0.145576 0.429589 0.902928 0.0132259 0.423534 0.890201 0.167814 0.502152 0.864647 0.0151339 0.49974 0.866076 0.0131271 0.373395 0.913803 0.159813 0.378244 0.925671 0.0081029 -0.987073 -0.0706064 0.143884 -0.963976 -0.0848814 0.252082 -0.879677 -0.098957 0.465163 0.0403255 -0.0401318 0.99838 0.208935 0 0.97793 0.213468 0.00340115 0.976944 0.712115 0.701996 0.00969076 0.743419 0.645951 0.173421 0.754822 0.655859 0.00965403 0.850485 0.494349 0.179706 0.8431 0.508418 0.175196 0.797675 0.579034 0.168625 0.764184 0.622342 0.169449 0.884284 0.432288 0.176544 0.902675 0.391896 0.177753 0.9162 0.051312 0.397423 0.942146 0.111336 0.316171 0.944269 0.113822 0.308871 0.954525 0.143436 0.26136 0.968026 0.173436 0.181233 0.96571 0.190062 0.176865 0.913442 0.368512 0.172696 0.90466 0.387942 0.176328 0.900988 0.0143553 0.433607 0.916558 0.0430406 0.397579 0.71214 0.702021 0.00487215 0.691963 0.721916 0.00494269 0.689855 0.723923 0.00599745 0.68743 0.726202 0.00841334 0.641738 0.766901 0.00590603 0.641107 0.76743 0.0056355 0.615914 0.787794 0.00550239 0.61442 0.788969 0.00395106 0.569408 0.822046 0.00382052 0.517164 0.855875 0.00448979 0.521536 0.853203 0.00665833 0.571348 0.820704 0.00239208 0.570683 0.819748 -0.0483105 0.516595 0.854934 -0.0470908 0.521534 0.853201 0.00710148 0.513465 0.857979 0.0150172 0.499778 0.866141 0.00454365 0.49171 0.870758 0.00123464 0.429036 0.903287 0.00107727 0.41981 0.907604 0.00387677 0.417048 0.908868 0.00554615 0.391167 0.920303 0.0054986 0.387701 0.921766 0.00597984 0.383617 0.923468 0.00663238 0.183265 -0.0759062 0.980129 0.108391 -0.0399278 0.993306 0.0834404 -0.0274183 0.996136 0.00477827 -0.00119447 0.999988 0.209873 -0.00116788 0.977728 0.209873 -0.00070248 0.977728 0.901076 -0.00301607 0.43365 0.712763 0.701393 0.00424225 0.756715 0.653699 0.00774689 0.756731 0.653713 0.00418665 0.75673 0.653714 0.00418588 0.775374 0.631456 0.00767133 0.775373 0.631458 0.0076694 0.854328 0.519549 0.0138573 0.842458 0.512331 0.166678 0.898312 0.439146 0.0136328 0.806385 0.570356 0.156324 0.838851 0.522518 0.152655 0.8164 0.577439 0.00746499 0.90309 0.429385 0.00754321 0.918876 0.394038 0.0200238 0.914214 0.405164 0.00737781 0.976446 0.115249 0.182401 0.976095 0.117658 0.182744 0.981629 0.0460962 0.18515 0.98141 0.056784 0.183328 0.992892 0.11719 0.0208055 0.991744 0.127848 0.00997461 0.979402 0.20168 0.00985048 0.968125 0.199358 0.151623 0.942069 0.321291 0.09632 0.924191 0.356528 0.136962 0.963462 0.25346 0.0865968 0.932781 0.359842 0.0208275 0.932559 0.360445 0.0203219 0.903757 -0.00756584 0.427978 0.982615 -0.008226 0.185473 0.982646 -0.00740373 0.185342 0.712764 0.701394 0.00367941 0.693126 0.720807 0.00378125 0.638255 0.769819 0.00320584 0.692176 0.719819 -0.0524711 0.637394 0.76878 -0.0520273 0.614422 0.788972 0.00308613 0.613925 0.78936 0.00257032 0.512442 0.857205 -0.0510183 0.490546 0.869876 -0.0517724 0.491205 0.871044 0.000822397 0.613015 0.788189 -0.0545032 0.611473 0.78928 -0.0560226 0.580003 0.812714 -0.0556062 0.505744 0.846001 -0.168837 0.571968 0.801454 -0.17471 0.429622 0.903009 0.000719304 0.388861 0.921296 0 0.392582 0.919709 0.00387353 0.429113 0.90194 -0.0486401 0.388432 0.920281 -0.0469375 0.391169 0.920308 0.0044235 0 0 -1 0 0 -1 0 0 -1 0 0 -1 0 0 -1 0 0 -1 0 0 -1 0.24311 -0.0951062 0.965325 0.226005 -0.0805483 0.97079 0.232355 -0.0810214 0.969251 0.23294 -0.0394422 0.971691 0.215607 -0.0268671 0.97611 0.215682 -0.00549995 0.976448 0.903626 -0.0186654 0.427916 0.715176 0.698943 0.00122005 0.756735 0.653718 0.00241009 0.755482 0.655169 0.00114364 0.775389 0.631471 0.00415572 0.853597 0.520911 0.00487549 0.853536 0.520874 0.0128768 0.903107 0.429393 0.00452061 0.903106 0.429394 0.00451969 0.84873 0.528671 0.0128043 0.817357 0.576095 0.00645101 0.844964 0.534786 0.00634974 0.817371 0.576104 0.00305931 0.817371 0.576103 0.00306014 0.77627 0.630393 0.00305185 0.914222 0.405167 0.00612359 0.913579 0.406638 0.00442754 0.932732 0.360512 0.00642554 0.93265 0.360728 0.006247 0.997878 0.0577368 0.0301099 0.99754 0.0669183 0.0209029 0.999517 -0.00753085 0.0301594 0.991893 0.127035 0.0033209 0.991786 0.127853 0.00373668 0.997752 0.0669325 0.00334102 0.997752 0.0669335 0.00334051 0.979117 0.203262 0.00368895 0.978952 0.204048 0.00409858 0.978785 0.204832 0.00491628 0.978776 0.20483 0.00656178 0.967075 0.254411 0.00648335 0.967036 0.25456 0.00636159 0.954461 0.298258 0.00685494 0.946269 0.322723 0.0206101 0.954466 0.298259 0.00608111 0.922561 -0.0548303 0.381937 0.980977 -0.0583021 0.185164 0.980805 -0.0640379 0.184174 0.997472 -0.065126 0.0284267 0.999552 -0.00920345 0.0284859 0.714142 0.697932 -0.0537884 0.693384 0.718562 -0.0537291 0.634103 0.771313 -0.054684 0.664291 0.688412 -0.291214 0.640544 0.699987 -0.315788 0.612094 0.744542 -0.266453 0.478205 0.854118 -0.204455 0.487811 0.871275 -0.0540325 0.43417 0.899329 -0.0519942 0.606095 0.74958 -0.266043 0.597826 0.771664 -0.217116 0.360389 0.663528 -0.65563 0.456105 0.853332 -0.252574 0.411572 0.549838 -0.726833 0.351402 0.529841 -0.771871 0.384798 0.921762 -0.0478055 0.424974 0.880282 -0.210953 0.37665 0.904074 -0.201952 0.367492 0.908428 -0.19927 0.374383 0.925462 -0.0579466 0.00119499 -0.0133959 -0.99991 0 0.00333288 -0.999994 0.775227 -0.411973 0.478854 0.279524 -0.101038 0.954808 0.276921 -0.0994202 0.955736 0.944465 -0.113955 0.308221 0.922242 -0.0607773 0.381805 0.754373 0.654208 -0.0541592 0.752421 0.656292 -0.0560622 0.716421 0.695399 -0.0562185 0.776272 0.630394 0.00240201 0.777148 0.629317 0.00130119 0.776018 0.628402 -0.0539184 0.903115 0.429398 0.000756035 0.902528 0.430631 0 0.854314 0.519758 0 0.853113 0.521724 0.00142834 0.853106 0.521719 0.00428589 0.844973 0.534791 0.00424501 0.844272 0.535906 0.00305655 0.817374 0.576105 0.00136851 0.913586 0.406642 0.00152958 0.913294 0.407301 0.000764552 0.932666 0.360734 0.00219232 0.932371 0.3615 0.00156104 0.956291 0.292404 0.00284569 0.956293 0.292404 0.0021124 0.999952 -0.00920713 0.00334737 0.999952 -0.00920815 0.00334839 0.989972 0.125132 -0.065551 0.989872 0.126776 -0.0638861 0.995641 0.0667919 -0.0650919 0.995531 0.0676193 -0.0659191 0.979388 0.191841 -0.0632095 0.977818 0.202992 -0.0516344 0.967367 0.248175 -0.0510826 0.964371 0.26135 -0.0410395 0.965184 0.26157 0.000457383 0.965878 0.258985 0.00261997 0.96679 0.255541 0.00404766 0.967044 0.254562 0.00485729 0.953355 -0.12711 0.273783 0.974492 -0.129928 0.182988 0.974088 -0.133959 0.182232 0.990525 -0.13622 0.0174341 0.996958 -0.0759431 0.0175473 0.997103 -0.0759541 0.00417254 0.997169 -0.0751244 0.00333805 0.686455 0.666311 -0.29122 0.4393 0.496291 -0.748807 0.69351 0.652315 -0.305824 0.479378 0.443154 -0.757503 0.422619 0.429256 -0.798206 0.393263 0.484297 -0.781538 0.299205 0.583173 -0.755239 0.316681 0.48931 -0.812582 0.281276 0.495033 -0.822087 0.257489 0.904357 -0.340348 0.263075 0.57219 -0.776782 0.329116 0.418198 -0.846636 0.0241518 -0.013392 -0.999619 0.0820026 -0.066525 -0.994409 0.0883383 -0.145234 -0.985446 0.00358946 -0.00119656 -0.999993 0.0203137 -0.00955445 -0.999748 0.0213676 0.0576114 -0.99811 0.0109543 0.0181466 -0.999775 0.00569651 0.00901402 -0.999943 0.00239019 0.00239313 -0.999994 0.885644 -0.368874 0.282075 0.930579 -0.310795 0.193469 0.962808 -0.198894 0.182871 0.893709 -0.363219 0.263355 0.77847 0.625073 -0.0571591 0.753912 0.605354 -0.255269 0.746919 0.60772 -0.269794 0.725375 0.632702 -0.271145 0.818019 0.57519 0.000684784 0.816906 0.574407 -0.0521625 0.812859 0.579727 -0.0563634 0.905367 0.421374 -0.0524829 0.901509 0.430144 -0.0475242 0.912061 0.406751 -0.0519394 0.853208 0.519085 -0.050859 0.852701 0.519859 -0.0514597 0.842765 0.535874 -0.05086 0.843857 0.536568 0.00070645 0.844275 0.535908 0.00141355 0.913964 0.401707 -0.0574531 0.93098 0.36096 -0.05463 0.929116 0.365148 -0.0584055 0.957189 0.289462 0.000506161 0.956308 0.289196 -0.0429043 0.951868 0.302245 -0.0509434 0.999939 -0.010882 0.00167417 0.997811 -0.0108589 -0.0652337 0.923631 0.0809345 -0.374642 0.936772 0.118408 -0.329298 0.92484 0.0628178 -0.375132 0.936496 0.120836 -0.329201 0.94593 0.149458 -0.287887 0.964512 0.188927 -0.184457 0.997681 -0.0125277 -0.0668976 0.919511 -0.0115461 -0.392895 0.917841 -0.00774919 -0.396872 0.917016 0.0430967 -0.396515 0.961724 0.246728 -0.119213 0.945041 0.300077 -0.129815 0.965046 -0.189976 0.180541 0.970587 -0.219364 0.0992014 0.975371 -0.220446 0.00735746 0.989257 -0.145999 0.0074622 0.989276 -0.146002 0.00413979 0.997173 -0.0751248 0.00167157 0.997173 -0.0751227 0.00166954 0.98904 -0.147625 0.00248388 0.989042 -0.147625 0.00165794 0.35445 0.361619 -0.862321 0.338772 0.364106 -0.86756 0.328976 0.417833 -0.846871 0.550318 0.41231 -0.726051 0.465158 0.388868 -0.795242 0.409315 0.33421 -0.848979 0.357391 0.343416 -0.868526 0.235123 0.46094 -0.855717 0.222342 0.521193 -0.823967 0.262096 0.571824 -0.777382 0.169704 0.331718 -0.927989 0.185605 0.402971 -0.896195 0.173082 0.272491 -0.946463 0.405694 -0.133266 -0.904242 0.459221 -0.192153 -0.867291 0.459227 -0.192293 -0.867257 0.162722 -0.00942905 -0.986627 0.236686 -0.0347968 -0.970963 0.291893 -0.0638429 -0.954318 0.316763 -0.0724343 -0.945735 0.385469 -0.10945 -0.916206 0.140817 0 -0.990036 0.143139 -0.00118425 -0.989702 0.153531 -0.00472223 -0.988132 0.0520658 0.221783 -0.973705 0.0531249 0.100571 -0.99351 0.122725 0.169388 -0.977879 0.123089 0.151409 -0.980777 0.102801 0.110025 -0.988598 0.10288 0.102826 -0.989365 0.00239239 0.00239113 -0.999994 0.00239019 0.00238967 -0.999994 0.878917 -0.442914 0.177007 0.909339 -0.369571 0.191104 0.934559 -0.34967 0.0658063 0.965029 -0.255744 0.0575644 0.798395 0.569411 -0.195795 0.827942 0.526959 -0.1919 0.833493 0.508149 -0.216967 0.831296 0.46229 -0.308602 0.681709 0.386154 -0.621416 0.539606 0.377067 -0.752759 0.842513 0.536233 -0.0512406 0.889821 0.391096 -0.23508 0.880328 0.40972 -0.239063 0.911024 0.358037 -0.204561 0.891256 0.372473 -0.258701 0.994953 -0.0749555 -0.0667147 0.516888 0.0540932 -0.854342 0.548546 0.0866333 -0.83162 0.517146 0.0439424 -0.854769 0.548362 0.090376 -0.831343 0.595793 0.136667 -0.791425 0.594434 0.152154 -0.789619 0.62558 0.177119 -0.759788 0.643985 0.226255 -0.730816 0.723636 0.286612 -0.627857 0.994834 -0.0757803 -0.0675416 0.926725 -0.0705921 -0.36905 0.918448 -0.0494297 -0.392441 0.503943 -0.00811165 -0.863699 0.522532 -0.050623 -0.851116 0.503719 -0.0309389 -0.863314 0.500139 -0.00413823 -0.865935 0.499976 0.025897 -0.865652 0.975029 -0.222002 0.00571947 0.966616 -0.256165 0.00567012 0.975029 -0.222002 0.00571463 0.975745 -0.218897 0.0024505 0.975745 -0.218897 0.0024505 0.976095 -0.217341 0.000817126 0.988921 -0.148439 0.000827863 0.986914 -0.148137 -0.0636951 0.987179 -0.144866 -0.0670218 0.128468 0.112992 -0.985256 0.107646 0.102774 -0.988863 0.474383 0.32057 -0.819875 0.409564 0.33221 -0.849644 0.252141 0.165445 -0.953443 0.144331 0.112743 -0.983086 0.630172 -0.231907 -0.741015 0.756226 -0.546448 -0.359886 0.55502 -0.0986699 -0.825964 0.562085 -0.101945 -0.820772 0.607882 -0.145828 -0.780521 0.606269 -0.162643 -0.77845 0.6027 -0.167678 -0.780152 0.522091 -0.0651325 -0.850399 0.00239229 0.00119656 -0.999996 0.0202901 0.00716624 -0.999768 0.154677 0.00708145 -0.98794 0.219239 0.0291754 -0.975235 0.0155816 0.0107823 -0.99982 0.00478259 0.00358564 -0.999982 0.934614 -0.350457 0.0606365 0.936194 -0.35105 0.0174326 0.943533 -0.331222 0.00606156 0.96648 -0.256682 0.005486 0.966615 -0.256172 0.00566531 0.572056 0.283406 -0.769696 0.576941 0.30224 -0.758808 0.480317 0.283157 -0.830131 0.243509 0.0418182 -0.968997 0.297071 0.0603364 -0.952947 0.37144 0.100342 -0.923019 0.39096 0.123131 -0.912134 0.483279 0.173649 -0.858072 0.499357 0.194787 -0.844216 0.496122 0.224425 -0.838747 0.945575 -0.138761 -0.294334 0.943911 -0.137185 -0.300354 0.93693 -0.128279 -0.325124 0.924955 -0.0936995 -0.368345 0.966314 -0.257315 0.00503651 0.966321 -0.257317 0.00332672 0.966656 -0.256068 0.00242767 0.974882 -0.217071 -0.0498452 0.966022 -0.255901 -0.0362834 0.970566 -0.235669 -0.0496245 0.97685 -0.204426 -0.0630456 0.971516 -0.20331 -0.121742 0.0702281 0.0381062 -0.996803 0.446729 0.235312 -0.863169 0.300212 0.163082 -0.939828 0.268162 0.128879 -0.954714 0.0965698 0.0429146 -0.994401 0.0820025 0.0380719 -0.995905 0.928551 -0.356333 -0.104019 0.93241 -0.357814 -0.0507977 0.968023 -0.235052 -0.0876435 0.943462 -0.331435 0.00546337 0.943475 -0.331399 0.00547819 0.942336 -0.334644 0.00394432 0.942338 -0.334644 0.00353693 0.940851 -0.338817 0.00157525 0.940075 -0.338537 -0.0406366 0 1 0 0 1 0 0 1 0 0 1 0 0 1 0 0 1 0 0 1 0 0 1 0 0 1 0 0 1 0 0 1 0 0 1 0 0.916733 -0.383933 0.110432 0.912187 -0.396971 0.101635 0.916932 -0.399036 -0.00241174 0.922749 -0.385382 -0.00379208 0 0 -1 0 0 -1 0 0 -1 0 0 -1 0 0 -1 0 0 -1 0 0 -1 0 0 -1 0 0 -1 0 0 -1 0 0 -1 0 0 -1 0 0 -1 0 0 -1 0 0 -1 0 0 -1 0 0 -1 0 0 -1 0 0 -1 0 0 -1 0 0 -1 0 0 -1 0 0 -1 0 0 -1 0 0 -1 0 0 -1 0 0 -1 0 0 -1 0 0 -1 0.930101 -0.208042 0.302705 0.309888 -0.173213 0.934862 0.31359 -0.17921 0.932494 0.731251 -0.520293 0.441097 0.791054 -0.556808 0.253374 0.831974 -0.536305 0.142113 0.849514 -0.515675 0.111381 0.854829 -0.518901 -0.00293813 0.840997 -0.540996 -0.00686726 -0.889929 -0.449255 -0.0787218 -0.900828 -0.434156 -0.00417306 0.309338 -0.172694 0.93514 0.232379 -0.11835 0.965398 0.183594 -0.119086 0.975762 0.199226 -0.132604 0.97094 0.224711 -0.187091 0.956296 0.409904 -0.342443 0.845406 0.778661 -0.624181 0.0639157 0.791303 -0.557937 0.25009 0.349194 -0.32728 0.878038 0.385407 -0.437371 0.812507 0.495197 -0.615475 0.613164 0.68081 -0.727228 0.0873978 0.691818 -0.719203 0.0642988 0.830361 -0.557112 -0.0112657 0.840485 -0.541792 -0.00687325 0.817234 -0.57622 -0.00999277 0.822613 -0.568488 -0.0113652 -0.839379 -0.510732 -0.185999 -0.797212 -0.602252 -0.0417825 -0.792626 -0.609685 -0.0052541 -0.800602 -0.599197 0 -0.896001 -0.444053 0 -0.888904 -0.4554 0.0495941 -0.884691 -0.455984 0.0969545 -0.846139 -0.364998 0.388363 -0.833145 -0.245979 0.495343 0.171767 -0.112816 0.978657 0.159612 -0.108216 0.981231 0.12313 -0.110354 0.986236 0.19694 -0.177052 0.964296 0.201481 -0.188838 0.961117 0.786221 -0.617945 0.000132166 0.698275 -0.71583 0.000153102 0.786418 -0.617695 0 0.802351 -0.596766 -0.010194 0.184971 -0.209911 0.960064 0.174335 -0.179251 0.968234 0.171359 -0.204269 0.9638 0.187291 -0.24656 0.950858 0.494908 -0.619111 0.609727 0.550574 -0.799222 0.241065 0.592121 -0.801211 0.0863354 0.576643 -0.816996 0 0.698035 -0.716063 0 0.698035 -0.716064 0 0.794164 -0.604087 -0.0662007 -0.740633 -0.671843 -0.00950752 -0.756734 -0.653701 -0.00541477 -0.745446 -0.64395 0.17216 -0.786381 -0.593943 0.169812 -0.805968 -0.584882 0.0912611 -0.807621 -0.585833 0.0674438 -0.811445 -0.579032 0.0792394 -0.878992 -0.47075 0.0759367 -0.665464 -0.40914 0.624309 -0.305889 -0.201192 0.930566 -0.205095 -0.127957 0.970342 -0.198194 -0.113007 0.973626 -0.179035 -0.096343 0.979114 0.0534139 -0.00126971 0.998572 0.00267202 -0.00127153 0.999996 0.103106 -0.101881 0.989439 0.102059 -0.101983 0.989537 0.102053 -0.102048 0.989531 0.104212 -0.107151 0.988766 0.782118 -0.615934 -0.0944299 0.789248 -0.609056 -0.0783498 0.690313 -0.718308 -0.086611 0.692277 -0.715311 -0.0953063 0.103512 -0.115243 0.987929 0.11381 -0.139087 0.983719 0.111633 -0.191758 0.975073 0.131432 -0.217928 0.967074 0.546422 -0.804009 0.234505 0.148197 -0.293557 0.944384 0.436855 -0.860553 0.261927 0.451729 -0.861678 0.231197 0.458092 -0.860542 0.222753 0.562083 -0.827053 -0.00680255 0.562706 -0.826628 -0.00692326 0.593131 -0.798196 -0.105251 0.680039 -0.725166 -0.108085 0.570747 -0.818428 -0.0665145 -0.727436 -0.686091 -0.0108008 -0.732307 -0.680908 -0.009496 -0.715454 -0.665238 0.213506 -0.71451 -0.665572 0.215616 -0.272591 -0.238767 0.932033 -0.2412 -0.180808 0.953484 -0.188746 -0.135627 0.972615 -0.18906 -0.123011 0.97423 -0.168068 -0.0974237 0.980949 -0.0500373 -0.0280528 0.998353 -0.0298223 0 0.999555 0.00177487 -0.000754065 0.999998 0 0 1 0 0 1 0 0 1 0 0 1 0 0 1 0 0 1 0 0 1 0 0 1 0.0117206 -0.023443 0.999656 0.0135528 -0.028938 0.999489 0.0952656 -0.192087 0.976743 0.0973151 -0.21375 0.972029 0.102647 -0.225347 0.968856 0.469898 -0.88272 0.00116361 0.497934 -0.867193 -0.00616656 0.132118 -0.503912 0.853591 0.137556 -0.525123 0.839836 0.292839 -0.913862 0.28125 0.319815 -0.925171 0.204394 0.409894 -0.883983 0.224857 0.464308 -0.885673 0.00113808 0.420663 -0.907208 0.00401909 0.445992 -0.895037 -7.13779e-05 0.452764 -0.89163 -0.000110889 0.457813 -0.889049 -0.000114301 -0.692243 -0.721583 -0.0108037 -0.692127 -0.721695 -0.0107746 -0.675871 -0.704745 0.215715 -0.670716 -0.70759 0.22239 -0.243455 -0.268823 0.931914 -0.214412 -0.210077 0.953884 -0.149113 -0.145081 0.978119 -0.148914 -0.135389 0.979538 -0.0420279 -0.0280632 0.998722 -0.0140617 -0.0140654 0.999802 0 -0.0663543 0.997796 0.0134813 -0.106561 0.994215 0.0172099 -0.121389 0.992456 0.0486231 -0.214515 0.97551 0.0501333 -0.230466 0.971788 0.0542061 -0.249874 0.96676 0.0617015 -0.278112 0.958565 0 -1 0 0 -1 0 0 -1 0 0 -1 0 0 -1 0 0 -1 0 0 -1 0 0 -1 0 0 -1 0 0 -1 0 0 -1 0 0 -1 0 0.32141 -0.935662 0.145715 0.321087 -0.946995 0.0102134 0.331836 -0.943325 0.00467491 -0.681653 -0.731596 -0.0107818 -0.650335 -0.737562 0.181843 -0.661349 -0.750053 -0.00610035 -0.623607 -0.760549 0.180772 -0.215713 -0.323604 0.921275 -0.168554 -0.228917 0.958742 -0.147114 -0.206112 0.967406 -0.13492 -0.182256 0.97395 -0.134767 -0.144867 0.98023 -0.0345761 -0.0448681 0.998394 -0.0140803 -0.0141027 0.999801 -0.000935009 -0.00280319 0.999996 -0.000932775 -0.0691379 0.997607 -0.00468131 -0.0840539 0.99645 -0.00457981 -0.222836 0.974845 0.0169023 -0.222806 0.974716 0.0224067 -0.230698 0.972767 0.0169615 -0.22298 0.974676 -0.617018 -0.786926 -0.00594912 -0.614175 -0.789153 -0.00520619 -0.608893 -0.793249 -0.00239508 -0.606364 -0.789954 0.0910804 -0.21381 -0.322396 0.922142 -0.591647 -0.803464 0.0663265 -0.479578 -0.875282 0.0623472 -0.478861 -0.875508 0.0646389 -0.466515 -0.877162 0.113801 -0.228191 -0.40637 0.884755 -0.147675 -0.235068 0.960695 -0.139139 -0.235362 0.961897 -0.115599 -0.21115 0.970594 -0.0721868 -0.123956 0.989658 -0.0722188 -0.120387 0.990097 -0.0512097 -0.103202 0.993341 -0.0504603 -0.198485 0.978804 -0.0474315 -0.198515 0.978949 -0.0349701 -0.174127 0.984102 -0.03461 -0.224025 0.973969 -0.00503561 -0.224156 0.97454 -0.308777 -0.951012 0.0152268 -0.324743 -0.945762 0.00878364 -0.60422 -0.796583 -0.0193134 -0.598348 -0.801237 0 -0.491148 -0.870885 -0.0182319 -0.487228 -0.873275 0 -0.592935 -0.805214 0.00761402 -0.16221 -0.305015 0.938432 -0.480499 -0.876963 0.00758772 -0.479857 -0.87733 0.00543538 -0.360581 -0.93271 0.00578951 -0.345196 -0.938491 0.00864924 -0.343419 -0.93366 0.101693 -0.479841 -0.877339 0.00536323 -0.305512 -0.940954 0.145836 -0.256944 -0.915879 0.308456 -0.192876 -0.671275 0.715673 -0.160655 -0.304054 0.939011 -0.114972 -0.237086 0.964661 -0.0813418 -0.237878 0.967883 -0.0963927 -0.368632 0.924564 -0.0762422 -0.325754 0.942375 -0.0529913 -0.24611 0.967792 -0.0421055 -0.246238 0.968294 -0.334956 -0.942194 0.00868337 -0.00893592 -0.000617384 -0.99996 -0.00618712 -0.00213692 -0.999979 -0.00391876 -0.00352552 -0.999986 -0.00352432 -0.00381284 -0.999987 -0.00187114 -0.00524231 -0.999985 -0.000554402 -0.00651853 -0.999979 -9.2928e-05 -0.00700758 -0.999975 0 -0.00711328 -0.999975 0 -0.00711356 -0.999975 0 -1 0 0 -1 0 0 -1 0 0 -1 0 0 -1 0 0 -1 0 0 -1 0 0 -1 0 -1 0 0 -1 0 0 -1 0 0 -1 0 0 -1 0 0 -1 0 0 -1 0 0 -1 0 0 -1 0 0 -1 0 0 -0.0101334 0 -0.999949 -0.0101334 0 -0.999949 0 0 -1 0 0 -1 0 0 -1 0 0 -1 0 0 -1 0 0 -1 0 0 -1 0 0 -1 0 0 -1 0 0 -1 0 0 -1 0 0 -1 0 0 -1 0 0 -1 0 0 -1 0 0 -1 0 0 -1 0 0 -1 0 0 -1 0 0 -1 0 0 -1 0 0 -1 0 0 -1 0 0 -1 0 0 -1 0 0 -1 0 0 -1 0 0 -1 0 0 -1 0 0 -1 0 0 -1 0 0 -1 0 0 -1 0 0 -1 0 0 -1 0 0 -1 0 0 -1 0 0 -1 0.020407 -0.00521791 -0.999778 0.0377473 -0.0117355 -0.999218 0.0499866 -0.0191105 -0.998567 0.0551316 -0.026917 -0.998116 0.000464838 -0.0069252 -0.999976 0.00208808 -0.0063978 -0.999977 0.00286863 -0.00621376 -0.999977 0.00381984 -0.00599306 -0.999975 0.00501306 -0.00577635 -0.999971 0.0103348 -0.00528591 -0.999933 0.0151814 -0.004966 -0.999872 0.0153912 -0.00495779 -0.999869 0.0191325 -0.00486977 -0.999805 -0.326763 -0.000645626 0.945106 -0.00705995 0.00391342 -0.999967 -0.00738318 0.00342662 -0.999967 -0.0079222 0.00263178 -0.999965 -0.00861347 0.00177614 -0.999961 -0.00953108 0.000646626 -0.999954 0.0203929 -0.00473224 -0.999781 0.0278252 -0.00397899 -0.999605 0.0364724 -0.00521552 -0.999321 0.0367256 -0.00524931 -0.999312 0.0816262 -0.0116671 -0.996595 0.0818748 -0.0117044 -0.996574 0.132666 -0.0189653 -0.990979 0.133108 -0.0190256 -0.990919 0.185346 -0.0264922 -0.982316 0.185339 -0.0264909 -0.982318 0.244553 -0.0354035 -0.968989 0.286323 -0.0428818 -0.957173 0.337191 -0.0541388 -0.939878 0.380263 -0.0666069 -0.922477 0.416272 -0.0815362 -0.905577 0.417886 -0.0826657 -0.904731 0 0 1 0 0 1 0 0 1 0 0 1 0 0 1 0 0 1 0 0 1 0 0 1 0 0 1 0 0 1 0 0 1 0 0 1 0 0 1 0 0 1 0 0 1 0 0 1 0 0 1 -0.326636 -0.000632479 0.94515 -0.326636 0 0.94515 -0.326644 0.0029359 0.945143 -0.326884 0.00304375 0.94506 -0.00548933 0.00613749 -0.999966 -0.00569509 0.00574438 -0.999967 -0.00582315 0.0055301 -0.999968 -0.00595539 0.00533855 -0.999968 -0.630487 0.331973 -0.701627 -0.341204 0.247006 -0.906955 -0.171082 0.175272 -0.969541 -0.0697937 0.11334 -0.991102 -0.0355519 0.0683064 -0.997031 -0.00482456 0.00757756 -0.99996 0.020019 6.01352e-05 -0.9998 0.0201582 0 -0.999797 0.0237811 -0.00173886 -0.999716 0.0278052 -0.00391217 -0.999606 0.0369231 -0.00521545 -0.999305 0.0383292 -0.00544998 -0.99925 0.079308 -0.01131 -0.996786 0.16396 -0.0111922 -0.986404 0.187451 -0.0192222 -0.982086 0.136006 -0.0193872 -0.990518 0.185676 -0.0264906 -0.982254 0.186662 -0.0266558 -0.982063 0.247501 -0.0353762 -0.968242 0.246638 -0.0352309 -0.968467 0.298816 -0.0427107 -0.953355 0.300816 -0.0429573 -0.952714 0.301775 -0.0430843 -0.952405 0.370566 -0.0529207 -0.927297 0.373387 -0.0533475 -0.926141 0.450057 -0.0643111 -0.890681 0.452306 -0.0646142 -0.889519 0.490854 -0.0701271 -0.868415 0.503657 -0.0774706 -0.860423 0.509289 -0.0805388 -0.856818 0.514049 -0.128459 -0.848088 0.513857 -0.0828284 -0.853868 0.515876 -0.0840171 -0.852533 0.617474 -0.102998 -0.779819 0.61823 -0.102945 -0.779227 -0.326874 0.0184778 0.944887 -0.804309 0.242054 0.542675 -0.00424137 0.0081548 -0.999958 -0.893016 0.412939 -0.178896 -0.895337 0.416027 -0.159042 -0.901037 0.429145 -0.0629754 0 1 0 0 1 0 0 1 0 0 1 0 0 1 0 0 1 0 0 1 0 0 1 0 0 1 0 0 1 0 0 1 0 0 1 0 0 1 0 0 1 0 0 1 0 0 1 0 -0.000160673 0.11365 -0.993521 -0.000215994 0.113617 -0.993525 -0.000216895 0.0683496 -0.997661 0 0.0679164 -0.997691 0 0.0679164 -0.997691 0 0.0132185 -0.999913 0 0.0132184 -0.999913 -0.00017027 0.0129607 -0.999916 -0.00095492 0.011892 -0.999929 -0.00169357 0.0110043 -0.999938 -0.00316902 0.00923638 -0.999952 0.0124541 0.00369176 -0.999916 0.0126129 0.0095683 -0.999875 0.141644 0.00947258 -0.989872 0.14165 0 -0.989917 0.0119548 0.00397993 -0.999921 0.00763073 0.00707726 -0.999946 0.143336 -0.00172139 -0.989673 0.15007 -0.0051599 -0.988662 0.156365 -0.00730313 -0.987672 0.4891 -0.0465978 -0.870982 0.353316 -0.0499783 -0.934168 0.304844 -0.0430402 -0.951429 0.258913 -0.0352671 -0.965257 0.215188 -0.0263278 -0.976218 0.43051 -0.0066738 -0.902561 0.489493 -0.0237814 -0.871683 0.247789 -0.0353735 -0.968168 0.496375 -0.0537985 -0.86644 0.495465 -0.0569868 -0.866756 0.492937 -0.0630349 -0.867779 0.541396 -0.0575581 -0.838795 0.540371 -0.0841616 -0.837207 0.543505 -0.0885799 -0.834719 0.543946 -0.0886589 -0.834423 0.573829 -0.0947678 -0.813474 0.595391 -0.100193 -0.797165 0.600041 -0.101769 -0.79347 0.54557 -0.181144 -0.818255 0.540895 -0.0881371 -0.83646 0.541862 -0.0883004 -0.835816 0.558965 -0.0889776 -0.824403 0.601082 -0.102034 -0.792647 0.617264 -0.10096 -0.780252 0.618301 -0.101823 -0.779317 -0.904163 0.427188 0 -0.904163 0.427188 0 -0.915702 0.368023 0.1614 -0.806541 0.243343 0.538772 -0.90239 0.430433 -0.0204852 -0.901081 0.429357 -0.0608782 -0.000115289 0.113641 -0.993522 0 0.113102 -0.993583 0 0.113102 -0.993583 0.000433773 0.0687828 -0.997632 0.00650468 0.0748425 -0.997174 0.00652278 0.00780631 -0.999948 0.00340902 0.0100203 -0.999944 0.000760575 0.0124102 -0.999923 0.0076266 0.0070791 -0.999946 0.007094 0.00740755 -0.999947 0.0067088 0.00764742 -0.999948 0.0165045 0.0947959 -0.99536 0.0748717 0.0718476 -0.994602 0.160692 0.0599442 -0.985183 0.18558 0.0545824 -0.981112 0.199942 0.0544256 -0.978295 0.305752 0.0334323 -0.951524 0.410682 0 -0.911779 0.508923 -0.0265092 -0.860404 0.550582 0 -0.834781 0.659166 0.0287378 -0.751448 0.71069 0.112938 -0.69438 0.65806 -0.0646367 -0.750186 0.620879 -0.10002 -0.7775 0.620334 -0.100301 -0.777898 0.619126 -0.100317 -0.778858 0.600914 -0.0972818 -0.793372 0.566096 -0.0906056 -0.819345 0.54401 -0.0886618 -0.834382 0.544339 -0.0887107 -0.834161 0.55271 -0.0900191 -0.828498 0.584012 -0.0952052 -0.806143 0.593113 -0.0966264 -0.7993 0.616088 -0.100437 -0.781247 0.617275 -0.100785 -0.780266 0.00367596 0.924572 0.380989 0.000432046 0.112498 -0.993652 0.168588 0.0679895 -0.983339 0.199899 0.0654318 -0.977629 0.200302 0.0644775 -0.97761 0.223351 0.0846826 -0.971053 0.376412 0.138418 -0.916054 0.727675 0.515941 -0.451989 0.811967 0.482573 -0.328379 0.902016 0.386445 -0.192424 0.840176 0.248136 -0.482217 0.820313 0.221954 -0.52709 0.619368 -0.100447 -0.778648 0.619387 -0.100515 -0.778625 0.616092 -0.100381 -0.781252 0.59632 -0.0971005 -0.796852 0.779667 0.578966 0.238575 0.816455 0.57741 0 0.816455 0.57741 0 0.80783 0.50615 -0.302031 0.846539 0.530403 -0.045221 0.90137 0.431203 -0.0399574 0.899024 0.4379 0 0.843369 0.535483 -0.0445726 0.0336004 0.536139 -0.843461 -0.00827524 0.536423 -0.843909 0 0 1 0 0 1 0 0 1 0 0 1 0 0 1 0 0 1 0 0 1 0 0 1 0 0 1 0 0 1 0 0 1 0 0 1 0 0 1 0 0 1 0 0 1 0 0 1 0 0 1 0 0 1 0 0 1 0 0 1 0 0 1 0 0 1 0 0 1 0 0 1 0 0 1 0 0 1 0 0 1 0 0 1 0 0 1 0 0 1 0 0 1 0 0 1 0 0 1 0 0 1 0 0 1 0 0 1 0 0 1 0 0 1 0.161219 0.476401 -0.864321 0.0684592 0.481583 -0.873723 -0.0104444 0.454851 -0.890506 -0.0123907 0.456564 -0.889605 -0.0123579 0.530661 -0.847494 0.0682997 0.453814 -0.888475 -0.0371126 0.530335 -0.846975 0.247416 0.376259 -0.892869 0.169326 0.446032 -0.878854 0.324608 0.369147 -0.870839 0.070885 0.451428 -0.889487 -0.000754793 0.188653 -0.982044 -0.0114932 0.198979 -0.979936 0.0770788 0.242007 -0.967208 0.0211432 0.188611 -0.981824 -0.0429195 0.198809 -0.979098 -0.117511 0.269624 -0.955769 -0.109534 0.440813 -0.89089 -0.0873547 0.454853 -0.886272 -0.0825167 0.463238 -0.882384 -0.0413368 0.530165 -0.846886 0.249847 0.362108 -0.898028 0.326131 0.359538 -0.874283 0.327398 0.349851 -0.877733 0.120597 0.240958 -0.963014 -0.000674803 0 -1 -0.000768582 1.87514e-05 -1 0.0215219 0.0267086 -0.999412 0.015763 0.0151888 -0.99976 0.000576663 0 -1 0.000576663 0 -1 -0.000846662 1.87514e-05 -1 -0.00124985 0.000287496 -0.999999 -0.0437536 0.0427787 -0.998126 0.123231 0.128355 -0.984042 -0.0577497 0.0497528 -0.997091 -0.182664 0.174801 -0.967511 -0.178779 0.267131 -0.946931 -0.150655 0.43842 -0.886054 -0.257875 0.342111 -0.903582 -0.204141 0.394619 -0.895881 0.329114 0.348111 -0.877783 0.344563 0.260157 -0.901995 0.216727 0.126266 -0.968032 0.36911 0.341651 -0.86431 -0.000663396 -0.183093 -0.983095 0.014692 -0.0141177 -0.999792 0.0198896 -0.024524 -0.999501 0.0195594 -0.183058 -0.982907 -0.0414602 -0.193481 -0.980228 -0.0422226 -0.0413448 -0.998252 -0.0116017 -0.193635 -0.981005 0.217669 0.0858095 -0.972243 0.149124 0.0150208 -0.988704 0.149141 0.00142745 -0.988815 0.147745 0 -0.989026 -0.0544119 -0.04742 -0.997392 -0.229493 -0.0462228 -0.972212 -0.229739 9.32688e-05 -0.973252 -0.229562 0.000279818 -0.973294 -0.229292 0.0485082 -0.972148 -0.290669 0.114079 -0.949999 -0.288308 0.170243 -0.942282 -0.347531 0.233766 -0.908061 -0.340005 0.303697 -0.890036 -0.334063 0.318048 -0.88727 -0.324824 0.326963 -0.88746 -0.301003 0.337094 -0.892057 0.379042 0.253827 -0.889887 0.441226 0.185209 -0.878076 0.446973 0.0947691 -0.889513 0.433768 0.0792159 -0.897536 0.504587 0.16765 -0.846927 0.0769735 -0.237981 -0.968215 0.070726 -0.451171 -0.889631 0.0691317 -0.452637 -0.889011 -0.0105384 -0.453698 -0.891093 0.14773 -0.0139643 -0.988929 0.120121 -0.124801 -0.984884 0.215305 -0.0836415 -0.972958 0.214427 -0.122787 -0.968992 0.117617 -0.237032 -0.964356 -0.09298 -0.453536 -0.886375 -0.107674 -0.444252 -0.889408 -0.109876 -0.442135 -0.890193 -0.118074 -0.266369 -0.956612 -0.0125601 -0.455473 -0.890161 -0.175676 -0.264074 -0.948368 -0.179407 -0.172636 -0.968509 0.435135 0.00172715 -0.900364 0.434771 0.00130002 -0.90054 0.433475 -0.0771851 -0.897854 -0.286924 -0.168105 -0.943088 -0.289298 -0.110057 -0.950891 -0.432536 -0.103662 -0.895638 -0.462667 -0.0564495 -0.884733 -0.463406 -0.000170743 -0.886146 -0.463176 8.49326e-05 -0.886266 -0.46243 0.0567347 -0.884839 -0.437252 0.0976397 -0.894023 -0.430728 0.1076 -0.896045 -0.42879 0.143003 -0.892014 -0.394506 0.185254 -0.900025 0.505863 0.151675 -0.849174 0.449422 0.0948484 -0.88827 0.451457 0.00173157 -0.892291 0.24754 -0.358998 -0.899913 0.245491 -0.370687 -0.895726 0.240403 -0.380513 -0.892982 0.203338 -0.415096 -0.886763 0.167095 -0.445945 -0.879325 0.156767 -0.48195 -0.86206 0.0692629 -0.486812 -0.870757 -0.00831482 -0.538919 -0.842317 -0.012516 -0.533077 -0.845974 0.0506572 -0.51597 -0.855107 0.0356634 -0.538595 -0.84181 0.338742 -0.25306 -0.906209 0.295472 -0.341072 -0.892393 0.260054 -0.357129 -0.897124 0.447473 -0.0936781 -0.889378 0.441956 -0.181839 -0.878413 0.415634 -0.211499 -0.8846 -0.0457003 -0.532562 -0.845156 -0.157466 -0.441275 -0.883448 -0.157971 -0.439243 -0.88437 -0.261717 -0.345634 -0.901133 -0.344666 -0.31041 -0.885918 -0.351236 -0.237208 -0.90574 -0.314881 -0.34025 -0.886047 0.452857 0.000445885 -0.891583 0.45086 -0.0937894 -0.887653 -0.43 -0.149365 -0.890387 -0.50026 -0.0349306 -0.865171 -0.500565 -0.000166806 -0.865699 -0.501566 0.000493697 -0.865119 -0.501283 0.0336054 -0.864631 0.463125 -0.105913 -0.879942 0.504441 -0.162539 -0.848009 0.504276 -0.164339 -0.847761 0.143477 0.299091 0.943376 0.10016 0.315568 0.943602 0.0935398 0.315971 0.944146 -1 0 0 -1 0 0 -1 0 0 -1 0 0 -1 0 0 -1 0 0 -1 0 0 -1 0 0 -1 0 0 -1 0 0 -1 0 0 -1 0 0 -1 0 0 -1 0 0 -1 0 0 -1 0 0 -1 0 0 -1 0 0 -1 0 0 0 0 1 0 0 1 0 0 1 0 0 1 0 0 1 0 0 1 0 0 1 0 0 1 0 0 1 0 0 1 0 0 1 0 0 1 0 0 1 0 0 1 0 0 1 0 0 1 0 0 1 0 0 1 0 0 1 0 0 1 0 0 1 0 0 1 0 0 1 0 0 1 0.15939 0.293689 0.942519 0.187139 0.281406 0.941164 0.162313 0.304108 0.938708 0.188881 0.534858 0.82356 0.322879 0.926364 0.193906 0.141352 0.974197 0.175952 0.140529 0.974321 0.175929 0.0906952 0.979682 0.178877 0 -1 0 0 -1 0 0 -1 0 1 0 0 1 0 0 1 0 0 1 0 0 1 0 0 1 0 0 1 0 0 1 0 0 1 0 0 1 0 0 1 0 0 1 0 0 1 0 0 1 0 0 1 0 0 1 0 0 1 0 0 1 0 0 1 0 0 1 0 0 0.798925 0.582974 0.147852 0.230103 0.265293 0.936308 0.230205 0.265261 0.936292 0.232268 0.264658 0.935953 0.681902 0.717625 0.141506 0.371902 0.911694 0.174652 0.364339 0.914493 0.175954 0.33333 0.940723 0.0627017 0.30269 0.952679 0.0279546 0.229239 0.973055 0.0247833 0.194979 0.978858 0.0618071 0.14126 0.974341 0.175229 0.195344 0.980693 0.00905993 0.195344 0.980693 0.00905993 0.00177608 -0.0121503 -0.999925 0.59969 -0.780533 0.176468 0.265872 0.254145 0.929904 0.266724 0.253884 0.929732 0.331463 0.237605 0.913059 0.411106 0.219912 0.884664 0.41453 0.219134 0.883258 0.526123 0.197409 0.827178 0.526199 0.197393 0.827134 0.678918 0.165785 0.715253 0.880124 0.103443 0.463337 0.999969 0.000983927 0.00781965 0.391251 0.920245 0.00849681 0.37764 0.925762 0.0188056 0.333926 0.942405 0.0191437 0.333763 0.942466 0.0189701 0.302755 0.952886 0.0186553 0.284647 0.958595 0.00850734 0.231308 0.972849 0.00780875 0.2293 0.973314 0.00899176 0.195347 0.980707 0.00724246 0.192315 0.981318 0.00543423 0.00207215 -0.0112503 -0.999935 0.00387526 -0.00845325 -0.999957 0.0119874 0 -0.999928 0.0119874 0 -0.999928 0.99972 -0.0195402 0.0133541 0.988716 -0.132261 0.0703463 0.988153 -0.135549 0.0719688 0.953166 -0.272832 0.130527 0.952935 -0.273518 0.130779 0.912834 -0.373005 0.166139 0.857331 -0.478725 0.189223 0.766279 -0.610386 0.200614 0.714849 -0.670555 0.198359 0.712737 -0.672845 0.198204 0.999999 -0.000747284 0.00152291 0.999994 0 0.00362583 0.999997 -0.000403358 0.00236311 0.999995 -0.000179634 0.00301332 0.391255 0.920256 0.00698479 0.333818 0.942623 0.00522187 0.389443 0.921036 0.00510228 0.293855 0.955842 0.00388749 0.292819 0.956159 0.00415955 0.333037 0.942904 0.00440584 0.230303 0.973112 0.00367878 0.230299 0.973093 0.00718623 0.192317 0.981326 0.00362652 0.189276 0.981922 0.00181386 0.230172 0.973143 0.00359628 0.00142783 0.00364938 -0.999992 0.0553783 0.057609 -0.996802 0.00142201 0.00363449 -0.999992 0.389831 0.920878 0.00401685 0.389022 0.921222 0.0034044 0.333038 0.942907 0.00348454 0.332296 0.943171 0.00272129 0.296561 0.955011 0.00242864 0.296494 0.954793 -0.0214762 0.230132 0.972974 -0.018979 0.189053 0.980762 -0.0486297 0.182783 0.98174 -0.0526969 0.193429 0.979927 -0.0482589 0.00133476 0.00364824 -0.999992 0.00142783 0.00390262 -0.999991 0.00431702 0.0168128 -0.999849 0.0173706 0.0503817 -0.998579 0.0550319 0.125499 -0.990566 0.067541 0.158636 -0.985024 0.105624 0.220387 -0.969677 0.388572 0.920157 -0.0481948 0.331893 0.942028 -0.0492999 0.383509 0.922007 -0.0531354 0.377066 0.924366 -0.058044 0.336229 0.939929 -0.0590213 0.334836 0.939911 -0.0667227 0.316736 0.944122 -0.0911651 0.209801 0.974797 -0.0758629 0.178684 0.982252 -0.0570372 0.175429 0.977966 -0.113171 0.0166203 0.294686 -0.95545 0.0643881 0.337719 -0.939042 0.135078 0.296914 -0.945302 0.0894376 0.401664 -0.911409 0.123919 0.446603 -0.886109 0.126577 0.446452 -0.88581 0.246503 0.397832 -0.883723 0.369962 0.90695 -0.20142 0.353944 0.908745 -0.221146 0.335211 0.934619 -0.11883 0.146788 0.967041 -0.20805 0.151174 0.973011 -0.174346 0.333666 0.878882 -0.340931 0.263246 0.761839 -0.591864 0.230096 0.721167 -0.653432 0.213527 0.522677 -0.825358 0.220916 0.521797 -0.823968 0.222438 0.519623 -0.824932 0.105503 0.585179 -0.804011 0.125513 0.487016 -0.864327 0.152142 0.622759 -0.767479 0.22521 0.710762 -0.666406 0.102855 0.958594 -0.265553 0.125523 0.614409 -0.778939 0.125079 0.615034 -0.778517 0.262103 0.573906 -0.775844 -0.000483268 -1 0 -0.000483268 -1 0 -0.000483258 -0.999978 -0.00658853 0.000327364 -0.999972 -0.00743651 1 0 0 1 0 0 1 0 0 1 0 0 1 0 0 1 0 0 1 0 0 1 0 0 1 0 0 1 0 0 1 0 0 1 0 0 1 0 0 1 0 0 1 0 0 1 0 0 1 0 0 1 0 0 1 0 0 1 0 0 1 0 0 1 0 0 1 0 0 0 0 1 0 0 1 0 0 1 0 0 1 0 0 1 -0.00524309 -0.999986 0 -0.00557595 -0.999984 -4.91919e-05 -0.00557582 -0.999963 -0.00658843 0.000483239 -0.99994 -0.0109774 -0.0060812 -0.999956 -0.00709393 -0.00607048 -0.998194 -0.0597742 0.000482404 -0.998212 -0.0597753 0.645601 0.703903 0.296175 -0.00670771 -0.999978 0 -0.131318 -0.99134 0 -0.131318 -0.99134 0 -0.131315 -0.991316 -0.00703263 0.000964778 -0.998181 -0.0602788 -0.133875 -0.989196 -0.0597362 -0.00657477 -0.99816 -0.0602775 -0.13411 -0.99093 -0.00853284 -0.00649158 -0.98553 -0.169374 -0.00546279 -0.985349 -0.170464 0.000952391 -0.985363 -0.170466 0.000952389 -0.985363 -0.170466 -1 0 0 -1 0 0 -1 0 0 -1 0 0 -1 0 0 -1 0 0 -1 0 0 -1 0 0 -1 0 0 -1 0 0 -1 0 0 -1 0 0 -1 0 0 -1 0 0 -1 0 0 -1 0 0 -1 0 0 -1 0 0 -1 0 0 0.00266937 0.999374 0.0352888 0 1 0 0 1 0 0 1 0 0 1 0 0 1 0 -0.143309 -0.987558 -0.0647419 -0.143515 -0.983625 -0.109022 -0.0820681 -0.982227 -0.168806 -0.0972247 -0.964303 -0.246307 -0.00751402 -0.968866 -0.247472 -0.00650162 -0.969345 -0.245619 -0.0828777 -0.981966 -0.169924 0 -0.969365 -0.245624 0.000937376 -0.96983 -0.243781 0.00118962 -0.322754 -0.946482 0.00119054 -0.322757 -0.946481 -0.172352 -0.935943 -0.307093 -0.178392 -0.928181 -0.326584 -0.150733 -0.917919 -0.367021 -0.148846 -0.917611 -0.368558 -0.00915957 -0.927909 -0.372694 -0.00751863 -0.926928 -0.375164 0 -0.926954 -0.375175 0 -0.926954 -0.375175 -0.143819 -0.322648 -0.935529 0.00115581 -0.392904 -0.919579 -0.00622556 -0.322751 -0.946464 -0.00622557 -0.322751 -0.946464 -0.144107 -0.888395 -0.435876 -0.134149 -0.885008 -0.44583 -0.00724388 -0.893057 -0.449885 -0.00658731 -0.892784 -0.450437 0 -0.892803 -0.450447 0 -0.892803 -0.450447 -0.13731 -0.3197 -0.937517 -0.142201 -0.323662 -0.935426 -0.137848 -0.398398 -0.906795 0.00154201 -0.408401 -0.912801 0.000493843 -0.407308 -0.913291 -0.00587454 -0.407301 -0.913275 -0.00600764 -0.407173 -0.913331 -0.134448 -0.88484 -0.446074 -0.00772906 -0.856687 -0.515779 -0.0068654 -0.857451 -0.51452 -0.140476 -0.848217 -0.51068 0 -0.857471 -0.514533 0.000210098 -0.857277 -0.514856 -0.128885 -0.403785 -0.90573 -0.137048 -0.480715 -0.866101 -0.138877 -0.481979 -0.865106 0.00156087 -0.460805 -0.8875 0.000836463 -0.487048 -0.873375 -0.00501366 -0.487042 -0.873364 -0.00615575 -0.485284 -0.874335 -0.153154 -0.840905 -0.51906 -0.159514 -0.777622 -0.60816 -0.0557605 -0.761325 -0.645968 -0.00811487 -0.762486 -0.646954 0.000412254 -0.853054 -0.521823 -0.00772277 -0.762137 -0.64737 0.000327918 -0.762159 -0.647389 0.000368347 -0.762199 -0.647342 -0.148999 -0.494869 -0.856098 -0.00543908 -0.596855 -0.802331 -0.00632761 -0.597764 -0.801647 -0.074661 -0.596108 -0.799426 -0.155268 -0.566706 -0.809157 0.00156881 -0.488269 -0.872692 0.00158531 -0.595837 -0.803104 0.00156745 -0.596262 -0.802788 0.00101004 -0.596863 -0.802342 -0.0425395 -0.755095 -0.654233 -0.0358897 -0.752019 -0.658164 -0.00766138 -0.752482 -0.658569 -0.00762528 -0.752515 -0.65853 0.000367924 -0.761325 -0.64837 0 -0.752537 -0.65855 0.000363847 -0.752889 -0.658148 0.00100355 -0.603713 -0.797201 0.000387868 -0.619981 -0.784617 0 -0.620446 -0.784249 -0.00619017 -0.620434 -0.784234 -0.00758853 -0.62204 -0.782949 -0.0356093 -0.621663 -0.782475 0 0 1 0 0 1 0 0 1 0 0 1 0 0 1 0 0 1 0 0 1 0 0 1 0 0 1 0 0 1 0 0 1 0 0 1 0 0 1 0 0 1 0 0 1 0 0 1 0 0 1 0 0 1 0 0 1 0 0 1 0 0 1 0 0 1 0 0 1 1 0 0 1 0 0 1 0 0 1 0 0 1 0 0 1 0 0 1 0 0 0 1 0 0 1 0 0 1 0 0 1 0 0 1 0 0 1 0 0 1 0 -0.42144 0.692925 0.585016 0 -1 0 0 -1 0 0 -1 0 0 -1 0 0 -1 0 0 -1 0 0 -1 0 0.996174 0.00103416 -0.0873832 0.969231 0.190756 -0.155574 0.967082 0.200159 -0.157124 0.945244 0.279871 -0.167886 0.20014 0.972303 -0.120713 0.16693 0.9795 -0.112756 0.0170611 0.998679 -0.0484714 -0.426344 0.695619 0.578226 -0.490612 0.563754 0.66444 -0.451885 -0.597497 0.662418 0.0274912 -0.995232 -0.0935842 0.0628203 -0.992092 -0.108661 0.465534 -0.858404 -0.215454 0.620208 -0.748273 -0.235434 0.963313 -0.21274 -0.163613 0.996176 -0.00105325 -0.0873594 0.996179 0.000742597 -0.0873313 0.98354 0 -0.18069 0.98354 0 -0.18069 0.975242 0.0386074 -0.217744 0.966439 0.15265 -0.206626 0.968943 0.190699 -0.157427 0.996168 0 -0.087464 0.996168 0 -0.087464 0.936463 0.1847 -0.2982 0.831864 0.372838 -0.411088 0.238306 0.669083 -0.703945 0.171896 0.973732 -0.149328 0.166114 0.974711 -0.149478 0.107556 0.964671 -0.240505 -0.0415746 0.96946 -0.241699 -0.0647571 0.975611 -0.209738 -0.0656674 0.989325 -0.130089 -0.00415722 0.998902 -0.0466744 -0.00391697 0.998905 -0.046626 0.00762897 0.998883 -0.046625 -0.864694 0.000116486 0.502299 -0.769358 0.11907 0.627623 -0.768941 0.119528 0.628047 -0.68857 0.219383 0.691189 -0.640467 0.28709 0.712307 -0.63948 0.288649 0.712564 -0.580419 0.377271 0.721652 -0.580202 0.377586 0.721661 -0.561523 0.41249 0.717317 -0.56146 0.412611 0.717297 -0.4918 0.56097 0.665917 -1 0 0 -1 0 0 -0.470924 -0.555619 0.685214 -0.53728 -0.419638 0.731597 -0.538752 -0.416902 0.732078 -0.560522 -0.376537 0.737587 -0.610232 -0.306257 0.730633 -0.668488 -0.230143 0.707219 -0.66888 -0.229616 0.70702 -0.739716 -0.145454 0.657011 -0.85035 -0.0167511 0.525951 0.008581 -0.995902 -0.0900355 -0.0164698 -0.9931 -0.116106 0.0562738 -0.991661 -0.115938 0 -0.995963 -0.0897706 -0.00401515 -0.995954 -0.0897698 -0.00632831 -0.9959 -0.0902361 -0.0210267 -0.9937 -0.110082 0.0854427 -0.695557 -0.713373 0.0897108 -0.692685 -0.715639 0.220556 -0.677623 -0.701557 0.415919 -0.698035 -0.582887 0.537134 -0.782854 -0.314048 0.416758 -0.61445 -0.669898 0.690062 -0.347686 -0.634766 0.845063 -0.230066 -0.482637 0.962309 -0.14157 -0.232203 0.971559 -0.0525006 -0.230903 0.996179 -0.000733083 -0.0873331 0.996179 -0.000912294 -0.0873335 0.923332 0 -0.384002 0.923332 0 -0.384002 0.923193 0.0174018 -0.383944 0.925179 0.0211389 -0.378941 0.912811 0.0654385 -0.403106 0.109676 0.628017 -0.770432 0.184222 0.662834 -0.72575 0.0595983 0.0321463 -0.997705 0.0400071 0.0518183 -0.997855 0.0847874 0.582731 -0.80823 0.138147 0.664267 -0.734619 0.110911 0.640128 -0.76022 -0.0393026 0.643605 -0.764348 -0.0531738 0.657149 -0.751883 -0.164092 0.64916 -0.742742 -0.190853 0.654535 -0.731545 -0.147379 0.963509 -0.22345 -0.132666 0.969021 -0.208321 -0.464102 0.724148 -0.510117 -0.606197 0.543716 -0.58043 -0.746091 0.317483 -0.585281 -0.826334 0.136837 -0.546303 -0.872472 0 -0.488664 -0.867001 -0.0163556 -0.498038 -0.807978 -0.174484 -0.562785 -0.729505 -0.33797 -0.594642 -0.585571 -0.558666 -0.587367 -0.364173 -0.804232 -0.46967 -0.348611 -0.817378 -0.458655 -0.240451 -0.713277 -0.658346 -0.0947528 -0.680237 -0.726842 -0.0451308 -0.682279 -0.729698 -0.0255949 -0.697881 -0.715756 -0.019531 -0.660687 -0.750407 0.0374845 -0.660349 -0.750023 0.0228892 -0.0541012 -0.998273 0.0285224 -0.0476997 -0.998454 0.0823653 -0.0814194 -0.993271 0.210446 -0.208029 -0.955215 0.337507 -0.607942 -0.718676 0.0470945 -0.0262509 -0.998545 0.0594763 -0.0153791 -0.998111 0.923073 -0.0236957 -0.383894 0.929742 -0.0418859 -0.365822 0.0594833 0 -0.998229 0.0594833 0 -0.998229 0.0594796 0.0112933 -0.998166 0.0502018 0.01728 -0.99859 0.027644 0.51946 -0.854048 -0.0060129 0.519649 -0.854359 -0.0412357 0.56927 -0.821116 0.0257089 0.0193356 -0.999483 0.0238502 0.0421717 -0.998826 0.0147587 0.0557778 -0.998334 -0.0439401 0.569205 -0.821021 -0.021442 0.0565764 -0.998168 -0.0297985 0.0476666 -0.998419 -0.0663806 0.0706841 -0.995288 -0.295747 0.307091 -0.90456 -0.37936 0.570068 -0.728772 -0.286548 0.635168 -0.717253 -0.386924 0.645378 -0.658617 -0.386177 0.570624 -0.724745 -0.48533 0.474027 -0.734679 -0.53619 0.473945 -0.698481 -0.532718 0.374379 -0.758981 -0.592647 0.321137 -0.738675 -0.601977 0.273256 -0.750303 -0.697721 0.163145 -0.697545 -0.689147 0.133539 -0.712211 -0.751373 0 -0.659878 -0.762775 -0.0167213 -0.646448 -0.66254 -0.201594 -0.721388 -0.62814 -0.220369 -0.746242 -0.589324 -0.260627 -0.764703 -0.574075 -0.339909 -0.744916 -0.5498 -0.363646 -0.751985 -0.532114 -0.414921 -0.738034 -0.536171 -0.509447 -0.673041 -0.447979 -0.506646 -0.736631 -0.374247 -0.593105 -0.712857 -0.362861 -0.595992 -0.716328 -0.240633 -0.698138 -0.674314 -0.11698 -0.670696 -0.73245 -0.0536909 -0.0968426 -0.993851 -0.0244896 -0.0515601 -0.99837 -0.0167921 -0.0468269 -0.998762 -0.0117874 -0.0541116 -0.998465 0.0275917 -0.0254885 -0.999294 -0.0174419 -0.0370209 -0.999162 -0.00212483 -0.00637942 -0.999977 0 -0.00425297 -0.999991 0.0063743 -0.00425288 -0.999971 0.00637436 0 -0.99998 0.00637436 0 -0.99998 -0.00211948 0.0557837 -0.998441 -0.00258037 0.0565892 -0.998394 0 0 -1 0 0 -1 0 0 -1 -0.00212277 0.00424299 -0.999989 -0.0288452 0.0309343 -0.999105 -0.0431406 0.0317809 -0.998563 -0.381361 0.234307 -0.894239 -0.482704 0.374397 -0.791722 -0.481196 0.376078 -0.791844 -0.0440372 0.0309088 -0.998552 -0.114943 0.0508877 -0.992068 -0.114064 0.049982 -0.992215 -0.0565541 0.0159193 -0.998273 -0.0452609 0 -0.998975 -0.0426267 -0.00212004 -0.999089 -0.0514548 -0.0146341 -0.998568 -0.0865531 -0.0359367 -0.995599 -0.299944 -0.1408 -0.943509 -0.471303 -0.247252 -0.846605 -0.329244 -0.429845 -0.840733 -0.447844 -0.502373 -0.739633 -0.0452961 -0.0279911 -0.998581 -0.033638 -0.0395728 -0.99865 -0.0544477 -0.0974344 -0.993751 -0.0203953 -0.039587 -0.999008 -0.00212487 -0.00212255 -0.999996 -0.0453102 -0.0126437 -0.998893 -0.0342485 -0.00212131 -0.999411 -0.0440551 0.0119312 -0.998958 -0.0326028 0 -0.999468 -0.0342286 -0.00170236 -0.999413 -0.0316144 -0.761014 0.647965 -1 0 0 -1 0 0 -1 0 0 -1 0 0 -1 0 0 -1 0 0 -1 0 0 -1 0 0 -1 0 0 -1 0 0 -1 0 0 -1 0 0 -1 0 0 0 0 -1 0 0 -1 0 0 -1 0 0 -1 0 0 -1 0 0 -1 0 0 -1 0 0 -1 0 0 -1 0 0 -1 0 0 -1 0 0 -1 0 0 -1 0 0 -1 0 0 -1 0 0 -1 0 0 -1 0 0 -1 0 0 -1 0 0 -1 0 0 -1 0 0 -1 0 0 -1 0 0 -1 0 0 -1 0 0 -1 0 0 -1 0 0 -1 0 0 -1 0 -0.74456 0.667556 0 -0.74456 0.667556 -0.0287333 -0.744253 0.66728 -0.0288203 -0.692644 0.720703 -0.0303169 -0.686671 0.726336 -0.574993 0.0522722 -0.816487 0.00509602 -0.745558 0.666422 0.00440772 -0.744553 0.667549 0 -0.692932 0.721003 0 -0.692932 0.721003 0 -0.611485 0.791256 0 -0.611485 0.791256 -0.0285689 -0.611236 0.790933 -0.0314121 -0.6245 0.780393 -0.0317614 -0.680572 0.731992 0 1 0 0 1 0 0 1 0 0 1 0 0 1 0 0 1 0 0 1 0 0 1 0 0 1 0 0 1 0 0 1 0 0 1 0 0 1 0 0 1 0 0 1 0 0.221713 -0.727012 0.649844 0.224771 -0.724604 0.651481 0.225234 -0.675323 0.702288 0.0043806 -0.693127 0.720802 0.00417952 -0.692926 0.720996 0.0040789 -0.612313 0.790605 0.00341372 -0.611482 0.791251 0 -0.524301 0.851533 0 -0.524301 0.851533 -0.027506 -0.524102 0.851211 -0.0292674 -0.517454 0.85521 0 0 1 0 0 1 0 0 1 0 0 1 0 0 1 0 0 1 0 0 1 0 0 1 0 0 1 0 0 1 0.717986 -0.10717 0.687758 0.723689 -0.112722 0.680858 0.725204 -0.113371 0.679136 0.740891 -0.11766 0.661239 0.785036 -0.12514 0.606678 0.315892 -0.762511 0.564614 0.256632 -0.646944 0.718056 0.292704 -0.689409 0.6626 0.276699 -0.642809 0.714307 0.185605 -0.601678 0.776874 0.178929 -0.515953 0.837721 0.00321688 -0.524413 0.851458 0.00308947 -0.524298 0.851529 0 -0.480429 0.877034 0 -0.480429 0.877034 -0.0300007 -0.480213 0.876639 -0.0338519 -0.459293 0.88764 0.197306 -0.00972604 0.980294 -0.02877 -0.279777 0.959634 -0.00489486 -0.224919 0.974365 0 -0.210683 0.977554 0 -0.210683 0.977554 0.784246 -0.126473 0.607423 0.688908 -0.107012 0.716906 0.686084 -0.107527 0.719532 0.685846 -0.11067 0.719282 0.686863 -0.111767 0.718141 0.687407 -0.111925 0.717597 0.687635 -0.111963 0.717372 0.690361 -0.112383 0.714683 0.691808 -0.112591 0.71325 0.6947 -0.113072 0.710357 0.697455 -0.113465 0.707589 0.718975 -0.117053 0.685108 0.724338 -0.117875 0.679294 0.725343 -0.118052 0.67819 0.759504 -0.123711 0.63863 0.778645 -0.12669 0.614542 0.244378 -0.465967 0.850385 0.272233 -0.548818 0.790372 0.270044 -0.519188 0.810876 0.262288 -0.480395 0.836915 0.253973 -0.460856 0.850358 0.00318177 -0.480534 0.87697 0.00311023 -0.480427 0.877029 0 -0.35761 0.933871 0 -0.35761 0.933871 -0.031229 -0.357436 0.933416 -0.0325892 -0.388741 0.92077 -0.0349258 -0.453057 0.890797 0.223311 -0.0362488 0.974073 0.228382 -0.0369851 0.972869 0.286535 -0.0363962 0.957378 0.202095 -0.0203697 0.979154 0.203649 -0.0236192 0.978759 0.212442 -0.03254 0.976632 0.2225 -0.0361097 0.974264 -0.0305903 -0.305765 0.951616 -0.0286027 -0.29826 0.954056 -0.00479475 -0.298379 0.954436 0 -0.302811 0.95305 0 -0.302811 0.95305 0.0106589 -0.166609 0.985965 0.019378 -0.0719144 0.997223 0.683484 -0.104737 0.722413 0.68004 -0.110631 0.724781 0.647293 -0.104392 0.755059 0.655505 -0.106626 0.747626 0.659763 -0.107495 0.743746 0.666699 -0.10865 0.737366 0.671154 -0.109355 0.733208 0.687412 -0.111931 0.71759 0.685957 -0.111823 0.718998 0.687259 -0.111931 0.717737 0.6945 -0.113072 0.710552 0.696431 -0.113459 0.708598 0.697285 -0.113614 0.707732 0.706722 -0.115189 0.698051 0.717601 -0.116858 0.686581 0.724795 -0.118059 0.678774 0.774232 -0.12632 0.620168 0.768737 -0.12648 0.626934 0.180687 -0.354271 0.917521 0.00279283 -0.360198 0.932872 0.250148 -0.425051 0.869918 0.247137 -0.410819 0.877583 0.293093 -0.52 0.802307 0.279116 -0.511807 0.812495 0.272978 -0.478251 0.834721 0.272838 -0.478172 0.834812 0.263519 -0.435231 0.86089 0.00130228 -0.35761 0.93387 -0.03216 -0.348268 0.936843 0.222546 -0.0361502 0.974252 0.223195 -0.0362498 0.9741 0.247773 -0.0403554 0.967977 0.257899 -0.0419082 0.965263 0.267673 -0.0433592 0.962534 0.292634 -0.0430313 0.955256 0.26222 -0.0425891 0.964068 0.301138 -0.0471682 0.952413 0.308329 -0.0493932 0.949996 0.0675401 -0.021822 0.997478 0.0842496 -0.0247602 0.996137 0.195903 -0.0356121 0.979976 0.0154111 -0.166599 0.985904 0.00132903 -0.302811 0.95305 0.014957 -0.290176 0.956857 0.020254 -0.0660788 0.997609 0.0201645 -0.0598611 0.998003 0.0173706 -0.0370452 0.999163 0.0158212 -0.0282014 0.999477 0.0231061 -0.0689261 0.997354 0.0228652 -0.159347 0.986958 0.626581 -0.0995701 0.772969 0.628529 -0.100196 0.771305 0.631097 -0.100825 0.769124 0.617891 -0.100431 0.779823 0.613197 -0.099864 0.783592 0.623123 -0.101577 0.775499 0.657458 -0.107248 0.745819 0.659156 -0.107483 0.744286 0.613086 -0.0996901 0.783701 0.609369 -0.0991761 0.78666 0.660682 -0.107783 0.742888 0.664873 -0.111754 0.738549 0.685953 -0.111882 0.718993 0.656263 -0.107719 0.746803 0.687514 -0.11356 0.717237 0.687381 -0.115239 0.717097 0.687381 -0.115239 0.717097 0.685603 -0.135562 0.715242 0.784263 -0.134025 0.605779 0.780773 -0.129036 0.611346 0.237952 -0.338453 0.9104 0.209554 -0.308353 0.927904 0.174412 -0.27968 0.944119 0.165866 -0.286188 0.943708 0.277514 -0.423079 0.862549 0.253196 -0.337873 0.906495 0.250994 -0.335257 0.908078 0.358752 -0.581992 0.729782 0.322346 -0.535963 0.78028 0.311285 -0.471263 0.825235 0.31245 -0.470201 0.8254 0.321329 -0.437823 0.839678 0.205936 -0.0407614 0.977716 0.210728 -0.0457439 0.976474 0.27647 -0.0449708 0.95997 0.286921 -0.0465713 0.956822 0.291883 -0.0473103 0.955283 0.28932 -0.0469492 0.95608 0.30845 -0.0494387 0.949955 0.31026 -0.0499373 0.949339 0.315207 -0.0510002 0.947652 0.320863 -0.0519889 0.945698 0.34936 -0.0535382 0.935458 0.357102 -0.0526751 0.932579 0.300814 -0.0488013 0.952433 0.30252 -0.0490698 0.951879 0.30292 -0.049131 0.951749 0.305462 -0.0494888 0.950917 0.0345296 -0.0164055 0.999269 0.0360726 -0.0226428 0.999093 0.0561424 -0.0326684 0.997888 0.0842306 -0.0326038 0.995913 0.0293104 -0.0158782 0.999444 0.10205 -0.0505923 0.993492 0.210165 -0.049722 0.976401 0.210693 -0.0491711 0.976315 0.102651 -0.185735 0.977223 0.0808236 -0.158867 0.983986 0.024704 -0.0689234 0.997316 0.0275509 -0.0717571 0.997042 0.0275588 -0.0676545 0.997328 0.196555 -0.189755 0.961956 0.0290126 -0.0220123 0.999337 0.0151619 -0.0151046 0.999771 0.0151102 -0.0151046 0.999772 0.0151076 -0.0239452 0.999599 0.0357768 -0.0840654 0.995818 0.192604 -0.272712 0.94262 0.0131224 -0.0131176 0.999828 0.0131073 -0.0130578 0.999829 0.0127526 -0.011919 0.999848 0.591221 -0.08601 0.801911 0.594366 -0.0886697 0.799291 0.610982 -0.0953258 0.785885 0.57905 -0.0941826 0.809834 0.606162 -0.098677 0.789196 0.60513 -0.0985254 0.790006 0.549299 -0.115327 0.827629 0.668032 -0.120202 0.73436 0.66843 -0.115207 0.734798 0.653918 -0.107162 0.748938 0.589809 -0.0961389 0.8018 0.550505 -0.0946777 0.829446 0.679859 -0.143171 0.719231 0.793564 -0.136726 0.592926 0.657024 -0.264121 0.706087 0.764642 -0.259596 0.589858 0.809568 -0.182781 0.557845 0.276669 -0.318125 0.90678 0.296886 -0.298219 0.907152 0.30121 -0.291931 0.907772 0.250132 -0.222852 0.942216 0.221948 -0.194281 0.955507 0.211092 -0.189169 0.958987 0.324581 -0.434749 0.840024 0.302396 -0.371425 0.877839 0.291166 -0.358732 0.886867 0.387046 -0.599315 0.700726 0.37216 -0.493825 0.785897 0.368241 -0.48937 0.790516 0.35209 -0.430661 0.831002 0.295892 -0.0480479 0.954012 0.308344 -0.04997 0.949962 0.308768 -0.0500564 0.949819 0.314498 -0.0510128 0.947886 0.315279 -0.0511722 0.947618 0.322699 -0.0524112 0.94505 0.374553 -0.0609673 0.925199 0.366143 -0.0570184 0.92881 0.365665 -0.0568358 0.92901 0.362697 -0.0558387 0.930233 0.327367 -0.0533087 0.943392 0.363422 -0.0592621 0.929738 0.372592 -0.0607318 0.926006 0.372664 -0.0607416 0.925976 0.329937 -0.135148 0.934279 0.332399 -0.059659 0.94125 0.329274 -0.0567376 0.942528 0.32178 -0.0529944 0.94533 0.316389 -0.0515933 0.947226 0.312728 -0.0508459 0.948481 0.308584 -0.050083 0.949878 0.207221 -0.173856 0.962722 0.308478 -0.0500614 0.949913 0.0217105 -0.0144884 0.999659 0.0329808 -0.0220096 0.999214 0.0342505 -0.0226442 0.999157 0.0660525 -0.0438433 0.996852 0.0685328 -0.045084 0.99663 0.101949 -0.0673868 0.992505 0.520957 -0.0748169 0.850298 0.535592 -0.0834998 0.840339 0.536584 -0.084571 0.839598 0.540519 -0.0865146 0.836872 0.542267 -0.0882051 0.835564 0.572847 -0.0932685 0.814339 0.572407 -0.0932514 0.81465 0.497577 -0.179632 0.848616 0.545854 -0.0904825 0.832981 0.54271 -0.0890333 0.835188 0.503679 -0.0915743 0.859024 0.65372 -0.273148 0.70572 0.474109 -0.233606 0.84891 0.461911 -0.332504 0.82224 0.482849 -0.340075 0.806973 0.511728 -0.35011 0.784575 0.58994 -0.367861 0.718783 0.557923 -0.09099 0.82489 0.363193 -0.397472 0.842678 0.371419 -0.389351 0.842884 0.344269 -0.325953 0.880474 0.329834 -0.311979 0.890999 0.324907 -0.301466 0.896411 0.404289 -0.146944 0.90275 0.407454 -0.325719 0.853164 0.449032 -0.332854 0.829204 0.458806 -0.3327 0.823898 0.356344 -0.426574 0.831296 0.379638 -0.499608 0.778631 0.410212 -0.448129 0.794296 0.407277 -0.439834 0.80042 0.42549 -0.516479 0.743106 0.314734 -0.0511819 0.947799 0.316715 -0.0515873 0.947117 0.325626 -0.0530804 0.944008 0.397966 -0.0647788 0.91511 0.381215 -0.0620267 0.922403 0.402847 -0.06571 0.912906 0.405535 -0.0661271 0.911684 0.471125 -0.0675976 0.879472 0.467206 -0.0626705 0.881925 0.378225 -0.0631392 0.923558 0.382338 -0.0643477 0.921779 0.407496 -0.0775076 0.909912 0.39482 -0.0689365 0.916169 0.479343 -0.0710773 0.874745 0.491299 -0.0759223 0.867676 0.491159 -0.0795651 0.867428 0.491741 -0.0800862 0.867051 0.493253 -0.0803928 0.866163 0.500952 -0.0816857 0.861612 0.524356 -0.085338 0.847212 0.54133 -0.0881937 0.836172 0.542045 -0.0883573 0.835692 0.495107 -0.0831937 0.86484 0.495156 -0.0819999 0.864926 0.601607 -0.375476 0.705044 0.538084 -0.373438 0.755652 0.532828 -0.36796 0.762037 0.445004 -0.337134 0.829646 0.46023 -0.39123 0.796949 0.552364 -0.408638 0.726573 0.411611 -0.435632 0.800501 0.39883 -0.383711 0.832887 0.403069 -0.379436 0.832805 0.408133 -0.351861 0.84239 0.414998 -0.34478 0.841964 0.423233 -0.440334 0.79182 0.402774 -0.0655167 0.912952 0.441559 -0.0720836 0.894332 0.46346 -0.0755365 0.882893 0.47635 -0.0701602 0.876452 0.486935 -0.0792921 0.869831 0.458023 -0.393286 0.797208 0.45972 -0.392229 0.796752 0.477456 -0.455294 0.751494 0 1 0 0 1 0 0 1 0 0 1 0 0.761965 0.647618 0.000867649 0.761993 0.647585 0.000820754 0.762165 0.647383 0.000212694 0.762136 0.647417 0 0.762341 0.647174 -0.00149785 0 0 -1 0 0 -1 0 0 -1 0 0 -1 0 0 -1 0 0 -1 0 0 -1 0 0 -1 0 0 -1 0 0 -1 0 0 -1 0 0 -1 0 0 -1 0 0 1 0 0 1 0 0 1 0 0 1 0 0 1 0 0 1 0 0 1 0 0 1 0 0 1 0 0 1 0 0 1 0 0 1 0 0 1 0.764357 0.644785 0.0033743 0.766223 0.642555 0.00511728 0.890011 0.444778 0.10026 0.894519 0.447031 0 0.894519 0.447031 0 0.762626 0.646839 0 0.762676 0.64678 -4.06053e-05 0.776968 0.629334 -0.0161151 0.780021 0.625391 -0.0212829 0.779801 0.625215 -0.0318836 0.770588 0.637012 -0.0202309 -0.84638 0.120849 -0.518687 -0.927834 0.18489 -0.323945 -0.946374 0.231853 -0.224991 -0.944216 0.312752 -0.103156 -0.92814 0.371288 -0.0264858 -0.918365 0.395736 0 0.799394 0.583025 -0.145089 -0.917214 0.398383 0.00318927 -0.928922 0.369485 0.0241889 -0.955109 0.279893 0.0970921 -0.965648 0.192533 0.174512 -0.965734 0.181696 0.185323 -0.96115 0.131336 0.24278 -0.929287 0.0516026 0.365736 -0.894898 0 0.446272 0.890544 0.443518 0.101113 0.985418 0.0889942 0.145022 0.995947 0.089945 0 0.995947 0.089945 0 0.896048 0.430584 0.108142 0.965199 0.166024 0.202059 0.973463 0.135582 0.184355 0.767392 0.641173 -0.00246222 0.896096 0.443851 -0.00287517 0.777008 0.629366 -0.0125134 0.903919 0.427456 -0.0145573 0.927208 0.372545 -0.0386843 0.951556 0.287948 -0.107832 0.852774 0.508609 -0.118719 0.86592 0.467179 -0.17868 0.829159 0.528339 -0.182629 0.826321 0.516691 -0.224106 0.819325 0.527388 -0.224874 -0.808733 0.0923852 -0.580875 -0.757234 0.0514134 -0.651117 -0.977765 0.0422841 -0.205398 -0.979312 0.0518957 -0.195587 -0.958999 0.131731 -0.250934 -0.802723 0.0877501 -0.589861 -0.985569 0.0890777 -0.14394 -0.958875 0.203689 -0.197661 -0.986552 0.144307 -0.0767446 -0.986461 0.145432 -0.0757939 -0.989253 0.145843 -0.0104037 -0.99103 0.133639 0 -0.989417 0.144787 0.00947871 0.719983 0.38361 -0.578332 -0.894889 -0.00015512 0.446289 -0.986696 0.144389 0.0747224 -0.986723 0.144057 0.0749988 -0.993904 0.0762804 0.0795975 -0.989794 0.0733016 0.122208 -0.985287 0.0917312 0.144207 -0.962277 0.128993 0.239548 -0.979894 0.0569853 0.19121 -0.978298 0.0468678 0.201832 -0.979317 -0.0107901 0.202042 -0.915808 -0.0122493 0.401429 0.987201 -0.159469 0.00219432 0.987019 -0.160602 0.000952906 0.986991 -0.160775 0 0.986991 -0.160775 0 0.995926 0.0899432 -0.006438 0.899287 0.43732 -0.0058133 0.996419 0.0835596 -0.0128844 0.995642 0.0834944 -0.0415395 0.955679 0.271486 -0.113898 0.995789 0.0449644 -0.0798962 0.991976 0.0447922 -0.118224 0.968506 0.170486 -0.18147 0.882927 0.414182 -0.221119 0.861115 0.122567 -0.493414 0.814763 0.125694 -0.566006 0.814006 0.195062 -0.547124 0.814079 0.19543 -0.546884 0.684763 0.193659 -0.702564 0.683649 0.208587 -0.699368 -0.0169114 9.41975e-05 -0.999857 -0.0229386 0.000206571 -0.999737 -0.685421 0.00617248 -0.728121 -0.685422 0 -0.728146 -0.685421 -0.00138395 -0.728146 -0.72624 -0.00712602 -0.687404 -0.978624 -0.00572677 -0.205578 -0.9975 -0.00320839 -0.0706007 -0.990731 0.05212 -0.125445 -0.983725 -0.0286275 -0.177388 -0.991428 -0.0314938 -0.126798 -0.989102 0.074723 -0.126863 -0.99371 0.0775574 -0.0807772 -0.999997 -0.00214372 -0.001072 -0.999998 -0.00192965 0 -0.999997 -0.00214434 0.0010725 -0.999997 -0.00214428 0.00107275 -0.956513 -0.0426244 0.288559 -0.998069 -0.00214015 0.062079 -0.990929 0.057627 0.121405 -0.991081 -0.0355153 0.128445 -0.984192 -0.0324585 0.174105 -0.978664 -0.0654466 0.194765 0.987021 -0.160082 -0.0127629 0.986928 -0.160765 -0.0113558 0 -1 0 0 -1 0 0 -1 0 0 -1 0 0 -1 0 0 -1 0 0 -1 0 0 -1 0 0 -1 0 0 -1 0 0 -1 0 0 -1 0 0 -1 0 0 -1 0 0 -1 0 0 -1 0 0 -1 0 0.98588 -0.159896 -0.0497399 0.9848 -0.154683 -0.0790145 0.978581 -0.0410318 -0.201734 0.969316 -0.0406433 -0.242436 0.970672 0.000397307 -0.240408 0.978046 -0.159564 -0.134038 0.976631 -0.158947 -0.144665 0.975133 -0.157745 -0.155667 0.968816 -0.146656 -0.199721 0.847424 0 -0.530916 0.970583 0 -0.240768 0.824269 -0.0948062 -0.558204 0.77191 -0.0981721 -0.628106 0.775437 0.0238095 -0.630976 0.6629 -0.0636253 -0.746 0.661663 -0.0628258 -0.747165 0.653256 0.170583 -0.737671 0.684527 0.192942 -0.702991 0.692439 -0.0628517 -0.718733 -0.0270972 0 -0.999633 -0.0270966 0 -0.999633 -0.993912 -0.104073 0.0361591 -0.995643 -0.083412 -0.0416909 -0.995574 -0.0828229 -0.0444141 -0.987428 -0.0670591 -0.143137 -0.980788 -0.0617254 -0.185052 -0.978326 -0.0602997 -0.198098 -0.995912 -0.0801247 -0.0417021 -0.99999 -0.0032164 -0.00321934 -0.988454 -0.0492802 -0.143286 -0.993853 -0.102632 0.0415144 -0.995668 -0.0831552 0.0415902 -0.988171 -0.0528385 0.143964 -0.993489 -0.0985739 0.0571237 -0.986692 -0.0815251 0.140689 -0.986342 -0.0805021 0.143698 -0.979444 -0.0666192 0.190399 -0.821401 -0.288219 0.492169 -0.76157 -0.31535 0.566185 -0.674867 -0.316983 0.66639 0.986822 -0.161022 -0.0159509 0.985846 -0.160863 -0.0472325 0.979568 -0.160197 -0.121587 0.978098 -0.159632 -0.133573 0.98456 -0.161489 -0.0675513 0.943757 -0.134004 -0.302268 0.947079 -0.105024 -0.303332 0.960606 -0.150816 -0.233432 0.953529 -0.152631 -0.259782 0.951543 -0.150749 -0.26803 0.945196 -0.140585 -0.294687 0.941145 -0.109337 -0.319831 0.974726 -0.158526 -0.157414 0.977979 -0.159646 -0.134428 0.97342 -0.158623 -0.165206 0.96724 -0.158169 -0.198568 0.956248 -0.156129 -0.247414 0.955195 -0.155843 -0.251626 0.83207 -0.124355 -0.540551 0.824964 -0.102714 -0.555774 0.914713 -0.142197 -0.37826 0.900427 -0.146586 -0.409566 0.877318 -0.143034 -0.458098 0.843759 -0.137389 -0.51884 0.842943 -0.137133 -0.520233 0.837233 -0.131426 -0.530818 0.824195 -0.116408 -0.554213 0.750111 -0.120015 -0.65033 0.749454 -0.119584 -0.651167 0.746119 -0.118768 -0.655134 0.690135 -0.102796 -0.716342 0.630464 -0.101812 -0.769513 0.626016 -0.100942 -0.773249 0.624441 -0.100535 -0.774575 -0.993841 -0.102502 0.042112 0.616057 -0.10267 -0.780982 0.61785 -0.103101 -0.779507 0.982926 -0.164713 -0.0820199 0.984547 -0.161499 -0.0677149 0.979656 -0.160243 -0.120812 0.976429 -0.160847 -0.143926 0.980549 -0.161526 -0.111508 0.925919 -0.150176 -0.346586 0.91914 -0.149429 -0.36449 0.913215 -0.148414 -0.379489 0.911089 -0.147864 -0.384776 0.911754 -0.147151 -0.383473 0.952937 -0.155359 -0.260334 0.947559 -0.154033 -0.280011 0.952173 -0.155294 -0.263157 0.969119 -0.164512 -0.183697 0.967237 -0.164345 -0.193501 0.964938 -0.16133 -0.207042 0.942396 -0.156932 -0.295402 0.950981 -0.155301 -0.267426 0.819029 -0.133136 -0.558092 0.79637 -0.129656 -0.590749 0.751747 -0.122244 -0.648023 0.751597 -0.122198 -0.648205 0.909005 -0.14805 -0.389603 0.909254 -0.148535 -0.388838 0.90769 -0.150351 -0.391781 0.860978 -0.163345 -0.481701 0.849833 -0.146857 -0.506179 0.872488 -0.142413 -0.467422 0.909438 -0.148194 -0.388537 0.843996 -0.137628 -0.518391 0.840321 -0.139241 -0.523902 0.839732 -0.139251 -0.524843 0.784783 -0.127999 -0.606409 0.731321 -0.11884 -0.6716 0.672642 -0.109632 -0.731802 0.632905 -0.103068 -0.767339 0.631298 -0.102721 -0.768708 0.63067 -0.102298 -0.769279 0.627235 -0.101673 -0.772165 0.626891 -0.101991 -0.772403 0.616196 -0.100483 -0.781157 0.633562 -0.103542 -0.766732 0.66349 -0.109507 -0.740128 0.729662 -0.124897 -0.672305 0.918673 -0.149613 -0.365589 0.916075 -0.149316 -0.372171 0.912507 -0.148661 -0.381093 0.909982 -0.14829 -0.387225 0.752467 -0.122546 -0.647129 0.746447 -0.124075 -0.653775 0.973028 -0.230686 0 0.973028 -0.230686 0 0 1 0 0 1 0 0 1 0 0 1 0 0 1 0 0 1 0 0 1 0 0 1 0 0 1 0 0 0 1 0 0 1 0 0 1 0 0 1 0 0 1 0 0 1 0 0 1 0 0 1 0 0 1 0 0 1 0 0 1 0 0 1 0 0 1 0 0 1 0 0 1 0 0 1 0 0 1 0 0 1 0 0 1 0 0 1 0 0 1 0 0 1 0 0 1 0 0 1 0 0 1 0 0 1 0 0 1 0 0 1 0 0 1 0 0 1 0 0 1 0 0 1 0 0 1 0 0 1 0 0 1 0 0 1 0 0 1 0 0 1 0 0 1 0 0 1 0 0 1 0 0 1 0 0 1 0 0 1 0 0 1 0 0 1 0 0 1 0 0 1 0 0 1 0 0 1 0 0 1 0 0 1 0 0 1 0.961217 -0.275793 0 0.97292 -0.23066 -0.0149169 0.974477 -0.223808 -0.0174313 -0.625123 0.780069 0.0267182 -0.840775 0.531316 0.103928 -0.920242 0.344163 0.186294 -0.942951 0.233327 0.237489 0.959326 -0.282302 0 0.960238 -0.279182 -0.000321779 0.960134 -0.279152 -0.0147208 0.967752 -0.236604 -0.0864512 0.970358 -0.226924 -0.0831298 0.971566 -0.22314 -0.0791666 0.959438 -0.281397 -0.0171623 0.956073 -0.28041 -0.0854078 0 0 -1 0 0 -1 0 0 -1 0 0 -1 0 0 -1 0 0 -1 0 0 -1 0 0 -1 0 0 -1 0 0 -1 0 0 -1 0 0 -1 0 0 -1 0 0 -1 0 0 -1 0 0 -1 0 0 -1 0 0 -1 0 0 -1 0 0 -1 0 0 -1 0 0 -1 0 0 -1 0 0 -1 0 0 -1 0 0 -1 0 0 -1 0 0 -1 0 0 -1 -1 0 0 -1 0 0 -1 0 0 -1 0 0 -1 0 0 -1 0 0 -1 0 0 -1 0 0 -1 0 0 -1 0 0 -1 0 0 -1 0 0 -1 0 0 -1 0 0 0.946219 -0.323526 0 0.945504 -0.325612 -0.000123827 0.945411 -0.32558 -0.0139715 0.9469 -0.321083 -0.016938 0.955581 -0.281668 -0.086767 0.952765 -0.285189 -0.104434 0.936617 -0.282825 -0.206781 0.93137 -0.274178 -0.239534 0.927502 -0.226763 -0.297183 0.926351 -0.222771 -0.303723 0.945877 -0.320737 -0.0494363 0.664418 -0.263982 -0.699187 0.616261 -0.261903 -0.742718 -0.0278012 -0.76193 -0.647063 -0.0278491 -0.762112 -0.646846 -0.0541948 -0.99853 0 -0.0541948 -0.99853 0 0.944842 -0.327526 0 0.925616 -0.37817 -0.0149058 0.925719 -0.378212 0 0.925719 -0.378212 0 0.92392 -0.382193 -0.0173354 0.922759 -0.381712 -0.0530349 0.904256 -0.417461 -0.0897025 0.900985 -0.421575 -0.102473 0.898974 -0.41841 -0.129532 0.898551 -0.411422 -0.152771 0.898767 -0.401676 -0.175709 0.933262 -0.320712 -0.161759 0.823672 -0.345042 -0.450012 0.921686 -0.217945 -0.320927 0.729471 -0.314788 -0.607272 0.729558 -0.314356 -0.607392 0.755217 -0.259057 -0.602111 0.709229 -0.307213 -0.634519 0.678389 -0.282194 -0.678347 0.613597 -0.280041 -0.738292 0.613224 -0.278838 -0.739058 -0.0265248 -0.847017 -0.530903 -0.0294897 -0.857155 -0.514214 0 -0.762224 -0.647313 0 -0.762224 -0.647313 0 -0.84393 -0.536453 -0.000771592 -0.847103 -0.531429 -0.00103102 -0.847315 -0.53109 0 -1 0 0 -1 0 -0.0541938 -0.998512 -0.00605322 0.907193 -0.420715 0 0.907193 -0.420715 0 0.907074 -0.420659 -0.0162247 0.907771 -0.419084 -0.0179321 0.889255 -0.457135 -0.015906 0.887138 -0.456047 -0.0707621 0.847671 -0.509365 -0.148325 0.895514 -0.422682 -0.139263 0.863818 -0.498501 -0.0729081 0.842374 -0.529247 -0.101508 0.841952 -0.525615 -0.121842 0.833084 -0.524663 -0.175213 0.788753 -0.539774 -0.294129 0.671175 -0.417269 -0.612707 0.677209 -0.403633 -0.615197 0.713777 -0.334995 -0.615061 0.718678 -0.327134 -0.613583 0.605962 -0.334511 -0.721742 0.601855 -0.291885 -0.743353 -0.029655 -0.878579 -0.476675 -0.0371128 -0.892297 -0.44992 -0.00106826 -0.877916 -0.478814 -0.00159935 -0.878962 -0.47689 -0.001606 -0.878965 -0.476884 0.00209464 -0.762007 -0.647565 0.00165141 -0.762445 -0.64705 0.00162622 -0.843929 -0.536452 0.0103218 -0.851005 -0.525057 0.0106346 -0.876796 -0.480744 0.00850108 -0.877881 -0.478804 0 -0.877912 -0.478821 -0.000799295 -0.877517 -0.479545 -0.00120839 -0.999786 -0.0206382 -0.00121345 -0.999786 -0.0206433 0 -0.999875 -0.015786 0 -0.999875 -0.015786 -0.0505178 -0.99851 -0.0206119 0.0012137 -0.999999 0 0.0012137 -0.999999 0 -0.0504361 -0.996895 -0.0604719 0.888553 -0.458774 0 0.888553 -0.458774 0 0.888458 -0.458725 -0.0146096 0.867938 -0.496443 -0.0150936 0.865992 -0.499756 -0.0173497 0.845738 -0.533304 -0.0177131 0.841627 -0.530711 -0.100052 0.807739 -0.577514 -0.118471 0.776939 -0.555493 -0.2963 0.82493 -0.556101 -0.101204 0.767785 -0.562112 -0.307466 0.621136 -0.50915 -0.595783 0.619527 -0.507716 -0.598674 0.647637 -0.451559 -0.613727 0.661743 -0.428655 -0.615102 0.652857 -0.40462 -0.64036 0.621583 -0.377427 -0.686428 0.602225 -0.339495 -0.722543 0.587686 -0.339118 -0.734591 -0.0358711 -0.914856 -0.402184 -0.0374753 -0.920424 -0.389122 -0.00156664 -0.915444 -0.402442 0 -0.918378 -0.395705 -0.00033227 -0.918861 -0.39458 -0.000442761 -0.918701 -0.394953 -0.00044431 -0.918698 -0.39496 -0.00156002 -0.915449 -0.402431 0.0450295 -0.757159 -0.651677 0.0381098 -0.761455 -0.647096 0.0362558 -0.85049 -0.52474 0.0973042 -0.872685 -0.47849 0.127877 -0.874513 -0.467841 0.0639505 -0.909802 -0.410087 0.00902149 -0.911631 -0.410911 -0.00242586 -0.996807 -0.0798097 -0.00241154 -0.996808 -0.0797955 -0.00120502 -0.997 -0.0773987 -0.0454953 -0.995778 -0.0797273 -0.00121006 -0.996999 -0.0774037 -0.00121006 -0.996999 -0.0774037 0 -0.997 -0.0774038 0 -0.997 -0.0774038 0.00121355 -0.999875 -0.015786 0.00121355 -0.999875 -0.015786 0.025265 -0.999681 0 -0.0449709 -0.984301 -0.170672 0.868678 -0.495378 0 0.868037 -0.496499 -7.04531e-05 0.867344 -0.497709 0 0.84537 -0.534181 0 0.845132 -0.534558 -3.65302e-05 0.845018 -0.534486 -0.0164263 0.829073 -0.558894 -0.016619 0.829073 -0.558894 -0.016619 0.783615 -0.621013 -0.0170595 0.782776 -0.622044 -0.0180007 0.781155 -0.620756 -0.066783 0.792059 -0.598732 -0.119004 0.774922 -0.60508 -0.182685 0.711545 -0.676679 -0.189235 0.593307 -0.53756 -0.599179 0.601122 -0.527011 -0.600759 0.613268 -0.513586 -0.60011 0.618039 -0.509348 -0.598826 0.713479 -0.675856 -0.184839 0.600687 -0.513519 -0.612758 0.590075 -0.503193 -0.631355 0.578429 -0.449474 -0.68073 0.555148 -0.428027 -0.713165 0.545541 -0.39685 -0.73817 0.545686 -0.3896 -0.741916 0.560167 -0.37212 -0.740094 0.559873 -0.37041 -0.741174 0.561366 -0.362105 -0.744142 -0.0391436 -0.926416 -0.374462 -0.000327995 -0.95655 -0.291567 -0.00116965 -0.957272 -0.289186 -0.002323 -0.957762 -0.287554 -0.0350227 -0.957177 -0.287379 0.055752 -0.955481 -0.289739 0 -0.956969 -0.29019 -0.000245526 -0.95655 -0.291569 -0.000326863 -0.95655 -0.291569 0.252529 -0.613394 -0.748316 0.257614 -0.621364 -0.739961 0.258571 -0.622937 -0.738302 0.299279 -0.72464 -0.620748 0.255277 -0.807682 -0.531492 0.172015 -0.867812 -0.466169 0.0795415 -0.960296 -0.267404 0.106568 -0.953409 -0.282231 -0.00238102 -0.981677 -0.190536 -0.00238903 -0.981676 -0.190543 -0.0400406 -0.980893 -0.190383 -0.00237494 -0.981676 -0.190543 -0.00119919 -0.981457 -0.191677 -0.0011912 -0.981457 -0.191677 0 -0.981007 -0.193971 0 -0.981007 -0.193971 0.00121007 -0.996999 -0.0774037 0.00121006 -0.996999 -0.0774037 0.025452 -0.999552 -0.0157809 0.025452 -0.999552 -0.0157809 0.0254551 -0.999676 -1.66584e-05 0.0256303 -0.999672 0 -0.0405358 -0.968937 -0.243961 0.844912 -0.534905 0 0.831312 -0.555807 0 0.829187 -0.558971 -0.000217197 0.82689 -0.562363 0 0.784134 -0.620592 0 0.783729 -0.621103 -4.01947e-05 0.773846 -0.6332 -0.0148319 0.776415 -0.629969 -0.0178545 0.783354 -0.621576 0 0.773931 -0.63327 0 0.773931 -0.63327 0 0.775329 -0.629087 -0.0558022 0.722047 -0.689558 -0.0561891 0.716979 -0.694205 -0.0634145 0.710868 -0.681501 -0.17385 0.708977 -0.682351 -0.178185 0.631335 -0.755123 -0.176653 0.57006 -0.751215 -0.332728 0.556039 -0.726306 -0.404104 0.507677 -0.618738 -0.599523 0.54181 -0.579033 -0.609231 0.542647 -0.578231 -0.609248 0.541797 -0.578208 -0.610025 0.524854 -0.561068 -0.640103 0.515043 -0.494481 -0.700157 0.498482 -0.47812 -0.72313 0.498286 -0.471043 -0.727894 0.498452 -0.442865 -0.745263 0.498484 -0.442253 -0.745604 0.523275 -0.421088 -0.740857 0.525833 -0.420476 -0.739392 0.526143 -0.419091 -0.739957 -0.0399365 -0.96769 -0.24896 0.0801642 -0.964242 -0.252609 0.0763606 -0.966456 -0.24522 0.0214078 -0.981008 -0.19278 0.00119093 -0.981233 -0.192824 0.279027 -0.606633 -0.744406 0.260705 -0.623261 -0.737278 0.306084 -0.641639 -0.703287 0.32481 -0.665902 -0.671619 0.322528 -0.713568 -0.621929 0.355901 -0.700131 -0.618992 0.44057 -0.8679 -0.229452 0.328921 -0.921754 -0.205377 0.295167 -0.923622 -0.244537 0.294864 -0.924285 -0.242388 0.261392 -0.945592 -0.193727 0.176797 -0.970791 -0.162197 0.127879 -0.967704 -0.217248 0.105673 -0.955075 -0.276885 0.0217517 -0.996764 -0.0773854 0.0253858 -0.996952 -0.0737681 0.0642762 -0.997808 -0.0157533 0.0642842 -0.997932 -0.000106423 0.0630739 -0.998009 0 0.725259 -0.688476 0 0.725037 -0.68871 -2.12115e-05 0.724956 -0.688634 -0.0149383 0.723088 -0.690552 -0.0167879 0.716745 -0.697133 -0.0167788 0.716744 -0.697134 -0.0167796 0.715503 -0.695927 -0.0611629 0.660501 -0.748334 -0.0611187 0.631092 -0.756608 -0.171076 0.593336 -0.786786 -0.170061 0.569848 -0.75564 -0.322928 0.362689 -0.695412 -0.62037 0.432425 -0.6559 -0.618711 0.463665 -0.640044 -0.612664 0.464471 -0.639748 -0.612364 0.474068 -0.636944 -0.607916 0.559805 -0.789059 -0.252993 0.539882 -0.812572 -0.219669 0.448186 -0.869507 -0.207576 0.356302 -0.699743 -0.6192 0.481414 -0.632304 -0.606987 0.474367 -0.631922 -0.612903 0.469183 -0.550579 -0.690456 0.452234 -0.532721 -0.715327 0.44623 -0.506709 -0.737648 0.446804 -0.503377 -0.739579 0.46696 -0.478325 -0.743743 0.491285 -0.477979 -0.728131 0.130436 -0.987049 -0.0933877 0.121117 -0.989079 -0.0839872 0.0784848 -0.993341 -0.0843491 0.0677264 -0.994984 -0.0736225 0.302953 -0.602035 -0.738764 0.303864 -0.602684 -0.737861 0.320967 -0.582683 -0.746633 0.334593 -0.583862 -0.739698 0.341778 -0.585138 -0.735392 0.345988 -0.680268 -0.646164 0.356329 -0.694599 -0.62495 0.36588 -0.926464 -0.0882966 0.333782 -0.935377 -0.116873 0.45461 -0.881971 -0.124329 0.409295 -0.90773 -0.0922177 0.326194 -0.938009 -0.117202 0.298507 -0.935703 -0.188024 0.262144 -0.948315 -0.17883 0.186142 -0.97874 -0.0861314 0.178398 -0.979584 -0.0926814 0.067898 -0.997504 -0.0193866 0.121523 -0.992401 -0.0192874 0.122721 -0.992277 -0.0180706 0.122741 -0.992439 0 0.122741 -0.992439 0 0.0654048 -0.997859 0 0.724794 -0.688966 0 0.717954 -0.696091 0 0.716846 -0.697231 -0.000100036 0.658053 -0.752788 -0.0166382 0.657782 -0.753018 -0.0169075 0.656877 -0.753672 -0.0221436 0.65682 -0.753079 -0.0382134 0.592318 -0.805154 -0.0297686 0.578399 -0.81399 -0.0536167 0.564165 -0.818234 -0.110503 0.572797 -0.807371 -0.141619 0.653073 -0.756693 -0.030195 0.361304 -0.570169 -0.737812 0.395884 -0.58435 -0.708386 0.432837 -0.625866 -0.648802 0.391328 -0.543718 -0.742451 0.413011 -0.524972 -0.744195 0.422091 -0.524912 -0.739125 0.55004 -0.827862 -0.110002 0.529488 -0.843091 -0.09402 0.488921 -0.867475 -0.0918899 0.455687 -0.881651 -0.122642 0.440477 -0.508217 -0.740064 0.190173 -0.979076 -0.0724134 0.193213 -0.980921 -0.0215002 0.189719 -0.981676 -0.0178775 0.361105 -0.568175 -0.739446 0.368546 -0.929496 -0.0144945 0.367268 -0.929981 -0.0158131 0.410993 -0.911496 -0.0161508 0.409255 -0.912296 -0.0150764 0.318152 -0.947903 -0.0161178 0.313346 -0.949403 -0.0211768 0.314936 -0.946675 -0.0679875 0.459076 -0.888207 -0.0183422 0.457213 -0.889197 -0.016906 0.224022 -0.973958 -0.0349294 0.292731 -0.955387 -0.0392928 0.189749 -0.981833 -1.02861e-05 0.189636 -0.981855 0 0.71582 -0.698285 0 0.658144 -0.752892 0 0.658144 -0.752892 0 0.651833 -0.758363 0 0.651338 -0.758788 -3.76428e-05 0.651313 -0.758759 -0.00872347 0.591734 -0.806088 -0.00853467 0.585328 -0.810645 -0.0157135 0.581369 -0.813476 -0.0163403 0.579696 -0.814628 -0.0182782 0.533232 -0.845783 -0.0177496 0.53175 -0.846694 -0.0187617 0.389372 -0.543108 -0.743924 0.383918 -0.544018 -0.746091 0.490916 -0.871015 -0.018297 0.49063 -0.871182 -0.0179906 0.214249 -0.976584 -0.0195006 0.225097 -0.974269 -0.0114939 0.225112 -0.974333 -0.00011895 0.222779 -0.974869 0 0.189854 -0.981812 0 0.369939 -0.929056 0 0.368585 -0.929594 -0.000135188 0.409301 -0.912399 -5.55999e-05 0.408327 -0.912836 0 0.367117 -0.930175 0 0.318193 -0.948026 0 0.318193 -0.948026 0 0.410358 -0.911925 0 0.457278 -0.889324 -1.76575e-05 0.457008 -0.889463 0 0.296418 -0.955058 0 0.296418 -0.955058 0 0.296393 -0.954977 -0.013045 0.306026 -0.951808 -0.0202304 0.49071 -0.871323 -5.70859e-05 0.490101 -0.871666 0 0.457526 -0.889196 0 0.650882 -0.759179 0 0.593692 -0.804692 0 0.591756 -0.806117 -0.000146155 0.581446 -0.813585 -0.00017714 0.589648 -0.807661 0 0.583253 -0.812291 0 0.57949 -0.814979 0 0.534266 -0.845316 0 0.533316 -0.845916 -5.82038e-05 0.532438 -0.846469 0 0.49127 -0.871008 0 0.227274 -0.973831 0 -0.725479 0.439967 0.529254 -0.691401 0.250372 0.677701 0 0 1 0 0 1 0 0 1 0 0 1 1 0 0 1 0 0 1 0 0 1 0 0 1 0 0 1 0 0 1 0 0 1 0 0 1 0 0 1 0 0 1 0 0 1 0 0 1 0 0 1 0 0 1 0 0 1 0 0 1 0 0 1 0 0 1 0 0 1 0 0 -0.686583 0.619812 0.380047 -0.732386 0.459938 0.502064 -0.978746 0.109039 0.173689 -0.978498 0.105664 0.177132 -0.661978 0.153718 0.733591 -0.953571 0.197289 0.227552 -0.611518 0.067072 0.788382 -0.595291 0.0507334 0.801907 -0.627412 -0.128208 0.76806 -0.703003 -0.473458 0.530683 -0.657502 -0.584762 0.475126 -0.727851 0.670324 0.144564 -0.72904 0.661375 0.176305 -0.98189 0.160413 0.100791 -0.982786 0.138618 0.122138 -0.986905 0.107206 0.120524 -0.986278 0.0294677 0.162443 -0.983211 0.0402246 0.177985 -0.998615 0.0298363 0.0433441 -0.986696 -0.00452104 0.162512 -0.985973 -0.00745527 0.166738 -0.595965 -0.0177079 0.802815 -0.59335 -0.0242273 0.80458 -0.592203 -0.0667045 0.803023 -0.621127 -0.111448 0.775745 -0.983503 -0.0711335 0.16632 -0.984723 -0.0823805 0.153407 -0.961661 -0.180318 0.206624 -0.961536 -0.220821 0.163362 -0.658002 -0.585525 0.473491 -0.980922 -0.14486 0.129644 -0.59307 -0.764552 0.252446 -0.718517 0.695481 0.00628321 -0.718744 0.695242 0.00678644 -0.733867 0.67167 0.101486 -0.986225 0.161122 0.0374107 -0.990641 0.135532 0.0161741 -0.999733 0.0163292 0.0163226 -1 0 0 -1 0 0 -1 -0.000199749 0 -1 -0.000531545 6.63572e-05 -0.999956 -0.00458179 0.00816362 -0.992557 -0.084334 0.0878571 -0.991031 -0.101035 0.0874648 -0.991348 -0.101019 0.0838057 -0.981474 -0.172974 0.0823947 -0.980924 -0.178153 0.0777806 -0.612968 -0.78304 0.105447 -0.593111 -0.786649 0.171475 -0.71722 0.696847 0 -0.987418 0.155954 -0.0261593 -0.990955 0.133971 -0.00769542 -0.990985 0.133975 0 -0.99077 0.13555 0.00132315 -0.71421 0.694301 -0.0886041 -0.99994 0.00776833 -0.00776519 -0.999742 0.0131433 -0.0185124 -0.988055 0.0129897 -0.153553 -0.988138 -0.00019738 -0.153566 -0.985419 -0.0651013 -0.1572 -0.986533 -0.0746526 -0.145531 -0.994094 -0.0792843 -0.0741058 -0.999977 -0.0066407 -0.00146104 -0.987509 -0.00311052 -0.157534 -0.999947 -0.0102246 -0.00146099 -0.99976 -0.0215155 0.00418869 -0.984247 -0.176751 0.00412369 -0.983891 -0.178692 0.00536451 -0.626326 -0.779527 0.00731398 -0.61595 -0.786849 0.0384018 -0.710723 0.696389 -0.0995721 -0.983602 0.155351 -0.0916199 -0.70354 0.689352 -0.1727 -0.984328 0.142263 -0.104213 -0.989827 0.0979299 -0.103211 -0.982582 0.0988171 -0.157381 -0.981907 0.0900349 -0.166589 -0.98565 0.0230207 -0.167224 -0.716711 0.0512727 -0.695483 -0.717654 -0.000940782 -0.696399 -0.719823 -0.0137035 -0.694022 -0.717147 -0.0415545 -0.695682 -0.72454 -0.110329 -0.680345 -0.692687 -0.287162 -0.661606 -0.751277 -0.439932 -0.491978 -0.964431 -0.176199 -0.197044 -0.981452 -0.145333 -0.12502 -0.991967 -0.0974781 -0.0806141 -0.993836 -0.0826396 -0.0739002 -0.982822 -0.167279 -0.0779673 -0.981819 -0.176315 -0.070312 -0.627594 -0.772672 -0.0954137 -0.626311 -0.779508 -0.0100444 -0.592765 0.670799 -0.445711 -0.62464 0.551099 -0.553276 -0.628484 0.539528 -0.560283 -0.954868 0.203232 -0.216618 -0.692784 0.146074 -0.706196 -0.589954 0.415834 -0.692125 -0.695295 0.119284 -0.708756 -0.730612 -0.536831 -0.421922 -0.731375 -0.539995 -0.416529 -0.966192 -0.209167 -0.150738 -0.631621 -0.747107 -0.207091 -0.614267 -0.774976 -0.14862 0 -1 0 0 -1 0 0 -1 0 0 -1 0 0 -1 0 0 -1 0 0 -1 0 0 -1 0 0 -1 0 0 -1 0 0 -0.0169444 0.999856 0 -0.0169444 0.999856 -0.689963 -0.0010446 0.723844 -0.745956 0 0.665995 -0.999931 0.00750344 0.00904863 -0.999961 0.00750204 0.00458957 -0.999971 0.00739059 0.00162227 -0.999973 0.00730559 3.96155e-05 -0.999973 0.00730269 0 -0.99997 0.00703507 -0.00318986 -0.999966 0.00688381 -0.00456738 -0.999957 0.00657723 -0.00655934 -0.999932 0.00601902 -0.0100105 -0.999753 0.00369829 -0.0219316 -0.999167 -0.000132234 -0.0408176 -0.99909 -0.000510798 -0.0426554 -0.998694 -0.00016549 -0.0510877 -0.998476 0 -0.0551951 0 0 -1 0 0 -1 0 0 -1 0 0 -1 0 0 -1 0 0 -1 0 0 -1 0 0 -1 0 0 -1 0 0 -1 0 0 -1 0 0 -1 0.496525 -0.553573 0.668595 0.0184015 -0.0205157 0.99962 0 0 1 0 0 1 0 0 1 0 0 1 0 0 1 0 0 1 0 0 1 0 0 1 0 0 1 0 0 1 0 0 1 0 0 1 0 0 1 0 0 1 -0.999777 0.0134703 0.0162442 -0.999837 0.0153915 0.00941613 -0.999705 0.022886 0.00815492 -0.999685 0.0245313 0.00538479 -0.999581 0.0289478 0.000156965 -0.999576 0.0291221 0 -0.999576 0.0291221 0 -0.999781 0.0203663 -0.00472315 -0.999861 0.0138781 -0.00920806 -0.999857 0.0119938 -0.0119612 -0.999825 0.0096284 -0.0160133 -0.999476 0.00538217 -0.0319173 -0.998407 9.69221e-05 -0.056414 0.97518 -0.221415 0 0.97518 -0.221415 0 0.590286 -0.567848 0.573682 0.561503 -0.559091 0.610026 0.507421 -0.551787 0.661857 0.018952 -0.020609 0.999608 0.0283543 -0.0220741 0.999354 0.0670789 -0.0279152 0.997357 0.0956459 -0.0320815 0.994898 0.166704 -0.0422573 0.985101 0.608652 -0.102849 0.786744 0 1 0 0 1 0 0 1 0 0 1 0 0.982287 -0.187384 0 0.982287 -0.187384 0 0.975805 -0.218622 0.00298465 0.975169 -0.221408 0.00483959 0.639513 -0.588884 0.494204 0.643585 -0.567795 0.513233 0.642682 -0.566297 0.516012 0.646258 -0.562571 0.51562 0.769249 -0.312884 0.557099 0.772823 -0.280857 0.569091 0.770291 -0.266605 0.579288 0.651912 -0.271297 0.708102 0.543028 -0.422753 0.725535 0.772865 -0.259232 0.579204 0.780888 -0.245918 0.574228 0.795392 -0.201626 0.571575 0.796626 -0.198019 0.571118 0.795831 -0.158287 0.584464 0.786805 -0.134773 0.602308 0.775759 -0.130101 0.617472 0.629527 -0.105576 0.769772 0.658045 -0.109234 0.745013 0.681933 -0.112013 0.722787 0.766383 0.642194 0.0156388 0.76584 0.643012 0.00499023 0.764684 0.644405 0 0.764684 0.644405 0 0.754794 0.655908 -0.0084231 0.982286 -0.187384 0.000989534 0.981854 -0.189615 0.00300315 0.986713 -0.162474 0 0.986952 -0.161015 -0.00016599 0.981223 -0.189493 0.0359614 0.974559 -0.221269 0.0357171 0.972781 -0.228484 0.038624 0.640559 -0.592087 0.488996 0.897165 -0.223468 0.380996 0.820077 -0.247478 0.515973 0.80421 -0.456356 0.380769 0.901107 -0.292054 0.320486 0.830121 -0.195217 0.522292 0.859568 -0.140638 0.491288 0.800017 -0.148446 0.581323 0.871654 -0.142574 0.468927 0.797524 -0.140509 0.586696 0.791199 -0.134198 0.596654 0.794261 -0.131209 0.59324 0.794283 -0.131009 0.593255 0.792493 -0.129095 0.596062 0.792371 -0.129075 0.596227 0.790856 -0.128853 0.598285 0.7752 -0.129801 0.618237 0.769421 -0.127979 0.62579 0.74726 -0.124043 0.652853 0.686106 -0.11254 0.718744 0.688101 -0.11194 0.716929 0.75897 -0.123718 0.639264 0.729679 -0.118943 0.673365 0.715388 -0.116686 0.688915 0.714821 -0.116602 0.689518 0.763993 0.645216 -0.00340079 0.763896 0.645328 -0.00377921 0.762523 0.646924 -0.00695173 0.787551 0.611823 0.073734 0.801151 0.591939 0.0881179 0.770907 0.636846 0.011401 0.769911 0.638075 0.00990171 0.902809 0.429884 0.0116108 0.894781 0.446504 0 0.894782 0.446504 0 0.761943 0.647589 -0.00841331 0.986713 -0.162474 0.000857982 0.986713 -0.162474 0.000857977 0.986513 -0.162441 0.0201262 0.981813 -0.185724 0.0393605 0.986955 -0.160996 -7.10991e-05 0.986955 -0.160996 0.000850172 0.987001 -0.160715 -9.1258e-05 0.981779 -0.183356 0.0499015 0.977452 -0.183022 0.105313 0.969744 -0.191893 0.150911 0.956814 -0.224734 0.184396 0.949908 -0.237514 0.203131 0.928379 -0.296725 0.223754 0.91878 -0.212918 0.33243 0.90079 -0.208749 0.38079 0.903907 -0.28834 0.31593 0.921172 -0.257725 0.291582 0.909938 -0.155088 0.384657 0.901729 -0.151135 0.405021 0.880707 -0.144254 0.45116 0.876057 -0.143092 0.460488 0.872698 -0.14252 0.466996 0.872819 -0.14238 0.466814 0.871586 -0.141986 0.46923 0.87023 -0.14168 0.471833 0.846232 -0.137982 0.514639 0.840225 -0.136974 0.524652 0.823368 -0.134007 0.551459 0.814214 -0.132497 0.565243 0.802126 -0.130619 0.582694 0.801615 -0.130533 0.583416 0.801171 -0.130452 0.584043 0.795431 -0.129486 0.59205 0.796673 -0.129479 0.590379 0.788865 -0.128425 0.600998 0.778213 -0.126785 0.615069 0.781635 -0.127396 0.610588 0.785033 -0.127789 0.60613 0.778102 -0.126762 0.615215 0.777309 -0.126635 0.616242 0.776455 -0.126496 0.617346 0.714955 -0.116601 0.689379 0.711541 -0.115766 0.693042 0.690707 -0.112291 0.714363 0.696391 -0.110926 0.709038 0.692233 -0.109315 0.713347 0.74045 -0.12059 0.661205 0.719921 -0.116968 0.684128 0.712214 -0.115851 0.692337 0.894779 0.446503 -0.0023534 0.903857 0.427398 -0.0193231 0.897054 0.424181 -0.123958 0.87948 0.458925 -0.126104 0.889039 0.433746 -0.146541 0.831527 0.509762 0.220694 0.829865 0.52171 0.197846 0.80259 0.589557 0.0909527 0.824446 0.554224 0.11456 0.800892 0.596983 0.0467301 0.923821 0.379878 0.047407 0.910895 0.412176 0.0195172 0.995926 0.0876094 0.0213391 0.996149 0.0876289 0.00303464 0.995885 0.0906255 0 0.995885 0.0906255 0 0.98665 -0.161616 0.0200701 0.986966 -0.160901 0.00301892 0.9869 -0.16089 0.0119616 0.984448 -0.160346 0.0717737 0.984371 -0.160337 0.072846 0.983887 -0.163009 0.0734412 0.987007 -0.160678 4.2726e-05 0.987004 -0.160677 0.00224749 0.986994 -0.160729 0.00301887 0.987566 -0.157186 -0.0024661 0.987019 -0.160602 0 0.976256 -0.159367 0.146716 0.970582 -0.171064 0.169435 0.984347 -0.160328 0.0731874 0.98423 -0.160292 0.0748164 0.982865 -0.160041 0.0914528 0.977965 -0.159487 0.134718 0.934636 -0.233695 0.268033 0.963944 -0.159167 0.213256 0.947207 -0.170327 0.271638 0.945689 -0.167202 0.278775 0.934904 -0.157621 0.317979 0.927662 -0.1564 0.339091 0.922915 -0.154223 0.352764 0.929615 -0.152468 0.335514 0.930198 -0.151903 0.334151 0.927997 -0.151273 0.340496 0.924592 -0.150747 0.349863 0.908983 -0.148577 0.389455 0.881935 -0.143985 0.448843 0.877771 -0.143192 0.457181 0.876472 -0.143008 0.459722 0.877801 -0.143186 0.457125 0.873561 -0.142347 0.465433 0.883538 -0.144033 0.445663 0.908048 -0.147898 0.391888 0.917182 -0.149205 0.369479 0.920743 -0.149615 0.360343 0.933686 -0.144471 0.327657 0.934544 -0.143298 0.325721 0.943951 -0.115282 0.3093 0.872445 -0.133839 0.470029 0.86806 -0.140742 0.476091 0.868984 -0.141348 0.474223 0.868351 -0.141207 0.475424 0.843975 -0.137111 0.518563 0.823479 -0.133995 0.551297 0.814407 -0.132481 0.564969 0.809267 -0.131539 0.572525 0.808972 -0.131489 0.572952 0.806087 -0.130936 0.57713 0.800373 -0.129975 0.585243 0.797403 -0.129529 0.589381 0.797656 -0.127098 0.589568 0.801957 -0.124265 0.584315 0.812188 -0.108252 0.573265 0.703584 -0.112616 0.701632 0.714871 -0.115843 0.689595 0.662955 0 0.748659 0.662955 0 0.748659 0.834354 -0.0889971 0.543998 0.874094 0 0.485757 0.995719 0.0906105 -0.0182489 0.995383 0.0935961 -0.0212797 0.977018 0.0918693 -0.192341 0.959732 0.137333 -0.24506 0.950437 0.162502 -0.265071 0.906144 0.391921 -0.159062 0.761529 0.325097 0.560701 0.840097 0.450359 0.302347 0.878365 0.377906 0.29268 0.837732 0.526656 0.144355 0.837493 0.527305 0.143372 0.960747 0.249605 0.121091 0.9513 0.296134 0.085633 0.934848 0.349933 0.0600604 0.995533 0.0694524 0.0639592 0.99679 0.0695402 0.0396691 0.986576 -0.158513 0.0392626 0.98658 -0.160403 0.0305118 0.987035 -0.160477 0.00300688 0.986857 -0.16071 0.0168872 0.986579 -0.160411 0.0305129 0.984286 -0.160221 0.0742371 0.984282 -0.160247 0.0742332 0.991331 -0.130128 -0.0181684 0.968987 -0.157681 0.190265 0.966343 -0.157393 0.203489 0.964489 -0.157347 0.21214 0.965636 -0.157281 0.206904 0.965362 -0.157261 0.208197 0.964821 -0.157254 0.210693 0.982343 -0.157875 0.10039 0.981875 -0.159432 0.102481 0.973417 -0.157351 0.166431 0.969146 -0.157454 0.189642 0.962486 -0.15696 0.221324 0.962031 -0.156895 0.223338 0.958738 -0.156465 0.237362 0.958074 -0.156434 0.240048 0.93151 -0.152041 0.330414 0.931234 -0.152504 0.330976 0.934552 -0.152287 0.321591 0.932075 -0.151968 0.328848 0.929069 -0.151402 0.337504 0.928103 -0.151094 0.340287 0.927553 -0.150801 0.341914 0.927456 -0.150775 0.342188 0.928012 -0.150496 0.340799 0.931912 -0.148107 0.331066 0.952898 -0.129694 0.274161 0.935473 -0.151093 0.319471 0.954799 -0.139343 0.262568 0.956608 -0.096617 0.274893 0.955485 -0.0962708 0.27889 0.959944 0.000504003 0.280192 0.880365 0.000853155 0.474296 0.831402 -0.122176 0.542073 0.834197 -0.12747 0.536533 0.835231 -0.12832 0.534717 0.84298 -0.132198 0.521448 0.849646 -0.134884 0.509811 0.867917 -0.140735 0.476355 0.877283 0.00671056 0.479927 0.839787 -0.136248 0.525541 0.825707 -0.1339 0.547978 0.659758 0.00489959 0.751463 0.977733 0.114611 0.175793 0.984201 0.00597068 0.176956 0.98936 0.00600198 0.145367 0.994051 0.0620922 0.0894813 0.977964 -0.151452 0.143693 0.966364 -0.157047 0.20366 0.966647 -0.156076 0.20306 0.959164 -0.148022 0.241026 0.95142 -0.154634 0.266248 0.945484 -0.153884 0.287019 0.975779 -0.153126 0.156231 0.938778 -0.152911 0.308731 0.935628 -0.152414 0.318388 0 -0.281042 0.959696 -1 0 0 -1 0 0 -1 0 0 -1 0 0 -1 0 0 -1 0 0 -1 0 0 -1 0 0 -1 0 0 -1 0 0 -1 0 0 -1 0 0 -1 0 0 -1 0 0 -1 0 0 -1 0 0 0 0 -1 0 0 -1 0 0 -1 0 0 -1 0 0 -1 0 0 -1 0 0 -1 0.0812271 -0.302615 0.949645 0.0532444 -0.280581 0.958352 7.40257e-06 -0.28098 0.959714 1.69711e-05 -0.280227 0.959934 0 -0.280213 0.959938 0 1 0 0 1 0 0.148117 -0.267465 0.952115 0.131724 -0.268857 0.95413 0.0538709 -0.279335 0.958681 0.052554 -0.279839 0.958607 0.115712 -0.268887 0.956196 0.0791113 -0.274651 0.958284 0.0566842 -0.278758 0.958687 0 -0.279741 0.960075 0 -0.279741 0.960075 0 0 1 0 0 1 0 0 1 1 0 0 1 0 0 1 0 0 1 0 0 1 0 0 1 0 0 1 0 0 1 0 0 1 0 0 1 0 0 0.347779 -0.294268 0.8902 0.298104 -0.283372 0.911501 0.206305 -0.262136 0.942721 0.184321 -0.262156 0.947259 0.126828 -0.258812 0.957565 0.169956 -0.259799 0.950589 0.000114497 -0.279206 0.960231 0 -0.279586 0.960121 -0.000463068 -0.254369 0.967107 -0.000460463 -0.274221 0.961667 0.000202454 -0.275514 0.961297 0.109285 -0.252846 0.961315 -0.00276154 -0.0126925 0.999916 -0.00191717 -0.0118873 0.999928 -0.0014384 -0.0109524 0.999939 -0.000958191 -0.00953476 0.999954 0 -0.00574906 0.999983 0.93671 -0.286189 0.201668 0.356288 -0.295617 0.88638 0.897877 -0.300964 0.321305 0.158676 -0.207023 0.965382 0.123051 -0.171593 0.977453 0.0754698 -0.131854 0.988392 0.067024 -0.130341 0.989201 0.0774701 -0.171259 0.982176 0.0244599 -0.185936 0.982257 0.0404417 -0.212339 0.976359 0.0237261 -0.171727 0.984859 -0.000967243 -0.273738 0.961804 -0.000926244 -0.253935 0.967221 -0.00093576 -0.212512 0.977158 -0.000972677 -0.253935 0.967221 0.0199676 -0.0200041 0.9996 -0.00276006 -0.0351174 0.999379 -0.00191606 -0.0359598 0.999351 -0.00143751 -0.0369378 0.999317 -0.00130737 -0.0373398 0.999302 -0.000957567 -0.0373398 0.999302 0.00359224 -0.0418767 0.999116 0.00574576 -0.0418763 0.999106 0.00574995 -0.0172369 0.999835 0.0199617 -0.0314244 0.999307 0.936252 -0.286308 0.203618 0.923666 -0.291448 0.248796 0.123075 -0.168785 0.977939 0.0653677 -0.111608 0.9916 0.00358521 -0.0752078 0.997161 0.0507748 -0.122046 0.991225 0.0505011 -0.0864527 0.994975 0.00592415 -0.122201 0.992488 0.00701489 -0.142245 0.989807 -0.00218234 -0.182952 0.983119 -0.00132506 -0.185992 0.98255 -0.00189036 -0.142249 0.989829 -0.00131792 -0.212065 0.977255 -0.00122685 -0.212235 0.977218 -0.00121438 -0.253719 0.967277 0.0445246 -0.0668467 0.996769 -0.00137746 -0.0418748 0.999122 -0.00137491 -0.0738108 0.997271 -0.00092195 -0.0752082 0.997167 -0.000970836 -0.0783621 0.996925 -0.000967348 -0.115191 0.993343 -0.0023399 -0.117921 0.99302 -0.00246123 -0.140002 0.990148 -0.00372433 -0.137599 0.990481 -0.00356429 -0.119117 0.992874 0 1 0 0 1 0 0 1 0 0 1 0 0 1 0 0 1 0 0 1 0 0 1 0 0 1 0 0 1 0 0 1 0 0 1 0 0 1 0 0 1 0 0 1 0 0.98721 -0.159425 0.000758902 0.987003 -0.160704 0.000383732 0.986986 -0.160809 1.25541e-05 0.986986 -0.160807 0 0.987041 -0.159397 -0.0185044 0.986888 -0.160791 -0.0140659 0.986873 -0.160568 -0.0173094 0 0 1 0 0 1 0 0 1 0 0 1 0 0 1 0 0 1 0 0 1 0 0 1 0 0 1 0 0 1 0 0 1 0 0 1 0 0 1 0 0 1 0 0 1 0 0 1 0.986931 -0.161145 6.79596e-05 0.986943 -0.161067 0 0.986974 -0.160881 0 0.986876 -0.160865 -0.0141209 0.986678 -0.16076 -0.0249397 0.986572 -0.160743 -0.0289539 0.985201 -0.1591 -0.0637625 0.984221 -0.158381 -0.0789012 0.98684 -0.16105 -0.0145094 0.986793 -0.161205 -0.0158907 0.986676 -0.160763 -0.0249947 -0.13768 0.849977 0.508511 0.986928 -0.161161 7.86738e-05 0.986555 -0.163427 -3.13784e-05 0.986429 -0.163406 -0.0159964 0.986429 -0.163406 -0.0159964 0.986572 -0.160746 -0.0289142 0.986177 -0.161262 -0.0380715 0.982397 -0.1592 -0.097731 0.97896 -0.159193 -0.127652 0.969926 -0.148177 -0.193099 0.980261 -0.159405 -0.116957 0.985832 -0.163307 -0.0382961 -0.139525 0.85008 0.507835 -0.19822 0.832839 0.516805 0.98644 -0.164122 0 0.982952 -0.183864 0 0.98215 -0.188097 -0.000331382 0.982028 -0.188074 -0.0157823 0.982287 -0.186599 -0.0171085 0.979901 -0.159458 -0.119862 0.980468 -0.186253 -0.0631907 0.978747 -0.190532 -0.075847 0.977603 -0.179463 -0.109934 0.978371 -0.165257 -0.124423 0.97958 -0.159612 -0.122255 0.978945 -0.159303 -0.127628 0.978924 -0.159297 -0.127799 0.956747 -0.155709 -0.245743 0.955465 -0.155301 -0.250934 0.958928 -0.153237 -0.238695 0.975864 -0.159318 -0.149356 0.951796 -0.151897 -0.266481 0.94853 -0.149065 -0.279409 0.940654 -0.136235 -0.310822 -0.316064 0.80777 0.497606 -0.517972 0.698028 0.494431 0.981399 -0.191979 0 0.975915 -0.218151 0 0.974896 -0.22266 -0.000413304 0.974783 -0.222635 -0.0152188 0.974827 -0.222411 -0.0156666 0.973835 -0.226387 -0.0198511 0.971784 -0.22591 -0.067832 0.97212 -0.222055 -0.0753335 0.968573 -0.233065 -0.0868744 0.943888 -0.227125 -0.239768 0.964598 -0.179913 -0.192825 0.966102 -0.178624 -0.186387 0.972965 -0.175589 -0.150027 0.954009 -0.155501 -0.256293 0.953936 -0.157729 -0.255203 0.953754 -0.155572 -0.257198 0.954096 -0.155286 -0.256099 0.953915 -0.155214 -0.256817 0.910674 -0.148216 -0.385623 0.910419 -0.148202 -0.386231 0.909214 -0.147883 -0.38918 0.942533 -0.153162 -0.29694 0.936942 -0.152671 -0.314375 0.935357 -0.152461 -0.319159 -0.992453 0.0994465 0.0717401 -0.995774 0.0719948 0.0570149 0.972052 -0.234768 0 0 -1 0 0 -1 0 0 -1 0 0 -1 0 0 -1 0 0 -1 0 0 -1 0 0 -1 0 0 -1 0 0 -1 0 0.919639 -0.258698 -0.295531 0.911442 -0.264813 -0.314878 0.914142 -0.245704 -0.32245 0.930143 -0.164888 -0.328094 0.951865 -0.156854 -0.263342 0.953251 -0.15561 -0.259033 0.908177 -0.147858 -0.391603 0.906663 -0.147558 -0.395208 0.863368 -0.137954 -0.485349 0.855637 -0.135864 -0.499427 0.93476 -0.152404 -0.32093 0.910397 -0.148213 -0.386276 0.909115 -0.148221 -0.389283 0.923108 -0.158227 -0.35048 -0.999663 0.0259349 0.000891984 -0.999698 0.0186315 0.0160472 -0.997081 0.0589895 0.0484725 0.906242 -0.276214 -0.320048 0.740995 -0.302209 -0.599664 0.782557 -0.205845 -0.587565 0.799966 -0.178471 -0.57289 0.819708 -0.164445 -0.548668 0.899495 -0.15042 -0.410223 0.900445 -0.151568 -0.407708 0.639315 -0.586941 -0.496766 0.916103 -0.154204 -0.370104 0.84616 -0.136205 -0.515229 0.831433 -0.121812 -0.542109 0.829314 -0.118436 -0.546086 0.843675 -0.137308 -0.518998 0.856534 -0.139056 -0.497004 0.908567 -0.148689 -0.390382 0.899262 -0.149915 -0.410918 0.857661 -0.141492 -0.494365 0.844731 -0.137863 -0.51713 0.843391 -0.137325 -0.519454 0 0 -1 0 0 -1 0 0 -1 0 0 -1 0 0 -1 0 0 -1 0 0 -1 0 0 -1 0 0 -1 0 0 -1 -0.999082 0 0.042844 -0.999352 0.00513206 0.0356358 0.623015 -0.604235 -0.496742 0.558888 -0.5859 -0.586827 0.517121 -0.484107 -0.705852 0.517104 -0.467168 -0.717188 0.676477 -0.307044 -0.669405 0.676371 -0.306526 -0.66975 0.692142 -0.226299 -0.685367 0.748014 -0.179559 -0.638932 0.785527 -0.177598 -0.592795 0.786704 -0.179431 -0.590679 0.789814 -0.144714 -0.59603 0.839842 -0.139628 -0.524565 0.839284 -0.144224 -0.524216 0.842513 -0.137278 -0.52089 0.840159 -0.136919 -0.524773 0.771081 -0.125423 -0.624262 0.758509 -0.123554 -0.639843 0.751668 -0.122407 -0.648083 0.744997 -0.120653 -0.656065 0.748685 -0.121954 -0.651612 0.746727 -0.121425 -0.653953 0.841838 -0.138227 -0.52173 0.747368 -0.179178 -0.639794 0.781317 -0.138245 -0.608632 0.753735 -0.124672 -0.645245 0.754965 -0.125131 -0.643716 0.824931 -0.134786 -0.548927 0.764832 -0.124761 -0.632034 0.752557 -0.124148 -0.646719 0.747643 -0.121909 -0.652816 0 0 1 0 0 1 0 0 1 0 0 1 0 0 1 0 0 1 0 0 1 0 0 1 0 0 1 0 0 1 0 0 1 0 0 1 0 0 1 1 0 0 1 0 0 1 0 0 0.431528 0.898986 0.0748869 0.295843 0.952617 0.0706967 0 -1 0 0 -1 0 0 -1 0 0 -1 0 0 -1 0 0 -1 0 0 1 0 0 1 0 0 1 0 0 1 0 0 1 0 0 1 0 0 1 0 0.00185019 0.999993 0.00315488 0.123744 0.991489 0.0404506 -0.372948 0.436209 0.818921 -0.563029 -0.0417287 0.825383 -0.575623 -0.107659 0.810597 -0.574608 -0.202359 0.793017 -0.556257 -0.34775 0.75475 0.333347 0.00595903 -0.942785 0.157357 0.192503 -0.968598 0.0064564 0.421572 -0.906772 0.00133278 0.999989 0.00443118 0.00105588 0.999986 0.00521053 0.00104086 0.999986 0.00525458 0.000673832 0.999979 0.0063718 -0.0486751 0.985558 0.162192 -0.370349 0.441887 0.817054 -0.307986 0.568747 0.762674 -0.307918 0.568875 0.762606 -0.274804 0.637562 0.71972 -0.274769 0.637652 0.719654 -0.188266 0.81992 0.540635 -0.188269 0.819916 0.540642 -0.0487444 0.985519 0.162406 -1 0 0 -1 0 0 -1 0 0 -1 0 0 -1 0 0 -0.0836456 0.0238222 -0.996211 0 0.429839 -0.902906 -0.0887328 0 -0.996056 0 0.00717412 0.999974 0 0 1 0 0 1 0 0 1 0 0 1 0 0 1 1 0 0 1 0 0 1 0 0 1 0 0 1 0 0 1 0 0 1 0 0 1 0 0 1 0 0 1 0 0 1 0 0 1 0 0 1 0 0 1 0 0 1 0 0 1 0 0 1 0 0 1 0 0 1 0 0 1 0 0 1 0 0 1 0 0 1 0 0 1 0 0 0.0929106 0.095192 0.991114 0.0381141 0.0722135 0.996661 0.0107495 0.0332506 0.999389 -0.00239035 0.0167357 0.999857 0.0104845 0.223044 0.974752 -0.00233045 0.223056 0.974803 -0.0143193 0.0525076 0.998518 -0.0143332 0.0286454 0.999487 0.0017255 -0.00478713 0.999987 0.0829537 0.246521 0.965581 0.094117 0.254144 0.962576 0.0480353 0.247088 0.967802 0.0371791 0.231135 0.972211 0.0162634 0.231264 0.972755 -0.00345563 0.224656 0.974432 -0.0244714 0.22459 0.974146 -0.0249987 0.0952459 0.99514 0.0228903 0.942388 0.333737 -0.00552479 0.942621 0.333819 -0.0219852 0.0362825 0.9991 -0.0190159 0.0285225 0.999412 -0.00383403 0.00383952 0.999985 -0.0637256 0.211056 0.975394 -0.105006 0.210317 0.971978 -0.105863 0.196431 0.974786 -0.0424808 0.0694187 0.996683 -1 0 0 -1 0 0 -1 0 0 -1 0 0 -1 0 0 -1 0 0 -1 0 0 -1 0 0 -1 0 0 -1 0 0 -1 0 0 -1 0 0 -1 0 0 -1 0 0 -1 0 0 -1 0 0 -1 0 0 -1 0 0 0.0201554 -0.0753949 0.99695 0.0579848 -0.183471 0.981314 0.0980789 0.965569 0.240952 0.0580991 0.951543 0.301976 0.107786 0.969834 0.21864 0.189998 0.965835 0.176246 0.160762 0.970613 0.179071 0.0453543 0.952173 0.302176 -0.0118524 0.945612 0.325082 -0.0437206 0.944774 0.324794 -0.0333204 0.237282 0.970869 -0.0659757 0.236897 0.969292 0.046772 0.981935 0.183349 -0.0123202 0.982936 0.183536 -0.121992 0.148733 0.981324 -0.00383403 0.00383936 0.999985 -0.0839718 0.295277 0.951714 -0.137324 0.42562 0.894422 -0.110792 0.219092 0.969394 -0.120292 0.224103 0.967113 -0.114102 0.203884 0.972323 -0.120812 0.203721 0.971546 -0.121393 0.20239 0.971752 0.100223 -0.345328 0.933115 0 -1 0 0 -1 0 0 -1 0 0 -1 0 0 -1 0 0 -1 0 0 -1 0 0.159425 -0.568551 0.807052 0.167027 -0.59577 0.785596 0.108631 0.977438 0.181147 0.0549695 0.98177 0.18195 0.113484 0.977051 0.180259 0.193025 0.98116 0.00819512 0.193013 0.981162 0.00820013 0.116188 0.993193 0.00830068 0.115369 0.993281 0.00913085 -0.0835199 0.960079 0.26697 -0.0205376 0.983049 0.182187 -0.085225 0.979679 0.181562 -0.0891098 0.959612 0.26684 0.0559003 0.998394 0.00917785 0.0534028 0.998551 0.00667372 0.0534028 0.998551 0.00667372 -0.0208868 0.99976 0.0066818 -0.0208868 0.99976 0.0066818 -0.124135 0.967799 0.218989 -0.154851 0.477284 0.864998 -0.360756 0.910211 0.2034 -0.460145 0.859564 0.222296 -0.464272 0.855807 0.228134 -0.170783 0.297807 0.939225 -0.165792 0.275391 0.946928 -0.160245 0.254307 0.953756 -0.0001309 0 -1 0.194666 -0.737191 0.647035 0.20266 -0.774189 0.599634 0.193025 0.981163 0.00773163 0.190319 0.98171 0.00491862 0.11783 0.993021 0.00497529 0.11619 0.993205 0.00663799 -0.0860362 0.979635 0.181418 -0.137851 0.973894 0.180355 -0.087486 0.996144 0.00665763 0.0517367 0.998648 0.00500349 -0.020887 0.999769 0.0050091 -0.15372 0.972252 0.17634 -0.324979 0.92959 0.173926 -0.331092 0.927211 0.175094 -0.359185 0.913828 0.189484 -0.462903 0.864716 0.194901 -0.4798 0.855742 0.193644 -0.608644 0.774781 0.171076 -0.720786 0.521876 0.456195 -0.532954 0.827792 0.175272 -0.579177 0.797489 0.169013 -8.70293e-05 0.000114181 -1 -0.0630839 0.040576 -0.997183 -0.00173993 0.00228276 -0.999996 -4.18779e-05 0.000167529 -1 0 0.00018367 -1 0 0.00018367 -1 0.212315 -0.907697 0.361951 0.191159 0.98155 0.00427515 0.191161 0.981557 0.00193016 0.190684 0.98165 0.00143511 0.187429 0.982278 0 0.120287 0.992739 0 0.117831 0.99303 0.00249369 0.0517372 0.998658 0.00250782 0.0517372 0.998658 0.00250781 -0.08914 0.996007 0.00499279 -0.15776 0.987465 0.00494997 -0.158566 0.987331 0.00577627 -0.156281 0.973099 0.169274 -0.021298 0.999763 0.00459796 -0.0887308 0.996045 0.00458086 -0.0192136 0.999812 0.00251072 -0.22933 0.96999 0.0807933 -0.269533 0.95904 0.0871479 -0.311752 0.940422 0.135713 -0.357258 0.928514 0.10114 -0.31459 0.948982 0.021597 -0.31483 0.948907 0.0214049 -0.35902 0.933092 0.0210481 -0.399968 0.915141 0.0504207 -0.478094 0.876656 0.0538557 -0.506573 0.857363 0.0911771 -0.508672 0.860917 0.00863123 -0.0215095 0.0417943 -0.998895 -0.0215037 0.0478097 -0.998625 -0.00358877 0.0119647 -0.999922 -0.001196 0.00478449 -0.999988 -0.305234 0.28259 -0.909382 -0.118026 0.172865 -0.977848 -0.0629175 0.0831041 -0.994553 -0.0011687 0.212483 -0.977164 0 0.211367 -0.977407 0.000144405 0.000205868 -1 0.00281283 0 -0.999996 0.187215 0.981159 -0.0477319 0.177296 0.982431 -0.0582633 0.177284 0.982433 -0.0582687 0.120079 0.991023 -0.0587781 0.114317 0.991342 -0.0645968 0.0516282 0.996553 -0.0649363 -0.0891439 0.99601 0.00416455 -0.157758 0.987469 0.00412884 -0.158159 0.987403 0.00454061 -0.223147 0.974775 0.00448254 -0.226042 0.974101 0.00569888 -0.226607 0.973969 0.00585659 -0.229139 0.973369 0.00691005 -0.230075 0.973143 0.00768278 -0.019174 0.997754 -0.0641824 -0.0848366 0.99434 -0.0639628 -0.0889851 0.994236 -0.059804 0.049126 0.996514 -0.0674332 -0.0158359 0.997593 -0.0675063 -0.246426 0.969129 0.0079232 -0.270502 0.962487 0.0211405 -0.369894 0.929035 0.00853647 -0.400463 0.916274 0.00841922 -0.246428 0.969136 0.00704179 -0.248406 0.968637 0.00600594 -0.258657 0.965963 0.00334832 -0.314802 0.949149 0.00388623 -0.3149 0.949117 0.00396373 -0.367889 0.929862 0.00388332 -0.369901 0.929051 0.00621018 -0.40251 0.915389 0.00698809 -0.47764 0.878524 0.00742493 -0.478773 0.877901 0.00816635 -0.508234 0.861179 0.00831421 -0.508245 0.861198 0.00503572 -0.116111 0.247201 -0.961982 -0.107265 0.238787 -0.96513 -0.0415462 0.108043 -0.993278 -0.0399805 0.291136 -0.955846 -0.00929604 0.233483 -0.972317 -0.00350356 0.216938 -0.976179 -0.308555 0.485625 -0.817901 -0.279946 0.469842 -0.837185 -0.27313 0.458367 -0.845754 -0.184137 0.382388 -0.905469 0.00233551 0.213597 -0.976919 0.00239065 0.00520933 -0.999984 0.00145781 0.0020783 -0.999997 -0.00801904 0.544459 -0.838749 0.0230487 0.544332 -0.838553 0.0264964 0.264633 -0.963985 0.013673 0.235183 -0.971855 0.170082 0.969865 -0.174454 0.110829 0.961094 -0.253011 0.107031 0.957505 -0.267823 0.103432 0.955762 -0.275357 0.0704679 0.94437 -0.321246 0.0466207 0.945694 -0.321696 -0.148621 0.98711 -0.0593753 -0.15756 0.98623 -0.0502624 -0.205132 0.977466 -0.0498157 -0.223003 0.974146 -0.0361944 -0.261578 0.965181 0.00180206 -0.261381 0.964453 -0.0388672 -0.0149614 0.942506 -0.333855 -0.0545269 0.941209 -0.333396 -0.0811346 0.95095 -0.298517 -0.091017 0.950135 -0.298261 -0.115762 0.958422 -0.260819 -0.146511 0.973099 -0.177802 0.0321147 0.939935 -0.33984 -0.00991512 0.940374 -0.339998 -0.402512 0.915394 0.00611888 -0.314528 0.949246 0.00216685 -0.314804 0.949154 0.0023835 -0.367893 0.929865 0.00233507 -0.36789 0.929866 0.00233223 -0.407288 0.913297 0.00229067 -0.407287 0.913296 0.00272734 -0.474658 0.880166 0.00287068 -0.477648 0.878538 0.00481209 -0.508018 0.861332 0.00487408 -0.508023 0.861341 0.00216213 -0.508026 0.861339 0.00216035 -0.173963 0.487809 -0.855441 -0.163085 0.488731 -0.857056 -0.153798 0.48172 -0.862724 -0.101786 0.388444 -0.915834 -0.0797379 0.36952 -0.925795 -0.045491 0.306732 -0.950708 -0.0400052 0.547178 -0.83606 -0.0111162 0.547582 -0.836678 -0.544571 0.794057 -0.270031 -0.344919 0.605125 -0.717534 -0.279941 0.578571 -0.766087 -0.264647 0.560405 -0.784798 -0.250105 0.562656 -0.78795 0.0140656 0.0168915 -0.999758 0.036306 0.557671 -0.829268 0.0606711 0.335312 -0.940152 0.0470777 0.291903 -0.955289 0.0534741 0.55724 -0.828628 0.124096 0.615444 -0.77835 0.10304 0.584704 -0.804676 0.0814375 0.585881 -0.806295 -0.204075 0.972429 -0.112855 -0.277148 0.952136 -0.128945 -0.279136 0.958965 -0.049693 -0.314104 0.947965 -0.0519746 -0.0625618 0.569996 -0.819262 -0.0705248 0.569692 -0.818826 -0.10671 0.607507 -0.787114 -0.130572 0.605765 -0.784856 -0.141189 0.619282 -0.772371 -0.195947 0.641115 -0.742008 -0.254145 0.718526 -0.647403 -0.276136 0.769468 -0.575907 -0.326173 0.922152 -0.207959 -0.318606 0.930187 -0.182326 -0.323454 0.944342 -0.059959 -0.361184 0.930621 -0.0590878 -0.367397 0.928611 -0.0519766 -0.409418 0.912347 0.000764621 -0.389378 0.919639 -0.0514744 -0.409119 0.911679 -0.0382608 -0.472379 0.881395 0.000738682 -0.474658 0.880167 0.00220937 -0.507298 0.860105 -0.0535593 -0.507717 0.859838 -0.0538712 -0.505375 0.855872 -0.109908 -0.489617 0.86761 -0.086761 -0.388648 0.917915 -0.0799092 -0.359477 0.926222 -0.113533 0.103378 0.584467 -0.804806 0.138277 0.402518 -0.904908 -0.471995 0.88068 -0.0402812 -0.490774 0.869661 -0.0531959 -0.999995 0 0.00327918 -0.999946 0.0104229 0.000309702 -0.999944 0.0105826 0 0 0 -1 0 0 -1 0 0 -1 0 0 -1 0 0 -1 0 0 -1 0 -1 0 0 -1 0 0 -1 0 0 0 1 0 0 1 0 0 1 0 0 1 0 0 1 0 0 1 -0.998299 0.0582753 0.00173157 0 1 0 0 1 0 0 1 0 0 1 0 0 1 0 0 1 0 0 1 0 0.993774 -0.111412 -0.000512935 0.993692 -0.112145 0 0.993721 -0.111884 0.000885044 0.998789 -0.0432934 0.0233891 0.999209 0 0.0397699 0.993253 0.0866436 0.0770822 0.851116 0.465185 0.243317 0.801085 0.531251 0.275744 0.72192 0.6143 0.318539 0.000467323 1 -0.000420687 1 0 -0.000569235 1 0 -0.000569235 0.999791 0 0.0204447 0.999791 0 0.0204447 0.929267 0.367253 0.0398456 0.924622 0.378018 0.046664 0.918378 0.375465 0.124931 0.832179 0.551871 0.0540105 0.82487 0.562881 0.0524802 0.668667 0.666804 0.329024 0.694441 0.64159 0.325751 0.697596 0.638474 0.325131 0.599987 0.724227 0.339869 0.824506 0.565853 0 0.824506 0.565853 0 0.822986 0.568062 -0.000238976 0.930504 0.366283 -0.000148 0.930101 0.367305 0 0.930006 0.367545 6.96212e-05 0.826009 0.563658 0.000106771 0.292454 -0.781833 0.550643 -1 0 0 -1 0 0 -1 0 0 -1 0 0 -1 0 0 -1 0 0 -1 0 0 -1 0 0 -1 0 0 -1 0 0 0 0 -1 0 0 -1 0 0 -1 0 0 -1 0 0 -1 0 0 -1 0 0 -1 0 0 -1 0 0 -1 0 0 -1 0 0 -1 0 0 -1 0.427562 -0.712729 0.556064 0.425629 -0.712948 0.557266 0.302078 -0.77652 0.552961 0.427886 -0.712899 0.555598 0 1 0 0 1 0 0 1 0 0 1 0 0 1 0 0 1 0 0 1 0 0 1 0 0 1 0 0 1 0 0 1 0 0 1 0 0.425717 -0.709986 0.560968 0.427876 -0.71282 0.555706 0.424435 -0.707085 0.565585 0.423228 -0.704789 0.569342 0.422442 -0.703764 0.571191 0.413788 -0.696865 0.585797 0.41063 -0.695132 0.590064 0.644526 -0.663126 0.380592 0.589839 -0.667444 0.454542 0.449692 -0.699231 0.555745 0.434623 -0.705437 0.559877 -0.198455 0.0210248 0.979884 -0.109928 0.0919212 0.98968 -0.0712205 0.136051 0.988139 -0.0100255 0.236329 0.971621 -0.00620256 0.243408 0.969904 -0.000152116 0.257202 0.966358 -0.235963 0 0.971762 0.843074 -0.0414545 0.536198 0.427484 -0.699623 0.572525 0.423287 -0.703193 0.571268 0.351713 -0.585904 0.730078 0.351711 -0.585902 0.730081 0.407406 -0.672584 0.617779 0.348931 -0.580809 0.735465 0.407955 -0.689871 0.598039 0.409769 -0.692564 0.59367 0.257489 -0.655627 0.709826 0.654712 -0.658478 0.371158 0.70224 -0.537125 0.467285 0.675062 -0.506581 0.536346 0.649351 -0.506912 0.566907 0.554274 -0.605267 0.571342 0.553855 -0.633449 0.540358 0.660986 -0.652168 0.37118 0.516246 -0.633213 0.576655 0.452023 -0.690797 0.564335 0.433993 -0.689939 0.579339 0.42727 -0.696033 0.577044 -0.196912 0.0195552 0.980226 -0.196926 -0.0156681 0.980293 -0.0381562 0.0199312 0.999073 -0.0017207 0.00172014 0.999997 -0.00171774 0.0587196 0.998273 -0.0102881 0.0757848 0.997071 0 0.0570072 0.998374 0.0587467 0.115199 0.991604 0.0605195 0.118738 0.99108 0.0600065 0.175335 0.982678 0.0599349 0.175444 0.982663 0.0345943 0.212324 0.976587 0.00938009 0.243402 0.96988 0.00023948 0.257188 0.966362 0 0.257248 0.966346 -0.188995 -0.0198145 0.981778 -0.192402 -0.0179226 0.981153 0.836766 -0.0604489 0.544214 0.807747 -0.10796 0.579559 0.811593 -0.110764 0.573627 0.814085 -0.107822 0.570649 0.822774 -0.0972866 0.55998 0.20916 -0.348155 0.913805 0.208931 -0.347995 0.913919 0.427901 -0.547573 0.719072 0.241351 -0.331166 0.912183 0.189168 -0.327283 0.925798 0.157112 -0.293076 0.943092 0.806346 -0.382943 0.450733 0.804781 -0.372989 0.461742 0.721938 -0.392683 0.569741 0.672698 -0.443405 0.592342 0.646454 -0.448926 0.616898 0.65042 -0.443593 0.616587 0.473426 -0.561264 0.678859 0.516061 -0.604355 0.60699 0.437774 -0.413239 0.798491 -0.0358297 -0.0182521 0.999191 -0.00022902 -0.000457889 1 0 0 1 0 0 1 0 0 1 0 0 1 0.0590371 0.0590757 0.996506 0.185753 0.058149 0.980874 0.186204 0.0586569 0.980759 0.0853204 0.143208 0.986008 0.208789 0.0467066 0.976845 -0.0999198 -0.0662329 0.992789 -0.0890441 -0.0714975 0.993458 0.794439 -0.0991002 0.599205 0.788039 -0.125689 0.602658 0.81233 -0.115303 0.571686 0.812563 -0.115147 0.571386 0.758724 -0.0860871 0.645699 0.717569 -0.0745515 0.692486 0.441745 -0.06674 0.894655 0.606208 -0.100174 0.788972 0.747603 -0.126439 0.651999 0.81266 -0.115277 0.571223 0.823666 -0.1261 0.552877 0.247176 -0.321625 0.914036 0.158663 -0.268001 0.950264 0.150687 -0.275855 0.949314 0.152588 -0.288083 0.94537 0.304806 -0.284898 0.908805 0.255307 -0.313545 0.914608 0.141292 -0.276242 0.950646 0.071684 -0.208446 0.975403 0.810678 -0.262292 0.523455 0.803857 -0.292544 0.517911 0.800027 -0.293576 0.52323 0.726174 -0.379797 0.573084 0.621801 -0.385204 0.681895 0.37655 -0.200734 0.904387 0.362644 -0.197255 0.910813 0.336415 -0.228049 0.913684 -0.0425008 -0.101793 0.993897 -0.00994773 -0.0694352 0.997537 -0.000228733 -0.0500294 0.998748 0.056756 -0.106657 0.992675 0.056989 -0.0569145 0.996751 0.185975 0.0472697 0.981417 0.139953 0 0.990158 0.211273 0.0451273 0.976385 0.230725 0.0342942 0.972414 0.0317266 -0.170455 0.984855 -0.00988749 -0.129761 0.991496 0.787968 -0.126396 0.602603 0.754977 -0.12924 0.642889 0.791191 -0.12969 0.59766 0.82339 -0.126428 0.553214 0.682131 -0.0587245 0.728868 0.685839 -0.0624835 0.725066 0.696154 -0.0673417 0.714727 0.401529 -0.0579777 0.914009 0.404431 -0.0600412 0.912595 0.400238 -0.0878634 0.912189 0.776981 -0.144198 0.612787 0.385846 -0.118395 0.914935 0.376808 -0.162225 0.911975 0.78006 -0.195659 0.594327 0.790076 -0.175964 0.58721 0.804156 -0.183743 0.565307 0.814578 -0.144015 0.561892 0.804964 -0.178505 0.565835 0.205372 -0.212417 0.955354 0.158974 -0.21094 0.964485 0.0602133 -0.113577 0.991703 0.0594324 -0.195796 0.978842 0.22123 -0.196739 0.955171 0.369479 -0.176611 0.912301 0.367052 -0.188541 0.910892 0.330535 -0.130626 0.934711 0.224472 -0.101616 0.969168 0.184537 -0.0560281 0.981227 0.184805 -0.0461506 0.981691 0.306249 -0.0290096 0.951509 0.306363 -0.00987703 0.951863 0.29803 -0.0361373 0.953872 0.346411 -0.0300801 0.9376 0.379419 -0.0454808 0.924106 0.78997 -0.140896 0.596738 0.796302 -0.146231 0.586958 0.391158 -0.0516297 0.918874 0.344266 -0.113986 0.931927 -1 -0.000497829 0.000603284 -1 0 0.000472777 -1 0 0.000472777 0 0 -1 0 0 -1 0 0 -1 0 0 -1 0 -1 0 0 -1 0 0 -1 0 0 -1 0 0 -1 0 0 -1 0 0 -1 0 0 -1 0 0 -1 0 0 -1 0 0 -1 0 0 -1 0 0 -1 0 0 -1 0 -0.993517 -0.087287 0.0728403 -0.99552 -0.0702224 0.0633172 -0.999674 -0.0162577 0.0197015 0 0 1 0 0 1 0 0 1 0 0 1 0 0 1 0 0 1 0 0 1 0 0 1 0 0 1 0 0 1 0 0 1 0 0 1 0 0 1 0 0 1 0 0 1 0 0 1 -0.999999 0.0011172 0.000603284 0 1 0 0 1 0 0 1 0 0 1 0 0 1 0 0 1 0 0 1 0 0 1 0 0 1 0 0 1 0 0 1 0 0 1 0 0 1 0 0 1 0 0 1 0 0 1 0 0 1 0 0 1 0 0.746369 -0.121921 -0.654269 -0.334845 -0.78128 0.526764 -0.368201 -0.765889 0.527107 -0.60815 -0.636664 0.474144 -0.998676 0.0452649 0.0244429 -0.996937 0.0705306 0.0338095 -0.991823 0.119396 0.0450685 0.746564 -0.121095 -0.654201 0.747703 -0.121698 -0.652786 0.747795 -0.121738 -0.652674 0.786128 -0.339371 -0.516556 0.765251 -0.125108 -0.631458 0.777266 -0.127526 -0.616112 0.826595 -0.139583 -0.545213 -0.152755 -0.817318 0.555569 -0.150671 -0.816826 0.55686 -0.677103 0.693853 0.245151 -0.493499 0.836944 0.236607 -0.305976 0.934434 0.182242 0.838992 -0.121479 -0.530411 0.80957 -0.349491 -0.471649 0.839562 -0.138633 -0.525278 0.845589 -0.144894 -0.513795 0.852737 -0.16727 -0.494833 0.839073 -0.123543 -0.529806 0.846299 -0.134615 -0.51542 0.846575 -0.13553 -0.514726 -0.192934 0.966115 0.171457 -0.220642 0.961399 0.164408 0.848118 -0.135281 -0.512246 0.866466 -0.133136 -0.481156 0.906901 -0.152787 -0.392667 0.832674 -0.423358 -0.356962 0.881048 -0.138658 -0.452249 0.906974 -0.146663 -0.394826 0.908067 -0.147241 -0.392089 0.909347 -0.148065 -0.388799 0.918156 -0.396219 0 0.918156 -0.396219 0 -0.139605 0.980587 0.137696 0.8595 -0.422554 -0.28759 0.914057 -0.149226 -0.377135 0.936981 -0.158601 -0.311308 0.946053 -0.135775 -0.29419 0.918053 -0.396175 -0.0149455 0.918053 -0.396175 -0.0149455 0.986981 -0.160835 0 0.986981 -0.160835 0 0.987026 -0.16056 0.000432731 0.943832 -0.157034 -0.290727 0.952654 -0.155556 -0.261252 0.955444 -0.155985 -0.250589 0.96022 -0.158996 -0.22956 0.966908 -0.168799 -0.191298 0.951 -0.151728 -0.269402 0.970261 -0.147456 -0.191962 0.969005 -0.148416 -0.19749 0.955382 -0.154925 -0.251483 0.953485 -0.154596 -0.258778 0.915775 -0.395192 -0.0719765 0.986804 -0.161119 -0.0160647 0.986834 -0.160968 -0.0157334 0.986871 -0.160817 -0.0149508 0.987497 -0.157637 0.000768882 0.987033 -0.160514 0.000480611 0.978226 -0.160096 -0.132072 0.979695 -0.159955 -0.120882 0.983188 -0.164665 -0.0789053 0.976893 -0.155942 -0.146157 0.978602 -0.159091 -0.130492 0.984304 -0.156872 -0.0808472 0.983984 -0.157073 -0.0842818 0.984724 -0.160779 -0.0668567 0.98475 -0.160628 -0.0668271 0.984453 -0.157151 -0.0784591 0.987367 -0.157617 -0.0162192 0.987244 -0.158429 -0.015789 0.984435 -0.157225 -0.0785336 0.97899 -0.159223 -0.127381 0.979707 -0.15954 -0.121333 0.97992 -0.159374 -0.119819</float_array>
                    <technique_common>
                        <accessor count="12954" source="#shape0-lib-normals-array" stride="3">
                            <param name="X" type="float"/>
                            <param name="Y" type="float"/>
                            <param name="Z" type="float"/>
                        </accessor>
                    </technique_common>
                </source>
                <vertices id="shape0-lib-vertices">
                    <input semantic="POSITION" source="#shape0-lib-positions"/>
                </vertices>
                <triangles count="12954">
                    <input offset="0" semantic="VERTEX" source="#shape0-lib-vertices"/>
                    <input offset="1" semantic="NORMAL" source="#shape0-lib-normals"/>
                    <p>0 0 1 0 2 0 0 1 2 1 3 1 0 2 3 2 4 2 0 3 4 3 5 3 0 4 5 4 6 4 0 5 6 5 7 5 0 6 7 6 8 6 0 7 8 7 9 7 0 8 9 8 10 8 0 9 10 9 11 9 0 10 11 10 12 10 0 11 12 11 13 11 0 12 13 12 14 12 0 13 14 13 15 13 0 14 15 14 16 14 0 15 16 15 17 15 0 16 17 16 18 16 0 17 18 17 19 17 0 18 19 18 20 18 0 19 20 19 21 19 0 20 21 20 22 20 0 21 22 21 23 21 0 22 23 22 24 22 0 23 24 23 25 23 0 24 25 24 26 24 0 25 26 25 27 25 0 26 27 26 28 26 0 27 28 27 29 27 0 28 29 28 30 28 0 29 30 29 31 29 0 30 31 30 32 30 0 31 32 31 33 31 0 32 33 32 34 32 0 33 34 33 35 33 0 34 35 34 36 34 0 35 36 35 37 35 0 36 37 36 38 36 0 37 38 37 39 37 0 38 39 38 40 38 0 39 40 39 41 39 0 40 41 40 42 40 0 41 42 41 43 41 0 42 43 42 44 42 0 43 44 43 45 43 0 44 45 44 46 44 0 45 46 45 47 45 0 46 47 46 48 46 0 47 48 47 49 47 0 48 49 48 50 48 0 49 50 49 51 49 0 50 51 50 52 50 0 51 52 51 53 51 0 52 53 52 54 52 0 53 54 53 55 53 0 54 55 54 56 54 0 55 56 55 57 55 0 56 57 56 58 56 0 57 58 57 59 57 0 58 59 58 60 58 0 59 60 59 61 59 0 60 61 60 62 60 0 61 62 61 63 61 0 62 63 62 64 62 0 63 64 63 65 63 0 64 65 64 66 64 0 65 66 65 1 65 1 66 67 66 2 66 1 67 66 67 67 67 2 68 67 68 68 68 2 69 68 69 69 69 2 70 69 70 3 70 66 71 65 71 70 71 66 72 70 72 71 72 66 73 71 73 72 73 66 74 72 74 73 74 66 75 73 75 67 75 67 76 73 76 74 76 67 77 74 77 68 77 68 78 74 78 75 78 68 79 75 79 76 79 68 80 76 80 77 80 68 81 77 81 69 81 69 82 4 82 3 82 69 83 77 83 78 83 69 84 78 84 4 84 65 85 64 85 70 85 70 86 64 86 79 86 70 87 79 87 80 87 70 88 80 88 81 88 70 89 81 89 82 89 70 90 82 90 71 90 71 91 83 91 72 91 71 92 82 92 81 92 71 93 81 93 84 93 71 94 84 94 85 94 71 95 85 95 86 95 71 96 86 96 87 96 71 97 87 97 88 97 71 98 88 98 89 98 71 99 89 99 90 99 71 100 90 100 91 100 71 101 91 101 92 101 71 102 92 102 93 102 71 103 93 103 94 103 71 104 94 104 95 104 71 105 95 105 96 105 71 106 96 106 97 106 71 107 97 107 98 107 71 108 98 108 99 108 71 109 99 109 100 109 71 110 100 110 101 110 71 111 101 111 102 111 71 112 102 112 103 112 71 113 103 113 104 113 71 114 104 114 105 114 71 115 105 115 106 115 71 116 106 116 107 116 71 117 107 117 108 117 71 118 108 118 109 118 71 119 109 119 110 119 71 120 110 120 111 120 71 121 111 121 112 121 71 122 112 122 113 122 71 123 113 123 114 123 71 124 114 124 115 124 71 125 115 125 116 125 71 126 116 126 117 126 71 127 117 127 118 127 71 128 118 128 119 128 71 129 119 129 120 129 71 130 120 130 121 130 71 131 121 131 122 131 71 132 122 132 123 132 71 133 123 133 124 133 71 134 124 134 125 134 71 135 125 135 126 135 71 136 126 136 127 136 71 137 127 137 128 137 71 138 128 138 129 138 71 139 129 139 130 139 71 140 130 140 131 140 71 141 131 141 132 141 71 142 132 142 133 142 71 143 133 143 134 143 71 144 134 144 135 144 71 145 135 145 136 145 71 146 136 146 137 146 71 147 137 147 138 147 71 148 138 148 139 148 71 149 139 149 140 149 71 150 140 150 141 150 71 151 141 151 142 151 71 152 142 152 143 152 71 153 143 153 144 153 71 154 144 154 145 154 71 155 145 155 75 155 71 156 75 156 146 156 71 157 146 157 147 157 71 158 147 158 148 158 71 159 148 159 149 159 71 160 149 160 83 160 72 161 83 161 149 161 72 162 149 162 73 162 73 163 148 163 147 163 73 164 147 164 74 164 73 165 149 165 148 165 74 166 146 166 75 166 74 167 147 167 146 167 75 168 145 168 76 168 76 169 145 169 144 169 76 170 144 170 150 170 76 171 150 171 6 171 76 172 6 172 77 172 77 173 6 173 78 173 4 174 78 174 5 174 78 175 6 175 5 175 64 176 63 176 79 176 79 177 63 177 62 177 79 178 62 178 151 178 79 179 151 179 80 179 80 180 84 180 81 180 80 181 151 181 85 181 80 182 85 182 84 182 144 183 143 183 150 183 150 184 143 184 142 184 150 185 142 185 6 185 6 186 142 186 141 186 6 187 141 187 152 187 6 188 152 188 7 188 62 189 61 189 153 189 62 190 153 190 154 190 62 191 154 191 151 191 151 192 154 192 85 192 85 193 154 193 86 193 141 194 140 194 152 194 152 195 8 195 7 195 152 196 140 196 8 196 61 197 60 197 153 197 153 198 60 198 154 198 154 199 60 199 155 199 154 200 155 200 88 200 154 201 88 201 87 201 154 202 87 202 86 202 140 203 139 203 156 203 140 204 156 204 157 204 140 205 157 205 158 205 140 206 158 206 10 206 140 207 10 207 9 207 140 208 9 208 8 208 60 209 59 209 159 209 60 210 159 210 155 210 155 211 159 211 89 211 155 212 89 212 88 212 139 213 138 213 160 213 139 214 160 214 161 214 139 215 161 215 156 215 156 216 161 216 157 216 157 217 161 217 158 217 158 218 161 218 11 218 158 219 11 219 10 219 59 220 58 220 162 220 59 221 162 221 159 221 159 222 162 222 91 222 159 223 91 223 90 223 159 224 90 224 89 224 138 225 137 225 160 225 160 226 137 226 163 226 160 227 163 227 161 227 161 228 13 228 12 228 161 229 12 229 11 229 161 230 163 230 14 230 161 231 14 231 13 231 58 232 57 232 162 232 162 233 57 233 92 233 162 234 92 234 91 234 137 235 136 235 163 235 163 236 136 236 135 236 163 237 135 237 14 237 14 238 135 238 164 238 14 239 164 239 15 239 57 240 56 240 92 240 92 241 56 241 55 241 92 242 55 242 165 242 92 243 165 243 93 243 135 244 134 244 164 244 164 245 134 245 17 245 164 246 17 246 16 246 164 247 16 247 15 247 55 248 54 248 165 248 165 249 94 249 93 249 165 250 54 250 53 250 165 251 53 251 166 251 165 252 166 252 167 252 165 253 167 253 95 253 165 254 95 254 94 254 134 255 133 255 168 255 134 256 168 256 169 256 134 257 169 257 17 257 17 258 169 258 18 258 166 259 53 259 52 259 166 260 52 260 170 260 166 261 170 261 97 261 166 262 97 262 96 262 166 263 96 263 167 263 167 264 96 264 95 264 133 265 132 265 168 265 168 266 132 266 19 266 168 267 19 267 169 267 169 268 19 268 18 268 170 269 52 269 51 269 170 270 51 270 98 270 170 271 98 271 97 271 132 272 131 272 171 272 132 273 171 273 19 273 19 274 171 274 130 274 19 275 130 275 172 275 19 276 172 276 20 276 51 277 99 277 98 277 51 278 50 278 173 278 51 279 173 279 99 279 131 280 130 280 171 280 20 281 172 281 128 281 20 282 128 282 174 282 20 283 174 283 175 283 20 284 175 284 21 284 130 285 129 285 172 285 172 286 129 286 128 286 99 287 173 287 176 287 99 288 176 288 100 288 50 289 49 289 173 289 173 290 49 290 176 290 21 291 175 291 177 291 21 292 177 292 22 292 128 293 127 293 178 293 128 294 178 294 174 294 174 295 178 295 175 295 175 296 178 296 177 296 176 297 49 297 100 297 100 298 49 298 101 298 49 299 48 299 101 299 22 300 177 300 179 300 22 301 179 301 23 301 127 302 126 302 178 302 178 303 126 303 177 303 177 304 126 304 179 304 101 305 48 305 180 305 101 306 180 306 181 306 101 307 181 307 102 307 48 308 47 308 182 308 48 309 182 309 180 309 23 310 179 310 183 310 23 311 183 311 24 311 126 312 125 312 184 312 126 313 184 313 185 313 126 314 185 314 183 314 126 315 183 315 179 315 180 316 182 316 46 316 180 317 46 317 186 317 180 318 186 318 187 318 180 319 187 319 181 319 181 320 187 320 103 320 181 321 103 321 102 321 47 322 46 322 182 322 24 323 183 323 25 323 125 324 124 324 184 324 184 325 124 325 185 325 185 326 124 326 188 326 185 327 188 327 183 327 183 328 188 328 26 328 183 329 26 329 25 329 46 330 45 330 189 330 46 331 189 331 186 331 186 332 189 332 190 332 186 333 190 333 106 333 186 334 106 334 187 334 187 335 106 335 105 335 187 336 105 336 191 336 187 337 191 337 103 337 103 338 191 338 104 338 124 339 123 339 192 339 124 340 192 340 188 340 188 341 192 341 122 341 188 342 122 342 121 342 188 343 121 343 193 343 188 344 193 344 26 344 26 345 193 345 27 345 45 346 44 346 189 346 189 347 44 347 43 347 189 348 43 348 190 348 190 349 43 349 42 349 190 350 42 350 194 350 190 351 194 351 195 351 190 352 195 352 106 352 106 353 195 353 107 353 105 354 104 354 191 354 123 355 122 355 192 355 121 356 120 356 196 356 121 357 196 357 197 357 121 358 197 358 198 358 121 359 198 359 193 359 193 360 198 360 28 360 193 361 28 361 27 361 42 362 41 362 194 362 194 363 41 363 40 363 194 364 40 364 195 364 195 365 40 365 199 365 195 366 199 366 200 366 195 367 200 367 108 367 195 368 108 368 107 368 120 369 119 369 201 369 120 370 201 370 196 370 196 371 201 371 197 371 197 372 201 372 198 372 198 373 201 373 29 373 198 374 29 374 28 374 40 375 39 375 202 375 40 376 202 376 199 376 199 377 38 377 109 377 199 378 109 378 200 378 199 379 202 379 38 379 200 380 109 380 108 380 119 381 118 381 203 381 119 382 203 382 201 382 201 383 203 383 204 383 201 384 204 384 30 384 201 385 30 385 29 385 39 386 38 386 202 386 38 387 205 387 109 387 38 388 37 388 205 388 109 389 205 389 110 389 118 390 117 390 203 390 203 391 117 391 116 391 203 392 116 392 206 392 203 393 206 393 32 393 203 394 32 394 204 394 204 395 32 395 31 395 204 396 31 396 30 396 205 397 37 397 207 397 205 398 207 398 111 398 205 399 111 399 110 399 37 400 36 400 207 400 116 401 115 401 206 401 206 402 115 402 32 402 32 403 115 403 33 403 207 404 112 404 111 404 207 405 36 405 35 405 207 406 35 406 208 406 207 407 208 407 112 407 115 408 114 408 209 408 115 409 209 409 33 409 33 410 209 410 210 410 33 411 210 411 208 411 33 412 208 412 34 412 112 413 208 413 210 413 112 414 210 414 113 414 35 415 34 415 208 415 114 416 113 416 210 416 114 417 210 417 209 417 211 418 212 418 213 418 211 419 213 419 214 419 211 420 214 420 215 420 211 421 215 421 216 421 211 422 216 422 217 422 211 423 217 423 218 423 211 424 218 424 219 424 211 425 219 425 220 425 211 426 220 426 221 426 211 427 221 427 222 427 211 428 222 428 223 428 211 429 223 429 224 429 211 430 224 430 225 430 211 431 225 431 226 431 211 432 226 432 227 432 211 433 227 433 228 433 211 434 228 434 229 434 211 435 229 435 230 435 211 436 230 436 231 436 211 437 231 437 232 437 211 438 232 438 233 438 211 439 233 439 234 439 211 440 234 440 235 440 211 441 235 441 212 441 212 442 235 442 236 442 212 443 236 443 237 443 212 444 237 444 238 444 212 445 238 445 239 445 212 446 239 446 240 446 212 447 240 447 241 447 212 448 241 448 242 448 212 449 242 449 243 449 212 450 243 450 244 450 212 451 244 451 245 451 212 452 245 452 246 452 212 453 246 453 247 453 212 454 247 454 248 454 212 455 248 455 249 455 212 456 249 456 250 456 212 457 250 457 251 457 212 458 251 458 252 458 212 459 252 459 253 459 212 460 253 460 254 460 212 461 254 461 255 461 212 462 255 462 213 462 213 463 255 463 214 463 214 464 255 464 254 464 214 465 254 465 215 465 234 466 233 466 236 466 234 467 236 467 235 467 254 468 253 468 215 468 215 469 253 469 216 469 233 470 232 470 236 470 236 471 232 471 231 471 236 472 231 472 230 472 236 473 230 473 237 473 253 474 252 474 216 474 216 475 252 475 217 475 230 476 229 476 237 476 237 477 229 477 228 477 237 478 228 478 238 478 252 479 251 479 217 479 217 480 251 480 250 480 217 481 250 481 218 481 228 482 227 482 238 482 238 483 227 483 226 483 238 484 226 484 256 484 238 485 256 485 239 485 250 486 219 486 218 486 250 487 249 487 219 487 226 488 225 488 256 488 256 489 240 489 239 489 256 490 225 490 257 490 256 491 257 491 242 491 256 492 242 492 241 492 256 493 241 493 258 493 256 494 258 494 240 494 219 495 249 495 220 495 249 496 248 496 220 496 225 497 224 497 257 497 240 498 258 498 241 498 257 499 224 499 243 499 257 500 243 500 242 500 220 501 248 501 247 501 220 502 247 502 221 502 224 503 223 503 243 503 243 504 223 504 244 504 247 505 246 505 221 505 221 506 246 506 222 506 223 507 222 507 244 507 244 508 222 508 245 508 246 509 245 509 222 509 259 510 260 510 261 510 259 511 261 511 262 511 259 512 262 512 263 512 259 513 263 513 264 513 259 514 264 514 265 514 259 515 265 515 266 515 259 516 266 516 267 516 259 517 267 517 268 517 259 518 268 518 269 518 259 519 269 519 270 519 259 520 270 520 271 520 259 521 271 521 272 521 259 522 272 522 273 522 259 523 273 523 260 523 260 524 273 524 272 524 260 525 272 525 274 525 260 526 274 526 275 526 260 527 275 527 276 527 260 528 276 528 277 528 260 529 277 529 278 529 260 530 278 530 279 530 260 531 279 531 280 531 260 532 280 532 281 532 260 533 281 533 282 533 260 534 282 534 283 534 260 535 283 535 284 535 260 536 284 536 285 536 260 537 285 537 286 537 260 538 286 538 287 538 260 539 287 539 288 539 260 540 288 540 289 540 260 541 289 541 290 541 260 542 290 542 261 542 261 543 290 543 291 543 261 544 291 544 262 544 262 545 291 545 263 545 272 546 275 546 274 546 272 547 271 547 275 547 290 548 292 548 293 548 290 549 293 549 294 549 290 550 294 550 295 550 290 551 295 551 296 551 290 552 296 552 291 552 290 553 289 553 297 553 290 554 297 554 298 554 290 555 298 555 292 555 291 556 296 556 299 556 291 557 299 557 300 557 291 558 300 558 301 558 291 559 301 559 263 559 263 560 301 560 264 560 275 561 271 561 276 561 271 562 270 562 277 562 271 563 277 563 276 563 292 564 302 564 293 564 292 565 298 565 302 565 293 566 302 566 294 566 294 567 302 567 303 567 294 568 303 568 304 568 294 569 304 569 295 569 295 570 304 570 296 570 296 571 304 571 305 571 296 572 305 572 306 572 296 573 306 573 307 573 296 574 307 574 299 574 289 575 288 575 297 575 297 576 288 576 308 576 297 577 308 577 298 577 298 578 309 578 302 578 298 579 308 579 310 579 298 580 310 580 309 580 299 581 307 581 300 581 300 582 311 582 312 582 300 583 312 583 313 583 300 584 313 584 301 584 300 585 307 585 311 585 301 586 313 586 265 586 301 587 265 587 264 587 270 588 269 588 277 588 277 589 269 589 278 589 302 590 309 590 314 590 302 591 314 591 315 591 302 592 315 592 303 592 303 593 315 593 316 593 303 594 316 594 304 594 304 595 316 595 305 595 305 596 316 596 317 596 305 597 317 597 318 597 305 598 318 598 319 598 305 599 319 599 306 599 306 600 319 600 320 600 306 601 320 601 321 601 306 602 321 602 311 602 306 603 311 603 307 603 288 604 287 604 308 604 308 605 287 605 286 605 308 606 286 606 322 606 308 607 322 607 310 607 309 608 310 608 323 608 309 609 323 609 314 609 310 610 322 610 324 610 310 611 324 611 323 611 311 612 321 612 325 612 311 613 325 613 312 613 312 614 326 614 313 614 312 615 325 615 327 615 312 616 327 616 328 616 312 617 328 617 326 617 313 618 266 618 265 618 313 619 326 619 329 619 313 620 329 620 330 620 313 621 330 621 331 621 313 622 331 622 267 622 313 623 267 623 266 623 269 624 268 624 278 624 278 625 268 625 267 625 278 626 267 626 331 626 278 627 331 627 332 627 278 628 332 628 333 628 278 629 333 629 334 629 278 630 334 630 335 630 278 631 335 631 336 631 278 632 336 632 337 632 278 633 337 633 338 633 278 634 338 634 339 634 278 635 339 635 340 635 278 636 340 636 341 636 278 637 341 637 342 637 278 638 342 638 343 638 278 639 343 639 344 639 278 640 344 640 345 640 278 641 345 641 346 641 278 642 346 642 347 642 278 643 347 643 348 643 278 644 348 644 349 644 278 645 349 645 350 645 278 646 350 646 351 646 278 647 351 647 352 647 278 648 352 648 353 648 278 649 353 649 354 649 278 650 354 650 355 650 278 651 355 651 356 651 278 652 356 652 357 652 278 653 357 653 358 653 278 654 358 654 359 654 278 655 359 655 279 655 314 656 323 656 360 656 314 657 360 657 361 657 314 658 361 658 362 658 314 659 362 659 315 659 315 660 362 660 363 660 315 661 363 661 316 661 316 662 363 662 364 662 316 663 364 663 365 663 316 664 365 664 317 664 317 665 365 665 318 665 318 666 366 666 319 666 318 667 365 667 367 667 318 668 367 668 368 668 318 669 368 669 369 669 318 670 369 670 370 670 318 671 370 671 366 671 319 672 366 672 370 672 319 673 370 673 320 673 320 674 370 674 371 674 320 675 371 675 325 675 320 676 325 676 321 676 322 677 286 677 285 677 322 678 285 678 372 678 322 679 372 679 373 679 322 680 373 680 324 680 323 681 324 681 374 681 323 682 374 682 360 682 324 683 373 683 375 683 324 684 375 684 374 684 325 685 371 685 327 685 326 686 328 686 329 686 327 687 371 687 376 687 327 688 376 688 328 688 328 689 377 689 329 689 328 690 376 690 378 690 328 691 378 691 377 691 329 692 377 692 379 692 329 693 379 693 380 693 329 694 380 694 330 694 330 695 380 695 381 695 330 696 381 696 382 696 330 697 382 697 331 697 279 698 359 698 280 698 360 699 383 699 361 699 360 700 374 700 375 700 360 701 375 701 384 701 360 702 384 702 385 702 360 703 385 703 383 703 361 704 386 704 387 704 361 705 387 705 388 705 361 706 388 706 362 706 361 707 383 707 389 707 361 708 389 708 386 708 362 709 364 709 363 709 362 710 388 710 390 710 362 711 390 711 364 711 364 712 390 712 391 712 364 713 391 713 367 713 364 714 367 714 365 714 367 715 391 715 368 715 368 716 391 716 392 716 368 717 392 717 393 717 368 718 393 718 394 718 368 719 394 719 395 719 368 720 395 720 396 720 368 721 396 721 369 721 369 722 396 722 397 722 369 723 397 723 370 723 370 724 397 724 371 724 371 725 397 725 376 725 372 726 285 726 284 726 372 727 284 727 398 727 372 728 398 728 399 728 372 729 399 729 373 729 373 730 399 730 400 730 373 731 400 731 375 731 376 732 397 732 378 732 377 733 378 733 401 733 377 734 401 734 402 734 377 735 402 735 403 735 377 736 403 736 404 736 377 737 404 737 405 737 377 738 405 738 406 738 377 739 406 739 379 739 378 740 397 740 407 740 378 741 407 741 408 741 378 742 408 742 409 742 378 743 409 743 410 743 378 744 410 744 411 744 378 745 411 745 412 745 378 746 412 746 401 746 379 747 406 747 413 747 379 748 413 748 380 748 380 749 413 749 381 749 381 750 414 750 415 750 381 751 415 751 382 751 381 752 413 752 414 752 382 753 332 753 331 753 382 754 415 754 332 754 359 755 358 755 416 755 359 756 416 756 280 756 280 757 416 757 281 757 383 758 385 758 417 758 383 759 417 759 389 759 384 760 375 760 418 760 384 761 418 761 419 761 384 762 419 762 385 762 386 763 420 763 421 763 386 764 421 764 387 764 386 765 389 765 420 765 387 766 421 766 388 766 388 767 422 767 390 767 388 768 421 768 423 768 388 769 423 769 422 769 389 770 417 770 424 770 389 771 424 771 420 771 390 772 422 772 425 772 390 773 425 773 426 773 390 774 426 774 391 774 391 775 426 775 427 775 391 776 427 776 428 776 391 777 428 777 429 777 391 778 429 778 392 778 392 779 429 779 430 779 392 780 430 780 431 780 392 781 431 781 432 781 392 782 432 782 393 782 393 783 432 783 433 783 393 784 433 784 394 784 394 785 433 785 395 785 395 786 434 786 435 786 395 787 435 787 436 787 395 788 436 788 437 788 395 789 437 789 438 789 395 790 438 790 396 790 395 791 433 791 439 791 395 792 439 792 440 792 395 793 440 793 434 793 396 794 438 794 408 794 396 795 408 795 407 795 396 796 407 796 397 796 398 797 284 797 283 797 398 798 283 798 441 798 398 799 441 799 442 799 398 800 442 800 399 800 375 801 400 801 418 801 399 802 442 802 400 802 401 803 412 803 443 803 401 804 443 804 444 804 401 805 444 805 402 805 402 806 444 806 403 806 403 807 444 807 445 807 403 808 445 808 404 808 404 809 445 809 405 809 405 810 445 810 446 810 405 811 446 811 406 811 406 812 446 812 447 812 406 813 447 813 413 813 408 814 438 814 409 814 409 815 438 815 410 815 410 816 436 816 435 816 410 817 435 817 411 817 410 818 438 818 437 818 410 819 437 819 436 819 411 820 435 820 412 820 413 821 447 821 414 821 414 822 448 822 449 822 414 823 449 823 450 823 414 824 450 824 415 824 414 825 447 825 448 825 415 826 450 826 332 826 332 827 450 827 333 827 358 828 357 828 416 828 416 829 357 829 356 829 416 830 356 830 451 830 416 831 451 831 452 831 416 832 452 832 453 832 416 833 453 833 282 833 416 834 282 834 281 834 385 835 419 835 454 835 385 836 454 836 417 836 418 837 400 837 455 837 418 838 455 838 419 838 420 839 456 839 421 839 420 840 424 840 457 840 420 841 457 841 456 841 421 842 456 842 423 842 422 843 458 843 425 843 422 844 423 844 458 844 423 845 456 845 458 845 417 846 454 846 459 846 417 847 459 847 424 847 425 848 460 848 426 848 425 849 458 849 461 849 425 850 461 850 462 850 425 851 462 851 463 851 425 852 463 852 464 852 425 853 464 853 460 853 426 854 460 854 427 854 427 855 460 855 465 855 427 856 465 856 428 856 428 857 430 857 429 857 428 858 465 858 466 858 428 859 466 859 467 859 428 860 467 860 430 860 431 861 430 861 467 861 431 862 467 862 468 862 431 863 468 863 432 863 432 864 468 864 469 864 432 865 469 865 470 865 432 866 470 866 471 866 432 867 471 867 440 867 432 868 440 868 439 868 432 869 439 869 433 869 434 870 440 870 472 870 434 871 472 871 435 871 435 872 473 872 444 872 435 873 444 873 443 873 435 874 443 874 412 874 435 875 472 875 474 875 435 876 474 876 473 876 440 877 474 877 472 877 440 878 471 878 475 878 440 879 475 879 476 879 440 880 476 880 477 880 440 881 477 881 478 881 440 882 478 882 479 882 440 883 479 883 480 883 440 884 480 884 474 884 441 885 283 885 282 885 441 886 282 886 453 886 441 887 453 887 442 887 442 888 481 888 400 888 442 889 453 889 452 889 442 890 452 890 482 890 442 891 482 891 481 891 400 892 481 892 455 892 444 893 473 893 483 893 444 894 483 894 445 894 445 895 483 895 484 895 445 896 484 896 446 896 446 897 484 897 485 897 446 898 485 898 486 898 446 899 486 899 447 899 447 900 486 900 448 900 448 901 486 901 487 901 448 902 487 902 488 902 448 903 488 903 449 903 449 904 488 904 489 904 449 905 489 905 333 905 449 906 333 906 450 906 333 907 489 907 334 907 356 908 355 908 490 908 356 909 490 909 451 909 451 910 490 910 452 910 452 911 490 911 482 911 419 912 455 912 491 912 419 913 491 913 492 913 419 914 492 914 454 914 454 915 492 915 459 915 455 916 481 916 493 916 455 917 493 917 491 917 456 918 494 918 495 918 456 919 495 919 461 919 456 920 461 920 458 920 456 921 457 921 496 921 456 922 496 922 497 922 456 923 497 923 498 923 456 924 498 924 499 924 456 925 499 925 494 925 424 926 459 926 457 926 460 927 464 927 465 927 461 928 495 928 465 928 461 929 465 929 462 929 462 930 465 930 463 930 463 931 465 931 464 931 465 932 500 932 466 932 465 933 495 933 494 933 465 934 494 934 501 934 465 935 501 935 500 935 466 936 500 936 502 936 466 937 502 937 467 937 467 938 502 938 468 938 468 939 502 939 469 939 469 940 502 940 503 940 469 941 503 941 504 941 469 942 504 942 470 942 470 943 505 943 475 943 470 944 475 944 471 944 470 945 504 945 506 945 470 946 506 946 505 946 473 947 474 947 483 947 474 948 480 948 484 948 474 949 484 949 483 949 475 950 505 950 476 950 476 951 505 951 507 951 476 952 507 952 477 952 477 953 507 953 508 953 477 954 508 954 509 954 477 955 509 955 478 955 479 956 478 956 510 956 479 957 510 957 511 957 479 958 511 958 512 958 479 959 512 959 480 959 481 960 482 960 493 960 484 961 480 961 512 961 484 962 512 962 485 962 486 963 485 963 487 963 487 964 513 964 514 964 487 965 514 965 488 965 487 966 485 966 513 966 488 967 514 967 515 967 488 968 515 968 334 968 488 969 334 969 489 969 334 970 515 970 335 970 355 971 354 971 490 971 490 972 516 972 482 972 490 973 354 973 516 973 482 974 516 974 493 974 491 975 493 975 517 975 491 976 517 976 518 976 491 977 518 977 492 977 492 978 519 978 459 978 492 979 518 979 519 979 459 980 520 980 457 980 459 981 519 981 520 981 493 982 516 982 517 982 494 983 521 983 501 983 494 984 499 984 522 984 494 985 522 985 521 985 457 986 520 986 523 986 457 987 523 987 496 987 497 988 496 988 524 988 497 989 524 989 525 989 497 990 525 990 498 990 498 991 525 991 499 991 499 992 525 992 522 992 500 993 504 993 503 993 500 994 503 994 502 994 500 995 501 995 521 995 500 996 521 996 522 996 500 997 522 997 525 997 500 998 525 998 524 998 500 999 524 999 526 999 500 1000 526 1000 527 1000 500 1001 527 1001 528 1001 500 1002 528 1002 506 1002 500 1003 506 1003 504 1003 505 1004 506 1004 507 1004 506 1005 528 1005 507 1005 507 1006 528 1006 527 1006 507 1007 527 1007 508 1007 508 1008 527 1008 529 1008 508 1009 529 1009 509 1009 478 1010 509 1010 510 1010 510 1011 509 1011 530 1011 510 1012 530 1012 531 1012 510 1013 531 1013 532 1013 510 1014 532 1014 533 1014 510 1015 533 1015 511 1015 511 1016 533 1016 512 1016 512 1017 533 1017 534 1017 512 1018 534 1018 513 1018 512 1019 513 1019 485 1019 513 1020 534 1020 535 1020 513 1021 535 1021 514 1021 514 1022 535 1022 536 1022 514 1023 536 1023 515 1023 515 1024 536 1024 335 1024 335 1025 536 1025 336 1025 354 1026 353 1026 537 1026 354 1027 537 1027 516 1027 516 1028 537 1028 517 1028 517 1029 537 1029 351 1029 517 1030 351 1030 538 1030 517 1031 538 1031 518 1031 518 1032 538 1032 539 1032 518 1033 539 1033 540 1033 518 1034 540 1034 519 1034 519 1035 541 1035 520 1035 519 1036 540 1036 542 1036 519 1037 542 1037 541 1037 520 1038 541 1038 523 1038 523 1039 543 1039 524 1039 523 1040 524 1040 496 1040 523 1041 541 1041 544 1041 523 1042 544 1042 543 1042 524 1043 543 1043 545 1043 524 1044 545 1044 546 1044 524 1045 546 1045 526 1045 526 1046 546 1046 527 1046 527 1047 546 1047 545 1047 527 1048 545 1048 529 1048 509 1049 529 1049 530 1049 530 1050 529 1050 547 1050 530 1051 547 1051 531 1051 531 1052 548 1052 549 1052 531 1053 549 1053 550 1053 531 1054 550 1054 532 1054 531 1055 547 1055 548 1055 532 1056 550 1056 551 1056 532 1057 551 1057 552 1057 532 1058 552 1058 533 1058 533 1059 552 1059 534 1059 534 1060 552 1060 553 1060 534 1061 553 1061 535 1061 535 1062 553 1062 554 1062 535 1063 554 1063 536 1063 536 1064 554 1064 336 1064 336 1065 554 1065 337 1065 353 1066 352 1066 537 1066 537 1067 352 1067 351 1067 351 1068 350 1068 539 1068 351 1069 539 1069 538 1069 539 1070 555 1070 556 1070 539 1071 556 1071 540 1071 539 1072 350 1072 555 1072 540 1073 556 1073 542 1073 541 1074 542 1074 544 1074 542 1075 556 1075 557 1075 542 1076 557 1076 544 1076 543 1077 544 1077 558 1077 543 1078 558 1078 559 1078 543 1079 559 1079 560 1079 543 1080 560 1080 545 1080 544 1081 557 1081 561 1081 544 1082 561 1082 558 1082 545 1083 560 1083 547 1083 545 1084 547 1084 529 1084 547 1085 560 1085 559 1085 547 1086 559 1086 548 1086 548 1087 562 1087 549 1087 548 1088 559 1088 562 1088 549 1089 562 1089 563 1089 549 1090 563 1090 564 1090 549 1091 564 1091 550 1091 550 1092 564 1092 565 1092 550 1093 565 1093 566 1093 550 1094 566 1094 551 1094 551 1095 566 1095 567 1095 551 1096 567 1096 552 1096 552 1097 567 1097 553 1097 553 1098 567 1098 568 1098 553 1099 568 1099 554 1099 554 1100 568 1100 337 1100 337 1101 568 1101 338 1101 350 1102 349 1102 555 1102 555 1103 569 1103 556 1103 555 1104 349 1104 348 1104 555 1105 348 1105 347 1105 555 1106 347 1106 569 1106 556 1107 569 1107 557 1107 557 1108 569 1108 570 1108 557 1109 570 1109 561 1109 558 1110 561 1110 562 1110 558 1111 562 1111 559 1111 561 1112 563 1112 562 1112 561 1113 570 1113 571 1113 561 1114 571 1114 563 1114 563 1115 571 1115 564 1115 564 1116 571 1116 344 1116 564 1117 344 1117 343 1117 564 1118 343 1118 565 1118 565 1119 343 1119 342 1119 565 1120 342 1120 341 1120 565 1121 341 1121 566 1121 566 1122 572 1122 567 1122 566 1123 341 1123 340 1123 566 1124 340 1124 572 1124 567 1125 572 1125 568 1125 568 1126 572 1126 339 1126 568 1127 339 1127 338 1127 569 1128 347 1128 346 1128 569 1129 346 1129 570 1129 570 1130 346 1130 345 1130 570 1131 345 1131 571 1131 571 1132 345 1132 344 1132 572 1133 340 1133 339 1133 573 1134 574 1134 575 1134 573 1135 575 1135 576 1135 573 1136 576 1136 577 1136 573 1137 577 1137 578 1137 573 1138 578 1138 579 1138 573 1139 579 1139 580 1139 573 1140 580 1140 581 1140 573 1141 581 1141 582 1141 573 1142 582 1142 583 1142 573 1143 583 1143 584 1143 573 1144 584 1144 585 1144 573 1145 585 1145 586 1145 573 1146 586 1146 587 1146 573 1147 587 1147 588 1147 573 1148 588 1148 589 1148 573 1149 589 1149 590 1149 573 1150 590 1150 591 1150 573 1151 591 1151 592 1151 573 1152 592 1152 593 1152 573 1153 593 1153 574 1153 574 1154 593 1154 594 1154 574 1155 594 1155 575 1155 575 1156 594 1156 595 1156 575 1157 595 1157 596 1157 575 1158 596 1158 597 1158 575 1159 597 1159 576 1159 577 1160 576 1160 578 1160 593 1161 592 1161 594 1161 594 1162 592 1162 598 1162 594 1163 598 1163 599 1163 594 1164 599 1164 595 1164 595 1165 600 1165 596 1165 595 1166 599 1166 601 1166 595 1167 601 1167 600 1167 596 1168 600 1168 602 1168 596 1169 602 1169 603 1169 596 1170 603 1170 597 1170 576 1171 597 1171 604 1171 576 1172 604 1172 605 1172 576 1173 605 1173 578 1173 578 1174 605 1174 606 1174 578 1175 606 1175 579 1175 592 1176 591 1176 598 1176 598 1177 591 1177 590 1177 598 1178 590 1178 607 1178 598 1179 607 1179 599 1179 599 1180 607 1180 601 1180 600 1181 608 1181 602 1181 600 1182 601 1182 608 1182 601 1183 607 1183 609 1183 601 1184 609 1184 610 1184 601 1185 610 1185 608 1185 602 1186 608 1186 611 1186 602 1187 611 1187 612 1187 602 1188 612 1188 603 1188 597 1189 603 1189 613 1189 597 1190 613 1190 604 1190 605 1191 604 1191 614 1191 605 1192 614 1192 606 1192 606 1193 614 1193 615 1193 606 1194 615 1194 616 1194 606 1195 616 1195 579 1195 579 1196 616 1196 580 1196 590 1197 589 1197 617 1197 590 1198 617 1198 618 1198 590 1199 618 1199 619 1199 590 1200 619 1200 620 1200 590 1201 620 1201 621 1201 590 1202 621 1202 607 1202 607 1203 621 1203 622 1203 607 1204 622 1204 623 1204 607 1205 623 1205 609 1205 608 1206 624 1206 625 1206 608 1207 625 1207 611 1207 608 1208 610 1208 624 1208 609 1209 626 1209 627 1209 609 1210 627 1210 624 1210 609 1211 624 1211 610 1211 609 1212 623 1212 628 1212 609 1213 628 1213 626 1213 611 1214 625 1214 629 1214 611 1215 629 1215 612 1215 603 1216 612 1216 630 1216 603 1217 630 1217 613 1217 613 1218 630 1218 631 1218 613 1219 631 1219 632 1219 613 1220 632 1220 614 1220 613 1221 614 1221 604 1221 614 1222 632 1222 633 1222 614 1223 633 1223 615 1223 616 1224 581 1224 580 1224 616 1225 615 1225 634 1225 616 1226 634 1226 582 1226 616 1227 582 1227 581 1227 589 1228 588 1228 635 1228 589 1229 635 1229 617 1229 617 1230 635 1230 636 1230 617 1231 636 1231 637 1231 617 1232 637 1232 638 1232 617 1233 638 1233 639 1233 617 1234 639 1234 640 1234 617 1235 640 1235 641 1235 617 1236 641 1236 642 1236 617 1237 642 1237 643 1237 617 1238 643 1238 644 1238 617 1239 644 1239 618 1239 618 1240 644 1240 619 1240 619 1241 644 1241 645 1241 619 1242 645 1242 646 1242 619 1243 646 1243 620 1243 620 1244 646 1244 647 1244 620 1245 647 1245 622 1245 620 1246 622 1246 621 1246 622 1247 647 1247 628 1247 622 1248 628 1248 623 1248 624 1249 648 1249 649 1249 624 1250 649 1250 650 1250 624 1251 650 1251 625 1251 624 1252 627 1252 651 1252 624 1253 651 1253 648 1253 625 1254 650 1254 652 1254 625 1255 652 1255 629 1255 626 1256 628 1256 653 1256 626 1257 653 1257 627 1257 627 1258 653 1258 651 1258 628 1259 647 1259 654 1259 628 1260 654 1260 653 1260 612 1261 629 1261 630 1261 630 1262 655 1262 631 1262 630 1263 629 1263 655 1263 631 1264 656 1264 657 1264 631 1265 657 1265 658 1265 631 1266 658 1266 632 1266 631 1267 655 1267 656 1267 632 1268 658 1268 633 1268 633 1269 658 1269 659 1269 633 1270 659 1270 660 1270 633 1271 660 1271 615 1271 615 1272 660 1272 661 1272 615 1273 661 1273 634 1273 634 1274 661 1274 662 1274 634 1275 662 1275 582 1275 582 1276 662 1276 583 1276 588 1277 587 1277 635 1277 635 1278 587 1278 636 1278 644 1279 643 1279 663 1279 644 1280 663 1280 645 1280 645 1281 664 1281 646 1281 645 1282 663 1282 665 1282 645 1283 665 1283 666 1283 645 1284 666 1284 664 1284 646 1285 667 1285 647 1285 646 1286 664 1286 667 1286 647 1287 667 1287 668 1287 647 1288 668 1288 654 1288 648 1289 651 1289 669 1289 648 1290 669 1290 670 1290 648 1291 670 1291 649 1291 649 1292 670 1292 671 1292 649 1293 671 1293 672 1293 649 1294 672 1294 673 1294 649 1295 673 1295 650 1295 650 1296 673 1296 674 1296 650 1297 674 1297 675 1297 650 1298 675 1298 676 1298 650 1299 676 1299 677 1299 650 1300 677 1300 652 1300 651 1301 678 1301 679 1301 651 1302 679 1302 669 1302 651 1303 653 1303 678 1303 629 1304 652 1304 680 1304 629 1305 680 1305 655 1305 653 1306 654 1306 681 1306 653 1307 681 1307 678 1307 654 1308 668 1308 682 1308 654 1309 682 1309 683 1309 654 1310 683 1310 681 1310 655 1311 680 1311 684 1311 655 1312 684 1312 656 1312 656 1313 684 1313 685 1313 656 1314 685 1314 657 1314 657 1315 685 1315 686 1315 657 1316 686 1316 687 1316 657 1317 687 1317 658 1317 658 1318 687 1318 688 1318 658 1319 688 1319 659 1319 659 1320 688 1320 689 1320 659 1321 689 1321 690 1321 659 1322 690 1322 660 1322 660 1323 690 1323 691 1323 660 1324 691 1324 661 1324 661 1325 691 1325 662 1325 662 1326 691 1326 690 1326 662 1327 690 1327 689 1327 662 1328 689 1328 688 1328 662 1329 688 1329 692 1329 662 1330 692 1330 693 1330 662 1331 693 1331 694 1331 662 1332 694 1332 695 1332 662 1333 695 1333 696 1333 662 1334 696 1334 697 1334 662 1335 697 1335 698 1335 662 1336 698 1336 699 1336 662 1337 699 1337 700 1337 662 1338 700 1338 701 1338 662 1339 701 1339 702 1339 662 1340 702 1340 703 1340 662 1341 703 1341 704 1341 662 1342 704 1342 705 1342 662 1343 705 1343 706 1343 662 1344 706 1344 707 1344 662 1345 707 1345 708 1345 662 1346 708 1346 709 1346 662 1347 709 1347 710 1347 662 1348 710 1348 711 1348 662 1349 711 1349 712 1349 662 1350 712 1350 713 1350 662 1351 713 1351 714 1351 662 1352 714 1352 715 1352 662 1353 715 1353 716 1353 662 1354 716 1354 717 1354 662 1355 717 1355 718 1355 662 1356 718 1356 641 1356 662 1357 641 1357 640 1357 662 1358 640 1358 719 1358 662 1359 719 1359 584 1359 662 1360 584 1360 583 1360 587 1361 586 1361 637 1361 587 1362 637 1362 636 1362 643 1363 642 1363 665 1363 643 1364 665 1364 663 1364 664 1365 720 1365 667 1365 664 1366 666 1366 721 1366 664 1367 721 1367 720 1367 665 1368 722 1368 666 1368 665 1369 642 1369 641 1369 665 1370 641 1370 718 1370 665 1371 718 1371 723 1371 665 1372 723 1372 724 1372 665 1373 724 1373 722 1373 666 1374 722 1374 725 1374 666 1375 725 1375 721 1375 667 1376 720 1376 668 1376 668 1377 720 1377 726 1377 668 1378 726 1378 727 1378 668 1379 727 1379 682 1379 669 1380 679 1380 728 1380 669 1381 728 1381 729 1381 669 1382 729 1382 670 1382 670 1383 729 1383 730 1383 670 1384 730 1384 671 1384 671 1385 730 1385 731 1385 671 1386 731 1386 672 1386 672 1387 731 1387 732 1387 672 1388 732 1388 673 1388 673 1389 732 1389 733 1389 673 1390 733 1390 674 1390 674 1391 733 1391 675 1391 675 1392 733 1392 676 1392 676 1393 733 1393 734 1393 676 1394 734 1394 677 1394 652 1395 677 1395 680 1395 678 1396 681 1396 735 1396 678 1397 735 1397 736 1397 678 1398 736 1398 737 1398 678 1399 737 1399 738 1399 678 1400 738 1400 739 1400 678 1401 739 1401 679 1401 679 1402 739 1402 728 1402 680 1403 740 1403 684 1403 680 1404 677 1404 740 1404 681 1405 741 1405 735 1405 681 1406 683 1406 741 1406 682 1407 727 1407 741 1407 682 1408 741 1408 683 1408 684 1409 742 1409 685 1409 684 1410 740 1410 742 1410 685 1411 743 1411 686 1411 685 1412 742 1412 743 1412 686 1413 744 1413 694 1413 686 1414 694 1414 693 1414 686 1415 693 1415 692 1415 686 1416 692 1416 687 1416 686 1417 743 1417 744 1417 687 1418 692 1418 688 1418 584 1419 719 1419 585 1419 586 1420 639 1420 638 1420 586 1421 638 1421 637 1421 586 1422 585 1422 639 1422 720 1423 721 1423 745 1423 720 1424 745 1424 726 1424 721 1425 725 1425 746 1425 721 1426 746 1426 745 1426 722 1427 747 1427 725 1427 722 1428 724 1428 748 1428 722 1429 748 1429 747 1429 723 1430 718 1430 717 1430 723 1431 717 1431 749 1431 723 1432 749 1432 750 1432 723 1433 750 1433 751 1433 723 1434 751 1434 724 1434 725 1435 747 1435 746 1435 726 1436 745 1436 727 1436 727 1437 745 1437 752 1437 727 1438 752 1438 741 1438 729 1439 728 1439 753 1439 729 1440 753 1440 730 1440 730 1441 753 1441 754 1441 730 1442 754 1442 755 1442 730 1443 755 1443 731 1443 731 1444 756 1444 733 1444 731 1445 733 1445 732 1445 731 1446 755 1446 757 1446 731 1447 757 1447 756 1447 733 1448 758 1448 759 1448 733 1449 759 1449 760 1449 733 1450 760 1450 734 1450 733 1451 756 1451 761 1451 733 1452 761 1452 758 1452 677 1453 734 1453 762 1453 677 1454 762 1454 740 1454 735 1455 741 1455 763 1455 735 1456 763 1456 764 1456 735 1457 764 1457 765 1457 735 1458 765 1458 766 1458 735 1459 766 1459 736 1459 736 1460 766 1460 767 1460 736 1461 767 1461 768 1461 736 1462 768 1462 737 1462 737 1463 768 1463 769 1463 737 1464 769 1464 738 1464 738 1465 769 1465 770 1465 738 1466 770 1466 771 1466 738 1467 771 1467 739 1467 739 1468 771 1468 728 1468 728 1469 771 1469 753 1469 740 1470 762 1470 742 1470 741 1471 752 1471 763 1471 742 1472 772 1472 773 1472 742 1473 773 1473 743 1473 742 1474 762 1474 772 1474 743 1475 773 1475 774 1475 743 1476 774 1476 744 1476 744 1477 774 1477 694 1477 694 1478 774 1478 695 1478 719 1479 640 1479 585 1479 585 1480 640 1480 639 1480 745 1481 746 1481 752 1481 746 1482 747 1482 775 1482 746 1483 775 1483 752 1483 747 1484 748 1484 775 1484 724 1485 751 1485 776 1485 724 1486 776 1486 777 1486 724 1487 777 1487 778 1487 724 1488 778 1488 779 1488 724 1489 779 1489 748 1489 717 1490 716 1490 749 1490 749 1491 716 1491 780 1491 749 1492 780 1492 781 1492 749 1493 781 1493 750 1493 750 1494 781 1494 751 1494 751 1495 781 1495 782 1495 751 1496 782 1496 776 1496 752 1497 783 1497 763 1497 752 1498 775 1498 784 1498 752 1499 784 1499 785 1499 752 1500 785 1500 783 1500 753 1501 771 1501 786 1501 753 1502 786 1502 787 1502 753 1503 787 1503 788 1503 753 1504 788 1504 754 1504 754 1505 788 1505 755 1505 755 1506 788 1506 789 1506 755 1507 789 1507 757 1507 756 1508 757 1508 761 1508 758 1509 757 1509 759 1509 758 1510 761 1510 757 1510 759 1511 790 1511 791 1511 759 1512 791 1512 760 1512 759 1513 757 1513 790 1513 734 1514 760 1514 762 1514 762 1515 792 1515 772 1515 762 1516 760 1516 792 1516 763 1517 783 1517 764 1517 764 1518 783 1518 785 1518 764 1519 785 1519 793 1519 764 1520 793 1520 765 1520 765 1521 767 1521 766 1521 765 1522 793 1522 794 1522 765 1523 794 1523 795 1523 765 1524 795 1524 796 1524 765 1525 796 1525 797 1525 765 1526 797 1526 767 1526 767 1527 798 1527 768 1527 767 1528 797 1528 799 1528 767 1529 799 1529 800 1529 767 1530 800 1530 798 1530 768 1531 798 1531 769 1531 769 1532 798 1532 801 1532 769 1533 801 1533 770 1533 770 1534 801 1534 802 1534 770 1535 802 1535 787 1535 770 1536 787 1536 786 1536 770 1537 786 1537 771 1537 772 1538 803 1538 804 1538 772 1539 804 1539 773 1539 772 1540 792 1540 803 1540 773 1541 804 1541 805 1541 773 1542 805 1542 774 1542 774 1543 805 1543 697 1543 774 1544 697 1544 696 1544 774 1545 696 1545 695 1545 775 1546 806 1546 784 1546 775 1547 748 1547 779 1547 775 1548 779 1548 807 1548 775 1549 807 1549 808 1549 775 1550 808 1550 809 1550 775 1551 809 1551 810 1551 775 1552 810 1552 811 1552 775 1553 811 1553 806 1553 776 1554 782 1554 812 1554 776 1555 812 1555 777 1555 777 1556 812 1556 778 1556 778 1557 812 1557 813 1557 778 1558 813 1558 779 1558 779 1559 813 1559 807 1559 716 1560 715 1560 814 1560 716 1561 814 1561 780 1561 780 1562 815 1562 812 1562 780 1563 812 1563 781 1563 780 1564 814 1564 815 1564 781 1565 812 1565 782 1565 784 1566 806 1566 816 1566 784 1567 816 1567 817 1567 784 1568 817 1568 785 1568 785 1569 795 1569 794 1569 785 1570 794 1570 793 1570 785 1571 817 1571 795 1571 787 1572 802 1572 788 1572 788 1573 802 1573 789 1573 757 1574 789 1574 818 1574 757 1575 818 1575 790 1575 790 1576 818 1576 819 1576 790 1577 819 1577 791 1577 760 1578 791 1578 820 1578 760 1579 820 1579 792 1579 792 1580 820 1580 821 1580 792 1581 821 1581 803 1581 795 1582 822 1582 823 1582 795 1583 823 1583 824 1583 795 1584 824 1584 796 1584 795 1585 817 1585 816 1585 795 1586 816 1586 825 1586 795 1587 825 1587 822 1587 796 1588 824 1588 800 1588 796 1589 800 1589 797 1589 797 1590 800 1590 799 1590 798 1591 800 1591 826 1591 798 1592 826 1592 827 1592 798 1593 827 1593 801 1593 800 1594 828 1594 829 1594 800 1595 829 1595 830 1595 800 1596 830 1596 831 1596 800 1597 831 1597 832 1597 800 1598 832 1598 826 1598 800 1599 824 1599 823 1599 800 1600 823 1600 828 1600 801 1601 827 1601 802 1601 802 1602 827 1602 833 1602 802 1603 833 1603 834 1603 802 1604 834 1604 835 1604 802 1605 835 1605 836 1605 802 1606 836 1606 789 1606 803 1607 821 1607 837 1607 803 1608 837 1608 804 1608 804 1609 837 1609 838 1609 804 1610 838 1610 805 1610 805 1611 838 1611 697 1611 697 1612 838 1612 698 1612 806 1613 811 1613 816 1613 807 1614 813 1614 808 1614 808 1615 812 1615 815 1615 808 1616 815 1616 839 1616 808 1617 839 1617 840 1617 808 1618 840 1618 841 1618 808 1619 841 1619 825 1619 808 1620 825 1620 809 1620 808 1621 813 1621 812 1621 809 1622 825 1622 810 1622 810 1623 825 1623 816 1623 810 1624 816 1624 811 1624 715 1625 714 1625 814 1625 814 1626 714 1626 842 1626 814 1627 842 1627 815 1627 815 1628 842 1628 839 1628 789 1629 836 1629 843 1629 789 1630 843 1630 818 1630 818 1631 843 1631 844 1631 818 1632 844 1632 819 1632 791 1633 819 1633 845 1633 791 1634 845 1634 820 1634 820 1635 845 1635 846 1635 820 1636 846 1636 821 1636 821 1637 846 1637 837 1637 822 1638 825 1638 847 1638 822 1639 847 1639 823 1639 823 1640 847 1640 848 1640 823 1641 848 1641 849 1641 823 1642 849 1642 828 1642 826 1643 832 1643 833 1643 826 1644 833 1644 827 1644 828 1645 849 1645 850 1645 828 1646 850 1646 829 1646 829 1647 850 1647 851 1647 829 1648 851 1648 852 1648 829 1649 852 1649 853 1649 829 1650 853 1650 854 1650 829 1651 854 1651 855 1651 829 1652 855 1652 835 1652 829 1653 835 1653 830 1653 830 1654 835 1654 834 1654 830 1655 834 1655 831 1655 831 1656 834 1656 833 1656 831 1657 833 1657 832 1657 835 1658 855 1658 843 1658 835 1659 843 1659 836 1659 837 1660 856 1660 857 1660 837 1661 857 1661 838 1661 837 1662 846 1662 856 1662 838 1663 857 1663 699 1663 838 1664 699 1664 698 1664 839 1665 842 1665 858 1665 839 1666 858 1666 840 1666 841 1667 859 1667 848 1667 841 1668 848 1668 825 1668 841 1669 840 1669 860 1669 841 1670 860 1670 859 1670 825 1671 848 1671 847 1671 714 1672 713 1672 861 1672 714 1673 861 1673 842 1673 842 1674 861 1674 858 1674 843 1675 855 1675 854 1675 843 1676 854 1676 844 1676 819 1677 844 1677 845 1677 845 1678 862 1678 863 1678 845 1679 863 1679 846 1679 845 1680 844 1680 862 1680 846 1681 863 1681 856 1681 848 1682 859 1682 864 1682 848 1683 864 1683 849 1683 849 1684 864 1684 852 1684 849 1685 852 1685 851 1685 849 1686 851 1686 850 1686 853 1687 852 1687 865 1687 853 1688 865 1688 854 1688 856 1689 866 1689 867 1689 856 1690 867 1690 857 1690 856 1691 863 1691 866 1691 857 1692 867 1692 700 1692 857 1693 700 1693 699 1693 840 1694 858 1694 868 1694 840 1695 868 1695 860 1695 858 1696 861 1696 869 1696 858 1697 869 1697 870 1697 858 1698 870 1698 868 1698 859 1699 860 1699 871 1699 859 1700 871 1700 864 1700 713 1701 712 1701 869 1701 713 1702 869 1702 861 1702 844 1703 854 1703 872 1703 844 1704 872 1704 862 1704 862 1705 872 1705 873 1705 862 1706 873 1706 863 1706 863 1707 873 1707 874 1707 863 1708 874 1708 866 1708 864 1709 871 1709 875 1709 864 1710 875 1710 852 1710 852 1711 875 1711 865 1711 865 1712 872 1712 854 1712 865 1713 875 1713 876 1713 865 1714 876 1714 877 1714 865 1715 877 1715 872 1715 866 1716 874 1716 878 1716 866 1717 878 1717 867 1717 867 1718 878 1718 701 1718 867 1719 701 1719 700 1719 868 1720 879 1720 860 1720 868 1721 870 1721 880 1721 868 1722 880 1722 879 1722 860 1723 879 1723 881 1723 860 1724 881 1724 871 1724 869 1725 712 1725 870 1725 870 1726 712 1726 882 1726 870 1727 882 1727 880 1727 871 1728 881 1728 876 1728 871 1729 876 1729 875 1729 712 1730 711 1730 882 1730 872 1731 877 1731 873 1731 873 1732 877 1732 883 1732 873 1733 883 1733 874 1733 874 1734 883 1734 884 1734 874 1735 884 1735 704 1735 874 1736 704 1736 878 1736 876 1737 881 1737 885 1737 876 1738 885 1738 886 1738 876 1739 886 1739 877 1739 877 1740 886 1740 883 1740 878 1741 704 1741 703 1741 878 1742 703 1742 702 1742 878 1743 702 1743 701 1743 879 1744 880 1744 887 1744 879 1745 887 1745 881 1745 880 1746 882 1746 888 1746 880 1747 888 1747 887 1747 881 1748 887 1748 885 1748 882 1749 711 1749 710 1749 882 1750 710 1750 709 1750 882 1751 709 1751 888 1751 883 1752 886 1752 889 1752 883 1753 889 1753 884 1753 884 1754 889 1754 704 1754 704 1755 889 1755 705 1755 886 1756 885 1756 890 1756 886 1757 890 1757 889 1757 887 1758 888 1758 709 1758 887 1759 709 1759 891 1759 887 1760 891 1760 885 1760 885 1761 891 1761 890 1761 889 1762 890 1762 706 1762 889 1763 706 1763 705 1763 890 1764 891 1764 707 1764 890 1765 707 1765 706 1765 709 1766 708 1766 891 1766 891 1767 708 1767 707 1767 892 1768 893 1768 894 1768 892 1769 894 1769 895 1769 892 1770 895 1770 896 1770 892 1771 896 1771 897 1771 892 1772 897 1772 898 1772 892 1773 898 1773 899 1773 892 1774 899 1774 900 1774 892 1775 900 1775 901 1775 892 1776 901 1776 902 1776 892 1777 902 1777 903 1777 892 1778 903 1778 904 1778 892 1779 904 1779 905 1779 892 1780 905 1780 906 1780 892 1781 906 1781 907 1781 892 1782 907 1782 908 1782 892 1783 908 1783 909 1783 892 1784 909 1784 910 1784 892 1785 910 1785 911 1785 892 1786 911 1786 912 1786 892 1787 912 1787 913 1787 892 1788 913 1788 914 1788 892 1789 914 1789 915 1789 892 1790 915 1790 916 1790 892 1791 916 1791 917 1791 892 1792 917 1792 918 1792 892 1793 918 1793 919 1793 892 1794 919 1794 920 1794 892 1795 920 1795 921 1795 892 1796 921 1796 922 1796 892 1797 922 1797 923 1797 892 1798 923 1798 924 1798 892 1799 924 1799 925 1799 892 1800 925 1800 926 1800 892 1801 926 1801 927 1801 892 1802 927 1802 928 1802 892 1803 928 1803 929 1803 892 1804 929 1804 930 1804 892 1805 930 1805 931 1805 892 1806 931 1806 932 1806 892 1807 932 1807 933 1807 892 1808 933 1808 934 1808 892 1809 934 1809 935 1809 892 1810 935 1810 936 1810 892 1811 936 1811 893 1811 893 1812 937 1812 938 1812 893 1813 938 1813 939 1813 893 1814 939 1814 940 1814 893 1815 940 1815 897 1815 893 1816 897 1816 941 1816 893 1817 941 1817 895 1817 893 1818 895 1818 894 1818 893 1819 936 1819 942 1819 893 1820 942 1820 937 1820 935 1821 934 1821 936 1821 937 1822 942 1822 943 1822 937 1823 943 1823 944 1823 937 1824 944 1824 945 1824 937 1825 945 1825 946 1825 937 1826 946 1826 947 1826 937 1827 947 1827 948 1827 937 1828 948 1828 949 1828 937 1829 949 1829 950 1829 937 1830 950 1830 951 1830 937 1831 951 1831 952 1831 937 1832 952 1832 953 1832 937 1833 953 1833 954 1833 937 1834 954 1834 955 1834 937 1835 955 1835 956 1835 937 1836 956 1836 957 1836 937 1837 957 1837 958 1837 937 1838 958 1838 959 1838 937 1839 959 1839 939 1839 937 1840 939 1840 938 1840 939 1841 959 1841 940 1841 940 1842 898 1842 897 1842 940 1843 959 1843 899 1843 940 1844 899 1844 898 1844 897 1845 896 1845 941 1845 941 1846 896 1846 895 1846 936 1847 934 1847 933 1847 936 1848 933 1848 932 1848 936 1849 932 1849 931 1849 936 1850 931 1850 930 1850 936 1851 930 1851 942 1851 942 1852 930 1852 943 1852 959 1853 958 1853 902 1853 959 1854 902 1854 901 1854 959 1855 901 1855 900 1855 959 1856 900 1856 899 1856 930 1857 929 1857 960 1857 930 1858 960 1858 961 1858 930 1859 961 1859 943 1859 943 1860 961 1860 944 1860 958 1861 957 1861 902 1861 902 1862 957 1862 903 1862 929 1863 928 1863 960 1863 960 1864 946 1864 945 1864 960 1865 945 1865 944 1865 960 1866 944 1866 961 1866 960 1867 928 1867 927 1867 960 1868 927 1868 946 1868 957 1869 956 1869 903 1869 903 1870 956 1870 904 1870 946 1871 927 1871 947 1871 927 1872 926 1872 947 1872 956 1873 955 1873 905 1873 956 1874 905 1874 904 1874 947 1875 926 1875 948 1875 926 1876 925 1876 949 1876 926 1877 949 1877 948 1877 955 1878 954 1878 905 1878 905 1879 954 1879 906 1879 925 1880 924 1880 950 1880 925 1881 950 1881 949 1881 954 1882 962 1882 907 1882 954 1883 907 1883 906 1883 954 1884 953 1884 963 1884 954 1885 963 1885 964 1885 954 1886 964 1886 965 1886 954 1887 965 1887 966 1887 954 1888 966 1888 967 1888 954 1889 967 1889 968 1889 954 1890 968 1890 969 1890 954 1891 969 1891 970 1891 954 1892 970 1892 971 1892 954 1893 971 1893 972 1893 954 1894 972 1894 973 1894 954 1895 973 1895 974 1895 954 1896 974 1896 975 1896 954 1897 975 1897 976 1897 954 1898 976 1898 977 1898 954 1899 977 1899 978 1899 954 1900 978 1900 979 1900 954 1901 979 1901 962 1901 924 1902 923 1902 950 1902 950 1903 980 1903 951 1903 950 1904 923 1904 922 1904 950 1905 922 1905 980 1905 962 1906 979 1906 907 1906 907 1907 979 1907 978 1907 907 1908 978 1908 977 1908 907 1909 977 1909 976 1909 907 1910 976 1910 975 1910 907 1911 975 1911 908 1911 953 1912 952 1912 981 1912 953 1913 981 1913 963 1913 980 1914 982 1914 981 1914 980 1915 981 1915 951 1915 980 1916 922 1916 982 1916 951 1917 981 1917 952 1917 922 1918 921 1918 982 1918 908 1919 975 1919 974 1919 908 1920 974 1920 973 1920 908 1921 973 1921 909 1921 981 1922 982 1922 966 1922 981 1923 966 1923 965 1923 981 1924 965 1924 964 1924 981 1925 964 1925 963 1925 982 1926 967 1926 966 1926 982 1927 921 1927 920 1927 982 1928 920 1928 919 1928 982 1929 919 1929 918 1929 982 1930 918 1930 970 1930 982 1931 970 1931 969 1931 982 1932 969 1932 968 1932 982 1933 968 1933 967 1933 973 1934 972 1934 910 1934 973 1935 910 1935 909 1935 918 1936 917 1936 970 1936 970 1937 917 1937 971 1937 972 1938 971 1938 912 1938 972 1939 912 1939 911 1939 972 1940 911 1940 910 1940 917 1941 916 1941 971 1941 971 1942 916 1942 915 1942 971 1943 915 1943 914 1943 971 1944 914 1944 913 1944 971 1945 913 1945 912 1945 983 1946 984 1946 985 1946 983 1947 985 1947 986 1947 983 1948 986 1948 987 1948 983 1949 987 1949 988 1949 983 1950 988 1950 989 1950 983 1951 989 1951 990 1951 983 1952 990 1952 991 1952 983 1953 991 1953 992 1953 983 1954 992 1954 993 1954 983 1955 993 1955 994 1955 983 1956 994 1956 995 1956 983 1957 995 1957 996 1957 983 1958 996 1958 997 1958 983 1959 997 1959 998 1959 983 1960 998 1960 999 1960 983 1961 999 1961 1000 1961 983 1962 1000 1962 1001 1962 983 1963 1001 1963 1002 1963 983 1964 1002 1964 1003 1964 983 1965 1003 1965 1004 1965 983 1966 1004 1966 1005 1966 983 1967 1005 1967 1006 1967 983 1968 1006 1968 1007 1968 983 1969 1007 1969 1008 1969 983 1970 1008 1970 1009 1970 983 1971 1009 1971 1010 1971 983 1972 1010 1972 1011 1972 983 1973 1011 1973 1012 1973 983 1974 1012 1974 1013 1974 983 1975 1013 1975 1014 1975 983 1976 1014 1976 1015 1976 983 1977 1015 1977 1016 1977 983 1978 1016 1978 1017 1978 983 1979 1017 1979 1018 1979 983 1980 1018 1980 1019 1980 983 1981 1019 1981 1020 1981 983 1982 1020 1982 1021 1982 983 1983 1021 1983 1022 1983 983 1984 1022 1984 1023 1984 983 1985 1023 1985 1024 1985 983 1986 1024 1986 1025 1986 983 1987 1025 1987 1026 1987 983 1988 1026 1988 1027 1988 983 1989 1027 1989 1028 1989 983 1990 1028 1990 1029 1990 983 1991 1029 1991 1030 1991 983 1992 1030 1992 1031 1992 983 1993 1031 1993 1032 1993 983 1994 1032 1994 1033 1994 983 1995 1033 1995 1034 1995 983 1996 1034 1996 1035 1996 983 1997 1035 1997 1036 1997 983 1998 1036 1998 1037 1998 983 1999 1037 1999 1038 1999 983 2000 1038 2000 1039 2000 983 2001 1039 2001 1040 2001 983 2002 1040 2002 1041 2002 983 2003 1041 2003 1042 2003 983 2004 1042 2004 1043 2004 983 2005 1043 2005 1044 2005 983 2006 1044 2006 1045 2006 983 2007 1045 2007 1046 2007 983 2008 1046 2008 1047 2008 983 2009 1047 2009 1048 2009 983 2010 1048 2010 1049 2010 983 2011 1049 2011 1050 2011 983 2012 1050 2012 1051 2012 983 2013 1051 2013 1052 2013 983 2014 1052 2014 1053 2014 983 2015 1053 2015 1054 2015 983 2016 1054 2016 1055 2016 983 2017 1055 2017 1056 2017 983 2018 1056 2018 1057 2018 983 2019 1057 2019 1058 2019 983 2020 1058 2020 1059 2020 983 2021 1059 2021 1060 2021 983 2022 1060 2022 1061 2022 983 2023 1061 2023 1062 2023 983 2024 1062 2024 1063 2024 983 2025 1063 2025 1064 2025 983 2026 1064 2026 1065 2026 983 2027 1065 2027 1066 2027 983 2028 1066 2028 1067 2028 983 2029 1067 2029 1068 2029 983 2030 1068 2030 1069 2030 983 2031 1069 2031 1070 2031 983 2032 1070 2032 984 2032 984 2033 1070 2033 985 2033 985 2034 1071 2034 1072 2034 985 2035 1072 2035 1073 2035 985 2036 1073 2036 986 2036 985 2037 1070 2037 1074 2037 985 2038 1074 2038 1075 2038 985 2039 1075 2039 1071 2039 986 2040 1073 2040 987 2040 1070 2041 1069 2041 1074 2041 1071 2042 1076 2042 1077 2042 1071 2043 1077 2043 1072 2043 1071 2044 1075 2044 1078 2044 1071 2045 1078 2045 1076 2045 1072 2046 1077 2046 1079 2046 1072 2047 1079 2047 1080 2047 1072 2048 1080 2048 1073 2048 1073 2049 1080 2049 1081 2049 1073 2050 1081 2050 987 2050 1074 2051 1069 2051 1068 2051 1074 2052 1068 2052 1082 2052 1074 2053 1082 2053 1083 2053 1074 2054 1083 2054 1075 2054 1075 2055 1083 2055 1084 2055 1075 2056 1084 2056 1078 2056 987 2057 1081 2057 1085 2057 987 2058 1085 2058 988 2058 1076 2059 1078 2059 1086 2059 1076 2060 1086 2060 1087 2060 1076 2061 1087 2061 1088 2061 1076 2062 1088 2062 1077 2062 1077 2063 1088 2063 1089 2063 1077 2064 1089 2064 1090 2064 1077 2065 1090 2065 1079 2065 1078 2066 1084 2066 1086 2066 1079 2067 1091 2067 1080 2067 1079 2068 1090 2068 1091 2068 1080 2069 1091 2069 1092 2069 1080 2070 1092 2070 1093 2070 1080 2071 1093 2071 1081 2071 1081 2072 1093 2072 1085 2072 1068 2073 1067 2073 1082 2073 1082 2074 1067 2074 1066 2074 1082 2075 1066 2075 1065 2075 1082 2076 1065 2076 1094 2076 1082 2077 1094 2077 1095 2077 1082 2078 1095 2078 1096 2078 1082 2079 1096 2079 1097 2079 1082 2080 1097 2080 1083 2080 1083 2081 1097 2081 1084 2081 1084 2082 1097 2082 1098 2082 1084 2083 1098 2083 1086 2083 1085 2084 989 2084 988 2084 1085 2085 1093 2085 1092 2085 1085 2086 1092 2086 1099 2086 1085 2087 1099 2087 1100 2087 1085 2088 1100 2088 991 2088 1085 2089 991 2089 990 2089 1085 2090 990 2090 989 2090 1086 2091 1098 2091 1101 2091 1086 2092 1101 2092 1102 2092 1086 2093 1102 2093 1087 2093 1087 2094 1102 2094 1103 2094 1087 2095 1103 2095 1104 2095 1087 2096 1104 2096 1105 2096 1087 2097 1105 2097 1106 2097 1087 2098 1106 2098 1088 2098 1088 2099 1107 2099 1108 2099 1088 2100 1108 2100 1109 2100 1088 2101 1109 2101 1110 2101 1088 2102 1110 2102 1111 2102 1088 2103 1111 2103 1112 2103 1088 2104 1112 2104 1089 2104 1088 2105 1106 2105 1107 2105 1089 2106 1112 2106 1090 2106 1090 2107 1112 2107 1113 2107 1090 2108 1113 2108 1114 2108 1090 2109 1114 2109 1115 2109 1090 2110 1115 2110 1092 2110 1090 2111 1092 2111 1091 2111 1092 2112 1115 2112 1116 2112 1092 2113 1116 2113 1099 2113 1065 2114 1064 2114 1094 2114 1094 2115 1064 2115 1063 2115 1094 2116 1063 2116 1095 2116 1095 2117 1117 2117 1096 2117 1095 2118 1063 2118 1062 2118 1095 2119 1062 2119 1061 2119 1095 2120 1061 2120 1118 2120 1095 2121 1118 2121 1119 2121 1095 2122 1119 2122 1117 2122 1096 2123 1117 2123 1098 2123 1096 2124 1098 2124 1097 2124 1098 2125 1117 2125 1120 2125 1098 2126 1120 2126 1101 2126 1099 2127 1121 2127 991 2127 1099 2128 991 2128 1100 2128 1099 2129 1116 2129 1122 2129 1099 2130 1122 2130 1121 2130 991 2131 1121 2131 992 2131 1101 2132 1120 2132 1123 2132 1101 2133 1123 2133 1124 2133 1101 2134 1124 2134 1102 2134 1102 2135 1124 2135 1125 2135 1102 2136 1125 2136 1103 2136 1103 2137 1125 2137 1126 2137 1103 2138 1126 2138 1127 2138 1103 2139 1127 2139 1128 2139 1103 2140 1128 2140 1129 2140 1103 2141 1129 2141 1130 2141 1103 2142 1130 2142 1131 2142 1103 2143 1131 2143 1132 2143 1103 2144 1132 2144 1133 2144 1103 2145 1133 2145 1134 2145 1103 2146 1134 2146 1135 2146 1103 2147 1135 2147 1136 2147 1103 2148 1136 2148 1137 2148 1103 2149 1137 2149 1138 2149 1103 2150 1138 2150 1139 2150 1103 2151 1139 2151 1140 2151 1103 2152 1140 2152 1141 2152 1103 2153 1141 2153 1142 2153 1103 2154 1142 2154 1143 2154 1103 2155 1143 2155 1144 2155 1103 2156 1144 2156 1145 2156 1103 2157 1145 2157 1146 2157 1103 2158 1146 2158 1147 2158 1103 2159 1147 2159 1148 2159 1103 2160 1148 2160 1149 2160 1103 2161 1149 2161 1150 2161 1103 2162 1150 2162 1151 2162 1103 2163 1151 2163 1152 2163 1103 2164 1152 2164 1153 2164 1103 2165 1153 2165 1154 2165 1103 2166 1154 2166 1155 2166 1103 2167 1155 2167 1156 2167 1103 2168 1156 2168 1157 2168 1103 2169 1157 2169 1158 2169 1103 2170 1158 2170 1159 2170 1103 2171 1159 2171 1160 2171 1103 2172 1160 2172 1161 2172 1103 2173 1161 2173 1162 2173 1103 2174 1162 2174 1163 2174 1103 2175 1163 2175 1164 2175 1103 2176 1164 2176 1165 2176 1103 2177 1165 2177 1166 2177 1103 2178 1166 2178 1167 2178 1103 2179 1167 2179 1168 2179 1103 2180 1168 2180 1169 2180 1103 2181 1169 2181 1170 2181 1103 2182 1170 2182 1171 2182 1103 2183 1171 2183 1172 2183 1103 2184 1172 2184 1173 2184 1103 2185 1173 2185 1174 2185 1103 2186 1174 2186 1175 2186 1103 2187 1175 2187 1176 2187 1103 2188 1176 2188 1177 2188 1103 2189 1177 2189 1178 2189 1103 2190 1178 2190 1179 2190 1103 2191 1179 2191 1110 2191 1103 2192 1110 2192 1109 2192 1103 2193 1109 2193 1108 2193 1103 2194 1108 2194 1107 2194 1103 2195 1107 2195 1106 2195 1103 2196 1106 2196 1105 2196 1103 2197 1105 2197 1104 2197 1110 2198 1179 2198 1111 2198 1111 2199 1180 2199 1181 2199 1111 2200 1181 2200 1112 2200 1111 2201 1179 2201 1178 2201 1111 2202 1178 2202 1177 2202 1111 2203 1177 2203 1176 2203 1111 2204 1176 2204 1175 2204 1111 2205 1175 2205 1180 2205 1112 2206 1181 2206 1113 2206 1113 2207 1181 2207 1182 2207 1113 2208 1182 2208 1114 2208 1114 2209 1182 2209 1183 2209 1114 2210 1183 2210 1116 2210 1114 2211 1116 2211 1115 2211 1116 2212 1183 2212 1122 2212 1117 2213 1119 2213 1120 2213 1061 2214 1060 2214 1118 2214 1118 2215 1060 2215 1184 2215 1118 2216 1184 2216 1058 2216 1118 2217 1058 2217 1057 2217 1118 2218 1057 2218 1185 2218 1118 2219 1185 2219 1186 2219 1118 2220 1186 2220 1119 2220 1119 2221 1186 2221 1120 2221 1120 2222 1186 2222 1123 2222 1121 2223 1122 2223 992 2223 1122 2224 1183 2224 1187 2224 1122 2225 1187 2225 1188 2225 1122 2226 1188 2226 994 2226 1122 2227 994 2227 993 2227 1122 2228 993 2228 992 2228 1123 2229 1186 2229 1189 2229 1123 2230 1189 2230 1190 2230 1123 2231 1190 2231 1124 2231 1124 2232 1190 2232 1125 2232 1125 2233 1190 2233 1191 2233 1125 2234 1191 2234 1130 2234 1125 2235 1130 2235 1129 2235 1125 2236 1129 2236 1128 2236 1125 2237 1128 2237 1127 2237 1125 2238 1127 2238 1126 2238 1180 2239 1175 2239 1174 2239 1180 2240 1174 2240 1173 2240 1180 2241 1173 2241 1172 2241 1180 2242 1172 2242 1192 2242 1180 2243 1192 2243 1193 2243 1180 2244 1193 2244 1181 2244 1181 2245 1193 2245 1194 2245 1181 2246 1194 2246 1195 2246 1181 2247 1195 2247 1182 2247 1182 2248 1196 2248 1187 2248 1182 2249 1187 2249 1183 2249 1182 2250 1195 2250 1196 2250 1060 2251 1059 2251 1184 2251 1184 2252 1059 2252 1058 2252 1057 2253 1056 2253 1185 2253 1185 2254 1189 2254 1186 2254 1185 2255 1056 2255 1055 2255 1185 2256 1055 2256 1197 2256 1185 2257 1197 2257 1189 2257 1187 2258 1196 2258 1198 2258 1187 2259 1198 2259 1188 2259 1188 2260 1198 2260 994 2260 994 2261 1198 2261 995 2261 1189 2262 1197 2262 1199 2262 1189 2263 1199 2263 1190 2263 1190 2264 1199 2264 1200 2264 1190 2265 1200 2265 1201 2265 1190 2266 1201 2266 1202 2266 1190 2267 1202 2267 1191 2267 1191 2268 1202 2268 1203 2268 1191 2269 1203 2269 1204 2269 1191 2270 1204 2270 1130 2270 1130 2271 1204 2271 1131 2271 1172 2272 1171 2272 1192 2272 1192 2273 1205 2273 1206 2273 1192 2274 1206 2274 1193 2274 1192 2275 1171 2275 1205 2275 1193 2276 1206 2276 1207 2276 1193 2277 1207 2277 1208 2277 1193 2278 1208 2278 1209 2278 1193 2279 1209 2279 1194 2279 1194 2280 1209 2280 1195 2280 1195 2281 1209 2281 1210 2281 1195 2282 1210 2282 1211 2282 1195 2283 1211 2283 1196 2283 1196 2284 1212 2284 1198 2284 1196 2285 1211 2285 1212 2285 1055 2286 1054 2286 1197 2286 1197 2287 1054 2287 1213 2287 1197 2288 1213 2288 1199 2288 1198 2289 1212 2289 995 2289 995 2290 1212 2290 1214 2290 995 2291 1214 2291 996 2291 1199 2292 1213 2292 1215 2292 1199 2293 1215 2293 1200 2293 1200 2294 1215 2294 1216 2294 1200 2295 1216 2295 1201 2295 1201 2296 1203 2296 1202 2296 1201 2297 1216 2297 1217 2297 1201 2298 1217 2298 1218 2298 1201 2299 1218 2299 1219 2299 1201 2300 1219 2300 1203 2300 1203 2301 1220 2301 1204 2301 1203 2302 1219 2302 1221 2302 1203 2303 1221 2303 1222 2303 1203 2304 1222 2304 1220 2304 1204 2305 1220 2305 1131 2305 1131 2306 1220 2306 1132 2306 1171 2307 1170 2307 1205 2307 1205 2308 1170 2308 1169 2308 1205 2309 1169 2309 1168 2309 1205 2310 1168 2310 1167 2310 1205 2311 1167 2311 1223 2311 1205 2312 1223 2312 1224 2312 1205 2313 1224 2313 1206 2313 1206 2314 1224 2314 1207 2314 1207 2315 1224 2315 1225 2315 1207 2316 1225 2316 1226 2316 1207 2317 1226 2317 1208 2317 1208 2318 1226 2318 1227 2318 1208 2319 1227 2319 1228 2319 1208 2320 1228 2320 1209 2320 1209 2321 1228 2321 1229 2321 1209 2322 1229 2322 1210 2322 1210 2323 1229 2323 1230 2323 1210 2324 1230 2324 1211 2324 1211 2325 1230 2325 1231 2325 1211 2326 1231 2326 1214 2326 1211 2327 1214 2327 1212 2327 1054 2328 1053 2328 1213 2328 1213 2329 1053 2329 1052 2329 1213 2330 1052 2330 1051 2330 1213 2331 1051 2331 1050 2331 1213 2332 1050 2332 1232 2332 1213 2333 1232 2333 1215 2333 1214 2334 1231 2334 996 2334 996 2335 1231 2335 1230 2335 996 2336 1230 2336 997 2336 1215 2337 1232 2337 1216 2337 1216 2338 1232 2338 1217 2338 1217 2339 1232 2339 1233 2339 1217 2340 1233 2340 1234 2340 1217 2341 1234 2341 1235 2341 1217 2342 1235 2342 1218 2342 1218 2343 1235 2343 1219 2343 1219 2344 1235 2344 1236 2344 1219 2345 1236 2345 1221 2345 1220 2346 1237 2346 1135 2346 1220 2347 1135 2347 1134 2347 1220 2348 1134 2348 1133 2348 1220 2349 1133 2349 1132 2349 1220 2350 1222 2350 1237 2350 1221 2351 1236 2351 1238 2351 1221 2352 1238 2352 1222 2352 1222 2353 1238 2353 1239 2353 1222 2354 1239 2354 1237 2354 1167 2355 1166 2355 1223 2355 1223 2356 1166 2356 1165 2356 1223 2357 1165 2357 1240 2357 1223 2358 1240 2358 1241 2358 1223 2359 1241 2359 1224 2359 1224 2360 1242 2360 1243 2360 1224 2361 1243 2361 1244 2361 1224 2362 1244 2362 1225 2362 1224 2363 1241 2363 1242 2363 1225 2364 1244 2364 1245 2364 1225 2365 1245 2365 1226 2365 1226 2366 1245 2366 1227 2366 1227 2367 1246 2367 1229 2367 1227 2368 1229 2368 1228 2368 1227 2369 1245 2369 1246 2369 1229 2370 1246 2370 1230 2370 1230 2371 1246 2371 998 2371 1230 2372 998 2372 997 2372 1050 2373 1049 2373 1232 2373 1232 2374 1049 2374 1048 2374 1232 2375 1048 2375 1233 2375 1233 2376 1046 2376 1045 2376 1233 2377 1045 2377 1044 2377 1233 2378 1044 2378 1247 2378 1233 2379 1247 2379 1234 2379 1233 2380 1048 2380 1047 2380 1233 2381 1047 2381 1046 2381 1234 2382 1247 2382 1248 2382 1234 2383 1248 2383 1235 2383 1235 2384 1248 2384 1236 2384 1236 2385 1248 2385 1249 2385 1236 2386 1249 2386 1238 2386 1237 2387 1250 2387 1251 2387 1237 2388 1251 2388 1141 2388 1237 2389 1141 2389 1140 2389 1237 2390 1140 2390 1139 2390 1237 2391 1139 2391 1138 2391 1237 2392 1138 2392 1137 2392 1237 2393 1137 2393 1136 2393 1237 2394 1136 2394 1135 2394 1237 2395 1239 2395 1252 2395 1237 2396 1252 2396 1250 2396 1238 2397 1253 2397 1239 2397 1238 2398 1249 2398 1253 2398 1239 2399 1253 2399 1252 2399 1165 2400 1164 2400 1240 2400 1240 2401 1254 2401 1255 2401 1240 2402 1255 2402 1241 2402 1240 2403 1164 2403 1163 2403 1240 2404 1163 2404 1162 2404 1240 2405 1162 2405 1254 2405 1241 2406 1255 2406 1256 2406 1241 2407 1256 2407 1242 2407 1242 2408 1257 2408 1258 2408 1242 2409 1258 2409 1259 2409 1242 2410 1259 2410 1243 2410 1242 2411 1256 2411 1257 2411 1243 2412 1259 2412 1004 2412 1243 2413 1004 2413 1003 2413 1243 2414 1003 2414 1245 2414 1243 2415 1245 2415 1244 2415 1245 2416 1003 2416 1002 2416 1245 2417 1002 2417 1001 2417 1245 2418 1001 2418 1260 2418 1245 2419 1260 2419 1261 2419 1245 2420 1261 2420 1246 2420 1246 2421 1261 2421 999 2421 1246 2422 999 2422 998 2422 1044 2423 1043 2423 1248 2423 1044 2424 1248 2424 1247 2424 1248 2425 1043 2425 1042 2425 1248 2426 1042 2426 1041 2426 1248 2427 1041 2427 1249 2427 1249 2428 1038 2428 1262 2428 1249 2429 1262 2429 1253 2429 1249 2430 1041 2430 1040 2430 1249 2431 1040 2431 1039 2431 1249 2432 1039 2432 1038 2432 1250 2433 1263 2433 1264 2433 1250 2434 1264 2434 1265 2434 1250 2435 1265 2435 1251 2435 1250 2436 1252 2436 1266 2436 1250 2437 1266 2437 1263 2437 1251 2438 1265 2438 1267 2438 1251 2439 1267 2439 1268 2439 1251 2440 1268 2440 1145 2440 1251 2441 1145 2441 1144 2441 1251 2442 1144 2442 1143 2442 1251 2443 1143 2443 1142 2443 1251 2444 1142 2444 1141 2444 1252 2445 1253 2445 1269 2445 1252 2446 1269 2446 1266 2446 1253 2447 1262 2447 1269 2447 1254 2448 1162 2448 1161 2448 1254 2449 1161 2449 1270 2449 1254 2450 1270 2450 1271 2450 1254 2451 1271 2451 1255 2451 1255 2452 1271 2452 1272 2452 1255 2453 1272 2453 1273 2453 1255 2454 1273 2454 1274 2454 1255 2455 1274 2455 1256 2455 1256 2456 1274 2456 1275 2456 1256 2457 1275 2457 1257 2457 1257 2458 1276 2458 1259 2458 1257 2459 1259 2459 1258 2459 1257 2460 1275 2460 1276 2460 1259 2461 1006 2461 1005 2461 1259 2462 1005 2462 1004 2462 1259 2463 1276 2463 1006 2463 1001 2464 1000 2464 1260 2464 1260 2465 1000 2465 1261 2465 1261 2466 1000 2466 999 2466 1038 2467 1037 2467 1262 2467 1262 2468 1037 2468 1277 2468 1262 2469 1277 2469 1269 2469 1263 2470 1278 2470 1279 2470 1263 2471 1279 2471 1280 2471 1263 2472 1280 2472 1264 2472 1263 2473 1266 2473 1281 2473 1263 2474 1281 2474 1282 2474 1263 2475 1282 2475 1278 2475 1264 2476 1280 2476 1265 2476 1266 2477 1269 2477 1283 2477 1266 2478 1283 2478 1281 2478 1265 2479 1280 2479 1267 2479 1267 2480 1280 2480 1284 2480 1267 2481 1284 2481 1285 2481 1267 2482 1285 2482 1268 2482 1268 2483 1285 2483 1145 2483 1145 2484 1285 2484 1146 2484 1269 2485 1277 2485 1283 2485 1161 2486 1160 2486 1270 2486 1270 2487 1286 2487 1271 2487 1270 2488 1160 2488 1159 2488 1270 2489 1159 2489 1286 2489 1271 2490 1287 2490 1288 2490 1271 2491 1288 2491 1289 2491 1271 2492 1289 2492 1272 2492 1271 2493 1286 2493 1290 2493 1271 2494 1290 2494 1287 2494 1272 2495 1289 2495 1273 2495 1273 2496 1291 2496 1292 2496 1273 2497 1292 2497 1274 2497 1273 2498 1289 2498 1293 2498 1273 2499 1293 2499 1291 2499 1274 2500 1292 2500 1294 2500 1274 2501 1294 2501 1275 2501 1275 2502 1294 2502 1276 2502 1276 2503 1008 2503 1007 2503 1276 2504 1007 2504 1006 2504 1276 2505 1294 2505 1295 2505 1276 2506 1295 2506 1296 2506 1276 2507 1296 2507 1297 2507 1276 2508 1297 2508 1009 2508 1276 2509 1009 2509 1008 2509 1037 2510 1036 2510 1277 2510 1277 2511 1036 2511 1298 2511 1277 2512 1298 2512 1299 2512 1277 2513 1299 2513 1283 2513 1278 2514 1300 2514 1279 2514 1278 2515 1282 2515 1301 2515 1278 2516 1301 2516 1300 2516 1279 2517 1300 2517 1302 2517 1279 2518 1302 2518 1280 2518 1280 2519 1303 2519 1304 2519 1280 2520 1304 2520 1284 2520 1280 2521 1302 2521 1303 2521 1281 2522 1283 2522 1299 2522 1281 2523 1299 2523 1282 2523 1282 2524 1299 2524 1301 2524 1284 2525 1304 2525 1305 2525 1284 2526 1305 2526 1285 2526 1285 2527 1305 2527 1306 2527 1285 2528 1306 2528 1307 2528 1285 2529 1307 2529 1308 2529 1285 2530 1308 2530 1150 2530 1285 2531 1150 2531 1149 2531 1285 2532 1149 2532 1148 2532 1285 2533 1148 2533 1147 2533 1285 2534 1147 2534 1146 2534 1286 2535 1159 2535 1158 2535 1286 2536 1158 2536 1157 2536 1286 2537 1157 2537 1156 2537 1286 2538 1156 2538 1155 2538 1286 2539 1155 2539 1309 2539 1286 2540 1309 2540 1290 2540 1287 2541 1310 2541 1288 2541 1287 2542 1290 2542 1310 2542 1288 2543 1311 2543 1289 2543 1288 2544 1310 2544 1312 2544 1288 2545 1312 2545 1313 2545 1288 2546 1313 2546 1311 2546 1289 2547 1311 2547 1314 2547 1289 2548 1314 2548 1293 2548 1290 2549 1309 2549 1315 2549 1290 2550 1315 2550 1316 2550 1290 2551 1316 2551 1317 2551 1290 2552 1317 2552 1310 2552 1291 2553 1293 2553 1314 2553 1291 2554 1314 2554 1318 2554 1291 2555 1318 2555 1295 2555 1291 2556 1295 2556 1294 2556 1291 2557 1294 2557 1292 2557 1295 2558 1013 2558 1012 2558 1295 2559 1012 2559 1011 2559 1295 2560 1011 2560 1010 2560 1295 2561 1010 2561 1296 2561 1295 2562 1318 2562 1013 2562 1296 2563 1010 2563 1297 2563 1297 2564 1010 2564 1009 2564 1036 2565 1035 2565 1299 2565 1036 2566 1299 2566 1298 2566 1299 2567 1035 2567 1319 2567 1299 2568 1319 2568 1301 2568 1300 2569 1320 2569 1302 2569 1300 2570 1301 2570 1320 2570 1301 2571 1319 2571 1033 2571 1301 2572 1033 2572 1032 2572 1301 2573 1032 2573 1031 2573 1301 2574 1031 2574 1321 2574 1301 2575 1321 2575 1322 2575 1301 2576 1322 2576 1320 2576 1302 2577 1320 2577 1303 2577 1303 2578 1323 2578 1324 2578 1303 2579 1324 2579 1304 2579 1303 2580 1320 2580 1323 2580 1304 2581 1324 2581 1325 2581 1304 2582 1325 2582 1305 2582 1305 2583 1326 2583 1306 2583 1305 2584 1325 2584 1326 2584 1306 2585 1326 2585 1327 2585 1306 2586 1327 2586 1328 2586 1306 2587 1328 2587 1027 2587 1306 2588 1027 2588 1026 2588 1306 2589 1026 2589 1329 2589 1306 2590 1329 2590 1330 2590 1306 2591 1330 2591 1331 2591 1306 2592 1331 2592 1332 2592 1306 2593 1332 2593 1317 2593 1306 2594 1317 2594 1316 2594 1306 2595 1316 2595 1315 2595 1306 2596 1315 2596 1333 2596 1306 2597 1333 2597 1308 2597 1306 2598 1308 2598 1307 2598 1308 2599 1151 2599 1150 2599 1308 2600 1333 2600 1151 2600 1155 2601 1154 2601 1309 2601 1309 2602 1154 2602 1333 2602 1309 2603 1333 2603 1315 2603 1310 2604 1331 2604 1334 2604 1310 2605 1334 2605 1312 2605 1310 2606 1317 2606 1332 2606 1310 2607 1332 2607 1331 2607 1311 2608 1020 2608 1019 2608 1311 2609 1019 2609 1018 2609 1311 2610 1018 2610 1314 2610 1311 2611 1313 2611 1020 2611 1312 2612 1334 2612 1335 2612 1312 2613 1335 2613 1313 2613 1313 2614 1022 2614 1021 2614 1313 2615 1021 2615 1020 2615 1313 2616 1335 2616 1022 2616 1314 2617 1018 2617 1017 2617 1314 2618 1017 2618 1318 2618 1318 2619 1017 2619 1016 2619 1318 2620 1016 2620 1015 2620 1318 2621 1015 2621 1014 2621 1318 2622 1014 2622 1013 2622 1035 2623 1034 2623 1319 2623 1319 2624 1034 2624 1033 2624 1320 2625 1322 2625 1031 2625 1320 2626 1031 2626 1030 2626 1320 2627 1030 2627 1323 2627 1031 2628 1322 2628 1321 2628 1323 2629 1029 2629 1028 2629 1323 2630 1028 2630 1336 2630 1323 2631 1336 2631 1337 2631 1323 2632 1337 2632 1324 2632 1323 2633 1030 2633 1029 2633 1324 2634 1337 2634 1325 2634 1325 2635 1337 2635 1327 2635 1325 2636 1327 2636 1326 2636 1151 2637 1333 2637 1152 2637 1333 2638 1154 2638 1153 2638 1333 2639 1153 2639 1152 2639 1331 2640 1330 2640 1334 2640 1334 2641 1330 2641 1335 2641 1335 2642 1330 2642 1329 2642 1335 2643 1329 2643 1025 2643 1335 2644 1025 2644 1024 2644 1335 2645 1024 2645 1023 2645 1335 2646 1023 2646 1022 2646 1028 2647 1027 2647 1328 2647 1028 2648 1328 2648 1338 2648 1028 2649 1338 2649 1336 2649 1336 2650 1338 2650 1337 2650 1337 2651 1338 2651 1328 2651 1337 2652 1328 2652 1327 2652 1329 2653 1026 2653 1025 2653 1339 2654 1340 2654 1341 2654 1339 2655 1341 2655 1342 2655 1339 2656 1342 2656 1343 2656 1339 2657 1343 2657 1344 2657 1339 2658 1344 2658 1345 2658 1339 2659 1345 2659 1346 2659 1339 2660 1346 2660 1347 2660 1339 2661 1347 2661 1340 2661 1340 2662 1348 2662 1349 2662 1340 2663 1349 2663 1341 2663 1340 2664 1347 2664 1350 2664 1340 2665 1350 2665 1348 2665 1342 2666 1341 2666 1351 2666 1342 2667 1351 2667 1352 2667 1342 2668 1352 2668 1353 2668 1342 2669 1353 2669 1343 2669 1343 2670 1353 2670 1354 2670 1343 2671 1354 2671 1355 2671 1343 2672 1355 2672 1344 2672 1344 2673 1355 2673 1356 2673 1344 2674 1356 2674 1357 2674 1344 2675 1357 2675 1345 2675 1345 2676 1357 2676 1358 2676 1345 2677 1358 2677 1359 2677 1345 2678 1359 2678 1346 2678 1346 2679 1359 2679 1360 2679 1346 2680 1360 2680 1361 2680 1346 2681 1361 2681 1347 2681 1348 2682 1362 2682 1363 2682 1348 2683 1363 2683 1349 2683 1348 2684 1350 2684 1364 2684 1348 2685 1364 2685 1362 2685 1349 2686 1363 2686 1365 2686 1349 2687 1365 2687 1366 2687 1349 2688 1366 2688 1367 2688 1349 2689 1367 2689 1341 2689 1341 2690 1367 2690 1351 2690 1347 2691 1361 2691 1368 2691 1347 2692 1368 2692 1350 2692 1350 2693 1368 2693 1369 2693 1350 2694 1369 2694 1370 2694 1350 2695 1370 2695 1364 2695 1352 2696 1351 2696 1371 2696 1352 2697 1371 2697 1372 2697 1352 2698 1372 2698 1373 2698 1352 2699 1373 2699 1353 2699 1353 2700 1373 2700 1374 2700 1353 2701 1374 2701 1375 2701 1353 2702 1375 2702 1354 2702 1354 2703 1375 2703 1376 2703 1354 2704 1376 2704 1377 2704 1354 2705 1377 2705 1355 2705 1355 2706 1377 2706 1378 2706 1355 2707 1378 2707 1356 2707 1356 2708 1378 2708 1379 2708 1356 2709 1379 2709 1380 2709 1356 2710 1380 2710 1357 2710 1357 2711 1380 2711 1381 2711 1357 2712 1381 2712 1358 2712 1358 2713 1381 2713 1382 2713 1358 2714 1382 2714 1383 2714 1358 2715 1383 2715 1359 2715 1359 2716 1383 2716 1384 2716 1359 2717 1384 2717 1385 2717 1359 2718 1385 2718 1360 2718 1360 2719 1385 2719 1386 2719 1360 2720 1386 2720 1387 2720 1360 2721 1387 2721 1361 2721 1362 2722 1388 2722 1363 2722 1362 2723 1364 2723 1388 2723 1363 2724 1389 2724 1365 2724 1363 2725 1388 2725 1390 2725 1363 2726 1390 2726 1389 2726 1364 2727 1391 2727 1392 2727 1364 2728 1392 2728 1388 2728 1364 2729 1370 2729 1391 2729 1365 2730 1389 2730 1366 2730 1366 2731 1393 2731 1394 2731 1366 2732 1394 2732 1395 2732 1366 2733 1395 2733 1367 2733 1366 2734 1389 2734 1396 2734 1366 2735 1396 2735 1393 2735 1367 2736 1395 2736 1351 2736 1351 2737 1395 2737 1371 2737 1361 2738 1387 2738 1397 2738 1361 2739 1397 2739 1398 2739 1361 2740 1398 2740 1368 2740 1368 2741 1398 2741 1369 2741 1369 2742 1398 2742 1399 2742 1369 2743 1399 2743 1400 2743 1369 2744 1400 2744 1401 2744 1369 2745 1401 2745 1402 2745 1369 2746 1402 2746 1403 2746 1369 2747 1403 2747 1391 2747 1369 2748 1391 2748 1370 2748 1372 2749 1371 2749 1404 2749 1372 2750 1404 2750 1405 2750 1372 2751 1405 2751 1406 2751 1372 2752 1406 2752 1373 2752 1373 2753 1406 2753 1374 2753 1374 2754 1406 2754 1407 2754 1374 2755 1407 2755 1408 2755 1374 2756 1408 2756 1409 2756 1374 2757 1409 2757 1410 2757 1374 2758 1410 2758 1375 2758 1375 2759 1410 2759 1411 2759 1375 2760 1411 2760 1376 2760 1376 2761 1411 2761 1412 2761 1376 2762 1412 2762 1377 2762 1377 2763 1412 2763 1413 2763 1377 2764 1413 2764 1414 2764 1377 2765 1414 2765 1378 2765 1378 2766 1414 2766 1379 2766 1379 2767 1414 2767 1415 2767 1379 2768 1415 2768 1380 2768 1380 2769 1415 2769 1416 2769 1380 2770 1416 2770 1381 2770 1381 2771 1416 2771 1417 2771 1381 2772 1417 2772 1418 2772 1381 2773 1418 2773 1382 2773 1382 2774 1418 2774 1419 2774 1382 2775 1419 2775 1420 2775 1382 2776 1420 2776 1383 2776 1383 2777 1420 2777 1384 2777 1384 2778 1420 2778 1421 2778 1384 2779 1421 2779 1422 2779 1384 2780 1422 2780 1423 2780 1384 2781 1423 2781 1424 2781 1384 2782 1424 2782 1425 2782 1384 2783 1425 2783 1385 2783 1385 2784 1425 2784 1386 2784 1386 2785 1425 2785 1426 2785 1386 2786 1426 2786 1427 2786 1386 2787 1427 2787 1387 2787 1388 2788 1392 2788 1391 2788 1388 2789 1391 2789 1403 2789 1388 2790 1403 2790 1402 2790 1388 2791 1402 2791 1401 2791 1388 2792 1401 2792 1400 2792 1388 2793 1400 2793 1428 2793 1388 2794 1428 2794 1429 2794 1388 2795 1429 2795 1430 2795 1388 2796 1430 2796 1431 2796 1388 2797 1431 2797 1432 2797 1388 2798 1432 2798 1433 2798 1388 2799 1433 2799 1434 2799 1388 2800 1434 2800 1435 2800 1388 2801 1435 2801 1436 2801 1388 2802 1436 2802 1437 2802 1388 2803 1437 2803 1438 2803 1388 2804 1438 2804 1439 2804 1388 2805 1439 2805 1440 2805 1388 2806 1440 2806 1441 2806 1388 2807 1441 2807 1442 2807 1388 2808 1442 2808 1443 2808 1388 2809 1443 2809 1444 2809 1388 2810 1444 2810 1445 2810 1388 2811 1445 2811 1446 2811 1388 2812 1446 2812 1447 2812 1388 2813 1447 2813 1448 2813 1388 2814 1448 2814 1449 2814 1388 2815 1449 2815 1450 2815 1388 2816 1450 2816 1451 2816 1388 2817 1451 2817 1452 2817 1388 2818 1452 2818 1453 2818 1388 2819 1453 2819 1454 2819 1388 2820 1454 2820 1455 2820 1388 2821 1455 2821 1456 2821 1388 2822 1456 2822 1457 2822 1388 2823 1457 2823 1458 2823 1388 2824 1458 2824 1459 2824 1388 2825 1459 2825 1460 2825 1388 2826 1460 2826 1461 2826 1388 2827 1461 2827 1462 2827 1388 2828 1462 2828 1463 2828 1388 2829 1463 2829 1464 2829 1388 2830 1464 2830 1465 2830 1388 2831 1465 2831 1466 2831 1388 2832 1466 2832 1467 2832 1388 2833 1467 2833 1468 2833 1388 2834 1468 2834 1469 2834 1388 2835 1469 2835 1470 2835 1388 2836 1470 2836 1471 2836 1388 2837 1471 2837 1472 2837 1388 2838 1472 2838 1473 2838 1388 2839 1473 2839 1474 2839 1388 2840 1474 2840 1475 2840 1388 2841 1475 2841 1476 2841 1388 2842 1476 2842 1477 2842 1388 2843 1477 2843 1478 2843 1388 2844 1478 2844 1479 2844 1388 2845 1479 2845 1480 2845 1388 2846 1480 2846 1481 2846 1388 2847 1481 2847 1482 2847 1388 2848 1482 2848 1483 2848 1388 2849 1483 2849 1484 2849 1388 2850 1484 2850 1485 2850 1388 2851 1485 2851 1486 2851 1388 2852 1486 2852 1487 2852 1388 2853 1487 2853 1488 2853 1388 2854 1488 2854 1489 2854 1388 2855 1489 2855 1490 2855 1388 2856 1490 2856 1491 2856 1388 2857 1491 2857 1492 2857 1388 2858 1492 2858 1493 2858 1388 2859 1493 2859 1494 2859 1388 2860 1494 2860 1495 2860 1388 2861 1495 2861 1496 2861 1388 2862 1496 2862 1497 2862 1388 2863 1497 2863 1498 2863 1388 2864 1498 2864 1499 2864 1388 2865 1499 2865 1500 2865 1388 2866 1500 2866 1501 2866 1388 2867 1501 2867 1502 2867 1388 2868 1502 2868 1393 2868 1388 2869 1393 2869 1396 2869 1388 2870 1396 2870 1389 2870 1388 2871 1389 2871 1390 2871 1393 2872 1502 2872 1394 2872 1394 2873 1503 2873 1504 2873 1394 2874 1504 2874 1395 2874 1394 2875 1502 2875 1505 2875 1394 2876 1505 2876 1503 2876 1395 2877 1504 2877 1371 2877 1371 2878 1504 2878 1404 2878 1387 2879 1427 2879 1397 2879 1397 2880 1427 2880 1506 2880 1397 2881 1506 2881 1507 2881 1397 2882 1507 2882 1508 2882 1397 2883 1508 2883 1509 2883 1397 2884 1509 2884 1399 2884 1397 2885 1399 2885 1398 2885 1399 2886 1509 2886 1510 2886 1399 2887 1510 2887 1400 2887 1400 2888 1510 2888 1428 2888 1405 2889 1404 2889 1511 2889 1405 2890 1511 2890 1512 2890 1405 2891 1512 2891 1406 2891 1406 2892 1512 2892 1407 2892 1407 2893 1512 2893 1513 2893 1407 2894 1513 2894 1408 2894 1408 2895 1513 2895 1514 2895 1408 2896 1514 2896 1409 2896 1409 2897 1514 2897 1515 2897 1409 2898 1515 2898 1516 2898 1409 2899 1516 2899 1517 2899 1409 2900 1517 2900 1518 2900 1409 2901 1518 2901 1519 2901 1409 2902 1519 2902 1520 2902 1409 2903 1520 2903 1410 2903 1410 2904 1520 2904 1521 2904 1410 2905 1521 2905 1522 2905 1410 2906 1522 2906 1411 2906 1411 2907 1522 2907 1412 2907 1412 2908 1522 2908 1523 2908 1412 2909 1523 2909 1413 2909 1413 2910 1523 2910 1524 2910 1413 2911 1524 2911 1525 2911 1413 2912 1525 2912 1526 2912 1413 2913 1526 2913 1527 2913 1413 2914 1527 2914 1528 2914 1413 2915 1528 2915 1414 2915 1414 2916 1528 2916 1415 2916 1415 2917 1528 2917 1529 2917 1415 2918 1529 2918 1530 2918 1415 2919 1530 2919 1416 2919 1416 2920 1530 2920 1417 2920 1417 2921 1530 2921 1531 2921 1417 2922 1531 2922 1532 2922 1417 2923 1532 2923 1533 2923 1417 2924 1533 2924 1534 2924 1417 2925 1534 2925 1418 2925 1418 2926 1534 2926 1419 2926 1419 2927 1534 2927 1535 2927 1419 2928 1535 2928 1420 2928 1420 2929 1535 2929 1536 2929 1420 2930 1536 2930 1537 2930 1420 2931 1537 2931 1421 2931 1421 2932 1538 2932 1423 2932 1421 2933 1423 2933 1422 2933 1421 2934 1537 2934 1539 2934 1421 2935 1539 2935 1538 2935 1423 2936 1507 2936 1506 2936 1423 2937 1506 2937 1424 2937 1423 2938 1538 2938 1540 2938 1423 2939 1540 2939 1507 2939 1424 2940 1506 2940 1427 2940 1424 2941 1427 2941 1426 2941 1424 2942 1426 2942 1425 2942 1502 2943 1501 2943 1505 2943 1503 2944 1541 2944 1542 2944 1503 2945 1542 2945 1504 2945 1503 2946 1505 2946 1541 2946 1504 2947 1542 2947 1511 2947 1504 2948 1511 2948 1404 2948 1505 2949 1500 2949 1499 2949 1505 2950 1499 2950 1498 2950 1505 2951 1498 2951 1543 2951 1505 2952 1543 2952 1544 2952 1505 2953 1544 2953 1545 2953 1505 2954 1545 2954 1546 2954 1505 2955 1546 2955 1541 2955 1505 2956 1501 2956 1500 2956 1507 2957 1540 2957 1547 2957 1507 2958 1547 2958 1508 2958 1508 2959 1547 2959 1510 2959 1508 2960 1510 2960 1509 2960 1510 2961 1430 2961 1429 2961 1510 2962 1429 2962 1428 2962 1510 2963 1547 2963 1548 2963 1510 2964 1548 2964 1549 2964 1510 2965 1549 2965 1430 2965 1512 2966 1511 2966 1542 2966 1512 2967 1542 2967 1513 2967 1513 2968 1542 2968 1550 2968 1513 2969 1550 2969 1551 2969 1513 2970 1551 2970 1514 2970 1514 2971 1551 2971 1515 2971 1515 2972 1551 2972 1552 2972 1515 2973 1552 2973 1553 2973 1515 2974 1553 2974 1516 2974 1516 2975 1553 2975 1554 2975 1516 2976 1554 2976 1517 2976 1517 2977 1554 2977 1555 2977 1517 2978 1555 2978 1518 2978 1518 2979 1555 2979 1556 2979 1518 2980 1556 2980 1519 2980 1519 2981 1556 2981 1557 2981 1519 2982 1557 2982 1558 2982 1519 2983 1558 2983 1559 2983 1519 2984 1559 2984 1560 2984 1519 2985 1560 2985 1561 2985 1519 2986 1561 2986 1520 2986 1520 2987 1562 2987 1522 2987 1520 2988 1522 2988 1521 2988 1520 2989 1561 2989 1562 2989 1522 2990 1562 2990 1523 2990 1523 2991 1562 2991 1524 2991 1524 2992 1561 2992 1560 2992 1524 2993 1560 2993 1525 2993 1524 2994 1562 2994 1561 2994 1525 2995 1560 2995 1563 2995 1525 2996 1563 2996 1564 2996 1525 2997 1564 2997 1565 2997 1525 2998 1565 2998 1566 2998 1525 2999 1566 2999 1567 2999 1525 3000 1567 3000 1526 3000 1526 3001 1567 3001 1568 3001 1526 3002 1568 3002 1527 3002 1527 3003 1569 3003 1528 3003 1527 3004 1568 3004 1569 3004 1528 3005 1569 3005 1570 3005 1528 3006 1570 3006 1571 3006 1528 3007 1571 3007 1572 3007 1528 3008 1572 3008 1573 3008 1528 3009 1573 3009 1529 3009 1529 3010 1573 3010 1574 3010 1529 3011 1574 3011 1530 3011 1530 3012 1574 3012 1531 3012 1531 3013 1574 3013 1532 3013 1532 3014 1574 3014 1575 3014 1532 3015 1575 3015 1576 3015 1532 3016 1576 3016 1577 3016 1532 3017 1577 3017 1578 3017 1532 3018 1578 3018 1579 3018 1532 3019 1579 3019 1580 3019 1532 3020 1580 3020 1533 3020 1533 3021 1580 3021 1581 3021 1533 3022 1581 3022 1534 3022 1534 3023 1581 3023 1582 3023 1534 3024 1582 3024 1535 3024 1535 3025 1582 3025 1536 3025 1536 3026 1582 3026 1583 3026 1536 3027 1583 3027 1584 3027 1536 3028 1584 3028 1585 3028 1536 3029 1585 3029 1586 3029 1536 3030 1586 3030 1537 3030 1537 3031 1586 3031 1539 3031 1538 3032 1539 3032 1587 3032 1538 3033 1587 3033 1540 3033 1539 3034 1586 3034 1588 3034 1539 3035 1588 3035 1589 3035 1539 3036 1589 3036 1587 3036 1541 3037 1546 3037 1542 3037 1542 3038 1546 3038 1550 3038 1498 3039 1497 3039 1590 3039 1498 3040 1590 3040 1543 3040 1543 3041 1590 3041 1544 3041 1544 3042 1591 3042 1592 3042 1544 3043 1592 3043 1546 3043 1544 3044 1546 3044 1545 3044 1544 3045 1590 3045 1593 3045 1544 3046 1593 3046 1594 3046 1544 3047 1594 3047 1591 3047 1546 3048 1592 3048 1595 3048 1546 3049 1595 3049 1596 3049 1546 3050 1596 3050 1550 3050 1540 3051 1587 3051 1548 3051 1540 3052 1548 3052 1547 3052 1430 3053 1549 3053 1431 3053 1548 3054 1587 3054 1597 3054 1548 3055 1597 3055 1598 3055 1548 3056 1598 3056 1549 3056 1549 3057 1598 3057 1597 3057 1549 3058 1597 3058 1599 3058 1549 3059 1599 3059 1600 3059 1549 3060 1600 3060 1601 3060 1549 3061 1601 3061 1434 3061 1549 3062 1434 3062 1433 3062 1549 3063 1433 3063 1432 3063 1549 3064 1432 3064 1431 3064 1551 3065 1550 3065 1596 3065 1551 3066 1596 3066 1552 3066 1552 3067 1596 3067 1595 3067 1552 3068 1595 3068 1553 3068 1553 3069 1595 3069 1592 3069 1553 3070 1592 3070 1554 3070 1554 3071 1592 3071 1591 3071 1554 3072 1591 3072 1555 3072 1555 3073 1591 3073 1602 3073 1555 3074 1602 3074 1603 3074 1555 3075 1603 3075 1556 3075 1556 3076 1603 3076 1604 3076 1556 3077 1604 3077 1605 3077 1556 3078 1605 3078 1557 3078 1557 3079 1605 3079 1606 3079 1557 3080 1606 3080 1558 3080 1558 3081 1606 3081 1607 3081 1558 3082 1607 3082 1608 3082 1558 3083 1608 3083 1609 3083 1558 3084 1609 3084 1559 3084 1559 3085 1563 3085 1560 3085 1559 3086 1609 3086 1563 3086 1563 3087 1609 3087 1610 3087 1563 3088 1610 3088 1565 3088 1563 3089 1565 3089 1564 3089 1565 3090 1610 3090 1611 3090 1565 3091 1611 3091 1612 3091 1565 3092 1612 3092 1613 3092 1565 3093 1613 3093 1566 3093 1566 3094 1613 3094 1614 3094 1566 3095 1614 3095 1567 3095 1567 3096 1615 3096 1616 3096 1567 3097 1616 3097 1568 3097 1567 3098 1614 3098 1615 3098 1568 3099 1616 3099 1569 3099 1569 3100 1616 3100 1570 3100 1573 3101 1572 3101 1617 3101 1573 3102 1617 3102 1574 3102 1574 3103 1617 3103 1575 3103 1575 3104 1617 3104 1618 3104 1575 3105 1618 3105 1576 3105 1576 3106 1618 3106 1619 3106 1576 3107 1619 3107 1620 3107 1576 3108 1620 3108 1621 3108 1576 3109 1621 3109 1577 3109 1577 3110 1621 3110 1622 3110 1577 3111 1622 3111 1623 3111 1577 3112 1623 3112 1578 3112 1578 3113 1623 3113 1624 3113 1578 3114 1624 3114 1625 3114 1578 3115 1625 3115 1626 3115 1578 3116 1626 3116 1579 3116 1579 3117 1626 3117 1580 3117 1580 3118 1626 3118 1581 3118 1581 3119 1583 3119 1582 3119 1581 3120 1626 3120 1627 3120 1581 3121 1627 3121 1583 3121 1583 3122 1627 3122 1628 3122 1583 3123 1628 3123 1584 3123 1584 3124 1629 3124 1585 3124 1584 3125 1628 3125 1630 3125 1584 3126 1630 3126 1629 3126 1585 3127 1631 3127 1586 3127 1585 3128 1629 3128 1631 3128 1586 3129 1631 3129 1632 3129 1586 3130 1632 3130 1588 3130 1587 3131 1589 3131 1597 3131 1588 3132 1632 3132 1633 3132 1588 3133 1633 3133 1589 3133 1497 3134 1496 3134 1634 3134 1497 3135 1634 3135 1590 3135 1590 3136 1634 3136 1635 3136 1590 3137 1635 3137 1594 3137 1590 3138 1594 3138 1593 3138 1591 3139 1594 3139 1602 3139 1594 3140 1636 3140 1602 3140 1594 3141 1635 3141 1637 3141 1594 3142 1637 3142 1638 3142 1594 3143 1638 3143 1639 3143 1594 3144 1639 3144 1636 3144 1597 3145 1633 3145 1640 3145 1597 3146 1640 3146 1641 3146 1597 3147 1641 3147 1600 3147 1597 3148 1600 3148 1599 3148 1597 3149 1589 3149 1633 3149 1600 3150 1641 3150 1642 3150 1600 3151 1642 3151 1643 3151 1600 3152 1643 3152 1601 3152 1601 3153 1643 3153 1644 3153 1601 3154 1644 3154 1435 3154 1601 3155 1435 3155 1434 3155 1603 3156 1602 3156 1636 3156 1603 3157 1636 3157 1604 3157 1604 3158 1636 3158 1639 3158 1604 3159 1639 3159 1605 3159 1605 3160 1639 3160 1638 3160 1605 3161 1638 3161 1606 3161 1606 3162 1638 3162 1645 3162 1606 3163 1645 3163 1607 3163 1607 3164 1645 3164 1646 3164 1607 3165 1646 3165 1647 3165 1607 3166 1647 3166 1648 3166 1607 3167 1648 3167 1608 3167 1608 3168 1648 3168 1609 3168 1609 3169 1648 3169 1649 3169 1609 3170 1649 3170 1650 3170 1609 3171 1650 3171 1651 3171 1609 3172 1651 3172 1652 3172 1609 3173 1652 3173 1611 3173 1609 3174 1611 3174 1610 3174 1611 3175 1652 3175 1613 3175 1611 3176 1613 3176 1612 3176 1613 3177 1653 3177 1654 3177 1613 3178 1654 3178 1655 3178 1613 3179 1655 3179 1656 3179 1613 3180 1656 3180 1614 3180 1613 3181 1652 3181 1653 3181 1614 3182 1656 3182 1657 3182 1614 3183 1657 3183 1615 3183 1615 3184 1658 3184 1659 3184 1615 3185 1659 3185 1616 3185 1615 3186 1657 3186 1658 3186 1616 3187 1659 3187 1570 3187 1570 3188 1659 3188 1660 3188 1570 3189 1660 3189 1661 3189 1570 3190 1661 3190 1662 3190 1570 3191 1662 3191 1571 3191 1572 3192 1663 3192 1664 3192 1572 3193 1664 3193 1617 3193 1572 3194 1571 3194 1663 3194 1617 3195 1664 3195 1665 3195 1617 3196 1665 3196 1618 3196 1618 3197 1665 3197 1666 3197 1618 3198 1666 3198 1619 3198 1619 3199 1666 3199 1667 3199 1619 3200 1667 3200 1620 3200 1620 3201 1667 3201 1668 3201 1620 3202 1668 3202 1669 3202 1620 3203 1669 3203 1621 3203 1621 3204 1669 3204 1622 3204 1622 3205 1669 3205 1670 3205 1622 3206 1670 3206 1671 3206 1622 3207 1671 3207 1623 3207 1623 3208 1671 3208 1624 3208 1624 3209 1671 3209 1672 3209 1624 3210 1672 3210 1625 3210 1625 3211 1672 3211 1673 3211 1625 3212 1673 3212 1626 3212 1626 3213 1673 3213 1627 3213 1627 3214 1673 3214 1674 3214 1627 3215 1674 3215 1675 3215 1627 3216 1675 3216 1628 3216 1628 3217 1675 3217 1676 3217 1628 3218 1676 3218 1630 3218 1629 3219 1630 3219 1642 3219 1629 3220 1642 3220 1641 3220 1629 3221 1641 3221 1640 3221 1629 3222 1640 3222 1631 3222 1630 3223 1676 3223 1677 3223 1630 3224 1677 3224 1642 3224 1631 3225 1640 3225 1633 3225 1631 3226 1633 3226 1632 3226 1496 3227 1495 3227 1634 3227 1634 3228 1495 3228 1678 3228 1634 3229 1678 3229 1679 3229 1634 3230 1679 3230 1637 3230 1634 3231 1637 3231 1635 3231 1637 3232 1679 3232 1680 3232 1637 3233 1680 3233 1638 3233 1638 3234 1680 3234 1645 3234 1642 3235 1677 3235 1681 3235 1642 3236 1681 3236 1643 3236 1643 3237 1681 3237 1644 3237 1644 3238 1681 3238 1682 3238 1644 3239 1682 3239 1683 3239 1644 3240 1683 3240 1438 3240 1644 3241 1438 3241 1437 3241 1644 3242 1437 3242 1436 3242 1644 3243 1436 3243 1435 3243 1645 3244 1680 3244 1646 3244 1647 3245 1646 3245 1684 3245 1647 3246 1684 3246 1649 3246 1647 3247 1649 3247 1648 3247 1649 3248 1684 3248 1685 3248 1649 3249 1685 3249 1650 3249 1650 3250 1685 3250 1686 3250 1650 3251 1686 3251 1687 3251 1650 3252 1687 3252 1652 3252 1650 3253 1652 3253 1651 3253 1652 3254 1687 3254 1653 3254 1653 3255 1688 3255 1689 3255 1653 3256 1689 3256 1654 3256 1653 3257 1687 3257 1688 3257 1655 3258 1690 3258 1691 3258 1655 3259 1691 3259 1692 3259 1655 3260 1692 3260 1693 3260 1655 3261 1693 3261 1656 3261 1655 3262 1654 3262 1690 3262 1656 3263 1693 3263 1694 3263 1656 3264 1694 3264 1657 3264 1657 3265 1694 3265 1658 3265 1658 3266 1695 3266 1660 3266 1658 3267 1660 3267 1659 3267 1658 3268 1694 3268 1695 3268 1660 3269 1696 3269 1661 3269 1660 3270 1695 3270 1696 3270 1661 3271 1697 3271 1662 3271 1661 3272 1696 3272 1697 3272 1662 3273 1698 3273 1571 3273 1662 3274 1697 3274 1698 3274 1571 3275 1698 3275 1699 3275 1571 3276 1699 3276 1700 3276 1571 3277 1700 3277 1701 3277 1571 3278 1701 3278 1663 3278 1663 3279 1702 3279 1703 3279 1663 3280 1703 3280 1704 3280 1663 3281 1704 3281 1664 3281 1663 3282 1701 3282 1702 3282 1664 3283 1704 3283 1705 3283 1664 3284 1705 3284 1665 3284 1665 3285 1705 3285 1706 3285 1665 3286 1706 3286 1707 3286 1665 3287 1707 3287 1666 3287 1666 3288 1707 3288 1667 3288 1667 3289 1707 3289 1708 3289 1667 3290 1708 3290 1709 3290 1667 3291 1709 3291 1710 3291 1667 3292 1710 3292 1668 3292 1668 3293 1710 3293 1711 3293 1668 3294 1711 3294 1712 3294 1668 3295 1712 3295 1669 3295 1669 3296 1712 3296 1670 3296 1670 3297 1712 3297 1713 3297 1670 3298 1713 3298 1714 3298 1670 3299 1714 3299 1715 3299 1670 3300 1715 3300 1716 3300 1670 3301 1716 3301 1717 3301 1670 3302 1717 3302 1671 3302 1671 3303 1718 3303 1672 3303 1671 3304 1717 3304 1718 3304 1672 3305 1719 3305 1720 3305 1672 3306 1720 3306 1721 3306 1672 3307 1721 3307 1673 3307 1672 3308 1718 3308 1719 3308 1673 3309 1721 3309 1674 3309 1674 3310 1721 3310 1722 3310 1674 3311 1722 3311 1676 3311 1674 3312 1676 3312 1675 3312 1676 3313 1722 3313 1723 3313 1676 3314 1723 3314 1677 3314 1495 3315 1494 3315 1678 3315 1678 3316 1494 3316 1724 3316 1678 3317 1724 3317 1725 3317 1678 3318 1725 3318 1726 3318 1678 3319 1726 3319 1680 3319 1678 3320 1680 3320 1679 3320 1680 3321 1726 3321 1725 3321 1680 3322 1725 3322 1685 3322 1680 3323 1685 3323 1684 3323 1680 3324 1684 3324 1646 3324 1677 3325 1723 3325 1681 3325 1681 3326 1723 3326 1682 3326 1682 3327 1723 3327 1727 3327 1682 3328 1727 3328 1683 3328 1683 3329 1439 3329 1438 3329 1683 3330 1727 3330 1728 3330 1683 3331 1728 3331 1439 3331 1685 3332 1729 3332 1686 3332 1685 3333 1725 3333 1729 3333 1687 3334 1686 3334 1730 3334 1687 3335 1730 3335 1688 3335 1688 3336 1730 3336 1731 3336 1688 3337 1731 3337 1689 3337 1654 3338 1689 3338 1732 3338 1654 3339 1732 3339 1733 3339 1654 3340 1733 3340 1690 3340 1690 3341 1733 3341 1691 3341 1691 3342 1733 3342 1734 3342 1691 3343 1734 3343 1735 3343 1691 3344 1735 3344 1692 3344 1692 3345 1735 3345 1736 3345 1692 3346 1736 3346 1737 3346 1692 3347 1737 3347 1738 3347 1692 3348 1738 3348 1739 3348 1692 3349 1739 3349 1693 3349 1693 3350 1739 3350 1694 3350 1694 3351 1739 3351 1740 3351 1694 3352 1740 3352 1695 3352 1695 3353 1740 3353 1741 3353 1695 3354 1741 3354 1696 3354 1696 3355 1741 3355 1742 3355 1696 3356 1742 3356 1697 3356 1697 3357 1742 3357 1743 3357 1697 3358 1743 3358 1698 3358 1698 3359 1743 3359 1699 3359 1699 3360 1744 3360 1700 3360 1699 3361 1743 3361 1744 3361 1700 3362 1745 3362 1703 3362 1700 3363 1703 3363 1702 3363 1700 3364 1702 3364 1701 3364 1700 3365 1744 3365 1746 3365 1700 3366 1746 3366 1745 3366 1703 3367 1745 3367 1747 3367 1703 3368 1747 3368 1748 3368 1703 3369 1748 3369 1749 3369 1703 3370 1749 3370 1750 3370 1703 3371 1750 3371 1751 3371 1703 3372 1751 3372 1705 3372 1703 3373 1705 3373 1704 3373 1705 3374 1751 3374 1752 3374 1705 3375 1752 3375 1753 3375 1705 3376 1753 3376 1706 3376 1706 3377 1753 3377 1708 3377 1706 3378 1708 3378 1707 3378 1708 3379 1753 3379 1754 3379 1708 3380 1754 3380 1709 3380 1710 3381 1755 3381 1756 3381 1710 3382 1756 3382 1711 3382 1710 3383 1709 3383 1757 3383 1710 3384 1757 3384 1755 3384 1711 3385 1756 3385 1758 3385 1711 3386 1758 3386 1759 3386 1711 3387 1759 3387 1712 3387 1712 3388 1759 3388 1713 3388 1713 3389 1759 3389 1760 3389 1713 3390 1760 3390 1714 3390 1714 3391 1760 3391 1761 3391 1714 3392 1761 3392 1762 3392 1714 3393 1762 3393 1715 3393 1715 3394 1762 3394 1763 3394 1715 3395 1763 3395 1716 3395 1716 3396 1763 3396 1717 3396 1717 3397 1763 3397 1764 3397 1717 3398 1764 3398 1765 3398 1717 3399 1765 3399 1718 3399 1718 3400 1765 3400 1719 3400 1719 3401 1766 3401 1767 3401 1719 3402 1767 3402 1720 3402 1719 3403 1765 3403 1768 3403 1719 3404 1768 3404 1766 3404 1720 3405 1767 3405 1769 3405 1720 3406 1769 3406 1721 3406 1721 3407 1769 3407 1722 3407 1722 3408 1769 3408 1770 3408 1722 3409 1770 3409 1723 3409 1494 3410 1493 3410 1771 3410 1494 3411 1771 3411 1724 3411 1724 3412 1729 3412 1725 3412 1724 3413 1771 3413 1729 3413 1723 3414 1770 3414 1727 3414 1727 3415 1770 3415 1772 3415 1727 3416 1772 3416 1773 3416 1727 3417 1773 3417 1728 3417 1439 3418 1728 3418 1440 3418 1728 3419 1443 3419 1442 3419 1728 3420 1442 3420 1441 3420 1728 3421 1441 3421 1440 3421 1728 3422 1773 3422 1774 3422 1728 3423 1774 3423 1775 3423 1728 3424 1775 3424 1776 3424 1728 3425 1776 3425 1777 3425 1728 3426 1777 3426 1443 3426 1729 3427 1771 3427 1686 3427 1686 3428 1771 3428 1730 3428 1730 3429 1771 3429 1778 3429 1730 3430 1778 3430 1731 3430 1689 3431 1731 3431 1779 3431 1689 3432 1779 3432 1732 3432 1732 3433 1779 3433 1780 3433 1732 3434 1780 3434 1733 3434 1733 3435 1780 3435 1781 3435 1733 3436 1781 3436 1734 3436 1734 3437 1781 3437 1782 3437 1734 3438 1782 3438 1783 3438 1734 3439 1783 3439 1735 3439 1735 3440 1783 3440 1784 3440 1735 3441 1784 3441 1736 3441 1736 3442 1784 3442 1785 3442 1736 3443 1785 3443 1786 3443 1736 3444 1786 3444 1737 3444 1737 3445 1786 3445 1787 3445 1737 3446 1787 3446 1788 3446 1737 3447 1788 3447 1789 3447 1737 3448 1789 3448 1790 3448 1737 3449 1790 3449 1791 3449 1737 3450 1791 3450 1738 3450 1738 3451 1791 3451 1792 3451 1738 3452 1792 3452 1739 3452 1739 3453 1792 3453 1793 3453 1739 3454 1793 3454 1740 3454 1740 3455 1793 3455 1741 3455 1741 3456 1794 3456 1795 3456 1741 3457 1795 3457 1742 3457 1741 3458 1793 3458 1792 3458 1741 3459 1792 3459 1794 3459 1742 3460 1795 3460 1743 3460 1743 3461 1795 3461 1796 3461 1743 3462 1796 3462 1797 3462 1743 3463 1797 3463 1798 3463 1743 3464 1798 3464 1799 3464 1743 3465 1799 3465 1800 3465 1743 3466 1800 3466 1801 3466 1743 3467 1801 3467 1802 3467 1743 3468 1802 3468 1803 3468 1743 3469 1803 3469 1466 3469 1743 3470 1466 3470 1465 3470 1743 3471 1465 3471 1804 3471 1743 3472 1804 3472 1805 3472 1743 3473 1805 3473 1806 3473 1743 3474 1806 3474 1807 3474 1743 3475 1807 3475 1808 3475 1743 3476 1808 3476 1809 3476 1743 3477 1809 3477 1810 3477 1743 3478 1810 3478 1811 3478 1743 3479 1811 3479 1812 3479 1743 3480 1812 3480 1813 3480 1743 3481 1813 3481 1814 3481 1743 3482 1814 3482 1746 3482 1743 3483 1746 3483 1744 3483 1745 3484 1746 3484 1747 3484 1746 3485 1814 3485 1815 3485 1746 3486 1815 3486 1747 3486 1747 3487 1815 3487 1748 3487 1748 3488 1815 3488 1816 3488 1748 3489 1816 3489 1749 3489 1749 3490 1816 3490 1750 3490 1750 3491 1817 3491 1818 3491 1750 3492 1818 3492 1819 3492 1750 3493 1819 3493 1751 3493 1750 3494 1816 3494 1817 3494 1751 3495 1819 3495 1820 3495 1751 3496 1820 3496 1752 3496 1752 3497 1820 3497 1821 3497 1752 3498 1821 3498 1753 3498 1753 3499 1821 3499 1754 3499 1709 3500 1754 3500 1822 3500 1709 3501 1822 3501 1823 3501 1709 3502 1823 3502 1757 3502 1754 3503 1824 3503 1822 3503 1754 3504 1821 3504 1824 3504 1755 3505 1757 3505 1825 3505 1755 3506 1825 3506 1826 3506 1755 3507 1826 3507 1756 3507 1756 3508 1826 3508 1827 3508 1756 3509 1827 3509 1828 3509 1756 3510 1828 3510 1758 3510 1759 3511 1758 3511 1829 3511 1759 3512 1829 3512 1760 3512 1760 3513 1829 3513 1830 3513 1760 3514 1830 3514 1761 3514 1761 3515 1830 3515 1831 3515 1761 3516 1831 3516 1762 3516 1762 3517 1831 3517 1832 3517 1762 3518 1832 3518 1763 3518 1763 3519 1832 3519 1833 3519 1763 3520 1833 3520 1764 3520 1764 3521 1833 3521 1834 3521 1764 3522 1834 3522 1765 3522 1765 3523 1834 3523 1835 3523 1765 3524 1835 3524 1768 3524 1766 3525 1836 3525 1772 3525 1766 3526 1772 3526 1767 3526 1766 3527 1768 3527 1835 3527 1766 3528 1835 3528 1836 3528 1767 3529 1772 3529 1770 3529 1767 3530 1770 3530 1769 3530 1493 3531 1492 3531 1837 3531 1493 3532 1837 3532 1771 3532 1771 3533 1837 3533 1838 3533 1771 3534 1838 3534 1839 3534 1771 3535 1839 3535 1778 3535 1772 3536 1836 3536 1774 3536 1772 3537 1774 3537 1773 3537 1443 3538 1777 3538 1444 3538 1774 3539 1836 3539 1775 3539 1775 3540 1835 3540 1834 3540 1775 3541 1834 3541 1776 3541 1775 3542 1836 3542 1835 3542 1776 3543 1834 3543 1833 3543 1776 3544 1833 3544 1832 3544 1776 3545 1832 3545 1840 3545 1776 3546 1840 3546 1777 3546 1777 3547 1445 3547 1444 3547 1777 3548 1840 3548 1841 3548 1777 3549 1841 3549 1842 3549 1777 3550 1842 3550 1445 3550 1731 3551 1778 3551 1779 3551 1779 3552 1778 3552 1780 3552 1780 3553 1778 3553 1781 3553 1781 3554 1778 3554 1843 3554 1781 3555 1843 3555 1782 3555 1783 3556 1782 3556 1844 3556 1783 3557 1844 3557 1784 3557 1784 3558 1844 3558 1845 3558 1784 3559 1845 3559 1785 3559 1785 3560 1845 3560 1846 3560 1785 3561 1846 3561 1847 3561 1785 3562 1847 3562 1787 3562 1785 3563 1787 3563 1786 3563 1787 3564 1847 3564 1788 3564 1788 3565 1847 3565 1848 3565 1788 3566 1848 3566 1849 3566 1788 3567 1849 3567 1789 3567 1789 3568 1849 3568 1790 3568 1790 3569 1850 3569 1851 3569 1790 3570 1851 3570 1852 3570 1790 3571 1852 3571 1791 3571 1790 3572 1849 3572 1850 3572 1791 3573 1852 3573 1797 3573 1791 3574 1797 3574 1796 3574 1791 3575 1796 3575 1794 3575 1791 3576 1794 3576 1792 3576 1794 3577 1796 3577 1795 3577 1814 3578 1813 3578 1815 3578 1815 3579 1813 3579 1853 3579 1815 3580 1853 3580 1854 3580 1815 3581 1854 3581 1816 3581 1816 3582 1854 3582 1855 3582 1816 3583 1855 3583 1817 3583 1817 3584 1856 3584 1818 3584 1817 3585 1855 3585 1856 3585 1818 3586 1856 3586 1857 3586 1818 3587 1857 3587 1819 3587 1819 3588 1857 3588 1820 3588 1820 3589 1858 3589 1821 3589 1820 3590 1857 3590 1858 3590 1821 3591 1858 3591 1824 3591 1757 3592 1823 3592 1825 3592 1822 3593 1824 3593 1859 3593 1822 3594 1859 3594 1860 3594 1822 3595 1860 3595 1823 3595 1824 3596 1858 3596 1861 3596 1824 3597 1861 3597 1859 3597 1826 3598 1825 3598 1454 3598 1826 3599 1454 3599 1453 3599 1826 3600 1453 3600 1452 3600 1826 3601 1452 3601 1451 3601 1826 3602 1451 3602 1827 3602 1827 3603 1862 3603 1828 3603 1827 3604 1451 3604 1450 3604 1827 3605 1450 3605 1862 3605 1828 3606 1862 3606 1842 3606 1828 3607 1842 3607 1863 3607 1828 3608 1863 3608 1758 3608 1758 3609 1863 3609 1864 3609 1758 3610 1864 3610 1829 3610 1829 3611 1864 3611 1830 3611 1830 3612 1864 3612 1831 3612 1831 3613 1864 3613 1832 3613 1832 3614 1864 3614 1840 3614 1492 3615 1491 3615 1837 3615 1837 3616 1489 3616 1838 3616 1837 3617 1491 3617 1490 3617 1837 3618 1490 3618 1489 3618 1838 3619 1865 3619 1839 3619 1838 3620 1489 3620 1488 3620 1838 3621 1488 3621 1487 3621 1838 3622 1487 3622 1486 3622 1838 3623 1486 3623 1485 3623 1838 3624 1485 3624 1865 3624 1839 3625 1865 3625 1866 3625 1839 3626 1866 3626 1778 3626 1778 3627 1866 3627 1843 3627 1840 3628 1864 3628 1841 3628 1445 3629 1842 3629 1446 3629 1841 3630 1864 3630 1842 3630 1842 3631 1864 3631 1863 3631 1842 3632 1862 3632 1448 3632 1842 3633 1448 3633 1447 3633 1842 3634 1447 3634 1446 3634 1843 3635 1844 3635 1782 3635 1843 3636 1866 3636 1867 3636 1843 3637 1867 3637 1868 3637 1843 3638 1868 3638 1844 3638 1844 3639 1868 3639 1845 3639 1845 3640 1868 3640 1846 3640 1847 3641 1846 3641 1869 3641 1847 3642 1869 3642 1848 3642 1848 3643 1869 3643 1870 3643 1848 3644 1870 3644 1849 3644 1849 3645 1870 3645 1871 3645 1849 3646 1871 3646 1850 3646 1850 3647 1871 3647 1872 3647 1850 3648 1872 3648 1851 3648 1851 3649 1872 3649 1800 3649 1851 3650 1800 3650 1799 3650 1851 3651 1799 3651 1798 3651 1851 3652 1798 3652 1852 3652 1852 3653 1798 3653 1797 3653 1813 3654 1812 3654 1853 3654 1853 3655 1812 3655 1811 3655 1853 3656 1811 3656 1873 3656 1853 3657 1873 3657 1874 3657 1853 3658 1874 3658 1854 3658 1854 3659 1874 3659 1875 3659 1854 3660 1875 3660 1855 3660 1855 3661 1875 3661 1876 3661 1855 3662 1876 3662 1856 3662 1856 3663 1877 3663 1878 3663 1856 3664 1878 3664 1879 3664 1856 3665 1879 3665 1857 3665 1856 3666 1876 3666 1880 3666 1856 3667 1880 3667 1877 3667 1857 3668 1879 3668 1858 3668 1858 3669 1881 3669 1861 3669 1858 3670 1879 3670 1882 3670 1858 3671 1882 3671 1881 3671 1823 3672 1860 3672 1883 3672 1823 3673 1883 3673 1884 3673 1823 3674 1884 3674 1825 3674 1825 3675 1884 3675 1455 3675 1825 3676 1455 3676 1454 3676 1859 3677 1861 3677 1885 3677 1859 3678 1885 3678 1886 3678 1859 3679 1886 3679 1860 3679 1861 3680 1881 3680 1885 3680 1862 3681 1450 3681 1449 3681 1862 3682 1449 3682 1448 3682 1865 3683 1485 3683 1484 3683 1865 3684 1484 3684 1866 3684 1866 3685 1484 3685 1483 3685 1866 3686 1483 3686 1482 3686 1866 3687 1482 3687 1481 3687 1866 3688 1481 3688 1480 3688 1866 3689 1480 3689 1887 3689 1866 3690 1887 3690 1867 3690 1867 3691 1887 3691 1888 3691 1867 3692 1888 3692 1868 3692 1868 3693 1870 3693 1869 3693 1868 3694 1869 3694 1846 3694 1868 3695 1888 3695 1889 3695 1868 3696 1889 3696 1871 3696 1868 3697 1871 3697 1870 3697 1871 3698 1889 3698 1872 3698 1872 3699 1889 3699 1800 3699 1811 3700 1810 3700 1873 3700 1873 3701 1810 3701 1809 3701 1873 3702 1809 3702 1890 3702 1873 3703 1890 3703 1891 3703 1873 3704 1891 3704 1874 3704 1874 3705 1891 3705 1875 3705 1875 3706 1892 3706 1876 3706 1875 3707 1891 3707 1892 3707 1876 3708 1892 3708 1893 3708 1876 3709 1893 3709 1880 3709 1877 3710 1880 3710 1894 3710 1877 3711 1894 3711 1895 3711 1877 3712 1895 3712 1896 3712 1877 3713 1896 3713 1897 3713 1877 3714 1897 3714 1878 3714 1878 3715 1897 3715 1879 3715 1879 3716 1897 3716 1898 3716 1879 3717 1898 3717 1899 3717 1879 3718 1899 3718 1882 3718 1880 3719 1893 3719 1894 3719 1881 3720 1882 3720 1899 3720 1881 3721 1899 3721 1900 3721 1881 3722 1900 3722 1901 3722 1881 3723 1901 3723 1885 3723 1860 3724 1886 3724 1902 3724 1860 3725 1902 3725 1883 3725 1883 3726 1902 3726 1903 3726 1883 3727 1903 3727 1904 3727 1883 3728 1904 3728 1905 3728 1883 3729 1905 3729 1884 3729 1884 3730 1905 3730 1906 3730 1884 3731 1906 3731 1455 3731 1455 3732 1906 3732 1905 3732 1455 3733 1905 3733 1456 3733 1885 3734 1901 3734 1907 3734 1885 3735 1907 3735 1886 3735 1480 3736 1479 3736 1887 3736 1887 3737 1479 3737 1478 3737 1887 3738 1478 3738 1888 3738 1888 3739 1908 3739 1802 3739 1888 3740 1802 3740 1801 3740 1888 3741 1801 3741 1909 3741 1888 3742 1909 3742 1889 3742 1888 3743 1478 3743 1477 3743 1888 3744 1477 3744 1476 3744 1888 3745 1476 3745 1475 3745 1888 3746 1475 3746 1908 3746 1889 3747 1909 3747 1800 3747 1800 3748 1909 3748 1801 3748 1809 3749 1808 3749 1890 3749 1890 3750 1808 3750 1807 3750 1890 3751 1807 3751 1910 3751 1890 3752 1910 3752 1911 3752 1890 3753 1911 3753 1891 3753 1891 3754 1911 3754 1912 3754 1891 3755 1912 3755 1892 3755 1892 3756 1912 3756 1913 3756 1892 3757 1913 3757 1893 3757 1893 3758 1913 3758 1914 3758 1893 3759 1914 3759 1894 3759 1894 3760 1914 3760 1915 3760 1894 3761 1915 3761 1895 3761 1895 3762 1915 3762 1916 3762 1895 3763 1916 3763 1896 3763 1896 3764 1916 3764 1917 3764 1896 3765 1917 3765 1897 3765 1897 3766 1917 3766 1918 3766 1897 3767 1918 3767 1898 3767 1898 3768 1918 3768 1919 3768 1898 3769 1919 3769 1899 3769 1899 3770 1919 3770 1920 3770 1899 3771 1920 3771 1900 3771 1900 3772 1920 3772 1907 3772 1900 3773 1907 3773 1901 3773 1886 3774 1907 3774 1902 3774 1902 3775 1907 3775 1920 3775 1902 3776 1920 3776 1919 3776 1902 3777 1919 3777 1921 3777 1902 3778 1921 3778 1922 3778 1902 3779 1922 3779 1904 3779 1902 3780 1904 3780 1903 3780 1904 3781 1456 3781 1905 3781 1904 3782 1922 3782 1923 3782 1904 3783 1923 3783 1458 3783 1904 3784 1458 3784 1457 3784 1904 3785 1457 3785 1456 3785 1908 3786 1803 3786 1802 3786 1908 3787 1475 3787 1474 3787 1908 3788 1474 3788 1473 3788 1908 3789 1473 3789 1472 3789 1908 3790 1472 3790 1471 3790 1908 3791 1471 3791 1470 3791 1908 3792 1470 3792 1469 3792 1908 3793 1469 3793 1468 3793 1908 3794 1468 3794 1467 3794 1908 3795 1467 3795 1803 3795 1910 3796 1807 3796 1806 3796 1910 3797 1806 3797 1805 3797 1910 3798 1805 3798 1924 3798 1910 3799 1924 3799 1925 3799 1910 3800 1925 3800 1911 3800 1911 3801 1926 3801 1912 3801 1911 3802 1925 3802 1926 3802 1912 3803 1927 3803 1928 3803 1912 3804 1928 3804 1913 3804 1912 3805 1926 3805 1927 3805 1913 3806 1928 3806 1929 3806 1913 3807 1929 3807 1914 3807 1914 3808 1929 3808 1915 3808 1915 3809 1929 3809 1916 3809 1916 3810 1929 3810 1917 3810 1917 3811 1929 3811 1930 3811 1917 3812 1930 3812 1931 3812 1917 3813 1931 3813 1918 3813 1918 3814 1931 3814 1919 3814 1919 3815 1931 3815 1921 3815 1921 3816 1931 3816 1923 3816 1921 3817 1923 3817 1922 3817 1923 3818 1931 3818 1930 3818 1923 3819 1930 3819 1932 3819 1923 3820 1932 3820 1460 3820 1923 3821 1460 3821 1459 3821 1923 3822 1459 3822 1458 3822 1803 3823 1467 3823 1466 3823 1805 3824 1804 3824 1933 3824 1805 3825 1933 3825 1924 3825 1924 3826 1933 3826 1925 3826 1925 3827 1933 3827 1926 3827 1926 3828 1933 3828 1934 3828 1926 3829 1934 3829 1927 3829 1927 3830 1935 3830 1928 3830 1927 3831 1934 3831 1935 3831 1928 3832 1935 3832 1932 3832 1928 3833 1932 3833 1936 3833 1928 3834 1936 3834 1929 3834 1929 3835 1936 3835 1932 3835 1929 3836 1932 3836 1937 3836 1929 3837 1937 3837 1930 3837 1930 3838 1937 3838 1932 3838 1932 3839 1461 3839 1460 3839 1932 3840 1935 3840 1462 3840 1932 3841 1462 3841 1461 3841 1804 3842 1465 3842 1933 3842 1933 3843 1465 3843 1464 3843 1933 3844 1464 3844 1463 3844 1933 3845 1463 3845 1934 3845 1934 3846 1462 3846 1935 3846 1934 3847 1463 3847 1462 3847 1938 3848 1939 3848 1940 3848 1938 3849 1940 3849 1941 3849 1938 3850 1941 3850 1942 3850 1938 3851 1942 3851 1943 3851 1938 3852 1943 3852 1944 3852 1938 3853 1944 3853 1945 3853 1938 3854 1945 3854 1946 3854 1938 3855 1946 3855 1947 3855 1938 3856 1947 3856 1948 3856 1938 3857 1948 3857 1949 3857 1938 3858 1949 3858 1950 3858 1938 3859 1950 3859 1951 3859 1938 3860 1951 3860 1952 3860 1938 3861 1952 3861 1953 3861 1938 3862 1953 3862 1954 3862 1938 3863 1954 3863 1955 3863 1938 3864 1955 3864 1956 3864 1938 3865 1956 3865 1957 3865 1938 3866 1957 3866 1958 3866 1938 3867 1958 3867 1959 3867 1938 3868 1959 3868 1960 3868 1938 3869 1960 3869 1961 3869 1938 3870 1961 3870 1962 3870 1938 3871 1962 3871 1963 3871 1938 3872 1963 3872 1939 3872 1939 3873 1963 3873 1964 3873 1939 3874 1964 3874 1965 3874 1939 3875 1965 3875 1966 3875 1939 3876 1966 3876 1967 3876 1939 3877 1967 3877 1968 3877 1939 3878 1968 3878 1969 3878 1939 3879 1969 3879 1970 3879 1939 3880 1970 3880 1971 3880 1939 3881 1971 3881 1972 3881 1939 3882 1972 3882 1973 3882 1939 3883 1973 3883 1940 3883 1951 3884 1950 3884 1974 3884 1951 3885 1974 3885 1975 3885 1951 3886 1975 3886 1976 3886 1951 3887 1976 3887 1952 3887 1962 3888 1961 3888 1964 3888 1962 3889 1964 3889 1963 3889 1940 3890 1973 3890 1977 3890 1940 3891 1977 3891 1941 3891 1950 3892 1949 3892 1974 3892 1974 3893 1978 3893 1979 3893 1974 3894 1979 3894 1975 3894 1974 3895 1949 3895 1948 3895 1974 3896 1948 3896 1947 3896 1974 3897 1947 3897 1978 3897 1975 3898 1979 3898 1976 3898 1976 3899 1979 3899 1980 3899 1976 3900 1980 3900 1981 3900 1976 3901 1981 3901 1952 3901 1952 3902 1981 3902 1982 3902 1952 3903 1982 3903 1983 3903 1952 3904 1983 3904 1984 3904 1952 3905 1984 3905 1985 3905 1952 3906 1985 3906 1953 3906 1961 3907 1960 3907 1964 3907 1964 3908 1960 3908 1959 3908 1964 3909 1959 3909 1958 3909 1964 3910 1958 3910 1986 3910 1964 3911 1986 3911 1987 3911 1964 3912 1987 3912 1988 3912 1964 3913 1988 3913 1989 3913 1964 3914 1989 3914 1985 3914 1964 3915 1985 3915 1984 3915 1964 3916 1984 3916 1983 3916 1964 3917 1983 3917 1982 3917 1964 3918 1982 3918 1990 3918 1964 3919 1990 3919 1991 3919 1964 3920 1991 3920 1992 3920 1964 3921 1992 3921 1993 3921 1964 3922 1993 3922 1994 3922 1964 3923 1994 3923 1995 3923 1964 3924 1995 3924 1996 3924 1964 3925 1996 3925 1965 3925 1941 3926 1997 3926 1942 3926 1941 3927 1977 3927 1998 3927 1941 3928 1998 3928 1999 3928 1941 3929 1999 3929 2000 3929 1941 3930 2000 3930 1997 3930 1973 3931 2001 3931 1977 3931 1973 3932 1972 3932 2001 3932 1977 3933 2001 3933 2002 3933 1977 3934 2002 3934 1998 3934 1978 3935 1947 3935 1946 3935 1978 3936 1946 3936 2003 3936 1978 3937 2003 3937 2004 3937 1978 3938 2004 3938 2005 3938 1978 3939 2005 3939 2006 3939 1978 3940 2006 3940 2007 3940 1978 3941 2007 3941 2008 3941 1978 3942 2008 3942 2009 3942 1978 3943 2009 3943 2010 3943 1978 3944 2010 3944 1980 3944 1978 3945 1980 3945 1979 3945 1980 3946 2010 3946 2011 3946 1980 3947 2011 3947 2012 3947 1980 3948 2012 3948 1981 3948 1981 3949 2012 3949 1982 3949 1982 3950 2012 3950 2011 3950 1982 3951 2011 3951 1990 3951 1985 3952 1989 3952 1954 3952 1985 3953 1954 3953 1953 3953 1958 3954 1957 3954 1988 3954 1958 3955 1988 3955 1987 3955 1958 3956 1987 3956 1986 3956 1965 3957 1996 3957 1966 3957 1997 3958 2013 3958 2014 3958 1997 3959 2014 3959 1943 3959 1997 3960 1943 3960 1942 3960 1997 3961 2000 3961 2013 3961 1998 3962 2002 3962 1999 3962 1999 3963 2002 3963 1971 3963 1999 3964 1971 3964 2000 3964 2000 3965 1971 3965 1970 3965 2000 3966 1970 3966 2015 3966 2000 3967 2015 3967 2016 3967 2000 3968 2016 3968 2013 3968 2001 3969 1972 3969 2002 3969 1972 3970 1971 3970 2002 3970 1946 3971 1945 3971 2017 3971 1946 3972 2017 3972 2004 3972 1946 3973 2004 3973 2003 3973 2004 3974 2017 3974 2018 3974 2004 3975 2018 3975 2005 3975 2005 3976 2018 3976 2019 3976 2005 3977 2019 3977 2020 3977 2005 3978 2020 3978 2008 3978 2005 3979 2008 3979 2006 3979 2006 3980 2008 3980 2007 3980 2008 3981 2021 3981 1994 3981 2008 3982 1994 3982 1993 3982 2008 3983 1993 3983 2009 3983 2008 3984 2020 3984 2022 3984 2008 3985 2022 3985 2023 3985 2008 3986 2023 3986 2024 3986 2008 3987 2024 3987 2015 3987 2008 3988 2015 3988 2025 3988 2008 3989 2025 3989 2021 3989 2009 3990 1993 3990 2010 3990 2010 3991 1993 3991 2011 3991 2011 3992 1993 3992 1992 3992 2011 3993 1992 3993 1991 3993 2011 3994 1991 3994 1990 3994 1989 3995 1988 3995 1956 3995 1989 3996 1956 3996 1955 3996 1989 3997 1955 3997 1954 3997 1957 3998 1956 3998 1988 3998 1966 3999 1996 3999 2026 3999 1966 4000 2026 4000 1967 4000 1996 4001 1995 4001 2026 4001 2013 4002 2016 4002 2027 4002 2013 4003 2027 4003 2028 4003 2013 4004 2028 4004 2014 4004 2014 4005 2028 4005 1943 4005 1943 4006 2028 4006 2029 4006 1943 4007 2029 4007 2030 4007 1943 4008 2030 4008 1944 4008 1970 4009 1969 4009 2025 4009 1970 4010 2025 4010 2015 4010 2015 4011 2024 4011 2031 4011 2015 4012 2031 4012 2032 4012 2015 4013 2032 4013 2016 4013 2016 4014 2032 4014 2027 4014 1945 4015 1944 4015 2033 4015 1945 4016 2033 4016 2034 4016 1945 4017 2034 4017 2035 4017 1945 4018 2035 4018 2017 4018 2017 4019 2035 4019 2018 4019 2018 4020 2036 4020 2019 4020 2018 4021 2035 4021 2037 4021 2018 4022 2037 4022 2036 4022 2019 4023 2036 4023 2023 4023 2019 4024 2023 4024 2020 4024 2020 4025 2023 4025 2022 4025 2021 4026 2038 4026 2026 4026 2021 4027 2026 4027 1995 4027 2021 4028 1995 4028 1994 4028 2021 4029 2025 4029 1968 4029 2021 4030 1968 4030 2039 4030 2021 4031 2039 4031 2038 4031 2023 4032 2036 4032 2040 4032 2023 4033 2040 4033 2041 4033 2023 4034 2041 4034 2042 4034 2023 4035 2042 4035 2043 4035 2023 4036 2043 4036 2044 4036 2023 4037 2044 4037 2024 4037 2024 4038 2044 4038 2045 4038 2024 4039 2045 4039 2046 4039 2024 4040 2046 4040 2031 4040 2025 4041 1969 4041 1968 4041 1967 4042 2039 4042 1968 4042 1967 4043 2026 4043 2038 4043 1967 4044 2038 4044 2039 4044 2027 4045 2029 4045 2028 4045 2027 4046 2032 4046 2029 4046 1944 4047 2030 4047 2046 4047 1944 4048 2046 4048 2047 4048 1944 4049 2047 4049 2048 4049 1944 4050 2048 4050 2049 4050 1944 4051 2049 4051 2050 4051 1944 4052 2050 4052 2051 4052 1944 4053 2051 4053 2033 4053 2029 4054 2032 4054 2052 4054 2029 4055 2052 4055 2053 4055 2029 4056 2053 4056 2030 4056 2030 4057 2053 4057 2054 4057 2030 4058 2054 4058 2055 4058 2030 4059 2055 4059 2046 4059 2031 4060 2046 4060 2054 4060 2031 4061 2054 4061 2032 4061 2032 4062 2054 4062 2052 4062 2033 4063 2051 4063 2034 4063 2034 4064 2051 4064 2037 4064 2034 4065 2037 4065 2035 4065 2036 4066 2037 4066 2051 4066 2036 4067 2051 4067 2040 4067 2040 4068 2051 4068 2050 4068 2040 4069 2050 4069 2041 4069 2041 4070 2050 4070 2056 4070 2041 4071 2056 4071 2042 4071 2042 4072 2056 4072 2043 4072 2043 4073 2056 4073 2057 4073 2043 4074 2057 4074 2045 4074 2043 4075 2045 4075 2044 4075 2045 4076 2057 4076 2047 4076 2045 4077 2047 4077 2046 4077 2046 4078 2055 4078 2054 4078 2047 4079 2057 4079 2056 4079 2047 4080 2056 4080 2048 4080 2048 4081 2056 4081 2050 4081 2048 4082 2050 4082 2049 4082 2052 4083 2054 4083 2053 4083 2058 4084 2059 4084 2060 4084 2058 4085 2060 4085 2061 4085 2058 4086 2061 4086 2062 4086 2058 4087 2062 4087 2063 4087 2058 4088 2063 4088 2064 4088 2058 4089 2064 4089 2065 4089 2058 4090 2065 4090 2066 4090 2058 4091 2066 4091 2067 4091 2058 4092 2067 4092 2068 4092 2058 4093 2068 4093 2069 4093 2058 4094 2069 4094 2070 4094 2058 4095 2070 4095 2071 4095 2058 4096 2071 4096 2072 4096 2058 4097 2072 4097 2073 4097 2058 4098 2073 4098 2074 4098 2058 4099 2074 4099 2075 4099 2058 4100 2075 4100 2076 4100 2058 4101 2076 4101 2077 4101 2058 4102 2077 4102 2059 4102 2059 4103 2078 4103 2079 4103 2059 4104 2079 4104 2080 4104 2059 4105 2080 4105 2060 4105 2059 4106 2077 4106 2081 4106 2059 4107 2081 4107 2078 4107 2060 4108 2080 4108 2061 4108 2061 4109 2080 4109 2082 4109 2061 4110 2082 4110 2083 4110 2061 4111 2083 4111 2084 4111 2061 4112 2084 4112 2062 4112 2062 4113 2084 4113 2063 4113 2077 4114 2076 4114 2085 4114 2077 4115 2085 4115 2081 4115 2078 4116 2081 4116 2079 4116 2079 4117 2081 4117 2086 4117 2079 4118 2086 4118 2080 4118 2080 4119 2087 4119 2082 4119 2080 4120 2086 4120 2088 4120 2080 4121 2088 4121 2089 4121 2080 4122 2089 4122 2090 4122 2080 4123 2090 4123 2091 4123 2080 4124 2091 4124 2087 4124 2081 4125 2085 4125 2086 4125 2082 4126 2087 4126 2092 4126 2082 4127 2092 4127 2093 4127 2082 4128 2093 4128 2083 4128 2083 4129 2094 4129 2084 4129 2083 4130 2093 4130 2095 4130 2083 4131 2095 4131 2096 4131 2083 4132 2096 4132 2097 4132 2083 4133 2097 4133 2098 4133 2083 4134 2098 4134 2094 4134 2084 4135 2094 4135 2098 4135 2084 4136 2098 4136 2064 4136 2084 4137 2064 4137 2063 4137 2076 4138 2075 4138 2099 4138 2076 4139 2099 4139 2085 4139 2085 4140 2099 4140 2086 4140 2086 4141 2100 4141 2088 4141 2086 4142 2099 4142 2101 4142 2086 4143 2101 4143 2102 4143 2086 4144 2102 4144 2103 4144 2086 4145 2103 4145 2100 4145 2087 4146 2091 4146 2104 4146 2087 4147 2104 4147 2092 4147 2088 4148 2100 4148 2089 4148 2089 4149 2100 4149 2090 4149 2090 4150 2100 4150 2104 4150 2090 4151 2104 4151 2091 4151 2092 4152 2104 4152 2105 4152 2092 4153 2105 4153 2106 4153 2092 4154 2106 4154 2093 4154 2093 4155 2106 4155 2107 4155 2093 4156 2107 4156 2095 4156 2095 4157 2107 4157 2108 4157 2095 4158 2108 4158 2109 4158 2095 4159 2109 4159 2096 4159 2096 4160 2109 4160 2110 4160 2096 4161 2110 4161 2111 4161 2096 4162 2111 4162 2112 4162 2096 4163 2112 4163 2097 4163 2097 4164 2112 4164 2065 4164 2097 4165 2065 4165 2098 4165 2098 4166 2065 4166 2064 4166 2075 4167 2074 4167 2113 4167 2075 4168 2113 4168 2114 4168 2075 4169 2114 4169 2099 4169 2099 4170 2114 4170 2113 4170 2099 4171 2113 4171 2074 4171 2099 4172 2074 4172 2073 4172 2099 4173 2073 4173 2115 4173 2099 4174 2115 4174 2116 4174 2099 4175 2116 4175 2117 4175 2099 4176 2117 4176 2118 4176 2099 4177 2118 4177 2119 4177 2099 4178 2119 4178 2103 4178 2099 4179 2103 4179 2102 4179 2099 4180 2102 4180 2101 4180 2100 4181 2103 4181 2119 4181 2100 4182 2119 4182 2104 4182 2104 4183 2119 4183 2118 4183 2104 4184 2118 4184 2120 4184 2104 4185 2120 4185 2121 4185 2104 4186 2121 4186 2122 4186 2104 4187 2122 4187 2123 4187 2104 4188 2123 4188 2105 4188 2105 4189 2123 4189 2106 4189 2106 4190 2123 4190 2124 4190 2106 4191 2124 4191 2107 4191 2107 4192 2124 4192 2108 4192 2108 4193 2124 4193 2109 4193 2109 4194 2124 4194 2125 4194 2109 4195 2125 4195 2110 4195 2110 4196 2125 4196 2126 4196 2110 4197 2126 4197 2127 4197 2110 4198 2127 4198 2128 4198 2110 4199 2128 4199 2129 4199 2110 4200 2129 4200 2130 4200 2110 4201 2130 4201 2131 4201 2110 4202 2131 4202 2111 4202 2111 4203 2131 4203 2066 4203 2111 4204 2066 4204 2112 4204 2112 4205 2066 4205 2065 4205 2123 4206 2122 4206 2132 4206 2123 4207 2132 4207 2124 4207 2124 4208 2132 4208 2133 4208 2124 4209 2133 4209 2125 4209 2125 4210 2133 4210 2126 4210 2126 4211 2133 4211 2134 4211 2126 4212 2134 4212 2135 4212 2126 4213 2135 4213 2127 4213 2127 4214 2068 4214 2067 4214 2127 4215 2067 4215 2128 4215 2127 4216 2135 4216 2068 4216 2128 4217 2067 4217 2129 4217 2129 4218 2067 4218 2066 4218 2129 4219 2066 4219 2130 4219 2130 4220 2066 4220 2131 4220 2073 4221 2072 4221 2136 4221 2073 4222 2136 4222 2137 4222 2073 4223 2137 4223 2138 4223 2073 4224 2138 4224 2139 4224 2073 4225 2139 4225 2140 4225 2073 4226 2140 4226 2141 4226 2073 4227 2141 4227 2142 4227 2073 4228 2142 4228 2143 4228 2073 4229 2143 4229 2121 4229 2073 4230 2121 4230 2120 4230 2073 4231 2120 4231 2115 4231 2118 4232 2117 4232 2120 4232 2122 4233 2121 4233 2143 4233 2122 4234 2143 4234 2144 4234 2122 4235 2144 4235 2145 4235 2122 4236 2145 4236 2133 4236 2122 4237 2133 4237 2132 4237 2133 4238 2145 4238 2134 4238 2134 4239 2145 4239 2146 4239 2134 4240 2146 4240 2147 4240 2134 4241 2147 4241 2148 4241 2134 4242 2148 4242 2135 4242 2135 4243 2148 4243 2069 4243 2135 4244 2069 4244 2068 4244 2115 4245 2120 4245 2116 4245 2072 4246 2071 4246 2136 4246 2117 4247 2116 4247 2120 4247 2143 4248 2142 4248 2144 4248 2144 4249 2142 4249 2145 4249 2145 4250 2142 4250 2141 4250 2145 4251 2141 4251 2149 4251 2145 4252 2149 4252 2146 4252 2146 4253 2149 4253 2139 4253 2146 4254 2139 4254 2138 4254 2146 4255 2138 4255 2150 4255 2146 4256 2150 4256 2147 4256 2147 4257 2069 4257 2148 4257 2147 4258 2150 4258 2070 4258 2147 4259 2070 4259 2069 4259 2071 4260 2151 4260 2152 4260 2071 4261 2152 4261 2136 4261 2071 4262 2070 4262 2150 4262 2071 4263 2150 4263 2151 4263 2136 4264 2152 4264 2137 4264 2141 4265 2140 4265 2149 4265 2149 4266 2140 4266 2139 4266 2138 4267 2137 4267 2151 4267 2138 4268 2151 4268 2150 4268 2151 4269 2137 4269 2152 4269 2153 4270 2154 4270 2155 4270 2153 4271 2155 4271 2156 4271 2153 4272 2156 4272 2157 4272 2153 4273 2157 4273 2158 4273 2153 4274 2158 4274 2159 4274 2153 4275 2159 4275 2160 4275 2153 4276 2160 4276 2161 4276 2153 4277 2161 4277 2162 4277 2153 4278 2162 4278 2163 4278 2153 4279 2163 4279 2164 4279 2153 4280 2164 4280 2165 4280 2153 4281 2165 4281 2166 4281 2153 4282 2166 4282 2167 4282 2153 4283 2167 4283 2168 4283 2153 4284 2168 4284 2169 4284 2153 4285 2169 4285 2170 4285 2153 4286 2170 4286 2171 4286 2153 4287 2171 4287 2172 4287 2153 4288 2172 4288 2173 4288 2153 4289 2173 4289 2174 4289 2153 4290 2174 4290 2175 4290 2153 4291 2175 4291 2176 4291 2153 4292 2176 4292 2177 4292 2153 4293 2177 4293 2154 4293 2154 4294 2177 4294 2178 4294 2154 4295 2178 4295 2179 4295 2154 4296 2179 4296 2180 4296 2154 4297 2180 4297 2181 4297 2154 4298 2181 4298 2182 4298 2154 4299 2182 4299 2183 4299 2154 4300 2183 4300 2184 4300 2154 4301 2184 4301 2155 4301 2155 4302 2184 4302 2156 4302 2156 4303 2184 4303 2183 4303 2156 4304 2183 4304 2157 4304 2170 4305 2169 4305 2185 4305 2170 4306 2185 4306 2171 4306 2177 4307 2176 4307 2178 4307 2157 4308 2183 4308 2182 4308 2157 4309 2182 4309 2181 4309 2157 4310 2181 4310 2180 4310 2157 4311 2180 4311 2158 4311 2169 4312 2168 4312 2185 4312 2185 4313 2186 4313 2187 4313 2185 4314 2187 4314 2188 4314 2185 4315 2188 4315 2189 4315 2185 4316 2189 4316 2190 4316 2185 4317 2190 4317 2191 4317 2185 4318 2191 4318 2192 4318 2185 4319 2192 4319 2193 4319 2185 4320 2193 4320 2194 4320 2185 4321 2194 4321 2195 4321 2185 4322 2195 4322 2196 4322 2185 4323 2196 4323 2197 4323 2185 4324 2197 4324 2180 4324 2185 4325 2180 4325 2179 4325 2185 4326 2179 4326 2198 4326 2185 4327 2198 4327 2199 4327 2185 4328 2199 4328 2200 4328 2185 4329 2200 4329 2201 4329 2185 4330 2201 4330 2202 4330 2185 4331 2202 4331 2203 4331 2185 4332 2203 4332 2171 4332 2185 4333 2168 4333 2167 4333 2185 4334 2167 4334 2186 4334 2171 4335 2203 4335 2202 4335 2171 4336 2202 4336 2172 4336 2176 4337 2175 4337 2199 4337 2176 4338 2199 4338 2198 4338 2176 4339 2198 4339 2179 4339 2176 4340 2179 4340 2178 4340 2158 4341 2180 4341 2159 4341 2180 4342 2197 4342 2160 4342 2180 4343 2160 4343 2159 4343 2186 4344 2167 4344 2187 4344 2167 4345 2166 4345 2187 4345 2202 4346 2201 4346 2172 4346 2172 4347 2201 4347 2173 4347 2175 4348 2174 4348 2199 4348 2199 4349 2174 4349 2200 4349 2197 4350 2196 4350 2160 4350 2160 4351 2196 4351 2161 4351 2187 4352 2166 4352 2165 4352 2187 4353 2165 4353 2164 4353 2187 4354 2164 4354 2163 4354 2187 4355 2163 4355 2188 4355 2201 4356 2200 4356 2174 4356 2201 4357 2174 4357 2173 4357 2196 4358 2195 4358 2161 4358 2161 4359 2195 4359 2194 4359 2161 4360 2194 4360 2193 4360 2161 4361 2193 4361 2192 4361 2161 4362 2192 4362 2191 4362 2161 4363 2191 4363 2190 4363 2161 4364 2190 4364 2162 4364 2188 4365 2163 4365 2162 4365 2188 4366 2162 4366 2189 4366 2190 4367 2189 4367 2162 4367 2204 4368 2205 4368 2206 4368 2204 4369 2206 4369 2207 4369 2204 4370 2207 4370 2208 4370 2204 4371 2208 4371 2209 4371 2204 4372 2209 4372 2210 4372 2204 4373 2210 4373 2211 4373 2204 4374 2211 4374 2212 4374 2204 4375 2212 4375 2213 4375 2204 4376 2213 4376 2214 4376 2204 4377 2214 4377 2215 4377 2204 4378 2215 4378 2216 4378 2204 4379 2216 4379 2217 4379 2204 4380 2217 4380 2218 4380 2204 4381 2218 4381 2219 4381 2204 4382 2219 4382 2220 4382 2204 4383 2220 4383 2221 4383 2204 4384 2221 4384 2222 4384 2204 4385 2222 4385 2223 4385 2204 4386 2223 4386 2224 4386 2204 4387 2224 4387 2225 4387 2204 4388 2225 4388 2226 4388 2204 4389 2226 4389 2227 4389 2204 4390 2227 4390 2228 4390 2204 4391 2228 4391 2229 4391 2204 4392 2229 4392 2230 4392 2204 4393 2230 4393 2231 4393 2204 4394 2231 4394 2232 4394 2204 4395 2232 4395 2233 4395 2204 4396 2233 4396 2234 4396 2204 4397 2234 4397 2235 4397 2204 4398 2235 4398 2236 4398 2204 4399 2236 4399 2205 4399 2205 4400 2236 4400 2206 4400 2206 4401 2237 4401 2238 4401 2206 4402 2238 4402 2239 4402 2206 4403 2239 4403 2240 4403 2206 4404 2240 4404 2241 4404 2206 4405 2241 4405 2242 4405 2206 4406 2242 4406 2243 4406 2206 4407 2243 4407 2244 4407 2206 4408 2244 4408 2245 4408 2206 4409 2245 4409 2246 4409 2206 4410 2246 4410 2247 4410 2206 4411 2247 4411 2248 4411 2206 4412 2248 4412 2249 4412 2206 4413 2249 4413 2250 4413 2206 4414 2250 4414 2251 4414 2206 4415 2251 4415 2252 4415 2206 4416 2252 4416 2253 4416 2206 4417 2253 4417 2254 4417 2206 4418 2254 4418 2255 4418 2206 4419 2255 4419 2219 4419 2206 4420 2219 4420 2218 4420 2206 4421 2218 4421 2256 4421 2206 4422 2256 4422 2209 4422 2206 4423 2209 4423 2208 4423 2206 4424 2208 4424 2207 4424 2206 4425 2236 4425 2235 4425 2206 4426 2235 4426 2237 4426 2209 4427 2256 4427 2213 4427 2209 4428 2213 4428 2212 4428 2209 4429 2212 4429 2211 4429 2209 4430 2211 4430 2210 4430 2220 4431 2219 4431 2255 4431 2220 4432 2255 4432 2254 4432 2220 4433 2254 4433 2253 4433 2220 4434 2253 4434 2252 4434 2220 4435 2252 4435 2221 4435 2237 4436 2235 4436 2234 4436 2237 4437 2234 4437 2233 4437 2237 4438 2233 4438 2238 4438 2256 4439 2217 4439 2216 4439 2256 4440 2216 4440 2215 4440 2256 4441 2215 4441 2214 4441 2256 4442 2214 4442 2213 4442 2256 4443 2218 4443 2217 4443 2252 4444 2251 4444 2221 4444 2221 4445 2251 4445 2250 4445 2221 4446 2250 4446 2249 4446 2221 4447 2249 4447 2222 4447 2238 4448 2233 4448 2239 4448 2233 4449 2232 4449 2239 4449 2222 4450 2249 4450 2248 4450 2222 4451 2248 4451 2247 4451 2222 4452 2247 4452 2223 4452 2239 4453 2232 4453 2257 4453 2239 4454 2257 4454 2240 4454 2232 4455 2231 4455 2257 4455 2223 4456 2247 4456 2246 4456 2223 4457 2246 4457 2245 4457 2223 4458 2245 4458 2244 4458 2223 4459 2244 4459 2224 4459 2240 4460 2257 4460 2258 4460 2240 4461 2258 4461 2241 4461 2257 4462 2231 4462 2258 4462 2231 4463 2230 4463 2258 4463 2224 4464 2259 4464 2225 4464 2224 4465 2244 4465 2259 4465 2244 4466 2243 4466 2259 4466 2241 4467 2258 4467 2260 4467 2241 4468 2260 4468 2261 4468 2241 4469 2261 4469 2242 4469 2258 4470 2230 4470 2229 4470 2258 4471 2229 4471 2260 4471 2259 4472 2243 4472 2262 4472 2259 4473 2262 4473 2263 4473 2259 4474 2263 4474 2260 4474 2259 4475 2260 4475 2226 4475 2259 4476 2226 4476 2225 4476 2243 4477 2242 4477 2261 4477 2243 4478 2261 4478 2263 4478 2243 4479 2263 4479 2262 4479 2260 4480 2263 4480 2261 4480 2260 4481 2229 4481 2228 4481 2260 4482 2228 4482 2227 4482 2260 4483 2227 4483 2226 4483 2264 4484 2265 4484 2266 4484 2264 4485 2266 4485 2267 4485 2264 4486 2267 4486 2268 4486 2264 4487 2268 4487 2269 4487 2264 4488 2269 4488 2270 4488 2264 4489 2270 4489 2271 4489 2264 4490 2271 4490 2265 4490 2265 4491 2272 4491 2273 4491 2265 4492 2273 4492 2266 4492 2265 4493 2271 4493 2272 4493 2267 4494 2266 4494 2274 4494 2267 4495 2274 4495 2268 4495 2269 4496 2268 4496 2275 4496 2269 4497 2275 4497 2276 4497 2269 4498 2276 4498 2277 4498 2269 4499 2277 4499 2278 4499 2269 4500 2278 4500 2270 4500 2270 4501 2278 4501 2279 4501 2270 4502 2279 4502 2271 4502 2272 4503 2280 4503 2281 4503 2272 4504 2281 4504 2273 4504 2272 4505 2271 4505 2282 4505 2272 4506 2282 4506 2280 4506 2266 4507 2273 4507 2274 4507 2271 4508 2279 4508 2282 4508 2268 4509 2274 4509 2283 4509 2268 4510 2283 4510 2275 4510 2274 4511 2284 4511 2285 4511 2274 4512 2285 4512 2286 4512 2274 4513 2286 4513 2283 4513 2274 4514 2273 4514 2284 4514 2276 4515 2275 4515 2287 4515 2276 4516 2287 4516 2288 4516 2276 4517 2288 4517 2289 4517 2276 4518 2289 4518 2290 4518 2276 4519 2290 4519 2291 4519 2276 4520 2291 4520 2292 4520 2276 4521 2292 4521 2277 4521 2277 4522 2292 4522 2293 4522 2277 4523 2293 4523 2278 4523 2278 4524 2293 4524 2294 4524 2278 4525 2294 4525 2295 4525 2278 4526 2295 4526 2279 4526 2280 4527 2282 4527 2296 4527 2280 4528 2296 4528 2297 4528 2280 4529 2297 4529 2298 4529 2280 4530 2298 4530 2299 4530 2280 4531 2299 4531 2300 4531 2280 4532 2300 4532 2281 4532 2273 4533 2281 4533 2301 4533 2273 4534 2301 4534 2302 4534 2273 4535 2302 4535 2284 4535 2282 4536 2279 4536 2296 4536 2279 4537 2295 4537 2297 4537 2279 4538 2297 4538 2296 4538 2275 4539 2283 4539 2303 4539 2275 4540 2303 4540 2304 4540 2275 4541 2304 4541 2305 4541 2275 4542 2305 4542 2306 4542 2275 4543 2306 4543 2287 4543 2283 4544 2286 4544 2307 4544 2283 4545 2307 4545 2303 4545 2284 4546 2302 4546 2308 4546 2284 4547 2308 4547 2285 4547 2285 4548 2308 4548 2309 4548 2285 4549 2309 4549 2310 4549 2285 4550 2310 4550 2286 4550 2286 4551 2310 4551 2311 4551 2286 4552 2311 4552 2307 4552 2287 4553 2306 4553 2312 4553 2287 4554 2312 4554 2313 4554 2287 4555 2313 4555 2314 4555 2287 4556 2314 4556 2315 4556 2287 4557 2315 4557 2288 4557 2288 4558 2315 4558 2289 4558 2289 4559 2315 4559 2314 4559 2289 4560 2314 4560 2316 4560 2289 4561 2316 4561 2317 4561 2289 4562 2317 4562 2318 4562 2289 4563 2318 4563 2319 4563 2289 4564 2319 4564 2320 4564 2289 4565 2320 4565 2321 4565 2289 4566 2321 4566 2322 4566 2289 4567 2322 4567 2323 4567 2289 4568 2323 4568 2298 4568 2289 4569 2298 4569 2297 4569 2289 4570 2297 4570 2295 4570 2289 4571 2295 4571 2294 4571 2289 4572 2294 4572 2293 4572 2289 4573 2293 4573 2291 4573 2289 4574 2291 4574 2290 4574 2291 4575 2293 4575 2292 4575 2281 4576 2300 4576 2324 4576 2281 4577 2324 4577 2325 4577 2281 4578 2325 4578 2326 4578 2281 4579 2326 4579 2327 4579 2281 4580 2327 4580 2301 4580 2298 4581 2323 4581 2299 4581 2299 4582 2323 4582 2300 4582 2300 4583 2323 4583 2328 4583 2300 4584 2328 4584 2329 4584 2300 4585 2329 4585 2330 4585 2300 4586 2330 4586 2331 4586 2300 4587 2331 4587 2332 4587 2300 4588 2332 4588 2324 4588 2301 4589 2327 4589 2333 4589 2301 4590 2333 4590 2308 4590 2301 4591 2308 4591 2302 4591 2303 4592 2307 4592 2334 4592 2303 4593 2334 4593 2335 4593 2303 4594 2335 4594 2304 4594 2304 4595 2335 4595 2336 4595 2304 4596 2336 4596 2305 4596 2305 4597 2336 4597 2337 4597 2305 4598 2337 4598 2306 4598 2306 4599 2337 4599 2338 4599 2306 4600 2338 4600 2339 4600 2306 4601 2339 4601 2340 4601 2306 4602 2340 4602 2312 4602 2307 4603 2311 4603 2341 4603 2307 4604 2341 4604 2334 4604 2308 4605 2333 4605 2342 4605 2308 4606 2342 4606 2343 4606 2308 4607 2343 4607 2309 4607 2309 4608 2343 4608 2344 4608 2309 4609 2344 4609 2310 4609 2310 4610 2344 4610 2311 4610 2311 4611 2334 4611 2341 4611 2311 4612 2344 4612 2345 4612 2311 4613 2345 4613 2346 4613 2311 4614 2346 4614 2347 4614 2311 4615 2347 4615 2348 4615 2311 4616 2348 4616 2334 4616 2312 4617 2349 4617 2313 4617 2312 4618 2340 4618 2350 4618 2312 4619 2350 4619 2349 4619 2313 4620 2351 4620 2314 4620 2313 4621 2349 4621 2352 4621 2313 4622 2352 4622 2353 4622 2313 4623 2353 4623 2351 4623 2314 4624 2351 4624 2316 4624 2324 4625 2332 4625 2331 4625 2324 4626 2331 4626 2330 4626 2324 4627 2330 4627 2354 4627 2324 4628 2354 4628 2355 4628 2324 4629 2355 4629 2356 4629 2324 4630 2356 4630 2357 4630 2324 4631 2357 4631 2322 4631 2324 4632 2322 4632 2321 4632 2324 4633 2321 4633 2358 4633 2324 4634 2358 4634 2359 4634 2324 4635 2359 4635 2360 4635 2324 4636 2360 4636 2361 4636 2324 4637 2361 4637 2362 4637 2324 4638 2362 4638 2363 4638 2324 4639 2363 4639 2326 4639 2324 4640 2326 4640 2325 4640 2326 4641 2363 4641 2364 4641 2326 4642 2364 4642 2327 4642 2327 4643 2364 4643 2333 4643 2323 4644 2322 4644 2357 4644 2323 4645 2357 4645 2356 4645 2323 4646 2356 4646 2355 4646 2323 4647 2355 4647 2354 4647 2323 4648 2354 4648 2328 4648 2328 4649 2354 4649 2329 4649 2329 4650 2354 4650 2330 4650 2333 4651 2364 4651 2342 4651 2334 4652 2348 4652 2347 4652 2334 4653 2347 4653 2365 4653 2334 4654 2365 4654 2366 4654 2334 4655 2366 4655 2335 4655 2335 4656 2366 4656 2336 4656 2336 4657 2366 4657 2367 4657 2336 4658 2367 4658 2337 4658 2337 4659 2367 4659 2368 4659 2337 4660 2368 4660 2338 4660 2338 4661 2369 4661 2339 4661 2338 4662 2368 4662 2370 4662 2338 4663 2370 4663 2371 4663 2338 4664 2371 4664 2369 4664 2339 4665 2369 4665 2349 4665 2339 4666 2349 4666 2350 4666 2339 4667 2350 4667 2340 4667 2342 4668 2364 4668 2372 4668 2342 4669 2372 4669 2343 4669 2343 4670 2372 4670 2373 4670 2343 4671 2373 4671 2374 4671 2343 4672 2374 4672 2344 4672 2344 4673 2374 4673 2375 4673 2344 4674 2375 4674 2376 4674 2344 4675 2376 4675 2345 4675 2345 4676 2376 4676 2377 4676 2345 4677 2377 4677 2378 4677 2345 4678 2378 4678 2379 4678 2345 4679 2379 4679 2346 4679 2346 4680 2379 4680 2380 4680 2346 4681 2380 4681 2347 4681 2347 4682 2380 4682 2381 4682 2347 4683 2381 4683 2382 4683 2347 4684 2382 4684 2365 4684 2349 4685 2383 4685 2352 4685 2349 4686 2369 4686 2383 4686 2351 4687 2384 4687 2385 4687 2351 4688 2385 4688 2318 4688 2351 4689 2318 4689 2317 4689 2351 4690 2317 4690 2316 4690 2351 4691 2353 4691 2352 4691 2351 4692 2352 4692 2384 4692 2352 4693 2383 4693 2384 4693 2363 4694 2362 4694 2386 4694 2363 4695 2386 4695 2364 4695 2364 4696 2387 4696 2372 4696 2364 4697 2386 4697 2377 4697 2364 4698 2377 4698 2387 4698 2365 4699 2382 4699 2388 4699 2365 4700 2388 4700 2366 4700 2366 4701 2388 4701 2367 4701 2367 4702 2370 4702 2368 4702 2367 4703 2388 4703 2389 4703 2367 4704 2389 4704 2390 4704 2367 4705 2390 4705 2370 4705 2369 4706 2371 4706 2391 4706 2369 4707 2391 4707 2392 4707 2369 4708 2392 4708 2320 4708 2369 4709 2320 4709 2319 4709 2369 4710 2319 4710 2385 4710 2369 4711 2385 4711 2383 4711 2370 4712 2391 4712 2371 4712 2370 4713 2390 4713 2393 4713 2370 4714 2393 4714 2391 4714 2372 4715 2387 4715 2373 4715 2373 4716 2387 4716 2374 4716 2374 4717 2387 4717 2375 4717 2375 4718 2387 4718 2377 4718 2375 4719 2377 4719 2376 4719 2377 4720 2386 4720 2394 4720 2377 4721 2394 4721 2395 4721 2377 4722 2395 4722 2396 4722 2377 4723 2396 4723 2380 4723 2377 4724 2380 4724 2378 4724 2378 4725 2380 4725 2379 4725 2380 4726 2396 4726 2397 4726 2380 4727 2397 4727 2398 4727 2380 4728 2398 4728 2381 4728 2381 4729 2398 4729 2382 4729 2382 4730 2398 4730 2399 4730 2382 4731 2399 4731 2400 4731 2382 4732 2400 4732 2401 4732 2382 4733 2401 4733 2402 4733 2382 4734 2402 4734 2388 4734 2383 4735 2385 4735 2384 4735 2385 4736 2319 4736 2318 4736 2362 4737 2361 4737 2386 4737 2386 4738 2361 4738 2394 4738 2321 4739 2320 4739 2392 4739 2321 4740 2392 4740 2393 4740 2321 4741 2393 4741 2403 4741 2321 4742 2403 4742 2404 4742 2321 4743 2404 4743 2405 4743 2321 4744 2405 4744 2406 4744 2321 4745 2406 4745 2407 4745 2321 4746 2407 4746 2408 4746 2321 4747 2408 4747 2409 4747 2321 4748 2409 4748 2410 4748 2321 4749 2410 4749 2411 4749 2321 4750 2411 4750 2412 4750 2321 4751 2412 4751 2413 4751 2321 4752 2413 4752 2358 4752 2388 4753 2402 4753 2389 4753 2389 4754 2402 4754 2414 4754 2389 4755 2414 4755 2403 4755 2389 4756 2403 4756 2390 4756 2390 4757 2403 4757 2393 4757 2391 4758 2393 4758 2392 4758 2394 4759 2415 4759 2395 4759 2394 4760 2361 4760 2360 4760 2394 4761 2360 4761 2416 4761 2394 4762 2416 4762 2417 4762 2394 4763 2417 4763 2418 4763 2394 4764 2418 4764 2415 4764 2395 4765 2415 4765 2419 4765 2395 4766 2419 4766 2420 4766 2395 4767 2420 4767 2396 4767 2396 4768 2420 4768 2397 4768 2397 4769 2420 4769 2421 4769 2397 4770 2421 4770 2422 4770 2397 4771 2422 4771 2398 4771 2398 4772 2422 4772 2399 4772 2399 4773 2422 4773 2423 4773 2399 4774 2423 4774 2400 4774 2400 4775 2423 4775 2424 4775 2400 4776 2424 4776 2425 4776 2400 4777 2425 4777 2401 4777 2401 4778 2425 4778 2405 4778 2401 4779 2405 4779 2404 4779 2401 4780 2404 4780 2414 4780 2401 4781 2414 4781 2402 4781 2358 4782 2413 4782 2359 4782 2414 4783 2404 4783 2403 4783 2415 4784 2418 4784 2426 4784 2415 4785 2426 4785 2419 4785 2360 4786 2359 4786 2413 4786 2360 4787 2413 4787 2416 4787 2416 4788 2413 4788 2412 4788 2416 4789 2412 4789 2411 4789 2416 4790 2411 4790 2427 4790 2416 4791 2427 4791 2417 4791 2417 4792 2427 4792 2428 4792 2417 4793 2428 4793 2418 4793 2418 4794 2428 4794 2426 4794 2419 4795 2426 4795 2420 4795 2420 4796 2426 4796 2421 4796 2421 4797 2426 4797 2428 4797 2421 4798 2428 4798 2429 4798 2421 4799 2429 4799 2422 4799 2422 4800 2429 4800 2423 4800 2423 4801 2429 4801 2424 4801 2424 4802 2429 4802 2430 4802 2424 4803 2430 4803 2408 4803 2424 4804 2408 4804 2407 4804 2424 4805 2407 4805 2406 4805 2424 4806 2406 4806 2425 4806 2425 4807 2406 4807 2405 4807 2411 4808 2410 4808 2427 4808 2427 4809 2410 4809 2431 4809 2427 4810 2431 4810 2428 4810 2428 4811 2431 4811 2430 4811 2428 4812 2430 4812 2429 4812 2430 4813 2431 4813 2409 4813 2430 4814 2409 4814 2408 4814 2410 4815 2409 4815 2431 4815 2432 4816 2433 4816 2434 4816 2432 4817 2434 4817 2435 4817 2432 4818 2435 4818 2436 4818 2432 4819 2436 4819 2437 4819 2432 4820 2437 4820 2438 4820 2432 4821 2438 4821 2439 4821 2432 4822 2439 4822 2440 4822 2432 4823 2440 4823 2441 4823 2432 4824 2441 4824 2442 4824 2432 4825 2442 4825 2443 4825 2432 4826 2443 4826 2444 4826 2432 4827 2444 4827 2445 4827 2432 4828 2445 4828 2446 4828 2432 4829 2446 4829 2447 4829 2432 4830 2447 4830 2448 4830 2432 4831 2448 4831 2449 4831 2432 4832 2449 4832 2450 4832 2432 4833 2450 4833 2451 4833 2432 4834 2451 4834 2452 4834 2432 4835 2452 4835 2453 4835 2432 4836 2453 4836 2454 4836 2432 4837 2454 4837 2455 4837 2432 4838 2455 4838 2456 4838 2432 4839 2456 4839 2457 4839 2432 4840 2457 4840 2458 4840 2432 4841 2458 4841 2459 4841 2432 4842 2459 4842 2433 4842 2433 4843 2460 4843 2461 4843 2433 4844 2461 4844 2462 4844 2433 4845 2462 4845 2434 4845 2433 4846 2459 4846 2463 4846 2433 4847 2463 4847 2464 4847 2433 4848 2464 4848 2460 4848 2434 4849 2462 4849 2435 4849 2458 4850 2457 4850 2465 4850 2458 4851 2465 4851 2466 4851 2458 4852 2466 4852 2467 4852 2458 4853 2467 4853 2468 4853 2458 4854 2468 4854 2469 4854 2458 4855 2469 4855 2470 4855 2458 4856 2470 4856 2471 4856 2458 4857 2471 4857 2472 4857 2458 4858 2472 4858 2473 4858 2458 4859 2473 4859 2474 4859 2458 4860 2474 4860 2475 4860 2458 4861 2475 4861 2476 4861 2458 4862 2476 4862 2477 4862 2458 4863 2477 4863 2478 4863 2458 4864 2478 4864 2479 4864 2458 4865 2479 4865 2480 4865 2458 4866 2480 4866 2481 4866 2458 4867 2481 4867 2482 4867 2458 4868 2482 4868 2483 4868 2458 4869 2483 4869 2484 4869 2458 4870 2484 4870 2485 4870 2458 4871 2485 4871 2486 4871 2458 4872 2486 4872 2487 4872 2458 4873 2487 4873 2488 4873 2458 4874 2488 4874 2489 4874 2458 4875 2489 4875 2490 4875 2458 4876 2490 4876 2491 4876 2458 4877 2491 4877 2492 4877 2458 4878 2492 4878 2493 4878 2458 4879 2493 4879 2494 4879 2458 4880 2494 4880 2464 4880 2458 4881 2464 4881 2463 4881 2458 4882 2463 4882 2459 4882 2460 4883 2495 4883 2461 4883 2460 4884 2464 4884 2494 4884 2460 4885 2494 4885 2493 4885 2460 4886 2493 4886 2495 4886 2461 4887 2495 4887 2496 4887 2461 4888 2496 4888 2497 4888 2461 4889 2497 4889 2462 4889 2462 4890 2497 4890 2498 4890 2462 4891 2498 4891 2435 4891 2435 4892 2498 4892 2499 4892 2435 4893 2499 4893 2436 4893 2457 4894 2456 4894 2465 4894 2495 4895 2500 4895 2501 4895 2495 4896 2501 4896 2496 4896 2495 4897 2493 4897 2492 4897 2495 4898 2492 4898 2491 4898 2495 4899 2491 4899 2500 4899 2496 4900 2501 4900 2502 4900 2496 4901 2502 4901 2503 4901 2496 4902 2503 4902 2497 4902 2497 4903 2503 4903 2504 4903 2497 4904 2504 4904 2498 4904 2498 4905 2504 4905 2499 4905 2499 4906 2505 4906 2506 4906 2499 4907 2506 4907 2439 4907 2499 4908 2439 4908 2438 4908 2499 4909 2438 4909 2437 4909 2499 4910 2437 4910 2436 4910 2499 4911 2504 4911 2505 4911 2465 4912 2456 4912 2455 4912 2465 4913 2455 4913 2507 4913 2465 4914 2507 4914 2508 4914 2465 4915 2508 4915 2509 4915 2465 4916 2509 4916 2510 4916 2465 4917 2510 4917 2511 4917 2465 4918 2511 4918 2512 4918 2465 4919 2512 4919 2513 4919 2465 4920 2513 4920 2514 4920 2465 4921 2514 4921 2515 4921 2465 4922 2515 4922 2516 4922 2465 4923 2516 4923 2517 4923 2465 4924 2517 4924 2518 4924 2465 4925 2518 4925 2519 4925 2465 4926 2519 4926 2520 4926 2465 4927 2520 4927 2521 4927 2465 4928 2521 4928 2522 4928 2465 4929 2522 4929 2523 4929 2465 4930 2523 4930 2524 4930 2465 4931 2524 4931 2525 4931 2465 4932 2525 4932 2526 4932 2465 4933 2526 4933 2527 4933 2465 4934 2527 4934 2528 4934 2465 4935 2528 4935 2529 4935 2465 4936 2529 4936 2530 4936 2465 4937 2530 4937 2531 4937 2465 4938 2531 4938 2466 4938 2500 4939 2532 4939 2501 4939 2500 4940 2491 4940 2490 4940 2500 4941 2490 4941 2532 4941 2501 4942 2532 4942 2533 4942 2501 4943 2533 4943 2502 4943 2502 4944 2534 4944 2535 4944 2502 4945 2535 4945 2503 4945 2502 4946 2533 4946 2534 4946 2503 4947 2535 4947 2536 4947 2503 4948 2536 4948 2504 4948 2504 4949 2536 4949 2537 4949 2504 4950 2537 4950 2505 4950 2505 4951 2537 4951 2538 4951 2505 4952 2538 4952 2506 4952 2506 4953 2538 4953 2539 4953 2506 4954 2539 4954 2440 4954 2506 4955 2440 4955 2439 4955 2466 4956 2531 4956 2540 4956 2466 4957 2540 4957 2467 4957 2455 4958 2454 4958 2507 4958 2532 4959 2541 4959 2542 4959 2532 4960 2542 4960 2543 4960 2532 4961 2543 4961 2533 4961 2532 4962 2490 4962 2541 4962 2490 4963 2489 4963 2544 4963 2490 4964 2544 4964 2541 4964 2533 4965 2543 4965 2545 4965 2533 4966 2545 4966 2534 4966 2534 4967 2546 4967 2535 4967 2534 4968 2545 4968 2546 4968 2535 4969 2547 4969 2548 4969 2535 4970 2548 4970 2536 4970 2535 4971 2546 4971 2547 4971 2536 4972 2548 4972 2537 4972 2537 4973 2549 4973 2538 4973 2537 4974 2548 4974 2549 4974 2538 4975 2550 4975 2551 4975 2538 4976 2551 4976 2552 4976 2538 4977 2552 4977 2553 4977 2538 4978 2553 4978 2539 4978 2538 4979 2549 4979 2550 4979 2539 4980 2442 4980 2441 4980 2539 4981 2441 4981 2440 4981 2539 4982 2553 4982 2443 4982 2539 4983 2443 4983 2442 4983 2531 4984 2530 4984 2540 4984 2467 4985 2540 4985 2468 4985 2454 4986 2453 4986 2507 4986 2507 4987 2453 4987 2554 4987 2507 4988 2554 4988 2555 4988 2507 4989 2555 4989 2556 4989 2507 4990 2556 4990 2508 4990 2541 4991 2544 4991 2542 4991 2542 4992 2557 4992 2487 4992 2542 4993 2487 4993 2558 4993 2542 4994 2558 4994 2543 4994 2542 4995 2544 4995 2489 4995 2542 4996 2489 4996 2557 4996 2543 4997 2559 4997 2545 4997 2543 4998 2558 4998 2559 4998 2489 4999 2488 4999 2560 4999 2489 5000 2560 5000 2557 5000 2545 5001 2559 5001 2561 5001 2545 5002 2561 5002 2546 5002 2546 5003 2562 5003 2563 5003 2546 5004 2563 5004 2564 5004 2546 5005 2564 5005 2547 5005 2546 5006 2561 5006 2562 5006 2547 5007 2564 5007 2565 5007 2547 5008 2565 5008 2548 5008 2548 5009 2565 5009 2550 5009 2548 5010 2550 5010 2549 5010 2550 5011 2566 5011 2567 5011 2550 5012 2567 5012 2568 5012 2550 5013 2568 5013 2551 5013 2550 5014 2565 5014 2569 5014 2550 5015 2569 5015 2566 5015 2551 5016 2568 5016 2552 5016 2552 5017 2570 5017 2571 5017 2552 5018 2571 5018 2572 5018 2552 5019 2572 5019 2553 5019 2552 5020 2568 5020 2570 5020 2553 5021 2572 5021 2573 5021 2553 5022 2573 5022 2574 5022 2553 5023 2574 5023 2443 5023 2443 5024 2574 5024 2444 5024 2530 5025 2529 5025 2575 5025 2530 5026 2575 5026 2540 5026 2540 5027 2575 5027 2576 5027 2540 5028 2576 5028 2577 5028 2540 5029 2577 5029 2578 5029 2540 5030 2578 5030 2468 5030 2468 5031 2578 5031 2579 5031 2468 5032 2579 5032 2469 5032 2453 5033 2452 5033 2580 5033 2453 5034 2580 5034 2554 5034 2554 5035 2580 5035 2581 5035 2554 5036 2581 5036 2555 5036 2555 5037 2582 5037 2583 5037 2555 5038 2583 5038 2584 5038 2555 5039 2584 5039 2585 5039 2555 5040 2585 5040 2586 5040 2555 5041 2586 5041 2587 5041 2555 5042 2587 5042 2588 5042 2555 5043 2588 5043 2556 5043 2555 5044 2581 5044 2582 5044 2556 5045 2588 5045 2510 5045 2556 5046 2510 5046 2509 5046 2556 5047 2509 5047 2508 5047 2557 5048 2560 5048 2487 5048 2487 5049 2560 5049 2488 5049 2487 5050 2486 5050 2558 5050 2558 5051 2589 5051 2559 5051 2558 5052 2486 5052 2589 5052 2559 5053 2590 5053 2561 5053 2559 5054 2589 5054 2590 5054 2561 5055 2590 5055 2591 5055 2561 5056 2591 5056 2562 5056 2562 5057 2592 5057 2563 5057 2562 5058 2591 5058 2592 5058 2563 5059 2593 5059 2594 5059 2563 5060 2594 5060 2564 5060 2563 5061 2592 5061 2593 5061 2564 5062 2594 5062 2569 5062 2564 5063 2569 5063 2565 5063 2566 5064 2569 5064 2595 5064 2566 5065 2595 5065 2596 5065 2566 5066 2596 5066 2597 5066 2566 5067 2597 5067 2567 5067 2567 5068 2598 5068 2599 5068 2567 5069 2599 5069 2600 5069 2567 5070 2600 5070 2568 5070 2567 5071 2597 5071 2598 5071 2568 5072 2600 5072 2570 5072 2569 5073 2594 5073 2595 5073 2570 5074 2600 5074 2571 5074 2571 5075 2601 5075 2602 5075 2571 5076 2602 5076 2603 5076 2571 5077 2603 5077 2604 5077 2571 5078 2604 5078 2572 5078 2571 5079 2600 5079 2601 5079 2572 5080 2574 5080 2573 5080 2572 5081 2604 5081 2574 5081 2574 5082 2604 5082 2603 5082 2574 5083 2603 5083 2446 5083 2574 5084 2446 5084 2445 5084 2574 5085 2445 5085 2444 5085 2529 5086 2528 5086 2605 5086 2529 5087 2605 5087 2576 5087 2529 5088 2576 5088 2575 5088 2576 5089 2605 5089 2577 5089 2577 5090 2605 5090 2606 5090 2577 5091 2606 5091 2579 5091 2577 5092 2579 5092 2578 5092 2469 5093 2579 5093 2470 5093 2579 5094 2606 5094 2607 5094 2579 5095 2607 5095 2608 5095 2579 5096 2608 5096 2470 5096 2452 5097 2451 5097 2580 5097 2580 5098 2609 5098 2610 5098 2580 5099 2610 5099 2611 5099 2580 5100 2611 5100 2582 5100 2580 5101 2582 5101 2581 5101 2580 5102 2451 5102 2612 5102 2580 5103 2612 5103 2609 5103 2582 5104 2611 5104 2583 5104 2583 5105 2611 5105 2610 5105 2583 5106 2610 5106 2613 5106 2583 5107 2613 5107 2609 5107 2583 5108 2609 5108 2612 5108 2583 5109 2612 5109 2614 5109 2583 5110 2614 5110 2615 5110 2583 5111 2615 5111 2616 5111 2583 5112 2616 5112 2584 5112 2584 5113 2616 5113 2617 5113 2584 5114 2617 5114 2585 5114 2585 5115 2617 5115 2618 5115 2585 5116 2618 5116 2619 5116 2585 5117 2619 5117 2620 5117 2585 5118 2620 5118 2621 5118 2585 5119 2621 5119 2586 5119 2586 5120 2621 5120 2587 5120 2587 5121 2622 5121 2588 5121 2587 5122 2621 5122 2623 5122 2587 5123 2623 5123 2624 5123 2587 5124 2624 5124 2625 5124 2587 5125 2625 5125 2626 5125 2587 5126 2626 5126 2627 5126 2587 5127 2627 5127 2628 5127 2587 5128 2628 5128 2622 5128 2588 5129 2622 5129 2510 5129 2510 5130 2622 5130 2629 5130 2510 5131 2629 5131 2511 5131 2486 5132 2485 5132 2589 5132 2589 5133 2630 5133 2590 5133 2589 5134 2485 5134 2630 5134 2590 5135 2631 5135 2591 5135 2590 5136 2630 5136 2631 5136 2591 5137 2631 5137 2632 5137 2591 5138 2632 5138 2592 5138 2592 5139 2633 5139 2593 5139 2592 5140 2632 5140 2633 5140 2593 5141 2633 5141 2634 5141 2593 5142 2634 5142 2594 5142 2594 5143 2635 5143 2595 5143 2594 5144 2634 5144 2635 5144 2595 5145 2635 5145 2596 5145 2596 5146 2636 5146 2637 5146 2596 5147 2637 5147 2597 5147 2596 5148 2635 5148 2638 5148 2596 5149 2638 5149 2639 5149 2596 5150 2639 5150 2636 5150 2597 5151 2637 5151 2598 5151 2598 5152 2637 5152 2640 5152 2598 5153 2640 5153 2599 5153 2599 5154 2641 5154 2642 5154 2599 5155 2642 5155 2643 5155 2599 5156 2643 5156 2602 5156 2599 5157 2602 5157 2601 5157 2599 5158 2601 5158 2600 5158 2599 5159 2640 5159 2641 5159 2602 5160 2644 5160 2616 5160 2602 5161 2616 5161 2615 5161 2602 5162 2615 5162 2645 5162 2602 5163 2645 5163 2646 5163 2602 5164 2646 5164 2603 5164 2602 5165 2643 5165 2644 5165 2603 5166 2646 5166 2447 5166 2603 5167 2447 5167 2446 5167 2528 5168 2527 5168 2647 5168 2528 5169 2647 5169 2605 5169 2605 5170 2647 5170 2648 5170 2605 5171 2648 5171 2606 5171 2606 5172 2648 5172 2649 5172 2606 5173 2649 5173 2650 5173 2606 5174 2650 5174 2607 5174 2470 5175 2608 5175 2651 5175 2470 5176 2651 5176 2471 5176 2607 5177 2650 5177 2652 5177 2607 5178 2652 5178 2653 5178 2607 5179 2653 5179 2608 5179 2608 5180 2653 5180 2654 5180 2608 5181 2654 5181 2651 5181 2451 5182 2450 5182 2612 5182 2609 5183 2613 5183 2610 5183 2612 5184 2450 5184 2449 5184 2612 5185 2449 5185 2645 5185 2612 5186 2645 5186 2655 5186 2612 5187 2655 5187 2615 5187 2612 5188 2615 5188 2614 5188 2615 5189 2655 5189 2645 5189 2616 5190 2644 5190 2656 5190 2616 5191 2656 5191 2617 5191 2617 5192 2656 5192 2618 5192 2618 5193 2656 5193 2619 5193 2619 5194 2623 5194 2621 5194 2619 5195 2621 5195 2620 5195 2619 5196 2656 5196 2624 5196 2619 5197 2624 5197 2623 5197 2622 5198 2628 5198 2657 5198 2622 5199 2657 5199 2629 5199 2624 5200 2658 5200 2625 5200 2624 5201 2656 5201 2642 5201 2624 5202 2642 5202 2659 5202 2624 5203 2659 5203 2660 5203 2624 5204 2660 5204 2658 5204 2625 5205 2658 5205 2660 5205 2625 5206 2660 5206 2661 5206 2625 5207 2661 5207 2626 5207 2626 5208 2662 5208 2663 5208 2626 5209 2663 5209 2628 5209 2626 5210 2628 5210 2627 5210 2626 5211 2661 5211 2662 5211 2628 5212 2663 5212 2664 5212 2628 5213 2664 5213 2657 5213 2629 5214 2657 5214 2513 5214 2629 5215 2513 5215 2512 5215 2629 5216 2512 5216 2511 5216 2485 5217 2484 5217 2630 5217 2630 5218 2665 5218 2631 5218 2630 5219 2484 5219 2483 5219 2630 5220 2483 5220 2665 5220 2631 5221 2666 5221 2632 5221 2631 5222 2665 5222 2666 5222 2632 5223 2666 5223 2667 5223 2632 5224 2667 5224 2668 5224 2632 5225 2668 5225 2633 5225 2633 5226 2668 5226 2669 5226 2633 5227 2669 5227 2634 5227 2634 5228 2669 5228 2670 5228 2634 5229 2670 5229 2638 5229 2634 5230 2638 5230 2635 5230 2636 5231 2671 5231 2672 5231 2636 5232 2672 5232 2637 5232 2636 5233 2639 5233 2671 5233 2637 5234 2672 5234 2640 5234 2638 5235 2670 5235 2639 5235 2639 5236 2670 5236 2673 5236 2639 5237 2673 5237 2674 5237 2639 5238 2674 5238 2671 5238 2640 5239 2675 5239 2641 5239 2640 5240 2672 5240 2675 5240 2641 5241 2659 5241 2642 5241 2641 5242 2675 5242 2659 5242 2642 5243 2656 5243 2644 5243 2642 5244 2644 5244 2643 5244 2645 5245 2449 5245 2646 5245 2646 5246 2448 5246 2447 5246 2646 5247 2449 5247 2448 5247 2527 5248 2526 5248 2676 5248 2527 5249 2676 5249 2648 5249 2527 5250 2648 5250 2647 5250 2648 5251 2676 5251 2649 5251 2649 5252 2676 5252 2677 5252 2649 5253 2677 5253 2678 5253 2649 5254 2678 5254 2679 5254 2649 5255 2679 5255 2680 5255 2649 5256 2680 5256 2650 5256 2650 5257 2680 5257 2681 5257 2650 5258 2681 5258 2652 5258 2471 5259 2651 5259 2682 5259 2471 5260 2682 5260 2472 5260 2651 5261 2654 5261 2473 5261 2651 5262 2473 5262 2682 5262 2652 5263 2681 5263 2683 5263 2652 5264 2683 5264 2684 5264 2652 5265 2684 5265 2653 5265 2653 5266 2684 5266 2685 5266 2653 5267 2685 5267 2654 5267 2654 5268 2685 5268 2686 5268 2654 5269 2686 5269 2474 5269 2654 5270 2474 5270 2473 5270 2657 5271 2514 5271 2513 5271 2657 5272 2664 5272 2687 5272 2657 5273 2687 5273 2515 5273 2657 5274 2515 5274 2514 5274 2659 5275 2675 5275 2688 5275 2659 5276 2688 5276 2660 5276 2660 5277 2688 5277 2661 5277 2661 5278 2688 5278 2689 5278 2661 5279 2689 5279 2690 5279 2661 5280 2690 5280 2691 5280 2661 5281 2691 5281 2662 5281 2662 5282 2691 5282 2692 5282 2662 5283 2692 5283 2663 5283 2663 5284 2692 5284 2664 5284 2664 5285 2692 5285 2693 5285 2664 5286 2693 5286 2694 5286 2664 5287 2694 5287 2687 5287 2665 5288 2695 5288 2696 5288 2665 5289 2696 5289 2697 5289 2665 5290 2697 5290 2666 5290 2665 5291 2483 5291 2482 5291 2665 5292 2482 5292 2481 5292 2665 5293 2481 5293 2695 5293 2666 5294 2698 5294 2667 5294 2666 5295 2697 5295 2698 5295 2667 5296 2698 5296 2699 5296 2667 5297 2699 5297 2668 5297 2668 5298 2700 5298 2669 5298 2668 5299 2699 5299 2700 5299 2669 5300 2700 5300 2701 5300 2669 5301 2701 5301 2670 5301 2670 5302 2701 5302 2673 5302 2671 5303 2702 5303 2703 5303 2671 5304 2703 5304 2672 5304 2671 5305 2674 5305 2702 5305 2672 5306 2703 5306 2675 5306 2673 5307 2704 5307 2674 5307 2673 5308 2701 5308 2705 5308 2673 5309 2705 5309 2704 5309 2674 5310 2704 5310 2706 5310 2674 5311 2706 5311 2702 5311 2675 5312 2703 5312 2688 5312 2526 5313 2525 5313 2707 5313 2526 5314 2707 5314 2678 5314 2526 5315 2678 5315 2677 5315 2526 5316 2677 5316 2676 5316 2678 5317 2707 5317 2679 5317 2679 5318 2707 5318 2708 5318 2679 5319 2708 5319 2709 5319 2679 5320 2709 5320 2710 5320 2679 5321 2710 5321 2680 5321 2680 5322 2710 5322 2711 5322 2680 5323 2711 5323 2712 5323 2680 5324 2712 5324 2681 5324 2681 5325 2712 5325 2713 5325 2681 5326 2713 5326 2714 5326 2681 5327 2714 5327 2683 5327 2472 5328 2682 5328 2473 5328 2683 5329 2714 5329 2715 5329 2683 5330 2715 5330 2684 5330 2684 5331 2715 5331 2716 5331 2684 5332 2716 5332 2685 5332 2685 5333 2716 5333 2717 5333 2685 5334 2717 5334 2686 5334 2686 5335 2717 5335 2718 5335 2686 5336 2718 5336 2476 5336 2686 5337 2476 5337 2475 5337 2686 5338 2475 5338 2474 5338 2687 5339 2694 5339 2719 5339 2687 5340 2719 5340 2515 5340 2515 5341 2719 5341 2516 5341 2688 5342 2703 5342 2720 5342 2688 5343 2720 5343 2689 5343 2689 5344 2720 5344 2721 5344 2689 5345 2721 5345 2690 5345 2690 5346 2721 5346 2722 5346 2690 5347 2722 5347 2692 5347 2690 5348 2692 5348 2691 5348 2692 5349 2722 5349 2721 5349 2692 5350 2721 5350 2723 5350 2692 5351 2723 5351 2724 5351 2692 5352 2724 5352 2725 5352 2692 5353 2725 5353 2693 5353 2693 5354 2725 5354 2726 5354 2693 5355 2726 5355 2694 5355 2694 5356 2726 5356 2719 5356 2695 5357 2727 5357 2696 5357 2695 5358 2481 5358 2480 5358 2695 5359 2480 5359 2479 5359 2695 5360 2479 5360 2727 5360 2696 5361 2727 5361 2697 5361 2697 5362 2728 5362 2698 5362 2697 5363 2727 5363 2728 5363 2698 5364 2729 5364 2699 5364 2698 5365 2728 5365 2729 5365 2699 5366 2729 5366 2730 5366 2699 5367 2730 5367 2700 5367 2700 5368 2730 5368 2731 5368 2700 5369 2731 5369 2701 5369 2701 5370 2731 5370 2705 5370 2702 5371 2706 5371 2732 5371 2702 5372 2732 5372 2720 5372 2702 5373 2720 5373 2703 5373 2704 5374 2733 5374 2706 5374 2704 5375 2705 5375 2734 5375 2704 5376 2734 5376 2733 5376 2705 5377 2731 5377 2735 5377 2705 5378 2735 5378 2734 5378 2706 5379 2733 5379 2736 5379 2706 5380 2736 5380 2732 5380 2525 5381 2524 5381 2737 5381 2525 5382 2737 5382 2709 5382 2525 5383 2709 5383 2708 5383 2525 5384 2708 5384 2707 5384 2709 5385 2737 5385 2710 5385 2710 5386 2737 5386 2738 5386 2710 5387 2738 5387 2711 5387 2711 5388 2738 5388 2739 5388 2711 5389 2739 5389 2740 5389 2711 5390 2740 5390 2741 5390 2711 5391 2741 5391 2742 5391 2711 5392 2742 5392 2712 5392 2712 5393 2742 5393 2713 5393 2713 5394 2742 5394 2743 5394 2713 5395 2743 5395 2714 5395 2714 5396 2743 5396 2744 5396 2714 5397 2744 5397 2730 5397 2714 5398 2730 5398 2745 5398 2714 5399 2745 5399 2715 5399 2715 5400 2745 5400 2716 5400 2716 5401 2745 5401 2746 5401 2716 5402 2746 5402 2717 5402 2717 5403 2746 5403 2747 5403 2717 5404 2747 5404 2718 5404 2718 5405 2747 5405 2476 5405 2719 5406 2726 5406 2748 5406 2719 5407 2748 5407 2516 5407 2516 5408 2748 5408 2517 5408 2720 5409 2732 5409 2721 5409 2721 5410 2749 5410 2723 5410 2721 5411 2732 5411 2749 5411 2723 5412 2749 5412 2724 5412 2724 5413 2749 5413 2725 5413 2725 5414 2749 5414 2750 5414 2725 5415 2750 5415 2726 5415 2726 5416 2750 5416 2751 5416 2726 5417 2751 5417 2752 5417 2726 5418 2752 5418 2748 5418 2727 5419 2747 5419 2728 5419 2727 5420 2479 5420 2478 5420 2727 5421 2478 5421 2747 5421 2728 5422 2746 5422 2729 5422 2728 5423 2747 5423 2746 5423 2729 5424 2745 5424 2730 5424 2729 5425 2746 5425 2745 5425 2730 5426 2744 5426 2731 5426 2731 5427 2744 5427 2735 5427 2732 5428 2736 5428 2753 5428 2732 5429 2753 5429 2750 5429 2732 5430 2750 5430 2749 5430 2733 5431 2754 5431 2736 5431 2733 5432 2734 5432 2755 5432 2733 5433 2755 5433 2754 5433 2734 5434 2735 5434 2756 5434 2734 5435 2756 5435 2755 5435 2735 5436 2744 5436 2743 5436 2735 5437 2743 5437 2756 5437 2736 5438 2757 5438 2753 5438 2736 5439 2754 5439 2757 5439 2524 5440 2523 5440 2758 5440 2524 5441 2758 5441 2759 5441 2524 5442 2759 5442 2737 5442 2737 5443 2759 5443 2738 5443 2738 5444 2759 5444 2739 5444 2739 5445 2759 5445 2760 5445 2739 5446 2760 5446 2761 5446 2739 5447 2761 5447 2740 5447 2740 5448 2761 5448 2762 5448 2740 5449 2762 5449 2741 5449 2741 5450 2762 5450 2763 5450 2741 5451 2763 5451 2742 5451 2742 5452 2763 5452 2756 5452 2742 5453 2756 5453 2743 5453 2747 5454 2478 5454 2477 5454 2747 5455 2477 5455 2476 5455 2748 5456 2752 5456 2764 5456 2748 5457 2764 5457 2517 5457 2517 5458 2764 5458 2518 5458 2750 5459 2753 5459 2751 5459 2751 5460 2765 5460 2752 5460 2751 5461 2753 5461 2766 5461 2751 5462 2766 5462 2765 5462 2752 5463 2765 5463 2767 5463 2752 5464 2767 5464 2768 5464 2752 5465 2768 5465 2769 5465 2752 5466 2769 5466 2764 5466 2753 5467 2757 5467 2766 5467 2754 5468 2755 5468 2770 5468 2754 5469 2770 5469 2771 5469 2754 5470 2771 5470 2772 5470 2754 5471 2772 5471 2757 5471 2755 5472 2756 5472 2763 5472 2755 5473 2763 5473 2773 5473 2755 5474 2773 5474 2774 5474 2755 5475 2774 5475 2770 5475 2757 5476 2772 5476 2768 5476 2757 5477 2768 5477 2767 5477 2757 5478 2767 5478 2766 5478 2523 5479 2522 5479 2758 5479 2758 5480 2775 5480 2761 5480 2758 5481 2761 5481 2760 5481 2758 5482 2760 5482 2759 5482 2758 5483 2522 5483 2776 5483 2758 5484 2776 5484 2775 5484 2761 5485 2775 5485 2762 5485 2762 5486 2777 5486 2773 5486 2762 5487 2773 5487 2763 5487 2762 5488 2775 5488 2778 5488 2762 5489 2778 5489 2777 5489 2764 5490 2769 5490 2779 5490 2764 5491 2779 5491 2518 5491 2518 5492 2779 5492 2519 5492 2765 5493 2766 5493 2767 5493 2768 5494 2772 5494 2771 5494 2768 5495 2771 5495 2769 5495 2769 5496 2771 5496 2780 5496 2769 5497 2780 5497 2781 5497 2769 5498 2781 5498 2779 5498 2770 5499 2774 5499 2781 5499 2770 5500 2781 5500 2771 5500 2771 5501 2781 5501 2780 5501 2773 5502 2777 5502 2778 5502 2773 5503 2778 5503 2782 5503 2773 5504 2782 5504 2783 5504 2773 5505 2783 5505 2774 5505 2774 5506 2783 5506 2781 5506 2522 5507 2521 5507 2776 5507 2775 5508 2776 5508 2778 5508 2776 5509 2521 5509 2784 5509 2776 5510 2784 5510 2778 5510 2778 5511 2784 5511 2782 5511 2779 5512 2781 5512 2784 5512 2779 5513 2784 5513 2521 5513 2779 5514 2521 5514 2520 5514 2779 5515 2520 5515 2519 5515 2781 5516 2783 5516 2782 5516 2781 5517 2782 5517 2784 5517 2785 5518 2786 5518 2787 5518 2785 5519 2787 5519 2788 5519 2785 5520 2788 5520 2789 5520 2785 5521 2789 5521 2790 5521 2785 5522 2790 5522 2791 5522 2785 5523 2791 5523 2792 5523 2785 5524 2792 5524 2793 5524 2785 5525 2793 5525 2794 5525 2785 5526 2794 5526 2795 5526 2785 5527 2795 5527 2796 5527 2785 5528 2796 5528 2797 5528 2785 5529 2797 5529 2798 5529 2785 5530 2798 5530 2799 5530 2785 5531 2799 5531 2800 5531 2785 5532 2800 5532 2801 5532 2785 5533 2801 5533 2802 5533 2785 5534 2802 5534 2803 5534 2785 5535 2803 5535 2804 5535 2785 5536 2804 5536 2805 5536 2785 5537 2805 5537 2806 5537 2785 5538 2806 5538 2807 5538 2785 5539 2807 5539 2808 5539 2785 5540 2808 5540 2809 5540 2785 5541 2809 5541 2810 5541 2785 5542 2810 5542 2811 5542 2785 5543 2811 5543 2812 5543 2785 5544 2812 5544 2813 5544 2785 5545 2813 5545 2814 5545 2785 5546 2814 5546 2815 5546 2785 5547 2815 5547 2816 5547 2785 5548 2816 5548 2817 5548 2785 5549 2817 5549 2818 5549 2785 5550 2818 5550 2819 5550 2785 5551 2819 5551 2820 5551 2785 5552 2820 5552 2821 5552 2785 5553 2821 5553 2822 5553 2785 5554 2822 5554 2823 5554 2785 5555 2823 5555 2824 5555 2785 5556 2824 5556 2825 5556 2785 5557 2825 5557 2826 5557 2785 5558 2826 5558 2827 5558 2785 5559 2827 5559 2828 5559 2785 5560 2828 5560 2829 5560 2785 5561 2829 5561 2830 5561 2785 5562 2830 5562 2831 5562 2785 5563 2831 5563 2832 5563 2785 5564 2832 5564 2833 5564 2785 5565 2833 5565 2834 5565 2785 5566 2834 5566 2835 5566 2785 5567 2835 5567 2836 5567 2785 5568 2836 5568 2837 5568 2785 5569 2837 5569 2838 5569 2785 5570 2838 5570 2839 5570 2785 5571 2839 5571 2840 5571 2785 5572 2840 5572 2841 5572 2785 5573 2841 5573 2786 5573 2786 5574 2841 5574 2842 5574 2786 5575 2842 5575 2787 5575 2811 5576 2810 5576 2812 5576 2840 5577 2839 5577 2843 5577 2840 5578 2843 5578 2841 5578 2787 5579 2842 5579 2844 5579 2787 5580 2844 5580 2788 5580 2841 5581 2843 5581 2842 5581 2810 5582 2809 5582 2845 5582 2810 5583 2845 5583 2846 5583 2810 5584 2846 5584 2847 5584 2810 5585 2847 5585 2848 5585 2810 5586 2848 5586 2849 5586 2810 5587 2849 5587 2850 5587 2810 5588 2850 5588 2851 5588 2810 5589 2851 5589 2852 5589 2810 5590 2852 5590 2853 5590 2810 5591 2853 5591 2854 5591 2810 5592 2854 5592 2855 5592 2810 5593 2855 5593 2856 5593 2810 5594 2856 5594 2857 5594 2810 5595 2857 5595 2858 5595 2810 5596 2858 5596 2859 5596 2810 5597 2859 5597 2860 5597 2810 5598 2860 5598 2861 5598 2810 5599 2861 5599 2862 5599 2810 5600 2862 5600 2863 5600 2810 5601 2863 5601 2864 5601 2810 5602 2864 5602 2865 5602 2810 5603 2865 5603 2866 5603 2810 5604 2866 5604 2867 5604 2810 5605 2867 5605 2868 5605 2810 5606 2868 5606 2869 5606 2810 5607 2869 5607 2870 5607 2810 5608 2870 5608 2871 5608 2810 5609 2871 5609 2872 5609 2810 5610 2872 5610 2873 5610 2810 5611 2873 5611 2874 5611 2810 5612 2874 5612 2875 5612 2810 5613 2875 5613 2876 5613 2810 5614 2876 5614 2877 5614 2810 5615 2877 5615 2878 5615 2810 5616 2878 5616 2879 5616 2810 5617 2879 5617 2880 5617 2810 5618 2880 5618 2813 5618 2810 5619 2813 5619 2812 5619 2839 5620 2838 5620 2843 5620 2788 5621 2844 5621 2881 5621 2788 5622 2881 5622 2789 5622 2842 5623 2843 5623 2882 5623 2842 5624 2882 5624 2883 5624 2842 5625 2883 5625 2844 5625 2843 5626 2838 5626 2884 5626 2843 5627 2884 5627 2885 5627 2843 5628 2885 5628 2882 5628 2809 5629 2808 5629 2886 5629 2809 5630 2886 5630 2887 5630 2809 5631 2887 5631 2845 5631 2813 5632 2880 5632 2814 5632 2838 5633 2837 5633 2884 5633 2789 5634 2881 5634 2790 5634 2844 5635 2883 5635 2888 5635 2844 5636 2888 5636 2889 5636 2844 5637 2889 5637 2881 5637 2882 5638 2885 5638 2883 5638 2884 5639 2837 5639 2890 5639 2884 5640 2890 5640 2891 5640 2884 5641 2891 5641 2885 5641 2885 5642 2891 5642 2892 5642 2885 5643 2892 5643 2883 5643 2808 5644 2807 5644 2893 5644 2808 5645 2893 5645 2886 5645 2845 5646 2887 5646 2846 5646 2880 5647 2879 5647 2894 5647 2880 5648 2894 5648 2895 5648 2880 5649 2895 5649 2815 5649 2880 5650 2815 5650 2814 5650 2837 5651 2836 5651 2890 5651 2790 5652 2881 5652 2889 5652 2790 5653 2889 5653 2896 5653 2790 5654 2896 5654 2791 5654 2883 5655 2892 5655 2897 5655 2883 5656 2897 5656 2888 5656 2888 5657 2897 5657 2898 5657 2888 5658 2898 5658 2896 5658 2888 5659 2896 5659 2889 5659 2890 5660 2836 5660 2899 5660 2890 5661 2899 5661 2900 5661 2890 5662 2900 5662 2891 5662 2891 5663 2901 5663 2892 5663 2891 5664 2900 5664 2902 5664 2891 5665 2902 5665 2903 5665 2891 5666 2903 5666 2901 5666 2892 5667 2901 5667 2897 5667 2807 5668 2806 5668 2893 5668 2893 5669 2904 5669 2905 5669 2893 5670 2905 5670 2906 5670 2893 5671 2906 5671 2886 5671 2893 5672 2806 5672 2805 5672 2893 5673 2805 5673 2904 5673 2886 5674 2906 5674 2907 5674 2886 5675 2907 5675 2887 5675 2887 5676 2907 5676 2846 5676 2846 5677 2907 5677 2908 5677 2846 5678 2908 5678 2847 5678 2879 5679 2878 5679 2909 5679 2879 5680 2909 5680 2894 5680 2894 5681 2909 5681 2910 5681 2894 5682 2910 5682 2895 5682 2895 5683 2816 5683 2815 5683 2895 5684 2910 5684 2911 5684 2895 5685 2911 5685 2912 5685 2895 5686 2912 5686 2816 5686 2836 5687 2835 5687 2899 5687 2791 5688 2913 5688 2914 5688 2791 5689 2914 5689 2915 5689 2791 5690 2915 5690 2792 5690 2791 5691 2896 5691 2913 5691 2896 5692 2898 5692 2916 5692 2896 5693 2916 5693 2913 5693 2897 5694 2917 5694 2898 5694 2897 5695 2901 5695 2917 5695 2898 5696 2917 5696 2918 5696 2898 5697 2918 5697 2916 5697 2899 5698 2835 5698 2834 5698 2899 5699 2834 5699 2833 5699 2899 5700 2833 5700 2919 5700 2899 5701 2919 5701 2920 5701 2899 5702 2920 5702 2900 5702 2900 5703 2920 5703 2921 5703 2900 5704 2921 5704 2902 5704 2901 5705 2903 5705 2922 5705 2901 5706 2922 5706 2923 5706 2901 5707 2923 5707 2924 5707 2901 5708 2924 5708 2917 5708 2902 5709 2925 5709 2922 5709 2902 5710 2922 5710 2903 5710 2902 5711 2921 5711 2925 5711 2904 5712 2805 5712 2804 5712 2904 5713 2804 5713 2905 5713 2905 5714 2804 5714 2926 5714 2905 5715 2926 5715 2927 5715 2905 5716 2927 5716 2928 5716 2905 5717 2928 5717 2906 5717 2906 5718 2928 5718 2929 5718 2906 5719 2929 5719 2907 5719 2907 5720 2929 5720 2930 5720 2907 5721 2930 5721 2908 5721 2908 5722 2930 5722 2848 5722 2908 5723 2848 5723 2847 5723 2878 5724 2877 5724 2931 5724 2878 5725 2931 5725 2909 5725 2909 5726 2931 5726 2932 5726 2909 5727 2932 5727 2910 5727 2910 5728 2932 5728 2933 5728 2910 5729 2933 5729 2911 5729 2816 5730 2912 5730 2817 5730 2911 5731 2933 5731 2934 5731 2911 5732 2934 5732 2935 5732 2911 5733 2935 5733 2936 5733 2911 5734 2936 5734 2937 5734 2911 5735 2937 5735 2912 5735 2912 5736 2818 5736 2817 5736 2912 5737 2937 5737 2938 5737 2912 5738 2938 5738 2939 5738 2912 5739 2939 5739 2818 5739 2913 5740 2916 5740 2914 5740 2914 5741 2916 5741 2918 5741 2914 5742 2918 5742 2940 5742 2914 5743 2940 5743 2941 5743 2914 5744 2941 5744 2942 5744 2914 5745 2942 5745 2915 5745 2915 5746 2942 5746 2792 5746 2792 5747 2942 5747 2793 5747 2917 5748 2924 5748 2918 5748 2918 5749 2924 5749 2940 5749 2833 5750 2832 5750 2943 5750 2833 5751 2943 5751 2919 5751 2919 5752 2943 5752 2944 5752 2919 5753 2944 5753 2921 5753 2919 5754 2921 5754 2920 5754 2921 5755 2944 5755 2945 5755 2921 5756 2945 5756 2946 5756 2921 5757 2946 5757 2925 5757 2922 5758 2925 5758 2947 5758 2922 5759 2947 5759 2948 5759 2922 5760 2948 5760 2923 5760 2923 5761 2948 5761 2949 5761 2923 5762 2949 5762 2924 5762 2924 5763 2949 5763 2950 5763 2924 5764 2950 5764 2951 5764 2924 5765 2951 5765 2940 5765 2925 5766 2946 5766 2952 5766 2925 5767 2952 5767 2947 5767 2804 5768 2803 5768 2926 5768 2926 5769 2803 5769 2953 5769 2926 5770 2953 5770 2954 5770 2926 5771 2954 5771 2927 5771 2927 5772 2954 5772 2955 5772 2927 5773 2955 5773 2956 5773 2927 5774 2956 5774 2928 5774 2928 5775 2956 5775 2957 5775 2928 5776 2957 5776 2929 5776 2929 5777 2957 5777 2958 5777 2929 5778 2958 5778 2959 5778 2929 5779 2959 5779 2960 5779 2929 5780 2960 5780 2849 5780 2929 5781 2849 5781 2930 5781 2930 5782 2849 5782 2848 5782 2877 5783 2876 5783 2931 5783 2931 5784 2876 5784 2875 5784 2931 5785 2875 5785 2961 5785 2931 5786 2961 5786 2962 5786 2931 5787 2962 5787 2932 5787 2932 5788 2962 5788 2963 5788 2932 5789 2963 5789 2964 5789 2932 5790 2964 5790 2933 5790 2933 5791 2964 5791 2965 5791 2933 5792 2965 5792 2934 5792 2934 5793 2966 5793 2935 5793 2934 5794 2965 5794 2967 5794 2934 5795 2967 5795 2968 5795 2934 5796 2968 5796 2966 5796 2935 5797 2966 5797 2936 5797 2936 5798 2966 5798 2969 5798 2936 5799 2969 5799 2970 5799 2936 5800 2970 5800 2937 5800 2937 5801 2939 5801 2938 5801 2937 5802 2970 5802 2971 5802 2937 5803 2971 5803 2972 5803 2937 5804 2972 5804 2973 5804 2937 5805 2973 5805 2974 5805 2937 5806 2974 5806 2939 5806 2818 5807 2939 5807 2819 5807 2939 5808 2974 5808 2819 5808 2940 5809 2951 5809 2975 5809 2940 5810 2975 5810 2941 5810 2941 5811 2975 5811 2976 5811 2941 5812 2976 5812 2977 5812 2941 5813 2977 5813 2942 5813 2942 5814 2977 5814 2794 5814 2942 5815 2794 5815 2793 5815 2832 5816 2831 5816 2943 5816 2943 5817 2831 5817 2978 5817 2943 5818 2978 5818 2979 5818 2943 5819 2979 5819 2944 5819 2944 5820 2979 5820 2980 5820 2944 5821 2980 5821 2945 5821 2945 5822 2952 5822 2946 5822 2945 5823 2980 5823 2952 5823 2947 5824 2952 5824 2981 5824 2947 5825 2981 5825 2982 5825 2947 5826 2982 5826 2948 5826 2948 5827 2982 5827 2983 5827 2948 5828 2983 5828 2949 5828 2949 5829 2983 5829 2950 5829 2950 5830 2983 5830 2984 5830 2950 5831 2984 5831 2985 5831 2950 5832 2985 5832 2951 5832 2951 5833 2985 5833 2975 5833 2952 5834 2980 5834 2986 5834 2952 5835 2986 5835 2987 5835 2952 5836 2987 5836 2988 5836 2952 5837 2988 5837 2981 5837 2803 5838 2802 5838 2953 5838 2953 5839 2802 5839 2801 5839 2953 5840 2801 5840 2989 5840 2953 5841 2989 5841 2954 5841 2954 5842 2989 5842 2990 5842 2954 5843 2990 5843 2955 5843 2955 5844 2990 5844 2991 5844 2955 5845 2991 5845 2992 5845 2955 5846 2992 5846 2956 5846 2956 5847 2992 5847 2993 5847 2956 5848 2993 5848 2957 5848 2957 5849 2993 5849 2994 5849 2957 5850 2994 5850 2995 5850 2957 5851 2995 5851 2958 5851 2958 5852 2995 5852 2996 5852 2958 5853 2996 5853 2997 5853 2958 5854 2997 5854 2851 5854 2958 5855 2851 5855 2850 5855 2958 5856 2850 5856 2959 5856 2959 5857 2850 5857 2960 5857 2960 5858 2850 5858 2849 5858 2875 5859 2874 5859 2961 5859 2961 5860 2874 5860 2998 5860 2961 5861 2998 5861 2999 5861 2961 5862 2999 5862 2962 5862 2962 5863 2999 5863 3000 5863 2962 5864 3000 5864 2963 5864 2963 5865 3000 5865 2964 5865 2964 5866 3000 5866 3001 5866 2964 5867 3001 5867 3002 5867 2964 5868 3002 5868 3003 5868 2964 5869 3003 5869 2965 5869 2965 5870 3003 5870 2967 5870 2966 5871 2968 5871 2969 5871 2967 5872 3003 5872 3004 5872 2967 5873 3004 5873 2968 5873 2968 5874 3004 5874 3005 5874 2968 5875 3005 5875 2969 5875 2969 5876 3005 5876 3006 5876 2969 5877 3006 5877 2971 5877 2969 5878 2971 5878 2970 5878 2971 5879 3006 5879 3007 5879 2971 5880 3007 5880 3008 5880 2971 5881 3008 5881 3009 5881 2971 5882 3009 5882 3010 5882 2971 5883 3010 5883 3011 5883 2971 5884 3011 5884 2972 5884 2972 5885 3011 5885 2974 5885 2972 5886 2974 5886 2973 5886 2974 5887 3011 5887 3010 5887 2974 5888 3010 5888 2821 5888 2974 5889 2821 5889 2820 5889 2974 5890 2820 5890 2819 5890 2975 5891 2985 5891 3012 5891 2975 5892 3012 5892 2976 5892 2976 5893 3012 5893 3013 5893 2976 5894 3013 5894 3014 5894 2976 5895 3014 5895 2977 5895 2977 5896 3014 5896 2795 5896 2977 5897 2795 5897 2794 5897 2831 5898 2830 5898 2978 5898 2978 5899 2830 5899 2829 5899 2978 5900 2829 5900 3015 5900 2978 5901 3015 5901 3016 5901 2978 5902 3016 5902 2980 5902 2978 5903 2980 5903 2979 5903 2980 5904 3016 5904 3008 5904 2980 5905 3008 5905 3017 5905 2980 5906 3017 5906 2987 5906 2980 5907 2987 5907 2986 5907 2981 5908 2988 5908 3018 5908 2981 5909 3018 5909 3019 5909 2981 5910 3019 5910 2982 5910 2982 5911 3019 5911 2983 5911 2983 5912 3020 5912 2984 5912 2983 5913 3019 5913 3021 5913 2983 5914 3021 5914 3020 5914 2984 5915 3020 5915 3022 5915 2984 5916 3022 5916 2985 5916 2985 5917 3023 5917 3012 5917 2985 5918 3022 5918 3023 5918 2987 5919 3024 5919 2988 5919 2987 5920 3017 5920 3008 5920 2987 5921 3008 5921 3025 5921 2987 5922 3025 5922 3026 5922 2987 5923 3026 5923 3027 5923 2987 5924 3027 5924 3024 5924 2988 5925 3024 5925 3018 5925 2989 5926 2801 5926 2800 5926 2989 5927 2800 5927 3028 5927 2989 5928 3028 5928 3029 5928 2989 5929 3029 5929 2990 5929 2990 5930 3029 5930 3030 5930 2990 5931 3030 5931 2991 5931 2991 5932 3030 5932 3031 5932 2991 5933 3031 5933 3032 5933 2991 5934 3032 5934 2992 5934 2992 5935 3032 5935 3033 5935 2992 5936 3033 5936 2993 5936 2993 5937 3033 5937 3034 5937 2993 5938 3034 5938 2994 5938 2994 5939 3034 5939 3035 5939 2994 5940 3035 5940 3036 5940 2994 5941 3036 5941 3037 5941 2994 5942 3037 5942 2995 5942 2995 5943 3037 5943 3038 5943 2995 5944 3038 5944 2852 5944 2995 5945 2852 5945 2996 5945 2996 5946 2852 5946 2997 5946 2997 5947 2852 5947 2851 5947 2874 5948 2873 5948 2998 5948 2998 5949 2873 5949 3039 5949 2998 5950 3039 5950 3040 5950 2998 5951 3040 5951 2999 5951 2999 5952 3040 5952 3041 5952 2999 5953 3041 5953 3000 5953 3000 5954 3041 5954 3042 5954 3000 5955 3042 5955 3043 5955 3000 5956 3043 5956 3044 5956 3000 5957 3044 5957 3001 5957 3001 5958 3003 5958 3002 5958 3001 5959 3044 5959 3045 5959 3001 5960 3045 5960 3046 5960 3001 5961 3046 5961 3003 5961 3003 5962 3046 5962 3047 5962 3003 5963 3047 5963 3004 5963 3004 5964 3026 5964 3006 5964 3004 5965 3006 5965 3005 5965 3004 5966 3047 5966 3045 5966 3004 5967 3045 5967 3048 5967 3004 5968 3048 5968 3049 5968 3004 5969 3049 5969 3050 5969 3004 5970 3050 5970 3027 5970 3004 5971 3027 5971 3026 5971 3006 5972 3026 5972 3007 5972 3007 5973 3026 5973 3025 5973 3007 5974 3025 5974 3008 5974 3008 5975 3016 5975 3015 5975 3008 5976 3015 5976 3051 5976 3008 5977 3051 5977 3009 5977 3009 5978 2823 5978 3010 5978 3009 5979 3051 5979 2824 5979 3009 5980 2824 5980 2823 5980 3010 5981 2822 5981 2821 5981 3010 5982 2823 5982 2822 5982 3012 5983 3023 5983 3052 5983 3012 5984 3052 5984 3013 5984 3013 5985 3052 5985 3053 5985 3013 5986 3053 5986 3054 5986 3013 5987 3054 5987 3014 5987 3014 5988 3054 5988 2797 5988 3014 5989 2797 5989 2796 5989 3014 5990 2796 5990 2795 5990 2829 5991 2828 5991 3015 5991 3015 5992 2828 5992 2827 5992 3015 5993 2827 5993 2826 5993 3015 5994 2826 5994 2825 5994 3015 5995 2825 5995 3051 5995 3018 5996 3055 5996 3019 5996 3018 5997 3024 5997 3056 5997 3018 5998 3056 5998 3055 5998 3019 5999 3055 5999 3021 5999 3020 6000 3057 6000 3058 6000 3020 6001 3058 6001 3022 6001 3020 6002 3021 6002 3059 6002 3020 6003 3059 6003 3057 6003 3021 6004 3055 6004 3059 6004 3022 6005 3058 6005 3023 6005 3023 6006 3060 6006 3052 6006 3023 6007 3058 6007 3061 6007 3023 6008 3061 6008 3060 6008 3024 6009 3027 6009 3062 6009 3024 6010 3062 6010 3056 6010 3027 6011 3050 6011 3062 6011 3028 6012 2800 6012 2799 6012 3028 6013 2799 6013 3063 6013 3028 6014 3063 6014 3064 6014 3028 6015 3064 6015 3029 6015 3029 6016 3064 6016 3065 6016 3029 6017 3065 6017 3030 6017 3030 6018 3065 6018 3031 6018 3031 6019 3065 6019 3066 6019 3031 6020 3066 6020 3067 6020 3031 6021 3067 6021 3032 6021 3032 6022 3067 6022 3068 6022 3032 6023 3068 6023 3033 6023 3033 6024 3068 6024 3069 6024 3033 6025 3069 6025 3034 6025 3034 6026 3069 6026 3070 6026 3034 6027 3070 6027 3071 6027 3034 6028 3071 6028 3072 6028 3034 6029 3072 6029 3073 6029 3034 6030 3073 6030 3035 6030 3035 6031 3073 6031 3074 6031 3035 6032 3074 6032 3036 6032 3036 6033 3074 6033 2855 6033 3036 6034 2855 6034 3037 6034 3037 6035 2854 6035 3038 6035 3037 6036 2855 6036 2854 6036 3038 6037 2853 6037 2852 6037 3038 6038 2854 6038 2853 6038 2873 6039 2872 6039 3039 6039 3039 6040 2872 6040 2871 6040 3039 6041 2871 6041 2870 6041 3039 6042 2870 6042 3075 6042 3039 6043 3075 6043 3040 6043 3040 6044 3075 6044 3076 6044 3040 6045 3076 6045 3041 6045 3041 6046 3076 6046 3077 6046 3041 6047 3077 6047 3078 6047 3041 6048 3078 6048 3043 6048 3041 6049 3043 6049 3042 6049 3043 6050 3078 6050 3079 6050 3043 6051 3079 6051 3044 6051 3044 6052 3079 6052 3045 6052 3045 6053 3079 6053 3080 6053 3045 6054 3080 6054 3048 6054 3045 6055 3047 6055 3046 6055 3048 6056 3080 6056 3049 6056 3049 6057 3080 6057 3081 6057 3049 6058 3081 6058 3082 6058 3049 6059 3082 6059 3083 6059 3049 6060 3083 6060 3062 6060 3049 6061 3062 6061 3050 6061 3051 6062 2825 6062 2824 6062 3052 6063 3060 6063 3053 6063 3053 6064 3084 6064 3054 6064 3053 6065 3060 6065 3085 6065 3053 6066 3085 6066 3084 6066 3054 6067 3084 6067 3086 6067 3054 6068 3086 6068 2798 6068 3054 6069 2798 6069 2797 6069 3055 6070 3056 6070 3087 6070 3055 6071 3087 6071 3059 6071 3056 6072 3062 6072 3083 6072 3056 6073 3083 6073 3087 6073 3057 6074 3088 6074 3089 6074 3057 6075 3089 6075 3058 6075 3057 6076 3059 6076 3088 6076 3058 6077 3089 6077 3090 6077 3058 6078 3090 6078 3061 6078 3059 6079 3087 6079 3091 6079 3059 6080 3091 6080 3088 6080 3060 6081 3061 6081 3092 6081 3060 6082 3092 6082 3085 6082 3061 6083 3090 6083 3092 6083 3063 6084 2799 6084 2798 6084 3063 6085 2798 6085 3086 6085 3063 6086 3086 6086 3084 6086 3063 6087 3084 6087 3064 6087 3064 6088 3084 6088 3085 6088 3064 6089 3085 6089 3065 6089 3065 6090 3085 6090 3092 6090 3065 6091 3092 6091 3066 6091 3066 6092 3092 6092 3090 6092 3066 6093 3090 6093 3093 6093 3066 6094 3093 6094 3067 6094 3067 6095 3093 6095 3094 6095 3067 6096 3094 6096 3068 6096 3068 6097 3094 6097 3095 6097 3068 6098 3095 6098 3069 6098 3069 6099 3095 6099 3070 6099 3070 6100 3095 6100 3096 6100 3070 6101 3096 6101 3097 6101 3070 6102 3097 6102 3098 6102 3070 6103 3098 6103 3099 6103 3070 6104 3099 6104 3071 6104 3071 6105 3099 6105 3072 6105 3072 6106 3099 6106 3100 6106 3072 6107 3100 6107 3073 6107 3073 6108 3100 6108 2857 6108 3073 6109 2857 6109 3074 6109 3074 6110 2857 6110 2856 6110 3074 6111 2856 6111 2855 6111 2870 6112 2869 6112 3101 6112 2870 6113 3101 6113 3075 6113 3075 6114 3101 6114 3102 6114 3075 6115 3102 6115 3076 6115 3076 6116 3102 6116 3103 6116 3076 6117 3103 6117 3104 6117 3076 6118 3104 6118 3077 6118 3077 6119 3104 6119 3078 6119 3078 6120 3104 6120 3105 6120 3078 6121 3105 6121 3106 6121 3078 6122 3106 6122 3079 6122 3079 6123 3106 6123 3107 6123 3079 6124 3107 6124 3081 6124 3079 6125 3081 6125 3080 6125 3081 6126 3108 6126 3109 6126 3081 6127 3109 6127 3082 6127 3081 6128 3107 6128 3108 6128 3082 6129 3109 6129 3110 6129 3082 6130 3110 6130 3083 6130 3083 6131 3110 6131 3087 6131 3087 6132 3110 6132 3091 6132 3088 6133 3091 6133 3111 6133 3088 6134 3111 6134 3112 6134 3088 6135 3112 6135 3113 6135 3088 6136 3113 6136 3089 6136 3089 6137 3113 6137 3090 6137 3090 6138 3113 6138 3093 6138 3091 6139 3110 6139 3111 6139 3093 6140 3113 6140 3114 6140 3093 6141 3114 6141 3094 6141 3094 6142 3114 6142 3115 6142 3094 6143 3115 6143 3095 6143 3095 6144 3115 6144 3116 6144 3095 6145 3116 6145 3096 6145 3096 6146 3116 6146 3117 6146 3096 6147 3117 6147 3118 6147 3096 6148 3118 6148 3119 6148 3096 6149 3119 6149 3097 6149 3097 6150 3119 6150 3098 6150 3098 6151 3119 6151 3099 6151 3099 6152 3119 6152 3120 6152 3099 6153 3120 6153 3100 6153 3100 6154 3120 6154 3121 6154 3100 6155 3121 6155 2858 6155 3100 6156 2858 6156 2857 6156 2869 6157 2868 6157 3101 6157 3101 6158 3122 6158 3123 6158 3101 6159 3123 6159 3102 6159 3101 6160 2868 6160 3122 6160 3102 6161 3123 6161 3124 6161 3102 6162 3124 6162 3125 6162 3102 6163 3125 6163 3126 6163 3102 6164 3126 6164 3103 6164 3103 6165 3126 6165 3127 6165 3103 6166 3127 6166 3128 6166 3103 6167 3128 6167 3104 6167 3104 6168 3128 6168 3107 6168 3104 6169 3107 6169 3105 6169 3105 6170 3107 6170 3106 6170 3107 6171 3128 6171 3129 6171 3107 6172 3129 6172 3108 6172 3108 6173 3129 6173 3130 6173 3108 6174 3130 6174 3131 6174 3108 6175 3131 6175 3109 6175 3109 6176 3131 6176 3111 6176 3109 6177 3111 6177 3110 6177 3111 6178 3131 6178 3112 6178 3112 6179 3114 6179 3113 6179 3112 6180 3131 6180 3132 6180 3112 6181 3132 6181 3114 6181 3114 6182 3132 6182 3115 6182 3115 6183 3132 6183 3133 6183 3115 6184 3133 6184 3116 6184 3116 6185 3133 6185 3134 6185 3116 6186 3134 6186 3135 6186 3116 6187 3135 6187 3136 6187 3116 6188 3136 6188 3137 6188 3116 6189 3137 6189 3117 6189 3117 6190 3137 6190 3138 6190 3117 6191 3138 6191 3118 6191 3118 6192 3138 6192 3139 6192 3118 6193 3139 6193 3119 6193 3119 6194 3139 6194 3120 6194 3120 6195 3139 6195 2861 6195 3120 6196 2861 6196 3121 6196 3121 6197 2859 6197 2858 6197 3121 6198 2861 6198 2860 6198 3121 6199 2860 6199 2859 6199 2868 6200 2867 6200 3122 6200 3122 6201 2867 6201 2866 6201 3122 6202 2866 6202 2865 6202 3122 6203 2865 6203 2864 6203 3122 6204 2864 6204 3140 6204 3122 6205 3140 6205 3123 6205 3123 6206 3140 6206 3141 6206 3123 6207 3141 6207 3142 6207 3123 6208 3142 6208 3124 6208 3124 6209 3142 6209 3125 6209 3125 6210 3142 6210 3126 6210 3126 6211 3142 6211 3129 6211 3126 6212 3129 6212 3127 6212 3127 6213 3129 6213 3128 6213 3129 6214 3142 6214 3130 6214 3130 6215 3142 6215 3143 6215 3130 6216 3143 6216 3133 6216 3130 6217 3133 6217 3132 6217 3130 6218 3132 6218 3131 6218 3133 6219 3143 6219 3144 6219 3133 6220 3144 6220 3145 6220 3133 6221 3145 6221 3134 6221 3134 6222 3145 6222 3146 6222 3134 6223 3146 6223 3135 6223 3135 6224 3146 6224 3136 6224 3136 6225 3146 6225 3147 6225 3136 6226 3147 6226 3137 6226 3137 6227 3147 6227 3138 6227 3138 6228 3147 6228 3139 6228 3139 6229 3147 6229 2861 6229 2861 6230 3147 6230 2862 6230 2864 6231 2863 6231 3140 6231 3140 6232 2863 6232 3147 6232 3140 6233 3147 6233 3141 6233 3141 6234 3147 6234 3146 6234 3141 6235 3146 6235 3145 6235 3141 6236 3145 6236 3144 6236 3141 6237 3144 6237 3143 6237 3141 6238 3143 6238 3142 6238 3147 6239 2863 6239 2862 6239 3148 6240 3149 6240 3150 6240 3148 6241 3150 6241 3151 6241 3148 6242 3151 6242 3152 6242 3148 6243 3152 6243 3153 6243 3148 6244 3153 6244 3154 6244 3148 6245 3154 6245 3155 6245 3148 6246 3155 6246 3156 6246 3148 6247 3156 6247 3157 6247 3148 6248 3157 6248 3158 6248 3148 6249 3158 6249 3159 6249 3148 6250 3159 6250 3160 6250 3148 6251 3160 6251 3161 6251 3148 6252 3161 6252 3162 6252 3148 6253 3162 6253 3163 6253 3148 6254 3163 6254 3164 6254 3148 6255 3164 6255 3165 6255 3148 6256 3165 6256 3166 6256 3148 6257 3166 6257 3167 6257 3148 6258 3167 6258 3168 6258 3148 6259 3168 6259 3169 6259 3148 6260 3169 6260 3170 6260 3148 6261 3170 6261 3171 6261 3148 6262 3171 6262 3172 6262 3148 6263 3172 6263 3173 6263 3148 6264 3173 6264 3174 6264 3148 6265 3174 6265 3175 6265 3148 6266 3175 6266 3176 6266 3148 6267 3176 6267 3177 6267 3148 6268 3177 6268 3149 6268 3149 6269 3177 6269 3150 6269 3150 6270 3177 6270 3178 6270 3150 6271 3178 6271 3179 6271 3150 6272 3179 6272 3180 6272 3150 6273 3180 6273 3151 6273 3151 6274 3180 6274 3152 6274 3152 6275 3180 6275 3181 6275 3152 6276 3181 6276 3182 6276 3152 6277 3182 6277 3153 6277 3153 6278 3182 6278 3154 6278 3177 6279 3176 6279 3183 6279 3177 6280 3183 6280 3178 6280 3178 6281 3183 6281 3184 6281 3178 6282 3184 6282 3185 6282 3178 6283 3185 6283 3179 6283 3179 6284 3185 6284 3186 6284 3179 6285 3186 6285 3187 6285 3179 6286 3187 6286 3188 6286 3179 6287 3188 6287 3189 6287 3179 6288 3189 6288 3180 6288 3180 6289 3189 6289 3190 6289 3180 6290 3190 6290 3181 6290 3181 6291 3190 6291 3182 6291 3182 6292 3191 6292 3192 6292 3182 6293 3192 6293 3154 6293 3182 6294 3190 6294 3193 6294 3182 6295 3193 6295 3194 6295 3182 6296 3194 6296 3195 6296 3182 6297 3195 6297 3191 6297 3154 6298 3192 6298 3196 6298 3154 6299 3196 6299 3155 6299 3176 6300 3175 6300 3183 6300 3183 6301 3175 6301 3184 6301 3184 6302 3175 6302 3197 6302 3184 6303 3197 6303 3186 6303 3184 6304 3186 6304 3185 6304 3186 6305 3197 6305 3198 6305 3186 6306 3198 6306 3199 6306 3186 6307 3199 6307 3187 6307 3187 6308 3199 6308 3188 6308 3188 6309 3199 6309 3189 6309 3189 6310 3199 6310 3200 6310 3189 6311 3200 6311 3201 6311 3189 6312 3201 6312 3190 6312 3190 6313 3201 6313 3193 6313 3191 6314 3196 6314 3192 6314 3191 6315 3195 6315 3202 6315 3191 6316 3202 6316 3196 6316 3193 6317 3201 6317 3203 6317 3193 6318 3203 6318 3194 6318 3194 6319 3203 6319 3204 6319 3194 6320 3204 6320 3205 6320 3194 6321 3205 6321 3206 6321 3194 6322 3206 6322 3207 6322 3194 6323 3207 6323 3208 6323 3194 6324 3208 6324 3195 6324 3195 6325 3208 6325 3202 6325 3196 6326 3202 6326 3209 6326 3196 6327 3209 6327 3155 6327 3155 6328 3209 6328 3210 6328 3155 6329 3210 6329 3156 6329 3175 6330 3174 6330 3197 6330 3197 6331 3174 6331 3211 6331 3197 6332 3211 6332 3212 6332 3197 6333 3212 6333 3213 6333 3197 6334 3213 6334 3214 6334 3197 6335 3214 6335 3198 6335 3198 6336 3214 6336 3215 6336 3198 6337 3215 6337 3216 6337 3198 6338 3216 6338 3199 6338 3199 6339 3216 6339 3217 6339 3199 6340 3217 6340 3218 6340 3199 6341 3218 6341 3200 6341 3200 6342 3218 6342 3201 6342 3201 6343 3218 6343 3203 6343 3202 6344 3208 6344 3219 6344 3202 6345 3219 6345 3209 6345 3203 6346 3218 6346 3204 6346 3204 6347 3220 6347 3221 6347 3204 6348 3221 6348 3205 6348 3204 6349 3218 6349 3220 6349 3205 6350 3221 6350 3222 6350 3205 6351 3222 6351 3206 6351 3206 6352 3222 6352 3223 6352 3206 6353 3223 6353 3224 6353 3206 6354 3224 6354 3207 6354 3207 6355 3224 6355 3225 6355 3207 6356 3225 6356 3226 6356 3207 6357 3226 6357 3208 6357 3208 6358 3226 6358 3219 6358 3209 6359 3219 6359 3227 6359 3209 6360 3227 6360 3210 6360 3210 6361 3227 6361 3157 6361 3210 6362 3157 6362 3156 6362 3174 6363 3173 6363 3211 6363 3211 6364 3173 6364 3172 6364 3211 6365 3172 6365 3228 6365 3211 6366 3228 6366 3229 6366 3211 6367 3229 6367 3230 6367 3211 6368 3230 6368 3231 6368 3211 6369 3231 6369 3232 6369 3211 6370 3232 6370 3233 6370 3211 6371 3233 6371 3234 6371 3211 6372 3234 6372 3235 6372 3211 6373 3235 6373 3236 6373 3211 6374 3236 6374 3237 6374 3211 6375 3237 6375 3238 6375 3211 6376 3238 6376 3239 6376 3211 6377 3239 6377 3240 6377 3211 6378 3240 6378 3241 6378 3211 6379 3241 6379 3242 6379 3211 6380 3242 6380 3243 6380 3211 6381 3243 6381 3244 6381 3211 6382 3244 6382 3245 6382 3211 6383 3245 6383 3246 6383 3211 6384 3246 6384 3247 6384 3211 6385 3247 6385 3248 6385 3211 6386 3248 6386 3249 6386 3211 6387 3249 6387 3250 6387 3211 6388 3250 6388 3251 6388 3211 6389 3251 6389 3252 6389 3211 6390 3252 6390 3253 6390 3211 6391 3253 6391 3254 6391 3211 6392 3254 6392 3255 6392 3211 6393 3255 6393 3213 6393 3211 6394 3213 6394 3212 6394 3213 6395 3255 6395 3214 6395 3214 6396 3255 6396 3254 6396 3214 6397 3254 6397 3253 6397 3214 6398 3253 6398 3252 6398 3214 6399 3252 6399 3251 6399 3214 6400 3251 6400 3256 6400 3214 6401 3256 6401 3257 6401 3214 6402 3257 6402 3258 6402 3214 6403 3258 6403 3259 6403 3214 6404 3259 6404 3215 6404 3215 6405 3259 6405 3216 6405 3216 6406 3259 6406 3260 6406 3216 6407 3260 6407 3261 6407 3216 6408 3261 6408 3220 6408 3216 6409 3220 6409 3217 6409 3217 6410 3220 6410 3218 6410 3219 6411 3226 6411 3262 6411 3219 6412 3262 6412 3227 6412 3220 6413 3261 6413 3263 6413 3220 6414 3263 6414 3221 6414 3221 6415 3263 6415 3222 6415 3222 6416 3263 6416 3264 6416 3222 6417 3264 6417 3265 6417 3222 6418 3265 6418 3223 6418 3224 6419 3223 6419 3266 6419 3224 6420 3266 6420 3267 6420 3224 6421 3267 6421 3225 6421 3225 6422 3267 6422 3268 6422 3225 6423 3268 6423 3269 6423 3225 6424 3269 6424 3226 6424 3226 6425 3269 6425 3262 6425 3227 6426 3262 6426 3270 6426 3227 6427 3270 6427 3157 6427 3157 6428 3271 6428 3272 6428 3157 6429 3272 6429 3273 6429 3157 6430 3273 6430 3158 6430 3157 6431 3270 6431 3274 6431 3157 6432 3274 6432 3271 6432 3251 6433 3275 6433 3256 6433 3251 6434 3250 6434 3275 6434 3256 6435 3276 6435 3257 6435 3256 6436 3275 6436 3276 6436 3257 6437 3276 6437 3265 6437 3257 6438 3265 6438 3264 6438 3257 6439 3264 6439 3277 6439 3257 6440 3277 6440 3258 6440 3258 6441 3277 6441 3260 6441 3258 6442 3260 6442 3259 6442 3260 6443 3277 6443 3263 6443 3260 6444 3263 6444 3261 6444 3262 6445 3269 6445 3278 6445 3262 6446 3278 6446 3279 6446 3262 6447 3279 6447 3274 6447 3262 6448 3274 6448 3270 6448 3263 6449 3277 6449 3264 6449 3223 6450 3265 6450 3280 6450 3223 6451 3280 6451 3266 6451 3266 6452 3280 6452 3281 6452 3266 6453 3281 6453 3282 6453 3266 6454 3282 6454 3267 6454 3267 6455 3282 6455 3268 6455 3268 6456 3282 6456 3283 6456 3268 6457 3283 6457 3284 6457 3268 6458 3284 6458 3285 6458 3268 6459 3285 6459 3269 6459 3269 6460 3285 6460 3278 6460 3271 6461 3286 6461 3287 6461 3271 6462 3287 6462 3288 6462 3271 6463 3288 6463 3289 6463 3271 6464 3289 6464 3272 6464 3271 6465 3274 6465 3279 6465 3271 6466 3279 6466 3286 6466 3272 6467 3289 6467 3290 6467 3272 6468 3290 6468 3291 6468 3272 6469 3291 6469 3273 6469 3273 6470 3291 6470 3292 6470 3273 6471 3292 6471 3293 6471 3273 6472 3293 6472 3158 6472 3158 6473 3293 6473 3294 6473 3158 6474 3294 6474 3295 6474 3158 6475 3295 6475 3296 6475 3158 6476 3296 6476 3297 6476 3158 6477 3297 6477 3298 6477 3158 6478 3298 6478 3299 6478 3158 6479 3299 6479 3300 6479 3158 6480 3300 6480 3159 6480 3172 6481 3171 6481 3301 6481 3172 6482 3301 6482 3228 6482 3275 6483 3250 6483 3249 6483 3275 6484 3249 6484 3302 6484 3275 6485 3302 6485 3303 6485 3275 6486 3303 6486 3276 6486 3276 6487 3303 6487 3265 6487 3278 6488 3285 6488 3304 6488 3278 6489 3304 6489 3305 6489 3278 6490 3305 6490 3286 6490 3278 6491 3286 6491 3279 6491 3265 6492 3303 6492 3280 6492 3280 6493 3303 6493 3306 6493 3280 6494 3306 6494 3307 6494 3280 6495 3307 6495 3308 6495 3280 6496 3308 6496 3281 6496 3281 6497 3308 6497 3309 6497 3281 6498 3309 6498 3283 6498 3281 6499 3283 6499 3282 6499 3283 6500 3309 6500 3284 6500 3284 6501 3309 6501 3310 6501 3284 6502 3310 6502 3311 6502 3284 6503 3311 6503 3312 6503 3284 6504 3312 6504 3313 6504 3284 6505 3313 6505 3314 6505 3284 6506 3314 6506 3315 6506 3284 6507 3315 6507 3316 6507 3284 6508 3316 6508 3242 6508 3284 6509 3242 6509 3241 6509 3284 6510 3241 6510 3317 6510 3284 6511 3317 6511 3318 6511 3284 6512 3318 6512 3319 6512 3284 6513 3319 6513 3320 6513 3284 6514 3320 6514 3321 6514 3284 6515 3321 6515 3322 6515 3284 6516 3322 6516 3323 6516 3284 6517 3323 6517 3324 6517 3284 6518 3324 6518 3325 6518 3284 6519 3325 6519 3326 6519 3284 6520 3326 6520 3327 6520 3284 6521 3327 6521 3328 6521 3284 6522 3328 6522 3329 6522 3284 6523 3329 6523 3330 6523 3284 6524 3330 6524 3331 6524 3284 6525 3331 6525 3332 6525 3284 6526 3332 6526 3292 6526 3284 6527 3292 6527 3291 6527 3284 6528 3291 6528 3290 6528 3284 6529 3290 6529 3333 6529 3284 6530 3333 6530 3334 6530 3284 6531 3334 6531 3305 6531 3284 6532 3305 6532 3304 6532 3284 6533 3304 6533 3285 6533 3286 6534 3305 6534 3287 6534 3287 6535 3305 6535 3288 6535 3288 6536 3305 6536 3334 6536 3288 6537 3334 6537 3289 6537 3289 6538 3333 6538 3290 6538 3289 6539 3334 6539 3333 6539 3293 6540 3292 6540 3332 6540 3293 6541 3332 6541 3294 6541 3294 6542 3332 6542 3331 6542 3294 6543 3331 6543 3295 6543 3295 6544 3335 6544 3296 6544 3295 6545 3331 6545 3330 6545 3295 6546 3330 6546 3335 6546 3296 6547 3335 6547 3297 6547 3297 6548 3335 6548 3330 6548 3297 6549 3330 6549 3298 6549 3298 6550 3330 6550 3299 6550 3299 6551 3330 6551 3300 6551 3300 6552 3330 6552 3336 6552 3300 6553 3336 6553 3337 6553 3300 6554 3337 6554 3338 6554 3300 6555 3338 6555 3160 6555 3300 6556 3160 6556 3159 6556 3171 6557 3170 6557 3301 6557 3301 6558 3170 6558 3339 6558 3301 6559 3339 6559 3340 6559 3301 6560 3340 6560 3341 6560 3301 6561 3341 6561 3342 6561 3301 6562 3342 6562 3228 6562 3228 6563 3342 6563 3229 6563 3249 6564 3248 6564 3316 6564 3249 6565 3316 6565 3302 6565 3302 6566 3343 6566 3344 6566 3302 6567 3344 6567 3306 6567 3302 6568 3306 6568 3303 6568 3302 6569 3316 6569 3343 6569 3307 6570 3306 6570 3344 6570 3307 6571 3344 6571 3345 6571 3307 6572 3345 6572 3346 6572 3307 6573 3346 6573 3309 6573 3307 6574 3309 6574 3308 6574 3309 6575 3346 6575 3312 6575 3309 6576 3312 6576 3311 6576 3309 6577 3311 6577 3310 6577 3330 6578 3329 6578 3336 6578 3336 6579 3329 6579 3337 6579 3337 6580 3347 6580 3348 6580 3337 6581 3348 6581 3338 6581 3337 6582 3329 6582 3328 6582 3337 6583 3328 6583 3347 6583 3338 6584 3348 6584 3349 6584 3338 6585 3349 6585 3160 6585 3160 6586 3349 6586 3161 6586 3170 6587 3169 6587 3339 6587 3339 6588 3350 6588 3340 6588 3339 6589 3169 6589 3350 6589 3340 6590 3351 6590 3341 6590 3340 6591 3350 6591 3351 6591 3341 6592 3352 6592 3353 6592 3341 6593 3353 6593 3354 6593 3341 6594 3354 6594 3342 6594 3341 6595 3351 6595 3352 6595 3342 6596 3354 6596 3230 6596 3342 6597 3230 6597 3229 6597 3248 6598 3247 6598 3316 6598 3316 6599 3315 6599 3343 6599 3316 6600 3247 6600 3246 6600 3316 6601 3246 6601 3245 6601 3316 6602 3245 6602 3244 6602 3316 6603 3244 6603 3243 6603 3316 6604 3243 6604 3242 6604 3343 6605 3315 6605 3314 6605 3343 6606 3314 6606 3344 6606 3344 6607 3314 6607 3313 6607 3344 6608 3313 6608 3312 6608 3344 6609 3312 6609 3345 6609 3345 6610 3312 6610 3346 6610 3347 6611 3355 6611 3356 6611 3347 6612 3356 6612 3348 6612 3347 6613 3328 6613 3327 6613 3347 6614 3327 6614 3355 6614 3348 6615 3356 6615 3357 6615 3348 6616 3357 6616 3358 6616 3348 6617 3358 6617 3349 6617 3349 6618 3358 6618 3359 6618 3349 6619 3359 6619 3162 6619 3349 6620 3162 6620 3161 6620 3169 6621 3168 6621 3360 6621 3169 6622 3360 6622 3350 6622 3350 6623 3360 6623 3361 6623 3350 6624 3361 6624 3362 6624 3350 6625 3362 6625 3363 6625 3350 6626 3363 6626 3351 6626 3351 6627 3363 6627 3364 6627 3351 6628 3364 6628 3352 6628 3352 6629 3364 6629 3353 6629 3353 6630 3365 6630 3318 6630 3353 6631 3318 6631 3354 6631 3353 6632 3364 6632 3365 6632 3354 6633 3318 6633 3317 6633 3354 6634 3317 6634 3231 6634 3354 6635 3231 6635 3230 6635 3355 6636 3366 6636 3367 6636 3355 6637 3367 6637 3368 6637 3355 6638 3368 6638 3357 6638 3355 6639 3357 6639 3356 6639 3355 6640 3327 6640 3326 6640 3355 6641 3326 6641 3325 6641 3355 6642 3325 6642 3366 6642 3357 6643 3369 6643 3358 6643 3357 6644 3368 6644 3369 6644 3358 6645 3369 6645 3359 6645 3359 6646 3163 6646 3162 6646 3359 6647 3369 6647 3164 6647 3359 6648 3164 6648 3163 6648 3168 6649 3167 6649 3360 6649 3360 6650 3167 6650 3370 6650 3360 6651 3370 6651 3361 6651 3361 6652 3370 6652 3371 6652 3361 6653 3371 6653 3372 6653 3361 6654 3372 6654 3373 6654 3361 6655 3373 6655 3362 6655 3362 6656 3374 6656 3363 6656 3362 6657 3373 6657 3375 6657 3362 6658 3375 6658 3374 6658 3363 6659 3376 6659 3377 6659 3363 6660 3377 6660 3378 6660 3363 6661 3378 6661 3364 6661 3363 6662 3374 6662 3379 6662 3363 6663 3379 6663 3380 6663 3363 6664 3380 6664 3376 6664 3364 6665 3378 6665 3320 6665 3364 6666 3320 6666 3319 6666 3364 6667 3319 6667 3365 6667 3365 6668 3319 6668 3318 6668 3317 6669 3241 6669 3240 6669 3317 6670 3240 6670 3239 6670 3317 6671 3239 6671 3238 6671 3317 6672 3238 6672 3237 6672 3317 6673 3237 6673 3236 6673 3317 6674 3236 6674 3235 6674 3317 6675 3235 6675 3234 6675 3317 6676 3234 6676 3233 6676 3317 6677 3233 6677 3232 6677 3317 6678 3232 6678 3231 6678 3366 6679 3381 6679 3367 6679 3366 6680 3325 6680 3324 6680 3366 6681 3324 6681 3323 6681 3366 6682 3323 6682 3322 6682 3366 6683 3322 6683 3381 6683 3367 6684 3381 6684 3382 6684 3367 6685 3382 6685 3383 6685 3367 6686 3383 6686 3368 6686 3368 6687 3383 6687 3384 6687 3368 6688 3384 6688 3385 6688 3368 6689 3385 6689 3386 6689 3368 6690 3386 6690 3387 6690 3368 6691 3387 6691 3369 6691 3369 6692 3388 6692 3389 6692 3369 6693 3389 6693 3165 6693 3369 6694 3165 6694 3164 6694 3369 6695 3387 6695 3388 6695 3167 6696 3166 6696 3371 6696 3167 6697 3371 6697 3370 6697 3372 6698 3388 6698 3387 6698 3372 6699 3387 6699 3373 6699 3372 6700 3371 6700 3388 6700 3374 6701 3375 6701 3390 6701 3374 6702 3390 6702 3391 6702 3374 6703 3391 6703 3379 6703 3373 6704 3387 6704 3375 6704 3376 6705 3380 6705 3392 6705 3376 6706 3392 6706 3393 6706 3376 6707 3393 6707 3382 6707 3376 6708 3382 6708 3377 6708 3377 6709 3394 6709 3378 6709 3377 6710 3382 6710 3381 6710 3377 6711 3381 6711 3394 6711 3378 6712 3394 6712 3321 6712 3378 6713 3321 6713 3320 6713 3379 6714 3391 6714 3380 6714 3380 6715 3391 6715 3390 6715 3380 6716 3390 6716 3392 6716 3381 6717 3322 6717 3321 6717 3381 6718 3321 6718 3394 6718 3382 6719 3393 6719 3383 6719 3383 6720 3393 6720 3392 6720 3383 6721 3392 6721 3384 6721 3384 6722 3392 6722 3390 6722 3384 6723 3390 6723 3385 6723 3385 6724 3390 6724 3386 6724 3386 6725 3390 6725 3375 6725 3386 6726 3375 6726 3387 6726 3388 6727 3371 6727 3389 6727 3389 6728 3371 6728 3166 6728 3389 6729 3166 6729 3165 6729 3395 6730 3396 6730 3397 6730 3395 6731 3397 6731 3398 6731 3395 6732 3398 6732 3399 6732 3395 6733 3399 6733 3400 6733 3395 6734 3400 6734 3401 6734 3395 6735 3401 6735 3402 6735 3395 6736 3402 6736 3403 6736 3395 6737 3403 6737 3404 6737 3395 6738 3404 6738 3405 6738 3395 6739 3405 6739 3406 6739 3395 6740 3406 6740 3407 6740 3395 6741 3407 6741 3408 6741 3395 6742 3408 6742 3409 6742 3395 6743 3409 6743 3410 6743 3395 6744 3410 6744 3411 6744 3395 6745 3411 6745 3412 6745 3395 6746 3412 6746 3413 6746 3395 6747 3413 6747 3414 6747 3395 6748 3414 6748 3415 6748 3395 6749 3415 6749 3416 6749 3395 6750 3416 6750 3417 6750 3395 6751 3417 6751 3418 6751 3395 6752 3418 6752 3419 6752 3395 6753 3419 6753 3420 6753 3395 6754 3420 6754 3421 6754 3395 6755 3421 6755 3422 6755 3395 6756 3422 6756 3423 6756 3395 6757 3423 6757 3424 6757 3395 6758 3424 6758 3425 6758 3395 6759 3425 6759 3426 6759 3395 6760 3426 6760 3427 6760 3395 6761 3427 6761 3428 6761 3395 6762 3428 6762 3429 6762 3395 6763 3429 6763 3430 6763 3395 6764 3430 6764 3431 6764 3395 6765 3431 6765 3432 6765 3395 6766 3432 6766 3433 6766 3395 6767 3433 6767 3434 6767 3395 6768 3434 6768 3435 6768 3395 6769 3435 6769 3436 6769 3395 6770 3436 6770 3437 6770 3395 6771 3437 6771 3438 6771 3395 6772 3438 6772 3439 6772 3395 6773 3439 6773 3440 6773 3395 6774 3440 6774 3441 6774 3395 6775 3441 6775 3442 6775 3395 6776 3442 6776 3443 6776 3395 6777 3443 6777 3444 6777 3395 6778 3444 6778 3445 6778 3395 6779 3445 6779 3446 6779 3395 6780 3446 6780 3447 6780 3395 6781 3447 6781 3448 6781 3395 6782 3448 6782 3449 6782 3395 6783 3449 6783 3450 6783 3395 6784 3450 6784 3451 6784 3395 6785 3451 6785 3452 6785 3395 6786 3452 6786 3453 6786 3395 6787 3453 6787 3454 6787 3395 6788 3454 6788 3455 6788 3395 6789 3455 6789 3456 6789 3395 6790 3456 6790 3457 6790 3395 6791 3457 6791 3458 6791 3395 6792 3458 6792 3459 6792 3395 6793 3459 6793 3460 6793 3395 6794 3460 6794 3396 6794 3396 6795 3460 6795 3397 6795 3397 6796 3461 6796 3462 6796 3397 6797 3462 6797 3398 6797 3397 6798 3460 6798 3461 6798 3431 6799 3430 6799 3432 6799 3460 6800 3463 6800 3461 6800 3460 6801 3459 6801 3464 6801 3460 6802 3464 6802 3463 6802 3461 6803 3463 6803 3465 6803 3461 6804 3465 6804 3462 6804 3398 6805 3462 6805 3466 6805 3398 6806 3466 6806 3399 6806 3430 6807 3429 6807 3467 6807 3430 6808 3467 6808 3468 6808 3430 6809 3468 6809 3469 6809 3430 6810 3469 6810 3470 6810 3430 6811 3470 6811 3471 6811 3430 6812 3471 6812 3472 6812 3430 6813 3472 6813 3473 6813 3430 6814 3473 6814 3474 6814 3430 6815 3474 6815 3475 6815 3430 6816 3475 6816 3433 6816 3430 6817 3433 6817 3432 6817 3463 6818 3464 6818 3476 6818 3463 6819 3476 6819 3465 6819 3459 6820 3458 6820 3477 6820 3459 6821 3477 6821 3464 6821 3464 6822 3477 6822 3478 6822 3464 6823 3478 6823 3476 6823 3462 6824 3465 6824 3479 6824 3462 6825 3479 6825 3466 6825 3466 6826 3400 6826 3399 6826 3466 6827 3479 6827 3400 6827 3429 6828 3428 6828 3480 6828 3429 6829 3480 6829 3467 6829 3433 6830 3475 6830 3481 6830 3433 6831 3481 6831 3482 6831 3433 6832 3482 6832 3483 6832 3433 6833 3483 6833 3434 6833 3465 6834 3476 6834 3479 6834 3458 6835 3457 6835 3477 6835 3477 6836 3457 6836 3484 6836 3477 6837 3484 6837 3485 6837 3477 6838 3485 6838 3478 6838 3476 6839 3478 6839 3486 6839 3476 6840 3486 6840 3479 6840 3400 6841 3479 6841 3487 6841 3400 6842 3487 6842 3401 6842 3479 6843 3486 6843 3487 6843 3428 6844 3427 6844 3488 6844 3428 6845 3488 6845 3480 6845 3480 6846 3489 6846 3490 6846 3480 6847 3490 6847 3467 6847 3480 6848 3488 6848 3489 6848 3467 6849 3490 6849 3491 6849 3467 6850 3491 6850 3468 6850 3475 6851 3474 6851 3481 6851 3481 6852 3492 6852 3493 6852 3481 6853 3493 6853 3482 6853 3481 6854 3474 6854 3492 6854 3482 6855 3493 6855 3494 6855 3482 6856 3494 6856 3495 6856 3482 6857 3495 6857 3496 6857 3482 6858 3496 6858 3483 6858 3483 6859 3496 6859 3437 6859 3483 6860 3437 6860 3436 6860 3483 6861 3436 6861 3435 6861 3483 6862 3435 6862 3434 6862 3457 6863 3456 6863 3484 6863 3484 6864 3456 6864 3497 6864 3484 6865 3497 6865 3498 6865 3484 6866 3498 6866 3485 6866 3478 6867 3499 6867 3486 6867 3478 6868 3485 6868 3499 6868 3486 6869 3499 6869 3487 6869 3487 6870 3499 6870 3500 6870 3487 6871 3500 6871 3501 6871 3487 6872 3501 6872 3403 6872 3487 6873 3403 6873 3402 6873 3487 6874 3402 6874 3401 6874 3427 6875 3426 6875 3488 6875 3488 6876 3426 6876 3502 6876 3488 6877 3502 6877 3503 6877 3488 6878 3503 6878 3489 6878 3489 6879 3504 6879 3470 6879 3489 6880 3470 6880 3505 6880 3489 6881 3505 6881 3468 6881 3489 6882 3468 6882 3491 6882 3489 6883 3491 6883 3490 6883 3489 6884 3503 6884 3506 6884 3489 6885 3506 6885 3507 6885 3489 6886 3507 6886 3508 6886 3489 6887 3508 6887 3509 6887 3489 6888 3509 6888 3510 6888 3489 6889 3510 6889 3504 6889 3468 6890 3505 6890 3469 6890 3474 6891 3473 6891 3511 6891 3474 6892 3511 6892 3512 6892 3474 6893 3512 6893 3494 6893 3474 6894 3494 6894 3492 6894 3492 6895 3494 6895 3493 6895 3496 6896 3495 6896 3513 6896 3496 6897 3513 6897 3514 6897 3496 6898 3514 6898 3439 6898 3496 6899 3439 6899 3438 6899 3496 6900 3438 6900 3437 6900 3456 6901 3455 6901 3497 6901 3497 6902 3455 6902 3454 6902 3497 6903 3454 6903 3515 6903 3497 6904 3515 6904 3516 6904 3497 6905 3516 6905 3498 6905 3485 6906 3498 6906 3517 6906 3485 6907 3517 6907 3499 6907 3499 6908 3517 6908 3518 6908 3499 6909 3518 6909 3519 6909 3499 6910 3519 6910 3500 6910 3500 6911 3519 6911 3501 6911 3501 6912 3519 6912 3520 6912 3501 6913 3520 6913 3404 6913 3501 6914 3404 6914 3403 6914 3426 6915 3425 6915 3502 6915 3502 6916 3425 6916 3521 6916 3502 6917 3521 6917 3522 6917 3502 6918 3522 6918 3523 6918 3502 6919 3523 6919 3503 6919 3503 6920 3507 6920 3506 6920 3503 6921 3523 6921 3507 6921 3504 6922 3524 6922 3525 6922 3504 6923 3525 6923 3470 6923 3504 6924 3510 6924 3509 6924 3504 6925 3509 6925 3526 6925 3504 6926 3526 6926 3524 6926 3470 6927 3525 6927 3527 6927 3470 6928 3527 6928 3471 6928 3470 6929 3469 6929 3505 6929 3507 6930 3523 6930 3528 6930 3507 6931 3528 6931 3508 6931 3508 6932 3528 6932 3509 6932 3509 6933 3528 6933 3522 6933 3509 6934 3522 6934 3529 6934 3509 6935 3529 6935 3530 6935 3509 6936 3530 6936 3531 6936 3509 6937 3531 6937 3526 6937 3473 6938 3472 6938 3532 6938 3473 6939 3532 6939 3533 6939 3473 6940 3533 6940 3511 6940 3511 6941 3533 6941 3512 6941 3512 6942 3534 6942 3535 6942 3512 6943 3535 6943 3494 6943 3512 6944 3533 6944 3534 6944 3494 6945 3535 6945 3495 6945 3495 6946 3535 6946 3536 6946 3495 6947 3536 6947 3513 6947 3514 6948 3513 6948 3537 6948 3514 6949 3537 6949 3440 6949 3514 6950 3440 6950 3439 6950 3454 6951 3453 6951 3515 6951 3515 6952 3453 6952 3452 6952 3515 6953 3452 6953 3451 6953 3515 6954 3451 6954 3450 6954 3515 6955 3450 6955 3449 6955 3515 6956 3449 6956 3448 6956 3515 6957 3448 6957 3447 6957 3515 6958 3447 6958 3446 6958 3515 6959 3446 6959 3538 6959 3515 6960 3538 6960 3539 6960 3515 6961 3539 6961 3516 6961 3498 6962 3540 6962 3517 6962 3498 6963 3516 6963 3541 6963 3498 6964 3541 6964 3540 6964 3517 6965 3540 6965 3518 6965 3518 6966 3542 6966 3519 6966 3518 6967 3540 6967 3543 6967 3518 6968 3543 6968 3542 6968 3519 6969 3542 6969 3544 6969 3519 6970 3544 6970 3545 6970 3519 6971 3545 6971 3520 6971 3520 6972 3408 6972 3407 6972 3520 6973 3407 6973 3406 6973 3520 6974 3406 6974 3405 6974 3520 6975 3405 6975 3404 6975 3520 6976 3545 6976 3408 6976 3425 6977 3424 6977 3521 6977 3521 6978 3424 6978 3423 6978 3521 6979 3423 6979 3546 6979 3521 6980 3546 6980 3522 6980 3522 6981 3528 6981 3523 6981 3522 6982 3546 6982 3529 6982 3524 6983 3547 6983 3527 6983 3524 6984 3527 6984 3525 6984 3524 6985 3526 6985 3548 6985 3524 6986 3548 6986 3549 6986 3524 6987 3549 6987 3547 6987 3526 6988 3531 6988 3548 6988 3527 6989 3550 6989 3472 6989 3527 6990 3472 6990 3471 6990 3527 6991 3547 6991 3551 6991 3527 6992 3551 6992 3550 6992 3529 6993 3552 6993 3530 6993 3529 6994 3546 6994 3420 6994 3529 6995 3420 6995 3419 6995 3529 6996 3419 6996 3553 6996 3529 6997 3553 6997 3552 6997 3530 6998 3554 6998 3555 6998 3530 6999 3555 6999 3531 6999 3530 7000 3552 7000 3553 7000 3530 7001 3553 7001 3556 7001 3530 7002 3556 7002 3557 7002 3530 7003 3557 7003 3554 7003 3531 7004 3549 7004 3548 7004 3531 7005 3555 7005 3558 7005 3531 7006 3558 7006 3551 7006 3531 7007 3551 7007 3549 7007 3472 7008 3550 7008 3559 7008 3472 7009 3559 7009 3560 7009 3472 7010 3560 7010 3532 7010 3532 7011 3560 7011 3559 7011 3532 7012 3559 7012 3561 7012 3532 7013 3561 7013 3562 7013 3532 7014 3562 7014 3533 7014 3533 7015 3562 7015 3534 7015 3534 7016 3558 7016 3535 7016 3534 7017 3562 7017 3561 7017 3534 7018 3561 7018 3559 7018 3534 7019 3559 7019 3558 7019 3535 7020 3558 7020 3563 7020 3535 7021 3563 7021 3554 7021 3535 7022 3554 7022 3564 7022 3535 7023 3564 7023 3565 7023 3535 7024 3565 7024 3566 7024 3535 7025 3566 7025 3567 7025 3535 7026 3567 7026 3536 7026 3536 7027 3567 7027 3568 7027 3536 7028 3568 7028 3513 7028 3513 7029 3568 7029 3537 7029 3537 7030 3569 7030 3440 7030 3537 7031 3568 7031 3570 7031 3537 7032 3570 7032 3571 7032 3537 7033 3571 7033 3569 7033 3440 7034 3569 7034 3441 7034 3516 7035 3539 7035 3541 7035 3446 7036 3445 7036 3538 7036 3538 7037 3445 7037 3572 7037 3538 7038 3572 7038 3573 7038 3538 7039 3573 7039 3539 7039 3539 7040 3573 7040 3574 7040 3539 7041 3574 7041 3541 7041 3540 7042 3541 7042 3543 7042 3541 7043 3574 7043 3575 7043 3541 7044 3575 7044 3543 7044 3542 7045 3543 7045 3544 7045 3543 7046 3576 7046 3566 7046 3543 7047 3566 7047 3577 7047 3543 7048 3577 7048 3544 7048 3543 7049 3575 7049 3576 7049 3544 7050 3578 7050 3579 7050 3544 7051 3579 7051 3545 7051 3544 7052 3577 7052 3578 7052 3545 7053 3579 7053 3580 7053 3545 7054 3580 7054 3408 7054 3408 7055 3580 7055 3409 7055 3423 7056 3422 7056 3546 7056 3546 7057 3422 7057 3421 7057 3546 7058 3421 7058 3420 7058 3547 7059 3549 7059 3551 7059 3550 7060 3551 7060 3559 7060 3551 7061 3558 7061 3559 7061 3419 7062 3418 7062 3553 7062 3553 7063 3418 7063 3417 7063 3553 7064 3417 7064 3556 7064 3554 7065 3581 7065 3555 7065 3554 7066 3557 7066 3582 7066 3554 7067 3582 7067 3583 7067 3554 7068 3583 7068 3564 7068 3554 7069 3563 7069 3558 7069 3554 7070 3558 7070 3581 7070 3555 7071 3581 7071 3558 7071 3556 7072 3417 7072 3416 7072 3556 7073 3416 7073 3584 7073 3556 7074 3584 7074 3585 7074 3556 7075 3585 7075 3557 7075 3557 7076 3585 7076 3582 7076 3564 7077 3583 7077 3586 7077 3564 7078 3586 7078 3565 7078 3565 7079 3586 7079 3577 7079 3565 7080 3577 7080 3566 7080 3566 7081 3576 7081 3567 7081 3567 7082 3576 7082 3575 7082 3567 7083 3575 7083 3568 7083 3568 7084 3575 7084 3574 7084 3568 7085 3574 7085 3570 7085 3569 7086 3571 7086 3442 7086 3569 7087 3442 7087 3441 7087 3570 7088 3574 7088 3573 7088 3570 7089 3573 7089 3571 7089 3571 7090 3573 7090 3443 7090 3571 7091 3443 7091 3442 7091 3445 7092 3444 7092 3572 7092 3572 7093 3444 7093 3443 7093 3572 7094 3443 7094 3573 7094 3577 7095 3586 7095 3582 7095 3577 7096 3582 7096 3578 7096 3578 7097 3582 7097 3587 7097 3578 7098 3587 7098 3579 7098 3579 7099 3587 7099 3585 7099 3579 7100 3585 7100 3588 7100 3579 7101 3588 7101 3411 7101 3579 7102 3411 7102 3410 7102 3579 7103 3410 7103 3580 7103 3580 7104 3410 7104 3409 7104 3582 7105 3585 7105 3587 7105 3582 7106 3586 7106 3583 7106 3416 7107 3415 7107 3584 7107 3584 7108 3415 7108 3585 7108 3585 7109 3415 7109 3414 7109 3585 7110 3414 7110 3413 7110 3585 7111 3413 7111 3412 7111 3585 7112 3412 7112 3588 7112 3588 7113 3412 7113 3411 7113 3589 7114 3590 7114 3591 7114 3589 7115 3591 7115 3592 7115 3589 7116 3592 7116 3593 7116 3589 7117 3593 7117 3594 7117 3589 7118 3594 7118 3595 7118 3589 7119 3595 7119 3596 7119 3589 7120 3596 7120 3597 7120 3589 7121 3597 7121 3598 7121 3589 7122 3598 7122 3599 7122 3589 7123 3599 7123 3600 7123 3589 7124 3600 7124 3601 7124 3589 7125 3601 7125 3602 7125 3589 7126 3602 7126 3603 7126 3589 7127 3603 7127 3604 7127 3589 7128 3604 7128 3590 7128 3590 7129 3605 7129 3606 7129 3590 7130 3606 7130 3591 7130 3590 7131 3604 7131 3605 7131 3591 7132 3593 7132 3592 7132 3591 7133 3606 7133 3607 7133 3591 7134 3607 7134 3593 7134 3600 7135 3599 7135 3608 7135 3600 7136 3608 7136 3601 7136 3605 7137 3604 7137 3603 7137 3605 7138 3603 7138 3609 7138 3605 7139 3609 7139 3606 7139 3606 7140 3610 7140 3607 7140 3606 7141 3609 7141 3610 7141 3593 7142 3607 7142 3594 7142 3607 7143 3610 7143 3609 7143 3607 7144 3609 7144 3611 7144 3607 7145 3611 7145 3612 7145 3607 7146 3612 7146 3594 7146 3599 7147 3598 7147 3613 7147 3599 7148 3613 7148 3614 7148 3599 7149 3614 7149 3608 7149 3608 7150 3614 7150 3615 7150 3608 7151 3615 7151 3602 7151 3608 7152 3602 7152 3601 7152 3603 7153 3602 7153 3615 7153 3603 7154 3615 7154 3614 7154 3603 7155 3614 7155 3613 7155 3603 7156 3613 7156 3616 7156 3603 7157 3616 7157 3617 7157 3603 7158 3617 7158 3618 7158 3603 7159 3618 7159 3619 7159 3603 7160 3619 7160 3620 7160 3603 7161 3620 7161 3621 7161 3603 7162 3621 7162 3611 7162 3603 7163 3611 7163 3609 7163 3594 7164 3612 7164 3595 7164 3611 7165 3621 7165 3622 7165 3611 7166 3622 7166 3623 7166 3611 7167 3623 7167 3624 7167 3611 7168 3624 7168 3625 7168 3611 7169 3625 7169 3626 7169 3611 7170 3626 7170 3627 7170 3611 7171 3627 7171 3595 7171 3611 7172 3595 7172 3612 7172 3598 7173 3597 7173 3628 7173 3598 7174 3628 7174 3613 7174 3613 7175 3628 7175 3616 7175 3595 7176 3627 7176 3626 7176 3595 7177 3626 7177 3625 7177 3595 7178 3625 7178 3624 7178 3595 7179 3624 7179 3623 7179 3595 7180 3623 7180 3622 7180 3595 7181 3622 7181 3629 7181 3595 7182 3629 7182 3630 7182 3595 7183 3630 7183 3631 7183 3595 7184 3631 7184 3632 7184 3595 7185 3632 7185 3633 7185 3595 7186 3633 7186 3634 7186 3595 7187 3634 7187 3635 7187 3595 7188 3635 7188 3596 7188 3621 7189 3620 7189 3622 7189 3622 7190 3620 7190 3619 7190 3622 7191 3619 7191 3618 7191 3622 7192 3618 7192 3617 7192 3622 7193 3617 7193 3629 7193 3597 7194 3596 7194 3628 7194 3628 7195 3596 7195 3616 7195 3616 7196 3596 7196 3635 7196 3616 7197 3635 7197 3634 7197 3616 7198 3634 7198 3633 7198 3616 7199 3633 7199 3632 7199 3616 7200 3632 7200 3631 7200 3616 7201 3631 7201 3630 7201 3616 7202 3630 7202 3617 7202 3617 7203 3630 7203 3629 7203 3636 7204 3637 7204 3638 7204 3636 7205 3638 7205 3639 7205 3636 7206 3639 7206 3640 7206 3636 7207 3640 7207 3641 7207 3636 7208 3641 7208 3642 7208 3636 7209 3642 7209 3643 7209 3636 7210 3643 7210 3644 7210 3636 7211 3644 7211 3637 7211 3637 7212 3644 7212 3645 7212 3637 7213 3645 7213 3646 7213 3637 7214 3646 7214 3647 7214 3637 7215 3647 7215 3648 7215 3637 7216 3648 7216 3649 7216 3637 7217 3649 7217 3650 7217 3637 7218 3650 7218 3651 7218 3637 7219 3651 7219 3652 7219 3637 7220 3652 7220 3653 7220 3637 7221 3653 7221 3654 7221 3637 7222 3654 7222 3655 7222 3637 7223 3655 7223 3656 7223 3637 7224 3656 7224 3657 7224 3637 7225 3657 7225 3658 7225 3637 7226 3658 7226 3659 7226 3637 7227 3659 7227 3660 7227 3637 7228 3660 7228 3661 7228 3637 7229 3661 7229 3662 7229 3637 7230 3662 7230 3638 7230 3642 7231 3663 7231 3664 7231 3642 7232 3664 7232 3643 7232 3642 7233 3641 7233 3663 7233 3643 7234 3664 7234 3665 7234 3643 7235 3665 7235 3666 7235 3643 7236 3666 7236 3647 7236 3643 7237 3647 7237 3644 7237 3644 7238 3646 7238 3645 7238 3644 7239 3647 7239 3646 7239 3638 7240 3662 7240 3639 7240 3663 7241 3665 7241 3664 7241 3663 7242 3641 7242 3640 7242 3663 7243 3640 7243 3639 7243 3663 7244 3639 7244 3667 7244 3663 7245 3667 7245 3668 7245 3663 7246 3668 7246 3669 7246 3663 7247 3669 7247 3670 7247 3663 7248 3670 7248 3671 7248 3663 7249 3671 7249 3672 7249 3663 7250 3672 7250 3673 7250 3663 7251 3673 7251 3674 7251 3663 7252 3674 7252 3665 7252 3666 7253 3648 7253 3647 7253 3666 7254 3665 7254 3674 7254 3666 7255 3674 7255 3675 7255 3666 7256 3675 7256 3648 7256 3662 7257 3661 7257 3639 7257 3639 7258 3661 7258 3660 7258 3639 7259 3660 7259 3676 7259 3639 7260 3676 7260 3677 7260 3639 7261 3677 7261 3678 7261 3639 7262 3678 7262 3679 7262 3639 7263 3679 7263 3667 7263 3672 7264 3671 7264 3680 7264 3672 7265 3680 7265 3673 7265 3673 7266 3681 7266 3674 7266 3673 7267 3680 7267 3682 7267 3673 7268 3682 7268 3681 7268 3674 7269 3681 7269 3675 7269 3648 7270 3675 7270 3681 7270 3648 7271 3681 7271 3649 7271 3660 7272 3659 7272 3677 7272 3660 7273 3677 7273 3676 7273 3677 7274 3683 7274 3678 7274 3677 7275 3659 7275 3658 7275 3677 7276 3658 7276 3683 7276 3678 7277 3683 7277 3667 7277 3678 7278 3667 7278 3679 7278 3667 7279 3683 7279 3658 7279 3667 7280 3658 7280 3657 7280 3667 7281 3657 7281 3656 7281 3667 7282 3656 7282 3684 7282 3667 7283 3684 7283 3685 7283 3667 7284 3685 7284 3686 7284 3667 7285 3686 7285 3668 7285 3671 7286 3687 7286 3688 7286 3671 7287 3688 7287 3680 7287 3671 7288 3670 7288 3689 7288 3671 7289 3689 7289 3687 7289 3680 7290 3688 7290 3690 7290 3680 7291 3690 7291 3682 7291 3681 7292 3650 7292 3649 7292 3681 7293 3682 7293 3691 7293 3681 7294 3691 7294 3651 7294 3681 7295 3651 7295 3650 7295 3682 7296 3690 7296 3652 7296 3682 7297 3652 7297 3691 7297 3668 7298 3686 7298 3669 7298 3687 7299 3692 7299 3690 7299 3687 7300 3690 7300 3688 7300 3687 7301 3689 7301 3693 7301 3687 7302 3693 7302 3692 7302 3670 7303 3669 7303 3686 7303 3670 7304 3686 7304 3689 7304 3689 7305 3686 7305 3685 7305 3689 7306 3685 7306 3693 7306 3690 7307 3694 7307 3652 7307 3690 7308 3692 7308 3695 7308 3690 7309 3695 7309 3694 7309 3691 7310 3652 7310 3651 7310 3652 7311 3694 7311 3653 7311 3656 7312 3655 7312 3696 7312 3656 7313 3696 7313 3684 7313 3692 7314 3693 7314 3695 7314 3693 7315 3685 7315 3684 7315 3693 7316 3684 7316 3696 7316 3693 7317 3696 7317 3695 7317 3694 7318 3695 7318 3654 7318 3694 7319 3654 7319 3653 7319 3695 7320 3696 7320 3655 7320 3695 7321 3655 7321 3654 7321 3697 7322 3698 7322 3699 7322 3697 7323 3699 7323 3700 7323 3697 7324 3700 7324 3701 7324 3697 7325 3701 7325 3702 7325 3697 7326 3702 7326 3703 7326 3697 7327 3703 7327 3704 7327 3697 7328 3704 7328 3705 7328 3697 7329 3705 7329 3706 7329 3697 7330 3706 7330 3707 7330 3697 7331 3707 7331 3708 7331 3697 7332 3708 7332 3709 7332 3697 7333 3709 7333 3710 7333 3697 7334 3710 7334 3711 7334 3697 7335 3711 7335 3698 7335 3698 7336 3711 7336 3699 7336 3702 7337 3701 7337 3703 7337 3707 7338 3706 7338 3712 7338 3707 7339 3712 7339 3713 7339 3707 7340 3713 7340 3714 7340 3707 7341 3714 7341 3715 7341 3707 7342 3715 7342 3716 7342 3707 7343 3716 7343 3717 7343 3707 7344 3717 7344 3718 7344 3707 7345 3718 7345 3719 7345 3707 7346 3719 7346 3708 7346 3711 7347 3710 7347 3720 7347 3711 7348 3720 7348 3721 7348 3711 7349 3721 7349 3722 7349 3711 7350 3722 7350 3723 7350 3711 7351 3723 7351 3724 7351 3711 7352 3724 7352 3725 7352 3711 7353 3725 7353 3726 7353 3711 7354 3726 7354 3700 7354 3711 7355 3700 7355 3699 7355 3701 7356 3700 7356 3726 7356 3701 7357 3726 7357 3727 7357 3701 7358 3727 7358 3728 7358 3701 7359 3728 7359 3713 7359 3701 7360 3713 7360 3712 7360 3701 7361 3712 7361 3705 7361 3701 7362 3705 7362 3704 7362 3701 7363 3704 7363 3703 7363 3706 7364 3705 7364 3712 7364 3713 7365 3728 7365 3729 7365 3713 7366 3729 7366 3714 7366 3714 7367 3729 7367 3715 7367 3715 7368 3729 7368 3730 7368 3715 7369 3730 7369 3717 7369 3715 7370 3717 7370 3716 7370 3717 7371 3730 7371 3731 7371 3717 7372 3731 7372 3732 7372 3717 7373 3732 7373 3724 7373 3717 7374 3724 7374 3723 7374 3717 7375 3723 7375 3733 7375 3717 7376 3733 7376 3722 7376 3717 7377 3722 7377 3734 7377 3717 7378 3734 7378 3718 7378 3718 7379 3734 7379 3719 7379 3719 7380 3734 7380 3735 7380 3719 7381 3735 7381 3709 7381 3719 7382 3709 7382 3708 7382 3710 7383 3709 7383 3720 7383 3728 7384 3727 7384 3729 7384 3729 7385 3727 7385 3726 7385 3729 7386 3726 7386 3736 7386 3729 7387 3736 7387 3732 7387 3729 7388 3732 7388 3731 7388 3729 7389 3731 7389 3730 7389 3733 7390 3723 7390 3722 7390 3722 7391 3721 7391 3737 7391 3722 7392 3737 7392 3738 7392 3722 7393 3738 7393 3734 7393 3734 7394 3738 7394 3720 7394 3734 7395 3720 7395 3735 7395 3735 7396 3720 7396 3709 7396 3720 7397 3738 7397 3737 7397 3720 7398 3737 7398 3721 7398 3726 7399 3725 7399 3736 7399 3736 7400 3725 7400 3724 7400 3736 7401 3724 7401 3732 7401 3739 7402 3740 7402 3741 7402 3739 7403 3741 7403 3742 7403 3739 7404 3742 7404 3743 7404 3739 7405 3743 7405 3744 7405 3739 7406 3744 7406 3745 7406 3739 7407 3745 7407 3746 7407 3739 7408 3746 7408 3747 7408 3739 7409 3747 7409 3748 7409 3739 7410 3748 7410 3749 7410 3739 7411 3749 7411 3750 7411 3739 7412 3750 7412 3751 7412 3739 7413 3751 7413 3752 7413 3739 7414 3752 7414 3753 7414 3739 7415 3753 7415 3754 7415 3739 7416 3754 7416 3755 7416 3739 7417 3755 7417 3756 7417 3739 7418 3756 7418 3757 7418 3739 7419 3757 7419 3758 7419 3739 7420 3758 7420 3759 7420 3739 7421 3759 7421 3760 7421 3739 7422 3760 7422 3761 7422 3739 7423 3761 7423 3762 7423 3739 7424 3762 7424 3763 7424 3739 7425 3763 7425 3764 7425 3739 7426 3764 7426 3765 7426 3739 7427 3765 7427 3766 7427 3739 7428 3766 7428 3767 7428 3739 7429 3767 7429 3768 7429 3739 7430 3768 7430 3769 7430 3739 7431 3769 7431 3770 7431 3739 7432 3770 7432 3771 7432 3739 7433 3771 7433 3772 7433 3739 7434 3772 7434 3773 7434 3739 7435 3773 7435 3774 7435 3739 7436 3774 7436 3775 7436 3739 7437 3775 7437 3776 7437 3739 7438 3776 7438 3777 7438 3739 7439 3777 7439 3778 7439 3739 7440 3778 7440 3779 7440 3739 7441 3779 7441 3780 7441 3739 7442 3780 7442 3781 7442 3739 7443 3781 7443 3782 7443 3739 7444 3782 7444 3740 7444 3740 7445 3782 7445 3741 7445 3741 7446 3782 7446 3783 7446 3741 7447 3783 7447 3784 7447 3741 7448 3784 7448 3785 7448 3741 7449 3785 7449 3742 7449 3742 7450 3785 7450 3743 7450 3778 7451 3777 7451 3779 7451 3782 7452 3781 7452 3786 7452 3782 7453 3786 7453 3783 7453 3783 7454 3786 7454 3787 7454 3783 7455 3787 7455 3784 7455 3784 7456 3787 7456 3788 7456 3784 7457 3788 7457 3789 7457 3784 7458 3789 7458 3790 7458 3784 7459 3790 7459 3791 7459 3784 7460 3791 7460 3792 7460 3784 7461 3792 7461 3785 7461 3785 7462 3792 7462 3744 7462 3785 7463 3744 7463 3743 7463 3777 7464 3776 7464 3779 7464 3779 7465 3776 7465 3780 7465 3781 7466 3780 7466 3793 7466 3781 7467 3793 7467 3794 7467 3781 7468 3794 7468 3795 7468 3781 7469 3795 7469 3796 7469 3781 7470 3796 7470 3797 7470 3781 7471 3797 7471 3798 7471 3781 7472 3798 7472 3799 7472 3781 7473 3799 7473 3800 7473 3781 7474 3800 7474 3801 7474 3781 7475 3801 7475 3802 7475 3781 7476 3802 7476 3803 7476 3781 7477 3803 7477 3804 7477 3781 7478 3804 7478 3805 7478 3781 7479 3805 7479 3806 7479 3781 7480 3806 7480 3807 7480 3781 7481 3807 7481 3808 7481 3781 7482 3808 7482 3809 7482 3781 7483 3809 7483 3810 7483 3781 7484 3810 7484 3811 7484 3781 7485 3811 7485 3812 7485 3781 7486 3812 7486 3813 7486 3781 7487 3813 7487 3814 7487 3781 7488 3814 7488 3815 7488 3781 7489 3815 7489 3816 7489 3781 7490 3816 7490 3790 7490 3781 7491 3790 7491 3789 7491 3781 7492 3789 7492 3788 7492 3781 7493 3788 7493 3787 7493 3781 7494 3787 7494 3786 7494 3790 7495 3816 7495 3791 7495 3791 7496 3816 7496 3817 7496 3791 7497 3817 7497 3818 7497 3791 7498 3818 7498 3792 7498 3792 7499 3818 7499 3746 7499 3792 7500 3746 7500 3745 7500 3792 7501 3745 7501 3744 7501 3776 7502 3775 7502 3819 7502 3776 7503 3819 7503 3780 7503 3780 7504 3819 7504 3820 7504 3780 7505 3820 7505 3821 7505 3780 7506 3821 7506 3793 7506 3816 7507 3815 7507 3822 7507 3816 7508 3822 7508 3817 7508 3817 7509 3822 7509 3818 7509 3818 7510 3823 7510 3746 7510 3818 7511 3822 7511 3824 7511 3818 7512 3824 7512 3823 7512 3746 7513 3823 7513 3747 7513 3775 7514 3825 7514 3819 7514 3775 7515 3774 7515 3793 7515 3775 7516 3793 7516 3825 7516 3819 7517 3825 7517 3820 7517 3820 7518 3825 7518 3793 7518 3820 7519 3793 7519 3821 7519 3793 7520 3774 7520 3773 7520 3793 7521 3773 7521 3772 7521 3793 7522 3772 7522 3826 7522 3793 7523 3826 7523 3827 7523 3793 7524 3827 7524 3794 7524 3815 7525 3814 7525 3822 7525 3822 7526 3814 7526 3813 7526 3822 7527 3813 7527 3828 7527 3822 7528 3828 7528 3824 7528 3823 7529 3824 7529 3748 7529 3823 7530 3748 7530 3747 7530 3824 7531 3749 7531 3748 7531 3824 7532 3828 7532 3829 7532 3824 7533 3829 7533 3749 7533 3794 7534 3827 7534 3795 7534 3813 7535 3812 7535 3830 7535 3813 7536 3830 7536 3831 7536 3813 7537 3831 7537 3828 7537 3828 7538 3831 7538 3832 7538 3828 7539 3832 7539 3829 7539 3749 7540 3829 7540 3750 7540 3829 7541 3832 7541 3751 7541 3829 7542 3751 7542 3750 7542 3772 7543 3771 7543 3833 7543 3772 7544 3833 7544 3826 7544 3827 7545 3826 7545 3833 7545 3827 7546 3833 7546 3834 7546 3827 7547 3834 7547 3835 7547 3827 7548 3835 7548 3795 7548 3795 7549 3835 7549 3796 7549 3812 7550 3811 7550 3830 7550 3830 7551 3836 7551 3831 7551 3830 7552 3811 7552 3837 7552 3830 7553 3837 7553 3836 7553 3831 7554 3836 7554 3838 7554 3831 7555 3838 7555 3832 7555 3832 7556 3838 7556 3752 7556 3832 7557 3752 7557 3751 7557 3771 7558 3770 7558 3839 7558 3771 7559 3839 7559 3833 7559 3833 7560 3839 7560 3835 7560 3833 7561 3835 7561 3834 7561 3835 7562 3839 7562 3840 7562 3835 7563 3840 7563 3841 7563 3835 7564 3841 7564 3798 7564 3835 7565 3798 7565 3797 7565 3835 7566 3797 7566 3796 7566 3811 7567 3810 7567 3842 7567 3811 7568 3842 7568 3837 7568 3836 7569 3837 7569 3843 7569 3836 7570 3843 7570 3753 7570 3836 7571 3753 7571 3752 7571 3836 7572 3752 7572 3838 7572 3837 7573 3842 7573 3844 7573 3837 7574 3844 7574 3843 7574 3770 7575 3769 7575 3840 7575 3770 7576 3840 7576 3839 7576 3840 7577 3769 7577 3768 7577 3840 7578 3768 7578 3845 7578 3840 7579 3845 7579 3846 7579 3840 7580 3846 7580 3841 7580 3841 7581 3846 7581 3799 7581 3841 7582 3799 7582 3798 7582 3810 7583 3809 7583 3842 7583 3842 7584 3809 7584 3847 7584 3842 7585 3847 7585 3844 7585 3843 7586 3844 7586 3754 7586 3843 7587 3754 7587 3753 7587 3844 7588 3847 7588 3848 7588 3844 7589 3848 7589 3756 7589 3844 7590 3756 7590 3755 7590 3844 7591 3755 7591 3754 7591 3768 7592 3767 7592 3849 7592 3768 7593 3849 7593 3845 7593 3845 7594 3849 7594 3846 7594 3846 7595 3849 7595 3850 7595 3846 7596 3850 7596 3799 7596 3799 7597 3850 7597 3800 7597 3809 7598 3808 7598 3847 7598 3847 7599 3808 7599 3807 7599 3847 7600 3807 7600 3851 7600 3847 7601 3851 7601 3848 7601 3848 7602 3851 7602 3852 7602 3848 7603 3852 7603 3757 7603 3848 7604 3757 7604 3756 7604 3767 7605 3766 7605 3849 7605 3849 7606 3766 7606 3765 7606 3849 7607 3765 7607 3853 7607 3849 7608 3853 7608 3854 7608 3849 7609 3854 7609 3850 7609 3850 7610 3854 7610 3800 7610 3800 7611 3854 7611 3801 7611 3807 7612 3806 7612 3851 7612 3851 7613 3806 7613 3855 7613 3851 7614 3855 7614 3856 7614 3851 7615 3856 7615 3852 7615 3852 7616 3856 7616 3757 7616 3757 7617 3856 7617 3758 7617 3765 7618 3764 7618 3853 7618 3853 7619 3857 7619 3854 7619 3853 7620 3764 7620 3857 7620 3854 7621 3857 7621 3858 7621 3854 7622 3858 7622 3802 7622 3854 7623 3802 7623 3801 7623 3806 7624 3805 7624 3855 7624 3855 7625 3805 7625 3859 7625 3855 7626 3859 7626 3856 7626 3856 7627 3860 7627 3758 7627 3856 7628 3859 7628 3861 7628 3856 7629 3861 7629 3862 7629 3856 7630 3862 7630 3860 7630 3758 7631 3860 7631 3759 7631 3764 7632 3763 7632 3863 7632 3764 7633 3863 7633 3857 7633 3857 7634 3863 7634 3858 7634 3858 7635 3863 7635 3864 7635 3858 7636 3864 7636 3802 7636 3802 7637 3864 7637 3803 7637 3805 7638 3804 7638 3859 7638 3859 7639 3804 7639 3864 7639 3859 7640 3864 7640 3863 7640 3859 7641 3863 7641 3861 7641 3860 7642 3862 7642 3760 7642 3860 7643 3760 7643 3759 7643 3861 7644 3863 7644 3862 7644 3862 7645 3863 7645 3762 7645 3862 7646 3762 7646 3761 7646 3862 7647 3761 7647 3760 7647 3763 7648 3762 7648 3863 7648 3864 7649 3804 7649 3803 7649 3865 7650 3866 7650 3867 7650 3865 7651 3867 7651 3868 7651 3865 7652 3868 7652 3869 7652 3865 7653 3869 7653 3870 7653 3865 7654 3870 7654 3871 7654 3865 7655 3871 7655 3872 7655 3865 7656 3872 7656 3873 7656 3865 7657 3873 7657 3874 7657 3865 7658 3874 7658 3875 7658 3865 7659 3875 7659 3876 7659 3865 7660 3876 7660 3877 7660 3865 7661 3877 7661 3878 7661 3865 7662 3878 7662 3879 7662 3865 7663 3879 7663 3866 7663 3866 7664 3879 7664 3880 7664 3866 7665 3880 7665 3881 7665 3866 7666 3881 7666 3882 7666 3866 7667 3882 7667 3883 7667 3866 7668 3883 7668 3884 7668 3866 7669 3884 7669 3885 7669 3866 7670 3885 7670 3886 7670 3866 7671 3886 7671 3887 7671 3866 7672 3887 7672 3888 7672 3866 7673 3888 7673 3889 7673 3866 7674 3889 7674 3890 7674 3866 7675 3890 7675 3891 7675 3866 7676 3891 7676 3892 7676 3866 7677 3892 7677 3893 7677 3866 7678 3893 7678 3894 7678 3866 7679 3894 7679 3895 7679 3866 7680 3895 7680 3896 7680 3866 7681 3896 7681 3897 7681 3866 7682 3897 7682 3898 7682 3866 7683 3898 7683 3899 7683 3866 7684 3899 7684 3900 7684 3866 7685 3900 7685 3901 7685 3866 7686 3901 7686 3902 7686 3866 7687 3902 7687 3903 7687 3866 7688 3903 7688 3904 7688 3866 7689 3904 7689 3905 7689 3866 7690 3905 7690 3906 7690 3866 7691 3906 7691 3907 7691 3866 7692 3907 7692 3908 7692 3866 7693 3908 7693 3909 7693 3866 7694 3909 7694 3910 7694 3866 7695 3910 7695 3911 7695 3866 7696 3911 7696 3912 7696 3866 7697 3912 7697 3913 7697 3866 7698 3913 7698 3914 7698 3866 7699 3914 7699 3915 7699 3866 7700 3915 7700 3916 7700 3866 7701 3916 7701 3917 7701 3866 7702 3917 7702 3918 7702 3866 7703 3918 7703 3919 7703 3866 7704 3919 7704 3920 7704 3866 7705 3920 7705 3921 7705 3866 7706 3921 7706 3922 7706 3866 7707 3922 7707 3923 7707 3866 7708 3923 7708 3867 7708 3876 7709 3875 7709 3924 7709 3876 7710 3924 7710 3877 7710 3878 7711 3877 7711 3925 7711 3878 7712 3925 7712 3926 7712 3878 7713 3926 7713 3880 7713 3878 7714 3880 7714 3879 7714 3867 7715 3923 7715 3927 7715 3867 7716 3927 7716 3928 7716 3867 7717 3928 7717 3929 7717 3867 7718 3929 7718 3930 7718 3867 7719 3930 7719 3868 7719 3875 7720 3874 7720 3924 7720 3877 7721 3924 7721 3925 7721 3926 7722 3925 7722 3931 7722 3926 7723 3931 7723 3932 7723 3926 7724 3932 7724 3881 7724 3926 7725 3881 7725 3880 7725 3923 7726 3922 7726 3933 7726 3923 7727 3933 7727 3934 7727 3923 7728 3934 7728 3935 7728 3923 7729 3935 7729 3936 7729 3923 7730 3936 7730 3937 7730 3923 7731 3937 7731 3938 7731 3923 7732 3938 7732 3939 7732 3923 7733 3939 7733 3940 7733 3923 7734 3940 7734 3941 7734 3923 7735 3941 7735 3942 7735 3923 7736 3942 7736 3943 7736 3923 7737 3943 7737 3944 7737 3923 7738 3944 7738 3945 7738 3923 7739 3945 7739 3930 7739 3923 7740 3930 7740 3929 7740 3923 7741 3929 7741 3928 7741 3923 7742 3928 7742 3927 7742 3930 7743 3945 7743 3946 7743 3930 7744 3946 7744 3947 7744 3930 7745 3947 7745 3948 7745 3930 7746 3948 7746 3949 7746 3930 7747 3949 7747 3950 7747 3930 7748 3950 7748 3951 7748 3930 7749 3951 7749 3952 7749 3930 7750 3952 7750 3953 7750 3930 7751 3953 7751 3954 7751 3930 7752 3954 7752 3955 7752 3930 7753 3955 7753 3956 7753 3930 7754 3956 7754 3957 7754 3930 7755 3957 7755 3958 7755 3930 7756 3958 7756 3959 7756 3930 7757 3959 7757 3960 7757 3930 7758 3960 7758 3961 7758 3930 7759 3961 7759 3962 7759 3930 7760 3962 7760 3963 7760 3930 7761 3963 7761 3964 7761 3930 7762 3964 7762 3965 7762 3930 7763 3965 7763 3966 7763 3930 7764 3966 7764 3967 7764 3930 7765 3967 7765 3968 7765 3930 7766 3968 7766 3969 7766 3930 7767 3969 7767 3869 7767 3930 7768 3869 7768 3868 7768 3874 7769 3873 7769 3970 7769 3874 7770 3970 7770 3924 7770 3924 7771 3970 7771 3971 7771 3924 7772 3971 7772 3925 7772 3925 7773 3971 7773 3972 7773 3925 7774 3972 7774 3931 7774 3931 7775 3972 7775 3973 7775 3931 7776 3973 7776 3932 7776 3932 7777 3973 7777 3974 7777 3932 7778 3974 7778 3883 7778 3932 7779 3883 7779 3882 7779 3932 7780 3882 7780 3881 7780 3922 7781 3921 7781 3975 7781 3922 7782 3975 7782 3933 7782 3945 7783 3944 7783 3976 7783 3945 7784 3976 7784 3946 7784 3869 7785 3969 7785 3870 7785 3873 7786 3872 7786 3977 7786 3873 7787 3977 7787 3970 7787 3970 7788 3972 7788 3971 7788 3970 7789 3977 7789 3978 7789 3970 7790 3978 7790 3979 7790 3970 7791 3979 7791 3980 7791 3970 7792 3980 7792 3972 7792 3972 7793 3980 7793 3973 7793 3973 7794 3980 7794 3979 7794 3973 7795 3979 7795 3981 7795 3973 7796 3981 7796 3982 7796 3973 7797 3982 7797 3974 7797 3974 7798 3982 7798 3885 7798 3974 7799 3885 7799 3884 7799 3974 7800 3884 7800 3883 7800 3933 7801 3975 7801 3983 7801 3933 7802 3983 7802 3934 7802 3921 7803 3920 7803 3984 7803 3921 7804 3984 7804 3975 7804 3944 7805 3943 7805 3976 7805 3976 7806 3985 7806 3986 7806 3976 7807 3986 7807 3987 7807 3976 7808 3987 7808 3947 7808 3976 7809 3947 7809 3946 7809 3976 7810 3943 7810 3985 7810 3969 7811 3968 7811 3988 7811 3969 7812 3988 7812 3870 7812 3870 7813 3988 7813 3989 7813 3870 7814 3989 7814 3871 7814 3872 7815 3871 7815 3977 7815 3977 7816 3871 7816 3990 7816 3977 7817 3990 7817 3991 7817 3977 7818 3991 7818 3978 7818 3978 7819 3992 7819 3993 7819 3978 7820 3993 7820 3979 7820 3978 7821 3991 7821 3994 7821 3978 7822 3994 7822 3995 7822 3978 7823 3995 7823 3996 7823 3978 7824 3996 7824 3997 7824 3978 7825 3997 7825 3992 7825 3979 7826 3993 7826 3981 7826 3981 7827 3993 7827 3998 7827 3981 7828 3998 7828 3982 7828 3982 7829 3998 7829 3999 7829 3982 7830 3999 7830 3887 7830 3982 7831 3887 7831 3886 7831 3982 7832 3886 7832 3885 7832 3975 7833 3984 7833 4000 7833 3975 7834 4000 7834 3983 7834 3983 7835 4000 7835 4001 7835 3983 7836 4001 7836 4002 7836 3983 7837 4002 7837 4003 7837 3983 7838 4003 7838 4004 7838 3983 7839 4004 7839 3935 7839 3983 7840 3935 7840 3934 7840 3920 7841 3919 7841 4005 7841 3920 7842 4005 7842 3984 7842 3943 7843 3942 7843 3985 7843 3985 7844 4006 7844 4007 7844 3985 7845 4007 7845 4008 7845 3985 7846 4008 7846 3986 7846 3985 7847 3942 7847 4006 7847 3987 7848 3986 7848 4009 7848 3987 7849 4009 7849 4010 7849 3987 7850 4010 7850 3947 7850 3947 7851 4010 7851 3948 7851 3968 7852 3967 7852 3988 7852 3988 7853 3967 7853 3966 7853 3988 7854 3966 7854 4011 7854 3988 7855 4011 7855 3989 7855 3989 7856 4011 7856 3991 7856 3989 7857 3991 7857 3871 7857 3871 7858 3991 7858 3990 7858 3991 7859 4011 7859 4012 7859 3991 7860 4012 7860 4013 7860 3991 7861 4013 7861 3994 7861 3992 7862 4014 7862 3998 7862 3992 7863 3998 7863 3993 7863 3992 7864 3997 7864 4014 7864 3994 7865 4013 7865 4015 7865 3994 7866 4015 7866 3995 7866 3995 7867 4015 7867 4016 7867 3995 7868 4016 7868 3996 7868 3996 7869 4017 7869 4018 7869 3996 7870 4018 7870 4019 7870 3996 7871 4019 7871 3997 7871 3996 7872 4016 7872 4017 7872 3997 7873 4019 7873 4014 7873 3998 7874 4014 7874 4020 7874 3998 7875 4020 7875 3999 7875 3999 7876 4020 7876 3888 7876 3999 7877 3888 7877 3887 7877 3984 7878 4005 7878 4021 7878 3984 7879 4021 7879 4022 7879 3984 7880 4022 7880 4000 7880 4000 7881 4022 7881 4023 7881 4000 7882 4023 7882 4001 7882 4001 7883 4023 7883 4024 7883 4001 7884 4024 7884 4025 7884 4001 7885 4025 7885 4002 7885 4002 7886 4025 7886 4026 7886 4002 7887 4026 7887 4003 7887 4003 7888 4026 7888 4004 7888 4004 7889 4026 7889 4027 7889 4004 7890 4027 7890 4028 7890 4004 7891 4028 7891 3936 7891 4004 7892 3936 7892 3935 7892 3919 7893 3918 7893 4005 7893 3942 7894 3941 7894 4006 7894 4006 7895 4029 7895 4030 7895 4006 7896 4030 7896 4031 7896 4006 7897 4031 7897 4007 7897 4006 7898 3941 7898 3940 7898 4006 7899 3940 7899 4029 7899 4007 7900 4031 7900 4032 7900 4007 7901 4032 7901 4008 7901 4008 7902 4032 7902 4033 7902 4008 7903 4033 7903 4034 7903 4008 7904 4034 7904 4009 7904 4008 7905 4009 7905 3986 7905 4009 7906 4034 7906 4035 7906 4009 7907 4035 7907 4010 7907 4010 7908 4035 7908 3949 7908 4010 7909 3949 7909 3948 7909 3966 7910 3965 7910 4011 7910 4011 7911 3965 7911 4012 7911 4012 7912 3965 7912 3964 7912 4012 7913 3964 7913 4036 7913 4012 7914 4036 7914 4013 7914 4013 7915 4036 7915 4037 7915 4013 7916 4037 7916 4015 7916 4014 7917 4019 7917 4020 7917 4015 7918 4037 7918 4038 7918 4015 7919 4038 7919 4039 7919 4015 7920 4039 7920 4040 7920 4015 7921 4040 7921 4016 7921 4016 7922 4040 7922 4041 7922 4016 7923 4041 7923 4042 7923 4016 7924 4042 7924 4043 7924 4016 7925 4043 7925 4044 7925 4016 7926 4044 7926 4017 7926 4017 7927 4044 7927 4045 7927 4017 7928 4045 7928 4018 7928 4018 7929 4045 7929 4046 7929 4018 7930 4046 7930 4047 7930 4018 7931 4047 7931 4019 7931 4019 7932 4048 7932 4020 7932 4019 7933 4047 7933 4048 7933 4020 7934 4048 7934 3889 7934 4020 7935 3889 7935 3888 7935 4005 7936 3918 7936 4049 7936 4005 7937 4049 7937 4050 7937 4005 7938 4050 7938 4021 7938 4022 7939 4021 7939 4051 7939 4022 7940 4051 7940 4023 7940 4023 7941 4051 7941 4024 7941 4024 7942 4052 7942 4025 7942 4024 7943 4051 7943 4053 7943 4024 7944 4053 7944 4052 7944 4025 7945 4052 7945 4026 7945 4026 7946 4054 7946 4027 7946 4026 7947 4052 7947 4054 7947 4027 7948 4054 7948 4055 7948 4027 7949 4055 7949 4056 7949 4027 7950 4056 7950 4028 7950 4028 7951 4056 7951 3938 7951 4028 7952 3938 7952 3937 7952 4028 7953 3937 7953 3936 7953 3918 7954 3917 7954 4049 7954 4029 7955 4056 7955 4055 7955 4029 7956 4055 7956 4054 7956 4029 7957 4054 7957 4030 7957 4029 7958 3940 7958 3939 7958 4029 7959 3939 7959 4056 7959 4030 7960 4054 7960 4052 7960 4030 7961 4052 7961 4031 7961 4031 7962 4052 7962 4032 7962 4032 7963 4052 7963 4033 7963 4033 7964 4052 7964 4057 7964 4033 7965 4057 7965 4034 7965 4034 7966 4057 7966 4058 7966 4034 7967 4058 7967 4035 7967 4035 7968 4058 7968 4059 7968 4035 7969 4059 7969 4060 7969 4035 7970 4060 7970 3949 7970 3949 7971 4060 7971 4061 7971 3949 7972 4061 7972 3950 7972 3964 7973 3963 7973 4036 7973 4036 7974 3963 7974 4038 7974 4036 7975 4038 7975 4037 7975 4038 7976 3962 7976 3961 7976 4038 7977 3961 7977 3960 7977 4038 7978 3960 7978 3959 7978 4038 7979 3959 7979 4062 7979 4038 7980 4062 7980 4063 7980 4038 7981 4063 7981 4040 7981 4038 7982 4040 7982 4039 7982 4038 7983 3963 7983 3962 7983 4040 7984 4063 7984 4062 7984 4040 7985 4062 7985 4064 7985 4040 7986 4064 7986 4065 7986 4040 7987 4065 7987 4041 7987 4041 7988 4065 7988 4066 7988 4041 7989 4066 7989 4067 7989 4041 7990 4067 7990 4042 7990 4042 7991 4068 7991 4069 7991 4042 7992 4069 7992 4043 7992 4042 7993 4067 7993 4070 7993 4042 7994 4070 7994 4071 7994 4042 7995 4071 7995 4068 7995 4043 7996 4069 7996 4044 7996 4044 7997 4072 7997 4045 7997 4044 7998 4069 7998 4072 7998 4045 7999 4072 7999 4073 7999 4045 8000 4073 8000 4046 8000 4046 8001 3893 8001 4047 8001 4046 8002 4073 8002 3895 8002 4046 8003 3895 8003 3894 8003 4046 8004 3894 8004 3893 8004 4047 8005 3891 8005 4048 8005 4047 8006 3893 8006 3892 8006 4047 8007 3892 8007 3891 8007 4048 8008 3891 8008 3890 8008 4048 8009 3890 8009 3889 8009 4021 8010 4050 8010 4051 8010 4049 8011 3916 8011 4074 8011 4049 8012 4074 8012 4050 8012 4049 8013 3917 8013 3916 8013 4050 8014 4075 8014 4051 8014 4050 8015 4074 8015 4076 8015 4050 8016 4076 8016 4077 8016 4050 8017 4077 8017 4075 8017 4051 8018 4075 8018 4053 8018 4052 8019 4053 8019 4057 8019 4053 8020 4075 8020 4077 8020 4053 8021 4077 8021 4058 8021 4053 8022 4058 8022 4057 8022 4056 8023 3939 8023 3938 8023 4058 8024 4077 8024 4078 8024 4058 8025 4078 8025 4059 8025 4059 8026 4078 8026 4079 8026 4059 8027 4079 8027 4080 8027 4059 8028 4080 8028 4081 8028 4059 8029 4081 8029 4082 8029 4059 8030 4082 8030 4083 8030 4059 8031 4083 8031 4060 8031 4060 8032 4083 8032 4084 8032 4060 8033 4084 8033 4061 8033 4061 8034 4084 8034 4085 8034 4061 8035 4085 8035 3951 8035 4061 8036 3951 8036 3950 8036 3959 8037 3958 8037 4062 8037 4062 8038 4065 8038 4064 8038 4062 8039 3958 8039 3957 8039 4062 8040 3957 8040 4086 8040 4062 8041 4086 8041 4087 8041 4062 8042 4087 8042 4065 8042 4065 8043 4087 8043 4086 8043 4065 8044 4086 8044 4088 8044 4065 8045 4088 8045 4089 8045 4065 8046 4089 8046 4066 8046 4066 8047 4089 8047 4082 8047 4066 8048 4082 8048 4067 8048 4067 8049 4082 8049 4090 8049 4067 8050 4090 8050 4091 8050 4067 8051 4091 8051 4071 8051 4067 8052 4071 8052 4070 8052 4068 8053 4071 8053 4092 8053 4068 8054 4092 8054 4093 8054 4068 8055 4093 8055 4069 8055 4069 8056 4093 8056 4094 8056 4069 8057 4094 8057 4073 8057 4069 8058 4073 8058 4072 8058 4071 8059 4095 8059 4092 8059 4071 8060 4091 8060 4090 8060 4071 8061 4090 8061 4096 8061 4071 8062 4096 8062 4097 8062 4071 8063 4097 8063 4095 8063 4073 8064 4094 8064 3896 8064 4073 8065 3896 8065 3895 8065 3916 8066 3915 8066 4074 8066 4074 8067 4098 8067 4099 8067 4074 8068 4099 8068 4076 8068 4074 8069 3915 8069 3914 8069 4074 8070 3914 8070 4098 8070 4076 8071 4099 8071 4077 8071 4077 8072 4099 8072 4100 8072 4077 8073 4100 8073 4078 8073 4078 8074 4100 8074 4101 8074 4078 8075 4101 8075 4102 8075 4078 8076 4102 8076 4079 8076 4079 8077 4103 8077 4080 8077 4079 8078 4102 8078 4101 8078 4079 8079 4101 8079 4103 8079 4080 8080 4103 8080 4104 8080 4080 8081 4104 8081 4081 8081 4081 8082 4105 8082 4106 8082 4081 8083 4106 8083 4107 8083 4081 8084 4107 8084 4082 8084 4081 8085 4104 8085 4105 8085 4082 8086 4107 8086 4108 8086 4082 8087 4108 8087 4090 8087 4082 8088 4089 8088 4109 8088 4082 8089 4109 8089 4083 8089 4083 8090 4110 8090 4085 8090 4083 8091 4085 8091 4084 8091 4083 8092 4109 8092 4110 8092 4085 8093 3952 8093 3951 8093 4085 8094 4110 8094 4111 8094 4085 8095 4111 8095 3954 8095 4085 8096 3954 8096 3953 8096 4085 8097 3953 8097 3952 8097 3957 8098 3956 8098 4086 8098 4086 8099 3956 8099 3955 8099 4086 8100 3955 8100 3954 8100 4086 8101 3954 8101 4111 8101 4086 8102 4111 8102 4112 8102 4086 8103 4112 8103 4088 8103 4088 8104 4112 8104 4089 8104 4089 8105 4112 8105 4109 8105 4090 8106 4108 8106 4113 8106 4090 8107 4113 8107 4096 8107 4092 8108 4114 8108 4093 8108 4092 8109 4095 8109 4115 8109 4092 8110 4115 8110 4114 8110 4093 8111 4114 8111 3898 8111 4093 8112 3898 8112 3897 8112 4093 8113 3897 8113 3896 8113 4093 8114 3896 8114 4094 8114 4095 8115 4097 8115 4115 8115 4096 8116 4116 8116 4097 8116 4096 8117 4113 8117 4116 8117 4097 8118 4116 8118 4117 8118 4097 8119 4117 8119 4115 8119 4098 8120 3914 8120 3913 8120 4098 8121 3913 8121 4118 8121 4098 8122 4118 8122 4119 8122 4098 8123 4119 8123 4099 8123 4099 8124 4119 8124 4101 8124 4099 8125 4101 8125 4100 8125 4101 8126 4119 8126 4120 8126 4101 8127 4120 8127 4103 8127 4103 8128 4120 8128 4121 8128 4103 8129 4121 8129 4122 8129 4103 8130 4122 8130 4123 8130 4103 8131 4123 8131 4104 8131 4104 8132 4123 8132 4124 8132 4104 8133 4124 8133 4105 8133 4105 8134 4124 8134 4106 8134 4106 8135 4125 8135 4113 8135 4106 8136 4113 8136 4107 8136 4106 8137 4124 8137 4125 8137 4107 8138 4113 8138 4108 8138 4109 8139 4112 8139 4111 8139 4109 8140 4111 8140 4110 8140 4113 8141 4125 8141 4126 8141 4113 8142 4126 8142 4116 8142 4114 8143 4115 8143 3899 8143 4114 8144 3899 8144 3898 8144 4115 8145 4117 8145 3900 8145 4115 8146 3900 8146 3899 8146 4116 8147 4126 8147 3902 8147 4116 8148 3902 8148 3901 8148 4116 8149 3901 8149 3900 8149 4116 8150 3900 8150 4117 8150 3913 8151 3912 8151 4118 8151 4118 8152 3911 8152 4121 8152 4118 8153 4121 8153 4119 8153 4118 8154 3912 8154 3911 8154 4119 8155 4121 8155 4120 8155 4121 8156 3911 8156 3910 8156 4121 8157 3910 8157 3909 8157 4121 8158 3909 8158 4122 8158 4122 8159 3908 8159 4123 8159 4122 8160 3909 8160 3908 8160 4123 8161 3908 8161 3907 8161 4123 8162 3907 8162 3906 8162 4123 8163 3906 8163 4124 8163 4124 8164 3906 8164 3905 8164 4124 8165 3905 8165 4125 8165 4125 8166 3905 8166 3904 8166 4125 8167 3904 8167 3903 8167 4125 8168 3903 8168 4126 8168 4126 8169 3903 8169 3902 8169 4127 8170 4128 8170 4129 8170 4127 8171 4129 8171 4130 8171 4127 8172 4130 8172 4131 8172 4127 8173 4131 8173 4132 8173 4127 8174 4132 8174 4133 8174 4127 8175 4133 8175 4134 8175 4127 8176 4134 8176 4135 8176 4127 8177 4135 8177 4136 8177 4127 8178 4136 8178 4128 8178 4128 8179 4136 8179 4129 8179 4133 8180 4132 8180 4134 8180 4135 8181 4134 8181 4137 8181 4135 8182 4137 8182 4138 8182 4135 8183 4138 8183 4139 8183 4135 8184 4139 8184 4136 8184 4129 8185 4136 8185 4139 8185 4129 8186 4139 8186 4130 8186 4132 8187 4131 8187 4140 8187 4132 8188 4140 8188 4138 8188 4132 8189 4138 8189 4137 8189 4132 8190 4137 8190 4134 8190 4130 8191 4139 8191 4131 8191 4139 8192 4138 8192 4140 8192 4139 8193 4140 8193 4131 8193 4141 8194 4142 8194 4143 8194 4141 8195 4143 8195 4144 8195 4141 8196 4144 8196 4145 8196 4141 8197 4145 8197 4146 8197 4141 8198 4146 8198 4147 8198 4141 8199 4147 8199 4148 8199 4141 8200 4148 8200 4149 8200 4141 8201 4149 8201 4150 8201 4141 8202 4150 8202 4151 8202 4141 8203 4151 8203 4152 8203 4141 8204 4152 8204 4153 8204 4141 8205 4153 8205 4154 8205 4141 8206 4154 8206 4155 8206 4141 8207 4155 8207 4142 8207 4142 8208 4155 8208 4156 8208 4142 8209 4156 8209 4157 8209 4142 8210 4157 8210 4158 8210 4142 8211 4158 8211 4143 8211 4143 8212 4158 8212 4159 8212 4143 8213 4159 8213 4160 8213 4143 8214 4160 8214 4161 8214 4143 8215 4161 8215 4162 8215 4143 8216 4162 8216 4163 8216 4143 8217 4163 8217 4164 8217 4143 8218 4164 8218 4165 8218 4143 8219 4165 8219 4166 8219 4143 8220 4166 8220 4167 8220 4143 8221 4167 8221 4168 8221 4143 8222 4168 8222 4169 8222 4143 8223 4169 8223 4170 8223 4143 8224 4170 8224 4171 8224 4143 8225 4171 8225 4172 8225 4143 8226 4172 8226 4173 8226 4143 8227 4173 8227 4174 8227 4143 8228 4174 8228 4175 8228 4143 8229 4175 8229 4176 8229 4143 8230 4176 8230 4177 8230 4143 8231 4177 8231 4178 8231 4143 8232 4178 8232 4179 8232 4143 8233 4179 8233 4180 8233 4143 8234 4180 8234 4145 8234 4143 8235 4145 8235 4144 8235 4153 8236 4152 8236 4154 8236 4154 8237 4181 8237 4182 8237 4154 8238 4182 8238 4155 8238 4154 8239 4152 8239 4183 8239 4154 8240 4183 8240 4184 8240 4154 8241 4184 8241 4181 8241 4155 8242 4182 8242 4156 8242 4156 8243 4182 8243 4185 8243 4156 8244 4185 8244 4157 8244 4157 8245 4186 8245 4159 8245 4157 8246 4159 8246 4158 8246 4157 8247 4185 8247 4186 8247 4159 8248 4186 8248 4160 8248 4145 8249 4180 8249 4187 8249 4145 8250 4187 8250 4188 8250 4145 8251 4188 8251 4189 8251 4145 8252 4189 8252 4146 8252 4152 8253 4151 8253 4183 8253 4181 8254 4190 8254 4182 8254 4181 8255 4184 8255 4191 8255 4181 8256 4191 8256 4190 8256 4182 8257 4190 8257 4185 8257 4183 8258 4192 8258 4193 8258 4183 8259 4193 8259 4184 8259 4183 8260 4151 8260 4194 8260 4183 8261 4194 8261 4195 8261 4183 8262 4195 8262 4192 8262 4184 8263 4193 8263 4191 8263 4185 8264 4190 8264 4196 8264 4185 8265 4196 8265 4197 8265 4185 8266 4197 8266 4198 8266 4185 8267 4198 8267 4186 8267 4186 8268 4198 8268 4199 8268 4186 8269 4199 8269 4200 8269 4186 8270 4200 8270 4160 8270 4160 8271 4200 8271 4201 8271 4160 8272 4201 8272 4202 8272 4160 8273 4202 8273 4161 8273 4180 8274 4179 8274 4203 8274 4180 8275 4203 8275 4204 8275 4180 8276 4204 8276 4205 8276 4180 8277 4205 8277 4206 8277 4180 8278 4206 8278 4187 8278 4187 8279 4206 8279 4205 8279 4187 8280 4205 8280 4204 8280 4187 8281 4204 8281 4203 8281 4187 8282 4203 8282 4207 8282 4187 8283 4207 8283 4208 8283 4187 8284 4208 8284 4178 8284 4187 8285 4178 8285 4177 8285 4187 8286 4177 8286 4209 8286 4187 8287 4209 8287 4210 8287 4187 8288 4210 8288 4211 8288 4187 8289 4211 8289 4212 8289 4187 8290 4212 8290 4213 8290 4187 8291 4213 8291 4214 8291 4187 8292 4214 8292 4215 8292 4187 8293 4215 8293 4216 8293 4187 8294 4216 8294 4217 8294 4187 8295 4217 8295 4218 8295 4187 8296 4218 8296 4219 8296 4187 8297 4219 8297 4220 8297 4187 8298 4220 8298 4221 8298 4187 8299 4221 8299 4222 8299 4187 8300 4222 8300 4223 8300 4187 8301 4223 8301 4224 8301 4187 8302 4224 8302 4147 8302 4187 8303 4147 8303 4146 8303 4187 8304 4146 8304 4189 8304 4187 8305 4189 8305 4188 8305 4151 8306 4150 8306 4194 8306 4190 8307 4225 8307 4196 8307 4190 8308 4191 8308 4226 8308 4190 8309 4226 8309 4225 8309 4191 8310 4193 8310 4227 8310 4191 8311 4227 8311 4226 8311 4192 8312 4227 8312 4193 8312 4192 8313 4195 8313 4228 8313 4192 8314 4228 8314 4229 8314 4192 8315 4229 8315 4230 8315 4192 8316 4230 8316 4227 8316 4194 8317 4150 8317 4231 8317 4194 8318 4231 8318 4228 8318 4194 8319 4228 8319 4195 8319 4196 8320 4225 8320 4232 8320 4196 8321 4232 8321 4197 8321 4197 8322 4233 8322 4198 8322 4197 8323 4232 8323 4233 8323 4198 8324 4233 8324 4234 8324 4198 8325 4234 8325 4235 8325 4198 8326 4235 8326 4199 8326 4199 8327 4235 8327 4236 8327 4199 8328 4236 8328 4237 8328 4199 8329 4237 8329 4238 8329 4199 8330 4238 8330 4239 8330 4199 8331 4239 8331 4200 8331 4200 8332 4239 8332 4240 8332 4200 8333 4240 8333 4201 8333 4201 8334 4241 8334 4242 8334 4201 8335 4242 8335 4202 8335 4201 8336 4240 8336 4243 8336 4201 8337 4243 8337 4241 8337 4202 8338 4242 8338 4161 8338 4161 8339 4242 8339 4162 8339 4179 8340 4178 8340 4208 8340 4179 8341 4208 8341 4207 8341 4179 8342 4207 8342 4203 8342 4147 8343 4224 8343 4148 8343 4150 8344 4149 8344 4244 8344 4150 8345 4244 8345 4231 8345 4225 8346 4245 8346 4232 8346 4225 8347 4226 8347 4246 8347 4225 8348 4246 8348 4245 8348 4226 8349 4227 8349 4247 8349 4226 8350 4247 8350 4248 8350 4226 8351 4248 8351 4249 8351 4226 8352 4249 8352 4246 8352 4227 8353 4250 8353 4247 8353 4227 8354 4230 8354 4250 8354 4228 8355 4231 8355 4251 8355 4228 8356 4251 8356 4229 8356 4229 8357 4251 8357 4252 8357 4229 8358 4252 8358 4230 8358 4230 8359 4252 8359 4253 8359 4230 8360 4253 8360 4254 8360 4230 8361 4254 8361 4255 8361 4230 8362 4255 8362 4250 8362 4231 8363 4244 8363 4256 8363 4231 8364 4256 8364 4251 8364 4232 8365 4245 8365 4257 8365 4232 8366 4257 8366 4258 8366 4232 8367 4258 8367 4234 8367 4232 8368 4234 8368 4233 8368 4234 8369 4258 8369 4235 8369 4235 8370 4258 8370 4259 8370 4235 8371 4259 8371 4236 8371 4236 8372 4259 8372 4260 8372 4236 8373 4260 8373 4237 8373 4237 8374 4261 8374 4243 8374 4237 8375 4243 8375 4238 8375 4237 8376 4260 8376 4262 8376 4237 8377 4262 8377 4263 8377 4237 8378 4263 8378 4261 8378 4238 8379 4243 8379 4239 8379 4239 8380 4243 8380 4240 8380 4241 8381 4243 8381 4261 8381 4241 8382 4261 8382 4264 8382 4241 8383 4264 8383 4265 8383 4241 8384 4265 8384 4266 8384 4241 8385 4266 8385 4242 8385 4242 8386 4266 8386 4164 8386 4242 8387 4164 8387 4163 8387 4242 8388 4163 8388 4162 8388 4224 8389 4223 8389 4267 8389 4224 8390 4267 8390 4148 8390 4148 8391 4267 8391 4268 8391 4148 8392 4268 8392 4149 8392 4149 8393 4268 8393 4269 8393 4149 8394 4269 8394 4244 8394 4244 8395 4269 8395 4256 8395 4245 8396 4270 8396 4257 8396 4245 8397 4246 8397 4271 8397 4245 8398 4271 8398 4272 8398 4245 8399 4272 8399 4270 8399 4246 8400 4249 8400 4273 8400 4246 8401 4273 8401 4271 8401 4247 8402 4274 8402 4275 8402 4247 8403 4275 8403 4248 8403 4247 8404 4250 8404 4274 8404 4248 8405 4276 8405 4249 8405 4248 8406 4275 8406 4276 8406 4249 8407 4276 8407 4273 8407 4250 8408 4277 8408 4274 8408 4250 8409 4255 8409 4278 8409 4250 8410 4278 8410 4277 8410 4251 8411 4279 8411 4253 8411 4251 8412 4253 8412 4252 8412 4251 8413 4256 8413 4280 8413 4251 8414 4280 8414 4279 8414 4253 8415 4279 8415 4281 8415 4253 8416 4281 8416 4282 8416 4253 8417 4282 8417 4283 8417 4253 8418 4283 8418 4254 8418 4254 8419 4284 8419 4285 8419 4254 8420 4285 8420 4255 8420 4254 8421 4283 8421 4284 8421 4255 8422 4285 8422 4286 8422 4255 8423 4286 8423 4278 8423 4256 8424 4269 8424 4287 8424 4256 8425 4287 8425 4288 8425 4256 8426 4288 8426 4280 8426 4257 8427 4270 8427 4289 8427 4257 8428 4289 8428 4258 8428 4258 8429 4290 8429 4259 8429 4258 8430 4289 8430 4291 8430 4258 8431 4291 8431 4290 8431 4259 8432 4290 8432 4260 8432 4260 8433 4290 8433 4262 8433 4261 8434 4263 8434 4292 8434 4261 8435 4292 8435 4293 8435 4261 8436 4293 8436 4264 8436 4262 8437 4290 8437 4294 8437 4262 8438 4294 8438 4295 8438 4262 8439 4295 8439 4263 8439 4263 8440 4296 8440 4292 8440 4263 8441 4295 8441 4296 8441 4264 8442 4293 8442 4265 8442 4265 8443 4166 8443 4165 8443 4265 8444 4165 8444 4266 8444 4265 8445 4293 8445 4297 8445 4265 8446 4297 8446 4166 8446 4266 8447 4165 8447 4164 8447 4177 8448 4176 8448 4298 8448 4177 8449 4298 8449 4299 8449 4177 8450 4299 8450 4300 8450 4177 8451 4300 8451 4301 8451 4177 8452 4301 8452 4302 8452 4177 8453 4302 8453 4303 8453 4177 8454 4303 8454 4209 8454 4223 8455 4222 8455 4304 8455 4223 8456 4304 8456 4267 8456 4267 8457 4304 8457 4305 8457 4267 8458 4305 8458 4306 8458 4267 8459 4306 8459 4268 8459 4268 8460 4306 8460 4269 8460 4269 8461 4306 8461 4287 8461 4270 8462 4307 8462 4289 8462 4270 8463 4272 8463 4308 8463 4270 8464 4308 8464 4307 8464 4271 8465 4273 8465 4272 8465 4274 8466 4309 8466 4310 8466 4274 8467 4310 8467 4275 8467 4274 8468 4277 8468 4311 8468 4274 8469 4311 8469 4309 8469 4275 8470 4310 8470 4276 8470 4276 8471 4312 8471 4273 8471 4276 8472 4310 8472 4312 8472 4273 8473 4312 8473 4313 8473 4273 8474 4313 8474 4314 8474 4273 8475 4314 8475 4272 8475 4277 8476 4278 8476 4315 8476 4277 8477 4315 8477 4311 8477 4278 8478 4286 8478 4316 8478 4278 8479 4316 8479 4315 8479 4279 8480 4280 8480 4317 8480 4279 8481 4317 8481 4281 8481 4280 8482 4288 8482 4317 8482 4281 8483 4318 8483 4319 8483 4281 8484 4319 8484 4282 8484 4281 8485 4317 8485 4320 8485 4281 8486 4320 8486 4318 8486 4282 8487 4319 8487 4321 8487 4282 8488 4321 8488 4322 8488 4282 8489 4322 8489 4323 8489 4282 8490 4323 8490 4283 8490 4283 8491 4323 8491 4284 8491 4284 8492 4323 8492 4324 8492 4284 8493 4324 8493 4286 8493 4284 8494 4286 8494 4285 8494 4286 8495 4324 8495 4316 8495 4287 8496 4306 8496 4325 8496 4287 8497 4325 8497 4288 8497 4288 8498 4325 8498 4326 8498 4288 8499 4326 8499 4327 8499 4288 8500 4327 8500 4317 8500 4289 8501 4307 8501 4328 8501 4289 8502 4328 8502 4291 8502 4290 8503 4291 8503 4294 8503 4291 8504 4328 8504 4329 8504 4291 8505 4329 8505 4330 8505 4291 8506 4330 8506 4294 8506 4292 8507 4296 8507 4331 8507 4292 8508 4331 8508 4293 8508 4293 8509 4331 8509 4297 8509 4294 8510 4330 8510 4296 8510 4294 8511 4296 8511 4295 8511 4296 8512 4332 8512 4333 8512 4296 8513 4333 8513 4331 8513 4296 8514 4330 8514 4334 8514 4296 8515 4334 8515 4332 8515 4166 8516 4297 8516 4167 8516 4297 8517 4331 8517 4333 8517 4297 8518 4333 8518 4169 8518 4297 8519 4169 8519 4168 8519 4297 8520 4168 8520 4167 8520 4209 8521 4303 8521 4210 8521 4176 8522 4175 8522 4298 8522 4222 8523 4221 8523 4335 8523 4222 8524 4335 8524 4304 8524 4304 8525 4335 8525 4305 8525 4305 8526 4335 8526 4325 8526 4305 8527 4325 8527 4306 8527 4307 8528 4308 8528 4336 8528 4307 8529 4336 8529 4337 8529 4307 8530 4337 8530 4328 8530 4272 8531 4314 8531 4308 8531 4308 8532 4314 8532 4338 8532 4308 8533 4338 8533 4336 8533 4309 8534 4311 8534 4339 8534 4309 8535 4339 8535 4340 8535 4309 8536 4340 8536 4341 8536 4309 8537 4341 8537 4342 8537 4309 8538 4342 8538 4310 8538 4310 8539 4342 8539 4312 8539 4312 8540 4342 8540 4313 8540 4314 8541 4313 8541 4338 8541 4311 8542 4315 8542 4343 8542 4311 8543 4343 8543 4339 8543 4315 8544 4316 8544 4344 8544 4315 8545 4344 8545 4343 8545 4316 8546 4324 8546 4345 8546 4316 8547 4345 8547 4344 8547 4317 8548 4327 8548 4346 8548 4317 8549 4346 8549 4320 8549 4318 8550 4347 8550 4348 8550 4318 8551 4348 8551 4319 8551 4318 8552 4320 8552 4349 8552 4318 8553 4349 8553 4347 8553 4319 8554 4348 8554 4350 8554 4319 8555 4350 8555 4321 8555 4321 8556 4350 8556 4351 8556 4321 8557 4351 8557 4352 8557 4321 8558 4352 8558 4345 8558 4321 8559 4345 8559 4324 8559 4321 8560 4324 8560 4322 8560 4322 8561 4324 8561 4323 8561 4325 8562 4335 8562 4353 8562 4325 8563 4353 8563 4326 8563 4326 8564 4353 8564 4354 8564 4326 8565 4354 8565 4355 8565 4326 8566 4355 8566 4327 8566 4327 8567 4355 8567 4356 8567 4327 8568 4356 8568 4346 8568 4328 8569 4337 8569 4329 8569 4329 8570 4357 8570 4330 8570 4329 8571 4337 8571 4358 8571 4329 8572 4358 8572 4359 8572 4329 8573 4359 8573 4357 8573 4330 8574 4357 8574 4334 8574 4332 8575 4360 8575 4333 8575 4332 8576 4334 8576 4361 8576 4332 8577 4361 8577 4360 8577 4333 8578 4170 8578 4169 8578 4333 8579 4360 8579 4170 8579 4334 8580 4357 8580 4361 8580 4210 8581 4303 8581 4362 8581 4210 8582 4362 8582 4363 8582 4210 8583 4363 8583 4211 8583 4303 8584 4302 8584 4364 8584 4303 8585 4364 8585 4362 8585 4175 8586 4174 8586 4365 8586 4175 8587 4365 8587 4366 8587 4175 8588 4366 8588 4298 8588 4298 8589 4366 8589 4299 8589 4221 8590 4220 8590 4335 8590 4335 8591 4367 8591 4368 8591 4335 8592 4368 8592 4353 8592 4335 8593 4220 8593 4367 8593 4336 8594 4338 8594 4369 8594 4336 8595 4369 8595 4370 8595 4336 8596 4370 8596 4358 8596 4336 8597 4358 8597 4337 8597 4338 8598 4313 8598 4371 8598 4338 8599 4371 8599 4372 8599 4338 8600 4372 8600 4369 8600 4339 8601 4373 8601 4374 8601 4339 8602 4374 8602 4340 8602 4339 8603 4343 8603 4373 8603 4340 8604 4374 8604 4341 8604 4341 8605 4374 8605 4375 8605 4341 8606 4375 8606 4371 8606 4341 8607 4371 8607 4313 8607 4341 8608 4313 8608 4342 8608 4343 8609 4376 8609 4373 8609 4343 8610 4344 8610 4377 8610 4343 8611 4377 8611 4376 8611 4344 8612 4345 8612 4352 8612 4344 8613 4352 8613 4351 8613 4344 8614 4351 8614 4377 8614 4320 8615 4346 8615 4378 8615 4320 8616 4378 8616 4349 8616 4347 8617 4379 8617 4380 8617 4347 8618 4380 8618 4348 8618 4347 8619 4349 8619 4379 8619 4348 8620 4380 8620 4381 8620 4348 8621 4381 8621 4382 8621 4348 8622 4382 8622 4350 8622 4349 8623 4378 8623 4383 8623 4349 8624 4383 8624 4384 8624 4349 8625 4384 8625 4385 8625 4349 8626 4385 8626 4379 8626 4350 8627 4382 8627 4351 8627 4351 8628 4382 8628 4377 8628 4353 8629 4368 8629 4354 8629 4354 8630 4368 8630 4386 8630 4354 8631 4386 8631 4387 8631 4354 8632 4387 8632 4355 8632 4355 8633 4387 8633 4356 8633 4346 8634 4356 8634 4388 8634 4346 8635 4388 8635 4378 8635 4356 8636 4387 8636 4389 8636 4356 8637 4389 8637 4388 8637 4357 8638 4359 8638 4390 8638 4357 8639 4390 8639 4391 8639 4357 8640 4391 8640 4361 8640 4358 8641 4370 8641 4392 8641 4358 8642 4392 8642 4359 8642 4359 8643 4392 8643 4393 8643 4359 8644 4393 8644 4390 8644 4360 8645 4361 8645 4172 8645 4360 8646 4172 8646 4171 8646 4360 8647 4171 8647 4170 8647 4361 8648 4394 8648 4173 8648 4361 8649 4173 8649 4172 8649 4361 8650 4391 8650 4394 8650 4211 8651 4363 8651 4395 8651 4211 8652 4395 8652 4396 8652 4211 8653 4396 8653 4212 8653 4362 8654 4364 8654 4397 8654 4362 8655 4397 8655 4398 8655 4362 8656 4398 8656 4363 8656 4363 8657 4398 8657 4399 8657 4363 8658 4399 8658 4395 8658 4302 8659 4301 8659 4400 8659 4302 8660 4400 8660 4364 8660 4364 8661 4400 8661 4397 8661 4174 8662 4173 8662 4394 8662 4174 8663 4394 8663 4365 8663 4365 8664 4394 8664 4391 8664 4365 8665 4391 8665 4390 8665 4365 8666 4390 8666 4366 8666 4366 8667 4390 8667 4401 8667 4366 8668 4401 8668 4300 8668 4366 8669 4300 8669 4299 8669 4220 8670 4219 8670 4368 8670 4220 8671 4368 8671 4367 8671 4368 8672 4219 8672 4402 8672 4368 8673 4402 8673 4386 8673 4369 8674 4372 8674 4370 8674 4370 8675 4372 8675 4375 8675 4370 8676 4375 8676 4374 8676 4370 8677 4374 8677 4403 8677 4370 8678 4403 8678 4404 8678 4370 8679 4404 8679 4392 8679 4371 8680 4375 8680 4372 8680 4373 8681 4376 8681 4403 8681 4373 8682 4403 8682 4374 8682 4376 8683 4377 8683 4382 8683 4376 8684 4382 8684 4403 8684 4378 8685 4388 8685 4383 8685 4379 8686 4405 8686 4406 8686 4379 8687 4406 8687 4380 8687 4379 8688 4385 8688 4405 8688 4380 8689 4406 8689 4407 8689 4380 8690 4407 8690 4381 8690 4381 8691 4407 8691 4408 8691 4381 8692 4408 8692 4382 8692 4382 8693 4408 8693 4409 8693 4382 8694 4409 8694 4403 8694 4383 8695 4388 8695 4410 8695 4383 8696 4410 8696 4411 8696 4383 8697 4411 8697 4384 8697 4384 8698 4397 8698 4385 8698 4384 8699 4411 8699 4398 8699 4384 8700 4398 8700 4397 8700 4385 8701 4397 8701 4400 8701 4385 8702 4400 8702 4405 8702 4386 8703 4412 8703 4387 8703 4386 8704 4402 8704 4412 8704 4387 8705 4412 8705 4413 8705 4387 8706 4413 8706 4414 8706 4387 8707 4414 8707 4389 8707 4389 8708 4414 8708 4415 8708 4389 8709 4415 8709 4388 8709 4388 8710 4415 8710 4416 8710 4388 8711 4416 8711 4410 8711 4390 8712 4393 8712 4417 8712 4390 8713 4417 8713 4401 8713 4392 8714 4404 8714 4418 8714 4392 8715 4418 8715 4393 8715 4393 8716 4418 8716 4419 8716 4393 8717 4419 8717 4417 8717 4212 8718 4396 8718 4420 8718 4212 8719 4420 8719 4213 8719 4395 8720 4399 8720 4411 8720 4395 8721 4411 8721 4421 8721 4395 8722 4421 8722 4422 8722 4395 8723 4422 8723 4420 8723 4395 8724 4420 8724 4396 8724 4398 8725 4411 8725 4399 8725 4301 8726 4300 8726 4423 8726 4301 8727 4423 8727 4424 8727 4301 8728 4424 8728 4400 8728 4400 8729 4424 8729 4405 8729 4401 8730 4417 8730 4423 8730 4401 8731 4423 8731 4300 8731 4219 8732 4218 8732 4402 8732 4402 8733 4218 8733 4217 8733 4402 8734 4217 8734 4425 8734 4402 8735 4425 8735 4413 8735 4402 8736 4413 8736 4412 8736 4403 8737 4409 8737 4426 8737 4403 8738 4426 8738 4404 8738 4404 8739 4426 8739 4418 8739 4405 8740 4424 8740 4427 8740 4405 8741 4427 8741 4406 8741 4406 8742 4427 8742 4407 8742 4407 8743 4427 8743 4428 8743 4407 8744 4428 8744 4408 8744 4408 8745 4428 8745 4409 8745 4409 8746 4428 8746 4426 8746 4410 8747 4416 8747 4420 8747 4410 8748 4420 8748 4422 8748 4410 8749 4422 8749 4421 8749 4410 8750 4421 8750 4411 8750 4413 8751 4425 8751 4429 8751 4413 8752 4429 8752 4430 8752 4413 8753 4430 8753 4414 8753 4414 8754 4431 8754 4415 8754 4414 8755 4430 8755 4432 8755 4414 8756 4432 8756 4431 8756 4415 8757 4431 8757 4416 8757 4416 8758 4431 8758 4420 8758 4417 8759 4419 8759 4423 8759 4418 8760 4426 8760 4428 8760 4418 8761 4428 8761 4419 8761 4419 8762 4428 8762 4427 8762 4419 8763 4427 8763 4424 8763 4419 8764 4424 8764 4423 8764 4213 8765 4420 8765 4432 8765 4213 8766 4432 8766 4214 8766 4420 8767 4431 8767 4432 8767 4217 8768 4216 8768 4429 8768 4217 8769 4429 8769 4425 8769 4429 8770 4216 8770 4215 8770 4429 8771 4215 8771 4430 8771 4430 8772 4215 8772 4214 8772 4430 8773 4214 8773 4432 8773 4433 8774 4434 8774 4435 8774 4433 8775 4435 8775 4436 8775 4433 8776 4436 8776 4437 8776 4433 8777 4437 8777 4438 8777 4433 8778 4438 8778 4439 8778 4433 8779 4439 8779 4440 8779 4433 8780 4440 8780 4441 8780 4433 8781 4441 8781 4442 8781 4433 8782 4442 8782 4443 8782 4433 8783 4443 8783 4444 8783 4433 8784 4444 8784 4445 8784 4433 8785 4445 8785 4446 8785 4433 8786 4446 8786 4447 8786 4433 8787 4447 8787 4448 8787 4433 8788 4448 8788 4449 8788 4433 8789 4449 8789 4434 8789 4434 8790 4449 8790 4450 8790 4434 8791 4450 8791 4451 8791 4434 8792 4451 8792 4452 8792 4434 8793 4452 8793 4453 8793 4434 8794 4453 8794 4454 8794 4434 8795 4454 8795 4455 8795 4434 8796 4455 8796 4456 8796 4434 8797 4456 8797 4457 8797 4434 8798 4457 8798 4458 8798 4434 8799 4458 8799 4459 8799 4434 8800 4459 8800 4460 8800 4434 8801 4460 8801 4461 8801 4434 8802 4461 8802 4462 8802 4434 8803 4462 8803 4463 8803 4434 8804 4463 8804 4464 8804 4434 8805 4464 8805 4465 8805 4434 8806 4465 8806 4466 8806 4434 8807 4466 8807 4467 8807 4434 8808 4467 8808 4468 8808 4434 8809 4468 8809 4469 8809 4434 8810 4469 8810 4470 8810 4434 8811 4470 8811 4471 8811 4434 8812 4471 8812 4472 8812 4434 8813 4472 8813 4473 8813 4434 8814 4473 8814 4474 8814 4434 8815 4474 8815 4475 8815 4434 8816 4475 8816 4476 8816 4434 8817 4476 8817 4477 8817 4434 8818 4477 8818 4435 8818 4446 8819 4445 8819 4447 8819 4447 8820 4445 8820 4478 8820 4447 8821 4478 8821 4479 8821 4447 8822 4479 8822 4480 8822 4447 8823 4480 8823 4481 8823 4447 8824 4481 8824 4482 8824 4447 8825 4482 8825 4448 8825 4448 8826 4482 8826 4449 8826 4449 8827 4482 8827 4450 8827 4435 8828 4477 8828 4483 8828 4435 8829 4483 8829 4436 8829 4445 8830 4444 8830 4478 8830 4478 8831 4444 8831 4443 8831 4478 8832 4443 8832 4484 8832 4478 8833 4484 8833 4479 8833 4479 8834 4484 8834 4485 8834 4479 8835 4485 8835 4480 8835 4480 8836 4486 8836 4487 8836 4480 8837 4487 8837 4481 8837 4480 8838 4485 8838 4488 8838 4480 8839 4488 8839 4489 8839 4480 8840 4489 8840 4490 8840 4480 8841 4490 8841 4491 8841 4480 8842 4491 8842 4486 8842 4481 8843 4451 8843 4450 8843 4481 8844 4450 8844 4482 8844 4481 8845 4487 8845 4452 8845 4481 8846 4452 8846 4451 8846 4477 8847 4476 8847 4483 8847 4483 8848 4476 8848 4475 8848 4483 8849 4475 8849 4492 8849 4483 8850 4492 8850 4493 8850 4483 8851 4493 8851 4436 8851 4436 8852 4493 8852 4494 8852 4436 8853 4494 8853 4495 8853 4436 8854 4495 8854 4496 8854 4436 8855 4496 8855 4437 8855 4443 8856 4442 8856 4484 8856 4484 8857 4442 8857 4497 8857 4484 8858 4497 8858 4498 8858 4484 8859 4498 8859 4485 8859 4485 8860 4498 8860 4488 8860 4486 8861 4499 8861 4487 8861 4486 8862 4491 8862 4499 8862 4487 8863 4499 8863 4500 8863 4487 8864 4500 8864 4452 8864 4488 8865 4501 8865 4489 8865 4488 8866 4498 8866 4501 8866 4489 8867 4501 8867 4502 8867 4489 8868 4502 8868 4503 8868 4489 8869 4503 8869 4490 8869 4490 8870 4503 8870 4504 8870 4490 8871 4504 8871 4491 8871 4491 8872 4504 8872 4505 8872 4491 8873 4505 8873 4500 8873 4491 8874 4500 8874 4499 8874 4452 8875 4500 8875 4453 8875 4475 8876 4474 8876 4506 8876 4475 8877 4506 8877 4492 8877 4492 8878 4506 8878 4507 8878 4492 8879 4507 8879 4495 8879 4492 8880 4495 8880 4508 8880 4492 8881 4508 8881 4493 8881 4493 8882 4508 8882 4495 8882 4493 8883 4495 8883 4494 8883 4495 8884 4507 8884 4496 8884 4496 8885 4507 8885 4509 8885 4496 8886 4509 8886 4510 8886 4496 8887 4510 8887 4437 8887 4437 8888 4510 8888 4438 8888 4442 8889 4441 8889 4497 8889 4497 8890 4441 8890 4511 8890 4497 8891 4511 8891 4498 8891 4498 8892 4511 8892 4512 8892 4498 8893 4512 8893 4513 8893 4498 8894 4513 8894 4501 8894 4500 8895 4455 8895 4454 8895 4500 8896 4454 8896 4453 8896 4500 8897 4505 8897 4456 8897 4500 8898 4456 8898 4455 8898 4501 8899 4513 8899 4514 8899 4501 8900 4514 8900 4502 8900 4502 8901 4514 8901 4515 8901 4502 8902 4515 8902 4503 8902 4503 8903 4516 8903 4504 8903 4503 8904 4515 8904 4517 8904 4503 8905 4517 8905 4518 8905 4503 8906 4518 8906 4519 8906 4503 8907 4519 8907 4516 8907 4504 8908 4516 8908 4459 8908 4504 8909 4459 8909 4505 8909 4505 8910 4458 8910 4457 8910 4505 8911 4457 8911 4456 8911 4505 8912 4459 8912 4458 8912 4474 8913 4473 8913 4520 8913 4474 8914 4520 8914 4506 8914 4506 8915 4520 8915 4507 8915 4507 8916 4520 8916 4521 8916 4507 8917 4521 8917 4522 8917 4507 8918 4522 8918 4509 8918 4509 8919 4522 8919 4523 8919 4509 8920 4523 8920 4510 8920 4510 8921 4523 8921 4438 8921 4438 8922 4523 8922 4524 8922 4438 8923 4524 8923 4439 8923 4441 8924 4440 8924 4511 8924 4511 8925 4440 8925 4439 8925 4511 8926 4439 8926 4524 8926 4511 8927 4524 8927 4525 8927 4511 8928 4525 8928 4526 8928 4511 8929 4526 8929 4527 8929 4511 8930 4527 8930 4528 8930 4511 8931 4528 8931 4513 8931 4511 8932 4513 8932 4512 8932 4513 8933 4528 8933 4514 8933 4514 8934 4528 8934 4529 8934 4514 8935 4529 8935 4515 8935 4515 8936 4529 8936 4530 8936 4515 8937 4530 8937 4517 8937 4516 8938 4519 8938 4460 8938 4516 8939 4460 8939 4459 8939 4517 8940 4530 8940 4531 8940 4517 8941 4531 8941 4532 8941 4517 8942 4532 8942 4533 8942 4517 8943 4533 8943 4534 8943 4517 8944 4534 8944 4518 8944 4518 8945 4460 8945 4519 8945 4518 8946 4534 8946 4463 8946 4518 8947 4463 8947 4462 8947 4518 8948 4462 8948 4461 8948 4518 8949 4461 8949 4460 8949 4473 8950 4472 8950 4520 8950 4520 8951 4472 8951 4535 8951 4520 8952 4535 8952 4521 8952 4521 8953 4535 8953 4536 8953 4521 8954 4536 8954 4537 8954 4521 8955 4537 8955 4522 8955 4522 8956 4537 8956 4538 8956 4522 8957 4538 8957 4523 8957 4523 8958 4538 8958 4524 8958 4524 8959 4538 8959 4525 8959 4528 8960 4527 8960 4539 8960 4528 8961 4539 8961 4529 8961 4529 8962 4539 8962 4540 8962 4529 8963 4540 8963 4530 8963 4530 8964 4540 8964 4541 8964 4530 8965 4541 8965 4542 8965 4530 8966 4542 8966 4531 8966 4531 8967 4542 8967 4541 8967 4531 8968 4541 8968 4543 8968 4531 8969 4543 8969 4544 8969 4531 8970 4544 8970 4545 8970 4531 8971 4545 8971 4546 8971 4531 8972 4546 8972 4547 8972 4531 8973 4547 8973 4548 8973 4531 8974 4548 8974 4465 8974 4531 8975 4465 8975 4464 8975 4531 8976 4464 8976 4549 8976 4531 8977 4549 8977 4533 8977 4531 8978 4533 8978 4532 8978 4533 8979 4549 8979 4534 8979 4534 8980 4549 8980 4464 8980 4534 8981 4464 8981 4463 8981 4472 8982 4471 8982 4535 8982 4535 8983 4550 8983 4536 8983 4535 8984 4471 8984 4550 8984 4536 8985 4550 8985 4551 8985 4536 8986 4551 8986 4552 8986 4536 8987 4552 8987 4537 8987 4537 8988 4552 8988 4553 8988 4537 8989 4553 8989 4554 8989 4537 8990 4554 8990 4538 8990 4538 8991 4554 8991 4526 8991 4538 8992 4526 8992 4525 8992 4527 8993 4526 8993 4555 8993 4527 8994 4555 8994 4539 8994 4539 8995 4555 8995 4556 8995 4539 8996 4556 8996 4544 8996 4539 8997 4544 8997 4540 8997 4540 8998 4543 8998 4541 8998 4540 8999 4544 8999 4543 8999 4471 9000 4470 9000 4550 9000 4550 9001 4470 9001 4557 9001 4550 9002 4557 9002 4558 9002 4550 9003 4558 9003 4551 9003 4551 9004 4559 9004 4552 9004 4551 9005 4558 9005 4560 9005 4551 9006 4560 9006 4561 9006 4551 9007 4561 9007 4562 9007 4551 9008 4562 9008 4563 9008 4551 9009 4563 9009 4559 9009 4552 9010 4559 9010 4553 9010 4553 9011 4559 9011 4564 9011 4553 9012 4564 9012 4565 9012 4553 9013 4565 9013 4526 9013 4553 9014 4526 9014 4554 9014 4526 9015 4565 9015 4555 9015 4555 9016 4565 9016 4566 9016 4555 9017 4566 9017 4567 9017 4555 9018 4567 9018 4556 9018 4556 9019 4567 9019 4545 9019 4556 9020 4545 9020 4544 9020 4465 9021 4548 9021 4568 9021 4465 9022 4568 9022 4466 9022 4470 9023 4469 9023 4557 9023 4557 9024 4569 9024 4558 9024 4557 9025 4469 9025 4468 9025 4557 9026 4468 9026 4569 9026 4558 9027 4569 9027 4560 9027 4559 9028 4563 9028 4564 9028 4560 9029 4569 9029 4561 9029 4561 9030 4569 9030 4562 9030 4562 9031 4468 9031 4467 9031 4562 9032 4467 9032 4568 9032 4562 9033 4568 9033 4563 9033 4562 9034 4569 9034 4468 9034 4563 9035 4568 9035 4548 9035 4563 9036 4548 9036 4547 9036 4563 9037 4547 9037 4570 9037 4563 9038 4570 9038 4564 9038 4564 9039 4570 9039 4565 9039 4565 9040 4570 9040 4566 9040 4566 9041 4570 9041 4547 9041 4566 9042 4547 9042 4546 9042 4566 9043 4546 9043 4567 9043 4567 9044 4546 9044 4545 9044 4568 9045 4467 9045 4466 9045 4571 9046 4572 9046 4573 9046 4571 9047 4573 9047 4574 9047 4571 9048 4574 9048 4575 9048 4571 9049 4575 9049 4576 9049 4571 9050 4576 9050 4577 9050 4571 9051 4577 9051 4578 9051 4571 9052 4578 9052 4579 9052 4571 9053 4579 9053 4580 9053 4571 9054 4580 9054 4581 9054 4571 9055 4581 9055 4582 9055 4571 9056 4582 9056 4583 9056 4571 9057 4583 9057 4584 9057 4571 9058 4584 9058 4585 9058 4571 9059 4585 9059 4586 9059 4571 9060 4586 9060 4587 9060 4571 9061 4587 9061 4588 9061 4571 9062 4588 9062 4589 9062 4571 9063 4589 9063 4590 9063 4571 9064 4590 9064 4591 9064 4571 9065 4591 9065 4592 9065 4571 9066 4592 9066 4593 9066 4571 9067 4593 9067 4594 9067 4571 9068 4594 9068 4595 9068 4571 9069 4595 9069 4596 9069 4571 9070 4596 9070 4597 9070 4571 9071 4597 9071 4598 9071 4571 9072 4598 9072 4599 9072 4571 9073 4599 9073 4600 9073 4571 9074 4600 9074 4572 9074 4572 9075 4600 9075 4601 9075 4572 9076 4601 9076 4602 9076 4572 9077 4602 9077 4603 9077 4572 9078 4603 9078 4604 9078 4572 9079 4604 9079 4605 9079 4572 9080 4605 9080 4606 9080 4572 9081 4606 9081 4607 9081 4572 9082 4607 9082 4608 9082 4572 9083 4608 9083 4609 9083 4572 9084 4609 9084 4610 9084 4572 9085 4610 9085 4611 9085 4572 9086 4611 9086 4612 9086 4572 9087 4612 9087 4613 9087 4572 9088 4613 9088 4614 9088 4572 9089 4614 9089 4615 9089 4572 9090 4615 9090 4616 9090 4572 9091 4616 9091 4617 9091 4572 9092 4617 9092 4618 9092 4572 9093 4618 9093 4619 9093 4572 9094 4619 9094 4620 9094 4572 9095 4620 9095 4621 9095 4572 9096 4621 9096 4622 9096 4572 9097 4622 9097 4623 9097 4572 9098 4623 9098 4624 9098 4572 9099 4624 9099 4625 9099 4572 9100 4625 9100 4626 9100 4572 9101 4626 9101 4627 9101 4572 9102 4627 9102 4628 9102 4572 9103 4628 9103 4629 9103 4572 9104 4629 9104 4630 9104 4572 9105 4630 9105 4580 9105 4572 9106 4580 9106 4579 9106 4572 9107 4579 9107 4578 9107 4572 9108 4578 9108 4577 9108 4572 9109 4577 9109 4576 9109 4572 9110 4576 9110 4575 9110 4572 9111 4575 9111 4574 9111 4572 9112 4574 9112 4573 9112 4581 9113 4631 9113 4632 9113 4581 9114 4632 9114 4633 9114 4581 9115 4633 9115 4634 9115 4581 9116 4634 9116 4582 9116 4581 9117 4580 9117 4630 9117 4581 9118 4630 9118 4629 9118 4581 9119 4629 9119 4628 9119 4581 9120 4628 9120 4627 9120 4581 9121 4627 9121 4626 9121 4581 9122 4626 9122 4625 9122 4581 9123 4625 9123 4624 9123 4581 9124 4624 9124 4623 9124 4581 9125 4623 9125 4631 9125 4589 9126 4588 9126 4590 9126 4599 9127 4598 9127 4604 9127 4599 9128 4604 9128 4603 9128 4599 9129 4603 9129 4602 9129 4599 9130 4602 9130 4601 9130 4599 9131 4601 9131 4600 9131 4631 9132 4623 9132 4622 9132 4631 9133 4622 9133 4635 9133 4631 9134 4635 9134 4632 9134 4632 9135 4635 9135 4636 9135 4632 9136 4636 9136 4637 9136 4632 9137 4637 9137 4633 9137 4633 9138 4637 9138 4634 9138 4634 9139 4637 9139 4638 9139 4634 9140 4638 9140 4639 9140 4634 9141 4639 9141 4582 9141 4582 9142 4639 9142 4640 9142 4582 9143 4640 9143 4641 9143 4582 9144 4641 9144 4642 9144 4582 9145 4642 9145 4643 9145 4582 9146 4643 9146 4644 9146 4582 9147 4644 9147 4583 9147 4588 9148 4587 9148 4645 9148 4588 9149 4645 9149 4646 9149 4588 9150 4646 9150 4647 9150 4588 9151 4647 9151 4648 9151 4588 9152 4648 9152 4649 9152 4588 9153 4649 9153 4650 9153 4588 9154 4650 9154 4651 9154 4588 9155 4651 9155 4652 9155 4588 9156 4652 9156 4653 9156 4588 9157 4653 9157 4654 9157 4588 9158 4654 9158 4655 9158 4588 9159 4655 9159 4656 9159 4588 9160 4656 9160 4657 9160 4588 9161 4657 9161 4658 9161 4588 9162 4658 9162 4659 9162 4588 9163 4659 9163 4660 9163 4588 9164 4660 9164 4661 9164 4588 9165 4661 9165 4590 9165 4590 9166 4661 9166 4660 9166 4590 9167 4660 9167 4659 9167 4590 9168 4659 9168 4591 9168 4598 9169 4608 9169 4607 9169 4598 9170 4607 9170 4606 9170 4598 9171 4606 9171 4605 9171 4598 9172 4605 9172 4604 9172 4598 9173 4597 9173 4662 9173 4598 9174 4662 9174 4663 9174 4598 9175 4663 9175 4664 9175 4598 9176 4664 9176 4665 9176 4598 9177 4665 9177 4666 9177 4598 9178 4666 9178 4608 9178 4622 9179 4621 9179 4667 9179 4622 9180 4667 9180 4668 9180 4622 9181 4668 9181 4669 9181 4622 9182 4669 9182 4635 9182 4635 9183 4669 9183 4670 9183 4635 9184 4670 9184 4636 9184 4636 9185 4670 9185 4637 9185 4637 9186 4670 9186 4671 9186 4637 9187 4671 9187 4672 9187 4637 9188 4672 9188 4638 9188 4638 9189 4672 9189 4673 9189 4638 9190 4673 9190 4639 9190 4639 9191 4674 9191 4640 9191 4639 9192 4673 9192 4674 9192 4640 9193 4674 9193 4641 9193 4641 9194 4674 9194 4675 9194 4641 9195 4675 9195 4676 9195 4641 9196 4676 9196 4677 9196 4641 9197 4677 9197 4642 9197 4642 9198 4677 9198 4643 9198 4643 9199 4677 9199 4678 9199 4643 9200 4678 9200 4679 9200 4643 9201 4679 9201 4644 9201 4644 9202 4679 9202 4583 9202 4583 9203 4680 9203 4584 9203 4583 9204 4679 9204 4681 9204 4583 9205 4681 9205 4680 9205 4587 9206 4586 9206 4682 9206 4587 9207 4682 9207 4645 9207 4659 9208 4658 9208 4591 9208 4591 9209 4658 9209 4592 9209 4608 9210 4666 9210 4609 9210 4597 9211 4596 9211 4662 9211 4662 9212 4596 9212 4595 9212 4662 9213 4595 9213 4683 9213 4662 9214 4683 9214 4684 9214 4662 9215 4684 9215 4685 9215 4662 9216 4685 9216 4658 9216 4662 9217 4658 9217 4657 9217 4662 9218 4657 9218 4686 9218 4662 9219 4686 9219 4687 9219 4662 9220 4687 9220 4688 9220 4662 9221 4688 9221 4689 9221 4662 9222 4689 9222 4690 9222 4662 9223 4690 9223 4691 9223 4662 9224 4691 9224 4692 9224 4662 9225 4692 9225 4693 9225 4662 9226 4693 9226 4694 9226 4662 9227 4694 9227 4695 9227 4662 9228 4695 9228 4664 9228 4662 9229 4664 9229 4663 9229 4664 9230 4695 9230 4696 9230 4664 9231 4696 9231 4665 9231 4665 9232 4696 9232 4666 9232 4666 9233 4696 9233 4697 9233 4666 9234 4697 9234 4698 9234 4666 9235 4698 9235 4614 9235 4666 9236 4614 9236 4613 9236 4666 9237 4613 9237 4612 9237 4666 9238 4612 9238 4611 9238 4666 9239 4611 9239 4610 9239 4666 9240 4610 9240 4609 9240 4621 9241 4620 9241 4667 9241 4667 9242 4699 9242 4700 9242 4667 9243 4700 9243 4701 9243 4667 9244 4701 9244 4668 9244 4667 9245 4620 9245 4619 9245 4667 9246 4619 9246 4699 9246 4668 9247 4701 9247 4669 9247 4669 9248 4701 9248 4670 9248 4670 9249 4701 9249 4671 9249 4671 9250 4702 9250 4677 9250 4671 9251 4677 9251 4676 9251 4671 9252 4676 9252 4675 9252 4671 9253 4675 9253 4673 9253 4671 9254 4673 9254 4672 9254 4671 9255 4701 9255 4703 9255 4671 9256 4703 9256 4702 9256 4673 9257 4675 9257 4674 9257 4677 9258 4702 9258 4704 9258 4677 9259 4704 9259 4679 9259 4677 9260 4679 9260 4678 9260 4679 9261 4704 9261 4705 9261 4679 9262 4705 9262 4681 9262 4680 9263 4706 9263 4707 9263 4680 9264 4707 9264 4708 9264 4680 9265 4708 9265 4709 9265 4680 9266 4709 9266 4682 9266 4680 9267 4682 9267 4585 9267 4680 9268 4585 9268 4584 9268 4680 9269 4681 9269 4710 9269 4680 9270 4710 9270 4706 9270 4681 9271 4705 9271 4710 9271 4586 9272 4585 9272 4682 9272 4682 9273 4709 9273 4646 9273 4682 9274 4646 9274 4645 9274 4658 9275 4685 9275 4595 9275 4658 9276 4595 9276 4594 9276 4658 9277 4594 9277 4593 9277 4658 9278 4593 9278 4592 9278 4595 9279 4685 9279 4684 9279 4595 9280 4684 9280 4683 9280 4695 9281 4694 9281 4696 9281 4696 9282 4694 9282 4693 9282 4696 9283 4693 9283 4697 9283 4698 9284 4697 9284 4711 9284 4698 9285 4711 9285 4699 9285 4698 9286 4699 9286 4616 9286 4698 9287 4616 9287 4615 9287 4698 9288 4615 9288 4614 9288 4699 9289 4619 9289 4618 9289 4699 9290 4618 9290 4617 9290 4699 9291 4617 9291 4616 9291 4699 9292 4711 9292 4693 9292 4699 9293 4693 9293 4700 9293 4700 9294 4693 9294 4712 9294 4700 9295 4712 9295 4701 9295 4701 9296 4712 9296 4713 9296 4701 9297 4713 9297 4714 9297 4701 9298 4714 9298 4703 9298 4702 9299 4703 9299 4704 9299 4703 9300 4714 9300 4704 9300 4704 9301 4652 9301 4705 9301 4704 9302 4714 9302 4652 9302 4705 9303 4652 9303 4651 9303 4705 9304 4651 9304 4650 9304 4705 9305 4650 9305 4649 9305 4705 9306 4649 9306 4715 9306 4705 9307 4715 9307 4716 9307 4705 9308 4716 9308 4710 9308 4706 9309 4708 9309 4707 9309 4706 9310 4710 9310 4708 9310 4708 9311 4710 9311 4716 9311 4708 9312 4716 9312 4709 9312 4709 9313 4716 9313 4717 9313 4709 9314 4717 9314 4647 9314 4709 9315 4647 9315 4646 9315 4657 9316 4656 9316 4686 9316 4697 9317 4693 9317 4711 9317 4693 9318 4692 9318 4712 9318 4712 9319 4692 9319 4691 9319 4712 9320 4691 9320 4713 9320 4713 9321 4691 9321 4690 9321 4713 9322 4690 9322 4714 9322 4714 9323 4690 9323 4689 9323 4714 9324 4689 9324 4718 9324 4714 9325 4718 9325 4654 9325 4714 9326 4654 9326 4653 9326 4714 9327 4653 9327 4652 9327 4649 9328 4648 9328 4715 9328 4715 9329 4648 9329 4647 9329 4715 9330 4647 9330 4717 9330 4715 9331 4717 9331 4716 9331 4686 9332 4656 9332 4655 9332 4686 9333 4655 9333 4719 9333 4686 9334 4719 9334 4687 9334 4689 9335 4688 9335 4718 9335 4718 9336 4688 9336 4719 9336 4718 9337 4719 9337 4654 9337 4654 9338 4719 9338 4655 9338 4687 9339 4719 9339 4688 9339 4720 9340 4721 9340 4722 9340 4720 9341 4722 9341 4723 9341 4720 9342 4723 9342 4724 9342 4720 9343 4724 9343 4725 9343 4720 9344 4725 9344 4726 9344 4720 9345 4726 9345 4727 9345 4720 9346 4727 9346 4728 9346 4720 9347 4728 9347 4729 9347 4720 9348 4729 9348 4730 9348 4720 9349 4730 9349 4731 9349 4720 9350 4731 9350 4732 9350 4720 9351 4732 9351 4733 9351 4720 9352 4733 9352 4734 9352 4720 9353 4734 9353 4735 9353 4720 9354 4735 9354 4736 9354 4720 9355 4736 9355 4737 9355 4720 9356 4737 9356 4738 9356 4720 9357 4738 9357 4739 9357 4720 9358 4739 9358 4740 9358 4720 9359 4740 9359 4741 9359 4720 9360 4741 9360 4742 9360 4720 9361 4742 9361 4743 9361 4720 9362 4743 9362 4744 9362 4720 9363 4744 9363 4745 9363 4720 9364 4745 9364 4746 9364 4720 9365 4746 9365 4747 9365 4720 9366 4747 9366 4748 9366 4720 9367 4748 9367 4749 9367 4720 9368 4749 9368 4750 9368 4720 9369 4750 9369 4751 9369 4720 9370 4751 9370 4752 9370 4720 9371 4752 9371 4753 9371 4720 9372 4753 9372 4754 9372 4720 9373 4754 9373 4755 9373 4720 9374 4755 9374 4756 9374 4720 9375 4756 9375 4757 9375 4720 9376 4757 9376 4758 9376 4720 9377 4758 9377 4759 9377 4720 9378 4759 9378 4760 9378 4720 9379 4760 9379 4721 9379 4721 9380 4760 9380 4761 9380 4721 9381 4761 9381 4722 9381 4722 9382 4762 9382 4763 9382 4722 9383 4763 9383 4764 9383 4722 9384 4764 9384 4723 9384 4722 9385 4761 9385 4762 9385 4723 9386 4764 9386 4724 9386 4760 9387 4765 9387 4766 9387 4760 9388 4766 9388 4761 9388 4760 9389 4759 9389 4765 9389 4761 9390 4766 9390 4762 9390 4762 9391 4767 9391 4768 9391 4762 9392 4768 9392 4763 9392 4762 9393 4766 9393 4769 9393 4762 9394 4769 9394 4767 9394 4763 9395 4768 9395 4770 9395 4763 9396 4770 9396 4771 9396 4763 9397 4771 9397 4726 9397 4763 9398 4726 9398 4764 9398 4764 9399 4726 9399 4725 9399 4764 9400 4725 9400 4724 9400 4765 9401 4772 9401 4766 9401 4765 9402 4759 9402 4758 9402 4765 9403 4758 9403 4772 9403 4766 9404 4772 9404 4769 9404 4767 9405 4773 9405 4774 9405 4767 9406 4774 9406 4768 9406 4767 9407 4769 9407 4775 9407 4767 9408 4775 9408 4776 9408 4767 9409 4776 9409 4777 9409 4767 9410 4777 9410 4773 9410 4768 9411 4774 9411 4778 9411 4768 9412 4778 9412 4779 9412 4768 9413 4779 9413 4770 9413 4769 9414 4772 9414 4775 9414 4770 9415 4779 9415 4780 9415 4770 9416 4780 9416 4781 9416 4770 9417 4781 9417 4771 9417 4771 9418 4727 9418 4726 9418 4771 9419 4781 9419 4728 9419 4771 9420 4728 9420 4727 9420 4772 9421 4758 9421 4782 9421 4772 9422 4782 9422 4783 9422 4772 9423 4783 9423 4775 9423 4758 9424 4757 9424 4782 9424 4773 9425 4784 9425 4774 9425 4773 9426 4777 9426 4785 9426 4773 9427 4785 9427 4786 9427 4773 9428 4786 9428 4784 9428 4774 9429 4787 9429 4788 9429 4774 9430 4788 9430 4778 9430 4774 9431 4784 9431 4787 9431 4775 9432 4783 9432 4789 9432 4775 9433 4789 9433 4776 9433 4776 9434 4789 9434 4790 9434 4776 9435 4790 9435 4777 9435 4778 9436 4788 9436 4791 9436 4778 9437 4791 9437 4792 9437 4778 9438 4792 9438 4793 9438 4778 9439 4793 9439 4779 9439 4779 9440 4793 9440 4780 9440 4780 9441 4793 9441 4794 9441 4780 9442 4794 9442 4781 9442 4781 9443 4794 9443 4732 9443 4781 9444 4732 9444 4731 9444 4781 9445 4731 9445 4730 9445 4781 9446 4730 9446 4729 9446 4781 9447 4729 9447 4728 9447 4782 9448 4757 9448 4783 9448 4783 9449 4757 9449 4795 9449 4783 9450 4795 9450 4796 9450 4783 9451 4796 9451 4789 9451 4757 9452 4756 9452 4795 9452 4784 9453 4786 9453 4797 9453 4784 9454 4797 9454 4798 9454 4784 9455 4798 9455 4799 9455 4784 9456 4799 9456 4787 9456 4777 9457 4790 9457 4785 9457 4785 9458 4800 9458 4786 9458 4785 9459 4790 9459 4801 9459 4785 9460 4801 9460 4800 9460 4786 9461 4800 9461 4797 9461 4787 9462 4802 9462 4742 9462 4787 9463 4742 9463 4803 9463 4787 9464 4803 9464 4804 9464 4787 9465 4804 9465 4788 9465 4787 9466 4799 9466 4802 9466 4788 9467 4804 9467 4805 9467 4788 9468 4805 9468 4791 9468 4789 9469 4796 9469 4806 9469 4789 9470 4806 9470 4790 9470 4790 9471 4806 9471 4801 9471 4791 9472 4805 9472 4807 9472 4791 9473 4807 9473 4792 9473 4792 9474 4807 9474 4738 9474 4792 9475 4738 9475 4808 9475 4792 9476 4808 9476 4809 9476 4792 9477 4809 9477 4793 9477 4793 9478 4809 9478 4735 9478 4793 9479 4735 9479 4734 9479 4793 9480 4734 9480 4794 9480 4794 9481 4734 9481 4733 9481 4794 9482 4733 9482 4732 9482 4795 9483 4756 9483 4755 9483 4795 9484 4755 9484 4796 9484 4796 9485 4755 9485 4806 9485 4797 9486 4800 9486 4810 9486 4797 9487 4810 9487 4749 9487 4797 9488 4749 9488 4748 9488 4797 9489 4748 9489 4747 9489 4797 9490 4747 9490 4798 9490 4798 9491 4747 9491 4746 9491 4798 9492 4746 9492 4799 9492 4799 9493 4744 9493 4743 9493 4799 9494 4743 9494 4802 9494 4799 9495 4746 9495 4745 9495 4799 9496 4745 9496 4744 9496 4800 9497 4801 9497 4750 9497 4800 9498 4750 9498 4749 9498 4800 9499 4749 9499 4810 9499 4801 9500 4806 9500 4811 9500 4801 9501 4811 9501 4751 9501 4801 9502 4751 9502 4750 9502 4802 9503 4743 9503 4742 9503 4742 9504 4741 9504 4803 9504 4803 9505 4741 9505 4804 9505 4804 9506 4741 9506 4805 9506 4805 9507 4740 9507 4739 9507 4805 9508 4739 9508 4807 9508 4805 9509 4741 9509 4740 9509 4806 9510 4755 9510 4754 9510 4806 9511 4754 9511 4811 9511 4807 9512 4739 9512 4738 9512 4738 9513 4737 9513 4808 9513 4808 9514 4737 9514 4809 9514 4809 9515 4737 9515 4736 9515 4809 9516 4736 9516 4735 9516 4811 9517 4754 9517 4753 9517 4811 9518 4753 9518 4752 9518 4811 9519 4752 9519 4751 9519 4812 9520 4813 9520 4814 9520 4812 9521 4814 9521 4815 9521 4812 9522 4815 9522 4816 9522 4812 9523 4816 9523 4817 9523 4812 9524 4817 9524 4818 9524 4812 9525 4818 9525 4819 9525 4812 9526 4819 9526 4820 9526 4812 9527 4820 9527 4821 9527 4812 9528 4821 9528 4822 9528 4812 9529 4822 9529 4823 9529 4812 9530 4823 9530 4824 9530 4812 9531 4824 9531 4825 9531 4812 9532 4825 9532 4826 9532 4812 9533 4826 9533 4827 9533 4812 9534 4827 9534 4828 9534 4812 9535 4828 9535 4829 9535 4812 9536 4829 9536 4830 9536 4812 9537 4830 9537 4831 9537 4812 9538 4831 9538 4832 9538 4812 9539 4832 9539 4833 9539 4812 9540 4833 9540 4834 9540 4812 9541 4834 9541 4835 9541 4812 9542 4835 9542 4836 9542 4812 9543 4836 9543 4837 9543 4812 9544 4837 9544 4838 9544 4812 9545 4838 9545 4839 9545 4812 9546 4839 9546 4840 9546 4812 9547 4840 9547 4841 9547 4812 9548 4841 9548 4842 9548 4812 9549 4842 9549 4843 9549 4812 9550 4843 9550 4844 9550 4812 9551 4844 9551 4845 9551 4812 9552 4845 9552 4846 9552 4812 9553 4846 9553 4847 9553 4812 9554 4847 9554 4848 9554 4812 9555 4848 9555 4849 9555 4812 9556 4849 9556 4850 9556 4812 9557 4850 9557 4851 9557 4812 9558 4851 9558 4852 9558 4812 9559 4852 9559 4853 9559 4812 9560 4853 9560 4854 9560 4812 9561 4854 9561 4855 9561 4812 9562 4855 9562 4856 9562 4812 9563 4856 9563 4857 9563 4812 9564 4857 9564 4858 9564 4812 9565 4858 9565 4813 9565 4813 9566 4859 9566 4814 9566 4813 9567 4858 9567 4859 9567 4814 9568 4859 9568 4860 9568 4814 9569 4860 9569 4815 9569 4815 9570 4860 9570 4861 9570 4815 9571 4861 9571 4862 9571 4815 9572 4862 9572 4817 9572 4815 9573 4817 9573 4816 9573 4835 9574 4834 9574 4863 9574 4835 9575 4863 9575 4864 9575 4835 9576 4864 9576 4836 9576 4859 9577 4865 9577 4866 9577 4859 9578 4866 9578 4867 9578 4859 9579 4867 9579 4868 9579 4859 9580 4868 9580 4869 9580 4859 9581 4869 9581 4864 9581 4859 9582 4864 9582 4863 9582 4859 9583 4863 9583 4870 9583 4859 9584 4870 9584 4871 9584 4859 9585 4871 9585 4872 9585 4859 9586 4872 9586 4873 9586 4859 9587 4873 9587 4874 9587 4859 9588 4874 9588 4875 9588 4859 9589 4875 9589 4876 9589 4859 9590 4876 9590 4877 9590 4859 9591 4877 9591 4878 9591 4859 9592 4878 9592 4879 9592 4859 9593 4879 9593 4880 9593 4859 9594 4880 9594 4881 9594 4859 9595 4881 9595 4882 9595 4859 9596 4882 9596 4883 9596 4859 9597 4883 9597 4860 9597 4859 9598 4858 9598 4857 9598 4859 9599 4857 9599 4856 9599 4859 9600 4856 9600 4865 9600 4860 9601 4883 9601 4882 9601 4860 9602 4882 9602 4884 9602 4860 9603 4884 9603 4861 9603 4861 9604 4884 9604 4885 9604 4861 9605 4885 9605 4886 9605 4861 9606 4886 9606 4887 9606 4861 9607 4887 9607 4817 9607 4861 9608 4817 9608 4862 9608 4817 9609 4887 9609 4888 9609 4817 9610 4888 9610 4818 9610 4834 9611 4833 9611 4863 9611 4836 9612 4864 9612 4837 9612 4865 9613 4856 9613 4855 9613 4865 9614 4855 9614 4854 9614 4865 9615 4854 9615 4853 9615 4865 9616 4853 9616 4852 9616 4865 9617 4852 9617 4851 9617 4865 9618 4851 9618 4850 9618 4865 9619 4850 9619 4849 9619 4865 9620 4849 9620 4848 9620 4865 9621 4848 9621 4847 9621 4865 9622 4847 9622 4866 9622 4882 9623 4881 9623 4889 9623 4882 9624 4889 9624 4884 9624 4884 9625 4889 9625 4885 9625 4885 9626 4889 9626 4890 9626 4885 9627 4890 9627 4886 9627 4886 9628 4890 9628 4891 9628 4886 9629 4891 9629 4888 9629 4886 9630 4888 9630 4887 9630 4818 9631 4888 9631 4892 9631 4818 9632 4892 9632 4819 9632 4833 9633 4832 9633 4863 9633 4863 9634 4832 9634 4831 9634 4863 9635 4831 9635 4830 9635 4863 9636 4830 9636 4870 9636 4864 9637 4847 9637 4846 9637 4864 9638 4846 9638 4845 9638 4864 9639 4845 9639 4844 9639 4864 9640 4844 9640 4843 9640 4864 9641 4843 9641 4842 9641 4864 9642 4842 9642 4841 9642 4864 9643 4841 9643 4840 9643 4864 9644 4840 9644 4839 9644 4864 9645 4839 9645 4838 9645 4864 9646 4838 9646 4837 9646 4864 9647 4869 9647 4847 9647 4866 9648 4847 9648 4867 9648 4847 9649 4869 9649 4868 9649 4847 9650 4868 9650 4867 9650 4881 9651 4880 9651 4889 9651 4889 9652 4893 9652 4890 9652 4889 9653 4880 9653 4893 9653 4890 9654 4894 9654 4895 9654 4890 9655 4895 9655 4891 9655 4890 9656 4893 9656 4894 9656 4891 9657 4895 9657 4892 9657 4891 9658 4892 9658 4888 9658 4819 9659 4892 9659 4896 9659 4819 9660 4896 9660 4820 9660 4892 9661 4895 9661 4896 9661 4870 9662 4897 9662 4898 9662 4870 9663 4898 9663 4871 9663 4870 9664 4830 9664 4897 9664 4880 9665 4879 9665 4893 9665 4893 9666 4879 9666 4899 9666 4893 9667 4899 9667 4894 9667 4894 9668 4899 9668 4900 9668 4894 9669 4900 9669 4895 9669 4895 9670 4900 9670 4901 9670 4895 9671 4901 9671 4896 9671 4820 9672 4896 9672 4902 9672 4820 9673 4902 9673 4821 9673 4896 9674 4901 9674 4902 9674 4830 9675 4829 9675 4897 9675 4897 9676 4829 9676 4898 9676 4898 9677 4829 9677 4828 9677 4898 9678 4828 9678 4903 9678 4898 9679 4903 9679 4871 9679 4871 9680 4903 9680 4904 9680 4871 9681 4904 9681 4872 9681 4879 9682 4878 9682 4899 9682 4899 9683 4901 9683 4900 9683 4899 9684 4878 9684 4877 9684 4899 9685 4877 9685 4905 9685 4899 9686 4905 9686 4901 9686 4901 9687 4905 9687 4906 9687 4901 9688 4906 9688 4907 9688 4901 9689 4907 9689 4902 9689 4902 9690 4822 9690 4821 9690 4902 9691 4907 9691 4822 9691 4828 9692 4827 9692 4903 9692 4903 9693 4827 9693 4904 9693 4904 9694 4908 9694 4872 9694 4904 9695 4827 9695 4826 9695 4904 9696 4826 9696 4909 9696 4904 9697 4909 9697 4908 9697 4872 9698 4908 9698 4873 9698 4877 9699 4876 9699 4905 9699 4905 9700 4876 9700 4907 9700 4905 9701 4907 9701 4906 9701 4907 9702 4910 9702 4823 9702 4907 9703 4823 9703 4822 9703 4907 9704 4876 9704 4875 9704 4907 9705 4875 9705 4911 9705 4907 9706 4911 9706 4910 9706 4908 9707 4909 9707 4911 9707 4908 9708 4911 9708 4874 9708 4908 9709 4874 9709 4873 9709 4826 9710 4825 9710 4912 9710 4826 9711 4912 9711 4909 9711 4909 9712 4912 9712 4910 9712 4909 9713 4910 9713 4911 9713 4910 9714 4824 9714 4823 9714 4910 9715 4912 9715 4825 9715 4910 9716 4825 9716 4824 9716 4875 9717 4874 9717 4911 9717 4913 9718 4914 9718 4915 9718 4913 9719 4915 9719 4916 9719 4913 9720 4916 9720 4917 9720 4913 9721 4917 9721 4918 9721 4913 9722 4918 9722 4919 9722 4913 9723 4919 9723 4920 9723 4913 9724 4920 9724 4921 9724 4913 9725 4921 9725 4922 9725 4913 9726 4922 9726 4923 9726 4913 9727 4923 9727 4924 9727 4913 9728 4924 9728 4925 9728 4913 9729 4925 9729 4926 9729 4913 9730 4926 9730 4927 9730 4913 9731 4927 9731 4928 9731 4913 9732 4928 9732 4929 9732 4913 9733 4929 9733 4930 9733 4913 9734 4930 9734 4931 9734 4913 9735 4931 9735 4932 9735 4913 9736 4932 9736 4933 9736 4913 9737 4933 9737 4934 9737 4913 9738 4934 9738 4935 9738 4913 9739 4935 9739 4936 9739 4913 9740 4936 9740 4937 9740 4913 9741 4937 9741 4938 9741 4913 9742 4938 9742 4939 9742 4913 9743 4939 9743 4940 9743 4913 9744 4940 9744 4914 9744 4914 9745 4940 9745 4941 9745 4914 9746 4941 9746 4942 9746 4914 9747 4942 9747 4943 9747 4914 9748 4943 9748 4944 9748 4914 9749 4944 9749 4915 9749 4916 9750 4915 9750 4944 9750 4916 9751 4944 9751 4945 9751 4916 9752 4945 9752 4917 9752 4917 9753 4919 9753 4918 9753 4917 9754 4945 9754 4946 9754 4917 9755 4946 9755 4947 9755 4917 9756 4947 9756 4919 9756 4940 9757 4939 9757 4941 9757 4944 9758 4943 9758 4945 9758 4945 9759 4943 9759 4942 9759 4945 9760 4942 9760 4948 9760 4945 9761 4948 9761 4946 9761 4919 9762 4947 9762 4920 9762 4946 9763 4949 9763 4950 9763 4946 9764 4950 9764 4947 9764 4946 9765 4948 9765 4949 9765 4947 9766 4950 9766 4951 9766 4947 9767 4951 9767 4952 9767 4947 9768 4952 9768 4921 9768 4947 9769 4921 9769 4920 9769 4941 9770 4953 9770 4954 9770 4941 9771 4954 9771 4955 9771 4941 9772 4955 9772 4956 9772 4941 9773 4956 9773 4957 9773 4941 9774 4957 9774 4958 9774 4941 9775 4958 9775 4959 9775 4941 9776 4959 9776 4960 9776 4941 9777 4960 9777 4961 9777 4941 9778 4961 9778 4962 9778 4941 9779 4962 9779 4963 9779 4941 9780 4963 9780 4964 9780 4941 9781 4964 9781 4965 9781 4941 9782 4965 9782 4966 9782 4941 9783 4966 9783 4967 9783 4941 9784 4967 9784 4968 9784 4941 9785 4968 9785 4969 9785 4941 9786 4969 9786 4949 9786 4941 9787 4949 9787 4948 9787 4941 9788 4948 9788 4942 9788 4941 9789 4939 9789 4953 9789 4939 9790 4938 9790 4970 9790 4939 9791 4970 9791 4971 9791 4939 9792 4971 9792 4972 9792 4939 9793 4972 9793 4954 9793 4939 9794 4954 9794 4953 9794 4949 9795 4969 9795 4950 9795 4950 9796 4969 9796 4968 9796 4950 9797 4968 9797 4951 9797 4951 9798 4967 9798 4973 9798 4951 9799 4973 9799 4974 9799 4951 9800 4974 9800 4952 9800 4951 9801 4968 9801 4967 9801 4952 9802 4974 9802 4922 9802 4952 9803 4922 9803 4921 9803 4938 9804 4937 9804 4975 9804 4938 9805 4975 9805 4970 9805 4967 9806 4966 9806 4973 9806 4973 9807 4966 9807 4965 9807 4973 9808 4965 9808 4964 9808 4973 9809 4964 9809 4976 9809 4973 9810 4976 9810 4974 9810 4974 9811 4976 9811 4977 9811 4974 9812 4977 9812 4923 9812 4974 9813 4923 9813 4922 9813 4954 9814 4972 9814 4955 9814 4937 9815 4936 9815 4975 9815 4970 9816 4975 9816 4978 9816 4970 9817 4978 9817 4971 9817 4964 9818 4963 9818 4976 9818 4976 9819 4963 9819 4979 9819 4976 9820 4979 9820 4977 9820 4977 9821 4979 9821 4980 9821 4977 9822 4980 9822 4924 9822 4977 9823 4924 9823 4923 9823 4972 9824 4971 9824 4978 9824 4972 9825 4978 9825 4955 9825 4955 9826 4978 9826 4956 9826 4936 9827 4935 9827 4981 9827 4936 9828 4981 9828 4975 9828 4975 9829 4981 9829 4982 9829 4975 9830 4982 9830 4978 9830 4963 9831 4962 9831 4979 9831 4979 9832 4983 9832 4984 9832 4979 9833 4984 9833 4980 9833 4979 9834 4962 9834 4983 9834 4980 9835 4984 9835 4924 9835 4924 9836 4984 9836 4925 9836 4978 9837 4982 9837 4956 9837 4956 9838 4982 9838 4985 9838 4956 9839 4985 9839 4957 9839 4935 9840 4934 9840 4981 9840 4981 9841 4934 9841 4986 9841 4981 9842 4986 9842 4985 9842 4981 9843 4985 9843 4982 9843 4962 9844 4961 9844 4983 9844 4983 9845 4961 9845 4960 9845 4983 9846 4960 9846 4987 9846 4983 9847 4987 9847 4984 9847 4984 9848 4926 9848 4925 9848 4984 9849 4987 9849 4988 9849 4984 9850 4988 9850 4927 9850 4984 9851 4927 9851 4926 9851 4985 9852 4958 9852 4957 9852 4985 9853 4986 9853 4989 9853 4985 9854 4989 9854 4990 9854 4985 9855 4990 9855 4959 9855 4985 9856 4959 9856 4958 9856 4934 9857 4933 9857 4986 9857 4986 9858 4933 9858 4932 9858 4986 9859 4932 9859 4931 9859 4986 9860 4931 9860 4989 9860 4960 9861 4959 9861 4987 9861 4987 9862 4959 9862 4991 9862 4987 9863 4991 9863 4992 9863 4987 9864 4992 9864 4988 9864 4988 9865 4928 9865 4927 9865 4988 9866 4992 9866 4929 9866 4988 9867 4929 9867 4928 9867 4989 9868 4931 9868 4930 9868 4989 9869 4930 9869 4929 9869 4989 9870 4929 9870 4992 9870 4989 9871 4992 9871 4990 9871 4990 9872 4992 9872 4991 9872 4990 9873 4991 9873 4959 9873 4993 9874 4994 9874 4995 9874 4993 9875 4995 9875 4996 9875 4993 9876 4996 9876 4997 9876 4993 9877 4997 9877 4998 9877 4993 9878 4998 9878 4999 9878 4993 9879 4999 9879 5000 9879 4993 9880 5000 9880 5001 9880 4993 9881 5001 9881 5002 9881 4993 9882 5002 9882 5003 9882 4993 9883 5003 9883 5004 9883 4993 9884 5004 9884 5005 9884 4993 9885 5005 9885 5006 9885 4993 9886 5006 9886 5007 9886 4993 9887 5007 9887 5008 9887 4993 9888 5008 9888 5009 9888 4993 9889 5009 9889 5010 9889 4993 9890 5010 9890 5011 9890 4993 9891 5011 9891 5012 9891 4993 9892 5012 9892 5013 9892 4993 9893 5013 9893 5014 9893 4993 9894 5014 9894 5015 9894 4993 9895 5015 9895 5016 9895 4993 9896 5016 9896 5017 9896 4993 9897 5017 9897 5018 9897 4993 9898 5018 9898 5019 9898 4993 9899 5019 9899 5020 9899 4993 9900 5020 9900 5021 9900 4993 9901 5021 9901 5022 9901 4993 9902 5022 9902 5023 9902 4993 9903 5023 9903 5024 9903 4993 9904 5024 9904 5025 9904 4993 9905 5025 9905 5026 9905 4993 9906 5026 9906 5027 9906 4993 9907 5027 9907 5028 9907 4993 9908 5028 9908 5029 9908 4993 9909 5029 9909 5030 9909 4993 9910 5030 9910 4994 9910 4994 9911 5030 9911 4995 9911 5017 9912 5016 9912 5031 9912 5017 9913 5031 9913 5032 9913 5017 9914 5032 9914 5033 9914 5017 9915 5033 9915 5034 9915 5017 9916 5034 9916 5035 9916 5017 9917 5035 9917 5036 9917 5017 9918 5036 9918 5018 9918 5024 9919 5023 9919 5037 9919 5024 9920 5037 9920 5038 9920 5024 9921 5038 9921 5039 9921 5024 9922 5039 9922 5040 9922 5024 9923 5040 9923 5041 9923 5024 9924 5041 9924 5042 9924 5024 9925 5042 9925 5025 9925 5030 9926 5029 9926 4995 9926 4995 9927 5029 9927 4996 9927 5016 9928 5015 9928 5031 9928 5018 9929 5036 9929 5043 9929 5018 9930 5043 9930 5044 9930 5018 9931 5044 9931 5045 9931 5018 9932 5045 9932 5046 9932 5018 9933 5046 9933 5047 9933 5018 9934 5047 9934 5019 9934 5023 9935 5022 9935 5037 9935 5037 9936 5047 9936 5048 9936 5037 9937 5048 9937 5049 9937 5037 9938 5049 9938 5050 9938 5037 9939 5050 9939 5039 9939 5037 9940 5039 9940 5038 9940 5037 9941 5022 9941 5021 9941 5037 9942 5021 9942 5047 9942 5039 9943 5050 9943 5051 9943 5039 9944 5051 9944 5040 9944 5040 9945 5051 9945 5052 9945 5040 9946 5052 9946 5041 9946 5041 9947 5052 9947 5042 9947 5042 9948 5052 9948 5053 9948 5042 9949 5053 9949 5054 9949 5042 9950 5054 9950 5055 9950 5042 9951 5055 9951 5028 9951 5042 9952 5028 9952 5027 9952 5042 9953 5027 9953 5026 9953 5042 9954 5026 9954 5025 9954 5029 9955 5031 9955 5006 9955 5029 9956 5006 9956 5005 9956 5029 9957 5005 9957 5004 9957 5029 9958 5004 9958 5003 9958 5029 9959 5003 9959 5002 9959 5029 9960 5002 9960 5001 9960 5029 9961 5001 9961 5000 9961 5029 9962 5000 9962 4999 9962 5029 9963 4999 9963 4998 9963 5029 9964 4998 9964 4997 9964 5029 9965 4997 9965 4996 9965 5029 9966 5028 9966 5032 9966 5029 9967 5032 9967 5031 9967 5015 9968 5014 9968 5031 9968 5031 9969 5014 9969 5013 9969 5031 9970 5013 9970 5012 9970 5031 9971 5012 9971 5011 9971 5031 9972 5011 9972 5010 9972 5031 9973 5010 9973 5009 9973 5031 9974 5009 9974 5008 9974 5031 9975 5008 9975 5007 9975 5031 9976 5007 9976 5006 9976 5036 9977 5035 9977 5043 9977 5043 9978 5056 9978 5057 9978 5043 9979 5057 9979 5044 9979 5043 9980 5035 9980 5034 9980 5043 9981 5034 9981 5033 9981 5043 9982 5033 9982 5032 9982 5043 9983 5032 9983 5056 9983 5044 9984 5057 9984 5058 9984 5044 9985 5058 9985 5059 9985 5044 9986 5059 9986 5060 9986 5044 9987 5060 9987 5046 9987 5044 9988 5046 9988 5045 9988 5046 9989 5060 9989 5061 9989 5046 9990 5061 9990 5062 9990 5046 9991 5062 9991 5063 9991 5046 9992 5063 9992 5047 9992 5047 9993 5063 9993 5048 9993 5047 9994 5021 9994 5020 9994 5047 9995 5020 9995 5019 9995 5049 9996 5048 9996 5064 9996 5049 9997 5064 9997 5065 9997 5049 9998 5065 9998 5066 9998 5049 9999 5066 9999 5050 9999 5050 10000 5066 10000 5051 10000 5051 10001 5067 10001 5068 10001 5051 10002 5068 10002 5052 10002 5051 10003 5066 10003 5069 10003 5051 10004 5069 10004 5070 10004 5051 10005 5070 10005 5067 10005 5052 10006 5068 10006 5053 10006 5053 10007 5068 10007 5067 10007 5053 10008 5067 10008 5071 10008 5053 10009 5071 10009 5054 10009 5054 10010 5071 10010 5072 10010 5054 10011 5072 10011 5073 10011 5054 10012 5073 10012 5028 10012 5054 10013 5028 10013 5055 10013 5028 10014 5073 10014 5074 10014 5028 10015 5074 10015 5075 10015 5028 10016 5075 10016 5076 10016 5028 10017 5076 10017 5077 10017 5028 10018 5077 10018 5032 10018 5032 10019 5077 10019 5078 10019 5032 10020 5078 10020 5079 10020 5032 10021 5079 10021 5080 10021 5032 10022 5080 10022 5081 10022 5032 10023 5081 10023 5082 10023 5032 10024 5082 10024 5056 10024 5056 10025 5082 10025 5083 10025 5056 10026 5083 10026 5084 10026 5056 10027 5084 10027 5058 10027 5056 10028 5058 10028 5057 10028 5058 10029 5084 10029 5085 10029 5058 10030 5085 10030 5059 10030 5059 10031 5085 10031 5086 10031 5059 10032 5086 10032 5087 10032 5059 10033 5087 10033 5062 10033 5059 10034 5062 10034 5061 10034 5059 10035 5061 10035 5060 10035 5062 10036 5087 10036 5088 10036 5062 10037 5088 10037 5064 10037 5062 10038 5064 10038 5048 10038 5062 10039 5048 10039 5063 10039 5065 10040 5064 10040 5088 10040 5065 10041 5088 10041 5089 10041 5065 10042 5089 10042 5066 10042 5066 10043 5089 10043 5069 10043 5067 10044 5070 10044 5090 10044 5067 10045 5090 10045 5091 10045 5067 10046 5091 10046 5071 10046 5069 10047 5089 10047 5092 10047 5069 10048 5092 10048 5070 10048 5070 10049 5092 10049 5090 10049 5071 10050 5091 10050 5072 10050 5072 10051 5091 10051 5093 10051 5072 10052 5093 10052 5094 10052 5072 10053 5094 10053 5095 10053 5072 10054 5095 10054 5096 10054 5072 10055 5096 10055 5097 10055 5072 10056 5097 10056 5073 10056 5073 10057 5097 10057 5074 10057 5074 10058 5097 10058 5096 10058 5074 10059 5096 10059 5098 10059 5074 10060 5098 10060 5075 10060 5075 10061 5098 10061 5099 10061 5075 10062 5099 10062 5076 10062 5076 10063 5099 10063 5100 10063 5076 10064 5100 10064 5077 10064 5077 10065 5100 10065 5101 10065 5077 10066 5101 10066 5102 10066 5077 10067 5102 10067 5078 10067 5078 10068 5102 10068 5079 10068 5079 10069 5102 10069 5103 10069 5079 10070 5103 10070 5104 10070 5079 10071 5104 10071 5080 10071 5080 10072 5104 10072 5105 10072 5080 10073 5105 10073 5106 10073 5080 10074 5106 10074 5081 10074 5081 10075 5106 10075 5107 10075 5081 10076 5107 10076 5082 10076 5082 10077 5107 10077 5108 10077 5082 10078 5108 10078 5083 10078 5083 10079 5108 10079 5084 10079 5084 10080 5108 10080 5109 10080 5084 10081 5109 10081 5110 10081 5084 10082 5110 10082 5086 10082 5084 10083 5086 10083 5085 10083 5086 10084 5088 10084 5087 10084 5086 10085 5110 10085 5111 10085 5086 10086 5111 10086 5112 10086 5086 10087 5112 10087 5113 10087 5086 10088 5113 10088 5088 10088 5088 10089 5113 10089 5092 10089 5088 10090 5092 10090 5089 10090 5090 10091 5092 10091 5093 10091 5090 10092 5093 10092 5091 10092 5092 10093 5113 10093 5112 10093 5092 10094 5112 10094 5114 10094 5092 10095 5114 10095 5115 10095 5092 10096 5115 10096 5093 10096 5093 10097 5115 10097 5094 10097 5094 10098 5115 10098 5095 10098 5095 10099 5100 10099 5099 10099 5095 10100 5099 10100 5098 10100 5095 10101 5098 10101 5096 10101 5095 10102 5115 10102 5116 10102 5095 10103 5116 10103 5100 10103 5100 10104 5116 10104 5101 10104 5101 10105 5116 10105 5117 10105 5101 10106 5117 10106 5102 10106 5102 10107 5117 10107 5118 10107 5102 10108 5118 10108 5119 10108 5102 10109 5119 10109 5105 10109 5102 10110 5105 10110 5103 10110 5103 10111 5105 10111 5104 10111 5105 10112 5108 10112 5107 10112 5105 10113 5107 10113 5106 10113 5105 10114 5119 10114 5111 10114 5105 10115 5111 10115 5109 10115 5105 10116 5109 10116 5108 10116 5109 10117 5111 10117 5110 10117 5111 10118 5114 10118 5112 10118 5111 10119 5119 10119 5118 10119 5111 10120 5118 10120 5114 10120 5115 10121 5117 10121 5116 10121 5115 10122 5114 10122 5117 10122 5117 10123 5114 10123 5118 10123 5120 10124 5121 10124 5122 10124 5120 10125 5122 10125 5123 10125 5120 10126 5123 10126 5124 10126 5120 10127 5124 10127 5125 10127 5120 10128 5125 10128 5126 10128 5120 10129 5126 10129 5127 10129 5120 10130 5127 10130 5128 10130 5120 10131 5128 10131 5129 10131 5120 10132 5129 10132 5130 10132 5120 10133 5130 10133 5131 10133 5120 10134 5131 10134 5132 10134 5120 10135 5132 10135 5133 10135 5120 10136 5133 10136 5134 10136 5120 10137 5134 10137 5135 10137 5120 10138 5135 10138 5136 10138 5120 10139 5136 10139 5137 10139 5120 10140 5137 10140 5138 10140 5120 10141 5138 10141 5139 10141 5120 10142 5139 10142 5140 10142 5120 10143 5140 10143 5141 10143 5120 10144 5141 10144 5142 10144 5120 10145 5142 10145 5143 10145 5120 10146 5143 10146 5144 10146 5120 10147 5144 10147 5145 10147 5120 10148 5145 10148 5146 10148 5120 10149 5146 10149 5147 10149 5120 10150 5147 10150 5148 10150 5120 10151 5148 10151 5149 10151 5120 10152 5149 10152 5150 10152 5120 10153 5150 10153 5151 10153 5120 10154 5151 10154 5152 10154 5120 10155 5152 10155 5153 10155 5120 10156 5153 10156 5154 10156 5120 10157 5154 10157 5155 10157 5120 10158 5155 10158 5156 10158 5120 10159 5156 10159 5157 10159 5120 10160 5157 10160 5158 10160 5120 10161 5158 10161 5159 10161 5120 10162 5159 10162 5160 10162 5120 10163 5160 10163 5161 10163 5120 10164 5161 10164 5162 10164 5120 10165 5162 10165 5163 10165 5120 10166 5163 10166 5121 10166 5121 10167 5163 10167 5164 10167 5121 10168 5164 10168 5165 10168 5121 10169 5165 10169 5122 10169 5122 10170 5165 10170 5166 10170 5122 10171 5166 10171 5123 10171 5135 10172 5134 10172 5136 10172 5163 10173 5162 10173 5167 10173 5163 10174 5167 10174 5164 10174 5165 10175 5164 10175 5168 10175 5165 10176 5168 10176 5166 10176 5166 10177 5168 10177 5169 10177 5166 10178 5169 10178 5170 10178 5166 10179 5170 10179 5125 10179 5166 10180 5125 10180 5124 10180 5166 10181 5124 10181 5123 10181 5134 10182 5133 10182 5171 10182 5134 10183 5171 10183 5172 10183 5134 10184 5172 10184 5173 10184 5134 10185 5173 10185 5174 10185 5134 10186 5174 10186 5175 10186 5134 10187 5175 10187 5176 10187 5134 10188 5176 10188 5177 10188 5134 10189 5177 10189 5178 10189 5134 10190 5178 10190 5179 10190 5134 10191 5179 10191 5180 10191 5134 10192 5180 10192 5181 10192 5134 10193 5181 10193 5182 10193 5134 10194 5182 10194 5183 10194 5134 10195 5183 10195 5137 10195 5134 10196 5137 10196 5136 10196 5162 10197 5161 10197 5167 10197 5167 10198 5161 10198 5184 10198 5167 10199 5184 10199 5185 10199 5167 10200 5185 10200 5164 10200 5164 10201 5185 10201 5168 10201 5168 10202 5185 10202 5186 10202 5168 10203 5186 10203 5169 10203 5170 10204 5169 10204 5187 10204 5170 10205 5187 10205 5188 10205 5170 10206 5188 10206 5125 10206 5125 10207 5188 10207 5126 10207 5133 10208 5132 10208 5189 10208 5133 10209 5189 10209 5190 10209 5133 10210 5190 10210 5191 10210 5133 10211 5191 10211 5192 10211 5133 10212 5192 10212 5193 10212 5133 10213 5193 10213 5194 10213 5133 10214 5194 10214 5195 10214 5133 10215 5195 10215 5196 10215 5133 10216 5196 10216 5197 10216 5133 10217 5197 10217 5171 10217 5137 10218 5183 10218 5198 10218 5137 10219 5198 10219 5199 10219 5137 10220 5199 10220 5200 10220 5137 10221 5200 10221 5201 10221 5137 10222 5201 10222 5138 10222 5161 10223 5160 10223 5184 10223 5184 10224 5202 10224 5185 10224 5184 10225 5160 10225 5159 10225 5184 10226 5159 10226 5202 10226 5185 10227 5202 10227 5186 10227 5186 10228 5202 10228 5203 10228 5186 10229 5203 10229 5169 10229 5169 10230 5203 10230 5187 10230 5188 10231 5187 10231 5204 10231 5188 10232 5204 10232 5205 10232 5188 10233 5205 10233 5126 10233 5126 10234 5205 10234 5127 10234 5171 10235 5197 10235 5172 10235 5132 10236 5131 10236 5206 10236 5132 10237 5206 10237 5207 10237 5132 10238 5207 10238 5208 10238 5132 10239 5208 10239 5189 10239 5138 10240 5201 10240 5139 10240 5183 10241 5182 10241 5198 10241 5198 10242 5182 10242 5209 10242 5198 10243 5209 10243 5210 10243 5198 10244 5210 10244 5211 10244 5198 10245 5211 10245 5212 10245 5198 10246 5212 10246 5213 10246 5198 10247 5213 10247 5214 10247 5198 10248 5214 10248 5199 10248 5199 10249 5214 10249 5215 10249 5199 10250 5215 10250 5200 10250 5200 10251 5215 10251 5216 10251 5200 10252 5216 10252 5201 10252 5201 10253 5216 10253 5217 10253 5201 10254 5217 10254 5140 10254 5201 10255 5140 10255 5139 10255 5202 10256 5218 10256 5203 10256 5202 10257 5159 10257 5158 10257 5202 10258 5158 10258 5219 10258 5202 10259 5219 10259 5220 10259 5202 10260 5220 10260 5218 10260 5203 10261 5218 10261 5187 10261 5187 10262 5218 10262 5204 10262 5205 10263 5204 10263 5221 10263 5205 10264 5221 10264 5222 10264 5205 10265 5222 10265 5129 10265 5205 10266 5129 10266 5128 10266 5205 10267 5128 10267 5127 10267 5172 10268 5223 10268 5224 10268 5172 10269 5224 10269 5225 10269 5172 10270 5225 10270 5173 10270 5172 10271 5197 10271 5196 10271 5172 10272 5196 10272 5195 10272 5172 10273 5195 10273 5194 10273 5172 10274 5194 10274 5223 10274 5131 10275 5130 10275 5222 10275 5131 10276 5222 10276 5206 10276 5206 10277 5222 10277 5207 10277 5207 10278 5222 10278 5221 10278 5207 10279 5221 10279 5208 10279 5189 10280 5208 10280 5226 10280 5189 10281 5226 10281 5190 10281 5182 10282 5181 10282 5209 10282 5209 10283 5211 10283 5210 10283 5209 10284 5181 10284 5227 10284 5209 10285 5227 10285 5228 10285 5209 10286 5228 10286 5229 10286 5209 10287 5229 10287 5230 10287 5209 10288 5230 10288 5211 10288 5211 10289 5213 10289 5212 10289 5211 10290 5230 10290 5231 10290 5211 10291 5231 10291 5213 10291 5213 10292 5215 10292 5214 10292 5213 10293 5231 10293 5215 10293 5215 10294 5231 10294 5232 10294 5215 10295 5232 10295 5233 10295 5215 10296 5233 10296 5216 10296 5216 10297 5233 10297 5217 10297 5217 10298 5141 10298 5140 10298 5217 10299 5233 10299 5141 10299 5218 10300 5234 10300 5235 10300 5218 10301 5235 10301 5204 10301 5218 10302 5220 10302 5236 10302 5218 10303 5236 10303 5234 10303 5158 10304 5157 10304 5237 10304 5158 10305 5237 10305 5219 10305 5219 10306 5237 10306 5238 10306 5219 10307 5238 10307 5220 10307 5220 10308 5238 10308 5236 10308 5204 10309 5235 10309 5221 10309 5222 10310 5130 10310 5129 10310 5223 10311 5194 10311 5239 10311 5223 10312 5239 10312 5224 10312 5224 10313 5239 10313 5240 10313 5224 10314 5240 10314 5225 10314 5225 10315 5241 10315 5242 10315 5225 10316 5242 10316 5173 10316 5225 10317 5240 10317 5241 10317 5173 10318 5242 10318 5243 10318 5173 10319 5243 10319 5174 10319 5194 10320 5193 10320 5244 10320 5194 10321 5244 10321 5245 10321 5194 10322 5245 10322 5239 10322 5208 10323 5246 10323 5226 10323 5208 10324 5221 10324 5235 10324 5208 10325 5235 10325 5246 10325 5190 10326 5226 10326 5247 10326 5190 10327 5247 10327 5248 10327 5190 10328 5248 10328 5249 10328 5190 10329 5249 10329 5191 10329 5226 10330 5250 10330 5247 10330 5226 10331 5246 10331 5250 10331 5181 10332 5180 10332 5251 10332 5181 10333 5251 10333 5252 10333 5181 10334 5252 10334 5227 10334 5227 10335 5252 10335 5228 10335 5228 10336 5253 10336 5254 10336 5228 10337 5254 10337 5255 10337 5228 10338 5255 10338 5256 10338 5228 10339 5256 10339 5229 10339 5228 10340 5252 10340 5251 10340 5228 10341 5251 10341 5253 10341 5229 10342 5256 10342 5230 10342 5230 10343 5254 10343 5257 10343 5230 10344 5257 10344 5231 10344 5230 10345 5256 10345 5254 10345 5231 10346 5257 10346 5232 10346 5232 10347 5257 10347 5258 10347 5232 10348 5258 10348 5233 10348 5233 10349 5258 10349 5259 10349 5233 10350 5259 10350 5142 10350 5233 10351 5142 10351 5141 10351 5234 10352 5236 10352 5260 10352 5234 10353 5260 10353 5261 10353 5234 10354 5261 10354 5246 10354 5234 10355 5246 10355 5235 10355 5236 10356 5238 10356 5262 10356 5236 10357 5262 10357 5263 10357 5236 10358 5263 10358 5260 10358 5157 10359 5156 10359 5264 10359 5157 10360 5264 10360 5237 10360 5237 10361 5264 10361 5238 10361 5238 10362 5264 10362 5265 10362 5238 10363 5265 10363 5262 10363 5239 10364 5245 10364 5240 10364 5240 10365 5245 10365 5266 10365 5240 10366 5266 10366 5241 10366 5241 10367 5266 10367 5242 10367 5242 10368 5267 10368 5243 10368 5242 10369 5266 10369 5267 10369 5174 10370 5243 10370 5268 10370 5174 10371 5268 10371 5269 10371 5174 10372 5269 10372 5270 10372 5174 10373 5270 10373 5271 10373 5174 10374 5271 10374 5272 10374 5174 10375 5272 10375 5175 10375 5243 10376 5267 10376 5273 10376 5243 10377 5273 10377 5274 10377 5243 10378 5274 10378 5275 10378 5243 10379 5275 10379 5268 10379 5193 10380 5192 10380 5244 10380 5244 10381 5276 10381 5277 10381 5244 10382 5277 10382 5278 10382 5244 10383 5278 10383 5245 10383 5244 10384 5192 10384 5276 10384 5245 10385 5278 10385 5279 10385 5245 10386 5279 10386 5273 10386 5245 10387 5273 10387 5266 10387 5246 10388 5261 10388 5249 10388 5246 10389 5249 10389 5250 10389 5247 10390 5250 10390 5248 10390 5248 10391 5250 10391 5280 10391 5248 10392 5280 10392 5249 10392 5249 10393 5260 10393 5281 10393 5249 10394 5281 10394 5282 10394 5249 10395 5282 10395 5283 10395 5249 10396 5283 10396 5284 10396 5249 10397 5284 10397 5191 10397 5249 10398 5280 10398 5250 10398 5249 10399 5261 10399 5260 10399 5191 10400 5284 10400 5283 10400 5191 10401 5283 10401 5282 10401 5191 10402 5282 10402 5192 10402 5180 10403 5179 10403 5285 10403 5180 10404 5285 10404 5286 10404 5180 10405 5286 10405 5251 10405 5251 10406 5286 10406 5287 10406 5251 10407 5287 10407 5253 10407 5253 10408 5287 10408 5254 10408 5254 10409 5288 10409 5289 10409 5254 10410 5289 10410 5258 10410 5254 10411 5258 10411 5257 10411 5254 10412 5256 10412 5255 10412 5254 10413 5287 10413 5290 10413 5254 10414 5290 10414 5288 10414 5258 10415 5289 10415 5259 10415 5259 10416 5143 10416 5142 10416 5259 10417 5289 10417 5145 10417 5259 10418 5145 10418 5144 10418 5259 10419 5144 10419 5143 10419 5260 10420 5263 10420 5291 10420 5260 10421 5291 10421 5292 10421 5260 10422 5292 10422 5293 10422 5260 10423 5293 10423 5273 10423 5260 10424 5273 10424 5294 10424 5260 10425 5294 10425 5281 10425 5262 10426 5265 10426 5295 10426 5262 10427 5295 10427 5291 10427 5262 10428 5291 10428 5263 10428 5156 10429 5155 10429 5264 10429 5264 10430 5155 10430 5296 10430 5264 10431 5296 10431 5265 10431 5265 10432 5296 10432 5295 10432 5266 10433 5273 10433 5267 10433 5268 10434 5275 10434 5269 10434 5269 10435 5275 10435 5297 10435 5269 10436 5297 10436 5270 10436 5270 10437 5297 10437 5298 10437 5270 10438 5298 10438 5271 10438 5271 10439 5299 10439 5300 10439 5271 10440 5300 10440 5176 10440 5271 10441 5176 10441 5175 10441 5271 10442 5175 10442 5272 10442 5271 10443 5298 10443 5301 10443 5271 10444 5301 10444 5302 10444 5271 10445 5302 10445 5303 10445 5271 10446 5303 10446 5299 10446 5273 10447 5293 10447 5304 10447 5273 10448 5304 10448 5302 10448 5273 10449 5302 10449 5301 10449 5273 10450 5301 10450 5305 10450 5273 10451 5305 10451 5306 10451 5273 10452 5306 10452 5297 10452 5273 10453 5297 10453 5274 10453 5273 10454 5279 10454 5294 10454 5274 10455 5297 10455 5275 10455 5192 10456 5282 10456 5276 10456 5276 10457 5282 10457 5281 10457 5276 10458 5281 10458 5277 10458 5277 10459 5281 10459 5294 10459 5277 10460 5294 10460 5278 10460 5278 10461 5294 10461 5279 10461 5179 10462 5178 10462 5307 10462 5179 10463 5307 10463 5285 10463 5285 10464 5307 10464 5308 10464 5285 10465 5308 10465 5286 10465 5286 10466 5308 10466 5309 10466 5286 10467 5309 10467 5287 10467 5287 10468 5309 10468 5290 10468 5288 10469 5310 10469 5289 10469 5288 10470 5290 10470 5311 10470 5288 10471 5311 10471 5312 10471 5288 10472 5312 10472 5310 10472 5289 10473 5146 10473 5145 10473 5289 10474 5310 10474 5293 10474 5289 10475 5293 10475 5313 10475 5289 10476 5313 10476 5314 10476 5289 10477 5314 10477 5315 10477 5289 10478 5315 10478 5146 10478 5290 10479 5309 10479 5311 10479 5291 10480 5295 10480 5316 10480 5291 10481 5316 10481 5317 10481 5291 10482 5317 10482 5318 10482 5291 10483 5318 10483 5292 10483 5292 10484 5318 10484 5293 10484 5293 10485 5310 10485 5304 10485 5293 10486 5318 10486 5319 10486 5293 10487 5319 10487 5314 10487 5293 10488 5314 10488 5313 10488 5295 10489 5296 10489 5316 10489 5155 10490 5154 10490 5296 10490 5296 10491 5153 10491 5152 10491 5296 10492 5152 10492 5316 10492 5296 10493 5154 10493 5153 10493 5297 10494 5306 10494 5298 10494 5298 10495 5306 10495 5305 10495 5298 10496 5305 10496 5301 10496 5299 10497 5320 10497 5321 10497 5299 10498 5321 10498 5300 10498 5299 10499 5303 10499 5322 10499 5299 10500 5322 10500 5320 10500 5300 10501 5321 10501 5177 10501 5300 10502 5177 10502 5176 10502 5302 10503 5304 10503 5303 10503 5303 10504 5304 10504 5322 10504 5304 10505 5310 10505 5323 10505 5304 10506 5323 10506 5322 10506 5178 10507 5177 10507 5324 10507 5178 10508 5324 10508 5307 10508 5307 10509 5324 10509 5325 10509 5307 10510 5325 10510 5323 10510 5307 10511 5323 10511 5326 10511 5307 10512 5326 10512 5312 10512 5307 10513 5312 10513 5308 10513 5308 10514 5312 10514 5309 10514 5309 10515 5312 10515 5311 10515 5310 10516 5312 10516 5323 10516 5312 10517 5326 10517 5323 10517 5146 10518 5315 10518 5147 10518 5314 10519 5148 10519 5147 10519 5314 10520 5147 10520 5315 10520 5314 10521 5319 10521 5327 10521 5314 10522 5327 10522 5149 10522 5314 10523 5149 10523 5148 10523 5316 10524 5152 10524 5328 10524 5316 10525 5328 10525 5317 10525 5317 10526 5328 10526 5327 10526 5317 10527 5327 10527 5318 10527 5318 10528 5327 10528 5319 10528 5152 10529 5151 10529 5328 10529 5320 10530 5324 10530 5321 10530 5320 10531 5322 10531 5323 10531 5320 10532 5323 10532 5324 10532 5321 10533 5324 10533 5177 10533 5323 10534 5325 10534 5324 10534 5327 10535 5328 10535 5150 10535 5327 10536 5150 10536 5149 10536 5328 10537 5151 10537 5150 10537 5329 10538 5330 10538 5331 10538 5329 10539 5331 10539 5332 10539 5329 10540 5332 10540 5333 10540 5329 10541 5333 10541 5334 10541 5329 10542 5334 10542 5335 10542 5329 10543 5335 10543 5336 10543 5329 10544 5336 10544 5337 10544 5329 10545 5337 10545 5330 10545 5330 10546 5337 10546 5338 10546 5330 10547 5338 10547 5339 10547 5330 10548 5339 10548 5340 10548 5330 10549 5340 10549 5341 10549 5330 10550 5341 10550 5342 10550 5330 10551 5342 10551 5343 10551 5330 10552 5343 10552 5344 10552 5330 10553 5344 10553 5345 10553 5330 10554 5345 10554 5346 10554 5330 10555 5346 10555 5347 10555 5330 10556 5347 10556 5348 10556 5330 10557 5348 10557 5349 10557 5330 10558 5349 10558 5350 10558 5330 10559 5350 10559 5331 10559 5334 10560 5333 10560 5351 10560 5334 10561 5351 10561 5352 10561 5334 10562 5352 10562 5353 10562 5334 10563 5353 10563 5354 10563 5334 10564 5354 10564 5355 10564 5334 10565 5355 10565 5356 10565 5334 10566 5356 10566 5357 10566 5334 10567 5357 10567 5358 10567 5334 10568 5358 10568 5359 10568 5334 10569 5359 10569 5360 10569 5334 10570 5360 10570 5361 10570 5334 10571 5361 10571 5362 10571 5334 10572 5362 10572 5335 10572 5335 10573 5362 10573 5336 10573 5336 10574 5362 10574 5361 10574 5336 10575 5361 10575 5363 10575 5336 10576 5363 10576 5364 10576 5336 10577 5364 10577 5365 10577 5336 10578 5365 10578 5337 10578 5337 10579 5365 10579 5366 10579 5337 10580 5366 10580 5367 10580 5337 10581 5367 10581 5368 10581 5337 10582 5368 10582 5369 10582 5337 10583 5369 10583 5338 10583 5331 10584 5350 10584 5370 10584 5331 10585 5370 10585 5371 10585 5331 10586 5371 10586 5372 10586 5331 10587 5372 10587 5373 10587 5331 10588 5373 10588 5374 10588 5331 10589 5374 10589 5332 10589 5338 10590 5369 10590 5339 10590 5333 10591 5332 10591 5374 10591 5333 10592 5374 10592 5375 10592 5333 10593 5375 10593 5376 10593 5333 10594 5376 10594 5377 10594 5333 10595 5377 10595 5378 10595 5333 10596 5378 10596 5379 10596 5333 10597 5379 10597 5380 10597 5333 10598 5380 10598 5351 10598 5361 10599 5360 10599 5363 10599 5363 10600 5357 10600 5381 10600 5363 10601 5381 10601 5382 10601 5363 10602 5382 10602 5364 10602 5363 10603 5360 10603 5359 10603 5363 10604 5359 10604 5358 10604 5363 10605 5358 10605 5357 10605 5365 10606 5383 10606 5366 10606 5365 10607 5364 10607 5383 10607 5366 10608 5383 10608 5367 10608 5367 10609 5383 10609 5384 10609 5367 10610 5384 10610 5385 10610 5367 10611 5385 10611 5386 10611 5367 10612 5386 10612 5368 10612 5368 10613 5386 10613 5387 10613 5368 10614 5387 10614 5369 10614 5369 10615 5387 10615 5388 10615 5369 10616 5388 10616 5339 10616 5350 10617 5349 10617 5370 10617 5370 10618 5389 10618 5390 10618 5370 10619 5390 10619 5391 10619 5370 10620 5391 10620 5392 10620 5370 10621 5392 10621 5371 10621 5370 10622 5349 10622 5389 10622 5371 10623 5392 10623 5393 10623 5371 10624 5393 10624 5372 10624 5372 10625 5393 10625 5394 10625 5372 10626 5394 10626 5373 10626 5373 10627 5394 10627 5374 10627 5374 10628 5394 10628 5395 10628 5374 10629 5395 10629 5375 10629 5339 10630 5388 10630 5340 10630 5351 10631 5380 10631 5352 10631 5375 10632 5395 10632 5376 10632 5376 10633 5395 10633 5377 10633 5377 10634 5395 10634 5396 10634 5377 10635 5396 10635 5397 10635 5377 10636 5397 10636 5378 10636 5378 10637 5397 10637 5379 10637 5379 10638 5397 10638 5398 10638 5379 10639 5398 10639 5380 10639 5380 10640 5398 10640 5399 10640 5380 10641 5399 10641 5352 10641 5357 10642 5356 10642 5381 10642 5381 10643 5356 10643 5355 10643 5381 10644 5355 10644 5400 10644 5381 10645 5400 10645 5382 10645 5364 10646 5382 10646 5384 10646 5364 10647 5384 10647 5383 10647 5384 10648 5382 10648 5401 10648 5384 10649 5401 10649 5385 10649 5385 10650 5402 10650 5386 10650 5385 10651 5401 10651 5403 10651 5385 10652 5403 10652 5402 10652 5386 10653 5402 10653 5404 10653 5386 10654 5404 10654 5387 10654 5387 10655 5404 10655 5405 10655 5387 10656 5405 10656 5406 10656 5387 10657 5406 10657 5407 10657 5387 10658 5407 10658 5388 10658 5388 10659 5407 10659 5341 10659 5388 10660 5341 10660 5340 10660 5349 10661 5348 10661 5408 10661 5349 10662 5408 10662 5389 10662 5389 10663 5408 10663 5390 10663 5390 10664 5408 10664 5409 10664 5390 10665 5409 10665 5347 10665 5390 10666 5347 10666 5410 10666 5390 10667 5410 10667 5391 10667 5391 10668 5411 10668 5412 10668 5391 10669 5412 10669 5392 10669 5391 10670 5410 10670 5413 10670 5391 10671 5413 10671 5411 10671 5392 10672 5412 10672 5393 10672 5393 10673 5412 10673 5394 10673 5394 10674 5412 10674 5414 10674 5394 10675 5414 10675 5395 10675 5395 10676 5414 10676 5415 10676 5395 10677 5415 10677 5396 10677 5352 10678 5399 10678 5353 10678 5396 10679 5415 10679 5398 10679 5396 10680 5398 10680 5397 10680 5398 10681 5415 10681 5416 10681 5398 10682 5416 10682 5399 10682 5399 10683 5416 10683 5353 10683 5382 10684 5417 10684 5401 10684 5382 10685 5400 10685 5417 10685 5355 10686 5354 10686 5418 10686 5355 10687 5418 10687 5419 10687 5355 10688 5419 10688 5420 10688 5355 10689 5420 10689 5421 10689 5355 10690 5421 10690 5347 10690 5355 10691 5347 10691 5346 10691 5355 10692 5346 10692 5422 10692 5355 10693 5422 10693 5423 10693 5355 10694 5423 10694 5424 10694 5355 10695 5424 10695 5425 10695 5355 10696 5425 10696 5426 10696 5355 10697 5426 10697 5427 10697 5355 10698 5427 10698 5428 10698 5355 10699 5428 10699 5429 10699 5355 10700 5429 10700 5430 10700 5355 10701 5430 10701 5431 10701 5355 10702 5431 10702 5400 10702 5401 10703 5417 10703 5432 10703 5401 10704 5432 10704 5403 10704 5402 10705 5403 10705 5433 10705 5402 10706 5433 10706 5434 10706 5402 10707 5434 10707 5404 10707 5403 10708 5432 10708 5435 10708 5403 10709 5435 10709 5436 10709 5403 10710 5436 10710 5437 10710 5403 10711 5437 10711 5433 10711 5404 10712 5438 10712 5405 10712 5404 10713 5434 10713 5438 10713 5405 10714 5438 10714 5439 10714 5405 10715 5439 10715 5440 10715 5405 10716 5440 10716 5406 10716 5406 10717 5441 10717 5343 10717 5406 10718 5343 10718 5342 10718 5406 10719 5342 10719 5341 10719 5406 10720 5341 10720 5407 10720 5406 10721 5440 10721 5441 10721 5348 10722 5347 10722 5409 10722 5348 10723 5409 10723 5408 10723 5347 10724 5421 10724 5414 10724 5347 10725 5414 10725 5442 10725 5347 10726 5442 10726 5411 10726 5347 10727 5411 10727 5443 10727 5347 10728 5443 10728 5413 10728 5347 10729 5413 10729 5410 10729 5411 10730 5442 10730 5414 10730 5411 10731 5414 10731 5412 10731 5411 10732 5413 10732 5443 10732 5414 10733 5421 10733 5444 10733 5414 10734 5444 10734 5415 10734 5415 10735 5445 10735 5416 10735 5415 10736 5444 10736 5420 10736 5415 10737 5420 10737 5353 10737 5415 10738 5353 10738 5445 10738 5353 10739 5416 10739 5445 10739 5353 10740 5420 10740 5419 10740 5353 10741 5419 10741 5418 10741 5353 10742 5418 10742 5354 10742 5417 10743 5400 10743 5431 10743 5417 10744 5431 10744 5432 10744 5432 10745 5446 10745 5447 10745 5432 10746 5447 10746 5435 10746 5432 10747 5431 10747 5446 10747 5433 10748 5448 10748 5449 10748 5433 10749 5449 10749 5434 10749 5433 10750 5437 10750 5450 10750 5433 10751 5450 10751 5451 10751 5433 10752 5451 10752 5452 10752 5433 10753 5452 10753 5448 10753 5434 10754 5449 10754 5438 10754 5435 10755 5437 10755 5436 10755 5435 10756 5447 10756 5453 10756 5435 10757 5453 10757 5437 10757 5437 10758 5453 10758 5454 10758 5437 10759 5454 10759 5428 10759 5437 10760 5428 10760 5450 10760 5438 10761 5455 10761 5456 10761 5438 10762 5456 10762 5439 10762 5438 10763 5449 10763 5457 10763 5438 10764 5457 10764 5458 10764 5438 10765 5458 10765 5459 10765 5438 10766 5459 10766 5460 10766 5438 10767 5460 10767 5461 10767 5438 10768 5461 10768 5455 10768 5439 10769 5456 10769 5455 10769 5439 10770 5455 10770 5462 10770 5439 10771 5462 10771 5440 10771 5440 10772 5462 10772 5463 10772 5440 10773 5463 10773 5441 10773 5441 10774 5463 10774 5464 10774 5441 10775 5464 10775 5344 10775 5441 10776 5344 10776 5343 10776 5421 10777 5420 10777 5444 10777 5346 10778 5345 10778 5465 10778 5346 10779 5465 10779 5422 10779 5431 10780 5430 10780 5466 10780 5431 10781 5466 10781 5446 10781 5446 10782 5466 10782 5447 10782 5447 10783 5430 10783 5453 10783 5447 10784 5466 10784 5430 10784 5448 10785 5452 10785 5467 10785 5448 10786 5467 10786 5468 10786 5448 10787 5468 10787 5469 10787 5448 10788 5469 10788 5457 10788 5448 10789 5457 10789 5449 10789 5450 10790 5428 10790 5451 10790 5451 10791 5467 10791 5452 10791 5451 10792 5428 10792 5467 10792 5453 10793 5430 10793 5429 10793 5453 10794 5429 10794 5428 10794 5453 10795 5428 10795 5454 10795 5428 10796 5427 10796 5470 10796 5428 10797 5470 10797 5467 10797 5455 10798 5461 10798 5460 10798 5455 10799 5460 10799 5471 10799 5455 10800 5471 10800 5472 10800 5455 10801 5472 10801 5462 10801 5457 10802 5469 10802 5458 10802 5458 10803 5473 10803 5427 10803 5458 10804 5427 10804 5426 10804 5458 10805 5426 10805 5425 10805 5458 10806 5425 10806 5474 10806 5458 10807 5474 10807 5459 10807 5458 10808 5469 10808 5473 10808 5459 10809 5474 10809 5460 10809 5460 10810 5474 10810 5425 10810 5460 10811 5425 10811 5424 10811 5460 10812 5424 10812 5471 10812 5462 10813 5472 10813 5463 10813 5463 10814 5472 10814 5475 10814 5463 10815 5475 10815 5465 10815 5463 10816 5465 10816 5476 10816 5463 10817 5476 10817 5464 10817 5464 10818 5476 10818 5344 10818 5344 10819 5476 10819 5465 10819 5344 10820 5465 10820 5345 10820 5465 10821 5475 10821 5422 10821 5422 10822 5475 10822 5472 10822 5422 10823 5472 10823 5423 10823 5467 10824 5470 10824 5468 10824 5468 10825 5470 10825 5427 10825 5468 10826 5427 10826 5469 10826 5469 10827 5427 10827 5473 10827 5471 10828 5424 10828 5472 10828 5472 10829 5424 10829 5423 10829 5477 10830 5478 10830 5479 10830 5477 10831 5479 10831 5480 10831 5477 10832 5480 10832 5481 10832 5477 10833 5481 10833 5482 10833 5477 10834 5482 10834 5483 10834 5477 10835 5483 10835 5484 10835 5477 10836 5484 10836 5485 10836 5477 10837 5485 10837 5486 10837 5477 10838 5486 10838 5487 10838 5477 10839 5487 10839 5488 10839 5477 10840 5488 10840 5489 10840 5477 10841 5489 10841 5490 10841 5477 10842 5490 10842 5491 10842 5477 10843 5491 10843 5492 10843 5477 10844 5492 10844 5493 10844 5477 10845 5493 10845 5494 10845 5477 10846 5494 10846 5495 10846 5477 10847 5495 10847 5496 10847 5477 10848 5496 10848 5497 10848 5477 10849 5497 10849 5498 10849 5477 10850 5498 10850 5499 10850 5477 10851 5499 10851 5500 10851 5477 10852 5500 10852 5501 10852 5477 10853 5501 10853 5502 10853 5477 10854 5502 10854 5503 10854 5477 10855 5503 10855 5504 10855 5477 10856 5504 10856 5505 10856 5477 10857 5505 10857 5506 10857 5477 10858 5506 10858 5507 10858 5477 10859 5507 10859 5508 10859 5477 10860 5508 10860 5509 10860 5477 10861 5509 10861 5510 10861 5477 10862 5510 10862 5511 10862 5477 10863 5511 10863 5512 10863 5477 10864 5512 10864 5513 10864 5477 10865 5513 10865 5514 10865 5477 10866 5514 10866 5515 10866 5477 10867 5515 10867 5516 10867 5477 10868 5516 10868 5517 10868 5477 10869 5517 10869 5518 10869 5477 10870 5518 10870 5519 10870 5477 10871 5519 10871 5520 10871 5477 10872 5520 10872 5521 10872 5477 10873 5521 10873 5522 10873 5477 10874 5522 10874 5523 10874 5477 10875 5523 10875 5524 10875 5477 10876 5524 10876 5525 10876 5477 10877 5525 10877 5526 10877 5477 10878 5526 10878 5527 10878 5477 10879 5527 10879 5528 10879 5477 10880 5528 10880 5529 10880 5477 10881 5529 10881 5530 10881 5477 10882 5530 10882 5531 10882 5477 10883 5531 10883 5532 10883 5477 10884 5532 10884 5533 10884 5477 10885 5533 10885 5534 10885 5477 10886 5534 10886 5535 10886 5477 10887 5535 10887 5536 10887 5477 10888 5536 10888 5537 10888 5477 10889 5537 10889 5538 10889 5477 10890 5538 10890 5539 10890 5477 10891 5539 10891 5540 10891 5477 10892 5540 10892 5541 10892 5477 10893 5541 10893 5478 10893 5478 10894 5541 10894 5479 10894 5480 10895 5479 10895 5542 10895 5480 10896 5542 10896 5481 10896 5489 10897 5488 10897 5543 10897 5489 10898 5543 10898 5544 10898 5489 10899 5544 10899 5545 10899 5489 10900 5545 10900 5490 10900 5541 10901 5540 10901 5546 10901 5541 10902 5546 10902 5479 10902 5479 10903 5546 10903 5542 10903 5542 10904 5547 10904 5483 10904 5542 10905 5483 10905 5482 10905 5542 10906 5482 10906 5481 10906 5542 10907 5546 10907 5548 10907 5542 10908 5548 10908 5547 10908 5488 10909 5487 10909 5549 10909 5488 10910 5549 10910 5550 10910 5488 10911 5550 10911 5551 10911 5488 10912 5551 10912 5552 10912 5488 10913 5552 10913 5553 10913 5488 10914 5553 10914 5554 10914 5488 10915 5554 10915 5555 10915 5488 10916 5555 10916 5556 10916 5488 10917 5556 10917 5557 10917 5488 10918 5557 10918 5558 10918 5488 10919 5558 10919 5559 10919 5488 10920 5559 10920 5560 10920 5488 10921 5560 10921 5561 10921 5488 10922 5561 10922 5562 10922 5488 10923 5562 10923 5563 10923 5488 10924 5563 10924 5564 10924 5488 10925 5564 10925 5565 10925 5488 10926 5565 10926 5566 10926 5488 10927 5566 10927 5567 10927 5488 10928 5567 10928 5568 10928 5488 10929 5568 10929 5569 10929 5488 10930 5569 10930 5570 10930 5488 10931 5570 10931 5571 10931 5488 10932 5571 10932 5572 10932 5488 10933 5572 10933 5573 10933 5488 10934 5573 10934 5574 10934 5488 10935 5574 10935 5575 10935 5488 10936 5575 10936 5576 10936 5488 10937 5576 10937 5543 10937 5543 10938 5576 10938 5577 10938 5543 10939 5577 10939 5578 10939 5543 10940 5578 10940 5579 10940 5543 10941 5579 10941 5580 10941 5543 10942 5580 10942 5581 10942 5543 10943 5581 10943 5582 10943 5543 10944 5582 10944 5583 10944 5543 10945 5583 10945 5584 10945 5543 10946 5584 10946 5585 10946 5543 10947 5585 10947 5586 10947 5543 10948 5586 10948 5491 10948 5543 10949 5491 10949 5490 10949 5543 10950 5490 10950 5545 10950 5543 10951 5545 10951 5544 10951 5540 10952 5539 10952 5546 10952 5546 10953 5539 10953 5587 10953 5546 10954 5587 10954 5588 10954 5546 10955 5588 10955 5548 10955 5547 10956 5548 10956 5589 10956 5547 10957 5589 10957 5590 10957 5547 10958 5590 10958 5591 10958 5547 10959 5591 10959 5592 10959 5547 10960 5592 10960 5483 10960 5483 10961 5592 10961 5484 10961 5548 10962 5588 10962 5589 10962 5487 10963 5486 10963 5593 10963 5487 10964 5593 10964 5549 10964 5576 10965 5575 10965 5594 10965 5576 10966 5594 10966 5577 10966 5491 10967 5586 10967 5595 10967 5491 10968 5595 10968 5492 10968 5539 10969 5538 10969 5587 10969 5587 10970 5596 10970 5588 10970 5587 10971 5538 10971 5537 10971 5587 10972 5537 10972 5596 10972 5588 10973 5596 10973 5597 10973 5588 10974 5597 10974 5589 10974 5589 10975 5597 10975 5598 10975 5589 10976 5598 10976 5599 10976 5589 10977 5599 10977 5600 10977 5589 10978 5600 10978 5601 10978 5589 10979 5601 10979 5591 10979 5589 10980 5591 10980 5590 10980 5591 10981 5601 10981 5592 10981 5592 10982 5485 10982 5484 10982 5592 10983 5601 10983 5602 10983 5592 10984 5602 10984 5486 10984 5592 10985 5486 10985 5485 10985 5486 10986 5602 10986 5603 10986 5486 10987 5603 10987 5593 10987 5593 10988 5603 10988 5550 10988 5593 10989 5550 10989 5549 10989 5577 10990 5594 10990 5604 10990 5577 10991 5604 10991 5578 10991 5575 10992 5574 10992 5605 10992 5575 10993 5605 10993 5594 10993 5594 10994 5605 10994 5606 10994 5594 10995 5606 10995 5607 10995 5594 10996 5607 10996 5604 10996 5492 10997 5595 10997 5608 10997 5492 10998 5608 10998 5493 10998 5586 10999 5585 10999 5595 10999 5596 11000 5537 11000 5536 11000 5596 11001 5536 11001 5609 11001 5596 11002 5609 11002 5598 11002 5596 11003 5598 11003 5597 11003 5598 11004 5609 11004 5610 11004 5598 11005 5610 11005 5599 11005 5599 11006 5611 11006 5601 11006 5599 11007 5601 11007 5600 11007 5599 11008 5610 11008 5612 11008 5599 11009 5612 11009 5613 11009 5599 11010 5613 11010 5611 11010 5601 11011 5611 11011 5613 11011 5601 11012 5613 11012 5614 11012 5601 11013 5614 11013 5615 11013 5601 11014 5615 11014 5616 11014 5601 11015 5616 11015 5603 11015 5601 11016 5603 11016 5602 11016 5603 11017 5616 11017 5551 11017 5603 11018 5551 11018 5550 11018 5578 11019 5604 11019 5617 11019 5578 11020 5617 11020 5579 11020 5604 11021 5607 11021 5618 11021 5604 11022 5618 11022 5619 11022 5604 11023 5619 11023 5617 11023 5574 11024 5573 11024 5620 11024 5574 11025 5620 11025 5605 11025 5605 11026 5620 11026 5606 11026 5606 11027 5620 11027 5621 11027 5606 11028 5621 11028 5622 11028 5606 11029 5622 11029 5623 11029 5606 11030 5623 11030 5618 11030 5606 11031 5618 11031 5607 11031 5595 11032 5624 11032 5625 11032 5595 11033 5625 11033 5626 11033 5595 11034 5626 11034 5627 11034 5595 11035 5627 11035 5608 11035 5595 11036 5585 11036 5624 11036 5493 11037 5608 11037 5628 11037 5493 11038 5628 11038 5494 11038 5585 11039 5584 11039 5624 11039 5609 11040 5536 11040 5535 11040 5609 11041 5535 11041 5629 11041 5609 11042 5629 11042 5610 11042 5610 11043 5629 11043 5630 11043 5610 11044 5630 11044 5612 11044 5612 11045 5630 11045 5631 11045 5612 11046 5631 11046 5613 11046 5613 11047 5632 11047 5633 11047 5613 11048 5633 11048 5614 11048 5613 11049 5631 11049 5632 11049 5614 11050 5633 11050 5634 11050 5614 11051 5634 11051 5635 11051 5614 11052 5635 11052 5636 11052 5614 11053 5636 11053 5637 11053 5614 11054 5637 11054 5615 11054 5615 11055 5637 11055 5616 11055 5616 11056 5637 11056 5638 11056 5616 11057 5638 11057 5551 11057 5551 11058 5638 11058 5552 11058 5579 11059 5617 11059 5639 11059 5579 11060 5639 11060 5580 11060 5617 11061 5619 11061 5639 11061 5618 11062 5623 11062 5640 11062 5618 11063 5640 11063 5641 11063 5618 11064 5641 11064 5642 11064 5618 11065 5642 11065 5639 11065 5618 11066 5639 11066 5619 11066 5573 11067 5572 11067 5643 11067 5573 11068 5643 11068 5620 11068 5620 11069 5643 11069 5621 11069 5621 11070 5643 11070 5622 11070 5622 11071 5643 11071 5644 11071 5622 11072 5644 11072 5640 11072 5622 11073 5640 11073 5623 11073 5624 11074 5645 11074 5646 11074 5624 11075 5646 11075 5647 11075 5624 11076 5647 11076 5625 11076 5624 11077 5584 11077 5645 11077 5625 11078 5647 11078 5648 11078 5625 11079 5648 11079 5626 11079 5626 11080 5648 11080 5649 11080 5626 11081 5649 11081 5627 11081 5608 11082 5627 11082 5650 11082 5608 11083 5650 11083 5628 11083 5494 11084 5628 11084 5495 11084 5584 11085 5583 11085 5645 11085 5629 11086 5535 11086 5534 11086 5629 11087 5534 11087 5630 11087 5630 11088 5534 11088 5533 11088 5630 11089 5533 11089 5532 11089 5630 11090 5532 11090 5651 11090 5630 11091 5651 11091 5631 11091 5631 11092 5651 11092 5652 11092 5631 11093 5652 11093 5632 11093 5632 11094 5652 11094 5653 11094 5632 11095 5653 11095 5654 11095 5632 11096 5654 11096 5655 11096 5632 11097 5655 11097 5633 11097 5633 11098 5655 11098 5634 11098 5634 11099 5656 11099 5657 11099 5634 11100 5657 11100 5658 11100 5634 11101 5658 11101 5659 11101 5634 11102 5659 11102 5636 11102 5634 11103 5636 11103 5635 11103 5634 11104 5655 11104 5656 11104 5636 11105 5659 11105 5658 11105 5636 11106 5658 11106 5660 11106 5636 11107 5660 11107 5637 11107 5637 11108 5660 11108 5661 11108 5637 11109 5661 11109 5555 11109 5637 11110 5555 11110 5554 11110 5637 11111 5554 11111 5638 11111 5638 11112 5554 11112 5553 11112 5638 11113 5553 11113 5552 11113 5580 11114 5639 11114 5581 11114 5639 11115 5642 11115 5662 11115 5639 11116 5662 11116 5663 11116 5639 11117 5663 11117 5664 11117 5639 11118 5664 11118 5581 11118 5640 11119 5644 11119 5665 11119 5640 11120 5665 11120 5662 11120 5640 11121 5662 11121 5641 11121 5641 11122 5662 11122 5642 11122 5572 11123 5571 11123 5643 11123 5643 11124 5571 11124 5570 11124 5643 11125 5570 11125 5666 11125 5643 11126 5666 11126 5667 11126 5643 11127 5667 11127 5668 11127 5643 11128 5668 11128 5644 11128 5644 11129 5669 11129 5665 11129 5644 11130 5668 11130 5669 11130 5645 11131 5664 11131 5663 11131 5645 11132 5663 11132 5646 11132 5645 11133 5583 11133 5664 11133 5646 11134 5663 11134 5647 11134 5647 11135 5663 11135 5662 11135 5647 11136 5662 11136 5648 11136 5648 11137 5662 11137 5665 11137 5648 11138 5665 11138 5649 11138 5627 11139 5649 11139 5670 11139 5627 11140 5670 11140 5650 11140 5628 11141 5650 11141 5671 11141 5628 11142 5671 11142 5672 11142 5628 11143 5672 11143 5495 11143 5495 11144 5672 11144 5496 11144 5583 11145 5582 11145 5664 11145 5532 11146 5531 11146 5651 11146 5651 11147 5531 11147 5530 11147 5651 11148 5530 11148 5652 11148 5652 11149 5530 11149 5529 11149 5652 11150 5529 11150 5528 11150 5652 11151 5528 11151 5653 11151 5653 11152 5673 11152 5674 11152 5653 11153 5674 11153 5654 11153 5653 11154 5528 11154 5527 11154 5653 11155 5527 11155 5526 11155 5653 11156 5526 11156 5673 11156 5654 11157 5674 11157 5655 11157 5655 11158 5674 11158 5675 11158 5655 11159 5675 11159 5676 11159 5655 11160 5676 11160 5656 11160 5656 11161 5676 11161 5657 11161 5657 11162 5676 11162 5677 11162 5657 11163 5677 11163 5678 11163 5657 11164 5678 11164 5679 11164 5657 11165 5679 11165 5680 11165 5657 11166 5680 11166 5681 11166 5657 11167 5681 11167 5658 11167 5658 11168 5681 11168 5680 11168 5658 11169 5680 11169 5682 11169 5658 11170 5682 11170 5660 11170 5660 11171 5682 11171 5683 11171 5660 11172 5683 11172 5559 11172 5660 11173 5559 11173 5558 11173 5660 11174 5558 11174 5557 11174 5660 11175 5557 11175 5556 11175 5660 11176 5556 11176 5661 11176 5661 11177 5556 11177 5555 11177 5581 11178 5664 11178 5582 11178 5665 11179 5669 11179 5684 11179 5665 11180 5684 11180 5685 11180 5665 11181 5685 11181 5670 11181 5665 11182 5670 11182 5649 11182 5570 11183 5569 11183 5686 11183 5570 11184 5686 11184 5666 11184 5666 11185 5686 11185 5687 11185 5666 11186 5687 11186 5688 11186 5666 11187 5688 11187 5667 11187 5667 11188 5688 11188 5678 11188 5667 11189 5678 11189 5689 11189 5667 11190 5689 11190 5690 11190 5667 11191 5690 11191 5668 11191 5668 11192 5690 11192 5691 11192 5668 11193 5691 11193 5692 11193 5668 11194 5692 11194 5693 11194 5668 11195 5693 11195 5684 11195 5668 11196 5684 11196 5669 11196 5650 11197 5670 11197 5685 11197 5650 11198 5685 11198 5671 11198 5672 11199 5671 11199 5694 11199 5672 11200 5694 11200 5497 11200 5672 11201 5497 11201 5496 11201 5673 11202 5526 11202 5525 11202 5673 11203 5525 11203 5695 11203 5673 11204 5695 11204 5674 11204 5674 11205 5695 11205 5675 11205 5675 11206 5695 11206 5696 11206 5675 11207 5696 11207 5697 11207 5675 11208 5697 11208 5676 11208 5676 11209 5697 11209 5698 11209 5676 11210 5698 11210 5677 11210 5677 11211 5698 11211 5699 11211 5677 11212 5699 11212 5678 11212 5678 11213 5700 11213 5701 11213 5678 11214 5701 11214 5702 11214 5678 11215 5702 11215 5703 11215 5678 11216 5703 11216 5704 11216 5678 11217 5704 11217 5679 11217 5678 11218 5699 11218 5705 11218 5678 11219 5705 11219 5706 11219 5678 11220 5706 11220 5689 11220 5678 11221 5688 11221 5700 11221 5679 11222 5704 11222 5680 11222 5680 11223 5704 11223 5703 11223 5680 11224 5703 11224 5682 11224 5682 11225 5703 11225 5707 11225 5682 11226 5707 11226 5561 11226 5682 11227 5561 11227 5560 11227 5682 11228 5560 11228 5559 11228 5682 11229 5559 11229 5683 11229 5684 11230 5693 11230 5708 11230 5684 11231 5708 11231 5709 11231 5684 11232 5709 11232 5685 11232 5685 11233 5709 11233 5671 11233 5569 11234 5568 11234 5686 11234 5686 11235 5568 11235 5687 11235 5687 11236 5568 11236 5567 11236 5687 11237 5567 11237 5566 11237 5687 11238 5566 11238 5701 11238 5687 11239 5701 11239 5688 11239 5688 11240 5701 11240 5700 11240 5689 11241 5710 11241 5711 11241 5689 11242 5711 11242 5690 11242 5689 11243 5706 11243 5712 11243 5689 11244 5712 11244 5710 11244 5690 11245 5711 11245 5713 11245 5690 11246 5713 11246 5691 11246 5691 11247 5713 11247 5692 11247 5692 11248 5713 11248 5708 11248 5692 11249 5708 11249 5693 11249 5671 11250 5709 11250 5694 11250 5694 11251 5709 11251 5708 11251 5694 11252 5708 11252 5714 11252 5694 11253 5714 11253 5499 11253 5694 11254 5499 11254 5498 11254 5694 11255 5498 11255 5497 11255 5525 11256 5524 11256 5695 11256 5695 11257 5524 11257 5523 11257 5695 11258 5523 11258 5696 11258 5697 11259 5696 11259 5715 11259 5697 11260 5715 11260 5716 11260 5697 11261 5716 11261 5717 11261 5697 11262 5717 11262 5698 11262 5698 11263 5716 11263 5718 11263 5698 11264 5718 11264 5719 11264 5698 11265 5719 11265 5705 11265 5698 11266 5705 11266 5699 11266 5698 11267 5717 11267 5716 11267 5701 11268 5566 11268 5720 11268 5701 11269 5720 11269 5703 11269 5701 11270 5703 11270 5702 11270 5703 11271 5720 11271 5563 11271 5703 11272 5563 11272 5562 11272 5703 11273 5562 11273 5707 11273 5705 11274 5719 11274 5706 11274 5706 11275 5719 11275 5721 11275 5706 11276 5721 11276 5722 11276 5706 11277 5722 11277 5712 11277 5707 11278 5562 11278 5561 11278 5708 11279 5713 11279 5723 11279 5708 11280 5723 11280 5724 11280 5708 11281 5724 11281 5714 11281 5566 11282 5565 11282 5720 11282 5710 11283 5725 11283 5726 11283 5710 11284 5726 11284 5711 11284 5710 11285 5712 11285 5727 11285 5710 11286 5727 11286 5725 11286 5711 11287 5726 11287 5728 11287 5711 11288 5728 11288 5729 11288 5711 11289 5729 11289 5713 11289 5712 11290 5722 11290 5730 11290 5712 11291 5730 11291 5727 11291 5713 11292 5731 11292 5723 11292 5713 11293 5729 11293 5731 11293 5714 11294 5724 11294 5500 11294 5714 11295 5500 11295 5499 11295 5523 11296 5522 11296 5696 11296 5696 11297 5522 11297 5521 11297 5696 11298 5521 11298 5715 11298 5715 11299 5521 11299 5520 11299 5715 11300 5520 11300 5732 11300 5715 11301 5732 11301 5716 11301 5716 11302 5732 11302 5733 11302 5716 11303 5733 11303 5718 11303 5718 11304 5733 11304 5734 11304 5718 11305 5734 11305 5719 11305 5719 11306 5734 11306 5735 11306 5719 11307 5735 11307 5721 11307 5720 11308 5564 11308 5563 11308 5720 11309 5565 11309 5564 11309 5721 11310 5735 11310 5722 11310 5722 11311 5735 11311 5730 11311 5723 11312 5731 11312 5724 11312 5724 11313 5731 11313 5736 11313 5724 11314 5736 11314 5502 11314 5724 11315 5502 11315 5501 11315 5724 11316 5501 11316 5500 11316 5725 11317 5507 11317 5506 11317 5725 11318 5506 11318 5726 11318 5725 11319 5727 11319 5508 11319 5725 11320 5508 11320 5507 11320 5726 11321 5506 11321 5505 11321 5726 11322 5505 11322 5504 11322 5726 11323 5504 11323 5728 11323 5727 11324 5509 11324 5508 11324 5727 11325 5730 11325 5510 11325 5727 11326 5510 11326 5509 11326 5728 11327 5504 11327 5503 11327 5728 11328 5503 11328 5736 11328 5728 11329 5736 11329 5731 11329 5728 11330 5731 11330 5729 11330 5730 11331 5735 11331 5512 11331 5730 11332 5512 11332 5511 11332 5730 11333 5511 11333 5510 11333 5520 11334 5519 11334 5732 11334 5732 11335 5519 11335 5518 11335 5732 11336 5518 11336 5733 11336 5733 11337 5516 11337 5734 11337 5733 11338 5518 11338 5517 11338 5733 11339 5517 11339 5516 11339 5734 11340 5516 11340 5515 11340 5734 11341 5515 11341 5514 11341 5734 11342 5514 11342 5735 11342 5735 11343 5514 11343 5513 11343 5735 11344 5513 11344 5512 11344 5736 11345 5503 11345 5502 11345 5737 11346 5738 11346 5739 11346 5737 11347 5739 11347 5740 11347 5737 11348 5740 11348 5741 11348 5737 11349 5741 11349 5742 11349 5737 11350 5742 11350 5743 11350 5737 11351 5743 11351 5744 11351 5737 11352 5744 11352 5745 11352 5737 11353 5745 11353 5746 11353 5737 11354 5746 11354 5747 11354 5737 11355 5747 11355 5748 11355 5737 11356 5748 11356 5749 11356 5737 11357 5749 11357 5750 11357 5737 11358 5750 11358 5751 11358 5737 11359 5751 11359 5752 11359 5737 11360 5752 11360 5753 11360 5737 11361 5753 11361 5754 11361 5737 11362 5754 11362 5755 11362 5737 11363 5755 11363 5756 11363 5737 11364 5756 11364 5757 11364 5737 11365 5757 11365 5758 11365 5737 11366 5758 11366 5759 11366 5737 11367 5759 11367 5760 11367 5737 11368 5760 11368 5761 11368 5737 11369 5761 11369 5762 11369 5737 11370 5762 11370 5763 11370 5737 11371 5763 11371 5738 11371 5738 11372 5763 11372 5764 11372 5738 11373 5764 11373 5739 11373 5739 11374 5765 11374 5766 11374 5739 11375 5766 11375 5767 11375 5739 11376 5767 11376 5740 11376 5739 11377 5764 11377 5765 11377 5740 11378 5767 11378 5768 11378 5740 11379 5768 11379 5741 11379 5744 11380 5743 11380 5769 11380 5744 11381 5769 11381 5770 11381 5744 11382 5770 11382 5745 11382 5763 11383 5762 11383 5771 11383 5763 11384 5771 11384 5764 11384 5764 11385 5771 11385 5772 11385 5764 11386 5772 11386 5765 11386 5765 11387 5772 11387 5766 11387 5766 11388 5773 11388 5768 11388 5766 11389 5768 11389 5767 11389 5766 11390 5772 11390 5773 11390 5768 11391 5773 11391 5774 11391 5768 11392 5774 11392 5775 11392 5768 11393 5775 11393 5741 11393 5741 11394 5775 11394 5742 11394 5743 11395 5742 11395 5775 11395 5743 11396 5775 11396 5769 11396 5769 11397 5775 11397 5774 11397 5769 11398 5774 11398 5776 11398 5769 11399 5776 11399 5770 11399 5770 11400 5777 11400 5778 11400 5770 11401 5778 11401 5745 11401 5770 11402 5776 11402 5777 11402 5745 11403 5778 11403 5746 11403 5762 11404 5761 11404 5779 11404 5762 11405 5779 11405 5780 11405 5762 11406 5780 11406 5771 11406 5771 11407 5780 11407 5772 11407 5772 11408 5780 11408 5781 11408 5772 11409 5781 11409 5773 11409 5773 11410 5781 11410 5782 11410 5773 11411 5782 11411 5783 11411 5773 11412 5783 11412 5784 11412 5773 11413 5784 11413 5785 11413 5773 11414 5785 11414 5774 11414 5774 11415 5785 11415 5776 11415 5776 11416 5785 11416 5777 11416 5777 11417 5785 11417 5786 11417 5777 11418 5786 11418 5778 11418 5778 11419 5786 11419 5787 11419 5778 11420 5787 11420 5747 11420 5778 11421 5747 11421 5746 11421 5761 11422 5760 11422 5779 11422 5779 11423 5788 11423 5789 11423 5779 11424 5789 11424 5782 11424 5779 11425 5782 11425 5781 11425 5779 11426 5781 11426 5780 11426 5779 11427 5760 11427 5788 11427 5783 11428 5782 11428 5789 11428 5783 11429 5789 11429 5790 11429 5783 11430 5790 11430 5791 11430 5783 11431 5791 11431 5784 11431 5784 11432 5792 11432 5793 11432 5784 11433 5793 11433 5794 11433 5784 11434 5794 11434 5795 11434 5784 11435 5795 11435 5785 11435 5784 11436 5791 11436 5792 11436 5785 11437 5795 11437 5796 11437 5785 11438 5796 11438 5786 11438 5786 11439 5796 11439 5797 11439 5786 11440 5797 11440 5787 11440 5787 11441 5797 11441 5748 11441 5787 11442 5748 11442 5747 11442 5760 11443 5759 11443 5788 11443 5788 11444 5798 11444 5789 11444 5788 11445 5759 11445 5798 11445 5789 11446 5798 11446 5799 11446 5789 11447 5799 11447 5790 11447 5790 11448 5799 11448 5800 11448 5790 11449 5800 11449 5801 11449 5790 11450 5801 11450 5791 11450 5791 11451 5801 11451 5755 11451 5791 11452 5755 11452 5754 11452 5791 11453 5754 11453 5792 11453 5792 11454 5754 11454 5753 11454 5792 11455 5753 11455 5793 11455 5793 11456 5753 11456 5752 11456 5793 11457 5752 11457 5802 11457 5793 11458 5802 11458 5794 11458 5794 11459 5802 11459 5803 11459 5794 11460 5803 11460 5796 11460 5794 11461 5796 11461 5795 11461 5796 11462 5803 11462 5804 11462 5796 11463 5804 11463 5797 11463 5797 11464 5804 11464 5749 11464 5797 11465 5749 11465 5748 11465 5759 11466 5758 11466 5798 11466 5798 11467 5758 11467 5757 11467 5798 11468 5757 11468 5800 11468 5798 11469 5800 11469 5799 11469 5800 11470 5756 11470 5801 11470 5800 11471 5757 11471 5756 11471 5801 11472 5756 11472 5755 11472 5752 11473 5751 11473 5802 11473 5802 11474 5751 11474 5804 11474 5802 11475 5804 11475 5803 11475 5804 11476 5751 11476 5750 11476 5804 11477 5750 11477 5749 11477 5805 11478 5806 11478 5807 11478 5805 11479 5807 11479 5808 11479 5805 11480 5808 11480 5809 11480 5805 11481 5809 11481 5810 11481 5805 11482 5810 11482 5811 11482 5805 11483 5811 11483 5812 11483 5805 11484 5812 11484 5813 11484 5805 11485 5813 11485 5814 11485 5805 11486 5814 11486 5815 11486 5805 11487 5815 11487 5816 11487 5805 11488 5816 11488 5817 11488 5805 11489 5817 11489 5818 11489 5805 11490 5818 11490 5819 11490 5805 11491 5819 11491 5820 11491 5805 11492 5820 11492 5821 11492 5805 11493 5821 11493 5822 11493 5805 11494 5822 11494 5823 11494 5805 11495 5823 11495 5824 11495 5805 11496 5824 11496 5825 11496 5805 11497 5825 11497 5826 11497 5805 11498 5826 11498 5827 11498 5805 11499 5827 11499 5828 11499 5805 11500 5828 11500 5829 11500 5805 11501 5829 11501 5830 11501 5805 11502 5830 11502 5831 11502 5805 11503 5831 11503 5806 11503 5806 11504 5831 11504 5830 11504 5806 11505 5830 11505 5832 11505 5806 11506 5832 11506 5833 11506 5806 11507 5833 11507 5834 11507 5806 11508 5834 11508 5835 11508 5806 11509 5835 11509 5836 11509 5806 11510 5836 11510 5837 11510 5806 11511 5837 11511 5838 11511 5806 11512 5838 11512 5839 11512 5806 11513 5839 11513 5840 11513 5806 11514 5840 11514 5841 11514 5806 11515 5841 11515 5842 11515 5806 11516 5842 11516 5843 11516 5806 11517 5843 11517 5807 11517 5816 11518 5815 11518 5844 11518 5816 11519 5844 11519 5817 11519 5818 11520 5817 11520 5845 11520 5818 11521 5845 11521 5846 11521 5818 11522 5846 11522 5847 11522 5818 11523 5847 11523 5848 11523 5818 11524 5848 11524 5849 11524 5818 11525 5849 11525 5850 11525 5818 11526 5850 11526 5851 11526 5818 11527 5851 11527 5852 11527 5818 11528 5852 11528 5853 11528 5818 11529 5853 11529 5854 11529 5818 11530 5854 11530 5855 11530 5818 11531 5855 11531 5856 11531 5818 11532 5856 11532 5820 11532 5818 11533 5820 11533 5819 11533 5820 11534 5856 11534 5821 11534 5821 11535 5856 11535 5822 11535 5822 11536 5856 11536 5855 11536 5822 11537 5855 11537 5823 11537 5823 11538 5855 11538 5824 11538 5824 11539 5855 11539 5833 11539 5824 11540 5833 11540 5825 11540 5825 11541 5833 11541 5826 11541 5826 11542 5833 11542 5827 11542 5827 11543 5833 11543 5828 11543 5828 11544 5833 11544 5829 11544 5829 11545 5833 11545 5830 11545 5830 11546 5833 11546 5832 11546 5807 11547 5843 11547 5857 11547 5807 11548 5857 11548 5808 11548 5815 11549 5814 11549 5858 11549 5815 11550 5858 11550 5859 11550 5815 11551 5859 11551 5844 11551 5844 11552 5859 11552 5817 11552 5817 11553 5859 11553 5860 11553 5817 11554 5860 11554 5861 11554 5817 11555 5861 11555 5862 11555 5817 11556 5862 11556 5863 11556 5817 11557 5863 11557 5845 11557 5855 11558 5854 11558 5864 11558 5855 11559 5864 11559 5865 11559 5855 11560 5865 11560 5834 11560 5855 11561 5834 11561 5833 11561 5843 11562 5842 11562 5866 11562 5843 11563 5866 11563 5857 11563 5808 11564 5857 11564 5867 11564 5808 11565 5867 11565 5809 11565 5814 11566 5813 11566 5868 11566 5814 11567 5868 11567 5869 11567 5814 11568 5869 11568 5858 11568 5858 11569 5869 11569 5868 11569 5858 11570 5868 11570 5870 11570 5858 11571 5870 11571 5871 11571 5858 11572 5871 11572 5861 11572 5858 11573 5861 11573 5860 11573 5858 11574 5860 11574 5859 11574 5861 11575 5871 11575 5862 11575 5862 11576 5871 11576 5870 11576 5862 11577 5870 11577 5863 11577 5863 11578 5870 11578 5872 11578 5863 11579 5872 11579 5873 11579 5863 11580 5873 11580 5874 11580 5863 11581 5874 11581 5875 11581 5863 11582 5875 11582 5845 11582 5845 11583 5875 11583 5876 11583 5845 11584 5876 11584 5846 11584 5854 11585 5853 11585 5877 11585 5854 11586 5877 11586 5878 11586 5854 11587 5878 11587 5879 11587 5854 11588 5879 11588 5864 11588 5834 11589 5865 11589 5835 11589 5857 11590 5866 11590 5880 11590 5857 11591 5880 11591 5867 11591 5842 11592 5881 11592 5866 11592 5842 11593 5841 11593 5881 11593 5867 11594 5880 11594 5882 11594 5867 11595 5882 11595 5809 11595 5809 11596 5882 11596 5810 11596 5813 11597 5812 11597 5868 11597 5868 11598 5883 11598 5884 11598 5868 11599 5884 11599 5870 11599 5868 11600 5812 11600 5811 11600 5868 11601 5811 11601 5883 11601 5870 11602 5884 11602 5872 11602 5872 11603 5885 11603 5886 11603 5872 11604 5886 11604 5873 11604 5872 11605 5884 11605 5885 11605 5873 11606 5886 11606 5887 11606 5873 11607 5887 11607 5874 11607 5874 11608 5887 11608 5888 11608 5874 11609 5888 11609 5889 11609 5874 11610 5889 11610 5890 11610 5874 11611 5890 11611 5891 11611 5874 11612 5891 11612 5892 11612 5874 11613 5892 11613 5875 11613 5875 11614 5892 11614 5893 11614 5875 11615 5893 11615 5876 11615 5846 11616 5876 11616 5894 11616 5846 11617 5894 11617 5847 11617 5876 11618 5893 11618 5895 11618 5876 11619 5895 11619 5896 11619 5876 11620 5896 11620 5897 11620 5876 11621 5897 11621 5894 11621 5864 11622 5879 11622 5898 11622 5864 11623 5898 11623 5836 11623 5864 11624 5836 11624 5865 11624 5853 11625 5852 11625 5877 11625 5877 11626 5852 11626 5899 11626 5877 11627 5899 11627 5900 11627 5877 11628 5900 11628 5878 11628 5878 11629 5900 11629 5901 11629 5878 11630 5901 11630 5902 11630 5878 11631 5902 11631 5879 11631 5865 11632 5836 11632 5835 11632 5866 11633 5881 11633 5903 11633 5866 11634 5903 11634 5880 11634 5880 11635 5903 11635 5904 11635 5880 11636 5904 11636 5882 11636 5881 11637 5841 11637 5905 11637 5881 11638 5905 11638 5903 11638 5841 11639 5840 11639 5905 11639 5882 11640 5904 11640 5906 11640 5882 11641 5906 11641 5907 11641 5882 11642 5907 11642 5908 11642 5882 11643 5908 11643 5810 11643 5810 11644 5908 11644 5909 11644 5810 11645 5909 11645 5811 11645 5883 11646 5910 11646 5911 11646 5883 11647 5911 11647 5884 11647 5883 11648 5811 11648 5909 11648 5883 11649 5909 11649 5910 11649 5884 11650 5911 11650 5912 11650 5884 11651 5912 11651 5913 11651 5884 11652 5913 11652 5914 11652 5884 11653 5914 11653 5915 11653 5884 11654 5915 11654 5885 11654 5885 11655 5915 11655 5916 11655 5885 11656 5916 11656 5917 11656 5885 11657 5917 11657 5918 11657 5885 11658 5918 11658 5886 11658 5886 11659 5918 11659 5887 11659 5887 11660 5918 11660 5919 11660 5887 11661 5919 11661 5920 11661 5887 11662 5920 11662 5888 11662 5888 11663 5920 11663 5889 11663 5889 11664 5920 11664 5921 11664 5889 11665 5921 11665 5890 11665 5890 11666 5921 11666 5922 11666 5890 11667 5922 11667 5891 11667 5891 11668 5923 11668 5893 11668 5891 11669 5893 11669 5892 11669 5891 11670 5922 11670 5924 11670 5891 11671 5924 11671 5923 11671 5893 11672 5923 11672 5924 11672 5893 11673 5924 11673 5895 11673 5894 11674 5897 11674 5896 11674 5894 11675 5896 11675 5925 11675 5894 11676 5925 11676 5847 11676 5847 11677 5925 11677 5926 11677 5847 11678 5926 11678 5848 11678 5895 11679 5924 11679 5896 11679 5896 11680 5924 11680 5927 11680 5896 11681 5927 11681 5925 11681 5879 11682 5902 11682 5898 11682 5898 11683 5902 11683 5928 11683 5898 11684 5928 11684 5929 11684 5898 11685 5929 11685 5836 11685 5836 11686 5929 11686 5837 11686 5852 11687 5851 11687 5930 11687 5852 11688 5930 11688 5931 11688 5852 11689 5931 11689 5899 11689 5899 11690 5931 11690 5932 11690 5899 11691 5932 11691 5900 11691 5900 11692 5932 11692 5933 11692 5900 11693 5933 11693 5901 11693 5901 11694 5933 11694 5934 11694 5901 11695 5934 11695 5935 11695 5901 11696 5935 11696 5936 11696 5901 11697 5936 11697 5902 11697 5903 11698 5937 11698 5904 11698 5903 11699 5905 11699 5938 11699 5903 11700 5938 11700 5937 11700 5904 11701 5937 11701 5939 11701 5904 11702 5939 11702 5907 11702 5904 11703 5907 11703 5906 11703 5905 11704 5840 11704 5935 11704 5905 11705 5935 11705 5940 11705 5905 11706 5940 11706 5938 11706 5840 11707 5839 11707 5936 11707 5840 11708 5936 11708 5935 11708 5907 11709 5941 11709 5942 11709 5907 11710 5942 11710 5908 11710 5907 11711 5939 11711 5943 11711 5907 11712 5943 11712 5944 11712 5907 11713 5944 11713 5945 11713 5907 11714 5945 11714 5941 11714 5908 11715 5910 11715 5909 11715 5908 11716 5942 11716 5946 11716 5908 11717 5946 11717 5910 11717 5910 11718 5946 11718 5947 11718 5910 11719 5947 11719 5948 11719 5910 11720 5948 11720 5911 11720 5911 11721 5948 11721 5912 11721 5912 11722 5948 11722 5949 11722 5912 11723 5949 11723 5950 11723 5912 11724 5950 11724 5951 11724 5912 11725 5951 11725 5952 11725 5912 11726 5952 11726 5913 11726 5913 11727 5952 11727 5914 11727 5914 11728 5952 11728 5916 11728 5914 11729 5916 11729 5915 11729 5916 11730 5952 11730 5953 11730 5916 11731 5953 11731 5917 11731 5917 11732 5953 11732 5952 11732 5917 11733 5952 11733 5951 11733 5917 11734 5951 11734 5954 11734 5917 11735 5954 11735 5955 11735 5917 11736 5955 11736 5956 11736 5917 11737 5956 11737 5957 11737 5917 11738 5957 11738 5958 11738 5917 11739 5958 11739 5959 11739 5917 11740 5959 11740 5960 11740 5917 11741 5960 11741 5918 11741 5918 11742 5960 11742 5961 11742 5918 11743 5961 11743 5962 11743 5918 11744 5962 11744 5919 11744 5919 11745 5962 11745 5920 11745 5920 11746 5962 11746 5963 11746 5920 11747 5963 11747 5921 11747 5921 11748 5963 11748 5964 11748 5921 11749 5964 11749 5965 11749 5921 11750 5965 11750 5922 11750 5922 11751 5965 11751 5924 11751 5924 11752 5965 11752 5966 11752 5924 11753 5966 11753 5926 11753 5924 11754 5926 11754 5925 11754 5924 11755 5925 11755 5927 11755 5926 11756 5967 11756 5849 11756 5926 11757 5849 11757 5848 11757 5926 11758 5966 11758 5959 11758 5926 11759 5959 11759 5967 11759 5902 11760 5936 11760 5968 11760 5902 11761 5968 11761 5928 11761 5928 11762 5968 11762 5839 11762 5928 11763 5839 11763 5838 11763 5928 11764 5838 11764 5837 11764 5928 11765 5837 11765 5929 11765 5851 11766 5850 11766 5967 11766 5851 11767 5967 11767 5930 11767 5930 11768 5967 11768 5969 11768 5930 11769 5969 11769 5931 11769 5931 11770 5969 11770 5932 11770 5932 11771 5969 11771 5970 11771 5932 11772 5970 11772 5971 11772 5932 11773 5971 11773 5933 11773 5933 11774 5971 11774 5972 11774 5933 11775 5972 11775 5934 11775 5934 11776 5972 11776 5939 11776 5934 11777 5939 11777 5940 11777 5934 11778 5940 11778 5935 11778 5937 11779 5938 11779 5940 11779 5937 11780 5940 11780 5939 11780 5939 11781 5972 11781 5944 11781 5939 11782 5944 11782 5943 11782 5839 11783 5968 11783 5936 11783 5941 11784 5945 11784 5973 11784 5941 11785 5973 11785 5942 11785 5942 11786 5974 11786 5946 11786 5942 11787 5973 11787 5975 11787 5942 11788 5975 11788 5976 11788 5942 11789 5976 11789 5974 11789 5944 11790 5972 11790 5977 11790 5944 11791 5977 11791 5945 11791 5945 11792 5977 11792 5978 11792 5945 11793 5978 11793 5973 11793 5946 11794 5974 11794 5976 11794 5946 11795 5976 11795 5979 11795 5946 11796 5979 11796 5980 11796 5946 11797 5980 11797 5947 11797 5947 11798 5950 11798 5949 11798 5947 11799 5949 11799 5948 11799 5947 11800 5980 11800 5981 11800 5947 11801 5981 11801 5950 11801 5950 11802 5981 11802 5951 11802 5951 11803 5981 11803 5954 11803 5954 11804 5981 11804 5982 11804 5954 11805 5982 11805 5955 11805 5955 11806 5982 11806 5981 11806 5955 11807 5981 11807 5956 11807 5956 11808 5983 11808 5957 11808 5956 11809 5981 11809 5984 11809 5956 11810 5984 11810 5983 11810 5957 11811 5983 11811 5985 11811 5957 11812 5985 11812 5958 11812 5958 11813 5985 11813 5969 11813 5958 11814 5969 11814 5959 11814 5959 11815 5966 11815 5965 11815 5959 11816 5965 11816 5964 11816 5959 11817 5964 11817 5963 11817 5959 11818 5963 11818 5986 11818 5959 11819 5986 11819 5961 11819 5959 11820 5961 11820 5960 11820 5959 11821 5969 11821 5967 11821 5961 11822 5986 11822 5962 11822 5962 11823 5986 11823 5963 11823 5967 11824 5850 11824 5849 11824 5969 11825 5985 11825 5970 11825 5970 11826 5985 11826 5983 11826 5970 11827 5983 11827 5972 11827 5970 11828 5972 11828 5971 11828 5972 11829 5983 11829 5977 11829 5973 11830 5978 11830 5975 11830 5975 11831 5978 11831 5983 11831 5975 11832 5983 11832 5984 11832 5975 11833 5984 11833 5976 11833 5976 11834 5984 11834 5979 11834 5977 11835 5983 11835 5978 11835 5979 11836 5984 11836 5980 11836 5980 11837 5984 11837 5981 11837 5987 11838 5988 11838 5989 11838 5987 11839 5989 11839 5990 11839 5987 11840 5990 11840 5991 11840 5987 11841 5991 11841 5992 11841 5987 11842 5992 11842 5993 11842 5987 11843 5993 11843 5994 11843 5987 11844 5994 11844 5995 11844 5987 11845 5995 11845 5996 11845 5987 11846 5996 11846 5997 11846 5987 11847 5997 11847 5998 11847 5987 11848 5998 11848 5999 11848 5987 11849 5999 11849 6000 11849 5987 11850 6000 11850 6001 11850 5987 11851 6001 11851 6002 11851 5987 11852 6002 11852 6003 11852 5987 11853 6003 11853 6004 11853 5987 11854 6004 11854 6005 11854 5987 11855 6005 11855 6006 11855 5987 11856 6006 11856 6007 11856 5987 11857 6007 11857 6008 11857 5987 11858 6008 11858 6009 11858 5987 11859 6009 11859 6010 11859 5987 11860 6010 11860 6011 11860 5987 11861 6011 11861 5988 11861 5988 11862 6011 11862 6012 11862 5988 11863 6012 11863 6013 11863 5988 11864 6013 11864 5989 11864 5989 11865 6013 11865 6014 11865 5989 11866 6014 11866 5990 11866 6005 11867 6004 11867 6015 11867 6005 11868 6015 11868 6006 11868 6011 11869 6010 11869 6016 11869 6011 11870 6016 11870 6012 11870 6012 11871 6017 11871 6014 11871 6012 11872 6014 11872 6013 11872 6012 11873 6016 11873 6018 11873 6012 11874 6018 11874 6019 11874 6012 11875 6019 11875 6017 11875 6014 11876 6017 11876 5991 11876 6014 11877 5991 11877 5990 11877 6004 11878 6003 11878 6020 11878 6004 11879 6020 11879 6021 11879 6004 11880 6021 11880 6015 11880 6006 11881 6015 11881 6021 11881 6006 11882 6021 11882 6022 11882 6006 11883 6022 11883 6023 11883 6006 11884 6023 11884 6024 11884 6006 11885 6024 11885 6025 11885 6006 11886 6025 11886 6026 11886 6006 11887 6026 11887 6027 11887 6006 11888 6027 11888 6028 11888 6006 11889 6028 11889 6029 11889 6006 11890 6029 11890 6007 11890 6010 11891 6009 11891 6026 11891 6010 11892 6026 11892 6025 11892 6010 11893 6025 11893 6030 11893 6010 11894 6030 11894 6016 11894 6016 11895 6031 11895 6018 11895 6016 11896 6030 11896 6031 11896 6017 11897 6019 11897 5992 11897 6017 11898 5992 11898 5991 11898 6018 11899 6032 11899 6033 11899 6018 11900 6033 11900 5992 11900 6018 11901 5992 11901 6019 11901 6018 11902 6031 11902 6032 11902 6003 11903 6002 11903 6034 11903 6003 11904 6034 11904 6035 11904 6003 11905 6035 11905 6036 11905 6003 11906 6036 11906 6037 11906 6003 11907 6037 11907 6020 11907 6007 11908 6029 11908 6008 11908 6009 11909 6008 11909 6026 11909 6026 11910 6008 11910 6027 11910 6025 11911 6024 11911 6030 11911 6030 11912 6024 11912 6038 11912 6030 11913 6038 11913 6039 11913 6030 11914 6039 11914 6040 11914 6030 11915 6040 11915 6031 11915 6031 11916 6041 11916 6042 11916 6031 11917 6042 11917 6032 11917 6031 11918 6040 11918 6041 11918 5992 11919 6033 11919 5993 11919 6032 11920 6043 11920 6033 11920 6032 11921 6042 11921 6043 11921 6033 11922 6043 11922 5993 11922 6021 11923 6020 11923 6022 11923 6002 11924 6001 11924 6034 11924 6034 11925 6001 11925 6035 11925 6035 11926 6001 11926 6036 11926 6036 11927 6001 11927 6044 11927 6036 11928 6044 11928 6037 11928 6037 11929 6044 11929 6039 11929 6037 11930 6039 11930 6045 11930 6037 11931 6045 11931 6020 11931 6020 11932 6045 11932 6022 11932 6029 11933 6028 11933 6008 11933 6008 11934 6028 11934 6027 11934 6024 11935 6023 11935 6038 11935 6038 11936 6023 11936 6039 11936 6039 11937 6044 11937 6046 11937 6039 11938 6046 11938 6040 11938 6039 11939 6023 11939 6045 11939 6040 11940 6046 11940 6047 11940 6040 11941 6047 11941 6041 11941 6041 11942 5996 11942 5995 11942 6041 11943 5995 11943 6042 11943 6041 11944 6047 11944 5996 11944 6042 11945 5995 11945 5994 11945 6042 11946 5994 11946 6043 11946 5993 11947 6043 11947 5994 11947 6022 11948 6045 11948 6023 11948 6001 11949 6000 11949 6044 11949 6044 11950 6000 11950 5999 11950 6044 11951 5999 11951 6046 11951 6046 11952 5999 11952 5998 11952 6046 11953 5998 11953 6047 11953 6047 11954 5998 11954 6048 11954 6047 11955 6048 11955 5996 11955 5996 11956 6048 11956 5997 11956 5998 11957 5997 11957 6048 11957 6049 11958 6050 11958 6051 11958 6049 11959 6051 11959 6052 11959 6049 11960 6052 11960 6053 11960 6049 11961 6053 11961 6054 11961 6049 11962 6054 11962 6055 11962 6049 11963 6055 11963 6056 11963 6049 11964 6056 11964 6057 11964 6049 11965 6057 11965 6058 11965 6049 11966 6058 11966 6059 11966 6049 11967 6059 11967 6060 11967 6049 11968 6060 11968 6061 11968 6049 11969 6061 11969 6062 11969 6049 11970 6062 11970 6063 11970 6049 11971 6063 11971 6064 11971 6049 11972 6064 11972 6065 11972 6049 11973 6065 11973 6066 11973 6049 11974 6066 11974 6067 11974 6049 11975 6067 11975 6068 11975 6049 11976 6068 11976 6050 11976 6050 11977 6069 11977 6051 11977 6050 11978 6068 11978 6070 11978 6050 11979 6070 11979 6069 11979 6065 11980 6064 11980 6071 11980 6065 11981 6071 11981 6072 11981 6065 11982 6072 11982 6073 11982 6065 11983 6073 11983 6074 11983 6065 11984 6074 11984 6075 11984 6065 11985 6075 11985 6076 11985 6065 11986 6076 11986 6077 11986 6065 11987 6077 11987 6078 11987 6065 11988 6078 11988 6079 11988 6065 11989 6079 11989 6080 11989 6065 11990 6080 11990 6081 11990 6065 11991 6081 11991 6082 11991 6065 11992 6082 11992 6083 11992 6065 11993 6083 11993 6084 11993 6065 11994 6084 11994 6067 11994 6065 11995 6067 11995 6066 11995 6067 11996 6084 11996 6085 11996 6067 11997 6085 11997 6086 11997 6067 11998 6086 11998 6068 11998 6068 11999 6086 11999 6070 11999 6069 12000 6070 12000 6087 12000 6069 12001 6087 12001 6088 12001 6069 12002 6088 12002 6051 12002 6051 12003 6088 12003 6052 12003 6070 12004 6086 12004 6085 12004 6070 12005 6085 12005 6089 12005 6070 12006 6089 12006 6087 12006 6064 12007 6063 12007 6071 12007 6084 12008 6083 12008 6085 12008 6085 12009 6083 12009 6090 12009 6085 12010 6090 12010 6091 12010 6085 12011 6091 12011 6089 12011 6087 12012 6089 12012 6088 12012 6088 12013 6089 12013 6092 12013 6088 12014 6092 12014 6052 12014 6052 12015 6093 12015 6094 12015 6052 12016 6094 12016 6053 12016 6052 12017 6092 12017 6093 12017 6089 12018 6091 12018 6092 12018 6063 12019 6062 12019 6071 12019 6071 12020 6062 12020 6072 12020 6083 12021 6082 12021 6090 12021 6090 12022 6082 12022 6081 12022 6090 12023 6081 12023 6095 12023 6090 12024 6095 12024 6096 12024 6090 12025 6096 12025 6091 12025 6092 12026 6097 12026 6093 12026 6092 12027 6091 12027 6096 12027 6092 12028 6096 12028 6098 12028 6092 12029 6098 12029 6099 12029 6092 12030 6099 12030 6100 12030 6092 12031 6100 12031 6097 12031 6093 12032 6097 12032 6100 12032 6093 12033 6100 12033 6094 12033 6094 12034 6101 12034 6102 12034 6094 12035 6102 12035 6103 12035 6094 12036 6103 12036 6053 12036 6094 12037 6100 12037 6101 12037 6053 12038 6103 12038 6104 12038 6053 12039 6104 12039 6105 12039 6053 12040 6105 12040 6054 12040 6062 12041 6061 12041 6072 12041 6072 12042 6061 12042 6073 12042 6081 12043 6080 12043 6095 12043 6095 12044 6080 12044 6079 12044 6095 12045 6079 12045 6106 12045 6095 12046 6106 12046 6107 12046 6095 12047 6107 12047 6096 12047 6096 12048 6107 12048 6108 12048 6096 12049 6108 12049 6109 12049 6096 12050 6109 12050 6098 12050 6098 12051 6109 12051 6110 12051 6098 12052 6110 12052 6111 12052 6098 12053 6111 12053 6101 12053 6098 12054 6101 12054 6100 12054 6098 12055 6100 12055 6099 12055 6101 12056 6112 12056 6102 12056 6101 12057 6111 12057 6113 12057 6101 12058 6113 12058 6112 12058 6102 12059 6112 12059 6103 12059 6103 12060 6112 12060 6104 12060 6054 12061 6105 12061 6114 12061 6054 12062 6114 12062 6115 12062 6054 12063 6115 12063 6055 12063 6104 12064 6112 12064 6105 12064 6105 12065 6112 12065 6116 12065 6105 12066 6116 12066 6114 12066 6061 12067 6060 12067 6073 12067 6073 12068 6060 12068 6074 12068 6079 12069 6078 12069 6106 12069 6106 12070 6078 12070 6077 12070 6106 12071 6077 12071 6117 12071 6106 12072 6117 12072 6118 12072 6106 12073 6118 12073 6119 12073 6106 12074 6119 12074 6120 12074 6106 12075 6120 12075 6121 12075 6106 12076 6121 12076 6110 12076 6106 12077 6110 12077 6109 12077 6106 12078 6109 12078 6108 12078 6106 12079 6108 12079 6107 12079 6110 12080 6121 12080 6111 12080 6111 12081 6121 12081 6122 12081 6111 12082 6122 12082 6123 12082 6111 12083 6123 12083 6116 12083 6111 12084 6116 12084 6113 12084 6112 12085 6113 12085 6116 12085 6055 12086 6115 12086 6124 12086 6055 12087 6124 12087 6125 12087 6055 12088 6125 12088 6126 12088 6055 12089 6126 12089 6056 12089 6114 12090 6116 12090 6127 12090 6114 12091 6127 12091 6115 12091 6115 12092 6127 12092 6124 12092 6116 12093 6123 12093 6127 12093 6060 12094 6059 12094 6117 12094 6060 12095 6117 12095 6075 12095 6060 12096 6075 12096 6074 12096 6121 12097 6120 12097 6122 12097 6122 12098 6128 12098 6129 12098 6122 12099 6129 12099 6130 12099 6122 12100 6130 12100 6131 12100 6122 12101 6131 12101 6132 12101 6122 12102 6132 12102 6133 12102 6122 12103 6133 12103 6123 12103 6122 12104 6120 12104 6128 12104 6123 12105 6133 12105 6127 12105 6056 12106 6126 12106 6134 12106 6056 12107 6134 12107 6135 12107 6056 12108 6135 12108 6057 12108 6124 12109 6134 12109 6126 12109 6124 12110 6126 12110 6125 12110 6124 12111 6127 12111 6133 12111 6124 12112 6133 12112 6132 12112 6124 12113 6132 12113 6136 12113 6124 12114 6136 12114 6137 12114 6124 12115 6137 12115 6134 12115 6059 12116 6058 12116 6138 12116 6059 12117 6138 12117 6139 12117 6059 12118 6139 12118 6140 12118 6059 12119 6140 12119 6141 12119 6059 12120 6141 12120 6142 12120 6059 12121 6142 12121 6143 12121 6059 12122 6143 12122 6144 12122 6059 12123 6144 12123 6145 12123 6059 12124 6145 12124 6118 12124 6059 12125 6118 12125 6117 12125 6117 12126 6077 12126 6076 12126 6117 12127 6076 12127 6075 12127 6120 12128 6119 12128 6128 12128 6128 12129 6119 12129 6118 12129 6128 12130 6118 12130 6145 12130 6128 12131 6145 12131 6144 12131 6128 12132 6144 12132 6129 12132 6129 12133 6144 12133 6143 12133 6129 12134 6143 12134 6142 12134 6129 12135 6142 12135 6146 12135 6129 12136 6146 12136 6131 12136 6129 12137 6131 12137 6130 12137 6131 12138 6146 12138 6147 12138 6131 12139 6147 12139 6136 12139 6131 12140 6136 12140 6132 12140 6134 12141 6137 12141 6147 12141 6134 12142 6147 12142 6148 12142 6134 12143 6148 12143 6135 12143 6135 12144 6148 12144 6149 12144 6135 12145 6149 12145 6057 12145 6057 12146 6138 12146 6058 12146 6057 12147 6149 12147 6139 12147 6057 12148 6139 12148 6138 12148 6136 12149 6147 12149 6137 12149 6142 12150 6141 12150 6146 12150 6146 12151 6150 12151 6147 12151 6146 12152 6141 12152 6149 12152 6146 12153 6149 12153 6150 12153 6147 12154 6150 12154 6148 12154 6148 12155 6150 12155 6149 12155 6149 12156 6141 12156 6140 12156 6149 12157 6140 12157 6139 12157 6151 12158 6152 12158 6153 12158 6151 12159 6153 12159 6154 12159 6151 12160 6154 12160 6155 12160 6151 12161 6155 12161 6156 12161 6151 12162 6156 12162 6157 12162 6151 12163 6157 12163 6158 12163 6151 12164 6158 12164 6159 12164 6151 12165 6159 12165 6160 12165 6151 12166 6160 12166 6161 12166 6151 12167 6161 12167 6162 12167 6151 12168 6162 12168 6163 12168 6151 12169 6163 12169 4994 12169 6151 12170 4994 12170 4993 12170 6151 12171 4993 12171 6164 12171 6151 12172 6164 12172 6165 12172 6151 12173 6165 12173 6166 12173 6151 12174 6166 12174 6152 12174 6152 12175 6166 12175 6153 12175 4993 12176 4994 12176 6167 12176 4993 12177 6167 12177 6168 12177 4993 12178 6168 12178 6169 12178 4993 12179 6169 12179 6170 12179 4993 12180 6170 12180 6171 12180 4993 12181 6171 12181 6164 12181 6166 12182 6165 12182 6172 12182 6166 12183 6172 12183 6173 12183 6166 12184 6173 12184 6174 12184 6166 12185 6174 12185 6175 12185 6166 12186 6175 12186 6176 12186 6166 12187 6176 12187 6177 12187 6166 12188 6177 12188 6178 12188 6166 12189 6178 12189 6154 12189 6166 12190 6154 12190 6153 12190 4994 12191 6163 12191 6174 12191 4994 12192 6174 12192 6179 12192 4994 12193 6179 12193 6180 12193 4994 12194 6180 12194 6181 12194 4994 12195 6181 12195 6167 12195 6164 12196 6171 12196 6165 12196 6165 12197 6171 12197 6170 12197 6165 12198 6170 12198 6172 12198 6178 12199 6177 12199 6154 12199 6154 12200 6177 12200 6176 12200 6154 12201 6176 12201 6175 12201 6154 12202 6175 12202 6174 12202 6154 12203 6174 12203 6155 12203 6163 12204 6162 12204 6174 12204 6174 12205 6162 12205 6161 12205 6174 12206 6161 12206 6160 12206 6174 12207 6160 12207 6159 12207 6174 12208 6159 12208 6158 12208 6174 12209 6158 12209 6157 12209 6174 12210 6157 12210 6156 12210 6174 12211 6156 12211 6155 12211 6174 12212 6173 12212 6168 12212 6174 12213 6168 12213 6167 12213 6174 12214 6167 12214 6181 12214 6174 12215 6181 12215 6180 12215 6174 12216 6180 12216 6179 12216 6170 12217 6169 12217 6173 12217 6170 12218 6173 12218 6172 12218 6173 12219 6169 12219 6168 12219 6182 12220 6183 12220 6184 12220 6182 12221 6184 12221 6185 12221 6182 12222 6185 12222 6186 12222 6182 12223 6186 12223 6187 12223 6182 12224 6187 12224 6188 12224 6182 12225 6188 12225 6189 12225 6182 12226 6189 12226 6190 12226 6182 12227 6190 12227 6191 12227 6182 12228 6191 12228 6192 12228 6182 12229 6192 12229 6193 12229 6182 12230 6193 12230 6194 12230 6182 12231 6194 12231 6195 12231 6182 12232 6195 12232 6196 12232 6182 12233 6196 12233 6197 12233 6182 12234 6197 12234 6198 12234 6182 12235 6198 12235 6199 12235 6182 12236 6199 12236 6200 12236 6182 12237 6200 12237 6201 12237 6182 12238 6201 12238 6202 12238 6182 12239 6202 12239 6203 12239 6182 12240 6203 12240 6204 12240 6182 12241 6204 12241 6205 12241 6182 12242 6205 12242 6206 12242 6182 12243 6206 12243 6207 12243 6182 12244 6207 12244 6208 12244 6182 12245 6208 12245 6209 12245 6182 12246 6209 12246 6210 12246 6182 12247 6210 12247 6211 12247 6182 12248 6211 12248 6212 12248 6182 12249 6212 12249 6213 12249 6182 12250 6213 12250 6214 12250 6182 12251 6214 12251 6215 12251 6182 12252 6215 12252 6183 12252 6183 12253 6216 12253 6184 12253 6183 12254 6215 12254 6217 12254 6183 12255 6217 12255 6216 12255 6184 12256 6216 12256 6218 12256 6184 12257 6218 12257 6185 12257 6189 12258 6188 12258 6190 12258 6213 12259 6219 12259 6214 12259 6213 12260 6212 12260 6219 12260 6214 12261 6219 12261 6220 12261 6214 12262 6220 12262 6215 12262 6215 12263 6220 12263 6217 12263 6216 12264 6217 12264 6221 12264 6216 12265 6221 12265 6222 12265 6216 12266 6222 12266 6218 12266 6217 12267 6220 12267 6223 12267 6217 12268 6223 12268 6221 12268 6185 12269 6218 12269 6224 12269 6185 12270 6224 12270 6225 12270 6185 12271 6225 12271 6186 12271 6218 12272 6222 12272 6226 12272 6218 12273 6226 12273 6227 12273 6218 12274 6227 12274 6228 12274 6218 12275 6228 12275 6224 12275 6188 12276 6187 12276 6225 12276 6188 12277 6225 12277 6224 12277 6188 12278 6224 12278 6229 12278 6188 12279 6229 12279 6230 12279 6188 12280 6230 12280 6231 12280 6188 12281 6231 12281 6232 12281 6188 12282 6232 12282 6233 12282 6188 12283 6233 12283 6234 12283 6188 12284 6234 12284 6235 12284 6188 12285 6235 12285 6236 12285 6188 12286 6236 12286 6237 12286 6188 12287 6237 12287 6238 12287 6188 12288 6238 12288 6239 12288 6188 12289 6239 12289 6240 12289 6188 12290 6240 12290 6241 12290 6188 12291 6241 12291 6242 12291 6188 12292 6242 12292 6243 12292 6188 12293 6243 12293 6244 12293 6188 12294 6244 12294 6190 12294 6190 12295 6244 12295 6191 12295 6219 12296 6212 12296 6245 12296 6219 12297 6245 12297 6220 12297 6212 12298 6246 12298 6245 12298 6212 12299 6211 12299 6247 12299 6212 12300 6247 12300 6246 12300 6220 12301 6245 12301 6223 12301 6221 12302 6223 12302 6248 12302 6221 12303 6248 12303 6249 12303 6221 12304 6249 12304 6222 12304 6222 12305 6249 12305 6226 12305 6223 12306 6245 12306 6250 12306 6223 12307 6250 12307 6248 12307 6224 12308 6228 12308 6229 12308 6225 12309 6187 12309 6186 12309 6226 12310 6249 12310 6251 12310 6226 12311 6251 12311 6252 12311 6226 12312 6252 12312 6227 12312 6227 12313 6252 12313 6253 12313 6227 12314 6253 12314 6228 12314 6228 12315 6253 12315 6230 12315 6228 12316 6230 12316 6229 12316 6244 12317 6254 12317 6191 12317 6244 12318 6243 12318 6255 12318 6244 12319 6255 12319 6256 12319 6244 12320 6256 12320 6195 12320 6244 12321 6195 12321 6194 12321 6244 12322 6194 12322 6257 12322 6244 12323 6257 12323 6258 12323 6244 12324 6258 12324 6254 12324 6191 12325 6254 12325 6258 12325 6191 12326 6258 12326 6192 12326 6245 12327 6246 12327 6259 12327 6245 12328 6259 12328 6250 12328 6246 12329 6247 12329 6259 12329 6211 12330 6210 12330 6260 12330 6211 12331 6260 12331 6247 12331 6247 12332 6260 12332 6261 12332 6247 12333 6261 12333 6259 12333 6248 12334 6262 12334 6249 12334 6248 12335 6250 12335 6263 12335 6248 12336 6263 12336 6262 12336 6249 12337 6262 12337 6251 12337 6250 12338 6259 12338 6261 12338 6250 12339 6261 12339 6264 12339 6250 12340 6264 12340 6265 12340 6250 12341 6265 12341 6266 12341 6250 12342 6266 12342 6263 12342 6251 12343 6262 12343 6267 12343 6251 12344 6267 12344 6252 12344 6252 12345 6267 12345 6268 12345 6252 12346 6268 12346 6269 12346 6252 12347 6269 12347 6270 12347 6252 12348 6270 12348 6253 12348 6253 12349 6270 12349 6231 12349 6253 12350 6231 12350 6230 12350 6243 12351 6242 12351 6255 12351 6258 12352 6257 12352 6192 12352 6192 12353 6257 12353 6193 12353 6210 12354 6209 12354 6260 12354 6260 12355 6209 12355 6271 12355 6260 12356 6271 12356 6264 12356 6260 12357 6264 12357 6261 12357 6262 12358 6263 12358 6272 12358 6262 12359 6272 12359 6267 12359 6263 12360 6266 12360 6272 12360 6265 12361 6264 12361 6273 12361 6265 12362 6273 12362 6266 12362 6267 12363 6272 12363 6274 12363 6267 12364 6274 12364 6275 12364 6267 12365 6275 12365 6276 12365 6267 12366 6276 12366 6268 12366 6268 12367 6276 12367 6269 12367 6269 12368 6276 12368 6270 12368 6270 12369 6233 12369 6232 12369 6270 12370 6232 12370 6231 12370 6270 12371 6276 12371 6234 12371 6270 12372 6234 12372 6233 12372 6242 12373 6277 12373 6255 12373 6242 12374 6241 12374 6278 12374 6242 12375 6278 12375 6277 12375 6255 12376 6277 12376 6279 12376 6255 12377 6279 12377 6280 12377 6255 12378 6280 12378 6256 12378 6257 12379 6194 12379 6193 12379 6209 12380 6208 12380 6271 12380 6271 12381 6208 12381 6207 12381 6271 12382 6207 12382 6206 12382 6271 12383 6206 12383 6281 12383 6271 12384 6281 12384 6282 12384 6271 12385 6282 12385 6264 12385 6264 12386 6282 12386 6283 12386 6264 12387 6283 12387 6273 12387 6272 12388 6266 12388 6284 12388 6272 12389 6284 12389 6285 12389 6272 12390 6285 12390 6286 12390 6272 12391 6286 12391 6274 12391 6266 12392 6273 12392 6287 12392 6266 12393 6287 12393 6284 12393 6273 12394 6283 12394 6287 12394 6274 12395 6286 12395 6288 12395 6274 12396 6288 12396 6289 12396 6274 12397 6289 12397 6275 12397 6275 12398 6290 12398 6276 12398 6275 12399 6289 12399 6291 12399 6275 12400 6291 12400 6292 12400 6275 12401 6292 12401 6290 12401 6276 12402 6290 12402 6293 12402 6276 12403 6293 12403 6294 12403 6276 12404 6294 12404 6234 12404 6234 12405 6294 12405 6235 12405 6277 12406 6278 12406 6295 12406 6277 12407 6295 12407 6296 12407 6277 12408 6296 12408 6297 12408 6277 12409 6297 12409 6279 12409 6241 12410 6240 12410 6298 12410 6241 12411 6298 12411 6295 12411 6241 12412 6295 12412 6278 12412 6279 12413 6297 12413 6299 12413 6279 12414 6299 12414 6280 12414 6256 12415 6280 12415 6196 12415 6256 12416 6196 12416 6195 12416 6206 12417 6205 12417 6281 12417 6281 12418 6205 12418 6204 12418 6281 12419 6204 12419 6300 12419 6281 12420 6300 12420 6282 12420 6282 12421 6300 12421 6301 12421 6282 12422 6301 12422 6283 12422 6284 12423 6287 12423 6302 12423 6284 12424 6302 12424 6303 12424 6284 12425 6303 12425 6285 12425 6285 12426 6303 12426 6304 12426 6285 12427 6304 12427 6286 12427 6286 12428 6304 12428 6305 12428 6286 12429 6305 12429 6306 12429 6286 12430 6306 12430 6288 12430 6287 12431 6283 12431 6307 12431 6287 12432 6307 12432 6308 12432 6287 12433 6308 12433 6302 12433 6283 12434 6301 12434 6309 12434 6283 12435 6309 12435 6307 12435 6288 12436 6306 12436 6291 12436 6288 12437 6291 12437 6289 12437 6290 12438 6292 12438 6310 12438 6290 12439 6310 12439 6293 12439 6291 12440 6306 12440 6305 12440 6291 12441 6305 12441 6304 12441 6291 12442 6304 12442 6311 12442 6291 12443 6311 12443 6312 12443 6291 12444 6312 12444 6292 12444 6292 12445 6312 12445 6313 12445 6292 12446 6313 12446 6310 12446 6293 12447 6310 12447 6314 12447 6293 12448 6314 12448 6315 12448 6293 12449 6315 12449 6294 12449 6294 12450 6315 12450 6235 12450 6235 12451 6315 12451 6236 12451 6295 12452 6298 12452 6316 12452 6295 12453 6316 12453 6317 12453 6295 12454 6317 12454 6296 12454 6296 12455 6317 12455 6318 12455 6296 12456 6318 12456 6299 12456 6296 12457 6299 12457 6297 12457 6240 12458 6239 12458 6319 12458 6240 12459 6319 12459 6320 12459 6240 12460 6320 12460 6298 12460 6298 12461 6320 12461 6316 12461 6280 12462 6299 12462 6321 12462 6280 12463 6321 12463 6197 12463 6280 12464 6197 12464 6196 12464 6299 12465 6318 12465 6322 12465 6299 12466 6322 12466 6323 12466 6299 12467 6323 12467 6198 12467 6299 12468 6198 12468 6321 12468 6204 12469 6203 12469 6300 12469 6300 12470 6203 12470 6301 12470 6301 12471 6203 12471 6202 12471 6301 12472 6202 12472 6324 12472 6301 12473 6324 12473 6325 12473 6301 12474 6325 12474 6309 12474 6302 12475 6308 12475 6326 12475 6302 12476 6326 12476 6303 12476 6303 12477 6326 12477 6327 12477 6303 12478 6327 12478 6304 12478 6304 12479 6328 12479 6311 12479 6304 12480 6327 12480 6328 12480 6307 12481 6309 12481 6329 12481 6307 12482 6329 12482 6330 12482 6307 12483 6330 12483 6308 12483 6308 12484 6330 12484 6331 12484 6308 12485 6331 12485 6332 12485 6308 12486 6332 12486 6326 12486 6309 12487 6325 12487 6322 12487 6309 12488 6322 12488 6329 12488 6310 12489 6313 12489 6314 12489 6311 12490 6328 12490 6333 12490 6311 12491 6333 12491 6312 12491 6312 12492 6333 12492 6334 12492 6312 12493 6334 12493 6313 12493 6313 12494 6334 12494 6335 12494 6313 12495 6335 12495 6314 12495 6314 12496 6335 12496 6336 12496 6314 12497 6336 12497 6315 12497 6315 12498 6336 12498 6236 12498 6236 12499 6336 12499 6337 12499 6236 12500 6337 12500 6237 12500 6316 12501 6320 12501 6338 12501 6316 12502 6338 12502 6339 12502 6316 12503 6339 12503 6340 12503 6316 12504 6340 12504 6317 12504 6317 12505 6340 12505 6341 12505 6317 12506 6341 12506 6318 12506 6318 12507 6341 12507 6329 12507 6318 12508 6329 12508 6322 12508 6239 12509 6238 12509 6342 12509 6239 12510 6342 12510 6319 12510 6319 12511 6342 12511 6343 12511 6319 12512 6343 12512 6320 12512 6320 12513 6343 12513 6338 12513 6321 12514 6198 12514 6197 12514 6322 12515 6325 12515 6323 12515 6323 12516 6344 12516 6199 12516 6323 12517 6199 12517 6198 12517 6323 12518 6325 12518 6344 12518 6202 12519 6201 12519 6324 12519 6324 12520 6201 12520 6344 12520 6324 12521 6344 12521 6325 12521 6326 12522 6332 12522 6327 12522 6327 12523 6332 12523 6345 12523 6327 12524 6345 12524 6328 12524 6328 12525 6345 12525 6333 12525 6329 12526 6341 12526 6330 12526 6330 12527 6341 12527 6340 12527 6330 12528 6340 12528 6331 12528 6331 12529 6340 12529 6339 12529 6331 12530 6339 12530 6332 12530 6332 12531 6339 12531 6338 12531 6332 12532 6338 12532 6343 12532 6332 12533 6343 12533 6342 12533 6332 12534 6342 12534 6346 12534 6332 12535 6346 12535 6345 12535 6333 12536 6345 12536 6346 12536 6333 12537 6346 12537 6347 12537 6333 12538 6347 12538 6334 12538 6334 12539 6348 12539 6335 12539 6334 12540 6347 12540 6349 12540 6334 12541 6349 12541 6348 12541 6335 12542 6348 12542 6337 12542 6335 12543 6337 12543 6336 12543 6237 12544 6337 12544 6350 12544 6237 12545 6350 12545 6238 12545 6238 12546 6350 12546 6342 12546 6342 12547 6350 12547 6349 12547 6342 12548 6349 12548 6347 12548 6342 12549 6347 12549 6346 12549 6344 12550 6201 12550 6200 12550 6344 12551 6200 12551 6199 12551 6348 12552 6349 12552 6337 12552 6349 12553 6350 12553 6337 12553 6351 12554 6352 12554 6353 12554 6351 12555 6353 12555 6354 12555 6351 12556 6354 12556 6355 12556 6351 12557 6355 12557 6356 12557 6351 12558 6356 12558 6357 12558 6351 12559 6357 12559 6358 12559 6351 12560 6358 12560 6359 12560 6351 12561 6359 12561 6360 12561 6351 12562 6360 12562 6361 12562 6351 12563 6361 12563 6362 12563 6351 12564 6362 12564 6363 12564 6351 12565 6363 12565 6352 12565 6352 12566 6363 12566 6364 12566 6352 12567 6364 12567 6365 12567 6352 12568 6365 12568 6366 12568 6352 12569 6366 12569 6367 12569 6352 12570 6367 12570 6368 12570 6352 12571 6368 12571 6353 12571 6353 12572 6368 12572 6354 12572 6354 12573 6368 12573 6367 12573 6354 12574 6367 12574 6369 12574 6354 12575 6369 12575 6370 12575 6354 12576 6370 12576 6371 12576 6354 12577 6371 12577 6372 12577 6354 12578 6372 12578 6356 12578 6354 12579 6356 12579 6355 12579 6361 12580 6360 12580 6373 12580 6361 12581 6373 12581 6362 12581 6363 12582 6362 12582 6373 12582 6363 12583 6373 12583 6374 12583 6363 12584 6374 12584 6375 12584 6363 12585 6375 12585 6376 12585 6363 12586 6376 12586 6377 12586 6363 12587 6377 12587 6370 12587 6363 12588 6370 12588 6364 12588 6356 12589 6372 12589 6357 12589 6360 12590 6359 12590 6378 12590 6360 12591 6378 12591 6373 12591 6373 12592 6378 12592 6375 12592 6373 12593 6375 12593 6374 12593 6375 12594 6378 12594 6379 12594 6375 12595 6379 12595 6377 12595 6375 12596 6377 12596 6376 12596 6377 12597 6379 12597 6370 12597 6370 12598 6379 12598 6371 12598 6370 12599 6369 12599 6366 12599 6370 12600 6366 12600 6365 12600 6370 12601 6365 12601 6364 12601 6367 12602 6366 12602 6369 12602 6372 12603 6371 12603 6380 12603 6372 12604 6380 12604 6358 12604 6372 12605 6358 12605 6357 12605 6359 12606 6358 12606 6378 12606 6378 12607 6358 12607 6380 12607 6378 12608 6380 12608 6379 12608 6379 12609 6380 12609 6371 12609 6381 12610 6382 12610 6383 12610 6381 12611 6383 12611 6384 12611 6381 12612 6384 12612 6385 12612 6381 12613 6385 12613 6386 12613 6381 12614 6386 12614 6387 12614 6381 12615 6387 12615 6388 12615 6381 12616 6388 12616 6389 12616 6381 12617 6389 12617 6390 12617 6381 12618 6390 12618 6391 12618 6381 12619 6391 12619 6392 12619 6381 12620 6392 12620 6393 12620 6381 12621 6393 12621 6394 12621 6381 12622 6394 12622 6395 12622 6381 12623 6395 12623 6396 12623 6381 12624 6396 12624 6397 12624 6381 12625 6397 12625 6398 12625 6381 12626 6398 12626 6399 12626 6381 12627 6399 12627 6400 12627 6381 12628 6400 12628 6401 12628 6381 12629 6401 12629 6402 12629 6381 12630 6402 12630 6403 12630 6381 12631 6403 12631 6404 12631 6381 12632 6404 12632 6382 12632 6382 12633 6405 12633 6406 12633 6382 12634 6406 12634 6384 12634 6382 12635 6384 12635 6383 12635 6382 12636 6404 12636 6405 12636 6393 12637 6392 12637 6407 12637 6393 12638 6407 12638 6408 12638 6393 12639 6408 12639 6409 12639 6393 12640 6409 12640 6410 12640 6393 12641 6410 12641 6411 12641 6393 12642 6411 12642 6412 12642 6393 12643 6412 12643 6413 12643 6393 12644 6413 12644 6414 12644 6393 12645 6414 12645 6415 12645 6393 12646 6415 12646 6416 12646 6393 12647 6416 12647 6417 12647 6393 12648 6417 12648 6394 12648 6405 12649 6384 12649 6406 12649 6405 12650 6404 12650 6418 12650 6405 12651 6418 12651 6384 12651 6384 12652 6418 12652 6419 12652 6384 12653 6419 12653 6420 12653 6384 12654 6420 12654 6421 12654 6384 12655 6421 12655 6385 12655 6404 12656 6403 12656 6422 12656 6404 12657 6422 12657 6423 12657 6404 12658 6423 12658 6424 12658 6404 12659 6424 12659 6418 12659 6392 12660 6425 12660 6426 12660 6392 12661 6426 12661 6427 12661 6392 12662 6427 12662 6428 12662 6392 12663 6428 12663 6429 12663 6392 12664 6429 12664 6430 12664 6392 12665 6430 12665 6407 12665 6392 12666 6391 12666 6425 12666 6394 12667 6417 12667 6395 12667 6418 12668 6424 12668 6431 12668 6418 12669 6431 12669 6419 12669 6419 12670 6432 12670 6433 12670 6419 12671 6433 12671 6420 12671 6419 12672 6431 12672 6434 12672 6419 12673 6434 12673 6432 12673 6420 12674 6433 12674 6385 12674 6420 12675 6385 12675 6421 12675 6385 12676 6433 12676 6386 12676 6403 12677 6402 12677 6422 12677 6422 12678 6401 12678 6435 12678 6422 12679 6435 12679 6436 12679 6422 12680 6436 12680 6437 12680 6422 12681 6437 12681 6438 12681 6422 12682 6438 12682 6423 12682 6422 12683 6402 12683 6401 12683 6423 12684 6438 12684 6439 12684 6423 12685 6439 12685 6424 12685 6424 12686 6439 12686 6434 12686 6424 12687 6434 12687 6431 12687 6425 12688 6440 12688 6426 12688 6425 12689 6391 12689 6440 12689 6426 12690 6440 12690 6427 12690 6427 12691 6440 12691 6441 12691 6427 12692 6441 12692 6429 12692 6427 12693 6429 12693 6428 12693 6429 12694 6441 12694 6442 12694 6429 12695 6442 12695 6443 12695 6429 12696 6443 12696 6444 12696 6429 12697 6444 12697 6411 12697 6429 12698 6411 12698 6410 12698 6429 12699 6410 12699 6409 12699 6429 12700 6409 12700 6430 12700 6430 12701 6409 12701 6408 12701 6430 12702 6408 12702 6407 12702 6391 12703 6390 12703 6445 12703 6391 12704 6445 12704 6440 12704 6395 12705 6417 12705 6396 12705 6417 12706 6416 12706 6446 12706 6417 12707 6446 12707 6398 12707 6417 12708 6398 12708 6397 12708 6417 12709 6397 12709 6396 12709 6432 12710 6434 12710 6447 12710 6432 12711 6447 12711 6433 12711 6434 12712 6439 12712 6448 12712 6434 12713 6448 12713 6447 12713 6433 12714 6447 12714 6386 12714 6386 12715 6447 12715 6387 12715 6401 12716 6400 12716 6435 12716 6435 12717 6400 12717 6449 12717 6435 12718 6449 12718 6450 12718 6435 12719 6450 12719 6436 12719 6436 12720 6451 12720 6437 12720 6436 12721 6450 12721 6451 12721 6437 12722 6448 12722 6439 12722 6437 12723 6439 12723 6438 12723 6437 12724 6451 12724 6448 12724 6440 12725 6445 12725 6452 12725 6440 12726 6452 12726 6453 12726 6440 12727 6453 12727 6454 12727 6440 12728 6454 12728 6455 12728 6440 12729 6455 12729 6442 12729 6440 12730 6442 12730 6441 12730 6442 12731 6455 12731 6443 12731 6443 12732 6455 12732 6456 12732 6443 12733 6456 12733 6411 12733 6443 12734 6411 12734 6444 12734 6411 12735 6456 12735 6412 12735 6390 12736 6389 12736 6445 12736 6445 12737 6389 12737 6452 12737 6416 12738 6415 12738 6446 12738 6446 12739 6457 12739 6458 12739 6446 12740 6458 12740 6459 12740 6446 12741 6459 12741 6398 12741 6446 12742 6415 12742 6414 12742 6446 12743 6414 12743 6460 12743 6446 12744 6460 12744 6461 12744 6446 12745 6461 12745 6462 12745 6446 12746 6462 12746 6457 12746 6398 12747 6459 12747 6458 12747 6398 12748 6458 12748 6399 12748 6447 12749 6448 12749 6463 12749 6447 12750 6463 12750 6464 12750 6447 12751 6464 12751 6465 12751 6447 12752 6465 12752 6387 12752 6448 12753 6451 12753 6466 12753 6448 12754 6466 12754 6463 12754 6387 12755 6465 12755 6464 12755 6387 12756 6464 12756 6388 12756 6400 12757 6399 12757 6467 12757 6400 12758 6467 12758 6449 12758 6449 12759 6467 12759 6468 12759 6449 12760 6468 12760 6450 12760 6450 12761 6468 12761 6451 12761 6451 12762 6468 12762 6469 12762 6451 12763 6469 12763 6470 12763 6451 12764 6470 12764 6466 12764 6452 12765 6389 12765 6471 12765 6452 12766 6471 12766 6472 12766 6452 12767 6472 12767 6453 12767 6453 12768 6472 12768 6473 12768 6453 12769 6473 12769 6454 12769 6455 12770 6474 12770 6456 12770 6455 12771 6454 12771 6474 12771 6456 12772 6474 12772 6412 12772 6412 12773 6474 12773 6413 12773 6389 12774 6388 12774 6472 12774 6389 12775 6472 12775 6471 12775 6457 12776 6475 12776 6458 12776 6457 12777 6462 12777 6475 12777 6458 12778 6475 12778 6476 12778 6458 12779 6476 12779 6399 12779 6414 12780 6413 12780 6477 12780 6414 12781 6477 12781 6478 12781 6414 12782 6478 12782 6460 12782 6460 12783 6478 12783 6479 12783 6460 12784 6479 12784 6461 12784 6461 12785 6479 12785 6462 12785 6462 12786 6480 12786 6475 12786 6462 12787 6479 12787 6481 12787 6462 12788 6481 12788 6468 12788 6462 12789 6468 12789 6467 12789 6462 12790 6467 12790 6480 12790 6399 12791 6480 12791 6467 12791 6399 12792 6476 12792 6482 12792 6399 12793 6482 12793 6480 12793 6463 12794 6466 12794 6473 12794 6463 12795 6473 12795 6464 12795 6464 12796 6473 12796 6472 12796 6464 12797 6472 12797 6388 12797 6466 12798 6470 12798 6473 12798 6468 12799 6481 12799 6470 12799 6468 12800 6470 12800 6469 12800 6470 12801 6481 12801 6483 12801 6470 12802 6483 12802 6473 12802 6473 12803 6483 12803 6454 12803 6454 12804 6483 12804 6474 12804 6474 12805 6479 12805 6484 12805 6474 12806 6484 12806 6413 12806 6474 12807 6483 12807 6479 12807 6413 12808 6484 12808 6479 12808 6413 12809 6479 12809 6477 12809 6475 12810 6480 12810 6476 12810 6476 12811 6480 12811 6482 12811 6477 12812 6479 12812 6478 12812 6479 12813 6483 12813 6481 12813 6485 12814 6486 12814 6487 12814 6485 12815 6487 12815 6488 12815 6485 12816 6488 12816 6489 12816 6485 12817 6489 12817 6490 12817 6485 12818 6490 12818 6491 12818 6485 12819 6491 12819 6492 12819 6485 12820 6492 12820 6493 12820 6485 12821 6493 12821 6494 12821 6485 12822 6494 12822 6495 12822 6485 12823 6495 12823 6496 12823 6485 12824 6496 12824 6497 12824 6485 12825 6497 12825 6498 12825 6485 12826 6498 12826 6499 12826 6485 12827 6499 12827 6500 12827 6485 12828 6500 12828 6501 12828 6485 12829 6501 12829 6502 12829 6485 12830 6502 12830 6503 12830 6485 12831 6503 12831 6504 12831 6485 12832 6504 12832 6505 12832 6485 12833 6505 12833 6506 12833 6485 12834 6506 12834 6486 12834 6486 12835 6506 12835 6507 12835 6486 12836 6507 12836 6508 12836 6486 12837 6508 12837 6487 12837 6487 12838 6508 12838 6507 12838 6487 12839 6507 12839 6509 12839 6487 12840 6509 12840 6510 12840 6487 12841 6510 12841 6503 12841 6487 12842 6503 12842 6502 12842 6487 12843 6502 12843 6511 12843 6487 12844 6511 12844 6512 12844 6487 12845 6512 12845 6513 12845 6487 12846 6513 12846 6514 12846 6487 12847 6514 12847 6515 12847 6487 12848 6515 12848 6516 12848 6487 12849 6516 12849 6517 12849 6487 12850 6517 12850 6518 12850 6487 12851 6518 12851 6519 12851 6487 12852 6519 12852 6520 12852 6487 12853 6520 12853 6488 12853 6489 12854 6488 12854 6521 12854 6489 12855 6521 12855 6522 12855 6489 12856 6522 12856 6523 12856 6489 12857 6523 12857 6524 12857 6489 12858 6524 12858 6515 12858 6489 12859 6515 12859 6514 12859 6489 12860 6514 12860 6525 12860 6489 12861 6525 12861 6526 12861 6489 12862 6526 12862 6527 12862 6489 12863 6527 12863 6528 12863 6489 12864 6528 12864 6529 12864 6489 12865 6529 12865 6530 12865 6489 12866 6530 12866 6531 12866 6489 12867 6531 12867 6532 12867 6489 12868 6532 12868 6533 12868 6489 12869 6533 12869 6534 12869 6489 12870 6534 12870 6535 12870 6489 12871 6535 12871 6536 12871 6489 12872 6536 12872 6490 12872 6493 12873 6492 12873 6494 12873 6506 12874 6505 12874 6510 12874 6506 12875 6510 12875 6509 12875 6506 12876 6509 12876 6507 12876 6488 12877 6520 12877 6521 12877 6521 12878 6520 12878 6519 12878 6521 12879 6519 12879 6522 12879 6490 12880 6536 12880 6491 12880 6492 12881 6491 12881 6536 12881 6492 12882 6536 12882 6494 12882 6494 12883 6537 12883 6495 12883 6494 12884 6536 12884 6538 12884 6494 12885 6538 12885 6539 12885 6494 12886 6539 12886 6537 12886 6505 12887 6504 12887 6510 12887 6510 12888 6504 12888 6503 12888 6519 12889 6518 12889 6522 12889 6522 12890 6518 12890 6517 12890 6522 12891 6517 12891 6523 12891 6536 12892 6535 12892 6538 12892 6537 12893 6496 12893 6495 12893 6537 12894 6539 12894 6540 12894 6537 12895 6540 12895 6541 12895 6537 12896 6541 12896 6496 12896 6538 12897 6535 12897 6539 12897 6539 12898 6535 12898 6542 12898 6539 12899 6542 12899 6540 12899 6517 12900 6516 12900 6524 12900 6517 12901 6524 12901 6523 12901 6535 12902 6540 12902 6542 12902 6535 12903 6534 12903 6540 12903 6496 12904 6541 12904 6543 12904 6496 12905 6543 12905 6497 12905 6540 12906 6534 12906 6541 12906 6541 12907 6534 12907 6533 12907 6541 12908 6533 12908 6532 12908 6541 12909 6532 12909 6543 12909 6502 12910 6501 12910 6544 12910 6502 12911 6544 12911 6511 12911 6516 12912 6515 12912 6524 12912 6543 12913 6498 12913 6497 12913 6543 12914 6532 12914 6545 12914 6543 12915 6545 12915 6498 12915 6532 12916 6531 12916 6545 12916 6501 12917 6500 12917 6546 12917 6501 12918 6546 12918 6544 12918 6511 12919 6544 12919 6526 12919 6511 12920 6526 12920 6525 12920 6511 12921 6525 12921 6512 12921 6498 12922 6545 12922 6547 12922 6498 12923 6547 12923 6548 12923 6498 12924 6548 12924 6549 12924 6498 12925 6549 12925 6550 12925 6498 12926 6550 12926 6499 12926 6545 12927 6531 12927 6547 12927 6531 12928 6530 12928 6550 12928 6531 12929 6550 12929 6549 12929 6531 12930 6549 12930 6548 12930 6531 12931 6548 12931 6547 12931 6500 12932 6499 12932 6546 12932 6544 12933 6546 12933 6551 12933 6544 12934 6551 12934 6552 12934 6544 12935 6552 12935 6526 12935 6525 12936 6514 12936 6513 12936 6525 12937 6513 12937 6512 12937 6499 12938 6550 12938 6553 12938 6499 12939 6553 12939 6554 12939 6499 12940 6554 12940 6546 12940 6550 12941 6530 12941 6555 12941 6550 12942 6555 12942 6553 12942 6530 12943 6529 12943 6554 12943 6530 12944 6554 12944 6555 12944 6546 12945 6554 12945 6551 12945 6551 12946 6554 12946 6552 12946 6552 12947 6529 12947 6528 12947 6552 12948 6528 12948 6527 12948 6552 12949 6527 12949 6526 12949 6552 12950 6554 12950 6529 12950 6553 12951 6555 12951 6556 12951 6553 12952 6556 12952 6554 12952 6554 12953 6556 12953 6555 12953</p>
                </triangles>
            </mesh>
        </geometry>
    </library_geometries>
    <library_visual_scenes>
        <visual_scene id="VisualSceneNode" name="VisualScene">
            <node id="node" name="node">
                <instance_geometry url="#shape0-lib"/>
            </node>
        </visual_scene>
    </library_visual_scenes>
    <scene>
        <instance_visual_scene url="#VisualSceneNode"/>
    </scene>
</COLLADA>
