<?xml version="1.0" encoding="UTF-8"?>
<COLLADA xmlns="http://www.collada.org/2005/11/COLLADASchema" version="1.4.1">
    <asset>
        <contributor>
            <author>VCGLab</author>
            <authoring_tool>VCGLib | MeshLab</authoring_tool>
        </contributor>
        <created>火 1 14 05:34:10 2025 GMT</created>
        <modified>火 1 14 05:34:10 2025 GMT</modified>
        <up_axis>Y_UP</up_axis>
    </asset>
    <library_geometries>
        <geometry id="shape0-lib" name="shape0">
            <mesh>
                <source id="shape0-lib-positions" name="position">
                    <float_array id="shape0-lib-positions-array" count="15429">-20.1743 2.7215 3.20904 -20.5593 2.7215 3.15932 -20.7174 2.7215 3.12786 -20.888 2.7215 3.07311 -21.2879 2.7215 2.92145 -21.5416 2.7215 2.8 -21.7272 2.7215 2.68233 -21.9859 2.7215 2.49669 -22.1715 2.7215 2.34503 -22.349 2.7215 2.16002 -22.5346 2.7215 1.94418 -22.6665 2.7215 1.75854 -22.8433 2.7215 1.45774 -22.9495 2.7215 1.24882 -23.0152 2.7215 1.06318 -23.117 2.7215 0.715186 -23.1776 2.7215 0.343909 -23.1914 2.7215 -0.0267389 -23.1708 2.7215 -0.398016 -23.1051 2.7215 -0.769293 -23.0083 2.7215 -1.08205 -22.9358 2.7215 -1.26831 -22.8127 2.7215 -1.51185 -22.6502 2.7215 -1.7837 -22.5115 2.7215 -1.96997 -22.3259 2.7215 -2.18329 -22.1372 2.7215 -2.36956 -21.9516 2.7215 -2.52499 -21.686 2.7215 -2.71063 -21.501 2.7215 -2.82894 -21.2885 2.7215 -2.92711 -20.9173 2.7215 -3.06177 -20.533 2.7215 -3.16435 -20.1874 2.7215 -3.21972 -19.7925 2.7215 -3.21658 -19.615 2.7215 -3.18826 -19.4288 2.7215 -3.14924 -19.0613 2.7215 -3.05422 -18.6901 2.7215 -2.91767 -18.4864 2.7215 -2.8239 -18.3008 2.7215 -2.70308 -18.0371 2.7215 -2.51744 -17.8515 2.7215 -2.35886 -17.6634 2.7215 -2.17322 -17.4778 2.7215 -1.95486 -17.3391 2.7215 -1.76922 -17.1891 2.7215 -1.51248 -17.0548 2.7215 -1.23811 -16.9785 2.7215 -1.05247 -16.8923 2.7215 -0.769923 -16.8285 2.7215 -0.398645 -16.8073 2.7215 -0.0273682 -16.821 2.7215 0.34328 -16.8804 2.7215 0.714557 -16.9716 2.7215 1.02857 -17.0398 2.7215 1.21484 -17.1572 2.7215 1.45711 -17.3216 2.7215 1.74029 -17.4553 2.7215 1.92656 -17.6409 2.7215 2.14681 -17.8184 2.7215 2.33307 -18.0034 2.7215 2.48851 -18.2602 2.7215 2.67477 -18.4452 2.7215 2.79434 -18.6895 2.7215 2.91327 -19.072 2.7215 3.06115 -19.092 2.7215 3.06871 -19.1313 2.7215 3.0794 -19.4163 2.7215 3.15492 -19.4263 2.7215 3.15681 -19.8031 2.7215 3.20778 -19.8031 9.77408 3.18764 -20.1743 9.77408 3.18827 -20.4905 9.77408 3.15051 -20.6761 9.77408 3.11842 -19.5 9.77408 3.14988 -19.5394 9.9859 3.14296 -19.8031 10.0115 3.15806 -20.1743 10.0123 3.15806 -20.4468 9.9867 3.14359 -20.9167 9.77408 3.05612 -20.9167 9.40319 3.05675 -19.3144 9.77408 3.11527 -19.0607 9.77408 3.0492 -18.6895 10.0666 2.83398 -19.0632 10.1722 2.8837 -19.1888 10.3424 2.7742 -19.8031 10.1977 2.98753 -20.1743 10.1985 2.98753 -20.7967 10.3432 2.77546 -20.9192 10.1737 2.88747 -21.2879 10.073 2.83839 -21.2879 9.77408 2.91957 -21.5185 10.0011 2.78301 -19.0607 9.40319 3.04983 -18.6895 9.77408 2.91013 -18.4658 9.9963 2.77987 -18.3377 10.145 2.55836 -18.6895 10.2521 2.6452 -18.9414 10.3128 2.70246 -18.4564 10.3464 2.41488 -19.1026 10.8876 1.72267 -19.4319 10.8876 1.85796 -19.8031 10.8876 1.93663 -19.4319 10.352 2.79056 -19.8031 10.3552 2.80189 -20.1743 10.3552 2.80189 -20.5455 10.352 2.79182 -21.0442 10.3168 2.70813 -20.1743 10.8876 1.93914 -20.5455 10.8876 1.86489 -20.8861 10.8876 1.72707 -21.2879 10.2585 2.65086 -21.541 9.77408 2.79623 -21.9828 9.77408 2.49543 -21.7266 9.77408 2.68107 -21.646 10.1498 2.5615 -21.9366 10.0507 2.45893 -18.4464 9.77408 2.79119 -18.2608 9.77408 2.67352 -18.0059 9.77408 2.48788 -18.0484 10.0459 2.4539 -18.209 10.2937 2.31042 -18.6976 10.8876 1.43194 -18.917 10.8876 1.61695 -18.512 10.8876 1.26203 -18.3871 10.8876 1.07639 -18.2015 10.8876 0.730918 -18.1252 10.8876 0.545909 -18.0834 10.8876 0.343909 -18.0496 10.8876 -0.0267389 -18.1002 10.8876 -0.427592 -18.1027 10.8876 -0.440807 -18.134 10.8876 -0.57862 -18.3177 10.8876 -0.769293 -18.5702 10.8876 -0.955561 -18.6895 10.8876 -0.959337 -19.0607 10.8876 -0.962483 -20.9442 10.8876 -0.962483 -21.2879 10.8876 -0.959966 -21.5897 10.8876 -0.855505 -21.6247 10.8876 -0.842919 -21.8547 10.8876 -0.60505 -21.9066 10.8876 -0.398016 -21.9503 10.8876 -0.0267389 -21.9166 10.8876 0.343909 -21.8628 10.8876 0.572968 -21.7866 10.8876 0.758607 -21.6054 10.8876 1.08646 -21.4779 10.8876 1.27714 -21.2879 10.8876 1.4439 -21.0717 10.8876 1.62513 -21.5254 10.3472 2.41677 -22.1684 9.77408 2.34251 -21.7728 10.2984 2.3142 -22.0447 10.1785 2.21162 -22.3034 10.0594 2.10905 -17.8203 9.77408 2.33119 -17.6815 10.053 2.1015 -17.9396 10.173 2.20596 -17.8309 10.3008 1.94481 -22.3478 9.77408 2.15687 -22.1528 10.3064 1.9511 -22.639 10.0299 1.71889 -22.5334 9.77408 1.94292 -22.4034 10.1682 1.83531 -17.6415 9.77408 2.14555 -17.4559 9.77408 1.92656 -17.3466 10.0219 1.7082 -17.5791 10.161 1.8265 -17.4772 10.2689 1.53011 -17.3847 10.3352 1.2828 -17.7247 10.3472 1.6975 -22.599 10.3392 1.29413 -22.5034 10.2777 1.54144 -22.6933 10.1506 1.43383 -22.9933 10.0163 0.998993 -22.8352 9.77408 1.45774 -22.6646 9.77408 1.75728 -17.3241 9.77408 1.74092 -16.9916 10.0059 0.978856 -17.2972 10.1458 1.42691 -17.1654 9.77408 1.45774 -16.9541 10.061 0.715186 -17.1422 10.2473 0.715186 -17.1185 10.2889 0.343909 -22.8752 10.3016 0.343909 -22.8433 10.2617 0.715186 -23.0345 10.0762 0.715186 -23.1108 9.77408 0.715186 -23.0108 9.77408 1.04808 -22.9433 9.77408 1.23372 -17.1647 9.40319 1.45774 -17.0454 9.77408 1.20288 -16.9779 9.77408 1.01724 -16.8892 9.77408 0.715186 -17.0448 9.40319 1.20288 -16.8254 9.77408 0.343909 -16.9223 10.1034 0.343909 -17.1097 10.2976 -0.0267389 -22.8871 10.3096 -0.0267389 -23.0664 10.1162 0.343909 -23.1745 9.77408 0.343909 -22.9439 9.40319 1.23372 -16.8117 9.77408 -0.0267389 -16.9154 10.1122 -0.0267389 -16.926 10.0978 -0.398016 -17.1229 10.2833 -0.398016 -22.8689 10.2968 -0.398016 -23.0627 10.1106 -0.398016 -23.0733 10.1242 -0.0267389 -23.1883 9.77408 -0.0267389 -16.8329 9.77408 -0.398016 -16.9604 10.0515 -0.769293 -17.1466 10.2369 -0.769293 -17.3597 10.3472 -1.06946 -22.5921 10.3344 -1.33439 -22.8377 10.2521 -0.769293 -23.0283 10.0666 -0.769293 -23.167 9.77408 -0.398016 -16.9017 9.77408 -0.769293 -17.3991 10.3296 -1.31677 -16.996 9.99869 -1.01471 -22.2509 10.3472 -1.74468 -22.1397 10.2913 -1.99199 -22.4984 10.2633 -1.58233 -22.6271 10.0155 -1.75538 -22.6771 10.1418 -1.47975 -22.9889 10.0099 -1.03422 -23.0983 9.77408 -0.769293 -16.9848 9.77408 -1.04492 -17.2928 10.0866 -1.51185 -17.3578 10.0067 -1.74468 -17.4659 10.2721 -1.51185 -17.7297 10.3464 -1.74028 -17.0579 9.77408 -1.23056 -17.1947 9.77408 -1.51185 -20.7467 10.3344 -2.81572 -21.5085 10.344 -2.46207 -21.8922 10.3472 -2.10967 -21.756 10.2801 -2.35698 -22.0278 10.1618 -2.25126 -22.289 10.0443 -2.14554 -22.3934 10.1538 -1.87369 -22.5109 9.77408 -1.96997 -22.6477 9.77408 -1.78433 -22.8052 9.77408 -1.51185 -22.9308 9.77408 -1.25888 -23.0039 9.77408 -1.07324 -17.0573 9.40319 -1.23056 -17.6965 10.0371 -2.13798 -17.5891 10.1458 -1.86613 -17.3416 9.77408 -1.76797 -17.4778 9.77408 -1.9536 -17.8421 10.2849 -1.98759 -18.0896 10.3472 -2.10715 -17.1941 9.40319 -1.51185 -18.4739 10.3424 -2.45892 -20.5455 10.344 -2.83083 -20.1887 10.1162 -3.06051 -20.5455 10.1458 -2.99507 -20.8886 10.1626 -2.91137 -21.2879 10.0379 -2.86544 -21.2879 10.2241 -2.68106 -21.4879 9.97392 -2.8195 -21.6216 10.1266 -2.6024 -21.9159 10.0323 -2.49542 -22.1372 9.77408 -2.36956 -22.3253 9.77408 -2.18392 -22.8058 9.40319 -1.51185 -22.9314 9.40319 -1.25888 -17.664 9.77408 -2.1726 -17.8515 9.77408 -2.35823 -18.069 10.0267 -2.48975 -17.9553 10.1554 -2.24622 -18.2265 10.2745 -2.35446 -19.8031 10.3536 -2.84656 -19.2369 10.3336 -2.81384 -19.4319 10.3432 -2.82957 -18.3614 10.121 -2.59799 -18.4958 9.96752 -2.81572 -18.6895 10.0307 -2.8604 -20.1743 10.3536 -2.84656 -20.0743 9.97312 -3.18952 -20.9167 9.77408 -3.05548 -21.2879 9.77408 -2.91955 -21.4948 9.77408 -2.82327 -21.6803 9.77408 -2.70812 -21.9516 9.77408 -2.52248 -22.3253 3.0924 -2.18392 -18.0371 9.77408 -2.51493 -19.7919 10.1162 -3.05988 -19.9081 9.97312 -3.18952 -19.0926 10.1602 -2.9076 -19.4319 10.1458 -2.99129 -18.3065 9.77408 -2.70056 -18.4921 9.77408 -2.81824 -18.6895 9.77408 -2.91012 -19.0607 9.77408 -3.04856 -19.8681 9.77408 -3.19329 -20.1174 9.77408 -3.19329 -20.303 9.77408 -3.17756 -20.5455 9.77408 -3.14043 -20.9167 9.40319 -3.05611 -19.4319 9.77408 -3.13603 -19.6825 9.77408 -3.1763 -19.0607 9.40319 -3.04919 -19.4319 9.40319 -3.13729 -20.9165 10.8876 -0.962605 -21.2881 10.8876 -0.960049 -21.2881 12.3734 -0.954084 -20.9165 12.7447 -0.954084 -19.0606 12.7447 -0.954084 -19.0606 10.8876 -0.962605 -18.6894 10.8876 -0.959196 -18.5703 10.8876 -0.955788 -18.3179 10.8876 -0.769435 -18.2984 10.8876 -0.749266 -18.1338 10.8876 -0.578537 -18.1029 10.8876 -0.441329 -18.0998 10.8876 -0.427409 -18.0494 10.8876 -0.0268642 -18.083 10.8876 0.344421 -18.1254 10.8876 0.54583 -18.2018 10.8876 0.731331 -18.387 10.8876 1.07677 -18.5122 10.8876 1.26227 -18.6975 10.8876 1.43186 -18.917 10.8876 1.61736 -19.1026 10.8876 1.72275 -19.4318 10.8876 1.85797 -19.8034 10.8876 1.93694 -20.1742 10.8876 1.93922 -20.5453 10.8876 1.86536 -20.8864 10.8876 1.72758 -21.0719 10.8876 1.62503 -21.2881 10.8876 1.44436 -21.4779 10.8876 1.27704 -21.6054 10.8876 1.08671 -21.7868 10.8876 0.758602 -21.8632 10.8876 0.573101 -21.9167 10.8876 0.344421 -21.9503 10.8876 -0.0268642 -21.9067 10.8876 -0.398149 -21.8552 10.8876 -0.60524 -21.6249 10.8876 -0.842726 -21.5898 10.8876 -0.855509 -21.2881 12.7447 -0.951811 -20.9165 13.1048 -0.768867 -19.0606 13.1048 -0.768867 -18.6894 12.3734 -0.954084 -21.6593 12.3734 -0.789888 -21.6845 12.7295 -0.738471 -21.5775 13.0264 -0.704098 -21.2881 13.0896 -0.766594 -20.9165 13.2792 -0.398149 -19.0606 13.2792 -0.398149 -18.6894 12.7447 -0.949822 -21.8536 12.3734 -0.604672 -21.8506 12.5956 -0.597854 -21.825 12.8433 -0.498712 -21.8517 12.9388 -0.250999 -21.6845 13.0605 -0.38423 -21.2881 13.2612 -0.398149 -21.2881 13.2745 -0.0268642 -20.9165 13.2792 0.344421 -20.1742 13.2792 1.08671 -19.8034 13.2792 1.08671 -19.4318 13.2792 0.715422 -19.0606 13.2792 0.344421 -18.6894 13.0851 -0.764606 -18.408 13.0205 -0.701541 -18.3404 12.7447 -0.764606 -18.3205 12.3734 -0.768867 -21.9021 12.3734 -0.398149 -21.872 12.7295 -0.38423 -21.9063 12.7447 -0.0268642 -21.8567 12.9444 -0.0268642 -21.6593 13.1142 -0.0268642 -21.2881 13.2651 0.344421 -20.9165 13.2787 0.715422 -18.6894 13.271 -0.0268642 -18.6894 13.2548 -0.398149 -18.2976 13.0512 -0.363777 -18.1315 12.9315 -0.217194 -18.1548 12.7447 -0.488769 -18.135 12.3734 -0.572571 -21.9445 12.3734 -0.0268642 -21.8773 12.7499 0.341012 -21.8533 12.9407 0.214883 -21.6887 13.0648 0.341012 -21.2881 13.2176 0.715422 -20.9165 13.2392 1.08671 -20.5453 13.2778 1.08671 -20.1742 13.2129 1.45799 -19.0606 13.2785 0.715422 -18.6894 13.2595 0.344421 -18.3183 13.0994 -0.0268642 -18.1304 12.9332 -0.0268642 -18.0918 12.7447 -0.0268642 -18.1132 12.7447 -0.303269 -18.0952 12.3734 -0.386787 -21.9136 12.3734 0.344421 -21.8567 12.6293 0.561454 -21.8319 12.877 0.462312 -21.5978 13.0437 0.715422 -21.306 13.0697 1.1012 -21.1945 12.9959 1.35345 -20.9127 13.0552 1.46964 -20.5453 13.1738 1.45799 -20.1742 13.0385 1.74889 -19.8034 13.2118 1.45799 -19.4318 13.2771 1.08671 -19.0606 13.2347 1.08671 -18.6894 13.2087 0.715422 -18.2938 13.0559 0.316014 -18.1304 12.9332 0.173692 -18.1128 12.7244 0.316014 -18.0555 12.3734 -0.0268642 -21.8624 12.3734 0.577078 -21.788 12.3734 0.762579 -21.7731 12.7499 0.697242 -21.5283 12.9814 0.986998 -21.038 12.7447 1.60344 -20.7863 12.9582 1.66991 -21.442 12.8201 1.23443 -20.5453 13.0008 1.7111 -20.1742 12.7447 1.89547 -19.8034 13.0376 1.74775 -19.4318 13.1701 1.45799 -19.069 13.05 1.46595 -18.7914 12.991 1.34749 -18.6765 13.0626 1.09438 -18.3916 13.035 0.715422 -18.1537 12.8346 0.421121 -18.0865 12.3734 0.344421 -18.1281 12.5872 0.541285 -21.6058 12.0026 1.08671 -21.6058 12.3734 1.08671 -21.5596 12.7157 1.1012 -21.0754 12.3734 1.62702 -20.852 12.7447 1.70485 -21.306 12.7157 1.39038 -21.476 12.5727 1.27505 -20.5453 12.7447 1.82189 -20.5453 12.3734 1.86479 -20.1742 12.3734 1.93666 -19.8034 12.3734 1.9341 -19.8034 12.7447 1.89291 -19.4318 12.9976 1.70769 -19.1981 12.9554 1.66679 -18.951 12.7447 1.59492 -18.7238 12.7447 1.40942 -18.5378 12.7447 1.23073 -18.4569 12.9751 0.975919 -18.2186 12.7244 0.685311 -18.1262 12.3734 0.546966 -18.201 12.3734 0.732751 -21.4771 12.3734 1.27647 -21.2881 12.3734 1.44578 -21.0746 12.0026 1.62673 -20.8898 12.3734 1.72673 -20.1742 10.8887 1.93922 -19.4318 12.3734 1.8574 -19.4318 12.7447 1.81479 -19.1366 12.7447 1.70031 -18.914 12.3734 1.61906 -18.6978 12.3734 1.43328 -18.5119 12.3734 1.26227 -18.4099 12.7447 1.04495 -18.3866 12.0026 1.07648 -18.3866 12.3734 1.07648 -21.0739 11.6313 1.62617 -19.0996 12.3734 1.7219 -18.5119 11.26 1.26227 -22.1887 -10.2731 -0.0269524 -22.1519 -10.2731 -0.398003 -22.1502 -10.6444 -0.0269524 -22.1613 -10.2731 0.344098 -22.1613 -3.59141 0.344098 -22.1887 -3.22712 -0.0269524 -22.1519 -3.59141 -0.398003 -22.0478 -10.2731 -0.769481 -22.1112 -10.6444 -0.398003 -22.0478 -3.59141 -0.769481 -22.1215 -10.6444 0.344098 -21.9578 -10.9449 -0.398003 -21.9783 -10.9644 -0.0269524 -21.9629 -10.9496 0.344098 -22.0675 -10.2731 0.715148 -22.0675 -3.59141 0.715148 -22.1596 -3.22712 0.344098 -22.0658 -3.22712 0.715148 -21.9269 -3.22712 1.03607 -21.9239 -3.22712 1.0425 -21.8185 -3.22712 1.22459 -21.8159 -3.22712 1.22802 -21.6304 -3.22712 1.45211 -21.4672 -3.22712 1.63763 -21.285 -3.22712 1.76874 -21.2812 -3.22712 1.77131 -20.9945 -3.22712 1.95341 -20.989 -3.22712 1.95684 -20.8069 -3.22712 2.0451 -20.803 -3.22712 2.04682 -20.5455 -3.22712 2.12608 -20.1817 -3.22712 2.18735 -20.174 -3.22712 2.18864 -19.8033 -3.22712 2.18607 -19.4395 -3.22712 2.12094 -19.4318 -3.22712 2.11923 -19.185 -3.22712 2.04253 -18.9995 -3.22712 1.9517 -18.709 -3.22712 1.76617 -18.5268 -3.22712 1.62863 -18.523 -3.22712 1.62564 -18.3619 -3.22712 1.44397 -18.1729 -3.22712 1.20917 -18.0666 -3.22712 1.0275 -18.0645 -3.22712 1.02364 -17.9368 -3.22712 0.721575 -17.9342 -3.22712 0.715148 -17.8404 -3.22712 0.344098 -17.8121 -3.22712 -0.0192401 -17.8117 -3.22712 -0.0269524 -17.8494 -3.22712 -0.390719 -17.8503 -3.22712 -0.398003 -17.9544 -3.22712 -0.769481 -18.0748 -3.22712 -1.04498 -18.0774 -3.22712 -1.05055 -18.1918 -3.22712 -1.23651 -18.3773 -3.22712 -1.46788 -18.5556 -3.22712 -1.65383 -18.7411 -3.22712 -1.79223 -19.0517 -3.22712 -1.97432 -19.0582 -3.22712 -1.97775 -19.2399 -3.22712 -2.06816 -19.2437 -3.22712 -2.06987 -19.4284 -3.22712 -2.11914 -19.4318 -3.22712 -2.12 -19.7956 -3.22712 -2.18513 -19.8033 -3.22712 -2.18641 -20.174 -3.22712 -2.18856 -20.5455 -3.22712 -2.12557 -20.7379 -3.22712 -2.07458 -20.7417 -3.22712 -2.0733 -20.9273 -3.22712 -1.98461 -21.2426 -3.22712 -1.80251 -21.2491 -3.22712 -1.79865 -21.4346 -3.22712 -1.66412 -21.6098 -3.22712 -1.47816 -21.7954 -3.22712 -1.25493 -21.9115 -3.22712 -1.06898 -22.043 -3.22712 -0.77548 -22.0456 -3.22712 -0.769481 -22.1476 -3.22712 -0.405715 -22.1497 -3.22712 -0.398003 -21.9115 -10.2731 -1.06898 -21.8896 -10.6444 -1.03384 -22.0049 -10.6444 -0.769481 -21.8605 -10.8468 -0.983714 -21.9034 -10.8912 -0.769481 -22.0246 -10.6444 0.715148 -21.9132 -10.9005 0.715148 -21.6591 -11.0609 -0.769481 -21.6591 -11.1193 -0.398003 -21.6591 -11.1387 -0.0269524 -21.6591 -11.1239 0.344098 -21.6591 -11.0726 0.715148 -21.9021 -10.6444 1.00565 -21.9239 -10.2731 1.0425 -21.7967 -10.2731 -1.25493 -21.7967 -3.59141 -1.25493 -21.7718 -10.6444 -1.21937 -21.5319 -10.8787 -1.39204 -21.657 -10.9356 -1.12082 -21.8682 -10.8546 0.94609 -21.666 -10.9503 1.07677 -21.288 -11.1224 -1.14053 -21.288 -11.1745 -0.769481 -21.288 -11.1792 -0.398003 -21.288 -11.1792 0.344098 -21.288 -11.1769 0.715148 -21.288 -11.1356 1.08663 -21.7932 -10.6444 1.19117 -21.8172 -10.2731 1.22802 -21.8172 -3.59141 1.22802 -21.6111 -10.2731 -1.47945 -21.5858 -10.6444 -1.45245 -21.6111 -3.59141 -1.47945 -21.1574 -10.8647 -1.73353 -21.2838 -10.9488 -1.51415 -21.4025 -10.6444 -1.63798 -21.5469 -10.892 1.35742 -20.5455 -11.1582 -1.51201 -20.9165 -11.1776 -1.14053 -20.9165 -11.0975 -1.51201 -20.5455 -11.1792 -1.14053 -19.4318 -11.1792 -1.14053 -19.0607 -11.1792 -0.769481 -18.6897 -11.1792 -0.398003 -18.6897 -11.1792 0.344098 -19.4318 -11.1792 1.08663 -20.5455 -11.1792 1.08663 -20.9165 -11.1784 1.08663 -20.5455 -11.1683 1.45768 -20.9165 -11.1185 1.45768 -21.2983 -10.9659 1.47182 -21.6077 -10.6444 1.4264 -21.6317 -10.2731 1.45254 -21.6317 -3.59141 1.45254 -21.4346 -10.2731 -1.66497 -21.4346 -3.59141 -1.66497 -20.6492 -10.7262 -2.04545 -20.9165 -10.9247 -1.79994 -21.2169 -10.6444 -1.77509 -20.884 -10.6195 -1.96833 -21.1814 -10.8795 1.69762 -21.4367 -10.6444 1.61192 -20.174 -11.1761 -1.51201 -20.5335 -10.9597 -1.9062 -20.174 -11.0259 -1.88306 -19.8033 -11.1784 1.45768 -20.174 -11.1784 1.45768 -20.174 -11.0547 1.82916 -20.5746 -10.9784 1.86386 -20.9165 -10.9449 1.77431 -21.4672 -10.2731 1.63806 -21.4672 -3.59141 1.63806 -21.2491 -10.2731 -1.79865 -20.4019 -10.8414 -2.07801 -20.7383 -10.4786 -2.07201 -20.5335 -10.6195 -2.09686 -20.7177 -10.8172 2.01082 -21.2512 -10.6444 1.7486 -19.8033 -11.1753 -1.51201 -20.174 -10.8546 -2.08915 -19.8033 -11.0243 -1.88306 -19.0607 -11.1769 -1.14053 -19.0607 -11.1784 1.08663 -19.8033 -11.0531 1.82916 -20.174 -10.8811 2.05967 -20.4705 -10.8593 2.03996 -21.2816 -10.2731 1.7726 -21.2816 -3.59141 1.7726 -20.9273 -10.2731 -1.98461 -20.174 -10.6444 -2.14914 -20.7417 -10.2731 -2.0733 -20.5455 -10.2731 -2.12557 -20.174 -10.2731 -2.18856 -20.5746 -10.674 2.07381 -20.779 -10.5697 2.03568 -20.9084 -10.674 1.94827 -20.989 -10.2731 1.95812 -19.4318 -11.1551 -1.51201 -19.8033 -10.853 -2.08829 -19.5826 -10.8398 -2.07673 -19.4481 -10.9566 -1.90448 -18.6897 -11.1154 -1.14053 -18.6897 -11.173 -0.769481 -18.3182 -11.1286 -0.0269524 -18.6897 -11.1761 0.715148 -18.6897 -11.1302 1.08663 -19.4318 -11.1667 1.45768 -19.4091 -10.976 1.86215 -19.8033 -10.8795 2.05838 -19.0607 -11.113 1.45768 -20.174 -10.6444 2.14622 -20.989 -3.59141 1.95812 -19.8033 -10.2731 -2.18641 -19.8033 -10.6444 -2.147 -20.5455 -10.2731 2.12522 -20.803 -10.2731 2.04596 -19.0607 -11.0912 -1.51201 -19.3354 -10.7114 -2.04288 -18.8281 -10.8601 -1.72881 -19.0607 -10.9192 -1.79437 -19.4481 -10.6102 -2.09386 -18.6987 -10.9418 -1.50944 -18.4531 -10.8733 -1.38433 -18.325 -10.927 -1.11354 -18.3182 -11.0484 -0.769481 -18.3182 -11.1091 -0.398003 -18.3182 -11.113 0.344098 -18.0114 -10.9542 -0.0269524 -18.3182 -11.0609 0.715148 -18.316 -10.9418 1.06863 -18.4381 -10.8865 1.34928 -18.6845 -10.9597 1.4671 -19.0607 -10.9395 1.76831 -19.2703 -10.8048 2.00783 -19.5175 -10.8569 2.03825 -19.8033 -10.6444 2.14408 -19.8033 -10.2731 2.18607 -20.174 -10.2731 2.18821 -19.4318 -10.2731 -2.12 -19.2446 -10.4639 -2.06944 -19.0967 -10.6102 -1.96147 -18.7728 -10.6444 -1.76866 -18.5873 -10.6444 -1.62641 -18.1236 -10.8398 -0.971717 -18.4026 -10.6444 -1.44046 -18.217 -10.6444 -1.20095 -18.0846 -10.8803 -0.769481 -18.0315 -10.9348 -0.398003 -18.0264 -10.9395 0.344098 -17.8507 -10.6444 -0.0269524 -18.0756 -10.8896 0.715148 -18.1164 -10.8476 0.933236 -18.8045 -10.8748 1.6929 -18.1956 -10.6444 1.17189 -18.3812 -10.6444 1.4144 -18.5534 -10.6444 1.59993 -19.0732 -10.6662 1.94099 -19.2056 -10.5573 2.03268 -19.4091 -10.6662 2.07038 -19.2437 -10.2731 -2.06987 -19.0582 -10.2731 -1.97775 -18.7411 -10.2731 -1.79223 -18.5556 -10.2731 -1.65383 -18.0979 -10.6444 -1.01542 -17.9947 -10.6444 -0.769481 -17.8897 -10.6444 -0.398003 -18.3773 -10.2731 -1.46788 -18.1918 -10.2731 -1.23651 -17.8794 -10.6444 0.344098 -17.8481 -10.2731 -0.398003 -17.8117 -10.2731 -0.0269524 -17.8387 -10.2731 0.344098 -17.9754 -10.6444 0.715148 -18.0864 -10.6444 0.986366 -18.7389 -10.6444 1.74218 -18.1712 -10.2731 1.20917 -18.3572 -10.2731 1.44097 -18.523 -10.2731 1.62649 -18.9995 -10.2731 1.9517 -19.185 -10.2731 2.04167 -19.4318 -10.2731 2.1188 -18.0774 -10.2731 -1.05055 -17.9522 -10.2731 -0.769481 -17.9325 -10.2731 0.715148 -17.9522 -3.59141 -0.769481 -17.8481 -3.59141 -0.398003 -17.8387 -3.59141 0.344098 -17.9325 -3.59141 0.715148 -18.0645 -10.2731 1.02364 -18.709 -10.2731 1.76617 -18.1712 -3.59141 1.20917 -18.3572 -3.59141 1.44097 -18.523 -3.59141 1.62649 0.267195 -2.86068 4.11915 -0.125604 -2.85624 4.11915 -0.456821 -2.81627 4.11915 -0.491773 -2.8085 4.11915 -0.957251 -2.63697 4.11915 -1.48931 -2.43546 4.11915 -1.53424 -2.4127 4.11915 -1.57807 -2.37884 4.11915 -1.94868 -2.07296 4.11915 -1.98585 -2.03244 4.11915 -2.26991 -1.72101 4.11915 -2.30486 -1.68104 4.11915 -2.33205 -1.63441 4.11915 -2.67159 -0.986027 4.11915 -2.68934 -0.948278 4.11915 -2.70376 -0.899427 4.11915 -2.76868 -0.620199 4.11915 -2.77312 -0.592443 4.11915 -2.8064 -0.257703 4.11915 -2.80696 -0.249931 4.11915 -2.81195 0.121448 4.11915 -2.78532 0.492826 4.11915 -2.71209 0.875308 4.11915 -2.34259 1.60308 4.11915 -2.0025 1.99888 4.11915 -1.60803 2.33917 4.11915 -0.882353 2.70944 4.11915 -0.496767 2.78272 4.11915 -0.125604 2.81047 4.11915 0.245002 2.80603 4.11915 0.590643 2.77217 4.11915 0.616165 2.76773 4.11915 0.900222 2.70222 4.11915 0.9496 2.68779 4.11915 0.986772 2.67058 4.11915 1.63423 2.3314 4.11915 1.68083 2.3042 4.11915 1.72022 2.26978 4.11915 2.03257 1.98445 4.11915 2.07196 1.94836 4.11915 2.37821 1.57699 4.11915 2.4115 1.53424 4.11915 2.4348 1.48872 4.11915 2.6373 0.958021 4.11915 2.67226 0.864205 4.11915 2.80763 0.496712 4.11915 2.8154 0.46285 4.11915 2.8559 0.121448 4.11915 2.84979 -0.249376 4.11915 2.84536 -0.282128 4.11915 2.80264 -0.55525 4.11915 2.47586 -1.38683 4.11915 2.18792 -1.76265 4.11915 2.11413 -1.85091 4.11915 1.84616 -2.11793 4.11915 1.7585 -2.1912 4.11915 1.38123 -2.47876 4.11915 0.580657 -2.78297 4.11915 0.317127 -2.85347 4.11915 0.245002 -2.17566 14.8227 -0.125604 -2.18454 14.8227 0.616165 -2.10127 14.8227 0.373717 -1.91253 17.7932 0.145139 -1.93029 18.0484 -0.125604 -1.92974 18.0441 -0.321449 -1.92252 17.9973 -0.496767 -2.13236 14.8227 0.987881 -2.49985 6.28567 0.932401 -1.98359 14.8227 0.616165 -1.84258 17.7932 0.616165 -1.80262 18.1647 0.259427 -1.89255 18.1689 -0.125604 -1.89532 18.2299 -0.465697 -1.85424 18.1377 -0.511746 -1.87423 17.7932 -0.867928 -2.01134 14.8227 -0.867928 -2.54371 6.28567 1.47777 -2.24949 6.28567 1.11826 -1.88866 14.8227 1.17873 -1.55281 18.0044 0.987881 -1.6705 17.7932 1.00342 -1.62609 18.142 0.890237 -1.59666 18.3958 0.616165 -1.65551 18.4411 0.245002 -1.70325 18.4695 -0.125604 -1.70991 18.4723 -0.496767 -1.67494 18.4539 -0.800243 -1.66772 18.1647 -0.75031 -1.61387 18.4085 -1.06044 -1.92363 15.0141 1.54879 -1.55281 15.0141 1.35904 -1.7088 14.8227 1.54879 -1.18254 18.0044 1.34906 -1.35296 18.1278 1.13768 -1.52339 18.2511 1.27139 -1.2758 18.4156 1.00342 -1.38461 18.4681 0.616165 -1.36296 18.5688 0.245002 -1.36296 18.5957 -0.125604 -1.36296 18.5985 -0.496767 -1.36296 18.5815 -0.935059 -1.36296 18.1647 -1.81553 -1.2053 15.0354 -1.46878 -1.58889 15.0581 -1.49097 -1.60888 14.8227 -0.799687 -1.36296 18.4582 -1.24908 -1.79429 14.8227 1.90275 -1.90698 6.28567 1.70579 -1.36296 14.8227 1.88499 -1.1237 14.8227 2.24617 -1.48342 6.28567 1.66696 -0.991578 17.7932 1.62257 -1.00768 18.142 1.51883 -1.14146 18.2511 1.98042 -0.937731 14.8227 1.38068 -1.00768 18.4681 1.59317 -0.894431 18.3958 0.987881 -0.991578 18.59 0.616165 -0.991578 18.6042 -0.496767 -0.991578 18.6042 -0.815777 -0.991578 18.4766 -0.951148 -0.991578 18.1647 -2.17781 -0.15667 15.0269 -2.1007 -0.620199 14.8227 -1.94979 -0.991578 14.8227 -1.82551 -1.21918 14.8227 -1.67683 -1.40515 14.8227 1.84006 -0.620199 17.7932 1.80011 -0.620199 18.1647 2.0997 -0.620199 14.8227 2.4986 -0.991578 6.28567 1.65253 -0.620199 18.4411 1.35904 -0.620199 18.5688 1.35904 -0.249376 18.5957 0.987881 -0.620199 18.6042 0.987881 0.492826 18.6042 0.245002 1.23558 18.6042 -0.125604 1.23558 18.6042 -0.496767 0.864205 18.6042 -0.815777 0.864205 18.4766 -0.951148 0.864205 18.1647 -2.17781 0.121448 15.0269 -2.16172 -0.389267 14.8227 -2.68823 0.121448 6.28567 -2.68268 -0.249376 6.28567 1.90941 -0.388157 17.7932 1.88999 -0.267695 18.1732 2.1746 -0.249376 14.8227 1.70136 -0.249376 18.4695 1.35904 0.121448 18.5985 1.70801 0.121448 18.4723 -0.496767 1.23558 18.5999 -0.812448 1.23558 18.4738 -0.948375 1.23558 18.1647 -2.17116 0.321848 15.0141 -2.80696 -0.249376 4.12057 1.92771 -0.156115 18.0555 1.89387 0.121448 18.2455 2.18459 0.121448 14.8227 1.35904 0.492826 18.5829 0.987881 0.864205 18.5999 1.67417 0.492826 18.4553 -0.125604 1.60641 18.5163 -0.510636 1.63694 18.4624 -0.767509 1.53369 18.4298 -0.800797 1.63694 18.1732 -2.00971 0.864205 14.8227 -2.12733 0.515031 14.8227 1.92827 0.121448 18.0597 1.91995 0.325179 18.0101 1.85393 0.46618 18.1462 2.13299 0.492826 14.8227 1.35904 0.864205 18.5248 0.987881 1.23558 18.539 0.616165 1.23558 18.5943 1.60038 0.864205 18.4 0.245002 1.60641 18.5106 -0.125604 1.82679 18.3901 -0.396347 1.8118 18.3717 -0.643789 1.78127 18.3036 -0.704261 1.80459 18.0555 -1.73508 1.34217 14.8227 -1.8416 1.12067 15.0708 -1.86435 1.15676 14.8227 -2.38753 1.23558 6.28567 1.87334 0.519472 17.7932 2.0126 0.864205 14.8227 1.69692 0.864205 18.1647 1.551 1.05905 18.3561 1.33297 1.20394 18.4114 1.19149 1.43654 18.3646 0.987881 1.5026 18.4142 0.605068 1.62528 18.4525 0.473581 1.80459 18.3646 0.245002 1.8218 18.383 -0.125604 1.90062 18.1647 -0.510636 1.83845 18.1732 -0.496767 1.87842 17.7932 -0.331436 2.16819 15.017 -0.527281 2.12489 14.8227 -0.867928 2.00776 14.8227 -1.16142 1.86121 14.8227 -1.34728 1.73131 14.8227 -1.54922 1.5459 14.8227 1.73797 0.864205 17.7932 1.92161 1.05961 15.0184 2.54521 0.864205 6.28567 1.57431 1.0907 18.1647 1.4123 1.27666 18.1647 1.227 1.46652 18.1647 0.987881 1.62639 18.1647 0.733227 1.76628 18.1647 0.54737 1.82957 18.1647 0.245002 1.88952 18.1647 -0.125604 1.93948 17.7932 0.245002 1.92838 17.7932 -0.125604 2.17597 15.0297 -0.125604 2.18818 14.8227 -0.125604 2.68835 6.28567 -1.23965 2.38525 6.28567 1.79401 1.25002 14.8227 1.6087 1.49094 14.8227 1.59483 1.11845 17.7932 1.43838 1.30386 17.7932 1.25308 1.48928 17.7932 0.987881 1.66858 17.7932 0.785378 1.78627 17.7932 0.59952 1.84844 17.7932 0.407559 2.16042 14.8227 0.167331 2.17541 15.0297 0.245002 2.68335 6.28567 1.40565 1.67691 14.8227 1.21979 1.82457 14.8227 1.20425 1.81402 15.0397 0.987881 1.95169 14.8227 0.616165 2.10213 14.8227 0.221701 2.18152 14.8227 -6.81116 -2.45691 3.67299 -6.81116 -2.46683 3.67299 -3.45169 0.122357 3.61972 -3.45136 4.59202 3.5533 -6.81116 1.60614 3.5704 -6.81116 1.85407 3.53817 -6.81116 1.85636 3.53752 -6.81116 1.99978 3.31589 -6.81116 2.00131 3.31326 -6.81116 2.08217 2.94432 -6.81116 2.08217 -2.25372 -6.81116 2.06768 -2.62529 -6.81116 1.92273 -2.90676 -6.81116 1.60614 -3.00343 -6.81116 -2.10523 -3.00343 -6.81116 -2.42029 -2.90676 -6.81116 -2.56447 -2.62529 -6.81116 -2.5782 -2.25635 -6.81116 -2.5988 2.76215 -6.81116 -2.5988 3.6355 -3.45169 -2.5988 3.5533 -3.45169 -0.229326 3.61775 -3.45136 2.12108 3.55396 -3.45136 2.12108 -2.99949 -3.45136 2.72069 -3.00343 -3.45136 3.09221 -3.00409 -3.45136 4.20524 -3.00409 -3.45136 4.57676 -3.00343 -3.45136 4.95743 -2.91531 -3.45136 4.98337 -2.9061 -3.45136 5.17637 -2.62529 -3.45136 5.19011 -2.38525 -3.45136 5.19468 -2.25372 -3.45136 5.19468 2.57078 -3.45136 5.19239 2.943 -3.45136 5.10848 3.31392 -3.45136 5.07339 3.37902 -3.45136 4.92463 3.52502 -3.45136 4.91929 3.52568 -3.83088 4.56837 3.53225 -6.35402 -2.5988 -2.25372 -6.27542 -2.5988 -2.62529 -5.98009 -2.5988 -2.85875 -5.90609 -2.5988 -2.88769 -5.58609 -2.5988 -2.95542 -5.20131 -2.5988 -3.00343 -3.45169 -2.5988 -3.00343 -3.70163 4.7957 3.51713 -3.45169 -0.249161 -3.04158 -3.45169 0.122357 -3.04421 -3.76609 4.84681 3.31392 -3.95191 4.69195 3.31392 -4.15285 4.50581 3.31392 -4.33834 4.3334 3.31392 -4.08083 4.43944 3.51713 -3.83877 4.20524 -3.00409 -3.46747 4.57676 -3.00343 -4.19626 4.54777 2.943 -4.38208 4.37765 2.943 -3.9917 4.73391 2.943 -3.86245 4.60041 -2.92649 -4.19626 4.54777 -2.25372 -4.38208 4.37765 -2.25372 -3.9917 4.73391 -2.25372 -3.46517 4.95743 -2.91268 -4.13706 4.49284 -2.87453 -3.75458 4.83995 -2.87453 -3.99137 4.73162 -2.62529 -4.38043 4.37612 -2.62529 -17.4649 -2.48888 8.62241 -17.4649 -2.46719 10.0673 -18.8432 -2.37904 8.14076 -18.8432 -2.37904 3.68617 -18.318 -2.37904 3.66108 -17.4649 -2.37904 3.66108 -17.4649 2.07922 3.66108 -17.4649 2.07876 10.0673 -18.8432 2.07876 10.0673 -18.8432 0.128846 10.0673 -17.6612 -2.38689 10.0673 -17.5754 -2.43904 10.0673 -18.8432 -2.34443 8.81181 -18.8432 -2.37258 8.51203 -18.8432 -2.10536 8.96169 -18.8432 2.22598 3.66108 -18.8432 -2.37535 3.66108 -18.8432 -2.37766 3.6755 -18.6891 -2.37766 3.66108 -18.7805 2.22183 3.66108 -18.7081 2.21629 3.66108 -3.45136 -5.17426 -2.25384 -3.45136 -5.17426 -0.769144 -3.45136 -5.17301 -0.489917 -3.45136 5.19432 -0.489917 -3.45136 5.19432 -2.25384 -3.45136 5.18931 -2.38501 -3.45136 5.17677 -2.62569 -3.45136 4.98369 -2.90627 -3.45136 4.95736 -2.91574 -3.45136 4.57622 -3.00363 -3.45136 0.121614 -3.0442 -3.45136 -0.248244 -3.04217 -3.45136 -4.34929 -3.00363 -3.45136 -4.7041 -2.98402 -3.45136 -4.7204 -2.982 -3.45136 -5.04011 -2.87382 -3.45136 -5.04763 -2.87044 -3.45136 -5.14793 -2.65544 -3.45136 -5.15545 -2.62569 -3.09054 -6.18855 -2.25384 -3.09054 -6.18855 0.415371 -3.45041 -5.17426 2.57143 -3.45041 -5.17301 2.94261 -3.08298 -6.18855 -2.62569 -2.94319 -6.38915 -2.62569 -2.94319 -6.38915 2.94261 -3.08959 -6.18855 2.94261 -3.45041 -5.09026 3.30702 -3.45041 -5.03384 3.38815 -3.45041 -4.94357 3.51661 -3.45041 -4.7041 3.54365 -3.45041 -4.33299 3.55379 -3.45041 -1.11459 3.57002 -3.45041 1.07322 3.57002 -2.93185 -6.38414 -2.82582 -2.72311 -6.40294 -2.62569 -2.72311 -6.4042 -2.25384 -2.72311 -6.4042 0.415371 -2.93091 -6.38414 3.19208 -3.00458 -6.20234 3.31513 -2.94791 -6.087 3.51729 -2.72216 -5.81744 3.55379 -3.40035 -1.6675 3.57002 -3.43435 -1.33275 3.57002 -2.99325 -2.37462 3.57002 -2.63715 -2.76203 3.57002 -2.23478 -3.1018 3.57002 -1.51408 -3.49548 3.57002 -1.18916 -3.54187 3.57002 -0.836841 -3.55942 3.57002 -0.124651 -3.58826 3.57002 -0.122761 -3.58826 3.57002 0.246558 -3.58575 3.57002 0.616821 -3.56443 3.57002 0.988974 -3.53685 3.57002 1.36018 -3.46413 3.57002 2.09976 -3.02908 3.57002 2.47192 -2.70937 3.57002 2.63155 -2.55014 3.57002 2.70428 -2.47367 3.57002 3.02637 -2.10381 3.57002 3.4618 -1.36284 3.57002 3.53359 -0.990469 3.57002 3.56382 -0.615595 3.57002 3.58271 -0.250752 3.57002 3.58743 0.121614 3.57002 3.55532 0.833749 3.57002 3.53831 1.18731 3.57002 3.49392 1.51454 3.57002 3.10193 2.23545 3.57002 2.76095 2.63791 3.57002 2.37368 2.99397 3.57002 1.66527 3.40019 3.57002 0.827456 3.67226 3.57002 0.513865 3.73118 3.57002 0.149269 3.7362 3.57002 -0.124651 3.7362 3.57002 -0.494914 3.70235 3.57002 -1.60854 3.33876 3.57002 -2.35095 2.8034 3.57002 -2.43691 2.72066 3.57002 -2.72216 2.4348 3.57002 -2.80717 2.34704 3.57002 -3.34084 1.60606 3.57002 -3.4268 1.23119 3.57002 -3.45041 4.57622 3.55379 -3.45041 4.59252 3.55312 -3.45041 4.91724 3.5254 -3.45041 4.92351 3.52472 -3.45041 5.07271 3.37936 -3.45041 5.10781 3.31378 -3.45041 5.19181 2.94261 -3.45041 5.19307 2.81753 -3.45041 5.19432 2.57143 -3.17838 6.06192 0.415371 -3.17838 6.06192 -2.25384 -2.72216 -6.4042 2.94261 -2.9923 -6.18855 -2.86976 -2.72311 -6.18855 -2.92858 -2.72311 -6.38915 -2.83258 -0.495859 -6.40294 -2.62569 -0.495859 -6.4042 -2.25384 -0.495859 -6.38915 -2.83258 -0.494914 -6.4042 -0.489241 -0.494914 -6.4042 2.94261 -2.72216 -6.31267 3.41046 -2.72216 -6.38915 3.22454 -2.72216 -6.12837 3.52607 -0.494914 -6.12837 3.52607 -0.124651 -5.81744 3.55379 -2.72216 5.69081 3.55379 -2.72216 6.06192 3.55041 -2.96397 6.06192 3.52472 -2.94319 6.26754 3.51526 -3.09904 6.06192 3.31378 -3.17744 6.06192 2.94261 -3.03009 6.32521 2.94261 -3.03103 6.32521 0.415371 -3.03103 6.32521 -2.62569 -0.494914 -6.38915 3.22454 -2.72311 -5.81744 -3.00363 -0.495859 -6.18855 -2.92858 -0.124651 -5.81744 -3.00363 -0.124651 -6.38664 -2.8292 -0.124651 -6.39918 -2.62569 -0.216272 -6.40044 -0.489917 -0.494914 -6.31267 3.41046 -0.124651 -6.1221 3.52607 0.246558 -5.81744 3.55244 1.72856 -5.44633 3.55379 0.988974 5.69081 3.55379 -0.494914 6.06192 3.55041 -0.494914 6.27757 3.52337 -2.72216 6.27757 3.52337 -2.72216 6.3553 3.31378 -2.99608 6.30139 3.31378 -2.95547 6.34527 -0.489241 -2.95547 6.34527 -0.489917 -3.17082 6.06192 -2.62569 -0.124651 -6.39918 2.94261 -0.124651 -6.38664 3.20899 -2.70044 -1.34654 -3.33627 -2.47469 -1.74147 -3.33627 -2.34056 -1.91324 -3.33627 -2.1781 -2.09127 -3.33627 -1.98825 -2.27557 -3.33627 -1.66805 -2.53134 -3.33627 -1.60193 -2.5702 -3.33627 -1.23828 -2.75952 -3.33627 -0.898237 -2.88114 -3.33627 -0.847232 -2.89869 -3.33627 -0.495859 -2.99021 -3.33627 -0.124651 -3.0366 -3.33627 -0.124651 -6.18855 -2.9252 0.246558 -5.81744 -3.00025 0.0718155 -6.38163 -2.82109 0.0774828 -6.38414 -2.62569 0.0784277 -6.38414 -2.25384 0.0283658 -6.3879 -0.489917 -0.124651 -6.30766 3.39491 1.19677 -6.00801 3.50376 0.988974 -6.01804 3.51188 0.246558 -6.07697 3.52607 0.616821 -5.81744 3.54839 2.09976 -5.44633 3.54771 2.84313 -5.07521 3.54906 2.63155 -5.07521 3.55177 2.47192 -5.07521 3.55379 3.21433 -4.7041 3.55379 1.36018 5.69081 3.54703 -0.124651 6.06192 3.54771 2.09976 5.31844 3.55379 -0.494914 6.3553 3.31378 -0.494914 6.4042 2.94261 -2.72216 6.4042 2.94261 -2.78261 6.38915 0.415371 -2.99042 6.29888 -2.86841 -2.72311 6.4042 -2.25384 -2.72311 6.40294 -2.62569 0.0774828 -6.38414 2.94261 0.0727604 -6.38163 3.17248 -2.96208 -0.62061 -3.33627 -2.8544 -1.00551 -3.33627 -2.72877 -1.2851 -3.33627 0.092596 -3.0341 -3.33627 0.246558 -3.03159 -3.33627 -3.00931 -0.248244 -3.33627 -3.01403 0.082748 -3.33627 -3.01403 0.121614 -3.33627 -2.98664 0.42377 -3.33627 -2.98002 0.492727 -3.33627 -2.93846 0.739717 -3.33627 -2.90635 0.863839 -3.33627 -2.86574 0.991723 -3.33627 -2.76467 1.22743 -3.33627 -2.60409 1.53585 -3.33627 -2.55309 1.61609 -3.33627 -2.47469 1.73896 -3.33627 -2.31601 1.93455 -3.33627 -2.1356 2.13139 -3.33627 -1.93819 2.31318 -3.33627 -1.74266 2.47116 -3.33627 -1.61987 2.5514 -3.33627 -1.54053 2.60155 -3.33627 -1.2345 2.76328 -3.33627 -0.997415 2.86484 -3.33627 -0.867067 2.90621 -3.33627 -0.746164 2.93756 -3.33627 -0.495859 2.98018 -3.33627 -0.431629 2.98645 -3.33627 -0.124651 3.01529 -3.33627 0.246558 3.01027 -3.33627 0.617766 2.96263 -3.33627 1.00409 2.85606 -3.33627 1.34601 2.70185 -3.33627 1.738 2.47617 -3.33627 1.91558 2.33701 -3.33627 2.08749 2.18154 -3.33627 2.27828 1.9847 -3.33627 2.45208 1.76905 -3.33627 2.53048 1.66875 -3.33627 2.57015 1.60105 -3.33627 2.76095 1.2337 -3.33627 2.87996 0.902706 -3.33627 2.89791 0.850048 -3.33627 2.99048 0.492727 -3.33627 3.03581 0.121614 -3.33627 3.03109 -0.248244 -3.33627 3.00653 -0.438815 -3.33627 2.96119 -0.635656 -3.33627 2.93286 -0.74724 -3.33627 2.85068 -0.985454 -3.33627 2.73545 -1.28259 -3.33627 2.70333 -1.36284 -3.33627 2.63344 -1.49573 -3.33627 2.49364 -1.71389 -3.33627 2.31607 -1.94709 -3.33627 2.17438 -2.11885 -3.33627 2.11582 -2.17903 -3.33627 1.94391 -2.32071 -3.33627 1.70872 -2.49623 -3.33627 1.49147 -2.63665 -3.33627 1.36018 -2.70686 -3.33627 1.27989 -2.73946 -3.33627 0.983307 -2.8523 -3.33627 0.741502 -2.93505 -3.33627 0.634768 -2.96263 -3.33627 0.434523 -3.00777 -3.33627 0.617766 -5.81744 -2.99011 0.988974 -5.81744 -2.97321 0.988974 -6.05691 -2.87653 1.28178 -6.03183 -2.84813 1.51887 -5.99422 -2.62569 1.33468 -6.04688 -2.62569 1.33562 -6.04688 -2.25384 0.0784277 -6.38414 0.415371 1.33562 -6.04688 2.94261 1.27139 -6.02932 3.31378 2.31701 -5.64567 3.50917 2.09976 -5.66699 3.51999 0.988974 -5.81744 3.5396 0.616821 -6.03183 3.52134 2.84313 -5.30967 3.52269 3.19544 -5.06017 3.52878 3.59404 -4.71037 3.53148 4.32796 -3.95937 3.54027 4.69917 -3.2184 3.55379 2.47192 5.31844 3.54095 2.09976 5.58173 3.52607 1.36018 5.9052 3.51999 -0.124651 6.27381 3.51999 2.84313 4.94733 3.55379 -0.124651 6.34778 3.31378 -0.494914 6.4042 -0.489241 -0.495859 6.4042 -2.25384 -2.72311 6.4042 0.415371 -2.72311 6.06192 -2.99281 -3.03575 6.06192 -2.90154 -2.72311 6.32521 -2.89681 -0.495859 6.40294 -2.62569 -0.495859 6.32521 -2.89681 1.51792 -5.99673 2.94261 1.7295 -5.44633 -3.00363 2.10071 -5.44633 -2.99011 2.10071 -5.72215 -2.8941 2.37557 -5.67326 -2.85759 2.10071 -5.81618 -2.62569 1.7295 -5.93655 -2.25384 1.51887 -5.99673 -2.25384 1.48297 -6.00676 0.415371 1.72856 -5.93655 2.94261 2.09976 -5.8212 2.94261 2.37557 -5.67326 3.31378 3.05943 -5.27832 3.51188 3.47503 -4.92852 3.51729 3.8793 -4.59252 3.51729 3.98509 -4.35932 3.53148 4.56598 -3.95937 3.51323 4.70389 -3.59453 3.53148 5.05809 -3.19834 3.52743 5.06943 -2.84729 3.54839 4.32796 -4.22767 3.51323 5.44064 -1.73395 3.55379 3.58554 4.57622 3.54906 2.80818 5.30465 3.52202 2.47192 5.53158 3.51391 1.59065 5.88639 3.5085 0.091651 6.26252 3.51188 3.95675 4.2026 3.55109 4.32796 3.83274 3.55177 -0.124651 6.39417 2.94261 0.143602 6.29387 3.31378 -0.124651 6.39417 -2.25384 -0.495859 6.06192 -2.99281 -0.124651 6.39291 -2.62569 -0.124651 6.3202 -2.8914 1.51887 -5.99673 -0.489917 1.55854 -5.98544 0.415371 1.67755 -5.95159 -0.489241 2.84313 -5.07521 -2.99349 2.84313 -5.37235 -2.89748 2.41997 -5.69457 -2.62569 3.10571 -5.30967 -2.86233 2.84313 -5.49021 -2.62569 2.10071 -5.8212 -2.25384 1.80034 -5.91523 0.415371 1.7295 -5.93655 -0.489917 1.67755 -5.95159 -0.489917 2.00909 -5.85004 -0.489241 2.10071 -5.8212 -0.489917 2.16116 -5.79738 0.415371 2.41902 -5.69457 2.94261 2.6051 -5.60806 2.94261 2.84313 -5.49522 2.94261 3.10949 -5.30967 3.31378 3.78106 -4.89718 3.17113 3.7225 -4.84076 3.41858 4.12677 -4.50225 3.48416 4.51403 -4.14743 3.49971 4.9268 -3.47416 3.51729 5.26967 -3.06168 3.51052 5.30368 -2.84729 3.52134 5.44064 -2.10381 3.54839 5.81184 -0.618103 3.54906 5.81184 -0.248244 3.55312 4.30812 4.1863 3.52878 3.93314 4.5549 3.52607 3.58554 4.83575 3.52202 3.11043 5.1705 3.51729 2.63155 5.51027 3.50309 1.92313 5.87887 3.14814 1.72006 5.90646 3.28877 2.66083 5.50525 3.50106 4.69917 3.09177 3.55379 5.06943 2.7194 3.55312 4.69917 3.46288 3.54365 4.67839 3.80265 3.52269 1.36018 6.03935 2.94261 1.36018 6.03935 -2.25384 -0.124651 6.06192 -2.98808 0.139823 6.29261 -2.86165 1.36018 6.03685 -2.62569 1.92313 5.87887 -2.815 1.36018 5.95535 -2.89275 3.21433 -4.7041 -3.00363 3.95675 -4.33299 -2.97456 3.58554 -4.7041 -2.96239 3.22378 -5.09026 -2.91912 2.41997 -5.69457 0.415371 2.84313 -5.49522 -2.25384 2.60604 -5.60806 -2.25384 2.46625 -5.67326 -0.489917 2.46625 -5.67326 -0.489241 3.14444 -5.33349 -2.62569 3.58554 -4.96112 -2.86638 3.78106 -4.89718 -2.82041 2.00909 -5.85004 -0.489917 2.60604 -5.60806 -0.489917 2.65138 -5.58675 0.415371 3.14538 -5.33474 -2.25384 3.14538 -5.33474 -0.489917 3.14444 -5.33349 2.94261 3.58554 -5.0376 2.94261 3.78579 -4.89969 2.94261 3.97186 -4.74046 2.94261 4.18155 -4.55616 2.94261 4.16927 -4.54237 3.23671 3.33051 -5.21313 2.94261 4.53576 -4.17 3.31378 4.88808 -3.77757 3.15084 5.17522 -3.30115 3.31378 5.2999 -3.11559 3.31378 5.66827 -2.38716 3.31378 5.63994 -2.32572 3.51052 5.66166 -2.10381 3.52134 5.81184 -0.990469 3.53757 6.02815 -0.618103 3.52202 6.03476 -0.248244 3.52607 6.03476 0.121614 3.52607 5.81184 0.121614 3.55312 4.54048 4.04964 3.51526 4.17116 4.41824 3.51458 3.79334 4.77807 3.5112 2.47192 5.67075 2.94261 2.11299 5.81618 2.94261 1.92786 5.88013 2.94261 1.72856 5.93655 2.94261 2.70239 5.52406 3.31378 3.3579 5.09026 3.43615 3.41552 5.14292 3.1887 5.33485 2.7194 3.52607 5.07321 3.09302 3.53148 5.44064 1.60606 3.55379 5.44064 1.97718 3.55177 5.2829 2.97141 3.51661 4.89091 3.65596 3.50376 1.65772 5.95661 0.415371 1.36018 5.69081 -2.98943 0.988974 5.69081 -3.00363 1.7295 5.93655 -2.62569 1.7295 5.90646 -2.84813 2.47192 5.58424 -2.88329 1.92786 5.88013 -2.62569 2.11393 5.81368 -2.62569 2.47192 5.66699 -2.62569 2.71372 5.53033 -2.8434 1.7295 5.69081 -2.94413 4.32796 -3.96062 -2.97862 4.30623 -4.31418 -2.88329 3.92558 -4.68028 -2.87044 3.33051 -5.21062 -2.62569 3.33051 -5.21313 -2.25384 4.16833 -4.54362 -2.83664 4.18155 -4.55616 -2.62569 3.97092 -4.74046 -2.62569 3.78579 -4.90094 -2.62569 3.29462 -5.23695 0.415371 3.62427 -5.01253 0.415371 3.78579 -4.90094 0.415371 3.83207 -4.86207 -0.489241 4.01248 -4.70535 0.415371 4.13055 -4.60255 -0.489241 4.1825 -4.55616 0.415371 4.36763 -4.37938 0.415371 4.55748 -4.19257 2.94261 3.37963 -5.18053 0.415371 4.74262 -3.96815 2.94261 4.88997 -3.78384 2.94261 5.03543 -3.58951 2.94261 5.21583 -3.34001 2.94261 5.32257 -3.1532 2.94261 5.48786 -2.84729 2.94261 5.60593 -2.61785 2.94261 5.68905 -2.43229 2.94261 5.81468 -2.10381 2.94261 5.99887 -1.5509 3.13665 5.99981 -1.18856 3.50106 6.01115 -0.990469 3.51052 6.10843 -0.618103 3.31378 6.12733 -0.248244 3.31378 6.12733 0.121614 3.31378 5.81184 0.492727 3.55109 4.58393 4.09603 3.31378 4.40258 4.28284 3.31378 4.21745 4.46213 3.31378 3.8349 4.81192 3.31378 4.02003 4.64643 3.31378 2.63155 5.59552 2.94261 2.74206 5.54412 -0.489917 2.53898 5.6394 -0.489917 2.47192 5.67075 -2.25384 2.20272 5.78108 -0.489917 2.11393 5.81618 -0.489917 2.06765 5.83248 -0.489241 2.06765 5.83248 -0.489917 1.89007 5.89141 0.415371 1.7295 5.93655 -0.489917 2.92719 5.45385 2.94261 3.86513 4.837 2.94261 3.60915 5.01879 2.94261 3.42402 5.14919 2.94261 3.21433 5.28584 2.94261 5.64844 2.23796 3.51526 5.81184 0.862586 3.54298 5.673 1.97718 3.52472 5.58138 2.4837 3.42872 5.31312 3.09302 3.28403 5.19883 3.21965 3.38883 5.25739 3.27983 3.1407 4.91547 3.69106 3.31378 4.76812 3.87537 3.31378 2.47192 5.31844 -2.97997 2.10071 5.31844 -3.00363 1.77862 5.92275 -0.489917 3.21433 5.2056 -2.86909 2.83935 5.33349 -2.90763 2.11393 5.81618 -2.25384 2.74111 5.54412 -2.62569 2.92719 5.45134 -2.62569 3.41552 5.14417 -2.82447 4.69917 -3.2184 -3.00363 5.07037 -2.84729 -2.99146 4.69917 -3.59076 -2.95901 4.67933 -3.92677 -2.87112 4.54331 -4.17752 -2.84137 3.58554 -5.03885 -2.25384 4.36763 -4.37938 -2.62569 4.22878 -4.51228 -0.489241 4.1825 -4.55616 -0.489241 3.97186 -4.74046 -2.25384 3.83207 -4.86207 -0.489917 4.55843 -4.19257 -0.489241 4.55843 -4.19257 0.415371 4.60471 -4.13866 -0.489241 4.74356 -3.9694 -0.489917 4.89091 -3.78384 -0.489917 5.03731 -3.59076 -0.489917 5.21678 -3.34001 0.415371 5.29707 -3.20085 -0.489917 5.32351 -3.1532 -0.489917 5.36413 -3.07923 -0.489241 5.48881 -2.84729 -0.489917 5.51809 -2.79087 -0.489917 5.58421 -2.66298 0.415371 5.60688 -2.6191 0.415371 5.69 -2.43354 0.415371 5.79201 -2.16775 0.415371 5.81562 -2.10381 0.415371 5.9148 -1.80917 0.415371 5.99981 -1.55341 2.94261 6.03759 -1.36284 2.94261 6.10371 -0.990469 2.94261 6.06404 -0.990469 3.31378 6.01492 -1.33275 3.28201 6.15944 -0.618103 2.94261 6.18589 -0.248244 2.94261 6.18589 0.121614 2.94261 6.03098 0.492727 3.52405 4.61321 4.12863 2.94261 4.43469 4.31544 2.94261 4.24862 4.49096 2.94261 4.05026 4.67777 2.94261 2.92719 5.4551 0.415371 2.74206 5.54412 -2.25384 2.92719 5.4551 -2.25384 4.05121 4.67777 0.415371 4.05121 4.67777 -0.489241 3.86513 4.837 -2.25384 3.6101 5.02256 -0.489241 3.6101 5.02256 0.415371 3.45992 5.12536 0.415371 3.42402 5.14919 -2.62569 3.26628 5.25199 -0.489917 3.21433 5.28584 -2.25384 3.15955 5.31844 0.415371 2.99803 5.41373 -0.489241 5.67866 2.35456 3.30837 6.00453 1.10331 3.50579 5.96108 1.35155 3.45103 6.0102 1.45812 3.2029 6.01776 0.862586 3.51593 5.63521 2.55014 3.18127 5.63899 2.55892 2.94261 5.5417 2.74448 2.94261 5.35941 3.09177 2.94261 5.25834 3.28109 2.94261 5.12327 3.46664 2.94261 4.93814 3.71865 2.94261 4.7974 3.90546 2.94261 3.21433 4.94733 -2.96577 3.58554 4.57622 -2.99214 2.84313 4.94733 -3.00363 3.83301 4.81192 -2.8603 3.55815 4.93855 -2.88734 3.21433 5.28208 -2.62569 3.60915 5.02256 -2.62569 3.86418 4.837 -2.62569 5.36791 -2.84729 -2.89546 5.08926 -3.22968 -2.91709 5.44158 -2.10381 -2.99146 4.95797 -3.59076 -2.863 4.88902 -3.78134 -2.81568 4.55748 -4.19257 -2.62569 4.74356 -3.9694 -2.62569 4.89091 -3.78384 -2.62569 5.03731 -3.59076 -2.25384 5.21678 -3.34001 -2.25384 5.32351 -3.1532 -2.62569 5.36413 -3.07923 -0.489917 5.48881 -2.84729 -2.25384 5.60688 -2.6191 -2.25384 5.67016 -2.47868 -0.489917 5.69 -2.43354 -2.25384 5.81562 -2.10381 -2.25384 5.93842 -1.73896 -0.489241 5.93842 -1.73896 0.415371 6.04043 -1.36284 1.82841 6.00076 -1.55341 0.415371 6.04137 -1.36284 0.415371 6.11505 -0.990469 0.415371 6.16416 -0.618103 1.08673 6.19344 -0.248244 1.45791 6.18872 -0.248244 2.57143 6.19533 0.121614 1.82841 6.11693 0.492727 3.31378 4.61416 4.12988 0.415371 4.61416 4.12988 -0.489241 4.43469 4.31544 -2.62569 4.38935 4.35932 -0.489241 4.24956 4.49222 0.415371 2.99803 5.41373 -0.489917 4.24956 4.49222 -0.489241 4.05026 4.67777 -2.62569 6.02815 1.22743 3.32189 6.08104 0.862586 3.31378 6.12355 0.862586 2.94261 6.0631 1.23119 2.94261 6.01587 1.47943 2.94261 5.95919 1.66624 2.94261 5.85718 1.97718 2.94261 5.724 2.34704 2.94261 5.70417 2.39969 -0.489917 5.63994 2.55892 0.415371 5.62199 2.59528 0.415371 5.3953 3.02532 0.415371 5.36035 3.09177 -0.489917 5.25928 3.28109 -0.489917 5.15822 3.42151 -0.489917 4.93908 3.7199 -0.489917 4.79834 3.90546 0.415371 3.95675 4.57998 -2.91168 4.33362 4.21012 -2.91709 3.95675 4.20511 -2.99687 4.21272 4.45836 -2.86571 5.30084 -3.11434 -2.85895 5.71645 -2.10381 -2.89546 5.66922 -2.38465 -2.85895 5.44158 -1.73395 -3.00363 5.81279 -0.62061 -2.99281 5.81279 -0.990469 -2.9705 5.21394 -3.34001 -2.62569 5.03354 -3.59076 -2.62569 5.48409 -2.84729 -2.62569 5.60216 -2.6191 -2.62569 5.69 -2.43229 -2.62569 5.8109 -2.10381 -2.62569 5.99981 -1.5509 -2.81297 6.00076 -1.55341 -2.62569 6.01115 -1.50576 -0.489241 6.04137 -1.36284 -1.51217 6.11505 -0.990469 0.344381 6.16416 -0.62061 -0.769144 6.19439 -0.248244 -0.769144 6.19817 0.121614 -0.769144 6.19628 0.121614 1.45791 6.17266 0.492727 2.19958 6.16983 0.492727 2.94261 4.79834 3.90546 -2.62569 4.61321 4.12988 -2.25384 4.61321 4.12863 -2.62569 4.58015 4.09101 -2.86841 4.24862 4.49222 -2.62569 6.1311 0.862586 1.08673 6.06876 1.23119 1.45791 6.06971 1.23244 0.415371 6.01681 1.48069 -0.489917 5.95919 1.66624 -2.25384 5.93464 1.74272 -0.489917 5.93464 1.74272 -0.489241 5.85813 1.97718 0.415371 6.01681 1.48069 -2.25384 5.72495 2.34704 -0.489917 5.72495 2.34704 -2.25384 5.63994 2.55892 -2.62569 5.54265 2.74448 -2.62569 5.36035 3.09177 -2.25384 5.25928 3.28109 -2.62569 5.12421 3.46664 -2.62569 4.93908 3.7199 -2.62569 4.702 3.82522 -2.90627 4.32796 3.83399 -2.9989 5.81279 -1.36284 -2.93332 6.05082 -0.990469 -2.8745 6.01776 -1.36284 -2.83664 5.81279 -0.248244 -3.00093 6.09049 -0.248244 -2.90425 6.07821 -0.62061 -2.89613 6.15849 -0.62061 -2.62569 6.10277 -0.990469 -2.62569 6.03759 -1.36284 -2.62569 6.11316 -0.990469 -0.397969 6.16039 -0.62061 -2.25384 6.1925 -0.248244 -1.14099 6.19628 0.121614 -1.14099 6.17172 0.492727 -2.25384 6.17455 0.492727 -1.51217 6.1755 0.492727 -1.14099 6.17644 0.492727 -0.769144 6.17361 0.492727 1.45791 6.13394 0.863839 -0.397969 4.92113 3.69608 -2.84881 6.06971 1.2337 -0.489917 6.06971 1.2337 -0.769144 6.01587 1.47943 -2.62569 5.85813 1.97718 -2.25384 5.724 2.34704 -2.62569 5.63616 2.5514 -2.82244 5.25834 3.27983 -2.81365 5.35941 3.09177 -2.62569 5.05526 3.42777 -2.87382 5.07037 3.09177 -2.95563 4.69917 3.46288 -2.98402 5.07037 2.72066 -3.0016 5.81279 0.121614 -3.00093 6.09049 0.121614 -2.90425 6.184 0.121614 -2.62569 6.184 -0.248244 -2.62569 6.18683 -0.248244 -2.25384 6.18872 -0.248244 -1.88335 6.19061 0.121614 -1.88335 6.16888 0.492727 -2.62569 6.12355 0.863839 -2.62569 6.06404 1.2337 -2.62569 6.06876 1.2337 -1.14099 5.30746 3.09177 -2.85895 6.0102 1.45812 -2.82785 5.85152 1.97718 -2.62569 5.67583 2.34704 -2.863 5.44442 2.69307 -2.89343 5.44158 2.34704 -2.95968 5.44158 1.97718 -2.9989 5.81279 0.492727 -2.99619 6.08293 0.492727 -2.90019 6.18778 0.121614 -2.25384 6.06121 0.863839 -2.88329 6.03098 1.2337 -2.85354 5.73628 1.97718 -2.90222 5.81279 1.2337 -2.95022 5.81279 0.863839 -2.97997 -16.8078 2.7215 -0.0273051 -16.8286 2.7215 -0.398829 -16.8923 2.7215 -0.76978 -16.978 2.7215 -1.05257 -17.0551 2.7215 -1.23862 -17.1898 2.7215 -1.51225 -17.3391 2.7215 -1.76929 -17.4774 2.7215 -1.95476 -17.6635 2.7215 -2.17344 -17.6929 2.7215 -2.18775 -22.2223 2.7215 -2.18775 -22.3263 2.7215 -2.18317 -22.5112 2.7215 -1.97022 -22.6495 2.7215 -1.78417 -22.8123 2.7215 -1.51168 -22.936 2.7215 -1.26839 -23.0082 2.7215 -1.08234 -23.1049 2.7215 -0.769207 -23.1698 2.7215 -0.398256 -23.1906 2.7215 -0.0267328 -23.1771 2.7215 0.344791 -23.1159 2.7215 0.715742 -23.0143 2.7215 1.06265 -22.9494 2.7215 1.2487 -22.8429 2.7215 1.45764 -22.6667 2.7215 1.75876 -22.5344 2.7215 1.94423 -22.3484 2.7215 2.15947 -22.1721 2.7215 2.34552 -21.986 2.7215 2.49665 -21.7265 2.7215 2.68213 -21.5417 2.7215 2.80005 -21.2882 2.7215 2.92141 -20.8892 2.7215 3.07311 -20.7178 2.7215 3.12807 -20.5599 2.7215 3.15955 -20.1755 2.7215 3.20879 -19.8033 2.7215 3.20764 -19.4263 2.7215 3.15669 -19.4165 2.7215 3.15497 -19.1313 2.7215 3.07941 -19.0921 2.7215 3.06853 -19.0725 2.7215 3.06109 -18.6894 2.7215 2.9134 -18.4458 2.7215 2.79433 -18.2597 2.7215 2.67468 -18.0038 2.7215 2.48864 -17.819 2.7215 2.33293 -17.6415 2.7215 2.14688 -17.4554 2.7215 1.92649 -17.322 2.7215 1.74044 -17.1567 2.7215 1.45707 -17.0404 2.7215 1.21435 -16.9719 2.7215 1.0283 -16.8813 2.7215 0.71517 -16.8213 2.7215 0.343646 -15.1858 2.07866 3.66045 -15.1858 2.07866 -2.18775 -15.1858 -2.37873 3.66045 -15.1858 -2.37873 -2.18775 -19.4324 2.27023 3.66045 -19.8033 2.28188 3.66045 -20.1755 2.2813 3.66045 -20.5464 2.2714 3.66045 -26.4848 2.07866 3.66045 -26.8961 1.94998 3.66045 -26.9022 1.94532 3.66045 -27.0761 1.76248 3.66045 -27.1177 1.60643 3.66045 -27.125 1.23551 3.66045 -27.125 -1.36322 3.66045 -27.1238 -1.73414 3.66045 -27.081 -2.10564 3.66045 -26.8667 -2.33971 3.66045 -26.4848 -2.37873 3.66045 -20.031 -3.22712 -2.18775 -20.1706 -3.22712 -2.18775 -20.1792 -3.22653 -2.18775 -26.8569 -2.37873 -2.18775 -27.1605 -2.33506 -2.18775 -27.2071 -2.27333 -2.18775 -27.3197 -2.10564 -2.18775 -27.3686 -1.73414 -2.18775 -27.3686 1.60643 -2.18775 -27.2095 1.93426 -2.18775 -26.9353 2.04955 -2.18775 -26.8569 2.07692 -2.18775 -22.3214 2.72034 -2.18775 -17.6782 2.72034 -2.18775 -20.1755 -3.22712 2.1881 -19.8033 -3.22712 2.18638 -19.4324 -3.22712 2.1194 -19.19 -3.22712 2.04384 -19.1851 -3.22712 2.04212 -19.0003 -3.22712 1.95167 -18.7089 -3.22712 1.7662 -18.5278 -3.22712 1.62881 -18.5241 -3.22712 1.62595 -18.3588 -3.22712 1.4399 -18.174 -3.22712 1.2092 -18.065 -3.22712 1.02372 -17.9377 -3.22712 0.722039 -17.9353 -3.22712 0.715742 -17.8422 -3.22712 0.352233 -17.841 -3.22712 0.344791 -17.8116 -3.22712 -0.0267328 -17.8496 -3.22712 -0.390242 -17.8508 -3.22712 -0.398256 -17.9524 -3.22712 -0.761765 -17.9549 -3.22712 -0.769207 -18.0773 -3.22712 -1.05086 -18.1924 -3.22712 -1.23633 -18.3735 -3.22712 -1.46302 -18.3784 -3.22712 -1.46818 -18.5559 -3.22712 -1.65365 -18.742 -3.22712 -1.79218 -19.0517 -3.22712 -1.97423 -19.2402 -3.22712 -2.06811 -19.2439 -3.22712 -2.06983 -19.4324 -3.22712 -2.1202 -19.796 -3.22712 -2.18489 -19.8033 -3.22712 -2.18603 -20.1828 -3.22712 2.18695 -20.5464 -3.22712 2.12627 -20.8035 -3.22712 2.0467 -20.8072 -3.22712 2.04498 -20.9896 -3.22712 1.95683 -20.9957 -3.22712 1.95339 -21.2821 -3.22712 1.77135 -21.467 -3.22712 1.6374 -21.6298 -3.22712 1.45192 -21.8159 -3.22712 1.22809 -21.8183 -3.22712 1.22408 -21.9236 -3.22712 1.04261 -22.0656 -3.22712 0.715742 -22.1586 -3.22712 0.344791 -22.1599 -3.22712 0.336777 -22.188 -3.22712 -0.0267328 -22.1488 -3.22712 -0.398256 -22.1476 -3.22712 -0.405698 -22.0448 -3.22712 -0.769207 -22.0423 -3.22712 -0.775504 -21.9113 -3.22712 -1.06917 -21.7951 -3.22712 -1.25465 -21.7914 -3.22712 -1.25923 -21.609 -3.22712 -1.47848 -21.4352 -3.22712 -1.66395 -21.4315 -3.22712 -1.66682 -21.2503 -3.22712 -1.79848 -20.9283 -3.22712 -1.98453 -20.7423 -3.22712 -2.07326 -20.7386 -3.22712 -2.07441 -20.5464 -3.22712 -2.12535 -27.4299 -2.30711 1.73529 -27.4507 -2.32341 1.45764 -27.2279 -2.36766 1.45764 -27.2279 2.06352 1.08669 -27.2279 2.03965 1.45764 -27.4458 -2.10855 1.84691 -27.3956 -2.23432 1.98259 -27.5155 -2.10564 1.45764 -27.5719 -2.10564 1.08669 -27.6061 -2.10564 0.715742 -27.4727 -2.33331 1.08669 -27.2279 -2.37756 1.08669 -27.2279 2.07342 0.715742 -27.5364 1.9296 0.715742 -27.5131 1.92028 1.08669 -27.4788 1.89641 1.45764 -27.5437 -1.73414 1.45764 -27.4201 -1.98685 2.03296 -27.6135 -1.73414 1.08669 -27.6588 -1.73414 0.715742 -27.6759 -1.73414 0.344791 -27.6906 -1.73414 -0.0267328 -27.6196 -2.10564 0.344791 -27.6318 -2.10564 -0.0267328 -27.4837 -2.33506 0.715742 -27.2279 -2.37873 0.715742 -27.2279 2.07575 0.344791 -27.5523 1.93426 -0.0267328 -27.5449 1.93251 0.344791 -27.6906 1.60643 -0.0267328 -27.6759 1.60643 0.344791 -27.6588 1.60643 0.715742 -27.6135 1.60643 1.08669 -27.4421 1.84691 1.82917 -27.2279 2.03674 -1.51168 -27.2279 2.06294 -1.14073 -27.5437 1.60643 1.45764 -27.6808 1.60643 -0.398256 -27.6808 -1.73414 -0.398256 -27.6245 -2.10564 -0.398256 -27.4911 -2.33506 -0.398256 -27.4935 -2.33506 -0.0267328 -27.4886 -2.33506 0.344791 -27.2279 -2.37873 -0.769207 -27.2279 -2.37815 -1.14073 -27.2279 2.07633 -0.398256 -27.2279 2.0775 -0.0267328 -27.5474 1.93309 -0.398256 -27.4201 1.80673 2.03296 -27.2279 -2.36592 -1.51168 -27.4494 -2.32166 -1.51168 -27.4262 -2.3042 -1.75383 -27.4776 1.8935 -1.51168 -27.5094 1.9197 -1.14073 -27.2279 2.07109 -0.769207 -27.529 1.92785 -0.769207 -27.6453 1.60643 -0.769207 -27.6453 -1.73414 -0.769207 -27.5657 -2.10564 -1.14073 -27.5963 -2.10564 -0.769207 -27.4702 -2.33389 -1.14073 -27.48 -2.33506 -0.769207 -27.5131 -2.10564 -1.51168 -27.4445 -2.10564 -1.82081 -27.4421 1.84517 -1.80478 -27.6049 1.60643 -1.14073 -27.6049 -1.73414 -1.14073 -27.5413 -1.73414 -1.51168 -27.4556 -1.73414 -1.85859 -27.4066 -1.73414 -2.04407 -27.4066 1.60643 -2.04407 -27.4556 1.60643 -1.85859 -27.5413 1.60643 -1.51168 -6.06719 8.71374 8.88272 -6.06719 8.70083 9.06532 -5.69606 8.6776 9.06532 -5.69606 8.68986 8.88272 -5.69606 8.68986 6.28487 -6.06719 8.71374 6.28487 -6.43764 8.66599 6.28487 -6.43764 8.66599 8.88272 -6.43764 8.65501 9.06532 -6.24899 8.67889 9.06532 -9.77851 2.12147 9.39211 -9.40738 2.12147 9.39171 -5.32492 8.58468 9.06532 -5.32492 8.59307 8.88272 -5.32492 8.59307 6.28487 -5.69606 8.64146 5.91341 -6.06719 8.65824 5.91341 -6.43764 8.62275 5.91341 -6.79783 8.54983 6.28487 -6.79783 8.54983 8.88272 -6.791 8.54532 9.06532 -6.60714 8.60404 9.06532 -10.1551 2.12147 9.38544 -10.5317 2.12147 9.26437 -10.5351 2.12147 9.2628 -10.7566 2.12147 9.09941 -10.881 2.12147 8.88194 -10.9896 2.12147 8.53556 -10.9903 2.12147 8.51166 -10.9937 2.12147 8.1402 -10.9931 2.12147 7.39806 -10.9808 2.12147 7.02739 -10.9432 2.12147 6.65632 -10.8543 2.12147 6.34795 -10.8461 2.12147 6.33071 -10.5283 2.12147 5.91889 -10.5221 2.12147 5.91223 -10.1572 2.12147 5.54626 -10.1496 2.12147 5.54273 -9.77851 2.12147 5.41029 -9.40738 2.12147 5.39227 -9.03625 2.12147 5.38913 -7.92216 2.12147 5.38913 -7.55103 2.12147 5.42557 -7.26397 2.12147 5.57839 -7.14641 2.12147 5.91772 -7.12317 2.12147 6.28487 -7.1218 2.12147 6.65632 -7.11975 2.12147 7.98973 -7.11975 2.12147 8.51166 -7.18058 2.12147 8.72207 -7.23116 2.12147 8.85921 -7.41502 2.12147 8.97402 -7.55103 2.12147 9.0469 -9.03625 2.12147 9.37016 -4.02288 6.99985 9.06532 -4.06731 7.16569 9.06532 -4.19922 7.54641 9.06532 -4.3407 7.81614 9.06532 -4.48219 8.00198 9.06532 -4.66741 8.19299 9.06532 -4.7877 8.28397 9.06532 -4.91278 8.37819 9.06532 -5.09869 8.49756 9.06532 -5.32492 8.56209 5.91341 -5.09322 8.50079 8.88272 -5.09322 8.50079 6.28487 -5.69606 8.53435 5.68771 -5.1356 8.47691 5.72611 -5.32492 8.50273 5.70652 -6.06719 8.53886 5.68732 -6.43764 8.52789 5.69006 -6.70078 8.50273 5.70495 -6.76844 8.5337 5.91341 -6.98306 8.46917 6.28487 -6.98306 8.46917 8.88272 -6.97554 8.4653 9.06532 -7.07943 8.38916 9.06532 -7.1799 8.31366 9.06532 -7.40067 8.13749 9.06532 -7.57974 7.91745 9.06532 -7.73011 7.72064 9.06532 -4.50337 5.43051 9.06532 -4.41179 5.5273 9.06532 -4.30106 5.71315 9.06532 -4.21563 5.89383 9.06532 -4.13634 6.0616 9.06532 -4.09397 6.21647 9.06532 -4.04407 6.40038 9.06532 -4.02835 6.49072 9.06532 -4.01742 6.56428 9.06532 -4.01605 6.62558 9.06532 -4.01537 6.66559 9.06532 -4.01605 6.80433 9.06532 -4.01127 6.80433 8.88272 -4.0222 7.00372 8.88272 -4.06526 7.18892 8.88272 -4.19102 7.54641 8.88272 -4.3366 7.82195 8.88272 -4.47604 8.00779 8.88272 -4.66126 8.19815 8.88272 -4.90731 8.38399 8.88272 -5.11373 8.48918 5.91341 -4.90731 8.38399 6.28487 -5.69606 8.28914 5.64657 -5.32492 8.28914 5.66577 -4.92782 8.36399 5.91341 -4.68313 8.17879 5.91341 -4.72551 8.14072 5.70378 -4.98865 8.27429 5.69633 -6.06719 8.28914 5.64618 -6.43764 8.28914 5.64931 -6.81834 8.3014 5.68105 -7.1799 8.16976 5.70378 -7.37128 8.10975 5.72337 -6.95367 8.44013 5.91341 -7.1799 8.3214 6.28487 -7.1799 8.3214 8.88272 -7.40408 8.14137 8.88272 -7.58657 7.91745 8.88272 -7.73352 7.72774 8.88272 -8.8893 5.93964 8.51166 -9.19003 5.45503 8.51166 -9.30417 5.27048 8.51166 -8.87631 5.91835 8.76478 -9.27615 5.22466 8.80357 -4.407 5.5202 8.88311 -4.29491 5.70605 8.88311 -4.12677 6.0616 8.88311 -4.04271 6.36553 8.88311 -4.01537 6.55073 8.88311 -4.014 6.62558 8.88311 -4.01127 6.80433 6.28487 -4.0222 7.00372 6.28487 -4.014 6.62558 6.28487 -4.06526 7.18892 6.28487 -4.19102 7.54641 6.28487 -4.3366 7.82195 6.28487 -4.47604 8.00779 6.28487 -4.66126 8.19815 6.28487 -4.95311 7.91745 5.64892 -4.49722 7.9865 5.91341 -4.37556 7.76387 5.71122 -4.59359 7.90003 5.68732 -7.1799 7.91745 5.66303 -7.38973 8.12717 5.91341 -7.1799 8.27881 5.91341 -7.43416 7.91745 5.70378 -7.76633 7.44252 5.70338 -7.7055 7.69805 5.91341 -7.40408 8.14137 6.28487 -7.58657 7.91745 6.28487 -7.73352 7.72774 6.28487 -8.89066 5.93964 6.65672 -8.89066 5.93964 7.39806 -8.88998 5.93964 8.14059 -9.1914 5.45632 8.14059 -9.19276 5.45955 7.02778 -9.30554 5.27435 7.39806 -9.47846 4.94912 8.51166 -4.407 5.5202 6.28487 -4.29491 5.70605 6.28487 -4.12677 6.0616 6.28487 -4.04271 6.36553 6.28487 -4.01537 6.55073 6.28487 -4.01878 6.57331 6.03252 -4.01878 6.80433 6.03331 -4.02288 6.9992 6.07798 -4.23681 7.54641 5.91341 -4.35096 7.80065 5.91341 -4.58197 7.54641 5.65441 -4.58197 7.17537 5.64618 -4.58197 6.0616 5.64618 -4.10148 7.14375 5.93809 -4.06526 6.80433 5.84797 -4.34002 7.54641 5.69476 -7.56402 7.55867 5.68066 -9.58372 4.37288 6.11285 -9.21463 5.12142 6.10854 -9.27752 5.22853 6.35618 -8.87699 5.91835 6.40908 -9.19276 5.46019 6.65672 -9.04786 5.69056 6.65672 -9.30622 5.27564 6.65672 -9.48051 4.94912 7.76913 -4.43639 5.54731 5.91341 -4.3161 5.73315 5.91341 -4.18009 6.0616 5.91341 -4.07756 6.44297 5.91066 -4.28603 7.17537 5.68732 -4.31473 6.0616 5.68732 -4.35711 5.79897 5.70143 -4.25048 6.80433 5.68732 -4.26757 6.43329 5.68732 -9.35817 4.97816 6.25313 -9.48119 4.94912 6.65672 -9.48119 4.94912 7.02778 -3.45136 -2.5988 2.67303 -6.35381 -2.5988 2.67303 -4.12369 -4.61506 2.67303 -3.91085 -4.80065 2.67303 -3.45136 -5.17461 2.67303 -3.45136 -5.17461 -2.25446 -3.45136 -5.15544 -2.62571 -3.45136 -5.14838 -2.65573 -3.45136 -5.04853 -2.87081 -3.45136 -5.04096 -2.87415 -3.45136 -4.72047 -2.98197 -3.45136 -4.70458 -2.98363 -3.45136 -4.34929 -3.0042 -3.45136 -2.86433 -3.0042 -3.45136 -2.5988 -3.00364 -3.46755 -2.5988 -3.0042 -5.20181 -2.5988 -3.0042 -5.58628 -2.5988 -2.9564 -5.90625 -2.5988 -2.8886 -5.98014 -2.5988 -2.8597 -6.27567 -2.5988 -2.62571 -6.3541 -2.5988 -2.25446 -6.3541 -2.5988 2.57133 -3.91085 -4.80065 -2.25446 -4.12369 -4.61506 -2.25446 -3.91085 -4.8004 -2.62571 -3.46755 -4.33315 -3.0042 -4.21008 -3.59105 -3.0042 -4.95231 -2.84844 -3.0042 -4.12341 -4.61481 -2.62571 -4.09016 -4.58254 -2.86414 -3.70114 -4.92346 -2.84747 -3.83867 -4.33315 -2.9953 -4.21008 -3.96197 -2.99642 -4.58119 -3.59105 -2.98919 -4.46383 -4.21464 -2.86525 -4.21235 -4.33618 -2.91416 -3.83043 -4.70559 -2.9036 -3.46755 -4.70458 -2.98308 -4.58517 -3.96046 -2.90916 -2.21398 0.109502 -7.46578 -2.21398 0.12157 -7.46578 -2.18856 0.12157 -10.7932 -2.18339 -0.204286 -10.7932 -2.19804 -0.268509 -7.46578 -2.11573 -0.59609 -7.46578 -1.95714 -0.991773 -7.46578 -1.83346 -1.22582 -7.46578 -1.67875 -1.41159 -7.46578 -1.67229 -1.41892 -7.46578 -1.49345 -1.61288 -7.46578 -1.25945 -1.79866 -7.46578 -1.07414 -1.934 -7.46578 -0.875475 -2.02107 -7.46578 -0.868149 -2.02408 -7.46578 -0.497107 -2.13356 -7.46578 -0.138994 -2.18184 -7.46578 -0.125635 -2.18356 -7.46578 0.231616 -2.17753 -7.46578 0.245406 -2.1771 -7.46578 0.603089 -2.11158 -7.46578 0.616448 -2.10856 -7.46578 0.931036 -1.99564 -7.46578 0.94224 -1.99133 -7.46578 0.949136 -1.98788 -7.46578 1.12798 -1.89305 -7.46578 1.35034 -1.73055 -7.46578 1.35896 -1.72409 -7.46578 1.55418 -1.57064 -7.46578 1.56107 -1.56504 -7.46578 1.56668 -1.55814 -7.46578 1.72095 -1.36289 -7.46578 1.72742 -1.35427 -7.46578 1.88988 -1.13358 -7.46578 1.98469 -0.954274 -7.46578 1.98814 -0.947377 -7.46578 1.99245 -0.936171 -7.46578 2.10708 -0.620228 -7.46578 2.10966 -0.606866 -7.46578 2.17689 -0.248682 -7.46578 2.17732 -0.235751 -7.46578 2.18379 0.12157 -7.46578 2.13337 0.492685 -7.46578 2.0252 0.86423 -7.46578 1.93298 1.07414 -7.46578 1.79766 1.25991 -7.46578 1.7912 1.26853 -7.46578 1.61193 1.4931 -7.46578 1.41929 1.67198 -7.46578 1.40507 1.68404 -7.46578 1.22623 1.83275 -7.46578 0.996109 1.95473 -7.46578 0.987921 1.95904 -7.46578 0.600503 2.11507 -7.46578 0.579387 2.12197 -7.46578 0.272125 2.203 -7.46578 -0.125635 2.21464 -7.46578 -0.368255 2.18231 -7.46578 -0.374719 2.18059 -7.46578 -0.553992 2.12628 -7.46578 -0.868149 2.01421 -7.46578 -1.16205 1.86637 -7.46578 -1.16895 1.86163 -7.46578 -1.34779 1.73189 -7.46578 -1.5499 1.54655 -7.46578 -1.73564 1.34267 -7.46578 -1.86492 1.16379 -7.46578 -1.86966 1.1569 -7.46578 -1.87483 1.14655 -7.46578 -2.01575 0.86423 -7.46578 -2.12822 0.542253 -7.46578 -2.18252 0.363377 -7.46578 -2.18425 0.35648 -7.46578 -2.17261 0.329757 -10.7932 -2.17089 0.321998 -11.0034 -2.17821 0.12157 -11.0492 -2.17821 -0.156873 -11.048 -2.16227 -0.390059 -10.7932 -2.16399 -0.404714 -7.59986 -2.12909 0.515529 -10.7932 -2.10926 0.464237 -11.142 -2.14417 0.12157 -11.2343 -2.14201 -0.268509 -11.1691 -2.11573 -0.59609 -7.46659 -2.06229 -0.620228 -11.1643 -2.10237 -0.620228 -10.7932 -2.01187 0.86423 -10.7932 -1.97093 0.86423 -11.1643 -1.81407 1.07974 -11.3688 -1.8632 0.86423 -11.413 -1.95843 0.12157 -11.4729 -1.9524 -0.248682 -11.4701 -1.92827 0.492685 -11.4596 -1.90931 -0.620228 -11.4458 -1.85113 -0.918499 -11.4017 -1.7895 -1.16591 -11.3263 -1.89121 -1.02151 -11.1874 -1.95068 -0.991773 -10.7932 -1.86449 1.1569 -10.7932 -1.84337 1.12543 -11.1643 -1.70978 1.31121 -11.1643 -1.47405 1.47025 -11.3887 -1.60291 1.21595 -11.4353 -1.61066 0.86423 -11.5398 -1.61066 0.492685 -11.586 -1.61066 0.12157 -11.5997 -1.61066 -0.248682 -11.5969 -1.61066 -0.620228 -11.5726 -1.64341 -1.02151 -11.4778 -1.52103 -1.36289 -11.4154 -1.43613 -1.55857 -11.3595 -1.6766 -1.3422 -11.1874 -1.81579 -1.20556 -11.0788 -1.82527 -1.21936 -10.7932 -1.6766 -1.40513 -10.7932 -1.73521 1.34181 -10.7932 -1.52404 1.52068 -11.1643 -1.23962 1.23534 -11.569 -1.3159 1.70603 -11.1643 -1.08448 1.81034 -11.3692 -1.22023 1.59913 -11.4353 -1.23962 0.86423 -11.6042 -1.23962 -0.620228 -11.6042 -1.23962 -0.991773 -11.5989 -1.23962 -1.36289 -11.5333 -1.23962 -1.63185 -11.4114 -0.760845 -1.94995 -11.3826 -1.00864 -1.89736 -11.2522 -1.20644 -1.78788 -11.1428 -1.4663 -1.58616 -11.1643 -1.49129 -1.609 -10.7932 -1.54947 1.54612 -10.7932 -1.34693 1.73103 -10.7932 -0.868149 1.23534 -11.6042 -0.868149 1.60689 -11.5402 -0.497107 1.60689 -11.5864 -1.13059 1.84051 -11.1643 -0.868149 1.96895 -11.1643 -0.472112 2.10731 -11.1473 -0.868149 1.86033 -11.4134 0.616448 1.23534 -11.6042 0.987921 0.86423 -11.6042 1.35896 0.492685 -11.6042 1.35896 -0.620228 -11.6042 0.616448 -1.36289 -11.6042 -0.497107 -1.36289 -11.6042 -0.868149 -1.36289 -11.5949 -0.497107 -1.73443 -11.5455 -0.878061 -1.75728 -11.464 -0.497107 -1.98615 -11.4187 -0.497107 -2.09391 -11.1643 -0.878061 -1.97452 -11.1428 -1.06035 -1.92409 -11.0047 -1.2491 -1.79478 -10.7932 -1.16162 1.8612 -10.7932 -0.125635 1.60689 -11.6005 -0.497107 1.92585 -11.4596 -0.125635 1.95688 -11.4738 -0.868149 2.0099 -10.7932 -0.527704 2.12671 -10.7932 -0.331626 2.16809 -11.0115 -0.125635 2.14223 -11.2473 -0.125635 -1.73443 -11.569 -0.125635 -2.01417 -11.4422 -0.125635 -2.14865 -11.1643 -0.125635 -2.18874 -10.7932 -0.497107 -2.134 -10.7932 -0.868149 -2.01158 -10.7932 -1.0638 -1.92581 -10.7932 0.987921 1.23534 -11.5993 0.245406 1.60646 -11.5973 -0.00152412 1.83921 -11.5155 0.245406 1.95085 -11.4705 -0.341968 2.17067 -10.7932 -0.125635 2.18835 -10.7932 -0.125635 2.17585 -11.061 -0.00152412 2.17585 -11.0593 0.168268 2.17542 -11.0561 0.272987 2.1405 -11.1736 0.987921 -1.36289 -11.5839 0.245406 -1.734 -11.5641 -0.00152412 -2.01288 -11.4405 0.245406 -2.009 -11.4373 -0.00152412 -2.14563 -11.1643 -0.497107 -2.134 -8.19535 -0.125635 -2.18874 -8.19535 1.35896 1.23534 -11.5361 1.35896 0.86423 -11.5961 0.616448 1.60646 -11.5746 0.616448 1.90818 -11.4478 -0.00152412 2.18619 -10.7932 -0.00152412 2.18317 -10.905 0.222567 2.18145 -10.7932 0.407871 2.16076 -10.7932 0.616448 2.06378 -11.1643 1.73 -0.248682 -11.5653 1.35896 -0.991342 -11.5839 1.73 0.12157 -11.5706 1.37792 -1.38228 -11.4709 0.971975 -1.74133 -11.4458 0.616448 -1.734 -11.5288 0.616448 -1.97064 -11.4021 0.245406 -2.13831 -11.1643 0.245406 -2.17882 -10.7932 -0.00152412 -2.159 -11.0399 0.245406 -2.17882 -8.19535 1.63132 1.23534 -11.4138 1.755 0.87673 -11.4661 1.73 0.492685 -11.5475 1.02024 1.64094 -11.4798 1.35896 1.52025 -11.417 0.918107 1.8487 -11.4029 0.616448 2.10343 -10.7932 0.987921 1.95301 -10.7932 1.02024 1.89051 -11.1922 1.16547 1.78792 -11.3352 2.00667 -0.248682 -11.4381 1.73 -0.620228 -11.5301 2.0127 0.12157 -11.4438 1.73733 -0.976256 -11.4466 1.61839 -1.27108 -11.4089 1.26717 -1.62194 -11.4085 0.837521 -1.93529 -11.3676 0.616448 -2.06201 -11.1643 0.616448 -2.10253 -10.7932 -0.00152412 -2.18313 -7.69911 1.55676 1.43405 -11.3611 1.9472 0.760784 -11.3846 1.98469 0.492685 -11.4207 1.2202 1.82456 -10.7932 1.20425 1.81378 -11.0877 1.34043 1.67715 -11.1922 2.13811 -0.248682 -11.1643 1.96788 -0.620228 -11.4029 2.14888 0.12157 -11.1643 1.93212 -0.842638 -11.3676 1.8636 -1.08488 -11.1643 1.51496 -1.51892 -11.2481 1.07971 -1.86676 -11.1643 0.893974 -1.96331 -11.1643 0.932759 -1.98357 -10.7932 1.58564 1.46594 -11.1643 1.78775 1.20388 -11.1501 1.89549 1.00862 -11.2647 2.09458 0.492685 -11.1643 1.97349 0.87673 -11.1501 1.4055 1.67672 -10.7932 2.17818 -0.248682 -10.7932 2.10148 -0.620228 -10.7932 2.06054 -0.620228 -11.1643 2.18853 0.12157 -10.7932 2.13466 0.492685 -10.7932 1.96056 -0.899533 -11.1643 1.88644 -1.12367 -10.7932 1.65373 -1.38228 -11.1408 1.54858 -1.55254 -11.0006 1.37792 -1.65728 -11.1408 1.11806 -1.8896 -10.7932 1.60848 1.49094 -10.7932 1.92177 1.05949 -11.0172 2.0127 0.86423 -10.7932 2.17818 -0.248682 -8.19535 2.18853 0.12157 -8.19535 1.98038 -0.937895 -10.7932 2.13466 0.492685 -8.19535 1.70673 -1.36289 -10.7932 1.55073 -1.55469 -10.7932 1.35896 -1.70986 -10.7932 1.79421 1.25 -10.7932 1.92479 1.06423 -10.7932 -8.6207 1.60675 9.34658 -8.6207 0.422062 9.34658 -8.6207 0.0510379 9.34473 -8.6207 -0.313517 9.30959 -8.6207 -0.532528 9.16903 -8.6207 -0.732132 9.00073 -8.6207 -2.5988 6.66302 -8.6207 -2.5988 2.6793 -8.6207 -2.57847 -2.58054 -8.6207 -2.57755 -2.62493 -8.6207 -2.45233 -2.96707 -8.6207 -2.43431 -3.00591 -8.6207 -2.10534 -3.16312 -8.6207 -1.73431 -3.16497 -8.6207 1.23526 -3.16497 -8.6207 1.60675 -3.16312 -8.6207 1.65665 -3.15572 -8.6207 1.9348 -3.00591 -8.6207 2.07758 -2.62493 -8.6207 2.12147 5.3869 -8.6207 2.12147 9.17828 -8.6207 2.03368 9.22267 -8.6207 2.01751 9.22821 -8.6207 1.98332 9.23931 -8.85265 1.60675 10.177 -8.85265 -2.10534 10.177 -8.93104 1.60675 10.3675 -8.93039 1.23526 10.3675 -8.93039 -1.73431 10.3675 -8.82181 1.84702 9.93101 -8.80703 -2.10534 9.99019 -8.93104 -2.10534 10.3675 -8.82181 -2.34606 9.93101 -9.22017 1.79619 10.9279 -9.11222 1.60675 10.7392 -9.11222 -2.10534 10.7392 -8.66953 2.12147 9.20417 -10.5219 2.07758 11.4808 -10.1505 2.07896 11.111 -9.77915 2.04385 11.111 -9.40778 2.00365 10.7392 -9.16684 1.86041 10.7392 -9.03641 2.12147 5.3869 -9.40778 2.12147 5.3906 -9.77915 2.12147 5.4091 -10.1582 2.12147 5.54411 -10.5232 2.12147 5.9103 -10.5296 2.12147 5.9177 -10.847 2.12147 6.33012 -10.8547 2.12147 6.34677 -10.944 2.12147 6.65563 -10.9813 2.12147 7.02552 -10.9819 2.12147 7.03846 -10.9935 2.12147 7.39726 -10.9941 2.12147 7.769 -10.9941 2.12147 8.16478 -10.9916 2.12147 8.51063 -10.9909 2.12147 8.53467 -10.8823 2.12147 8.88237 -10.7577 2.12147 9.09875 -10.536 2.12147 9.26151 -10.5328 2.12147 9.26335 -10.1563 2.12147 9.38542 -9.78558 2.12147 9.39097 -9.40778 2.12147 9.39097 -9.03641 2.12147 9.37062 -8.99722 2.12147 9.35583 -8.73957 -2.10534 9.62585 -8.70551 -2.10534 9.25411 -9.22017 -2.29524 10.9279 -8.79482 -2.38765 9.62585 -9.16684 -2.35946 10.7392 -9.07689 -2.42831 10.3675 -9.42577 1.88121 11.074 -9.56134 1.84055 11.331 -9.54528 1.60675 11.3477 -9.35959 1.60675 11.1147 -9.21952 1.60675 10.9279 -9.21952 -2.10534 10.9279 -11.264 2.07573 11.8526 -10.8933 2.05216 11.8526 -10.1505 2.03461 11.4808 -9.79971 1.90154 11.4661 -8.66568 2.0785 -2.62493 -10.5219 2.07896 -4.85167 -10.8933 2.07711 -5.59515 -11.6354 2.07896 -5.96689 -15.1846 2.07896 -5.96689 -9.35959 -2.10534 11.1147 -9.54528 -2.10534 11.3477 -9.56134 -2.34006 11.331 -9.42577 -2.38025 11.074 -9.03641 -2.53134 9.62585 -9.40778 -2.50362 10.7392 -9.40778 -2.57247 10.3675 -9.93721 1.82992 11.6898 -9.73739 1.60675 11.5345 -9.73739 -2.10534 11.5345 -11.6354 2.07896 11.8526 -11.6354 1.93573 12.204 -11.264 1.93249 12.1781 -10.8933 1.90893 12.1282 -10.509 1.94451 11.8785 -10.1505 1.89091 11.762 -10.4994 1.94636 -5.60624 -10.8933 2.01566 -5.96689 -11.264 2.07619 -5.96689 -11.6354 1.93573 -6.32383 -12.0061 1.93573 -6.32568 -15.1846 1.93573 -6.32568 -9.40778 -2.57893 9.99574 -9.77915 -2.57893 10.7392 -10.1505 -2.57893 11.111 -11.6354 -2.57893 11.8526 -8.66825 -2.5988 6.68337 -9.03641 -2.5988 6.84057 -9.40778 -2.5988 6.93489 -9.77915 -2.5988 6.93489 -10.1505 -2.5988 6.92565 -10.5302 -2.5988 6.85537 -10.7731 -2.5988 6.65748 -10.9761 -2.5988 6.28389 -11.0455 -2.5988 5.91215 -11.0462 -2.5988 5.54041 -11.0462 -2.5988 4.64527 -11.0436 -2.5988 4.27723 -10.696 -2.5988 3.50971 -10.3343 -2.5988 3.13057 -9.95327 -2.5988 2.77178 -9.60953 -2.5988 2.683 -9.24073 -2.5988 2.6793 -9.93721 -2.32897 11.6898 -9.79971 -2.40058 11.4661 -9.77915 -2.54336 11.111 -10.6241 1.85672 12.0764 -10.3966 1.60675 12.0079 -10.1505 1.60675 11.8563 -9.92307 1.60675 11.7009 -9.92307 -2.10534 11.7009 -15.1846 2.07896 11.8526 -12.0061 1.93573 12.2114 -12.0061 1.60675 12.3852 -11.6354 1.60675 12.3723 -11.264 1.60675 12.3205 -15.1846 1.79111 -6.40336 -15.1846 1.60675 -6.50138 -15.1846 1.44319 -6.50323 -15.1846 0.864241 -6.50508 -15.1846 -1.52639 -6.50508 -15.1846 -1.73431 -6.50323 -15.1846 -1.89741 -6.47918 -15.1846 -2.10534 -6.44774 -15.1846 -2.20652 -6.37192 -15.1846 -2.33497 -6.27205 -15.1846 -2.35438 -6.13889 -15.1846 -2.37887 -5.96689 -15.1846 -2.57893 8.14074 -15.1846 -2.57893 11.8526 -15.1846 -2.42415 12.2206 -15.1846 -2.26936 12.2909 -15.1846 -2.10534 12.363 -15.1846 -1.73431 12.3649 -15.1846 1.23526 12.3649 -15.1846 1.60675 12.363 -15.1846 1.92464 12.2188 -15.1846 1.9921 12.0616 -10.6973 1.80959 -6.16108 -10.626 1.8752 -5.96689 -10.8933 1.87381 -6.22581 -11.264 1.93249 -6.30349 -11.6354 1.60675 -6.49768 -12.0061 1.60675 -6.50138 -10.5219 -2.57755 11.4808 -11.264 -2.5757 11.8526 -11.6354 -2.43524 12.204 -12.0061 -2.43524 12.2114 -12.3775 -2.57893 -5.96689 -11.6354 -2.57893 -5.96689 -11.264 -2.57893 -5.59515 -10.5219 -2.57893 -4.85167 -10.1505 -2.10534 11.8563 -10.3966 -2.10534 12.0079 -10.6241 -2.35577 12.0764 -10.1505 -2.39042 11.762 -10.1505 -2.53412 11.4808 -10.8933 1.60675 12.2169 -10.5823 1.60675 12.0967 -10.5823 -2.10534 12.0967 -12.3775 1.93573 12.2095 -12.3775 1.60675 12.3834 -12.0061 1.23526 12.3889 -11.6354 1.23526 12.3741 -11.264 1.23526 12.3223 -10.5444 1.60675 -5.96689 -10.6928 1.60675 -6.16663 -10.8933 1.60675 -6.29794 -11.264 1.60675 -6.45699 -11.6354 1.23526 -6.50138 -12.0061 1.23526 -6.50323 -10.8933 -2.55214 11.8526 -12.3775 -2.43524 12.2095 -11.264 -2.43154 12.1781 -11.6354 -2.10534 12.3723 -12.0061 -2.10534 12.3852 -11.264 -2.57616 -5.96689 -10.8933 -2.57709 -5.59515 -12.0061 -2.43524 -6.32568 -11.6354 -2.43524 -6.32383 -10.8933 -2.10534 12.2169 -11.264 -2.10534 12.3205 -10.8933 -2.40798 12.1282 -10.509 -2.44402 11.8785 -11.264 -1.73431 12.3223 -12.0061 -1.73431 12.3889 -11.6354 -1.73431 12.3741 -10.5444 -2.10534 -5.96689 -10.6928 -2.10534 -6.16663 -10.8933 -2.10534 -6.29794 -11.264 -2.10534 -6.45699 -11.6354 -1.73431 -6.50138 -12.0061 -1.73431 -6.50323 -12.3775 -2.10534 12.3834 -12.7488 -2.56461 -5.96689 -12.3775 -2.43524 -6.32383 -10.8933 -2.51517 -5.96689 -11.264 -2.432 -6.30349 -12.3775 -2.10534 -6.49953 -12.0061 -2.10534 -6.50138 -11.6354 -2.10534 -6.49768 -10.6973 -2.30864 -6.16108 -10.8933 -2.37332 -6.22581 -10.626 -2.37425 -5.96689 -10.4994 -2.44586 -5.60624 -7.92154 -5.44756 3.1458 -8.19211 -5.1772 3.1462 -7.92154 -5.1772 3.1458 -6.33685 -5.1772 3.1458 -5.69576 -5.44756 3.1458 -4.95261 -6.18976 3.1458 -4.58208 -6.56121 3.1458 -4.95313 -7.30341 3.1458 -5.69523 -8.04562 3.1458 -6.43786 -8.04562 3.1458 -7.17944 -7.30341 3.1458 -7.17944 -7.67451 3.1482 -7.55101 -6.93231 3.15139 -8.29364 -5.1772 3.15379 -8.56369 -5.1772 3.20212 -8.67045 -5.1772 3.24964 -8.90229 -5.1772 3.37984 -8.95096 -5.1772 3.41339 -9.06662 -5.1772 3.52042 -9.13152 -5.1772 3.59072 -9.28852 -5.1772 3.77922 -9.34242 -5.1772 3.95775 -9.35446 -5.1772 4.05719 -9.35708 -5.1772 5.91273 -9.32306 -5.1772 6.28375 -9.2566 -5.1772 6.49263 -6.81781 -5.1772 7.2259 -5.13682 -5.1772 7.2259 -4.99918 -5.1772 7.07014 -4.92748 -5.1772 6.98826 -4.74641 -5.1772 6.65518 -4.74588 -5.1772 6.28375 -4.74588 -5.1772 3.68577 -4.78199 -5.1772 3.48528 -4.86835 -5.1772 3.37505 -4.95261 -5.1772 3.33351 -5.18863 -5.1772 3.26282 -5.5937 -5.1772 3.16457 -5.96528 -5.1772 3.1474 -7.20561 -8.07331 3.29198 -7.55101 -7.30341 3.17096 -6.80786 -8.04562 3.1494 -5.32418 -5.44756 3.1466 -6.06681 -8.41706 3.18335 -6.78222 -8.42502 3.34549 -7.09937 -8.30628 3.38663 -7.45786 -7.96807 3.38503 -7.56933 -7.67971 3.30715 -7.82001 -7.30341 3.34789 -6.43786 -8.41706 3.23566 -4.95261 -5.44756 3.17296 -4.95261 -5.81866 3.1462 -6.06681 -8.658 3.36067 -5.32418 -8.04562 3.1474 -5.69523 -8.41706 3.20691 -4.95313 -7.67451 3.1462 -6.43786 -8.63446 3.41259 -6.64196 -8.61023 3.4741 -7.1517 -8.34402 3.68577 -7.33749 -8.20728 3.68577 -7.50391 -8.02173 3.68577 -7.6897 -7.77975 3.68577 -7.77344 -7.55924 3.41179 -4.72443 -5.22497 3.41738 -4.59307 -5.46625 3.3443 -4.58208 -5.81866 3.19213 -4.58208 -6.18976 3.1478 -5.69523 -8.64658 3.38423 -6.06681 -8.71374 3.68577 -4.95313 -8.04562 3.19253 -5.32784 -8.43887 3.32433 -4.58155 -6.93231 3.1462 -4.58155 -7.30341 3.1486 -6.43786 -8.66666 3.68577 -6.65086 -8.61404 3.68577 -6.83612 -8.52957 3.68577 -6.83612 -8.52957 6.65518 -7.1517 -8.34402 6.65518 -7.33749 -8.20728 6.28375 -7.50391 -8.02173 6.28375 -7.6897 -7.77975 6.28375 -8.96928 -5.81416 4.05719 -9.15507 -5.52614 4.05719 -9.25241 -5.31428 3.82356 -4.70297 -5.20662 3.68577 -4.51771 -5.40152 3.68577 -4.37326 -5.6023 3.44095 -4.31308 -5.81866 3.36906 -4.23772 -6.18976 3.32513 -4.17334 -6.52971 3.3395 -5.45397 -8.622 3.44135 -5.69523 -8.6902 3.68577 -5.69523 -8.6902 6.65518 -6.06681 -8.71374 6.65518 -6.43786 -8.66666 6.65518 -4.60249 -8.01861 3.37265 -4.74013 -8.25401 3.44175 -4.95313 -8.32221 3.36906 -4.58155 -7.67451 3.2101 -4.17387 -6.64983 3.3395 -4.17596 -6.94547 3.3395 -4.24557 -7.30341 3.32553 -6.65086 -8.61404 6.65518 -6.64196 -8.61023 6.85327 -7.09937 -8.30628 6.92157 -7.33749 -8.20693 6.65518 -7.50287 -8.02104 6.65518 -7.68813 -7.77975 6.65518 -8.84786 -6.00006 5.91273 -8.96771 -5.81451 5.91273 -9.15297 -5.52683 5.91273 -9.26968 -5.34128 5.91273 -9.26759 -5.34025 4.05719 -4.70297 -5.20662 6.65518 -4.51771 -5.40152 6.65518 -4.36227 -5.58707 6.65518 -4.36227 -5.58707 3.68577 -4.23091 -5.81866 3.68577 -4.08019 -6.18976 3.68577 -4.01529 -6.63252 3.4685 -4.01529 -6.83088 3.4685 -5.42623 -8.63204 3.68577 -5.24045 -8.56453 3.68577 -5.42623 -8.63204 6.65518 -6.06681 -8.658 6.91717 -6.43786 -8.63446 6.88682 -5.69523 -8.64658 6.9028 -4.32564 -7.67451 3.38663 -4.38321 -7.87703 3.46371 -4.54126 -8.07089 3.68577 -4.72704 -8.26544 3.68577 -4.95313 -8.41325 3.68577 -6.59277 -8.39006 7.2259 -6.73931 -8.33848 7.2259 -6.43786 -8.43749 7.2259 -6.8424 -8.27582 7.2259 -7.05331 -8.12177 7.2259 -7.17473 -8.029 7.2259 -7.45629 -7.96703 6.93754 -7.77344 -7.55924 6.88842 -9.23671 -5.28763 6.48305 -9.25712 -5.32121 6.28375 -4.72443 -5.22497 6.88403 -4.37326 -5.6023 6.87005 -4.23091 -5.81866 6.28375 -4.08019 -6.18976 6.28375 -4.02576 -6.38985 6.65518 -4.02576 -6.38985 3.68577 -4.01058 -6.5754 3.68577 -4.01058 -6.64983 3.68577 -4.01111 -6.87311 3.68577 -4.03152 -7.05832 3.68577 -4.09537 -7.30341 3.68577 -5.24045 -8.56453 6.28375 -4.95313 -8.41325 6.28375 -5.45397 -8.622 6.87045 -6.06681 -8.47834 7.2259 -6.26306 -8.46137 7.2259 -5.69523 -8.4593 7.2259 -4.25499 -7.67451 3.68577 -4.37693 -7.88533 3.68577 -4.37693 -7.88533 6.65518 -4.54126 -8.07089 6.65518 -4.72704 -8.26544 6.65518 -5.32627 -8.36167 7.2259 -4.95313 -8.12212 7.2259 -4.68989 -7.93622 7.2259 -4.53707 -7.67451 7.2259 -4.30889 -7.25287 7.2259 -4.25865 -7.09121 7.2259 -4.22306 -6.9382 7.2259 -4.21731 -6.54771 7.2259 -4.30104 -6.22196 7.2259 -4.33872 -6.12849 7.2259 -4.58574 -5.67015 7.2259 -4.67314 -5.53895 7.2259 -4.79298 -5.43406 7.2259 -4.95575 -5.29524 7.2259 -5.0578 -5.21181 7.2259 -7.19462 -5.44444 7.2259 -7.51124 -5.81935 7.2259 -7.64993 -6.18976 7.2259 -7.71377 -6.56121 7.2259 -7.71273 -6.64983 7.2259 -7.70959 -6.86446 7.2259 -7.70854 -6.93231 7.2259 -7.67138 -7.17186 7.2259 -7.63684 -7.30341 7.2259 -7.57509 -7.48827 7.2259 -7.5013 -7.65097 7.2259 -7.43483 -7.7479 7.2259 -7.26736 -7.93899 7.2259 -4.31569 -5.81866 6.93954 -4.08228 -6.18976 6.65518 -4.23301 -5.81866 6.65518 -4.01058 -6.5754 6.65518 -4.01058 -6.64983 6.65518 -4.01111 -6.87311 6.65518 -4.03152 -7.05832 6.28375 -4.09537 -7.30341 6.28375 -4.25499 -7.67451 6.28375 -5.24045 -8.56107 6.65518 -4.74013 -8.25401 6.86965 -4.38321 -7.87703 6.85847 -4.95313 -8.40945 6.65518 -4.01529 -6.63252 6.85567 -4.01529 -6.83088 6.85567 -4.03204 -7.05832 6.65518 -4.09694 -7.30341 6.65518 -4.25603 -7.67451 6.65518 -4.32616 -7.67451 6.92396 -7.70628 6.8044 9.86137 -7.69716 6.59832 9.86137 -7.68332 6.8044 11.1109 -7.659 7.17561 9.86137 -7.52795 7.55561 9.86137 -7.46006 7.67506 9.86137 -7.39251 7.78436 9.86137 -7.17972 7.96574 9.86137 -6.82643 8.24998 9.86137 -6.43734 8.38905 9.86137 -6.06615 8.43372 9.86137 -5.8689 8.42458 9.86137 -5.69495 8.41139 9.86137 -5.53621 8.38229 9.86137 -5.32376 8.3163 9.86137 -5.20926 8.27062 9.86137 -5.04478 8.18839 9.86137 -4.92217 8.08924 9.86137 -4.78606 7.96607 9.86137 -4.66109 7.84493 9.86137 -4.54861 7.67202 9.86137 -4.34799 7.27002 9.86137 -4.3159 7.15835 9.86137 -4.25612 6.8044 9.86137 -4.28213 6.43353 9.86137 -4.31252 6.29412 9.86137 -4.35069 6.16655 9.86137 -4.61042 5.69349 9.86137 -4.95426 5.34664 9.86137 -5.41935 5.08406 9.86137 -5.54938 5.03973 9.86137 -5.70272 5.00386 9.86137 -6.07729 4.97713 9.86137 -6.44443 5.0448 9.86137 -6.55488 5.0756 9.86137 -6.93891 5.27118 9.86137 -7.11893 5.38894 9.86137 -7.23883 5.51008 9.86137 -7.36313 5.64713 9.86137 -7.45972 5.76895 9.86137 -7.54686 5.9422 9.86137 -7.59381 6.06232 9.86137 -7.65663 6.26942 9.86137 -7.68568 6.43353 9.86137 -7.66035 6.43353 11.1109 -7.52187 6.8044 11.4253 -7.49485 7.17561 11.4191 -7.62624 7.17561 11.1109 -7.51174 6.43353 11.4253 -7.55058 6.06232 11.1109 -7.45803 6.06232 11.3991 -7.17972 6.43353 11.554 -7.17972 6.8044 11.5542 -7.17972 7.17561 11.5479 -7.17972 7.54715 11.4844 -7.41885 7.54715 11.3557 -7.36617 7.7336 11.2978 -7.47188 7.54715 11.1109 -7.17972 6.06232 11.5278 -7.41818 5.79906 11.1109 -7.40062 5.82478 11.3475 -7.17972 5.69721 11.4168 -6.80853 5.69112 11.5373 -6.80853 6.06232 11.5542 -6.80853 7.54715 11.5542 -6.43734 5.69112 11.5542 -5.69495 5.69112 11.5542 -4.95257 6.43353 11.5542 -4.95257 7.17561 11.5542 -5.32376 7.54715 11.5542 -6.06615 7.91836 11.5542 -6.43734 7.91836 11.5471 -6.84501 7.95491 11.4455 -7.17972 7.82564 11.3618 -6.74571 8.17147 11.3731 -6.99261 8.10278 11.1109 -7.27227 5.61329 11.1109 -7.05577 5.45289 11.36 -6.80853 5.37574 11.4085 -6.46909 5.28438 11.4299 -6.06615 5.31957 11.5043 -6.06615 8.25404 11.4253 -6.43734 8.22832 11.4183 -6.43734 8.35488 11.1109 -6.80718 8.20531 11.1109 -7.08684 5.4265 11.1109 -6.80853 5.24547 11.1109 -6.60993 5.13854 11.1109 -6.36675 5.10334 11.347 -6.06615 5.08541 11.3756 -5.69495 5.31957 11.4833 -5.32376 5.69112 11.5494 -5.69495 7.91836 11.5527 -5.69495 8.2422 11.4238 -6.06615 8.40868 11.1109 -6.42451 5.08812 11.1109 -6.06615 5.03634 11.1109 -5.69495 5.09928 11.3545 -5.34301 5.30807 11.4094 -4.92656 5.66506 11.4433 -4.95257 6.06232 11.5491 -5.32376 7.91836 11.5206 -4.95257 7.54715 11.5328 -5.32376 8.18704 11.3918 -5.69495 8.38296 11.1109 -5.69495 5.06443 11.1109 -4.58138 6.8044 11.4962 -5.47947 5.12229 11.319 -5.03296 5.42413 11.376 -4.68777 5.77165 11.3757 -4.57091 6.08601 11.4055 -4.58138 6.43353 11.4755 -4.96507 7.91261 11.4084 -4.64859 7.54715 11.4041 -4.72222 7.78538 11.354 -4.55064 7.1949 11.4261 -5.09679 8.13222 11.3396 -5.32376 8.27028 11.1109 -5.46427 5.1162 11.1109 -4.35339 6.8044 11.3673 -4.36994 7.08391 11.3407 -5.27884 5.19809 11.1109 -4.98027 5.38386 11.1109 -4.79484 5.53343 11.1109 -4.64859 5.7192 11.1109 -4.38683 6.22576 11.3132 -4.36623 6.43353 11.3467 -4.69959 7.81177 11.1109 -4.89076 7.9972 11.1109 -4.41047 7.31638 11.1109 -4.52903 7.54715 11.1109 -5.07619 8.14609 11.1109 -4.31151 6.8044 11.1109 -4.35711 7.1306 11.1109 -4.46283 6.02882 11.1109 -4.38278 6.2146 11.1109 -4.33718 6.43353 11.1109 -3.01553 0.121634 -3.33627 -2.98768 0.424989 -3.33627 -2.69026 0.121041 -4.11163 -3.01019 -0.249266 -3.33627 -2.9628 -0.620165 -3.33627 -2.85556 -1.00647 -3.33627 -2.72995 -1.28494 -3.33627 -2.70152 -1.34715 -3.33627 -2.47578 -1.74175 -3.33627 -2.34129 -1.91298 -3.33627 -2.17896 -2.09191 -3.33627 -1.98937 -2.27677 -3.33627 -1.7666 -2.4557 -3.33627 -1.66884 -2.53154 -3.33627 -1.60248 -2.57065 -3.33627 -1.2393 -2.76024 -3.33627 -0.89922 -2.8817 -3.33627 -0.848267 -2.89889 -3.33627 -0.496933 -2.99013 -3.33627 -0.125453 -3.03753 -3.33627 0.091391 -3.03457 -3.33627 0.244841 -3.0322 -3.33627 0.433247 -3.0085 -3.33627 0.632909 -2.96347 -3.33627 0.740739 -2.93562 -3.33627 0.981875 -2.85326 -3.33627 1.2787 -2.7395 -3.33627 1.35869 -2.70692 -3.33627 1.49199 -2.637 -3.33627 1.70943 -2.49718 -3.33627 1.94405 -2.32061 -3.33627 2.11705 -2.17901 -3.33627 2.17511 -2.12094 -3.33627 2.31671 -1.94853 -3.33627 2.49386 -1.7139 -3.33627 2.63368 -1.49705 -3.33627 2.70419 -1.36315 -3.33627 2.73677 -1.28375 -3.33627 2.85112 -0.987509 -3.33627 2.93407 -0.74755 -3.33627 2.9625 -0.637347 -3.33627 3.00753 -0.440048 -3.33627 3.03182 -0.249266 -3.33627 3.03419 -0.0993653 -3.33627 3.03716 0.121634 -3.33627 2.99094 0.492533 -3.33627 2.89852 0.85099 -3.33627 2.88074 0.903722 -3.33627 2.76166 1.23552 -3.33627 2.57088 1.60108 -3.33627 2.53059 1.66981 -3.33627 2.45298 1.76935 -3.33627 2.27939 1.98561 -3.33627 2.08861 2.18173 -3.33627 1.9162 2.33814 -3.33627 1.73846 2.47738 -3.33627 1.34506 2.70193 -3.33627 1.28877 2.72741 -3.33627 1.00261 2.85598 -3.33627 0.61632 2.96263 -3.33627 0.244841 3.01062 -3.33627 -0.125453 3.01536 -3.33627 -0.431761 2.98633 -3.33627 -0.496933 2.97981 -3.33627 -0.746955 2.93774 -3.33627 -0.868412 2.90575 -3.33627 -0.998755 2.86546 -3.33627 -1.23574 2.76414 -3.33627 -1.54146 2.6018 -3.33627 -1.62085 2.55144 -3.33627 -1.74349 2.47264 -3.33627 -1.9396 2.31326 -3.33627 -2.1363 2.13196 -3.33627 -2.317 1.93466 -3.33627 -2.47578 1.73854 -3.33627 -2.55399 1.61649 -3.33627 -2.60494 1.53591 -3.33627 -2.76609 1.22841 -3.33627 -2.86682 0.992003 -3.33627 -2.9071 0.864025 -3.33627 -2.93969 0.740787 -3.33627 -2.98116 0.492533 -3.33627 -2.64405 0.491941 -4.11163 -2.57413 0.783446 -4.11163 -2.51133 0.969488 -4.11163 -2.38751 1.23492 -4.11163 -2.22991 1.51103 -4.11163 -2.09127 1.69707 -4.11163 -1.90583 1.90148 -4.11163 -1.70202 2.08752 -4.11163 -1.51657 2.22616 -4.11163 -1.2393 2.38495 -4.11163 -0.977426 2.50819 -4.11163 -0.791983 2.57099 -4.11163 -0.496933 2.64328 -4.11163 -0.125453 2.69008 -4.11163 0.244841 2.68475 -4.11163 0.61632 2.62195 -4.11163 0.853902 2.55499 -4.11163 1.03934 2.48034 -4.11163 1.35869 2.31681 -4.11163 1.57435 2.18587 -4.11163 1.7592 2.02945 -4.11163 1.96419 1.84341 -4.11163 2.14904 1.61234 -4.11163 2.29064 1.4263 -4.11163 2.3884 1.23552 -4.11163 2.54541 0.864025 -4.11163 2.6325 0.545857 -4.11163 2.66864 0.359815 -4.11163 2.68938 0.121634 -4.11163 2.68345 -0.249266 -4.11163 2.66271 -0.451897 -4.11163 2.61591 -0.637347 -4.11163 2.49919 -0.991657 -4.11163 2.35581 -1.29738 -4.11163 2.24562 -1.48342 -4.11163 2.06017 -1.72101 -4.11163 1.90257 -1.90706 -4.11163 1.71713 -2.06347 -4.11163 1.47777 -2.24952 -4.11163 1.29233 -2.35913 -4.11163 0.987799 -2.50073 -4.11163 0.6258 -2.61864 -4.11163 0.440357 -2.66485 -4.11163 0.244841 -2.68381 -4.11163 -0.125453 -2.68914 -4.11163 -0.351777 -2.67018 -4.11163 -0.536628 -2.63463 -4.11163 -0.868412 -2.54398 -4.11163 -1.2393 -2.38638 -4.11163 -1.42533 -2.29099 -4.11163 -1.61018 -2.14998 -4.11163 -1.84362 -1.96393 -4.11163 -2.02847 -1.75953 -4.11163 -2.18666 -1.57348 -4.11163 -2.31404 -1.36315 -4.11163 -2.48112 -1.03728 -4.11163 -2.55636 -0.851236 -4.11163 -2.62153 -0.620757 -4.11163 -2.68433 -0.249858 -4.11163 -2.31463 -1.36315 -4.11095 -1.90583 1.90207 -4.11095 -1.61078 -2.14998 -4.11095 -0.791983 2.57158 -4.11095 2.63309 0.545265 -4.11095 -15.348 -2.5792 8.14172 -15.1848 -2.5792 8.14172 -15.1848 -2.5792 11.8534 -16.8328 -2.5792 12.2245 -17.4649 -2.5792 12.2245 -17.4649 -2.5792 10.7392 -16.8328 -2.5792 8.88292 -16.0906 -2.5792 8.51184 -16.4616 -2.57509 8.51184 -15.7192 -2.57464 8.14172 -17.4649 -2.37899 3.66045 -15.1848 -2.5646 7.7697 -15.1848 -2.37899 3.66045 -15.1848 2.07894 3.66045 -15.1848 2.07894 11.8534 -15.1848 1.99229 12.0626 -15.1848 1.9248 12.2197 -15.1848 1.60647 12.3636 -15.1848 1.37115 12.3646 -15.1848 -1.96854 12.3646 -15.1848 -2.10536 12.3636 -15.1848 -2.26954 12.2917 -15.1848 -2.42414 12.2197 -17.2042 -2.57327 8.88292 -17.4649 2.07894 3.66045 -17.2042 2.07986 3.66045 -17.4649 -2.57418 12.5955 -17.4649 -2.49574 12.9657 -17.4649 -2.36303 13.2402 -17.4649 -2.10536 13.3263 -17.4649 -2.0032 13.3282 -17.4649 -1.73413 13.331 -17.4649 1.23524 13.331 -17.4649 1.60647 13.3263 -17.4649 1.67579 13.315 -17.4649 1.86369 13.2402 -17.4649 1.9102 13.1966 -17.4649 2.042 12.8559 -17.4649 2.07438 12.5955 -17.4649 2.07894 12.4848 -17.2042 -2.56278 12.5955 -15.5069 -2.30511 12.4157 -15.5069 1.80622 12.4157 -3.45136 -1.11664 3.5707 -3.4362 -1.33323 3.5707 -3.45136 -0.60099 3.59969 -3.45136 -0.248854 3.61842 -3.45136 -0.22949 3.61864 -3.45136 0.121211 3.62089 -3.45136 0.49271 3.6057 -3.45136 1.07434 3.5707 -3.42793 1.23499 3.5707 -3.34179 1.60649 3.5707 -2.8091 2.34877 3.5707 -2.72433 2.43483 3.5707 -2.43904 2.72027 3.5707 -2.3529 2.8049 3.5707 -1.61072 3.33991 3.5707 -0.497097 3.70209 3.5707 -0.125663 3.73795 3.5707 0.147919 3.73723 3.5707 0.513152 3.73149 3.5707 0.826703 3.6734 3.5707 1.66674 3.40016 3.5707 2.37516 2.99423 3.5707 2.76175 2.6378 3.5707 3.10287 2.23617 3.5707 3.49498 1.51541 3.5707 3.53908 1.18837 3.5707 3.55631 0.834805 3.5707 3.5887 0.121211 3.5707 3.58387 -0.248854 3.5707 3.56458 -0.618202 3.5707 3.53426 -0.991853 3.5707 3.46259 -1.36263 3.5707 3.02706 -2.10563 3.5707 2.70593 -2.47642 3.5707 2.47232 -2.7095 3.5707 2.10157 -3.02936 3.5707 1.3587 -3.46469 3.5707 0.987267 -3.53784 3.5707 0.61652 -3.56438 3.5707 0.245084 -3.58589 3.5707 -0.123595 -3.58876 3.5707 -0.838213 -3.56007 3.5707 -1.19104 -3.54214 3.5707 -1.51631 -3.49624 3.5707 -2.23644 -3.10251 3.5707 -2.63888 -2.76257 3.5707 -2.99516 -2.37601 3.5707 -3.40243 -1.66959 3.5707 -2.77326 -0.592383 4.11915 -2.80634 -0.25746 4.11915 -2.80703 -0.250288 4.11915 -2.78498 0.49271 4.11915 -2.33154 -1.63445 4.11915 -2.67196 -0.986115 4.11915 -2.68919 -0.948105 4.11915 -2.70366 -0.899336 4.11915 -2.76844 -0.620353 4.11915 -2.30466 -1.68106 4.11915 -2.27021 -1.72122 4.11915 -1.94907 -2.07264 4.11915 -1.57764 -2.37888 4.11915 -1.53422 -2.41259 4.11915 -1.48874 -2.43554 4.11915 -0.956742 -2.63706 4.11915 -0.491585 -2.80847 4.11915 -0.457129 -2.81636 4.11915 -0.125663 -2.85652 4.11915 0.267136 -2.86011 4.11915 0.317442 -2.85365 4.11915 0.580686 -2.78265 4.11915 1.38144 -2.47857 4.11915 1.75839 -2.19098 4.11915 1.84591 -2.11783 4.11915 2.11398 -1.85103 4.11915 2.18772 -1.7621 4.11915 2.47577 -1.3863 4.11915 2.80241 -0.55509 4.11915 2.84513 -0.282562 4.11915 2.84996 -0.248854 4.11915 2.85478 0.0695737 4.11915 2.85547 0.121211 4.11915 2.82102 0.414537 4.11915 2.81481 0.463305 4.11915 2.80792 0.497013 4.11915 2.67217 0.864209 4.11915 2.63702 0.95816 4.11915 2.43442 1.48816 4.11915 2.41168 1.53406 4.11915 2.37791 1.57709 4.11915 2.07194 1.94859 4.11915 1.72049 2.26988 4.11915 1.68052 2.30359 4.11915 1.63366 2.33084 4.11915 0.986577 2.67079 4.11915 0.949366 2.688 4.11915 0.900438 2.70234 4.11915 0.61652 2.7676 4.11915 0.590333 2.77191 4.11915 0.245084 2.80633 4.11915 -0.116704 2.80992 4.11915 -0.125663 2.80992 4.11915 -0.497097 2.78267 4.11915 -0.882317 2.70951 4.11915 -1.60796 2.33945 4.11915 -2.00283 1.99879 4.11915 -2.34256 1.6029 4.11915 -2.71193 0.874967 4.11915 -2.81185 0.121211 4.11915 -2.81185 0.115473 4.11915 -17.693 2.7215 -2.18784 -17.6774 2.72034 -2.18784 -17.8516 2.7215 -2.35923 -18.0377 2.7215 -2.5179 -18.3013 2.7215 -2.7033 -18.4861 2.7215 -2.82417 -18.6901 2.7215 -2.91824 -19.0622 2.7215 -3.05433 -19.0837 2.7215 -3.05974 -20.6641 2.7215 -3.06541 -20.9026 2.7215 -3.06541 -20.9181 2.7215 -3.0618 -21.2879 2.7215 -2.92718 -21.5002 2.7215 -2.82924 -21.6863 2.7215 -2.7106 -21.9511 2.7215 -2.52503 -22.1371 2.7215 -2.36979 -22.2218 2.7215 -2.18784 -22.322 2.72034 -2.18784 -26.8569 2.07692 -2.18784 -26.9356 2.04955 -2.18784 -27.2087 1.93426 -2.18784 -27.3685 1.60643 -2.18784 -27.3697 1.23551 -2.18784 -27.3697 -1.73414 -2.18784 -27.3196 -2.10564 -2.18784 -27.2075 -2.27333 -2.18784 -27.161 -2.33506 -2.18784 -26.8569 -2.37873 -2.18784 -20.1798 -3.22653 -2.18784 -20.1703 -3.22712 -2.18784 -20.0307 -3.22712 -2.18784 -15.1858 -2.37873 -2.18784 -15.1858 2.07866 -2.18784 -15.1858 2.07866 -3.06541 -15.1858 -2.37873 -3.06541 -26.1138 -2.37873 -3.06541 -26.4847 -2.37815 -3.06541 -26.839 -2.33564 -3.06541 -27.0083 -2.10564 -3.06541 -27.0453 -1.73414 -3.06541 -27.0453 1.60643 -3.06541 -27.0346 1.67456 -3.06541 -26.87 1.94066 -3.06541 -26.8247 1.96162 -3.06541 -26.4847 2.07575 -3.06541 -19.104 2.72034 -3.06541 -26.8569 2.07633 -2.25468 -20.1751 -3.22712 -2.18861 -26.8569 2.05129 -2.62598 -26.8569 -2.37058 -2.62598 -27.1348 1.90805 -2.62598 -27.1956 1.93309 -2.25468 -26.8569 -2.37873 -2.25468 -27.0954 -2.32632 -2.62598 -27.062 -2.30885 -2.86343 -27.0799 1.85448 -2.89883 -27.3507 1.60643 -2.25468 -27.1884 -2.10564 -2.62598 -27.0859 -2.10564 -2.91593 -27.0978 1.60643 -2.94256 -27.2278 1.60643 -2.62598 -27.3518 1.23551 -2.25468 -27.3518 -1.73414 -2.25468 -27.2278 -1.73414 -2.62598 -27.0978 -1.73414 -2.94256 -10.6962 -2.5988 3.55684 -9.39972 -4.59446 3.55684 -9.46264 -4.59446 3.62596 -9.61477 -4.59446 3.80916 -9.62714 -4.58567 3.81842 -10.8179 -2.5988 3.80751 -11.0428 -2.5988 4.27775 -11.0453 -2.5988 4.64647 -11.0453 -2.5988 5.54166 -11.0448 -2.5988 5.91303 -10.9757 -2.5988 6.28439 -10.7725 -2.5988 6.65907 -10.5296 -2.5988 6.85715 -10.1501 -2.5988 6.92594 -9.77876 -2.5988 6.9352 -9.40745 -2.5988 6.93487 -7.18219 -2.5988 6.51489 -7.05533 -2.5988 6.48579 -6.98159 -2.5988 6.28439 -6.78149 -2.5988 3.55684 -5.87076 -4.59446 3.55684 -5.8295 -4.59446 3.58859 -5.78051 -4.59446 3.68581 -5.77896 -4.59446 3.85149 -5.77742 -4.59446 4.05718 -5.77742 -4.59446 5.54166 -5.77793 -4.59446 5.91303 -5.8063 -4.59446 6.28439 -6.05848 -4.59446 6.63526 -6.43752 -4.59446 6.68585 -9.03615 -4.59446 6.55391 -9.40436 -4.59446 6.51985 -9.54205 -4.59446 6.4924 -9.62611 -4.59446 6.28439 -9.63024 -4.59446 6.23082 -9.65087 -4.59446 5.91303 -9.65499 -4.59446 4.08794 -9.65499 -4.59446 4.05718 -9.63179 -4.59446 3.88423 -9.62405 -4.59446 3.82834 -6.98932 -2.64745 6.4752 -9.60806 -4.5509 6.48314 -6.06588 -4.99252 7.22608 -6.43731 -5.02767 7.22608 -6.06588 -5.03654 8.51194 -5.84234 -4.99968 7.22608 -5.69514 -5.00787 7.22608 -5.51782 -5.03449 7.22608 -5.31482 -5.08978 7.22608 -5.05773 -5.21162 7.22608 -4.95572 -5.29523 7.22608 -4.79277 -5.4338 7.22608 -4.67296 -5.53891 7.22608 -4.58567 -5.66996 7.22608 -4.33851 -6.12865 7.22608 -4.30085 -6.22216 7.22608 -4.21698 -6.54774 7.22608 -4.2228 -6.93783 7.22608 -4.25806 -7.09107 7.22608 -4.30873 -7.25284 7.22608 -4.53671 -7.67466 7.22608 -4.68973 -7.93643 7.22608 -4.95264 -8.12208 7.22608 -5.32578 -8.36201 7.22608 -5.69514 -8.45961 7.22608 -6.06588 -8.47838 7.22608 -6.26272 -8.46132 7.22608 -6.43731 -8.43777 7.22608 -6.59238 -8.38999 7.22608 -6.73958 -8.33846 7.22608 -6.84262 -8.27566 7.22608 -7.05315 -8.12174 7.22608 -7.17502 -8.02891 7.22608 -7.26779 -7.93881 7.22608 -7.43484 -7.74804 7.22608 -7.50194 -7.65077 7.22608 -7.57554 -7.48798 7.22608 -7.6375 -7.30335 7.22608 -7.67139 -7.17161 7.22608 -7.7087 -6.93203 7.22608 -7.71007 -6.86411 7.22608 -7.71418 -6.56105 7.22608 -7.65017 -6.18974 7.22608 -7.51118 -5.81945 7.22608 -7.19453 -5.44403 7.22608 -6.77621 -5.13654 7.22608 -6.43731 -5.09319 8.51194 -6.43731 -5.17749 8.85501 -6.06588 -5.14917 8.87183 -5.69514 -5.16316 8.86736 -5.69514 -5.06453 8.51194 -6.73547 -5.20309 8.51194 -6.92101 -5.3065 8.51194 -6.69782 -5.22254 8.79148 -6.8166 -5.42799 8.89492 -6.43731 -5.44745 9.03326 -6.06588 -5.44745 9.05008 -5.69514 -5.44745 9.04561 -5.32372 -5.44745 8.96292 -5.32372 -5.21947 8.78521 -5.1351 -5.25974 8.70432 -5.32372 -5.17715 8.51194 -7.33352 -5.67577 8.51194 -7.14763 -5.49216 8.51194 -7.09663 -5.53891 8.81367 -7.20412 -5.79863 8.9044 -6.80839 -5.81876 9.05205 -6.43731 -5.81876 9.05402 -5.32372 -5.81876 9.05348 -4.95264 -5.81876 9.00695 -4.9879 -5.46929 8.80741 -4.74416 -5.60751 8.75568 -4.73287 -5.59488 8.51194 -7.60121 -6.18974 8.51194 -7.45162 -5.86142 8.51194 -7.42286 -5.90886 8.80741 -7.17981 -6.18974 9.0465 -7.48345 -6.18974 8.86825 -7.17981 -6.56105 9.05312 -6.43731 -7.67466 9.0542 -4.95264 -6.56105 9.0542 -4.95264 -6.18974 9.05312 -4.58122 -6.56105 8.98834 -4.5576 -6.19042 8.87631 -4.67399 -5.81876 8.82924 -4.37582 -6.31465 8.75909 -4.42922 -6.09896 8.51194 -4.58087 -5.81876 8.51194 -7.68371 -6.56105 8.51194 -7.52453 -6.56105 8.87488 -7.17981 -6.93203 9.05294 -6.80839 -7.30335 9.05366 -6.80839 -7.67466 9.05098 -6.06588 -8.04598 9.04632 -5.69514 -7.67466 9.05402 -4.95264 -6.93203 9.0542 -4.58122 -6.93203 8.981 -4.35597 -6.56105 8.81009 -4.95264 -7.30335 9.05259 -4.3166 -6.56105 8.51194 -4.36555 -6.28461 8.51194 -7.6779 -6.93203 8.51194 -7.52179 -6.93203 8.8747 -7.17981 -7.30335 9.04274 -6.80086 -8.05656 8.88006 -6.43731 -8.04598 9.01339 -7.19659 -7.68627 8.90082 -6.06588 -8.32242 8.86807 -5.69514 -8.04598 9.03451 -5.32372 -7.67466 9.05312 -4.95264 -7.67466 8.98369 -4.56205 -7.29413 8.87004 -4.35905 -6.93203 8.80275 -4.32208 -6.93203 8.51194 -7.58512 -7.30335 8.51194 -7.47524 -7.30335 8.8645 -6.6718 -8.25655 8.76803 -6.43731 -8.29409 8.83514 -7.0843 -7.94018 8.81242 -7.41602 -7.57023 8.80257 -6.06588 -8.41354 8.51194 -5.69514 -8.30842 8.85626 -5.3025 -8.07533 8.8976 -4.95264 -7.95178 8.80687 -4.68871 -7.67466 8.80651 -4.37959 -7.1641 8.74942 -7.44135 -7.61084 8.51194 -6.88199 -8.16543 8.51194 -6.69645 -8.26884 8.51194 -6.43731 -8.35689 8.51194 -7.31503 -7.7965 8.51194 -7.12949 -7.98011 8.51194 -5.69514 -8.38555 8.51194 -5.41238 -8.27157 8.7947 -4.75683 -7.87124 8.72598 -4.44018 -7.37263 8.51194 -4.37137 -7.18697 8.51194 -5.36377 -8.2917 8.51194 -5.17789 -8.21218 8.51194 -4.95264 -8.04291 8.51194 -4.61066 -7.67466 8.51194 -27.9715 -2.5792 5.17096 -28.3424 -2.57692 5.17096 -27.9715 -2.54409 4.79946 -27.6001 -2.57372 5.17096 -27.6001 -2.5792 5.54246 -27.265 -2.5792 8.14006 -27.265 -2.5792 10.3676 -28.3424 -2.5792 10.7391 -29.085 -2.5792 10.7391 -29.8273 -2.5792 10.3676 -30.1982 -2.5792 9.99684 -30.5695 -2.5792 9.25383 -30.5695 -2.5792 6.65624 -30.1982 -2.5792 6.28547 -28.7137 -2.54135 5.17096 -29.085 -2.57327 5.54246 -28.3519 -2.44377 4.77756 -27.9715 -2.39954 4.50824 -27.265 -2.3357 4.09368 -27.6001 -2.52585 4.79946 -27.265 -2.51992 5.17096 -27.265 -2.55777 5.50597 -30.9409 -2.56689 6.65624 -30.5695 -2.55549 6.28547 -29.8273 -2.56689 5.91396 -29.0767 -2.43054 5.16074 -28.7137 -2.39726 4.89069 -29.456 -2.51445 5.54246 -28.2349 -2.35622 4.57247 -27.265 -2.14327 3.94186 -27.265 -2.10497 3.91924 -27.265 -1.73425 3.86304 -27.265 -1.36262 3.86158 -27.265 1.23562 3.86158 -27.265 1.48276 3.86742 -27.265 1.60679 3.87107 -27.265 1.93374 4.06813 -27.265 1.94377 4.08492 -27.265 2.05868 4.42577 -27.265 2.07008 4.46518 -27.265 2.0792 4.79946 -27.265 2.0792 10.3676 -27.265 2.07783 10.7391 -27.265 1.93465 11.0734 -27.265 1.60679 11.2223 -27.265 1.23562 11.2237 -27.265 -1.77073 11.2237 -27.265 -2.10497 11.2223 -27.265 -2.1378 11.2084 -27.265 -2.43374 11.0734 -27.265 -2.44833 11.0413 -27.265 -2.57783 10.7391 -27.265 -2.5149 5.13447 -30.9409 -2.56689 8.14006 -31.2286 -2.42279 8.14006 -31.2286 -2.42279 6.65624 -31.1944 -2.37902 6.38108 -30.9468 -2.44012 6.26868 -30.5695 -2.41139 5.9833 -28.726 -2.39452 4.89361 -28.9473 -2.33935 4.95784 -27.9715 -2.57874 10.7391 -30.5695 -2.57783 9.62461 -30.9409 -2.56643 8.51156 -31.3309 -2.10497 6.65624 -31.3309 -2.10497 8.14006 -31.2286 -2.10497 6.33583 -31.0487 -2.10497 6.15044 -30.8274 -2.35576 6.05775 -29.6561 -2.30834 5.34832 -28.7137 -2.45973 11.1099 -28.726 -2.46383 11.0982 -30.1982 -2.55184 10.3676 -30.5695 -2.53816 9.99684 -30.9409 -2.53223 9.25383 -30.9409 -2.56096 8.88233 -31.227 -2.42234 8.51156 -31.3309 1.60679 8.14006 -31.3309 1.60679 6.65624 -31.2286 1.60679 6.33583 -31.0487 1.60679 6.15044 -30.8633 1.60679 6.03731 -30.8633 -2.10497 6.03731 -28.726 -2.45836 11.1113 -29.456 -2.57144 10.7391 -28.4506 -2.31062 11.3048 -28.7137 -2.31609 11.3069 -29.8273 -2.50806 10.7391 -30.166 -2.39133 10.726 -30.4275 -2.35075 10.5939 -30.5584 -2.41048 10.3501 -30.8473 -2.39361 9.99684 -30.9624 -2.43419 9.62534 -31.1864 -2.38768 9.25383 -31.2179 -2.41732 8.88233 -31.3277 -2.10497 8.51156 -31.3277 1.60679 8.51156 -31.2286 1.9237 8.14006 -31.2286 1.9237 6.65624 -31.1944 1.87993 6.38108 -30.8274 1.85667 6.05775 -28.9342 -2.30469 11.3018 -29.0687 -2.41413 11.1376 -29.456 -2.42781 11.0559 -28.412 -2.10497 11.3091 -28.7137 -2.10497 11.3179 -28.726 -2.31518 11.3069 -29.8273 -2.36397 10.9792 -30.0211 -2.30287 10.9303 -30.4489 -2.10497 10.6143 -30.6348 -2.10497 10.4165 -30.7801 -2.33433 10.2143 -31.151 -2.3398 9.50272 -31.2469 -2.10497 9.25383 -31.3086 -2.10497 8.88233 -31.3086 1.60679 8.88233 -31.227 1.92279 8.51156 -30.9409 2.06689 8.14006 -30.9409 2.06689 6.65624 -30.9468 1.94058 6.26868 -30.5695 1.9123 5.9833 -28.9473 1.84026 4.95784 -29.6561 1.80925 5.34832 -28.9517 -2.10497 11.3048 -29.1372 -2.10497 11.2719 -29.456 -2.10497 11.188 -28.412 1.60679 11.3091 -28.7137 1.60679 11.3179 -28.9517 1.60679 11.3048 -29.8273 -2.10497 11.0347 -30.0255 -2.10497 10.9333 -30.211 -2.10497 10.7997 -30.4489 1.60679 10.6143 -30.6348 1.60679 10.4165 -30.211 1.60679 10.7997 -30.7924 1.60679 10.2311 -30.7924 -2.10497 10.2311 -30.9393 -2.10497 9.99684 -31.0877 -2.10497 9.72022 -31.1637 -2.10497 9.5341 -31.1637 1.60679 9.5341 -31.2469 1.60679 9.25383 -31.2179 1.91778 8.88233 -30.9409 2.06643 8.51156 -30.9409 2.06096 8.88233 -30.5695 2.0792 6.65624 -30.1982 2.0792 6.28547 -30.5695 2.05549 6.28547 -30.5695 2.0792 9.25383 -27.5285 1.87446 4.17396 -28.2377 1.86123 4.56736 -29.1372 1.23562 11.2734 -29.1372 -1.73425 11.2734 -29.456 -1.73425 11.1887 -28.4506 1.81199 11.3048 -28.7137 1.817 11.3069 -28.726 1.81655 11.3069 -28.9342 1.8056 11.3018 -29.8273 1.60679 11.0347 -30.0255 1.60679 10.9333 -29.456 1.23562 11.1887 -30.4275 1.85166 10.5939 -30.0211 1.80378 10.9303 -30.7801 1.83524 10.2143 -30.9393 1.60679 9.99684 -31.0877 1.60679 9.72022 -31.151 1.84071 9.50272 -31.1864 1.88905 9.25383 -30.9409 2.03223 9.25383 -30.5695 2.07783 9.62461 -30.1982 2.0792 9.99684 -29.8273 2.0792 10.3676 -29.085 2.0792 10.7391 -27.9715 2.0792 10.7391 -27.6001 2.0792 4.79946 -28.3424 2.07737 5.17096 -29.085 2.07327 5.54246 -29.8273 2.06689 5.91396 -27.9715 2.05913 4.79946 -28.7137 2.04135 5.17096 -29.1372 1.60679 11.2719 -28.7137 1.96018 11.1099 -28.726 1.95152 11.1216 -29.0687 1.91504 11.1376 -29.456 1.92826 11.0559 -29.8273 1.86534 10.9792 -29.456 1.60679 11.188 -30.166 1.89224 10.726 -30.1982 2.05184 10.3676 -30.5584 1.91094 10.3501 -30.8473 1.89498 9.99684 -30.9624 1.9351 9.62534 -30.5695 2.03816 9.99684 -29.456 2.07144 10.7391 -28.726 1.95882 11.1113 -29.8273 2.00852 10.7391 -2.68951 0.120923 -4.11196 -2.68424 -0.249284 -4.11196 -2.62158 -0.621071 -4.11196 -2.5568 -0.850673 -4.11196 -2.48097 -1.03709 -4.11196 -2.31404 -1.36359 -4.11196 -2.18608 -1.57371 -4.11196 -2.02862 -1.7596 -4.11196 -1.84326 -1.96445 -4.11196 -1.6105 -2.15035 -4.11196 -1.42514 -2.29148 -4.11196 -1.23978 -2.38627 -4.11196 -0.868523 -2.54373 -4.11196 -0.537292 -2.6343 -4.11196 -0.351928 -2.67011 -4.11196 -0.125491 -2.6896 -4.11196 0.245236 -2.6838 -4.11196 0.440605 -2.66432 -4.11196 0.625968 -2.61798 -4.11196 0.987741 -2.50002 -4.11196 1.29264 -2.35836 -4.11196 1.47748 -2.24935 -4.11196 1.71708 -2.06346 -4.11196 1.90245 -1.90653 -4.11196 2.0599 -1.72063 -4.11196 2.24579 -1.48313 -4.11196 2.35585 -1.29724 -4.11196 2.49908 -0.991278 -4.11196 2.61546 -0.637396 -4.11196 2.66233 -0.451503 -4.11196 2.68339 -0.248758 -4.11196 2.68919 0.120923 -4.11196 2.66812 0.359477 -4.11196 2.63284 0.545897 -4.11196 2.54543 0.86397 -4.11196 2.3885 1.23523 -4.11196 2.29055 1.42586 -4.11196 2.14942 1.61228 -4.11196 1.96406 1.84294 -4.11196 1.75921 2.02883 -4.11196 1.57437 2.18576 -4.11196 1.35899 2.31689 -4.11196 1.03935 2.48066 -4.11196 0.853986 2.55492 -4.11196 0.616489 2.6218 -4.11196 0.245236 2.68446 -4.11196 -0.125491 2.69025 -4.11196 -0.49727 2.64339 -4.11196 -0.792166 2.57124 -4.11196 -0.97753 2.50805 -4.11196 -1.23978 2.38535 -4.11196 -1.51624 2.22578 -4.11196 -1.70161 2.08781 -4.11196 -1.90593 1.90139 -4.11196 -2.09129 1.69707 -4.11196 -2.22978 1.51065 -4.11196 -2.38724 1.2347 -4.11196 -2.51099 0.969819 -4.11196 -2.57418 0.783399 -4.11196 -2.64422 0.492183 -4.11196 -2.68845 0.12145 -6.3381 -2.68266 -0.248758 -6.3381 -2.57313 0.783925 -6.3381 -2.64264 0.49271 -6.3381 -2.58524 0.484284 -6.72286 -2.63105 0.12145 -6.70939 -2.62579 -0.248758 -6.70939 -2.57418 -0.595794 -6.70053 -2.62 -0.620018 -6.3381 -2.55628 -0.850673 -6.3381 -2.51099 0.969819 -6.3381 -2.56154 0.748642 -6.60795 -2.5468 0.354738 -6.90407 -2.52257 0.602245 -6.85516 -2.55628 0.12145 -6.91392 -2.55364 -0.248758 -6.91129 -2.54364 -0.456769 -6.90046 -2.51204 -0.704276 -6.81806 -2.55048 -0.835402 -6.57053 -2.48097 -1.03657 -6.3381 -2.38724 1.23523 -4.4826 -2.38724 1.23523 -6.3381 -2.29403 1.26946 -6.74321 -2.48203 0.869236 -6.72286 -2.18397 0.356318 -7.46545 -2.21399 0.12145 -7.46545 -2.16449 1.41638 -6.8893 -2.23136 1.16888 -6.94773 -2.01599 0.86397 -7.46545 -2.12815 0.542211 -7.46545 -2.18239 0.363164 -7.46545 -2.19766 -0.267716 -7.46545 -2.11551 -0.595794 -7.46545 -2.45096 -0.972847 -6.70053 -2.11077 -0.608433 -7.46545 -1.95753 -0.991278 -7.46545 -2.21083 -1.25142 -6.93296 -2.2519 -1.36991 -6.69823 -2.17976 -1.56476 -6.56692 -2.31404 -1.36254 -6.3381 -2.22926 1.51117 -6.3381 -2.20872 1.48116 -6.64177 -1.87486 1.14676 -7.46545 -1.86959 1.15729 -7.46545 -1.73531 1.34266 -7.46545 -1.54994 1.54646 -7.46545 -1.54257 1.5533 -7.46545 -1.34773 1.73182 -7.46545 -1.16237 1.86611 -7.46545 -0.868523 2.01461 -7.46545 -0.553617 2.12626 -7.46545 -0.374572 2.1805 -7.46545 -0.367727 2.18208 -7.46545 -0.360354 2.18313 -7.46545 -0.125491 2.2142 -7.46545 -0.113379 2.2142 -7.46545 0.25998 2.20314 -7.46545 0.272093 2.20261 -7.46545 0.579101 2.12204 -7.46545 0.600691 2.1152 -7.46545 0.987741 1.95879 -7.46545 0.996167 1.95458 -7.46545 1.22629 1.83241 -7.46545 1.41165 1.67864 -7.46545 1.41903 1.67232 -7.46545 1.61229 1.49327 -7.46545 1.79765 1.25998 -7.46545 1.93299 1.07409 -7.46545 2.02198 0.871343 -7.46545 2.02514 0.86397 -7.46545 2.13362 0.49271 -7.46545 2.18365 0.120923 -7.46545 2.17733 -0.235592 -7.46545 2.17681 -0.248758 -7.46545 2.10993 -0.606853 -7.46545 2.10729 -0.620545 -7.46545 1.98828 -0.947569 -7.46545 1.88981 -1.13346 -7.46545 1.72077 -1.36307 -7.46545 1.56121 -1.56476 -7.46545 1.35004 -1.73064 -7.46545 1.12782 -1.89284 -7.46545 0.942454 -1.99131 -7.46545 0.931396 -1.99552 -7.46545 0.616489 -2.10875 -7.46545 0.602798 -2.11138 -7.46545 0.245236 -2.1772 -7.46545 0.231544 -2.17773 -7.46545 -0.125491 -2.18352 -7.46545 -0.49727 -2.1335 -7.46545 -0.868523 -2.02343 -7.46545 -1.0739 -1.93338 -7.46545 -1.25979 -1.79805 -7.46545 -1.26874 -1.7912 -7.46545 -1.49307 -1.61268 -7.46545 -1.67212 -1.41889 -7.46545 -1.67896 -1.41099 -7.46545 -1.83378 -1.22562 -7.46545 -2.07338 1.60544 -6.74321 -1.8164 1.81292 -6.90998 -2.13394 -1.49893 -6.81445 -2.18608 -1.57371 -6.3381 -1.98123 -1.73222 -6.71137 -1.82746 -1.94866 -6.60795 -1.84326 -1.96393 -6.3381 -2.02862 -1.75908 -6.3381 -2.09129 1.69707 -6.3381 -1.86643 1.86242 -6.70939 -1.60998 2.06991 -6.74354 -1.42093 2.16101 -6.89028 -1.77322 -1.89915 -6.85548 -1.59944 -2.09769 -6.6897 -1.42514 -2.29043 -6.52391 -1.6105 -2.14982 -6.3381 -1.9054 1.90192 -6.3381 -1.70161 2.08781 -6.3381 -1.4857 2.20525 -6.64275 -1.27453 2.29108 -6.74354 -0.874842 2.47961 -6.7245 -0.612595 2.51963 -6.85811 -1.17342 2.22789 -6.94839 -1.52572 -1.99868 -6.952 -1.34615 -2.24566 -6.77144 -1.22924 -2.34203 -6.6723 -0.868523 -2.48317 -6.70939 -0.868523 -2.54373 -6.3381 -1.23978 -2.38627 -6.3381 -1.42514 -2.29148 -6.3381 -1.9054 1.90192 -4.4826 -1.51624 2.22631 -4.4826 -1.51624 2.22631 -6.3381 -1.23978 2.38535 -6.3381 -0.97753 2.50805 -6.3381 -0.755305 2.5586 -6.61058 -0.492004 2.58335 -6.7245 -0.364568 2.54438 -6.90538 -1.09812 -2.31202 -6.9149 -0.476206 -2.59691 -6.68576 -0.338237 -2.66748 -6.54624 -0.868523 -2.35625 -6.95299 -0.537292 -2.6343 -6.3381 -0.792166 2.57071 -6.3381 -0.49727 2.64181 -6.3381 -0.125491 2.68867 -6.3381 -0.125491 2.63075 -6.70939 -0.125491 2.55386 -6.91589 -0.125491 -2.6185 -6.76455 -0.125491 -2.67538 -6.57906 -0.125491 -2.68854 -6.3381 -0.351928 -2.67011 -6.3381 0.245236 2.68288 -6.3381 0.245236 2.62548 -6.70939 -0.00226656 2.62917 -6.70939 -0.00226656 2.60442 -6.77702 -0.00226656 2.55334 -6.9149 -0.00226656 -2.61798 -6.76094 0.245236 -2.67275 -6.56757 -0.00226656 -2.68696 -6.3381 0.616489 2.62022 -6.3381 0.595951 2.57229 -6.70414 0.458508 2.5407 -6.90177 0.245236 2.55123 -6.91326 0.245236 -2.61587 -6.75306 0.437445 -2.66379 -6.53081 0.245236 -2.68275 -6.3381 0.853986 2.55439 -6.3381 0.836608 2.54754 -6.57677 0.706011 2.5091 -6.8243 0.616489 -2.39785 -6.98779 0.583313 -2.58164 -6.67657 0.440605 -2.66432 -6.3381 0.987741 -2.43893 -6.70939 0.987741 -2.49949 -6.3381 0.625968 -2.61798 -6.3381 1.03988 2.48014 -6.3381 1.56437 2.17786 -6.57414 1.36847 2.25159 -6.7025 0.971418 2.45065 -6.70414 1.25157 2.20841 -6.9346 1.18048 -2.29464 -6.89882 0.987741 -2.33519 -6.93493 1.2384 -2.32782 -6.70939 1.29264 -2.35783 -6.3381 1.35899 2.31636 -6.3381 1.75974 2.02883 -6.3381 1.94773 1.82609 -6.61386 1.73077 1.97933 -6.7176 1.49854 2.13257 -6.82167 1.57437 2.18524 -6.3381 1.42377 -2.21459 -6.70939 1.60544 -1.96972 -6.93362 1.47748 -2.24935 -6.3381 1.96353 1.84294 -6.3381 1.75974 2.02883 -4.4826 2.28897 1.42428 -6.53277 2.09571 1.59807 -6.69692 1.89771 1.77185 -6.86107 1.67601 -2.02923 -6.70939 1.96616 -1.60899 -6.93395 1.8619 -1.86598 -6.70939 1.71708 -2.06346 -6.3381 2.14942 1.61176 -6.3381 2.29002 1.42586 -6.3381 2.3885 1.23523 -6.3381 2.54543 0.86397 -6.3381 2.48434 0.86397 -6.70939 2.3411 1.2268 -6.67755 2.24421 1.34529 -6.78031 1.90245 -1.90653 -6.3381 2.02567 -1.68008 -6.70939 2.29108 -1.1856 -6.89948 2.21156 -1.42942 -6.70939 2.63284 0.545371 -6.3381 2.66444 0.342099 -6.55247 2.35532 0.86397 -6.95496 2.31003 1.09779 -6.91655 2.59598 0.476385 -6.68937 2.0599 -1.72063 -6.3381 2.24579 -1.48313 -6.3381 2.33215 -0.991278 -6.93592 2.57965 -0.590001 -6.67985 2.438 -0.991278 -6.70939 2.32425 -1.24352 -6.70939 2.6676 0.359477 -6.3381 2.68813 0.120923 -6.3381 2.67339 0.120923 -6.58694 2.61652 0.120923 -6.77276 2.35532 -1.29724 -6.3381 2.61336 -0.248758 -6.76061 2.39587 -0.620545 -6.9891 2.66075 -0.44571 -6.53639 2.49856 -0.991278 -6.3381 2.68287 -0.248758 -6.3381 2.67023 -0.248758 -6.57512 2.66233 -0.451503 -6.3381 2.61546 -0.637396 -6.3381 -25.7433 -2.5792 7.76978 -25.7433 -2.56871 7.39889 -25.3721 -2.5792 7.76978 -23.8871 -2.5792 8.51213 -23.1446 -2.5792 8.88361 -23.1429 -2.5792 8.88537 -23.1429 -2.5792 12.2245 -23.1446 -2.5792 12.2245 -24.2583 -2.5792 11.853 -26.857 -2.5792 10.7392 -27.265 -2.5792 10.3683 -27.265 -2.5792 8.14125 -25.7433 -2.49073 7.02742 -25.3721 -2.48937 7.02742 -25.3721 -2.56689 7.39889 -27.265 -2.57692 8.10469 -25.0008 -2.57509 7.76978 -23.5158 -2.57509 8.51213 -27.265 -2.57783 10.7392 -27.265 -2.44833 11.0411 -27.265 -2.43374 11.0729 -27.265 -2.1378 11.2086 -27.265 -2.10542 11.2227 -27.265 -1.77073 11.2239 -27.265 1.23562 11.2239 -27.265 1.60679 11.2227 -27.265 1.93465 11.0729 -27.265 2.07783 10.7392 -27.265 2.0792 10.3683 -27.265 2.0792 6.8523 -27.265 0.48004 6.8523 -27.265 -2.10542 7.49324 -27.265 -2.40592 7.63829 -27.265 -2.44696 7.6943 -25.7433 -2.44924 6.8523 -25.3721 -2.44833 6.8523 -23.1429 -2.37902 6.8523 -23.1429 -2.5605 8.51213 -25.8575 -2.41823 6.8523 -25.9959 -2.35895 6.8523 -23.1429 2.0792 6.8523 -23.1429 2.0792 12.2245 -23.1429 1.99575 12.596 -23.1429 1.85257 12.8271 -23.1429 1.60679 12.8737 -23.1429 1.23562 12.8761 -23.1429 -1.73425 12.8761 -23.1429 -2.10542 12.8737 -23.1429 -2.35166 12.8271 -23.1429 -2.49575 12.596 -25.3721 -2.57828 11.4821 -24.6296 -2.57464 11.853 -25.0008 -2.54363 11.853 -26.857 2.0792 10.7392 -24.2583 2.0792 11.853 -23.1446 2.0792 12.2245 -23.5158 -2.576 12.2245 -23.8871 -2.55868 12.2245 -24.2583 -2.50122 12.2245 -25.0008 -2.39954 12.1231 -25.2595 -2.34573 12.0694 -23.8871 -2.41458 12.5081 -24.2583 -2.35713 12.4497 -24.4621 -2.30651 12.4167 -23.5158 2.076 12.2245 -23.8871 2.05868 12.2245 -24.2583 2.00122 12.2245 -23.8871 1.91504 12.5081 -25.4818 -2.10542 12.0069 -24.6566 -2.10542 12.3471 -25.0008 -2.10542 12.2068 -25.2962 -2.10542 12.0842 -23.3338 -2.29375 12.7823 -24.471 -2.10542 12.4203 -25.3721 2.07828 11.4821 -25.0008 2.04363 11.853 -24.6296 2.07464 11.853 -25.0008 1.90045 12.1231 -24.2583 1.85804 12.4497 -24.4621 1.80743 12.4167 -23.3338 1.79512 12.7823 -25.2962 1.60679 12.0842 -25.4818 1.60679 12.0069 -24.471 1.60679 12.4203 -24.6566 1.60679 12.3471 -25.0008 1.60679 12.2068 -25.2595 1.84619 12.0694 -3.45136 -2.5988 3.55416 -5.87117 -4.59446 3.55676 -3.45136 -4.33326 3.55416 -3.45136 -4.59446 3.54673 -3.45136 -4.59446 2.67359 -3.45136 -2.5988 2.67359 -6.35414 -2.5988 2.67359 -9.2399 -2.5988 2.67886 -9.60869 -2.5988 2.68293 -9.95266 -2.5988 2.77034 -10.3335 -2.5988 3.13061 -10.6952 -2.5988 3.5099 -10.6966 -2.5988 3.55676 -6.78108 -2.5988 3.55676 -9.40019 -4.59446 3.55676 -9.31366 -4.59446 3.46183 -9.28955 -4.59446 3.43935 -9.16969 -4.59446 3.35289 -9.05835 -4.59446 3.29081 -8.77466 -4.59446 3.17219 -8.66474 -4.59446 3.15447 -4.14496 -4.59446 2.67359 -23.1425 -2.5792 8.88518 -22.773 -2.57872 8.8833 -19.8031 -2.57872 9.25457 -20.5459 -2.5792 9.25457 -19.8031 -2.5792 9.62584 -19.7333 -2.5792 10.0673 -23.1425 -2.5792 10.0673 -23.1425 2.07886 10.0673 -23.1425 2.07886 3.66108 -23.1425 -2.37887 3.66108 -21.3131 -2.37887 3.66108 -18.8432 -2.37887 3.68617 -19.432 -2.57111 10.0673 -19.3617 -2.56349 10.0673 -19.0056 -2.4236 10.0673 -18.9716 -2.38791 10.0673 -18.8866 -2.24373 10.0673 -18.8592 -2.10573 10.0673 -18.8491 -1.73409 10.0673 -18.8432 0.128841 10.0673 -18.8432 2.07886 10.0673 -20.8835 2.25206 3.66108 -20.5459 2.2711 3.66108 -20.5165 2.27205 3.66108 -20.1743 2.28109 3.66108 -19.8031 2.28204 3.66108 -19.432 2.27015 3.66108 -19.0435 2.24588 3.66108 -18.8432 2.22589 3.66108 -18.8432 -2.37553 3.66108 -18.8432 -2.10573 8.96169 -18.8432 -2.34413 8.81181 -18.8432 -2.37268 8.51203 -18.8432 -2.37887 8.14076 -4.14486 -4.59472 2.67359 -3.45136 -4.59472 2.67359 -3.45136 -5.17457 2.67359 -3.91106 -4.80074 2.67359 -4.12361 -4.61513 2.67359 -8.29376 -5.1772 3.15395 -8.29376 -5.07587 3.14638 -8.66481 -4.70466 3.15841 -8.66481 -4.59472 3.15484 -8.77472 -4.59472 3.17267 -9.05832 -4.59472 3.2912 -9.16945 -4.59472 3.35314 -9.28969 -4.59472 3.43959 -9.31337 -4.59472 3.46187 -9.46276 -4.59472 3.62585 -9.61458 -4.59472 3.80899 -9.62369 -4.59472 3.8286 -9.63159 -4.59472 3.8843 -9.65527 -4.59472 4.0572 -9.65102 -4.59472 5.91314 -9.63037 -4.59472 6.23086 -9.62612 -4.59472 6.28433 -9.54232 -4.59472 6.49243 -9.40447 -4.59472 6.51961 -9.03585 -4.59472 6.55392 -6.43793 -4.59472 6.68582 -6.05838 -4.59472 6.63547 -3.45136 -4.59472 3.54698 -3.45136 -4.70466 3.5443 -3.45136 -4.9454 3.51757 -3.45136 -5.03664 3.38879 -3.45136 -5.09121 3.30813 -3.45136 -5.1736 2.94318 -3.45136 -5.17417 2.85406 -8.56339 -5.1772 3.20208 -8.19235 -5.1772 3.14638 -7.92211 -5.1772 3.14593 -6.33652 -5.1772 3.14593 -5.96547 -5.1772 3.14771 -5.59382 -5.1772 3.16465 -5.18877 -5.1772 3.26313 -4.95254 -5.1772 3.33353 -4.86813 -5.1772 3.37497 -4.7825 -5.1772 3.48548 -4.74607 -5.1772 3.68601 -4.74607 -5.1772 6.28433 -4.74667 -5.1772 6.65552 -4.92703 -5.1772 6.98884 -4.9993 -5.1772 7.07038 -5.13715 -5.1772 7.2259 -6.81748 -5.1772 7.2259 -9.25629 -5.1772 6.49243 -9.32309 -5.1772 6.28433 -9.35649 -5.1772 5.91314 -9.35649 -5.1772 5.77099 -9.35467 -5.1772 4.0572 -9.34192 -5.1772 3.95782 -9.28848 -5.1772 3.77914 -9.1318 -5.1772 3.59065 -9.06682 -5.1772 3.52069 -8.95083 -5.1772 3.41374 -8.90225 -5.1772 3.37987 -8.67027 -5.1772 3.24976 -8.66481 -5.07587 3.21277 -5.41467 -4.85645 6.88768 -8.97937 -5.07587 3.38923 -9.06986 -4.73596 3.3371 -5.69523 -5.00773 7.2259 -5.69523 -4.82383 6.9269 -5.51791 -5.0343 7.2259 -5.31508 -5.08955 7.2259 -9.21682 -4.88057 3.50464 -9.28058 -4.63309 3.44805 -5.8422 -4.99946 7.2259 -6.06628 -4.99216 7.2259 -6.43793 -5.0274 7.2259 -6.77618 -5.13631 7.2259 -9.1652 -5.07587 3.56034 -9.3152 -5.07587 3.74616 -9.41054 -5.07587 5.91314 -9.40872 -5.07587 4.0572 -9.6413 -4.61502 5.91314 -9.64373 -4.61832 4.0572 -8.62054 -2.5988 4.05838 -8.62054 -0.885244 4.05838 -7.37053 -0.885244 4.05838 -6.96465 -2.5988 4.05838 -6.95945 -2.5988 5.91312 -6.97116 -2.5988 6.12051 -6.9814 -2.5988 6.28434 -7.05506 -2.5988 6.48584 -7.1819 -2.5988 6.51506 -7.55136 -2.5988 6.55412 -8.62054 -2.5988 6.66428 -8.62054 -2.10562 6.83571 -8.62054 -0.885244 6.92929 -7.6086 -0.885244 6.5145 -7.42452 -0.885244 6.29109 -7.40728 -0.885244 6.1843 -7.37834 -0.885244 5.91312 -7.34858 -1.45442 6.48612 -7.38322 -1.20699 6.42373 -27.265 -2.55866 5.54194 -25.3721 -2.44834 6.8523 -25.7433 -2.4488 6.8523 -27.265 -2.46423 5.93436 -27.265 -2.40431 6.0634 -27.265 -2.31624 6.15182 -27.265 -2.10559 6.22211 -27.265 0.479868 6.8523 -27.265 2.07881 6.8523 -27.265 2.07881 4.79959 -27.265 2.07018 4.46497 -27.265 2.05883 4.4253 -27.265 1.94352 4.08474 -27.265 1.93399 4.06787 -27.265 1.60666 3.87103 -27.265 1.48272 3.86729 -27.265 1.2353 3.86166 -27.265 -1.36286 3.86166 -27.265 -1.49407 3.86197 -27.265 -1.73422 3.86291 -27.265 -2.10559 3.91884 -27.265 -2.14327 3.94133 -27.265 -2.33576 4.09318 -27.265 -2.51508 5.13421 -27.265 -2.51962 5.17077 -27.265 -2.55776 5.50507 -23.1429 -2.37889 3.66076 -23.1429 -2.37889 6.8523 -23.1429 2.07881 6.8523 -25.9959 -2.35891 6.8523 -25.8575 -2.41838 6.8523 -26.4858 -2.37889 3.66045 -23.1446 -2.37889 3.66045 -23.1429 -2.03976 3.66045 -23.1429 2.07926 3.66045 -23.1429 2.07926 3.68389 -26.8675 -2.33984 3.66045 -27.0814 -2.10559 3.66045 -27.1242 -1.73422 3.66045 -27.125 -1.43278 3.66045 -27.125 1.2353 3.66045 -27.1185 1.60666 3.66045 -27.0766 1.76238 3.66045 -26.903 1.94534 3.66045 -26.8962 1.95033 3.66045 -26.8905 1.95215 3.66045 -26.4858 2.07881 3.66045 -27.079 -2.31442 3.7948 -27.1032 1.86453 3.75793 -6.06619 8.70072 9.0657 -6.06619 8.68769 9.25469 -5.69532 8.66542 9.25469 -5.69532 8.67803 9.0657 -5.32402 8.58474 9.0657 -5.09816 8.49776 9.0657 -4.91251 8.37883 9.0657 -4.78717 8.28428 9.0657 -4.66654 8.1931 9.0657 -4.48089 8.00232 9.0657 -4.33973 7.81658 9.0657 -4.199 7.5468 9.0657 -4.06596 7.16608 9.0657 -4.02233 7.00009 9.0657 -4.01549 6.80427 9.0657 -4.01549 6.6656 9.0657 -4.01634 6.56474 9.0657 -4.02746 6.4912 9.0657 -4.04329 6.40086 9.0657 -4.09334 6.2168 9.0657 -4.13612 6.06216 9.0657 -4.21482 5.89449 9.0657 -4.30038 5.71338 9.0657 -4.41117 5.52764 9.0657 -4.50228 5.43099 9.0657 -4.59682 5.33308 9.0657 -4.69178 5.23853 9.0657 -4.78589 5.14734 9.0657 -4.97154 5.03556 9.0657 -5.15419 4.94774 9.0657 -5.32402 4.86621 9.0657 -5.93401 4.57626 9.0657 -6.42765 4.40859 9.0657 -6.43706 4.40817 9.0657 -6.79938 4.42246 9.0657 -7.17752 4.55987 9.0657 -7.19976 4.5687 9.0657 -7.5839 4.9263 9.0657 -7.94236 5.28853 9.0657 -8.28115 5.69152 9.0657 -8.37569 6.06216 9.0657 -8.38467 6.11637 9.0657 -8.19132 6.61601 9.0657 -7.89103 7.34845 9.0657 -7.81232 7.53503 9.0657 -7.73105 7.72077 9.0657 -7.6549 7.8212 9.0657 -7.58005 7.91827 9.0657 -7.39996 8.13805 9.0657 -7.28574 8.22965 9.0657 -7.17966 8.31454 9.0657 -7.07956 8.38976 9.0657 -6.97562 8.46624 9.0657 -6.78997 8.54566 9.0657 -6.60688 8.60491 9.0657 -6.43706 8.65576 9.0657 -6.24842 8.67929 9.0657 -6.43706 8.64399 9.25469 -6.43706 8.54818 9.54155 -6.06619 8.56877 9.57473 -5.69532 8.55785 9.5558 -5.32402 8.51582 9.49405 -5.12254 8.48389 9.45154 -5.32402 8.5755 9.25469 -6.78227 8.54062 9.25469 -6.71896 8.51246 9.48954 -6.43706 8.38892 9.86113 -6.06619 8.43346 9.86113 -5.86899 8.42464 9.86113 -5.69532 8.41161 9.86113 -5.53619 8.38219 9.86113 -4.91807 8.37295 9.25469 -5.10372 8.49439 9.25469 -5.32402 8.31622 9.86113 -5.20938 8.27084 9.86113 -5.04512 8.18805 9.86113 -4.71232 8.15191 9.49109 -4.67296 8.18721 9.25469 -6.96792 8.46246 9.25469 -7.38028 8.11872 9.45566 -7.17966 8.19814 9.54397 -6.82633 8.25025 9.86113 -7.17966 7.96576 9.86113 -7.39269 7.78422 9.86113 -7.45984 7.67496 9.86113 -7.52786 7.55562 9.86113 -7.65918 7.17574 9.86113 -7.70624 6.80427 9.86113 -7.69725 6.59794 9.86113 -7.6857 6.43363 9.86113 -7.65662 6.26975 9.86113 -7.59373 6.06216 9.86113 -7.54668 5.9424 9.86113 -7.45984 5.76927 9.86113 -7.36317 5.6474 9.86113 -7.23869 5.51041 9.86113 -7.11892 5.38897 9.86113 -6.93883 5.27131 9.86113 -6.5547 5.07548 9.86113 -6.44433 5.04481 9.86113 -6.07774 4.97715 9.86113 -5.70302 5.00362 9.86113 -5.54945 5.03976 9.86113 -5.41941 5.08431 9.86113 -4.95443 5.34652 9.86113 -4.61051 5.69363 9.86113 -4.35085 6.16679 9.86113 -4.31236 6.29412 9.86113 -4.28198 6.43363 9.86113 -4.25589 6.80427 9.86113 -4.31578 7.15809 9.86113 -4.34829 7.26987 9.86113 -4.54848 7.67202 9.86113 -4.66098 7.84515 9.86113 -4.78632 7.96618 9.86113 -4.92192 8.0893 9.86113 -4.36668 7.77708 9.47505 -4.48731 7.99643 9.25469 -7.17966 8.30697 9.25469 -7.39568 8.13384 9.25469 -7.57235 7.91827 9.25469 -7.72762 7.7132 9.25469 -7.77639 7.46233 9.49234 -4.31107 7.5468 9.54973 -4.20798 7.5468 9.25469 -4.34401 7.8107 9.25469 -7.80633 7.52747 9.25469 -4.06725 7.14381 9.24012 -4.02875 6.80427 9.37094 -4.02233 6.99925 9.10666 -4.04458 6.44372 9.28794 -4.01763 6.57357 9.18639 -4.01805 6.80427 9.1853 -4.14595 6.06216 9.25469 -4.34529 5.78187 9.502 -4.30722 5.72052 9.25469 -4.66269 5.39947 9.54389 -4.41587 5.53478 9.25469 -4.79316 5.15196 9.25469 -4.60152 5.3377 9.25469 -5.04127 5.08221 9.50394 -4.97881 5.04271 9.25469 -5.32402 4.8763 9.25469 -5.85744 4.75948 9.44531 -19.4295 2.7215 -3.14974 -19.1044 2.72051 -3.06586 -18.3195 2.07044 -7.08074 -19.6153 2.7215 -3.18873 -19.7779 2.7215 -3.21503 -19.793 2.7215 -3.21684 -20.1703 2.7215 -3.22002 -20.1889 2.7215 -3.22002 -20.5337 2.7215 -3.16516 -20.9018 2.7215 -3.06632 -20.903 2.7215 -3.06586 -20.6661 2.7215 -3.06586 -15.1858 2.07842 -3.06586 -15.1858 2.07842 -5.96673 -17.206 2.06994 -6.7094 -26.4843 2.07543 -3.06586 -26.8233 1.96209 -3.06586 -26.8698 1.94062 -3.06586 -27.0346 1.674 -3.06586 -27.0439 1.6066 -3.06586 -27.0463 1.36045 -3.06586 -27.0463 -1.73412 -3.06586 -27.0068 -2.10559 -3.06586 -26.8373 -2.33576 -3.06586 -26.4843 -2.3782 -3.06586 -26.1127 -2.3792 -3.06586 -15.1858 -2.3792 -3.06586 -17.9468 2.03848 -7.08074 -18.3195 1.92714 -7.38497 -19.433 1.97208 -7.45162 -19.8034 1.98506 -7.45162 -18.6899 2.07793 -7.08074 -15.1858 -2.3792 -5.96673 -15.1858 -2.33476 -6.27277 -15.1858 -2.20644 -6.37116 -15.1858 -2.10509 -6.44869 -15.1858 -1.89689 -6.47998 -15.1858 -1.73362 -6.50446 -15.1858 1.23513 -6.50446 -15.1858 1.44283 -6.50356 -15.1858 1.6061 -6.50265 -15.1858 1.93563 -6.32628 -17.9468 1.89569 -7.33691 -19.2008 1.80881 -7.64477 -19.433 1.82878 -7.65384 -19.8034 1.84176 -7.66018 -20.1749 1.84376 -7.66154 -20.1749 1.98755 -7.45162 -19.0615 2.07842 -7.08074 -22.7723 2.06994 -6.70895 -23.5142 2.07143 -6.33806 -24.2573 2.05296 -5.96673 -24.6277 2.06694 -5.5963 -24.9993 2.07143 -5.22542 -25.3708 2.07044 -4.85408 -25.7424 2.06295 -4.48274 -26.4843 2.06295 -3.36873 -26.1127 -2.3792 -3.74007 -25.3708 -2.3792 -4.48274 -24.2573 -2.3792 -5.5963 -23.8846 -2.3792 -5.96673 -23.1438 -2.3792 -6.33806 -22.4019 -2.3792 -6.70895 -21.2873 -2.3792 -7.08028 -19.9033 -2.3792 -7.08074 -18.6899 -2.3792 -7.08074 -17.6716 1.84426 -7.29384 -18.6899 1.6061 -7.57132 -19.1764 1.6061 -7.6484 -19.433 1.6061 -7.67197 -18.3195 1.6061 -7.50467 -19.8034 1.6061 -7.68603 -19.9033 1.6061 -7.68694 -20.1749 1.6061 -7.68875 -20.5465 1.82928 -7.65474 -20.5465 1.97258 -7.45162 -19.9033 2.07842 -7.08074 -21.6588 2.07044 -7.08028 -21.2873 2.07793 -7.08028 -20.9169 2.07842 -7.08028 -23.1438 2.01452 -6.70895 -22.0292 2.04098 -7.08028 -24.2573 1.90967 -6.27414 -24.6266 1.93463 -5.97353 -25.012 1.94911 -5.61126 -23.9218 1.9586 -6.37388 -25.3917 1.95161 -5.24627 -25.754 1.94512 -4.86088 -26.1127 2.03998 -4.11141 -26.5098 1.94961 -3.75594 -26.7897 1.91915 -3.36873 -17.206 -2.3782 -6.7094 -17.9468 -2.36622 -7.08074 -18.3195 -2.3787 -7.08074 -17.4417 1.6061 -7.2494 -17.6275 1.6061 -7.30789 -17.9468 1.6061 -7.40764 -18.6899 1.23513 -7.57404 -18.9744 0.492194 -7.62255 -19.1602 0.492194 -7.65066 -19.433 0.864162 -7.67741 -19.433 1.23513 -7.67515 -19.8034 0.864162 -7.69555 -19.8034 1.23513 -7.69147 -18.3195 0.864162 -7.50557 -18.6899 0.122224 -7.57721 -18.6899 0.492194 -7.57676 -20.1749 1.23513 -7.69328 -20.5465 1.6061 -7.67288 -20.7764 1.80631 -7.64386 -21.6588 1.92764 -7.38724 -21.2873 1.93463 -7.42079 -22.7723 1.92664 -7.03268 -23.1438 1.87072 -6.95288 -23.4899 1.91366 -6.71711 -23.8208 1.87821 -6.59877 -22.0292 1.89768 -7.33872 -24.5012 1.85375 -6.19298 -24.8959 1.87222 -5.85474 -25.2826 1.87771 -5.49746 -25.6379 1.87721 -5.13655 -25.9885 1.86673 -4.74164 -26.1127 1.92165 -4.46959 -26.3949 1.89619 -4.11141 -26.7223 1.86623 -3.64259 -18.3195 -2.33426 -7.33646 -17.9468 -2.32178 -7.30608 -17.7158 -2.3038 -7.27887 -20.1749 -2.34025 -7.45162 -19.9033 -2.33925 -7.45162 -19.8034 -2.33875 -7.45162 -26.4843 -2.3747 -3.36873 -25.7424 -2.3752 -4.48274 -25.3708 -2.3787 -4.85408 -17.4417 1.23513 -7.25031 -17.4417 -1.73362 -7.25031 -17.9468 -1.73362 -7.40764 -18.3195 -1.36265 -7.50557 -18.9744 0.122224 -7.623 -18.9755 -0.620214 -7.623 -19.1602 0.122224 -7.65021 -19.433 -1.36265 -7.67515 -19.8034 -1.36265 -7.6951 -20.1749 0.863663 -7.69736 -18.6899 -0.620214 -7.57721 -20.5465 1.23513 -7.67515 -20.7996 1.6061 -7.64658 -21.2873 1.6061 -7.57767 -21.6588 1.6061 -7.50965 -22.3183 1.84726 -7.29656 -23.3517 1.8128 -6.90482 -24.5313 1.6061 -6.21338 -24.716 1.6061 -6.07645 -24.9366 1.6061 -5.89146 -23.88 1.6061 -6.6364 -24.0669 1.6061 -6.52033 -24.2573 1.6061 -6.39565 -25.3313 1.6061 -5.54053 -25.5171 1.6061 -5.3705 -25.6785 1.6061 -5.18461 -25.8643 1.6061 -4.96426 -26.0199 1.6061 -4.77881 -26.3241 1.83727 -4.33675 -26.3635 1.86872 -4.2166 -26.749 1.6066 -3.68702 -26.9116 1.6066 -3.36873 -27.0184 1.6066 -3.12843 -19.4469 -2.32727 -7.47928 -19.5816 -2.29332 -7.63933 -19.3332 -2.24439 -7.62165 -18.3195 -2.10509 -7.45525 -17.9468 -2.10509 -7.37681 -17.66 -2.10509 -7.29701 -20.5395 -2.32827 -7.47792 -20.4106 -2.29482 -7.64114 -20.1749 -2.29632 -7.6425 -21.6588 -2.3787 -7.08028 -21.6588 -2.33426 -7.33782 -19.9033 -2.29532 -7.64114 -19.8034 -2.29482 -7.64114 -26.7014 -2.31529 -3.61221 -26.7455 -2.33127 -3.36873 -26.4866 -2.34075 -3.73735 -26.1127 -2.36372 -4.11141 -25.7354 -2.34075 -4.84501 -25.3731 -2.34325 -5.22723 -24.9993 -2.3787 -5.22542 -18.3195 -1.73362 -7.50512 -18.9814 -0.991183 -7.6221 -19.1787 -1.73362 -7.64794 -19.1625 -0.620214 -7.6493 -18.6899 -0.991183 -7.5763 -19.433 -1.73362 -7.67333 -19.9033 -1.36265 -7.69555 -19.8034 -1.73362 -7.68966 -20.1749 -1.73412 -7.69147 -20.1749 -1.36265 -7.696 -20.5465 -1.36265 -7.67741 -20.5465 0.863663 -7.6756 -20.8263 0.492194 -7.6493 -21.0109 0.492194 -7.62573 -21.2873 1.23513 -7.58039 -21.6588 1.23513 -7.51056 -22.0292 1.6061 -7.41172 -21.2873 0.863663 -7.58265 -21.2873 0.492194 -7.58447 -22.3694 1.6061 -7.31152 -22.5552 1.6061 -7.25575 -23.361 1.6061 -6.91026 -23.5467 1.6061 -6.82184 -22.7723 1.6061 -7.17142 -23.1438 1.6061 -7.01091 -24.2573 1.23513 -6.3961 -24.2573 -1.73412 -6.3961 -24.5313 -1.73412 -6.21338 -24.716 -1.73412 -6.07645 -24.9366 -1.73412 -5.89146 -25.3313 -1.73412 -5.54053 -23.5467 -1.73412 -6.82184 -23.88 -1.73412 -6.6364 -24.0669 -1.73412 -6.52079 -24.0669 1.23513 -6.52079 -25.5171 -1.73412 -5.3705 -25.6785 -1.73412 -5.18461 -25.8643 -1.73412 -4.96426 -26.0199 -1.73412 -4.77881 -26.2056 -1.73412 -4.54214 -26.2056 1.6061 -4.54214 -26.3392 1.6061 -4.35624 -26.4924 1.6066 -4.11141 -26.6387 1.6066 -3.87246 -26.6387 -1.73412 -3.87246 -26.749 -1.73412 -3.68702 -26.9116 -1.73412 -3.36873 -19.4469 -2.11458 -7.65248 -19.8034 -2.10509 -7.66563 -19.202 -1.99674 -7.64432 -20.1749 -2.10509 -7.66835 -22.0292 -2.32328 -7.30744 -22.2719 -2.3053 -7.28114 -20.6591 -2.2374 -7.61892 -20.7799 -1.98975 -7.64386 -20.5395 -2.11008 -7.65429 -22.0292 -2.36771 -7.08028 -22.7723 -2.3787 -6.70895 -26.7339 -2.10559 -3.6639 -26.309 -2.30031 -4.31362 -26.0988 -2.32877 -4.45554 -26.1093 -2.35323 -4.2166 -25.6077 -2.31978 -5.10481 -25.9653 -2.31579 -4.71534 -25.2501 -2.31978 -5.46663 -24.9946 -2.34225 -5.59267 -24.6277 -2.3772 -5.5963 -23.5142 -2.3787 -6.33806 -18.6899 -1.73362 -7.57222 -20.5465 -1.73412 -7.67515 -20.8286 -0.991183 -7.65066 -21.0133 0.121725 -7.62573 -21.2873 0.121725 -7.58492 -21.6588 -1.36265 -7.51056 -22.0292 -1.73412 -7.41172 -21.2873 -0.620214 -7.58492 -22.5552 -1.73412 -7.25711 -22.5552 1.23513 -7.25711 -23.1438 -1.73412 -7.01091 -23.361 -1.73412 -6.91026 -22.7723 1.23513 -7.17187 -22.7723 -1.73412 -7.17187 -24.5116 -2.10509 -6.19932 -24.6974 -2.10509 -6.0565 -24.9157 -2.10509 -5.87151 -23.3517 -2.01721 -6.90482 -23.8568 -2.10509 -6.61419 -25.307 -2.10509 -5.51741 -25.4927 -2.10509 -5.34693 -25.6564 -2.10509 -5.16103 -26.0024 -2.10509 -4.75841 -26.1882 -2.10509 -4.52491 -26.3392 -1.73412 -4.35624 -26.4924 -1.73412 -4.11141 -22.7723 -2.33426 -6.98643 -23.0719 -2.31978 -6.9361 -22.3357 -2.10509 -7.29973 -22.0292 -2.10509 -7.37998 -21.6588 -2.10509 -7.45978 -23.3192 -2.26486 -6.88532 -22.5203 -2.10509 -7.22945 -21.6588 -1.73412 -7.51011 -21.2873 -1.73412 -7.58039 -20.8066 -1.73412 -7.64794 -23.5142 -2.33476 -6.64366 -26.3264 -2.10509 -4.33901 -24.8681 -2.31828 -5.82844 -24.6115 -2.33526 -5.95721 -24.2573 -2.37021 -5.96673 -21.0144 -0.991183 -7.62573 -24.4756 -2.3083 -6.17439 -23.4899 -2.12656 -6.81323 -23.174 -2.12656 -6.96603 -23.7882 -2.31978 -6.56975 -21.2873 -0.991183 -7.58401 -23.9009 -2.34375 -6.35348 -24.2573 -2.32627 -6.23514 -8.6207 -2.5988 2.6787 -7.92246 -2.5988 2.6787 -7.18012 -2.5988 2.68083 -6.81133 -2.5988 2.76286 -6.81133 -2.5988 3.63621 -6.84038 -2.5988 3.80592 -6.96473 -2.5988 4.05838 -8.6207 -2.5988 4.05838 -8.6207 2.07888 4.05838 -8.6207 2.07888 -2.25448 -8.6207 2.0775 -2.62574 -8.6207 1.93499 -3.0069 -8.6207 1.65684 -3.15611 -8.6207 1.60689 -3.16318 -8.6207 1.23526 -3.16601 -8.6207 -1.73411 -3.16601 -8.6207 -2.10574 -3.16318 -8.6207 -2.4343 -3.0069 -8.6207 -2.45217 -2.968 -8.6207 -2.57772 -2.62574 -8.6207 -2.57864 -2.58119 -7.25628 1.60506 4.05838 -7.29259 1.90383 4.05838 -7.55279 2.04863 4.05838 -7.92388 2.07888 4.05838 -6.81133 -2.5791 -2.2566 -6.81133 1.60689 3.57115 -6.81133 2.08209 2.94531 -6.81133 2.08254 2.57404 -6.81133 2.08254 -1.88321 -6.81133 -2.56444 -2.62574 -6.81133 -2.42055 -2.90719 -6.81133 -2.41872 -2.90789 -6.81133 -2.10574 -3.00407 -6.81133 1.60689 -3.00407 -6.81133 1.92262 -2.90719 -6.81133 1.92354 -2.90577 -6.81133 2.06788 -2.62574 -6.81133 2.08209 -2.25448 -6.81133 2.00144 3.31374 -6.81133 2.00052 3.31657 -6.81133 1.85663 3.53862 -6.81133 1.85434 3.53932 -6.81133 -2.45675 3.67369 -6.81133 -2.46729 3.67298 -7.29277 1.90521 4.05626 -8.62056 -0.884782 4.05838 -8.62056 2.07909 4.05838 -7.92397 2.07909 4.05838 -7.55275 2.04878 4.05838 -7.29263 1.90399 4.05838 -7.25618 1.60527 4.05838 -7.37052 -0.884782 4.05838 -7.37845 -0.884782 5.91371 -7.40726 -0.884782 6.18445 -7.42445 -0.884782 6.29161 -7.60859 -0.884782 6.51473 -8.62056 -0.884782 6.92886 -8.62056 -0.812973 8.5119 -8.62056 -0.802084 8.67238 -8.62056 -0.732336 9.00162 -8.62056 -0.532802 9.16882 -8.62056 -0.31355 9.30963 -8.62056 0.0513797 9.34483 -8.62056 0.122011 9.34535 -8.62056 0.422195 9.3469 -8.62056 1.60674 9.3469 -8.62056 1.98345 9.23923 -8.62056 2.01788 9.22887 -8.62056 2.03377 9.2237 -8.62056 2.12118 9.17814 -8.62056 2.12118 5.38879 -7.9225 2.12118 5.38879 -7.1226 2.12118 6.28488 -7.12186 2.12118 6.50541 -7.12113 2.12118 6.87606 -7.12054 2.12118 7.24723 -7.11951 2.12118 7.99009 -7.11936 2.12118 8.36126 -7.11966 2.12118 8.5119 -7.55128 2.12118 5.42555 -7.26368 2.12118 5.57774 -7.55128 2.12118 9.04717 -7.41416 2.12118 8.97418 -7.23017 2.12118 8.85977 -7.17976 2.12118 8.72207 -7.1464 2.12118 5.91734 -7.46589 0.122011 8.5119 -7.34098 1.30509 8.77022 -7.60139 0.122011 8.86547 -7.66062 -0.110484 8.80335 -7.30879 1.60674 8.83337 -7.55128 1.97815 9.04406 -7.265 1.97815 8.86599 -7.55128 1.60674 9.01145 -7.9225 0.122011 9.03837 -23.1425 -2.5792 12.2251 -23.1425 -2.49575 12.5956 -23.1425 -2.35166 12.8263 -23.1425 -2.10497 12.874 -23.1425 -1.73425 12.8759 -23.1425 1.23744 12.8759 -23.1425 1.60679 12.874 -23.1425 1.85257 12.8263 -23.1425 1.99575 12.5956 -23.1425 2.0792 12.2251 -23.1425 2.0792 10.0673 -17.4651 2.0792 10.0673 -17.4651 -2.46702 10.0673 -19.4319 -2.57099 10.0673 -19.7331 -2.5792 10.0673 -17.4651 -2.5792 10.7399 -17.4651 -2.5792 12.2251 -17.5757 -2.5792 12.5956 -19.0606 -2.5792 14.0808 -19.9854 -2.5792 14.0808 -20.9168 -2.5792 14.0803 -21.6593 -2.5719 13.7098 -20.9168 2.0792 14.0803 -19.9854 2.0792 14.0808 -19.0606 2.0792 14.0808 -17.4651 2.0792 12.4851 -17.4651 -2.54956 10.3689 -21.288 -2.56643 14.0803 -19.9854 -2.57418 14.4522 -20.1749 -2.57418 14.4517 -20.5456 -2.56187 14.4517 -21.6726 -2.44833 14.0978 -21.9277 -2.37719 13.985 -21.6593 2.0719 13.7098 -17.4651 2.07418 12.5956 -17.4651 2.04226 12.8561 -17.4651 1.91048 13.1964 -17.4651 1.86351 13.2402 -17.4651 1.67565 13.3153 -17.4651 1.60679 13.3261 -17.4651 1.23562 13.3309 -17.4651 -1.73425 13.3309 -17.4651 -2.00328 13.328 -17.4651 -2.10497 13.3261 -17.4651 -2.36306 13.2402 -17.4651 -2.49575 12.9656 -17.4651 -2.57418 12.5956 -20.9168 -2.50487 14.4517 -19.8031 -2.57418 14.4522 -20.1749 -2.43009 14.7627 -19.9859 -2.43009 14.7627 -20.5456 -2.41823 14.7354 -21.2597 -2.40546 14.4527 -21.5581 -2.37081 14.3295 -21.786 -2.10497 14.2158 -21.9277 1.87811 13.985 -21.6726 1.94878 14.0978 -21.288 2.06643 14.0803 -20.5456 2.06233 14.4517 -20.1749 2.07418 14.4517 -19.9854 2.07418 14.4522 -18.3187 2.06962 13.7094 -20.9168 -2.36123 14.6816 -18.3187 -2.56962 13.7094 -18.6894 -2.56369 14.0808 -19.4319 -2.56096 14.4522 -20.1749 -2.10497 14.8887 -19.8031 -2.43009 14.7623 -20.5456 -2.10497 14.8331 -21.1163 -2.30651 14.6448 -21.6004 -2.10497 14.3611 -21.786 1.60679 14.2158 -21.6004 1.60679 14.3611 -21.5581 1.87127 14.3295 -21.2597 1.90592 14.4527 -20.9168 2.00533 14.4517 -20.5456 1.91869 14.7354 -20.1749 1.931 14.7627 -19.9854 2.00396 14.6046 -19.8031 2.07418 14.4522 -19.4319 2.06096 14.4522 -18.6894 2.06415 14.0808 -18.3093 1.94514 14.093 -17.5757 -2.53314 12.967 -17.9469 -2.55366 13.3384 -17.9386 -2.43647 13.7079 -18.3093 -2.44468 14.093 -18.7228 -2.39908 14.4498 -19.0606 -2.49849 14.4522 -19.4319 -2.41686 14.7335 -20.1749 1.60679 14.8887 -20.5456 1.60679 14.8331 -19.9854 -2.10497 14.8878 -19.9854 1.60679 14.8878 -19.8031 -2.10497 14.8869 -20.9168 -2.10497 14.7264 -20.9168 1.60679 14.7264 -21.1235 -2.10497 14.6481 -21.3092 -2.10497 14.5471 -21.3092 1.60679 14.5471 -21.1163 1.80743 14.6448 -20.9168 1.86169 14.6816 -19.9859 1.931 14.7627 -19.8031 1.93054 14.7623 -17.9386 1.93693 13.7079 -19.4319 1.91732 14.7335 -19.0606 1.99849 14.4522 -18.7228 1.89999 14.4498 -18.057 1.87537 13.9779 -18.4271 1.86807 14.3248 -17.5874 -2.40729 13.3158 -18.057 -2.37491 13.9779 -18.4271 -2.36762 14.3248 -18.8678 -2.29876 14.641 -19.0606 -2.35394 14.6773 -19.4319 -2.10497 14.8293 -19.9859 1.77186 14.8246 -19.8031 1.60679 14.8869 -19.4319 1.60679 14.8293 -21.1235 1.60679 14.6481 -17.7185 1.85485 13.5833 -19.0606 1.85531 14.6773 -18.8678 1.80013 14.641 -18.2031 1.60679 14.2044 -18.0197 1.60679 14.019 -17.8336 1.60679 13.7986 -18.3888 1.60679 14.354 -17.7185 -2.35394 13.5833 -18.0197 -2.10497 14.019 -18.2031 -2.10497 14.2044 -17.8336 -2.10497 13.7986 -18.3888 -2.10497 14.354 -18.8645 -2.10497 14.6429 -19.0606 -2.10497 14.7179 -18.6789 -2.10497 14.5395 -19.0606 1.60679 14.7179 -18.8645 1.60679 14.6429 -18.6789 1.60679 14.5395</float_array>
                    <technique_common>
                        <accessor count="5143" source="#shape0-lib-positions-array" stride="3">
                            <param name="X" type="float"/>
                            <param name="Y" type="float"/>
                            <param name="Z" type="float"/>
                        </accessor>
                    </technique_common>
                </source>
                <source id="shape0-lib-normals" name="normal">
                    <float_array id="shape0-lib-normals-array" count="30468">0 -1 0 0 -1 0 0 -1 0 0 -1 0 0 -1 0 0 -1 0 0 -1 0 0 -1 0 0 -1 0 0 -1 0 0 -1 0 0 -1 0 0 -1 0 0 -1 0 0 -1 0 0 -1 0 0 -1 0 0 -1 0 0 -1 0 0 -1 0 0 -1 0 0 -1 0 0 -1 0 0 -1 0 0 -1 0 0 -1 0 0 -1 0 0 -1 0 0 -1 0 0 -1 0 0 -1 0 0 -1 0 0 -1 0 0 -1 0 0 -1 0 0 -1 0 0 -1 0 0 -1 0 0 -1 0 0 -1 0 0 -1 0 0 -1 0 0 -1 0 0 -1 0 0 -1 0 0 -1 0 0 -1 0 0 -1 0 0 -1 0 0 -1 0 0 -1 0 0 -1 0 0 -1 0 0 -1 0 0 -1 0 0 -1 0 0 -1 0 0 -1 0 0 -1 0 0 -1 0 0 -1 0 0 -1 0 0 -1 0 0 -1 0 0 -1 0 0 -1 0 0 -1 0 0 -1 0 0 -1 0 0.00339065 0.00285525 0.99999 0.00169501 0.00294451 0.999994 -0.118563 0.00292374 0.992942 -0.128079 0.00248728 0.991761 -0.170389 0.00289169 0.985373 -0.195183 0.00245412 0.980764 0.134047 0.00237419 0.990972 0.123621 0.00283337 0.992326 0.123432 0.0553187 0.99081 0.0686588 0.123335 0.989987 0.00168202 0.123627 0.992327 0.000271163 0.125798 0.992056 -0.0643752 0.125537 0.989998 -0.118374 0.0566268 0.991353 -0.170007 0.0669826 0.983164 -0.250674 0.00276165 0.968068 -0.287197 0.00162556 0.95787 -0.305563 0.00101697 0.952171 -0.247687 0.153924 0.956535 0.185533 0.00284408 0.982634 0.183321 0.00288161 0.983049 0.182921 0.0660518 0.980906 0.249548 0.139777 0.958221 0.303713 0.283732 0.909535 0.252286 0.504463 0.825753 0.173891 0.620211 0.764918 0.106707 0.662227 0.741666 0.096618 0.672155 0.73408 0.00145391 0.675313 0.737529 0.00145568 0.675315 0.737528 -0.0938972 0.672332 0.73427 -0.101715 0.664568 0.740273 -0.166362 0.624599 0.76302 -0.248057 0.505252 0.826552 -0.300114 0.289368 0.908954 -0.345944 0.00080917 0.938255 -0.354562 0.000250285 0.935032 -0.306298 0.281896 0.909239 -0.337622 0.209111 0.91776 -0.345255 0.00159269 0.938508 0.256156 0.00157158 0.966634 0.254947 0.00164096 0.966954 0.252021 0.00179995 0.96772 0.350842 0.00158917 0.936433 0.34431 0.192076 0.918998 0.307723 0.27878 0.909719 0.363472 0.664595 0.652842 0.314602 0.677163 0.665188 0.280915 0.659718 0.697036 0.278601 0.656405 0.70108 0.366246 0.660673 0.655267 0.246806 0.822636 0.512207 0.222491 0.857958 0.46304 0.19066 0.865024 0.464093 0.103448 0.866597 0.488168 0.0681022 0.858265 0.508668 0.0751012 0.711415 0.698748 0.0262961 0.762332 0.646652 0.00164185 0.762595 0.646874 0 0.764216 0.64496 -0.0240668 0.763995 0.644773 -0.070305 0.715843 0.694713 -0.262355 0.656875 0.706884 -0.0632857 0.857302 0.51091 -0.0981314 0.865868 0.490553 -0.188228 0.86498 0.465166 -0.217839 0.858466 0.464308 -0.272136 0.65077 0.70883 -0.31804 0.674118 0.666645 -0.363902 0.662286 0.654945 -0.431775 0.000241438 0.901981 -0.436089 0.0953064 0.894843 -0.438083 0.000520018 0.898935 -0.578023 0.171601 0.797774 -0.524524 0.10119 0.845361 -0.364447 0.662505 0.65442 -0.440529 0.607299 0.661152 -0.585069 0.201493 0.785554 0.26222 0.00150029 0.965007 0.351356 0.00100218 0.936241 0.437934 0.0838061 0.895092 0.353284 0.000875889 0.935516 0.36065 0.000416112 0.932701 0.437665 0.000401138 0.899138 0.43948 0.000478564 0.898252 0.533333 0.0893744 0.84117 0.581569 0.154166 0.798755 0.590066 0.190362 0.784592 0.44549 0.602605 0.662122 0.445152 0.646972 0.619086 0.404084 0.676625 0.615544 0.363844 0.673085 0.643875 0.31428 0.723673 0.614431 0.345354 0.855345 0.386155 0.33038 0.858734 0.391696 0.25068 0.862255 0.440086 0 1 0 0 1 0 0 1 0 0 1 0 0 1 0 0 1 0 0 1 0 0 1 0 0 1 0 0 1 0 0 1 0 0 1 0 0 1 0 0 1 0 0 1 0 0 1 0 0 1 0 0 1 0 0 1 0 0 1 0 0 1 0 0 1 0 0 1 0 0 1 0 0 1 0 0 1 0 0 1 0 0 1 0 0 1 0 0 1 0 0 1 0 0 1 0 0 1 0 0.00355355 0.851701 0.524016 0.023317 0.851475 0.523877 0 0.851024 0.525127 -0.0215656 0.850826 0.525005 -0.225864 0.857419 0.462405 -0.316851 0.73468 0.599875 -0.245348 0.860397 0.446678 -0.365275 0.685129 0.630216 -0.52723 0.000501554 0.849723 -0.535472 0.000198219 0.844553 -0.622535 0.203803 0.755589 -0.635881 0.000557158 0.771787 -0.632748 0.000418495 0.774358 -0.586726 0.00040443 0.809785 -0.582992 0.000196711 0.812478 -0.389533 0.687352 0.613035 -0.4403 0.651671 0.617625 -0.502011 0.658906 0.560204 -0.519233 0.645089 0.560587 -0.663099 0.260468 0.701753 0.535476 0.000471612 0.84455 0.542849 0.000198032 0.83983 0.587092 0.000196547 0.80952 0.588606 0.000280657 0.80842 0.633002 0.192723 0.749778 0.643324 0.000296222 0.765594 0.645095 0.000376055 0.764102 0.524578 0.642002 0.559153 0.509841 0.654023 0.558852 0.669196 0.24486 0.701584 0.509622 0.669708 0.540164 0.352998 0.854164 0.381833 0.350502 0.854726 0.382873 -0.331164 0.856874 0.395092 -0.332365 0.856611 0.394653 -0.701148 0.222543 0.677396 -0.719183 0.00056659 0.694821 -0.721648 0.000436678 0.69226 -0.501802 0.675747 0.539964 -0.341427 0.855653 0.388955 -0.350283 0.85371 0.385333 -0.519105 0.66214 0.540464 -0.745222 0.237899 0.622935 -0.736609 0.221618 0.638978 -0.583146 0.659185 0.47478 -0.608081 0.636255 0.474781 0.704618 0.208136 0.678375 0.720395 0.00037719 0.693564 0.723988 0.000187327 0.689812 0.746368 0.206888 0.63256 0.75158 0.217183 0.622864 0.617113 0.626657 0.475891 0.587231 0.654808 0.475801 0.524419 0.657882 0.540533 0.585619 0.675955 0.447364 0.536088 0.743422 0.399917 0.454492 0.819587 0.348876 0.401682 0.853282 0.332507 0.413074 0.854889 0.313903 0.418013 0.86375 0.281427 -0.755393 0.000426153 0.655272 -0.758233 0.000250669 0.651983 -0.517948 0.761461 0.389753 -0.581825 0.677261 0.45033 -0.411982 0.852281 0.322316 -0.41841 0.864104 0.279744 -0.606931 0.654751 0.450484 -0.644096 0.645933 0.40977 -0.671598 0.627585 0.393819 -0.768248 0.523636 0.368239 -0.873683 0.235735 0.425567 -0.857858 0.159251 0.488589 -0.805233 0.166081 0.569225 -0.816573 0.000320321 0.577242 -0.815272 0.000247763 0.579078 0.762873 0.000183056 0.646548 0.764697 6.78341e-05 0.64439 0.806194 0.148813 0.57263 0.812326 7.20587e-05 0.583204 0.815272 0.000237167 0.579078 0.772531 0.519887 0.364574 0.685791 0.613979 0.390795 0.647001 0.640454 0.413772 0.615764 0.648391 0.447688 0.863434 0.142302 0.483975 0.879899 0.215468 0.4235 0.741894 0.587897 0.322445 0.72534 0.645849 0.238245 0.691173 0.698046 0.187115 0.587293 0.79934 0.12705 0.524229 0.844838 0.106922 0.522829 0.845522 0.108366 0.459141 0.867982 0.189203 0.432304 0.871306 0.232247 -0.578079 0.804529 0.136228 -0.682965 0.704238 0.193927 -0.716802 0.65383 0.242282 -0.731871 0.602233 0.318873 -0.430676 0.870544 0.238059 -0.460638 0.867194 0.189176 -0.514278 0.849093 0.120659 -0.517927 0.847379 0.117049 -0.952114 0.240238 0.189114 -0.950043 0.126459 0.285354 -0.931104 0.135863 0.338506 -0.876671 0.229048 0.423066 -0.900612 0.00172889 0.43462 -0.891378 0.00102696 0.45326 -0.868947 0.00100112 0.494904 -0.862047 0.000319857 0.506828 0.87231 0.0014669 0.48895 0.864886 0.000261626 0.501968 0.872013 0.000932668 0.489483 0.886863 0.197882 0.417513 0.933942 0.111619 0.339548 0.954348 0.103029 0.280367 0.959045 0.217203 0.181814 0.90475 0.00152144 0.425941 0.904752 0.00152611 0.425935 0.961909 0.217852 0.165138 0.953133 0.280333 0.113803 0.696662 0.70359 0.140084 0.681541 0.721142 0.124323 0.686485 0.726374 0.033436 0.531333 0.846535 0.0326243 0.526645 0.848732 0.04795 -0.520925 0.852284 0.0474265 -0.524738 0.850538 0.0351532 -0.695685 0.717354 0.0377582 -0.689735 0.711219 0.135768 -0.689735 0.711219 0.135768 -0.947357 0.299369 0.113546 -0.956449 0.241332 0.164205 -0.98558 0.000873209 0.169207 -0.959731 0.000850307 0.28092 -0.957731 0.00121019 0.287664 -0.939817 0.00158525 0.341674 -0.942838 0.00129857 0.333249 -0.939831 0.00156337 0.341635 -0.936692 0.00157998 0.35015 0.899789 0.000968852 0.436324 0.90475 0.0014391 0.425941 0.939814 0.00158524 0.341683 0.939946 0.00138097 0.341322 0.959453 0.00130277 0.281866 0.960286 0.00116638 0.279016 0.985581 0.00120756 0.169202 0.958759 0.281987 0.0355625 0.987456 0.000598535 0.157892 0.999313 0.000616672 0.0370668 0.999313 0.000616672 0.0370668 0.690036 0.723155 0.0299529 0.955728 0.293216 0.024681 0.689559 0.722655 -0.0477364 0.684776 0.726869 -0.0523713 0.530909 0.84586 -0.0515442 0.526185 0.84777 -0.0664458 -0.522135 0.850641 -0.0615169 -0.524271 0.849782 -0.0548651 -0.691869 0.719644 -0.0585633 -0.704879 0.70783 -0.0460767 -0.705345 0.708297 0.0283572 -0.949792 0.311934 0.0243424 -0.952928 0.301129 0.0353463 -0.999313 0.000442688 0.0370668 -0.999313 0.000442688 0.0370668 -0.986932 0.000437204 0.161134 0.939173 0.00131723 0.343441 0.959588 0.276 -0.0549114 0.955303 0.293086 -0.0386935 0.998366 0.00062449 -0.0571356 0.998367 0.00062422 -0.0571305 0.697426 0.700349 -0.152013 0.679576 0.721349 -0.133541 0.953794 0.274333 -0.122548 0.600503 0.787836 -0.136786 0.525341 0.844403 -0.104886 0.525463 0.844987 -0.099425 -0.510994 0.849998 -0.128015 -0.519371 0.846138 -0.119601 -0.598552 0.787787 -0.145352 -0.685862 0.713396 -0.143731 -0.689699 0.708855 -0.147786 -0.947925 0.293966 -0.122562 -0.953703 0.295758 -0.0545795 -0.949366 0.311794 -0.0385775 -0.998366 0.00053083 -0.0571356 -0.998461 0.000442311 -0.0554586 0.962639 0.203864 -0.17823 0.985581 0.000626292 -0.169202 0.983288 0.00132328 -0.182053 0.691199 0.694096 -0.201184 0.961714 0.203669 -0.18337 0.718101 0.651647 -0.244309 0.615641 0.773037 -0.152972 0.517284 0.84774 -0.117276 0.504954 0.851563 -0.140935 -0.322416 0.893805 -0.311708 -0.377372 0.88067 -0.286374 -0.52926 0.741274 -0.412792 -0.646197 0.633212 -0.425995 -0.686115 0.606196 -0.40221 -0.736345 0.583421 -0.342661 -0.718346 0.650687 -0.24614 -0.683991 0.702989 -0.194839 -0.511849 0.759219 -0.401991 -0.954689 0.228395 -0.190798 -0.957162 0.228987 -0.177216 -0.983288 0.000958403 -0.182053 -0.984739 0.000523585 -0.174035 0.953835 0.0864503 -0.287621 0.957418 0.00129841 -0.288701 0.956441 0.00115996 -0.291923 0.734966 0.589853 -0.334514 0.676618 0.617634 -0.400894 0.658956 0.629571 -0.411605 0.555343 0.726512 -0.40469 0.393315 0.878185 -0.272204 0.926188 0.0954422 -0.364782 0.886096 0.170225 -0.431113 0.881676 0.182777 -0.435017 0.787438 0.481341 -0.385037 0.318535 0.896846 -0.306925 -0.113146 0.942455 -0.314605 -0.138687 0.9358 -0.324106 -0.289365 0.900991 -0.323237 -0.319443 0.89409 -0.313943 -0.364766 0.859322 -0.358486 -0.503789 0.666073 -0.550039 -0.517486 0.65512 -0.550477 -0.5806 0.653214 -0.48602 -0.579277 0.672031 -0.461316 -0.38903 0.814201 -0.430966 -0.395289 0.806169 -0.440271 -0.613044 0.641011 -0.461824 -0.762706 0.52435 -0.378598 -0.614003 0.621791 -0.486185 -0.747423 0.202552 -0.632717 -0.797147 0.138567 -0.58767 -0.858139 0.132779 -0.495951 -0.875575 0.204399 -0.43771 -0.877776 0.198888 -0.435836 -0.923824 0.118968 -0.363861 -0.949329 0.10915 -0.294722 -0.955034 0.000962613 -0.296493 -0.955237 0.000931061 -0.29584 0.930435 0.00156464 -0.366455 0.930672 0.00121629 -0.365852 0.92503 0.000775532 -0.379894 0.623716 0.608914 -0.490105 0.621599 0.644217 -0.445645 0.862274 0.109716 -0.494415 0.80088 0.114768 -0.587725 0.752075 0.181214 -0.633676 0.571792 0.69656 -0.433426 0.585794 0.677353 -0.445015 0.39689 0.832018 -0.387588 0.316333 0.897116 -0.308409 0.899221 0.00151215 -0.437492 0.899218 0.00151678 -0.437497 0.86751 0.00146328 -0.497417 0.279881 0.905793 -0.318128 0.234671 0.918565 -0.318069 -0.108269 0.943616 -0.312835 -0.0680591 0.950505 -0.303163 -0.0878619 0.635658 -0.766955 -0.088036 0.635415 -0.767136 -0.166032 0.580652 -0.797043 -0.280701 0.63316 -0.721329 -0.30499 0.670019 -0.676798 -0.304918 0.671858 -0.675005 -0.307443 0.669464 -0.676237 -0.360308 0.63757 -0.680942 -0.376437 0.632658 -0.676786 -0.434891 0.63703 -0.636445 -0.435364 0.636672 -0.63648 -0.504074 0.645812 -0.573442 -0.517702 0.634648 -0.573765 -0.663547 0.219968 -0.715066 -0.689405 0.191733 -0.698541 -0.741506 0.190864 -0.643227 -0.755392 6.70083e-05 -0.655273 -0.802004 7.11431e-05 -0.597319 -0.804912 0.00023224 -0.593395 -0.865804 0.0014604 -0.500381 -0.858373 0.000258349 -0.513026 -0.865468 0.00089039 -0.500963 -0.895668 0.00151078 -0.44472 -0.895668 0.00151077 -0.44472 -0.930431 0.00156942 -0.366464 -0.930734 0.00112584 -0.365696 -0.931914 0.00103095 -0.362677 0.899222 0.000830971 -0.437493 0.898099 0.000713345 -0.439792 0.74983 0.176571 -0.637635 0.692437 0.177592 -0.699279 0.669173 0.204079 -0.714535 0.526803 0.624853 -0.576226 0.526609 0.645316 -0.553398 0.588531 0.643152 -0.489885 0.867031 0.000695604 -0.498253 0.86347 0.000395922 -0.5044 0.806207 0.000391201 -0.591634 0.801035 0.000106871 -0.598618 0.761954 0.000115621 -0.647632 0.761799 0.000125349 -0.647813 0.510019 0.658892 -0.552939 0.420066 0.780991 -0.462166 0.410088 0.788256 -0.458781 0.00876341 0.960824 -0.277021 0.142442 0.933401 -0.329352 0.0715472 0.948552 -0.308431 0.0402575 0.954418 -0.295746 0.442426 0.629774 -0.638471 0.440102 0.627197 -0.6426 0.387932 0.623452 -0.678834 0.363723 0.630976 -0.685255 0.309243 0.663512 -0.681264 -0.00200253 0.961891 -0.273424 -0.0370862 0.955592 -0.29235 -0.0487065 0.670302 -0.740488 -0.0901406 0.626191 -0.774442 -0.000315043 0.669482 -0.742828 -0.188996 0.460811 -0.867141 -0.220537 0.374436 -0.900645 -0.225633 0.340184 -0.912888 -0.292645 0.252627 -0.922247 -0.341153 0.125084 -0.931648 -0.42178 0.0316323 -0.906146 -0.526924 0.0341735 -0.849225 -0.562848 0.0837789 -0.822304 -0.58118 0.163724 -0.797135 -0.436041 0.58747 -0.681724 -0.62703 0.166267 -0.761044 -0.635881 0.000275442 -0.771787 -0.642054 0 -0.76666 -0.702437 0 -0.711746 -0.702437 0 -0.711746 -0.710061 0 -0.70414 -0.754433 8.18353e-06 -0.656377 -0.892455 0.000918153 -0.451136 -0.895669 0.00121452 -0.44472 0.703622 0.000125785 -0.710575 0.637235 0.15562 -0.754794 0.702437 6.34734e-05 -0.711746 0.649598 6.78015e-05 -0.760278 0.645094 0.000272674 -0.764103 0.51031 0.638728 -0.575856 0.586287 0.153246 -0.795476 0.44065 0.582837 -0.682737 0 0.962108 -0.272667 0 0.962108 -0.272667 0.00231818 0.961866 -0.273512 0.0526679 0.668834 -0.741544 0.00641618 0.668536 -0.743652 0 0.669528 -0.742787 0 0.669528 -0.742787 0.28672 0.629147 -0.722472 0.172708 0.575733 -0.799189 0.095201 0.629607 -0.771059 0.0931571 0.63246 -0.768971 0.566296 0.0651898 -0.82162 0.535353 0.0213654 -0.844358 0.421752 0.0199718 -0.906491 0.347457 0.106632 -0.931613 0.294359 0.250476 -0.922288 0.230785 0.335799 -0.913224 0.225377 0.373573 -0.899804 0 0.0189696 -0.99982 0 0.0189696 -0.99982 -0.0844065 0.0371781 -0.995738 -0.150376 0.113808 -0.982056 -0.214395 0.276527 -0.936786 -0.223094 0.00290982 -0.974793 -0.244871 0.00164413 -0.969554 -0.343853 0.00159236 -0.939022 -0.344343 0.00103583 -0.938843 -0.419431 0.00100923 -0.907787 -0.421991 0.00110184 -0.906599 -0.527232 0.00114941 -0.849721 -0.5388 0.000730402 -0.842434 -0.564834 0.000745016 -0.825204 -0.572898 0.000292515 -0.819627 -0.702463 -2.5644e-05 -0.71172 0.575624 0.000291805 -0.817714 0.567503 0.000746408 -0.823371 0.0964725 0.624107 -0.77536 0.194326 0.459219 -0.866807 0.220452 0.276004 -0.935533 0.157655 0.113563 -0.980943 0.0911011 0.0371864 -0.995147 0.545568 0.000734157 -0.838066 0.535475 0.00110512 -0.84455 0.421835 0.0010644 -0.906672 0.349449 0.00158885 -0.936954 0.418097 0.000935599 -0.908402 0.34999 0.000971998 -0.936753 0.23434 0.00164854 -0.972153 0.230734 0.001849 -0.973015 0.22936 0.00330171 -0.973336 0 0.00374749 -0.999993 -0.084464 0.00457231 -0.996416 -0.151359 0.00342827 -0.988473 -0.158226 0.00306752 -0.987398 -0.25787 0.000843038 -0.966179 -0.341039 0.000828654 -0.940049 0.15868 0.00334917 -0.987324 0.158451 0.0031902 -0.987362 0.157567 0.00318198 -0.987503 0.0911633 0.00426506 -0.995827 0.0079658 0.0033867 -0.999963 0.345254 0.000674745 -0.938509 0.250363 0.000705963 -0.968152 0.20506 0.00184726 -0.978748 -0.00688018 0.00401466 -0.999968 -0.00458527 0.00458859 -0.999979 0 0.00458864 -0.99999 0 0.00458864 -0.99999 0 -1 0 0 -1 0 0 -1 0 0 -1 0 0 -1 0 0 -1 0 0 -1 0 0 -1 0 0 -1 0 0 -1 0 0 -1 0 0 -1 0 0 -1 0 0 -1 0 0 -1 0 0 -1 0 0 -1 0 0 -1 0 0 -1 0 0 -1 0 0 -1 0 0 -1 0 0 -1 0 0 -1 0 0 -1 0 0 -1 0 0 -1 0 0 -1 0 0 -1 0 0 -1 0 0 -1 0 0 -1 0 0 -1 0 0 -1 0 -0.327422 0.00379345 -0.944871 -0.00611627 0.0061207 -0.999963 -0.336127 0.00576469 -0.941799 -0.00543897 0.457429 -0.889229 0 0.457436 -0.889242 0 0.457436 -0.889242 0.00458998 0.00458859 -0.999979 0.00918382 0.00344087 -0.999952 -0.341911 0.00681276 -0.939708 -0.41865 0.0226003 -0.907866 -0.474646 0.0927938 -0.875272 -0.464831 0.265249 -0.844734 -0.281651 0.454021 -0.845303 -0.0247591 0.473032 -0.880697 -0.03963 0.904151 -0.425372 0 0.904861 -0.425706 0 0.904861 -0.425706 0.0102082 0.457412 -0.889196 0.0114787 0.0114753 -0.999868 0.127761 0.011382 -0.99174 0.0285982 0.0034396 -0.999585 -0.717932 0.00100343 -0.696112 -0.689815 0.00978708 -0.72392 -0.689501 0.0316882 -0.723591 -0.672245 0.0589817 -0.737975 -0.747687 0.311894 -0.586248 -0.73583 0.333305 -0.589459 -0.719674 0.618216 -0.316036 -0.707083 0.638183 -0.304558 -0.445015 0.862506 -0.240924 -0.277733 0.870841 -0.405587 -0.0439365 0.905629 -0.42179 -0.0484267 0.998182 -0.0358742 -0.0126013 0.999921 0 0 1 0 0 1 0 0 1 0 0 1 0 0 1 0 0.0527518 0.903601 -0.425114 0.0353827 0.477655 -0.877835 0.293094 0.456964 -0.839809 0.446846 0.302084 -0.842065 0.468455 0.0351845 -0.882786 0.466563 0.0327709 -0.883881 0.593939 0.00137652 -0.804509 -0.970383 0.00108888 -0.24157 -0.973513 0.00300167 -0.228613 -0.973315 0.0204006 -0.228566 -0.983933 0.0894047 -0.154542 -0.960002 0.183734 -0.211276 -0.959994 0.210439 -0.184732 -0.982008 0.159412 -0.101229 -0.970092 0.24117 -0.0275327 -0.651543 0.757875 -0.0334259 -0.62411 0.777948 -0.0726869 -0.452107 0.88622 -0.10106 -0.396388 0.917491 -0.0329742 -0.396497 0.917744 0.0231463 -0.06159 0.997784 0.0251649 -0.0138621 0.999903 0.00126201 -0.001262 0.999998 0.00126213 0.02207 0.999756 0 0.0653893 0.996917 -0.0433698 0.0594125 0.905796 -0.419529 0.28954 0.868531 -0.40227 0.464702 0.855211 -0.229493 0.714857 0.635708 -0.291299 0.808634 0.450024 -0.378933 0.787654 0.314243 -0.529956 0.817898 0.167948 -0.550305 0.72585 0.0466952 -0.686266 0.719394 0.00156027 -0.694601 0.726638 0.00331882 -0.687012 0.719933 0.00157569 -0.694042 -0.993192 0.00306234 -0.116452 -0.993539 0.0038299 -0.113425 -0.989669 0.0882661 -0.112983 -0.989814 0.101801 -0.0995269 -0.981982 0.173435 0.0750419 -0.970311 0.241225 0.0175324 -0.991813 0.102007 0.0768174 -0.651764 0.758131 0.0210112 -0.627238 0.77694 0.0541895 -0.44639 0.890893 0.0839453 -0.445267 0.888141 0.113767 -0.181398 0.97544 0.124949 -0.140724 0.984475 0.104906 -0.102929 0.989089 0.105397 -0.00378704 0.999973 0.00631082 -0.00372822 0.984443 0.175666 0 0.98445 0.175667 0.00189356 0.999996 0.00189448 0.0239635 0.999711 0.00189394 0.0816575 0.996185 0.0307795 0.419469 0.907337 0.0280343 0.419307 0.906986 -0.0394575 0.465758 0.879537 -0.0973875 0.624488 0.777607 -0.0730815 0.979665 0.200493 -0.00762722 0.98827 0.132194 -0.0764617 0.957408 0.192918 -0.214831 0.662561 0.748935 -0.0104413 0.97074 0.10108 -0.217822 0.973587 0.0938771 -0.208122 0.977902 0.0026999 -0.209044 0.976741 0.00214817 -0.214411 0.975518 0.00163551 -0.219916 -0.995927 0.00204676 0.0901427 -0.99654 0.00384147 0.0830209 -0.991912 0.0963386 0.0826354 -0.98478 0.0962137 0.144747 -0.968031 0.170612 0.18387 -0.967065 0.213527 0.138535 -0.717654 0.65694 0.231093 -0.684674 0.699265 0.20555 -0.482933 0.859853 0.165615 -0.467522 0.832415 0.297503 -0.368333 0.873642 0.31793 -0.35257 0.844668 0.402778 -0.346116 0.844277 0.409147 -0.267004 0.867574 0.419553 -0.100878 0.957748 0.269336 -0.0997441 0.958487 0.267121 0.00270876 0.857653 0.514222 0.0031075 0.983904 0.178673 -0.089969 0.854178 0.512138 0.00557842 0.983893 0.178671 0.0056694 0.999939 0.00944852 0.00189356 0.999996 0.00189498 0.112652 0.986799 0.116351 0.165464 0.979431 0.115483 0.200881 0.970559 0.132896 0.461211 0.879088 0.120371 0.460777 0.883956 0.0794134 0.62889 0.775639 0.0536743 0.662597 0.748976 0 0.979694 0.200499 0 0.993051 0.0970274 0.0665951 0.992323 0.0969562 -0.0767753 0.989191 0.129754 0.0683027 0.99135 0.0725268 -0.109388 0.993959 0.0040867 -0.109676 0.992175 0.000354298 -0.124858 -0.973745 -0.000108056 0.227643 -0.976653 0.00200715 0.214812 -0.976058 0.0349572 0.214681 -0.927142 0.0434792 0.372179 -0.887592 0.112636 0.446647 -0.906634 0.231937 0.352448 -0.834146 0.37001 0.409015 -0.755625 0.569302 0.323923 -0.484635 0.817388 0.311458 -0.518149 0.731663 0.442934 -0.537321 0.402601 0.74108 -0.391446 0.706879 0.589145 -0.641192 0.521078 0.563339 -0.595763 0.348696 0.723517 -0.24267 0.804311 0.542397 -0.139879 0.817459 0.558743 -0.235616 0.802333 0.548404 0.0038682 0.446433 0.894809 0.00374106 0.857068 0.515189 -0.135161 0.442339 0.886604 0.0956778 0.853142 0.512829 0.107142 0.955371 0.275293 0.109041 0.955173 0.275236 0.355278 0.83726 0.415661 0.367216 0.837864 0.403901 0.381789 0.866707 0.321023 0.27593 0.861711 0.425813 0.480394 0.823753 0.301086 0.496779 0.851848 0.166028 0.695876 0.687921 0.206208 0.965777 0.196566 0.169223 0.799118 0.528845 0.285891 0.993251 0.0812786 0.0827468 0.96586 0.186953 0.17934 0.989448 0.0838595 0.118157 0.996539 0.00409731 0.0830208 0.995927 0.00230372 0.0901376 -0.928019 -0.000519386 0.372531 -0.924688 -0.00173236 0.380721 -0.875164 -0.0019701 0.483822 -0.871915 -0.000298283 0.489657 -0.87177 0 0.489916 -0.867701 0.0965031 0.487629 -0.874021 0.116452 0.471727 -0.833235 0.298283 0.46556 -0.819786 0.304938 0.484731 -0.476193 0.10345 0.873234 -0.459698 0.27938 0.842986 -0.613936 0.29453 0.732349 -0.625607 0.121929 0.770551 -0.623881 0.112 0.773452 -0.344892 0.253985 0.903627 -0.221457 0.387166 0.895019 -0.807332 0.201911 0.554479 -0.663523 0.209061 0.718353 -0.178989 0.390612 0.902987 -0.1932 0.112604 0.974676 -0.188979 0.108275 0.975994 0.00685252 0.110259 0.993879 0.00685284 0.11026 0.993879 0.00617769 0.44409 0.895961 0.142951 0.439537 0.886776 0.148263 0.813614 0.562184 0.240563 0.798546 0.551773 0.253659 0.80205 0.540716 0.400298 0.702715 0.588178 0.547485 0.389336 0.740728 0.593437 0.345645 0.726885 0.649471 0.34822 0.675966 0.683218 0.42036 0.597085 0.528302 0.723322 0.444637 0.491848 0.813454 0.310447 0.808962 0.495239 0.316731 0.848595 0.380662 0.3674 0.909354 0.254015 0.329471 0.981219 0.013879 0.192396 0.981311 0.00226991 0.192414 0.884237 0.105756 0.454908 0.9274 0.0182155 0.373627 0.978562 0.000344955 0.20595 -0.830719 -0.000284197 0.556692 -0.829949 0 0.557839 -0.82763 0.000639568 0.561274 -0.827598 0.00876304 0.561252 -0.863976 0.0957156 0.494353 -0.648565 -0.00072761 0.761159 -0.643765 -0.001914 0.765221 -0.479819 -0.00166177 0.877366 -0.473278 -0.000589583 0.880913 -0.470925 0.0995889 0.876534 -0.64803 0.0406163 0.760531 -0.370458 0.0921711 0.924265 -0.354526 0.107311 0.928868 -0.667157 0.00914882 0.744861 -0.372041 0.00035492 0.928216 -0.19516 0.000375016 0.980771 -0.190096 0.00169069 0.981764 0.00613456 0.00172206 0.99998 0.00689454 0.00191171 0.999974 0.200981 0.108012 0.973622 0.204464 0.111607 0.972491 0.190068 0.382923 0.904016 0.225533 0.379984 0.897077 0.475215 0.271805 0.836835 0.35047 0.246039 0.903679 0.628383 0.112747 0.76969 0.491064 0.105228 0.864745 0.648964 0.0939112 0.755001 0.67387 0.0942274 0.732817 0.688702 0.109043 0.716798 0.819053 0.105182 0.563993 0.780283 0.320112 0.537296 0.848338 0.303074 0.43413 0.880314 0.106555 0.46227 0.927554 0.000190489 0.373689 0.880012 -0.000180063 0.474952 0.881315 -0.000904239 0.472528 0.924693 -0.000838741 0.380713 0.875941 0.0951161 0.472948 0.879931 0 0.475102 -0.661305 -0.000717048 0.750117 -0.667185 0.000627396 0.744892 -0.641342 -0.00281866 0.76725 -0.642005 -0.00249214 0.766696 -0.482886 -0.00233192 0.87568 -0.48364 -0.00257888 0.875263 -0.374602 -0.000334792 0.927186 -0.195159 0 0.980772 0.00612913 0 0.999981 0.207898 0.000374015 0.978151 0.202163 0.00187228 0.97935 0.377655 0.000354052 0.925946 0.376084 0.0911377 0.922093 0.359533 0.106392 0.927047 0.482299 0.0987301 0.870425 0.484667 -0.000494989 0.874699 0.493804 -0.00201288 0.869571 0.645341 -0.00220329 0.763892 0.651845 -0.000557516 0.758352 0.675155 -0.000531768 0.737676 0.676881 0 0.736092 0.829161 0 0.55901 0.829161 0 0.55901 0.825088 0.0990015 0.556264 0.829423 -0.000141437 0.558621 0.828764 -0.000848813 0.559598 0.379972 -0.00025085 0.924998 0.675329 -0.000691647 0.737516 -0.989832 -0.10281 -0.0983027 -0.991972 -0.103032 0.0733154 -0.99728 0 0.0737077 -0.99728 0 0.0737077 -0.995105 0 -0.0988264 -0.995105 0 -0.0988264 -0.957569 -0.104983 -0.268403 -0.988664 -0.108392 -0.103894 -0.96289 0 -0.269894 -0.96289 0 -0.269894 -0.99136 -0.106401 0.0767049 -0.886762 -0.452737 -0.0931856 -0.878598 -0.471879 -0.073452 -0.879625 -0.472431 0.0554014 -0.885284 -0.459978 0.0684974 -0.964271 -0.103493 0.243867 -0.969477 0 0.245183 -0.969477 0 0.245183 -0.99692 0.00468728 0.078283 0 1 0 0 1 0 0 1 0 0 1 0 0 1 0 0 1 0 0 1 0 0 1 0 0 1 0 0 1 0 0 1 0 0 1 0 0 1 0 0 1 0 0 1 0 0 1 0 0 1 0 0 1 0 0 1 0 0 1 0 0 1 0 0 1 0 0 1 0 0 1 0 0 1 0 0 1 0 0 1 0 0 1 0 0 1 0 0 1 0 0 1 0 0 1 0 0 1 0 0 1 0 0 1 0 0 1 0 0 1 0 0 1 0 0 1 0 0 1 0 0 1 0 0 1 0 0 1 0 0 1 0 0 1 0 0 1 0 0 1 0 0 1 0 0 1 0 0 1 0 0 1 0 0 1 0 0 1 0 0 1 0 0 1 0 0 1 0 0 1 0 0 1 0 0 1 0 0 1 0 0 1 0 0 1 0 0 1 0 0 1 0 0 1 0 -0.994507 0.00584753 -0.104508 -0.906331 -0.0923617 -0.41235 -0.911572 -0.105199 -0.397455 -0.955572 -0.110276 -0.273353 -0.910222 0 -0.41412 -0.910222 0 -0.41412 -0.894248 -0.367263 -0.255811 -0.893845 -0.368708 -0.255139 -0.873972 -0.446207 -0.192543 -0.963452 0.00566493 -0.26782 -0.962875 0.0056143 -0.26989 -0.961614 -0.110974 0.250965 -0.873363 -0.453784 0.176967 -0.891804 -0.387962 0.232746 -0.559242 -0.804937 -0.198304 -0.499597 -0.855755 -0.134485 -0.50283 -0.861293 -0.0730445 -0.478846 -0.876694 -0.0459805 -0.47906 -0.877086 0.0349572 -0.497017 -0.865984 0.0551808 -0.494225 -0.861119 0.119228 -0.551307 -0.814327 0.181474 -0.916205 -0.105733 0.386508 -0.911818 -0.0933464 0.399842 -0.915817 -2.364e-05 0.401596 -0.916008 0 0.40116 -0.969467 0.0045582 0.245181 -0.969467 0.0045582 0.245181 -0.846633 -0.0993025 -0.522831 -0.850838 0 -0.525428 -0.850838 0 -0.525428 -0.893144 -0.225043 -0.389421 -0.839263 -0.107231 -0.533047 -0.818087 -0.246482 -0.519597 -0.962862 0.00566146 -0.269934 -0.919118 0.00540425 -0.393946 -0.912521 0.00507103 -0.408998 -0.74521 -0.340798 -0.573166 -0.583945 -0.697404 -0.415495 -0.5383 -0.792724 -0.286045 -0.548838 -0.789963 -0.273379 -0.887918 -0.386271 0.249793 -0.892039 -0.250311 0.376313 -0.541341 -0.799606 0.25996 -0.54692 -0.794302 0.264505 -0.443294 -0.843416 -0.303547 -0.303863 -0.941164 -0.147907 -0.275711 -0.951884 -0.133794 -0.197216 -0.979015 -0.0513469 -0.120751 -0.992604 -0.0124788 -0.108437 -0.994103 0 -0.114609 -0.993391 0.00625028 -0.179393 -0.982997 0.0391784 -0.244491 -0.963726 0.10703 -0.29226 -0.947302 0.13116 -0.428206 -0.858547 0.282023 -0.830089 -0.271691 0.486967 -0.857732 -0.105371 0.503183 -0.862529 -0.0999914 0.49603 -0.866873 0 0.498529 -0.866873 0 0.498529 -0.906134 0 0.422991 -0.91779 0.00431522 0.397042 -0.767112 -0.0983213 -0.633934 -0.776826 -0.11136 -0.619791 -0.770847 0 -0.63702 -0.770847 0 -0.63702 -0.848199 0.00299768 -0.52967 -0.739869 -0.322698 -0.590305 -0.463384 -0.704834 -0.537107 -0.421674 -0.820475 -0.386022 -0.435012 -0.819792 -0.372431 -0.672264 -0.326261 -0.664541 -0.614139 -0.384339 -0.689287 -0.58941 -0.703791 0.396577 -0.746899 -0.374351 0.549548 -0.419359 -0.836774 0.352062 -0.144321 -0.970131 -0.194982 -0.145744 -0.979692 -0.137702 -0.342082 -0.850684 -0.399145 -0.157448 -0.962255 -0.22198 -0.0209292 -0.999702 -0.012568 -0.00419679 -0.999982 -0.00419706 0 -1 0 0 -1 0 0 -1 0 0 -1 0 0 -1 0 0 -1 0 0 -1 0 -0.00209971 -0.999996 0.00209984 -0.0104776 -0.999925 0.00629139 -0.113791 -0.987434 0.109663 -0.130976 -0.975609 0.176161 -0.332394 -0.866342 0.372781 -0.413763 -0.837148 0.357747 -0.113351 -0.983616 0.140181 -0.780259 -0.111505 0.615436 -0.737422 -0.343359 0.581648 -0.767416 -0.0942396 0.634185 -0.770847 0 0.63702 -0.770847 0 0.63702 -0.86546 0.00165987 0.500975 -0.72088 -0.0989555 -0.685959 -0.724435 0 -0.689343 -0.724435 0 -0.689343 -0.706709 -0.111958 -0.69859 -0.770844 0.0027243 -0.637018 -0.769041 0.00496867 -0.63918 -0.344362 -0.510599 -0.787848 -0.336477 -0.798149 -0.499741 -0.567273 -0.298209 -0.767641 -0.465328 -0.283985 -0.838345 -0.426618 -0.330523 -0.841874 -0.32541 -0.810766 -0.486586 -0.590757 -0.109252 -0.799419 -0.453196 -0.728594 0.51358 -0.610974 -0.418877 0.671754 -0.689762 -0.34669 0.635637 -0.0478925 -0.993844 -0.0999 -0.144322 -0.882034 -0.448538 -0.133707 -0.883496 -0.448951 -0.0446225 -0.925986 -0.374912 -0.0041965 -0.999912 -0.0125781 -0.215925 -0.837207 -0.502455 0 -0.999965 -0.00838174 0 -0.999998 0.00209985 0 -0.999998 0.00209985 -0.00209969 -0.999989 0.00420208 -0.0271863 -0.998149 0.0544074 -0.0258317 -0.948414 0.315979 -0.121956 -0.90842 0.399874 -0.134133 -0.896536 0.422174 -0.207134 -0.857861 0.470287 -0.315607 -0.832061 0.456143 -0.33939 -0.806348 0.484373 -0.731122 -0.107332 0.673751 -0.744792 -0.0946335 0.660552 -0.74815 0 0.66353 -0.74815 0 0.66353 -0.770844 0.00272026 0.637018 -0.799973 0.00282306 0.600029 -0.581551 -0.101564 -0.807145 -0.584574 0 -0.81134 -0.584574 0 -0.81134 -0.727725 0.00498753 -0.685851 -0.724434 0.00162283 -0.689342 -0.342522 -0.512523 -0.7874 -0.399177 -0.238732 -0.885248 -0.246482 -0.190722 -0.950196 -0.224996 -0.214191 -0.950526 -0.250079 -0.697356 -0.671681 -0.499931 -0.0978867 -0.860516 -0.490804 -0.126864 -0.861985 -0.354567 -0.665205 0.657104 -0.49967 -0.322808 0.803819 -0.559663 -0.331068 0.759718 -0.589851 -0.104693 0.800697 0.0019485 -0.926907 -0.375285 0.00210198 -0.999919 -0.0125807 -0.103895 -0.780218 -0.616819 -0.075659 -0.766927 -0.637259 0.00322968 -0.769127 -0.639087 0.00388936 -0.926226 -0.376949 0.00629043 -0.99984 -0.0167686 0.00629119 -0.99996 -0.0062916 0.00209971 -0.999996 0.00209863 0.00209969 -0.999989 0.00420208 0 -0.948731 0.316085 0.00335648 -0.798835 0.601541 -0.0982254 -0.794977 0.598635 -0.0997962 -0.79584 0.597226 0.00398124 -0.947526 0.319655 -0.20179 -0.751803 0.627752 -0.233214 -0.760214 0.606371 -0.5841 -0.0999159 0.805508 -0.587038 0 0.809559 -0.587038 0 0.809559 -0.748149 0.000780372 0.66353 -0.750722 0.00342641 0.660609 -0.770244 0.0034684 0.63774 -0.498235 -0.0914188 -0.862209 -0.514437 0 -0.857528 -0.50033 -1.74159e-05 -0.865835 -0.587034 0.00190583 -0.80956 -0.153476 -0.173672 -0.972771 -0.0627985 -0.273915 -0.959702 -0.431254 -0.0128417 -0.902139 -0.257368 -0.010341 -0.966258 -0.179031 -0.0874163 -0.979952 -0.166518 -0.0871674 -0.982178 -0.150182 -0.104375 -0.983133 -0.259261 -0.159804 0.952495 -0.435471 -0.196005 0.878605 -0.498364 -0.309823 0.809718 -0.156772 -0.262096 0.952223 -0.532832 -0.0979781 0.84053 -0.50739 -0.122929 0.852903 0.0540493 -0.992214 -0.112205 0.0503909 -0.925056 -0.376473 0.00470765 -0.76781 -0.640661 0.00337686 -0.274455 -0.961594 0.0793779 -0.765396 -0.638646 0.111551 -0.779936 -0.615837 0.140755 -0.881119 -0.451462 0.159631 -0.963262 -0.215974 0.161605 -0.975175 -0.151384 0.0272401 -0.999489 -0.0167555 0.00629848 -0.99996 -0.0062916 0.134947 -0.990853 0 0.143082 -0.989676 0.00830508 0.0146903 -0.999857 0.00839051 0.12801 -0.98428 0.121684 0.127345 -0.979167 0.158165 0.0313513 -0.997537 0.0627429 0.0297666 -0.947113 0.319516 0.104738 -0.792834 0.60037 0.00544309 -0.797207 0.603681 0.130823 -0.903856 0.407346 0.139549 -0.895139 0.423382 0.00470001 -0.343498 0.939142 -0.087339 -0.342189 0.935563 -0.15309 -0.260229 0.953333 -0.535408 0 0.844594 -0.535408 0 0.844594 -0.587038 0.000952118 0.809559 -0.58428 0.00309327 0.811547 -0.500038 0 -0.866004 -0.431289 0 -0.902214 -0.431289 0 -0.902214 0.00574723 -0.105571 -0.994395 0.00574723 -0.105571 -0.994395 0.00556347 -0.270864 -0.962602 -0.316122 0 -0.948718 -0.257382 -3.53598e-05 -0.96631 -0.256172 0 -0.966631 -0.167154 0 -0.985931 -0.167154 0 -0.985931 0.00577952 0 -0.999983 0.00577952 0 -0.999983 -0.168601 -0.11333 0.979148 -0.234787 -0.106853 0.966156 -0.293703 -0.056851 0.954204 -0.426156 -0.0657669 0.902256 -0.487906 -0.119304 0.864705 -0.427081 -0.000123801 0.904214 -0.430985 0 0.902359 0.151294 -0.879552 -0.451107 0.165087 -0.959741 -0.227251 0.0665575 -0.270267 -0.960482 0.357526 -0.476581 -0.803147 0.350532 -0.503713 -0.789557 0.257994 -0.694109 -0.67205 0.161597 -0.167273 -0.972577 0.239347 -0.210976 -0.947735 0.2244 -0.832213 -0.507017 0.351199 -0.843873 -0.405632 0.427534 -0.813913 -0.393397 0.447495 -0.812813 -0.372939 0.45487 -0.836905 -0.304438 0.321 -0.934678 -0.152764 0.307508 -0.940283 -0.145967 0.218532 -0.974491 -0.0511071 0.151158 -0.988371 -0.0165691 0.206862 -0.97751 0.0410124 0.493588 -0.868502 -0.0455486 0.493773 -0.868827 0.0364525 0.279391 -0.952923 0.117808 0.308088 -0.942097 0.132416 0.442516 -0.850632 0.283909 0.434773 -0.828732 0.352387 0.421447 -0.829696 0.366042 0.340856 -0.85965 0.380552 0.140756 -0.972483 0.185648 0.247022 -0.736229 0.630037 0.23323 -0.732832 0.639188 0.104921 -0.792614 0.600629 0.217718 -0.852014 0.4761 0.0928466 -0.341009 0.935464 0.0054306 -0.342483 0.939508 0.324946 -0.825581 0.46133 0.00574356 -0.112372 0.99365 0.00574355 -0.112372 0.99365 -0.166125 -0.110812 0.979859 -0.535406 0.00273866 0.84459 -0.536195 0.00361012 0.844087 -0.554643 0.00358949 0.832081 0.156944 -0.104264 -0.982088 0.175347 -0.0845352 -0.980871 0.164399 0 -0.986394 0.175976 -1.30387e-05 -0.984394 -0.167155 -0.0001199 0.985931 -0.294179 -0.00011623 0.95575 -0.294179 -0.00011623 0.95575 -0.406076 -0.000111133 0.91384 -0.436148 0.00317529 0.89987 -0.523994 0.00300538 0.851716 0.33554 -0.804483 -0.490123 0.253742 -0.194803 -0.947453 0.403815 -0.242856 -0.882017 0.426307 -0.326954 -0.843423 0.469998 -0.275468 -0.838582 0.582359 -0.289672 -0.759571 0.62239 -0.366718 -0.691483 0.469422 -0.700289 -0.537809 0.342929 -0.795965 -0.498838 0.178479 -0.084642 -0.980296 0.592132 -0.6896 -0.416932 0.673874 -0.313033 -0.669257 0.75187 -0.308971 -0.582434 0.753742 -0.315805 -0.576316 0.544328 -0.787587 -0.288814 0.563363 -0.782479 -0.265235 0.572654 -0.795384 -0.198574 0.514673 -0.84616 -0.138297 0.518287 -0.852101 -0.0728171 0.510477 -0.858141 0.0548374 0.507557 -0.853232 0.119925 0.885387 -0.459224 -0.072136 0.886397 -0.459748 0.0541522 0.567047 -0.803071 0.183125 0.557542 -0.78961 0.256248 0.551783 -0.791343 0.263272 0.597797 -0.6963 0.397247 0.461189 -0.721679 0.516221 0.755765 -0.353016 0.551543 0.749527 -0.330722 0.573439 0.690481 -0.335022 0.64109 0.619261 -0.402924 0.67392 0.345354 -0.803241 0.485319 0.360947 -0.641803 0.676613 0.439261 -0.202686 0.875196 0.264107 -0.164449 0.95037 0.17135 -0.257641 0.950926 0.497566 -0.318634 0.806784 0.164154 -0.253932 0.95319 0.176722 -0.110605 0.978027 0.00578017 -6.08046e-05 0.999983 -0.164399 -5.99783e-05 0.986394 -0.166084 -6.18574e-05 0.986112 0.257508 -0.00332601 -0.96627 0.176221 0 -0.984351 0.242536 0 -0.970143 0.25751 -7.75432e-06 -0.966276 0.496761 -0.131181 -0.857916 0.444702 -0.00400809 -0.89567 0.503455 -0.0783614 -0.860461 0.508162 -0.0977065 -0.855701 0.594817 -0.101409 -0.797439 0.60476 -0.109902 -0.788788 0.705075 -0.111929 -0.700244 0.819779 -0.225622 -0.526362 0.902712 -0.20358 -0.379034 0.907215 -0.333513 -0.25638 0.900834 -0.358172 -0.245381 0.718298 -0.0997582 -0.688546 0.776324 -0.098834 -0.622538 0.785596 -0.111777 -0.60856 0.836518 -0.1084 -0.53711 0.882259 -0.43098 -0.189406 0.894545 -0.436981 -0.0940035 0.892932 -0.444858 0.0690846 0.881107 -0.438967 0.175949 0.988418 -0.110645 -0.103868 0.989825 -0.103953 -0.0971623 0.991937 -0.104175 0.0721656 0.991117 -0.108661 0.076681 0.900156 -0.368101 0.232853 0.898862 -0.367572 0.238617 0.900835 -0.229397 0.36861 0.833955 -0.251569 0.491154 0.575559 -0.324311 0.750703 0.50031 -0.314848 0.806573 0.856719 -0.107011 0.504561 0.789174 -0.112528 0.603772 0.776494 -0.0947508 0.622961 0.742181 -0.0954246 0.663371 0.728537 -0.108093 0.676425 0.605015 -0.106034 0.789122 0.513311 -0.119399 0.849856 0.498602 -0.116888 0.858914 0.435571 -0.0599786 0.898154 0.297856 -0.0517521 0.953207 0.235417 -0.105401 0.966162 0.17709 -0.110229 0.978002 0.178175 -0.000104114 0.983999 0.176222 0 0.984351 0.00693602 0 0.999976 0.257786 0 -0.966202 0.406123 0 -0.913819 0.444706 -2.55314e-05 -0.895677 0.445499 0 -0.895282 0.470667 0 -0.882311 0.505008 -4.06572e-05 -0.863115 0.505695 0 -0.862713 0.5979 0 -0.801571 0.5979 0 -0.801571 0.7219 0 -0.691998 0.7219 0 -0.691998 0.847749 -0.0963143 -0.52158 0.90997 -0.0887359 -0.405069 0.916947 -0.104759 -0.385011 0.956548 -0.109284 -0.270322 0.957345 -0.107166 -0.26834 0.780143 0 -0.625601 0.780143 0 -0.625601 0.851708 0 -0.524016 0.851708 0 -0.524016 0.964045 -0.105693 0.243815 0.962146 -0.111035 0.248889 0.96289 0 -0.269894 0.96289 0 -0.269894 0.995217 0 -0.0976916 0.995217 0 -0.0976916 0.998455 0 0.0555592 0.997364 -1.86752e-05 0.0725604 0.997338 0 0.0729206 0.969476 0 0.245188 0.969476 0 0.245188 0.920281 -0.106204 0.376568 0.915399 -0.0931922 0.391611 0.862479 -0.100558 0.496002 0.597572 -0.0996886 0.795594 0.535654 -0.0974782 0.838792 0.866873 -9.30356e-06 0.498529 0.866717 0 0.4988 0.780003 0 0.625776 0.780003 0 0.625776 0.745583 0 0.666412 0.745583 0 0.666412 0.600563 0 0.799577 0.600563 0 0.799577 0.538217 0 0.842806 0.538217 0 0.842806 0.439711 0 0.898139 0.436356 -0.000109422 0.899774 0.298256 -0.000116076 0.954486 0.296746 -5.80667e-05 0.954957 0.216892 -5.93582e-05 0.976196 0.907943 0 -0.419093 0.913574 -1.18728e-05 -0.406673 0.913687 0 -0.40642 0.9194 0 0.393323 0.9194 0 0.393323 0.962874 0.00566152 -0.26989 0.962874 0.00566153 -0.26989 0.993142 0.0058395 -0.116769 0.994655 0.00557167 -0.103107 0.996974 0.00469276 0.077599 0.969467 0.00456328 0.245181 0.969465 0.0045582 0.245186 0.874187 0 0.48559 0.863166 0.00406292 0.504903 0.779998 0.00367145 0.625772 0.779034 0.00491692 0.626963 0.748162 0.00421667 0.663503 0.745582 0.00156774 0.666412 0.613914 0.00185701 0.789371 0.602673 0.00168733 0.797986 0.916299 0.00538766 -0.400458 0.928456 0.00436538 0.371417 0.921077 0.003962 0.389362 0 0 -1 0 0 -1 0 0 -1 0 0 -1 0 0 -1 0 0 -1 0 0 -1 0 0 -1 0 0 -1 0 0 -1 0 0 -1 0 0 -1 0 0 -1 0 0 -1 0 0 -1 0 0 -1 0 0 -1 0 0 -1 0 0 -1 0 0 -1 0 0 -1 0 0 -1 0 0 -1 0 0 -1 0 0 -1 0 0 -1 0 0 -1 0 0 -1 0 0 -1 0 0 -1 0 0 -1 0 0 -1 0 0 -1 0 0 -1 0 0 -1 0 0 -1 0 0 -1 0 0 -1 0 0 -1 0 0 -1 0 0 -1 0 0 -1 0 0 -1 0 0 -1 0 0 -1 0 0 -1 0 0 -1 0 0 -1 0 0 -1 0 0 -1 0 0 -1 0 0 -1 0 0 -1 0 0 -1 0 0 -1 0 0 -1 0 0 -1 0.14275 -0.987719 0.0635096 0.0239098 -0.99767 0.0639001 -0.0112832 -0.997973 0.0626277 -0.119572 -0.990876 0.0621823 0.257962 -0.964255 0.0605562 0.196113 -0.978537 0.0632877 0.195907 -0.977507 0.0781007 0.165597 -0.982952 0.0798964 0.0238884 -0.996779 0.076561 -0.00328195 -0.996881 0.0788495 -0.0554861 -0.995351 0.0787285 -0.13885 -0.987623 0.0729479 -0.138947 -0.988317 0.0626309 -0.216643 -0.974315 0.0614462 0.354663 -0.933357 0.0553049 0.340458 -0.938429 0.0586377 0.347624 -0.934099 0.081348 0.276228 -0.957468 0.0833832 0.348175 -0.935581 0.0588407 0.275724 -0.955721 0.102828 0.24392 -0.961661 0.125343 0.201969 -0.972831 0.113176 0.0476708 -0.965206 0.257109 -0.00487759 -0.98325 0.182195 -0.0795077 -0.980149 0.18162 -0.186754 -0.945186 0.267857 -0.344384 -0.933469 0.100171 -0.327628 -0.941178 0.0827299 -0.309003 -0.947715 0.0797067 -0.309434 -0.949038 0.0598062 -0.345265 -0.936918 0.0545658 -0.325388 -0.943747 0.0588515 0.605209 -0.794019 0.0570583 0.590327 -0.805014 0.0588848 0.454028 -0.888954 0.0601638 0.371604 -0.92655 0.0584468 0.453204 -0.88734 0.0850508 0.453045 -0.887419 0.0850736 0.41851 -0.903991 0.0874654 0.418164 -0.903244 0.0963793 0.417535 -0.903447 0.0972041 0.411445 -0.866098 0.283879 0.258233 -0.852875 0.453784 0.222435 -0.860701 0.457948 0.147884 -0.833666 0.5321 0.0905875 -0.840741 0.533806 0.0189234 -0.794211 0.607347 -0.104441 -0.790009 0.604134 -0.228913 -0.856249 0.463073 -0.47674 -0.871585 0.114271 -0.284485 -0.84565 0.451602 -0.450302 -0.848022 0.279441 -0.480614 -0.86996 0.110359 -0.34253 -0.93572 0.084265 -0.365545 -0.928983 0.0580309 -0.364052 -0.929573 0.0579676 -0.353656 -0.93377 0.0547763 0.640305 -0.765988 0.0572083 0.61152 -0.7891 0.0580084 0.597798 -0.799477 0.0589484 0.597409 -0.799766 0.0589613 0.597388 -0.799737 0.0595668 0.592935 -0.8019 0.0733762 0.697468 -0.697063 0.166255 0.68256 -0.703639 0.197493 0.498422 -0.84719 0.183971 0.445516 -0.890376 0.0935227 0.704618 -0.704209 0.0871971 0.422854 -0.859161 0.288162 0.517785 -0.649516 0.556801 0.347758 -0.463517 0.814995 0.23579 -0.424021 0.87442 0.211058 -0.390808 0.895949 0.120572 -0.396898 0.909909 0.0678956 -0.346891 0.935445 0.0134238 -0.347662 0.937524 0.00719665 -0.3418 0.939745 -0.0430426 -0.341492 0.938899 -0.0813668 -0.377329 0.922498 -0.248745 -0.366685 0.896475 -0.881427 -0.389913 0.266562 -0.889879 -0.393652 0.23055 -0.738463 -0.659131 0.142192 -0.66857 -0.733021 0.125276 -0.618924 -0.777099 0.114239 -0.365244 -0.249271 0.896917 -0.878517 -0.253022 0.405201 -0.607137 -0.792089 0.0630783 -0.606431 -0.792719 0.0619568 -0.451016 -0.890524 0.0595886 0.704946 -0.707463 0.0504706 0.647379 -0.760027 0.0570922 0.798859 -0.598334 0.0618138 0.800706 -0.594517 0.0736148 0.757725 -0.650071 0.0571054 0.765959 -0.640334 0.0572662 0.787019 -0.614196 0.0579983 0.797659 -0.60022 0.0589595 0.889249 -0.447979 0.0924778 0.844176 -0.502685 0.186214 0.704331 -0.681411 0.198991 0.886465 -0.454874 0.0852595 0.88674 -0.454324 0.0853391 0.688749 -0.687345 0.23061 0.636146 -0.634849 0.438503 0.298869 -0.299135 0.906198 0.650382 -0.51994 0.553775 0.462966 -0.348204 0.815117 0.274746 -0.27499 0.921355 0.226785 -0.280407 0.932706 0.0717905 -0.128502 0.989107 0.0380469 -0.0608768 0.99742 0.00765429 -0.0305496 0.999504 0 -0.0152671 0.999883 -0.0457105 -0.0609085 0.997096 -0.37642 -0.0621873 0.92436 -0.370807 -0.0566256 0.926982 -0.906428 -0.0600217 0.418074 -0.916617 -0.0397101 0.397789 -0.934201 -0.0404719 0.354444 -0.926237 -0.26997 0.263061 -0.904495 -0.354824 0.236619 -0.907286 -0.368666 0.202279 -0.875389 -0.477983 0.072291 -0.778717 -0.622608 0.0771892 -0.738777 -0.659659 0.138051 -0.732893 -0.668599 0.125871 -0.737406 -0.672716 0.0607147 -0.735574 -0.674719 0.0607093 -0.635368 -0.769833 0.0605482 -0.610219 -0.78982 0.0617813 -0.60718 -0.792146 0.0619437 0.798994 -0.598436 0.0590188 0.804491 -0.591033 0.0589394 0.88809 -0.455708 0.0602275 0.792509 -0.607196 0.0569485 0.902247 -0.420534 0.0953985 0.902893 -0.420835 0.0876507 0.902659 -0.419268 0.0970623 0.865122 -0.413045 0.284532 0.856291 -0.42744 0.289932 0.933009 -0.350489 0.0815541 0.925526 -0.374132 0.0585376 0.932108 -0.35737 0.0588314 0.934483 -0.351043 0.05924 0.423566 -0.236369 0.874483 0.389752 -0.211122 0.896393 0.28027 -0.226687 0.932771 0.851937 -0.259655 0.454733 0.128575 -0.0718551 0.989093 0.0609117 -0.0380814 0.997416 0.0380899 -0.0381245 0.998547 0 0 1 0 0 1 0 0 1 0 0 1 0 0 1 -0.371403 0 0.928472 -0.371403 0 0.928472 -0.917341 0 0.398103 -0.917341 0 0.398103 -0.931359 0 0.364102 -0.931359 0 0.364102 -0.945234 -0.249795 0.210084 -0.9983 0 0.0582927 -0.998216 -0.0149371 0.0578126 -0.992475 -0.107587 0.0584636 -0.990997 -0.120241 0.0588885 -0.965008 -0.255021 0.061024 -0.957257 -0.282665 0.0613085 -0.924634 -0.375716 0.0623665 -0.903251 -0.424799 0.0606905 -0.884319 -0.46309 0.059394 -0.876103 -0.478373 0.0600185 -0.862339 -0.502727 0.0603119 -0.779555 -0.623277 0.0618063 -0.751369 -0.657055 0.0610231 -0.73746 -0.672656 0.0607128 0.929213 -0.365145 0.0568593 0.95308 -0.284844 0.102484 0.954782 -0.285352 0.0834573 0.858552 -0.229963 0.458263 0.960327 -0.247935 0.127671 0.977218 -0.197378 0.0780223 0.978256 -0.197588 0.0630458 0.986071 -0.154233 0.0622654 0.395775 -0.121718 0.910245 0.829765 -0.15035 0.53748 0.345087 -0.0680056 0.936104 0.0305558 -0.0076498 0.999504 0.345856 -0.013385 0.938192 0.340054 -0.00719728 0.940378 0.015276 0 0.999883 -0.0114633 0.0114566 0.999869 -0.371161 0.0106389 0.928508 -0.371383 0.0104198 0.928421 -0.91534 0.0112799 0.402524 -0.917319 0.00685159 0.398093 -0.931894 0.00696045 0.362663 -0.985714 -0.157647 0.0592967 -0.972272 -0.226022 0.0600097 -0.936037 0.0532471 0.347851 -0.997621 0.036852 0.0582531 -0.995825 0.0714075 0.0568671 -0.998286 -0.0132247 0.0570076 -0.998245 -0.0149376 0.0572988 -0.99562 0.0738937 0.0572841 -0.995469 -0.0759985 0.0571394 -0.993468 -0.0987947 0.0571127 0.971543 -0.206935 0.115246 0.982575 -0.167828 0.0798812 0.965177 -0.0570734 0.255295 0.835568 -0.108422 0.538582 0.996678 -0.026839 0.0768909 0.989013 -0.134017 0.062388 0.997656 -0.0268653 0.0629332 0.77341 -0.0187317 0.63363 0.339798 0.0394671 0.93967 0.0874503 0.0418033 0.995291 0.0267312 0.0114533 0.999577 0.374241 0.076446 0.924175 0.769743 0.0990368 0.630625 0.0114547 0.0114566 0.999869 0 0.230673 0.973031 -0.0111549 0.230659 0.972971 -0.106483 0.319029 0.941744 -0.240389 0.307217 0.920777 -0.364465 0.189381 0.911757 -0.898076 0.193617 0.394932 -0.910617 0.320928 0.260351 -0.906881 0.336863 0.253162 -0.9026 0.354748 0.243859 -0.942481 0.317472 0.104602 -0.958416 0.278617 0.0617385 -0.980493 0.187737 0.0582179 -0.999896 -0.0134443 0.00526321 -0.997079 -0.0711166 0.0278404 0.98327 -0.0047583 0.182091 0.996875 -0.00320477 0.0789357 0.979788 0.0842236 0.181446 0.945847 0.186165 0.265925 0.848962 0.234696 0.473479 0.987826 0.137241 0.0732443 0.995093 0.0598447 0.0787947 0.997904 -0.0164236 0.0625868 0.991116 0.117577 0.0621611 0.988541 0.13734 0.0626397 0.37145 0.143583 0.917283 0.196139 0.151644 0.968779 0.195914 0.15886 0.967668 0.145242 0.160281 0.976327 0.0267094 0.0419837 0.998761 0.848226 0.238913 0.472687 0.448198 0.21813 0.866913 0.0259209 0.244605 0.969276 0.014834 0.24466 0.969495 0.0132769 0.496855 0.867732 -0.081758 0.495235 0.864903 -0.0863902 0.502792 0.860079 -0.281747 0.580569 0.76391 -0.319718 0.552204 0.769968 -0.771575 0.549188 0.321037 -0.757858 0.606019 0.241645 -0.797004 0.579175 0.171292 -0.798637 0.576721 0.171963 -0.902273 0.355832 0.243491 -0.886051 0.440247 0.145248 -0.893981 0.444187 0.0591246 -0.945833 0.318601 0.0623969 -0.890149 0.451938 0.058196 -0.891332 0.449526 0.0587744 0.935224 0.338867 0.10259 0.94825 0.3074 0.079549 0.944884 0.317199 0.0811083 0.882022 0.332466 0.333923 0.869555 0.307521 0.3864 0.926714 0.360678 0.105414 0.972849 0.223147 0.0613989 0.949553 0.307822 0.0599613 0.437817 0.30198 0.846832 0.425023 0.315846 0.84829 0.354248 0.320505 0.878513 0.350935 0.385153 0.853523 0.337183 0.398556 0.852913 0.220698 0.412909 0.883628 0.138266 0.3421 0.929435 0.13225 0.34223 0.930263 0.112068 0.502492 0.857288 0.107133 0.506785 0.85539 0.0233234 0.50958 0.860107 0.018762 0.950167 0.311176 -0.0735996 0.947757 0.310386 -0.150974 0.964561 0.216401 -0.18196 0.955302 0.232998 -0.259679 0.953516 0.152884 -0.226506 0.969492 0.0937075 -0.234407 0.968229 0.0871023 -0.289009 0.954085 0.0787101 -0.324231 0.942946 0.0756781 -0.445363 0.891893 0.0786021 -0.570279 0.815947 0.0949368 -0.67166 0.73156 0.117015 -0.731716 0.667528 0.137836 -0.810214 0.564877 0.15642 -0.73745 0.672758 0.059701 -0.757154 0.650582 0.0588326 -0.818815 0.570873 0.0603894 -0.888793 0.454538 0.0586651 0.92592 0.363595 0.10233 0.93296 0.349958 0.0843511 0.927276 0.364127 0.0870103 0.943311 0.326652 0.0588512 0.929073 0.365326 0.057963 0.92606 0.372848 0.058283 0.864618 0.468063 0.182625 0.875284 0.473837 0.0967336 0.487431 0.447324 0.749875 0.739325 0.64405 0.196465 0.70464 0.665545 0.246035 0.936943 0.345136 0.0549445 0.375979 0.733383 0.566382 0.697139 0.680435 0.225843 0.542447 0.811314 0.217993 0.455575 0.829313 0.323561 0.420313 0.81986 0.388801 0.261214 0.572565 0.777134 0.313619 0.921062 0.230843 0.190922 0.962887 0.190782 0.0953593 0.950761 0.294892 0.0286011 0.954722 0.29612 -0.156356 0.982341 0.102757 0.0297817 0.994132 0.10399 0.0297821 0.994132 0.10399 -0.161566 0.982044 0.097398 -0.161636 0.982466 0.0929221 -0.0428669 0.995443 0.0851855 -0.0413081 0.997412 0.0588432 -0.0416925 0.99742 0.0584367 -0.0817596 0.995001 0.0573481 -0.186382 0.980756 0.058132 -0.273233 0.95998 0.0614908 -0.324532 0.94382 0.06231 -0.445963 0.893095 0.0591483 -0.451403 0.890381 0.0587915 -0.456193 0.887944 0.0586857 -0.571821 0.818153 0.0603939 -0.65207 0.755875 0.0588121 -0.6751 0.735306 0.0597077 0.872356 0.480222 0.0915512 0.79036 0.607895 0.0761248 0.789236 0.608853 0.0800339 0.834661 0.543888 0.0867611 0.888567 0.45484 0.0597456 0.798498 0.598799 0.0619664 0.935667 0.348592 0.0548697 0.932876 0.355964 0.0550702 0.761161 0.642281 0.0900511 0.750202 0.653525 0.100513 0.711979 0.694919 0.100861 0.704277 0.703866 0.0925606 0.557854 0.825076 0.0897091 0.553353 0.827626 0.0939934 0.500064 0.860457 0.097722 0.478337 0.870746 0.113994 0.320844 0.942281 0.0957329 0.315889 0.944294 0.0923235 0.254767 0.963285 0.0847078 0.210581 0.973645 0.0875819 0.193478 0.975781 0.102071 0.0298278 0.995659 0.0881659 0.00188783 0.996357 0.0852637 0.00189146 0.998262 0.0588934 0.00217933 0.998286 0.0584875 0.013458 0.99831 0.0565309 0.0119633 0.998344 0.056277 -0.074456 0.995644 0.0561248 0.0134568 0.99822 0.0581058 -0.453722 0.889238 0.0582379 0.791145 0.608499 0.0617997 0.673172 0.735036 0.0810051 0.704767 0.704356 0.0847705 0.761556 0.642615 0.0841383 0.787471 0.613272 0.0615434 0.770101 0.635049 0.0604698 0.674224 0.736034 0.0606358 0.674149 0.736102 0.060636 0.620013 0.780385 0.0811393 0.610947 0.78741 0.0820339 0.557968 0.825244 0.0874353 0.500657 0.861478 0.0848457 0.475814 0.875789 0.0812107 0.374042 0.924212 0.0769695 0.316163 0.945112 0.082489 0.268171 0.959749 0.0834701 0.11258 0.9919 0.0588278 0.134401 0.987319 0.0844812 0.268608 0.961315 0.0610241 0.224308 0.972697 0.0595612 0.171133 0.983472 0.0591362 0.112582 0.991912 0.0586171 0.11177 0.992004 0.058618 0.0973491 0.993658 0.0562675 0.112511 0.99192 0.0586151 0.673213 0.736961 0.0606058 0.656757 0.751636 0.0609351 0.620876 0.781472 0.0617611 0.479262 0.874303 0.0768287 0.503176 0.862077 0.0603033 0.479816 0.875314 0.0600256 0.463232 0.884248 0.0593411 0.419332 0.905795 0.0607928 0.374427 0.925162 0.0622853 0.280039 0.95804 0.0611439 0.0158545 0 0.999874 0.00444676 0.0148586 0.99988 -0.0173427 0.0252384 0.999531 -1 0 0 -1 0 0 -1 0 0 -1 0 0 -1 0 0 -1 0 0 -1 0 0 -1 0 0 -1 0 0 -1 0 0 -1 0 0 -1 0 0 -1 0 0 -1 0 0 -1 0 0 -1 0 0 0.0235322 -0.273151 0.961683 0.0345262 -0.0271736 0.999034 0.0201757 -0.00560868 0.999781 0.999991 -2.3943e-05 0.00426798 0.999987 1.34026e-06 0.00503637 1 0 0 1 0 0 1 0 0 1 0 0 1 0 0 1 0 0 1 0 0 1 0 0 1 0 0 1 0 0 1 0 0 1 0 0 1 0 0 1 0 0 1 0 0 1 0 0 -0.060384 0.0839461 0.994639 -0.059748 0.0729313 0.995546 -0.114656 0.128039 0.985119 0 -1 0 0 -1 0 0 -1 0 0 -1 0 0 -1 0 0 -1 0 0 -1 0 0 -1 0 1 -6.96079e-05 0 1 -6.96079e-05 0 0.999997 -6.9966e-05 0.0025723 -0.0938621 0.121728 0.988116 -0.0921194 0.118157 0.988713 -0.11958 0.133444 0.983816 -0.246919 0.267675 0.931333 -0.0449878 -0.998979 -0.00410012 0.999992 -6.61984e-05 -0.00407789 0 -0.0162314 -0.999868 0.999984 -3.95205e-05 -0.00558021 0.999984 -3.73555e-05 -0.00567697 -0.357932 0.654042 0.666418 -0.581553 0.716113 0.385977 -0.59435 0.714894 0.36834 -0.595192 0.714152 0.368421 -0.616818 0.665871 0.419705 -0.616907 0.663701 0.422997 -0.615511 0.655134 0.438116 -0.576959 0.614099 0.538517 -0.615793 0.65436 0.438876 -0.620792 0.658183 0.425925 -0.0449551 -0.998944 -0.00950974 -0.0639029 -0.997266 -0.0371176 -0.00405168 -0.0132149 -0.999905 -0.0074406 -0.00708189 -0.999947 -0.107138 -0.501151 -0.858702 -0.0895758 -0.29216 -0.952165 0.99995 1.7663e-05 -0.00998679 0.999967 0 -0.00818929 0.999974 -1.28071e-05 -0.00724123 -0.0121362 0 -0.999926 -0.00813751 0.00905344 -0.999926 -0.00736271 0.00912694 -0.999931 0 0.00915328 -0.999958 -0.629838 0.75758 0.171396 -0.630912 0.757011 0.169954 -0.666981 0.728515 0.156213 -0.670341 0.723651 0.164231 -0.639287 0.753427 0.153816 -0.664992 0.730798 0.154014 -0.671442 0.722374 0.165353 -0.676678 0.717464 0.165384 -0.632195 0.670234 0.388737 -0.0637388 -0.994704 -0.0806291 -0.163699 -0.87802 -0.44976 -0.136058 -0.927593 -0.347936 -0.135588 -0.755873 -0.640525 0 0.225533 -0.974235 -0.262107 0.281836 -0.922967 -0.175983 0.198084 -0.964257 -0.014015 0.0157751 -0.999777 -0.172895 0.229078 -0.95793 -0.64698 0.762493 0.00468855 -0.675271 0.737569 0 -0.675271 0.737569 0 -0.673022 0.739623 0 -0.673022 0.739623 0 -0.686836 0.726812 0 -0.686836 0.726812 0 -0.678238 0.717803 0.157328 -0.648859 0.760909 0 -0.648859 0.760909 0 -0.176657 0.329252 -0.92757 -0.181665 0.239048 -0.953863 -0.647187 0.677748 -0.349009 -0.295138 0.318374 -0.900851 -0.298276 0.328676 -0.896105 -0.246954 0.310313 -0.917997 -0.673013 0.739613 -0.00515228 -0.674532 0.738216 -0.00668124 -0.675259 0.737556 -0.00601581 -0.686824 0.726799 -0.0060228 -0.64885 0.760898 -0.00526199 -0.266744 0.3679 -0.890784 -0.409423 0.751878 -0.516771 -0.688358 0.72482 -0.0282742 -0.653393 0.688003 -0.315799 -0.643762 0.704541 -0.29865 -0.640687 0.705987 -0.301832 -0.613994 0.745504 -0.259297 -0.640057 0.767863 -0.0267214 -0.635119 0.771154 -0.0441152 -0.0846227 -0.996301 0.0149564 -0.0794392 -0.99684 0 -0.00104851 -0.999758 -0.0219538 0 -0.999755 -0.022134 1 0 0 1 0 0 1 0 0 0 0 1 0 0 1 0 0 1 0 0 1 -0.243141 -0.954328 0.173609 -0.17128 -0.980906 0.0921206 -0.0879236 -0.995976 0.0173328 -1 0 0 -1 0 0 -1 0 0 -1 0 0 -1 0 0 -1 0 0 -1 0 0 -1 0 0 -0.0120572 -0.991598 -0.128792 -0.00371943 -0.996956 -0.0778771 0 0 -1 0 0 -1 0 0 -1 0 0 -1 0 0 -1 0 0 -1 0.109585 0.993977 7.15801e-05 0.0763571 0.997059 0.0065864 0.0660599 0.997778 0.00871709 0 0.999736 0.0229752 -0.471825 -0.776339 0.417945 -0.676666 -0.391116 0.62382 -0.0147875 -0.987335 -0.157957 -0.686447 -0.32253 0.65174 -1 0 0 -1 0 0 -1 0 0 -1 0 0 -1 0 0 -1 0 0 -1 0 0 -1 0 0 -1 0 0 -1 0 0 -1 0 0 -1 0 0 -1 0 0 -1 0 0 -1 0 0 -1 0 0 -1 0 0 -0.942026 -0.335111 -0.0169483 -0.942161 -0.33516 0 -0.942161 -0.33516 0 -0.996518 -0.0833799 0.000281714 -0.998129 -0.0611433 0.000274611 -0.94226 -0.334883 0.000266375 -0.938533 -0.334655 -0.0846254 -0.941739 -0.335799 -0.019136 -0.820321 -0.571661 -0.0166688 -0.80594 -0.591997 0 -0.80594 -0.591997 0 -0.942202 -0.335045 0.000351908 -0.942292 -0.334792 0.00113115 -0.999999 -0.00121163 0.000275126 -0.939581 -0.333828 0.0758028 -1 -0.000369236 0.000256767 -1 -0.000365179 0.000256622 -1 -2.67925e-05 0.000237244 -1 -6.41842e-06 0.000234875 -1 -1.17869e-06 0.000233787 -1 0 0.000232608 -1 0 0.000232608 -0.80775 -0.589525 0.000301687 -0.929785 -0.333588 -0.155625 -0.818923 -0.570687 -0.0606832 -0.879514 -0.352541 -0.31964 -0.0625432 -0.998037 -0.00336464 -0.0682032 -0.997671 0 -0.0682032 -0.997671 0 -0.0625181 -0.997636 -0.0285407 -0.806677 -0.588742 0.051536 -0.863413 -0.471455 0.179574 -0.910969 -0.363784 0.194412 -0.899466 -0.35877 0.24949 -0.898791 -0.358673 0.252049 -0.82346 -0.361626 0.437196 -0.24863 -0.108696 0.96248 -0.0963169 -0.0539488 0.993888 -0.055596 -0.0272745 0.998081 -0.0119502 -0.00586257 0.999911 -0.0505127 -0.005131 0.99871 -0.0683349 -0.00502988 0.99765 0 0 1 0 0 1 0 0 1 0 0 1 0 0 1 0 0 1 0 0 1 0 0 1 0 0 1 0 0 1 0 0 1 0 0 1 0 0 1 0 0 1 0 0 1 0 0 1 0 0 1 0 0 1 0 0 1 0 0 1 0 0 1 0 0 1 0 0 1 0 0 1 0 0 1 0 0 1 0 0 1 0 0 1 0 0 1 0 0 1 0 0 1 0 0 1 0 0 1 0 0 1 0 0 1 0 0 1 0 0 1 0 0 1 0 0 1 0 0 1 0 0 1 0 0 1 0 0 1 -1 1.08256e-06 0.000233707 -1 9.74845e-06 0.000235033 -1 2.01958e-05 0.000236587 -1 2.55639e-05 0.000236956 -1 0.000245304 0.00025178 -1 0.000484396 0.000259295 -0.999999 0.00121963 0.000276017 -0.999562 0.0295955 0.000296627 -0.998173 0.0604255 0.00030792 -0.953987 0.299848 0.000294289 -0.953899 0.300127 0 -0.953899 0.300127 0 -0.067913 -0.997691 2.53905e-05 -0.0678944 -0.997418 0.0233911 -0.713124 -0.287306 -0.639461 -0.865382 -0.348401 -0.360181 -0.205263 -0.274521 -0.939417 -0.0395557 -0.431357 -0.901314 -0.0261163 -0.997445 -0.0664927 0 -0.999994 -0.00337124 0 -0.999994 -0.00337124 0 -0.997785 -0.0665154 0 -0.997785 -0.0665154 0 -1 0 0 -1 0 0 -1 0 0 -1 0 -0.39965 -0.687029 0.606854 -0.616106 -0.597259 0.513513 -0.0322575 -0.99806 0.0532611 -0.0810908 -0.92177 0.379163 -0.129279 -0.526937 0.840014 -0.0549706 -0.0886641 0.994544 0 -0.0887984 0.99605 0 -0.0887984 0.99605 0 -0.00727884 0.999974 0 -0.00727903 0.999974 -0.000281441 -0.00695091 0.999976 -0.000343707 -0.00689893 0.999976 -0.000928689 -0.00650485 0.999978 -0.00297245 -0.00544153 0.999981 -0.00438131 -0.00518865 0.999977 -0.00560779 -0.0051545 0.999971 -0.00948293 -0.00545948 0.99994 -0.0309726 0.00462984 0.99951 -0.0139398 0.00910794 0.999861 -0.0796691 0.0413176 0.995965 -0.0205198 0.00470494 0.999778 -0.00791415 0.00517092 0.999955 -0.105499 0.0541138 0.992946 -0.115169 0.0572906 0.991692 -0.202236 0.0832965 0.975788 -0.256806 0.103683 0.960885 -0.878159 0.333822 0.342636 -0.87937 0.3348 0.338552 -0.920214 0.339749 0.194365 -0.925295 0.334359 0.178981 -0.951965 0.298655 0.0675893 -0.954142 0.299338 0.00300017 -0.954085 0.299532 0.00152638 -0.953943 0.299988 0.000356287 -0.872636 0.488371 0.000325922 -0.872636 0.488371 0.000325921 -0.872636 0.488371 0 -0.872636 0.488371 0 -0.953836 0.300108 -0.0114744 0 -0.998579 0.0532889 0 -0.998579 0.0532889 -0.621568 -0.251072 -0.742035 -0.209416 -0.193814 -0.958426 -0.260958 -0.154439 -0.952916 0 -0.431695 -0.90202 0 -0.431695 -0.90202 0 -0.198209 -0.98016 0 -0.198209 -0.98016 0.00734482 -0.997759 -0.0665136 0.0101129 -0.998057 -0.0614883 0.010132 -0.999943 -0.00337106 0.0135004 -0.999909 -7.98273e-06 0.0134957 -0.999909 -7.22668e-06 0 -0.924816 0.380416 0 -0.924816 0.380416 0 -0.531397 0.847123 0 -0.531397 0.847123 0.00153402 -0.0906105 0.995885 0.00362734 -0.09061 0.99588 0.00364172 -0.0181854 0.999828 0.00158042 -0.00789206 0.999968 0.00154116 -0.0078673 0.999968 0.000547122 -0.00738193 0.999973 0.000422579 -0.00734095 0.999973 4.94203e-05 -0.00727888 0.999974 0 0.00910882 0.999959 0 0.00910882 0.999959 -0.00698395 0.00503006 0.999963 -0.00514481 0.00498336 0.999974 -0.00499389 0.00498337 0.999975 -0.00481411 0.00500064 0.999976 -0.00370846 0.0051428 0.99998 -0.00195079 0.00597501 0.99998 -0.00067673 0.007402 0.999972 0 0.00830127 0.999966 0 0.00830126 0.999966 0 0.124433 0.992228 0 0.124433 0.992228 -0.0420311 0.124323 0.991351 -0.105486 0.056364 0.992822 -0.0552267 0.93616 0.347209 -0.188775 0.959147 0.210716 -0.878099 0.377524 0.293968 -0.901869 0.387744 0.19049 -0.867282 0.485375 0.110603 -0.255517 0.966805 9.54334e-05 -0.256605 0.966516 0 -0.256585 0.966522 0 -0.883083 0.468874 -0.0179447 -0.953091 0.302063 -0.0193673 -0.953602 0.300664 -0.0156621 0.0134957 -0.999909 0 0.0135429 -0.999908 3.83339e-06 0.0135279 -0.998803 0.0470097 0.00899948 -0.998539 0.0532867 -0.210668 -0.120717 -0.970076 -0.137877 -0.0727916 -0.987771 -0.127614 -0.0729453 -0.989138 -0.0962199 -0.0751347 -0.99252 -0.0837689 -0.0764424 -0.993549 -0.0754389 -0.0777115 -0.994118 -0.0640126 -0.0801394 -0.994726 -0.0498133 -0.0847419 -0.995157 -0.0449887 -0.0864165 -0.995243 -0.0329887 -0.0922376 -0.99519 -0.0319611 -0.0928734 -0.995165 -0.0253 -0.09713 -0.99495 -0.0133081 -0.106492 -0.994225 0 -0.118771 -0.992922 0.00821371 -0.43168 -0.901989 0.00891031 -0.206756 -0.978352 0.00890908 -0.206754 -0.978352 0.0111407 -0.436099 -0.89983 0.0482349 -0.435618 -0.898838 0.0280053 -0.997716 -0.0614674 0.074218 -0.99713 -0.0149476 0.0742263 -0.997241 -0.000188617 0.0739342 -0.997263 -2.81843e-05 0.0735429 -0.997292 0 0.0136865 -0.999906 0 0.0420762 -0.576706 0.815868 0.0089961 -0.531375 0.847089 0.0222336 -0.924587 0.380322 0.0288764 -0.920003 0.390847 0.0634962 -0.576052 0.814943 0.0579252 -0.502164 0.86283 0.0501078 -0.412103 0.909759 0.0125778 -0.103444 0.994556 0.0109013 -0.0993956 0.994988 0.0109433 -0.0473398 0.998819 0.0163785 -0.0364475 0.999201 0.0127766 -0.025625 0.99959 0.0127007 -0.0254403 0.999596 0.00373966 -0.00749076 0.999965 0.0163562 -0.063541 0.997845 0.00374319 -0.00748833 0.999965 0.00409528 -0.00696188 0.999967 0.0181643 0.0708588 0.997321 0.00729776 0.0382823 0.99924 0.000113513 0.0082525 0.999966 0.0014881 0.00791925 0.999968 0.00254419 0.00783473 0.999966 0.00263544 0.00786167 0.999966 0.0181832 0.0542416 0.998362 0.00724635 0.124429 0.992202 0 0.937591 0.347739 0 0.937591 0.347739 0 0.991434 0.130605 0 0.991434 0.130605 -0.191518 0.973082 0.128188 -0.247578 0.965165 0.0846234 -0.248469 0.96864 0.000259409 -0.246061 0.969254 0 -0.246711 0.969089 0.000132126 -0.866296 0.459961 -0.194854 -0.248107 0.968733 -0.000320723 -0.244763 0.969577 -0.0032687 -0.242192 0.959393 -0.144596 -0.882831 0.319324 -0.344445 -0.933313 0.295795 -0.203549 0.0742263 -0.997241 3.0632e-05 0.0742206 -0.997165 0.0124008 0.0340501 -0.998315 0.0469867 0.0952585 -0.916201 0.389232 -0.250128 -0.0534215 -0.966738 -0.210654 -0.0589315 -0.975783 -0.153712 -0.0690664 -0.985699 -0.151043 -0.0696687 -0.986069 0.0013709 -0.118771 -0.992921 0.00193511 -0.118814 -0.992915 0.00904156 -0.119743 -0.992764 0 0 -1 0 0 -1 0 0 -1 0 0 -1 0 0 -1 0 0 -1 0 0 -1 0 0 -1 0 0 -1 0 0 -1 0 0 -1 0 0 -1 0 0 -1 0 0 -1 0 0 -1 0 0 -1 0 0 -1 0 0 -1 0 0 -1 0 0 -1 0 0 -1 0 0 -1 0 0 -1 0 0 -1 0 0 -1 0 0 -1 0 0 -1 0 0 -1 0 0 -1 0 0 -1 0 0 -1 0 0 -1 0 0 -1 0 0 -1 0 0 -1 0 0 -1 0 0 -1 0 0 -1 0 0 -1 0 0 -1 0 0 -1 0 0 -1 0 0 -1 0 0 -1 0 0 -1 0 0 -1 0 0 -1 0 0 -1 0 0 -1 0 0 -1 0 0 -1 0 0 -1 0 0 -1 0 0 -1 0 0 -1 0 0 -1 0 0 -1 0 0 -1 0 0 -1 0 0 -1 0 0 -1 0 0 -1 0 0 -1 0 0 -1 0 0 -1 0 0 -1 0 0 -1 0 0 -1 0 0 -1 0 0 -1 0 0 -1 0 0 -1 0 0 -1 0 0 -1 0 0 -1 0 0 -1 0 0 -1 0.0266174 -0.223649 -0.974306 0.0439611 -0.256799 -0.965465 0.0844855 -0.373036 -0.923962 0.0874079 -0.402455 -0.911257 0.125964 -0.501874 -0.855719 0.272716 -0.953344 -0.129468 0.272609 -0.953531 -0.128309 0.259052 -0.965658 -0.0199048 0.259103 -0.96585 -0.000657595 0.259103 -0.965849 -0.000658413 0.0749217 -0.997189 0 0.259103 -0.96585 0 0.259103 -0.96585 0 0.0744213 -0.997227 2.78257e-05 0.164086 -0.883206 0.439344 0.253576 -0.945205 0.205638 0.299127 -0.928122 0.221613 0.071322 -0.234977 0.969381 0.0466519 -0.170363 0.984276 0.036002 -0.136795 0.989945 0.0302538 -0.136822 0.990134 0.0306079 -0.14743 0.988599 0.0290966 -0.134839 0.99044 0.0234431 -0.118781 0.992644 0.0235098 -0.0921305 0.995469 0.0539087 -0.111598 0.99229 0.0343754 -0.124569 0.991615 0.0562148 -0.124445 0.990633 0.06057 -0.0767147 0.995212 0.0573597 -0.0700746 0.995891 0.0127766 -0.0255272 0.999593 0.0618629 -0.111546 0.991832 0.0127007 -0.025408 0.999597 0.005295 -0.00616357 0.999967 0.0574072 -0.067758 0.996049 0.0365632 -0.0365418 0.998663 0.00593158 -0.0059281 0.999965 0.00591709 -0.00593202 0.999965 0.0343681 0.0863387 0.995673 0.0459392 0.120952 0.991595 0.0465234 0.125015 0.991064 0.0317153 0.125087 0.991639 0.01037 0.129713 0.991497 0.0321859 0.129653 0.991037 0.00418626 0.00730052 0.999965 0.00379383 0.00759928 0.999964 0.0344149 0.0689352 0.997027 0.0126971 0.937516 0.347711 0.0191214 0.941098 0.337592 0.02014 0.991233 0.130579 0 1 0 0 1 0 0 1 0 0 1 0 -0.245119 0.969493 9.1642e-05 -0.245119 0.969493 0 -0.245962 0.969279 -2.00182e-05 -0.275421 0.184595 -0.943434 -0.552338 0.218164 -0.804567 -0.663981 0.252964 -0.703661 -0.123016 0.953968 -0.27352 -0.132366 0.339561 -0.931224 0 0.999994 -0.00337124 0 0.999994 -0.00337124 0 0.961269 -0.275613 0 0.961269 -0.275613 0.258922 -0.965898 9.68094e-05 0.258889 -0.965777 0.0158522 0.264873 -0.962824 0.0530286 0.270338 -0.958026 0.095417 -0.553944 -0.00782307 -0.832517 -0.553451 -0.00789625 -0.832844 -0.326457 -0.0414044 -0.944305 0.0151743 -0.119734 -0.99269 0.0271101 -0.120491 -0.992344 0.0271581 -0.120488 -0.992343 0.0281522 -0.120491 -0.992315 0.0360235 -0.143947 -0.988929 0.0447532 -0.178831 -0.982862 0.0949422 -0.327236 -0.940161 0.0975976 -0.372587 -0.922851 0.124653 -0.46014 -0.879052 0.213646 -0.670457 -0.710523 0.302645 -0.928825 -0.213751 0.289348 -0.945635 -0.148499 0.274875 -0.961457 -0.00658312 0.292548 -0.956092 -0.017426 0.274714 -0.961505 -0.00639741 0.263974 -0.96453 -0.000669982 0.263974 -0.96453 -7.47478e-05 0.262714 -0.964874 0 0.273408 -0.956939 0.0975514 0.294378 -0.947377 0.12577 0.303456 -0.94103 0.149589 0.299338 -0.928259 0.220755 0.0712162 -0.151185 0.985937 0.0627608 -0.138047 0.988435 0.428557 -0.867959 0.250972 0.0666971 -0.118346 0.99073 0.108046 -0.143583 0.983723 0.0954542 -0.116415 0.988603 0.0978027 -0.117671 0.988225 0.0913427 -0.101748 0.990608 0.0849357 -0.0946114 0.991884 0.112411 -0.0919924 0.989394 0.100736 -0.0799076 0.991699 0.0821638 -0.0620386 0.994686 0.0658479 -0.0511735 0.996517 0.0910961 -0.0998693 0.990822 0.112328 -0.0996516 0.988662 0.0292375 -0.0146039 0.999466 0.00749733 -0.00374486 0.999965 0.00697044 -0.00409623 0.999967 0.00613812 -0.00534539 0.999967 0.00600261 -0.00570833 0.999966 0.0471438 0.0816162 0.995548 0.0600477 0.10095 0.993078 0.0608986 0.12564 0.990205 0.0493428 0.12572 0.990838 0.050403 0.13386 0.989718 0.0630282 0.171534 0.98316 0.0699277 0.270056 0.960302 0.0465916 0.187683 0.981124 0.0616528 0.93948 0.337011 0.00625518 0.00680325 0.999957 0.018048 0.0233583 0.999564 0.0064671 0.0067957 0.999956 0.0111 0.0129677 0.999854 0.0268707 0.991922 0.123969 0.192949 0.960083 0.202514 0.195569 0.973119 0.121619 0.0270796 0.999633 0 0.0270796 0.999633 0 -0.277362 0.142872 -0.950083 0 0.342575 -0.93949 0 0.342575 -0.93949 0 0.112023 -0.993706 -0.00975079 0.103802 -0.99455 -0.0101054 0.103541 -0.994574 -0.0168151 0.0987355 -0.994972 -0.0243665 0.0939906 -0.995275 -0.0289776 0.0912926 -0.995402 -0.037208 0.0868631 -0.995525 -0.0442303 0.0836925 -0.99551 -0.051353 0.0812446 -0.99537 -0.0527924 0.0807884 -0.995332 -0.0629946 0.0779675 -0.994964 -0.0703504 0.0763934 -0.994593 -0.0814694 0.0746686 -0.993875 -0.0908204 0.0736849 -0.993138 -0.113193 0.0722251 -0.990944 -0.113592 0.0722064 -0.9909 -0.131337 0.0715767 -0.988751 -0.4912 0.195728 -0.848771 0.0270108 0.999635 -1.44638e-05 0.0270106 0.99963 -0.00337001 0.0270106 0.99963 -0.00337001 0.0260534 0.964203 -0.263882 0.0169997 0.96113 -0.275573 0.265246 -0.964181 0.000158661 0.270878 -0.962614 7.45632e-05 0.272003 -0.962296 7.48729e-05 0.274403 -0.961615 0.000116485 0.274718 -0.961525 0.000132323 -0.55566 -0.0045592 -0.831397 -0.555386 0 -0.831593 0.0308344 -0.119317 -0.992377 0.0361516 -0.117234 -0.992446 0.039502 -0.115432 -0.99253 0.0432963 -0.113802 -0.99256 0.045885 -0.113013 -0.992533 0.0512432 -0.111553 -0.992436 0.147712 -0.304074 -0.941127 0.148901 -0.325056 -0.933899 0.192101 -0.416306 -0.888699 0.351826 -0.923603 -0.15224 0.225455 -0.463894 -0.856722 0.436977 -0.879935 -0.186456 0.429013 -0.888327 -0.163775 0.355947 -0.934421 -0.0126031 0.29671 -0.954881 -0.012879 0.288108 -0.957598 0 0.27818 -0.960529 0 0.278137 -0.960541 0 0.274719 -0.961524 -0.000110417 0.296735 -0.95496 -0.000250016 0.27353 -0.961864 0 0.273584 -0.961848 3.48375e-09 0.273584 -0.961848 0 0.269134 -0.963103 0 0.278181 -0.960529 7.64865e-05 0.287183 -0.957876 7.89615e-05 0.296735 -0.95496 0.000374874 0.300218 -0.953871 8.25352e-05 0.365316 -0.930884 0.000100432 0.368695 -0.92955 0.0001951 0.366989 -0.925249 0.0960894 0.298627 -0.95437 0.000128782 0.419426 -0.902164 0.100902 0.425968 -0.898557 0.105581 0.440251 -0.888658 0.128321 0.430262 -0.868495 0.246153 0.544897 -0.795975 0.263649 0.553862 -0.773746 0.307497 0.539364 -0.726587 0.425626 0.255732 -0.319115 0.912561 0.245778 -0.306235 0.919681 0.170709 -0.205388 0.963677 0.0918968 -0.101995 0.990531 0.141112 -0.162673 0.976537 0.116264 -0.103144 0.987848 0.133919 -0.107824 0.985109 0.112752 -0.092119 0.989344 0.111292 -0.0893645 0.989762 0.124039 -0.0696167 0.989832 0.114459 -0.0628873 0.991435 0.147155 -0.106201 0.983396 0.114499 -0.0571675 0.991777 0.0292739 -0.014616 0.999465 0.0566113 -0.0145989 0.99829 0.0456671 -0.0109555 0.998897 0.00791479 -0.00152244 0.999968 0.00791355 -0.0015256 0.999968 0.0665098 0.0714836 0.995222 0.0706112 0.0791291 0.99436 0.0719442 0.103373 0.992037 0.0629913 0.103436 0.992639 0.0606243 0.101562 0.99298 0.088804 0.166696 0.982001 0.0896857 0.167434 0.981795 0.1002 0.263498 0.959442 0.307259 0.914155 0.264409 0.237549 0.944685 0.226142 0.119489 0.317145 0.94082 0.323821 0.903766 0.279906 0.236394 0.94824 0.212034 0.00698551 0.0059185 0.999958 0.00691881 0.00620329 0.999957 0.0663829 0.0684442 0.995444 0.00922779 0.00735996 0.99993 0.0683257 0.0467145 0.996569 0.0881804 0.0667008 0.993869 0.0884082 0.0695634 0.993652 0.231377 0.968271 0.0944309 0.232415 0.972617 0 0.232415 0.972617 0 0.238066 0.958679 0.155755 0.235389 0.965733 0.109321 -0.135278 0.070429 -0.988301 -0.154482 0.06624 -0.985773 -0.189106 0.0600587 -0.980118 -0.215405 0.0557332 -0.974933 -0.275693 0.0463895 -0.960126 -0.359481 0.0344696 -0.932516 -0.367538 0.0333189 -0.929411 -0.55537 0.00757257 -0.831569 0.0119763 0.34255 -0.939423 0.0126631 0.114874 -0.993299 0.0015158 0.112205 -0.993684 0.0183785 0.35052 -0.936375 0.232414 0.972611 -0.00327892 0.129195 0.956447 -0.261759 0.233187 0.97241 -0.00655648 0.231584 0.965728 -0.11721 0.227127 0.961584 -0.154174 0.151237 0.618359 -0.771207 0.0849808 0.349311 -0.933145 0.05755 -0.107617 -0.992525 0.104147 -0.131116 -0.985881 0.114528 -0.146777 -0.982517 0.174384 -0.26949 -0.947083 0.171195 -0.302908 -0.937518 0.0663896 -0.102712 -0.992493 0.0727547 -0.0998916 -0.992335 0.205434 -0.347378 -0.914946 0.369178 -0.929359 0 0.368641 -0.929572 -5.29506e-05 0.434853 -0.900419 -0.0121433 0.429747 -0.902935 -0.00498422 0.421728 -0.906722 -9.02994e-05 0.418352 -0.908285 0 0.418293 -0.908312 0 0.455298 -0.875359 -0.162634 0.262504 -0.371747 -0.890447 0.347863 -0.48821 -0.800401 0.521336 -0.836345 -0.169514 0.461408 -0.887107 -0.0119638 0.300217 -0.953871 0 0.300195 -0.953878 0 0.297507 -0.95472 -0.000154666 0.366618 -0.930372 0 0.29812 -0.954528 0 0.369178 -0.929359 0.000138024 0.420829 -0.90714 0.000157334 0.421578 -0.906792 0.000169806 0.422665 -0.906286 0.000116227 0.423531 -0.905882 0.000116466 0.428362 -0.903607 0.000224109 0.430769 -0.902462 0 0.468945 -0.883227 0 0.468945 -0.883227 0 0.472944 -0.881092 0.000452005 0.470547 -0.876626 0.100565 0.536504 -0.837433 0.10426 0.567092 -0.823393 0.0207545 0.650008 -0.759615 0.0217681 0.659744 -0.750624 0.0360628 0.667529 -0.741942 0.0626638 0.635425 -0.737509 0.228725 0.580574 -0.753236 0.309143 0.540927 -0.836271 0.0897173 0.566828 -0.823566 0.0210861 0.652538 -0.722264 0.229192 0.766979 -0.620124 0.164889 0.788794 -0.561173 0.250778 0.783852 -0.54843 0.291204 0.189303 -0.141428 0.97168 0.685398 -0.708962 0.166141 0.799217 -0.537017 0.269935 0.863507 -0.436682 0.252318 0.862649 -0.434003 0.259765 0.144533 -0.0727154 0.986825 0.125829 -0.0605864 0.9902 0.121243 -0.0583781 0.990905 0.121392 -0.0308346 0.992126 0.120769 -0.0306261 0.992208 0.124003 -0.0306138 0.99181 0.12405 -0.0130997 0.99219 0.120428 -0.0108871 0.992662 0.00758273 -0.000392637 0.999971 0.00761895 -0.000614302 0.999971 0.120435 0 0.992721 0.120435 0 0.992721 0.00759839 0 0.999971 0.0075824 -9.6163e-05 0.999971 0.111821 0.0922263 0.989439 0.141358 0.143429 0.979513 0.124111 0.133473 0.98325 0.0844896 0.118861 0.98931 0.132465 0.148294 0.980032 0.0910257 0.143124 0.98551 0.0986032 0.179875 0.978735 0.153879 0.252972 0.955158 0.374765 0.924903 0.0640784 0.326433 0.945127 0.0132648 0.272363 0.962118 0.0121261 0.26878 0.963072 0.0157858 0.376946 0.909555 0.17499 0.390542 0.912952 0.118305 0.50173 0.786423 0.360285 0.509272 0.809937 0.290938 0.488651 0.850668 0.193865 0.00726115 0.00540438 0.999959 0.00757711 0.00411998 0.999963 0.101204 0.0564922 0.993261 0.0884131 0.0566915 0.994469 0.00817813 0.00333405 0.999961 0.0145683 0.0054646 0.999879 0.101245 0.0488254 0.993663 0.0988379 0.0672883 0.992826 0.114245 0.0758324 0.990554 0.16529 0.113034 0.979746 0.174532 0.126849 0.976447 0.268813 0.963192 0.00011025 0.267944 0.963435 0 0.0846331 0.34203 -0.93587 0.0377604 0.154677 -0.987243 0.0253261 0.117595 -0.992739 0.0147757 0.115124 -0.993241 0.268152 0.963377 -2.50124e-05 0.262084 0.965023 -0.00650668 0.206561 0.832332 -0.51435 0.176308 0.701624 -0.69039 0.262002 0.964719 -0.0259132 0.217033 0.585305 -0.781226 0.273558 0.961765 -0.013193 0.336269 0.941652 -0.0146242 0.378407 0.923469 -0.0633566 0.39601 0.908898 -0.130694 0.262832 0.653963 -0.709403 0.1676 0.480114 -0.861046 0.127114 0.357191 -0.925342 0.114445 0.341006 -0.933069 0.0739439 -0.0990797 -0.992328 0.0792908 -0.0962114 -0.992198 0.0848742 -0.0937525 -0.991971 0.0881281 -0.0986519 -0.991212 0.256491 -0.286825 -0.923008 0.256955 -0.266276 -0.929017 0.268328 -0.310988 -0.911749 0.267685 -0.337146 -0.902595 0.252962 -0.338535 -0.906314 0.468941 -0.88322 -0.00416941 0.429753 -0.902947 -8.96103e-05 0.425437 -0.904988 0 0.422664 -0.906286 0 0.422698 -0.906271 0 0.549742 -0.832551 -0.0681407 0.551014 -0.834477 -0.00562754 0.549035 -0.835789 -0.00421308 0.335253 -0.418113 -0.844267 0.357218 -0.42934 -0.829495 0.669786 -0.737577 -0.0858295 0.658064 -0.752086 -0.0363073 0.654704 -0.755271 -0.0304678 0.562179 -0.826486 -0.0295994 0.54809 -0.836419 0 0.547627 -0.836722 0.000109012 0.543118 -0.839657 0.000456193 0.567214 -0.82357 0.000520322 0.566954 -0.823749 0.000514574 0.568399 -0.822753 0.000408117 0.647404 -0.762147 0.000378054 0.650162 -0.759795 0.00044102 0.655665 -0.755052 4.87766e-05 0.657069 -0.75383 8.83156e-05 0.660174 -0.751113 0.000341037 0.663653 -0.748041 0.000247806 0.690604 -0.723233 0.000257869 0.695211 -0.718806 0.000906718 0.693847 -0.717396 0.0626116 0.701432 -0.707758 0.0840868 0.552967 -0.833203 0 0.55298 -0.833195 0 0.566104 -0.824334 0.000369362 0.758524 -0.646249 0.0836886 0.770671 -0.635748 0.0434782 0.780798 -0.624247 0.0258793 0.800316 -0.599044 0.0252976 0.809555 -0.585379 0.0441769 0.823765 -0.548118 0.144837 0.818556 -0.550011 0.165693 0.875252 -0.472923 0.101378 0.882888 -0.454338 0.118679 0.884866 -0.447484 0.129502 0.863675 -0.493465 0.102752 0.929776 -0.355579 0.095293 0.932288 -0.34673 0.103039 0.920564 -0.315001 0.230948 0.908017 -0.406751 0.100297 0.915038 -0.287222 0.283212 0.251982 -0.0717111 0.965071 0.218202 -0.0590302 0.974117 0.149482 -0.0373232 0.98806 0.125254 -0.0313484 0.991629 0.931993 -0.0476048 0.359336 0.916453 -0.0207669 0.399602 0.931708 -0.0536284 0.359226 0.916651 0 0.399689 0.916651 0 0.399689 0.120433 0.00542476 0.992707 0.0236667 0.00546301 0.999705 0.02367 0.00546365 0.999705 0.00825922 0.00160986 0.999965 0.00793906 0.00107705 0.999968 0.00760567 0.000365738 0.999971 0.00759839 0.000342666 0.999971 0.684336 0.664347 0.300545 0.669284 0.671166 0.31874 0.716975 0.629457 0.29955 0.66309 0.684706 0.302472 0.655961 0.691599 0.302335 0.551946 0.794742 0.252469 0.523465 0.800374 0.292208 0.654324 0.700863 0.283991 0.643723 0.7201 0.258992 0.426287 0.904588 0.000177865 0.424771 0.905301 3.22292e-05 0.423418 0.905935 0 0.379235 0.9253 0 0.375537 0.926807 0.000338489 0.424463 0.900717 0.0924078 0.36769 0.929948 0.000101238 0.332167 0.943221 9.14569e-05 0.326462 0.94521 0.000176275 0.322668 0.946512 0 0.322588 0.94654 0 0.286162 0.958181 0 0.272383 0.962189 0.000223885 0.270213 0.962801 7.42956e-05 0.270004 0.962859 7.42381e-05 0.485013 0.864764 0.130172 0.430366 0.898079 0.0907731 0.597284 0.795469 0.102377 0.578467 0.8145 0.0443423 0.575351 0.816894 0.0406832 0.545561 0.837108 0.0401691 0.503036 0.859764 0.0880929 0.104548 0.0588413 0.992778 0.111346 0.0502252 0.992512 0.133345 0.0646341 0.98896 0.0891634 0.0218432 0.995777 0.115553 0.0306554 0.992828 0.115481 0.0468872 0.992203 0.777814 0.386739 0.495418 0.828052 0.4454 0.340514 0.820777 0.45544 0.344818 0.80047 0.465452 0.377628 0.813137 0.491885 0.311219 0.793368 0.572013 0.208251 0.763398 0.610335 0.211459 0.745847 0.62256 0.236921 0.269135 0.963102 0 0.115324 0.320409 -0.940233 0.0627744 0.162386 -0.984728 0.0395318 0.116457 -0.992409 0.0379594 0.116659 -0.992446 0.0321794 0.116652 -0.992651 0.270335 0.962766 0 0.270806 0.962634 -1.16857e-05 0.273582 0.961849 -0.000169896 0.240765 0.43964 -0.865303 0.236496 0.431064 -0.870777 0.168581 0.336937 -0.926312 0.1251 0.339144 -0.932379 0.325339 0.945598 -0.000201091 0.336298 0.941734 -0.00634965 0.376381 0.926444 -0.00624656 0.379152 0.925287 -0.00935932 0.415201 0.909683 -0.00920149 0.412734 0.90428 -0.10922 0.479362 0.863507 -0.156741 0.341774 0.585086 -0.735436 0.443402 0.889282 -0.112128 0.0899252 -0.0875062 -0.992097 0.0953759 -0.0811388 -0.992129 0.131154 -0.0988402 -0.986422 0.186485 -0.135583 -0.973057 0.30529 -0.257809 -0.916697 0.305351 -0.265342 -0.914524 0.331865 -0.375425 -0.865402 0.32235 -0.282055 -0.903623 0.376623 -0.396589 -0.837181 0.54904 -0.835796 -7.59498e-05 0.562416 -0.826835 -0.00557601 0.564196 -0.825638 -0.00239196 0.564197 -0.82564 -0.000298672 0.694331 -0.712498 -0.101251 0.686217 -0.722301 -0.0859517 0.688766 -0.724984 -0.000334629 0.688027 -0.725685 -0.000303898 0.666057 -0.745901 -0.000294194 0.659601 -0.751616 -0.000572419 0.658497 -0.752581 -0.00167321 0.655007 -0.755621 -0.00166434 0.653548 -0.756885 -0.000389023 0.643085 -0.765795 0 0.643081 -0.765798 0 0.568399 -0.822753 0 0.567084 -0.82366 -0.000103087 0.566104 -0.824334 -8.22275e-05 0.655805 -0.754931 0 0.655959 -0.754797 -5.40106e-05 0.656398 -0.754415 -6.57184e-05 0.666057 -0.745901 0 0.688027 -0.725685 0 0.690604 -0.723233 0.000250827 0.691458 -0.722417 0 0.699599 -0.714535 0 0.699599 -0.714535 0 0.699599 -0.714535 0.000261359 0.761097 -0.648638 0.000284335 0.771401 -0.63635 0.000619155 0.78106 -0.624456 0.00044283 0.77314 -0.634236 0.000444225 0.796826 -0.604208 0.000219172 0.800572 -0.599236 0.000659672 0.783118 -0.621873 0.000215402 0.810346 -0.585951 0.000660198 0.812668 -0.582727 0.000303907 0.867102 -0.49813 0.000324264 0.868271 -0.49609 0.000434625 0.874324 -0.485343 0.000240488 0.876557 -0.481298 0.000241103 0.879785 -0.475372 0.000407913 0.887582 -0.460651 0.000244382 0.887587 -0.460639 0.000244621 0.888455 -0.458964 0.000399797 0.889172 -0.457572 0.000559323 0.880809 -0.473471 0.000242517 0.91262 -0.408808 0.000543898 0.912618 -0.408812 0.000543555 0.933602 -0.358311 0.00052634 0.934026 -0.357205 0.000659432 0.938072 -0.346441 0.000350804 0.947747 -0.319024 0.000354422 0.947819 -0.318808 0.000382498 0.947783 -0.318796 0.00873378 0.980883 -0.194463 0.00728815 0.984238 -0.174769 0.0270451 0.983447 -0.147592 0.10511 0.981135 -0.151899 0.119588 0.958216 -0.204081 0.200433 0.973217 -0.155389 0.169419 0.970717 -0.115728 0.210514 0.940333 -0.0697187 0.333037 0.988213 -0.0706624 0.135797 0.986527 -0.0503903 0.155646 0.983851 -0.117294 0.135198 0.987782 0 0.155844 0.987782 0 0.155844 0.91659 0.01152 0.399662 0.12248 0.00667149 0.992449 0.122454 0.0217655 0.992236 0.718009 0.686147 0.1169 0.712119 0.691319 0.122326 0.762517 0.636475 0.116049 0.69045 0.712958 0.122351 0.681759 0.722734 0.113401 0.681181 0.72328 0.113395 0.677775 0.725982 0.116498 0.661931 0.740467 0.116431 0.648553 0.754065 0.103755 0.43215 0.901802 0.000447329 0.431776 0.901981 0.000393633 0.424771 0.905301 0 0.43334 0.90123 0 0.43334 0.90123 0 0.424435 0.905458 -4.7156e-05 0.424435 0.905458 -0.00107735 0.376388 0.926462 -0.000507188 0.36769 0.929948 0 0.332166 0.943221 0 0.332166 0.943221 0 0.270335 0.962766 5.08768e-05 0.504999 0.86312 0.00042814 0.652072 0.758157 0.000243851 0.650162 0.759796 0 0.650162 0.759796 0 0.58834 0.808614 0 0.58834 0.808614 0 0.579036 0.815301 0.0014299 0.575827 0.81757 0.00143208 0.564874 0.825177 0.000244503 0.55298 0.833195 0 0.546021 0.837772 0 0.546002 0.837784 1.22062e-06 0.545945 0.837821 0 0.511345 0.859376 0 0.507662 0.861557 0.000107971 0.506383 0.862309 0.000216577 0.87579 0.354411 0.327696 0.198842 0.0542411 0.978529 0.826767 0.255288 0.501282 0.904419 0.296791 0.306498 0.905385 0.299428 0.301032 0.130173 0.026395 0.99114 0.13015 0.0324432 0.990963 0.192659 0.0518658 0.979894 0.874794 0.385258 0.29379 0.84374 0.443309 0.302622 0.819099 0.482459 0.310339 0.850871 0.455154 0.262399 0.88689 0.46094 0.0309881 0.885536 0.464289 0.0161902 0.885333 0.464725 0.01472 0.882142 0.470929 0.00718665 0.808462 0.5885 0.00757933 0.80584 0.591998 0.0126536 0.797873 0.601095 0.045645 0.785657 0.610114 0.102493 0.776187 0.620559 0.111538 0.76642 0.632546 0.11174 0.171668 0.30762 -0.935895 0.106926 0.176475 -0.97848 0.0931374 0.155866 -0.983377 0.0631097 0.126252 -0.989989 0.0551156 0.11026 -0.992373 0.0503533 0.111646 -0.992472 0.33047 0.501491 -0.79956 0.276628 0.415381 -0.866566 0.217262 0.342203 -0.914163 0.210949 0.342688 -0.915459 0.43334 0.90123 -0.00109998 0.446197 0.894889 -0.00905186 0.507779 0.861443 -0.00871354 0.507779 0.861443 -0.00871356 0.506027 0.858471 -0.0834491 0.534802 0.843823 -0.0441609 0.563995 0.824556 -0.0449233 0.586539 0.806142 -0.078151 0.605657 0.778705 -0.163703 0.0961728 -0.07933 -0.992198 0.0984965 -0.0750026 -0.992307 0.102157 -0.0696417 -0.992328 0.302742 -0.167517 -0.938235 0.261127 -0.171839 -0.949886 0.103598 -0.0663861 -0.992401 0.108711 -0.0571751 -0.992428 0.110091 -0.054967 -0.9924 0.303534 -0.15155 -0.940691 0.335188 -0.256894 -0.906452 0.338023 -0.258462 -0.904952 0.420873 -0.328603 -0.845509 0.485202 -0.372065 -0.791294 0.75312 -0.651004 -0.094888 0.698173 -0.70955 -0.0953624 0.701369 -0.712798 -0.000309947 0.758744 -0.651389 0 0.758744 -0.651389 -0.000335303 0.768048 -0.640392 -0.000818469 0.773139 -0.634237 0 0.783118 -0.621873 0 0.783118 -0.621873 0 0.796826 -0.604208 0 0.796826 -0.604208 0 0.813188 -0.582001 0 0.813188 -0.582001 0 0.866191 -0.499714 0 0.86799 -0.496581 -0.000329095 0.874324 -0.485343 0 0.876558 -0.481296 0 0.876558 -0.481296 0 0.880809 -0.473472 0 0.880809 -0.473472 0 0.887582 -0.460651 0 0.888149 -0.459555 -4.44731e-05 0.888312 -0.459241 -5.76179e-06 0.888455 -0.458965 0 0.91262 -0.408808 0.000386073 0.91169 -0.410878 0 0.915496 -0.402328 0 0.933602 -0.358311 0 0.934477 -0.356023 -0.000261336 0.938072 -0.346441 0 0.947747 -0.319024 0 0.947779 -0.318927 -1.19034e-05 0.947826 -0.318789 0 0.947826 -0.318789 0.000380418 0.980906 -0.194467 0.00249566 0.947932 -0.318471 0.000354491 0.978034 -0.208446 0.000365748 0.978807 -0.204783 0.000654665 0.982288 -0.18736 0.00249918 0.984589 -0.174831 0.00441579 0.988976 -0.148009 0.00443547 0.983507 -0.147191 0.105116 0.996674 -0.0814504 0.00253621 0.997197 -0.074704 0.00422881 0.997424 -0.071321 0.00761769 0.99081 -0.135236 0.00252129 0.999968 -0.00253349 0.00763712 0.999964 0 0.00847808 0.987404 0.0276488 0.155784 0.925333 0.0259107 0.378269 0.924852 0.0413562 0.378072 0.722966 0.690884 0.00061293 0.77125 0.636532 0.000604017 0.718807 0.69521 0 0.718807 0.69521 0 0.695469 0.718556 0 0.689523 0.724264 0.000151521 0.686185 0.727427 0.000617312 0.685603 0.727976 0.000617364 0.683154 0.730274 0.000255474 0.504297 0.86353 0 0.504322 0.863515 0 0.683154 0.730275 0 0.683154 0.730275 0 0.651739 0.758443 -0.000288307 0.650163 0.759793 -0.00165036 0.588338 0.808614 -0.00149343 0.587165 0.809468 -0.000259681 0.564875 0.825177 0 0.564096 0.82571 -0.000189827 0.564565 0.825389 -0.000249678 0.535304 0.844616 -0.00854333 0.545999 0.837786 -2.25738e-06 0.507798 0.861476 -0.000187442 0.508445 0.861095 -8.05073e-05 0.508096 0.861301 0 0.929449 0.322703 0.178849 0.942453 0.208238 0.26157 0.932754 0.225335 0.281416 0.938192 0.0658551 0.339793 0.959572 0.093118 0.265615 0.967053 0.135411 0.215574 0.98256 0.139725 0.122693 0.983997 0.138031 0.112679 0.985079 0.161551 0.0593378 0.981719 0.186772 0.0366675 0.955983 0.290019 0.0445614 0.948286 0.311116 0.0629379 0.940943 0.324987 0.0949159 0.939076 0.338149 0.0615796 0.927717 0.372205 0.0283712 0.92809 0.372355 0.000349106 0.928075 0.372393 0.000347065 0.896712 0.442614 0.000335337 0.885652 0.46435 0.000722452 0.885428 0.464775 0.000690237 0.883691 0.468071 0.00024331 0.882163 0.470945 0.00024289 0.882164 0.470942 0.000242645 0.884616 0.466319 0.000302521 0.811635 0.584165 0.000223245 0.808485 0.588517 0.000493145 0.805904 0.592046 0.000438155 0.806001 0.591914 0.000423195 0.798705 0.601722 0.00043971 0.797452 0.603383 0.000298217 0.772996 0.634411 0.000289071 0.219122 0.306458 -0.92632 0.201448 0.268429 -0.942 0.204375 0.222193 -0.953342 0.199691 0.211941 -0.956663 0.0801067 0.092783 -0.992459 0.0754438 0.0962657 -0.992492 0.0671292 0.103558 -0.992355 0.0611645 0.106239 -0.992458 0.641221 0.749343 -0.16529 0.665312 0.717665 -0.205711 0.331324 0.369113 -0.86832 0.242347 0.331294 -0.911873 0.36635 -0.215741 -0.905121 0.325877 -0.152769 -0.932988 0.390202 -0.182924 -0.902375 0.461317 -0.232891 -0.856124 0.390744 -0.273723 -0.87886 0.112776 -0.0451368 -0.992595 0.113158 -0.043884 -0.992607 0.114976 -0.0396628 -0.992576 0.11874 -0.0326536 -0.992388 0.126729 -0.0326211 -0.991401 0.230566 -0.0585905 -0.971291 0.328356 -0.091783 -0.940084 0.539007 -0.381512 -0.750946 0.783018 -0.621794 -0.0159927 0.767242 -0.639719 -0.0458161 0.828112 -0.524185 -0.198646 0.811332 -0.583729 -0.0316265 0.804241 -0.594092 -0.015838 0.804315 -0.594147 -0.00817281 0.811711 -0.584002 -0.00824797 0.813172 -0.58199 -0.00619709 0.862562 -0.505909 -0.00657351 0.873835 -0.45867 -0.161354 0.885381 -0.464731 -0.0112445 0.879925 -0.475112 -0.000278193 0.850641 -0.498917 -0.165806 0.888094 -0.459524 -0.011279 0.888093 -0.459526 -0.0112801 0.904885 -0.425501 -0.0114934 0.912619 -0.408808 -0.00137819 0.91262 -0.408808 -0.000198142 0.934477 -0.356022 -0.00120024 0.938386 -0.345385 -0.0119177 0.944972 -0.32693 -0.0120014 0.945903 -0.324322 -0.009116 0.947812 -0.318829 -3.45271e-05 0.947932 -0.318472 0 0.947932 -0.318472 0 0.980983 -0.194093 0.000656119 0.977037 -0.213069 0 0.978034 -0.208446 0.000254907 0.978362 -0.206902 0 0.980983 -0.194093 0 0.980983 -0.194093 0 0.991297 -0.131641 0 0.991371 -0.131084 0.000177111 0.996722 -0.0809073 0.000109315 0.996847 -0.0793434 0.000423032 0.999948 -0.0102128 0.000424347 0.99997 -0.00765787 0.000848713 0.999968 -0.00765784 0.00254434 0.999947 -0.0093568 0.00424047 0.998288 0.0584384 0.00254007 0.998357 0.0571735 0.00380894 0.999029 0.0432253 0.00847015 0.989091 0.0427952 0.140954 0.985461 0.0956303 0.140436 0.772996 0.634411 0 0.772996 0.634411 0 0.721024 0.69291 -0.000385972 0.722964 0.690882 -0.00232913 0.708163 0.676738 -0.201324 0.68799 0.6898 -0.225491 0.6747 0.710179 -0.201064 0.688765 0.724984 -0.000304534 0.689008 0.724753 -0.000264379 0.689008 0.724753 0 0.683154 0.730274 -0.000302056 0.683153 0.730275 -0.000302203 0.669214 0.715375 -0.200976 0.985917 0.123375 0.112899 0.992253 0.124168 0.00404034 0.98681 0.161835 0.00401818 0.982373 0.186896 0.00374979 0.986608 0.163068 0.00376596 0.9794 0.201927 0.00113071 0.977786 0.209606 0.000345784 0.956933 0.290307 0.000369521 0.952119 0.305727 0 0.952097 0.305796 0 0.950778 0.309872 0.000101973 0.95017 0.311734 0.000355331 0.955018 0.296548 0 0.955018 0.296548 0 0.940861 0.338792 0.000351847 0.930188 0.367084 0.000256113 0.940659 0.339354 0.000258996 0.930188 0.367084 0 0.928195 0.372094 -0.000173039 0.927392 0.374091 0 0.896712 0.442614 0 0.885649 0.464355 -0.000325225 0.885305 0.465011 -0.000284072 0.884676 0.466207 0 0.884616 0.466319 7.89941e-05 0.882163 0.470945 0 0.882163 0.470945 0 0.811635 0.584165 0 0.808487 0.588514 -0.000434892 0.807303 0.590137 -0.000381747 0.806001 0.591914 0 0.796752 0.604307 0 0.796752 0.604307 0 0.319941 0.338949 -0.884733 0.311381 0.272424 -0.910399 0.239855 0.202874 -0.949374 0.200066 0.205354 -0.958021 0.340059 0.346569 -0.874214 0.0836999 0.089147 -0.992495 0.0820222 0.0906967 -0.992495 0.875971 -0.442225 -0.192647 0.875357 -0.452934 -0.169117 0.34964 -0.0930965 -0.932247 0.378037 -0.0962028 -0.920778 0.490673 -0.131148 -0.861418 0.543776 -0.15566 -0.824668 0.616725 -0.202595 -0.760661 0.921262 -0.356749 -0.15494 0.892506 -0.41968 -0.165232 0.11963 -0.0303794 -0.992354 0.119682 -0.030262 -0.992351 0.119677 -0.0275653 -0.99243 0.120074 -0.0216253 -0.992529 0.328726 -0.0205723 -0.944201 0.342089 -0.0317441 -0.939131 0.341713 -0.0565883 -0.938099 0.372809 -0.0816765 -0.924307 0.372465 -0.0922184 -0.923453 0.935952 -0.344489 -0.0729415 0.96754 -0.120297 -0.22225 0.984147 -0.148285 -0.097293 0.984703 -0.172352 -0.0255777 0.981799 -0.189775 -0.00749563 0.981821 -0.189779 -0.00333282 0.978181 -0.207752 -0.000124122 0.983725 -0.179651 -0.00333928 0.983283 -0.182068 -0.00250302 0.990275 -0.1391 -0.00252082 0.990276 -0.139091 -0.00251955 0.996718 -0.080907 -0.00253594 0.997473 -0.0708708 -0.00507033 0.997472 -0.0708771 -0.00506904 0.999935 -0.0102114 -0.00508156 0.999935 -0.0102127 -0.00508284 0.998693 0.0508609 -0.00507653 0.998429 0.0558973 -0.00381295 0.998288 0.0584333 -0.00254185 0.998288 0.0584379 -0.00253724 0.998291 0.0584381 0.000847287 0.998139 0.0609698 0.00127052 0.998139 0.0609698 0.00126869 0.993647 0.112535 0.00126298 0.99306 0.117589 0.00199379 0.992411 0.12291 0.00378625 0.771065 0.636756 -0.000412761 0.769646 0.638468 -0.00215244 0.75805 0.628849 -0.172942 0.74651 0.634599 -0.200017 0.40756 0.309226 -0.859229 0.986329 0.164778 0.0020208 0.985563 0.169309 0.00109707 0.977828 0.209412 0.000290012 0.985245 0.171151 0.000237025 0.977828 0.209412 0 0.977828 0.209412 0 0.955012 0.296546 -0.00342717 0.950971 0.309106 -0.0103529 0.951022 0.309123 -0.000162502 0.950662 0.310228 0 0.950662 0.310228 0 0.940861 0.338792 0 0.940861 0.338793 0 0.940858 0.338792 -0.00239127 0.929514 0.36878 -0.00236244 0.929042 0.368593 -0.0319356 0.886994 0.460479 -0.0346414 0.88552 0.464288 -0.0170393 0.884405 0.466641 -0.00864867 0.884435 0.466657 -0.00224786 0.883987 0.467506 -0.00224673 0.883964 0.467494 -0.00755842 0.808461 0.588495 -0.0079862 0.807259 0.590105 -0.0104438 0.795247 0.603166 -0.061427 0.774345 0.614583 -0.150587 0.393874 0.278567 -0.875936 0.349325 0.23646 -0.906675 0.271831 0.199873 -0.94136 0.239883 0.201886 -0.949578 0.125996 0.0864194 -0.988259 0.101676 0.0702117 -0.992337 0.0959515 0.0749979 -0.992557 0.0945941 0.0762368 -0.992593 0.087157 0.0844823 -0.992606 0.954985 -0.0873094 -0.283515 0.961543 -0.110914 -0.251263 0.119672 -0.0154216 -0.992694 0.119686 -0.00152853 -0.992811 0.119887 0 -0.992788 0.328796 0 -0.944401 0.328796 0 -0.944401 0.948006 0 -0.318253 0.948006 0 -0.318253 0.947315 -0.0381691 -0.318021 0.956586 -0.0655185 -0.28399 0.988826 -0.14899 -0.00502637 0.997634 -0.06833 -0.00759904 0.997476 -0.0708247 -0.00508885 0.997474 -0.0708507 -0.00507572 0.988766 -0.149398 -0.00461147 0.985015 -0.172407 -0.00459397 0.999935 -0.0102114 -0.00508824 0.999935 -0.010185 -0.0051014 0.999968 -0.00261733 -0.00761682 0.999968 -0.00254876 -0.0076339 0.999036 0.0432256 -0.00762679 0.999035 0.0432681 -0.00761611 0.992592 0.121263 -0.007567 0.992251 0.124164 -0.00462751 0.992763 0.120035 -0.00379131 0.993212 0.116294 -0.00252893 0.993213 0.116285 -0.00252434 0.993646 0.112545 0.00126481 0.987293 0.158843 -0.00460439 0.98588 0.167422 -0.00313561 0.985672 0.168652 -0.00250518 0.985255 0.171094 0 0.482646 0.322211 -0.814391 0.457776 0.306649 -0.83451 0.980788 0.195061 -0.00249276 0.981323 0.192343 -0.00312112 0.981317 0.192374 -0.00314277 0.980203 0.192156 -0.0477393 0.947887 0.312987 -0.0595731 0.949439 0.313499 -0.016883 0.945258 0.325892 -0.0168087 0.942109 0.324806 -0.0832525 0.942248 0.322812 -0.0892265 0.765967 0.264957 -0.58574 0.52154 0.262396 -0.811877 0.626229 0.333312 -0.704798 0.366977 0.235604 -0.899899 0.369562 0.205326 -0.906237 0.339411 0.174213 -0.924365 0.229513 0.119661 -0.965922 0.195009 0.120582 -0.973361 0.21338 0.103004 -0.971524 0.1106 0.0516105 -0.992524 0.107793 0.0559863 -0.992596 0.10524 0.0616665 -0.992533 0.119617 0.0146135 -0.992713 0.119877 0.0126601 -0.992708 0.328772 0.0120432 -0.944333 0.334821 0.0171165 -0.942126 0.94776 0.0227771 -0.31817 0.999948 0 -0.0101581 0.999968 -0.00252724 -0.00764462 0.999037 0.0432042 -0.0076375 0.99912 0.0406912 -0.0101497 0.953587 0.0388368 -0.298603 0.952012 0.0693065 -0.29811 0.960873 0.099324 -0.258568 0.969897 0.114411 -0.214965 0.973332 0.11891 -0.196176 0.983621 0.158252 -0.0862889 0.459685 0.232047 -0.85723 0.504336 0.144163 -0.851388 0.555864 0.176968 -0.812218 0.375875 0.171298 -0.910701 0.376701 0.158339 -0.912702 0.31015 0.100233 -0.945389 0.310368 0.0930202 -0.946054 0.279662 0.0769721 -0.957008 0.179021 0.042976 -0.982906 0.119583 0.0280952 -0.992427 0.118086 0.0305909 -0.992532 0.114385 0.0389844 -0.992671 0.113605 0.0408484 -0.992686 0.334586 0.0411641 -0.941466 0.361957 0.0635467 -0.930026 0.361675 0.0747438 -0.929303 0.394384 0.0995665 -0.913536 0.418271 0.106733 -0.902029 0 1 0 0 1 0 0 1 0 0 1 0 0 1 0 0 1 0 0 1 0 0 1 0 0 1 0 0 1 0 0 1 0 0 1 0 0 1 0 0 1 0 0 1 0 0 1 0 0 1 0 0 1 0 0 1 0 0 1 0 0 1 0 0 1 0 0 1 0 0 1 0 0 1 0 0 1 0 0 1 0 0 1 0 0 1 0 0 1 0 0 1 0 0 1 0 0 1 0 0 1 0 0 1 0 0 1 0 0 1 0 0 1 0 0 1 0 0 1 0 0 1 0 0 1 0 0 1 0 0 1 0 0 1 0 0 1 0 0 1 0 0 1 0 0 1 0 0 1 0 0 1 0 0 1 0 0 1 0 0 1 0 0.343766 0.938972 0.012479 0.368443 0.92965 0 0.34596 0.938049 -0.0193791 0.312666 0.948347 -0.0536541 0.283623 0.957842 0.0457922 1 0 0 1 0 0 0.244061 0.967186 0.0706054 0.226371 0.970463 0.0834096 0.206741 0.973368 0.0990557 0.192474 0.974861 0.112253 0.178511 0.975573 0.128027 0.167969 0.975539 0.141812 0.160725 0.975015 0.153343 0.148607 0.973033 0.176418 0.140902 0.970877 0.193765 0.135113 0.968292 0.21013 0.122667 0.960193 0.250964 0.112235 0.950064 0.291172 0.111678 0.949278 0.293936 0.0989194 0.929133 0.356267 0.0969285 0.925603 0.365875 0.0800833 0.886069 0.456583 0.0691017 0.85657 0.511383 0.0325316 0.721135 0.692031 0 0 1 0 0 1 0 0 1 0 0 1 0 0 1 0 0 1 0 0 1 0 0 1 0 0 1 0 0 1 0 0 1 0 0 1 0 0 1 0 0 1 0 0 1 0 0 -1 0 0 -1 0 0 -1 0 0 -1 0 0 -1 0 0 -1 0 0 -1 0 0 -1 0 0 -1 0 0 -1 0 0 -1 0 0 -1 0 0 -1 0 0 -1 0 0 -1 0 0 -1 0.236431 0.918338 -0.317422 0.244515 0.947061 -0.208056 0.247959 0.950956 -0.184931 0.256202 0.955091 -0.148865 0.263056 0.956057 -0.129452 0.271549 0.955819 -0.112564 0.287077 0.953949 -0.0869894 0.00227717 -0.869769 0.493454 0.0621822 -0.936774 0.344366 0.0881744 -0.955108 0.282833 0.0944087 -0.958455 0.269168 0.11226 -0.966831 0.229424 0.126853 -0.9717 0.199265 0.137221 -0.973872 0.180954 0.138942 -0.974128 0.178239 0.161011 -0.976535 0.143023 0.16733 -0.976742 0.134072 0.187032 -0.976191 0.109864 0.207087 -0.974411 0.0873927 0.212116 -0.973757 0.0824874 0.234951 -0.970145 0.0601323 0.25598 -0.965764 0.0421171 0.279168 -0.959988 0.0220758 0.307446 -0.951566 0 0 -0.866452 0.49926 0.00214301 0.717476 0.69658 0.0225205 0.717295 0.696405 0.285051 -0.95805 -0.0297578 0.277141 -0.959896 -0.0423418 0.258224 -0.963385 -0.0721764 0.252762 -0.963952 -0.0831181 0.241726 -0.96464 -0.105065 0.22728 -0.963567 -0.141006 0.216406 -0.960862 -0.172954 0.209513 -0.957317 -0.199119 0.20922 -0.95715 -0.200227 0.196054 -0.944575 -0.263329 0.18652 -0.92979 -0.317333 0.180606 -0.914253 -0.362661 0.178485 -0.906825 -0.381853 0.152267 -0.807539 -0.56982 0.126668 -0.690721 -0.711941 0.117941 -0.643448 -0.75635 0.00753403 -0.0430275 -0.999045 0.0779976 0.984009 -0.160133 0 -1 0 0 -1 0 0 -1 0 0 -1 0 0 -1 0 0 -1 0 0 -1 0 0 -1 0 0 -1 0 0 -1 0 0 -1 0 0 -1 0 0 -1 0 0 -1 0 0 -1 0 0 -1 0 0 -1 0 0 -1 0 0 -1 0 0 -1 0 0 -1 0 0 -1 0 0 -1 0 0 -1 0 0 -1 0 0 -1 0 0 -1 0 0 -1 0 0 -1 0 0 -1 0 0 -1 0 0 -1 0 0 -1 0 0 -1 0 0 -1 0 0 -1 0 0 -1 0 0 -1 0 0 -1 0 0 -1 0 0 -1 0 0 -1 0 0 -1 0 0 -1 0 0 -1 0 0 -1 0 0 -1 0 0 -1 0 0 -1 0 0 -1 0 0 -1 0 0 -1 0 0 -1 0 0 -1 0 0 -1 0 0 -1 0 0 -1 0 0 -1 0 0 -1 0 0 -1 0 0 -1 0 0 -1 0 0 -1 0 0 -1 0 -0.05083 -0.943965 0.326108 -0.100219 -0.981129 0.165352 -0.0974509 -0.979971 0.173668 -0.0919329 -0.97743 0.190209 -0.0907497 -0.976789 0.194033 -0.0753023 -0.967028 0.243282 -0.0530766 -0.946599 0.318016 -0.0191078 0.716003 0.697836 -0.00112042 0.716133 0.697963 -0.0581171 0.889223 0.453766 -0.0232916 0.717637 0.696028 -0.722759 -0.661466 0.200204 -0.327448 -0.941491 0.079832 -0.194631 -0.979874 0.0443404 -0.1588 -0.986558 0.0385513 -0.158049 -0.986635 0.0396396 -0.144131 -0.987576 0.0626144 -0.135631 -0.98763 0.0786842 -0.134058 -0.98758 0.0819358 -0.123827 -0.98695 0.102939 -0.122028 -0.98673 0.107118 -0.106532 -0.983382 0.147008 -0.101816 -0.981817 0.160215 -0.0709918 0.93176 0.356067 -0.11688 0.987993 0.10104 -0.122831 0.988558 0.0875542 -0.128893 0.988783 0.0754578 -0.133398 0.988727 0.0679945 -0.145143 0.988115 0.050614 -0.150055 0.9877 0.0439497 -0.154475 0.987235 0.0387909 -0.235935 0.969763 0.0624117 -0.297545 0.951047 0.0835258 -0.0832708 0.962096 0.259686 -0.0872674 0.969371 0.229572 -0.0931382 0.976476 0.194472 -0.100376 0.98243 0.15734 -0.103249 0.984108 0.144468 -0.106808 0.985545 0.131504 -0.114208 0.987546 0.108211 -0.0627546 -0.92369 -0.377966 -0.0113458 0.966135 -0.257788 -0.974121 -0.11235 0.196128 -0.965108 -0.17541 0.194416 -0.956762 -0.215023 0.195889 -0.965093 -0.1828 0.18756 -0.969408 -0.174656 0.17246 -0.966846 -0.208965 0.146773 -0.927859 -0.36171 0.0907902 -0.92536 -0.369321 0.0855059 -0.903492 -0.423652 0.0649753 -0.194683 -0.980141 0.03772 -0.177808 -0.983715 0.0262506 -0.161479 -0.986525 0.0263256 -0.161716 -0.986528 0.0247086 -0.155637 0.987481 0.0256808 -0.155634 0.987463 0.0263507 -0.422431 0.906072 0.0241787 -0.448211 0.892499 0.0505178 -0.448044 0.892166 0.0574178 -0.493178 0.864025 0.101178 -0.492749 0.863273 0.109351 -0.59969 0.787985 0.13947 -0.115653 -0.892346 -0.436283 -0.100733 -0.793426 -0.600274 -0.130325 0.918664 -0.372923 -0.139696 0.982742 -0.12126 -0.982309 -0.00324293 0.187242 -0.980867 -0.0542484 0.186967 -0.977757 -0.0859495 0.191323 -0.980832 -0.0705123 0.18165 -0.980971 -0.0836444 0.175213 -0.982663 -0.110091 0.149174 -0.986546 -0.110526 0.120459 -0.985993 -0.139704 0.0911086 -0.989077 -0.140141 0.0456942 -0.988421 -0.146619 0.0390831 -0.987591 -0.152902 0.0358454 -0.884235 -0.465939 0.032094 -0.880333 -0.473469 0.0290106 -0.87908 -0.475831 0.0283485 -0.17786 -0.984006 0.00991616 -0.168258 -0.985738 0.00309492 -0.165556 -0.986196 0.00309636 -0.163488 -0.986464 0.0126624 -0.157426 0.987514 0.0057051 -0.157425 0.987511 0.00620024 -0.405304 0.914164 0.00573981 -0.418318 0.908214 0.0125407 -0.422495 0.906208 0.0168729 -0.922794 0.384524 0.0243364 -0.93214 0.360217 0.0368577 -0.934285 0.353906 0.0431629 -0.933031 0.353431 0.0673765 -0.944191 0.311436 0.107289 -0.94921 0.29252 0.1159 -0.952505 0.275005 0.130789 -0.681142 0.713905 0.162435 -0.713687 0.678527 0.17393 -0.119826 -0.915473 -0.384123 -0.127511 -0.955112 -0.2674 -0.130418 -0.965431 -0.225686 -0.134461 -0.973492 -0.185023 -0.135779 -0.975295 -0.174253 -0.140789 -0.981207 -0.13195 -0.141189 -0.981497 -0.129341 -0.327233 0.936791 -0.123861 -0.230133 0.97074 -0.0685704 -0.15396 0.987211 -0.0413657 -0.151878 0.987286 -0.0469071 -0.148749 0.987188 -0.0577443 -0.144937 0.986695 -0.0736563 -0.142877 0.986052 -0.0853703 -0.140786 0.984491 -0.104676 -0.982414 0 0.186716 -0.982414 0 0.186716 -0.982765 0 0.18486 -0.982765 0 0.18486 -0.981002 -0.059866 0.184528 -0.992628 0 0.121202 -0.992628 0 0.121202 -0.998935 0 0.0461497 -0.998935 0 0.0461497 -0.999219 0 0.0395101 -0.999219 0 0.0395101 -0.999653 0 -0.0263481 -0.999653 0 -0.0263481 -0.98837 -0.14982 -0.0260507 -0.987534 -0.156193 -0.0195291 -0.987199 -0.15614 0.0325324 -0.864301 -0.502684 -0.0170921 -0.85636 -0.516348 -0.00564503 -0.856319 -0.516324 0.0112851 -0.856335 -0.516297 0.0113071 -0.168258 -0.98574 0.0022217 -0.168252 -0.985741 0.00221733 -0.165811 -0.986157 0.00131946 -0.165811 -0.986157 -0.0010931 -0.165782 -0.986161 -0.00152461 -0.165778 -0.986162 -0.00154676 -0.162405 -0.986576 -0.0171238 -0.157006 0.987558 -0.00879479 -0.157523 0.987511 -0.00309585 -0.157522 0.987505 0.00464336 -0.403926 0.914781 0.00430127 -0.921255 0.38873 -0.0133595 -0.921152 0.388686 0.0200392 -0.403928 0.914786 -0.00286774 -0.409077 0.912463 -0.00825151 -0.925472 0.37803 -0.0243929 -0.979964 0.0754486 0.184333 -0.962545 0.226664 0.148763 -0.838922 0.509572 0.191171 -0.945365 0.252136 0.206669 -0.195453 -0.978614 -0.0641358 -0.266247 -0.959235 -0.0947714 -0.729317 -0.549666 -0.407387 -0.142723 -0.982615 -0.118735 -0.143428 -0.982957 -0.114995 -0.147619 -0.984704 -0.0925586 -0.152999 -0.985867 -0.0682418 -0.155174 -0.986035 -0.0604633 -0.383284 0.911599 -0.148595 -0.494884 0.862785 -0.103406 -0.452546 0.889525 -0.0628335 -0.492402 0.858457 -0.143503 -0.156287 0.987474 -0.0216673 -0.155286 0.987496 -0.0271591 -0.453014 0.890445 -0.0434209 -0.444317 0.8952 -0.0346424 -0.415867 0.909207 -0.0199499 -0.981623 0.019444 0.189839 -0.980006 0.0605575 0.189527 -0.995452 0 -0.0952636 -0.995452 0 -0.0952636 -0.9886 -0.117133 -0.0946078 -0.986362 -0.143138 -0.0812493 -0.985934 -0.14945 -0.0748302 -0.920011 -0.385623 -0.0698268 -0.911553 -0.406089 -0.0645262 -0.864157 -0.5026 -0.0250102 -0.175897 -0.984395 -0.00522394 -0.165812 -0.986156 -0.00154668 -0.684593 -0.728642 -0.0203317 -0.179602 -0.983708 -0.00781852 -0.179513 -0.983222 -0.0324109 -0.16016 -0.986555 -0.0325208 -0.161044 -0.986593 -0.0264598 -0.156997 0.987501 -0.0139505 -0.409057 0.912418 -0.0128898 -0.924538 0.377648 -0.0511043 -0.926563 0.371794 -0.057006 -0.94842 0.303745 -0.0907627 -0.195673 -0.979714 -0.0432729 -0.155191 -0.986039 -0.0603537 -0.15753 -0.986508 -0.0445621 -0.926756 -0.367826 -0.0763394 -0.942894 -0.31328 -0.113164 -0.957742 -0.253494 -0.135906 -0.963516 -0.161179 -0.213676 -0.928978 -0.19254 -0.316115 -0.75452 -0.506715 -0.41706 -0.821969 0.39902 -0.406386 -0.620147 0.758514 -0.200185 -0.961535 0.227473 -0.153969 -0.951898 0.288403 -0.10351 -0.951136 0.291371 -0.10219 -0.99414 0 -0.108103 -0.99414 0 -0.108103 -0.988723 -0.104252 -0.107514 -0.98473 -0.103831 -0.139736 -0.982856 -0.0744869 -0.16866 -0.97362 -0.0737869 -0.215917 -0.965431 -0.0545575 -0.254884 -0.965405 -0.0546122 -0.254971 -0.939406 -0.123824 -0.319663 -0.969452 -0.0531084 -0.239463 -0.966848 0 -0.255352 -0.966848 0 -0.255352 -0.960823 0.111465 -0.25376 -0.960856 0.111375 -0.253676 -0.965125 0.108172 -0.238395 -0.966135 0.197727 -0.165791 -0.985594 0 -0.16913 -0.985594 0 -0.16913 -0.970822 0 -0.239802 -0.970822 0 -0.239802 -0.966871 0 -0.255264 -0.966871 0 -0.255264 0.0623166 0.995573 0.0703688 0.0640544 0.995704 0.0668625 0.0641981 0.997937 0 0.0641981 0.997937 0 -0.127842 0.991795 0 -0.127842 0.991795 0 -0.127615 0.990038 0.0594859 -0.125309 0.990041 0.0641663 -0.119511 0.990362 0.0700005 -0.00642227 0.0532201 0.998562 0.00105481 0.0490141 0.998798 0.0030061 0.0480256 0.998842 0.0109064 0.0435608 0.998991 0.242362 0.968006 0.0650026 0.252117 0.966677 0.0444099 0.252366 0.967632 0 0.252366 0.967632 0 0.0636622 0.989607 -0.128935 0.0446642 0.988037 -0.147611 -0.0943314 0.984613 -0.1471 -0.126998 0.985251 -0.114678 -0.306908 0.951739 0 -0.306908 0.951739 0 -0.30672 0.951156 0.0350081 -0.303989 0.951805 0.0407225 -0.287527 0.956048 0.0574436 -0.0177441 0.0590006 0.9981 -0.0176547 0.0589499 0.998105 -0.00675888 0.0534007 0.99855 0 -1 0 0 -1 0 0 -1 0 0 -1 0 0 -1 0 0 -1 0 0 -1 0 0 -1 0 0 -1 0 0 -1 0 0 -1 0 0 -1 0 0 -1 0 0 -1 0 0 -1 0 0 -1 0 0 -1 0 0 -1 0 0 -1 0 0 -1 0 0 -1 0 0 -1 0 0 -1 0 0 -1 0 0 -1 0 0 -1 0 0 -1 0 0 -1 0 0 -1 0 0 -1 0 0 -1 0 0 -1 0 0 -1 0 0.0579706 0.00280918 0.998314 0.0487167 0.0130509 0.998727 0.045996 0.0159367 0.998814 0.0404852 0.0212357 0.998954 0.0346827 0.0264039 0.99905 0.0306838 0.029755 0.999086 0.0255423 0.03377 0.999103 0.0254747 0.0338206 0.999103 0.0229034 0.0356675 0.999101 0.0156267 0.0405825 0.999054 0.35901 0.932351 0.0428329 0.251548 0.964498 -0.080423 0.207454 0.970046 -0.126387 0.369851 0.928685 0.0274835 0.369991 0.929036 0 0.369991 0.929036 0 0.0408048 0.902661 -0.428413 0.203661 0.952309 -0.227223 0.161164 0.928791 -0.333728 0.098219 0.899045 -0.426697 0.0112564 0.884243 -0.466892 -0.0296309 0.883911 -0.466716 -0.0878412 0.91687 -0.389402 -0.109486 0.914894 -0.388563 -0.253437 0.941495 -0.222163 -0.258306 0.959585 -0.111691 -0.306249 0.949697 -0.0654732 -0.399261 0.916838 0 -0.399261 0.916838 0 -0.399004 0.916248 0.0358532 -0.397526 0.916822 0.0375576 -0.0278867 0.0643157 0.99754 -0.0190753 0.0597258 0.998033 -0.05818 0.0793778 0.995145 -0.0604895 0.0805 0.994918 -0.066525 0.0833676 0.994296 -0.146789 0.119458 0.981928 -0.168835 0.128991 0.977167 -0.300855 0.183804 0.93579 0.208492 -0.197354 0.957905 0.208329 -0.197125 0.957988 0.116379 -0.0693377 0.990782 0.0997692 -0.0471761 0.993892 0.099734 -0.047131 0.993897 0.0794943 -0.021752 0.996598 0.0792979 -0.0215134 0.996619 0.0715795 -0.0124555 0.997357 0.0697711 -0.0103724 0.997509 0.061845 -0.00137921 0.998085 0.0615518 -0.00105102 0.998103 0.060336 0.000297104 0.998178 0.0587049 0.00205211 0.998273 0.999047 0.0349218 0.0261758 0.998487 0.0547646 0.00489248 0.973986 0.226453 0.00844113 0.965016 0.25852 0.0437273 0.943603 0.32694 0.0521917 0.942485 0.331557 0.0423312 0.884869 0.464141 0.0397434 0.799349 0.599725 0.0370301 0.794822 0.605096 0.0460224 0.883642 0.466875 0.0346978 0.717119 0.695412 0.0462775 0.60269 0.796826 0.0428293 0.71602 0.696703 0.0438162 0.602161 0.797255 0.0422613 0.601083 0.798008 0.0433799 0.539832 0.840679 0.0429025 0.531725 0.846354 0.0308757 0.369539 0.927901 -0.0494122 0.325344 0.942326 -0.0785742 0.324733 0.940558 -0.0994948 0.531978 0.846758 0 0.531978 0.846758 0 0.00305575 0.165473 -0.98621 0.0656039 0.187004 -0.980166 0.050955 0.165259 -0.984933 0.554603 0.823608 -0.118682 0.593029 0.783527 -0.185476 0.603885 0.753825 -0.258981 0.1555 0.253113 -0.954858 0.13193 0.237139 -0.962476 0.0970865 0.186522 -0.977642 0.0010408 0.162558 -0.986698 -0.00834914 0.162553 -0.986665 -0.0122797 0.168232 -0.985671 -0.0716836 0.167812 -0.983209 -0.0768157 0.161657 -0.983853 -0.131031 0.191979 -0.972612 -0.178886 0.260756 -0.948686 -0.482029 0.806374 -0.34265 -0.434305 0.859747 -0.268727 -0.448404 0.887658 -0.104867 -0.398247 0.914509 -0.0712239 -0.600359 0.799731 0 -0.600359 0.799731 0 -0.600021 0.79928 0.0335748 -0.590653 0.805863 0.0414042 -0.405231 0.234178 0.883713 -0.600385 0.798993 0.0338812 -0.623385 0.781213 0.0331272 -0.625906 0.779387 0.0282416 -0.774864 0.631512 0.0278938 -0.77529 0.630939 0.0290191 -0.790229 0.612097 0.0295783 -0.794038 0.606651 0.0384445 -0.842719 0.537104 0.0366521 -0.846788 0.525487 0.0825414 -0.847046 0.523882 0.0897854 -0.847107 0.523319 0.0924514 -0.838803 0.496033 0.224411 -0.744854 0.405834 0.529614 -0.564512 0.309789 0.765086 0.432294 -0.40282 0.806758 0.211266 -0.199903 0.956768 0.475666 -0.439858 0.761752 0.733486 -0.623556 0.27051 0.746872 -0.628936 0.215921 0.778387 -0.626182 0.0448326 0.855522 -0.516013 0.0425661 0.858056 -0.511224 0.0488899 0.903012 -0.427022 0.0471274 0.903022 -0.426996 0.0471855 0.903111 -0.42678 0.0474283 0.962576 -0.266255 0.0505512 0.963064 -0.263521 0.0553618 0.963531 -0.261405 0.0572249 0.984401 -0.171299 0.040149 0.988866 -0.147004 0.0231054 0.999668 -0.0222933 0.0129076 0.98904 -0.146003 0.0219885 0.99977 -0.0182594 0.0112508 0.999791 -0.0170757 0.011251 0.999825 -0.0152675 0.0108542 0.999645 0.00492346 0.0261914 0.998499 0.0547653 0 0.998499 0.0547653 0 0.999883 -0.0152921 0 0.999883 -0.0152921 0 0.97402 0.226461 0 0.97402 0.226461 0 0.94333 0.331855 0 0.94333 0.331855 0 0.884175 0.467157 0 0.884175 0.467157 0 0.799898 0.600137 0 0.799898 0.600137 0 0.716708 0.697373 0 0.716708 0.697373 0 0.602699 0.797968 0 0.602699 0.797968 0 0.531151 0.845441 -0.0557548 0.556965 0.827117 -0.0752881 0.0514242 0.0965016 -0.994004 0.0203522 0.0343603 -0.999202 0.00105393 0.0413233 -0.999145 0.095763 0.140468 -0.985443 0.600955 0.795659 -0.0760223 0.601715 0.795004 -0.0768602 0.714508 0.695232 -0.0783016 0.71661 0.692802 -0.0805922 0.693819 0.670769 -0.262076 0.704147 0.648149 -0.289964 0.221636 0.186906 -0.957049 0.11148 0.128475 -0.985427 0.0993266 0.14077 -0.985047 0 0.0416397 -0.999133 -0.00843726 0.0456925 -0.99892 -0.00845284 0.0457009 -0.998919 -0.0484056 0.0648466 -0.996721 -0.051796 0.0666718 -0.99643 -0.0786202 0.120492 -0.989596 -0.119246 0.158307 -0.980163 -0.149366 0.157656 -0.976132 -0.580766 0.803612 -0.130071 -0.575007 0.806371 -0.138325 -0.156448 0.150609 -0.976136 -0.257562 0.180926 -0.949172 -0.798993 0.483768 -0.357182 -0.798449 0.587548 -0.131401 -0.577133 0.809352 -0.108931 -0.582542 0.80607 -0.104383 -0.598493 0.797244 -0.078794 -0.626155 0.779698 0 -0.626155 0.779698 0 -0.775165 0.631758 0 -0.775165 0.631758 0 -0.790575 0.612365 0 -0.790575 0.612365 0 -0.839541 0.543297 0 -0.839541 0.543297 0 -0.839833 0.542844 0.000773356 -0.839978 0.542618 0.00154569 -0.849677 0.527279 0.00496504 -0.84746 0.530858 0.00155948 -0.848864 0.528606 0.00257526 -0.85047 0.526 0.0049635 -0.879034 0.476751 0.00273716 -0.868104 0.470823 0.157229 -0.851301 0.499643 0.160139 -0.852356 0.522955 0.00286505 -0.869625 0.46613 0.162714 -0.85307 0.447926 0.267644 -0.788162 0.418985 0.450835 0.781568 -0.62382 0 0.781568 -0.62382 0 0.856298 -0.516482 0 0.856298 -0.516482 0 0.904017 -0.427497 0 0.904017 -0.427497 0 0.963808 -0.266596 0 0.963808 -0.266596 0 0.989279 -0.146038 0 0.989279 -0.146038 0 0.999833 -0.0182605 0 0.999833 -0.0182605 0 0.999758 -0.0152902 -0.0157891 0.999554 0.000101374 -0.0298737 0.999165 0.0278679 -0.0298621 0.998489 0.0547647 -0.0044889 0.973988 0.226454 -0.00815664 0.937563 0.329826 -0.110409 0.906565 0.407002 -0.11176 0.882537 0.466292 -0.0608343 0.936411 0.331374 -0.11544 0.798197 0.598861 -0.0651752 0.783292 0.616482 -0.0800206 0.110303 0.0957049 -0.989279 0.0393661 0.0246076 -0.998922 0.0433492 0.0221499 -0.998814 0.0767277 0 -0.997052 0.0977015 -0.0179106 -0.995055 0.769324 0.605489 -0.203774 0.896973 0.402696 -0.182416 0.90537 0.284988 -0.31478 0.862802 0.213725 -0.458142 0.794225 0.173866 -0.582217 0.17121 0.102141 -0.979926 0.16376 0.09676 -0.981744 -0.330838 0.176174 -0.927097 -0.179504 0.121651 -0.976207 -0.146549 0.108578 -0.983226 -0.157109 0.120031 -0.98026 -0.625245 0.778564 -0.0539148 -0.800766 0.589253 -0.107497 -0.788465 0.61073 -0.0730168 -0.774034 0.630836 -0.0540182 -0.183683 0.129275 -0.974448 -0.414993 0.212584 -0.884641 -0.670582 0.321051 -0.668765 -0.692534 0.333563 -0.639634 -0.734263 0.357762 -0.576944 -0.737185 0.360195 -0.571679 -0.809063 0.43605 -0.394054 -0.822582 0.464924 -0.327422 -0.84376 0.504047 -0.184405 -0.843867 0.526039 -0.105697 -0.844056 0.526384 -0.102414 -0.844102 0.530929 -0.074878 -0.843875 0.532592 -0.0649655 -0.845662 0.53372 0 -0.846478 0.532423 0.000608728 -0.846597 0.532234 0.000779623 -0.846799 0.531912 0.000924794 -0.851814 0.523839 0.00256504 -0.852593 0.522573 0.00169484 -0.851889 0.523721 0.000910576 -0.879858 0.475233 0.00163755 -0.879479 0.475932 0.00242858 -0.881549 0.472086 0.0024343 -0.881833 0.471492 0.00811393 -0.881582 0.471358 0.0252211 0.781273 -0.624188 -0.00120165 0.834801 -0.540353 -0.105474 0.853111 -0.514559 -0.0862065 0.781181 -0.624298 -0.00287496 0.780231 -0.623538 -0.049385 0.779737 -0.616948 -0.106706 0.900937 -0.426041 -0.0824761 0.915898 -0.379279 -0.131449 0.953456 -0.268694 -0.136839 0.95599 -0.264433 -0.127114 0.988933 -0.145987 -0.0264593 0.999718 -0.0182584 -0.0151735 0.948992 -0.256436 -0.183452 0.931963 -0.0925463 -0.350544 0.969967 0.000825401 -0.243237 0.967166 0.0759424 -0.242535 0.926117 0.185982 -0.328205 0.929997 0.2995 -0.213086 0.164375 0.043693 -0.98543 0.137661 0.0219597 -0.990236 0.151892 -0.0592176 -0.986622 0.178488 -0.081465 -0.980564 0.444635 -0.323516 -0.835247 0.137683 0.0131883 -0.990389 0.123169 0 -0.992386 0.137084 -0.00631292 -0.990539 0.152131 -0.0193026 -0.988172 0.783744 -0.131976 -0.606901 0.716155 -0.090867 -0.692001 0.654921 -0.0301601 -0.755096 0.653932 0.0626386 -0.753956 0.705057 0.116638 -0.699493 -0.738853 0.359108 -0.570209 -0.747161 0.365208 -0.555314 -0.817166 0.414762 -0.400265 -0.816955 0.42404 -0.390863 -0.826413 0.420388 -0.374587 -0.863436 0.438843 -0.248788 -0.874988 0.452417 -0.172382 -0.87059 0.46653 -0.15628 -0.848254 0.504796 -0.160145 -0.846086 0.520154 -0.116529 -0.88142 0.472333 0 -0.881035 0.473051 0.000812629 -0.88164 0.471922 0.000813182 -0.881773 0.471673 0 -0.88195 0.471342 -0.000812609 0.796932 -0.515841 -0.314337 0.75669 -0.598912 -0.262153 0.727183 -0.561592 -0.394739 0.885549 -0.366712 -0.285176 0.869795 -0.236939 -0.432801 0.800929 -0.160219 -0.576925 -0.8208 0.41692 -0.390468 -0.884715 0.457434 -0.0896263 -0.884663 0.465306 -0.0293639 0 0 1 0 0 1 0 0 1 1 0 0 1 0 0 1 0 0 1 0 0 1 0 0 1 0 0 1 0 0 1 0 0 1 0 0 1 0 0 0 1 0 0 1 0 0 1 0 0 1 0 0 1 0 0 1 0 0 1 0 0 1 0 0 1 0 -0.670644 -0.741777 0.00187396 -0.631216 -0.775607 0 -0.631216 -0.775607 0 0.0342763 0.00209092 -0.99941 -0.670598 -0.741821 0 -0.670598 -0.741821 0 -0.657211 -0.753707 0 -0.657211 -0.753707 0 -0.631216 -0.775607 -0.000526957 -0.610912 -0.790646 -0.0408137 0 0 -1 0 0 -1 0 0 -1 0 0 -1 0 0 -1 -0.676609 -0.722337 -0.142936 -0.670597 -0.741821 -0.00101541 -0.657707 -0.753273 -0.00101334 -0.657211 -0.753707 -0.000512108 -0.645707 -0.73953 -0.190152 -0.641654 -0.741735 -0.195216 -0.60559 -0.783757 -0.137791 -0.573891 -0.797171 -0.18753 -0.0253205 -0.0577629 -0.998009 -0.0240727 -0.0270811 -0.999343 -0.0210198 -0.0210965 -0.999556 -0.0209814 -0.0209695 -0.99956 -0.0916277 -0.0723297 -0.993163 -0.122846 -0.0917802 -0.988173 -0.537 -0.501589 -0.678262 -0.629532 -0.640744 -0.439473 -0.6711 -0.716456 -0.190569 -0.337115 -0.345054 -0.875952 -0.291545 -0.327109 -0.898889 -0.324544 -0.411976 -0.851438 -0.442555 -0.813361 -0.37761 -0.277749 -0.390924 -0.877516 -0.020955 -0.0209668 -0.999561 -0.0340893 -0.10433 -0.993958 -0.0341993 -0.066995 -0.997167 -0.204411 -0.235515 -0.950131 -0.205904 -0.208893 -0.956016 -0.222414 -0.20802 -0.952502 -0.222585 -0.204132 -0.953303 -0.0209773 -0.0209668 -0.99956 -0.22508 -0.203985 -0.952748 -0.20411 -0.174922 -0.963193 -0.345036 -0.320749 -0.882083 -0.338075 -0.314605 -0.886977 -0.323211 -0.308813 -0.894522 -0.206993 -0.241104 -0.948168 -0.204982 -0.274752 -0.939411 -0.204061 -0.31215 -0.927859 -0.274716 -0.387795 -0.879856 -0.999971 0 -0.00764095 -0.999844 -0.0158681 -0.00769754 -0.999098 -0.0421438 -0.00521279 0 0 1 0 0 1 0 0 1 0 0 1 0 0 1 0 0 1 0 0 1 0 0 1 0 0 1 0 0 1 0 0 1 0 0 1 0 0 1 0 0 1 0 0 1 0 0 1 0 0 1 0 0 1 0 0 1 0 0 1 0 0 1 0 0 1 0 0 1 0 0 1 0 0 1 0 0 1 0 0 1 0 0 1 0 0 1 0 0 1 0 0 1 0 0 1 0 0 1 0 0 1 0 0 1 0 0 1 0 0 1 0 0 1 0 0 1 0 0 1 0 0 1 0 0 1 0 0 1 0 0 1 0 0 1 0 0 1 0 0 1 0 0 1 0 0 1 0 0 1 0 0 1 0 0 1 0 0 1 0 0 1 0 0 1 0 0 1 0 0 1 0 0 1 0 0 1 0 0 1 0 0 1 0 0 1 0 0 1 0 0 1 0 0 1 0 0 1 0 0 1 0 0 1 0 0 1 -0.992074 0.125578 -0.0044777 -0.997051 0.0763651 -0.00761864 -0.99702 0.0763627 -0.0109925 -0.998141 0.045693 -0.0403246 -0.999185 -0.000176138 -0.0403668 -0.999604 -0.0158643 -0.0232401 -0.992761 -0.112842 -0.0411464 -0.993581 -0.112935 -0.00655484 -0.97053 -0.240974 -0.00162985 -0.969852 -0.24369 0.00130171 -0.970144 0.242488 -0.00449182 -0.973621 0.228111 -0.00523665 -0.973503 0.228084 -0.0163985 -0.944752 0.312281 -0.0996194 -0.952951 0.165521 -0.253943 -0.980587 0.0770258 -0.180325 -0.983508 -0.000789187 -0.180862 -0.974728 -0.191799 -0.114533 -0.968047 -0.0465474 -0.246412 -0.969363 -0.245628 -0.00165058 -0.967415 -0.220992 -0.123578 -0.96252 -0.250497 -0.103957 -0.967761 -0.251861 -0.00205901 -0.969637 -0.24455 0 -0.928223 -0.372025 0 -0.956883 0.290466 -0.00208497 -0.947876 0.31863 -0.0023135 -0.943106 0.317026 -0.100224 -0.941737 0.319899 -0.103901 -0.881651 0.283911 -0.376944 -0.879222 0.279471 -0.385829 -0.858993 0.212993 -0.46558 -0.788976 -0.0175601 -0.614173 -0.839536 -0.0941028 -0.535092 -0.854903 0.209248 -0.474717 -0.786178 0.0859515 -0.611994 -0.834779 -0.131795 -0.534579 -0.860627 -0.201542 -0.467655 -0.928221 -0.372027 -0.00102832 -0.853995 -0.235264 -0.464051 -0.871935 -0.327916 -0.363594 -0.890369 -0.363858 -0.273587 -0.91663 -0.384508 -0.109288 -0.921219 -0.376107 -0.0994967 -0.925811 -0.377982 -0.00179852 -0.884142 -0.467216 -0.00171757 -0.944055 0.329787 -0.0011003 -0.894735 0.446595 -0.00104281 -0.89445 0.447167 -0.00110318 -0.893142 0.449773 -0.00138813 -0.889629 0.448004 -0.0886145 -0.89419 0.436683 -0.0986547 -0.876333 0.427962 -0.22111 -0.788245 0.566839 -0.239508 -0.721522 0.611736 -0.324322 -0.497133 0.393541 -0.773294 -0.445954 0.276096 -0.851409 -0.440769 0.187265 -0.877869 -0.432595 0.265565 -0.86159 -0.369001 0.0633976 -0.927264 -0.342326 0.0348462 -0.938935 -0.342526 -0.00719423 -0.939481 -0.347827 -0.0128469 -0.937471 -0.347203 -0.0612188 -0.93579 -0.388644 -0.104962 -0.91539 -0.367304 0.114723 -0.922999 -0.384245 -0.182424 -0.905029 -0.427877 -0.213469 -0.878267 -0.461016 -0.316763 -0.82893 -0.523326 -0.364872 -0.770064 -0.557787 -0.442571 -0.702143 -0.734494 -0.642523 -0.218365 -0.757211 -0.627599 -0.180971 -0.874304 -0.456133 -0.165935 -0.897592 -0.428604 -0.103088 -0.874636 -0.481949 -0.0523133 -0.875832 -0.482607 -0.00309289 -0.780748 -0.624838 -0.00313529 -0.76843 -0.639932 -0.00174123 -0.824116 0.566419 -0.00128085 -0.819554 0.573 -0.0012939 -0.815864 0.57042 -0.0947974 -0.807538 0.580713 -0.103226 -0.744071 0.659735 -0.105395 -0.713516 0.632643 -0.301095 -0.341175 0.333834 -0.878723 -0.634115 0.712134 -0.301271 -0.612654 0.720401 -0.32508 -0.393548 0.495111 -0.774587 -0.334274 0.340725 -0.87873 -0.344956 0.274342 -0.897631 -0.197412 0.120917 -0.972835 -0.142119 0.0935804 -0.985416 -0.0859128 0.0369498 -0.995617 -0.0120074 0 -0.999928 -0.0273068 -0.0076546 -0.999598 -0.0338174 -0.0141616 -0.999328 -0.134939 -0.0646828 -0.98874 -0.237276 -0.169158 -0.956601 -0.294898 -0.196806 -0.935041 -0.369352 -0.293545 -0.881709 -0.356465 -0.385778 -0.850945 -0.370394 -0.400159 -0.838261 -0.413145 -0.676914 -0.609178 -0.436328 -0.721103 -0.538171 -0.566861 -0.789665 -0.234731 -0.590158 -0.781705 -0.201619 -0.731685 -0.65012 -0.204894 -0.7447 -0.654368 -0.13124 -0.743929 -0.660853 -0.0992089 -0.779526 -0.623861 -0.0560095 -0.749847 -0.661609 -0.00177131 -0.736945 -0.669816 -0.090878 -0.740006 -0.672598 -0.00182961 -0.810475 0.585773 -0.000256622 -0.739935 0.672678 -0.000270012 -0.736493 0.669548 -0.0963514 -0.671094 0.735084 -0.0963616 -0.661312 0.742678 -0.105335 -0.0940305 0.0941212 -0.99111 -0.275071 0.344498 -0.897584 -0.121104 0.1964 -0.973016 -0.0935107 0.140665 -0.985631 -0.584224 0.805019 -0.103089 -0.569647 0.784933 -0.243686 -0.428308 0.875129 -0.225168 -0.291576 0.880544 -0.373666 -0.282391 0.875461 -0.392203 -0.2766 0.444198 -0.852162 -0.266382 0.43125 -0.862012 0 0 -1 0 0 -1 0 0 -1 0 0 -1 0 0 -1 0 0 -1 0 0 -1 -0.0141711 -0.0141683 -0.999799 -0.0250872 -0.0360198 -0.999036 -0.16109 -0.171857 -0.971862 -0.156861 -0.282527 -0.946347 -0.178747 -0.326866 -0.928013 -0.265961 -0.398031 -0.877973 -0.296869 -0.519281 -0.801384 -0.176892 -0.906281 -0.38388 -0.302562 -0.921811 -0.242323 -0.326381 -0.910796 -0.252837 -0.182877 -0.475024 -0.86076 -0.385563 -0.90529 -0.178301 -0.557837 -0.804634 -0.203427 -0.599578 -0.78754 -0.142429 -0.616136 -0.782517 -0.0896788 -0.735183 -0.677867 -0.00126627 -0.607601 -0.792124 -0.0579697 -0.608622 -0.793455 -0.00281694 -0.621775 -0.783195 -0.00131564 -0.73923 0.673454 -0.000183117 -0.675866 0.737024 -0.000183134 -0.674231 0.73852 -0.000365773 -0.587203 0.809439 -0.000361625 -0.574813 0.818284 -0.00137152 -0.572307 0.814717 -0.0932804 -0.0379971 0.0857048 -0.995596 0 0.00981231 -0.999952 -0.186954 0.439528 -0.878558 -0.114893 0.366961 -0.923114 -0.0661841 0.368597 -0.92723 -0.03586 0.340392 -0.939599 -0.450273 0.888623 -0.087197 -0.437454 0.893815 -0.0986337 -0.324057 0.94033 -0.103767 -0.311512 0.944894 -0.100677 -0.168793 0.952892 -0.252004 -0.220947 0.856654 -0.466183 -0.322834 0.940917 -0.102237 -0.210413 0.844454 -0.492569 0 -0.0944313 -0.995531 -0.0249249 -0.119071 -0.992573 -0.0619478 -0.192141 -0.97941 -0.0575133 -0.41215 -0.909299 -0.0900502 -0.448035 -0.889469 -0.161751 -0.443939 -0.881337 -0.0950095 -0.896067 -0.433633 -0.134458 -0.91244 -0.386489 -0.144961 -0.983714 -0.106269 -0.144961 -0.983714 -0.106269 -0.302743 -0.947559 -0.102364 -0.311991 -0.945676 -0.0914272 -0.328573 -0.940145 -0.0903707 -0.401481 -0.91576 -0.0140127 -0.577282 -0.816387 -0.0160688 -0.577352 -0.816487 -0.00380406 -0.589806 -0.80754 -0.00277487 -0.566655 0.823954 -0.0013543 -0.451994 0.89202 -0.00144523 0.0130806 0.0130932 -0.999829 0.00876189 0.0273088 -0.999589 0.0130752 0.031618 -0.999415 0.00684645 0.340604 -0.940182 0.00860847 0.339768 -0.94047 -0.0884756 0.77081 -0.630892 0.0181141 0.773717 -0.633272 0.0138349 0.347103 -0.937725 -0.449378 0.893341 -0.00115724 -0.335985 0.941867 -0.0012201 -0.324534 0.945871 -0.00244134 -0.289931 0.957045 -0.00216653 -0.257701 0.966217 -0.00379687 -0.230337 0.973097 -0.00522312 -0.230282 0.972865 -0.0224304 -0.0814079 0.996558 -0.0156594 -0.0487523 0.997724 -0.0465756 -0.0794125 0.981003 -0.176994 0.00231801 0.984108 -0.177554 0.00592868 0.983674 -0.179861 0.0492993 0.968546 -0.243901 0.103889 0.833801 -0.542202 0.0543626 -0.0543518 -0.997041 0.0537396 -0.160236 -0.985615 0.0131416 -0.120404 -0.992638 0.0124087 -0.412802 -0.910736 0.0150592 -0.900037 -0.435554 0.0162011 -0.416971 -0.908776 0.0198444 -0.900801 -0.433779 0.0219244 -0.901851 -0.43149 0.0241628 -0.993925 -0.107372 -0.284025 -0.958817 0 -0.313301 -0.949647 -0.00356745 -0.145786 -0.989316 0 -0.145786 -0.989316 0 -0.380817 -0.924644 -0.00347352 -0.401404 -0.915894 -0.00349391 -0.401517 -0.915845 -0.00350208 0.165811 0.157275 -0.973535 0.0305239 0.0217894 -0.999297 0.013111 0.0130932 -0.999828 0.0605319 0.126517 -0.990116 0.163495 0.227571 -0.959938 0.0146863 0.345459 -0.938319 0.0572772 0.344929 -0.936879 0.100407 0.385461 -0.917245 0.128641 0.830301 -0.542266 -0.132073 0.99123 -0.00451023 -0.0814153 0.996649 -0.00787537 0.0173609 0.999818 -0.00790041 0.0173551 0.999486 -0.0269721 -0.000378711 0.998912 -0.0466311 0.000619122 0.998875 -0.0474234 0.00343958 0.998869 -0.0474231 0.0213318 0.999398 -0.0273446 0.110846 0.992787 -0.0456804 0.19075 0.974334 -0.119531 0.219518 0.966997 -0.129341 0.204472 0.858163 -0.4709 0.157243 -0.0538175 -0.986092 0.0544884 -0.0544145 -0.997031 0.090245 0 -0.99592 0.118209 -0.0141246 -0.992888 0.257199 -0.25685 -0.931599 0.245905 -0.341484 -0.907149 0.206937 -0.343147 -0.916203 0.0918963 -0.235609 -0.967493 0.0859376 -0.417163 -0.90476 0.0184925 -0.41864 -0.907964 0.131403 -0.4682 -0.873797 0.132905 -0.89575 -0.424226 0.0268093 -0.903443 -0.427869 0.0294864 -0.993659 -0.108499 0.0268835 -0.993918 -0.10679 0.0259034 -0.993944 -0.106792 0.0265566 -0.993962 -0.106466 0.0267084 -0.999643 0 0.0267084 -0.999643 0 -0.283001 -0.95912 0.000566687 -0.145786 -0.989316 0.000584529 0.395157 0.264476 -0.879718 0.323872 0.176008 -0.929585 0.277669 0.153211 -0.948381 0.194783 0.292633 -0.936176 0.294745 0.368543 -0.881647 0.382857 0.356291 -0.852336 0.189448 0.0609743 -0.979996 0.111694 0.0216632 -0.993507 0.180332 0.381068 -0.90679 0.215554 0.430648 -0.876401 0.237572 0.851586 -0.467291 0.0292449 0.999548 -0.00690954 0.0211521 0.999746 -0.00775838 0.021145 0.999413 -0.0269701 0.110958 0.993792 -0.00808928 0.265018 0.96424 -0.00241917 0.263623 0.959164 -0.102503 0.255007 0.966937 -0.00187172 0.373516 0.922372 -0.098571 0.385276 0.915948 -0.112261 0.363851 0.891467 -0.269999 0.31757 0.86825 -0.381172 0.416179 -0.0858648 -0.905219 0.232461 -0.0918445 -0.96826 0.409201 -0.012979 -0.912352 0.417632 -0.0207203 -0.90838 0.341031 -0.207866 -0.916782 0.339336 -0.246021 -0.907923 0.408578 0.0566791 -0.910962 0.350791 -0.256599 -0.900612 0.397436 -0.398801 -0.826439 0.256271 -0.352701 -0.899959 0.315209 -0.534572 -0.78414 0.209923 -0.487202 -0.847683 0.192487 -0.463463 -0.864957 0.200924 -0.914415 -0.35139 0.188491 -0.916719 -0.352276 0.20026 -0.973954 -0.106346 0.20026 -0.973954 -0.106347 0.201402 -0.979507 -0.001856 0.184752 -0.982785 0 -0.127983 -0.991751 0.00703096 -0.133593 -0.991012 0.00692126 0.0267083 -0.999641 0.00227671 0.0169817 -0.999831 0.0070425 0.0167988 -0.999834 0.00708826 0.398946 0.371831 -0.838203 0.679694 0.415263 -0.604626 0.518324 0.295693 -0.802437 0.474695 0.182182 -0.861089 0.440015 0.158752 -0.883847 0.443899 0.0889823 -0.891648 0.318302 0.462954 -0.827259 0.339994 0.490983 -0.802085 0.437814 0.536944 -0.721118 0.310465 0.950583 -0.0018369 0.375344 0.926884 -0.00168093 0.373587 0.927594 -0.00145402 0.468339 0.883547 -0.00161023 0.483921 0.875106 -0.00303129 0.483106 0.873631 -0.0581206 0.432988 0.895245 -0.105154 0.465829 0.884873 -0.00160474 0.457122 0.874342 -0.16299 0.625866 0.75948 -0.177431 0.645474 0.730154 -0.22414 0.893409 -0.133936 -0.428814 0.467428 -0.131713 -0.874164 0.89878 -0.021354 -0.43788 0.901222 -0.0262239 -0.432564 0.462645 -0.193277 -0.865219 0.894946 0.0946776 -0.436013 0.488968 -0.212688 -0.845975 0.534545 -0.315819 -0.783913 0.762318 -0.544816 -0.349353 0.595886 -0.597122 -0.536996 0.766726 -0.525931 -0.368142 0.525177 -0.767954 -0.366656 0.543225 -0.763784 -0.348626 0.447428 -0.860732 -0.242793 0.327076 -0.919628 -0.217497 0.333339 -0.937237 -0.102337 0.18017 -0.983633 0.00232468 0.031244 -0.999509 0.0023622 0.350671 -0.932397 -0.0875579 0.352021 -0.935986 -0.00321262 0.337864 -0.941193 -0.00170688 0.220316 -0.975427 -0.00176896 0.0168883 -0.999832 0.00713585 0.651429 0.728054 -0.21349 0.779674 0.58995 -0.209924 0.78558 0.572002 -0.235962 0.697653 0.424712 -0.576974 0.904375 0.178593 -0.387569 0.913099 0.315488 -0.258299 0.92043 0.299498 -0.251216 0.910952 0.133283 -0.390388 0.639347 0.768917 -0.00161034 0.623657 0.781692 -0.00305476 0.62245 0.78018 -0.0622454 0.65884 0.74514 -0.103421 0.655718 0.74539 -0.120114 0.973912 -0.201073 -0.105192 0.973235 -0.203187 -0.107376 0.915016 -0.191033 -0.355319 0.993802 -0.0289178 -0.10734 0.912783 -0.202958 -0.354452 0.993957 -0.0277632 -0.1062 0.983863 0.143951 -0.106263 0.984143 0.14285 -0.105151 0.85888 -0.449323 -0.245836 0.918345 -0.328727 -0.220412 0.80795 -0.578847 -0.110246 0.774476 -0.568446 -0.277589 0.881409 -0.461109 -0.102458 0.759056 -0.623363 -0.187756 0.621161 -0.760871 -0.187708 0.56689 -0.776006 -0.276497 0.458834 -0.882675 -0.101768 0.577113 -0.809293 -0.109476 0.450186 -0.887811 -0.0955253 0.452251 -0.891884 -0.00338119 0.447264 -0.894396 -0.0033599 0.359049 -0.933313 -0.00319928 0.783207 0.615263 -0.0896618 0.787473 0.599602 -0.142704 0.672365 0.73462 -0.0908803 0.803191 0.560941 -0.200573 0.906607 0.383898 -0.175176 0.947615 0.302574 -0.102348 0.938767 0.332177 -0.0915191 0.946001 0.310516 -0.0930727 0.647041 0.762453 -0.00159511 0.675157 0.737672 -0.00174694 0.982189 -0.187894 0 0.9818 -0.189917 -0.000225771 0.979344 -0.202194 -0.00164912 0.99961 -0.0279211 0 0.99961 -0.0279211 0 0.940037 -0.341068 -0.00158293 0.934406 -0.356195 -0.00320377 0.930915 -0.354864 -0.0864193 0.936461 -0.335211 -0.103319 0.989629 0.143647 0 0.989629 0.143647 0 0.950119 0.311868 -0.00356854 0.959239 0.282596 0 0.888439 -0.449284 -0.0939114 0.805306 -0.592853 -0.00260074 0.800064 -0.599905 -0.00333989 0.799534 -0.600612 -0.00341718 0.79808 -0.59952 -0.0603715 0.805221 -0.58363 -0.104859 0.892378 -0.451276 -0.00337716 0.884031 -0.467424 -0.00230861 0.775719 -0.63091 -0.0146168 0.628953 -0.777306 -0.0146129 0.596891 -0.79999 -0.061131 0.581297 -0.806919 -0.104761 0.598006 -0.801484 -0.00343443 0.590013 -0.80739 -0.00259417 0.468448 -0.883488 -0.00231091 0.781515 0.623886 -0.00121387 0.791994 0.610523 -0.00268251 0.790159 0.609108 -0.0680845 0.680459 0.732785 -0.0011797 0.915261 0.402323 -0.0208379 0.817906 0.574884 -0.0231793 0.915454 0.402408 -0.00345191 0.915533 0.402228 -0.00343864 0.999609 -0.027921 0.00167739 0.999444 -0.0332806 0.00177219 0.982837 -0.184468 0.00174274 0.933388 -0.358855 -0.0031987 0.894452 -0.447152 -0.00335955 0.999815 -0.0180895 0.00649577 0.989627 0.143647 0.00175285 0.990876 0.134622 0.00643769 0.960138 0.279521 0.00170061 0.784625 -0.619961 -0.00335346 0.776179 -0.630498 -0.00432731 0.775794 -0.630971 -0.0043729 0.630699 -0.776015 -0.00437286 0.629015 -0.777381 -0.00437766 0.617969 -0.786195 -0.00336085 0.600041 -0.799962 -0.0034197 0.800058 0.599917 -0.00261612 0.8083 0.588766 -0.00259143 0.81812 0.575035 -0.00372669 1 0 0 1 0 0 1 0 0 1 0 0 1 0 0 1 0 0 1 0 0 1 0 0 1 0 0 1 0 0 1 0 0 1 0 0 1 0 0 1 0 0 1 0 0 1 0 0 1 0 0 1 0 0 1 0 0 1 0 0 1 0 0 1 0 0 0.960319 0.0764086 0.268234 0.963134 0 0.269021 0.963134 0 0.269021 0.964169 -0.00132218 0.265286 0.958078 0.0884456 0.272514 0.924768 0.00159774 0.380529 0.925863 0 0.37786 0.925863 0 0.37786 0.95689 0.0942447 0.274734 0.94328 0.149803 0.296281 0.921635 0.213471 0.324068 0.892603 0.26145 0.367293 0.971368 -0.0129259 0.237227 0.976773 -0.020559 0.213286 0.924768 -0.00159973 0.380529 0.89272 -0.260982 0.367341 0.96476 -0.117151 0.235613 0.89033 0.266242 0.369362 0.896331 0.0756798 0.436879 0.898908 0.00155306 0.438135 0.898297 0 0.439388 0.898297 0 0.439388 0.0179667 0.999264 0.033884 0.0852303 0.992352 0.0892906 0.0937025 0.990964 0.0959663 0.337837 0.910338 0.239062 0.486329 0.818078 0.306973 0.860041 0.360386 0.36118 0 1 0 0 1 0 0 1 0 0 1 0 0 1 0 0 1 0 0 1 0 0 1 0 0 1 0 0 1 0 0 1 0 0 1 0 0 1 0 0 1 0 0 1 0 0 1 0 0 1 0 0 1 0 0 1 0 0 1 0 0 1 0 0 1 0 0 1 0 0 1 0 0 1 0 0 1 0 0.863958 0.348965 0.363041 0.982747 -0.0330745 0.181972 0.99459 -0.0498976 0.0911083 0.995788 -0.0495225 0.0771633 0.977897 -0.104549 0.181074 0.898908 -0.00155499 0.438135 0.896344 -0.0754966 0.436885 0.890473 -0.265721 0.369393 0.975176 -0.190872 0.112245 0.863958 -0.348965 0.363041 0.705436 -0.646536 0.290434 0.540644 -0.825829 0.160344 0.579929 0.707058 0.404662 0.584671 0.695129 0.418277 0.764985 0.0978763 0.636567 0.781485 0.0388567 0.622713 0.800057 0.0027106 0.599917 0.869224 0.00294494 0.494409 0.869228 0 0.494412 0.869228 0 0.494412 0.0143042 0.99942 0.0309071 0.062892 0.989456 0.13047 0.113068 0.977191 0.179758 0.113827 0.983749 0.138859 0.093686 0.990789 0.0977743 0.0122585 0.999491 0.0294408 0.343464 0.864727 0.366442 0.416911 0.835121 0.35883 0.42132 0.83487 0.354234 0.422875 0.843477 0.331246 0.483525 0.813362 0.32349 0.0205425 0.999774 -0.00547745 0.00672792 0.999963 -0.00540091 0.00530825 0.999973 -0.00513734 0.00503566 0.999974 -0.00508093 0 0.999993 -0.00374393 0 0.999993 -0.00374393 0.977436 -0.191314 0.0895369 0.996925 -0.0505168 0.0599129 0.974392 -0.212871 0.0724346 0.997636 -0.0537032 0.0428822 0.869224 -0.00293776 0.494409 0.800057 -0.00270401 0.599917 0.781488 -0.0387622 0.622715 0.765048 -0.097494 0.63655 0.584224 -0.696287 0.416973 0.579929 -0.707058 0.404662 0.505755 -0.850278 0.145735 0.509096 -0.855895 0.0909171 0.485531 -0.8115 0.325157 0.494008 -0.825668 0.272449 0.393771 -0.90384 0.167388 0.395035 -0.906742 0.147536 0.475825 0.709732 0.519492 0.684536 0.111423 0.720414 0.693733 0.098456 0.713471 0.782076 0 0.623183 0.782076 0 0.623183 0.69712 0 0.716955 0.69712 0 0.716955 0.80006 0 0.59992 0.80006 0 0.59992 0.0105176 0.999557 0.0278614 0.00806475 0.925995 0.377451 0.0360295 0.914707 0.402508 0.0580804 0.913756 0.40209 0.00870596 0.999618 0.0262366 0.117695 0.88113 0.457992 0.212566 0.86702 0.450658 0.221926 0.88859 0.401443 0.270551 0.857208 0.438174 0.336174 0.838593 0.428659 0.388593 0.781109 0.488737 -3.7094e-05 0.999993 -0.00372385 0.441072 0.8404 -0.314935 0.432818 0.846503 -0.310003 0.208294 0.96497 -0.159519 0.0205402 0.999663 -0.0158711 0.00806132 0.999946 -0.00651244 0.159032 0.974054 -0.161021 0.00746453 0.999923 -0.00992992 0.00692794 0.928044 -0.372405 0.0018571 0.928065 -0.372414 0 0.928729 -0.37076 0 0.928729 -0.37076 0.21178 -0.975936 0.0519348 0.0483756 -0.998678 0.0173783 0.0226309 -0.99968 0.0113042 0.00681848 -0.999954 0.00681171 0.00269371 -0.999982 0.00539316 0.00217993 -0.999985 0.00509472 0 -1 0 0 -1 0 0 -1 0 0 -1 0 0 -1 0 0 -1 0 0 -1 0 0 -1 0 0 -1 0 0 -1 0 0 -1 0 0 -1 0 0 -1 0 0 -1 0 0 -1 0 0 -1 0 0 -1 0 0.693759 -0.0980721 0.713499 0.684494 -0.111093 0.720504 0.474509 -0.710925 0.519064 0.415899 -0.835173 0.359879 0.422279 -0.834811 0.353231 0.423648 -0.842322 0.33319 0.276298 -0.945003 0.175011 0.111995 -0.989189 0.0946713 0.0348108 -0.999243 0.0173881 0.40467 0.615408 0.676399 0.48574 0.209673 0.848583 0.520037 0.132304 0.843835 0.562363 0.0765598 0.823339 0.665397 0.0790559 0.742292 0.667486 0 0.744623 0.667486 0 0.744623 0.000995137 0.999834 0.018166 0 0.928729 0.37076 0.00753181 0.925998 0.377452 0 0.999851 0.0172658 0 0.999851 0.0172658 0.0176397 0.467151 0.884002 0.0310737 0.455225 0.889834 0.0658927 0.454455 0.888329 0.126735 0.39734 0.908878 0.147253 0.396204 0.906278 0.257483 0.818908 0.512925 0.235868 0.299146 0.924596 0.28998 0.800939 0.52384 -0.000181781 0.999993 -0.00365025 -0.0101435 0.999949 0 -0.0101435 0.999949 0 -0.0100864 0.999949 -1.74155e-05 -0.00919669 0.999958 -0.000296463 -0.00876908 0.999961 -0.00043475 -0.00771131 0.99997 -0.0007769 -0.00538719 0.999984 -0.00155775 -0.0042364 0.999989 -0.00196234 -0.00307999 0.999992 -0.00237034 -0.00283835 0.999993 -0.00246499 -0.00257651 0.999993 -0.00256775 -0.00113819 0.999994 -0.00319581 -1 0 0 -1 0 0 -1 0 0 -1 0 0 -1 0 0 -1 0 0 -1 0 0 -1 0 0 -1 0 0 -1 0 0 -1 0 0 -1 0 0 -1 0 0 -1 0 0 -1 0 0 -1 0 0 -1 0 0 -1 0 0 -1 0 0 -1 0 0 -1 0 0 -1 0 0 -1 0 0 0.794679 0.287838 -0.534447 0.640523 0.624891 -0.446364 0.451683 0.831797 -0.32264 0.44071 0.838623 -0.320136 0.421022 0.801159 -0.425305 0.407424 0.800924 -0.438778 0.2329 0.852898 -0.467251 0.148493 0.909502 -0.388272 0.0295061 0.919298 -0.392454 0.0524324 0.466581 -0.882923 0.008822 0.467205 -0.884105 0.0043986 0.471093 -0.882073 0.000121779 0.471098 -0.882081 0 0.473176 -0.880968 0.0949346 -0.990955 0.0948404 0.0948961 -0.990553 0.0989884 0.0037544 -0.999965 0.00751682 0 -0.999992 0.00404005 0 -0.999992 0.00404005 0.0011595 -0.999989 0.00456526 0.00217397 -0.999985 0.00509129 0.00870742 -0.999712 0.0223535 0.00806163 -0.925569 0.378494 0.00755265 -0.925572 0.378496 0 -0.928316 0.371791 0 -0.999997 -0.00229787 0 -0.999997 -0.00229787 0.0035333 -0.999988 -0.00352981 0.00353781 -0.999988 -0.00353124 0.00486033 -0.999981 -0.0038651 0.665405 -0.0788935 0.742302 0.56237 -0.0764025 0.823349 0.520056 -0.132035 0.843865 0.485769 -0.209291 0.848661 0.405829 -0.612118 0.678686 0.390153 -0.779961 0.489328 0.337154 -0.838281 0.428499 0.344362 -0.863995 0.367325 0.115015 -0.983442 0.140045 0.260918 0.244172 0.933971 0.357274 0.134905 0.924205 0.426834 0.143971 0.892796 0.524649 0 0.851319 0.524649 0 0.851319 0.431328 0 0.902195 0.431328 0 0.902195 0.564018 0 0.825762 0.564018 0 0.825762 -0.00171292 0.92341 0.383811 -0.000250158 0.99986 0.0167173 -0.00336322 0.999941 0.010374 -0.00464512 0.999957 0.0080715 -0.00519792 0.999961 0.0070795 -0.00706889 0.999967 0.00407195 -0.00812769 0.999964 0.00253825 -0.00992615 0.999951 0.000264997 -0.0100776 0.999949 7.48932e-05 -0.00193102 0.921738 0.387809 -0.00214549 0.902406 0.430881 0.000427692 0.467223 0.884139 -0.00497901 0.00995751 0.999938 0.0348978 0.00995156 0.999341 -0.0044997 0.428187 0.903679 0.0398765 0.00497632 0.999192 0.138103 0.00493256 0.990406 0.138103 0.00493257 0.990406 0.269059 0.00479663 0.963112 0.821816 0.0835508 -0.563594 0.802197 0.0340897 -0.596085 0.547614 0.0350063 -0.835998 0.383461 0.232591 -0.893789 0.376503 0.249635 -0.892148 0.821952 0.0797536 -0.563945 0.248918 0.412867 -0.876117 0.0986236 0.424206 -0.900179 0.00997748 0.00995713 -0.999901 0.108903 0.0098984 -0.994003 0.00498654 0.00497637 -0.999975 0.000325533 0.00497643 -0.999988 0 0.0113018 -0.999936 0 0.469462 -0.882953 0.114243 -0.976842 0.180908 0.062892 -0.989456 0.13047 -0.00192415 -0.922315 0.386434 -0.00210885 -0.921793 0.387676 -0.00480079 -0.999988 0 -0.00480079 -0.999988 0 -0.00478817 -0.999989 8.27902e-06 -0.00378582 -0.999993 0.000706687 -0.00274612 -0.999995 0.00149242 -0.00184177 -0.999996 0.00226038 -0.000627639 -0.999994 0.00339119 -9.79187e-05 -0.999992 0.00393242 0.0580198 -0.912802 0.40426 0.0373071 -0.913706 0.40466 0.0310917 -0.454213 0.89035 0.0176505 -0.466127 0.884542 0.0664812 -0.453427 0.88881 -0.00201392 -0.914555 0.404457 0.000947489 -0.466199 0.884679 -2.29625e-05 -0.999997 -0.00228954 0.00746453 -0.999923 -0.00992928 0.0049859 -0.999975 -0.00498096 0 -0.928316 -0.371791 0.00186225 -0.927649 -0.373448 0.00692484 -0.927629 -0.37344 0.0049859 -0.999975 -0.00497664 0.00796674 -0.999947 -0.00646552 0.0269847 -0.999419 -0.020802 0.426851 -0.143711 0.89283 0.357286 -0.134661 0.924236 0.260946 -0.243748 0.934074 0.235826 -0.298815 0.924714 0.257586 -0.817915 0.514455 0.290315 -0.799797 0.525397 0.270551 -0.857208 0.438174 0.222802 -0.888068 0.402114 0.273511 0 0.961869 0.273511 0 0.961869 0.36057 0 0.932732 0.36057 0 0.932732 -0.00233124 0.91896 0.394344 -0.0065993 0.413231 0.910602 -0.00724677 0.00769053 0.999944 0.039877 0 0.999205 0.039877 0 0.999205 -0.00756397 0.00497757 0.999959 -0.00756406 0 0.999971 -0.00756406 0 0.999971 0.138105 0 0.990418 0.138105 0 0.990418 0.824576 0.0028176 -0.565745 0.802664 0 -0.596432 0.802664 0 -0.596432 0.824405 0 -0.566001 0.824405 0 -0.566001 0.54795 0 -0.836511 0.54795 0 -0.836511 0.394274 0 -0.918993 0.394274 0 -0.918993 0.118677 0 -0.992933 0.118677 0 -0.992933 0.0049866 0 -0.999988 0.0049866 0 -0.999988 0.000582075 0 -1 0.000582075 0 -1 0.000209044 0.00319567 -0.999995 0.213094 -0.865727 0.452888 0.117928 -0.879896 0.460301 -0.00451217 -0.422868 0.90618 -0.00583817 -0.413411 0.910526 -0.00482927 -0.999988 -3.37262e-05 -0.0760284 -0.997005 -0.014139 -0.0385394 -0.999228 -0.00766855 -0.00589152 -0.999982 -0.00117229 0.147251 -0.395732 0.906484 0.126763 -0.396866 0.909081 0.0398765 -0.00498252 0.999192 0.0348978 -0.00996396 0.999341 0.138103 -0.00493871 0.990406 0.138103 -0.00493871 0.990406 -0.00497901 -0.00996991 0.999938 -0.000547906 -0.999998 -0.00212156 -0.0357558 -0.927058 -0.37321 -0.00185903 -0.927649 -0.373448 -0.00169753 -0.999997 -0.00180264 -0.00185282 -0.999997 -0.00176777 -0.00332612 -0.999993 -0.00150635 0.160184 -0.973675 -0.162168 0.0295599 -0.918841 -0.39352 0.149529 -0.908908 -0.389266 0.209752 -0.964469 -0.160635 -0.00439372 -0.470062 -0.882622 -0.00439713 -0.470065 -0.882621 0.00440133 -0.470065 -0.882621 0.0088274 -0.466181 -0.884645 0.0524527 -0.465558 -0.883462 0.432455 -0.846735 -0.309877 0.269058 -0.00480261 0.963112 -0.00756397 -0.00498377 0.999959 -0.00724677 -0.00770011 0.999944 0.802199 -0.0340123 -0.596087 0.824576 -0.00282116 -0.565745 0.821964 -0.0795735 -0.563953 0.547616 -0.0349268 -0.836001 0.383508 -0.23209 -0.893899 0.108903 -0.00991073 -0.994003 0.37679 -0.248537 -0.892333 0.248865 -0.411916 -0.876579 0.0986739 -0.423221 -0.900637 0.00498654 -0.00498257 -0.999975 0.00997748 -0.00996954 -0.999901 0.00025613 -0.00498263 -0.999988 -0.00663394 -0.40253 0.915383 -0.0752812 -0.987207 -0.140552 -0.0750127 -0.986759 -0.143807 -0.0400061 -0.925344 -0.377011 -0.0351294 -0.599306 -0.799749 -0.0162802 -0.470005 -0.882514 -0.036463 -0.613399 -0.788931 0.232901 -0.852897 -0.467252 0.408997 -0.800307 -0.438441 0.422069 -0.800518 -0.425474 0.441653 -0.837662 -0.32135 0.433125 -0.846202 -0.310396 -0.00497617 -0.0476071 -0.998854 -0.000457037 -0.00889786 -0.99996 0.451805 -0.831336 -0.323657 0.510872 -0.779814 -0.3618 0.802461 -0.257272 -0.538393 0.640371 -0.625048 -0.446362 -0.0182371 -0.149492 -0.988595 -0.0179681 -0.145806 -0.98915 -0.00147596 0 -0.999999 0 0 -1 0 0 -1 0 0 -1 0 0 -1 0 0 -1 0 0 -1 0 0 -1 0 0 -1 -0.00245816 -0.000982951 -0.999996 -0.0139493 -0.00645598 -0.999882 -0.0535638 -0.0225186 -0.998311 -0.0744969 -0.0301603 -0.996765 0 1 0 0 1 0 0 1 0 0 1 0 0 1 0 0 1 0 0 1 0 0 1 0 0 1 0 0 1 0 0 1 0 0 1 0 0 1 0 0 1 0 0 1 0 0 1 0 0 1 0 0 1 0 0 1 0 0 1 0 0 1 0 0 1 0 0 1 0 0 1 0 0 1 0 0 1 0 0 1 0 -0.0064619 -0.00645647 -0.999958 -0.351116 -0.297094 -0.887949 -0.113046 -0.0523238 -0.992211 -0.00971319 -0.0129542 -0.999869 -0.302365 -0.305666 -0.902853 -0.126653 -0.0522373 -0.990571 -0.17573 -0.0693091 -0.981996 0.00429859 0.0131469 -0.999904 0.00214947 0.00509691 -0.999985 -0.00965496 -0.110095 -0.993874 0 -0.100557 -0.994931 -0.271949 -0.456285 -0.847259 -0.284139 -0.469261 -0.836098 -0.476695 -0.508663 -0.716955 -0.457981 -0.39246 -0.797639 -0.362985 -0.301435 -0.881691 -0.52976 -0.265723 -0.805447 -0.530896 -0.258105 -0.807175 -0.477657 -0.220008 -0.850553 -0.400233 -0.17745 -0.899069 -0.130986 -0.346225 -0.928962 -0.260642 -0.457122 -0.850356 0.0458799 0.111725 -0.99268 0.0701075 0.135584 -0.988282 0.0705786 0.0717394 -0.994923 0.00214949 0.00322835 -0.999992 0.00107475 0.00107612 -0.999999 -0.112837 -0.588962 -0.800244 0.00428133 -0.104795 -0.994485 0.0617697 -0.217753 -0.974047 0.0510076 -0.591976 -0.80434 0.00107627 -0.00107612 -0.999999 0.00430491 -0.00753258 -0.999962 -0.226715 -0.614779 -0.755411 -0.283953 -0.682606 -0.673364 -0.342644 -0.696932 -0.629985 -0.58065 -0.788925 -0.201103 -0.655746 -0.69644 -0.291492 -0.516556 -0.83363 -0.195529 -0.724993 -0.650259 -0.227043 -0.772975 -0.59348 -0.22426 -0.777131 -0.584611 -0.233018 -0.597153 -0.416052 -0.685791 -0.568106 -0.295306 -0.768147 -0.597824 -0.295025 -0.745364 -0.547004 -0.266509 -0.793574 -0.14696 -0.624362 -0.767186 0.208374 0.467453 -0.859109 0.389534 0.470263 -0.791907 0.401583 0.45873 -0.792652 0.415071 0.37153 -0.83047 0.167761 0.116935 -0.978868 0.0761084 0.0717101 -0.994518 0.249382 0.494461 -0.832657 0.00969447 0.00537528 -0.999939 0.00107879 0.00107612 -0.999999 0.0688147 -0.609939 -0.789455 0.0409815 -0.984792 -0.168833 -0.085856 -0.981981 -0.168351 0.119822 -0.122986 -0.985148 0.116277 -0.269312 -0.956008 0.235812 -0.503301 -0.831313 0.211707 -0.59753 -0.773394 0.00214648 -0.0010731 -0.999997 0.0021495 -0.00107612 -0.999997 0.0128957 -0.00645607 -0.999896 0.129032 -0.122843 -0.984002 -0.125022 -0.985335 -0.116126 -0.151411 -0.981677 -0.115694 -0.414608 -0.909373 -0.0337861 -0.502199 -0.85412 -0.135185 -0.239736 -0.970448 -0.0275348 -0.506851 -0.862033 0 -0.506851 -0.862033 0 -0.59276 -0.805379 0 -0.59276 -0.805379 0 -0.744434 -0.667696 0 -0.744434 -0.667696 0 -0.793177 -0.608991 0 -0.793177 -0.608991 0 -0.838064 -0.545571 0 -0.840045 -0.541876 -0.026381 -0.841017 -0.525995 -0.126569 -0.837323 -0.521569 -0.163881 -0.730377 -0.376659 -0.569804 -0.715875 -0.363359 -0.596232 -0.689552 -0.345318 -0.636611 -0.643981 -0.317876 -0.695876 0.38951 0.473223 -0.790154 0.720826 0.685198 -0.104471 0.730448 0.672274 -0.120384 0.590782 0.51081 -0.62454 0.378273 0.876982 -0.296331 0.561922 0.820976 -0.101209 0.562614 0.820518 -0.101073 0.564195 0.397404 -0.723708 0.514038 0.353491 -0.781543 0.537731 0.205987 -0.817566 0.455249 0.105612 -0.884078 0.457259 0.0490292 -0.887981 0.427939 0.00485845 -0.903795 0.428273 -0.000369312 -0.903649 0.133511 -0.980839 -0.14188 0.0625778 -0.98776 -0.142881 0.238688 -0.634276 -0.735338 0.0632266 -0.997999 0 0.0632266 -0.997999 0 -0.125873 -0.992046 0 -0.125873 -0.992046 0 0.430448 -0.476661 -0.766492 0.417836 -0.488774 -0.765842 0.258973 -0.519634 -0.814195 0.205474 -0.160017 -0.965492 0.442272 -0.404941 -0.800261 0.286018 -0.648039 -0.705861 0.429481 -0.00187018 -0.903074 0.430144 -0.00304648 -0.902755 0.430066 -0.00582901 -0.902779 0.465204 -0.0559619 -0.883433 0.461003 -0.145095 -0.875456 -0.239826 -0.970816 0 -0.239826 -0.970816 0 -0.414845 -0.909892 0 -0.414845 -0.909892 0 -0.501549 -0.853016 0.144265 -0.517164 -0.827444 0.21881 -0.578546 -0.784081 0.224727 -0.593732 -0.804662 0.000749963 -0.744434 -0.667696 0.000622319 -0.747135 -0.664664 0.00334437 -0.793159 -0.609005 0.00337031 -0.793173 -0.608987 0.00335214 -0.838483 -0.544917 0.00354366 -0.83817 -0.54541 0.000203339 -0.840015 -0.542563 0.000609273 -0.840337 -0.542064 0.000609639 -0.840738 -0.541442 0.000746877 -0.846482 -0.532417 0.000756728 -0.855495 -0.517809 -0.00125525 -0.850075 -0.514529 -0.112397 -0.876535 -0.468826 -0.109037 -0.904788 -0.326684 -0.273196 0.56551 0.824741 0 0.56551 0.824741 0 0.724792 0.688968 0 0.724792 0.688968 0 0.766576 0.642154 0 0.766576 0.642154 0 0.764465 0.640385 -0.0741616 0.867715 0.492169 -0.0695751 0.907417 0.368549 -0.201908 0.902306 0.339338 -0.265884 0.900995 0.290269 -0.322416 0.80629 0.228337 -0.545673 0.665745 0.0947608 -0.740138 0.632318 0 -0.774709 0.629177 -0.00273982 -0.777257 0.210885 -0.975414 -0.0639914 0.408458 -0.791861 -0.454002 0.450116 -0.872961 -0.187977 0.340479 -0.937084 -0.0771236 0.211318 -0.977417 0 0.211318 -0.977417 0 -0.0788294 -0.975069 0.207428 -0.124694 -0.982749 0.136589 0.0622716 -0.982927 0.17314 0.0380931 -0.977403 0.207925 0.52287 -0.38989 -0.758019 0.56845 -0.428833 -0.702116 0.592788 -0.525687 -0.610128 0.726183 -0.68291 -0.0793255 0.721387 -0.688891 -0.0709285 0.54595 -0.835024 -0.0683636 0.459242 -0.872218 -0.168321 0.549794 -0.24987 -0.797052 0.627997 -0.0044477 -0.778203 0.665514 -0.100531 -0.739584 0.83485 -0.260025 -0.485193 -0.138862 -0.980883 0.13633 -0.239723 -0.970396 0.0294208 -0.414574 -0.909299 0.0360993 -0.284559 -0.808429 0.515237 -0.447576 -0.774139 0.447644 -0.182124 -0.850226 0.493909 -0.250622 -0.818616 0.516775 -0.460015 -0.756915 0.464182 -0.510469 -0.698888 0.500975 -0.526657 -0.689239 0.497575 -0.604839 -0.657499 0.449295 -0.645611 -0.69422 0.31819 -0.724769 -0.644767 0.242869 -0.769966 -0.591197 0.240079 -0.77748 -0.573582 0.257932 -0.841618 -0.510872 0.175185 -0.841954 -0.511274 0.172374 -0.845487 -0.530906 0.0573535 -0.845228 -0.531627 0.0544319 -0.840633 -0.541375 0.015792 -0.839959 -0.542527 0.0115785 -0.881262 -0.469389 0.0552356 -0.882609 -0.470106 -0.00124475 -0.882541 -0.470234 -0.00125916 -0.877549 -0.467574 -0.106221 0.560851 0.827916 0.00078986 0.556924 0.82212 0.11813 0.719354 0.683798 0.122271 0.763839 0.639861 0.084431 0.727507 0.671913 0.138806 0.869823 0.493364 0 0.869823 0.493364 0 0.926498 0.376299 0 0.926498 0.376299 0 0.964937 0.26248 0 0.964937 0.262481 0 0.936852 0.254841 -0.239508 0.999765 0 -0.0216745 0.999765 0 -0.0216745 0.99575 0.0814457 -0.0429999 0.999803 -0.00234439 -0.0197217 0.99317 -0.10945 -0.0404139 0.950408 -0.247588 -0.188214 0.898736 -0.299535 -0.320238 0.341496 -0.939883 0 0.341496 -0.939883 0 0.46589 -0.884843 0 0.46589 -0.884843 0 0.12266 -0.977401 0.172167 0.210761 -0.974837 0.0726152 -0.0744965 -0.861892 0.50159 -0.0951066 -0.865922 0.491055 0.045953 -0.864252 0.500956 0.0442445 -0.863447 0.502495 -0.117346 -0.858713 0.49884 0.15354 -0.854907 0.49554 0.900195 -0.352979 -0.25506 0.905622 -0.389533 -0.16767 0.864824 -0.500215 -0.043172 0.747828 -0.662302 -0.045928 0.748618 -0.663002 0 0.748618 -0.663002 0 0.723208 -0.69063 0 0.723208 -0.69063 0 0.54723 -0.836982 0 0.54723 -0.836982 0 0 0 1 0 0 1 0 0 1 0 0 1 0 0 1 0 0 1 0 0 1 0 0 1 0 0 1 0 0 1 0 0 1 0 0 1 0 0 1 0 0 1 0 0 1 0 0 1 0 0 1 0 0 1 0 0 1 0 0 1 0 0 1 0 0 1 0 0 1 0 0 1 0 0 1 0 0 1 0 0 1 0 0 1 0 0 1 0 0 1 0 0 1 0 0 1 0 0 1 0 0 1 0 0 1 0 0 1 0 0 1 -0.616667 -0.634662 0.465752 -0.657059 -0.575843 0.486497 -0.731736 -0.515342 0.446077 -0.734304 -0.503521 0.455263 -0.763244 -0.401282 0.506391 -0.934786 -0.19416 0.297452 -0.897334 -0.410888 0.161132 -0.706474 -0.320411 0.631056 -0.612329 -0.204556 0.763682 -0.58679 -0.17431 0.790755 -0.906072 -0.414889 0.0830732 0.305918 0.93742 0.166309 0.371619 0.869479 0.325432 0.375002 0.865772 0.331379 0.378009 0.862909 0.335406 0.545738 0.667567 0.506481 0.557558 0.653727 0.511634 0.566658 0.647447 0.509618 0.661654 0.599063 0.45093 0.712816 0.474839 0.51616 0.749476 0.403926 0.524528 0.811444 0.363014 0.458017 0.894181 0.333762 0.298402 0.903733 0.367053 0.220317 0.870463 0.485859 0.0789676 0.873179 0.487375 0.00492113 0.926486 0.376294 0.00522157 0.926486 0.376294 0.00522157 0.962328 0.271838 0.00542357 0.996672 0.0815211 0 0.996672 0.0815211 0 1 0 0 1 0 0 0.999997 -0.00234485 0 0.999997 -0.00234485 0 0.993982 -0.109539 0 0.993982 -0.109539 0 0.967703 -0.252094 0 0.967703 -0.252094 0 0.918627 -0.395126 0 0.918627 -0.395126 0 0.356814 -0.934135 0.00870651 0.355405 -0.930448 0.0891827 0.465874 -0.884813 0.0082468 0.449207 -0.87097 0.19906 0.412488 -0.799222 0.437148 0.21777 -0.823054 0.524555 0.865631 -0.500682 0 0.865631 -0.500682 0 0.747676 -0.662167 0.0501588 0.724634 -0.683445 0.0883643 0.720853 -0.688381 0.080643 0.535623 -0.840897 0.0774673 0.537217 -0.8434 0.00864907 0.466707 -0.884366 0.00906917 -0.56215 -0.147606 0.813757 -0.496822 -0.0770627 0.864424 -0.434259 -0.00669876 0.900763 -0.43395 -0.00634982 0.900915 -0.432993 -0.00511377 0.901383 -0.37995 0.0653101 0.922699 -0.343519 0.128618 0.930297 -0.29557 0.249619 0.922133 -0.266788 0.376159 0.887315 0.83642 0.337195 0.43209 0.885831 0.289604 0.362537 0.890308 0.292667 0.348853 0.92699 0.261856 0.268554 0.995589 0.0814326 0.0465902 0.999724 0 0.023487 0.999724 0 0.023487 0.999769 -0.00234431 0.021371 0.992694 -0.112204 0.0443654 0.993672 -0.112314 0.00140069 0.967702 -0.252093 0.00136409 0.96668 -0.255955 0.00408669 0.91909 -0.394029 0.0038855 0.918624 -0.395125 0.00258864 0.459549 -0.870802 0.174695 0.655393 -0.607185 0.449207 0.484246 -0.685725 0.543404 0.456151 -0.710532 0.53579 0.867489 -0.49745 0.00244454 0.86653 -0.4969 0.0470756 0.727503 -0.424804 0.538778 0.904173 -0.387634 0.179475 0.893931 -0.344528 0.286684 0.789036 -0.378713 0.483735 0.743917 -0.402579 0.533402 0.876046 0.22519 0.426418 0.877827 0 0.478977 0.946126 -0.250513 0.205156 0.87358 -0.0128779 0.48651 0.877766 -0.204158 0.433414 0.880752 -0.273717 0.386465 0.883457 -0.296152 0.36304 0.889565 -0.299897 0.344581 -0.998854 -0.0442024 0.0183594 -0.991819 0.126342 0.0182301 0 0 -1 0 0 -1 0 0 -1 0 0 -1 0 0 -1 0 0 -1 0 0 -1 0 0 -1 0 0 -1 0 0 -1 0 0 -1 0 0 -1 0 0 -1 0 0 -1 0 0 -1 0 0 -1 0 0 -1 0 0 -1 0 0 -1 0 0 -1 0 0 -1 0 0 -1 0 0 -1 0 0 -1 0 0 -1 0 0 -1 0 0 -1 0 0 -1 0 0 -1 0 0 -1 0 0 -1 0 0 -1 0 0 -1 0 0 -1 0 0 -1 0 0 -1 0 0 -1 0 0 -1 0 0 -1 0 0 -1 0 0 -1 -0.997377 -0.0695026 0.0202193 -0.997863 -0.061796 0.02125 -0.887235 0.0721084 0.455647 -0.910848 0.140062 0.38825 -0.988051 0.151933 0.0259059 -0.902657 -0.0559001 0.426714 -0.889288 -0.0242958 0.456702 -0.945074 0.325917 0.0247791 -0.9845 -0.174245 0.0199583 -0.958384 -0.283406 0.0343735 -0.916479 -0.271015 0.294308 -0.892585 -0.158896 0.421953 -0.36157 -0.00987826 0.932293 -0.352621 -0.000416289 0.935766 -0.352577 0.0158698 0.935648 -0.37791 0.0427859 0.924853 -0.373613 0.156198 0.914339 -0.460229 0.24014 0.854706 -0.891361 0.247221 0.379944 -0.905961 0.33594 0.257642 -0.91461 0.379963 0.138264 -0.922585 0.383277 0.0439922 -0.416671 -0.123806 0.900587 -0.360808 -0.0656232 0.930328 -0.868809 0.493788 0.0366671 -0.886945 0.459877 0.0429116 -0.956414 -0.290134 0.0330914 -0.930911 -0.363824 0.032209 -0.892649 -0.448929 0.0405045 -0.88752 -0.446349 0.114376 -0.912838 -0.284245 0.293139 -0.434865 -0.290072 0.852496 -0.404768 -0.266045 0.874862 -0.0953147 -0.0700425 0.99298 -0.0458853 -0.04544 0.997913 -0.000889354 -0.000444862 1 -0.033915 0.0169491 0.999281 0 0 1 0 0 1 0 0 1 0 0 1 0 0 1 0 0 1 0 0 1 -0.182172 0.165574 0.969226 -0.181009 0.199486 0.963037 -0.211001 0.263117 0.941408 -0.358854 0.376161 0.854241 -0.442041 0.361492 0.820928 -0.462247 0.379269 0.80155 -0.51066 0.62152 0.594086 -0.5694 0.748388 0.340146 -0.692689 0.720227 0.0381535 -0.850152 0.525428 0.0341581 -0.300709 -0.277478 0.912458 -0.892632 -0.448964 0.0404986 -0.785768 -0.617161 0.0409996 -0.780309 -0.612874 0.124517 -0.721678 -0.662504 0.200669 -0.484752 -0.423941 0.765042 -0.293821 -0.35551 0.887289 -0.0454427 -0.0454409 0.997933 -0.287153 -0.362078 0.886816 -0.158037 -0.373247 0.914172 -0.138981 -0.359595 0.9227 -0.0447736 -0.176734 0.98324 -0.0191769 0.0383523 0.99908 -0.0179155 0.358492 0.933361 -0.0438531 0.383267 0.922596 -0.192085 0.376492 0.906287 -0.204034 0.393332 0.896471 -0.374954 0.444049 0.813775 -0.220739 0.901895 0.371294 -0.367082 0.907715 0.203234 -0.471952 0.85352 0.220828 -0.483536 0.874468 0.0387092 -0.626835 0.779107 0.00841805 -0.648639 0.760973 0.0136721 -0.782919 -0.620829 0.0401154 -0.740257 -0.671379 0.0356443 -0.710188 -0.702928 0.0390549 -0.709137 -0.703971 0.039371 -0.700422 -0.695319 0.161062 -0.538686 -0.828134 0.154958 -0.458512 -0.851593 0.254077 -0.425292 -0.84983 0.311314 -0.34127 -0.696056 0.631697 0 -0.133059 0.991108 -0.186468 -0.494082 0.849183 -0.120653 -0.468724 0.875066 -0.111142 -0.478862 0.870826 0.0496203 -0.481254 0.875176 0.0551149 -0.22806 0.972086 0.0128047 -0.145603 0.98926 0.00375107 0.358547 0.933504 0.0040181 0.00803586 0.99996 0.0155337 0.369851 0.928961 0.0303903 0.896898 0.441191 -0.0702715 0.895095 0.440304 -0.132846 0.916509 0.377311 -0.143396 0.989295 0.0270598 -0.33647 0.941342 0.0257482 -0.374623 0.926362 0.0388862 -0.546994 -0.836219 0.0391827 -0.544844 -0.837601 0.0396091 -0.473837 -0.880055 0.0313265 -0.26838 -0.962615 0.0366627 -0.262197 -0.964281 0.0376066 -0.260312 -0.957347 0.125399 -0.453692 -0.890811 0.0248812 -0.142293 -0.98493 0.0983129 -0.0757285 -0.980422 0.181765 0.0129416 -0.012941 0.999833 0.0470332 -0.982157 0.182087 0.0676568 -0.503485 0.861351 0.182022 -0.345671 0.920532 0.162618 -0.497924 0.851837 0.221009 -0.344639 0.912348 0.236285 -0.235433 0.94273 0.0147289 -0.0138344 0.999796 0.0802086 0.368704 0.92608 0.0573853 0.0613869 0.996463 0.0856813 0.118362 0.989267 0.0573992 0.0573446 0.996703 0.168422 0.898924 0.404437 0.0630557 0.910137 0.409482 0.140513 0.427893 0.89284 0.0462594 0.998729 0.0200146 -0.119446 0.992641 0.0198926 0.0690967 0.997331 0.0236019 -0.181158 -0.982759 0.0369547 -0.14282 -0.988578 0.0481246 0.0711088 -0.99638 0.0465861 0.0753616 -0.996009 0.0478134 0.0746916 -0.987155 0.141234 0.167659 -0.0136401 0.985751 0.154384 0 0.988011 0.192506 -0.539805 0.819483 0.127954 -0.981783 0.140466 0.230128 -0.354693 0.90622 0.300312 -0.586347 0.752336 0.41313 -0.409577 0.81337 0.354975 -0.21867 0.908942 0.355313 -0.218332 0.908891 0.356036 -0.174033 0.918124 0.245898 -0.0540554 0.967787 0.277628 0.415191 0.866337 0.2877 0.31754 0.903547 0.372133 0.29958 0.878504 0.36014 0.311749 0.879268 0.208739 0.056174 0.976357 0.364385 0.13668 0.921163 0.384777 0.163828 0.908354 0.284634 0.919126 0.27238 0.27946 0.920584 0.272812 0.301414 0.444893 0.843338 0.180271 0.983363 0.0223696 0.0756323 0.996878 0.022677 0.290287 0.956249 0.0363612 0.227548 -0.972771 0.0440365 0.223776 -0.973609 0.0448318 0.217462 -0.974989 0.045911 0.489211 0.111031 0.865069 0.482356 0.117853 0.868011 0.491674 -0.0485614 0.869424 0.403345 -0.913322 0.0561797 0.518027 -0.832576 0.196124 0.52496 -0.819793 0.228816 0.610074 -0.756352 0.236096 0.670462 -0.665644 0.327718 0.826226 -0.516644 0.224565 0.596867 -0.292769 0.747018 0.764254 -0.601651 0.232232 0.549491 -0.185735 0.814593 0.50731 -0.155295 0.847656 0.512448 -0.0651783 0.856241 0.428134 0.49382 0.756864 0.514343 0.195269 0.835058 0.716535 0.348422 0.604301 0.689272 0.710589 0.141306 0.66585 0.726192 0.171139 0.860049 0.426627 0.279831 0.861061 0.442332 0.250832 0.832734 0.536764 0.135788 0.446373 0.889875 0.0942 0.622759 0.775584 0.103157 0.447981 0.89308 0.0414929 0.446767 0.893702 0.0411812 0.370351 0.928263 0.0341883 0.296433 0.954407 0.0351512 0.322452 -0.945904 0.0359276 0.403691 -0.914105 0.0380301 0.986002 -0.0430476 0.16108 0.984245 0.0735326 0.160793 0.986943 0.137958 0.0831364 0.955393 0.274444 0.109103 0.491502 -0.870541 0.0241802 0.527939 -0.848508 0.0362647 0.627411 -0.777845 0.0362301 0.710105 -0.703944 0.0146323 0.785206 -0.618146 0.0367064 0.844132 -0.506459 0.175901 0.856923 -0.514133 0.0367562 0.917629 -0.395399 0.0402045 0.94689 -0.319467 0.0366001 0.957439 -0.286443 0.0355157 0.976265 -0.212865 0.0399432 0.980401 -0.192218 0.0431962 0.985647 -0.117302 0.121407 0.990166 -0.068534 0.121964 0.837591 0.544811 0.0402695 0.695688 0.717203 0.040472 0.839815 0.541328 0.0409278 0.695455 0.717434 0.0404011 0.670494 0.740955 0.0377235 0.628257 0.776902 0.0414332 0.625544 0.779053 0.0420967 0.894405 0.44637 0.0281652 0.889051 0.45671 0.0317001 0.960444 0.275895 0.0377997 0.960423 0.275971 0.0377885 0.996639 -0.068982 0.0441809 0.989418 0.138304 0.0438608 0.985388 0.166433 0.0361916 0.876281 -0.48112 0.0256099 0.917681 -0.395422 0.0387709 0.996588 -0.0698857 0.0439094 -0.918837 0.0843442 -0.385518 -0.922069 -0.0132555 -0.386799 0 0 1 0 0 1 0 0 1 0 0 1 0 0 1 0 0 1 0 0 1 0 0 1 0 0 1 0 0 1 0 0 1 0 0 1 0 0 1 0 0 1 0 0 1 0 0 1 0 0 1 0 0 1 0 0 1 0 0 1 0 0 1 0 0 1 0 0 1 0 0 1 0 0 1 0 0 1 0 0 1 0 0 1 0 0 1 0 0 1 0 0 1 0 0 1 0 0 1 0 0 1 0 0 1 0 0 1 0 0 1 0 0 1 0 0 1 0 0 1 0 0 1 0 0 1 0 0 1 0 0 1 0 0 1 0 0 1 0 0 1 0 0 1 0 0 1 0 0 1 0 0 1 0 0 1 0 0 1 0 0 1 0 0 1 0 0 1 0 0 1 0 0 1 0 0 1 0 0 1 0 0 1 0 0 1 0 0 1 0 0 1 0 0 1 0 0 1 0 0 1 0 0 1 0 0 1 0 0 1 0 0 1 0 0 1 0 0 1 0 0 1 0 0 1 0 0 1 0 0 1 0 0 1 0 0 1 -0.917896 0.0885658 -0.386812 -0.91111 0.11352 -0.396222 0 0 -1 0 0 -1 0 0 -1 0 0 -1 0 0 -1 0 0 -1 0 0 -1 0 0 -1 0 0 -1 0 0 -1 0 0 -1 0 0 -1 0 0 -1 0 0 -1 0 0 -1 0 0 -1 0 0 -1 0 0 -1 0 0 -1 0 0 -1 0 0 -1 0 0 -1 0 0 -1 0 0 -1 0 0 -1 0 0 -1 0 0 -1 0 0 -1 0 0 -1 0 0 -1 0 0 -1 0 0 -1 0 0 -1 0 0 -1 0 0 -1 0 0 -1 0 0 -1 0 0 -1 0 0 -1 0 0 -1 0 0 -1 0 0 -1 0 0 -1 0 0 -1 0 0 -1 0 0 -1 0 0 -1 0 0 -1 0 0 -1 0 0 -1 0 0 -1 0 0 -1 0 0 -1 0 0 -1 0 0 -1 0 0 -1 0 0 -1 0 0 -1 -0.921799 -0.0147259 -0.38739 -0.915594 -0.117005 -0.384704 -0.906452 0.151428 -0.394226 -0.888222 0.213023 -0.407043 -0.904515 -0.153155 -0.39799 -0.88715 -0.246271 -0.390276 -0.884337 0.233836 -0.404066 -0.872812 0.27476 -0.40337 -0.866058 0.292352 -0.405553 -0.885352 -0.250348 -0.391761 -0.850786 -0.344096 -0.397192 -0.839278 -0.378557 -0.390265 -0.844185 0.35967 -0.397479 -0.82982 0.387113 -0.401923 -0.704662 -0.361284 -0.610676 -0.816219 -0.417835 -0.398999 -0.837124 -0.382665 -0.390886 -0.81412 0.426652 -0.393925 -0.796108 0.454413 -0.39965 -0.687159 -0.416154 -0.595506 -0.784999 -0.47633 -0.396089 -0.799362 -0.457278 -0.389766 -0.777594 0.491699 -0.391892 -0.774818 0.496466 -0.39138 -0.736735 0.549014 -0.394723 -0.698451 -0.593886 -0.399331 -0.723171 -0.568006 -0.392929 -0.7168 0.580349 -0.386513 -0.639802 0.580438 -0.503732 -0.682731 0.618887 -0.388403 -0.680884 -0.615736 -0.396568 -0.680081 -0.617007 -0.39597 -0.679951 0.622758 -0.387091 -0.624903 0.677975 -0.387099 -0.620859 0.680898 -0.388474 -0.567595 0.621803 -0.539627 -0.548102 -0.687722 -0.47605 -0.571917 -0.717241 -0.398091 -0.574817 -0.715643 -0.396789 -0.643622 -0.660104 -0.387315 -0.581657 0.715696 -0.386593 -0.550118 0.735816 -0.394899 -0.536614 -0.703437 -0.466071 -0.555549 -0.728656 -0.400532 -0.562062 -0.724504 -0.398975 -0.497386 0.774098 -0.391637 -0.492761 0.776794 -0.392145 -0.455475 0.795355 -0.399941 -0.419305 -0.817748 -0.394298 -0.425836 -0.815715 -0.3915 -0.466966 -0.792399 -0.392488 -0.430892 0.811431 -0.394857 -0.38967 0.828021 -0.40316 -0.357471 -0.841239 -0.405624 -0.309711 -0.867163 -0.39001 -0.360536 0.843331 -0.398507 -0.294192 0.864928 -0.406634 -0.247824 0.731754 -0.634917 -0.241715 -0.884674 -0.398656 -0.294041 -0.871947 -0.391471 -0.270182 0.874087 -0.4037 -0.232966 0.884382 -0.404469 -0.216572 0.887443 -0.406868 -0.181954 0.742706 -0.644422 -0.172823 -0.898656 -0.403174 -0.230848 -0.888883 -0.395722 -0.152535 0.906587 -0.393489 -0.114819 0.911254 -0.395515 -0.0761916 -0.909503 -0.408655 -0.116149 -0.910282 -0.397361 -0.0917608 0.917574 -0.38683 -0.0870699 0.918639 -0.385384 0.0118038 0.922077 -0.386826 0.013274 0.921809 -0.387417 0.0131329 -0.912005 -0.409968 0.0124612 -0.912084 -0.409815 0.118264 0.915421 -0.384732 0.152961 0.904749 -0.397532 0.0881102 -0.908607 -0.408252 0.0140873 -0.912064 -0.409806 0.245054 0.887608 -0.39 0.249572 0.88562 -0.391651 0.221844 -0.890189 -0.39793 0.202084 -0.896055 -0.395282 0.114296 -0.908629 -0.401659 0.342858 0.851671 -0.396364 0.377515 0.840247 -0.389188 0.229467 -0.88855 -0.397271 0.284027 -0.872033 -0.398606 0.379797 0.839054 -0.389541 0.418099 0.816478 -0.398191 0.297155 -0.870058 -0.393316 0.385534 -0.829111 -0.404895 0.347026 -0.851772 -0.392501 0.329732 -0.860361 -0.388658 0.456618 0.799961 -0.38931 0.476572 0.784914 -0.395967 0.465821 -0.788093 -0.402392 0.425601 -0.811496 -0.400422 0.567242 0.724112 -0.3923 0.5924 0.700086 -0.398674 0.55142 -0.732735 -0.398793 0.496848 -0.772617 -0.395227 0.561413 -0.722305 -0.403846 0.617072 0.680158 -0.395736 0.617177 0.680049 -0.395759 0.57933 -0.707773 -0.40427 0.588742 -0.69799 -0.407667 0.661048 0.64305 -0.386655 0.716693 0.573335 -0.397037 0.715939 0.574693 -0.396433 0.64637 -0.646357 -0.405498 0.696729 -0.590205 -0.407709 0.723505 0.564144 -0.397847 0.729293 0.55508 -0.400023 0.706842 -0.580509 -0.404207 0.721183 -0.562898 -0.403784 0.793742 0.465287 -0.391767 0.818052 0.419175 -0.393806 0.815995 0.425836 -0.390917 0.731928 -0.552625 -0.398607 0.77204 -0.497803 -0.395153 0.787649 -0.466552 -0.402416 0.866426 0.310974 -0.390642 0.842045 0.355876 -0.405355 0.810779 -0.426898 -0.400494 0.82785 -0.388244 -0.404885 0.871747 0.293841 -0.392066 0.884449 0.242441 -0.398714 0.824463 0.225682 -0.518968 0.850945 -0.349261 -0.392314 0.869131 -0.30043 -0.392879 0.859668 -0.331819 -0.388416 0.871212 -0.286993 -0.398276 0.889474 0.229346 -0.395268 0.898469 0.17371 -0.40321 0.809638 0.15728 -0.565464 0.888614 -0.22931 -0.397218 0.88963 -0.224534 -0.397672 0.910409 0.113433 -0.397856 0.909555 0.079191 -0.407969 0.895585 -0.204395 -0.395158 0.908212 -0.0929413 -0.408061 0.908244 -0.115642 -0.402144 0.912352 -0.0122285 -0.409224 0.912092 -0.0144199 -0.409732 0.912063 -0.0145704 -0.409791 0 -1 0 0 -1 0 0 -1 0 0 -1 0 0 -1 0 0 -1 0 -0.0110612 -0.999693 -0.0221928 -0.012281 -0.99959 -0.0258639 -0.0122759 -0.99917 -0.0388406 -0.00597499 -0.999108 -0.0418143 0 -0.999231 -0.0391986 1 0 0 1 0 0 1 0 0 1 0 0 1 0 0 1 0 0 1 0 0 1 0 0 1 0 0 1 0 0 1 0 0 1 0 0 -0.0110612 -0.999694 -0.0221229 -0.0159542 -0.999508 -0.0270154 -0.020515 -0.999136 -0.0361445 -0.0176979 -0.999169 -0.0367284 0 0 -1 0 0 -1 0 0 -1 0 -0.998981 -0.0451239 -0.175792 -0.984034 -0.0278313 -1 0 0 -1 0 0 -1 0 0 -1 0 0 -1 0 0 -1 0 0 -1 0 0 -1 0 0 -1 0 0 -1 0 0 -1 0 0 -1 0 0 -1 0 0 -1 0 0 -1 0 0 -1 0 0 0.154561 -0.909839 0.385103 0.0765044 -0.970267 0.22963 0.0432618 -0.989263 0.139598 0.00493747 -0.999747 0.0219273 -0.0159597 -0.999858 -0.00543468 -0.00349984 0.999994 0 0.367911 -0.392304 0.843054 0.366405 -0.395218 0.842348 0.168233 -0.887481 0.42904 0.0427421 -0.977378 0.207137 0 -0.999909 0.0135185 2.88694e-05 1 0.000104252 0.000451844 1 0 0.0113922 0.999089 0.041139 0.369374 -0.372968 0.851151 0.368659 -0.378876 0.848848 0.371747 -0.294335 0.880438 0.0381644 0.99163 0.123344 0.142032 0.923219 0.357063 0.155165 0.912696 0.378035 0.389712 -0.00637427 0.920915 0.38924 -0.00971881 0.921085 0.388921 -0.0170854 0.921113 0.294722 0.65304 0.697623 0.161085 0.906825 0.389513 0.390276 0 0.920698 0.390276 0 0.920698 0.370521 0.343469 0.862985 0.369277 0.373656 0.850891 0.366129 0.396607 0.841815 0.37358 0.382062 0.845261 0.390086 0.0037054 0.920771 0.388951 0.0117473 0.921183 0.384621 0.149257 0.910928 -0.625601 -0.0437909 0.778913 -1 0 0 -1 0 0 -1 0 0 -1 0 0 -1 0 0 0 0 -1 0 0 -1 0 0 -1 0 0 -1 0 0 -1 0 0 -1 0 0 -1 0 0 -1 0 0 -1 0 0 -1 0 0 -1 0 0 -1 0 0 -1 0 0 -1 0 0 -1 0 0 -1 0 0 -1 0 0 -1 0 0 -1 0 0 -1 0 0 -1 0 0 -1 0 0 -1 0 0 -1 0 0 -1 0 0 -1 0 0 -1 0 0 -1 0 0 -1 0 0 -1 0 0 -1 0 0 -1 0 0 -1 0 0 -1 0 0 -1 0 0 -1 0 0 -1 0 0 -1 0 0 -1 0 0 -1 0 0 -1 -0.595773 -0.0598098 0.800923 -0.596434 -0.0589046 0.800498 -0.597955 -0.0574885 0.799466 -0.612432 -0.0439296 0.789302 -0.613139 -0.0419735 0.788859 -0.609653 0.047617 0.791237 -0.587491 0.0856857 0.804681 -0.437656 -0.229804 0.86928 -0.456301 -0.206811 0.865458 -0.503345 -0.149373 0.851077 -0.525994 -0.12213 0.841674 -0.555747 -0.095857 0.825807 -0.43476 -0.25065 0.864961 -0.43476 -0.250654 0.86496 0 0 1 0 0 1 0 0 1 0 0 1 0 0 1 0 0 1 0 0 1 0 0 1 0 0 1 0 0 1 0 0 1 0 0 1 0 0 1 0 0 1 0 0 1 0 0 1 0 0 1 0 0 1 0 0 1 0 0 1 0 0 1 0 0 1 0 0 1 0 0 1 0 0 1 0 0 1 0 0 1 0 0 1 0 0 1 0 0 1 0 0 1 0 0 1 0 0 1 0 0 1 0 0 1 0 0 1 0 0 1 0 0 1 0 0 1 0 0 1 0 0 1 0 0 1 0 0 1 0 0 1 0 0 1 0 0 1 0 0 1 0 0 1 0 0 1 0 0 1 0 0 1 0 0 1 0 0 1 0 0 1 0 0 1 0 0 1 0 0 1 0 0 1 0 0 1 -0.613601 -0.008093 0.789575 -0.61361 -0.00875092 0.78956 -0.609751 0.0441123 0.791364 -0.614286 0.0322443 0.788425 -0.569427 0.108815 0.814808 -0.560893 0.130054 0.817609 -0.360562 -0.332314 0.871529 -0.361394 -0.330246 0.87197 -0.371648 -0.318839 0.871905 -0.614626 -0.00507197 0.788803 -0.614605 0 0.788835 -0.466817 0.236871 0.852041 -0.454009 0.325815 0.829289 -0.317062 -0.375358 0.870964 -0.311291 -0.377568 0.87209 -0.414956 0.356103 0.837259 -0.396089 0.390106 0.831222 -0.241334 -0.441397 0.864249 -0.300527 -0.387072 0.871699 -0.357409 0.41428 0.837037 -0.389498 0.396462 0.83133 -0.393692 0.393496 0.830763 -0.0776034 -0.549936 0.831594 -0.116222 -0.507614 0.85371 -0.166312 -0.451333 0.876721 -0.170128 -0.449109 0.87713 -0.223573 -0.44308 0.868156 -0.237858 0.466404 0.851992 -0.326978 0.453588 0.829062 -0.0302511 -0.595291 0.802941 -0.0675089 -0.557165 0.827653 -0.0968265 0.509887 0.854775 -0.171255 0.526576 0.8327 -0.0240602 -0.599361 0.800118 -0.00547269 -0.599491 0.800362 -0.0373044 0.508424 0.860299 -0.0493969 0.511669 0.857762 0.00469168 -0.602974 0.797747 0.03494 -0.603197 0.796827 0.0429795 -0.600492 0.798475 0.0742219 -0.578489 0.812307 0 0.508778 0.860898 0.00133328 0.508787 0.860891 0.109195 -0.554445 0.825025 0.139893 -0.518671 0.843451 0.0050353 0.507998 0.861344 0.00798371 0.508217 0.861192 0.276571 -0.471958 0.837117 0.182691 -0.481088 0.857425 0.0497167 0.498616 0.865396 0.0820841 0.499513 0.862409 0.0926173 0.499905 0.861114 0.352064 -0.408071 0.842336 0.343883 -0.411418 0.844085 0.322222 -0.422342 0.847231 0.113812 0.495122 0.861337 0.145085 0.494906 0.856749 0.16108 0.495206 0.853712 0.379525 -0.380385 0.843367 0.378908 -0.380722 0.843492 0.210309 0.454673 0.865472 0.230338 0.438451 0.868738 0.249708 0.435789 0.864716 0.407497 -0.352929 0.842251 0.412082 -0.341674 0.844658 0.252107 0.433487 0.865177 0.315876 0.374561 0.871738 0.330458 0.361472 0.871857 0.332512 0.360646 0.871418 0.471896 -0.276611 0.837138 0.421464 -0.323051 0.847353 0.374574 0.318142 0.870908 0.377381 0.310813 0.872341 0.554493 -0.107178 0.825258 0.480508 -0.188826 0.856421 0.385036 0.302144 0.872042 0.441743 0.240316 0.864356 0.592379 -0.0480694 0.804224 0.568089 -0.0813042 0.818941 0.563085 -0.0882766 0.821671 0.443653 0.219809 0.868825 0.449047 0.171657 0.876864 0.450804 0.16864 0.876548 0.451882 0.167066 0.876294 0.519436 0.106192 0.847886 0.553447 0.0746375 0.829534 0.598322 -0.0312579 0.800646 0.59859 -0.0090686 0.801004 0.556204 0.0707449 0.828029 0.559945 0.0657752 0.825915 0.597475 0.0291135 0.801359 0.598957 -0.007808 0.800743 0.598896 -0.00799452 0.800787 0.598754 0.0271761 0.800472 0.0747022 0.994806 -0.0691423 0 1 0 0 1 0 0 1 0 0 1 0 0 1 0 0 1 0 0 1 0 0 1 0 0 1 0 0 1 0 0 1 0 0 1 0 0 1 0 0 1 0 0 1 0 0 0 1 0 0 1 0 0 1 0 0 1 0 0 1 0 0 1 0 0 1 0 0 1 0 0 1 0 0 1 0 0 1 0 0 1 0 0 1 0 0 1 0 0 1 0 0 1 0 0 1 0.249393 0.968402 0 0.184893 0.965891 -0.181298 0.177012 0.962071 -0.207571 -0.0116212 0.999918 -0.00540861 1 0 0 1 0 0 0.16924 0.955748 -0.240631 0 0 -1 0 0 -1 0 0 -1 0 0 -1 0 0 -1 0 0 -1 0 0 -1 0 0 -1 0 0 -1 0 0 -1 0 0 -1 0 0 -1 0 0 -1 0.12739 0.777861 -0.615389 0.136175 0.830468 -0.540167 0.148394 0.901832 -0.405806 0.156031 0.928013 -0.338298 0.166853 0.952384 -0.255196 -0.122337 0.981597 -0.146632 -0.126633 0.984374 -0.122364 -0.139373 0.988125 -0.0646841 -0.140473 0.990047 -0.00862412 0.172483 -0.985012 0 0.00366612 -0.728994 -0.68451 0 -0.718654 -0.695368 0.000730728 0.979033 -0.203698 -0.119082 0.978236 -0.169923 -0.311051 0.926479 -0.211857 -0.143514 0.987406 -0.0665841 -0.117668 0.975755 -0.184542 -0.11312 0.962844 -0.245224 -0.109687 0.94721 -0.301267 -0.103037 0.890684 -0.442793 -0.368674 0.927452 -0.0625413 -0.328364 0.944515 -0.00822756 0 -1 0 -0.0570067 -0.934331 0.351817 -0.125366 -0.991744 -0.0269835 -0.121321 -0.989088 -0.0835782 -0.118498 -0.987549 -0.103467 -0.00113496 -0.722484 -0.691387 -0.410312 0.887173 -0.21111 -0.448359 0.869882 -0.205621 -0.45403 0.880885 -0.133785 -0.422505 0.900978 -0.0986279 -0.388027 0.919278 -0.0660509 -0.125962 -0.992035 0 -0.125718 -0.991827 -0.0217764 -0.146767 -0.988933 -0.0217128 -0.182199 -0.982144 -0.0468593 -0.181735 -0.979642 -0.0852871 -0.208149 -0.972884 -0.100845 -0.625532 -0.460633 -0.629704 -0.664225 0.410856 -0.624502 -0.538786 0.79957 -0.265327 -0.905048 0.349569 -0.242259 -0.884963 0.431459 -0.175168 -0.826462 0.536216 -0.171559 -0.906145 0.341687 -0.2493 -0.142127 -0.989848 0 -0.791779 -0.596717 -0.130446 -0.822651 -0.550009 -0.143995 -0.830824 -0.53418 -0.15615 -0.926965 -0.252352 -0.277586 -0.924999 -0.19311 -0.32724 -0.8664 -0.217775 -0.449362 -0.884261 -0.0880121 -0.458625 -0.905195 0.142628 -0.400349 -0.911267 0.134351 -0.389284 -0.916876 0.132509 -0.376537 -0.927103 0.215366 -0.306753 -0.949377 0.00305122 -0.314123 -0.965987 0.00310461 -0.258572 -0.965987 0.00310461 -0.258572 -0.957899 -0.129168 -0.256407 -0.949401 -0.133451 -0.284305 -0.943716 -0.0999912 -0.31528 -0.938076 -0.0993936 -0.331866 -0.918078 -0.05759 -0.392194 -0.923537 -0.0568389 -0.379273 -0.919604 0 -0.392846 -0.919604 0 -0.392846 -0.925033 0 -0.379887 -0.925033 0 -0.379887 -0.94847 0 -0.316868 -0.94847 0 -0.316868 -0.965992 0 -0.258573 -0.965992 0 -0.258573 -0.666561 -0.433031 -0.606779 -0.688751 -0.44554 -0.571941 -0.717646 -0.45549 -0.526796 -0.791034 -0.476187 -0.384073 0 1 0 0 1 0 0 1 0 0 1 0 0 1 0 0 1 0 0 1 0 0 1 0 0 1 0 0 1 0 0 1 0 0 1 0 0 1 0 0 1 0 0 0 -1 0 0 -1 0 -1 0 0 -1 0 0 -1 0 0 -1 0 0 -1 0 0 -1 0 0 -1 0 0 -1 0 0 -1 0 0 -1 0 0 -1 0 0 -1 0 0 -1 0 0 -1 0 0 -1 0 0 -1 0 0 -1 0 0 -1 0 0 -1 0 0 -1 0 0 -1 0 -0.699997 -0.628685 -0.338761 -0.818043 -0.5327 -0.21688 -0.792813 -0.477226 -0.379083 0.859749 0.506807 0.0630712 0.892811 0.450431 0.00123934 0.893306 0.449448 0 0.893962 0.448093 -0.00672087 0.894047 0.447895 -0.00835263 0.823696 0.386324 -0.415065 0.587515 0.268116 -0.763505 -0.821667 -0.558504 -0.11374 -0.821672 -0.559196 -0.110247 -0.821291 -0.570481 -0.00574387 0.601324 0.768066 0.220192 0.850275 0.500745 0.162132 0.859816 0.506364 0.0656707 -0.82051 -0.571633 0 -0.82051 -0.571633 0 0.219863 0.181613 0.958476 0.314434 0.226117 0.921956 0.744295 0.399814 0.534951 -0.82012 -0.572191 0.00113939 -0.819812 -0.572629 0.00185275 0.183022 0.161548 0.969745 0.131956 0.0730281 0.988562 -0.818655 -0.571821 0.0531411 -0.818922 -0.57043 0.0630653 -0.818693 -0.553654 0.152343 0.000884528 -0.12252 0.992466 -0.02459 -0.164374 0.986092 -0.0495823 -0.209714 0.976505 -0.812583 -0.549522 0.194254 -0.764579 -0.493453 0.414636 -0.55848 -0.798225 0.225694 -0.172289 -0.257834 0.950704 -0.0896279 -0.230649 0.9689 -0.577012 -0.407964 0.707547 -0.341078 -0.329685 0.880326 -0.188446 -0.266041 0.945363 -0.0941654 0.994974 0.0340661 0.0320279 0.998902 0.0342005 0 0 -1 0 0 -1 0 0 -1 0 0 -1 0 0 -1 0 0 -1 0 0 -1 0 0 -1 0 0 -1 0 0 -1 0 0 -1 0 0 -1 0 0 -1 0 0 -1 0 0 -1 0 0 -1 0 0 -1 0 0 -1 0 0 -1 0 0 -1 0 0 -1 0 0 -1 0 0 -1 0 0 -1 0 0 -1 0 0 -1 0 0 -1 0 0 -1 0 0 -1 0 0 -1 0 0 -1 0 0 -1 0 0 -1 0 0 -1 0 0 -1 0 0 -1 0 0 -1 0 0 -1 0 0 -1 0 0 -1 0 0 -1 -0.305489 0.950962 0.0484604 -0.150594 0.987315 0.0503129 -0.146525 0.960633 0.236038 -0.0859912 0.950827 0.297545 0.0395927 0.953614 0.298417 0.0725456 0.961048 0.266692 0.0751992 0.996202 0.0438916 0.0555128 0.997725 0.0382495 -0.345213 0.936642 0.0594128 -0.591805 0.8051 0.0397697 -0.485941 0.871894 0.06052 -0.34368 0.932482 0.111188 -0.220558 0.9472 0.232737 -0.286437 0.55781 0.778975 -0.266146 0.531137 0.804401 -0.0795663 0.549263 0.831853 -0.0388503 0.512583 0.857758 0.01036 0.512943 0.85836 0.0302608 0.530971 0.846849 0.185334 0.522012 0.832559 0.258538 0.593891 0.761874 0.201039 0.943913 0.261937 0.273359 0.947533 0.165697 0.287886 0.949428 0.12533 0.289525 0.954831 0.0668806 0.262333 0.963192 0.0586737 0.148316 0.987982 0.0435294 -0.482992 0.866603 0.125369 -0.763964 0.644386 0.0335538 -0.701787 0.710473 0.0521841 -0.632875 0.772506 0.0519922 -0.61801 0.754361 0.221365 -0.594262 0.766255 0.244349 -0.431946 0.592218 0.68022 -0.408031 0.446986 0.796062 -0.311977 0.348801 0.883746 -0.305123 0.349755 0.88576 -0.0450403 0.0953367 0.994426 -0.00530371 0.015906 0.999859 0.000482128 0.0101194 0.999949 0.012062 0.0332591 0.999374 0.123119 0.143978 0.981892 0.206166 0.315847 0.926141 0.375565 0.569788 0.730953 0.393179 0.485512 0.780825 0.417311 0.619996 0.664422 0.487744 0.636525 0.597446 0.657951 0.749862 0.0693415 0.656599 0.751557 0.0635606 0.646627 0.760427 0.060207 0.632838 0.77209 0.0582538 0.427684 0.902445 0.0517602 0.342932 0.937036 0.0660411 -0.935631 0.351177 0.0356195 -0.908579 0.413995 0.0556035 -0.842404 0.535875 0.0565169 -0.685007 0.693485 0.223258 -0.832053 0.52929 0.165955 -0.722306 0.632209 0.280333 -0.544563 0.468436 0.695715 -0.319079 0.306052 0.896951 -0.505023 0.285406 0.814553 -0.487266 0.271292 0.830044 -0.0327237 0.0178197 0.999306 -0.00530434 0.00410078 0.999978 -0.00130135 9.66058e-05 0.999999 -7.24614e-05 9.66059e-05 1 0.000482152 0.0012059 0.999999 0.00385484 0.00289194 0.999988 0.123477 0.122563 0.984749 0.284322 0.118411 0.951388 0.489196 0.223643 0.843013 0.518441 0.265307 0.812915 0.486231 0.426977 0.762411 0.433746 0.479384 0.762925 0.796543 0.417017 0.43774 0.867143 0.452686 0.207697 0.866048 0.468733 0.173927 0.825476 0.560412 0.0672914 0.825714 0.560574 0.0628693 0.658169 0.750203 0.0633177 -0.985194 0.169847 0.0233431 -0.975522 0.216745 0.0371381 -0.929041 0.206418 0.307041 -0.916014 0.263189 0.302736 -0.899231 0.409735 0.153297 -0.504967 0.0712062 0.860197 -0.459252 0.0158379 0.888165 -0.910449 0.107845 0.399314 -0.459309 -0.000429301 0.888276 -0.00241143 -0.000483295 0.999997 -0.00144824 -1.33844e-06 0.999999 -0.00868087 -0.00722948 0.999936 -0.00867723 -0.0298764 0.999516 0.000241526 -0.0209607 0.99978 0.000241579 -0.000482963 1 0 0 1 0.174591 0 0.984641 0.174591 0.00284754 0.984637 0.620468 -0.0155084 0.784078 0.608785 0.193744 0.769314 0.178721 -0.00426808 0.983891 0.207826 -0.0193435 0.977974 0.625913 0.206127 0.75216 0.651415 0.292651 0.70001 0.985771 0.106373 0.130157 0.984291 0.158439 0.0778942 0.973014 0.220726 0.0672549 0.942999 0.32341 0.0784854 0.944024 0.323761 0.0632247 0.926123 0.372932 0.0567263 0.879181 0.473741 0.0510868 0.878274 0.47535 0.051734 0.830724 0.553339 0.0609361 -0.999628 -0.0135499 0.0236851 -0.999584 -0.0156801 0.0241863 -0.918469 -0.0144076 0.39523 -0.915769 -0.00695418 0.401646 -0.4622 -0.00384046 0.886767 -0.462067 -0.0243535 0.886511 -0.0495472 -0.0274271 0.998395 -0.00915551 -0.00722945 0.999932 -0.306357 -0.393876 0.866607 -0.0867735 -0.185782 0.978752 -0.334229 -0.31463 0.888425 -0.321646 -0.39206 0.861877 -0.0743047 -0.540415 0.838111 0.0267656 -0.541719 0.840134 0.0317361 -0.0816766 0.996154 0.00240778 -0.0231225 0.99973 0.00240841 -0.00264942 0.999994 0.00578745 -0.00433785 0.999974 0.348567 -0.171002 0.921553 0.475328 -0.234667 0.847936 0.612937 -0.201651 0.763967 0.625659 -0.0206202 0.779824 0.991338 -0.0108217 0.130892 0.180946 -0.179433 0.966986 0.99191 -0.0146442 0.1261 0.996916 -0.0147182 0.0770799 0.966599 0.248994 0.0607291 0.996918 -0.0148721 0.0770341 -0.99951 -0.0201477 0.0239484 -0.987811 -0.153848 0.0236681 -0.969393 -0.242196 0.0402222 -0.92865 -0.232016 0.289442 -0.911356 -0.12504 0.392169 -0.514606 -0.0879521 0.852904 -0.495537 -0.282685 0.821299 -0.30689 -0.608149 0.732102 -0.270403 -0.561721 0.78189 -0.377612 -0.448953 0.809846 -0.415869 -0.63374 0.652248 -0.115716 -0.579537 0.806689 -0.517672 -0.300719 0.800989 -0.55751 -0.481899 0.675986 -0.095422 -0.964371 0.246746 0.044417 -0.967835 0.247633 0.0475061 -0.561211 0.826309 0.239283 -0.545523 0.803211 0.270223 -0.421891 0.865441 0.179123 -0.227155 0.957244 0.378228 -0.497927 0.780393 0.492512 -0.468124 0.733684 0.530196 -0.308342 0.789821 0.673842 -0.3343 0.658924 0.643839 -0.225042 0.731319 0.98532 -0.11599 0.125262 0.983273 -0.16522 0.076659 0.972354 -0.223738 0.0668431 -0.967713 -0.248954 0.039417 -0.909953 -0.411401 0.0522894 -0.90446 -0.4229 0.0557519 -0.897347 -0.419574 0.136844 -0.91913 -0.270428 0.286475 -0.947335 -0.317912 0.038587 -0.582999 -0.787946 0.198126 -0.484926 -0.870075 0.0884115 -0.320782 -0.944086 0.0761646 -0.207149 -0.960352 0.186584 -0.148079 -0.970822 0.188619 -0.724402 -0.642907 0.248821 -0.68971 -0.696959 0.196337 -0.588112 -0.785459 0.192819 -0.817553 -0.556247 0.148987 -0.150495 -0.986661 0.0620644 -0.133445 -0.989405 0.0571912 -0.0862634 -0.995008 0.0501769 0.050503 -0.997456 0.0503004 0.0751479 -0.995523 0.0573367 0.0734615 -0.973182 0.217992 0.172181 -0.961245 0.215319 0.245412 -0.554431 0.795223 0.391444 -0.589655 0.706455 0.495265 -0.470751 0.730141 0.495023 -0.729637 0.471786 0.803498 -0.441874 0.398921 0.935645 -0.346764 0.0657551 0.952396 -0.298556 0.0616929 0.952475 -0.298307 0.0616821 0.863649 -0.467028 0.189722 -0.821894 -0.566958 0.0552146 -0.825467 -0.561631 0.0563377 -0.598532 -0.799375 0.0525149 -0.589419 -0.806212 0.0510695 -0.519558 -0.85252 0.0571782 -0.48585 -0.871733 0.0634968 -0.329787 -0.942013 0.0620671 -0.321076 -0.944952 0.063049 -0.293927 -0.953942 0.0600063 -0.702421 -0.709804 0.0527529 -0.751563 -0.658109 0.045226 -0.695765 -0.716397 0.0518253 -0.605146 -0.794442 0.0515788 0.255088 -0.965318 0.0555971 0.272005 -0.960389 0.0605469 0.270709 -0.955815 0.114603 0.389876 -0.911369 0.131924 0.522744 -0.810835 0.263223 0.598266 -0.796094 0.091177 0.618974 -0.782983 0.0617169 0.831713 -0.551823 0.0611875 0.862051 -0.486569 0.141836 0.878814 -0.474982 0.0455916 0.93579 -0.346818 0.0633561 0.869766 -0.490923 0.0500154 0.540489 -0.84059 0.0357813 0.392563 -0.917648 0.0617727 0.576292 -0.816071 0.0437713 0.599807 -0.798145 0.0565424 0.862252 -0.504046 0.0495834 -0.00611936 -0.995545 -0.0940909 0.0146699 -0.995456 -0.0940826 0.0147337 -0.999783 -0.0147267 0 -1 0 0 -1 0 0 -1 0 0 -1 0 0 -1 0 0 -1 0 0 -1 0 0 -1 0 0 -1 0 -0.00614616 -0.999906 -0.0122799 -0.0937876 -0.979153 -0.180175 -0.0354481 -0.997504 -0.0610674 -0.0938263 -0.979557 -0.177945 -0.206064 -0.876503 -0.435063 -0.177122 -0.881565 -0.437575 0.0476426 -0.969926 -0.238691 0.0486592 -0.990622 -0.12767 -0.209915 -0.886266 -0.412878 0.157556 -0.981268 -0.110857 0.0622226 -0.997954 -0.0146998 0.157265 -0.979456 -0.126231 0.0629411 -0.997984 -0.00811988 -0.0331196 -0.998901 -0.033169 -0.0634442 -0.99354 -0.094087 -0.063431 -0.993334 -0.0962523 -0.0501102 -0.995287 -0.0830168 -0.250386 -0.861018 -0.442669 -0.249198 -0.86129 -0.442809 -0.100946 -0.977561 -0.184889 -0.125992 -0.966859 -0.222059 -0.228009 -0.891709 -0.390983 -0.251003 -0.862702 -0.439024 -0.257825 -0.826747 -0.500016 -0.262851 -0.824106 -0.501756 -0.267257 -0.773609 -0.574546 -0.350676 -0.58005 -0.735234 1 0 0 1 0 0 1 0 0 1 0 0 1 0 0 1 0 0 1 0 0 1 0 0 1 0 0 1 0 0 1 0 0 1 0 0 1 0 0 1 0 0 1 0 0 1 0 0 1 0 0 1 0 0 1 0 0 1 0 0 1 0 0 1 0 0 1 0 0 1 0 0 1 0 0 1 0 0 1 0 0 0.197828 -0.966022 -0.16633 0.166134 -0.976919 -0.134272 -0.0331378 -0.999451 0 -0.0331378 -0.999451 0 -0.447757 -0.894155 0 -0.447757 -0.894155 0 -0.439234 -0.877136 -0.19418 -0.35014 -0.891864 -0.286323 -0.267253 -0.917087 -0.29585 -0.248768 -0.874247 -0.4169 -0.246118 -0.874858 -0.417192 -0.25458 -0.860125 -0.442011 -0.263979 -0.848123 -0.459349 -0.300462 -0.799131 -0.520684 -0.303226 -0.773879 -0.556026 -0.408951 -0.46412 -0.785717 -0.354814 -0.694882 -0.625497 -0.447096 -0.379717 -0.809889 0.00129125 -0.999992 0.00368244 0.00122895 -0.999993 0.00356398 -0.00738266 -0.999966 0.00368958 -0.0417233 -0.999122 0.00368647 -0.0368134 -0.999321 0.00122687 -0.447757 -0.894155 0.00109776 -0.938894 -0.302158 -0.16486 -0.951919 -0.306349 0 -0.951919 -0.306349 0 -0.939289 -0.166824 -0.299844 -0.703093 -0.200469 -0.682256 -0.624273 -0.281479 -0.728734 -0.422789 -0.733231 -0.532561 -0.318346 -0.804245 -0.501842 -0.326422 -0.75854 -0.563973 -0.354233 -0.703603 -0.616004 -0.470171 -0.301269 -0.829564 -0.500524 -0.129758 -0.855943 -0.436833 -0.490549 -0.754015 0.0258799 -0.918835 0.393793 0.00625781 -0.945482 0.325613 0.00122885 -0.951671 0.307117 0.00116961 -0.951708 0.307004 0 -0.952073 0.305872 -0.0733614 -0.994601 0.0733922 -0.0772128 -0.994311 0.0733707 -0.141027 -0.984431 0.104917 -0.222229 -0.969504 0.103326 -0.195569 -0.977771 0.07561 -0.0747181 -0.997096 0.0147147 -0.449708 -0.893079 0.0131797 -0.449745 -0.893152 0.00302518 -0.95191 -0.306346 0.00445716 -1 0 0 -1 0 0 -0.952638 0 -0.304106 -0.952638 0 -0.304106 -0.717661 0 -0.696392 -0.717661 0 -0.696392 -0.520746 0 -0.853712 -0.520746 0 -0.853712 -0.515434 -0.142473 -0.845003 -0.508619 -0.141844 -0.849227 -0.506298 -0.105538 -0.855876 -0.516917 -0.00336319 -0.856029 0.0267451 -0.910105 0.413513 -0.0559499 -0.91951 0.389065 -0.0489813 -0.92501 0.376771 0.0292438 -0.812507 0.582217 0.0217064 -0.807925 0.588886 -0.019943 -0.807954 0.588907 -0.0197695 -0.945963 0.323672 -0.020876 -0.998912 0.0417099 -0.0732346 -0.992883 0.0939178 -0.161852 -0.948206 0.27333 -0.311192 -0.856569 0.411642 -0.338516 -0.847025 0.409825 -0.351997 -0.847733 0.396795 -0.358963 -0.874101 0.32725 -0.448862 -0.862634 0.233207 -0.428734 -0.879338 0.20725 -0.437659 -0.841103 0.317805 -0.497615 -0.845357 0.194298 -0.504148 -0.856455 0.110997 -0.459252 -0.885662 0.0684873 -0.460207 -0.887504 0.0233675 -0.952812 -0.302302 0.0276119 -0.953144 -0.302407 0.00816741 -0.999963 0 0.00856859 -0.999963 0 0.00856859 -0.951662 0.307148 0 -0.951662 0.307148 0 -0.938626 0.302941 -0.164951 -0.939201 0.167365 -0.299816 -0.702998 0.201112 -0.682164 -0.515395 0.142983 -0.84494 -0.624064 0.282386 -0.728562 -0.517428 0 -0.855727 -0.517428 0 -0.855727 0.133235 -0.411396 0.901666 -0.0553239 -0.805812 0.589581 -0.0592535 -0.807608 0.586735 -0.0738384 -0.865925 0.494694 -0.069337 -0.908549 0.411985 -0.153611 -0.899931 0.408078 0.130447 -0.385769 0.913327 0.0754585 -0.0353855 0.996521 0.0290102 -0.0267238 0.999222 0.0093889 -0.0517849 0.998614 -0.00382816 -0.0517868 0.998651 -0.0532794 -0.720755 0.691139 -0.245826 -0.831153 0.498752 -0.300874 -0.817734 0.4907 -0.374411 -0.724317 0.578949 -0.406387 -0.697622 0.590062 -0.62491 -0.118803 0.771604 -0.723499 -0.119795 0.679852 -0.729156 -0.130368 0.671815 -0.526613 -0.715986 0.458304 -0.495505 -0.786935 0.367707 -0.7219 -0.577844 0.380732 -0.561816 -0.785427 0.259744 -0.551879 -0.800829 0.232601 -0.962494 -0.205955 0.176602 -0.965222 -0.206539 0.160274 -0.955192 -0.277494 0.102979 -0.959124 -0.278636 0.0494186 -0.998675 0 0.0514565 -0.998675 0 0.0514565 -0.952766 0.303596 0.00816416 -0.951651 0.307145 0.0048337 -0.445487 0.895288 0 -0.445487 0.895288 0 -0.437016 0.878264 -0.194083 -0.348394 0.892779 -0.285599 -0.421207 0.735331 -0.530917 -0.318138 0.805237 -0.500381 -0.32501 0.767754 -0.552197 -0.398786 0.603286 -0.690663 -0.436833 0.49055 -0.754015 -0.497424 0.229494 -0.836602 -0.510507 0.142531 -0.847979 -0.515609 0.0252004 -0.856453 -0.515793 0.020235 -0.856474 -0.0270439 -0.0504093 0.998362 -0.0551068 -0.0194234 0.998292 -0.1743 -0.0296698 0.984246 -0.252978 -0.113137 0.960834 -0.308276 -0.288594 0.906465 -0.25772 -0.526441 0.81021 -0.100378 -0.788042 0.607384 0.075505 -0.00435298 0.997136 0.0290206 0 0.999579 0.0290206 0 0.999579 0.0742443 0 0.99724 0.0742443 0 0.99724 -0.0551172 0 0.99848 -0.0551172 0 0.99848 -0.316363 -0.277536 0.907132 -0.379095 -0.113089 0.918421 -0.455521 -0.0232072 0.889923 -0.584214 -0.0248924 0.811218 -0.613065 -0.0685204 0.787055 -0.728747 0 0.684783 -0.728747 0 0.684783 -0.614509 0 0.78891 -0.614509 0 0.78891 -0.761887 0 0.647709 -0.761887 0 0.647709 -0.758929 -0.0880471 0.645194 -0.869631 -0.161029 0.466704 -0.870528 -0.18702 0.455198 -0.844295 -0.0841522 0.529229 -0.954809 -0.0896523 0.283378 -0.921099 -0.10023 0.376205 -0.958669 0 0.284524 -0.958669 0 0.284524 -0.986493 0 0.163806 -0.986493 0 0.163806 -0.958796 0.279766 0.0494017 -0.952434 0.30349 0.0276186 -0.448606 0.89372 0.00411706 -0.445487 0.895288 0.00109916 -0.459055 0.888101 0.0233471 -0.448571 0.89365 0.0131881 -0.0331196 0.998901 -0.033169 -0.0634436 0.993541 -0.0940857 -0.266351 0.917635 -0.294963 -0.0331378 0.999451 0 -0.0331378 0.999451 0 -0.248159 0.875412 -0.414814 -0.24673 0.875742 -0.41497 -0.289862 0.821554 -0.490948 -0.418031 0.468953 -0.778031 -0.415401 0.541809 -0.730675 -0.405535 0.580878 -0.705778 -0.442137 0.443412 -0.77968 -0.453437 0.411898 -0.790402 -0.440121 0.447634 -0.778407 -0.16685 0 0.985982 -0.16685 0 0.985982 -0.174375 -0.00387558 0.984672 -0.254611 -0.00380617 0.967036 -0.381542 -0.00181908 0.92435 -0.25668 -0.00190202 0.966495 0.0755052 0.00391983 0.997138 0.0754582 0.0354641 0.996518 0.0290102 0.0267832 0.99922 0.0093033 0.052009 0.998603 -0.00192229 0.0520112 0.998645 -0.0271595 0.0505117 0.998354 -0.0551068 0.0195125 0.99829 -0.455643 0 0.890162 -0.455643 0 0.890162 -0.383093 0 0.92371 -0.383093 0 0.92371 -0.584395 0 0.81147 -0.584395 0 0.81147 -0.72346 0.120235 0.679816 -0.613052 0.0688361 0.787038 -0.624846 0.119239 0.771589 -0.729119 0.130863 0.671759 -0.758905 0.0883959 0.645174 -0.847301 0 0.531113 -0.847301 0 0.531113 -0.88113 0 0.472875 -0.88113 0 0.472875 -0.925761 0 0.378109 -0.925761 0 0.378109 -0.954779 0.0899992 0.283369 -0.962352 0.206258 0.177019 -0.965155 0.206859 0.160263 -0.954926 0.278637 0.102363 -0.500715 0.85875 0.108782 -0.4581 0.886255 0.0685326 -0.0368134 0.999321 0.00122687 -0.0747187 0.997096 0.0147147 -0.041722 0.999122 0.00368583 -0.195568 0.977771 0.0756094 0 1 0 0 1 0 0 1 0 0 1 0 0 1 0 0 1 0 0 1 0 0 1 0 -0.0196532 0.999216 -0.034361 -0.0378792 0.997185 -0.0647069 -0.0501109 0.995287 -0.0830175 -0.0634304 0.993334 -0.0962517 -0.110324 0.97547 -0.190492 -0.170949 0.939585 -0.296575 -0.211368 0.907311 -0.36347 -0.191135 0.921619 -0.337767 -0.166041 0.934445 -0.315028 -0.174299 0.0298058 0.984242 -0.174375 0.00387082 0.984672 -0.256681 0 0.966496 -0.256681 0 0.966496 0.13369 0.409784 0.902332 0.0289604 0.814098 0.580005 0.0203131 0.808839 0.58768 -0.0117333 0.80895 0.587761 -0.0298669 0.80807 0.588329 -0.0568589 0.807123 0.587639 -0.058533 0.807932 0.586361 -0.101432 0.787512 0.607895 -0.25661 0.52964 0.808476 -0.308023 0.289343 0.906313 -0.252963 0.113649 0.960778 -0.45552 0.0233146 0.88992 -0.381542 0.00181686 0.92435 -0.379072 0.113606 0.918367 -0.584212 0.0250076 0.811216 -0.406387 0.697623 0.590061 -0.337818 0.848135 0.408101 -0.351271 0.848832 0.395087 -0.524902 0.71832 0.456613 -0.31689 0.277204 0.90705 -0.375872 0.723139 0.579475 -0.723804 0.574816 0.3817 -0.870406 0.187728 0.45514 -0.86954 0.161655 0.466655 -0.844271 0.0844858 0.529214 -0.494679 0.786817 0.369069 -0.921063 0.100617 0.37619 -0.561455 0.786019 0.258732 -0.552402 0.800062 0.233995 -0.494233 0.847632 0.193013 -0.425738 0.881147 0.205738 -0.222229 0.969504 0.103326 -0.00738138 0.999966 0.00368894 -0.141027 0.984431 0.104917 -0.0772116 0.994311 0.0733701 0 0.999628 -0.0272717 -0.0322628 0.997703 -0.0595621 -0.0450625 0.995849 -0.0790816 -0.0647488 0.991559 -0.112328 -0.0872024 0.984518 -0.152054 -0.144816 0.950497 -0.274924 -0.254611 0.0038015 0.967036 -0.25668 0.00189969 0.966495 0.0261122 0.918913 0.393596 -0.019771 0.946033 0.323466 -0.0560708 0.919837 0.388274 -0.0215123 0.813669 0.58093 0.00184147 0.95107 0.308969 0 0.952151 0.305629 -0.0593074 0.812425 0.580042 -0.0735412 0.869188 0.488982 -0.0692756 0.909044 0.410902 -0.152612 0.900559 0.407066 -0.243677 0.833011 0.496703 -0.300219 0.81928 0.488516 -0.310362 0.857707 0.409895 -0.160819 0.948985 0.271227 -0.073234 0.992883 0.0939171 -0.0733608 0.994601 0.0733915 -0.358086 0.874799 0.326345 -0.434469 0.842951 0.317285 -0.445707 0.864754 0.2314 0.00193619 0.999991 0.00368179 -0.020876 0.998912 0.0417099 0 0 1 0 0 1 0 0 1 0 0 1 0 0 1 0 0 1 0 0 1 0 0 1 0 0 1 0 0 1 0 0 1 0 0 1 0 0 1 0 0 1 0 0 1 0 0 1 0 0 1 0 0 1 0 0 1 0 0 1 0 0 1 0 0 1 0 0 1 0 0 1 0 0 1 0 0 1 0 0 1 0 0 1 0 0 1 0 0 1 0 0 1 0 0 1 0 0 1 0 0 1 0 0 1 0 0 1 0 0 1 0 0 1 0 0 1 0 0 1 0 0 1 0 0 1 0 0 1 0 0 1 0 0 1 0 0 1 0 0 1 0 0 1 0 0 1 0 0 1 0 0 1 0 0 1 0 0 1 0 0 1 0 0 1 0 0 1 0 0 1 0 0 1 -0.992642 0.121085 -0.000441041 -0.999899 -0.0142223 -0.000476483 -0.999877 -0.0156444 -0.000713364 -0.986091 -0.166208 -0.000739201 -0.972276 0.233835 -0.000404732 -0.972675 0.232171 -0.000635538 -0.992472 0.122473 -0.000675541 -0.981385 0.121105 -0.149057 -0.981323 0.118282 -0.151703 -0.988163 -0.0140553 -0.152761 -0.988353 -0.0154641 -0.151388 -0.977412 -0.149174 -0.149712 -0.977088 -0.164924 -0.134535 -0.986052 -0.166437 -0.000778579 -0.963896 -0.266278 -0.000810083 -0.962436 -0.27151 -0.000227696 -0.947068 0.321034 0 -0.948416 0.317028 -0.000373764 -0.945231 0.315963 -0.0818902 -0.970156 0.23157 -0.0719258 -0.977012 0.152381 -0.14909 -0.953427 0.109968 -0.280864 -0.942439 0.200718 -0.267432 -0.938886 0.152846 -0.308433 -0.937895 0.0525805 -0.342912 -0.939155 -0.00911308 -0.343372 -0.941602 -0.0133931 -0.336462 -0.939833 -0.0627001 -0.335831 -0.956878 -0.148671 -0.249564 -0.932092 -0.239583 -0.27167 -0.976248 -0.169659 -0.134745 -0.931393 -0.216358 -0.292738 -0.963066 -0.266049 -0.0414813 -0.925785 -0.375027 -0.0477125 -0.926841 -0.375454 -0.000219275 -0.926298 -0.376791 -8.91419e-05 -0.906002 0.423273 0.000601442 -0.906324 0.422584 0 -0.906324 0.422584 0 -0.893085 0.416411 -0.170298 -0.893695 0.414328 -0.172166 -0.89267 0.409767 -0.187699 -0.902131 0.293651 -0.316115 -0.835193 0.106738 -0.539499 -0.8483 0.0566898 -0.526472 -0.825419 0.186115 -0.532959 -0.827248 0.345267 -0.443228 -0.804827 0.333401 -0.491016 -0.791727 0.322085 -0.519067 -0.794375 0.276919 -0.540634 -0.803514 0.243413 -0.543245 -0.823962 0.190166 -0.533783 -0.849626 -0.00978083 -0.527295 -0.840449 -0.0684267 -0.537553 -0.841382 -0.0352945 -0.539286 -0.803916 -0.201297 -0.559642 -0.797066 -0.2799 -0.53511 -0.885001 -0.340328 -0.317725 -0.791369 -0.296807 -0.534454 -0.785342 -0.314346 -0.533314 -0.784917 -0.320792 -0.530093 -0.831151 -0.37049 -0.414639 -0.874541 -0.439606 -0.204755 -0.876394 -0.446361 -0.180819 -0.884199 -0.450052 -0.125083 -0.883786 -0.452591 -0.118679 -0.890076 -0.455812 -0.0002156 -0.890374 -0.45523 -0.0001077 -0.868553 0.495595 0.000704224 -0.868146 0.49631 0 -0.86784 0.496844 -8.78277e-05 -0.86284 0.493982 -0.107182 -0.8843 0.436183 -0.166607 -0.839877 0.469201 -0.27287 -0.8479 0.379454 -0.370244 0 0 -1 0 0 -1 0 0 -1 0 0 -1 0 0 -1 0 0 -1 0 0 -1 0 0 -1 0 0 -1 0 0 -1 0 0 -1 0 0 -1 0 0 -1 0 0 -1 0 0 -1 0 0 -1 0 0 -1 0 0 -1 0 0 -1 0 0 -1 0 0 -1 0 0 -1 0 0 -1 0 0 -1 0 0 -1 0 0 -1 0 0 -1 0 0 -1 0 0 -1 0 0 -1 0 0 -1 0 0 -1 0 0 -1 0 0 -1 0 0 -1 0 0 -1 0 0 -1 0 0 -1 0 0 -1 0 0 -1 0 0 -1 0 0 -1 0 0 -1 0 0 -1 0 0 -1 0 0 -1 0 0 -1 0 0 -1 0 0 -1 0 0 -1 0 0 -1 0 0 -1 0 0 -1 0 0 -1 0 0 -1 0 0 -1 0 0 -1 0 0 -1 0 0 -1 0 0 -1 0 0 -1 0 0 -1 0 0 -1 -0.670195 0.485503 -0.56136 -0.746886 0.37341 -0.550206 -0.747201 0.372899 -0.550125 -0.783398 0.335245 -0.523352 -0.755955 0.587466 -0.288819 -0.714728 0.609498 -0.343041 -0.642867 0.535758 -0.547435 -0.833879 -0.420109 -0.357987 -0.741831 -0.391746 -0.544262 -0.708802 -0.471435 -0.524737 -0.827038 -0.43018 -0.361874 -0.821144 -0.495226 -0.283678 -0.854409 -0.517748 -0.0438556 -0.732852 -0.611528 -0.298265 -0.725543 -0.638326 -0.257152 -0.73866 -0.669181 -0.0811139 -0.739133 -0.668817 -0.0797831 -0.761339 -0.646696 -0.0463301 -0.855231 -0.518246 -0.000245134 -0.85408 -0.520142 0 -0.802719 0.596358 0 -0.802999 0.595981 -4.90408e-05 -0.797901 0.592197 -0.112499 -0.748202 0.642064 -0.167173 -0.744722 0.62906 -0.222874 -0.612406 0.55701 -0.56098 -0.713388 0.617978 -0.330426 -0.559245 0.610371 -0.560975 -0.563228 0.606539 -0.561146 -0.61987 0.71182 -0.330261 -0.61069 0.713289 -0.343914 -0.537493 0.64163 -0.547186 -0.648907 -0.541971 -0.53403 -0.656796 -0.537768 -0.528606 -0.718686 -0.614359 -0.325658 -0.762158 -0.647391 -0.000153164 -0.763063 -0.646324 0 -0.712153 -0.641835 -0.284404 -0.593604 -0.754146 -0.280888 -0.592135 -0.761715 -0.262993 -0.635475 -0.767897 -0.0806597 -0.741497 -0.670956 -0.000158737 -0.741497 -0.670956 -0.000158737 -0.623752 -0.780997 -0.0312606 -0.624057 -0.781379 -0.00018486 -0.624057 -0.781379 -0.000184861 -0.740637 0.671906 0 -0.740549 0.672002 -1.62188e-05 -0.732441 0.664645 -0.147572 -0.666526 0.730708 -0.147681 -0.643249 0.747018 -0.167915 -0.631069 0.743719 -0.220531 -0.485372 0.669991 -0.561717 -0.588245 0.755315 -0.288907 -0.37639 0.744758 -0.551059 -0.471274 0.838612 -0.273185 -0.381899 0.847003 -0.369784 -0.349804 0.827805 -0.438607 -0.333571 0.797033 -0.503457 -0.33452 0.785184 -0.521136 -0.636231 -0.55139 -0.53961 -0.48517 -0.70546 -0.516659 -0.483879 -0.717801 -0.500623 -0.55349 -0.7631 -0.333657 -0.614132 -0.567395 -0.548548 -0.521253 -0.655013 -0.54704 -0.510942 -0.668156 -0.540838 -0.498122 -0.684179 -0.532704 -0.552542 -0.771338 -0.315807 -0.446157 -0.844882 -0.295157 -0.37435 -0.910106 -0.177677 -0.367697 -0.917817 -0.1497 -0.389041 -0.917287 -0.0850415 -0.45529 -0.890329 -0.00504712 -0.6072 -0.794536 -0.00450409 -0.607206 -0.794544 -0.000187976 -0.674006 0.738726 9.19637e-05 -0.707107 0.707107 0 -0.673915 0.738809 0 -0.673915 0.738809 0 -0.59855 0.801086 0 -0.59855 0.801086 0 -0.594604 0.795805 -0.114635 -0.495648 0.861623 -0.109265 -0.43885 0.882787 -0.167626 -0.327323 0.789764 -0.518781 -0.281066 0.792803 -0.5408 -0.417497 0.892315 -0.171671 -0.41564 0.892862 -0.173324 -0.411859 0.891992 -0.18634 -0.297313 0.901881 -0.313394 -0.203533 0.942327 -0.265695 -0.152688 0.938478 -0.309749 -0.18402 0.825764 -0.533152 -0.190058 0.823597 -0.534384 -0.243311 0.803147 -0.543834 -0.337069 -0.768741 -0.543527 -0.478465 -0.713544 -0.511787 -0.482416 -0.717785 -0.502056 -0.417555 -0.846451 -0.330408 -0.373878 -0.87406 -0.310218 -0.259506 -0.940562 -0.219088 -0.281631 -0.947009 -0.154461 -0.240256 -0.860875 -0.448521 -0.223494 -0.864419 -0.450367 -0.390455 -0.920622 0 -0.390455 -0.920622 0 -0.262501 -0.959939 -0.098036 -0.263772 -0.964585 0 -0.263772 -0.964585 0 -0.455296 -0.89034 0 -0.455296 -0.89034 0 -0.605778 -0.795633 0 -0.597086 0.802177 0.00113987 -0.498634 0.866813 0 -0.498634 0.866813 0 -0.423788 0.905761 0 -0.423788 0.905761 0 -0.322679 0.946509 0 -0.320267 0.947327 -0.00022402 -0.319105 0.943889 -0.0851264 -0.233707 0.969433 -0.074709 -0.156587 0.976235 -0.149818 -0.123658 0.980911 -0.150076 -0.12053 0.980844 -0.153025 -0.111468 0.952409 -0.283711 -0.0524168 0.93586 -0.348452 -0.056737 0.849268 -0.524904 -0.110439 0.83483 -0.539316 -0.119153 0.833954 -0.538817 -0.241282 -0.813876 -0.528572 -0.244289 -0.813245 -0.528162 -0.180129 -0.847693 -0.498969 -0.16479 -0.849821 -0.500648 -0.133489 -0.931268 -0.339 -0.0454449 -0.997479 -0.0544979 -0.0811161 -0.996543 -0.0179419 -0.189619 -0.981542 -0.0248895 -0.0804722 -0.952965 -0.292202 -0.189677 -0.981847 0 -0.189677 -0.981847 0 -0.499872 0.866098 0.0012307 -0.237639 0.971353 -0.000229702 -0.234362 0.972149 -0.000689879 -0.125075 0.992147 -0.00070407 -0.125074 0.992147 -0.000704174 0.0156238 0.999878 -0.000709663 0.0156231 0.999878 -0.000709556 0.0154398 0.988142 -0.152762 0.0147155 0.988044 -0.153468 0.0126659 0.987968 -0.154136 0.0120384 0.939015 -0.343664 0.00971195 0.937674 -0.347381 0.00679487 0.937126 -0.348924 0.00783799 0.85069 -0.52561 0 0.850639 -0.525751 -0.113595 -0.844174 -0.523896 0.0126749 -0.955989 -0.293129 0.013784 -0.849593 -0.527259 0.0190276 -0.85071 -0.525291 0.0087824 -0.998472 -0.0545521 0.0158181 -0.95654 -0.291173 0.0128191 -0.999918 -0.000473128 -0.0811291 -0.996704 -0.000471607 0.0128043 -0.998762 -0.0480745 -0.0857324 -0.996318 0 0.166442 0.986051 -0.000699744 0.166443 0.986051 -0.00069985 0.164871 0.976737 -0.137123 0.150431 0.977014 -0.151042 0.148688 0.955144 -0.25611 0.0647034 0.93765 -0.341506 0.0139929 0.939527 -0.34219 0.0126173 0.939009 -0.343662 0.0102832 0.937669 -0.347379 0.0107248 0.850406 -0.526018 0.0250572 0.84598 -0.532625 0.0174667 -0.95592 -0.293108 0.0239291 -0.851345 -0.524061 0.0327377 -0.851057 -0.524053 0.0547828 -0.99755 -0.0434959 0.0170029 -0.998906 -0.043555 0.100104 -0.951263 -0.29168 0.017019 -0.999855 -0.000472991 0.0156238 -0.999878 -0.000317834 0.267097 0.963669 -0.000683964 0.266802 0.962603 -0.0470381 0.173024 0.975288 -0.13739 0.239366 0.932319 -0.271083 0.211588 0.931438 -0.296065 0.269871 0.800026 -0.535843 0.254194 0.801665 -0.541034 0.211463 0.805754 -0.553213 0.0702892 0.845029 -0.530081 0.0367784 0.845815 -0.532207 0.15487 -0.841239 -0.518008 0.161898 -0.841827 -0.514895 0.172388 -0.842695 -0.510047 0.195712 -0.853408 -0.483107 0.171945 -0.921797 -0.347456 0.0939236 -0.99557 -0.0042611 0.309804 -0.926793 -0.212311 0.331232 -0.931244 -0.15189 0.310294 -0.947409 -0.0783176 0.242534 -0.97012 -0.00662852 0.0939245 -0.995579 -0.000470968 0.0992395 -0.995064 0 0.27106 0.962563 -0.000227727 0.370943 0.928656 -0.000219704 0.370411 0.927322 -0.0535702 0.449241 0.88344 -0.133102 0.446231 0.877203 -0.177178 0.439724 0.87545 -0.200574 0.338334 0.886327 -0.316156 0.371987 0.828475 -0.418635 0.324721 0.783498 -0.529799 0.316828 0.784053 -0.533743 0.284261 -0.790626 -0.542315 0.268574 -0.803691 -0.530988 0.213114 -0.835849 -0.505904 0.212031 -0.851218 -0.480074 0.261504 -0.869156 -0.419743 0.278956 -0.87932 -0.385979 0.24254 -0.970142 0 0.24254 -0.970142 0 0.389832 -0.879416 -0.273237 0.400822 -0.904208 -0.14748 0.31125 -0.950328 -0.000224832 0.417566 -0.898762 -0.133659 0.421347 -0.906899 -0.000214558 0.421347 -0.9069 -0.000214557 0.31 -0.950737 0 0.371852 0.928292 -0.000131645 0.455996 0.889982 -0.000102674 0.456593 0.889676 -0.000210577 0.453081 0.882833 -0.12379 0.66861 0.73849 -0.087135 0.637353 0.724289 -0.263035 0.615088 0.730306 -0.297187 0.494207 0.822374 -0.281886 0.519404 0.853142 -0.0486626 0.644034 0.763286 -0.0511384 0.422275 0.828892 -0.366908 0.418379 0.831515 -0.365434 0.460437 0.713901 -0.527582 0.393531 0.741249 -0.543767 0.376202 0.752373 -0.540747 0.298528 -0.783581 -0.544868 0.498045 -0.815389 -0.295114 0.389797 -0.733721 -0.556517 0.484879 -0.691525 -0.535431 0.542137 -0.749713 -0.379497 0.515087 -0.84329 -0.153454 0.501024 -0.85367 -0.142205 0.506168 -0.862435 -0.000204038 0.520021 0.854153 -0.000201989 0.52002 0.854154 -0.00020217 0.673913 0.73881 -0.000159437 0.671562 0.736233 -0.083463 0.644878 0.764286 -0.000180735 0.646143 0.763216 0 0.672964 0.739676 0 0.767783 0.635336 -0.0828097 0.760226 0.591338 -0.269026 0.754353 0.592496 -0.282667 0.640292 0.712901 -0.286003 0.61756 0.718341 -0.320321 0.538091 0.653553 -0.532284 0.539676 0.650557 -0.534346 0.549777 -0.74812 -0.371566 0.584635 -0.795554 -0.159046 0.495151 -0.678408 -0.54276 0.517901 -0.659285 -0.545089 0.606801 -0.607257 -0.512866 0.63697 -0.637353 -0.433648 0.611168 -0.695929 -0.377035 0.607011 -0.782393 -0.13928 0.612986 -0.790094 0 0.612986 -0.790094 0 0.507992 -0.861362 0 0.647213 0.762308 0.000919664 0.779486 0.62642 -0.000148168 0.779315 0.626632 -0.000184373 0.672015 0.740537 0.000954915 0.778534 0.626004 -0.0447677 0.888431 0.458931 -0.0085312 0.917154 0.38767 -0.0924189 0.917664 0.367559 -0.150974 0.908616 0.374853 -0.184124 0.848885 0.439445 -0.293738 0.768643 0.555946 -0.316406 0.797525 0.603216 -0.00921019 0.762288 0.556731 -0.330103 0.711134 0.480506 -0.513228 0.683303 0.497468 -0.534436 0.654505 0.520048 -0.548792 0.567455 0.612507 -0.5503 0.548035 0.639352 -0.539339 0.652167 -0.742614 -0.152323 0.63974 -0.755652 -0.140436 0.657808 -0.520395 -0.544498 0.694711 -0.61204 -0.377868 0.676386 -0.497972 -0.542701 0.69088 -0.486651 -0.534655 0.747589 -0.542505 -0.383143 0.745413 -0.552785 -0.372544 0.741584 -0.653335 -0.152338 0.646144 -0.763216 0 0.646144 -0.763216 0 0.797294 0.603591 -0.000142767 0.797558 0.603242 -0.00018869 0.888463 0.458948 -0.000210196 0.889463 0.457007 0 0.921096 0.389336 0 0.921096 0.389336 0 0.964248 0.265001 0 0.96436 0.264593 -6.25916e-05 0.958707 0.263042 -0.108118 0.947256 0.280036 -0.155843 0.85925 0.240589 -0.451449 0.873195 0.372313 -0.314505 0.941225 0.259965 -0.215671 0.862547 0.225031 -0.453181 0.85061 0.408467 -0.331086 0.716659 0.472808 -0.512691 0.769023 0.337562 -0.542821 0.755599 -0.639996 -0.139552 0.763066 -0.646321 0 0.763066 -0.646321 0 0.793118 -0.588162 -0.158205 0.779878 -0.610403 -0.138558 0.734251 -0.388957 -0.556406 0.789126 -0.287182 -0.542961 0.804069 -0.269358 -0.530018 0.866077 -0.262818 -0.42525 0.87669 -0.280716 -0.390657 0.876836 -0.395396 -0.273533 0.817429 -0.495541 -0.293684 0.845196 -0.512374 -0.152042 0.982557 0.185964 -4.39909e-05 0.982967 0.183784 -0.000232553 0.982543 0.183704 -0.0293752 0.996082 0.0857526 -0.0216344 0.997022 0.0495626 -0.0590768 0.952831 0.0840183 -0.291642 0.93243 0.132714 -0.336097 0.814249 0.244225 -0.526642 0.846332 0.18263 -0.500368 0.815491 0.238278 -0.527445 0.772437 0.331107 -0.541949 0.8486 0.1668 -0.502052 0.787474 -0.616348 0 0.787474 -0.616348 0 0.852582 -0.502358 -0.144018 0.861563 -0.50765 -0.000203832 0.860495 -0.509459 0 0.840032 -0.161488 -0.517947 0.841487 -0.178953 -0.509779 0.835084 -0.216099 -0.505901 0.848702 -0.215172 -0.483122 0.850955 -0.199074 -0.486051 0.921774 -0.173142 -0.346921 0.926624 -0.311617 -0.210388 0.93099 -0.331964 -0.151846 0.90169 -0.406603 -0.147067 0.897271 -0.420059 -0.135851 0.996124 0.0879555 -0.000235666 0.996315 0.0857727 -0.000471423 0.999898 -0.0142425 -0.000473118 0.998481 -0.0142223 -0.0532376 0.998195 -0.0104201 -0.0591463 0.956065 -0.0175241 -0.292631 0.955915 -0.0177984 -0.293104 0.849968 -0.0245539 -0.526262 0.84794 -0.0150293 -0.529878 0.842568 0.113376 -0.526521 0.905667 -0.423989 -0.000214263 0.905667 -0.423989 -0.000214266 0.839628 -0.156812 -0.520034 0.849654 -0.0339901 -0.526244 0.950969 -0.103122 -0.291587 0.969551 -0.244438 -0.014862 0.946007 -0.312515 -0.0860501 0.996875 -0.0584338 -0.053152 0.99485 -0.100778 -0.0108666 0.949529 -0.313678 -0.000224643 0.999877 -0.0156667 -0.000236554 0.994908 -0.100784 -0.000235379 0.94995 -0.312403 0 0.994646 -0.103341 0 0.969658 -0.244465 0 0.969658 -0.244465 0 0 -0.9996 -0.0282666 0 -1 0 0 -1 0 0 -1 0 0 -1 0 0 -1 0 0 -1 0 0 -1 0 0 -1 0 0 -1 0 -0.00690013 -0.999577 -0.0282659 0.00360575 -0.978666 -0.205428 0.00480924 -0.978902 -0.204276 0.00491013 -0.999437 -0.033177 -0.0234815 -0.997786 -0.0622298 -0.0896409 -0.974732 -0.204603 0.0110509 -0.999695 -0.0221061 0.0110509 -0.999695 -0.0221061 0.0110476 -0.999389 -0.0331753 -1 0 0 -1 0 0 -1 0 0 -1 0 0 -1 0 0 -1 0 0 -1 0 0 -1 0 0 -1 0 0 -1 0 0 -1 0 0 -1 0 0 -1 0 0 -1 0 0 -1 0 0 -1 0 0 -1 0 0 0.00238963 -0.973054 -0.230564 0.00358714 -0.973617 -0.228161 -0.107489 -0.96742 -0.229229 0.0302594 -0.973177 -0.228058 0.0323945 -0.978399 -0.204171 0.0570354 -0.992457 -0.108514 0.0390024 -0.996614 -0.0723815 0.0221168 -0.998776 -0.0442419 -0.166133 -0.940094 -0.297698 0.011051 -0.999695 -0.0220886 -0.00335327 -0.999988 0.00368858 -0.237059 -0.873084 -0.42606 0 0 -1 0 0 -1 0 0 -1 0 0 -1 0 0 -1 0 0 -1 1 0 0 1 0 0 1 0 0 1 0 0 1 0 0 1 0 0 1 0 0 1 0 0 1 0 0 1 0 0 1 0 0 1 0 0 0.0547356 -0.997251 -0.0499529 0.039056 -0.997982 -0.0500578 -0.319424 -0.764414 -0.560036 -0.00335319 -0.999964 0.00782352 -0.00405639 -0.999945 0.00972179 -0.0191138 -0.99866 0.0480875 -0.0816188 -0.977217 0.195921 -0.177198 -0.904473 0.387982 -0.323947 -0.756398 -0.568262 0 1 0 0 1 0 0 1 0 0 1 0 0 1 0 -0.476279 -0.382237 -0.791867 -0.00859471 -0.999631 0.0257685 -0.0110005 -0.999472 0.0305758 -0.184439 -0.893488 0.409465 -0.0135591 -0.999224 0.0369727 -0.0461977 -0.989787 0.134864 -0.0814687 -0.975419 0.204746 -0.141083 -0.91162 0.386064 -0.182035 -0.867526 0.462885 -0.200832 -0.864291 0.461159 -0.473964 -0.211874 -0.854674 0 0.975686 0.219174 0 -0.975686 0.219175 -0.00838847 -0.975644 0.219202 -0.0450946 -0.966154 0.253995 -0.281264 -0.723868 0.630005 -0.397671 -0.382244 0.834115 -0.138213 -0.893078 0.428145 -0.149962 -0.873509 0.463134 -0.184166 -0.846433 0.499635 -0.213129 -0.781827 0.585937 -0.275859 -0.646826 0.710998 -0.281374 -0.636729 0.717917 -0.00335269 0.999988 0.00368794 -0.00859471 0.999631 0.0257685 -0.00838847 0.975644 0.219201 -0.045094 0.966154 0.253994 -0.138214 0.893077 0.428147 -0.149324 0.874624 0.461233 -0.152576 0.840156 0.520441 -0.153196 -0.83859 0.522779 -0.398771 -0.367271 0.840294 -0.391045 -0.124641 0.911893 -0.398985 -0.133199 0.907232 -0.214929 -0.73257 0.645869 -0.265052 -0.550878 0.791379 -0.377147 -0.0447107 0.925073 -0.382701 -0.0630926 0.921716 -0.383338 -0.0665829 0.921205 -0.294913 -0.260641 0.919289 -0.303249 -0.14938 0.94113 -0.322966 -0.0308951 0.945906 -0.366289 -0.0325265 0.929933 -0.00405498 0.999945 0.00971819 -0.00335261 0.999964 0.00782216 -0.177222 0.904447 0.38803 -0.0816188 0.977217 0.195921 -0.0191149 0.99866 0.0480904 -0.0109999 0.999472 0.0305746 -0.0135597 0.999224 0.0369746 -0.0461971 0.989787 0.134862 -0.0814687 0.975419 0.204745 -0.141083 0.911619 0.386065 -0.180862 0.868933 0.460701 -0.183026 0.848066 0.497278 -0.21401 0.73519 0.643191 -0.212123 0.783634 0.583885 -0.265052 0.550877 0.791379 -0.294806 0.262808 0.918706 -0.275622 0.178994 0.944454 -0.275941 -0.178657 0.944425 -0.40257 -0.00322643 0.915384 -0.384191 0 0.923254 -0.384191 0 0.923254 -0.402064 0 0.915612 -0.402064 0 0.915612 -0.366483 0 0.930425 -0.366483 0 0.930425 -0.377525 0 0.925999 -0.377525 0 0.925999 -0.383465 0 0.923556 -0.383465 0 0.923556 -0.323114 -0.00601545 0.946341 -0.324624 0 0.945843 -0.324624 0 0.945843 -0.397827 0.381213 0.834512 -0.282502 0.721131 0.632584 -0.199801 0.865688 0.458981 -0.282368 0.634888 0.719157 -0.275859 0.646826 0.710998 -0.391059 0.125148 0.911817 -0.383335 0.0667336 0.921196 -0.382697 0.0632355 0.921707 -0.377146 0.0448121 0.925069 -0.366288 0.0326004 0.92993 -0.322965 0.0309652 0.945904 -0.303307 0.149317 0.941121 -0.323114 0.00601544 0.946341 -0.398958 0.133698 0.90717 -0.40257 0.00290941 0.915385 0.00107188 0 0.999999 1 0 0 1 0 0 1 0 0 0 1 0 0 1 0 0 1 0 0 1 0 0 1 0 0 1 0 0 1 0 0 1 0 0.000778969 0.000355167 1 0.00414285 -0.0284538 0.999587 0 0 1 0 0 1 0 -1 0 0 -1 0 0 -1 0 0 -1 0 0 -1 0 0 -1 0 0 -1 0 0 -1 0 0 -1 0 0 0 -1 0 0 -1 -0.838317 -0.544591 -0.0253864 -0.662259 -0.443922 -0.603611 -0.00182761 -0.00202314 -0.999996 -0.651313 -0.435923 -0.621098 -0.621523 -0.426661 -0.657016 -0.616707 -0.426681 -0.661525 -0.101746 -0.274086 -0.956308 -0.0110139 -0.0254769 -0.999615 -0.530221 -0.422589 -0.73504 -0.233145 -0.322364 -0.917456 -0.356502 -0.382115 -0.852581 -0.444723 -0.407332 -0.797686 -0.152102 -0.294845 -0.943362 0.00123806 -0.99995 -0.0099036 0.000640984 -0.99999 -0.00450579 0 -1 0 0 -1 0 0 -1 0 -1 0 0 -1 0 0 -1 0 0 0 -0.999266 -0.0383193 0.000387805 -0.999271 -0.0381837 0.00109618 -0.999292 -0.0375988 0.00438935 -0.999374 -0.0351117 0.026837 -0.999636 -0.00289229 0.00810446 -0.999966 -0.00128238 0.00064099 -0.999999 -0.00128242 0.0717385 -0.997149 -0.0234215 0 0 1 0 0 1 0 0 1 0 0 1 0 0 1 0 0 1 0 0 1 0 0 1 0 0 1 0 0 1 0 0 -1 0 0 -1 0 0 -1 0 0 -1 0 0 -1 0 0 -1 0 0 -1 0 0 -1 0 0 -1 0 0 -1 0.00133686 -0.991298 -0.131627 1 0 0 1 0 0 1 0 0 1 0 0 1 0 0 1 0 0 1 0 0 0.335462 -0.942054 0 0.107675 -0.993985 -0.0200105 -0.00256296 0.999536 0.0303661 -0.0264104 0.999465 0.0193145 -0.0322872 0.999336 0.0169017 -0.056303 0.998388 0.00713905 -0.076447 0.997074 0 0 0.999497 0.0317008 0.427508 -0.903886 0.0150609 0.365701 -0.930687 0.00922736 0.0320212 0.999125 0.0268908 0.0992483 0.994801 0.0228326 0.062337 0.997765 0.0240641 0.784945 -0.616774 0.0587414 0.722123 -0.689743 0.0528424 0.999975 -0.00316256 0.00639167 0.999968 -0.00424794 0.00675645 0.999471 -0.0271612 0.0178871 0.979717 -0.194212 0.0493547 0.859293 -0.506647 0.070182 0 0 -1 0 0 -1 0 0 -1 -0.0999574 -0.104076 -0.989534 -0.104418 -0.0741442 -0.991766 -0.104628 -0.0724334 -0.99187 -0.10582 -0.0322267 -0.993863 0 1 0 0 1 0 0 1 0 0 1 0 0 1 0 0 1 0 0 1 0 0 1 0 0 1 0 0 1 0 0 1 0 0 1 0 0 1 0 0 1 0 0 1 0 0 1 0 0 1 0 0 1 0 0 1 0 0 1 0 1 0 0 1 0 0 1 0 0 1 0 0 1 0 0 1 0 0 1 0 0 -0.0986599 -0.11298 -0.988687 -0.174274 -0.127634 -0.97639 -0.106315 -0.0741294 -0.991565 -0.0979317 -0.120427 -0.98788 -0.00165089 -0.999754 -0.0221015 0 -1 0 0 -1 0 0 -1 0 0 -1 0 0 -1 0 0 -1 0 0 -1 0 0 -1 0 0 -1 0 0 -1 0 0 -1 0 0 -1 0 0 -1 0 0 -1 0 0 -1 0 0 -1 0 0 -1 0 0 -1 0 0 -1 0 0 -1 0 0 -1 0 0 -1 0 0 -1 0 0 -1 0 0 -1 0 0 -1 0 0 -1 0 0 -1 0 -0.263624 -0.139778 -0.954445 -0.159988 -0.0319913 -0.9866 -0.241732 -0.140606 -0.960102 0.759476 0.504287 0.410963 0.923646 -0.00931755 0.383133 0.283705 0.928527 0.239478 0.467078 0.816859 0.338497 0.00882311 -0.999959 0.00221142 0.00203529 -0.999998 3.33095e-06 0.002026 -0.999998 0 0.00177394 -0.999998 -0.000322339 0.00133816 -0.999999 -0.00103683 0.000921863 -0.999998 -0.00187772 0.000705987 -0.999997 -0.00236878 0.00063021 -0.999996 -0.0025921 0.000203017 -0.99999 -0.00445589 2.59159e-05 -0.999985 -0.00539497 0 -0.999985 -0.00555327 -9.30181e-06 -0.999984 -0.0056413 -0.388985 -0.297289 -0.871957 -0.469594 -0.280261 -0.837219 -0.469649 -0.280145 -0.837227 -0.473032 -0.255262 -0.843257 -0.462932 -0.239508 -0.853422 -0.380484 -0.162798 -0.910346 0.446117 0.80292 0.395347 0.0211081 -0.999757 0.00639757 0.535382 -0.823873 0.186009 0.832583 -0.458761 0.310394 0.83973 -0.443079 0.313902 0.924618 -0.0420418 0.378567 0.116199 0.846022 0.520331 0.16666 0.86535 0.472645 0.0718601 0.837523 0.541656 0.168536 0.850303 0.498579 0.226614 0.831861 0.506609 0.397081 0.80615 0.438691 0.446081 0.802909 0.39541 -0.538142 -0.338303 -0.771981 -0.501762 -0.260105 -0.824973 -0.624534 -0.345347 -0.700495 -0.615208 -0.322971 -0.719172 -0.594018 -0.305217 -0.744302 -0.56042 -0.279866 -0.77949 -0.472959 -0.237115 -0.848579 0.126615 0.844937 0.519663 0.0463133 0.823211 0.565843 0 0 1 0 0 1 0 0 1 0 0 1 0 0 1 0 0 1 0 0 1 -0.0307713 0.794809 0.606079 0.0265059 0.813754 0.580605 -0.633122 -0.357287 -0.68666 -0.664042 -0.325071 -0.673333 -0.644609 -0.362366 -0.673179 -0.7142 -0.359969 -0.600283 -0.697628 -0.33076 -0.635542 -0.651964 -0.30766 -0.693028 -0.0658327 0.703893 0.707248 -0.0665358 0.701714 0.709345 -0.211173 0.213291 0.953894 -0.285167 -0.140031 0.948194 -0.669416 -0.406581 -0.621751 -0.702691 -0.406286 -0.584086 -0.720054 -0.379038 -0.58125 -0.721928 -0.373105 -0.582763 -0.717441 -0.36273 -0.594731 -0.183122 0.322445 0.928706 -0.144503 0.448789 0.881877 -0.844157 -0.414524 0.339954 -0.853207 -0.443876 0.273882 -0.847562 -0.466245 -0.253484 -0.815636 -0.43722 -0.378916 -0.727764 -0.378118 -0.572177 -0.888832 -0.452753 0.0706526 -0.884088 -0.459941 0.0827258 -0.879563 -0.469153 0.0791452 -0.876728 -0.467641 -0.112514 -0.881242 -0.454833 -0.128607 -0.882363 -0.453648 -0.125058 -0.900457 -0.430991 0.0585169 -0.892593 -0.446952 0.0592661 -0.882835 -0.469682 -0.000866457 -0.882331 -0.470629 0 -0.894163 -0.447738 0.00196814 -0.88952 -0.456896 -0.000873018 -0.882331 -0.470629 -0.000937788 -0.882665 -0.453375 -0.123911 -0.891695 -0.435842 -0.122151 -0.902001 -0.43173 0.00206624 -0.898421 -0.43913 0.00195837 0 0 -1 0 0 -1 0 -1 0 0 -1 0 0 -1 0 0 -1 0 0 -1 0 0 -1 0 0 -1 0 -1 0 0 -1 0 0 -1 0 0 0 1 0 0 1 0 0 1 0 0 1 0 0 1 0 0.973072 0.230487 -0.00273009 0.0968629 -0.326773 0.940126 0.971388 0.237463 0.00408793 0.192357 -0.0750289 0.978453 0.224289 -0.0469956 0.973389 0.364544 0.0932722 0.926503 0.376239 0.126107 0.9179 0.969939 0.237109 0.0547597 0.0995504 -0.321771 0.94157 0.963903 0.245573 0.102884 0.969445 0.2377 0.0606152 0.913936 0.230392 0.334128 0.884298 0.226709 0.40819 0.664549 0.268822 0.697216 0.725866 0.339744 0.598073 0.956687 0.246789 0.15442 0.926826 0.238533 0.289992 0.00121861 -0.99662 0.0821448 -0.130149 -0.963978 0.231965 -1 0 0 -1 0 0 -1 0 0 -1 0 0 -1 0 0 -1 0 0 -1 0 0 -1 0 0 -1 0 0 -1 0 0 -1 0 0 -1 0 0 -1 0 0 -1 0 0 -1 0 0 -1 0 0 -1 0 0 -1 0 0 -1 0 0 -1 0 0 -1 0 0 -1 0 0 0.0323483 -0.999174 -0.0246059 0.0435722 -0.99905 0 0.0311214 -0.99875 0.0391261 0 0 1 0 0 1 0 0 1 0 0 1 0 0 1 0 0 1 -0.235328 -0.883526 0.404973 -0.2381 -0.880881 0.409092 -0.0401921 -0.992754 -0.113244 0 -0.995331 -0.0965159 0.0130757 -0.997631 -0.0675334 0.190031 -0.000904192 -0.981778 1 0 0 1 0 0 1 0 0 1 0 0 -0.325244 -0.756953 0.566779 -0.381998 -0.654763 0.652199 -0.0595561 -0.990614 -0.123035 -0.100682 -0.984412 -0.144207 0 0 -1 0 0 -1 0 0 -1 0 0 -1 0 0 -1 0 0 -1 0 0 -1 0 0 -1 0 0 -1 0 0 -1 0 0 -1 0 0 -1 0 0 -1 0 1 0.000143273 -0.47119 -0.279214 0.836672 -0.468089 -0.209264 0.858546 -0.191338 -0.967279 -0.166619 -0.257615 -0.939019 -0.227766 -0.513211 -0.468549 -0.71908 -0.000135797 1 -9.28905e-05 -0.000110127 1 0 -0.000110127 1 0 -0.765112 -0.39879 -0.50554 -0.758546 -0.358745 -0.543977 -0.770391 -0.326817 -0.547437 -0.811584 -0.0934843 -0.576709 -0.28765 0.919168 -0.26905 -0.282573 0.92226 -0.263797 -0.0376455 0.998959 -0.025751 -0.817905 -0.0856808 -0.568938 -0.820921 -0.00222846 -0.571037 -0.820904 -0.00219711 -0.571062 -0.294576 0.916097 -0.272013 -0.360452 0.883504 -0.299156 -0.821025 -0.00135901 -0.570891 -0.820804 0 -0.57121 -0.820804 0 -0.57121 -0.518231 0.711973 -0.473847 -0.51159 0.741932 -0.433373 -0.503015 0.752457 -0.425188 -0.820735 0.0129817 -0.571162 -0.819999 0.0142563 -0.572188 -0.534151 0.506598 -0.676787 -0.809079 0.281419 -0.51594 -0.817649 0.296691 -0.493381 -0.820803 0.0172723 -0.57095 -0.801542 0.216024 -0.557552 0.0598015 0.995847 0.0686455 0.0609357 0.995928 0.0664348 0 0 -1 0 0 -1 0 0 -1 0 0 -1 0 0 -1 0 0 -1 0 0 -1 0 0 -1 0 0 -1 0 0 -1 0 0 -1 0 0 -1 0 0 -1 0 0 -1 0 0 -1 0 0 -1 0 0 -1 0 0 -1 0 0 -1 0 0 -1 0 0 -1 0 0 -1 0 0 -1 0 0 -1 0 0 -1 0 0 -1 0 0 -1 0 0 -1 0 0 -1 0 0 -1 0 0 -1 0 0 -1 0 0 -1 0 0 -1 0 0 -1 0 0 -1 0 0 -1 0 0 -1 0 0 -1 0 0 -1 0 0 -1 0 0 -1 0 0 -1 0 0 -1 0 0 -1 0 0 -1 0 0 -1 0 0 -1 0 0 -1 0 0 -1 0 0 -1 0 0 -1 0 0 -1 -0.116528 0.990836 0.0683001 -0.116751 0.990795 0.0685176 -0.111076 0.942627 0.314826 -0.082913 0.934151 0.347113 0.0453403 0.936414 0.347954 0.0564602 0.940206 0.335894 0.160424 0.929511 0.332073 0.205864 0.940956 0.268741 0.230301 0.950892 0.2068 0.234896 0.969865 0.0646962 0.243404 0.968767 0.0473856 -0.123547 0.990421 0.0616642 -0.286323 0.956281 0.0595387 -0.286362 0.956267 0.0595761 -0.281716 0.940754 0.188725 -0.175855 0.933716 0.31185 -0.192068 0.87835 0.437735 -0.106877 0.889887 0.443484 -0.088066 0.900654 0.425519 0.0404227 0.903428 0.42683 0.0482143 0.905157 0.422335 0.0674965 0.899834 0.43098 0.164452 0.889611 0.426084 0.171037 0.889922 0.42283 0.231438 0.863495 0.448122 0.544873 0.832942 0.0965496 0.344293 0.935202 0.082829 0.261595 0.841295 0.473066 0.32093 0.810668 0.489716 0.392686 0.779178 0.488549 0.545985 0.72476 0.420266 0.601741 0.769203 0.215021 0.594595 0.784659 0.175407 0.345116 0.937439 0.0458532 0.359263 0.932841 0.0271646 -0.307684 0.950733 0.037906 -0.387711 0.920896 0.0403704 -0.379352 0.90104 0.210283 -0.492069 0.796175 0.352099 -0.484021 0.778589 0.399404 -0.481023 0.775758 0.408432 -0.291827 0.819181 0.493741 0 0 1 0 0 1 0 0 1 0 0 1 0 0 1 0 0 1 0 0 1 0 0 1 0 0 1 0 0 1 0 0 1 0 0 1 0 0 1 0 0 1 0 0 1 0 0 1 0 0 1 0 0 1 0 0 1 0 0 1 0 0 1 0 0 1 0 0 1 0 0 1 0 0 1 0 0 1 0 0 1 0 0 1 0 0 1 0 0 1 0 0 1 0 0 1 0 0 1 0 0 1 0 0 1 0 0 1 0 0 1 0 0 1 0 0 1 0 0 1 0 0 1 0.546944 0.836109 0.0421234 0.60334 0.796198 0.04527 0.602455 0.796974 0.043355 0.601692 0.797595 0.0425355 0.539138 0.841653 0.0308353 0.562464 0.70169 0.437339 0.621292 0.643423 0.447217 0.679099 0.608632 0.410356 0.716355 0.649654 0.254531 0.699432 0.680622 0.218058 0.599796 0.66058 0.45153 0.71592 0.696666 0.0459973 0.715918 0.696668 0.0459937 -0.393092 0.918855 0.0344054 -0.591386 0.805385 0.0402136 -0.584043 0.795385 0.162037 -0.769062 0.630262 0.106368 -0.787245 0.596106 0.15781 -0.788998 0.49637 0.362076 -0.78137 0.492921 0.38274 -0.554196 0.650333 0.519551 -0.536785 0.666682 0.517104 -0.487225 0.767442 0.416708 -0.621858 0.775916 0.106053 0.736851 0.478815 0.47727 0.786773 0.391662 0.477063 0.852578 0.335752 0.400476 0.895157 0.317594 0.312775 0.877515 0.452324 0.15928 0.77994 0.601745 0.172036 0.790911 0.61021 0.0458519 -0.592186 0.804862 0.038909 -0.60044 0.79903 0.0319826 -0.624464 0.780429 0.0312381 -0.625069 0.779922 0.0317849 -0.625372 0.779691 0.0314907 -0.773064 0.633542 0.0315843 -0.773103 0.633498 0.0314969 -0.791467 0.610361 0.0322451 -0.796305 0.603715 0.0377724 -0.796641 0.603221 0.038571 -0.915643 0.400668 0.0326183 -0.919818 0.389785 0.044749 -0.898677 0.380827 0.217602 -0.914192 0.346534 0.210158 -0.855124 0.240954 0.459024 -0.82663 0.285764 0.484791 -0.789231 0.44979 0.418095 -0.782831 0.481199 0.394492 0.795618 0.604677 0.0368326 0.898228 0.261243 0.353467 0.896011 0.273198 0.350037 0.899702 0.302838 0.314364 0.88807 0.457765 0.0422128 0.94351 0.327733 0.0487914 0.943077 0.329539 0.0448274 0.886087 0.462237 0.0344461 -0.92045 0.388296 0.0447094 -0.923843 0.378761 0.0552614 -0.920997 0.356403 0.157295 -0.72166 -0.119583 0.681841 -0.739794 -0.0520041 0.670821 -0.746393 -0.0324947 0.664712 -0.798431 0.101135 0.593531 0.896808 0.15179 0.415566 0.903262 0.239574 0.355981 0.974904 0.167184 0.147011 0.964179 0.262131 0.0405668 0.967131 0.254224 0.00521794 -0.705861 -0.180041 0.685088 -0.718956 -0.127607 0.683242 0.905476 -0.0637487 0.419583 0.984032 -0.0798259 0.159091 0.998343 0.00212268 0.057511 0.997331 0.0450544 0.0574527 0.917172 -0.127207 0.377643 0.999303 0.0305723 0.0214416 0.99939 0.0349289 0.000716909 -0.58389 -0.490869 0.646622 -0.59115 -0.468959 0.656216 -0.642648 -0.32233 0.695059 -0.666494 -0.261862 0.698007 -0.689657 -0.208905 0.693348 0.906926 -0.197433 0.372164 0.963738 -0.260933 0.0558921 0.984036 -0.173607 0.039167 0.897641 -0.268929 0.349167 0.98431 -0.172433 0.0374282 0.988529 -0.149502 0.0214359 0.999901 -0.00848599 0.0112468 0.999843 0 0.0177162 0.999768 0.00195494 0.0214516 -0.548381 -0.542684 0.636217 -0.549011 -0.541462 0.636714 -0.566052 -0.514351 0.644227 0.896743 -0.271138 0.349765 0.962596 -0.266266 0.0501124 0.96356 -0.262013 0.0538611 0.881032 -0.315847 0.352171 0.878313 -0.4146 0.23806 0.903221 -0.426357 0.0491107 0.904218 -0.42447 0.0470732 -0.525851 -0.564854 0.635941 -0.402746 -0.616431 0.676616 0.774863 -0.42521 0.467743 0.726546 -0.559326 0.399106 0.736611 -0.571844 0.361107 0.835765 -0.488903 0.249943 0.862069 -0.50429 0.0502822 0.903119 -0.426605 0.0488322 -0.275287 -0.693914 0.665357 -0.331592 -0.650462 0.683334 0.626146 -0.620411 0.472262 0.666507 -0.687682 0.287859 0.697127 -0.656685 0.287714 0.564186 -0.723329 0.398106 0.57444 -0.731651 0.367022 0.7272 -0.685014 0.0439988 0.858107 -0.511854 0.0407129 -0.25682 -0.706741 0.659212 -0.201704 -0.725678 0.657804 0.434888 -0.771169 0.464942 0.695194 -0.717456 0.0442978 0.695279 -0.717368 0.044384 0.490437 -0.833351 0.254947 0.506511 -0.860663 0.0520249 0.515387 -0.855988 0.0407676 0.70513 -0.70822 0.0348789 0.718961 -0.694175 0.0348798 0.726954 -0.685311 0.0434523 0.327851 -0.876606 0.352245 0.421114 -0.873584 0.243953 -0.0317866 -0.806078 0.590954 -0.138254 -0.749132 0.647833 0.301116 -0.879081 0.369521 0.308307 -0.879579 0.362335 0.322995 -0.878458 0.352116 0.433675 -0.899642 0.0506957 0.432824 -0.900164 0.0486677 0.432266 -0.900465 0.0480525 0.428807 -0.902112 0.0481404 0.0366268 -0.820549 0.570401 0.0582227 -0.824102 0.563441 0.203279 -0.863806 0.460996 0.289009 -0.879274 0.378618 0.299414 -0.88152 0.365066 0.042161 0.987534 -0.151655 0.0324072 0.987477 -0.154399 0 1 0 0 1 0 0 1 0 0 1 0 0 1 0 0 1 0 0 1 0 0 1 0 0.000639352 0.999955 0.00942535 0.161696 0.986841 0 0.0509116 0.987408 -0.14978 0.0504689 0.987396 -0.150008 0 0 1 0 0 1 0 0 1 0 0 1 0 0 1 0 0 1 0 0 1 0 0 1 0 0 1 0 0 1 0 0 1 0 0 1 0 0 1 0 0 1 0.0827763 0.965496 -0.246914 0.0773295 0.901965 -0.424828 0.0618955 0.902939 -0.425287 0.0328482 0.937226 -0.347173 0.0193043 0.954681 -0.297003 0.0199602 0.987121 -0.158723 0.0253539 0.987317 -0.156721 1 0 0 1 0 0 1 0 0 1 0 0 1 0 0 1 0 0 1 0 0 1 0 0 1 0 0 1 0 0 1 0 0 0.134253 0.920973 -0.365767 0.0966621 0.956892 -0.273886 0.135246 0.86544 -0.482413 0.163355 0.861732 -0.480347 0.151956 0.597293 -0.787497 0.0902766 0.754613 -0.64993 0.0673813 0.81406 -0.576859 0.0384769 0.81531 -0.577745 0.0288753 0.82387 -0.566042 0.00650281 0.824197 -0.566266 0.00554328 0.824998 -0.565108 0.00648579 0.965271 -0.261171 0.00130387 0.97036 -0.241662 0.00132552 0.98647 -0.163936 0.00137861 0.986473 -0.163916 0.0190966 0.9871 -0.158961 -0.0574647 0.987448 -0.147119 -0.0686822 0.987569 -0.141385 -0.0876901 0.988106 -0.126323 -0.08832 0.988141 -0.125603 -0.0985683 0.988951 -0.110727 -0.103716 0.989454 -0.101114 -0.108729 0.990095 -0.0888224 -0.112826 0.990769 -0.0751425 -0.114892 0.992535 -0.040905 0 -1 0 0 -1 0 0 -1 0 0 -1 0 0 -1 0 0 -1 0 0 -1 0 0 -1 0 0 -1 0 0 -1 0 0.309787 0.448675 -0.838285 0.23632 0.70057 -0.673317 0.204752 0.321167 -0.924624 0.15638 0.0364686 -0.987024 0.0914581 0.0288097 -0.995392 0.0458517 0.0810897 -0.995652 0.210068 0.262304 -0.941843 0.176394 0.0893619 -0.980255 0.0377953 0.0811171 -0.995988 0.0208519 0.108986 -0.993825 0.00903301 0.109006 -0.994 0.0066338 0.110012 -0.993908 0.00424771 0.113725 -0.993503 -0.0226097 0.113697 -0.993258 -0.0423561 0.8164 -0.575932 -0.0332413 0.824555 -0.564804 0 0.971272 -0.237971 -0.0376045 0.932786 -0.358464 -0.0192837 0.956656 -0.290581 -0.00130846 0.970732 -0.240163 -0.000106425 0.97129 -0.237898 0 0.986409 -0.164306 0 0.986409 -0.164307 -0.0506617 0.987298 -0.150586 -0.0409385 0.987463 -0.152446 -0.141342 0.947574 -0.286576 -0.0771553 0.970115 -0.230052 -0.138256 0.926886 -0.348951 -0.18759 0.925383 -0.329357 -0.272033 0.872185 -0.406561 -0.281853 0.898762 -0.335835 -0.268545 0.914364 -0.303022 -0.235808 0.885821 -0.399645 -0.249597 0.877679 -0.409122 -0.270486 0.918745 -0.287654 -0.266898 0.922591 -0.278554 -0.268524 0.925764 -0.266187 -0.282743 0.922062 -0.264307 -0.30822 0.910888 -0.274378 -0.32856 0.904537 -0.271775 -0.18209 0.975775 -0.121272 -0.408227 0.88303 -0.231537 -0.414565 0.880385 -0.230345 -0.419513 0.890894 -0.174119 -0.413838 0.895247 -0.165138 -0.316805 0.947686 -0.0390566 0.0423025 -0.9923 -0.116409 0.0532455 -0.988219 -0.143484 0.0013479 -0.99999 -0.00423988 0.00965816 -0.999572 -0.0276169 -0.00268739 -0.999996 0 0.314237 0.00526798 -0.94933 0.311768 0.125225 -0.94187 0.296347 0.110887 -0.948621 0.248315 0.168881 -0.953844 0.298443 0.111234 -0.947923 0.15648 0.00724131 -0.987655 0.177098 0.00721573 -0.984167 0.154949 0.00518287 -0.987909 0.149614 0.00419604 -0.988736 0.102322 0.00351809 -0.994745 0.0949828 0.00608424 -0.99546 0.0914928 0.00852059 -0.995769 0.0464646 0.00854723 -0.998883 0.0415833 0.0109901 -0.999075 0.0379162 0.0146567 -0.999173 0.251934 0.00118235 -0.967744 0.187576 0.00120007 -0.982249 0.187561 0.00120395 -0.982252 0.180602 0.00360202 -0.98355 0.00908617 0.0146666 -0.999851 0.00667366 0.0140176 -0.999879 0.00488027 0.0122216 -0.999913 -0.0426675 0.0122107 -0.999015 -0.0425308 0.0809214 -0.995813 -0.0551877 0.0808712 -0.995196 -0.104008 0.712118 -0.694312 -0.0676299 0.811973 -0.579764 -0.0657068 0.815367 -0.575204 -0.0655628 0.830603 -0.552993 -0.0609293 0.905007 -0.421011 -7.35088e-05 0.986409 -0.164311 -0.0249778 0.987282 -0.157003 -0.0198973 0.987093 -0.158906 -0.0719243 0.904343 -0.420702 -0.00132964 0.986446 -0.164081 -0.164152 0.888045 -0.429452 -0.232198 0.837917 -0.493942 -0.232569 0.837841 -0.493897 -0.244487 0.872924 -0.422172 -0.244469 0.87307 -0.421881 -0.133057 0.866787 -0.480601 -0.163404 0.862808 -0.478395 -0.346974 0.798179 -0.492463 -0.252932 0.869438 -0.424385 -0.356701 0.753207 -0.55267 -0.401126 0.761095 -0.509738 -0.382008 0.813239 -0.43899 -0.398457 0.80281 -0.44354 -0.390551 0.823292 -0.411897 -0.429302 0.798763 -0.421518 -0.418541 0.825098 -0.379522 -0.464472 0.794441 -0.391316 -0.45895 0.806629 -0.372444 -0.374756 0.880329 -0.290825 -0.435599 0.854708 -0.282361 -0.437175 0.8578 -0.27029 -0.475856 0.834346 -0.278259 -0.476199 0.833801 -0.279303 -0.833082 0.467758 -0.295258 -0.822693 0.508747 -0.253677 0.033308 -0.994576 -0.0985399 0.0329773 -0.9847 -0.171112 0.0485692 -0.979948 -0.193243 0.0676369 -0.978859 -0.193028 0.109442 -0.94626 -0.304325 0.294468 -0.581504 -0.758381 0 -0.994532 -0.10443 0.00133977 -0.99396 -0.109734 0.00364798 -0.992628 -0.121144 0.00495947 -0.991933 -0.12667 0.0162688 -0.985105 -0.171182 -0.119366 -0.992784 -0.0114569 -0.02362 -0.999654 -0.0115362 -0.0348004 -0.999136 -0.0227292 -0.0294525 -0.999365 -0.0200634 -0.0013458 -0.999998 -0.00134446 0.314165 0.0041476 -0.949359 0.313896 0.00232 -0.949454 0.300306 0.00233072 -0.95384 0.298186 0.00116561 -0.954507 0.297406 0 -0.954751 0.297406 0 -0.954751 0.254136 0 -0.967168 0.254136 0 -0.967168 0.158935 0.00361569 -0.987282 0.158936 0.00121011 -0.987288 0.158933 0.00120757 -0.987289 0.149615 0.00120935 -0.988744 0.146812 -0.000229693 -0.989164 0.141003 -0.00121473 -0.990008 0.0976038 -0.00122113 -0.995225 0.0962045 -0.00101349 -0.995361 0.0537832 -0.00101673 -0.998552 0.0489066 -0.000203612 -0.998803 0.0489057 0.00610457 -0.998785 0.00488091 -0.000203853 -0.999988 0.00486558 0.0109847 -0.999928 0.00488034 0.0109995 -0.999928 0.189894 0 -0.981805 0.189894 0 -0.981805 0.158933 0 -0.987289 -0.0438999 0.0109743 -0.998976 -0.0536077 0.00610181 -0.998543 -0.103337 0.00607788 -0.994628 -0.103305 0.0254935 -0.994323 -0.139871 0.0296718 -0.989725 -0.178455 0.133023 -0.974915 -0.204621 0.271451 -0.940449 -0.195866 0.360283 -0.912049 -0.15169 0.583798 -0.797603 -0.221666 0.760615 -0.610188 -0.247223 0.724586 -0.643317 -0.339289 0.667607 -0.662709 -0.282949 0.780544 -0.557397 -0.32351 0.488398 -0.810437 -0.501113 0.263338 -0.824341 -0.590071 0.137473 -0.795561 -0.630447 0.193067 -0.751839 -0.632106 0.199843 -0.748669 -0.508339 0.217076 -0.833348 -0.517453 0.194255 -0.833371 -0.542112 0.143799 -0.827911 -0.548779 0.134866 -0.825017 -0.650908 0.200444 -0.732217 -0.657441 0.227524 -0.718334 -0.658083 0.233719 -0.715753 -0.685035 0.27651 -0.673995 -0.730876 0.229229 -0.642865 -0.738092 0.211186 -0.640797 -0.751637 0.182988 -0.633685 -0.753454 0.180811 -0.632151 -0.763739 0.180292 -0.619837 -0.544853 0.738141 -0.397848 -0.537164 0.755845 -0.374372 -0.52416 0.772742 -0.357947 -0.587012 0.723254 -0.363759 -0.878065 0.167062 -0.448433 -0.886933 0.215729 -0.408424 -0.617155 0.687473 -0.382755 -0.85128 0.172378 -0.49559 -0.918369 0.126559 -0.374941 -0.902774 0.154788 -0.401299 0.0173182 -0.982624 -0.1848 0.0225367 -0.973966 -0.225571 0.062109 -0.9215 -0.383381 0.138165 -0.664366 -0.734525 0.294655 -0.5806 -0.759001 0.160468 -0.509346 -0.845468 0.191078 -0.259624 -0.946617 0.200127 -0.235961 -0.950932 0.26457 -0.160982 -0.950835 0.319341 -0.174571 -0.931422 -3.42083e-05 -0.994535 -0.104405 -0.016714 -0.976824 -0.213391 -0.00748645 -0.97449 -0.224308 0.0035814 -0.974511 -0.224313 -0.0013358 -0.994122 -0.108261 -0.0170171 -0.985295 -0.17001 -0.0185467 -0.98158 -0.19015 0.00471044 -0.974153 -0.225839 0.0048706 -0.974153 -0.225839 0.00487058 -0.974153 -0.225839 0.00842668 -0.974129 -0.225834 0.0144308 -0.975597 -0.219095 -0.785984 -0.578866 -0.217123 -0.382004 -0.915075 -0.129271 -0.163683 -0.984423 -0.0641789 -0.163363 -0.982501 -0.0894629 -0.150263 -0.984565 -0.0897356 -0.0913978 -0.99398 -0.0604256 -0.127178 -0.987192 -0.0963247 -0.108295 -0.989456 -0.0961768 -0.102703 -0.990314 -0.0934403 -0.0935292 -0.991209 -0.0935825 -0.00134626 -0.999998 -0.00134703 -0.00134455 -0.999998 -0.00134446 0.313897 0 -0.949457 0.313897 0 -0.949457 0.267214 -0.0797064 -0.960335 0.252222 -0.08004 -0.964354 0.253034 -0.00118386 -0.967457 0.296962 -0.0546519 -0.953324 0.158303 -0.000247672 -0.987391 0.147257 -0.00472026 -0.989087 0.139305 -0.00324319 -0.990244 0.139305 -0.00164556 -0.990248 0.158302 -0.00241523 -0.987388 0.155229 -0.00484205 -0.987867 0.0992486 -0.0015261 -0.995062 0.102469 -0.00271091 -0.994733 0.0993603 -0.00486406 -0.99504 0.0537826 -0.00488117 -0.998541 0.0045461 -0.000259731 -0.99999 0.0440217 -0.0146491 -0.998923 0.00489981 -0.0146632 -0.99988 0.00454564 -0.014309 -0.999887 0.00166554 -0.000611275 -0.999998 -0.0499675 -0.000610513 -0.998751 -0.0584771 0.000813782 -0.998288 -0.0584771 0.00121611 -0.998288 0.187571 -0.00120196 -0.98225 0.184085 -0.00240427 -0.982907 -0.0951614 0.00121266 -0.995461 -0.104979 0.00494499 -0.994462 -0.126677 0.00545901 -0.991929 -0.139928 0.0080065 -0.990129 -0.142879 0.0072564 -0.989714 -0.180051 0.0072118 -0.983631 -0.255624 0.00236481 -0.966773 -0.2526 0.153395 -0.955334 -0.181219 0.0060026 -0.983424 -0.183541 0.00479875 -0.983 -0.190465 0.0024013 -0.981691 -0.280549 0.118532 -0.952493 -0.285458 0.119474 -0.950915 -0.353458 0.19226 -0.91548 -0.429335 0.0430382 -0.902119 -0.483451 0.107503 -0.868745 -0.355865 0.184212 -0.916202 -0.395531 0.0722605 -0.915606 -0.420203 0.0427411 -0.906423 -0.553839 0.00101782 -0.832623 -0.554793 0 -0.831988 -0.554793 0 -0.831988 -0.595727 0 -0.803187 -0.595727 0 -0.803187 -0.642536 0 -0.766255 -0.642536 0 -0.766255 -0.664392 0 -0.747385 -0.664392 0 -0.747385 -0.486269 0 -0.873809 -0.486269 0 -0.873809 -0.52601 0 -0.850478 -0.52601 0 -0.850478 -0.527502 0.00103958 -0.849553 -0.547806 0.00102374 -0.836605 -0.547805 0.00102266 -0.836606 -0.675149 0 -0.737682 -0.675149 0 -0.737682 -0.755123 0 -0.655583 -0.755123 0 -0.655583 -0.764546 0 -0.644569 -0.764546 0 -0.644569 -0.76608 0 -0.642745 -0.76608 0 -0.642745 -0.786621 0 -0.617436 -0.786621 0 -0.617436 -0.778415 0.14407 -0.610995 -0.807982 0.101706 -0.580363 -0.843315 0.0996061 -0.528108 -0.847509 0.11166 -0.518903 -0.850748 0.141982 -0.506033 -0.859455 0 -0.511212 -0.859455 0 -0.511212 -0.890581 0 -0.454825 -0.890581 0 -0.454825 -0.913727 0 -0.406328 -0.913727 0 -0.406328 -0.913787 0.000197398 -0.406194 -0.925778 0.00873034 -0.377966 0.0989815 -0.146984 -0.984174 0.008974 -0.127982 -0.991736 0.0340545 -0.098822 -0.994522 0.321094 -0.140723 -0.936534 0.102154 -0.144223 -0.984258 0.183988 -0.185834 -0.965202 0.204187 -0.130264 -0.970226 0.192357 -0.130582 -0.972598 0.313234 -0.0649524 -0.947452 0.321086 -0.140451 -0.936578 -0.00134369 -0.999991 -0.00403336 -0.0219821 -0.975846 -0.217351 -0.00657257 -0.133926 -0.99097 -0.0567925 -0.933125 -0.355038 -0.127109 -0.723764 -0.678239 -0.172204 -0.396257 -0.901846 -0.124371 -0.159264 -0.979371 -0.119138 -0.152945 -0.981027 -0.0370215 -0.0966248 -0.994632 0.00416953 -0.133928 -0.990982 0.00483335 -0.966707 -0.255839 -0.0292117 -0.985018 -0.169962 -0.0013479 -0.999991 -0.00404179 -0.0295266 -0.995635 -0.0885378 -0.0448059 -0.980412 -0.191791 0.00726129 -0.127984 -0.99175 -0.904782 -0.104679 -0.412809 -0.883981 -0.236459 -0.403318 -0.90945 -0.0966483 -0.404426 -0.171858 -0.980484 -0.0954821 -0.843093 -0.248287 -0.47702 -0.231487 -0.961197 -0.150046 -0.182723 -0.976421 -0.114958 -0.169196 -0.979679 -0.107708 -0.163535 -0.981124 -0.103213 -0.139908 -0.984814 -0.102798 -0.185146 -0.968043 -0.169155 -0.147217 -0.983287 -0.107116 -0.187141 -0.971613 -0.144729 -0.205207 -0.962293 -0.178553 -0.176575 -0.966643 -0.185533 -0.0953315 -0.990263 -0.101448 -0.0934729 -0.990822 -0.0976424 -0.198466 -0.960277 -0.196163 -0.0121307 -0.999795 -0.0161905 -0.00398659 -0.999978 -0.00532082 -0.00135383 -0.999998 -0.00136216 0.17774 -0.0770901 -0.981053 0.178268 -0.00540769 -0.983967 0.155228 -0.00542911 -0.987864 0.153073 -0.00629755 -0.988195 0.153019 -0.027121 -0.987851 0.0993364 -0.022479 -0.9948 0.0605029 -0.056773 -0.996552 0.0439568 -0.056217 -0.997451 0.00166542 -0.0122028 -0.999924 0.0350699 -0.0645177 -0.9973 0.00730622 -0.0645557 -0.997887 0.00495474 -0.0622131 -0.998051 -0.0375984 -0.0621698 -0.997357 -0.0438198 -0.0561469 -0.99746 -0.0438858 -0.012191 -0.998962 -0.0499666 -0.00609604 -0.998732 -0.102308 -0.00607164 -0.994734 -0.0933308 0.000811619 -0.995635 -0.0949632 0.00106201 -0.99548 -0.126679 0.00110843 -0.991943 -0.147294 0.000922898 -0.989092 -0.147672 0.00121062 -0.989036 -0.14767 0.00482816 -0.989025 -0.146079 0.00603819 -0.989254 -0.129076 0.000808746 -0.991634 -0.257837 0 -0.966188 -0.257837 0 -0.966188 -0.192776 0.00120109 -0.981242 -0.196238 0 -0.980556 -0.196238 0 -0.980556 -0.28202 0 -0.959409 -0.28202 0 -0.959409 -0.28254 0.000801668 -0.959255 -0.287516 0.00351109 -0.95777 -0.362059 0.00341717 -0.932149 -0.420587 0 -0.907252 -0.420587 0 -0.907252 -0.429734 0 -0.902956 -0.429734 0 -0.902956 -0.365433 0.00113905 -0.930837 -0.396568 0.00112335 -0.918005 -0.397512 0 -0.917597 -0.397512 0 -0.917597 -0.547807 0 -0.836605 -0.547807 0 -0.836605 -0.594581 -0.0620069 -0.801642 -0.553762 -0.0609264 -0.830443 -0.60787 -0.072959 -0.790678 -0.640813 -0.0731847 -0.764201 -0.662399 -0.0773913 -0.745143 -0.644597 -0.0772202 -0.760613 -0.484761 -0.0787067 -0.871098 -0.486218 -0.0825341 -0.869931 -0.524171 -0.0835667 -0.847503 -0.668282 -0.0899547 -0.73845 -0.672409 -0.0899916 -0.734689 -0.673328 -0.0908895 -0.733736 -0.747351 -0.0909528 -0.658175 -0.752309 -0.0862474 -0.65314 -0.755597 -0.0862014 -0.649341 -0.762523 -0.0727108 -0.642863 -0.764139 -0.0711397 -0.641116 -0.784934 -0.0654648 -0.616112 -0.780581 -0.070807 -0.621031 -0.812194 0 -0.583388 -0.812194 0 -0.583388 -0.847622 0 -0.530601 -0.847622 0 -0.530601 -0.852842 0 -0.522168 -0.852842 0 -0.522168 -0.857547 -0.0665991 -0.510077 -0.888734 -0.0643682 -0.453882 -0.0013479 -0.999995 -0.00269641 -0.00134791 -0.999995 -0.00269644 -0.0682684 -0.979108 -0.191536 -0.0857597 -0.969004 -0.231681 -0.100456 -0.956737 -0.273062 -0.249665 -0.168177 -0.953616 -0.205376 -0.221675 -0.953248 -0.186288 -0.271962 -0.944104 -0.288859 -0.656037 -0.697263 -0.353051 -0.202327 -0.913466 -0.348845 -0.196355 -0.91638 -0.178258 -0.184252 -0.966579 -0.186559 -0.132074 -0.973526 -0.184418 -0.123938 -0.975002 -0.139111 -0.0303329 -0.989812 -0.103994 -0.0267348 -0.994219 -0.0715302 -0.05657 -0.995833 -0.0642896 -0.985376 -0.1578 -0.0709608 -0.987327 -0.141954 -0.0722005 -0.984842 -0.157714 -0.853948 -0.0705931 -0.515548 -0.847368 -0.142137 -0.511629 -0.793801 -0.147552 -0.590007 -0.768822 -0.186454 -0.611676 -0.739102 -0.257565 -0.622405 -0.246945 -0.95318 -0.174544 -0.693674 -0.342929 -0.633417 -0.657603 -0.380911 -0.649972 -0.732755 -0.25794 -0.629712 -0.719208 -0.28558 -0.63339 -0.643962 -0.348015 -0.681321 -0.1811 -0.9639 -0.195191 -0.155686 -0.970847 -0.182255 -0.10077 -0.987046 -0.124845 -0.0953255 -0.9889 -0.113974 -0.0415621 -0.99731 -0.0603758 -0.0013479 -0.999996 -0.00268891 -0.0821433 -0.986477 -0.141832 -0.104029 -0.0067313 -0.994551 -0.133039 -0.00758001 -0.991082 -0.133043 0.000138861 -0.99111 -0.147294 0.000153736 -0.989093 -0.147908 0 -0.989001 -0.256732 -0.00117984 -0.966482 -0.193936 -0.00119758 -0.981013 -0.281569 -0.0565126 -0.957875 -0.255922 -0.0793824 -0.963433 -0.365434 0 -0.930838 -0.365434 0 -0.930838 -0.420382 -0.0312211 -0.90681 -0.429521 -0.0314383 -0.902509 -0.396975 -0.051983 -0.916356 -0.546534 -0.068119 -0.834662 -0.532987 -0.0901203 -0.841311 -0.524926 -0.194666 -0.828588 -0.597048 -0.201062 -0.7766 -0.625262 -0.254363 -0.737799 -0.629436 -0.286476 -0.722317 -0.64277 -0.287017 -0.710259 -0.473791 -0.130758 -0.870876 -0.478775 -0.123109 -0.869263 -0.377111 -0.097079 -0.921066 -0.390146 -0.123055 -0.912493 -0.478499 -0.138542 -0.86709 -0.496556 -0.271858 -0.824333 -0.644521 -0.302169 -0.702344 -0.800876 -0.0652451 -0.595266 -0.810966 -0.0549739 -0.582506 -0.846396 -0.0537474 -0.529834 -0.851243 -0.0612208 -0.521189 -0.0750888 -0.983604 -0.163964 -0.112107 -0.969213 -0.219224 -0.287638 -0.77517 -0.562473 -0.252331 -0.0861429 -0.963799 -0.353895 -0.10254 -0.929647 -0.208788 -0.131471 -0.969084 -0.428776 -0.532231 -0.729987 -0.365064 -0.152798 -0.918358 -0.368602 -0.107017 -0.923407 -0.363484 -0.103158 -0.925871 -0.190475 -0.0023975 -0.981689 -0.185849 -0.00479853 -0.982567 -0.151116 -0.00482752 -0.988504 -0.139169 -0.00932028 -0.990225 -0.0897661 -0.984587 -0.150101 -0.0966452 -0.982504 -0.159202 -0.179058 -0.956399 -0.230735 -0.137137 -0.968882 -0.206062 -0.101669 -0.981657 -0.161284 -0.101214 -0.981839 -0.160464 -0.151117 -0.00241417 -0.988513 -0.139128 -0.966921 -0.213795 -0.101835 -0.981555 -0.1618 0 -1 0 0 -1 0 0 -1 0 0 -1 0 0 -1 0 0 -1 0 -1 0 0 -1 0 0 -1 0 0 -1 0 0 -1 0 0 -1 0 0 -1 0 0 -1 0 0 -1 0 0 -1 0 0 -1 0 0 -1 0 0 -1 0 0 0 -0.999993 -0.00383324 1.09586e-05 -0.999993 -0.0038347 0 0 1 0 0 1 0 0 1 0 0 1 0 0 1 0.00343624 -0.999783 -0.020567 0.000456405 -0.999992 -0.00395665 0.000873184 -0.999992 -0.00392552 0.896938 0.0184661 0.441772 0.737364 0.051139 0.673558 0 0.999996 0.00288202 -0.00101405 0.999999 0.00123364 -0.00202607 0.999998 0 -0.00202607 0.999998 0 0.00689482 -0.938802 -0.344388 0.00733829 -0.999185 -0.039691 1 0 0 1 0 0 1 0 0 1 0 0 1 0 0 1 0 0 1 0 0 1 0 0 1 0 0 1 0 0 1 0 0 1 0 0 1 0 0 1 0 0 1 0 0 1 0 0 1 0 0 1 0 0 1 0 0 1 0 0 0.735501 0.0864196 0.671989 0.734605 0.0892816 0.672595 0.984571 -0.0471197 0.168521 0.979558 -0.0134712 0.200711 0.975429 0.00555749 0.220245 0.0809451 0.993192 0.0837689 0.266892 0.941435 0.206079 -0.00177295 0.999998 -0.00123363 -0.00177294 0.999992 -0.00370217 0.0225925 -0.908436 -0.417412 0.0318338 -0.88994 -0.454965 0.430426 0.773448 0.465309 0.727679 0.202344 0.655393 0.556397 0.697316 0.451855 0.520274 0.735829 0.43344 0.446374 0.803415 0.39405 0.347164 0.892121 0.289132 0.00531449 0.999255 -0.0382342 0.00498158 0.93666 -0.350205 0.0529542 -0.428945 -0.901777 0.0692083 -0.359075 -0.930739 0.0312192 0.888434 -0.457941 0.0356876 0.838628 -0.543534 0.051725 0.472087 -0.880033 0.0875973 -0.00758249 -0.996127 0.0837632 -0.292704 -0.952527 0.0880866 0.292214 -0.952288 0.0867412 0.139661 -0.986393 0.0891449 0 -0.996019 0.0891449 0 -0.996019 0.0875973 0.00758252 -0.996127 0 0 -1 0 0 -1 0 0 -1 0 0 -1 0 0 -1 0 -1 0 0 -1 0 0 -1 0 0 -1 0 0 -1 0 -1 0 0 -1 0 0 -1 0 0 -1 0 0 -1 0 0 -1 0 0 -1 0 0 -1 0 0 -1 0 0 -1 0 0 -1 0 0 -1 0 0 -1 0 0 -1 0 0 -1 0 0 0 0.9995 -0.0316172 0 0.9995 -0.0316172 0.997735 -0.0458127 -0.0492472 0.996809 -0.0797533 -0.00332145 0.996725 -0.0808417 -0.00197595 0.996696 -0.0812127 -0.00157752 0.996679 -0.0814202 -0.00138062 0.996574 -0.0827015 -0.000394292 0.996291 -0.0860275 0.00194574 0.995984 -0.0894305 0.00425997 0.0185414 -0.998801 0.045307 0.00313075 0.999495 -0.0316205 0.0190201 0.999173 -0.035942 0.0812246 0.994712 -0.0628515 0 1 0 0 1 0 0 1 0 0 1 0 0 1 0 0 1 0 0 1 0 0 1 0 0 1 0 0 1 0 0 1 0 0 1 0 0 1 0 0 1 0 0 1 0 0.980511 -0.169815 0.0988018 0.977506 -0.183484 0.103997 0.988443 0.120602 -0.0918417 0.997698 0.0205639 -0.0646251 0.948397 -0.164254 0.271225 0.0626861 -0.995744 0.0675652 0.10654 -0.990413 0.0879288 0.292206 0.951017 -0.10091 0.481652 0.865272 -0.138981 0.107982 0.459478 0.881601 0.943428 -0.295006 0.15138 0.935918 -0.166579 0.310336 0.91953 -0.174031 0.35239 0.885822 -0.316353 0.339472 0.865817 -0.449424 0.219953 0.934068 -0.165865 0.316237 0.927096 -0.159111 0.339376 0.326032 -0.924833 0.195925 0.561762 -0.774243 0.291497 0.13052 0.307117 0.942679 0.469824 -0.0191661 0.882552 0.133705 0.285355 0.94905 0.136019 0.272277 0.952557 0.269908 0 0.962886 0.277222 -0.00497234 0.960793 0.280788 -0.00703658 0.959744 0.305066 -0.0206766 0.952107 0.917208 -0.172997 0.35889 0.84466 -0.155384 0.512256 0.57135 -0.103774 0.814119 0.550842 -0.100061 0.82859 0.471622 -0.102037 0.875877 0.463838 -0.2069 0.861421 0.493981 -0.339686 0.800373 0.48733 -0.471864 0.734748 0.498068 -0.556953 0.664629 0.526386 -0.0789628 0.846571 0.548463 -0.0974903 0.830472 0.513858 -0.075043 0.854587 0.401069 -0.0801317 0.912536 0.407861 -0.0876653 0.908826 0.407752 -0.0854657 0.909084 -1 0 0 -1 0 0 -1 0 0 -1 0 0 -1 0 0 -1 0 0 -1 0 0 -1 0 0 -1 0 0 -1 0 0 0 0 -1 0 0 -1 0 0 -1 0 0 -1 0 -1 0 0 -1 0 0 -1 0 0 -1 0 0 -1 0 0 -1 0 0 -1 0 -0.024465 -0.99927 0.029351 -0.210341 -0.953735 0.214819 0 1 0 0 1 0 0 1 0 0 1 0 0 1 0 0.0270858 -0.993997 -0.106005 0.0236114 -0.996545 -0.0796256 -0.0343311 -0.998201 0.0491445 -6.8303e-06 -0.999909 0.0135039 -3.37377e-05 -0.999908 0.0135712 -0.0330905 -0.996281 0.0795529 -0.0342605 -0.996148 0.0807161 -0.236978 -0.938445 0.251322 -0.268651 -0.917957 0.291859 -0.414001 -0.802081 0.430428 -0.463398 -0.751668 0.469316 -0.210341 0.953735 0.214819 -0.0244642 0.99927 0.02935 1 0 0 1 0 0 1 0 0 1 0 0 1 0 0 1 0 0 1 0 0 1 0 0 1 0 0 1 0 0 1 0 0 1 0 0 1 0 0 1 0 0 1 0 0 1 0 0 1 0 0 0.0509204 -0.963279 -0.263629 -0.144728 -0.942616 0.300881 -0.252645 -0.881624 0.398635 0 -0.999909 0.0135039 0 -0.999909 0.0135039 -0.00104506 -0.907349 0.420377 0 -0.907106 0.420902 0 -0.907106 0.420902 -0.030123 -0.906938 0.420187 -0.0617777 -0.890425 0.450917 -0.135709 -0.883876 0.447601 -0.253963 -0.879836 0.401735 -0.275403 -0.862486 0.424584 -0.423409 -0.775357 0.468557 -0.656183 -0.259203 0.708688 -0.672144 -0.243021 0.699402 -0.69667 -0.136097 0.704364 -0.461813 0.753704 0.46761 -0.412261 0.803986 0.428541 -0.267796 0.918555 0.290762 -0.23698 0.938444 0.251324 -0.0343311 0.998201 0.0491451 -0.0342638 0.996246 0.0795006 -0.0318726 0.996512 0.0771228 -3.3736e-05 0.999908 0.0135706 -6.82998e-06 0.999909 0.0135032 0.0258271 0.999333 0.0258252 0.0537867 0.997524 0.0453064 0.045306 -0.998882 0.0135244 -0.202711 -0.830412 0.518965 -0.2374 -0.823775 0.514817 0.0258249 -0.999333 0.0258201 0.0416576 -0.997476 0.0574937 0.0415558 -0.995038 0.0903982 0.0354706 -0.995804 0.0843538 -0.0801555 -0.36022 0.929418 0 -0.361382 0.932418 0.0322856 -0.906388 0.421211 0.00109032 -0.90686 0.42143 -0.141973 -0.294696 0.944986 -0.181023 -0.292793 0.938884 -0.312338 -0.729242 0.608811 -0.337469 -0.71025 0.617786 -0.552944 -0.184496 0.812535 -0.605542 -0.188179 0.773245 -0.702712 0 0.711474 -0.702712 0 0.711474 -0.703209 -0.00362139 0.710974 -0.616557 0 0.78731 -0.616557 0 0.78731 -0.696622 0.136593 0.704315 -0.672021 0.243779 0.699256 -0.655811 0.260238 0.708652 -0.422126 0.776258 0.468224 -0.275402 0.862486 0.424583 -0.253963 0.879836 0.401735 -0.251957 0.88255 0.397017 -0.144778 0.942944 0.299828 -0.0628693 0.890364 0.450887 -0.029041 0.90798 0.418007 -0.135709 0.883876 0.447601 -0.00103961 0.908362 0.418183 0 0.908262 0.418401 0 0.999909 0.0135032 0 0.999909 0.0135032 -0.00060642 0.908262 0.418401 0.151608 0.981104 0.12021 0.0354713 0.995804 0.0843544 0.0403397 0.995197 0.0891906 0.0404397 0.997664 0.0550567 0.31479 0.905081 0.285894 0.277372 0.915852 0.290309 0.226376 -0.958498 0.17331 0.193613 -0.969176 0.152354 0.0452761 -0.998221 0.0387866 0.316291 -0.928042 0.196717 -0.234911 -0.219477 0.946914 0.318283 -0.90569 0.280038 0.317673 -0.903879 0.286507 0.277252 -0.915571 0.291309 0.259712 -0.872989 0.412843 0.157162 -0.933933 0.321043 0.259974 -0.872916 0.412833 0.148119 -0.880197 0.450903 0.0669082 -0.88802 0.454911 -0.14857 0 0.988902 -0.14857 0 0.988902 0.0024135 -0.360162 0.932887 0.00465195 -0.357932 0.933736 0.00498202 0 0.999988 0.00498202 0 0.999988 0.0048316 -0.357844 0.933769 0.0848502 -0.356558 0.930412 -0.274298 -0.11523 0.954716 -0.276137 0 0.961118 -0.276137 0 0.961118 -0.477707 -0.0315106 0.877954 -0.535157 -0.105796 0.838102 -0.354227 -0.028016 0.93474 -0.538177 0 0.842832 -0.538177 0 0.842832 -0.703209 0.0036348 0.710974 -0.605431 0.189118 0.773103 -0.552882 0.18542 0.812368 -0.337084 0.711562 0.616485 -0.31091 0.731302 0.607069 -0.2374 0.823774 0.514818 -0.202711 0.830411 0.518965 -0.181146 0.293956 0.938497 -0.141918 0.295876 0.944625 -0.0805999 0.361087 0.929042 0 0.362266 0.932075 0 0.907986 0.419001 0.000609448 0.907985 0.419002 0.0323043 0.906896 0.420114 0.00335084 0.907365 0.420331 0.321312 0.901456 0.29006 0.404492 0.85282 0.33028 0.148214 0.880763 0.449765 0.157103 0.933589 0.32207 0.0668408 0.888608 0.453771 0.257642 0.87399 0.412022 0.260122 0.873295 0.411937 0.399708 0.840042 0.366828 0.273242 0.862581 0.425785 0.428931 0.769081 0.473849 0.312145 -0.913327 0.261531 0.324692 -0.903657 0.279248 0.510957 -0.774017 0.373925 0.477462 -0.797769 0.368231 0.506562 -0.765527 0.396691 0.399708 -0.840042 0.366828 0.428931 -0.769081 0.473848 0.271771 -0.863297 0.425275 0.339547 -0.701945 0.626085 0.32161 -0.715854 0.619774 0.243748 -0.816088 0.52401 0.218931 -0.821054 0.527199 0.190816 -0.288231 0.938356 0.146659 -0.290451 0.945584 0.000288471 0.36212 0.932132 0.00465226 0.357772 0.933797 0.00517426 0 0.999987 0.00517426 0 0.999987 0.153266 0 0.988185 0.153266 0 0.988185 -0.354366 0 0.935107 -0.354366 0 0.935107 -0.234718 0.220785 0.946658 -0.274281 0.115747 0.954658 -0.477944 0 0.87839 -0.477944 0 0.87839 -0.535129 0.106271 0.838059 -0.477705 0.0316537 0.87795 -0.354226 0.0281433 0.934736 0.00331482 0.362118 0.932126 0.0848578 0.35787 0.929908 0.00626757 0.359159 0.933255 0.459828 0.800596 0.384194 0.606202 0.628527 0.487313 0.694722 0.491106 0.525525 0.146604 0.291622 0.945232 0.190268 0.289422 0.938101 0.216859 0.823712 0.5239 0.24227 0.818654 0.520683 0.321671 0.716825 0.618619 0.340302 0.702365 0.625203 0.661395 0.239558 0.710752 0.696453 0.201825 0.688636 0.748432 0.200404 0.632209 0.748673 0.200901 0.631765 0.556496 0.172687 0.812706 0.617688 0.176478 0.766367 0.786446 -0.195042 0.586056 0.521904 -0.750496 0.405428 0.517866 -0.753978 0.404143 0.696597 -0.200843 0.688778 0.661602 -0.238397 0.710949 0.748895 -0.200064 0.631768 0.748584 -0.199429 0.632337 0.556439 -0.171804 0.812932 0.617788 -0.175587 0.766491 0.357226 -0.0152452 0.933894 0.286101 -0.0938401 0.953593 0.240693 -0.218356 0.945721 0.536774 -0.0837742 0.839557 0.486425 -0.01688 0.87356 0.287369 0 0.95782 0.287369 0 0.95782 0.00483175 0.357773 0.933796 0.779556 0.232328 0.581649 0.77101 0.173926 0.612612 0.286095 0.0940595 0.953574 0.240754 0.218619 0.945644 0.357225 0.0152812 0.933893 0.486424 0.0169199 0.873559 0.536765 0.0839705 0.839543 0.711086 0 0.703105 0.711086 0 0.703105 0.627537 0 0.778587 0.627537 0 0.778587 0.76393 0 0.6453 0.76393 0 0.6453 0.785519 0 0.618838 0.785519 0 0.618838 0.788503 0.00782146 0.614981 0.784848 0.0964922 0.61213 0.538668 0 0.842518 0.538668 0 0.842518 0.788476 -0.0114196 0.61496 0.777724 -0.164967 0.606574 0.787994 -0.0064816 0.615649 0.357267 0 0.934002 0.357267 0 0.934002 0.486494 0 0.873684 0.486494 0 0.873684</float_array>
                    <technique_common>
                        <accessor count="10156" source="#shape0-lib-normals-array" stride="3">
                            <param name="X" type="float"/>
                            <param name="Y" type="float"/>
                            <param name="Z" type="float"/>
                        </accessor>
                    </technique_common>
                </source>
                <vertices id="shape0-lib-vertices">
                    <input semantic="POSITION" source="#shape0-lib-positions"/>
                </vertices>
                <triangles count="10156">
                    <input offset="0" semantic="VERTEX" source="#shape0-lib-vertices"/>
                    <input offset="1" semantic="NORMAL" source="#shape0-lib-normals"/>
                    <p>0 0 1 0 2 0 0 1 2 1 3 1 0 2 3 2 4 2 0 3 4 3 5 3 0 4 5 4 6 4 0 5 6 5 7 5 0 6 7 6 8 6 0 7 8 7 9 7 0 8 9 8 10 8 0 9 10 9 11 9 0 10 11 10 12 10 0 11 12 11 13 11 0 12 13 12 14 12 0 13 14 13 15 13 0 14 15 14 16 14 0 15 16 15 17 15 0 16 17 16 18 16 0 17 18 17 19 17 0 18 19 18 20 18 0 19 20 19 21 19 0 20 21 20 22 20 0 21 22 21 23 21 0 22 23 22 24 22 0 23 24 23 25 23 0 24 25 24 26 24 0 25 26 25 27 25 0 26 27 26 28 26 0 27 28 27 29 27 0 28 29 28 30 28 0 29 30 29 31 29 0 30 31 30 32 30 0 31 32 31 33 31 0 32 33 32 34 32 0 33 34 33 35 33 0 34 35 34 36 34 0 35 36 35 37 35 0 36 37 36 38 36 0 37 38 37 39 37 0 38 39 38 40 38 0 39 40 39 41 39 0 40 41 40 42 40 0 41 42 41 43 41 0 42 43 42 44 42 0 43 44 43 45 43 0 44 45 44 46 44 0 45 46 45 47 45 0 46 47 46 48 46 0 47 48 47 49 47 0 48 49 48 50 48 0 49 50 49 51 49 0 50 51 50 52 50 0 51 52 51 53 51 0 52 53 52 54 52 0 53 54 53 55 53 0 54 55 54 56 54 0 55 56 55 57 55 0 56 57 56 58 56 0 57 58 57 59 57 0 58 59 58 60 58 0 59 60 59 61 59 0 60 61 60 62 60 0 61 62 61 63 61 0 62 63 62 64 62 0 63 64 63 65 63 0 64 65 64 66 64 0 65 66 65 67 65 0 66 67 66 68 66 0 67 68 67 69 67 0 68 69 68 70 68 0 69 70 69 71 69 0 70 71 70 72 70 0 71 72 71 73 71 0 72 73 72 1 72 1 73 73 73 74 73 1 74 74 74 2 74 70 75 69 75 75 75 70 76 75 76 71 76 71 77 75 77 76 77 71 78 76 78 77 78 71 79 77 79 72 79 72 80 77 80 78 80 72 81 78 81 79 81 72 82 79 82 73 82 73 83 79 83 74 83 2 84 74 84 80 84 2 85 80 85 81 85 2 86 81 86 3 86 74 87 79 87 80 87 69 88 68 88 82 88 69 89 82 89 75 89 75 90 82 90 76 90 76 91 82 91 83 91 76 92 83 92 84 92 76 93 84 93 85 93 76 94 85 94 86 94 76 95 86 95 77 95 77 96 86 96 87 96 77 97 87 97 88 97 77 98 88 98 78 98 78 99 88 99 89 99 78 100 89 100 79 100 79 101 89 101 90 101 79 102 90 102 91 102 79 103 91 103 80 103 3 104 81 104 92 104 3 105 92 105 4 105 80 106 91 106 93 106 80 107 93 107 92 107 80 108 92 108 81 108 68 109 67 109 94 109 68 110 94 110 83 110 68 111 83 111 82 111 83 112 94 112 95 112 83 113 95 113 96 113 83 114 96 114 84 114 84 115 97 115 98 115 84 116 98 116 99 116 84 117 99 117 86 117 84 118 86 118 85 118 84 119 96 119 97 119 86 120 99 120 100 120 86 121 100 121 101 121 86 122 101 122 102 122 86 123 102 123 103 123 86 124 103 124 104 124 86 125 104 125 87 125 87 126 104 126 105 126 87 127 105 127 88 127 88 128 105 128 106 128 88 129 106 129 107 129 88 130 107 130 89 130 89 131 108 131 90 131 89 132 107 132 109 132 89 133 109 133 110 133 89 134 110 134 111 134 89 135 111 135 108 135 90 136 108 136 91 136 91 137 108 137 112 137 91 138 112 138 93 138 4 139 92 139 5 139 92 140 93 140 113 140 92 141 113 141 5 141 93 142 114 142 115 142 93 143 115 143 113 143 93 144 112 144 116 144 93 145 116 145 117 145 93 146 117 146 114 146 67 147 66 147 94 147 94 148 66 148 95 148 95 149 118 149 96 149 95 150 66 150 65 150 95 151 65 151 64 151 95 152 64 152 63 152 95 153 63 153 118 153 96 154 118 154 119 154 96 155 119 155 120 155 96 156 120 156 121 156 96 157 121 157 97 157 97 158 121 158 122 158 97 159 122 159 100 159 97 160 100 160 98 160 98 161 100 161 99 161 100 162 122 162 123 162 100 163 123 163 124 163 100 164 124 164 101 164 101 165 124 165 123 165 101 166 123 166 125 166 101 167 125 167 126 167 101 168 126 168 127 168 101 169 127 169 128 169 101 170 128 170 129 170 101 171 129 171 130 171 101 172 130 172 131 172 101 173 131 173 132 173 101 174 132 174 133 174 101 175 133 175 134 175 101 176 134 176 135 176 101 177 135 177 136 177 101 178 136 178 137 178 101 179 137 179 138 179 101 180 138 180 139 180 101 181 139 181 140 181 101 182 140 182 141 182 101 183 141 183 142 183 101 184 142 184 143 184 101 185 143 185 144 185 101 186 144 186 145 186 101 187 145 187 146 187 101 188 146 188 147 188 101 189 147 189 148 189 101 190 148 190 149 190 101 191 149 191 150 191 101 192 150 192 151 192 101 193 151 193 111 193 101 194 111 194 110 194 101 195 110 195 109 195 101 196 109 196 103 196 101 197 103 197 102 197 103 198 109 198 105 198 103 199 105 199 104 199 105 200 109 200 106 200 106 201 109 201 107 201 108 202 111 202 152 202 108 203 152 203 112 203 111 204 151 204 152 204 112 205 152 205 116 205 5 206 113 206 115 206 5 207 115 207 6 207 114 208 117 208 153 208 114 209 153 209 8 209 114 210 8 210 7 210 114 211 7 211 115 211 115 212 7 212 6 212 116 213 152 213 154 213 116 214 154 214 117 214 117 215 154 215 155 215 117 216 155 216 156 216 117 217 156 217 153 217 118 218 63 218 119 218 63 219 62 219 119 219 119 220 62 220 61 220 119 221 61 221 120 221 120 222 157 222 121 222 120 223 61 223 60 223 120 224 60 224 157 224 121 225 158 225 159 225 121 226 159 226 122 226 121 227 157 227 158 227 122 228 159 228 160 228 122 229 160 229 125 229 122 230 125 230 123 230 152 231 151 231 150 231 152 232 150 232 154 232 153 233 156 233 161 233 153 234 161 234 8 234 8 235 161 235 9 235 154 236 162 236 155 236 154 237 150 237 149 237 154 238 149 238 162 238 155 239 162 239 156 239 156 240 163 240 164 240 156 241 164 241 161 241 156 242 162 242 165 242 156 243 165 243 163 243 157 244 166 244 158 244 157 245 60 245 166 245 60 246 59 246 166 246 158 247 166 247 167 247 158 248 167 248 168 248 158 249 168 249 169 249 158 250 169 250 160 250 158 251 160 251 159 251 160 252 169 252 170 252 160 253 170 253 171 253 160 254 171 254 172 254 160 255 172 255 125 255 125 256 172 256 171 256 125 257 171 257 126 257 161 258 164 258 9 258 9 259 164 259 10 259 162 260 173 260 174 260 162 261 174 261 165 261 162 262 149 262 173 262 149 263 148 263 173 263 163 264 165 264 174 264 163 265 174 265 173 265 163 266 173 266 175 266 163 267 175 267 176 267 163 268 176 268 177 268 163 269 177 269 178 269 163 270 178 270 164 270 164 271 178 271 11 271 164 272 11 272 10 272 166 273 59 273 167 273 59 274 58 274 167 274 167 275 179 275 168 275 167 276 58 276 57 276 167 277 57 277 179 277 168 278 180 278 181 278 168 279 181 279 171 279 168 280 171 280 170 280 168 281 170 281 169 281 168 282 179 282 182 282 168 283 182 283 180 283 171 284 181 284 180 284 171 285 180 285 183 285 171 286 183 286 184 286 171 287 184 287 185 287 171 288 185 288 129 288 171 289 129 289 128 289 171 290 128 290 127 290 171 291 127 291 126 291 173 292 186 292 187 292 173 293 187 293 188 293 173 294 188 294 176 294 173 295 176 295 175 295 173 296 148 296 147 296 173 297 147 297 146 297 173 298 146 298 145 298 173 299 145 299 186 299 176 300 188 300 189 300 176 301 189 301 190 301 176 302 190 302 191 302 176 303 191 303 177 303 177 304 191 304 13 304 177 305 13 305 12 305 177 306 12 306 178 306 178 307 12 307 11 307 179 308 192 308 182 308 179 309 57 309 56 309 179 310 56 310 192 310 180 311 182 311 193 311 180 312 193 312 194 312 180 313 194 313 195 313 180 314 195 314 183 314 182 315 192 315 196 315 182 316 196 316 193 316 183 317 195 317 197 317 183 318 197 318 198 318 183 319 198 319 184 319 184 320 198 320 185 320 185 321 198 321 199 321 185 322 199 322 130 322 185 323 130 323 129 323 186 324 145 324 144 324 186 325 144 325 200 325 186 326 200 326 201 326 186 327 201 327 188 327 186 328 188 328 187 328 188 329 201 329 202 329 188 330 202 330 189 330 189 331 202 331 15 331 189 332 15 332 14 332 189 333 14 333 190 333 190 334 203 334 191 334 190 335 14 335 13 335 190 336 13 336 203 336 191 337 203 337 13 337 192 338 56 338 55 338 192 339 55 339 196 339 193 340 196 340 194 340 194 341 196 341 54 341 194 342 54 342 195 342 195 343 54 343 53 343 195 344 53 344 197 344 197 345 204 345 198 345 197 346 53 346 52 346 197 347 52 347 51 347 197 348 51 348 204 348 198 349 205 349 199 349 198 350 204 350 205 350 199 351 205 351 206 351 199 352 206 352 207 352 199 353 207 353 130 353 130 354 207 354 131 354 144 355 143 355 208 355 144 356 208 356 200 356 200 357 208 357 209 357 200 358 209 358 210 358 200 359 210 359 201 359 201 360 210 360 211 360 201 361 211 361 202 361 202 362 211 362 17 362 202 363 17 363 16 363 202 364 16 364 15 364 196 365 55 365 54 365 204 366 212 366 206 366 204 367 206 367 205 367 204 368 51 368 50 368 204 369 50 369 212 369 206 370 213 370 214 370 206 371 214 371 207 371 206 372 212 372 213 372 207 373 214 373 215 373 207 374 215 374 132 374 207 375 132 375 131 375 143 376 142 376 216 376 143 377 216 377 208 377 208 378 216 378 217 378 208 379 217 379 209 379 209 380 217 380 218 380 209 381 218 381 219 381 209 382 219 382 211 382 209 383 211 383 210 383 211 384 219 384 18 384 211 385 18 385 17 385 212 386 220 386 213 386 212 387 50 387 49 387 212 388 49 388 220 388 213 389 221 389 214 389 213 390 220 390 222 390 213 391 222 391 221 391 214 392 221 392 215 392 215 393 133 393 132 393 215 394 221 394 133 394 142 395 141 395 223 395 142 396 223 396 216 396 216 397 224 397 225 397 216 398 225 398 226 398 216 399 226 399 227 399 216 400 227 400 228 400 216 401 228 401 218 401 216 402 218 402 217 402 216 403 223 403 224 403 218 404 228 404 229 404 218 405 229 405 219 405 219 406 229 406 19 406 219 407 19 407 18 407 220 408 230 408 222 408 220 409 49 409 230 409 49 410 48 410 230 410 221 411 222 411 231 411 221 412 231 412 232 412 221 413 232 413 233 413 221 414 233 414 234 414 221 415 234 415 133 415 222 416 230 416 235 416 222 417 235 417 236 417 222 418 236 418 232 418 222 419 232 419 231 419 133 420 234 420 134 420 141 421 140 421 237 421 141 422 237 422 238 422 141 423 238 423 239 423 141 424 239 424 223 424 223 425 239 425 224 425 224 426 240 426 241 426 224 427 241 427 242 427 224 428 242 428 243 428 224 429 243 429 225 429 224 430 239 430 238 430 224 431 238 431 240 431 225 432 243 432 226 432 226 433 228 433 227 433 226 434 243 434 242 434 226 435 242 435 244 435 226 436 244 436 245 436 226 437 245 437 246 437 226 438 246 438 228 438 228 439 246 439 247 439 228 440 247 440 248 440 228 441 248 441 229 441 229 442 248 442 20 442 229 443 20 443 19 443 230 444 249 444 235 444 230 445 48 445 249 445 48 446 47 446 249 446 232 447 250 447 251 447 232 448 251 448 233 448 232 449 236 449 252 449 232 450 252 450 253 450 232 451 253 451 250 451 233 452 254 452 234 452 233 453 251 453 254 453 234 454 254 454 255 454 234 455 255 455 134 455 235 456 249 456 256 456 235 457 256 457 236 457 236 458 256 458 252 458 134 459 255 459 257 459 134 460 257 460 135 460 140 461 139 461 237 461 237 462 139 462 258 462 237 463 258 463 259 463 237 464 259 464 260 464 237 465 260 465 261 465 237 466 261 466 262 466 237 467 262 467 263 467 237 468 263 468 238 468 238 469 263 469 262 469 238 470 262 470 264 470 238 471 264 471 265 471 238 472 265 472 240 472 240 473 265 473 266 473 240 474 266 474 241 474 241 475 266 475 242 475 242 476 266 476 267 476 242 477 267 477 268 477 242 478 268 478 244 478 244 479 268 479 24 479 244 480 24 480 23 480 244 481 23 481 245 481 245 482 269 482 246 482 245 483 23 483 22 483 245 484 22 484 269 484 246 485 269 485 270 485 246 486 270 486 247 486 247 487 270 487 248 487 248 488 270 488 21 488 248 489 21 489 20 489 249 490 47 490 256 490 47 491 46 491 256 491 250 492 253 492 271 492 250 493 271 493 272 493 250 494 272 494 273 494 250 495 273 495 274 495 250 496 274 496 254 496 250 497 254 497 251 497 252 498 256 498 46 498 252 499 46 499 45 499 252 500 45 500 253 500 253 501 45 501 44 501 253 502 44 502 43 502 253 503 43 503 271 503 254 504 274 504 275 504 254 505 275 505 255 505 255 506 275 506 257 506 135 507 276 507 136 507 135 508 257 508 277 508 135 509 277 509 278 509 135 510 278 510 276 510 257 511 275 511 273 511 257 512 273 512 279 512 257 513 279 513 280 513 257 514 280 514 281 514 257 515 281 515 277 515 139 516 138 516 282 516 139 517 282 517 258 517 258 518 282 518 259 518 259 519 283 519 260 519 259 520 282 520 283 520 260 521 283 521 261 521 261 522 283 522 262 522 262 523 283 523 284 523 262 524 284 524 264 524 264 525 284 525 285 525 264 526 285 526 286 526 264 527 286 527 287 527 264 528 287 528 288 528 264 529 288 529 266 529 264 530 266 530 265 530 266 531 288 531 267 531 267 532 288 532 27 532 267 533 27 533 26 533 267 534 26 534 289 534 267 535 289 535 268 535 268 536 289 536 25 536 268 537 25 537 24 537 269 538 22 538 21 538 269 539 21 539 270 539 271 540 43 540 272 540 272 541 290 541 273 541 272 542 43 542 42 542 272 543 42 543 41 543 272 544 41 544 290 544 273 545 275 545 274 545 273 546 290 546 280 546 273 547 280 547 279 547 276 548 282 548 138 548 276 549 138 549 137 549 276 550 137 550 136 550 276 551 278 551 291 551 276 552 291 552 292 552 276 553 292 553 283 553 276 554 283 554 282 554 277 555 281 555 293 555 277 556 293 556 294 556 277 557 294 557 291 557 277 558 291 558 278 558 280 559 290 559 295 559 280 560 295 560 296 560 280 561 296 561 297 561 280 562 297 562 298 562 280 563 298 563 281 563 281 564 298 564 292 564 281 565 292 565 293 565 283 566 292 566 299 566 283 567 299 567 300 567 283 568 300 568 301 568 283 569 301 569 302 569 283 570 302 570 284 570 284 571 302 571 32 571 284 572 32 572 303 572 284 573 303 573 285 573 285 574 303 574 30 574 285 575 30 575 29 575 285 576 29 576 286 576 286 577 29 577 287 577 287 578 29 578 28 578 287 579 28 579 288 579 288 580 28 580 27 580 26 581 25 581 289 581 290 582 41 582 40 582 290 583 40 583 295 583 291 584 294 584 292 584 292 585 294 585 293 585 292 586 298 586 304 586 292 587 304 587 305 587 292 588 305 588 299 588 295 589 40 589 39 589 295 590 39 590 296 590 296 591 39 591 297 591 297 592 306 592 298 592 297 593 39 593 38 593 297 594 38 594 306 594 298 595 306 595 36 595 298 596 36 596 307 596 298 597 307 597 304 597 300 598 299 598 33 598 300 599 33 599 301 599 301 600 33 600 302 600 302 601 33 601 32 601 32 602 31 602 303 602 303 603 31 603 30 603 304 604 307 604 305 604 305 605 307 605 35 605 305 606 35 606 34 606 305 607 34 607 299 607 299 608 34 608 33 608 306 609 38 609 37 609 306 610 37 610 36 610 36 611 35 611 307 611 308 612 309 612 310 612 308 613 310 613 311 613 308 614 311 614 312 614 308 615 312 615 313 615 308 616 313 616 314 616 308 617 314 617 315 617 308 618 315 618 316 618 308 619 316 619 317 619 308 620 317 620 318 620 308 621 318 621 319 621 308 622 319 622 320 622 308 623 320 623 321 623 308 624 321 624 322 624 308 625 322 625 323 625 308 626 323 626 324 626 308 627 324 627 325 627 308 628 325 628 326 628 308 629 326 629 327 629 308 630 327 630 328 630 308 631 328 631 329 631 308 632 329 632 330 632 308 633 330 633 331 633 308 634 331 634 332 634 308 635 332 635 333 635 308 636 333 636 334 636 308 637 334 637 335 637 308 638 335 638 336 638 308 639 336 639 337 639 308 640 337 640 338 640 308 641 338 641 339 641 308 642 339 642 340 642 308 643 340 643 341 643 308 644 341 644 342 644 308 645 342 645 343 645 308 646 343 646 344 646 308 647 344 647 345 647 308 648 345 648 346 648 308 649 346 649 309 649 309 650 346 650 310 650 310 651 347 651 311 651 310 652 346 652 347 652 311 653 347 653 348 653 311 654 348 654 349 654 311 655 349 655 312 655 313 656 312 656 350 656 313 657 350 657 314 657 346 658 345 658 347 658 347 659 345 659 351 659 347 660 351 660 352 660 347 661 352 661 353 661 347 662 353 662 354 662 347 663 354 663 348 663 348 664 354 664 355 664 348 665 355 665 356 665 348 666 356 666 349 666 312 667 349 667 357 667 312 668 357 668 350 668 350 669 357 669 315 669 350 670 315 670 314 670 345 671 344 671 358 671 345 672 358 672 351 672 351 673 358 673 359 673 351 674 359 674 352 674 352 675 359 675 360 675 352 676 360 676 353 676 353 677 360 677 361 677 353 678 361 678 362 678 353 679 362 679 363 679 353 680 363 680 354 680 354 681 363 681 355 681 355 682 363 682 364 682 355 683 364 683 365 683 355 684 365 684 366 684 355 685 366 685 367 685 355 686 367 686 368 686 355 687 368 687 369 687 355 688 369 688 356 688 349 689 356 689 370 689 349 690 370 690 357 690 357 691 370 691 371 691 357 692 371 692 372 692 357 693 372 693 373 693 357 694 373 694 315 694 315 695 373 695 316 695 344 696 343 696 358 696 358 697 343 697 374 697 358 698 374 698 359 698 359 699 374 699 375 699 359 700 375 700 360 700 360 701 375 701 361 701 361 702 375 702 376 702 361 703 376 703 377 703 361 704 377 704 378 704 361 705 378 705 362 705 362 706 378 706 363 706 363 707 378 707 364 707 364 708 378 708 379 708 364 709 379 709 380 709 364 710 380 710 365 710 365 711 380 711 366 711 356 712 369 712 381 712 356 713 381 713 382 713 356 714 382 714 370 714 370 715 382 715 371 715 371 716 382 716 383 716 371 717 383 717 384 717 371 718 384 718 385 718 371 719 385 719 372 719 372 720 385 720 386 720 372 721 386 721 373 721 373 722 317 722 316 722 373 723 386 723 318 723 373 724 318 724 317 724 343 725 342 725 374 725 374 726 342 726 387 726 374 727 387 727 375 727 375 728 387 728 376 728 376 729 388 729 389 729 376 730 389 730 377 730 376 731 387 731 388 731 377 732 389 732 378 732 378 733 389 733 390 733 378 734 390 734 379 734 379 735 390 735 391 735 379 736 391 736 392 736 379 737 392 737 380 737 380 738 392 738 393 738 380 739 393 739 366 739 366 740 393 740 394 740 366 741 394 741 367 741 369 742 368 742 395 742 369 743 395 743 381 743 381 744 395 744 396 744 381 745 396 745 397 745 381 746 397 746 382 746 382 747 397 747 383 747 383 748 397 748 384 748 384 749 398 749 399 749 384 750 399 750 400 750 384 751 400 751 385 751 384 752 397 752 398 752 385 753 400 753 386 753 386 754 400 754 401 754 386 755 401 755 320 755 386 756 320 756 319 756 386 757 319 757 318 757 342 758 341 758 402 758 342 759 402 759 387 759 387 760 402 760 388 760 388 761 402 761 403 761 388 762 403 762 404 762 388 763 404 763 389 763 389 764 404 764 405 764 389 765 405 765 390 765 390 766 405 766 391 766 391 767 405 767 406 767 391 768 406 768 392 768 392 769 406 769 407 769 392 770 407 770 408 770 392 771 408 771 409 771 392 772 409 772 394 772 392 773 394 773 393 773 394 774 410 774 411 774 394 775 411 775 367 775 394 776 409 776 410 776 367 777 411 777 412 777 367 778 412 778 395 778 367 779 395 779 368 779 395 780 412 780 413 780 395 781 413 781 396 781 396 782 413 782 414 782 396 783 414 783 415 783 396 784 415 784 397 784 397 785 415 785 416 785 397 786 416 786 398 786 398 787 416 787 399 787 399 788 417 788 418 788 399 789 418 789 400 789 399 790 416 790 417 790 400 791 418 791 401 791 401 792 418 792 321 792 401 793 321 793 320 793 341 794 340 794 419 794 341 795 419 795 402 795 402 796 419 796 403 796 403 797 419 797 420 797 403 798 420 798 421 798 403 799 421 799 404 799 404 800 421 800 422 800 404 801 422 801 405 801 405 802 422 802 406 802 406 803 422 803 407 803 407 804 423 804 424 804 407 805 424 805 408 805 407 806 422 806 425 806 407 807 425 807 423 807 408 808 424 808 409 808 409 809 426 809 410 809 409 810 424 810 426 810 410 811 427 811 428 811 410 812 428 812 411 812 410 813 426 813 427 813 411 814 428 814 429 814 411 815 429 815 412 815 412 816 429 816 413 816 413 817 430 817 431 817 413 818 431 818 432 818 413 819 432 819 414 819 413 820 429 820 430 820 414 821 432 821 433 821 414 822 433 822 415 822 415 823 433 823 416 823 416 824 434 824 417 824 416 825 433 825 434 825 417 826 435 826 418 826 417 827 434 827 436 827 417 828 436 828 435 828 418 829 435 829 321 829 321 830 435 830 322 830 340 831 420 831 419 831 340 832 339 832 420 832 420 833 339 833 338 833 420 834 338 834 437 834 420 835 437 835 438 835 420 836 438 836 439 836 420 837 439 837 421 837 421 838 439 838 422 838 422 839 439 839 425 839 423 840 440 840 441 840 423 841 441 841 424 841 423 842 425 842 442 842 423 843 442 843 443 843 423 844 443 844 440 844 424 845 441 845 444 845 424 846 444 846 426 846 425 847 439 847 443 847 425 848 443 848 442 848 426 849 444 849 427 849 427 850 444 850 445 850 427 851 445 851 446 851 427 852 446 852 447 852 427 853 447 853 448 853 427 854 448 854 428 854 428 855 448 855 449 855 428 856 449 856 429 856 429 857 449 857 450 857 429 858 450 858 430 858 430 859 450 859 431 859 431 860 450 860 451 860 431 861 451 861 452 861 431 862 452 862 453 862 431 863 453 863 454 863 431 864 454 864 432 864 432 865 454 865 433 865 433 866 454 866 434 866 434 867 454 867 455 867 434 868 455 868 436 868 435 869 436 869 456 869 435 870 456 870 322 870 436 871 455 871 457 871 436 872 457 872 456 872 322 873 456 873 323 873 338 874 337 874 437 874 437 875 337 875 438 875 438 876 337 876 458 876 438 877 458 877 443 877 438 878 443 878 439 878 440 879 459 879 336 879 440 880 336 880 460 880 440 881 460 881 334 881 440 882 334 882 461 882 440 883 461 883 441 883 440 884 443 884 459 884 441 885 461 885 445 885 441 886 445 886 444 886 443 887 458 887 459 887 445 888 461 888 333 888 445 889 333 889 462 889 445 890 462 890 446 890 446 891 462 891 331 891 446 892 331 892 447 892 448 893 447 893 463 893 448 894 463 894 464 894 448 895 464 895 449 895 449 896 464 896 450 896 450 897 465 897 451 897 450 898 464 898 465 898 451 899 466 899 452 899 451 900 465 900 466 900 452 901 466 901 467 901 452 902 467 902 468 902 452 903 468 903 453 903 453 904 468 904 469 904 453 905 469 905 454 905 454 906 469 906 455 906 455 907 469 907 457 907 456 908 457 908 323 908 457 909 470 909 325 909 457 910 325 910 324 910 457 911 324 911 323 911 457 912 469 912 471 912 457 913 471 913 470 913 337 914 336 914 459 914 337 915 459 915 458 915 336 916 335 916 472 916 336 917 472 917 460 917 460 918 472 918 334 918 334 919 472 919 335 919 334 920 333 920 461 920 333 921 332 921 462 921 462 922 332 922 331 922 331 923 330 923 463 923 331 924 463 924 447 924 463 925 330 925 473 925 463 926 473 926 465 926 463 927 465 927 464 927 465 928 473 928 466 928 466 929 473 929 329 929 466 930 329 930 328 930 466 931 328 931 327 931 466 932 327 932 467 932 467 933 327 933 474 933 467 934 474 934 468 934 468 935 474 935 470 935 468 936 470 936 471 936 468 937 471 937 469 937 470 938 474 938 325 938 325 939 474 939 326 939 330 940 329 940 473 940 327 941 326 941 474 941 475 942 476 942 477 942 475 943 477 943 478 943 475 944 478 944 479 944 475 945 479 945 480 945 475 946 480 946 481 946 475 947 481 947 476 947 476 948 482 948 483 948 476 949 483 949 477 949 476 950 481 950 484 950 476 951 484 951 482 951 477 952 485 952 478 952 477 953 483 953 486 953 477 954 486 954 487 954 477 955 487 955 488 955 477 956 488 956 485 956 478 957 485 957 489 957 478 958 489 958 490 958 478 959 490 959 479 959 480 960 479 960 491 960 480 961 491 961 492 961 480 962 492 962 493 962 480 963 493 963 494 963 480 964 494 964 495 964 480 965 495 965 496 965 480 966 496 966 497 966 480 967 497 967 498 967 480 968 498 968 499 968 480 969 499 969 500 969 480 970 500 970 501 970 480 971 501 971 502 971 480 972 502 972 503 972 480 973 503 973 504 973 480 974 504 974 505 974 480 975 505 975 506 975 480 976 506 976 507 976 480 977 507 977 508 977 480 978 508 978 509 978 480 979 509 979 510 979 480 980 510 980 511 980 480 981 511 981 512 981 480 982 512 982 513 982 480 983 513 983 514 983 480 984 514 984 515 984 480 985 515 985 516 985 480 986 516 986 517 986 480 987 517 987 518 987 480 988 518 988 519 988 480 989 519 989 520 989 480 990 520 990 521 990 480 991 521 991 522 991 480 992 522 992 523 992 480 993 523 993 524 993 480 994 524 994 525 994 480 995 525 995 526 995 480 996 526 996 527 996 480 997 527 997 528 997 480 998 528 998 529 998 480 999 529 999 530 999 480 1000 530 1000 531 1000 480 1001 531 1001 532 1001 480 1002 532 1002 533 1002 480 1003 533 1003 534 1003 480 1004 534 1004 535 1004 480 1005 535 1005 536 1005 480 1006 536 1006 537 1006 480 1007 537 1007 538 1007 480 1008 538 1008 539 1008 480 1009 539 1009 540 1009 480 1010 540 1010 541 1010 480 1011 541 1011 542 1011 480 1012 542 1012 543 1012 480 1013 543 1013 544 1013 480 1014 544 1014 545 1014 480 1015 545 1015 546 1015 480 1016 546 1016 547 1016 480 1017 547 1017 548 1017 480 1018 548 1018 549 1018 480 1019 549 1019 550 1019 480 1020 550 1020 551 1020 480 1021 551 1021 552 1021 480 1022 552 1022 553 1022 480 1023 553 1023 554 1023 480 1024 554 1024 555 1024 480 1025 555 1025 556 1025 480 1026 556 1026 481 1026 482 1027 557 1027 558 1027 482 1028 558 1028 559 1028 482 1029 559 1029 483 1029 482 1030 484 1030 552 1030 482 1031 552 1031 557 1031 483 1032 559 1032 560 1032 483 1033 560 1033 561 1033 483 1034 561 1034 486 1034 481 1035 556 1035 555 1035 481 1036 555 1036 484 1036 485 1037 562 1037 489 1037 485 1038 488 1038 563 1038 485 1039 563 1039 562 1039 486 1040 561 1040 564 1040 486 1041 564 1041 565 1041 486 1042 565 1042 487 1042 487 1043 565 1043 566 1043 487 1044 566 1044 567 1044 487 1045 567 1045 488 1045 488 1046 567 1046 568 1046 488 1047 568 1047 563 1047 489 1048 562 1048 569 1048 489 1049 569 1049 570 1049 489 1050 570 1050 493 1050 489 1051 493 1051 490 1051 479 1052 490 1052 492 1052 479 1053 492 1053 491 1053 557 1054 571 1054 558 1054 557 1055 552 1055 572 1055 557 1056 572 1056 571 1056 558 1057 560 1057 559 1057 558 1058 571 1058 573 1058 558 1059 573 1059 560 1059 484 1060 555 1060 554 1060 484 1061 554 1061 553 1061 484 1062 553 1062 552 1062 560 1063 573 1063 574 1063 560 1064 574 1064 575 1064 560 1065 575 1065 564 1065 560 1066 564 1066 561 1066 562 1067 563 1067 576 1067 562 1068 576 1068 569 1068 563 1069 568 1069 577 1069 563 1070 577 1070 576 1070 564 1071 575 1071 578 1071 564 1072 578 1072 565 1072 565 1073 578 1073 579 1073 565 1074 579 1074 566 1074 566 1075 579 1075 580 1075 566 1076 580 1076 581 1076 566 1077 581 1077 582 1077 566 1078 582 1078 567 1078 567 1079 582 1079 583 1079 567 1080 583 1080 568 1080 568 1081 583 1081 577 1081 569 1082 576 1082 584 1082 569 1083 584 1083 585 1083 569 1084 585 1084 570 1084 570 1085 585 1085 586 1085 570 1086 586 1086 494 1086 570 1087 494 1087 493 1087 493 1088 492 1088 490 1088 571 1089 587 1089 588 1089 571 1090 588 1090 573 1090 571 1091 572 1091 589 1091 571 1092 589 1092 587 1092 552 1093 551 1093 572 1093 573 1094 588 1094 574 1094 574 1095 590 1095 591 1095 574 1096 591 1096 578 1096 574 1097 578 1097 575 1097 574 1098 588 1098 592 1098 574 1099 592 1099 590 1099 576 1100 577 1100 593 1100 576 1101 593 1101 584 1101 577 1102 583 1102 593 1102 578 1103 594 1103 595 1103 578 1104 595 1104 579 1104 578 1105 591 1105 596 1105 578 1106 596 1106 594 1106 579 1107 595 1107 580 1107 580 1108 595 1108 597 1108 580 1109 597 1109 598 1109 580 1110 598 1110 599 1110 580 1111 599 1111 600 1111 580 1112 600 1112 601 1112 580 1113 601 1113 602 1113 580 1114 602 1114 603 1114 580 1115 603 1115 581 1115 581 1116 603 1116 604 1116 581 1117 604 1117 582 1117 582 1118 604 1118 583 1118 583 1119 605 1119 606 1119 583 1120 606 1120 607 1120 583 1121 607 1121 593 1121 583 1122 604 1122 605 1122 584 1123 608 1123 585 1123 584 1124 593 1124 608 1124 585 1125 608 1125 609 1125 585 1126 609 1126 610 1126 585 1127 610 1127 586 1127 494 1128 586 1128 495 1128 587 1129 611 1129 588 1129 587 1130 589 1130 612 1130 587 1131 612 1131 611 1131 588 1132 611 1132 592 1132 572 1133 551 1133 589 1133 551 1134 550 1134 589 1134 590 1135 613 1135 614 1135 590 1136 614 1136 591 1136 590 1137 592 1137 615 1137 590 1138 615 1138 616 1138 590 1139 616 1139 613 1139 591 1140 614 1140 596 1140 592 1141 611 1141 615 1141 593 1142 607 1142 617 1142 593 1143 617 1143 618 1143 593 1144 618 1144 608 1144 594 1145 619 1145 595 1145 594 1146 596 1146 620 1146 594 1147 620 1147 621 1147 594 1148 621 1148 619 1148 595 1149 619 1149 597 1149 596 1150 614 1150 620 1150 597 1151 619 1151 598 1151 603 1152 602 1152 622 1152 603 1153 622 1153 623 1153 603 1154 623 1154 604 1154 604 1155 623 1155 605 1155 605 1156 623 1156 624 1156 605 1157 624 1157 606 1157 606 1158 624 1158 625 1158 606 1159 625 1159 626 1159 606 1160 626 1160 607 1160 607 1161 626 1161 617 1161 608 1162 618 1162 627 1162 608 1163 627 1163 609 1163 609 1164 627 1164 628 1164 609 1165 628 1165 610 1165 586 1166 610 1166 496 1166 586 1167 496 1167 495 1167 611 1168 629 1168 615 1168 611 1169 612 1169 548 1169 611 1170 548 1170 629 1170 589 1171 550 1171 549 1171 589 1172 549 1172 612 1172 613 1173 630 1173 614 1173 613 1174 616 1174 631 1174 613 1175 631 1175 632 1175 613 1176 632 1176 630 1176 614 1177 630 1177 620 1177 615 1178 629 1178 631 1178 615 1179 631 1179 616 1179 617 1180 626 1180 633 1180 617 1181 633 1181 634 1181 617 1182 634 1182 618 1182 618 1183 634 1183 627 1183 619 1184 621 1184 635 1184 619 1185 635 1185 598 1185 620 1186 630 1186 621 1186 621 1187 630 1187 636 1187 621 1188 636 1188 637 1188 621 1189 637 1189 635 1189 598 1190 635 1190 638 1190 598 1191 638 1191 599 1191 602 1192 601 1192 639 1192 602 1193 639 1193 622 1193 623 1194 622 1194 624 1194 624 1195 640 1195 641 1195 624 1196 641 1196 642 1196 624 1197 642 1197 625 1197 624 1198 622 1198 640 1198 625 1199 642 1199 633 1199 625 1200 633 1200 626 1200 627 1201 634 1201 643 1201 627 1202 643 1202 644 1202 627 1203 644 1203 628 1203 610 1204 628 1204 498 1204 610 1205 498 1205 497 1205 610 1206 497 1206 496 1206 629 1207 645 1207 631 1207 629 1208 548 1208 547 1208 629 1209 547 1209 645 1209 612 1210 549 1210 548 1210 630 1211 632 1211 646 1211 630 1212 646 1212 636 1212 631 1213 645 1213 647 1213 631 1214 647 1214 648 1214 631 1215 648 1215 632 1215 632 1216 648 1216 649 1216 632 1217 649 1217 646 1217 633 1218 650 1218 651 1218 633 1219 651 1219 652 1219 633 1220 652 1220 634 1220 633 1221 642 1221 650 1221 634 1222 653 1222 643 1222 634 1223 652 1223 653 1223 635 1224 654 1224 638 1224 635 1225 637 1225 654 1225 636 1226 655 1226 637 1226 636 1227 646 1227 655 1227 637 1228 655 1228 656 1228 637 1229 656 1229 657 1229 637 1230 657 1230 654 1230 638 1231 654 1231 658 1231 638 1232 658 1232 659 1232 638 1233 659 1233 600 1233 638 1234 600 1234 599 1234 601 1235 600 1235 660 1235 601 1236 660 1236 661 1236 601 1237 661 1237 639 1237 639 1238 661 1238 662 1238 639 1239 662 1239 663 1239 639 1240 663 1240 622 1240 622 1241 663 1241 640 1241 640 1242 664 1242 665 1242 640 1243 665 1243 641 1243 640 1244 663 1244 666 1244 640 1245 666 1245 664 1245 641 1246 665 1246 667 1246 641 1247 667 1247 642 1247 642 1248 667 1248 650 1248 643 1249 653 1249 668 1249 643 1250 668 1250 644 1250 628 1251 644 1251 498 1251 498 1252 644 1252 499 1252 645 1253 547 1253 546 1253 645 1254 546 1254 545 1254 645 1255 545 1255 647 1255 646 1256 649 1256 669 1256 646 1257 669 1257 670 1257 646 1258 670 1258 655 1258 647 1259 545 1259 544 1259 647 1260 544 1260 648 1260 648 1261 544 1261 543 1261 648 1262 543 1262 542 1262 648 1263 542 1263 649 1263 649 1264 542 1264 541 1264 649 1265 541 1265 669 1265 650 1266 667 1266 671 1266 650 1267 671 1267 651 1267 651 1268 671 1268 672 1268 651 1269 672 1269 653 1269 651 1270 653 1270 652 1270 653 1271 672 1271 503 1271 653 1272 503 1272 668 1272 654 1273 657 1273 673 1273 654 1274 673 1274 658 1274 655 1275 670 1275 656 1275 656 1276 674 1276 675 1276 656 1277 675 1277 676 1277 656 1278 676 1278 657 1278 656 1279 670 1279 677 1279 656 1280 677 1280 674 1280 657 1281 676 1281 673 1281 658 1282 673 1282 678 1282 658 1283 678 1283 679 1283 658 1284 679 1284 680 1284 658 1285 680 1285 681 1285 658 1286 681 1286 682 1286 658 1287 682 1287 659 1287 659 1288 682 1288 660 1288 659 1289 660 1289 600 1289 660 1290 683 1290 661 1290 660 1291 682 1291 684 1291 660 1292 684 1292 683 1292 661 1293 683 1293 662 1293 662 1294 683 1294 685 1294 662 1295 685 1295 686 1295 662 1296 686 1296 687 1296 662 1297 687 1297 688 1297 662 1298 688 1298 666 1298 662 1299 666 1299 663 1299 664 1300 689 1300 690 1300 664 1301 690 1301 691 1301 664 1302 691 1302 665 1302 664 1303 666 1303 689 1303 665 1304 691 1304 692 1304 665 1305 692 1305 667 1305 666 1306 688 1306 689 1306 667 1307 692 1307 693 1307 667 1308 693 1308 694 1308 667 1309 694 1309 671 1309 644 1310 668 1310 501 1310 644 1311 501 1311 500 1311 644 1312 500 1312 499 1312 670 1313 669 1313 677 1313 669 1314 695 1314 677 1314 669 1315 541 1315 540 1315 669 1316 540 1316 695 1316 671 1317 694 1317 505 1317 671 1318 505 1318 504 1318 671 1319 504 1319 672 1319 672 1320 504 1320 503 1320 503 1321 502 1321 668 1321 668 1322 502 1322 501 1322 673 1323 676 1323 678 1323 674 1324 677 1324 696 1324 674 1325 696 1325 697 1325 674 1326 697 1326 675 1326 675 1327 697 1327 698 1327 675 1328 698 1328 699 1328 675 1329 699 1329 679 1329 675 1330 679 1330 678 1330 675 1331 678 1331 676 1331 677 1332 695 1332 696 1332 679 1333 700 1333 680 1333 679 1334 699 1334 701 1334 679 1335 701 1335 702 1335 679 1336 702 1336 700 1336 680 1337 700 1337 681 1337 681 1338 700 1338 703 1338 681 1339 703 1339 704 1339 681 1340 704 1340 682 1340 682 1341 704 1341 684 1341 683 1342 684 1342 705 1342 683 1343 705 1343 685 1343 684 1344 704 1344 706 1344 684 1345 706 1345 705 1345 685 1346 705 1346 707 1346 685 1347 707 1347 708 1347 685 1348 708 1348 686 1348 686 1349 708 1349 687 1349 687 1350 709 1350 688 1350 687 1351 708 1351 710 1351 687 1352 710 1352 711 1352 687 1353 711 1353 712 1353 687 1354 712 1354 709 1354 688 1355 709 1355 689 1355 689 1356 709 1356 690 1356 690 1357 713 1357 714 1357 690 1358 714 1358 715 1358 690 1359 715 1359 691 1359 690 1360 709 1360 713 1360 691 1361 715 1361 692 1361 692 1362 715 1362 693 1362 694 1363 693 1363 507 1363 694 1364 507 1364 506 1364 694 1365 506 1365 505 1365 695 1366 716 1366 696 1366 695 1367 540 1367 539 1367 695 1368 539 1368 538 1368 695 1369 538 1369 716 1369 696 1370 698 1370 697 1370 696 1371 716 1371 717 1371 696 1372 717 1372 718 1372 696 1373 718 1373 698 1373 698 1374 718 1374 719 1374 698 1375 719 1375 699 1375 699 1376 719 1376 701 1376 700 1377 702 1377 720 1377 700 1378 720 1378 721 1378 700 1379 721 1379 722 1379 700 1380 722 1380 703 1380 701 1381 719 1381 723 1381 701 1382 723 1382 724 1382 701 1383 724 1383 702 1383 702 1384 724 1384 720 1384 703 1385 722 1385 704 1385 704 1386 722 1386 706 1386 705 1387 706 1387 725 1387 705 1388 725 1388 707 1388 706 1389 722 1389 726 1389 706 1390 726 1390 727 1390 706 1391 727 1391 728 1391 706 1392 728 1392 725 1392 707 1393 725 1393 729 1393 707 1394 729 1394 708 1394 708 1395 729 1395 730 1395 708 1396 730 1396 710 1396 709 1397 712 1397 731 1397 709 1398 731 1398 713 1398 710 1399 730 1399 732 1399 710 1400 732 1400 711 1400 711 1401 732 1401 733 1401 711 1402 733 1402 734 1402 711 1403 734 1403 712 1403 712 1404 734 1404 731 1404 713 1405 731 1405 735 1405 713 1406 735 1406 714 1406 714 1407 735 1407 736 1407 714 1408 736 1408 737 1408 714 1409 737 1409 715 1409 715 1410 737 1410 693 1410 693 1411 737 1411 509 1411 693 1412 509 1412 508 1412 693 1413 508 1413 507 1413 716 1414 538 1414 537 1414 716 1415 537 1415 536 1415 716 1416 536 1416 717 1416 717 1417 536 1417 535 1417 717 1418 535 1418 534 1418 717 1419 534 1419 718 1419 718 1420 534 1420 533 1420 718 1421 533 1421 532 1421 718 1422 532 1422 719 1422 719 1423 532 1423 531 1423 719 1424 531 1424 723 1424 720 1425 724 1425 738 1425 720 1426 738 1426 739 1426 720 1427 739 1427 721 1427 721 1428 739 1428 722 1428 722 1429 739 1429 726 1429 723 1430 531 1430 530 1430 723 1431 530 1431 724 1431 724 1432 530 1432 529 1432 724 1433 529 1433 738 1433 725 1434 728 1434 740 1434 725 1435 740 1435 729 1435 726 1436 739 1436 741 1436 726 1437 741 1437 742 1437 726 1438 742 1438 524 1438 726 1439 524 1439 727 1439 727 1440 524 1440 523 1440 727 1441 523 1441 728 1441 728 1442 523 1442 743 1442 728 1443 743 1443 744 1443 728 1444 744 1444 740 1444 729 1445 740 1445 730 1445 730 1446 740 1446 745 1446 730 1447 745 1447 732 1447 731 1448 734 1448 746 1448 731 1449 746 1449 735 1449 732 1450 745 1450 518 1450 732 1451 518 1451 747 1451 732 1452 747 1452 748 1452 732 1453 748 1453 733 1453 733 1454 748 1454 749 1454 733 1455 749 1455 734 1455 734 1456 749 1456 513 1456 734 1457 513 1457 746 1457 735 1458 746 1458 513 1458 735 1459 513 1459 512 1459 735 1460 512 1460 511 1460 735 1461 511 1461 736 1461 736 1462 511 1462 737 1462 737 1463 511 1463 510 1463 737 1464 510 1464 509 1464 738 1465 529 1465 528 1465 738 1466 528 1466 739 1466 739 1467 528 1467 741 1467 740 1468 744 1468 519 1468 740 1469 519 1469 745 1469 742 1470 741 1470 527 1470 742 1471 527 1471 526 1471 742 1472 526 1472 525 1472 742 1473 525 1473 524 1473 523 1474 522 1474 743 1474 743 1475 522 1475 521 1475 743 1476 521 1476 744 1476 745 1477 519 1477 518 1477 518 1478 517 1478 747 1478 747 1479 517 1479 748 1479 748 1480 517 1480 516 1480 748 1481 516 1481 515 1481 748 1482 515 1482 749 1482 749 1483 515 1483 514 1483 749 1484 514 1484 513 1484 528 1485 527 1485 741 1485 744 1486 521 1486 520 1486 744 1487 520 1487 519 1487 750 1488 751 1488 752 1488 750 1489 752 1489 753 1489 750 1490 753 1490 754 1490 750 1491 754 1491 755 1491 750 1492 755 1492 756 1492 750 1493 756 1493 757 1493 750 1494 757 1494 758 1494 750 1495 758 1495 759 1495 750 1496 759 1496 760 1496 750 1497 760 1497 761 1497 750 1498 761 1498 762 1498 750 1499 762 1499 763 1499 750 1500 763 1500 764 1500 750 1501 764 1501 765 1501 750 1502 765 1502 766 1502 750 1503 766 1503 767 1503 750 1504 767 1504 768 1504 750 1505 768 1505 769 1505 750 1506 769 1506 770 1506 750 1507 770 1507 771 1507 750 1508 771 1508 772 1508 750 1509 772 1509 773 1509 750 1510 773 1510 774 1510 750 1511 774 1511 775 1511 750 1512 775 1512 776 1512 750 1513 776 1513 777 1513 750 1514 777 1514 778 1514 750 1515 778 1515 779 1515 750 1516 779 1516 780 1516 750 1517 780 1517 781 1517 750 1518 781 1518 782 1518 750 1519 782 1519 783 1519 750 1520 783 1520 784 1520 750 1521 784 1521 785 1521 750 1522 785 1522 786 1522 750 1523 786 1523 787 1523 750 1524 787 1524 788 1524 750 1525 788 1525 789 1525 750 1526 789 1526 790 1526 750 1527 790 1527 791 1527 750 1528 791 1528 792 1528 750 1529 792 1529 793 1529 750 1530 793 1530 794 1530 750 1531 794 1531 795 1531 750 1532 795 1532 796 1532 750 1533 796 1533 797 1533 750 1534 797 1534 798 1534 750 1535 798 1535 799 1535 750 1536 799 1536 800 1536 750 1537 800 1537 801 1537 750 1538 801 1538 802 1538 750 1539 802 1539 803 1539 750 1540 803 1540 804 1540 750 1541 804 1541 805 1541 750 1542 805 1542 806 1542 750 1543 806 1543 807 1543 750 1544 807 1544 808 1544 750 1545 808 1545 809 1545 750 1546 809 1546 810 1546 750 1547 810 1547 751 1547 751 1548 810 1548 752 1548 808 1549 807 1549 811 1549 808 1550 811 1550 809 1550 809 1551 811 1551 812 1551 809 1552 812 1552 813 1552 809 1553 813 1553 810 1553 810 1554 813 1554 814 1554 810 1555 814 1555 815 1555 810 1556 815 1556 816 1556 810 1557 816 1557 752 1557 752 1558 816 1558 753 1558 807 1559 806 1559 817 1559 807 1560 817 1560 811 1560 811 1561 818 1561 819 1561 811 1562 819 1562 812 1562 811 1563 817 1563 818 1563 812 1564 819 1564 820 1564 812 1565 820 1565 821 1565 812 1566 821 1566 813 1566 813 1567 821 1567 822 1567 813 1568 822 1568 814 1568 814 1569 822 1569 815 1569 815 1570 822 1570 823 1570 815 1571 823 1571 824 1571 815 1572 824 1572 825 1572 815 1573 825 1573 816 1573 816 1574 825 1574 753 1574 753 1575 826 1575 754 1575 753 1576 825 1576 826 1576 806 1577 805 1577 827 1577 806 1578 827 1578 828 1578 806 1579 828 1579 818 1579 806 1580 818 1580 817 1580 818 1581 828 1581 829 1581 818 1582 829 1582 830 1582 818 1583 830 1583 819 1583 819 1584 830 1584 831 1584 819 1585 831 1585 820 1585 820 1586 831 1586 832 1586 820 1587 832 1587 833 1587 820 1588 833 1588 821 1588 821 1589 833 1589 834 1589 821 1590 834 1590 822 1590 822 1591 834 1591 835 1591 822 1592 835 1592 836 1592 822 1593 836 1593 823 1593 823 1594 837 1594 824 1594 823 1595 836 1595 838 1595 823 1596 838 1596 837 1596 824 1597 837 1597 839 1597 824 1598 839 1598 825 1598 825 1599 839 1599 755 1599 825 1600 755 1600 826 1600 826 1601 755 1601 754 1601 805 1602 804 1602 840 1602 805 1603 840 1603 827 1603 827 1604 840 1604 841 1604 827 1605 841 1605 828 1605 828 1606 841 1606 840 1606 828 1607 840 1607 829 1607 829 1608 842 1608 843 1608 829 1609 843 1609 844 1609 829 1610 844 1610 831 1610 829 1611 831 1611 830 1611 829 1612 840 1612 842 1612 831 1613 844 1613 832 1613 832 1614 844 1614 845 1614 832 1615 845 1615 846 1615 832 1616 846 1616 833 1616 833 1617 846 1617 847 1617 833 1618 847 1618 834 1618 834 1619 847 1619 848 1619 834 1620 848 1620 835 1620 835 1621 848 1621 849 1621 835 1622 849 1622 850 1622 835 1623 850 1623 836 1623 836 1624 850 1624 838 1624 837 1625 838 1625 851 1625 837 1626 851 1626 852 1626 837 1627 852 1627 853 1627 837 1628 853 1628 854 1628 837 1629 854 1629 839 1629 838 1630 850 1630 855 1630 838 1631 855 1631 851 1631 839 1632 854 1632 856 1632 839 1633 856 1633 756 1633 839 1634 756 1634 755 1634 804 1635 803 1635 857 1635 804 1636 857 1636 840 1636 840 1637 858 1637 859 1637 840 1638 859 1638 842 1638 840 1639 857 1639 803 1639 840 1640 803 1640 802 1640 840 1641 802 1641 860 1641 840 1642 860 1642 858 1642 842 1643 861 1643 862 1643 842 1644 862 1644 863 1644 842 1645 863 1645 843 1645 842 1646 859 1646 864 1646 842 1647 864 1647 861 1647 843 1648 863 1648 844 1648 844 1649 863 1649 845 1649 845 1650 865 1650 846 1650 845 1651 863 1651 866 1651 845 1652 866 1652 865 1652 846 1653 865 1653 867 1653 846 1654 867 1654 847 1654 847 1655 867 1655 848 1655 848 1656 867 1656 868 1656 848 1657 868 1657 849 1657 849 1658 868 1658 869 1658 849 1659 869 1659 850 1659 850 1660 870 1660 855 1660 850 1661 869 1661 870 1661 851 1662 855 1662 870 1662 851 1663 870 1663 871 1663 851 1664 871 1664 872 1664 851 1665 872 1665 873 1665 851 1666 873 1666 852 1666 852 1667 873 1667 874 1667 852 1668 874 1668 875 1668 852 1669 875 1669 876 1669 852 1670 876 1670 853 1670 853 1671 876 1671 854 1671 854 1672 876 1672 759 1672 854 1673 759 1673 758 1673 854 1674 758 1674 757 1674 854 1675 757 1675 756 1675 854 1676 756 1676 856 1676 858 1677 860 1677 859 1677 859 1678 860 1678 801 1678 859 1679 801 1679 864 1679 802 1680 801 1680 860 1680 861 1681 877 1681 862 1681 861 1682 864 1682 877 1682 862 1683 877 1683 878 1683 862 1684 878 1684 866 1684 862 1685 866 1685 863 1685 864 1686 879 1686 877 1686 864 1687 801 1687 880 1687 864 1688 880 1688 800 1688 864 1689 800 1689 879 1689 865 1690 866 1690 881 1690 865 1691 881 1691 882 1691 865 1692 882 1692 867 1692 866 1693 878 1693 881 1693 867 1694 882 1694 883 1694 867 1695 883 1695 884 1695 867 1696 884 1696 868 1696 868 1697 884 1697 885 1697 868 1698 885 1698 886 1698 868 1699 886 1699 887 1699 868 1700 887 1700 888 1700 868 1701 888 1701 869 1701 869 1702 888 1702 889 1702 869 1703 889 1703 870 1703 870 1704 889 1704 890 1704 870 1705 890 1705 871 1705 871 1706 890 1706 891 1706 871 1707 891 1707 872 1707 872 1708 892 1708 873 1708 872 1709 891 1709 893 1709 872 1710 893 1710 894 1710 872 1711 894 1711 767 1711 872 1712 767 1712 892 1712 873 1713 892 1713 765 1713 873 1714 765 1714 764 1714 873 1715 764 1715 874 1715 874 1716 764 1716 763 1716 874 1717 763 1717 762 1717 874 1718 762 1718 875 1718 875 1719 762 1719 761 1719 875 1720 761 1720 876 1720 876 1721 761 1721 760 1721 876 1722 760 1722 759 1722 801 1723 800 1723 880 1723 877 1724 895 1724 878 1724 877 1725 879 1725 895 1725 878 1726 896 1726 881 1726 878 1727 895 1727 896 1727 879 1728 897 1728 895 1728 879 1729 800 1729 897 1729 800 1730 799 1730 897 1730 881 1731 898 1731 882 1731 881 1732 896 1732 898 1732 882 1733 898 1733 883 1733 883 1734 899 1734 884 1734 883 1735 898 1735 900 1735 883 1736 900 1736 899 1736 884 1737 899 1737 885 1737 888 1738 887 1738 901 1738 888 1739 901 1739 902 1739 888 1740 902 1740 889 1740 889 1741 902 1741 903 1741 889 1742 903 1742 890 1742 890 1743 903 1743 891 1743 892 1744 767 1744 766 1744 892 1745 766 1745 765 1745 891 1746 903 1746 904 1746 891 1747 904 1747 893 1747 893 1748 771 1748 770 1748 893 1749 770 1749 905 1749 893 1750 905 1750 894 1750 893 1751 904 1751 771 1751 894 1752 905 1752 768 1752 894 1753 768 1753 767 1753 895 1754 906 1754 896 1754 895 1755 897 1755 906 1755 896 1756 906 1756 907 1756 896 1757 907 1757 898 1757 897 1758 908 1758 906 1758 897 1759 799 1759 798 1759 897 1760 798 1760 908 1760 898 1761 907 1761 900 1761 899 1762 900 1762 909 1762 899 1763 909 1763 910 1763 899 1764 910 1764 885 1764 900 1765 911 1765 909 1765 900 1766 907 1766 911 1766 885 1767 910 1767 886 1767 887 1768 886 1768 912 1768 887 1769 912 1769 901 1769 901 1770 912 1770 913 1770 901 1771 913 1771 914 1771 901 1772 914 1772 902 1772 902 1773 914 1773 903 1773 903 1774 914 1774 904 1774 904 1775 914 1775 915 1775 904 1776 915 1776 916 1776 904 1777 916 1777 917 1777 904 1778 917 1778 772 1778 904 1779 772 1779 771 1779 770 1780 769 1780 905 1780 905 1781 769 1781 768 1781 906 1782 918 1782 907 1782 906 1783 908 1783 918 1783 907 1784 918 1784 919 1784 907 1785 919 1785 920 1785 907 1786 920 1786 911 1786 908 1787 921 1787 919 1787 908 1788 919 1788 918 1788 908 1789 798 1789 797 1789 908 1790 797 1790 796 1790 908 1791 796 1791 921 1791 909 1792 911 1792 922 1792 909 1793 922 1793 910 1793 910 1794 922 1794 923 1794 910 1795 923 1795 924 1795 910 1796 924 1796 886 1796 911 1797 920 1797 925 1797 911 1798 925 1798 922 1798 886 1799 924 1799 926 1799 886 1800 926 1800 912 1800 912 1801 926 1801 927 1801 912 1802 927 1802 913 1802 913 1803 927 1803 928 1803 913 1804 928 1804 929 1804 913 1805 929 1805 914 1805 914 1806 929 1806 915 1806 915 1807 929 1807 930 1807 915 1808 930 1808 931 1808 915 1809 931 1809 932 1809 915 1810 932 1810 916 1810 916 1811 932 1811 933 1811 916 1812 933 1812 772 1812 916 1813 772 1813 917 1813 772 1814 934 1814 773 1814 772 1815 933 1815 934 1815 919 1816 935 1816 920 1816 919 1817 921 1817 936 1817 919 1818 936 1818 935 1818 920 1819 937 1819 938 1819 920 1820 938 1820 925 1820 920 1821 935 1821 937 1821 921 1822 796 1822 795 1822 921 1823 795 1823 936 1823 922 1824 925 1824 938 1824 922 1825 938 1825 939 1825 922 1826 939 1826 923 1826 923 1827 939 1827 940 1827 923 1828 940 1828 941 1828 923 1829 941 1829 942 1829 923 1830 942 1830 924 1830 924 1831 942 1831 926 1831 926 1832 942 1832 943 1832 926 1833 943 1833 944 1833 926 1834 944 1834 927 1834 927 1835 944 1835 945 1835 927 1836 945 1836 928 1836 928 1837 945 1837 946 1837 928 1838 946 1838 929 1838 929 1839 946 1839 930 1839 930 1840 946 1840 947 1840 930 1841 947 1841 948 1841 930 1842 948 1842 949 1842 930 1843 949 1843 950 1843 930 1844 950 1844 951 1844 930 1845 951 1845 952 1845 930 1846 952 1846 953 1846 930 1847 953 1847 931 1847 931 1848 933 1848 932 1848 931 1849 953 1849 774 1849 931 1850 774 1850 773 1850 931 1851 773 1851 933 1851 933 1852 773 1852 934 1852 935 1853 954 1853 937 1853 935 1854 936 1854 955 1854 935 1855 955 1855 954 1855 936 1856 795 1856 956 1856 936 1857 956 1857 792 1857 936 1858 792 1858 955 1858 937 1859 957 1859 938 1859 937 1860 954 1860 957 1860 938 1861 940 1861 939 1861 938 1862 957 1862 958 1862 938 1863 958 1863 940 1863 795 1864 794 1864 956 1864 940 1865 943 1865 941 1865 940 1866 958 1866 959 1866 940 1867 959 1867 960 1867 940 1868 960 1868 961 1868 940 1869 961 1869 943 1869 941 1870 943 1870 942 1870 943 1871 961 1871 962 1871 943 1872 962 1872 963 1872 943 1873 963 1873 944 1873 944 1874 963 1874 945 1874 945 1875 964 1875 946 1875 945 1876 963 1876 965 1876 945 1877 965 1877 964 1877 946 1878 964 1878 947 1878 947 1879 964 1879 948 1879 948 1880 964 1880 966 1880 948 1881 966 1881 967 1881 948 1882 967 1882 968 1882 948 1883 968 1883 777 1883 948 1884 777 1884 776 1884 948 1885 776 1885 949 1885 949 1886 776 1886 950 1886 950 1887 776 1887 951 1887 951 1888 776 1888 969 1888 951 1889 969 1889 775 1889 951 1890 775 1890 952 1890 952 1891 775 1891 774 1891 952 1892 774 1892 953 1892 954 1893 955 1893 957 1893 955 1894 970 1894 971 1894 955 1895 971 1895 972 1895 955 1896 972 1896 957 1896 955 1897 792 1897 791 1897 955 1898 791 1898 970 1898 956 1899 794 1899 793 1899 956 1900 793 1900 792 1900 957 1901 972 1901 973 1901 957 1902 973 1902 958 1902 958 1903 973 1903 959 1903 959 1904 973 1904 974 1904 959 1905 974 1905 975 1905 959 1906 975 1906 960 1906 960 1907 975 1907 976 1907 960 1908 976 1908 961 1908 961 1909 976 1909 962 1909 962 1910 976 1910 977 1910 962 1911 977 1911 978 1911 962 1912 978 1912 965 1912 962 1913 965 1913 963 1913 964 1914 965 1914 979 1914 964 1915 979 1915 966 1915 966 1916 979 1916 967 1916 967 1917 979 1917 968 1917 968 1918 980 1918 779 1918 968 1919 779 1919 778 1919 968 1920 778 1920 777 1920 968 1921 979 1921 980 1921 776 1922 775 1922 969 1922 970 1923 791 1923 971 1923 971 1924 981 1924 974 1924 971 1925 974 1925 973 1925 971 1926 973 1926 972 1926 971 1927 791 1927 790 1927 971 1928 790 1928 789 1928 971 1929 789 1929 788 1929 971 1930 788 1930 981 1930 974 1931 981 1931 982 1931 974 1932 982 1932 983 1932 974 1933 983 1933 975 1933 975 1934 983 1934 976 1934 976 1935 983 1935 984 1935 976 1936 984 1936 985 1936 976 1937 985 1937 977 1937 977 1938 985 1938 978 1938 978 1939 986 1939 979 1939 978 1940 979 1940 965 1940 978 1941 985 1941 782 1941 978 1942 782 1942 781 1942 978 1943 781 1943 780 1943 978 1944 780 1944 986 1944 979 1945 986 1945 980 1945 980 1946 780 1946 779 1946 980 1947 986 1947 780 1947 981 1948 788 1948 787 1948 981 1949 787 1949 786 1949 981 1950 786 1950 982 1950 982 1951 984 1951 983 1951 982 1952 786 1952 785 1952 982 1953 785 1953 984 1953 984 1954 785 1954 784 1954 984 1955 784 1955 783 1955 984 1956 783 1956 985 1956 985 1957 783 1957 782 1957 987 1958 988 1958 989 1958 987 1959 989 1959 990 1959 987 1960 990 1960 991 1960 987 1961 991 1961 992 1961 987 1962 992 1962 993 1962 987 1963 993 1963 994 1963 987 1964 994 1964 995 1964 987 1965 995 1965 996 1965 987 1966 996 1966 997 1966 987 1967 997 1967 998 1967 987 1968 998 1968 999 1968 987 1969 999 1969 1000 1969 987 1970 1000 1970 1001 1970 987 1971 1001 1971 1002 1971 987 1972 1002 1972 1003 1972 987 1973 1003 1973 1004 1973 987 1974 1004 1974 1005 1974 987 1975 1005 1975 1006 1975 987 1976 1006 1976 988 1976 988 1977 1006 1977 1007 1977 988 1978 1007 1978 1008 1978 988 1979 1008 1979 989 1979 989 1980 1008 1980 1009 1980 989 1981 1009 1981 990 1981 990 1982 1009 1982 1010 1982 990 1983 1010 1983 1011 1983 990 1984 1011 1984 1012 1984 990 1985 1012 1985 1013 1985 990 1986 1013 1986 1014 1986 990 1987 1014 1987 1015 1987 990 1988 1015 1988 1016 1988 990 1989 1016 1989 1017 1989 990 1990 1017 1990 1018 1990 990 1991 1018 1991 1019 1991 990 1992 1019 1992 1020 1992 990 1993 1020 1993 1021 1993 990 1994 1021 1994 1022 1994 990 1995 1022 1995 1023 1995 990 1996 1023 1996 1024 1996 990 1997 1024 1997 1025 1997 990 1998 1025 1998 1026 1998 990 1999 1026 1999 991 1999 991 2000 1026 2000 992 2000 1006 2001 1005 2001 1027 2001 1006 2002 1027 2002 1028 2002 1006 2003 1028 2003 1029 2003 1006 2004 1029 2004 1030 2004 1006 2005 1030 2005 1031 2005 1006 2006 1031 2006 1032 2006 1006 2007 1032 2007 1033 2007 1006 2008 1033 2008 1007 2008 1007 2009 1033 2009 1010 2009 1007 2010 1010 2010 1009 2010 1007 2011 1009 2011 1008 2011 1025 2012 1024 2012 1034 2012 1025 2013 1034 2013 1026 2013 1026 2014 1034 2014 992 2014 992 2015 1034 2015 993 2015 1005 2016 1004 2016 1027 2016 1033 2017 1035 2017 1010 2017 1033 2018 1032 2018 1035 2018 1010 2019 1035 2019 1036 2019 1010 2020 1036 2020 1011 2020 1024 2021 1023 2021 1034 2021 1034 2022 1023 2022 1022 2022 1034 2023 1022 2023 1037 2023 1034 2024 1037 2024 1038 2024 1034 2025 1038 2025 1039 2025 1034 2026 1039 2026 1040 2026 1034 2027 1040 2027 1041 2027 1034 2028 1041 2028 993 2028 993 2029 1041 2029 1040 2029 993 2030 1040 2030 994 2030 1027 2031 1004 2031 1028 2031 1004 2032 1003 2032 1028 2032 1035 2033 1032 2033 1001 2033 1035 2034 1001 2034 1036 2034 1032 2035 1031 2035 1002 2035 1032 2036 1002 2036 1001 2036 1036 2037 1014 2037 1013 2037 1036 2038 1013 2038 1012 2038 1036 2039 1012 2039 1011 2039 1036 2040 1001 2040 1000 2040 1036 2041 1000 2041 1042 2041 1036 2042 1042 2042 1043 2042 1036 2043 1043 2043 1014 2043 1022 2044 1021 2044 1037 2044 1037 2045 1021 2045 1038 2045 1038 2046 1044 2046 1045 2046 1038 2047 1045 2047 1039 2047 1038 2048 1021 2048 1046 2048 1038 2049 1046 2049 1044 2049 1039 2050 1045 2050 1040 2050 1040 2051 1045 2051 995 2051 1040 2052 995 2052 994 2052 1028 2053 1003 2053 1029 2053 1003 2054 1002 2054 1030 2054 1003 2055 1030 2055 1029 2055 1031 2056 1030 2056 1002 2056 1014 2057 1043 2057 1015 2057 1000 2058 999 2058 1047 2058 1000 2059 1047 2059 1043 2059 1000 2060 1043 2060 1042 2060 1043 2061 1047 2061 1015 2061 1021 2062 1020 2062 1046 2062 1044 2063 1048 2063 1049 2063 1044 2064 1049 2064 1045 2064 1044 2065 1046 2065 1050 2065 1044 2066 1050 2066 1048 2066 1045 2067 1049 2067 997 2067 1045 2068 997 2068 996 2068 1045 2069 996 2069 995 2069 1046 2070 1020 2070 1019 2070 1046 2071 1019 2071 1050 2071 1015 2072 1051 2072 1016 2072 1015 2073 1047 2073 1051 2073 999 2074 998 2074 1052 2074 999 2075 1052 2075 1047 2075 1047 2076 1052 2076 1053 2076 1047 2077 1053 2077 1051 2077 1048 2078 1050 2078 1054 2078 1048 2079 1054 2079 1055 2079 1048 2080 1055 2080 1049 2080 1049 2081 1055 2081 997 2081 1050 2082 1019 2082 1054 2082 1051 2083 1053 2083 1016 2083 1016 2084 1053 2084 1017 2084 998 2085 997 2085 1055 2085 998 2086 1055 2086 1052 2086 1052 2087 1055 2087 1054 2087 1052 2088 1054 2088 1053 2088 1053 2089 1054 2089 1017 2089 1019 2090 1018 2090 1054 2090 1054 2091 1018 2091 1017 2091 1056 2092 1057 2092 1058 2092 1056 2093 1058 2093 1059 2093 1056 2094 1059 2094 1060 2094 1056 2095 1060 2095 1061 2095 1056 2096 1061 2096 1062 2096 1056 2097 1062 2097 1063 2097 1056 2098 1063 2098 1057 2098 1057 2099 1063 2099 1064 2099 1057 2100 1064 2100 1065 2100 1057 2101 1065 2101 1066 2101 1057 2102 1066 2102 1067 2102 1057 2103 1067 2103 1068 2103 1057 2104 1068 2104 1069 2104 1057 2105 1069 2105 1058 2105 1058 2106 1069 2106 1068 2106 1058 2107 1068 2107 1070 2107 1058 2108 1070 2108 1065 2108 1058 2109 1065 2109 1064 2109 1058 2110 1064 2110 1071 2110 1058 2111 1071 2111 1072 2111 1058 2112 1072 2112 1073 2112 1058 2113 1073 2113 1059 2113 1059 2114 1073 2114 1074 2114 1059 2115 1074 2115 1060 2115 1060 2116 1074 2116 1072 2116 1060 2117 1072 2117 1071 2117 1060 2118 1071 2118 1075 2118 1060 2119 1075 2119 1076 2119 1060 2120 1076 2120 1062 2120 1060 2121 1062 2121 1061 2121 1063 2122 1062 2122 1076 2122 1063 2123 1076 2123 1075 2123 1063 2124 1075 2124 1071 2124 1063 2125 1071 2125 1064 2125 1067 2126 1066 2126 1068 2126 1068 2127 1066 2127 1070 2127 1073 2128 1072 2128 1074 2128 1066 2129 1065 2129 1070 2129 1077 2130 1078 2130 1079 2130 1077 2131 1079 2131 1080 2131 1077 2132 1080 2132 1081 2132 1077 2133 1081 2133 1082 2133 1077 2134 1082 2134 1083 2134 1077 2135 1083 2135 1084 2135 1077 2136 1084 2136 1085 2136 1077 2137 1085 2137 1086 2137 1077 2138 1086 2138 1087 2138 1077 2139 1087 2139 1088 2139 1077 2140 1088 2140 1089 2140 1077 2141 1089 2141 1090 2141 1077 2142 1090 2142 1091 2142 1077 2143 1091 2143 1092 2143 1077 2144 1092 2144 1093 2144 1077 2145 1093 2145 1094 2145 1077 2146 1094 2146 1095 2146 1077 2147 1095 2147 1096 2147 1077 2148 1096 2148 1097 2148 1077 2149 1097 2149 1078 2149 1078 2150 1098 2150 1099 2150 1078 2151 1099 2151 1079 2151 1078 2152 1097 2152 1098 2152 1095 2153 1094 2153 1100 2153 1095 2154 1100 2154 1096 2154 1096 2155 1100 2155 1101 2155 1096 2156 1101 2156 1102 2156 1096 2157 1102 2157 1097 2157 1098 2158 1097 2158 1103 2158 1098 2159 1103 2159 1099 2159 1099 2160 1104 2160 1079 2160 1099 2161 1103 2161 1104 2161 1079 2162 1104 2162 1105 2162 1079 2163 1105 2163 1106 2163 1079 2164 1106 2164 1107 2164 1079 2165 1107 2165 1108 2165 1079 2166 1108 2166 1109 2166 1079 2167 1109 2167 1110 2167 1079 2168 1110 2168 1080 2168 1097 2169 1102 2169 1103 2169 1094 2170 1093 2170 1100 2170 1100 2171 1111 2171 1101 2171 1100 2172 1093 2172 1111 2172 1101 2173 1112 2173 1113 2173 1101 2174 1113 2174 1114 2174 1101 2175 1114 2175 1102 2175 1101 2176 1111 2176 1112 2176 1103 2177 1102 2177 1115 2177 1103 2178 1115 2178 1116 2178 1103 2179 1116 2179 1104 2179 1104 2180 1116 2180 1105 2180 1105 2181 1116 2181 1106 2181 1106 2182 1116 2182 1117 2182 1106 2183 1117 2183 1107 2183 1107 2184 1117 2184 1118 2184 1107 2185 1118 2185 1108 2185 1108 2186 1118 2186 1119 2186 1108 2187 1119 2187 1120 2187 1108 2188 1120 2188 1109 2188 1109 2189 1120 2189 1119 2189 1109 2190 1119 2190 1121 2190 1109 2191 1121 2191 1122 2191 1109 2192 1122 2192 1123 2192 1109 2193 1123 2193 1124 2193 1109 2194 1124 2194 1125 2194 1109 2195 1125 2195 1126 2195 1109 2196 1126 2196 1127 2196 1109 2197 1127 2197 1128 2197 1109 2198 1128 2198 1129 2198 1109 2199 1129 2199 1130 2199 1109 2200 1130 2200 1131 2200 1109 2201 1131 2201 1132 2201 1109 2202 1132 2202 1133 2202 1109 2203 1133 2203 1134 2203 1109 2204 1134 2204 1135 2204 1109 2205 1135 2205 1136 2205 1109 2206 1136 2206 1137 2206 1109 2207 1137 2207 1138 2207 1109 2208 1138 2208 1139 2208 1109 2209 1139 2209 1140 2209 1109 2210 1140 2210 1141 2210 1109 2211 1141 2211 1142 2211 1109 2212 1142 2212 1143 2212 1109 2213 1143 2213 1144 2213 1109 2214 1144 2214 1145 2214 1109 2215 1145 2215 1146 2215 1109 2216 1146 2216 1147 2216 1109 2217 1147 2217 1148 2217 1109 2218 1148 2218 1149 2218 1109 2219 1149 2219 1150 2219 1109 2220 1150 2220 1151 2220 1109 2221 1151 2221 1152 2221 1109 2222 1152 2222 1153 2222 1109 2223 1153 2223 1154 2223 1109 2224 1154 2224 1155 2224 1109 2225 1155 2225 1156 2225 1109 2226 1156 2226 1157 2226 1109 2227 1157 2227 1158 2227 1109 2228 1158 2228 1159 2228 1109 2229 1159 2229 1160 2229 1109 2230 1160 2230 1161 2230 1109 2231 1161 2231 1110 2231 1080 2232 1110 2232 1162 2232 1080 2233 1162 2233 1163 2233 1080 2234 1163 2234 1164 2234 1080 2235 1164 2235 1165 2235 1080 2236 1165 2236 1166 2236 1080 2237 1166 2237 1167 2237 1080 2238 1167 2238 1168 2238 1080 2239 1168 2239 1169 2239 1080 2240 1169 2240 1170 2240 1080 2241 1170 2241 1171 2241 1080 2242 1171 2242 1172 2242 1080 2243 1172 2243 1081 2243 1102 2244 1114 2244 1173 2244 1102 2245 1173 2245 1115 2245 1093 2246 1092 2246 1174 2246 1093 2247 1174 2247 1111 2247 1111 2248 1174 2248 1175 2248 1111 2249 1175 2249 1176 2249 1111 2250 1176 2250 1112 2250 1112 2251 1177 2251 1178 2251 1112 2252 1178 2252 1113 2252 1112 2253 1176 2253 1179 2253 1112 2254 1179 2254 1177 2254 1113 2255 1178 2255 1180 2255 1113 2256 1180 2256 1181 2256 1113 2257 1181 2257 1173 2257 1113 2258 1173 2258 1114 2258 1115 2259 1182 2259 1117 2259 1115 2260 1117 2260 1116 2260 1115 2261 1173 2261 1183 2261 1115 2262 1183 2262 1182 2262 1117 2263 1182 2263 1184 2263 1117 2264 1184 2264 1118 2264 1118 2265 1184 2265 1185 2265 1118 2266 1185 2266 1186 2266 1118 2267 1186 2267 1128 2267 1118 2268 1128 2268 1127 2268 1118 2269 1127 2269 1126 2269 1118 2270 1126 2270 1125 2270 1118 2271 1125 2271 1124 2271 1118 2272 1124 2272 1123 2272 1118 2273 1123 2273 1122 2273 1118 2274 1122 2274 1121 2274 1118 2275 1121 2275 1119 2275 1110 2276 1161 2276 1162 2276 1162 2277 1187 2277 1188 2277 1162 2278 1188 2278 1163 2278 1162 2279 1161 2279 1160 2279 1162 2280 1160 2280 1187 2280 1163 2281 1188 2281 1189 2281 1163 2282 1189 2282 1190 2282 1163 2283 1190 2283 1164 2283 1164 2284 1190 2284 1165 2284 1165 2285 1190 2285 1166 2285 1166 2286 1190 2286 1191 2286 1166 2287 1191 2287 1192 2287 1166 2288 1192 2288 1167 2288 1167 2289 1192 2289 1168 2289 1168 2290 1192 2290 1169 2290 1169 2291 1192 2291 1170 2291 1170 2292 1192 2292 1171 2292 1171 2293 1192 2293 1193 2293 1171 2294 1193 2294 1194 2294 1171 2295 1194 2295 1195 2295 1171 2296 1195 2296 1172 2296 1081 2297 1172 2297 1082 2297 1173 2298 1181 2298 1196 2298 1173 2299 1196 2299 1183 2299 1092 2300 1091 2300 1174 2300 1174 2301 1197 2301 1175 2301 1174 2302 1091 2302 1197 2302 1175 2303 1198 2303 1179 2303 1175 2304 1179 2304 1176 2304 1175 2305 1197 2305 1199 2305 1175 2306 1199 2306 1198 2306 1177 2307 1179 2307 1200 2307 1177 2308 1200 2308 1201 2308 1177 2309 1201 2309 1178 2309 1178 2310 1201 2310 1202 2310 1178 2311 1202 2311 1180 2311 1182 2312 1183 2312 1196 2312 1182 2313 1196 2313 1203 2313 1182 2314 1203 2314 1185 2314 1182 2315 1185 2315 1184 2315 1186 2316 1185 2316 1204 2316 1186 2317 1204 2317 1205 2317 1186 2318 1205 2318 1206 2318 1186 2319 1206 2319 1132 2319 1186 2320 1132 2320 1131 2320 1186 2321 1131 2321 1130 2321 1186 2322 1130 2322 1129 2322 1186 2323 1129 2323 1128 2323 1187 2324 1207 2324 1208 2324 1187 2325 1208 2325 1188 2325 1187 2326 1160 2326 1159 2326 1187 2327 1159 2327 1158 2327 1187 2328 1158 2328 1157 2328 1187 2329 1157 2329 1156 2329 1187 2330 1156 2330 1155 2330 1187 2331 1155 2331 1154 2331 1187 2332 1154 2332 1153 2332 1187 2333 1153 2333 1152 2333 1187 2334 1152 2334 1207 2334 1188 2335 1208 2335 1209 2335 1188 2336 1209 2336 1210 2336 1188 2337 1210 2337 1190 2337 1188 2338 1190 2338 1189 2338 1190 2339 1210 2339 1211 2339 1190 2340 1211 2340 1212 2340 1190 2341 1212 2341 1191 2341 1191 2342 1212 2342 1192 2342 1192 2343 1212 2343 1193 2343 1194 2344 1193 2344 1213 2344 1194 2345 1213 2345 1214 2345 1194 2346 1214 2346 1195 2346 1172 2347 1195 2347 1215 2347 1172 2348 1215 2348 1083 2348 1172 2349 1083 2349 1082 2349 1181 2350 1180 2350 1202 2350 1181 2351 1202 2351 1216 2351 1181 2352 1216 2352 1217 2352 1181 2353 1217 2353 1196 2353 1091 2354 1090 2354 1197 2354 1197 2355 1090 2355 1218 2355 1197 2356 1218 2356 1219 2356 1197 2357 1219 2357 1220 2357 1197 2358 1220 2358 1221 2358 1197 2359 1221 2359 1222 2359 1197 2360 1222 2360 1223 2360 1197 2361 1223 2361 1224 2361 1197 2362 1224 2362 1225 2362 1197 2363 1225 2363 1226 2363 1197 2364 1226 2364 1227 2364 1197 2365 1227 2365 1228 2365 1197 2366 1228 2366 1229 2366 1197 2367 1229 2367 1199 2367 1198 2368 1230 2368 1179 2368 1198 2369 1199 2369 1231 2369 1198 2370 1231 2370 1230 2370 1179 2371 1230 2371 1200 2371 1200 2372 1230 2372 1232 2372 1200 2373 1232 2373 1201 2373 1201 2374 1232 2374 1233 2374 1201 2375 1233 2375 1234 2375 1201 2376 1234 2376 1235 2376 1201 2377 1235 2377 1216 2377 1201 2378 1216 2378 1202 2378 1203 2379 1236 2379 1204 2379 1203 2380 1204 2380 1185 2380 1203 2381 1196 2381 1217 2381 1203 2382 1217 2382 1236 2382 1204 2383 1236 2383 1237 2383 1204 2384 1237 2384 1238 2384 1204 2385 1238 2385 1239 2385 1204 2386 1239 2386 1240 2386 1204 2387 1240 2387 1205 2387 1205 2388 1240 2388 1206 2388 1206 2389 1241 2389 1242 2389 1206 2390 1242 2390 1243 2390 1206 2391 1243 2391 1244 2391 1206 2392 1244 2392 1132 2392 1206 2393 1240 2393 1241 2393 1132 2394 1244 2394 1245 2394 1132 2395 1245 2395 1133 2395 1207 2396 1246 2396 1247 2396 1207 2397 1247 2397 1208 2397 1207 2398 1152 2398 1151 2398 1207 2399 1151 2399 1150 2399 1207 2400 1150 2400 1149 2400 1207 2401 1149 2401 1248 2401 1207 2402 1248 2402 1246 2402 1208 2403 1247 2403 1209 2403 1210 2404 1209 2404 1249 2404 1210 2405 1249 2405 1211 2405 1211 2406 1249 2406 1250 2406 1211 2407 1250 2407 1251 2407 1211 2408 1251 2408 1212 2408 1212 2409 1251 2409 1193 2409 1193 2410 1251 2410 1213 2410 1213 2411 1252 2411 1214 2411 1213 2412 1251 2412 1252 2412 1195 2413 1253 2413 1215 2413 1195 2414 1214 2414 1254 2414 1195 2415 1254 2415 1255 2415 1195 2416 1255 2416 1253 2416 1215 2417 1253 2417 1084 2417 1215 2418 1084 2418 1083 2418 1216 2419 1235 2419 1256 2419 1216 2420 1256 2420 1257 2420 1216 2421 1257 2421 1217 2421 1217 2422 1257 2422 1236 2422 1090 2423 1089 2423 1258 2423 1090 2424 1258 2424 1259 2424 1090 2425 1259 2425 1260 2425 1090 2426 1260 2426 1218 2426 1199 2427 1229 2427 1261 2427 1199 2428 1261 2428 1262 2428 1199 2429 1262 2429 1231 2429 1218 2430 1260 2430 1259 2430 1218 2431 1259 2431 1258 2431 1218 2432 1258 2432 1263 2432 1218 2433 1263 2433 1264 2433 1218 2434 1264 2434 1265 2434 1218 2435 1265 2435 1266 2435 1218 2436 1266 2436 1267 2436 1218 2437 1267 2437 1268 2437 1218 2438 1268 2438 1269 2438 1218 2439 1269 2439 1270 2439 1218 2440 1270 2440 1271 2440 1218 2441 1271 2441 1272 2441 1218 2442 1272 2442 1273 2442 1218 2443 1273 2443 1274 2443 1218 2444 1274 2444 1275 2444 1218 2445 1275 2445 1276 2445 1218 2446 1276 2446 1277 2446 1218 2447 1277 2447 1278 2447 1218 2448 1278 2448 1279 2448 1218 2449 1279 2449 1280 2449 1218 2450 1280 2450 1281 2450 1218 2451 1281 2451 1282 2451 1218 2452 1282 2452 1283 2452 1218 2453 1283 2453 1284 2453 1218 2454 1284 2454 1285 2454 1218 2455 1285 2455 1286 2455 1218 2456 1286 2456 1287 2456 1218 2457 1287 2457 1288 2457 1218 2458 1288 2458 1289 2458 1218 2459 1289 2459 1290 2459 1218 2460 1290 2460 1291 2460 1218 2461 1291 2461 1292 2461 1218 2462 1292 2462 1293 2462 1218 2463 1293 2463 1294 2463 1218 2464 1294 2464 1295 2464 1218 2465 1295 2465 1296 2465 1218 2466 1296 2466 1297 2466 1218 2467 1297 2467 1298 2467 1218 2468 1298 2468 1299 2468 1218 2469 1299 2469 1300 2469 1218 2470 1300 2470 1301 2470 1218 2471 1301 2471 1302 2471 1218 2472 1302 2472 1303 2472 1218 2473 1303 2473 1304 2473 1218 2474 1304 2474 1305 2474 1218 2475 1305 2475 1306 2475 1218 2476 1306 2476 1307 2476 1218 2477 1307 2477 1308 2477 1218 2478 1308 2478 1309 2478 1218 2479 1309 2479 1310 2479 1218 2480 1310 2480 1311 2480 1218 2481 1311 2481 1312 2481 1218 2482 1312 2482 1313 2482 1218 2483 1313 2483 1314 2483 1218 2484 1314 2484 1315 2484 1218 2485 1315 2485 1316 2485 1218 2486 1316 2486 1317 2486 1218 2487 1317 2487 1318 2487 1218 2488 1318 2488 1319 2488 1218 2489 1319 2489 1320 2489 1218 2490 1320 2490 1321 2490 1218 2491 1321 2491 1322 2491 1218 2492 1322 2492 1323 2492 1218 2493 1323 2493 1324 2493 1218 2494 1324 2494 1262 2494 1218 2495 1262 2495 1261 2495 1218 2496 1261 2496 1229 2496 1218 2497 1229 2497 1228 2497 1218 2498 1228 2498 1227 2498 1218 2499 1227 2499 1226 2499 1218 2500 1226 2500 1225 2500 1218 2501 1225 2501 1224 2501 1218 2502 1224 2502 1223 2502 1218 2503 1223 2503 1222 2503 1218 2504 1222 2504 1221 2504 1218 2505 1221 2505 1220 2505 1218 2506 1220 2506 1219 2506 1230 2507 1231 2507 1325 2507 1230 2508 1325 2508 1326 2508 1230 2509 1326 2509 1327 2509 1230 2510 1327 2510 1232 2510 1232 2511 1327 2511 1328 2511 1232 2512 1328 2512 1329 2512 1232 2513 1329 2513 1330 2513 1232 2514 1330 2514 1233 2514 1233 2515 1330 2515 1331 2515 1233 2516 1331 2516 1234 2516 1234 2517 1332 2517 1235 2517 1234 2518 1331 2518 1333 2518 1234 2519 1333 2519 1332 2519 1235 2520 1332 2520 1256 2520 1236 2521 1257 2521 1237 2521 1237 2522 1257 2522 1334 2522 1237 2523 1334 2523 1335 2523 1237 2524 1335 2524 1336 2524 1237 2525 1336 2525 1238 2525 1238 2526 1336 2526 1337 2526 1238 2527 1337 2527 1338 2527 1238 2528 1338 2528 1239 2528 1239 2529 1338 2529 1337 2529 1239 2530 1337 2530 1240 2530 1240 2531 1337 2531 1241 2531 1241 2532 1339 2532 1242 2532 1241 2533 1337 2533 1336 2533 1241 2534 1336 2534 1339 2534 1242 2535 1340 2535 1341 2535 1242 2536 1341 2536 1245 2536 1242 2537 1245 2537 1243 2537 1242 2538 1339 2538 1340 2538 1243 2539 1245 2539 1244 2539 1133 2540 1245 2540 1134 2540 1245 2541 1341 2541 1342 2541 1245 2542 1342 2542 1343 2542 1245 2543 1343 2543 1135 2543 1245 2544 1135 2544 1134 2544 1246 2545 1248 2545 1344 2545 1246 2546 1344 2546 1345 2546 1246 2547 1345 2547 1346 2547 1246 2548 1346 2548 1247 2548 1247 2549 1347 2549 1209 2549 1247 2550 1346 2550 1347 2550 1149 2551 1148 2551 1348 2551 1149 2552 1348 2552 1248 2552 1248 2553 1348 2553 1344 2553 1209 2554 1347 2554 1249 2554 1249 2555 1347 2555 1349 2555 1249 2556 1349 2556 1250 2556 1251 2557 1250 2557 1350 2557 1251 2558 1350 2558 1351 2558 1251 2559 1351 2559 1254 2559 1251 2560 1254 2560 1352 2560 1251 2561 1352 2561 1252 2561 1252 2562 1352 2562 1254 2562 1252 2563 1254 2563 1214 2563 1253 2564 1353 2564 1354 2564 1253 2565 1354 2565 1085 2565 1253 2566 1085 2566 1084 2566 1253 2567 1255 2567 1355 2567 1253 2568 1355 2568 1353 2568 1254 2569 1351 2569 1356 2569 1254 2570 1356 2570 1255 2570 1255 2571 1356 2571 1357 2571 1255 2572 1357 2572 1355 2572 1256 2573 1332 2573 1333 2573 1256 2574 1333 2574 1257 2574 1257 2575 1333 2575 1358 2575 1257 2576 1358 2576 1334 2576 1089 2577 1088 2577 1264 2577 1089 2578 1264 2578 1263 2578 1089 2579 1263 2579 1258 2579 1231 2580 1262 2580 1324 2580 1231 2581 1324 2581 1325 2581 1325 2582 1324 2582 1323 2582 1325 2583 1323 2583 1359 2583 1325 2584 1359 2584 1360 2584 1325 2585 1360 2585 1326 2585 1326 2586 1360 2586 1361 2586 1326 2587 1361 2587 1327 2587 1327 2588 1361 2588 1328 2588 1328 2589 1361 2589 1362 2589 1328 2590 1362 2590 1363 2590 1328 2591 1363 2591 1329 2591 1329 2592 1364 2592 1330 2592 1329 2593 1363 2593 1364 2593 1330 2594 1364 2594 1365 2594 1330 2595 1365 2595 1331 2595 1331 2596 1365 2596 1366 2596 1331 2597 1366 2597 1333 2597 1334 2598 1358 2598 1367 2598 1334 2599 1367 2599 1368 2599 1334 2600 1368 2600 1369 2600 1334 2601 1369 2601 1335 2601 1335 2602 1370 2602 1339 2602 1335 2603 1339 2603 1336 2603 1335 2604 1369 2604 1370 2604 1339 2605 1370 2605 1340 2605 1340 2606 1370 2606 1371 2606 1340 2607 1371 2607 1341 2607 1341 2608 1371 2608 1372 2608 1341 2609 1372 2609 1373 2609 1341 2610 1373 2610 1342 2610 1342 2611 1374 2611 1375 2611 1342 2612 1375 2612 1376 2612 1342 2613 1376 2613 1377 2613 1342 2614 1377 2614 1343 2614 1342 2615 1373 2615 1378 2615 1342 2616 1378 2616 1374 2616 1343 2617 1377 2617 1379 2617 1343 2618 1379 2618 1138 2618 1343 2619 1138 2619 1137 2619 1343 2620 1137 2620 1136 2620 1343 2621 1136 2621 1135 2621 1344 2622 1348 2622 1380 2622 1344 2623 1380 2623 1381 2623 1344 2624 1381 2624 1382 2624 1344 2625 1382 2625 1345 2625 1345 2626 1382 2626 1346 2626 1346 2627 1382 2627 1383 2627 1346 2628 1383 2628 1384 2628 1346 2629 1384 2629 1347 2629 1347 2630 1384 2630 1349 2630 1148 2631 1147 2631 1348 2631 1348 2632 1385 2632 1380 2632 1348 2633 1147 2633 1386 2633 1348 2634 1386 2634 1385 2634 1349 2635 1387 2635 1250 2635 1349 2636 1384 2636 1388 2636 1349 2637 1388 2637 1387 2637 1250 2638 1387 2638 1389 2638 1250 2639 1389 2639 1350 2639 1353 2640 1086 2640 1354 2640 1353 2641 1355 2641 1357 2641 1353 2642 1357 2642 1390 2642 1353 2643 1390 2643 1287 2643 1353 2644 1287 2644 1286 2644 1353 2645 1286 2645 1285 2645 1353 2646 1285 2646 1284 2646 1353 2647 1284 2647 1283 2647 1353 2648 1283 2648 1282 2648 1353 2649 1282 2649 1281 2649 1353 2650 1281 2650 1280 2650 1353 2651 1280 2651 1279 2651 1353 2652 1279 2652 1278 2652 1353 2653 1278 2653 1277 2653 1353 2654 1277 2654 1276 2654 1353 2655 1276 2655 1275 2655 1353 2656 1275 2656 1274 2656 1353 2657 1274 2657 1273 2657 1353 2658 1273 2658 1272 2658 1353 2659 1272 2659 1086 2659 1354 2660 1086 2660 1085 2660 1351 2661 1350 2661 1389 2661 1351 2662 1389 2662 1391 2662 1351 2663 1391 2663 1356 2663 1356 2664 1391 2664 1392 2664 1356 2665 1392 2665 1357 2665 1333 2666 1366 2666 1358 2666 1358 2667 1366 2667 1393 2667 1358 2668 1393 2668 1394 2668 1358 2669 1394 2669 1395 2669 1358 2670 1395 2670 1367 2670 1088 2671 1087 2671 1264 2671 1264 2672 1087 2672 1265 2672 1323 2673 1322 2673 1359 2673 1359 2674 1322 2674 1360 2674 1360 2675 1322 2675 1321 2675 1360 2676 1321 2676 1320 2676 1360 2677 1320 2677 1319 2677 1360 2678 1319 2678 1396 2678 1360 2679 1396 2679 1397 2679 1360 2680 1397 2680 1361 2680 1361 2681 1397 2681 1362 2681 1362 2682 1398 2682 1363 2682 1362 2683 1397 2683 1399 2683 1362 2684 1399 2684 1400 2684 1362 2685 1400 2685 1398 2685 1363 2686 1398 2686 1401 2686 1363 2687 1401 2687 1364 2687 1364 2688 1402 2688 1403 2688 1364 2689 1403 2689 1395 2689 1364 2690 1395 2690 1404 2690 1364 2691 1404 2691 1365 2691 1364 2692 1401 2692 1402 2692 1365 2693 1404 2693 1395 2693 1365 2694 1395 2694 1394 2694 1365 2695 1394 2695 1393 2695 1365 2696 1393 2696 1366 2696 1367 2697 1395 2697 1403 2697 1367 2698 1403 2698 1402 2698 1367 2699 1402 2699 1368 2699 1368 2700 1405 2700 1406 2700 1368 2701 1406 2701 1407 2701 1368 2702 1407 2702 1408 2702 1368 2703 1408 2703 1369 2703 1368 2704 1402 2704 1405 2704 1369 2705 1408 2705 1409 2705 1369 2706 1409 2706 1410 2706 1369 2707 1410 2707 1411 2707 1369 2708 1411 2708 1370 2708 1370 2709 1411 2709 1412 2709 1370 2710 1412 2710 1413 2710 1370 2711 1413 2711 1414 2711 1370 2712 1414 2712 1415 2712 1370 2713 1415 2713 1371 2713 1371 2714 1415 2714 1372 2714 1372 2715 1378 2715 1373 2715 1372 2716 1415 2716 1378 2716 1374 2717 1378 2717 1415 2717 1374 2718 1415 2718 1416 2718 1374 2719 1416 2719 1375 2719 1375 2720 1416 2720 1376 2720 1376 2721 1417 2721 1418 2721 1376 2722 1418 2722 1377 2722 1376 2723 1416 2723 1417 2723 1377 2724 1418 2724 1419 2724 1377 2725 1419 2725 1379 2725 1379 2726 1419 2726 1420 2726 1379 2727 1420 2727 1421 2727 1379 2728 1421 2728 1139 2728 1379 2729 1139 2729 1138 2729 1380 2730 1385 2730 1422 2730 1380 2731 1422 2731 1423 2731 1380 2732 1423 2732 1424 2732 1380 2733 1424 2733 1425 2733 1380 2734 1425 2734 1381 2734 1381 2735 1426 2735 1382 2735 1381 2736 1425 2736 1426 2736 1382 2737 1426 2737 1383 2737 1383 2738 1427 2738 1428 2738 1383 2739 1428 2739 1384 2739 1383 2740 1426 2740 1429 2740 1383 2741 1429 2741 1427 2741 1384 2742 1428 2742 1388 2742 1147 2743 1146 2743 1430 2743 1147 2744 1430 2744 1386 2744 1385 2745 1386 2745 1422 2745 1386 2746 1430 2746 1431 2746 1386 2747 1431 2747 1432 2747 1386 2748 1432 2748 1433 2748 1386 2749 1433 2749 1422 2749 1387 2750 1388 2750 1434 2750 1387 2751 1434 2751 1435 2751 1387 2752 1435 2752 1389 2752 1388 2753 1428 2753 1427 2753 1388 2754 1427 2754 1434 2754 1086 2755 1272 2755 1271 2755 1086 2756 1271 2756 1270 2756 1086 2757 1270 2757 1269 2757 1086 2758 1269 2758 1268 2758 1086 2759 1268 2759 1267 2759 1086 2760 1267 2760 1266 2760 1086 2761 1266 2761 1265 2761 1086 2762 1265 2762 1087 2762 1390 2763 1357 2763 1436 2763 1390 2764 1436 2764 1288 2764 1390 2765 1288 2765 1287 2765 1357 2766 1392 2766 1436 2766 1389 2767 1435 2767 1391 2767 1391 2768 1437 2768 1392 2768 1391 2769 1435 2769 1438 2769 1391 2770 1438 2770 1439 2770 1391 2771 1439 2771 1437 2771 1392 2772 1437 2772 1440 2772 1392 2773 1440 2773 1436 2773 1319 2774 1318 2774 1396 2774 1396 2775 1441 2775 1442 2775 1396 2776 1442 2776 1443 2776 1396 2777 1443 2777 1444 2777 1396 2778 1444 2778 1397 2778 1396 2779 1318 2779 1317 2779 1396 2780 1317 2780 1441 2780 1397 2781 1444 2781 1399 2781 1398 2782 1445 2782 1407 2782 1398 2783 1407 2783 1401 2783 1398 2784 1400 2784 1446 2784 1398 2785 1446 2785 1447 2785 1398 2786 1447 2786 1448 2786 1398 2787 1448 2787 1449 2787 1398 2788 1449 2788 1445 2788 1399 2789 1450 2789 1400 2789 1399 2790 1444 2790 1451 2790 1399 2791 1451 2791 1452 2791 1399 2792 1452 2792 1450 2792 1400 2793 1450 2793 1446 2793 1401 2794 1406 2794 1405 2794 1401 2795 1405 2795 1453 2795 1401 2796 1453 2796 1402 2796 1401 2797 1407 2797 1406 2797 1402 2798 1453 2798 1405 2798 1407 2799 1445 2799 1408 2799 1408 2800 1445 2800 1449 2800 1408 2801 1449 2801 1409 2801 1409 2802 1449 2802 1454 2802 1409 2803 1454 2803 1455 2803 1409 2804 1455 2804 1410 2804 1410 2805 1455 2805 1446 2805 1410 2806 1446 2806 1456 2806 1410 2807 1456 2807 1457 2807 1410 2808 1457 2808 1458 2808 1410 2809 1458 2809 1411 2809 1411 2810 1458 2810 1412 2810 1412 2811 1459 2811 1460 2811 1412 2812 1460 2812 1461 2812 1412 2813 1461 2813 1462 2813 1412 2814 1462 2814 1463 2814 1412 2815 1463 2815 1414 2815 1412 2816 1414 2816 1413 2816 1412 2817 1458 2817 1464 2817 1412 2818 1464 2818 1459 2818 1414 2819 1463 2819 1415 2819 1415 2820 1465 2820 1466 2820 1415 2821 1466 2821 1467 2821 1415 2822 1467 2822 1417 2822 1415 2823 1417 2823 1416 2823 1415 2824 1463 2824 1465 2824 1417 2825 1467 2825 1468 2825 1417 2826 1468 2826 1469 2826 1417 2827 1469 2827 1470 2827 1417 2828 1470 2828 1418 2828 1418 2829 1470 2829 1471 2829 1418 2830 1471 2830 1419 2830 1419 2831 1471 2831 1472 2831 1419 2832 1472 2832 1420 2832 1420 2833 1472 2833 1473 2833 1420 2834 1473 2834 1474 2834 1420 2835 1474 2835 1421 2835 1421 2836 1141 2836 1140 2836 1421 2837 1140 2837 1139 2837 1421 2838 1474 2838 1475 2838 1421 2839 1475 2839 1476 2839 1421 2840 1476 2840 1142 2840 1421 2841 1142 2841 1141 2841 1422 2842 1433 2842 1477 2842 1422 2843 1477 2843 1478 2843 1422 2844 1478 2844 1423 2844 1423 2845 1479 2845 1424 2845 1423 2846 1478 2846 1479 2846 1424 2847 1479 2847 1425 2847 1425 2848 1429 2848 1426 2848 1425 2849 1479 2849 1429 2849 1427 2850 1480 2850 1481 2850 1427 2851 1481 2851 1482 2851 1427 2852 1482 2852 1483 2852 1427 2853 1483 2853 1434 2853 1427 2854 1429 2854 1484 2854 1427 2855 1484 2855 1480 2855 1429 2856 1479 2856 1485 2856 1429 2857 1485 2857 1486 2857 1429 2858 1486 2858 1484 2858 1146 2859 1431 2859 1430 2859 1146 2860 1145 2860 1431 2860 1431 2861 1487 2861 1488 2861 1431 2862 1488 2862 1432 2862 1431 2863 1145 2863 1489 2863 1431 2864 1489 2864 1490 2864 1431 2865 1490 2865 1487 2865 1432 2866 1488 2866 1433 2866 1433 2867 1488 2867 1491 2867 1433 2868 1491 2868 1492 2868 1433 2869 1492 2869 1477 2869 1434 2870 1483 2870 1493 2870 1434 2871 1493 2871 1435 2871 1436 2872 1440 2872 1494 2872 1436 2873 1494 2873 1495 2873 1436 2874 1495 2874 1289 2874 1436 2875 1289 2875 1288 2875 1435 2876 1493 2876 1496 2876 1435 2877 1496 2877 1438 2877 1437 2878 1439 2878 1497 2878 1437 2879 1497 2879 1440 2879 1438 2880 1496 2880 1439 2880 1439 2881 1498 2881 1497 2881 1439 2882 1496 2882 1499 2882 1439 2883 1499 2883 1500 2883 1439 2884 1500 2884 1501 2884 1439 2885 1501 2885 1502 2885 1439 2886 1502 2886 1498 2886 1440 2887 1497 2887 1498 2887 1440 2888 1498 2888 1503 2888 1440 2889 1503 2889 1494 2889 1441 2890 1317 2890 1316 2890 1441 2891 1316 2891 1315 2891 1441 2892 1315 2892 1504 2892 1441 2893 1504 2893 1442 2893 1442 2894 1505 2894 1443 2894 1442 2895 1504 2895 1505 2895 1443 2896 1505 2896 1506 2896 1443 2897 1506 2897 1451 2897 1443 2898 1451 2898 1444 2898 1446 2899 1450 2899 1456 2899 1446 2900 1455 2900 1447 2900 1447 2901 1455 2901 1454 2901 1447 2902 1454 2902 1449 2902 1447 2903 1449 2903 1448 2903 1450 2904 1452 2904 1507 2904 1450 2905 1507 2905 1508 2905 1450 2906 1508 2906 1456 2906 1451 2907 1506 2907 1452 2907 1452 2908 1506 2908 1509 2908 1452 2909 1509 2909 1510 2909 1452 2910 1510 2910 1511 2910 1452 2911 1511 2911 1512 2911 1452 2912 1512 2912 1507 2912 1457 2913 1456 2913 1513 2913 1457 2914 1513 2914 1464 2914 1457 2915 1464 2915 1458 2915 1459 2916 1514 2916 1460 2916 1459 2917 1464 2917 1514 2917 1460 2918 1514 2918 1515 2918 1460 2919 1515 2919 1516 2919 1460 2920 1516 2920 1461 2920 1461 2921 1516 2921 1517 2921 1461 2922 1517 2922 1518 2922 1461 2923 1518 2923 1462 2923 1462 2924 1518 2924 1519 2924 1462 2925 1519 2925 1520 2925 1462 2926 1520 2926 1521 2926 1462 2927 1521 2927 1463 2927 1463 2928 1521 2928 1465 2928 1464 2929 1513 2929 1508 2929 1464 2930 1508 2930 1522 2930 1464 2931 1522 2931 1514 2931 1465 2932 1521 2932 1466 2932 1466 2933 1521 2933 1523 2933 1466 2934 1523 2934 1524 2934 1466 2935 1524 2935 1525 2935 1466 2936 1525 2936 1526 2936 1466 2937 1526 2937 1468 2937 1466 2938 1468 2938 1467 2938 1468 2939 1527 2939 1528 2939 1468 2940 1528 2940 1529 2940 1468 2941 1529 2941 1469 2941 1468 2942 1526 2942 1527 2942 1469 2943 1530 2943 1531 2943 1469 2944 1531 2944 1532 2944 1469 2945 1532 2945 1470 2945 1469 2946 1529 2946 1530 2946 1470 2947 1532 2947 1533 2947 1470 2948 1533 2948 1471 2948 1471 2949 1533 2949 1534 2949 1471 2950 1534 2950 1473 2950 1471 2951 1473 2951 1472 2951 1473 2952 1535 2952 1536 2952 1473 2953 1536 2953 1474 2953 1473 2954 1534 2954 1535 2954 1474 2955 1536 2955 1537 2955 1474 2956 1537 2956 1475 2956 1476 2957 1475 2957 1538 2957 1476 2958 1538 2958 1490 2958 1476 2959 1490 2959 1489 2959 1476 2960 1489 2960 1145 2960 1476 2961 1145 2961 1144 2961 1476 2962 1144 2962 1143 2962 1476 2963 1143 2963 1142 2963 1477 2964 1539 2964 1540 2964 1477 2965 1540 2965 1478 2965 1477 2966 1492 2966 1539 2966 1478 2967 1540 2967 1541 2967 1478 2968 1541 2968 1479 2968 1479 2969 1542 2969 1486 2969 1479 2970 1486 2970 1485 2970 1479 2971 1541 2971 1543 2971 1479 2972 1543 2972 1542 2972 1480 2973 1544 2973 1545 2973 1480 2974 1545 2974 1546 2974 1480 2975 1546 2975 1547 2975 1480 2976 1547 2976 1548 2976 1480 2977 1548 2977 1481 2977 1480 2978 1484 2978 1544 2978 1481 2979 1548 2979 1549 2979 1481 2980 1549 2980 1550 2980 1481 2981 1550 2981 1482 2981 1482 2982 1550 2982 1551 2982 1482 2983 1551 2983 1499 2983 1482 2984 1499 2984 1552 2984 1482 2985 1552 2985 1483 2985 1483 2986 1552 2986 1553 2986 1483 2987 1553 2987 1493 2987 1484 2988 1486 2988 1554 2988 1484 2989 1554 2989 1544 2989 1486 2990 1542 2990 1555 2990 1486 2991 1555 2991 1556 2991 1486 2992 1556 2992 1557 2992 1486 2993 1557 2993 1558 2993 1486 2994 1558 2994 1554 2994 1487 2995 1491 2995 1488 2995 1487 2996 1490 2996 1559 2996 1487 2997 1559 2997 1491 2997 1490 2998 1538 2998 1560 2998 1490 2999 1560 2999 1561 2999 1490 3000 1561 3000 1559 3000 1491 3001 1559 3001 1562 3001 1491 3002 1562 3002 1563 3002 1491 3003 1563 3003 1564 3003 1491 3004 1564 3004 1492 3004 1492 3005 1564 3005 1565 3005 1492 3006 1565 3006 1566 3006 1492 3007 1566 3007 1567 3007 1492 3008 1567 3008 1539 3008 1493 3009 1553 3009 1496 3009 1494 3010 1503 3010 1568 3010 1494 3011 1568 3011 1569 3011 1494 3012 1569 3012 1290 3012 1494 3013 1290 3013 1495 3013 1495 3014 1290 3014 1289 3014 1496 3015 1553 3015 1570 3015 1496 3016 1570 3016 1552 3016 1496 3017 1552 3017 1499 3017 1498 3018 1502 3018 1571 3018 1498 3019 1571 3019 1572 3019 1498 3020 1572 3020 1568 3020 1498 3021 1568 3021 1503 3021 1499 3022 1551 3022 1573 3022 1499 3023 1573 3023 1500 3023 1500 3024 1573 3024 1547 3024 1500 3025 1547 3025 1501 3025 1501 3026 1547 3026 1574 3026 1501 3027 1574 3027 1502 3027 1502 3028 1575 3028 1576 3028 1502 3029 1576 3029 1571 3029 1502 3030 1574 3030 1575 3030 1315 3031 1314 3031 1504 3031 1504 3032 1314 3032 1577 3032 1504 3033 1577 3033 1578 3033 1504 3034 1578 3034 1579 3034 1504 3035 1579 3035 1580 3035 1504 3036 1580 3036 1505 3036 1505 3037 1509 3037 1506 3037 1505 3038 1580 3038 1581 3038 1505 3039 1581 3039 1509 3039 1456 3040 1508 3040 1513 3040 1507 3041 1512 3041 1508 3041 1508 3042 1512 3042 1582 3042 1508 3043 1582 3043 1522 3043 1509 3044 1581 3044 1583 3044 1509 3045 1583 3045 1510 3045 1510 3046 1583 3046 1584 3046 1510 3047 1584 3047 1585 3047 1510 3048 1585 3048 1518 3048 1510 3049 1518 3049 1586 3049 1510 3050 1586 3050 1511 3050 1511 3051 1586 3051 1512 3051 1512 3052 1586 3052 1587 3052 1512 3053 1587 3053 1516 3053 1512 3054 1516 3054 1515 3054 1512 3055 1515 3055 1514 3055 1512 3056 1514 3056 1582 3056 1514 3057 1522 3057 1582 3057 1516 3058 1587 3058 1517 3058 1517 3059 1587 3059 1586 3059 1517 3060 1586 3060 1518 3060 1518 3061 1585 3061 1519 3061 1519 3062 1585 3062 1584 3062 1519 3063 1584 3063 1520 3063 1520 3064 1584 3064 1583 3064 1520 3065 1583 3065 1588 3065 1520 3066 1588 3066 1589 3066 1520 3067 1589 3067 1521 3067 1521 3068 1589 3068 1590 3068 1521 3069 1590 3069 1523 3069 1523 3070 1591 3070 1524 3070 1523 3071 1590 3071 1591 3071 1524 3072 1592 3072 1593 3072 1524 3073 1593 3073 1525 3073 1524 3074 1591 3074 1592 3074 1525 3075 1593 3075 1526 3075 1526 3076 1593 3076 1594 3076 1526 3077 1594 3077 1595 3077 1526 3078 1595 3078 1527 3078 1527 3079 1595 3079 1596 3079 1527 3080 1596 3080 1597 3080 1527 3081 1597 3081 1528 3081 1528 3082 1598 3082 1599 3082 1528 3083 1599 3083 1600 3083 1528 3084 1600 3084 1601 3084 1528 3085 1601 3085 1529 3085 1528 3086 1597 3086 1598 3086 1529 3087 1601 3087 1602 3087 1529 3088 1602 3088 1530 3088 1530 3089 1602 3089 1603 3089 1530 3090 1603 3090 1531 3090 1531 3091 1603 3091 1604 3091 1531 3092 1604 3092 1605 3092 1531 3093 1605 3093 1606 3093 1531 3094 1606 3094 1532 3094 1532 3095 1606 3095 1607 3095 1532 3096 1607 3096 1608 3096 1532 3097 1608 3097 1609 3097 1532 3098 1609 3098 1610 3098 1532 3099 1610 3099 1533 3099 1533 3100 1610 3100 1609 3100 1533 3101 1609 3101 1535 3101 1533 3102 1535 3102 1534 3102 1535 3103 1611 3103 1612 3103 1535 3104 1612 3104 1536 3104 1535 3105 1609 3105 1611 3105 1536 3106 1612 3106 1613 3106 1536 3107 1613 3107 1537 3107 1475 3108 1537 3108 1614 3108 1475 3109 1614 3109 1538 3109 1538 3110 1614 3110 1560 3110 1539 3111 1615 3111 1616 3111 1539 3112 1616 3112 1540 3112 1539 3113 1567 3113 1615 3113 1540 3114 1616 3114 1541 3114 1541 3115 1616 3115 1617 3115 1541 3116 1617 3116 1618 3116 1541 3117 1618 3117 1543 3117 1542 3118 1543 3118 1618 3118 1542 3119 1618 3119 1555 3119 1544 3120 1554 3120 1619 3120 1544 3121 1619 3121 1545 3121 1545 3122 1620 3122 1546 3122 1545 3123 1619 3123 1621 3123 1545 3124 1621 3124 1620 3124 1546 3125 1620 3125 1547 3125 1547 3126 1620 3126 1574 3126 1547 3127 1573 3127 1548 3127 1548 3128 1573 3128 1549 3128 1549 3129 1573 3129 1551 3129 1549 3130 1551 3130 1550 3130 1552 3131 1570 3131 1553 3131 1554 3132 1558 3132 1619 3132 1555 3133 1618 3133 1622 3133 1555 3134 1622 3134 1623 3134 1555 3135 1623 3135 1624 3135 1555 3136 1624 3136 1625 3136 1555 3137 1625 3137 1626 3137 1555 3138 1626 3138 1556 3138 1556 3139 1626 3139 1557 3139 1557 3140 1626 3140 1627 3140 1557 3141 1627 3141 1628 3141 1557 3142 1628 3142 1629 3142 1557 3143 1629 3143 1558 3143 1558 3144 1629 3144 1630 3144 1558 3145 1630 3145 1631 3145 1558 3146 1631 3146 1632 3146 1558 3147 1632 3147 1619 3147 1559 3148 1633 3148 1562 3148 1559 3149 1561 3149 1634 3149 1559 3150 1634 3150 1635 3150 1559 3151 1635 3151 1636 3151 1559 3152 1636 3152 1633 3152 1560 3153 1614 3153 1637 3153 1560 3154 1637 3154 1561 3154 1561 3155 1637 3155 1634 3155 1562 3156 1633 3156 1638 3156 1562 3157 1638 3157 1563 3157 1563 3158 1565 3158 1564 3158 1563 3159 1638 3159 1565 3159 1565 3160 1638 3160 1639 3160 1565 3161 1639 3161 1640 3161 1565 3162 1640 3162 1641 3162 1565 3163 1641 3163 1642 3163 1565 3164 1642 3164 1643 3164 1565 3165 1643 3165 1644 3165 1565 3166 1644 3166 1645 3166 1565 3167 1645 3167 1566 3167 1566 3168 1645 3168 1567 3168 1567 3169 1645 3169 1615 3169 1568 3170 1572 3170 1646 3170 1568 3171 1646 3171 1647 3171 1568 3172 1647 3172 1648 3172 1568 3173 1648 3173 1569 3173 1569 3174 1648 3174 1291 3174 1569 3175 1291 3175 1290 3175 1571 3176 1576 3176 1649 3176 1571 3177 1649 3177 1650 3177 1571 3178 1650 3178 1646 3178 1571 3179 1646 3179 1572 3179 1574 3180 1620 3180 1621 3180 1574 3181 1621 3181 1575 3181 1575 3182 1621 3182 1630 3182 1575 3183 1630 3183 1651 3183 1575 3184 1651 3184 1576 3184 1576 3185 1651 3185 1628 3185 1576 3186 1628 3186 1652 3186 1576 3187 1652 3187 1653 3187 1576 3188 1653 3188 1649 3188 1314 3189 1313 3189 1577 3189 1577 3190 1313 3190 1312 3190 1577 3191 1312 3191 1578 3191 1578 3192 1654 3192 1655 3192 1578 3193 1655 3193 1579 3193 1578 3194 1312 3194 1311 3194 1578 3195 1311 3195 1310 3195 1578 3196 1310 3196 1656 3196 1578 3197 1656 3197 1654 3197 1579 3198 1655 3198 1580 3198 1580 3199 1655 3199 1657 3199 1580 3200 1657 3200 1581 3200 1581 3201 1657 3201 1658 3201 1581 3202 1658 3202 1659 3202 1581 3203 1659 3203 1583 3203 1583 3204 1659 3204 1588 3204 1589 3205 1588 3205 1590 3205 1590 3206 1588 3206 1659 3206 1590 3207 1659 3207 1660 3207 1590 3208 1660 3208 1591 3208 1591 3209 1660 3209 1661 3209 1591 3210 1661 3210 1592 3210 1592 3211 1661 3211 1662 3211 1592 3212 1662 3212 1593 3212 1593 3213 1662 3213 1663 3213 1593 3214 1663 3214 1594 3214 1594 3215 1663 3215 1595 3215 1595 3216 1663 3216 1664 3216 1595 3217 1664 3217 1596 3217 1596 3218 1664 3218 1665 3218 1596 3219 1665 3219 1597 3219 1597 3220 1665 3220 1666 3220 1597 3221 1666 3221 1598 3221 1598 3222 1666 3222 1599 3222 1599 3223 1666 3223 1667 3223 1599 3224 1667 3224 1600 3224 1600 3225 1667 3225 1601 3225 1601 3226 1668 3226 1602 3226 1601 3227 1667 3227 1668 3227 1602 3228 1668 3228 1669 3228 1602 3229 1669 3229 1603 3229 1603 3230 1669 3230 1670 3230 1603 3231 1670 3231 1604 3231 1604 3232 1670 3232 1605 3232 1605 3233 1670 3233 1671 3233 1605 3234 1671 3234 1672 3234 1605 3235 1672 3235 1606 3235 1606 3236 1673 3236 1607 3236 1606 3237 1672 3237 1674 3237 1606 3238 1674 3238 1675 3238 1606 3239 1675 3239 1673 3239 1607 3240 1673 3240 1676 3240 1607 3241 1676 3241 1608 3241 1608 3242 1676 3242 1611 3242 1608 3243 1611 3243 1609 3243 1611 3244 1677 3244 1678 3244 1611 3245 1678 3245 1679 3245 1611 3246 1679 3246 1612 3246 1611 3247 1676 3247 1677 3247 1612 3248 1679 3248 1680 3248 1612 3249 1680 3249 1613 3249 1537 3250 1613 3250 1681 3250 1537 3251 1681 3251 1614 3251 1614 3252 1681 3252 1637 3252 1615 3253 1682 3253 1616 3253 1615 3254 1645 3254 1682 3254 1616 3255 1682 3255 1683 3255 1616 3256 1683 3256 1684 3256 1616 3257 1684 3257 1685 3257 1616 3258 1685 3258 1686 3258 1616 3259 1686 3259 1617 3259 1617 3260 1686 3260 1618 3260 1618 3261 1686 3261 1622 3261 1619 3262 1632 3262 1687 3262 1619 3263 1687 3263 1621 3263 1622 3264 1686 3264 1688 3264 1622 3265 1688 3265 1623 3265 1624 3266 1623 3266 1689 3266 1624 3267 1689 3267 1653 3267 1624 3268 1653 3268 1652 3268 1624 3269 1652 3269 1625 3269 1626 3270 1625 3270 1627 3270 1627 3271 1625 3271 1628 3271 1628 3272 1625 3272 1652 3272 1628 3273 1651 3273 1630 3273 1628 3274 1630 3274 1629 3274 1630 3275 1621 3275 1687 3275 1630 3276 1687 3276 1631 3276 1631 3277 1687 3277 1632 3277 1633 3278 1636 3278 1638 3278 1634 3279 1690 3279 1636 3279 1634 3280 1636 3280 1635 3280 1634 3281 1637 3281 1681 3281 1634 3282 1681 3282 1691 3282 1634 3283 1691 3283 1690 3283 1636 3284 1690 3284 1691 3284 1636 3285 1691 3285 1692 3285 1636 3286 1692 3286 1693 3286 1636 3287 1693 3287 1694 3287 1636 3288 1694 3288 1695 3288 1636 3289 1695 3289 1696 3289 1636 3290 1696 3290 1638 3290 1638 3291 1696 3291 1697 3291 1638 3292 1697 3292 1639 3292 1639 3293 1697 3293 1698 3293 1639 3294 1698 3294 1699 3294 1639 3295 1699 3295 1700 3295 1639 3296 1700 3296 1640 3296 1640 3297 1700 3297 1641 3297 1641 3298 1701 3298 1702 3298 1641 3299 1702 3299 1703 3299 1641 3300 1703 3300 1642 3300 1641 3301 1700 3301 1701 3301 1642 3302 1703 3302 1704 3302 1642 3303 1704 3303 1643 3303 1643 3304 1705 3304 1644 3304 1643 3305 1704 3305 1705 3305 1644 3306 1705 3306 1645 3306 1645 3307 1705 3307 1706 3307 1645 3308 1706 3308 1682 3308 1646 3309 1650 3309 1707 3309 1646 3310 1707 3310 1647 3310 1647 3311 1707 3311 1708 3311 1647 3312 1708 3312 1709 3312 1647 3313 1709 3313 1293 3313 1647 3314 1293 3314 1292 3314 1647 3315 1292 3315 1648 3315 1648 3316 1292 3316 1291 3316 1649 3317 1653 3317 1689 3317 1649 3318 1689 3318 1710 3318 1649 3319 1710 3319 1707 3319 1649 3320 1707 3320 1650 3320 1654 3321 1711 3321 1655 3321 1654 3322 1656 3322 1712 3322 1654 3323 1712 3323 1713 3323 1654 3324 1713 3324 1711 3324 1655 3325 1711 3325 1657 3325 1310 3326 1309 3326 1656 3326 1656 3327 1309 3327 1308 3327 1656 3328 1308 3328 1307 3328 1656 3329 1307 3329 1714 3329 1656 3330 1714 3330 1715 3330 1656 3331 1715 3331 1716 3331 1656 3332 1716 3332 1712 3332 1657 3333 1711 3333 1658 3333 1658 3334 1661 3334 1660 3334 1658 3335 1660 3335 1659 3335 1658 3336 1711 3336 1717 3336 1658 3337 1717 3337 1718 3337 1658 3338 1718 3338 1661 3338 1661 3339 1718 3339 1662 3339 1662 3340 1718 3340 1717 3340 1662 3341 1717 3341 1663 3341 1663 3342 1717 3342 1664 3342 1664 3343 1711 3343 1719 3343 1664 3344 1719 3344 1666 3344 1664 3345 1666 3345 1665 3345 1664 3346 1717 3346 1711 3346 1666 3347 1719 3347 1720 3347 1666 3348 1720 3348 1667 3348 1667 3349 1720 3349 1721 3349 1667 3350 1721 3350 1669 3350 1667 3351 1669 3351 1668 3351 1669 3352 1721 3352 1670 3352 1670 3353 1721 3353 1722 3353 1670 3354 1722 3354 1723 3354 1670 3355 1723 3355 1724 3355 1670 3356 1724 3356 1671 3356 1671 3357 1724 3357 1674 3357 1671 3358 1674 3358 1672 3358 1673 3359 1675 3359 1676 3359 1674 3360 1724 3360 1725 3360 1674 3361 1725 3361 1675 3361 1675 3362 1725 3362 1726 3362 1675 3363 1726 3363 1727 3363 1675 3364 1727 3364 1676 3364 1676 3365 1727 3365 1728 3365 1676 3366 1728 3366 1677 3366 1677 3367 1728 3367 1729 3367 1677 3368 1729 3368 1678 3368 1678 3369 1729 3369 1730 3369 1678 3370 1730 3370 1731 3370 1678 3371 1731 3371 1680 3371 1678 3372 1680 3372 1679 3372 1680 3373 1731 3373 1732 3373 1680 3374 1732 3374 1733 3374 1680 3375 1733 3375 1613 3375 1613 3376 1733 3376 1681 3376 1681 3377 1733 3377 1691 3377 1682 3378 1706 3378 1734 3378 1682 3379 1734 3379 1683 3379 1684 3380 1683 3380 1735 3380 1684 3381 1735 3381 1736 3381 1684 3382 1736 3382 1737 3382 1684 3383 1737 3383 1710 3383 1684 3384 1710 3384 1738 3384 1684 3385 1738 3385 1688 3385 1684 3386 1688 3386 1685 3386 1685 3387 1688 3387 1686 3387 1623 3388 1688 3388 1738 3388 1623 3389 1738 3389 1689 3389 1689 3390 1738 3390 1710 3390 1691 3391 1733 3391 1692 3391 1692 3392 1733 3392 1739 3392 1692 3393 1739 3393 1693 3393 1693 3394 1740 3394 1694 3394 1693 3395 1739 3395 1740 3395 1694 3396 1740 3396 1741 3396 1694 3397 1741 3397 1742 3397 1694 3398 1742 3398 1695 3398 1695 3399 1743 3399 1744 3399 1695 3400 1744 3400 1745 3400 1695 3401 1745 3401 1746 3401 1695 3402 1746 3402 1696 3402 1695 3403 1742 3403 1747 3403 1695 3404 1747 3404 1743 3404 1696 3405 1746 3405 1697 3405 1697 3406 1748 3406 1698 3406 1697 3407 1746 3407 1748 3407 1698 3408 1748 3408 1749 3408 1698 3409 1749 3409 1750 3409 1698 3410 1750 3410 1699 3410 1699 3411 1750 3411 1700 3411 1700 3412 1750 3412 1751 3412 1700 3413 1751 3413 1752 3413 1700 3414 1752 3414 1702 3414 1700 3415 1702 3415 1701 3415 1702 3416 1752 3416 1753 3416 1702 3417 1753 3417 1703 3417 1703 3418 1753 3418 1704 3418 1704 3419 1753 3419 1754 3419 1704 3420 1754 3420 1755 3420 1704 3421 1755 3421 1705 3421 1705 3422 1755 3422 1734 3422 1705 3423 1734 3423 1706 3423 1707 3424 1710 3424 1708 3424 1708 3425 1737 3425 1756 3425 1708 3426 1756 3426 1757 3426 1708 3427 1757 3427 1709 3427 1708 3428 1710 3428 1737 3428 1709 3429 1757 3429 1294 3429 1709 3430 1294 3430 1293 3430 1711 3431 1713 3431 1720 3431 1711 3432 1720 3432 1719 3432 1712 3433 1716 3433 1758 3433 1712 3434 1758 3434 1759 3434 1712 3435 1759 3435 1760 3435 1712 3436 1760 3436 1723 3436 1712 3437 1723 3437 1713 3437 1713 3438 1723 3438 1721 3438 1713 3439 1721 3439 1720 3439 1307 3440 1306 3440 1714 3440 1714 3441 1306 3441 1715 3441 1715 3442 1306 3442 1305 3442 1715 3443 1305 3443 1761 3443 1715 3444 1761 3444 1762 3444 1715 3445 1762 3445 1763 3445 1715 3446 1763 3446 1716 3446 1716 3447 1763 3447 1759 3447 1716 3448 1759 3448 1758 3448 1721 3449 1723 3449 1722 3449 1723 3450 1760 3450 1764 3450 1723 3451 1764 3451 1765 3451 1723 3452 1765 3452 1766 3452 1723 3453 1766 3453 1724 3453 1724 3454 1766 3454 1726 3454 1724 3455 1726 3455 1725 3455 1726 3456 1766 3456 1767 3456 1726 3457 1767 3457 1727 3457 1727 3458 1767 3458 1768 3458 1727 3459 1768 3459 1728 3459 1728 3460 1768 3460 1729 3460 1729 3461 1768 3461 1764 3461 1729 3462 1764 3462 1769 3462 1729 3463 1769 3463 1770 3463 1729 3464 1770 3464 1730 3464 1730 3465 1770 3465 1771 3465 1730 3466 1771 3466 1772 3466 1730 3467 1772 3467 1773 3467 1730 3468 1773 3468 1774 3468 1730 3469 1774 3469 1731 3469 1731 3470 1774 3470 1775 3470 1731 3471 1775 3471 1732 3471 1732 3472 1775 3472 1776 3472 1732 3473 1776 3473 1739 3473 1732 3474 1739 3474 1733 3474 1683 3475 1734 3475 1735 3475 1735 3476 1734 3476 1736 3476 1736 3477 1734 3477 1777 3477 1736 3478 1777 3478 1737 3478 1737 3479 1777 3479 1756 3479 1739 3480 1776 3480 1740 3480 1740 3481 1776 3481 1741 3481 1741 3482 1778 3482 1742 3482 1741 3483 1776 3483 1778 3483 1742 3484 1778 3484 1779 3484 1742 3485 1779 3485 1747 3485 1743 3486 1747 3486 1780 3486 1743 3487 1780 3487 1781 3487 1743 3488 1781 3488 1744 3488 1745 3489 1744 3489 1781 3489 1745 3490 1781 3490 1746 3490 1746 3491 1781 3491 1749 3491 1746 3492 1749 3492 1748 3492 1749 3493 1781 3493 1782 3493 1749 3494 1782 3494 1750 3494 1750 3495 1782 3495 1783 3495 1750 3496 1783 3496 1784 3496 1750 3497 1784 3497 1751 3497 1751 3498 1784 3498 1785 3498 1751 3499 1785 3499 1752 3499 1752 3500 1785 3500 1753 3500 1753 3501 1785 3501 1784 3501 1753 3502 1784 3502 1754 3502 1754 3503 1784 3503 1755 3503 1755 3504 1784 3504 1734 3504 1734 3505 1784 3505 1777 3505 1756 3506 1777 3506 1786 3506 1756 3507 1786 3507 1787 3507 1756 3508 1787 3508 1788 3508 1756 3509 1788 3509 1757 3509 1757 3510 1788 3510 1789 3510 1757 3511 1789 3511 1297 3511 1757 3512 1297 3512 1296 3512 1757 3513 1296 3513 1295 3513 1757 3514 1295 3514 1294 3514 1759 3515 1763 3515 1764 3515 1759 3516 1764 3516 1760 3516 1305 3517 1304 3517 1761 3517 1761 3518 1304 3518 1303 3518 1761 3519 1303 3519 1790 3519 1761 3520 1790 3520 1791 3520 1761 3521 1791 3521 1762 3521 1762 3522 1791 3522 1792 3522 1762 3523 1792 3523 1793 3523 1762 3524 1793 3524 1763 3524 1763 3525 1793 3525 1764 3525 1764 3526 1768 3526 1765 3526 1764 3527 1793 3527 1794 3527 1764 3528 1794 3528 1795 3528 1764 3529 1795 3529 1769 3529 1765 3530 1768 3530 1767 3530 1765 3531 1767 3531 1766 3531 1769 3532 1795 3532 1770 3532 1770 3533 1795 3533 1794 3533 1770 3534 1794 3534 1793 3534 1770 3535 1793 3535 1796 3535 1770 3536 1796 3536 1797 3536 1770 3537 1797 3537 1771 3537 1771 3538 1797 3538 1798 3538 1771 3539 1798 3539 1776 3539 1771 3540 1776 3540 1772 3540 1772 3541 1776 3541 1773 3541 1773 3542 1776 3542 1774 3542 1774 3543 1776 3543 1775 3543 1776 3544 1798 3544 1799 3544 1776 3545 1799 3545 1800 3545 1776 3546 1800 3546 1779 3546 1776 3547 1779 3547 1778 3547 1777 3548 1784 3548 1801 3548 1777 3549 1801 3549 1786 3549 1747 3550 1779 3550 1800 3550 1747 3551 1800 3551 1799 3551 1747 3552 1799 3552 1780 3552 1780 3553 1799 3553 1802 3553 1780 3554 1802 3554 1803 3554 1780 3555 1803 3555 1781 3555 1781 3556 1803 3556 1782 3556 1782 3557 1803 3557 1783 3557 1783 3558 1803 3558 1802 3558 1783 3559 1802 3559 1804 3559 1783 3560 1804 3560 1801 3560 1783 3561 1801 3561 1784 3561 1786 3562 1801 3562 1787 3562 1787 3563 1801 3563 1805 3563 1787 3564 1805 3564 1806 3564 1787 3565 1806 3565 1789 3565 1787 3566 1789 3566 1788 3566 1789 3567 1806 3567 1807 3567 1789 3568 1807 3568 1299 3568 1789 3569 1299 3569 1298 3569 1789 3570 1298 3570 1297 3570 1303 3571 1302 3571 1808 3571 1303 3572 1808 3572 1790 3572 1790 3573 1808 3573 1791 3573 1791 3574 1808 3574 1809 3574 1791 3575 1809 3575 1792 3575 1793 3576 1792 3576 1810 3576 1793 3577 1810 3577 1796 3577 1796 3578 1810 3578 1797 3578 1797 3579 1810 3579 1792 3579 1797 3580 1792 3580 1809 3580 1797 3581 1809 3581 1811 3581 1797 3582 1811 3582 1812 3582 1797 3583 1812 3583 1802 3583 1797 3584 1802 3584 1798 3584 1798 3585 1802 3585 1799 3585 1801 3586 1804 3586 1805 3586 1802 3587 1812 3587 1813 3587 1802 3588 1813 3588 1804 3588 1804 3589 1806 3589 1805 3589 1804 3590 1813 3590 1806 3590 1806 3591 1813 3591 1807 3591 1807 3592 1813 3592 1814 3592 1807 3593 1814 3593 1815 3593 1807 3594 1815 3594 1808 3594 1807 3595 1808 3595 1302 3595 1807 3596 1302 3596 1301 3596 1807 3597 1301 3597 1300 3597 1807 3598 1300 3598 1299 3598 1808 3599 1815 3599 1809 3599 1809 3600 1815 3600 1811 3600 1811 3601 1815 3601 1814 3601 1811 3602 1814 3602 1813 3602 1811 3603 1813 3603 1812 3603 1816 3604 1817 3604 1818 3604 1816 3605 1818 3605 1819 3605 1816 3606 1819 3606 1820 3606 1816 3607 1820 3607 1821 3607 1816 3608 1821 3608 1822 3608 1816 3609 1822 3609 1823 3609 1816 3610 1823 3610 1824 3610 1816 3611 1824 3611 1825 3611 1816 3612 1825 3612 1826 3612 1816 3613 1826 3613 1827 3613 1816 3614 1827 3614 1828 3614 1816 3615 1828 3615 1829 3615 1816 3616 1829 3616 1830 3616 1816 3617 1830 3617 1831 3617 1816 3618 1831 3618 1832 3618 1816 3619 1832 3619 1833 3619 1816 3620 1833 3620 1834 3620 1816 3621 1834 3621 1835 3621 1816 3622 1835 3622 1836 3622 1816 3623 1836 3623 1837 3623 1816 3624 1837 3624 1838 3624 1816 3625 1838 3625 1839 3625 1816 3626 1839 3626 1840 3626 1816 3627 1840 3627 1841 3627 1816 3628 1841 3628 1842 3628 1816 3629 1842 3629 1843 3629 1816 3630 1843 3630 1844 3630 1816 3631 1844 3631 1845 3631 1816 3632 1845 3632 1846 3632 1816 3633 1846 3633 1847 3633 1816 3634 1847 3634 1848 3634 1816 3635 1848 3635 1849 3635 1816 3636 1849 3636 1850 3636 1816 3637 1850 3637 1851 3637 1816 3638 1851 3638 1852 3638 1816 3639 1852 3639 1853 3639 1816 3640 1853 3640 1854 3640 1816 3641 1854 3641 1855 3641 1816 3642 1855 3642 1856 3642 1816 3643 1856 3643 1857 3643 1816 3644 1857 3644 1858 3644 1816 3645 1858 3645 1859 3645 1816 3646 1859 3646 1860 3646 1816 3647 1860 3647 1861 3647 1816 3648 1861 3648 1862 3648 1816 3649 1862 3649 1863 3649 1816 3650 1863 3650 1864 3650 1816 3651 1864 3651 1865 3651 1816 3652 1865 3652 1866 3652 1816 3653 1866 3653 1867 3653 1816 3654 1867 3654 1868 3654 1816 3655 1868 3655 1869 3655 1816 3656 1869 3656 1870 3656 1816 3657 1870 3657 1871 3657 1816 3658 1871 3658 1872 3658 1816 3659 1872 3659 1873 3659 1816 3660 1873 3660 1817 3660 1817 3661 1873 3661 1818 3661 1871 3662 1870 3662 1872 3662 1872 3663 1874 3663 1875 3663 1872 3664 1875 3664 1873 3664 1872 3665 1870 3665 1869 3665 1872 3666 1869 3666 1868 3666 1872 3667 1868 3667 1867 3667 1872 3668 1867 3668 1866 3668 1872 3669 1866 3669 1865 3669 1872 3670 1865 3670 1864 3670 1872 3671 1864 3671 1863 3671 1872 3672 1863 3672 1862 3672 1872 3673 1862 3673 1861 3673 1872 3674 1861 3674 1860 3674 1872 3675 1860 3675 1859 3675 1872 3676 1859 3676 1858 3676 1872 3677 1858 3677 1857 3677 1872 3678 1857 3678 1856 3678 1872 3679 1856 3679 1855 3679 1872 3680 1855 3680 1854 3680 1872 3681 1854 3681 1853 3681 1872 3682 1853 3682 1876 3682 1872 3683 1876 3683 1877 3683 1872 3684 1877 3684 1878 3684 1872 3685 1878 3685 1879 3685 1872 3686 1879 3686 1880 3686 1872 3687 1880 3687 1881 3687 1872 3688 1881 3688 1882 3688 1872 3689 1882 3689 1883 3689 1872 3690 1883 3690 1884 3690 1872 3691 1884 3691 1885 3691 1872 3692 1885 3692 1886 3692 1872 3693 1886 3693 1887 3693 1872 3694 1887 3694 1888 3694 1872 3695 1888 3695 1889 3695 1872 3696 1889 3696 1890 3696 1872 3697 1890 3697 1874 3697 1873 3698 1875 3698 1891 3698 1873 3699 1891 3699 1892 3699 1873 3700 1892 3700 1893 3700 1873 3701 1893 3701 1894 3701 1873 3702 1894 3702 1895 3702 1873 3703 1895 3703 1896 3703 1873 3704 1896 3704 1897 3704 1873 3705 1897 3705 1898 3705 1873 3706 1898 3706 1899 3706 1873 3707 1899 3707 1900 3707 1873 3708 1900 3708 1901 3708 1873 3709 1901 3709 1902 3709 1873 3710 1902 3710 1903 3710 1873 3711 1903 3711 1826 3711 1873 3712 1826 3712 1825 3712 1873 3713 1825 3713 1904 3713 1873 3714 1904 3714 1824 3714 1873 3715 1824 3715 1823 3715 1873 3716 1823 3716 1822 3716 1873 3717 1822 3717 1821 3717 1873 3718 1821 3718 1820 3718 1873 3719 1820 3719 1819 3719 1873 3720 1819 3720 1818 3720 1874 3721 1905 3721 1906 3721 1874 3722 1906 3722 1907 3722 1874 3723 1907 3723 1908 3723 1874 3724 1908 3724 1909 3724 1874 3725 1909 3725 1910 3725 1874 3726 1910 3726 1911 3726 1874 3727 1911 3727 1912 3727 1874 3728 1912 3728 1913 3728 1874 3729 1913 3729 1914 3729 1874 3730 1914 3730 1915 3730 1874 3731 1915 3731 1916 3731 1874 3732 1916 3732 1917 3732 1874 3733 1917 3733 1918 3733 1874 3734 1918 3734 1919 3734 1874 3735 1919 3735 1920 3735 1874 3736 1920 3736 1921 3736 1874 3737 1921 3737 1875 3737 1874 3738 1890 3738 1905 3738 1853 3739 1852 3739 1877 3739 1853 3740 1877 3740 1876 3740 1875 3741 1921 3741 1922 3741 1875 3742 1922 3742 1923 3742 1875 3743 1923 3743 1924 3743 1875 3744 1924 3744 1925 3744 1875 3745 1925 3745 1926 3745 1875 3746 1926 3746 1927 3746 1875 3747 1927 3747 1928 3747 1875 3748 1928 3748 1929 3748 1875 3749 1929 3749 1930 3749 1875 3750 1930 3750 1931 3750 1875 3751 1931 3751 1932 3751 1875 3752 1932 3752 1933 3752 1875 3753 1933 3753 1934 3753 1875 3754 1934 3754 1935 3754 1875 3755 1935 3755 1936 3755 1875 3756 1936 3756 1937 3756 1875 3757 1937 3757 1891 3757 1904 3758 1825 3758 1824 3758 1905 3759 1938 3759 1939 3759 1905 3760 1939 3760 1940 3760 1905 3761 1940 3761 1941 3761 1905 3762 1941 3762 1942 3762 1905 3763 1942 3763 1943 3763 1905 3764 1943 3764 1944 3764 1905 3765 1944 3765 1945 3765 1905 3766 1945 3766 1946 3766 1905 3767 1946 3767 1947 3767 1905 3768 1947 3768 1948 3768 1905 3769 1948 3769 1949 3769 1905 3770 1949 3770 1950 3770 1905 3771 1950 3771 1951 3771 1905 3772 1951 3772 1952 3772 1905 3773 1952 3773 1953 3773 1905 3774 1953 3774 1954 3774 1905 3775 1954 3775 1955 3775 1905 3776 1955 3776 1956 3776 1905 3777 1956 3777 1957 3777 1905 3778 1957 3778 1958 3778 1905 3779 1958 3779 1959 3779 1905 3780 1959 3780 1960 3780 1905 3781 1960 3781 1961 3781 1905 3782 1961 3782 1962 3782 1905 3783 1962 3783 1963 3783 1905 3784 1963 3784 1964 3784 1905 3785 1964 3785 1965 3785 1905 3786 1965 3786 1966 3786 1905 3787 1966 3787 1967 3787 1905 3788 1967 3788 1968 3788 1905 3789 1968 3789 1892 3789 1905 3790 1892 3790 1891 3790 1905 3791 1891 3791 1937 3791 1905 3792 1937 3792 1936 3792 1905 3793 1936 3793 1935 3793 1905 3794 1935 3794 1934 3794 1905 3795 1934 3795 1933 3795 1905 3796 1933 3796 1932 3796 1905 3797 1932 3797 1931 3797 1905 3798 1931 3798 1930 3798 1905 3799 1930 3799 1929 3799 1905 3800 1929 3800 1928 3800 1905 3801 1928 3801 1927 3801 1905 3802 1927 3802 1926 3802 1905 3803 1926 3803 1925 3803 1905 3804 1925 3804 1924 3804 1905 3805 1924 3805 1923 3805 1905 3806 1923 3806 1922 3806 1905 3807 1922 3807 1921 3807 1905 3808 1921 3808 1920 3808 1905 3809 1920 3809 1919 3809 1905 3810 1919 3810 1918 3810 1905 3811 1918 3811 1917 3811 1905 3812 1917 3812 1916 3812 1905 3813 1916 3813 1915 3813 1905 3814 1915 3814 1914 3814 1905 3815 1914 3815 1913 3815 1905 3816 1913 3816 1912 3816 1905 3817 1912 3817 1911 3817 1905 3818 1911 3818 1910 3818 1905 3819 1910 3819 1909 3819 1905 3820 1909 3820 1908 3820 1905 3821 1908 3821 1907 3821 1905 3822 1907 3822 1906 3822 1905 3823 1890 3823 1938 3823 1890 3824 1889 3824 1943 3824 1890 3825 1943 3825 1942 3825 1890 3826 1942 3826 1941 3826 1890 3827 1941 3827 1940 3827 1890 3828 1940 3828 1939 3828 1890 3829 1939 3829 1938 3829 1852 3830 1879 3830 1878 3830 1852 3831 1878 3831 1877 3831 1852 3832 1851 3832 1880 3832 1852 3833 1880 3833 1879 3833 1889 3834 1888 3834 1969 3834 1889 3835 1969 3835 1970 3835 1889 3836 1970 3836 1971 3836 1889 3837 1971 3837 1951 3837 1889 3838 1951 3838 1950 3838 1889 3839 1950 3839 1949 3839 1889 3840 1949 3840 1948 3840 1889 3841 1948 3841 1947 3841 1889 3842 1947 3842 1946 3842 1889 3843 1946 3843 1945 3843 1889 3844 1945 3844 1944 3844 1889 3845 1944 3845 1943 3845 1851 3846 1850 3846 1880 3846 1880 3847 1843 3847 1842 3847 1880 3848 1842 3848 1841 3848 1880 3849 1841 3849 1840 3849 1880 3850 1840 3850 1839 3850 1880 3851 1839 3851 1838 3851 1880 3852 1838 3852 1837 3852 1880 3853 1837 3853 1972 3853 1880 3854 1972 3854 1973 3854 1880 3855 1973 3855 1881 3855 1880 3856 1850 3856 1849 3856 1880 3857 1849 3857 1848 3857 1880 3858 1848 3858 1847 3858 1880 3859 1847 3859 1846 3859 1880 3860 1846 3860 1845 3860 1880 3861 1845 3861 1844 3861 1880 3862 1844 3862 1843 3862 1892 3863 1968 3863 1893 3863 1826 3864 1903 3864 1827 3864 1888 3865 1887 3865 1974 3865 1888 3866 1974 3866 1975 3866 1888 3867 1975 3867 1969 3867 1969 3868 1975 3868 1974 3868 1969 3869 1974 3869 1976 3869 1969 3870 1976 3870 1977 3870 1969 3871 1977 3871 1970 3871 1970 3872 1977 3872 1978 3872 1970 3873 1978 3873 1979 3873 1970 3874 1979 3874 1971 3874 1971 3875 1979 3875 1980 3875 1971 3876 1980 3876 1951 3876 1951 3877 1980 3877 1952 3877 1837 3878 1836 3878 1981 3878 1837 3879 1981 3879 1972 3879 1972 3880 1981 3880 1982 3880 1972 3881 1982 3881 1983 3881 1972 3882 1983 3882 1973 3882 1973 3883 1983 3883 1984 3883 1973 3884 1984 3884 1881 3884 1881 3885 1984 3885 1882 3885 1968 3886 1967 3886 1894 3886 1968 3887 1894 3887 1893 3887 1903 3888 1902 3888 1827 3888 1827 3889 1902 3889 1828 3889 1887 3890 1886 3890 1985 3890 1887 3891 1985 3891 1986 3891 1887 3892 1986 3892 1974 3892 1974 3893 1986 3893 1987 3893 1974 3894 1987 3894 1976 3894 1976 3895 1987 3895 1977 3895 1977 3896 1987 3896 1988 3896 1977 3897 1988 3897 1978 3897 1978 3898 1988 3898 1989 3898 1978 3899 1989 3899 1990 3899 1978 3900 1990 3900 1991 3900 1978 3901 1991 3901 1979 3901 1979 3902 1991 3902 1992 3902 1979 3903 1992 3903 1993 3903 1979 3904 1993 3904 1980 3904 1980 3905 1993 3905 1994 3905 1980 3906 1994 3906 1953 3906 1980 3907 1953 3907 1952 3907 1836 3908 1835 3908 1995 3908 1836 3909 1995 3909 1981 3909 1981 3910 1995 3910 1996 3910 1981 3911 1996 3911 1997 3911 1981 3912 1997 3912 1982 3912 1982 3913 1997 3913 1998 3913 1982 3914 1998 3914 1999 3914 1982 3915 1999 3915 2000 3915 1982 3916 2000 3916 1983 3916 1983 3917 2000 3917 1984 3917 1984 3918 2000 3918 2001 3918 1984 3919 2001 3919 2002 3919 1984 3920 2002 3920 1882 3920 1882 3921 2002 3921 1883 3921 1967 3922 1966 3922 1894 3922 1894 3923 1966 3923 1965 3923 1894 3924 1965 3924 1964 3924 1894 3925 1964 3925 1963 3925 1894 3926 1963 3926 1962 3926 1894 3927 1962 3927 1961 3927 1894 3928 1961 3928 1895 3928 1902 3929 1901 3929 2003 3929 1902 3930 2003 3930 2004 3930 1902 3931 2004 3931 1833 3931 1902 3932 1833 3932 1832 3932 1902 3933 1832 3933 1831 3933 1902 3934 1831 3934 1830 3934 1902 3935 1830 3935 1829 3935 1902 3936 1829 3936 1828 3936 1886 3937 1885 3937 2005 3937 1886 3938 2005 3938 1985 3938 1985 3939 2005 3939 2001 3939 1985 3940 2001 3940 1987 3940 1985 3941 1987 3941 1986 3941 1987 3942 2001 3942 2000 3942 1987 3943 2000 3943 1988 3943 1988 3944 2000 3944 1999 3944 1988 3945 1999 3945 1989 3945 1989 3946 1999 3946 1998 3946 1989 3947 1998 3947 1990 3947 1990 3948 1998 3948 2006 3948 1990 3949 2006 3949 2007 3949 1990 3950 2007 3950 2008 3950 1990 3951 2008 3951 1992 3951 1990 3952 1992 3952 1991 3952 1992 3953 2008 3953 2009 3953 1992 3954 2009 3954 2010 3954 1992 3955 2010 3955 2011 3955 1992 3956 2011 3956 1993 3956 1993 3957 2011 3957 1994 3957 1994 3958 2011 3958 2010 3958 1994 3959 2010 3959 1953 3959 1953 3960 2010 3960 2009 3960 1953 3961 2009 3961 2012 3961 1953 3962 2012 3962 2013 3962 1953 3963 2013 3963 1954 3963 1835 3964 1834 3964 2014 3964 1835 3965 2014 3965 2015 3965 1835 3966 2015 3966 1995 3966 1995 3967 2015 3967 1996 3967 1996 3968 2016 3968 1998 3968 1996 3969 1998 3969 1997 3969 1996 3970 2015 3970 2014 3970 1996 3971 2014 3971 2016 3971 1998 3972 2016 3972 2006 3972 2001 3973 2005 3973 2017 3973 2001 3974 2017 3974 2002 3974 2002 3975 2017 3975 1883 3975 1883 3976 2017 3976 1884 3976 1895 3977 2018 3977 2019 3977 1895 3978 2019 3978 2020 3978 1895 3979 2020 3979 1896 3979 1895 3980 1961 3980 1960 3980 1895 3981 1960 3981 1959 3981 1895 3982 1959 3982 1958 3982 1895 3983 1958 3983 1957 3983 1895 3984 1957 3984 2018 3984 1901 3985 1900 3985 2003 3985 2003 3986 2021 3986 2022 3986 2003 3987 2022 3987 2004 3987 2003 3988 1900 3988 2021 3988 2004 3989 2023 3989 1834 3989 2004 3990 1834 3990 1833 3990 2004 3991 2022 3991 2024 3991 2004 3992 2024 3992 2016 3992 2004 3993 2016 3993 2023 3993 1885 3994 1884 3994 2005 3994 2005 3995 1884 3995 2017 3995 2007 3996 2006 3996 2025 3996 2007 3997 2025 3997 2026 3997 2007 3998 2026 3998 2027 3998 2007 3999 2027 3999 2028 3999 2007 4000 2028 4000 2008 4000 2008 4001 2028 4001 2019 4001 2008 4002 2019 4002 2029 4002 2008 4003 2029 4003 2009 4003 2009 4004 2030 4004 2013 4004 2009 4005 2013 4005 2012 4005 2009 4006 2029 4006 2030 4006 2013 4007 2030 4007 2029 4007 2013 4008 2029 4008 2018 4008 2013 4009 2018 4009 1955 4009 2013 4010 1955 4010 1954 4010 1834 4011 2023 4011 2014 4011 2014 4012 2023 4012 2016 4012 2016 4013 2024 4013 2006 4013 2006 4014 2024 4014 2022 4014 2006 4015 2022 4015 2025 4015 2018 4016 2029 4016 2019 4016 2018 4017 1957 4017 1956 4017 2018 4018 1956 4018 1955 4018 2019 4019 2028 4019 2027 4019 2019 4020 2027 4020 2020 4020 2020 4021 2027 4021 2031 4021 2020 4022 2031 4022 2032 4022 2020 4023 2032 4023 1897 4023 2020 4024 1897 4024 1896 4024 1900 4025 1899 4025 2033 4025 1900 4026 2033 4026 2021 4026 2021 4027 2033 4027 2034 4027 2021 4028 2034 4028 2025 4028 2021 4029 2025 4029 2022 4029 2026 4030 2025 4030 2034 4030 2026 4031 2034 4031 2035 4031 2026 4032 2035 4032 2027 4032 2027 4033 2035 4033 2031 4033 2031 4034 2035 4034 2036 4034 2031 4035 2036 4035 2032 4035 2032 4036 2037 4036 2038 4036 2032 4037 2038 4037 1898 4037 2032 4038 1898 4038 1897 4038 2032 4039 2036 4039 2037 4039 1899 4040 1898 4040 2038 4040 1899 4041 2038 4041 2039 4041 1899 4042 2039 4042 2033 4042 2033 4043 2039 4043 2040 4043 2033 4044 2040 4044 2041 4044 2033 4045 2041 4045 2034 4045 2034 4046 2041 4046 2036 4046 2034 4047 2036 4047 2035 4047 2036 4048 2041 4048 2040 4048 2036 4049 2040 4049 2037 4049 2037 4050 2040 4050 2039 4050 2037 4051 2039 4051 2038 4051 2042 4052 2043 4052 2044 4052 2042 4053 2044 4053 2045 4053 2042 4054 2045 4054 2046 4054 2042 4055 2046 4055 2047 4055 2042 4056 2047 4056 2048 4056 2042 4057 2048 4057 2049 4057 2042 4058 2049 4058 2050 4058 2042 4059 2050 4059 2051 4059 2042 4060 2051 4060 2043 4060 2043 4061 2051 4061 2052 4061 2043 4062 2052 4062 2053 4062 2043 4063 2053 4063 2044 4063 2044 4064 2053 4064 2054 4064 2044 4065 2054 4065 2045 4065 2045 4066 2054 4066 2055 4066 2045 4067 2055 4067 2056 4067 2045 4068 2056 4068 2046 4068 2047 4069 2046 4069 2057 4069 2047 4070 2057 4070 2058 4070 2047 4071 2058 4071 2059 4071 2047 4072 2059 4072 2048 4072 2049 4073 2048 4073 2060 4073 2049 4074 2060 4074 2061 4074 2049 4075 2061 4075 2062 4075 2049 4076 2062 4076 2063 4076 2049 4077 2063 4077 2050 4077 2050 4078 2063 4078 2064 4078 2050 4079 2064 4079 2052 4079 2050 4080 2052 4080 2051 4080 2052 4081 2064 4081 2065 4081 2052 4082 2065 4082 2066 4082 2052 4083 2066 4083 2067 4083 2052 4084 2067 4084 2068 4084 2052 4085 2068 4085 2069 4085 2052 4086 2069 4086 2070 4086 2052 4087 2070 4087 2071 4087 2052 4088 2071 4088 2072 4088 2052 4089 2072 4089 2073 4089 2052 4090 2073 4090 2074 4090 2052 4091 2074 4091 2075 4091 2052 4092 2075 4092 2076 4092 2052 4093 2076 4093 2077 4093 2052 4094 2077 4094 2078 4094 2052 4095 2078 4095 2079 4095 2052 4096 2079 4096 2080 4096 2052 4097 2080 4097 2081 4097 2052 4098 2081 4098 2082 4098 2052 4099 2082 4099 2083 4099 2052 4100 2083 4100 2084 4100 2052 4101 2084 4101 2085 4101 2052 4102 2085 4102 2086 4102 2052 4103 2086 4103 2087 4103 2052 4104 2087 4104 2088 4104 2052 4105 2088 4105 2089 4105 2052 4106 2089 4106 2090 4106 2052 4107 2090 4107 2091 4107 2052 4108 2091 4108 2092 4108 2052 4109 2092 4109 2093 4109 2052 4110 2093 4110 2094 4110 2052 4111 2094 4111 2095 4111 2052 4112 2095 4112 2096 4112 2052 4113 2096 4113 2053 4113 2053 4114 2096 4114 2097 4114 2053 4115 2097 4115 2098 4115 2053 4116 2098 4116 2099 4116 2053 4117 2099 4117 2100 4117 2053 4118 2100 4118 2101 4118 2053 4119 2101 4119 2102 4119 2053 4120 2102 4120 2103 4120 2053 4121 2103 4121 2104 4121 2053 4122 2104 4122 2105 4122 2053 4123 2105 4123 2054 4123 2054 4124 2105 4124 2055 4124 2046 4125 2056 4125 2106 4125 2046 4126 2106 4126 2057 4126 2055 4127 2105 4127 2107 4127 2055 4128 2107 4128 2108 4128 2055 4129 2108 4129 2056 4129 2057 4130 2109 4130 2058 4130 2057 4131 2106 4131 2110 4131 2057 4132 2110 4132 2111 4132 2057 4133 2111 4133 2109 4133 2058 4134 2109 4134 2112 4134 2058 4135 2112 4135 2113 4135 2058 4136 2113 4136 2059 4136 2059 4137 2113 4137 2114 4137 2059 4138 2114 4138 2115 4138 2059 4139 2115 4139 2048 4139 2048 4140 2115 4140 2060 4140 2061 4141 2060 4141 2116 4141 2061 4142 2116 4142 2117 4142 2061 4143 2117 4143 2118 4143 2061 4144 2118 4144 2062 4144 2062 4145 2118 4145 2064 4145 2062 4146 2064 4146 2063 4146 2064 4147 2118 4147 2119 4147 2064 4148 2119 4148 2120 4148 2064 4149 2120 4149 2121 4149 2064 4150 2121 4150 2122 4150 2064 4151 2122 4151 2123 4151 2064 4152 2123 4152 2065 4152 2096 4153 2095 4153 2124 4153 2096 4154 2124 4154 2125 4154 2096 4155 2125 4155 2126 4155 2096 4156 2126 4156 2127 4156 2096 4157 2127 4157 2128 4157 2096 4158 2128 4158 2129 4158 2096 4159 2129 4159 2130 4159 2096 4160 2130 4160 2131 4160 2096 4161 2131 4161 2132 4161 2096 4162 2132 4162 2133 4162 2096 4163 2133 4163 2134 4163 2096 4164 2134 4164 2135 4164 2096 4165 2135 4165 2097 4165 2097 4166 2135 4166 2136 4166 2097 4167 2136 4167 2137 4167 2097 4168 2137 4168 2138 4168 2097 4169 2138 4169 2098 4169 2098 4170 2138 4170 2099 4170 2099 4171 2138 4171 2139 4171 2099 4172 2139 4172 2100 4172 2100 4173 2140 4173 2141 4173 2100 4174 2141 4174 2101 4174 2100 4175 2139 4175 2140 4175 2101 4176 2141 4176 2102 4176 2102 4177 2142 4177 2103 4177 2102 4178 2141 4178 2142 4178 2103 4179 2142 4179 2143 4179 2103 4180 2143 4180 2104 4180 2104 4181 2143 4181 2105 4181 2105 4182 2143 4182 2107 4182 2056 4183 2108 4183 2144 4183 2056 4184 2144 4184 2106 4184 2106 4185 2144 4185 2110 4185 2107 4186 2143 4186 2145 4186 2107 4187 2145 4187 2108 4187 2109 4188 2146 4188 2112 4188 2109 4189 2111 4189 2147 4189 2109 4190 2147 4190 2146 4190 2110 4191 2144 4191 2148 4191 2110 4192 2148 4192 2149 4192 2110 4193 2149 4193 2150 4193 2110 4194 2150 4194 2151 4194 2110 4195 2151 4195 2111 4195 2111 4196 2151 4196 2147 4196 2112 4197 2146 4197 2152 4197 2112 4198 2152 4198 2153 4198 2112 4199 2153 4199 2113 4199 2113 4200 2153 4200 2114 4200 2114 4201 2153 4201 2154 4201 2114 4202 2154 4202 2155 4202 2114 4203 2155 4203 2156 4203 2114 4204 2156 4204 2157 4204 2114 4205 2157 4205 2115 4205 2115 4206 2157 4206 2116 4206 2115 4207 2116 4207 2060 4207 2117 4208 2116 4208 2158 4208 2117 4209 2158 4209 2159 4209 2117 4210 2159 4210 2119 4210 2117 4211 2119 4211 2118 4211 2065 4212 2123 4212 2066 4212 2119 4213 2159 4213 2120 4213 2120 4214 2159 4214 2121 4214 2121 4215 2159 4215 2160 4215 2121 4216 2160 4216 2161 4216 2121 4217 2161 4217 2122 4217 2122 4218 2161 4218 2162 4218 2122 4219 2162 4219 2123 4219 2123 4220 2162 4220 2163 4220 2123 4221 2163 4221 2164 4221 2123 4222 2164 4222 2165 4222 2123 4223 2165 4223 2166 4223 2123 4224 2166 4224 2167 4224 2123 4225 2167 4225 2067 4225 2123 4226 2067 4226 2066 4226 2095 4227 2094 4227 2125 4227 2095 4228 2125 4228 2124 4228 2125 4229 2094 4229 2093 4229 2125 4230 2093 4230 2092 4230 2125 4231 2092 4231 2091 4231 2125 4232 2091 4232 2168 4232 2125 4233 2168 4233 2169 4233 2125 4234 2169 4234 2126 4234 2126 4235 2169 4235 2170 4235 2126 4236 2170 4236 2127 4236 2127 4237 2170 4237 2128 4237 2128 4238 2170 4238 2171 4238 2128 4239 2171 4239 2129 4239 2129 4240 2171 4240 2130 4240 2130 4241 2171 4241 2131 4241 2131 4242 2171 4242 2132 4242 2132 4243 2172 4243 2133 4243 2132 4244 2171 4244 2172 4244 2133 4245 2172 4245 2173 4245 2133 4246 2173 4246 2134 4246 2134 4247 2173 4247 2136 4247 2134 4248 2136 4248 2135 4248 2136 4249 2174 4249 2175 4249 2136 4250 2175 4250 2137 4250 2136 4251 2173 4251 2176 4251 2136 4252 2176 4252 2174 4252 2137 4253 2175 4253 2177 4253 2137 4254 2177 4254 2138 4254 2138 4255 2177 4255 2178 4255 2138 4256 2178 4256 2139 4256 2139 4257 2178 4257 2179 4257 2139 4258 2179 4258 2140 4258 2140 4259 2179 4259 2180 4259 2140 4260 2180 4260 2141 4260 2141 4261 2180 4261 2181 4261 2141 4262 2181 4262 2142 4262 2142 4263 2181 4263 2145 4263 2142 4264 2145 4264 2143 4264 2108 4265 2145 4265 2144 4265 2144 4266 2145 4266 2148 4266 2146 4267 2147 4267 2182 4267 2146 4268 2182 4268 2084 4268 2146 4269 2084 4269 2152 4269 2147 4270 2151 4270 2182 4270 2148 4271 2145 4271 2181 4271 2148 4272 2181 4272 2149 4272 2149 4273 2181 4273 2180 4273 2149 4274 2180 4274 2183 4274 2149 4275 2183 4275 2150 4275 2150 4276 2183 4276 2184 4276 2150 4277 2184 4277 2185 4277 2150 4278 2185 4278 2182 4278 2150 4279 2182 4279 2151 4279 2152 4280 2084 4280 2083 4280 2152 4281 2083 4281 2082 4281 2152 4282 2082 4282 2153 4282 2153 4283 2082 4283 2081 4283 2153 4284 2081 4284 2186 4284 2153 4285 2186 4285 2154 4285 2154 4286 2186 4286 2155 4286 2155 4287 2186 4287 2156 4287 2156 4288 2187 4288 2188 4288 2156 4289 2188 4289 2157 4289 2156 4290 2186 4290 2189 4290 2156 4291 2189 4291 2190 4291 2156 4292 2190 4292 2191 4292 2156 4293 2191 4293 2187 4293 2157 4294 2188 4294 2116 4294 2116 4295 2188 4295 2187 4295 2116 4296 2187 4296 2158 4296 2159 4297 2158 4297 2192 4297 2159 4298 2192 4298 2160 4298 2160 4299 2192 4299 2193 4299 2160 4300 2193 4300 2161 4300 2161 4301 2193 4301 2194 4301 2161 4302 2194 4302 2162 4302 2162 4303 2194 4303 2195 4303 2162 4304 2195 4304 2196 4304 2162 4305 2196 4305 2197 4305 2162 4306 2197 4306 2163 4306 2163 4307 2198 4307 2164 4307 2163 4308 2197 4308 2199 4308 2163 4309 2199 4309 2198 4309 2164 4310 2198 4310 2165 4310 2165 4311 2200 4311 2201 4311 2165 4312 2201 4312 2167 4312 2165 4313 2167 4313 2166 4313 2165 4314 2198 4314 2200 4314 2167 4315 2201 4315 2069 4315 2167 4316 2069 4316 2068 4316 2167 4317 2068 4317 2067 4317 2091 4318 2090 4318 2202 4318 2091 4319 2202 4319 2168 4319 2168 4320 2202 4320 2203 4320 2168 4321 2203 4321 2169 4321 2169 4322 2203 4322 2204 4322 2169 4323 2204 4323 2170 4323 2170 4324 2204 4324 2205 4324 2170 4325 2205 4325 2171 4325 2171 4326 2205 4326 2206 4326 2171 4327 2206 4327 2172 4327 2172 4328 2206 4328 2176 4328 2172 4329 2176 4329 2173 4329 2174 4330 2176 4330 2207 4330 2174 4331 2207 4331 2208 4331 2174 4332 2208 4332 2209 4332 2174 4333 2209 4333 2175 4333 2175 4334 2209 4334 2177 4334 2177 4335 2209 4335 2178 4335 2178 4336 2210 4336 2211 4336 2178 4337 2211 4337 2179 4337 2178 4338 2209 4338 2210 4338 2179 4339 2211 4339 2180 4339 2180 4340 2211 4340 2183 4340 2182 4341 2185 4341 2212 4341 2182 4342 2212 4342 2084 4342 2084 4343 2212 4343 2213 4343 2084 4344 2213 4344 2214 4344 2084 4345 2214 4345 2085 4345 2183 4346 2211 4346 2184 4346 2184 4347 2211 4347 2210 4347 2184 4348 2210 4348 2215 4348 2184 4349 2215 4349 2216 4349 2184 4350 2216 4350 2217 4350 2184 4351 2217 4351 2185 4351 2185 4352 2217 4352 2212 4352 2081 4353 2080 4353 2190 4353 2081 4354 2190 4354 2218 4354 2081 4355 2218 4355 2186 4355 2186 4356 2218 4356 2189 4356 2187 4357 2192 4357 2158 4357 2187 4358 2191 4358 2194 4358 2187 4359 2194 4359 2193 4359 2187 4360 2193 4360 2192 4360 2189 4361 2218 4361 2190 4361 2190 4362 2080 4362 2079 4362 2190 4363 2079 4363 2078 4363 2190 4364 2078 4364 2077 4364 2190 4365 2077 4365 2219 4365 2190 4366 2219 4366 2220 4366 2190 4367 2220 4367 2221 4367 2190 4368 2221 4368 2191 4368 2191 4369 2221 4369 2222 4369 2191 4370 2222 4370 2194 4370 2194 4371 2222 4371 2223 4371 2194 4372 2223 4372 2224 4372 2194 4373 2224 4373 2195 4373 2196 4374 2195 4374 2224 4374 2196 4375 2224 4375 2223 4375 2196 4376 2223 4376 2197 4376 2197 4377 2223 4377 2199 4377 2198 4378 2199 4378 2200 4378 2199 4379 2225 4379 2200 4379 2199 4380 2223 4380 2225 4380 2200 4381 2225 4381 2226 4381 2200 4382 2226 4382 2201 4382 2201 4383 2226 4383 2071 4383 2201 4384 2071 4384 2070 4384 2201 4385 2070 4385 2069 4385 2090 4386 2089 4386 2202 4386 2202 4387 2227 4387 2228 4387 2202 4388 2228 4388 2203 4388 2202 4389 2089 4389 2088 4389 2202 4390 2088 4390 2087 4390 2202 4391 2087 4391 2227 4391 2203 4392 2228 4392 2204 4392 2204 4393 2228 4393 2229 4393 2204 4394 2229 4394 2207 4394 2204 4395 2207 4395 2205 4395 2205 4396 2207 4396 2206 4396 2206 4397 2207 4397 2176 4397 2207 4398 2229 4398 2230 4398 2207 4399 2230 4399 2216 4399 2207 4400 2216 4400 2208 4400 2208 4401 2216 4401 2209 4401 2209 4402 2216 4402 2215 4402 2209 4403 2215 4403 2210 4403 2212 4404 2217 4404 2231 4404 2212 4405 2231 4405 2213 4405 2085 4406 2214 4406 2232 4406 2085 4407 2232 4407 2233 4407 2085 4408 2233 4408 2086 4408 2213 4409 2231 4409 2234 4409 2213 4410 2234 4410 2214 4410 2214 4411 2234 4411 2235 4411 2214 4412 2235 4412 2232 4412 2216 4413 2230 4413 2232 4413 2216 4414 2232 4414 2235 4414 2216 4415 2235 4415 2234 4415 2216 4416 2234 4416 2231 4416 2216 4417 2231 4417 2217 4417 2077 4418 2076 4418 2219 4418 2219 4419 2076 4419 2220 4419 2220 4420 2076 4420 2236 4420 2220 4421 2236 4421 2221 4421 2221 4422 2236 4422 2075 4422 2221 4423 2075 4423 2074 4423 2221 4424 2074 4424 2237 4424 2221 4425 2237 4425 2225 4425 2221 4426 2225 4426 2222 4426 2222 4427 2225 4427 2223 4427 2225 4428 2237 4428 2238 4428 2225 4429 2238 4429 2226 4429 2226 4430 2238 4430 2071 4430 2071 4431 2238 4431 2237 4431 2071 4432 2237 4432 2072 4432 2227 4433 2233 4433 2228 4433 2227 4434 2087 4434 2086 4434 2227 4435 2086 4435 2233 4435 2228 4436 2233 4436 2229 4436 2229 4437 2233 4437 2230 4437 2230 4438 2233 4438 2232 4438 2076 4439 2075 4439 2236 4439 2074 4440 2073 4440 2237 4440 2237 4441 2073 4441 2072 4441 2239 4442 2240 4442 2241 4442 2239 4443 2241 4443 2242 4443 2239 4444 2242 4444 2243 4444 2239 4445 2243 4445 2244 4445 2239 4446 2244 4446 2245 4446 2239 4447 2245 4447 2246 4447 2239 4448 2246 4448 2247 4448 2239 4449 2247 4449 2248 4449 2239 4450 2248 4450 2249 4450 2239 4451 2249 4451 2250 4451 2239 4452 2250 4452 2251 4452 2239 4453 2251 4453 2252 4453 2239 4454 2252 4454 2253 4454 2239 4455 2253 4455 2254 4455 2239 4456 2254 4456 2255 4456 2239 4457 2255 4457 2256 4457 2239 4458 2256 4458 2257 4458 2239 4459 2257 4459 2258 4459 2239 4460 2258 4460 2259 4460 2239 4461 2259 4461 2260 4461 2239 4462 2260 4462 2261 4462 2239 4463 2261 4463 2240 4463 2240 4464 2261 4464 2241 4464 2243 4465 2242 4465 2262 4465 2243 4466 2262 4466 2244 4466 2253 4467 2252 4467 2254 4467 2261 4468 2260 4468 2263 4468 2261 4469 2263 4469 2241 4469 2241 4470 2263 4470 2262 4470 2241 4471 2262 4471 2242 4471 2244 4472 2262 4472 2264 4472 2244 4473 2264 4473 2245 4473 2252 4474 2251 4474 2265 4474 2252 4475 2265 4475 2266 4475 2252 4476 2266 4476 2267 4476 2252 4477 2267 4477 2255 4477 2252 4478 2255 4478 2254 4478 2260 4479 2259 4479 2268 4479 2260 4480 2268 4480 2263 4480 2263 4481 2268 4481 2264 4481 2263 4482 2264 4482 2262 4482 2264 4483 2268 4483 2269 4483 2264 4484 2269 4484 2270 4484 2264 4485 2270 4485 2245 4485 2245 4486 2270 4486 2246 4486 2251 4487 2250 4487 2271 4487 2251 4488 2271 4488 2272 4488 2251 4489 2272 4489 2265 4489 2255 4490 2267 4490 2272 4490 2255 4491 2272 4491 2273 4491 2255 4492 2273 4492 2256 4492 2259 4493 2258 4493 2274 4493 2259 4494 2274 4494 2269 4494 2259 4495 2269 4495 2268 4495 2269 4496 2274 4496 2275 4496 2269 4497 2275 4497 2276 4497 2269 4498 2276 4498 2270 4498 2270 4499 2247 4499 2246 4499 2270 4500 2276 4500 2247 4500 2265 4501 2272 4501 2266 4501 2250 4502 2249 4502 2277 4502 2250 4503 2277 4503 2271 4503 2271 4504 2277 4504 2275 4504 2271 4505 2275 4505 2272 4505 2272 4506 2275 4506 2278 4506 2272 4507 2278 4507 2273 4507 2272 4508 2267 4508 2266 4508 2273 4509 2278 4509 2257 4509 2273 4510 2257 4510 2256 4510 2258 4511 2257 4511 2274 4511 2274 4512 2257 4512 2278 4512 2274 4513 2278 4513 2275 4513 2275 4514 2277 4514 2276 4514 2276 4515 2277 4515 2249 4515 2276 4516 2249 4516 2248 4516 2276 4517 2248 4517 2247 4517 2279 4518 2280 4518 2281 4518 2279 4519 2281 4519 2282 4519 2279 4520 2282 4520 2283 4520 2279 4521 2283 4521 2284 4521 2279 4522 2284 4522 2285 4522 2279 4523 2285 4523 2286 4523 2279 4524 2286 4524 2287 4524 2279 4525 2287 4525 2288 4525 2279 4526 2288 4526 2289 4526 2279 4527 2289 4527 2290 4527 2279 4528 2290 4528 2291 4528 2279 4529 2291 4529 2292 4529 2279 4530 2292 4530 2293 4530 2279 4531 2293 4531 2294 4531 2279 4532 2294 4532 2295 4532 2279 4533 2295 4533 2296 4533 2279 4534 2296 4534 2297 4534 2279 4535 2297 4535 2298 4535 2279 4536 2298 4536 2299 4536 2279 4537 2299 4537 2300 4537 2279 4538 2300 4538 2301 4538 2279 4539 2301 4539 2302 4539 2279 4540 2302 4540 2303 4540 2279 4541 2303 4541 2304 4541 2279 4542 2304 4542 2305 4542 2279 4543 2305 4543 2306 4543 2279 4544 2306 4544 2307 4544 2279 4545 2307 4545 2308 4545 2279 4546 2308 4546 2309 4546 2279 4547 2309 4547 2310 4547 2279 4548 2310 4548 2311 4548 2279 4549 2311 4549 2312 4549 2279 4550 2312 4550 2313 4550 2279 4551 2313 4551 2314 4551 2279 4552 2314 4552 2315 4552 2279 4553 2315 4553 2316 4553 2279 4554 2316 4554 2317 4554 2279 4555 2317 4555 2318 4555 2279 4556 2318 4556 2319 4556 2279 4557 2319 4557 2320 4557 2279 4558 2320 4558 2321 4558 2279 4559 2321 4559 2322 4559 2279 4560 2322 4560 2323 4560 2279 4561 2323 4561 2324 4561 2279 4562 2324 4562 2325 4562 2279 4563 2325 4563 2326 4563 2279 4564 2326 4564 2327 4564 2279 4565 2327 4565 2328 4565 2279 4566 2328 4566 2329 4566 2279 4567 2329 4567 2330 4567 2279 4568 2330 4568 2331 4568 2279 4569 2331 4569 2332 4569 2279 4570 2332 4570 2333 4570 2279 4571 2333 4571 2334 4571 2279 4572 2334 4572 2335 4572 2279 4573 2335 4573 2336 4573 2279 4574 2336 4574 2337 4574 2279 4575 2337 4575 2338 4575 2279 4576 2338 4576 2339 4576 2279 4577 2339 4577 2340 4577 2279 4578 2340 4578 2341 4578 2279 4579 2341 4579 2342 4579 2279 4580 2342 4580 2343 4580 2279 4581 2343 4581 2344 4581 2279 4582 2344 4582 2345 4582 2279 4583 2345 4583 2346 4583 2279 4584 2346 4584 2347 4584 2279 4585 2347 4585 2348 4585 2279 4586 2348 4586 2349 4586 2279 4587 2349 4587 2350 4587 2279 4588 2350 4588 2351 4588 2279 4589 2351 4589 2280 4589 2280 4590 2351 4590 2352 4590 2280 4591 2352 4591 2281 4591 2281 4592 2352 4592 2353 4592 2281 4593 2353 4593 2354 4593 2281 4594 2354 4594 2355 4594 2281 4595 2355 4595 2282 4595 2282 4596 2355 4596 2356 4596 2282 4597 2356 4597 2283 4597 2283 4598 2356 4598 2357 4598 2283 4599 2357 4599 2284 4599 2351 4600 2350 4600 2358 4600 2351 4601 2358 4601 2352 4601 2352 4602 2358 4602 2353 4602 2353 4603 2358 4603 2359 4603 2353 4604 2359 4604 2360 4604 2353 4605 2360 4605 2354 4605 2354 4606 2360 4606 2355 4606 2355 4607 2361 4607 2356 4607 2355 4608 2360 4608 2361 4608 2356 4609 2362 4609 2357 4609 2356 4610 2361 4610 2363 4610 2356 4611 2363 4611 2364 4611 2356 4612 2364 4612 2362 4612 2357 4613 2362 4613 2284 4613 2284 4614 2362 4614 2285 4614 2350 4615 2349 4615 2358 4615 2358 4616 2349 4616 2365 4616 2358 4617 2365 4617 2359 4617 2359 4618 2365 4618 2366 4618 2359 4619 2366 4619 2367 4619 2359 4620 2367 4620 2368 4620 2359 4621 2368 4621 2360 4621 2360 4622 2369 4622 2370 4622 2360 4623 2370 4623 2361 4623 2360 4624 2368 4624 2371 4624 2360 4625 2371 4625 2369 4625 2361 4626 2370 4626 2372 4626 2361 4627 2372 4627 2363 4627 2362 4628 2364 4628 2285 4628 2363 4629 2372 4629 2373 4629 2363 4630 2373 4630 2374 4630 2363 4631 2374 4631 2375 4631 2363 4632 2375 4632 2376 4632 2363 4633 2376 4633 2364 4633 2364 4634 2376 4634 2285 4634 2285 4635 2376 4635 2286 4635 2349 4636 2348 4636 2365 4636 2365 4637 2348 4637 2347 4637 2365 4638 2347 4638 2346 4638 2365 4639 2346 4639 2377 4639 2365 4640 2377 4640 2378 4640 2365 4641 2378 4641 2366 4641 2366 4642 2378 4642 2367 4642 2367 4643 2378 4643 2379 4643 2367 4644 2379 4644 2380 4644 2367 4645 2380 4645 2381 4645 2367 4646 2381 4646 2368 4646 2368 4647 2382 4647 2371 4647 2368 4648 2381 4648 2382 4648 2369 4649 2371 4649 2383 4649 2369 4650 2383 4650 2384 4650 2369 4651 2384 4651 2385 4651 2369 4652 2385 4652 2370 4652 2370 4653 2385 4653 2386 4653 2370 4654 2386 4654 2372 4654 2371 4655 2382 4655 2383 4655 2372 4656 2386 4656 2387 4656 2372 4657 2387 4657 2373 4657 2373 4658 2387 4658 2388 4658 2373 4659 2388 4659 2374 4659 2374 4660 2388 4660 2389 4660 2374 4661 2389 4661 2390 4661 2374 4662 2390 4662 2391 4662 2374 4663 2391 4663 2375 4663 2375 4664 2391 4664 2376 4664 2376 4665 2391 4665 2392 4665 2376 4666 2392 4666 2286 4666 2286 4667 2392 4667 2393 4667 2286 4668 2393 4668 2287 4668 2346 4669 2345 4669 2377 4669 2377 4670 2345 4670 2394 4670 2377 4671 2394 4671 2378 4671 2378 4672 2394 4672 2379 4672 2379 4673 2394 4673 2395 4673 2379 4674 2395 4674 2380 4674 2380 4675 2396 4675 2381 4675 2380 4676 2395 4676 2397 4676 2380 4677 2397 4677 2398 4677 2380 4678 2398 4678 2399 4678 2380 4679 2399 4679 2396 4679 2381 4680 2396 4680 2382 4680 2382 4681 2396 4681 2383 4681 2383 4682 2396 4682 2400 4682 2383 4683 2400 4683 2384 4683 2384 4684 2400 4684 2401 4684 2384 4685 2401 4685 2385 4685 2385 4686 2401 4686 2402 4686 2385 4687 2402 4687 2386 4687 2386 4688 2402 4688 2403 4688 2386 4689 2403 4689 2387 4689 2387 4690 2403 4690 2388 4690 2388 4691 2403 4691 2404 4691 2388 4692 2404 4692 2389 4692 2389 4693 2404 4693 2405 4693 2389 4694 2405 4694 2406 4694 2389 4695 2406 4695 2407 4695 2389 4696 2407 4696 2408 4696 2389 4697 2408 4697 2390 4697 2390 4698 2408 4698 2391 4698 2391 4699 2408 4699 2393 4699 2391 4700 2393 4700 2392 4700 2393 4701 2288 4701 2287 4701 2393 4702 2408 4702 2409 4702 2393 4703 2409 4703 2288 4703 2345 4704 2344 4704 2394 4704 2394 4705 2344 4705 2410 4705 2394 4706 2410 4706 2395 4706 2395 4707 2410 4707 2411 4707 2395 4708 2411 4708 2397 4708 2396 4709 2412 4709 2400 4709 2396 4710 2399 4710 2413 4710 2396 4711 2413 4711 2414 4711 2396 4712 2414 4712 2412 4712 2397 4713 2411 4713 2415 4713 2397 4714 2415 4714 2398 4714 2398 4715 2415 4715 2416 4715 2398 4716 2416 4716 2417 4716 2398 4717 2417 4717 2418 4717 2398 4718 2418 4718 2399 4718 2399 4719 2418 4719 2413 4719 2400 4720 2412 4720 2419 4720 2400 4721 2419 4721 2420 4721 2400 4722 2420 4722 2421 4722 2400 4723 2421 4723 2422 4723 2400 4724 2422 4724 2423 4724 2400 4725 2423 4725 2424 4725 2400 4726 2424 4726 2401 4726 2401 4727 2424 4727 2402 4727 2402 4728 2424 4728 2425 4728 2402 4729 2425 4729 2403 4729 2403 4730 2425 4730 2426 4730 2403 4731 2426 4731 2427 4731 2403 4732 2427 4732 2404 4732 2404 4733 2427 4733 2405 4733 2405 4734 2428 4734 2429 4734 2405 4735 2429 4735 2430 4735 2405 4736 2430 4736 2406 4736 2405 4737 2427 4737 2428 4737 2406 4738 2430 4738 2431 4738 2406 4739 2431 4739 2407 4739 2407 4740 2431 4740 2408 4740 2408 4741 2431 4741 2409 4741 2288 4742 2409 4742 2289 4742 2409 4743 2431 4743 2432 4743 2409 4744 2432 4744 2290 4744 2409 4745 2290 4745 2289 4745 2344 4746 2343 4746 2410 4746 2410 4747 2343 4747 2342 4747 2410 4748 2342 4748 2411 4748 2411 4749 2342 4749 2341 4749 2411 4750 2341 4750 2433 4750 2411 4751 2433 4751 2415 4751 2412 4752 2414 4752 2434 4752 2412 4753 2434 4753 2419 4753 2413 4754 2418 4754 2435 4754 2413 4755 2435 4755 2414 4755 2414 4756 2435 4756 2436 4756 2414 4757 2436 4757 2434 4757 2415 4758 2433 4758 2437 4758 2415 4759 2437 4759 2416 4759 2416 4760 2437 4760 2417 4760 2417 4761 2438 4761 2439 4761 2417 4762 2439 4762 2440 4762 2417 4763 2440 4763 2418 4763 2417 4764 2437 4764 2438 4764 2418 4765 2440 4765 2435 4765 2424 4766 2423 4766 2441 4766 2424 4767 2441 4767 2425 4767 2425 4768 2441 4768 2426 4768 2426 4769 2441 4769 2442 4769 2426 4770 2442 4770 2428 4770 2426 4771 2428 4771 2427 4771 2428 4772 2442 4772 2443 4772 2428 4773 2443 4773 2429 4773 2429 4774 2443 4774 2444 4774 2429 4775 2444 4775 2445 4775 2429 4776 2445 4776 2430 4776 2430 4777 2445 4777 2446 4777 2430 4778 2446 4778 2431 4778 2431 4779 2446 4779 2447 4779 2431 4780 2447 4780 2432 4780 2432 4781 2447 4781 2291 4781 2432 4782 2291 4782 2290 4782 2341 4783 2340 4783 2433 4783 2433 4784 2340 4784 2437 4784 2419 4785 2448 4785 2420 4785 2419 4786 2434 4786 2449 4786 2419 4787 2449 4787 2448 4787 2434 4788 2436 4788 2450 4788 2434 4789 2450 4789 2449 4789 2435 4790 2440 4790 2436 4790 2436 4791 2440 4791 2451 4791 2436 4792 2451 4792 2450 4792 2437 4793 2340 4793 2339 4793 2437 4794 2339 4794 2338 4794 2437 4795 2338 4795 2438 4795 2438 4796 2338 4796 2337 4796 2438 4797 2337 4797 2336 4797 2438 4798 2336 4798 2452 4798 2438 4799 2452 4799 2439 4799 2439 4800 2452 4800 2453 4800 2439 4801 2453 4801 2454 4801 2439 4802 2454 4802 2440 4802 2440 4803 2454 4803 2455 4803 2440 4804 2455 4804 2456 4804 2440 4805 2456 4805 2457 4805 2440 4806 2457 4806 2451 4806 2423 4807 2422 4807 2458 4807 2423 4808 2458 4808 2459 4808 2423 4809 2459 4809 2441 4809 2441 4810 2459 4810 2442 4810 2442 4811 2460 4811 2443 4811 2442 4812 2459 4812 2460 4812 2443 4813 2460 4813 2461 4813 2443 4814 2461 4814 2462 4814 2443 4815 2462 4815 2444 4815 2445 4816 2463 4816 2293 4816 2445 4817 2293 4817 2446 4817 2445 4818 2444 4818 2464 4818 2445 4819 2464 4819 2463 4819 2446 4820 2293 4820 2292 4820 2446 4821 2292 4821 2291 4821 2446 4822 2291 4822 2447 4822 2448 4823 2465 4823 2466 4823 2448 4824 2466 4824 2421 4824 2448 4825 2421 4825 2420 4825 2448 4826 2449 4826 2467 4826 2448 4827 2467 4827 2465 4827 2449 4828 2450 4828 2451 4828 2449 4829 2451 4829 2467 4829 2451 4830 2468 4830 2467 4830 2451 4831 2457 4831 2468 4831 2336 4832 2335 4832 2452 4832 2452 4833 2335 4833 2453 4833 2453 4834 2335 4834 2469 4834 2453 4835 2469 4835 2470 4835 2453 4836 2470 4836 2454 4836 2454 4837 2470 4837 2455 4837 2455 4838 2470 4838 2456 4838 2456 4839 2470 4839 2471 4839 2456 4840 2471 4840 2472 4840 2456 4841 2472 4841 2457 4841 2457 4842 2472 4842 2473 4842 2457 4843 2473 4843 2468 4843 2422 4844 2474 4844 2475 4844 2422 4845 2475 4845 2458 4845 2422 4846 2421 4846 2476 4846 2422 4847 2476 4847 2474 4847 2458 4848 2475 4848 2477 4848 2458 4849 2477 4849 2478 4849 2458 4850 2478 4850 2479 4850 2458 4851 2479 4851 2459 4851 2459 4852 2479 4852 2461 4852 2459 4853 2461 4853 2460 4853 2461 4854 2479 4854 2480 4854 2461 4855 2480 4855 2481 4855 2461 4856 2481 4856 2462 4856 2462 4857 2481 4857 2482 4857 2462 4858 2482 4858 2483 4858 2462 4859 2483 4859 2444 4859 2444 4860 2483 4860 2482 4860 2444 4861 2482 4861 2484 4861 2444 4862 2484 4862 2464 4862 2463 4863 2294 4863 2293 4863 2463 4864 2464 4864 2294 4864 2465 4865 2485 4865 2486 4865 2465 4866 2486 4866 2487 4866 2465 4867 2487 4867 2466 4867 2465 4868 2467 4868 2488 4868 2465 4869 2488 4869 2489 4869 2465 4870 2489 4870 2485 4870 2466 4871 2487 4871 2476 4871 2466 4872 2476 4872 2421 4872 2467 4873 2468 4873 2488 4873 2468 4874 2490 4874 2488 4874 2468 4875 2473 4875 2490 4875 2335 4876 2334 4876 2471 4876 2335 4877 2471 4877 2469 4877 2469 4878 2471 4878 2470 4878 2471 4879 2334 4879 2472 4879 2472 4880 2333 4880 2491 4880 2472 4881 2491 4881 2473 4881 2472 4882 2334 4882 2333 4882 2473 4883 2491 4883 2492 4883 2473 4884 2492 4884 2493 4884 2473 4885 2493 4885 2494 4885 2473 4886 2494 4886 2490 4886 2474 4887 2495 4887 2496 4887 2474 4888 2496 4888 2475 4888 2474 4889 2476 4889 2497 4889 2474 4890 2497 4890 2495 4890 2475 4891 2496 4891 2498 4891 2475 4892 2498 4892 2477 4892 2476 4893 2487 4893 2497 4893 2477 4894 2498 4894 2499 4894 2477 4895 2499 4895 2500 4895 2477 4896 2500 4896 2478 4896 2478 4897 2500 4897 2501 4897 2478 4898 2501 4898 2480 4898 2478 4899 2480 4899 2479 4899 2480 4900 2501 4900 2502 4900 2480 4901 2502 4901 2481 4901 2481 4902 2502 4902 2503 4902 2481 4903 2503 4903 2482 4903 2482 4904 2503 4904 2299 4904 2482 4905 2299 4905 2484 4905 2464 4906 2296 4906 2295 4906 2464 4907 2295 4907 2294 4907 2464 4908 2484 4908 2297 4908 2464 4909 2297 4909 2504 4909 2464 4910 2504 4910 2296 4910 2485 4911 2489 4911 2505 4911 2485 4912 2505 4912 2506 4912 2485 4913 2506 4913 2486 4913 2486 4914 2506 4914 2507 4914 2486 4915 2507 4915 2487 4915 2487 4916 2507 4916 2497 4916 2488 4917 2490 4917 2489 4917 2489 4918 2490 4918 2494 4918 2489 4919 2494 4919 2505 4919 2333 4920 2332 4920 2491 4920 2491 4921 2331 4921 2492 4921 2491 4922 2332 4922 2331 4922 2492 4923 2330 4923 2329 4923 2492 4924 2329 4924 2508 4924 2492 4925 2508 4925 2509 4925 2492 4926 2509 4926 2493 4926 2492 4927 2331 4927 2330 4927 2493 4928 2509 4928 2494 4928 2494 4929 2509 4929 2510 4929 2494 4930 2510 4930 2505 4930 2495 4931 2511 4931 2512 4931 2495 4932 2512 4932 2496 4932 2495 4933 2497 4933 2513 4933 2495 4934 2513 4934 2511 4934 2496 4935 2512 4935 2498 4935 2497 4936 2507 4936 2513 4936 2498 4937 2512 4937 2514 4937 2498 4938 2514 4938 2499 4938 2499 4939 2515 4939 2516 4939 2499 4940 2516 4940 2500 4940 2499 4941 2514 4941 2515 4941 2500 4942 2517 4942 2501 4942 2500 4943 2516 4943 2517 4943 2501 4944 2517 4944 2518 4944 2501 4945 2518 4945 2502 4945 2502 4946 2518 4946 2503 4946 2484 4947 2299 4947 2298 4947 2484 4948 2298 4948 2297 4948 2503 4949 2518 4949 2519 4949 2503 4950 2519 4950 2301 4950 2503 4951 2301 4951 2300 4951 2503 4952 2300 4952 2299 4952 2296 4953 2504 4953 2297 4953 2505 4954 2510 4954 2520 4954 2505 4955 2520 4955 2521 4955 2505 4956 2521 4956 2522 4956 2505 4957 2522 4957 2506 4957 2506 4958 2523 4958 2507 4958 2506 4959 2522 4959 2524 4959 2506 4960 2524 4960 2523 4960 2507 4961 2523 4961 2513 4961 2329 4962 2328 4962 2525 4962 2329 4963 2525 4963 2508 4963 2508 4964 2525 4964 2509 4964 2509 4965 2525 4965 2520 4965 2509 4966 2520 4966 2510 4966 2511 4967 2526 4967 2527 4967 2511 4968 2527 4968 2528 4968 2511 4969 2528 4969 2512 4969 2511 4970 2513 4970 2526 4970 2512 4971 2528 4971 2514 4971 2513 4972 2529 4972 2526 4972 2513 4973 2523 4973 2530 4973 2513 4974 2530 4974 2529 4974 2514 4975 2531 4975 2515 4975 2514 4976 2528 4976 2531 4976 2515 4977 2532 4977 2533 4977 2515 4978 2533 4978 2516 4978 2515 4979 2531 4979 2532 4979 2516 4980 2533 4980 2534 4980 2516 4981 2534 4981 2535 4981 2516 4982 2535 4982 2517 4982 2517 4983 2536 4983 2518 4983 2517 4984 2535 4984 2536 4984 2518 4985 2536 4985 2519 4985 2519 4986 2536 4986 2303 4986 2519 4987 2303 4987 2302 4987 2519 4988 2302 4988 2301 4988 2520 4989 2537 4989 2538 4989 2520 4990 2538 4990 2521 4990 2520 4991 2525 4991 2537 4991 2521 4992 2538 4992 2522 4992 2522 4993 2538 4993 2524 4993 2523 4994 2524 4994 2530 4994 2524 4995 2538 4995 2539 4995 2524 4996 2539 4996 2530 4996 2328 4997 2327 4997 2525 4997 2525 4998 2327 4998 2537 4998 2526 4999 2540 4999 2317 4999 2526 5000 2317 5000 2316 5000 2526 5001 2316 5001 2527 5001 2526 5002 2529 5002 2541 5002 2526 5003 2541 5003 2540 5003 2527 5004 2316 5004 2315 5004 2527 5005 2315 5005 2542 5005 2527 5006 2542 5006 2531 5006 2527 5007 2531 5007 2528 5007 2529 5008 2530 5008 2543 5008 2529 5009 2543 5009 2541 5009 2530 5010 2539 5010 2322 5010 2530 5011 2322 5011 2543 5011 2531 5012 2542 5012 2532 5012 2532 5013 2312 5013 2311 5013 2532 5014 2311 5014 2310 5014 2532 5015 2310 5015 2544 5015 2532 5016 2544 5016 2534 5016 2532 5017 2534 5017 2533 5017 2532 5018 2542 5018 2313 5018 2532 5019 2313 5019 2312 5019 2534 5020 2544 5020 2545 5020 2534 5021 2545 5021 2546 5021 2534 5022 2546 5022 2536 5022 2534 5023 2536 5023 2535 5023 2536 5024 2546 5024 2305 5024 2536 5025 2305 5025 2304 5025 2536 5026 2304 5026 2303 5026 2537 5027 2326 5027 2325 5027 2537 5028 2325 5028 2547 5028 2537 5029 2547 5029 2538 5029 2537 5030 2327 5030 2326 5030 2538 5031 2548 5031 2539 5031 2538 5032 2547 5032 2548 5032 2539 5033 2548 5033 2323 5033 2539 5034 2323 5034 2322 5034 2540 5035 2541 5035 2319 5035 2540 5036 2319 5036 2318 5036 2540 5037 2318 5037 2317 5037 2315 5038 2314 5038 2542 5038 2542 5039 2314 5039 2313 5039 2541 5040 2320 5040 2319 5040 2541 5041 2543 5041 2321 5041 2541 5042 2321 5042 2320 5042 2543 5043 2322 5043 2321 5043 2310 5044 2309 5044 2544 5044 2544 5045 2309 5045 2308 5045 2544 5046 2308 5046 2545 5046 2545 5047 2308 5047 2307 5047 2545 5048 2307 5048 2546 5048 2546 5049 2307 5049 2306 5049 2546 5050 2306 5050 2305 5050 2325 5051 2324 5051 2547 5051 2547 5052 2324 5052 2323 5052 2547 5053 2323 5053 2548 5053 2549 5054 2550 5054 2551 5054 2549 5055 2551 5055 2552 5055 2549 5056 2552 5056 2553 5056 2549 5057 2553 5057 2554 5057 2549 5058 2554 5058 2555 5058 2549 5059 2555 5059 2556 5059 2549 5060 2556 5060 2557 5060 2549 5061 2557 5061 2558 5061 2549 5062 2558 5062 2559 5062 2549 5063 2559 5063 2560 5063 2549 5064 2560 5064 2561 5064 2549 5065 2561 5065 2562 5065 2549 5066 2562 5066 2563 5066 2549 5067 2563 5067 2564 5067 2549 5068 2564 5068 2565 5068 2549 5069 2565 5069 2566 5069 2549 5070 2566 5070 2567 5070 2549 5071 2567 5071 2568 5071 2549 5072 2568 5072 2569 5072 2549 5073 2569 5073 2570 5073 2549 5074 2570 5074 2571 5074 2549 5075 2571 5075 2572 5075 2549 5076 2572 5076 2573 5076 2549 5077 2573 5077 2574 5077 2549 5078 2574 5078 2550 5078 2550 5079 2574 5079 2551 5079 2572 5080 2571 5080 2573 5080 2573 5081 2575 5081 2576 5081 2573 5082 2576 5082 2577 5082 2573 5083 2577 5083 2574 5083 2573 5084 2571 5084 2570 5084 2573 5085 2570 5085 2569 5085 2573 5086 2569 5086 2578 5086 2573 5087 2578 5087 2575 5087 2551 5088 2574 5088 2579 5088 2551 5089 2579 5089 2552 5089 2574 5090 2577 5090 2580 5090 2574 5091 2580 5091 2581 5091 2574 5092 2581 5092 2579 5092 2575 5093 2578 5093 2582 5093 2575 5094 2582 5094 2583 5094 2575 5095 2583 5095 2576 5095 2576 5096 2583 5096 2584 5096 2576 5097 2584 5097 2577 5097 2569 5098 2585 5098 2586 5098 2569 5099 2586 5099 2587 5099 2569 5100 2587 5100 2588 5100 2569 5101 2588 5101 2589 5101 2569 5102 2589 5102 2590 5102 2569 5103 2590 5103 2578 5103 2569 5104 2568 5104 2591 5104 2569 5105 2591 5105 2592 5105 2569 5106 2592 5106 2593 5106 2569 5107 2593 5107 2594 5107 2569 5108 2594 5108 2595 5108 2569 5109 2595 5109 2596 5109 2569 5110 2596 5110 2597 5110 2569 5111 2597 5111 2598 5111 2569 5112 2598 5112 2599 5112 2569 5113 2599 5113 2600 5113 2569 5114 2600 5114 2601 5114 2569 5115 2601 5115 2602 5115 2569 5116 2602 5116 2603 5116 2569 5117 2603 5117 2604 5117 2569 5118 2604 5118 2605 5118 2569 5119 2605 5119 2606 5119 2569 5120 2606 5120 2607 5120 2569 5121 2607 5121 2608 5121 2569 5122 2608 5122 2609 5122 2569 5123 2609 5123 2610 5123 2569 5124 2610 5124 2611 5124 2569 5125 2611 5125 2612 5125 2569 5126 2612 5126 2613 5126 2569 5127 2613 5127 2614 5127 2569 5128 2614 5128 2615 5128 2569 5129 2615 5129 2585 5129 2578 5130 2590 5130 2582 5130 2552 5131 2579 5131 2616 5131 2552 5132 2616 5132 2617 5132 2552 5133 2617 5133 2553 5133 2579 5134 2581 5134 2616 5134 2577 5135 2584 5135 2580 5135 2580 5136 2584 5136 2618 5136 2580 5137 2618 5137 2581 5137 2581 5138 2619 5138 2616 5138 2581 5139 2618 5139 2620 5139 2581 5140 2620 5140 2621 5140 2581 5141 2621 5141 2619 5141 2582 5142 2590 5142 2622 5142 2582 5143 2622 5143 2623 5143 2582 5144 2623 5144 2624 5144 2582 5145 2624 5145 2625 5145 2582 5146 2625 5146 2626 5146 2582 5147 2626 5147 2583 5147 2583 5148 2626 5148 2627 5148 2583 5149 2627 5149 2584 5149 2585 5150 2615 5150 2586 5150 2586 5151 2628 5151 2629 5151 2586 5152 2629 5152 2630 5152 2586 5153 2630 5153 2588 5153 2586 5154 2588 5154 2587 5154 2586 5155 2615 5155 2628 5155 2588 5156 2630 5156 2631 5156 2588 5157 2631 5157 2623 5157 2588 5158 2623 5158 2622 5158 2588 5159 2622 5159 2589 5159 2589 5160 2622 5160 2590 5160 2568 5161 2567 5161 2632 5161 2568 5162 2632 5162 2633 5162 2568 5163 2633 5163 2634 5163 2568 5164 2634 5164 2635 5164 2568 5165 2635 5165 2636 5165 2568 5166 2636 5166 2591 5166 2616 5167 2619 5167 2617 5167 2617 5168 2554 5168 2553 5168 2617 5169 2619 5169 2555 5169 2617 5170 2555 5170 2554 5170 2584 5171 2627 5171 2618 5171 2618 5172 2627 5172 2637 5172 2618 5173 2637 5173 2638 5173 2618 5174 2638 5174 2639 5174 2618 5175 2639 5175 2640 5175 2618 5176 2640 5176 2620 5176 2619 5177 2621 5177 2641 5177 2619 5178 2641 5178 2555 5178 2620 5179 2640 5179 2642 5179 2620 5180 2642 5180 2621 5180 2621 5181 2642 5181 2643 5181 2621 5182 2643 5182 2641 5182 2623 5183 2631 5183 2644 5183 2623 5184 2644 5184 2645 5184 2623 5185 2645 5185 2624 5185 2624 5186 2638 5186 2637 5186 2624 5187 2637 5187 2625 5187 2624 5188 2645 5188 2646 5188 2624 5189 2646 5189 2638 5189 2625 5190 2637 5190 2627 5190 2625 5191 2627 5191 2626 5191 2615 5192 2614 5192 2628 5192 2628 5193 2647 5193 2648 5193 2628 5194 2648 5194 2649 5194 2628 5195 2649 5195 2629 5195 2628 5196 2614 5196 2647 5196 2629 5197 2649 5197 2650 5197 2629 5198 2650 5198 2651 5198 2629 5199 2651 5199 2630 5199 2630 5200 2651 5200 2652 5200 2630 5201 2652 5201 2631 5201 2631 5202 2652 5202 2644 5202 2591 5203 2636 5203 2592 5203 2567 5204 2566 5204 2653 5204 2567 5205 2653 5205 2654 5205 2567 5206 2654 5206 2634 5206 2567 5207 2634 5207 2632 5207 2632 5208 2634 5208 2633 5208 2634 5209 2654 5209 2655 5209 2634 5210 2655 5210 2635 5210 2635 5211 2655 5211 2656 5211 2635 5212 2656 5212 2657 5212 2635 5213 2657 5213 2658 5213 2635 5214 2658 5214 2636 5214 2555 5215 2641 5215 2643 5215 2555 5216 2643 5216 2659 5216 2555 5217 2659 5217 2660 5217 2555 5218 2660 5218 2661 5218 2555 5219 2661 5219 2662 5219 2555 5220 2662 5220 2663 5220 2555 5221 2663 5221 2664 5221 2555 5222 2664 5222 2665 5222 2555 5223 2665 5223 2666 5223 2555 5224 2666 5224 2667 5224 2555 5225 2667 5225 2668 5225 2555 5226 2668 5226 2669 5226 2555 5227 2669 5227 2670 5227 2555 5228 2670 5228 2671 5228 2555 5229 2671 5229 2672 5229 2555 5230 2672 5230 2673 5230 2555 5231 2673 5231 2674 5231 2555 5232 2674 5232 2675 5232 2555 5233 2675 5233 2676 5233 2555 5234 2676 5234 2677 5234 2555 5235 2677 5235 2678 5235 2555 5236 2678 5236 2679 5236 2555 5237 2679 5237 2556 5237 2638 5238 2646 5238 2639 5238 2639 5239 2646 5239 2680 5239 2639 5240 2680 5240 2681 5240 2639 5241 2681 5241 2682 5241 2639 5242 2682 5242 2640 5242 2640 5243 2682 5243 2642 5243 2642 5244 2682 5244 2643 5244 2643 5245 2682 5245 2660 5245 2643 5246 2660 5246 2659 5246 2644 5247 2652 5247 2683 5247 2644 5248 2683 5248 2684 5248 2644 5249 2684 5249 2685 5249 2644 5250 2685 5250 2686 5250 2644 5251 2686 5251 2645 5251 2645 5252 2686 5252 2687 5252 2645 5253 2687 5253 2646 5253 2614 5254 2613 5254 2647 5254 2647 5255 2688 5255 2689 5255 2647 5256 2689 5256 2648 5256 2647 5257 2613 5257 2612 5257 2647 5258 2612 5258 2688 5258 2648 5259 2689 5259 2690 5259 2648 5260 2690 5260 2691 5260 2648 5261 2691 5261 2649 5261 2649 5262 2691 5262 2692 5262 2649 5263 2692 5263 2650 5263 2650 5264 2683 5264 2651 5264 2650 5265 2692 5265 2683 5265 2651 5266 2683 5266 2652 5266 2592 5267 2636 5267 2593 5267 2636 5268 2688 5268 2604 5268 2636 5269 2604 5269 2603 5269 2636 5270 2603 5270 2602 5270 2636 5271 2602 5271 2601 5271 2636 5272 2601 5272 2600 5272 2636 5273 2600 5273 2599 5273 2636 5274 2599 5274 2598 5274 2636 5275 2598 5275 2597 5275 2636 5276 2597 5276 2596 5276 2636 5277 2596 5277 2595 5277 2636 5278 2595 5278 2594 5278 2636 5279 2594 5279 2593 5279 2636 5280 2658 5280 2693 5280 2636 5281 2693 5281 2694 5281 2636 5282 2694 5282 2695 5282 2636 5283 2695 5283 2696 5283 2636 5284 2696 5284 2697 5284 2636 5285 2697 5285 2698 5285 2636 5286 2698 5286 2699 5286 2636 5287 2699 5287 2700 5287 2636 5288 2700 5288 2701 5288 2636 5289 2701 5289 2702 5289 2636 5290 2702 5290 2703 5290 2636 5291 2703 5291 2704 5291 2636 5292 2704 5292 2705 5292 2636 5293 2705 5293 2706 5293 2636 5294 2706 5294 2707 5294 2636 5295 2707 5295 2708 5295 2636 5296 2708 5296 2709 5296 2636 5297 2709 5297 2710 5297 2636 5298 2710 5298 2711 5298 2636 5299 2711 5299 2712 5299 2636 5300 2712 5300 2713 5300 2636 5301 2713 5301 2714 5301 2636 5302 2714 5302 2688 5302 2566 5303 2565 5303 2715 5303 2566 5304 2715 5304 2716 5304 2566 5305 2716 5305 2653 5305 2653 5306 2716 5306 2654 5306 2654 5307 2716 5307 2715 5307 2654 5308 2715 5308 2717 5308 2654 5309 2717 5309 2718 5309 2654 5310 2718 5310 2655 5310 2655 5311 2718 5311 2656 5311 2656 5312 2718 5312 2719 5312 2656 5313 2719 5313 2720 5313 2656 5314 2720 5314 2657 5314 2657 5315 2720 5315 2693 5315 2657 5316 2693 5316 2658 5316 2660 5317 2682 5317 2661 5317 2661 5318 2682 5318 2721 5318 2661 5319 2721 5319 2662 5319 2662 5320 2706 5320 2666 5320 2662 5321 2666 5321 2665 5321 2662 5322 2665 5322 2664 5322 2662 5323 2664 5323 2663 5323 2662 5324 2721 5324 2722 5324 2662 5325 2722 5325 2723 5325 2662 5326 2723 5326 2724 5326 2662 5327 2724 5327 2706 5327 2556 5328 2679 5328 2725 5328 2556 5329 2725 5329 2726 5329 2556 5330 2726 5330 2727 5330 2556 5331 2727 5331 2728 5331 2556 5332 2728 5332 2557 5332 2646 5333 2687 5333 2680 5333 2680 5334 2687 5334 2729 5334 2680 5335 2729 5335 2730 5335 2680 5336 2730 5336 2731 5336 2680 5337 2731 5337 2732 5337 2680 5338 2732 5338 2681 5338 2681 5339 2732 5339 2733 5339 2681 5340 2733 5340 2682 5340 2682 5341 2733 5341 2721 5341 2683 5342 2692 5342 2734 5342 2683 5343 2734 5343 2735 5343 2683 5344 2735 5344 2684 5344 2684 5345 2730 5345 2729 5345 2684 5346 2729 5346 2685 5346 2684 5347 2735 5347 2736 5347 2684 5348 2736 5348 2730 5348 2685 5349 2729 5349 2687 5349 2685 5350 2687 5350 2686 5350 2688 5351 2714 5351 2689 5351 2688 5352 2612 5352 2611 5352 2688 5353 2611 5353 2610 5353 2688 5354 2610 5354 2609 5354 2688 5355 2609 5355 2608 5355 2688 5356 2608 5356 2607 5356 2688 5357 2607 5357 2606 5357 2688 5358 2606 5358 2605 5358 2688 5359 2605 5359 2604 5359 2689 5360 2714 5360 2737 5360 2689 5361 2737 5361 2713 5361 2689 5362 2713 5362 2690 5362 2690 5363 2738 5363 2739 5363 2690 5364 2739 5364 2691 5364 2690 5365 2713 5365 2738 5365 2691 5366 2739 5366 2740 5366 2691 5367 2740 5367 2741 5367 2691 5368 2741 5368 2692 5368 2692 5369 2741 5369 2734 5369 2565 5370 2564 5370 2715 5370 2715 5371 2742 5371 2743 5371 2715 5372 2743 5372 2744 5372 2715 5373 2744 5373 2745 5373 2715 5374 2745 5374 2717 5374 2715 5375 2564 5375 2742 5375 2717 5376 2745 5376 2718 5376 2718 5377 2745 5377 2719 5377 2719 5378 2746 5378 2720 5378 2719 5379 2745 5379 2746 5379 2720 5380 2746 5380 2747 5380 2720 5381 2747 5381 2695 5381 2720 5382 2695 5382 2694 5382 2720 5383 2694 5383 2693 5383 2721 5384 2733 5384 2748 5384 2721 5385 2748 5385 2722 5385 2706 5386 2724 5386 2749 5386 2706 5387 2749 5387 2707 5387 2706 5388 2705 5388 2673 5388 2706 5389 2673 5389 2672 5389 2706 5390 2672 5390 2671 5390 2706 5391 2671 5391 2670 5391 2706 5392 2670 5392 2669 5392 2706 5393 2669 5393 2668 5393 2706 5394 2668 5394 2667 5394 2706 5395 2667 5395 2666 5395 2722 5396 2748 5396 2750 5396 2722 5397 2750 5397 2723 5397 2723 5398 2751 5398 2752 5398 2723 5399 2752 5399 2724 5399 2723 5400 2750 5400 2751 5400 2724 5401 2707 5401 2749 5401 2724 5402 2752 5402 2707 5402 2679 5403 2678 5403 2725 5403 2726 5404 2753 5404 2754 5404 2726 5405 2754 5405 2727 5405 2726 5406 2725 5406 2755 5406 2726 5407 2755 5407 2756 5407 2726 5408 2756 5408 2753 5408 2727 5409 2754 5409 2728 5409 2728 5410 2754 5410 2557 5410 2557 5411 2754 5411 2558 5411 2730 5412 2736 5412 2731 5412 2731 5413 2736 5413 2757 5413 2731 5414 2757 5414 2758 5414 2731 5415 2758 5415 2759 5415 2731 5416 2759 5416 2760 5416 2731 5417 2760 5417 2732 5417 2732 5418 2760 5418 2733 5418 2733 5419 2760 5419 2748 5419 2734 5420 2741 5420 2761 5420 2734 5421 2761 5421 2757 5421 2734 5422 2757 5422 2736 5422 2734 5423 2736 5423 2735 5423 2714 5424 2713 5424 2737 5424 2713 5425 2712 5425 2738 5425 2738 5426 2712 5426 2739 5426 2739 5427 2762 5427 2763 5427 2739 5428 2763 5428 2740 5428 2739 5429 2712 5429 2711 5429 2739 5430 2711 5430 2710 5430 2739 5431 2710 5431 2762 5431 2740 5432 2763 5432 2761 5432 2740 5433 2761 5433 2741 5433 2564 5434 2563 5434 2742 5434 2742 5435 2764 5435 2765 5435 2742 5436 2765 5436 2743 5436 2742 5437 2563 5437 2562 5437 2742 5438 2562 5438 2764 5438 2743 5439 2765 5439 2766 5439 2743 5440 2766 5440 2744 5440 2744 5441 2766 5441 2767 5441 2744 5442 2767 5442 2745 5442 2745 5443 2767 5443 2768 5443 2745 5444 2768 5444 2746 5444 2746 5445 2768 5445 2769 5445 2746 5446 2769 5446 2747 5446 2747 5447 2769 5447 2697 5447 2747 5448 2697 5448 2696 5448 2747 5449 2696 5449 2695 5449 2748 5450 2760 5450 2759 5450 2748 5451 2759 5451 2750 5451 2707 5452 2752 5452 2770 5452 2707 5453 2770 5453 2708 5453 2705 5454 2674 5454 2673 5454 2705 5455 2704 5455 2771 5455 2705 5456 2771 5456 2725 5456 2705 5457 2725 5457 2674 5457 2750 5458 2759 5458 2758 5458 2750 5459 2758 5459 2751 5459 2751 5460 2763 5460 2762 5460 2751 5461 2762 5461 2752 5461 2751 5462 2758 5462 2761 5462 2751 5463 2761 5463 2763 5463 2752 5464 2762 5464 2770 5464 2678 5465 2677 5465 2725 5465 2725 5466 2771 5466 2772 5466 2725 5467 2772 5467 2755 5467 2725 5468 2677 5468 2676 5468 2725 5469 2676 5469 2675 5469 2725 5470 2675 5470 2674 5470 2753 5471 2773 5471 2754 5471 2753 5472 2756 5472 2774 5472 2753 5473 2774 5473 2773 5473 2754 5474 2773 5474 2558 5474 2755 5475 2772 5475 2775 5475 2755 5476 2775 5476 2776 5476 2755 5477 2776 5477 2756 5477 2756 5478 2776 5478 2777 5478 2756 5479 2777 5479 2774 5479 2558 5480 2773 5480 2559 5480 2757 5481 2761 5481 2758 5481 2762 5482 2710 5482 2709 5482 2762 5483 2709 5483 2770 5483 2764 5484 2778 5484 2765 5484 2764 5485 2562 5485 2561 5485 2764 5486 2561 5486 2778 5486 2765 5487 2778 5487 2766 5487 2766 5488 2778 5488 2767 5488 2767 5489 2777 5489 2768 5489 2767 5490 2778 5490 2779 5490 2767 5491 2779 5491 2774 5491 2767 5492 2774 5492 2777 5492 2768 5493 2776 5493 2769 5493 2768 5494 2777 5494 2776 5494 2769 5495 2776 5495 2697 5495 2770 5496 2709 5496 2708 5496 2704 5497 2703 5497 2771 5497 2771 5498 2703 5498 2702 5498 2771 5499 2702 5499 2772 5499 2772 5500 2701 5500 2700 5500 2772 5501 2700 5501 2775 5501 2772 5502 2702 5502 2701 5502 2773 5503 2774 5503 2779 5503 2773 5504 2779 5504 2778 5504 2773 5505 2778 5505 2780 5505 2773 5506 2780 5506 2781 5506 2773 5507 2781 5507 2559 5507 2776 5508 2775 5508 2698 5508 2776 5509 2698 5509 2697 5509 2559 5510 2781 5510 2780 5510 2559 5511 2780 5511 2560 5511 2778 5512 2561 5512 2560 5512 2778 5513 2560 5513 2780 5513 2700 5514 2699 5514 2775 5514 2775 5515 2699 5515 2698 5515 2782 5516 2783 5516 2784 5516 2782 5517 2784 5517 2785 5517 2782 5518 2785 5518 2786 5518 2782 5519 2786 5519 2787 5519 2782 5520 2787 5520 2788 5520 2782 5521 2788 5521 2789 5521 2782 5522 2789 5522 2790 5522 2782 5523 2790 5523 2791 5523 2782 5524 2791 5524 2792 5524 2782 5525 2792 5525 2783 5525 2783 5526 2792 5526 2793 5526 2783 5527 2793 5527 2794 5527 2783 5528 2794 5528 2795 5528 2783 5529 2795 5529 2796 5529 2783 5530 2796 5530 2797 5530 2783 5531 2797 5531 2798 5531 2783 5532 2798 5532 2799 5532 2783 5533 2799 5533 2800 5533 2783 5534 2800 5534 2801 5534 2783 5535 2801 5535 2802 5535 2783 5536 2802 5536 2803 5536 2783 5537 2803 5537 2804 5537 2783 5538 2804 5538 2805 5538 2783 5539 2805 5539 2806 5539 2783 5540 2806 5540 2807 5540 2783 5541 2807 5541 2808 5541 2783 5542 2808 5542 2809 5542 2783 5543 2809 5543 2810 5543 2783 5544 2810 5544 2811 5544 2783 5545 2811 5545 2812 5545 2783 5546 2812 5546 2813 5546 2783 5547 2813 5547 2814 5547 2783 5548 2814 5548 2815 5548 2783 5549 2815 5549 2816 5549 2783 5550 2816 5550 2817 5550 2783 5551 2817 5551 2818 5551 2783 5552 2818 5552 2819 5552 2783 5553 2819 5553 2820 5553 2783 5554 2820 5554 2785 5554 2783 5555 2785 5555 2784 5555 2792 5556 2791 5556 2793 5556 2793 5557 2821 5557 2822 5557 2793 5558 2822 5558 2794 5558 2793 5559 2791 5559 2823 5559 2793 5560 2823 5560 2821 5560 2794 5561 2822 5561 2795 5561 2795 5562 2822 5562 2796 5562 2785 5563 2820 5563 2824 5563 2785 5564 2824 5564 2786 5564 2791 5565 2825 5565 2823 5565 2791 5566 2790 5566 2825 5566 2821 5567 2823 5567 2826 5567 2821 5568 2826 5568 2827 5568 2821 5569 2827 5569 2828 5569 2821 5570 2828 5570 2829 5570 2821 5571 2829 5571 2822 5571 2822 5572 2829 5572 2830 5572 2822 5573 2830 5573 2798 5573 2822 5574 2798 5574 2797 5574 2822 5575 2797 5575 2796 5575 2823 5576 2825 5576 2831 5576 2823 5577 2831 5577 2826 5577 2820 5578 2819 5578 2824 5578 2824 5579 2819 5579 2832 5579 2824 5580 2832 5580 2833 5580 2824 5581 2833 5581 2786 5581 2786 5582 2833 5582 2787 5582 2825 5583 2834 5583 2831 5583 2825 5584 2790 5584 2835 5584 2825 5585 2835 5585 2836 5585 2825 5586 2836 5586 2834 5586 2790 5587 2789 5587 2837 5587 2790 5588 2837 5588 2835 5588 2826 5589 2831 5589 2838 5589 2826 5590 2838 5590 2839 5590 2826 5591 2839 5591 2827 5591 2827 5592 2840 5592 2841 5592 2827 5593 2841 5593 2828 5593 2827 5594 2839 5594 2840 5594 2828 5595 2841 5595 2842 5595 2828 5596 2842 5596 2843 5596 2828 5597 2843 5597 2844 5597 2828 5598 2844 5598 2829 5598 2829 5599 2844 5599 2830 5599 2830 5600 2844 5600 2799 5600 2830 5601 2799 5601 2798 5601 2831 5602 2834 5602 2838 5602 2819 5603 2818 5603 2832 5603 2832 5604 2817 5604 2845 5604 2832 5605 2845 5605 2846 5605 2832 5606 2846 5606 2847 5606 2832 5607 2847 5607 2848 5607 2832 5608 2848 5608 2833 5608 2832 5609 2818 5609 2817 5609 2833 5610 2848 5610 2788 5610 2833 5611 2788 5611 2787 5611 2834 5612 2836 5612 2849 5612 2834 5613 2849 5613 2850 5613 2834 5614 2850 5614 2838 5614 2835 5615 2837 5615 2851 5615 2835 5616 2851 5616 2836 5616 2836 5617 2851 5617 2852 5617 2836 5618 2852 5618 2849 5618 2789 5619 2788 5619 2853 5619 2789 5620 2853 5620 2837 5620 2837 5621 2853 5621 2854 5621 2837 5622 2854 5622 2851 5622 2838 5623 2850 5623 2855 5623 2838 5624 2855 5624 2839 5624 2839 5625 2856 5625 2857 5625 2839 5626 2857 5626 2840 5626 2839 5627 2855 5627 2856 5627 2840 5628 2857 5628 2858 5628 2840 5629 2858 5629 2859 5629 2840 5630 2859 5630 2860 5630 2840 5631 2860 5631 2841 5631 2841 5632 2860 5632 2861 5632 2841 5633 2861 5633 2842 5633 2842 5634 2861 5634 2862 5634 2842 5635 2862 5635 2843 5635 2843 5636 2862 5636 2863 5636 2843 5637 2863 5637 2864 5637 2843 5638 2864 5638 2865 5638 2843 5639 2865 5639 2844 5639 2844 5640 2865 5640 2802 5640 2844 5641 2802 5641 2801 5641 2844 5642 2801 5642 2800 5642 2844 5643 2800 5643 2799 5643 2817 5644 2816 5644 2845 5644 2845 5645 2866 5645 2867 5645 2845 5646 2867 5646 2868 5646 2845 5647 2868 5647 2846 5647 2845 5648 2816 5648 2815 5648 2845 5649 2815 5649 2814 5649 2845 5650 2814 5650 2866 5650 2846 5651 2868 5651 2869 5651 2846 5652 2869 5652 2847 5652 2847 5653 2869 5653 2870 5653 2847 5654 2870 5654 2848 5654 2848 5655 2870 5655 2871 5655 2848 5656 2871 5656 2788 5656 2788 5657 2871 5657 2853 5657 2849 5658 2872 5658 2873 5658 2849 5659 2873 5659 2850 5659 2849 5660 2852 5660 2872 5660 2850 5661 2873 5661 2874 5661 2850 5662 2874 5662 2875 5662 2850 5663 2875 5663 2876 5663 2850 5664 2876 5664 2855 5664 2851 5665 2877 5665 2878 5665 2851 5666 2878 5666 2879 5666 2851 5667 2879 5667 2852 5667 2851 5668 2854 5668 2880 5668 2851 5669 2880 5669 2877 5669 2852 5670 2879 5670 2872 5670 2853 5671 2871 5671 2881 5671 2853 5672 2881 5672 2882 5672 2853 5673 2882 5673 2854 5673 2854 5674 2882 5674 2883 5674 2854 5675 2883 5675 2880 5675 2855 5676 2876 5676 2884 5676 2855 5677 2884 5677 2856 5677 2856 5678 2884 5678 2858 5678 2856 5679 2858 5679 2857 5679 2859 5680 2858 5680 2885 5680 2859 5681 2885 5681 2886 5681 2859 5682 2886 5682 2887 5682 2859 5683 2887 5683 2860 5683 2860 5684 2887 5684 2861 5684 2861 5685 2887 5685 2888 5685 2861 5686 2888 5686 2889 5686 2861 5687 2889 5687 2862 5687 2862 5688 2889 5688 2890 5688 2862 5689 2890 5689 2863 5689 2863 5690 2890 5690 2891 5690 2863 5691 2891 5691 2864 5691 2864 5692 2891 5692 2892 5692 2864 5693 2892 5693 2893 5693 2864 5694 2893 5694 2894 5694 2864 5695 2894 5695 2865 5695 2865 5696 2894 5696 2803 5696 2865 5697 2803 5697 2802 5697 2866 5698 2814 5698 2813 5698 2866 5699 2813 5699 2895 5699 2866 5700 2895 5700 2896 5700 2866 5701 2896 5701 2867 5701 2867 5702 2896 5702 2897 5702 2867 5703 2897 5703 2898 5703 2867 5704 2898 5704 2868 5704 2868 5705 2898 5705 2899 5705 2868 5706 2899 5706 2900 5706 2868 5707 2900 5707 2869 5707 2869 5708 2900 5708 2901 5708 2869 5709 2901 5709 2870 5709 2870 5710 2901 5710 2871 5710 2871 5711 2901 5711 2902 5711 2871 5712 2902 5712 2881 5712 2872 5713 2903 5713 2873 5713 2872 5714 2879 5714 2878 5714 2872 5715 2878 5715 2904 5715 2872 5716 2904 5716 2903 5716 2873 5717 2903 5717 2905 5717 2873 5718 2905 5718 2874 5718 2875 5719 2906 5719 2907 5719 2875 5720 2907 5720 2876 5720 2875 5721 2874 5721 2908 5721 2875 5722 2908 5722 2906 5722 2877 5723 2880 5723 2909 5723 2877 5724 2909 5724 2910 5724 2877 5725 2910 5725 2878 5725 2878 5726 2910 5726 2911 5726 2878 5727 2911 5727 2912 5727 2878 5728 2912 5728 2913 5728 2878 5729 2913 5729 2904 5729 2880 5730 2883 5730 2909 5730 2881 5731 2902 5731 2882 5731 2882 5732 2902 5732 2883 5732 2883 5733 2902 5733 2909 5733 2876 5734 2907 5734 2885 5734 2876 5735 2885 5735 2884 5735 2884 5736 2885 5736 2858 5736 2885 5737 2914 5737 2915 5737 2885 5738 2915 5738 2886 5738 2885 5739 2907 5739 2916 5739 2885 5740 2916 5740 2914 5740 2886 5741 2915 5741 2917 5741 2886 5742 2917 5742 2918 5742 2886 5743 2918 5743 2919 5743 2886 5744 2919 5744 2920 5744 2886 5745 2920 5745 2887 5745 2887 5746 2920 5746 2888 5746 2888 5747 2920 5747 2889 5747 2889 5748 2920 5748 2921 5748 2889 5749 2921 5749 2922 5749 2889 5750 2922 5750 2923 5750 2889 5751 2923 5751 2893 5751 2889 5752 2893 5752 2892 5752 2889 5753 2892 5753 2891 5753 2889 5754 2891 5754 2890 5754 2893 5755 2923 5755 2805 5755 2893 5756 2805 5756 2804 5756 2893 5757 2804 5757 2894 5757 2894 5758 2804 5758 2803 5758 2895 5759 2813 5759 2812 5759 2895 5760 2812 5760 2924 5760 2895 5761 2924 5761 2896 5761 2896 5762 2925 5762 2897 5762 2896 5763 2924 5763 2925 5763 2898 5764 2897 5764 2926 5764 2898 5765 2926 5765 2899 5765 2899 5766 2926 5766 2927 5766 2899 5767 2927 5767 2900 5767 2900 5768 2927 5768 2928 5768 2900 5769 2928 5769 2929 5769 2900 5770 2929 5770 2901 5770 2901 5771 2930 5771 2931 5771 2901 5772 2931 5772 2902 5772 2901 5773 2929 5773 2930 5773 2902 5774 2931 5774 2932 5774 2902 5775 2932 5775 2933 5775 2902 5776 2933 5776 2934 5776 2902 5777 2934 5777 2909 5777 2903 5778 2904 5778 2935 5778 2903 5779 2935 5779 2905 5779 2904 5780 2913 5780 2936 5780 2904 5781 2936 5781 2935 5781 2874 5782 2937 5782 2908 5782 2874 5783 2905 5783 2937 5783 2906 5784 2938 5784 2939 5784 2906 5785 2939 5785 2907 5785 2906 5786 2908 5786 2940 5786 2906 5787 2940 5787 2938 5787 2907 5788 2939 5788 2916 5788 2908 5789 2937 5789 2940 5789 2909 5790 2934 5790 2910 5790 2910 5791 2934 5791 2941 5791 2910 5792 2941 5792 2942 5792 2910 5793 2942 5793 2911 5793 2911 5794 2942 5794 2943 5794 2911 5795 2943 5795 2944 5795 2911 5796 2944 5796 2945 5796 2911 5797 2945 5797 2912 5797 2912 5798 2945 5798 2936 5798 2912 5799 2936 5799 2913 5799 2914 5800 2916 5800 2939 5800 2914 5801 2939 5801 2938 5801 2914 5802 2938 5802 2940 5802 2914 5803 2940 5803 2946 5803 2914 5804 2946 5804 2947 5804 2914 5805 2947 5805 2948 5805 2914 5806 2948 5806 2949 5806 2914 5807 2949 5807 2950 5807 2914 5808 2950 5808 2951 5808 2914 5809 2951 5809 2952 5809 2914 5810 2952 5810 2953 5810 2914 5811 2953 5811 2954 5811 2914 5812 2954 5812 2955 5812 2914 5813 2955 5813 2956 5813 2914 5814 2956 5814 2957 5814 2914 5815 2957 5815 2958 5815 2914 5816 2958 5816 2959 5816 2914 5817 2959 5817 2960 5817 2914 5818 2960 5818 2809 5818 2914 5819 2809 5819 2808 5819 2914 5820 2808 5820 2961 5820 2914 5821 2961 5821 2962 5821 2914 5822 2962 5822 2963 5822 2914 5823 2963 5823 2964 5823 2914 5824 2964 5824 2965 5824 2914 5825 2965 5825 2966 5825 2914 5826 2966 5826 2967 5826 2914 5827 2967 5827 2968 5827 2914 5828 2968 5828 2969 5828 2914 5829 2969 5829 2970 5829 2914 5830 2970 5830 2971 5830 2914 5831 2971 5831 2972 5831 2914 5832 2972 5832 2973 5832 2914 5833 2973 5833 2919 5833 2914 5834 2919 5834 2918 5834 2914 5835 2918 5835 2917 5835 2914 5836 2917 5836 2915 5836 2919 5837 2973 5837 2920 5837 2920 5838 2973 5838 2972 5838 2920 5839 2972 5839 2921 5839 2921 5840 2972 5840 2971 5840 2921 5841 2971 5841 2922 5841 2922 5842 2807 5842 2806 5842 2922 5843 2806 5843 2923 5843 2922 5844 2971 5844 2970 5844 2922 5845 2970 5845 2969 5845 2922 5846 2969 5846 2807 5846 2923 5847 2806 5847 2805 5847 2812 5848 2811 5848 2924 5848 2924 5849 2811 5849 2810 5849 2924 5850 2810 5850 2809 5850 2924 5851 2809 5851 2960 5851 2924 5852 2960 5852 2959 5852 2924 5853 2959 5853 2958 5853 2924 5854 2958 5854 2957 5854 2924 5855 2957 5855 2925 5855 2925 5856 2957 5856 2956 5856 2925 5857 2956 5857 2955 5857 2925 5858 2955 5858 2974 5858 2925 5859 2974 5859 2975 5859 2925 5860 2975 5860 2976 5860 2925 5861 2976 5861 2897 5861 2897 5862 2976 5862 2926 5862 2926 5863 2976 5863 2975 5863 2926 5864 2975 5864 2927 5864 2927 5865 2975 5865 2928 5865 2929 5866 2928 5866 2977 5866 2929 5867 2977 5867 2930 5867 2930 5868 2977 5868 2978 5868 2930 5869 2978 5869 2931 5869 2931 5870 2978 5870 2979 5870 2931 5871 2979 5871 2932 5871 2932 5872 2979 5872 2980 5872 2932 5873 2980 5873 2933 5873 2933 5874 2980 5874 2981 5874 2933 5875 2981 5875 2934 5875 2934 5876 2981 5876 2982 5876 2934 5877 2982 5877 2941 5877 2905 5878 2935 5878 2983 5878 2905 5879 2983 5879 2937 5879 2935 5880 2936 5880 2983 5880 2937 5881 2983 5881 2984 5881 2937 5882 2984 5882 2946 5882 2937 5883 2946 5883 2940 5883 2941 5884 2982 5884 2943 5884 2941 5885 2943 5885 2942 5885 2944 5886 2943 5886 2985 5886 2944 5887 2985 5887 2984 5887 2944 5888 2984 5888 2945 5888 2945 5889 2984 5889 2986 5889 2945 5890 2986 5890 2936 5890 2936 5891 2986 5891 2983 5891 2807 5892 2969 5892 2968 5892 2807 5893 2968 5893 2967 5893 2807 5894 2967 5894 2966 5894 2807 5895 2966 5895 2965 5895 2807 5896 2965 5896 2964 5896 2807 5897 2964 5897 2963 5897 2807 5898 2963 5898 2962 5898 2807 5899 2962 5899 2961 5899 2807 5900 2961 5900 2808 5900 2955 5901 2954 5901 2974 5901 2974 5902 2954 5902 2987 5902 2974 5903 2987 5903 2975 5903 2975 5904 2987 5904 2928 5904 2928 5905 2987 5905 2977 5905 2977 5906 2987 5906 2988 5906 2977 5907 2988 5907 2978 5907 2978 5908 2988 5908 2979 5908 2979 5909 2988 5909 2989 5909 2979 5910 2989 5910 2980 5910 2980 5911 2989 5911 2981 5911 2981 5912 2989 5912 2990 5912 2981 5913 2990 5913 2991 5913 2981 5914 2991 5914 2982 5914 2983 5915 2986 5915 2984 5915 2984 5916 2985 5916 2948 5916 2984 5917 2948 5917 2947 5917 2984 5918 2947 5918 2946 5918 2982 5919 2991 5919 2943 5919 2943 5920 2991 5920 2985 5920 2985 5921 2949 5921 2948 5921 2985 5922 2991 5922 2990 5922 2985 5923 2990 5923 2992 5923 2985 5924 2992 5924 2950 5924 2985 5925 2950 5925 2949 5925 2954 5926 2953 5926 2987 5926 2987 5927 2953 5927 2988 5927 2988 5928 2990 5928 2989 5928 2988 5929 2953 5929 2952 5929 2988 5930 2952 5930 2951 5930 2988 5931 2951 5931 2950 5931 2988 5932 2950 5932 2992 5932 2988 5933 2992 5933 2990 5933 2993 5934 2994 5934 2995 5934 2993 5935 2995 5935 2996 5935 2993 5936 2996 5936 2997 5936 2993 5937 2997 5937 2998 5937 2993 5938 2998 5938 2999 5938 2993 5939 2999 5939 3000 5939 2993 5940 3000 5940 3001 5940 2993 5941 3001 5941 3002 5941 2993 5942 3002 5942 3003 5942 2993 5943 3003 5943 3004 5943 2993 5944 3004 5944 3005 5944 2993 5945 3005 5945 3006 5945 2993 5946 3006 5946 3007 5946 2993 5947 3007 5947 3008 5947 2993 5948 3008 5948 3009 5948 2993 5949 3009 5949 3010 5949 2993 5950 3010 5950 3011 5950 2993 5951 3011 5951 3012 5951 2993 5952 3012 5952 3013 5952 2993 5953 3013 5953 3014 5953 2993 5954 3014 5954 3015 5954 2993 5955 3015 5955 3016 5955 2993 5956 3016 5956 3017 5956 2993 5957 3017 5957 3018 5957 2993 5958 3018 5958 3019 5958 2993 5959 3019 5959 3020 5959 2993 5960 3020 5960 3021 5960 2993 5961 3021 5961 3022 5961 2993 5962 3022 5962 3023 5962 2993 5963 3023 5963 3024 5963 2993 5964 3024 5964 3025 5964 2993 5965 3025 5965 3026 5965 2993 5966 3026 5966 3027 5966 2993 5967 3027 5967 3028 5967 2993 5968 3028 5968 3029 5968 2993 5969 3029 5969 3030 5969 2993 5970 3030 5970 3031 5970 2993 5971 3031 5971 3032 5971 2993 5972 3032 5972 3033 5972 2993 5973 3033 5973 3034 5973 2993 5974 3034 5974 3035 5974 2993 5975 3035 5975 3036 5975 2993 5976 3036 5976 2994 5976 2994 5977 3036 5977 3037 5977 2994 5978 3037 5978 2995 5978 2995 5979 3038 5979 3039 5979 2995 5980 3039 5980 3040 5980 2995 5981 3040 5981 2996 5981 2995 5982 3037 5982 3041 5982 2995 5983 3041 5983 3038 5983 2996 5984 3040 5984 2997 5984 3036 5985 3035 5985 3037 5985 3037 5986 3035 5986 3042 5986 3037 5987 3042 5987 3043 5987 3037 5988 3043 5988 3041 5988 3038 5989 3041 5989 3044 5989 3038 5990 3044 5990 3045 5990 3038 5991 3045 5991 3046 5991 3038 5992 3046 5992 3039 5992 3039 5993 3046 5993 3047 5993 3039 5994 3047 5994 3048 5994 3039 5995 3048 5995 3040 5995 3040 5996 3048 5996 3049 5996 3040 5997 3049 5997 3050 5997 3040 5998 3050 5998 2997 5998 3041 5999 3043 5999 3051 5999 3041 6000 3051 6000 3044 6000 2997 6001 3049 6001 2998 6001 2997 6002 3050 6002 3049 6002 3035 6003 3034 6003 3042 6003 3042 6004 3034 6004 3033 6004 3042 6005 3033 6005 3052 6005 3042 6006 3052 6006 3053 6006 3042 6007 3053 6007 3043 6007 3043 6008 3053 6008 3054 6008 3043 6009 3054 6009 3051 6009 3044 6010 3051 6010 3055 6010 3044 6011 3055 6011 3056 6011 3044 6012 3056 6012 3045 6012 3045 6013 3057 6013 3046 6013 3045 6014 3056 6014 3058 6014 3045 6015 3058 6015 3059 6015 3045 6016 3059 6016 3060 6016 3045 6017 3060 6017 3061 6017 3045 6018 3061 6018 3062 6018 3045 6019 3062 6019 3063 6019 3045 6020 3063 6020 3057 6020 3046 6021 3057 6021 3047 6021 3047 6022 3057 6022 3064 6022 3047 6023 3064 6023 3065 6023 3047 6024 3065 6024 3066 6024 3047 6025 3066 6025 3048 6025 3048 6026 3066 6026 3049 6026 3049 6027 3066 6027 3067 6027 3049 6028 3067 6028 3068 6028 3049 6029 3068 6029 2999 6029 3049 6030 2999 6030 2998 6030 3051 6031 3054 6031 3055 6031 3033 6032 3032 6032 3052 6032 3052 6033 3032 6033 3069 6033 3052 6034 3069 6034 3053 6034 3053 6035 3069 6035 3070 6035 3053 6036 3070 6036 3054 6036 3054 6037 3070 6037 3055 6037 3055 6038 3058 6038 3056 6038 3055 6039 3070 6039 3071 6039 3055 6040 3071 6040 3072 6040 3055 6041 3072 6041 3073 6041 3055 6042 3073 6042 3058 6042 3057 6043 3063 6043 3064 6043 3064 6044 3063 6044 3074 6044 3064 6045 3074 6045 3075 6045 3064 6046 3075 6046 3065 6046 3065 6047 3075 6047 3067 6047 3065 6048 3067 6048 3066 6048 3067 6049 3075 6049 3076 6049 3067 6050 3076 6050 3077 6050 3067 6051 3077 6051 3068 6051 3068 6052 3077 6052 3001 6052 3068 6053 3001 6053 3000 6053 3068 6054 3000 6054 2999 6054 3032 6055 3031 6055 3069 6055 3069 6056 3031 6056 3030 6056 3069 6057 3030 6057 3029 6057 3069 6058 3029 6058 3078 6058 3069 6059 3078 6059 3070 6059 3070 6060 3078 6060 3079 6060 3070 6061 3079 6061 3080 6061 3070 6062 3080 6062 3081 6062 3070 6063 3081 6063 3071 6063 3058 6064 3073 6064 3059 6064 3071 6065 3081 6065 3072 6065 3072 6066 3081 6066 3073 6066 3073 6067 3081 6067 3082 6067 3073 6068 3082 6068 3083 6068 3073 6069 3083 6069 3084 6069 3073 6070 3084 6070 3059 6070 3063 6071 3085 6071 3074 6071 3063 6072 3062 6072 3085 6072 3074 6073 3085 6073 3086 6073 3074 6074 3086 6074 3087 6074 3074 6075 3087 6075 3075 6075 3075 6076 3087 6076 3076 6076 3076 6077 3087 6077 3002 6077 3076 6078 3002 6078 3001 6078 3076 6079 3001 6079 3077 6079 3029 6080 3028 6080 3078 6080 3078 6081 3028 6081 3079 6081 3079 6082 3028 6082 3080 6082 3080 6083 3027 6083 3026 6083 3080 6084 3026 6084 3088 6084 3080 6085 3088 6085 3081 6085 3080 6086 3028 6086 3027 6086 3081 6087 3088 6087 3089 6087 3081 6088 3089 6088 3082 6088 3059 6089 3084 6089 3060 6089 3082 6090 3089 6090 3090 6090 3082 6091 3090 6091 3083 6091 3083 6092 3091 6092 3084 6092 3083 6093 3090 6093 3091 6093 3084 6094 3091 6094 3092 6094 3084 6095 3092 6095 3093 6095 3084 6096 3093 6096 3060 6096 3085 6097 3094 6097 3086 6097 3085 6098 3062 6098 3095 6098 3085 6099 3095 6099 3094 6099 3062 6100 3061 6100 3095 6100 3086 6101 3096 6101 3097 6101 3086 6102 3097 6102 3087 6102 3086 6103 3094 6103 3096 6103 3087 6104 3004 6104 3003 6104 3087 6105 3003 6105 3002 6105 3087 6106 3097 6106 3004 6106 3026 6107 3025 6107 3088 6107 3088 6108 3025 6108 3089 6108 3089 6109 3025 6109 3024 6109 3089 6110 3024 6110 3098 6110 3089 6111 3098 6111 3090 6111 3060 6112 3093 6112 3099 6112 3060 6113 3099 6113 3061 6113 3090 6114 3100 6114 3091 6114 3090 6115 3098 6115 3100 6115 3091 6116 3101 6116 3092 6116 3091 6117 3100 6117 3101 6117 3092 6118 3101 6118 3102 6118 3092 6119 3102 6119 3093 6119 3093 6120 3102 6120 3103 6120 3093 6121 3103 6121 3104 6121 3093 6122 3104 6122 3099 6122 3094 6123 3105 6123 3096 6123 3094 6124 3095 6124 3105 6124 3095 6125 3106 6125 3107 6125 3095 6126 3107 6126 3105 6126 3095 6127 3061 6127 3099 6127 3095 6128 3099 6128 3108 6128 3095 6129 3108 6129 3106 6129 3096 6130 3109 6130 3110 6130 3096 6131 3110 6131 3097 6131 3096 6132 3105 6132 3109 6132 3097 6133 3006 6133 3005 6133 3097 6134 3005 6134 3004 6134 3097 6135 3110 6135 3006 6135 3024 6136 3023 6136 3111 6136 3024 6137 3111 6137 3100 6137 3024 6138 3100 6138 3098 6138 3099 6139 3112 6139 3113 6139 3099 6140 3113 6140 3108 6140 3099 6141 3104 6141 3112 6141 3100 6142 3111 6142 3114 6142 3100 6143 3114 6143 3115 6143 3100 6144 3115 6144 3101 6144 3101 6145 3115 6145 3116 6145 3101 6146 3116 6146 3102 6146 3102 6147 3117 6147 3118 6147 3102 6148 3118 6148 3103 6148 3102 6149 3116 6149 3117 6149 3103 6150 3118 6150 3119 6150 3103 6151 3119 6151 3104 6151 3104 6152 3119 6152 3112 6152 3105 6153 3107 6153 3109 6153 3106 6154 3108 6154 3113 6154 3106 6155 3113 6155 3107 6155 3107 6156 3120 6156 3121 6156 3107 6157 3121 6157 3109 6157 3107 6158 3113 6158 3122 6158 3107 6159 3122 6159 3123 6159 3107 6160 3123 6160 3120 6160 3109 6161 3124 6161 3110 6161 3109 6162 3121 6162 3124 6162 3110 6163 3124 6163 3009 6163 3110 6164 3009 6164 3008 6164 3110 6165 3008 6165 3007 6165 3110 6166 3007 6166 3006 6166 3023 6167 3022 6167 3111 6167 3111 6168 3022 6168 3114 6168 3112 6169 3119 6169 3125 6169 3112 6170 3125 6170 3113 6170 3113 6171 3125 6171 3126 6171 3113 6172 3126 6172 3122 6172 3114 6173 3022 6173 3021 6173 3114 6174 3021 6174 3115 6174 3115 6175 3021 6175 3116 6175 3116 6176 3021 6176 3020 6176 3116 6177 3020 6177 3117 6177 3117 6178 3127 6178 3118 6178 3117 6179 3020 6179 3127 6179 3118 6180 3127 6180 3128 6180 3118 6181 3128 6181 3019 6181 3118 6182 3019 6182 3018 6182 3118 6183 3018 6183 3017 6183 3118 6184 3017 6184 3129 6184 3118 6185 3129 6185 3119 6185 3119 6186 3129 6186 3125 6186 3120 6187 3013 6187 3012 6187 3120 6188 3012 6188 3121 6188 3120 6189 3123 6189 3013 6189 3121 6190 3012 6190 3011 6190 3121 6191 3011 6191 3010 6191 3121 6192 3010 6192 3009 6192 3121 6193 3009 6193 3124 6193 3122 6194 3014 6194 3013 6194 3122 6195 3013 6195 3123 6195 3122 6196 3126 6196 3015 6196 3122 6197 3015 6197 3014 6197 3125 6198 3129 6198 3016 6198 3125 6199 3016 6199 3126 6199 3126 6200 3016 6200 3015 6200 3020 6201 3019 6201 3127 6201 3127 6202 3019 6202 3128 6202 3017 6203 3016 6203 3129 6203 3130 6204 3131 6204 3132 6204 3130 6205 3132 6205 3133 6205 3130 6206 3133 6206 3134 6206 3130 6207 3134 6207 3135 6207 3130 6208 3135 6208 3136 6208 3130 6209 3136 6209 3137 6209 3130 6210 3137 6210 3138 6210 3130 6211 3138 6211 3139 6211 3130 6212 3139 6212 3140 6212 3130 6213 3140 6213 3141 6213 3130 6214 3141 6214 3142 6214 3130 6215 3142 6215 3143 6215 3130 6216 3143 6216 3144 6216 3130 6217 3144 6217 3145 6217 3130 6218 3145 6218 3146 6218 3130 6219 3146 6219 3147 6219 3130 6220 3147 6220 3148 6220 3130 6221 3148 6221 3149 6221 3130 6222 3149 6222 3150 6222 3130 6223 3150 6223 3151 6223 3130 6224 3151 6224 3152 6224 3130 6225 3152 6225 3153 6225 3130 6226 3153 6226 3154 6226 3130 6227 3154 6227 3155 6227 3130 6228 3155 6228 3156 6228 3130 6229 3156 6229 3157 6229 3130 6230 3157 6230 3158 6230 3130 6231 3158 6231 3159 6231 3130 6232 3159 6232 3160 6232 3130 6233 3160 6233 3161 6233 3130 6234 3161 6234 3162 6234 3130 6235 3162 6235 3163 6235 3130 6236 3163 6236 3164 6236 3130 6237 3164 6237 3165 6237 3130 6238 3165 6238 3166 6238 3130 6239 3166 6239 3167 6239 3130 6240 3167 6240 3168 6240 3130 6241 3168 6241 3169 6241 3130 6242 3169 6242 3170 6242 3130 6243 3170 6243 3171 6243 3130 6244 3171 6244 3172 6244 3130 6245 3172 6245 3173 6245 3130 6246 3173 6246 3174 6246 3130 6247 3174 6247 3175 6247 3130 6248 3175 6248 3176 6248 3130 6249 3176 6249 3177 6249 3130 6250 3177 6250 3178 6250 3130 6251 3178 6251 3179 6251 3130 6252 3179 6252 3180 6252 3130 6253 3180 6253 3181 6253 3130 6254 3181 6254 3182 6254 3130 6255 3182 6255 3183 6255 3130 6256 3183 6256 3184 6256 3130 6257 3184 6257 3185 6257 3130 6258 3185 6258 3186 6258 3130 6259 3186 6259 3187 6259 3130 6260 3187 6260 3188 6260 3130 6261 3188 6261 3189 6261 3130 6262 3189 6262 3190 6262 3130 6263 3190 6263 3191 6263 3130 6264 3191 6264 3192 6264 3130 6265 3192 6265 3193 6265 3130 6266 3193 6266 3194 6266 3130 6267 3194 6267 3195 6267 3130 6268 3195 6268 3196 6268 3130 6269 3196 6269 3197 6269 3130 6270 3197 6270 3198 6270 3130 6271 3198 6271 3199 6271 3130 6272 3199 6272 3200 6272 3130 6273 3200 6273 3201 6273 3130 6274 3201 6274 3202 6274 3130 6275 3202 6275 3203 6275 3130 6276 3203 6276 3204 6276 3130 6277 3204 6277 3205 6277 3130 6278 3205 6278 3206 6278 3130 6279 3206 6279 3207 6279 3130 6280 3207 6280 3208 6280 3130 6281 3208 6281 3209 6281 3130 6282 3209 6282 3210 6282 3130 6283 3210 6283 3211 6283 3130 6284 3211 6284 3131 6284 3131 6285 3211 6285 3132 6285 3132 6286 3211 6286 3212 6286 3132 6287 3212 6287 3213 6287 3132 6288 3213 6288 3214 6288 3132 6289 3214 6289 3215 6289 3132 6290 3215 6290 3216 6290 3132 6291 3216 6291 3217 6291 3132 6292 3217 6292 3218 6292 3132 6293 3218 6293 3219 6293 3132 6294 3219 6294 3220 6294 3132 6295 3220 6295 3221 6295 3132 6296 3221 6296 3222 6296 3132 6297 3222 6297 3223 6297 3132 6298 3223 6298 3224 6298 3132 6299 3224 6299 3225 6299 3132 6300 3225 6300 3226 6300 3132 6301 3226 6301 3227 6301 3132 6302 3227 6302 3228 6302 3132 6303 3228 6303 3229 6303 3132 6304 3229 6304 3230 6304 3132 6305 3230 6305 3231 6305 3132 6306 3231 6306 3232 6306 3132 6307 3232 6307 3233 6307 3132 6308 3233 6308 3234 6308 3132 6309 3234 6309 3235 6309 3132 6310 3235 6310 3236 6310 3132 6311 3236 6311 3237 6311 3132 6312 3237 6312 3238 6312 3132 6313 3238 6313 3239 6313 3132 6314 3239 6314 3240 6314 3132 6315 3240 6315 3241 6315 3132 6316 3241 6316 3242 6316 3132 6317 3242 6317 3243 6317 3132 6318 3243 6318 3244 6318 3132 6319 3244 6319 3245 6319 3132 6320 3245 6320 3246 6320 3132 6321 3246 6321 3247 6321 3132 6322 3247 6322 3248 6322 3132 6323 3248 6323 3249 6323 3132 6324 3249 6324 3250 6324 3132 6325 3250 6325 3251 6325 3132 6326 3251 6326 3252 6326 3132 6327 3252 6327 3253 6327 3132 6328 3253 6328 3254 6328 3132 6329 3254 6329 3255 6329 3132 6330 3255 6330 3256 6330 3132 6331 3256 6331 3257 6331 3132 6332 3257 6332 3258 6332 3132 6333 3258 6333 3259 6333 3132 6334 3259 6334 3260 6334 3132 6335 3260 6335 3261 6335 3132 6336 3261 6336 3262 6336 3132 6337 3262 6337 3263 6337 3132 6338 3263 6338 3264 6338 3132 6339 3264 6339 3265 6339 3132 6340 3265 6340 3266 6340 3132 6341 3266 6341 3267 6341 3132 6342 3267 6342 3268 6342 3132 6343 3268 6343 3269 6343 3132 6344 3269 6344 3270 6344 3132 6345 3270 6345 3133 6345 3133 6346 3270 6346 3134 6346 3211 6347 3210 6347 3212 6347 3212 6348 3210 6348 3213 6348 3270 6349 3269 6349 3134 6349 3134 6350 3269 6350 3135 6350 3210 6351 3209 6351 3213 6351 3213 6352 3209 6352 3208 6352 3213 6353 3208 6353 3214 6353 3269 6354 3268 6354 3135 6354 3135 6355 3268 6355 3267 6355 3135 6356 3267 6356 3136 6356 3208 6357 3207 6357 3214 6357 3214 6358 3207 6358 3215 6358 3267 6359 3266 6359 3271 6359 3267 6360 3271 6360 3137 6360 3267 6361 3137 6361 3136 6361 3207 6362 3206 6362 3215 6362 3215 6363 3206 6363 3216 6363 3266 6364 3265 6364 3271 6364 3271 6365 3265 6365 3138 6365 3271 6366 3138 6366 3137 6366 3206 6367 3205 6367 3216 6367 3216 6368 3205 6368 3204 6368 3216 6369 3204 6369 3217 6369 3265 6370 3264 6370 3139 6370 3265 6371 3139 6371 3138 6371 3204 6372 3203 6372 3217 6372 3217 6373 3272 6373 3218 6373 3217 6374 3203 6374 3272 6374 3264 6375 3263 6375 3139 6375 3139 6376 3263 6376 3140 6376 3203 6377 3202 6377 3272 6377 3272 6378 3202 6378 3201 6378 3272 6379 3201 6379 3219 6379 3272 6380 3219 6380 3218 6380 3263 6381 3262 6381 3273 6381 3263 6382 3273 6382 3142 6382 3263 6383 3142 6383 3141 6383 3263 6384 3141 6384 3140 6384 3201 6385 3200 6385 3219 6385 3219 6386 3200 6386 3220 6386 3262 6387 3261 6387 3273 6387 3273 6388 3261 6388 3143 6388 3273 6389 3143 6389 3142 6389 3200 6390 3199 6390 3220 6390 3220 6391 3199 6391 3198 6391 3220 6392 3198 6392 3221 6392 3261 6393 3260 6393 3145 6393 3261 6394 3145 6394 3144 6394 3261 6395 3144 6395 3143 6395 3198 6396 3197 6396 3221 6396 3221 6397 3197 6397 3222 6397 3260 6398 3259 6398 3145 6398 3145 6399 3259 6399 3146 6399 3197 6400 3196 6400 3222 6400 3222 6401 3196 6401 3274 6401 3222 6402 3274 6402 3223 6402 3259 6403 3258 6403 3147 6403 3259 6404 3147 6404 3146 6404 3196 6405 3195 6405 3274 6405 3274 6406 3195 6406 3194 6406 3274 6407 3194 6407 3224 6407 3274 6408 3224 6408 3223 6408 3258 6409 3257 6409 3148 6409 3258 6410 3148 6410 3147 6410 3194 6411 3193 6411 3224 6411 3224 6412 3193 6412 3225 6412 3257 6413 3256 6413 3149 6413 3257 6414 3149 6414 3148 6414 3193 6415 3192 6415 3225 6415 3225 6416 3192 6416 3191 6416 3225 6417 3191 6417 3190 6417 3225 6418 3190 6418 3226 6418 3256 6419 3255 6419 3150 6419 3256 6420 3150 6420 3149 6420 3226 6421 3190 6421 3189 6421 3226 6422 3189 6422 3227 6422 3255 6423 3254 6423 3151 6423 3255 6424 3151 6424 3150 6424 3227 6425 3189 6425 3188 6425 3227 6426 3188 6426 3228 6426 3254 6427 3253 6427 3153 6427 3254 6428 3153 6428 3152 6428 3254 6429 3152 6429 3151 6429 3228 6430 3188 6430 3229 6430 3188 6431 3187 6431 3229 6431 3253 6432 3154 6432 3153 6432 3253 6433 3252 6433 3154 6433 3229 6434 3187 6434 3186 6434 3229 6435 3186 6435 3230 6435 3154 6436 3252 6436 3155 6436 3252 6437 3251 6437 3157 6437 3252 6438 3157 6438 3156 6438 3252 6439 3156 6439 3155 6439 3230 6440 3186 6440 3185 6440 3230 6441 3185 6441 3231 6441 3251 6442 3250 6442 3158 6442 3251 6443 3158 6443 3157 6443 3185 6444 3184 6444 3231 6444 3231 6445 3184 6445 3232 6445 3250 6446 3160 6446 3159 6446 3250 6447 3159 6447 3158 6447 3250 6448 3249 6448 3160 6448 3184 6449 3183 6449 3232 6449 3232 6450 3183 6450 3233 6450 3160 6451 3249 6451 3161 6451 3249 6452 3248 6452 3161 6452 3183 6453 3182 6453 3233 6453 3233 6454 3181 6454 3234 6454 3233 6455 3182 6455 3181 6455 3161 6456 3248 6456 3162 6456 3248 6457 3247 6457 3162 6457 3181 6458 3180 6458 3234 6458 3234 6459 3180 6459 3235 6459 3162 6460 3247 6460 3163 6460 3247 6461 3246 6461 3163 6461 3180 6462 3179 6462 3235 6462 3235 6463 3178 6463 3236 6463 3235 6464 3179 6464 3178 6464 3163 6465 3246 6465 3164 6465 3246 6466 3165 6466 3164 6466 3246 6467 3245 6467 3165 6467 3178 6468 3177 6468 3237 6468 3178 6469 3237 6469 3236 6469 3165 6470 3245 6470 3166 6470 3245 6471 3244 6471 3166 6471 3177 6472 3176 6472 3237 6472 3237 6473 3176 6473 3275 6473 3237 6474 3275 6474 3238 6474 3166 6475 3244 6475 3167 6475 3244 6476 3169 6476 3168 6476 3244 6477 3168 6477 3167 6477 3244 6478 3243 6478 3169 6478 3176 6479 3175 6479 3275 6479 3275 6480 3175 6480 3239 6480 3275 6481 3239 6481 3238 6481 3169 6482 3243 6482 3170 6482 3243 6483 3242 6483 3170 6483 3175 6484 3174 6484 3239 6484 3239 6485 3174 6485 3240 6485 3170 6486 3242 6486 3171 6486 3242 6487 3241 6487 3172 6487 3242 6488 3172 6488 3171 6488 3174 6489 3173 6489 3240 6489 3240 6490 3173 6490 3172 6490 3240 6491 3172 6491 3241 6491 3276 6492 3277 6492 3278 6492 3276 6493 3278 6493 3279 6493 3276 6494 3279 6494 3280 6494 3276 6495 3280 6495 3281 6495 3276 6496 3281 6496 3282 6496 3276 6497 3282 6497 3283 6497 3276 6498 3283 6498 3284 6498 3276 6499 3284 6499 3285 6499 3276 6500 3285 6500 3286 6500 3276 6501 3286 6501 3287 6501 3276 6502 3287 6502 3277 6502 3277 6503 3287 6503 3288 6503 3277 6504 3288 6504 3289 6504 3277 6505 3289 6505 3290 6505 3277 6506 3290 6506 3291 6506 3277 6507 3291 6507 3292 6507 3277 6508 3292 6508 3293 6508 3277 6509 3293 6509 3294 6509 3277 6510 3294 6510 3295 6510 3277 6511 3295 6511 3296 6511 3277 6512 3296 6512 3297 6512 3277 6513 3297 6513 3298 6513 3277 6514 3298 6514 3278 6514 3283 6515 3282 6515 3284 6515 3284 6516 3282 6516 3299 6516 3284 6517 3299 6517 3286 6517 3284 6518 3286 6518 3285 6518 3286 6519 3300 6519 3301 6519 3286 6520 3301 6520 3289 6520 3286 6521 3289 6521 3288 6521 3286 6522 3288 6522 3287 6522 3286 6523 3299 6523 3281 6523 3286 6524 3281 6524 3280 6524 3286 6525 3280 6525 3302 6525 3286 6526 3302 6526 3303 6526 3286 6527 3303 6527 3304 6527 3286 6528 3304 6528 3305 6528 3286 6529 3305 6529 3306 6529 3286 6530 3306 6530 3307 6530 3286 6531 3307 6531 3308 6531 3286 6532 3308 6532 3309 6532 3286 6533 3309 6533 3310 6533 3286 6534 3310 6534 3311 6534 3286 6535 3311 6535 3312 6535 3286 6536 3312 6536 3313 6536 3286 6537 3313 6537 3314 6537 3286 6538 3314 6538 3315 6538 3286 6539 3315 6539 3300 6539 3278 6540 3298 6540 3303 6540 3278 6541 3303 6541 3316 6541 3278 6542 3316 6542 3302 6542 3278 6543 3302 6543 3279 6543 3282 6544 3281 6544 3299 6544 3300 6545 3315 6545 3301 6545 3298 6546 3297 6546 3317 6546 3298 6547 3317 6547 3304 6547 3298 6548 3304 6548 3303 6548 3303 6549 3302 6549 3316 6549 3302 6550 3280 6550 3279 6550 3301 6551 3315 6551 3290 6551 3301 6552 3290 6552 3289 6552 3315 6553 3314 6553 3290 6553 3297 6554 3296 6554 3304 6554 3297 6555 3304 6555 3317 6555 3304 6556 3296 6556 3305 6556 3290 6557 3314 6557 3313 6557 3290 6558 3313 6558 3312 6558 3290 6559 3312 6559 3291 6559 3296 6560 3295 6560 3307 6560 3296 6561 3307 6561 3306 6561 3296 6562 3306 6562 3305 6562 3312 6563 3311 6563 3292 6563 3312 6564 3292 6564 3291 6564 3295 6565 3294 6565 3308 6565 3295 6566 3308 6566 3307 6566 3311 6567 3310 6567 3293 6567 3311 6568 3293 6568 3318 6568 3311 6569 3318 6569 3292 6569 3292 6570 3318 6570 3293 6570 3294 6571 3293 6571 3308 6571 3308 6572 3293 6572 3309 6572 3310 6573 3309 6573 3293 6573 3319 6574 3320 6574 3321 6574 3319 6575 3321 6575 3322 6575 3319 6576 3322 6576 3323 6576 3319 6577 3323 6577 3324 6577 3319 6578 3324 6578 3325 6578 3319 6579 3325 6579 3326 6579 3319 6580 3326 6580 3327 6580 3319 6581 3327 6581 3328 6581 3319 6582 3328 6582 3329 6582 3319 6583 3329 6583 3330 6583 3319 6584 3330 6584 3331 6584 3319 6585 3331 6585 3332 6585 3319 6586 3332 6586 3333 6586 3319 6587 3333 6587 3334 6587 3319 6588 3334 6588 3335 6588 3319 6589 3335 6589 3336 6589 3319 6590 3336 6590 3337 6590 3319 6591 3337 6591 3338 6591 3319 6592 3338 6592 3339 6592 3319 6593 3339 6593 3340 6593 3319 6594 3340 6594 3341 6594 3319 6595 3341 6595 3342 6595 3319 6596 3342 6596 3343 6596 3319 6597 3343 6597 3344 6597 3319 6598 3344 6598 3345 6598 3319 6599 3345 6599 3346 6599 3319 6600 3346 6600 3347 6600 3319 6601 3347 6601 3348 6601 3319 6602 3348 6602 3349 6602 3319 6603 3349 6603 3350 6603 3319 6604 3350 6604 3351 6604 3319 6605 3351 6605 3352 6605 3319 6606 3352 6606 3353 6606 3319 6607 3353 6607 3354 6607 3319 6608 3354 6608 3355 6608 3319 6609 3355 6609 3356 6609 3319 6610 3356 6610 3357 6610 3319 6611 3357 6611 3358 6611 3319 6612 3358 6612 3359 6612 3319 6613 3359 6613 3360 6613 3319 6614 3360 6614 3361 6614 3319 6615 3361 6615 3362 6615 3319 6616 3362 6616 3363 6616 3319 6617 3363 6617 3364 6617 3319 6618 3364 6618 3365 6618 3319 6619 3365 6619 3366 6619 3319 6620 3366 6620 3320 6620 3320 6621 3366 6621 3367 6621 3320 6622 3367 6622 3368 6622 3320 6623 3368 6623 3369 6623 3320 6624 3369 6624 3321 6624 3321 6625 3369 6625 3322 6625 3326 6626 3325 6626 3370 6626 3326 6627 3370 6627 3327 6627 3366 6628 3371 6628 3372 6628 3366 6629 3372 6629 3373 6629 3366 6630 3373 6630 3374 6630 3366 6631 3374 6631 3375 6631 3366 6632 3375 6632 3367 6632 3366 6633 3365 6633 3376 6633 3366 6634 3376 6634 3371 6634 3367 6635 3375 6635 3374 6635 3367 6636 3374 6636 3373 6636 3367 6637 3373 6637 3372 6637 3367 6638 3372 6638 3371 6638 3367 6639 3371 6639 3376 6639 3367 6640 3376 6640 3377 6640 3367 6641 3377 6641 3378 6641 3367 6642 3378 6642 3379 6642 3367 6643 3379 6643 3380 6643 3367 6644 3380 6644 3381 6644 3367 6645 3381 6645 3382 6645 3367 6646 3382 6646 3383 6646 3367 6647 3383 6647 3384 6647 3367 6648 3384 6648 3385 6648 3367 6649 3385 6649 3386 6649 3367 6650 3386 6650 3387 6650 3367 6651 3387 6651 3388 6651 3367 6652 3388 6652 3389 6652 3367 6653 3389 6653 3390 6653 3367 6654 3390 6654 3391 6654 3367 6655 3391 6655 3392 6655 3367 6656 3392 6656 3393 6656 3367 6657 3393 6657 3394 6657 3367 6658 3394 6658 3395 6658 3367 6659 3395 6659 3396 6659 3367 6660 3396 6660 3397 6660 3367 6661 3397 6661 3398 6661 3367 6662 3398 6662 3399 6662 3367 6663 3399 6663 3400 6663 3367 6664 3400 6664 3401 6664 3367 6665 3401 6665 3402 6665 3367 6666 3402 6666 3403 6666 3367 6667 3403 6667 3404 6667 3367 6668 3404 6668 3405 6668 3367 6669 3405 6669 3406 6669 3367 6670 3406 6670 3407 6670 3367 6671 3407 6671 3408 6671 3367 6672 3408 6672 3409 6672 3367 6673 3409 6673 3410 6673 3367 6674 3410 6674 3411 6674 3367 6675 3411 6675 3412 6675 3367 6676 3412 6676 3413 6676 3367 6677 3413 6677 3414 6677 3367 6678 3414 6678 3415 6678 3367 6679 3415 6679 3416 6679 3367 6680 3416 6680 3417 6680 3367 6681 3417 6681 3418 6681 3367 6682 3418 6682 3419 6682 3367 6683 3419 6683 3420 6683 3367 6684 3420 6684 3421 6684 3367 6685 3421 6685 3422 6685 3367 6686 3422 6686 3423 6686 3367 6687 3423 6687 3424 6687 3367 6688 3424 6688 3425 6688 3367 6689 3425 6689 3370 6689 3367 6690 3370 6690 3426 6690 3367 6691 3426 6691 3427 6691 3367 6692 3427 6692 3369 6692 3367 6693 3369 6693 3368 6693 3369 6694 3427 6694 3323 6694 3369 6695 3323 6695 3322 6695 3325 6696 3426 6696 3370 6696 3325 6697 3324 6697 3426 6697 3370 6698 3425 6698 3327 6698 3327 6699 3425 6699 3328 6699 3365 6700 3364 6700 3378 6700 3365 6701 3378 6701 3377 6701 3365 6702 3377 6702 3376 6702 3427 6703 3324 6703 3323 6703 3427 6704 3426 6704 3324 6704 3425 6705 3424 6705 3328 6705 3328 6706 3424 6706 3329 6706 3364 6707 3363 6707 3378 6707 3378 6708 3363 6708 3379 6708 3424 6709 3423 6709 3329 6709 3329 6710 3423 6710 3330 6710 3363 6711 3362 6711 3380 6711 3363 6712 3380 6712 3379 6712 3423 6713 3422 6713 3332 6713 3423 6714 3332 6714 3331 6714 3423 6715 3331 6715 3330 6715 3362 6716 3361 6716 3384 6716 3362 6717 3384 6717 3383 6717 3362 6718 3383 6718 3382 6718 3362 6719 3382 6719 3381 6719 3362 6720 3381 6720 3380 6720 3422 6721 3421 6721 3333 6721 3422 6722 3333 6722 3332 6722 3361 6723 3360 6723 3385 6723 3361 6724 3385 6724 3384 6724 3421 6725 3420 6725 3334 6725 3421 6726 3334 6726 3333 6726 3360 6727 3359 6727 3385 6727 3385 6728 3359 6728 3386 6728 3420 6729 3419 6729 3335 6729 3420 6730 3335 6730 3334 6730 3359 6731 3358 6731 3386 6731 3386 6732 3358 6732 3357 6732 3386 6733 3357 6733 3356 6733 3386 6734 3356 6734 3387 6734 3419 6735 3418 6735 3335 6735 3335 6736 3418 6736 3336 6736 3387 6737 3356 6737 3355 6737 3387 6738 3355 6738 3388 6738 3418 6739 3417 6739 3336 6739 3336 6740 3417 6740 3337 6740 3355 6741 3354 6741 3389 6741 3355 6742 3389 6742 3388 6742 3417 6743 3416 6743 3337 6743 3337 6744 3416 6744 3415 6744 3337 6745 3415 6745 3338 6745 3354 6746 3353 6746 3391 6746 3354 6747 3391 6747 3390 6747 3354 6748 3390 6748 3389 6748 3338 6749 3415 6749 3414 6749 3338 6750 3414 6750 3413 6750 3338 6751 3413 6751 3339 6751 3353 6752 3352 6752 3392 6752 3353 6753 3392 6753 3391 6753 3339 6754 3413 6754 3412 6754 3339 6755 3412 6755 3411 6755 3339 6756 3411 6756 3340 6756 3352 6757 3351 6757 3392 6757 3392 6758 3351 6758 3393 6758 3340 6759 3411 6759 3410 6759 3340 6760 3410 6760 3409 6760 3340 6761 3409 6761 3408 6761 3340 6762 3408 6762 3341 6762 3351 6763 3350 6763 3394 6763 3351 6764 3394 6764 3393 6764 3341 6765 3408 6765 3342 6765 3408 6766 3407 6766 3342 6766 3350 6767 3349 6767 3395 6767 3350 6768 3395 6768 3394 6768 3342 6769 3407 6769 3406 6769 3342 6770 3406 6770 3343 6770 3349 6771 3348 6771 3397 6771 3349 6772 3397 6772 3396 6772 3349 6773 3396 6773 3395 6773 3343 6774 3406 6774 3405 6774 3343 6775 3405 6775 3404 6775 3343 6776 3404 6776 3403 6776 3343 6777 3403 6777 3402 6777 3343 6778 3402 6778 3401 6778 3343 6779 3401 6779 3344 6779 3348 6780 3347 6780 3397 6780 3397 6781 3347 6781 3398 6781 3401 6782 3400 6782 3344 6782 3344 6783 3400 6783 3399 6783 3344 6784 3399 6784 3345 6784 3347 6785 3346 6785 3399 6785 3347 6786 3399 6786 3398 6786 3399 6787 3346 6787 3345 6787 3428 6788 3429 6788 3430 6788 3428 6789 3430 6789 3431 6789 3428 6790 3431 6790 3432 6790 3428 6791 3432 6791 3433 6791 3428 6792 3433 6792 3434 6792 3428 6793 3434 6793 3435 6793 3428 6794 3435 6794 3436 6794 3428 6795 3436 6795 3437 6795 3428 6796 3437 6796 3438 6796 3428 6797 3438 6797 3439 6797 3428 6798 3439 6798 3440 6798 3428 6799 3440 6799 3441 6799 3428 6800 3441 6800 3442 6800 3428 6801 3442 6801 3443 6801 3428 6802 3443 6802 3444 6802 3428 6803 3444 6803 3445 6803 3428 6804 3445 6804 3446 6804 3428 6805 3446 6805 3447 6805 3428 6806 3447 6806 3448 6806 3428 6807 3448 6807 3449 6807 3428 6808 3449 6808 3450 6808 3428 6809 3450 6809 3451 6809 3428 6810 3451 6810 3452 6810 3428 6811 3452 6811 3453 6811 3428 6812 3453 6812 3454 6812 3428 6813 3454 6813 3455 6813 3428 6814 3455 6814 3456 6814 3428 6815 3456 6815 3457 6815 3428 6816 3457 6816 3458 6816 3428 6817 3458 6817 3459 6817 3428 6818 3459 6818 3460 6818 3428 6819 3460 6819 3461 6819 3428 6820 3461 6820 3429 6820 3429 6821 3461 6821 3462 6821 3429 6822 3462 6822 3430 6822 3430 6823 3462 6823 3431 6823 3445 6824 3444 6824 3446 6824 3461 6825 3460 6825 3463 6825 3461 6826 3463 6826 3462 6826 3462 6827 3432 6827 3431 6827 3462 6828 3463 6828 3464 6828 3462 6829 3464 6829 3465 6829 3462 6830 3465 6830 3466 6830 3462 6831 3466 6831 3467 6831 3462 6832 3467 6832 3468 6832 3462 6833 3468 6833 3469 6833 3462 6834 3469 6834 3470 6834 3462 6835 3470 6835 3471 6835 3462 6836 3471 6836 3472 6836 3462 6837 3472 6837 3473 6837 3462 6838 3473 6838 3438 6838 3462 6839 3438 6839 3437 6839 3462 6840 3437 6840 3474 6840 3462 6841 3474 6841 3436 6841 3462 6842 3436 6842 3435 6842 3462 6843 3435 6843 3434 6843 3462 6844 3434 6844 3433 6844 3462 6845 3433 6845 3432 6845 3444 6846 3443 6846 3473 6846 3444 6847 3473 6847 3446 6847 3446 6848 3473 6848 3475 6848 3446 6849 3475 6849 3447 6849 3460 6850 3459 6850 3463 6850 3463 6851 3459 6851 3476 6851 3463 6852 3476 6852 3464 6852 3474 6853 3437 6853 3436 6853 3443 6854 3442 6854 3473 6854 3473 6855 3472 6855 3477 6855 3473 6856 3477 6856 3475 6856 3473 6857 3442 6857 3441 6857 3473 6858 3441 6858 3440 6858 3473 6859 3440 6859 3439 6859 3473 6860 3439 6860 3438 6860 3475 6861 3477 6861 3448 6861 3475 6862 3448 6862 3447 6862 3459 6863 3458 6863 3476 6863 3476 6864 3458 6864 3457 6864 3476 6865 3457 6865 3478 6865 3476 6866 3478 6866 3466 6866 3476 6867 3466 6867 3465 6867 3476 6868 3465 6868 3464 6868 3472 6869 3471 6869 3477 6869 3477 6870 3471 6870 3479 6870 3477 6871 3479 6871 3480 6871 3477 6872 3480 6872 3449 6872 3477 6873 3449 6873 3448 6873 3457 6874 3456 6874 3481 6874 3457 6875 3481 6875 3478 6875 3478 6876 3481 6876 3455 6876 3478 6877 3455 6877 3482 6877 3478 6878 3482 6878 3466 6878 3466 6879 3482 6879 3483 6879 3466 6880 3483 6880 3467 6880 3471 6881 3470 6881 3484 6881 3471 6882 3484 6882 3479 6882 3479 6883 3485 6883 3450 6883 3479 6884 3450 6884 3449 6884 3479 6885 3449 6885 3480 6885 3479 6886 3484 6886 3485 6886 3456 6887 3455 6887 3481 6887 3455 6888 3454 6888 3482 6888 3482 6889 3454 6889 3453 6889 3482 6890 3453 6890 3483 6890 3483 6891 3453 6891 3486 6891 3483 6892 3486 6892 3487 6892 3483 6893 3487 6893 3467 6893 3467 6894 3487 6894 3468 6894 3470 6895 3469 6895 3484 6895 3484 6896 3469 6896 3488 6896 3484 6897 3488 6897 3489 6897 3484 6898 3489 6898 3485 6898 3485 6899 3489 6899 3490 6899 3485 6900 3490 6900 3451 6900 3485 6901 3451 6901 3450 6901 3453 6902 3452 6902 3491 6902 3453 6903 3491 6903 3486 6903 3486 6904 3491 6904 3492 6904 3486 6905 3492 6905 3487 6905 3487 6906 3493 6906 3468 6906 3487 6907 3492 6907 3493 6907 3468 6908 3493 6908 3488 6908 3468 6909 3488 6909 3469 6909 3488 6910 3493 6910 3492 6910 3488 6911 3492 6911 3489 6911 3489 6912 3492 6912 3491 6912 3489 6913 3491 6913 3490 6913 3490 6914 3491 6914 3452 6914 3490 6915 3452 6915 3451 6915 3494 6916 3495 6916 3496 6916 3494 6917 3496 6917 3497 6917 3494 6918 3497 6918 3498 6918 3494 6919 3498 6919 3499 6919 3494 6920 3499 6920 3500 6920 3494 6921 3500 6921 3501 6921 3494 6922 3501 6922 3502 6922 3494 6923 3502 6923 3503 6923 3494 6924 3503 6924 3504 6924 3494 6925 3504 6925 3505 6925 3494 6926 3505 6926 3506 6926 3494 6927 3506 6927 3507 6927 3494 6928 3507 6928 3508 6928 3494 6929 3508 6929 3509 6929 3494 6930 3509 6930 3510 6930 3494 6931 3510 6931 3511 6931 3494 6932 3511 6932 3512 6932 3494 6933 3512 6933 3513 6933 3494 6934 3513 6934 3514 6934 3494 6935 3514 6935 3495 6935 3495 6936 3514 6936 3515 6936 3495 6937 3515 6937 3516 6937 3495 6938 3516 6938 3517 6938 3495 6939 3517 6939 3518 6939 3495 6940 3518 6940 3519 6940 3495 6941 3519 6941 3520 6941 3495 6942 3520 6942 3521 6942 3495 6943 3521 6943 3522 6943 3495 6944 3522 6944 3523 6944 3495 6945 3523 6945 3524 6945 3495 6946 3524 6946 3525 6946 3495 6947 3525 6947 3526 6947 3495 6948 3526 6948 3527 6948 3495 6949 3527 6949 3528 6949 3495 6950 3528 6950 3529 6950 3495 6951 3529 6951 3530 6951 3495 6952 3530 6952 3531 6952 3495 6953 3531 6953 3532 6953 3495 6954 3532 6954 3533 6954 3495 6955 3533 6955 3497 6955 3495 6956 3497 6956 3496 6956 3497 6957 3533 6957 3498 6957 3498 6958 3533 6958 3500 6958 3498 6959 3500 6959 3499 6959 3513 6960 3512 6960 3520 6960 3513 6961 3520 6961 3519 6961 3513 6962 3519 6962 3518 6962 3513 6963 3518 6963 3517 6963 3513 6964 3517 6964 3516 6964 3513 6965 3516 6965 3515 6965 3513 6966 3515 6966 3514 6966 3533 6967 3532 6967 3500 6967 3500 6968 3532 6968 3531 6968 3500 6969 3531 6969 3501 6969 3512 6970 3511 6970 3534 6970 3512 6971 3534 6971 3521 6971 3512 6972 3521 6972 3520 6972 3501 6973 3531 6973 3530 6973 3501 6974 3530 6974 3502 6974 3511 6975 3510 6975 3522 6975 3511 6976 3522 6976 3534 6976 3534 6977 3522 6977 3521 6977 3502 6978 3530 6978 3503 6978 3530 6979 3529 6979 3503 6979 3510 6980 3509 6980 3522 6980 3522 6981 3509 6981 3523 6981 3503 6982 3529 6982 3528 6982 3503 6983 3528 6983 3527 6983 3503 6984 3527 6984 3504 6984 3509 6985 3508 6985 3523 6985 3523 6986 3508 6986 3507 6986 3523 6987 3507 6987 3524 6987 3504 6988 3527 6988 3535 6988 3504 6989 3535 6989 3505 6989 3527 6990 3526 6990 3535 6990 3507 6991 3506 6991 3525 6991 3507 6992 3525 6992 3524 6992 3505 6993 3535 6993 3506 6993 3535 6994 3526 6994 3506 6994 3526 6995 3525 6995 3506 6995 3536 6996 3537 6996 3538 6996 3536 6997 3538 6997 3539 6997 3536 6998 3539 6998 3540 6998 3536 6999 3540 6999 3541 6999 3536 7000 3541 7000 3542 7000 3536 7001 3542 7001 3543 7001 3536 7002 3543 7002 3544 7002 3536 7003 3544 7003 3545 7003 3536 7004 3545 7004 3546 7004 3536 7005 3546 7005 3547 7005 3536 7006 3547 7006 3548 7006 3536 7007 3548 7007 3549 7007 3536 7008 3549 7008 3550 7008 3536 7009 3550 7009 3551 7009 3536 7010 3551 7010 3552 7010 3536 7011 3552 7011 3553 7011 3536 7012 3553 7012 3554 7012 3536 7013 3554 7013 3555 7013 3536 7014 3555 7014 3556 7014 3536 7015 3556 7015 3557 7015 3536 7016 3557 7016 3558 7016 3536 7017 3558 7017 3559 7017 3536 7018 3559 7018 3560 7018 3536 7019 3560 7019 3561 7019 3536 7020 3561 7020 3562 7020 3536 7021 3562 7021 3563 7021 3536 7022 3563 7022 3564 7022 3536 7023 3564 7023 3565 7023 3536 7024 3565 7024 3566 7024 3536 7025 3566 7025 3567 7025 3536 7026 3567 7026 3568 7026 3536 7027 3568 7027 3569 7027 3536 7028 3569 7028 3570 7028 3536 7029 3570 7029 3571 7029 3536 7030 3571 7030 3572 7030 3536 7031 3572 7031 3573 7031 3536 7032 3573 7032 3574 7032 3536 7033 3574 7033 3575 7033 3536 7034 3575 7034 3576 7034 3536 7035 3576 7035 3577 7035 3536 7036 3577 7036 3578 7036 3536 7037 3578 7037 3579 7037 3536 7038 3579 7038 3537 7038 3537 7039 3579 7039 3580 7039 3537 7040 3580 7040 3538 7040 3538 7041 3580 7041 3581 7041 3538 7042 3581 7042 3582 7042 3538 7043 3582 7043 3583 7043 3538 7044 3583 7044 3584 7044 3538 7045 3584 7045 3540 7045 3538 7046 3540 7046 3539 7046 3579 7047 3585 7047 3580 7047 3579 7048 3578 7048 3586 7048 3579 7049 3586 7049 3585 7049 3580 7050 3585 7050 3587 7050 3580 7051 3587 7051 3581 7051 3581 7052 3587 7052 3588 7052 3581 7053 3588 7053 3589 7053 3581 7054 3589 7054 3582 7054 3582 7055 3589 7055 3590 7055 3582 7056 3590 7056 3591 7056 3582 7057 3591 7057 3583 7057 3583 7058 3591 7058 3592 7058 3583 7059 3592 7059 3593 7059 3583 7060 3593 7060 3584 7060 3584 7061 3593 7061 3594 7061 3584 7062 3594 7062 3595 7062 3584 7063 3595 7063 3542 7063 3584 7064 3542 7064 3541 7064 3584 7065 3541 7065 3540 7065 3585 7066 3586 7066 3587 7066 3578 7067 3577 7067 3596 7067 3578 7068 3596 7068 3597 7068 3578 7069 3597 7069 3586 7069 3586 7070 3597 7070 3598 7070 3586 7071 3598 7071 3587 7071 3587 7072 3598 7072 3588 7072 3588 7073 3598 7073 3599 7073 3588 7074 3599 7074 3600 7074 3588 7075 3600 7075 3589 7075 3589 7076 3600 7076 3590 7076 3590 7077 3600 7077 3601 7077 3590 7078 3601 7078 3602 7078 3590 7079 3602 7079 3591 7079 3591 7080 3602 7080 3603 7080 3591 7081 3603 7081 3592 7081 3592 7082 3604 7082 3593 7082 3592 7083 3603 7083 3604 7083 3593 7084 3604 7084 3594 7084 3594 7085 3604 7085 3605 7085 3594 7086 3605 7086 3606 7086 3594 7087 3606 7087 3545 7087 3594 7088 3545 7088 3544 7088 3594 7089 3544 7089 3543 7089 3594 7090 3543 7090 3542 7090 3594 7091 3542 7091 3595 7091 3577 7092 3576 7092 3607 7092 3577 7093 3607 7093 3608 7093 3577 7094 3608 7094 3596 7094 3596 7095 3598 7095 3597 7095 3596 7096 3608 7096 3609 7096 3596 7097 3609 7097 3598 7097 3598 7098 3609 7098 3599 7098 3599 7099 3610 7099 3600 7099 3599 7100 3609 7100 3611 7100 3599 7101 3611 7101 3610 7101 3600 7102 3610 7102 3612 7102 3600 7103 3612 7103 3601 7103 3601 7104 3612 7104 3613 7104 3601 7105 3613 7105 3614 7105 3601 7106 3614 7106 3602 7106 3602 7107 3614 7107 3615 7107 3602 7108 3615 7108 3603 7108 3603 7109 3615 7109 3616 7109 3603 7110 3616 7110 3617 7110 3603 7111 3617 7111 3618 7111 3603 7112 3618 7112 3605 7112 3603 7113 3605 7113 3604 7113 3605 7114 3618 7114 3619 7114 3605 7115 3619 7115 3620 7115 3605 7116 3620 7116 3621 7116 3605 7117 3621 7117 3606 7117 3606 7118 3621 7118 3546 7118 3606 7119 3546 7119 3545 7119 3576 7120 3575 7120 3622 7120 3576 7121 3622 7121 3607 7121 3607 7122 3622 7122 3611 7122 3607 7123 3611 7123 3609 7123 3607 7124 3609 7124 3608 7124 3610 7125 3611 7125 3623 7125 3610 7126 3623 7126 3612 7126 3611 7127 3622 7127 3623 7127 3612 7128 3623 7128 3624 7128 3612 7129 3624 7129 3625 7129 3612 7130 3625 7130 3613 7130 3613 7131 3625 7131 3626 7131 3613 7132 3626 7132 3627 7132 3613 7133 3627 7133 3628 7133 3613 7134 3628 7134 3629 7134 3613 7135 3629 7135 3614 7135 3614 7136 3629 7136 3616 7136 3614 7137 3616 7137 3615 7137 3616 7138 3630 7138 3631 7138 3616 7139 3631 7139 3617 7139 3616 7140 3629 7140 3632 7140 3616 7141 3632 7141 3630 7141 3617 7142 3631 7142 3619 7142 3617 7143 3619 7143 3618 7143 3619 7144 3631 7144 3633 7144 3619 7145 3633 7145 3550 7145 3619 7146 3550 7146 3634 7146 3619 7147 3634 7147 3620 7147 3620 7148 3634 7148 3549 7148 3620 7149 3549 7149 3548 7149 3620 7150 3548 7150 3547 7150 3620 7151 3547 7151 3621 7151 3621 7152 3547 7152 3546 7152 3575 7153 3574 7153 3622 7153 3622 7154 3574 7154 3635 7154 3622 7155 3635 7155 3636 7155 3622 7156 3636 7156 3623 7156 3623 7157 3636 7157 3624 7157 3624 7158 3636 7158 3637 7158 3624 7159 3637 7159 3626 7159 3624 7160 3626 7160 3625 7160 3626 7161 3638 7161 3639 7161 3626 7162 3639 7162 3627 7162 3626 7163 3637 7163 3640 7163 3626 7164 3640 7164 3638 7164 3627 7165 3639 7165 3641 7165 3627 7166 3641 7166 3642 7166 3627 7167 3642 7167 3643 7167 3627 7168 3643 7168 3628 7168 3628 7169 3643 7169 3629 7169 3629 7170 3643 7170 3632 7170 3630 7171 3632 7171 3644 7171 3630 7172 3644 7172 3645 7172 3630 7173 3645 7173 3646 7173 3630 7174 3646 7174 3631 7174 3631 7175 3646 7175 3633 7175 3632 7176 3643 7176 3644 7176 3633 7177 3646 7177 3647 7177 3633 7178 3647 7178 3550 7178 3550 7179 3549 7179 3634 7179 3550 7180 3647 7180 3551 7180 3574 7181 3573 7181 3635 7181 3635 7182 3573 7182 3572 7182 3635 7183 3572 7183 3648 7183 3635 7184 3648 7184 3649 7184 3635 7185 3649 7185 3636 7185 3636 7186 3649 7186 3637 7186 3637 7187 3649 7187 3640 7187 3638 7188 3650 7188 3651 7188 3638 7189 3651 7189 3639 7189 3638 7190 3640 7190 3652 7190 3638 7191 3652 7191 3650 7191 3639 7192 3651 7192 3641 7192 3640 7193 3649 7193 3653 7193 3640 7194 3653 7194 3652 7194 3641 7195 3651 7195 3654 7195 3641 7196 3654 7196 3655 7196 3641 7197 3655 7197 3642 7197 3642 7198 3655 7198 3656 7198 3642 7199 3656 7199 3644 7199 3642 7200 3644 7200 3643 7200 3644 7201 3656 7201 3657 7201 3644 7202 3657 7202 3658 7202 3644 7203 3658 7203 3645 7203 3645 7204 3658 7204 3659 7204 3645 7205 3659 7205 3646 7205 3646 7206 3659 7206 3647 7206 3647 7207 3659 7207 3551 7207 3551 7208 3659 7208 3552 7208 3572 7209 3571 7209 3648 7209 3648 7210 3570 7210 3569 7210 3648 7211 3569 7211 3660 7211 3648 7212 3660 7212 3653 7212 3648 7213 3653 7213 3649 7213 3648 7214 3571 7214 3570 7214 3650 7215 3652 7215 3661 7215 3650 7216 3661 7216 3662 7216 3650 7217 3662 7217 3663 7217 3650 7218 3663 7218 3651 7218 3651 7219 3663 7219 3654 7219 3652 7220 3653 7220 3664 7220 3652 7221 3664 7221 3665 7221 3652 7222 3665 7222 3661 7222 3653 7223 3660 7223 3664 7223 3654 7224 3663 7224 3561 7224 3654 7225 3561 7225 3560 7225 3654 7226 3560 7226 3559 7226 3654 7227 3559 7227 3558 7227 3654 7228 3558 7228 3666 7228 3654 7229 3666 7229 3655 7229 3655 7230 3666 7230 3667 7230 3655 7231 3667 7231 3656 7231 3656 7232 3667 7232 3657 7232 3657 7233 3668 7233 3658 7233 3657 7234 3667 7234 3668 7234 3658 7235 3668 7235 3659 7235 3659 7236 3669 7236 3670 7236 3659 7237 3670 7237 3553 7237 3659 7238 3553 7238 3552 7238 3659 7239 3668 7239 3669 7239 3569 7240 3568 7240 3664 7240 3569 7241 3664 7241 3660 7241 3661 7242 3665 7242 3565 7242 3661 7243 3565 7243 3564 7243 3661 7244 3564 7244 3563 7244 3661 7245 3563 7245 3662 7245 3662 7246 3563 7246 3562 7246 3662 7247 3562 7247 3663 7247 3663 7248 3562 7248 3561 7248 3664 7249 3567 7249 3665 7249 3664 7250 3568 7250 3567 7250 3665 7251 3567 7251 3566 7251 3665 7252 3566 7252 3565 7252 3558 7253 3557 7253 3666 7253 3666 7254 3557 7254 3671 7254 3666 7255 3671 7255 3667 7255 3667 7256 3671 7256 3672 7256 3667 7257 3672 7257 3668 7257 3668 7258 3672 7258 3673 7258 3668 7259 3673 7259 3555 7259 3668 7260 3555 7260 3674 7260 3668 7261 3674 7261 3669 7261 3669 7262 3554 7262 3553 7262 3669 7263 3553 7263 3670 7263 3669 7264 3674 7264 3554 7264 3557 7265 3556 7265 3672 7265 3557 7266 3672 7266 3671 7266 3672 7267 3556 7267 3555 7267 3672 7268 3555 7268 3673 7268 3555 7269 3554 7269 3674 7269 3675 7270 3676 7270 3677 7270 3675 7271 3677 7271 3678 7271 3675 7272 3678 7272 3679 7272 3675 7273 3679 7273 3680 7273 3675 7274 3680 7274 3681 7274 3675 7275 3681 7275 3682 7275 3675 7276 3682 7276 3683 7276 3675 7277 3683 7277 3684 7277 3675 7278 3684 7278 3685 7278 3675 7279 3685 7279 3686 7279 3675 7280 3686 7280 3687 7280 3675 7281 3687 7281 3688 7281 3675 7282 3688 7282 3676 7282 3676 7283 3689 7283 3677 7283 3676 7284 3688 7284 3690 7284 3676 7285 3690 7285 3689 7285 3677 7286 3691 7286 3692 7286 3677 7287 3692 7287 3693 7287 3677 7288 3693 7288 3694 7288 3677 7289 3694 7289 3678 7289 3677 7290 3689 7290 3691 7290 3678 7291 3695 7291 3696 7291 3678 7292 3696 7292 3679 7292 3678 7293 3694 7293 3695 7293 3679 7294 3696 7294 3680 7294 3688 7295 3687 7295 3697 7295 3688 7296 3697 7296 3698 7296 3688 7297 3698 7297 3699 7297 3688 7298 3699 7298 3690 7298 3689 7299 3700 7299 3701 7299 3689 7300 3701 7300 3691 7300 3689 7301 3690 7301 3699 7301 3689 7302 3699 7302 3698 7302 3689 7303 3698 7303 3702 7303 3689 7304 3702 7304 3700 7304 3691 7305 3703 7305 3692 7305 3691 7306 3701 7306 3703 7306 3692 7307 3703 7307 3693 7307 3693 7308 3703 7308 3704 7308 3693 7309 3704 7309 3705 7309 3693 7310 3705 7310 3706 7310 3693 7311 3706 7311 3707 7311 3693 7312 3707 7312 3708 7312 3693 7313 3708 7313 3709 7313 3693 7314 3709 7314 3710 7314 3693 7315 3710 7315 3711 7315 3693 7316 3711 7316 3712 7316 3693 7317 3712 7317 3713 7317 3693 7318 3713 7318 3714 7318 3693 7319 3714 7319 3715 7319 3693 7320 3715 7320 3716 7320 3693 7321 3716 7321 3717 7321 3693 7322 3717 7322 3718 7322 3693 7323 3718 7323 3719 7323 3693 7324 3719 7324 3720 7324 3693 7325 3720 7325 3721 7325 3693 7326 3721 7326 3722 7326 3693 7327 3722 7327 3723 7327 3693 7328 3723 7328 3724 7328 3693 7329 3724 7329 3725 7329 3693 7330 3725 7330 3726 7330 3693 7331 3726 7331 3681 7331 3693 7332 3681 7332 3680 7332 3693 7333 3680 7333 3696 7333 3693 7334 3696 7334 3695 7334 3693 7335 3695 7335 3727 7335 3693 7336 3727 7336 3694 7336 3694 7337 3727 7337 3695 7337 3687 7338 3686 7338 3728 7338 3687 7339 3728 7339 3697 7339 3697 7340 3728 7340 3729 7340 3697 7341 3729 7341 3730 7341 3697 7342 3730 7342 3731 7342 3697 7343 3731 7343 3732 7343 3697 7344 3732 7344 3698 7344 3698 7345 3732 7345 3733 7345 3698 7346 3733 7346 3702 7346 3700 7347 3702 7347 3733 7347 3700 7348 3733 7348 3701 7348 3701 7349 3733 7349 3734 7349 3701 7350 3734 7350 3703 7350 3703 7351 3705 7351 3704 7351 3703 7352 3734 7352 3735 7352 3703 7353 3735 7353 3705 7353 3681 7354 3726 7354 3736 7354 3681 7355 3736 7355 3682 7355 3686 7356 3685 7356 3737 7356 3686 7357 3737 7357 3738 7357 3686 7358 3738 7358 3728 7358 3728 7359 3738 7359 3729 7359 3730 7360 3739 7360 3731 7360 3730 7361 3729 7361 3740 7361 3730 7362 3740 7362 3739 7362 3731 7363 3739 7363 3741 7363 3731 7364 3741 7364 3742 7364 3731 7365 3742 7365 3743 7365 3731 7366 3743 7366 3732 7366 3732 7367 3743 7367 3733 7367 3733 7368 3743 7368 3734 7368 3734 7369 3743 7369 3735 7369 3705 7370 3735 7370 3744 7370 3705 7371 3744 7371 3706 7371 3735 7372 3743 7372 3744 7372 3726 7373 3725 7373 3745 7373 3726 7374 3745 7374 3746 7374 3726 7375 3746 7375 3736 7375 3736 7376 3746 7376 3682 7376 3682 7377 3746 7377 3683 7377 3685 7378 3684 7378 3747 7378 3685 7379 3747 7379 3737 7379 3737 7380 3747 7380 3748 7380 3737 7381 3748 7381 3749 7381 3737 7382 3749 7382 3750 7382 3737 7383 3750 7383 3738 7383 3738 7384 3750 7384 3751 7384 3738 7385 3751 7385 3729 7385 3729 7386 3751 7386 3740 7386 3739 7387 3740 7387 3752 7387 3739 7388 3752 7388 3753 7388 3739 7389 3753 7389 3754 7389 3739 7390 3754 7390 3741 7390 3741 7391 3754 7391 3755 7391 3741 7392 3755 7392 3742 7392 3742 7393 3755 7393 3756 7393 3742 7394 3756 7394 3757 7394 3742 7395 3757 7395 3743 7395 3743 7396 3757 7396 3744 7396 3706 7397 3744 7397 3757 7397 3706 7398 3757 7398 3707 7398 3725 7399 3724 7399 3745 7399 3745 7400 3758 7400 3759 7400 3745 7401 3759 7401 3746 7401 3745 7402 3724 7402 3760 7402 3745 7403 3760 7403 3761 7403 3745 7404 3761 7404 3758 7404 3746 7405 3759 7405 3683 7405 3683 7406 3759 7406 3684 7406 3684 7407 3759 7407 3747 7407 3747 7408 3759 7408 3762 7408 3747 7409 3762 7409 3763 7409 3747 7410 3763 7410 3764 7410 3747 7411 3764 7411 3765 7411 3747 7412 3765 7412 3748 7412 3748 7413 3766 7413 3767 7413 3748 7414 3767 7414 3749 7414 3748 7415 3765 7415 3766 7415 3749 7416 3767 7416 3768 7416 3749 7417 3768 7417 3769 7417 3749 7418 3769 7418 3750 7418 3750 7419 3769 7419 3751 7419 3751 7420 3769 7420 3770 7420 3751 7421 3770 7421 3740 7421 3740 7422 3770 7422 3771 7422 3740 7423 3771 7423 3752 7423 3753 7424 3752 7424 3772 7424 3753 7425 3772 7425 3773 7425 3753 7426 3773 7426 3774 7426 3753 7427 3774 7427 3754 7427 3754 7428 3774 7428 3755 7428 3755 7429 3775 7429 3756 7429 3755 7430 3774 7430 3775 7430 3757 7431 3756 7431 3708 7431 3757 7432 3708 7432 3707 7432 3724 7433 3723 7433 3760 7433 3758 7434 3761 7434 3776 7434 3758 7435 3776 7435 3777 7435 3758 7436 3777 7436 3778 7436 3758 7437 3778 7437 3759 7437 3759 7438 3778 7438 3762 7438 3760 7439 3723 7439 3722 7439 3760 7440 3722 7440 3779 7440 3760 7441 3779 7441 3780 7441 3760 7442 3780 7442 3761 7442 3761 7443 3780 7443 3781 7443 3761 7444 3781 7444 3776 7444 3762 7445 3778 7445 3782 7445 3762 7446 3782 7446 3763 7446 3763 7447 3782 7447 3783 7447 3763 7448 3783 7448 3764 7448 3764 7449 3783 7449 3784 7449 3764 7450 3784 7450 3785 7450 3764 7451 3785 7451 3786 7451 3764 7452 3786 7452 3765 7452 3765 7453 3786 7453 3766 7453 3766 7454 3786 7454 3787 7454 3766 7455 3787 7455 3767 7455 3767 7456 3787 7456 3768 7456 3768 7457 3787 7457 3788 7457 3768 7458 3788 7458 3789 7458 3768 7459 3789 7459 3769 7459 3769 7460 3789 7460 3770 7460 3770 7461 3789 7461 3790 7461 3770 7462 3790 7462 3771 7462 3752 7463 3771 7463 3791 7463 3752 7464 3791 7464 3772 7464 3773 7465 3772 7465 3792 7465 3773 7466 3792 7466 3793 7466 3773 7467 3793 7467 3774 7467 3774 7468 3793 7468 3794 7468 3774 7469 3794 7469 3775 7469 3775 7470 3794 7470 3795 7470 3775 7471 3795 7471 3711 7471 3775 7472 3711 7472 3796 7472 3775 7473 3796 7473 3797 7473 3775 7474 3797 7474 3710 7474 3775 7475 3710 7475 3756 7475 3756 7476 3710 7476 3709 7476 3756 7477 3709 7477 3708 7477 3776 7478 3781 7478 3780 7478 3776 7479 3780 7479 3798 7479 3776 7480 3798 7480 3799 7480 3776 7481 3799 7481 3800 7481 3776 7482 3800 7482 3782 7482 3776 7483 3782 7483 3778 7483 3776 7484 3778 7484 3777 7484 3722 7485 3721 7485 3779 7485 3779 7486 3801 7486 3802 7486 3779 7487 3802 7487 3780 7487 3779 7488 3721 7488 3720 7488 3779 7489 3720 7489 3801 7489 3780 7490 3802 7490 3803 7490 3780 7491 3803 7491 3798 7491 3782 7492 3800 7492 3783 7492 3783 7493 3800 7493 3804 7493 3783 7494 3804 7494 3805 7494 3783 7495 3805 7495 3806 7495 3783 7496 3806 7496 3784 7496 3784 7497 3807 7497 3808 7497 3784 7498 3808 7498 3785 7498 3784 7499 3806 7499 3809 7499 3784 7500 3809 7500 3807 7500 3785 7501 3808 7501 3810 7501 3785 7502 3810 7502 3811 7502 3785 7503 3811 7503 3786 7503 3786 7504 3812 7504 3813 7504 3786 7505 3813 7505 3787 7505 3786 7506 3811 7506 3812 7506 3787 7507 3814 7507 3788 7507 3787 7508 3813 7508 3814 7508 3788 7509 3814 7509 3815 7509 3788 7510 3815 7510 3816 7510 3788 7511 3816 7511 3790 7511 3788 7512 3790 7512 3789 7512 3771 7513 3790 7513 3817 7513 3771 7514 3817 7514 3791 7514 3772 7515 3791 7515 3818 7515 3772 7516 3818 7516 3792 7516 3791 7517 3817 7517 3819 7517 3791 7518 3819 7518 3818 7518 3793 7519 3820 7519 3821 7519 3793 7520 3821 7520 3822 7520 3793 7521 3822 7521 3794 7521 3793 7522 3792 7522 3823 7522 3793 7523 3823 7523 3820 7523 3794 7524 3822 7524 3795 7524 3795 7525 3822 7525 3712 7525 3795 7526 3712 7526 3711 7526 3711 7527 3710 7527 3824 7527 3711 7528 3824 7528 3825 7528 3711 7529 3825 7529 3796 7529 3796 7530 3825 7530 3710 7530 3796 7531 3710 7531 3797 7531 3710 7532 3825 7532 3824 7532 3798 7533 3803 7533 3826 7533 3798 7534 3826 7534 3827 7534 3798 7535 3827 7535 3799 7535 3799 7536 3827 7536 3800 7536 3800 7537 3828 7537 3804 7537 3800 7538 3827 7538 3828 7538 3801 7539 3720 7539 3719 7539 3801 7540 3719 7540 3829 7540 3801 7541 3829 7541 3802 7541 3802 7542 3829 7542 3830 7542 3802 7543 3830 7543 3831 7543 3802 7544 3831 7544 3832 7544 3802 7545 3832 7545 3803 7545 3804 7546 3833 7546 3834 7546 3804 7547 3834 7547 3805 7547 3804 7548 3828 7548 3835 7548 3804 7549 3835 7549 3833 7549 3805 7550 3834 7550 3809 7550 3805 7551 3809 7551 3806 7551 3807 7552 3836 7552 3808 7552 3807 7553 3809 7553 3837 7553 3807 7554 3837 7554 3836 7554 3808 7555 3836 7555 3838 7555 3808 7556 3838 7556 3810 7556 3811 7557 3810 7557 3839 7557 3811 7558 3839 7558 3812 7558 3812 7559 3839 7559 3840 7559 3812 7560 3840 7560 3813 7560 3813 7561 3840 7561 3815 7561 3813 7562 3815 7562 3814 7562 3816 7563 3815 7563 3841 7563 3816 7564 3841 7564 3842 7564 3816 7565 3842 7565 3790 7565 3790 7566 3842 7566 3817 7566 3817 7567 3842 7567 3843 7567 3817 7568 3843 7568 3819 7568 3792 7569 3818 7569 3823 7569 3818 7570 3819 7570 3844 7570 3818 7571 3844 7571 3823 7571 3819 7572 3843 7572 3844 7572 3820 7573 3823 7573 3845 7573 3820 7574 3845 7574 3846 7574 3820 7575 3846 7575 3847 7575 3820 7576 3847 7576 3848 7576 3820 7577 3848 7577 3716 7577 3820 7578 3716 7578 3715 7578 3820 7579 3715 7579 3849 7579 3820 7580 3849 7580 3821 7580 3821 7581 3849 7581 3850 7581 3821 7582 3850 7582 3851 7582 3821 7583 3851 7583 3852 7583 3821 7584 3852 7584 3822 7584 3822 7585 3852 7585 3853 7585 3822 7586 3853 7586 3854 7586 3822 7587 3854 7587 3712 7587 3712 7588 3854 7588 3853 7588 3712 7589 3853 7589 3713 7589 3803 7590 3832 7590 3855 7590 3803 7591 3855 7591 3826 7591 3827 7592 3826 7592 3835 7592 3827 7593 3835 7593 3828 7593 3719 7594 3718 7594 3829 7594 3829 7595 3718 7595 3856 7595 3829 7596 3856 7596 3830 7596 3830 7597 3856 7597 3857 7597 3830 7598 3857 7598 3831 7598 3831 7599 3857 7599 3832 7599 3832 7600 3857 7600 3858 7600 3832 7601 3858 7601 3859 7601 3832 7602 3859 7602 3860 7602 3832 7603 3860 7603 3861 7603 3832 7604 3861 7604 3855 7604 3833 7605 3837 7605 3834 7605 3833 7606 3835 7606 3861 7606 3833 7607 3861 7607 3837 7607 3834 7608 3837 7608 3809 7608 3836 7609 3837 7609 3862 7609 3836 7610 3862 7610 3863 7610 3836 7611 3863 7611 3864 7611 3836 7612 3864 7612 3838 7612 3837 7613 3861 7613 3860 7613 3837 7614 3860 7614 3862 7614 3838 7615 3865 7615 3841 7615 3838 7616 3841 7616 3840 7616 3838 7617 3840 7617 3839 7617 3838 7618 3839 7618 3810 7618 3838 7619 3864 7619 3865 7619 3840 7620 3841 7620 3815 7620 3841 7621 3865 7621 3866 7621 3841 7622 3866 7622 3842 7622 3842 7623 3866 7623 3843 7623 3843 7624 3866 7624 3867 7624 3843 7625 3867 7625 3844 7625 3823 7626 3844 7626 3845 7626 3844 7627 3867 7627 3863 7627 3844 7628 3863 7628 3845 7628 3849 7629 3715 7629 3714 7629 3849 7630 3714 7630 3850 7630 3850 7631 3714 7631 3851 7631 3851 7632 3714 7632 3852 7632 3852 7633 3714 7633 3853 7633 3853 7634 3714 7634 3713 7634 3855 7635 3861 7635 3826 7635 3826 7636 3861 7636 3835 7636 3718 7637 3717 7637 3856 7637 3856 7638 3847 7638 3868 7638 3856 7639 3868 7639 3869 7639 3856 7640 3869 7640 3857 7640 3856 7641 3717 7641 3848 7641 3856 7642 3848 7642 3847 7642 3857 7643 3869 7643 3858 7643 3858 7644 3869 7644 3859 7644 3859 7645 3869 7645 3868 7645 3859 7646 3868 7646 3870 7646 3859 7647 3870 7647 3860 7647 3860 7648 3870 7648 3862 7648 3862 7649 3870 7649 3863 7649 3863 7650 3870 7650 3868 7650 3863 7651 3868 7651 3846 7651 3863 7652 3846 7652 3845 7652 3863 7653 3867 7653 3864 7653 3864 7654 3867 7654 3865 7654 3865 7655 3867 7655 3866 7655 3717 7656 3716 7656 3848 7656 3847 7657 3846 7657 3868 7657 3871 7658 3872 7658 3873 7658 3871 7659 3873 7659 3874 7659 3871 7660 3874 7660 3875 7660 3871 7661 3875 7661 3876 7661 3871 7662 3876 7662 3877 7662 3871 7663 3877 7663 3878 7663 3871 7664 3878 7664 3879 7664 3871 7665 3879 7665 3880 7665 3871 7666 3880 7666 3881 7666 3871 7667 3881 7667 3882 7667 3871 7668 3882 7668 3883 7668 3871 7669 3883 7669 3884 7669 3871 7670 3884 7670 3885 7670 3871 7671 3885 7671 3886 7671 3871 7672 3886 7672 3887 7672 3871 7673 3887 7673 3888 7673 3871 7674 3888 7674 3889 7674 3871 7675 3889 7675 3890 7675 3871 7676 3890 7676 3891 7676 3871 7677 3891 7677 3892 7677 3871 7678 3892 7678 3893 7678 3871 7679 3893 7679 3894 7679 3871 7680 3894 7680 3895 7680 3871 7681 3895 7681 3896 7681 3871 7682 3896 7682 3897 7682 3871 7683 3897 7683 3898 7683 3871 7684 3898 7684 3899 7684 3871 7685 3899 7685 3900 7685 3871 7686 3900 7686 3901 7686 3871 7687 3901 7687 3902 7687 3871 7688 3902 7688 3903 7688 3871 7689 3903 7689 3904 7689 3871 7690 3904 7690 3905 7690 3871 7691 3905 7691 3906 7691 3871 7692 3906 7692 3907 7692 3871 7693 3907 7693 3908 7693 3871 7694 3908 7694 3909 7694 3871 7695 3909 7695 3910 7695 3871 7696 3910 7696 3911 7696 3871 7697 3911 7697 3912 7697 3871 7698 3912 7698 3913 7698 3871 7699 3913 7699 3914 7699 3871 7700 3914 7700 3915 7700 3871 7701 3915 7701 3916 7701 3871 7702 3916 7702 3917 7702 3871 7703 3917 7703 3918 7703 3871 7704 3918 7704 3919 7704 3871 7705 3919 7705 3920 7705 3871 7706 3920 7706 3921 7706 3871 7707 3921 7707 3922 7707 3871 7708 3922 7708 3923 7708 3871 7709 3923 7709 3924 7709 3871 7710 3924 7710 3925 7710 3871 7711 3925 7711 3926 7711 3871 7712 3926 7712 3927 7712 3871 7713 3927 7713 3928 7713 3871 7714 3928 7714 3929 7714 3871 7715 3929 7715 3930 7715 3871 7716 3930 7716 3931 7716 3871 7717 3931 7717 3872 7717 3872 7718 3931 7718 3932 7718 3872 7719 3932 7719 3873 7719 3930 7720 3929 7720 3933 7720 3930 7721 3933 7721 3934 7721 3930 7722 3934 7722 3931 7722 3931 7723 3934 7723 3935 7723 3931 7724 3935 7724 3936 7724 3931 7725 3936 7725 3937 7725 3931 7726 3937 7726 3932 7726 3932 7727 3937 7727 3938 7727 3932 7728 3938 7728 3939 7728 3932 7729 3939 7729 3873 7729 3873 7730 3939 7730 3940 7730 3873 7731 3940 7731 3874 7731 3929 7732 3928 7732 3941 7732 3929 7733 3941 7733 3933 7733 3933 7734 3941 7734 3942 7734 3933 7735 3942 7735 3934 7735 3934 7736 3942 7736 3935 7736 3935 7737 3943 7737 3936 7737 3935 7738 3942 7738 3944 7738 3935 7739 3944 7739 3943 7739 3936 7740 3943 7740 3945 7740 3936 7741 3945 7741 3946 7741 3936 7742 3946 7742 3937 7742 3937 7743 3946 7743 3947 7743 3937 7744 3947 7744 3938 7744 3938 7745 3948 7745 3949 7745 3938 7746 3949 7746 3939 7746 3938 7747 3947 7747 3948 7747 3939 7748 3949 7748 3940 7748 3940 7749 3949 7749 3950 7749 3940 7750 3950 7750 3874 7750 3874 7751 3950 7751 3875 7751 3928 7752 3927 7752 3951 7752 3928 7753 3951 7753 3952 7753 3928 7754 3952 7754 3941 7754 3941 7755 3952 7755 3953 7755 3941 7756 3953 7756 3942 7756 3942 7757 3953 7757 3954 7757 3942 7758 3954 7758 3944 7758 3943 7759 3955 7759 3956 7759 3943 7760 3956 7760 3945 7760 3943 7761 3944 7761 3955 7761 3944 7762 3954 7762 3957 7762 3944 7763 3957 7763 3958 7763 3944 7764 3958 7764 3959 7764 3944 7765 3959 7765 3960 7765 3944 7766 3960 7766 3961 7766 3944 7767 3961 7767 3955 7767 3945 7768 3956 7768 3946 7768 3946 7769 3962 7769 3947 7769 3946 7770 3956 7770 3962 7770 3947 7771 3962 7771 3963 7771 3947 7772 3963 7772 3948 7772 3948 7773 3964 7773 3949 7773 3948 7774 3963 7774 3965 7774 3948 7775 3965 7775 3966 7775 3948 7776 3966 7776 3967 7776 3948 7777 3967 7777 3964 7777 3949 7778 3964 7778 3968 7778 3949 7779 3968 7779 3969 7779 3949 7780 3969 7780 3950 7780 3950 7781 3969 7781 3970 7781 3950 7782 3970 7782 3876 7782 3950 7783 3876 7783 3875 7783 3927 7784 3926 7784 3951 7784 3951 7785 3926 7785 3952 7785 3952 7786 3926 7786 3971 7786 3952 7787 3971 7787 3972 7787 3952 7788 3972 7788 3953 7788 3953 7789 3972 7789 3957 7789 3953 7790 3957 7790 3954 7790 3955 7791 3961 7791 3960 7791 3955 7792 3960 7792 3959 7792 3955 7793 3959 7793 3973 7793 3955 7794 3973 7794 3974 7794 3955 7795 3974 7795 3975 7795 3955 7796 3975 7796 3976 7796 3955 7797 3976 7797 3977 7797 3955 7798 3977 7798 3978 7798 3955 7799 3978 7799 3979 7799 3955 7800 3979 7800 3980 7800 3955 7801 3980 7801 3981 7801 3955 7802 3981 7802 3982 7802 3955 7803 3982 7803 3983 7803 3955 7804 3983 7804 3984 7804 3955 7805 3984 7805 3985 7805 3955 7806 3985 7806 3986 7806 3955 7807 3986 7807 3987 7807 3955 7808 3987 7808 3988 7808 3955 7809 3988 7809 3989 7809 3955 7810 3989 7810 3990 7810 3955 7811 3990 7811 3991 7811 3955 7812 3991 7812 3992 7812 3955 7813 3992 7813 3993 7813 3955 7814 3993 7814 3994 7814 3955 7815 3994 7815 3995 7815 3955 7816 3995 7816 3996 7816 3955 7817 3996 7817 3997 7817 3955 7818 3997 7818 3998 7818 3955 7819 3998 7819 3999 7819 3955 7820 3999 7820 4000 7820 3955 7821 4000 7821 4001 7821 3955 7822 4001 7822 4002 7822 3955 7823 4002 7823 4003 7823 3955 7824 4003 7824 4004 7824 3955 7825 4004 7825 4005 7825 3955 7826 4005 7826 4006 7826 3955 7827 4006 7827 4007 7827 3955 7828 4007 7828 4008 7828 3955 7829 4008 7829 4009 7829 3955 7830 4009 7830 4010 7830 3955 7831 4010 7831 4011 7831 3955 7832 4011 7832 4012 7832 3955 7833 4012 7833 4013 7833 3955 7834 4013 7834 4014 7834 3955 7835 4014 7835 4015 7835 3955 7836 4015 7836 4016 7836 3955 7837 4016 7837 4017 7837 3955 7838 4017 7838 4018 7838 3955 7839 4018 7839 4019 7839 3955 7840 4019 7840 4020 7840 3955 7841 4020 7841 4021 7841 3955 7842 4021 7842 4022 7842 3955 7843 4022 7843 4023 7843 3955 7844 4023 7844 4024 7844 3955 7845 4024 7845 4025 7845 3955 7846 4025 7846 4026 7846 3955 7847 4026 7847 4027 7847 3955 7848 4027 7848 4028 7848 3955 7849 4028 7849 3966 7849 3955 7850 3966 7850 3965 7850 3955 7851 3965 7851 3963 7851 3955 7852 3963 7852 3962 7852 3955 7853 3962 7853 3956 7853 3957 7854 3975 7854 3974 7854 3957 7855 3974 7855 3973 7855 3957 7856 3973 7856 3959 7856 3957 7857 3959 7857 3958 7857 3957 7858 3972 7858 4029 7858 3957 7859 4029 7859 4030 7859 3957 7860 4030 7860 3975 7860 3964 7861 3967 7861 3968 7861 3966 7862 4028 7862 3967 7862 3967 7863 4028 7863 4031 7863 3967 7864 4031 7864 3968 7864 3968 7865 4031 7865 3969 7865 3969 7866 4032 7866 3970 7866 3969 7867 4031 7867 4033 7867 3969 7868 4033 7868 4034 7868 3969 7869 4034 7869 4035 7869 3969 7870 4035 7870 4036 7870 3969 7871 4036 7871 4032 7871 3970 7872 4032 7872 3876 7872 3876 7873 4032 7873 3877 7873 3926 7874 3925 7874 4037 7874 3926 7875 4037 7875 3971 7875 3971 7876 4037 7876 3972 7876 3972 7877 4037 7877 4038 7877 3972 7878 4038 7878 4029 7878 3975 7879 4030 7879 3976 7879 4029 7880 4038 7880 4030 7880 4030 7881 3978 7881 3977 7881 4030 7882 3977 7882 3976 7882 4030 7883 4038 7883 4039 7883 4030 7884 4039 7884 4040 7884 4030 7885 4040 7885 3978 7885 4028 7886 4027 7886 4041 7886 4028 7887 4041 7887 4031 7887 4031 7888 4041 7888 4033 7888 4032 7889 4036 7889 3878 7889 4032 7890 3878 7890 3877 7890 4033 7891 4041 7891 4034 7891 4034 7892 4041 7892 4042 7892 4034 7893 4042 7893 4043 7893 4034 7894 4043 7894 4035 7894 4035 7895 3879 7895 3878 7895 4035 7896 3878 7896 4036 7896 4035 7897 4043 7897 4044 7897 4035 7898 4044 7898 3880 7898 4035 7899 3880 7899 3879 7899 3925 7900 3924 7900 4037 7900 4037 7901 3924 7901 4045 7901 4037 7902 4045 7902 4038 7902 4038 7903 4045 7903 4046 7903 4038 7904 4046 7904 4047 7904 4038 7905 4047 7905 4039 7905 3978 7906 4040 7906 3979 7906 4039 7907 4047 7907 4040 7907 4040 7908 3980 7908 3979 7908 4040 7909 4047 7909 4048 7909 4040 7910 4048 7910 4049 7910 4040 7911 4049 7911 4050 7911 4040 7912 4050 7912 4051 7912 4040 7913 4051 7913 3980 7913 4027 7914 4026 7914 4041 7914 4041 7915 4022 7915 4052 7915 4041 7916 4052 7916 4053 7916 4041 7917 4053 7917 4042 7917 4041 7918 4026 7918 4025 7918 4041 7919 4025 7919 4024 7919 4041 7920 4024 7920 4023 7920 4041 7921 4023 7921 4022 7921 4042 7922 4053 7922 4043 7922 4043 7923 4053 7923 4054 7923 4043 7924 4054 7924 4055 7924 4043 7925 4055 7925 4056 7925 4043 7926 4056 7926 4057 7926 4043 7927 4057 7927 4058 7927 4043 7928 4058 7928 4044 7928 4044 7929 4058 7929 3880 7929 3924 7930 3923 7930 4059 7930 3924 7931 4059 7931 4045 7931 4045 7932 4059 7932 3923 7932 4045 7933 3923 7933 4046 7933 4046 7934 3923 7934 4060 7934 4046 7935 4060 7935 4061 7935 4046 7936 4061 7936 4047 7936 4047 7937 4061 7937 4062 7937 4047 7938 4062 7938 4048 7938 3980 7939 4051 7939 4050 7939 3980 7940 4050 7940 3981 7940 4048 7941 4062 7941 4063 7941 4048 7942 4063 7942 4064 7942 4048 7943 4064 7943 4049 7943 4049 7944 4064 7944 4050 7944 4050 7945 4064 7945 4065 7945 4050 7946 4065 7946 4066 7946 4050 7947 4066 7947 3983 7947 4050 7948 3983 7948 3982 7948 4050 7949 3982 7949 3981 7949 4022 7950 4021 7950 4067 7950 4022 7951 4067 7951 4052 7951 4052 7952 4067 7952 4053 7952 4053 7953 4067 7953 4054 7953 4054 7954 4067 7954 4055 7954 4055 7955 4068 7955 4069 7955 4055 7956 4069 7956 4056 7956 4055 7957 4067 7957 4070 7957 4055 7958 4070 7958 4068 7958 4056 7959 3883 7959 3882 7959 4056 7960 3882 7960 4057 7960 4056 7961 4069 7961 4071 7961 4056 7962 4071 7962 3884 7962 4056 7963 3884 7963 3883 7963 4057 7964 3882 7964 3881 7964 4057 7965 3881 7965 4058 7965 4058 7966 3881 7966 3880 7966 3923 7967 3922 7967 4060 7967 4061 7968 4060 7968 3921 7968 4061 7969 3921 7969 4062 7969 4062 7970 3921 7970 3920 7970 4062 7971 3920 7971 4063 7971 4063 7972 3920 7972 3919 7972 4063 7973 3919 7973 4072 7973 4063 7974 4072 7974 4064 7974 4064 7975 4072 7975 4073 7975 4064 7976 4073 7976 4065 7976 4065 7977 4073 7977 4074 7977 4065 7978 4074 7978 4075 7978 4065 7979 4075 7979 4066 7979 4066 7980 4075 7980 4076 7980 4066 7981 4076 7981 3985 7981 4066 7982 3985 7982 3984 7982 4066 7983 3984 7983 3983 7983 4021 7984 4020 7984 4070 7984 4021 7985 4070 7985 4067 7985 4068 7986 4070 7986 4020 7986 4068 7987 4020 7987 4077 7987 4068 7988 4077 7988 4069 7988 4069 7989 4078 7989 4079 7989 4069 7990 4079 7990 4080 7990 4069 7991 4080 7991 4071 7991 4069 7992 4077 7992 4078 7992 4071 7993 4080 7993 3885 7993 4071 7994 3885 7994 3884 7994 3922 7995 3921 7995 4060 7995 3919 7996 3918 7996 4072 7996 4072 7997 3918 7997 4073 7997 4073 7998 3918 7998 3917 7998 4073 7999 3917 7999 4074 7999 4074 8000 3917 8000 3916 8000 4074 8001 3916 8001 4081 8001 4074 8002 4081 8002 4082 8002 4074 8003 4082 8003 4083 8003 4074 8004 4083 8004 4075 8004 4075 8005 4083 8005 4084 8005 4075 8006 4084 8006 4085 8006 4075 8007 4085 8007 4076 8007 4076 8008 4085 8008 3986 8008 4076 8009 3986 8009 3985 8009 4020 8010 4019 8010 4077 8010 4077 8011 4086 8011 4078 8011 4077 8012 4019 8012 4018 8012 4077 8013 4018 8013 4086 8013 4078 8014 4087 8014 4079 8014 4078 8015 4086 8015 4087 8015 4079 8016 4088 8016 3886 8016 4079 8017 3886 8017 4080 8017 4079 8018 4087 8018 4088 8018 4080 8019 3886 8019 3885 8019 4081 8020 3916 8020 3915 8020 4081 8021 3915 8021 4089 8021 4081 8022 4089 8022 4090 8022 4081 8023 4090 8023 4082 8023 4082 8024 4090 8024 4091 8024 4082 8025 4091 8025 4092 8025 4082 8026 4092 8026 4083 8026 4083 8027 4092 8027 4084 8027 4084 8028 4092 8028 4085 8028 4085 8029 4092 8029 3986 8029 3986 8030 4092 8030 3987 8030 4086 8031 4093 8031 4087 8031 4086 8032 4018 8032 4093 8032 4018 8033 4017 8033 4093 8033 4087 8034 4094 8034 4095 8034 4087 8035 4095 8035 4088 8035 4087 8036 4093 8036 4094 8036 4088 8037 4095 8037 3887 8037 4088 8038 3887 8038 3886 8038 4089 8039 3915 8039 4096 8039 4089 8040 4096 8040 4097 8040 4089 8041 4097 8041 4090 8041 4090 8042 4097 8042 4098 8042 4090 8043 4098 8043 4091 8043 4091 8044 4098 8044 3990 8044 4091 8045 3990 8045 3989 8045 4091 8046 3989 8046 3988 8046 4091 8047 3988 8047 4092 8047 4092 8048 3988 8048 3987 8048 4093 8049 4017 8049 4016 8049 4093 8050 4016 8050 4015 8050 4093 8051 4015 8051 4099 8051 4093 8052 4099 8052 4100 8052 4093 8053 4100 8053 4094 8053 4094 8054 4101 8054 4095 8054 4094 8055 4100 8055 4102 8055 4094 8056 4102 8056 4103 8056 4094 8057 4103 8057 4104 8057 4094 8058 4104 8058 4101 8058 4095 8059 4101 8059 3887 8059 3887 8060 4101 8060 3888 8060 3915 8061 3914 8061 4096 8061 4096 8062 3914 8062 4105 8062 4096 8063 4105 8063 4097 8063 4097 8064 4105 8064 4106 8064 4097 8065 4106 8065 4107 8065 4097 8066 4107 8066 4108 8066 4097 8067 4108 8067 4098 8067 4098 8068 4108 8068 4109 8068 4098 8069 4109 8069 3991 8069 4098 8070 3991 8070 3990 8070 4015 8071 4014 8071 4110 8071 4015 8072 4110 8072 4111 8072 4015 8073 4111 8073 4099 8073 4099 8074 4111 8074 4100 8074 4100 8075 4111 8075 4110 8075 4100 8076 4110 8076 4102 8076 4101 8077 4104 8077 3889 8077 4101 8078 3889 8078 3888 8078 4102 8079 4110 8079 4112 8079 4102 8080 4112 8080 4103 8080 4103 8081 3890 8081 4104 8081 4103 8082 4112 8082 4113 8082 4103 8083 4113 8083 3891 8083 4103 8084 3891 8084 3890 8084 4104 8085 3890 8085 3889 8085 3914 8086 3913 8086 4105 8086 4105 8087 3913 8087 3912 8087 4105 8088 3912 8088 4114 8088 4105 8089 4114 8089 4106 8089 4106 8090 4115 8090 4116 8090 4106 8091 4116 8091 4117 8091 4106 8092 4117 8092 4118 8092 4106 8093 4118 8093 4107 8093 4106 8094 4114 8094 4119 8094 4106 8095 4119 8095 4115 8095 4107 8096 4118 8096 4109 8096 4107 8097 4109 8097 4108 8097 4109 8098 4118 8098 3993 8098 4109 8099 3993 8099 3992 8099 4109 8100 3992 8100 3991 8100 4014 8101 4013 8101 4110 8101 4110 8102 4120 8102 4112 8102 4110 8103 4013 8103 4012 8103 4110 8104 4012 8104 4121 8104 4110 8105 4121 8105 4120 8105 4112 8106 4120 8106 4122 8106 4112 8107 4122 8107 4113 8107 4113 8108 4122 8108 3891 8108 3912 8109 3911 8109 4119 8109 3912 8110 4119 8110 4114 8110 4115 8111 3909 8111 4123 8111 4115 8112 4123 8112 4116 8112 4115 8113 4119 8113 3911 8113 4115 8114 3911 8114 4124 8114 4115 8115 4124 8115 3909 8115 4116 8116 4123 8116 4125 8116 4116 8117 4125 8117 4126 8117 4116 8118 4126 8118 4127 8118 4116 8119 4127 8119 4117 8119 4117 8120 4127 8120 4118 8120 4118 8121 4127 8121 3993 8121 3993 8122 4127 8122 3994 8122 4120 8123 4121 8123 4128 8123 4120 8124 4128 8124 4122 8124 4012 8125 4011 8125 4121 8125 4121 8126 4011 8126 4010 8126 4121 8127 4010 8127 4129 8127 4121 8128 4129 8128 4130 8128 4121 8129 4130 8129 4128 8129 4122 8130 4128 8130 4131 8130 4122 8131 4131 8131 3893 8131 4122 8132 3893 8132 3892 8132 4122 8133 3892 8133 3891 8133 3911 8134 3910 8134 4124 8134 3909 8135 3908 8135 4132 8135 3909 8136 4132 8136 4123 8136 3909 8137 4124 8137 3910 8137 4123 8138 4132 8138 4125 8138 4125 8139 4133 8139 4134 8139 4125 8140 4134 8140 4135 8140 4125 8141 4135 8141 4136 8141 4125 8142 4136 8142 4137 8142 4125 8143 4137 8143 4138 8143 4125 8144 4138 8144 4126 8144 4125 8145 4132 8145 4133 8145 4126 8146 4138 8146 4127 8146 4127 8147 4138 8147 3998 8147 4127 8148 3998 8148 3997 8148 4127 8149 3997 8149 3996 8149 4127 8150 3996 8150 3995 8150 4127 8151 3995 8151 3994 8151 4128 8152 4130 8152 4139 8152 4128 8153 4139 8153 4131 8153 4010 8154 4009 8154 4129 8154 4129 8155 4140 8155 4130 8155 4129 8156 4009 8156 4008 8156 4129 8157 4008 8157 4141 8157 4129 8158 4141 8158 4142 8158 4129 8159 4142 8159 4140 8159 4130 8160 4140 8160 4139 8160 4131 8161 4139 8161 3894 8161 4131 8162 3894 8162 3893 8162 3908 8163 3907 8163 4132 8163 4132 8164 3907 8164 4133 8164 4133 8165 3907 8165 4134 8165 4134 8166 3907 8166 3906 8166 4134 8167 3906 8167 3905 8167 4134 8168 3905 8168 4135 8168 4135 8169 3905 8169 3904 8169 4135 8170 3904 8170 4143 8170 4135 8171 4143 8171 4144 8171 4135 8172 4144 8172 4136 8172 4136 8173 4145 8173 4146 8173 4136 8174 4146 8174 4137 8174 4136 8175 4144 8175 4147 8175 4136 8176 4147 8176 4145 8176 4137 8177 4146 8177 4138 8177 4138 8178 4146 8178 3998 8178 3998 8179 4146 8179 3999 8179 4139 8180 4140 8180 4148 8180 4139 8181 4148 8181 3895 8181 4139 8182 3895 8182 3894 8182 4140 8183 4142 8183 4149 8183 4140 8184 4149 8184 4148 8184 4008 8185 4007 8185 4141 8185 4141 8186 4007 8186 4006 8186 4141 8187 4006 8187 4150 8187 4141 8188 4150 8188 4151 8188 4141 8189 4151 8189 4152 8189 4141 8190 4152 8190 4153 8190 4141 8191 4153 8191 4142 8191 4142 8192 4153 8192 4149 8192 3904 8193 3903 8193 4143 8193 4143 8194 3903 8194 4154 8194 4143 8195 4154 8195 4144 8195 4144 8196 4154 8196 4155 8196 4144 8197 4155 8197 4156 8197 4144 8198 4156 8198 4157 8198 4144 8199 4157 8199 4147 8199 4145 8200 4000 8200 4146 8200 4145 8201 4147 8201 4001 8201 4145 8202 4001 8202 4000 8202 4146 8203 4000 8203 3999 8203 4147 8204 4157 8204 4001 8204 4148 8205 4149 8205 3896 8205 4148 8206 3896 8206 3895 8206 4149 8207 4153 8207 4158 8207 4149 8208 4158 8208 3897 8208 4149 8209 3897 8209 3896 8209 4006 8210 4005 8210 4159 8210 4006 8211 4159 8211 4160 8211 4006 8212 4160 8212 4150 8212 4150 8213 4160 8213 4151 8213 4151 8214 4160 8214 4159 8214 4151 8215 4159 8215 4161 8215 4151 8216 4161 8216 4152 8216 4152 8217 4161 8217 4162 8217 4152 8218 4162 8218 4153 8218 4153 8219 4162 8219 4158 8219 3903 8220 3902 8220 4154 8220 4154 8221 3902 8221 4155 8221 4155 8222 3902 8222 4163 8222 4155 8223 4163 8223 4164 8223 4155 8224 4164 8224 4156 8224 4156 8225 4164 8225 4157 8225 4157 8226 4164 8226 4159 8226 4157 8227 4159 8227 4003 8227 4157 8228 4003 8228 4002 8228 4157 8229 4002 8229 4001 8229 4158 8230 4162 8230 3898 8230 4158 8231 3898 8231 3897 8231 4005 8232 4004 8232 4159 8232 4159 8233 4004 8233 4003 8233 4159 8234 4164 8234 4161 8234 4161 8235 4165 8235 4166 8235 4161 8236 4166 8236 4162 8236 4161 8237 4164 8237 4163 8237 4161 8238 4163 8238 4165 8238 4162 8239 4166 8239 3898 8239 3902 8240 3901 8240 4163 8240 4163 8241 3901 8241 4165 8241 3898 8242 4166 8242 3899 8242 4165 8243 3901 8243 3900 8243 4165 8244 3900 8244 3899 8244 4165 8245 3899 8245 4166 8245 4167 8246 4168 8246 4169 8246 4167 8247 4169 8247 4170 8247 4167 8248 4170 8248 4171 8248 4167 8249 4171 8249 4172 8249 4167 8250 4172 8250 4173 8250 4167 8251 4173 8251 4174 8251 4167 8252 4174 8252 4175 8252 4167 8253 4175 8253 4176 8253 4167 8254 4176 8254 4177 8254 4167 8255 4177 8255 4178 8255 4167 8256 4178 8256 4168 8256 4168 8257 4179 8257 4180 8257 4168 8258 4180 8258 4181 8258 4168 8259 4181 8259 4169 8259 4168 8260 4178 8260 4182 8260 4168 8261 4182 8261 4179 8261 4169 8262 4183 8262 4184 8262 4169 8263 4184 8263 4170 8263 4169 8264 4181 8264 4183 8264 4178 8265 4177 8265 4185 8265 4178 8266 4185 8266 4186 8266 4178 8267 4186 8267 4187 8267 4178 8268 4187 8268 4188 8268 4178 8269 4188 8269 4189 8269 4178 8270 4189 8270 4190 8270 4178 8271 4190 8271 4191 8271 4178 8272 4191 8272 4192 8272 4178 8273 4192 8273 4193 8273 4178 8274 4193 8274 4194 8274 4178 8275 4194 8275 4195 8275 4178 8276 4195 8276 4196 8276 4178 8277 4196 8277 4197 8277 4178 8278 4197 8278 4198 8278 4178 8279 4198 8279 4199 8279 4178 8280 4199 8280 4200 8280 4178 8281 4200 8281 4182 8281 4179 8282 4201 8282 4202 8282 4179 8283 4202 8283 4180 8283 4179 8284 4182 8284 4201 8284 4180 8285 4202 8285 4203 8285 4180 8286 4203 8286 4181 8286 4181 8287 4203 8287 4204 8287 4181 8288 4204 8288 4184 8288 4181 8289 4184 8289 4183 8289 4182 8290 4200 8290 4201 8290 4170 8291 4184 8291 4171 8291 4177 8292 4176 8292 4185 8292 4201 8293 4200 8293 4205 8293 4201 8294 4205 8294 4206 8294 4201 8295 4206 8295 4197 8295 4201 8296 4197 8296 4196 8296 4201 8297 4196 8297 4207 8297 4201 8298 4207 8298 4203 8298 4201 8299 4203 8299 4202 8299 4203 8300 4207 8300 4208 8300 4203 8301 4208 8301 4209 8301 4203 8302 4209 8302 4210 8302 4203 8303 4210 8303 4211 8303 4203 8304 4211 8304 4212 8304 4203 8305 4212 8305 4213 8305 4203 8306 4213 8306 4214 8306 4203 8307 4214 8307 4215 8307 4203 8308 4215 8308 4216 8308 4203 8309 4216 8309 4173 8309 4203 8310 4173 8310 4172 8310 4203 8311 4172 8311 4204 8311 4204 8312 4172 8312 4171 8312 4204 8313 4171 8313 4184 8313 4200 8314 4199 8314 4205 8314 4176 8315 4175 8315 4185 8315 4185 8316 4175 8316 4217 8316 4185 8317 4217 8317 4218 8317 4185 8318 4218 8318 4219 8318 4185 8319 4219 8319 4186 8319 4205 8320 4199 8320 4206 8320 4207 8321 4196 8321 4195 8321 4207 8322 4195 8322 4220 8322 4207 8323 4220 8323 4221 8323 4207 8324 4221 8324 4222 8324 4207 8325 4222 8325 4208 8325 4199 8326 4198 8326 4206 8326 4175 8327 4174 8327 4223 8327 4175 8328 4223 8328 4217 8328 4186 8329 4219 8329 4187 8329 4217 8330 4223 8330 4218 8330 4218 8331 4223 8331 4224 8331 4218 8332 4224 8332 4219 8332 4219 8333 4224 8333 4225 8333 4219 8334 4225 8334 4226 8334 4219 8335 4226 8335 4187 8335 4206 8336 4198 8336 4197 8336 4208 8337 4222 8337 4209 8337 4173 8338 4216 8338 4174 8338 4174 8339 4216 8339 4223 8339 4223 8340 4216 8340 4224 8340 4187 8341 4226 8341 4227 8341 4187 8342 4227 8342 4188 8342 4224 8343 4216 8343 4225 8343 4225 8344 4216 8344 4228 8344 4225 8345 4228 8345 4226 8345 4226 8346 4228 8346 4229 8346 4226 8347 4229 8347 4230 8347 4226 8348 4230 8348 4227 8348 4195 8349 4194 8349 4220 8349 4222 8350 4221 8350 4231 8350 4222 8351 4231 8351 4209 8351 4209 8352 4231 8352 4232 8352 4209 8353 4232 8353 4233 8353 4209 8354 4233 8354 4234 8354 4209 8355 4234 8355 4210 8355 4216 8356 4215 8356 4228 8356 4188 8357 4227 8357 4189 8357 4227 8358 4230 8358 4235 8358 4227 8359 4235 8359 4189 8359 4228 8360 4215 8360 4229 8360 4229 8361 4215 8361 4230 8361 4230 8362 4236 8362 4237 8362 4230 8363 4237 8363 4238 8363 4230 8364 4238 8364 4235 8364 4230 8365 4215 8365 4239 8365 4230 8366 4239 8366 4214 8366 4230 8367 4214 8367 4240 8367 4230 8368 4240 8368 4236 8368 4194 8369 4241 8369 4221 8369 4194 8370 4221 8370 4220 8370 4194 8371 4193 8371 4242 8371 4194 8372 4242 8372 4243 8372 4194 8373 4243 8373 4241 8373 4221 8374 4241 8374 4231 8374 4231 8375 4241 8375 4243 8375 4231 8376 4243 8376 4232 8376 4232 8377 4243 8377 4242 8377 4232 8378 4242 8378 4233 8378 4233 8379 4242 8379 4244 8379 4233 8380 4244 8380 4234 8380 4234 8381 4245 8381 4210 8381 4234 8382 4244 8382 4245 8382 4210 8383 4245 8383 4246 8383 4210 8384 4246 8384 4247 8384 4210 8385 4247 8385 4211 8385 4215 8386 4214 8386 4239 8386 4189 8387 4235 8387 4190 8387 4235 8388 4238 8388 4248 8388 4235 8389 4248 8389 4249 8389 4235 8390 4249 8390 4191 8390 4235 8391 4191 8391 4190 8391 4236 8392 4240 8392 4250 8392 4236 8393 4250 8393 4251 8393 4236 8394 4251 8394 4252 8394 4236 8395 4252 8395 4237 8395 4237 8396 4252 8396 4248 8396 4237 8397 4248 8397 4238 8397 4214 8398 4213 8398 4240 8398 4240 8399 4213 8399 4212 8399 4240 8400 4212 8400 4250 8400 4193 8401 4192 8401 4253 8401 4193 8402 4253 8402 4244 8402 4193 8403 4244 8403 4242 8403 4244 8404 4253 8404 4246 8404 4244 8405 4246 8405 4245 8405 4246 8406 4253 8406 4249 8406 4246 8407 4249 8407 4248 8407 4246 8408 4248 8408 4252 8408 4246 8409 4252 8409 4251 8409 4246 8410 4251 8410 4250 8410 4246 8411 4250 8411 4211 8411 4246 8412 4211 8412 4247 8412 4211 8413 4250 8413 4212 8413 4249 8414 4253 8414 4192 8414 4249 8415 4192 8415 4191 8415 4254 8416 4255 8416 4256 8416 4254 8417 4256 8417 4257 8417 4254 8418 4257 8418 4258 8418 4254 8419 4258 8419 4259 8419 4254 8420 4259 8420 4260 8420 4254 8421 4260 8421 4261 8421 4254 8422 4261 8422 4262 8422 4254 8423 4262 8423 4263 8423 4254 8424 4263 8424 4264 8424 4254 8425 4264 8425 4265 8425 4254 8426 4265 8426 4266 8426 4254 8427 4266 8427 4267 8427 4254 8428 4267 8428 4255 8428 4255 8429 4257 8429 4256 8429 4255 8430 4267 8430 4266 8430 4255 8431 4266 8431 4268 8431 4255 8432 4268 8432 4269 8432 4255 8433 4269 8433 4270 8433 4255 8434 4270 8434 4271 8434 4255 8435 4271 8435 4272 8435 4255 8436 4272 8436 4273 8436 4255 8437 4273 8437 4274 8437 4255 8438 4274 8438 4275 8438 4255 8439 4275 8439 4258 8439 4255 8440 4258 8440 4257 8440 4259 8441 4258 8441 4275 8441 4259 8442 4275 8442 4260 8442 4268 8443 4266 8443 4265 8443 4268 8444 4265 8444 4269 8444 4260 8445 4275 8445 4261 8445 4265 8446 4264 8446 4269 8446 4269 8447 4264 8447 4263 8447 4269 8448 4263 8448 4270 8448 4275 8449 4274 8449 4262 8449 4275 8450 4262 8450 4261 8450 4270 8451 4263 8451 4271 8451 4263 8452 4262 8452 4273 8452 4263 8453 4273 8453 4272 8453 4263 8454 4272 8454 4271 8454 4274 8455 4273 8455 4262 8455 4276 8456 4277 8456 4278 8456 4276 8457 4278 8457 4279 8457 4276 8458 4279 8458 4280 8458 4276 8459 4280 8459 4281 8459 4276 8460 4281 8460 4282 8460 4276 8461 4282 8461 4283 8461 4276 8462 4283 8462 4284 8462 4276 8463 4284 8463 4285 8463 4276 8464 4285 8464 4286 8464 4276 8465 4286 8465 4287 8465 4276 8466 4287 8466 4277 8466 4277 8467 4287 8467 4278 8467 4278 8468 4288 8468 4281 8468 4278 8469 4281 8469 4280 8469 4278 8470 4280 8470 4279 8470 4278 8471 4287 8471 4288 8471 4282 8472 4281 8472 4288 8472 4282 8473 4288 8473 4289 8473 4282 8474 4289 8474 4290 8474 4282 8475 4290 8475 4291 8475 4282 8476 4291 8476 4292 8476 4282 8477 4292 8477 4293 8477 4282 8478 4293 8478 4294 8478 4282 8479 4294 8479 4295 8479 4282 8480 4295 8480 4296 8480 4282 8481 4296 8481 4283 8481 4285 8482 4284 8482 4297 8482 4285 8483 4297 8483 4298 8483 4285 8484 4298 8484 4299 8484 4285 8485 4299 8485 4300 8485 4285 8486 4300 8486 4301 8486 4285 8487 4301 8487 4302 8487 4285 8488 4302 8488 4303 8488 4285 8489 4303 8489 4304 8489 4285 8490 4304 8490 4305 8490 4285 8491 4305 8491 4286 8491 4286 8492 4305 8492 4287 8492 4287 8493 4305 8493 4304 8493 4287 8494 4304 8494 4296 8494 4287 8495 4296 8495 4295 8495 4287 8496 4295 8496 4306 8496 4287 8497 4306 8497 4307 8497 4287 8498 4307 8498 4308 8498 4287 8499 4308 8499 4309 8499 4287 8500 4309 8500 4289 8500 4287 8501 4289 8501 4288 8501 4283 8502 4301 8502 4300 8502 4283 8503 4300 8503 4299 8503 4283 8504 4299 8504 4298 8504 4283 8505 4298 8505 4297 8505 4283 8506 4297 8506 4284 8506 4283 8507 4296 8507 4301 8507 4309 8508 4308 8508 4290 8508 4309 8509 4290 8509 4289 8509 4301 8510 4296 8510 4302 8510 4296 8511 4304 8511 4303 8511 4296 8512 4303 8512 4302 8512 4308 8513 4307 8513 4291 8513 4308 8514 4291 8514 4290 8514 4295 8515 4294 8515 4306 8515 4307 8516 4306 8516 4294 8516 4307 8517 4294 8517 4293 8517 4307 8518 4293 8518 4292 8518 4307 8519 4292 8519 4291 8519 4310 8520 4311 8520 4312 8520 4310 8521 4312 8521 4313 8521 4310 8522 4313 8522 4314 8522 4310 8523 4314 8523 4315 8523 4310 8524 4315 8524 4316 8524 4310 8525 4316 8525 4317 8525 4310 8526 4317 8526 4318 8526 4310 8527 4318 8527 4319 8527 4310 8528 4319 8528 4320 8528 4310 8529 4320 8529 4321 8529 4310 8530 4321 8530 4322 8530 4310 8531 4322 8531 4323 8531 4310 8532 4323 8532 4324 8532 4310 8533 4324 8533 4325 8533 4310 8534 4325 8534 4326 8534 4310 8535 4326 8535 4327 8535 4310 8536 4327 8536 4328 8536 4310 8537 4328 8537 4329 8537 4310 8538 4329 8538 4330 8538 4310 8539 4330 8539 4331 8539 4310 8540 4331 8540 4332 8540 4310 8541 4332 8541 4333 8541 4310 8542 4333 8542 4334 8542 4310 8543 4334 8543 4335 8543 4310 8544 4335 8544 4336 8544 4310 8545 4336 8545 4337 8545 4310 8546 4337 8546 4311 8546 4311 8547 4337 8547 4338 8547 4311 8548 4338 8548 4339 8548 4311 8549 4339 8549 4340 8549 4311 8550 4340 8550 4341 8550 4311 8551 4341 8551 4342 8551 4311 8552 4342 8552 4343 8552 4311 8553 4343 8553 4312 8553 4314 8554 4313 8554 4315 8554 4315 8555 4344 8555 4317 8555 4315 8556 4317 8556 4316 8556 4315 8557 4313 8557 4312 8557 4315 8558 4312 8558 4345 8558 4315 8559 4345 8559 4346 8559 4315 8560 4346 8560 4347 8560 4315 8561 4347 8561 4348 8561 4315 8562 4348 8562 4349 8562 4315 8563 4349 8563 4350 8563 4315 8564 4350 8564 4351 8564 4315 8565 4351 8565 4352 8565 4315 8566 4352 8566 4353 8566 4315 8567 4353 8567 4354 8567 4315 8568 4354 8568 4355 8568 4315 8569 4355 8569 4356 8569 4315 8570 4356 8570 4357 8570 4315 8571 4357 8571 4358 8571 4315 8572 4358 8572 4359 8572 4315 8573 4359 8573 4360 8573 4315 8574 4360 8574 4361 8574 4315 8575 4361 8575 4362 8575 4315 8576 4362 8576 4363 8576 4315 8577 4363 8577 4364 8577 4315 8578 4364 8578 4365 8578 4315 8579 4365 8579 4366 8579 4315 8580 4366 8580 4367 8580 4315 8581 4367 8581 4368 8581 4315 8582 4368 8582 4369 8582 4315 8583 4369 8583 4370 8583 4315 8584 4370 8584 4371 8584 4315 8585 4371 8585 4372 8585 4315 8586 4372 8586 4344 8586 4317 8587 4373 8587 4319 8587 4317 8588 4319 8588 4318 8588 4317 8589 4344 8589 4373 8589 4337 8590 4357 8590 4356 8590 4337 8591 4356 8591 4338 8591 4337 8592 4336 8592 4374 8592 4337 8593 4374 8593 4357 8593 4312 8594 4343 8594 4356 8594 4312 8595 4356 8595 4355 8595 4312 8596 4355 8596 4354 8596 4312 8597 4354 8597 4353 8597 4312 8598 4353 8598 4352 8598 4312 8599 4352 8599 4351 8599 4312 8600 4351 8600 4350 8600 4312 8601 4350 8601 4349 8601 4312 8602 4349 8602 4348 8602 4312 8603 4348 8603 4347 8603 4312 8604 4347 8604 4346 8604 4312 8605 4346 8605 4345 8605 4344 8606 4372 8606 4373 8606 4373 8607 4372 8607 4371 8607 4373 8608 4371 8608 4375 8608 4373 8609 4375 8609 4376 8609 4373 8610 4376 8610 4320 8610 4373 8611 4320 8611 4319 8611 4357 8612 4374 8612 4358 8612 4356 8613 4343 8613 4342 8613 4356 8614 4342 8614 4341 8614 4356 8615 4341 8615 4340 8615 4356 8616 4340 8616 4339 8616 4356 8617 4339 8617 4338 8617 4336 8618 4377 8618 4378 8618 4336 8619 4378 8619 4374 8619 4336 8620 4335 8620 4377 8620 4374 8621 4378 8621 4379 8621 4374 8622 4379 8622 4380 8622 4374 8623 4380 8623 4359 8623 4374 8624 4359 8624 4358 8624 4371 8625 4370 8625 4375 8625 4375 8626 4321 8626 4376 8626 4375 8627 4370 8627 4381 8627 4375 8628 4381 8628 4382 8628 4375 8629 4382 8629 4322 8629 4375 8630 4322 8630 4321 8630 4376 8631 4321 8631 4320 8631 4377 8632 4379 8632 4378 8632 4377 8633 4335 8633 4383 8633 4377 8634 4383 8634 4384 8634 4377 8635 4384 8635 4385 8635 4377 8636 4385 8636 4386 8636 4377 8637 4386 8637 4360 8637 4377 8638 4360 8638 4359 8638 4377 8639 4359 8639 4380 8639 4377 8640 4380 8640 4379 8640 4335 8641 4334 8641 4384 8641 4335 8642 4384 8642 4383 8642 4370 8643 4369 8643 4381 8643 4381 8644 4323 8644 4382 8644 4381 8645 4369 8645 4387 8645 4381 8646 4387 8646 4324 8646 4381 8647 4324 8647 4323 8647 4382 8648 4323 8648 4322 8648 4334 8649 4333 8649 4384 8649 4384 8650 4333 8650 4385 8650 4360 8651 4386 8651 4332 8651 4360 8652 4332 8652 4361 8652 4369 8653 4368 8653 4387 8653 4387 8654 4368 8654 4367 8654 4387 8655 4367 8655 4388 8655 4387 8656 4388 8656 4325 8656 4387 8657 4325 8657 4324 8657 4333 8658 4332 8658 4386 8658 4333 8659 4386 8659 4385 8659 4332 8660 4331 8660 4361 8660 4361 8661 4331 8661 4362 8661 4367 8662 4366 8662 4326 8662 4367 8663 4326 8663 4325 8663 4367 8664 4325 8664 4388 8664 4331 8665 4330 8665 4389 8665 4331 8666 4389 8666 4362 8666 4362 8667 4389 8667 4363 8667 4366 8668 4365 8668 4390 8668 4366 8669 4390 8669 4326 8669 4326 8670 4390 8670 4327 8670 4330 8671 4329 8671 4391 8671 4330 8672 4391 8672 4389 8672 4389 8673 4390 8673 4364 8673 4389 8674 4364 8674 4363 8674 4389 8675 4391 8675 4392 8675 4389 8676 4392 8676 4390 8676 4365 8677 4364 8677 4390 8677 4390 8678 4392 8678 4327 8678 4327 8679 4392 8679 4328 8679 4329 8680 4328 8680 4391 8680 4391 8681 4328 8681 4392 8681 4393 8682 4394 8682 4395 8682 4393 8683 4395 8683 4396 8683 4393 8684 4396 8684 4397 8684 4393 8685 4397 8685 4398 8685 4393 8686 4398 8686 4399 8686 4393 8687 4399 8687 4400 8687 4393 8688 4400 8688 4401 8688 4393 8689 4401 8689 4402 8689 4393 8690 4402 8690 4403 8690 4393 8691 4403 8691 4404 8691 4393 8692 4404 8692 4405 8692 4393 8693 4405 8693 4394 8693 4394 8694 4405 8694 4406 8694 4394 8695 4406 8695 4407 8695 4394 8696 4407 8696 4408 8696 4394 8697 4408 8697 4409 8697 4394 8698 4409 8698 4395 8698 4396 8699 4395 8699 4397 8699 4403 8700 4402 8700 4404 8700 4395 8701 4409 8701 4397 8701 4405 8702 4404 8702 4401 8702 4405 8703 4401 8703 4400 8703 4405 8704 4400 8704 4410 8704 4405 8705 4410 8705 4406 8705 4397 8706 4409 8706 4398 8706 4402 8707 4401 8707 4404 8707 4409 8708 4408 8708 4399 8708 4409 8709 4399 8709 4398 8709 4400 8710 4399 8710 4411 8710 4400 8711 4411 8711 4410 8711 4410 8712 4411 8712 4406 8712 4406 8713 4411 8713 4407 8713 4408 8714 4407 8714 4399 8714 4399 8715 4407 8715 4411 8715 4412 8716 4413 8716 4414 8716 4412 8717 4414 8717 4415 8717 4412 8718 4415 8718 4416 8718 4412 8719 4416 8719 4417 8719 4412 8720 4417 8720 4418 8720 4412 8721 4418 8721 4419 8721 4412 8722 4419 8722 4420 8722 4412 8723 4420 8723 4421 8723 4412 8724 4421 8724 4422 8724 4412 8725 4422 8725 4423 8725 4412 8726 4423 8726 4424 8726 4412 8727 4424 8727 4425 8727 4412 8728 4425 8728 4426 8728 4412 8729 4426 8729 4427 8729 4412 8730 4427 8730 4428 8730 4412 8731 4428 8731 4429 8731 4412 8732 4429 8732 4430 8732 4412 8733 4430 8733 4431 8733 4412 8734 4431 8734 4432 8734 4412 8735 4432 8735 4433 8735 4412 8736 4433 8736 4434 8736 4412 8737 4434 8737 4435 8737 4412 8738 4435 8738 4436 8738 4412 8739 4436 8739 4437 8739 4412 8740 4437 8740 4438 8740 4412 8741 4438 8741 4439 8741 4412 8742 4439 8742 4413 8742 4413 8743 4439 8743 4440 8743 4413 8744 4440 8744 4420 8744 4413 8745 4420 8745 4419 8745 4413 8746 4419 8746 4441 8746 4413 8747 4441 8747 4442 8747 4413 8748 4442 8748 4414 8748 4414 8749 4442 8749 4415 8749 4415 8750 4442 8750 4416 8750 4437 8751 4436 8751 4443 8751 4437 8752 4443 8752 4444 8752 4437 8753 4444 8753 4438 8753 4438 8754 4444 8754 4445 8754 4438 8755 4445 8755 4446 8755 4438 8756 4446 8756 4447 8756 4438 8757 4447 8757 4440 8757 4438 8758 4440 8758 4439 8758 4442 8759 4441 8759 4416 8759 4416 8760 4441 8760 4417 8760 4436 8761 4435 8761 4443 8761 4443 8762 4435 8762 4448 8762 4443 8763 4448 8763 4449 8763 4443 8764 4449 8764 4450 8764 4443 8765 4450 8765 4451 8765 4443 8766 4451 8766 4452 8766 4443 8767 4452 8767 4453 8767 4443 8768 4453 8768 4454 8768 4443 8769 4454 8769 4455 8769 4443 8770 4455 8770 4456 8770 4443 8771 4456 8771 4457 8771 4443 8772 4457 8772 4458 8772 4443 8773 4458 8773 4446 8773 4443 8774 4446 8774 4445 8774 4443 8775 4445 8775 4444 8775 4440 8776 4447 8776 4420 8776 4441 8777 4418 8777 4417 8777 4441 8778 4419 8778 4418 8778 4435 8779 4434 8779 4448 8779 4448 8780 4434 8780 4459 8780 4448 8781 4459 8781 4449 8781 4446 8782 4458 8782 4421 8782 4446 8783 4421 8783 4420 8783 4446 8784 4420 8784 4447 8784 4434 8785 4433 8785 4459 8785 4459 8786 4433 8786 4449 8786 4449 8787 4433 8787 4432 8787 4449 8788 4432 8788 4450 8788 4458 8789 4457 8789 4423 8789 4458 8790 4423 8790 4422 8790 4458 8791 4422 8791 4421 8791 4432 8792 4431 8792 4450 8792 4450 8793 4431 8793 4430 8793 4450 8794 4430 8794 4451 8794 4457 8795 4456 8795 4423 8795 4423 8796 4456 8796 4424 8796 4430 8797 4429 8797 4451 8797 4451 8798 4429 8798 4428 8798 4451 8799 4428 8799 4452 8799 4456 8800 4455 8800 4460 8800 4456 8801 4460 8801 4425 8801 4456 8802 4425 8802 4424 8802 4452 8803 4428 8803 4427 8803 4452 8804 4427 8804 4453 8804 4455 8805 4454 8805 4460 8805 4460 8806 4454 8806 4426 8806 4460 8807 4426 8807 4425 8807 4427 8808 4426 8808 4453 8808 4453 8809 4426 8809 4454 8809 4461 8810 4462 8810 4463 8810 4461 8811 4463 8811 4464 8811 4461 8812 4464 8812 4465 8812 4461 8813 4465 8813 4466 8813 4461 8814 4466 8814 4467 8814 4461 8815 4467 8815 4468 8815 4461 8816 4468 8816 4469 8816 4461 8817 4469 8817 4470 8817 4461 8818 4470 8818 4471 8818 4461 8819 4471 8819 4472 8819 4461 8820 4472 8820 4473 8820 4461 8821 4473 8821 4474 8821 4461 8822 4474 8822 4475 8822 4461 8823 4475 8823 4476 8823 4461 8824 4476 8824 4477 8824 4461 8825 4477 8825 4478 8825 4461 8826 4478 8826 4479 8826 4461 8827 4479 8827 4480 8827 4461 8828 4480 8828 4481 8828 4461 8829 4481 8829 4482 8829 4461 8830 4482 8830 4483 8830 4461 8831 4483 8831 4484 8831 4461 8832 4484 8832 4485 8832 4461 8833 4485 8833 4486 8833 4461 8834 4486 8834 4487 8834 4461 8835 4487 8835 4488 8835 4461 8836 4488 8836 4489 8836 4461 8837 4489 8837 4490 8837 4461 8838 4490 8838 4491 8838 4461 8839 4491 8839 4492 8839 4461 8840 4492 8840 4493 8840 4461 8841 4493 8841 4494 8841 4461 8842 4494 8842 4495 8842 4461 8843 4495 8843 4496 8843 4461 8844 4496 8844 4497 8844 4461 8845 4497 8845 4498 8845 4461 8846 4498 8846 4499 8846 4461 8847 4499 8847 4500 8847 4461 8848 4500 8848 4501 8848 4461 8849 4501 8849 4502 8849 4461 8850 4502 8850 4503 8850 4461 8851 4503 8851 4504 8851 4461 8852 4504 8852 4505 8852 4461 8853 4505 8853 4506 8853 4461 8854 4506 8854 4507 8854 4461 8855 4507 8855 4508 8855 4461 8856 4508 8856 4509 8856 4461 8857 4509 8857 4510 8857 4461 8858 4510 8858 4511 8858 4461 8859 4511 8859 4512 8859 4461 8860 4512 8860 4513 8860 4461 8861 4513 8861 4514 8861 4461 8862 4514 8862 4515 8862 4461 8863 4515 8863 4516 8863 4461 8864 4516 8864 4517 8864 4461 8865 4517 8865 4462 8865 4462 8866 4517 8866 4518 8866 4462 8867 4518 8867 4519 8867 4462 8868 4519 8868 4520 8868 4462 8869 4520 8869 4521 8869 4462 8870 4521 8870 4463 8870 4463 8871 4521 8871 4522 8871 4463 8872 4522 8872 4523 8872 4463 8873 4523 8873 4524 8873 4463 8874 4524 8874 4464 8874 4464 8875 4524 8875 4465 8875 4517 8876 4516 8876 4518 8876 4518 8877 4516 8877 4515 8877 4518 8878 4515 8878 4525 8878 4518 8879 4525 8879 4526 8879 4518 8880 4526 8880 4519 8880 4519 8881 4526 8881 4527 8881 4519 8882 4527 8882 4528 8882 4519 8883 4528 8883 4520 8883 4520 8884 4528 8884 4529 8884 4520 8885 4529 8885 4521 8885 4521 8886 4529 8886 4530 8886 4521 8887 4530 8887 4531 8887 4521 8888 4531 8888 4522 8888 4522 8889 4531 8889 4523 8889 4523 8890 4532 8890 4533 8890 4523 8891 4533 8891 4524 8891 4523 8892 4531 8892 4534 8892 4523 8893 4534 8893 4535 8893 4523 8894 4535 8894 4536 8894 4523 8895 4536 8895 4537 8895 4523 8896 4537 8896 4538 8896 4523 8897 4538 8897 4532 8897 4524 8898 4533 8898 4465 8898 4465 8899 4533 8899 4466 8899 4515 8900 4514 8900 4525 8900 4525 8901 4514 8901 4539 8901 4525 8902 4539 8902 4526 8902 4526 8903 4539 8903 4540 8903 4526 8904 4540 8904 4541 8904 4526 8905 4541 8905 4542 8905 4526 8906 4542 8906 4527 8906 4527 8907 4542 8907 4543 8907 4527 8908 4543 8908 4544 8908 4527 8909 4544 8909 4545 8909 4527 8910 4545 8910 4546 8910 4527 8911 4546 8911 4547 8911 4527 8912 4547 8912 4548 8912 4527 8913 4548 8913 4549 8913 4527 8914 4549 8914 4550 8914 4527 8915 4550 8915 4551 8915 4527 8916 4551 8916 4552 8916 4527 8917 4552 8917 4553 8917 4527 8918 4553 8918 4554 8918 4527 8919 4554 8919 4555 8919 4527 8920 4555 8920 4556 8920 4527 8921 4556 8921 4557 8921 4527 8922 4557 8922 4558 8922 4527 8923 4558 8923 4559 8923 4527 8924 4559 8924 4560 8924 4527 8925 4560 8925 4561 8925 4527 8926 4561 8926 4562 8926 4527 8927 4562 8927 4563 8927 4527 8928 4563 8928 4564 8928 4527 8929 4564 8929 4565 8929 4527 8930 4565 8930 4566 8930 4527 8931 4566 8931 4567 8931 4527 8932 4567 8932 4568 8932 4527 8933 4568 8933 4569 8933 4527 8934 4569 8934 4570 8934 4527 8935 4570 8935 4571 8935 4527 8936 4571 8936 4572 8936 4527 8937 4572 8937 4573 8937 4527 8938 4573 8938 4574 8938 4527 8939 4574 8939 4575 8939 4527 8940 4575 8940 4576 8940 4527 8941 4576 8941 4536 8941 4527 8942 4536 8942 4535 8942 4527 8943 4535 8943 4534 8943 4527 8944 4534 8944 4531 8944 4527 8945 4531 8945 4530 8945 4527 8946 4530 8946 4529 8946 4527 8947 4529 8947 4528 8947 4532 8948 4467 8948 4533 8948 4532 8949 4538 8949 4469 8949 4532 8950 4469 8950 4468 8950 4532 8951 4468 8951 4467 8951 4533 8952 4467 8952 4466 8952 4536 8953 4576 8953 4537 8953 4537 8954 4575 8954 4574 8954 4537 8955 4574 8955 4577 8955 4537 8956 4577 8956 4578 8956 4537 8957 4578 8957 4538 8957 4537 8958 4576 8958 4575 8958 4538 8959 4578 8959 4470 8959 4538 8960 4470 8960 4469 8960 4514 8961 4513 8961 4539 8961 4539 8962 4513 8962 4579 8962 4539 8963 4579 8963 4540 8963 4540 8964 4580 8964 4581 8964 4540 8965 4581 8965 4582 8965 4540 8966 4582 8966 4583 8966 4540 8967 4583 8967 4544 8967 4540 8968 4544 8968 4543 8968 4540 8969 4543 8969 4542 8969 4540 8970 4542 8970 4541 8970 4540 8971 4579 8971 4580 8971 4574 8972 4573 8972 4577 8972 4577 8973 4573 8973 4572 8973 4577 8974 4572 8974 4584 8974 4577 8975 4584 8975 4585 8975 4577 8976 4585 8976 4586 8976 4577 8977 4586 8977 4578 8977 4578 8978 4586 8978 4470 8978 4513 8979 4512 8979 4579 8979 4579 8980 4512 8980 4511 8980 4579 8981 4511 8981 4510 8981 4579 8982 4510 8982 4580 8982 4580 8983 4510 8983 4509 8983 4580 8984 4509 8984 4581 8984 4581 8985 4509 8985 4508 8985 4581 8986 4508 8986 4507 8986 4581 8987 4507 8987 4506 8987 4581 8988 4506 8988 4582 8988 4582 8989 4506 8989 4505 8989 4582 8990 4505 8990 4587 8990 4582 8991 4587 8991 4583 8991 4583 8992 4587 8992 4502 8992 4583 8993 4502 8993 4547 8993 4583 8994 4547 8994 4546 8994 4583 8995 4546 8995 4545 8995 4583 8996 4545 8996 4544 8996 4470 8997 4586 8997 4471 8997 4572 8998 4571 8998 4588 8998 4572 8999 4588 8999 4584 8999 4584 9000 4588 9000 4585 9000 4585 9001 4472 9001 4586 9001 4585 9002 4588 9002 4473 9002 4585 9003 4473 9003 4472 9003 4586 9004 4472 9004 4471 9004 4505 9005 4504 9005 4587 9005 4587 9006 4504 9006 4503 9006 4587 9007 4503 9007 4502 9007 4502 9008 4501 9008 4550 9008 4502 9009 4550 9009 4549 9009 4502 9010 4549 9010 4548 9010 4502 9011 4548 9011 4547 9011 4571 9012 4570 9012 4589 9012 4571 9013 4589 9013 4588 9013 4588 9014 4589 9014 4590 9014 4588 9015 4590 9015 4473 9015 4473 9016 4590 9016 4474 9016 4501 9017 4500 9017 4551 9017 4501 9018 4551 9018 4550 9018 4570 9019 4569 9019 4589 9019 4589 9020 4591 9020 4592 9020 4589 9021 4592 9021 4593 9021 4589 9022 4593 9022 4590 9022 4589 9023 4569 9023 4591 9023 4590 9024 4593 9024 4475 9024 4590 9025 4475 9025 4474 9025 4500 9026 4499 9026 4555 9026 4500 9027 4555 9027 4554 9027 4500 9028 4554 9028 4553 9028 4500 9029 4553 9029 4552 9029 4500 9030 4552 9030 4551 9030 4569 9031 4568 9031 4591 9031 4591 9032 4594 9032 4479 9032 4591 9033 4479 9033 4592 9033 4591 9034 4568 9034 4594 9034 4592 9035 4479 9035 4478 9035 4592 9036 4478 9036 4477 9036 4592 9037 4477 9037 4476 9037 4592 9038 4476 9038 4475 9038 4592 9039 4475 9039 4593 9039 4499 9040 4498 9040 4557 9040 4499 9041 4557 9041 4556 9041 4499 9042 4556 9042 4555 9042 4568 9043 4567 9043 4594 9043 4594 9044 4481 9044 4480 9044 4594 9045 4480 9045 4479 9045 4594 9046 4567 9046 4595 9046 4594 9047 4595 9047 4596 9047 4594 9048 4596 9048 4482 9048 4594 9049 4482 9049 4481 9049 4498 9050 4497 9050 4557 9050 4557 9051 4497 9051 4558 9051 4567 9052 4566 9052 4595 9052 4595 9053 4566 9053 4597 9053 4595 9054 4597 9054 4598 9054 4595 9055 4598 9055 4596 9055 4596 9056 4598 9056 4483 9056 4596 9057 4483 9057 4482 9057 4497 9058 4496 9058 4559 9058 4497 9059 4559 9059 4558 9059 4566 9060 4565 9060 4597 9060 4597 9061 4599 9061 4600 9061 4597 9062 4600 9062 4598 9062 4597 9063 4565 9063 4601 9063 4597 9064 4601 9064 4599 9064 4598 9065 4600 9065 4484 9065 4598 9066 4484 9066 4483 9066 4496 9067 4495 9067 4559 9067 4559 9068 4495 9068 4560 9068 4565 9069 4564 9069 4601 9069 4599 9070 4488 9070 4487 9070 4599 9071 4487 9071 4600 9071 4599 9072 4601 9072 4602 9072 4599 9073 4602 9073 4489 9073 4599 9074 4489 9074 4488 9074 4600 9075 4487 9075 4486 9075 4600 9076 4486 9076 4485 9076 4600 9077 4485 9077 4484 9077 4601 9078 4564 9078 4603 9078 4601 9079 4603 9079 4602 9079 4495 9080 4494 9080 4561 9080 4495 9081 4561 9081 4560 9081 4564 9082 4563 9082 4604 9082 4564 9083 4604 9083 4492 9083 4564 9084 4492 9084 4603 9084 4602 9085 4603 9085 4489 9085 4489 9086 4603 9086 4490 9086 4603 9087 4491 9087 4490 9087 4603 9088 4492 9088 4491 9088 4494 9089 4493 9089 4561 9089 4561 9090 4493 9090 4562 9090 4563 9091 4562 9091 4493 9091 4563 9092 4493 9092 4604 9092 4604 9093 4493 9093 4492 9093 4605 9094 4606 9094 4607 9094 4605 9095 4607 9095 4608 9095 4605 9096 4608 9096 4609 9096 4605 9097 4609 9097 4610 9097 4605 9098 4610 9098 4611 9098 4605 9099 4611 9099 4612 9099 4605 9100 4612 9100 4613 9100 4605 9101 4613 9101 4614 9101 4605 9102 4614 9102 4615 9102 4605 9103 4615 9103 4616 9103 4605 9104 4616 9104 4606 9104 4606 9105 4617 9105 4618 9105 4606 9106 4618 9106 4619 9106 4606 9107 4619 9107 4607 9107 4606 9108 4616 9108 4615 9108 4606 9109 4615 9109 4620 9109 4606 9110 4620 9110 4621 9110 4606 9111 4621 9111 4622 9111 4606 9112 4622 9112 4623 9112 4606 9113 4623 9113 4624 9113 4606 9114 4624 9114 4625 9114 4606 9115 4625 9115 4626 9115 4606 9116 4626 9116 4627 9116 4606 9117 4627 9117 4628 9117 4606 9118 4628 9118 4629 9118 4606 9119 4629 9119 4630 9119 4606 9120 4630 9120 4631 9120 4606 9121 4631 9121 4617 9121 4607 9122 4619 9122 4632 9122 4607 9123 4632 9123 4633 9123 4607 9124 4633 9124 4634 9124 4607 9125 4634 9125 4635 9125 4607 9126 4635 9126 4636 9126 4607 9127 4636 9127 4609 9127 4607 9128 4609 9128 4608 9128 4617 9129 4631 9129 4637 9129 4617 9130 4637 9130 4638 9130 4617 9131 4638 9131 4639 9131 4617 9132 4639 9132 4640 9132 4617 9133 4640 9133 4641 9133 4617 9134 4641 9134 4642 9134 4617 9135 4642 9135 4643 9135 4617 9136 4643 9136 4644 9136 4617 9137 4644 9137 4645 9137 4617 9138 4645 9138 4646 9138 4617 9139 4646 9139 4618 9139 4618 9140 4646 9140 4632 9140 4618 9141 4632 9141 4619 9141 4632 9142 4647 9142 4633 9142 4632 9143 4646 9143 4647 9143 4633 9144 4647 9144 4648 9144 4633 9145 4648 9145 4649 9145 4633 9146 4649 9146 4634 9146 4634 9147 4649 9147 4650 9147 4634 9148 4650 9148 4635 9148 4635 9149 4650 9149 4651 9149 4635 9150 4651 9150 4652 9150 4635 9151 4652 9151 4636 9151 4636 9152 4652 9152 4653 9152 4636 9153 4653 9153 4611 9153 4636 9154 4611 9154 4610 9154 4636 9155 4610 9155 4609 9155 4615 9156 4614 9156 4654 9156 4615 9157 4654 9157 4655 9157 4615 9158 4655 9158 4656 9158 4615 9159 4656 9159 4657 9159 4615 9160 4657 9160 4658 9160 4615 9161 4658 9161 4659 9161 4615 9162 4659 9162 4660 9162 4615 9163 4660 9163 4661 9163 4615 9164 4661 9164 4620 9164 4631 9165 4630 9165 4662 9165 4631 9166 4662 9166 4663 9166 4631 9167 4663 9167 4664 9167 4631 9168 4664 9168 4665 9168 4631 9169 4665 9169 4666 9169 4631 9170 4666 9170 4667 9170 4631 9171 4667 9171 4668 9171 4631 9172 4668 9172 4669 9172 4631 9173 4669 9173 4670 9173 4631 9174 4670 9174 4637 9174 4646 9175 4645 9175 4671 9175 4646 9176 4671 9176 4647 9176 4647 9177 4671 9177 4648 9177 4648 9178 4672 9178 4673 9178 4648 9179 4673 9179 4674 9179 4648 9180 4674 9180 4649 9180 4648 9181 4671 9181 4675 9181 4648 9182 4675 9182 4672 9182 4649 9183 4674 9183 4676 9183 4649 9184 4676 9184 4650 9184 4650 9185 4676 9185 4677 9185 4650 9186 4677 9186 4678 9186 4650 9187 4678 9187 4651 9187 4651 9188 4678 9188 4679 9188 4651 9189 4679 9189 4680 9189 4651 9190 4680 9190 4652 9190 4652 9191 4681 9191 4653 9191 4652 9192 4680 9192 4682 9192 4652 9193 4682 9193 4683 9193 4652 9194 4683 9194 4684 9194 4652 9195 4684 9195 4681 9195 4653 9196 4681 9196 4612 9196 4653 9197 4612 9197 4611 9197 4614 9198 4682 9198 4654 9198 4614 9199 4613 9199 4682 9199 4654 9200 4685 9200 4655 9200 4654 9201 4682 9201 4686 9201 4654 9202 4686 9202 4685 9202 4655 9203 4685 9203 4656 9203 4656 9204 4687 9204 4688 9204 4656 9205 4688 9205 4689 9205 4656 9206 4689 9206 4657 9206 4656 9207 4685 9207 4690 9207 4656 9208 4690 9208 4687 9208 4657 9209 4689 9209 4691 9209 4657 9210 4691 9210 4658 9210 4658 9211 4691 9211 4659 9211 4659 9212 4691 9212 4660 9212 4660 9213 4691 9213 4692 9213 4660 9214 4692 9214 4693 9214 4660 9215 4693 9215 4661 9215 4661 9216 4693 9216 4694 9216 4661 9217 4694 9217 4695 9217 4661 9218 4695 9218 4622 9218 4661 9219 4622 9219 4621 9219 4661 9220 4621 9220 4620 9220 4637 9221 4696 9221 4697 9221 4637 9222 4697 9222 4638 9222 4637 9223 4670 9223 4698 9223 4637 9224 4698 9224 4696 9224 4630 9225 4629 9225 4662 9225 4645 9226 4644 9226 4699 9226 4645 9227 4699 9227 4671 9227 4671 9228 4700 9228 4701 9228 4671 9229 4701 9229 4675 9229 4671 9230 4699 9230 4700 9230 4672 9231 4702 9231 4673 9231 4672 9232 4675 9232 4702 9232 4673 9233 4702 9233 4703 9233 4673 9234 4703 9234 4704 9234 4673 9235 4704 9235 4705 9235 4673 9236 4705 9236 4706 9236 4673 9237 4706 9237 4674 9237 4674 9238 4706 9238 4707 9238 4674 9239 4707 9239 4708 9239 4674 9240 4708 9240 4676 9240 4675 9241 4701 9241 4709 9241 4675 9242 4709 9242 4710 9242 4675 9243 4710 9243 4711 9243 4675 9244 4711 9244 4702 9244 4676 9245 4708 9245 4677 9245 4677 9246 4708 9246 4678 9246 4678 9247 4708 9247 4712 9247 4678 9248 4712 9248 4713 9248 4678 9249 4713 9249 4679 9249 4679 9250 4713 9250 4714 9250 4679 9251 4714 9251 4715 9251 4679 9252 4715 9252 4716 9252 4679 9253 4716 9253 4680 9253 4680 9254 4716 9254 4715 9254 4680 9255 4715 9255 4682 9255 4681 9256 4684 9256 4612 9256 4682 9257 4613 9257 4612 9257 4682 9258 4612 9258 4683 9258 4682 9259 4715 9259 4686 9259 4683 9260 4612 9260 4684 9260 4685 9261 4686 9261 4717 9261 4685 9262 4717 9262 4718 9262 4685 9263 4718 9263 4719 9263 4685 9264 4719 9264 4720 9264 4685 9265 4720 9265 4690 9265 4686 9266 4715 9266 4721 9266 4686 9267 4721 9267 4717 9267 4687 9268 4722 9268 4688 9268 4687 9269 4690 9269 4720 9269 4687 9270 4720 9270 4722 9270 4688 9271 4722 9271 4723 9271 4688 9272 4723 9272 4689 9272 4689 9273 4723 9273 4724 9273 4689 9274 4724 9274 4691 9274 4691 9275 4724 9275 4725 9275 4691 9276 4725 9276 4692 9276 4692 9277 4725 9277 4726 9277 4692 9278 4726 9278 4727 9278 4692 9279 4727 9279 4693 9279 4693 9280 4727 9280 4728 9280 4693 9281 4728 9281 4694 9281 4694 9282 4729 9282 4695 9282 4694 9283 4728 9283 4729 9283 4695 9284 4729 9284 4623 9284 4695 9285 4623 9285 4622 9285 4696 9286 4698 9286 4697 9286 4697 9287 4698 9287 4730 9287 4697 9288 4730 9288 4731 9288 4697 9289 4731 9289 4638 9289 4638 9290 4731 9290 4732 9290 4638 9291 4732 9291 4639 9291 4670 9292 4669 9292 4733 9292 4670 9293 4733 9293 4698 9293 4698 9294 4733 9294 4734 9294 4698 9295 4734 9295 4735 9295 4698 9296 4735 9296 4730 9296 4629 9297 4628 9297 4736 9297 4629 9298 4736 9298 4662 9298 4662 9299 4736 9299 4737 9299 4662 9300 4737 9300 4738 9300 4662 9301 4738 9301 4663 9301 4644 9302 4643 9302 4699 9302 4699 9303 4643 9303 4739 9303 4699 9304 4739 9304 4700 9304 4700 9305 4739 9305 4701 9305 4701 9306 4739 9306 4740 9306 4701 9307 4740 9307 4741 9307 4701 9308 4741 9308 4742 9308 4701 9309 4742 9309 4709 9309 4702 9310 4711 9310 4703 9310 4703 9311 4711 9311 4710 9311 4703 9312 4710 9312 4743 9312 4703 9313 4743 9313 4704 9313 4704 9314 4743 9314 4744 9314 4704 9315 4744 9315 4745 9315 4704 9316 4745 9316 4746 9316 4704 9317 4746 9317 4705 9317 4705 9318 4746 9318 4747 9318 4705 9319 4747 9319 4707 9319 4705 9320 4707 9320 4706 9320 4707 9321 4747 9321 4748 9321 4707 9322 4748 9322 4712 9322 4707 9323 4712 9323 4708 9323 4709 9324 4742 9324 4749 9324 4709 9325 4749 9325 4710 9325 4710 9326 4749 9326 4743 9326 4712 9327 4748 9327 4713 9327 4713 9328 4748 9328 4750 9328 4713 9329 4750 9329 4751 9329 4713 9330 4751 9330 4714 9330 4714 9331 4751 9331 4752 9331 4714 9332 4752 9332 4753 9332 4714 9333 4753 9333 4754 9333 4714 9334 4754 9334 4721 9334 4714 9335 4721 9335 4715 9335 4717 9336 4721 9336 4754 9336 4717 9337 4754 9337 4718 9337 4718 9338 4755 9338 4720 9338 4718 9339 4720 9339 4719 9339 4718 9340 4754 9340 4755 9340 4720 9341 4755 9341 4722 9341 4722 9342 4756 9342 4757 9342 4722 9343 4757 9343 4758 9343 4722 9344 4758 9344 4723 9344 4722 9345 4755 9345 4759 9345 4722 9346 4759 9346 4760 9346 4722 9347 4760 9347 4761 9347 4722 9348 4761 9348 4756 9348 4723 9349 4758 9349 4762 9349 4723 9350 4762 9350 4763 9350 4723 9351 4763 9351 4724 9351 4724 9352 4763 9352 4725 9352 4725 9353 4763 9353 4726 9353 4726 9354 4763 9354 4764 9354 4726 9355 4764 9355 4765 9355 4726 9356 4765 9356 4766 9356 4726 9357 4766 9357 4767 9357 4726 9358 4767 9358 4727 9358 4727 9359 4767 9359 4768 9359 4727 9360 4768 9360 4728 9360 4728 9361 4768 9361 4729 9361 4729 9362 4769 9362 4770 9362 4729 9363 4770 9363 4623 9363 4729 9364 4768 9364 4767 9364 4729 9365 4767 9365 4769 9365 4623 9366 4771 9366 4624 9366 4623 9367 4770 9367 4771 9367 4730 9368 4735 9368 4772 9368 4730 9369 4772 9369 4773 9369 4730 9370 4773 9370 4731 9370 4731 9371 4773 9371 4732 9371 4639 9372 4732 9372 4640 9372 4732 9373 4773 9373 4774 9373 4732 9374 4774 9374 4775 9374 4732 9375 4775 9375 4776 9375 4732 9376 4776 9376 4777 9376 4732 9377 4777 9377 4640 9377 4669 9378 4668 9378 4733 9378 4733 9379 4778 9379 4779 9379 4733 9380 4779 9380 4780 9380 4733 9381 4780 9381 4734 9381 4733 9382 4668 9382 4781 9382 4733 9383 4781 9383 4782 9383 4733 9384 4782 9384 4778 9384 4734 9385 4780 9385 4783 9385 4734 9386 4783 9386 4784 9386 4734 9387 4784 9387 4735 9387 4735 9388 4784 9388 4773 9388 4735 9389 4773 9389 4772 9389 4628 9390 4627 9390 4785 9390 4628 9391 4785 9391 4786 9391 4628 9392 4786 9392 4736 9392 4736 9393 4786 9393 4787 9393 4736 9394 4787 9394 4788 9394 4736 9395 4788 9395 4737 9395 4737 9396 4788 9396 4789 9396 4737 9397 4789 9397 4790 9397 4737 9398 4790 9398 4738 9398 4738 9399 4790 9399 4791 9399 4738 9400 4791 9400 4664 9400 4738 9401 4664 9401 4663 9401 4643 9402 4642 9402 4740 9402 4643 9403 4740 9403 4739 9403 4741 9404 4777 9404 4776 9404 4741 9405 4776 9405 4792 9405 4741 9406 4792 9406 4742 9406 4741 9407 4740 9407 4777 9407 4743 9408 4749 9408 4744 9408 4744 9409 4793 9409 4794 9409 4744 9410 4794 9410 4795 9410 4744 9411 4795 9411 4745 9411 4744 9412 4749 9412 4796 9412 4744 9413 4796 9413 4793 9413 4745 9414 4795 9414 4746 9414 4746 9415 4795 9415 4794 9415 4746 9416 4794 9416 4797 9416 4746 9417 4797 9417 4747 9417 4747 9418 4798 9418 4748 9418 4747 9419 4797 9419 4799 9419 4747 9420 4799 9420 4800 9420 4747 9421 4800 9421 4798 9421 4748 9422 4798 9422 4801 9422 4748 9423 4801 9423 4802 9423 4748 9424 4802 9424 4803 9424 4748 9425 4803 9425 4750 9425 4742 9426 4792 9426 4749 9426 4749 9427 4792 9427 4796 9427 4750 9428 4803 9428 4804 9428 4750 9429 4804 9429 4751 9429 4751 9430 4804 9430 4805 9430 4751 9431 4805 9431 4752 9431 4752 9432 4805 9432 4806 9432 4752 9433 4806 9433 4753 9433 4753 9434 4807 9434 4808 9434 4753 9435 4808 9435 4754 9435 4753 9436 4806 9436 4809 9436 4753 9437 4809 9437 4810 9437 4753 9438 4810 9438 4807 9438 4754 9439 4808 9439 4811 9439 4754 9440 4811 9440 4812 9440 4754 9441 4812 9441 4755 9441 4755 9442 4813 9442 4814 9442 4755 9443 4814 9443 4759 9443 4755 9444 4812 9444 4815 9444 4755 9445 4815 9445 4816 9445 4755 9446 4816 9446 4813 9446 4756 9447 4761 9447 4817 9447 4756 9448 4817 9448 4818 9448 4756 9449 4818 9449 4819 9449 4756 9450 4819 9450 4820 9450 4756 9451 4820 9451 4757 9451 4757 9452 4820 9452 4821 9452 4757 9453 4821 9453 4758 9453 4758 9454 4821 9454 4822 9454 4758 9455 4822 9455 4762 9455 4759 9456 4814 9456 4823 9456 4759 9457 4823 9457 4824 9457 4759 9458 4824 9458 4825 9458 4759 9459 4825 9459 4826 9459 4759 9460 4826 9460 4760 9460 4760 9461 4826 9461 4817 9461 4760 9462 4817 9462 4761 9462 4762 9463 4822 9463 4827 9463 4762 9464 4827 9464 4763 9464 4763 9465 4827 9465 4828 9465 4763 9466 4828 9466 4764 9466 4764 9467 4828 9467 4829 9467 4764 9468 4829 9468 4765 9468 4765 9469 4829 9469 4830 9469 4765 9470 4830 9470 4766 9470 4766 9471 4830 9471 4831 9471 4766 9472 4831 9472 4832 9472 4766 9473 4832 9473 4767 9473 4767 9474 4832 9474 4833 9474 4767 9475 4833 9475 4834 9475 4767 9476 4834 9476 4835 9476 4767 9477 4835 9477 4769 9477 4769 9478 4835 9478 4836 9478 4769 9479 4836 9479 4837 9479 4769 9480 4837 9480 4838 9480 4769 9481 4838 9481 4770 9481 4770 9482 4838 9482 4626 9482 4770 9483 4626 9483 4625 9483 4770 9484 4625 9484 4771 9484 4771 9485 4625 9485 4624 9485 4773 9486 4839 9486 4774 9486 4773 9487 4784 9487 4840 9487 4773 9488 4840 9488 4839 9488 4640 9489 4777 9489 4641 9489 4774 9490 4839 9490 4841 9490 4774 9491 4841 9491 4775 9491 4775 9492 4792 9492 4776 9492 4775 9493 4841 9493 4792 9493 4777 9494 4740 9494 4642 9494 4777 9495 4642 9495 4641 9495 4668 9496 4667 9496 4781 9496 4778 9497 4782 9497 4779 9497 4779 9498 4842 9498 4780 9498 4779 9499 4782 9499 4843 9499 4779 9500 4843 9500 4844 9500 4779 9501 4844 9501 4845 9501 4779 9502 4845 9502 4846 9502 4779 9503 4846 9503 4847 9503 4779 9504 4847 9504 4842 9504 4780 9505 4842 9505 4784 9505 4780 9506 4784 9506 4783 9506 4781 9507 4848 9507 4782 9507 4781 9508 4667 9508 4849 9508 4781 9509 4849 9509 4848 9509 4782 9510 4848 9510 4843 9510 4784 9511 4842 9511 4840 9511 4627 9512 4838 9512 4850 9512 4627 9513 4850 9513 4785 9513 4627 9514 4626 9514 4838 9514 4785 9515 4787 9515 4786 9515 4785 9516 4850 9516 4851 9516 4785 9517 4851 9517 4852 9517 4785 9518 4852 9518 4787 9518 4787 9519 4852 9519 4853 9519 4787 9520 4853 9520 4788 9520 4788 9521 4853 9521 4789 9521 4789 9522 4854 9522 4790 9522 4789 9523 4853 9523 4852 9523 4789 9524 4852 9524 4855 9524 4789 9525 4855 9525 4854 9525 4790 9526 4856 9526 4857 9526 4790 9527 4857 9527 4858 9527 4790 9528 4858 9528 4791 9528 4790 9529 4854 9529 4856 9529 4791 9530 4858 9530 4859 9530 4791 9531 4859 9531 4665 9531 4791 9532 4665 9532 4664 9532 4792 9533 4841 9533 4860 9533 4792 9534 4860 9534 4796 9534 4793 9535 4796 9535 4860 9535 4793 9536 4860 9536 4794 9536 4794 9537 4860 9537 4841 9537 4794 9538 4841 9538 4797 9538 4797 9539 4841 9539 4839 9539 4797 9540 4839 9540 4799 9540 4798 9541 4800 9541 4801 9541 4799 9542 4839 9542 4840 9542 4799 9543 4840 9543 4842 9543 4799 9544 4842 9544 4800 9544 4800 9545 4842 9545 4847 9545 4800 9546 4847 9546 4861 9546 4800 9547 4861 9547 4801 9547 4801 9548 4861 9548 4802 9548 4802 9549 4861 9549 4862 9549 4802 9550 4862 9550 4803 9550 4803 9551 4862 9551 4804 9551 4804 9552 4862 9552 4805 9552 4805 9553 4863 9553 4864 9553 4805 9554 4864 9554 4810 9554 4805 9555 4810 9555 4809 9555 4805 9556 4809 9556 4806 9556 4805 9557 4862 9557 4863 9557 4807 9558 4865 9558 4866 9558 4807 9559 4866 9559 4808 9559 4807 9560 4810 9560 4864 9560 4807 9561 4864 9561 4867 9561 4807 9562 4867 9562 4865 9562 4808 9563 4866 9563 4868 9563 4808 9564 4868 9564 4869 9564 4808 9565 4869 9565 4811 9565 4811 9566 4869 9566 4812 9566 4812 9567 4869 9567 4815 9567 4813 9568 4816 9568 4870 9568 4813 9569 4870 9569 4871 9569 4813 9570 4871 9570 4823 9570 4813 9571 4823 9571 4814 9571 4815 9572 4869 9572 4872 9572 4815 9573 4872 9573 4816 9573 4816 9574 4872 9574 4873 9574 4816 9575 4873 9575 4870 9575 4817 9576 4826 9576 4825 9576 4817 9577 4825 9577 4818 9577 4819 9578 4874 9578 4820 9578 4819 9579 4818 9579 4874 9579 4820 9580 4874 9580 4875 9580 4820 9581 4875 9581 4821 9581 4821 9582 4876 9582 4822 9582 4821 9583 4875 9583 4876 9583 4824 9584 4823 9584 4877 9584 4824 9585 4877 9585 4878 9585 4824 9586 4878 9586 4825 9586 4822 9587 4876 9587 4879 9587 4822 9588 4879 9588 4827 9588 4827 9589 4879 9589 4880 9589 4827 9590 4880 9590 4881 9590 4827 9591 4881 9591 4828 9591 4828 9592 4881 9592 4882 9592 4828 9593 4882 9593 4829 9593 4829 9594 4882 9594 4830 9594 4830 9595 4883 9595 4831 9595 4830 9596 4882 9596 4883 9596 4832 9597 4831 9597 4884 9597 4832 9598 4884 9598 4833 9598 4833 9599 4884 9599 4885 9599 4833 9600 4885 9600 4834 9600 4834 9601 4885 9601 4836 9601 4834 9602 4836 9602 4835 9602 4837 9603 4836 9603 4850 9603 4837 9604 4850 9604 4838 9604 4667 9605 4666 9605 4859 9605 4667 9606 4859 9606 4849 9606 4843 9607 4848 9607 4886 9607 4843 9608 4886 9608 4887 9608 4843 9609 4887 9609 4844 9609 4844 9610 4888 9610 4889 9610 4844 9611 4889 9611 4890 9611 4844 9612 4890 9612 4845 9612 4844 9613 4887 9613 4891 9613 4844 9614 4891 9614 4892 9614 4844 9615 4892 9615 4888 9615 4845 9616 4890 9616 4846 9616 4846 9617 4890 9617 4893 9617 4846 9618 4893 9618 4894 9618 4846 9619 4894 9619 4895 9619 4846 9620 4895 9620 4861 9620 4846 9621 4861 9621 4847 9621 4848 9622 4849 9622 4886 9622 4849 9623 4859 9623 4896 9623 4849 9624 4896 9624 4886 9624 4850 9625 4836 9625 4897 9625 4850 9626 4897 9626 4851 9626 4851 9627 4897 9627 4883 9627 4851 9628 4883 9628 4882 9628 4851 9629 4882 9629 4855 9629 4851 9630 4855 9630 4852 9630 4854 9631 4855 9631 4880 9631 4854 9632 4880 9632 4856 9632 4855 9633 4882 9633 4881 9633 4855 9634 4881 9634 4880 9634 4856 9635 4880 9635 4898 9635 4856 9636 4898 9636 4857 9636 4857 9637 4898 9637 4899 9637 4857 9638 4899 9638 4900 9638 4857 9639 4900 9639 4858 9639 4858 9640 4900 9640 4859 9640 4859 9641 4666 9641 4665 9641 4859 9642 4900 9642 4896 9642 4861 9643 4895 9643 4862 9643 4862 9644 4895 9644 4901 9644 4862 9645 4901 9645 4863 9645 4863 9646 4901 9646 4864 9646 4864 9647 4901 9647 4867 9647 4865 9648 4893 9648 4866 9648 4865 9649 4867 9649 4893 9649 4866 9650 4888 9650 4868 9650 4866 9651 4893 9651 4888 9651 4869 9652 4868 9652 4873 9652 4869 9653 4873 9653 4872 9653 4871 9654 4870 9654 4877 9654 4871 9655 4877 9655 4823 9655 4870 9656 4873 9656 4877 9656 4818 9657 4825 9657 4874 9657 4874 9658 4825 9658 4878 9658 4874 9659 4878 9659 4902 9659 4874 9660 4902 9660 4875 9660 4875 9661 4902 9661 4876 9661 4876 9662 4902 9662 4898 9662 4876 9663 4898 9663 4879 9663 4877 9664 4891 9664 4903 9664 4877 9665 4903 9665 4878 9665 4877 9666 4873 9666 4904 9666 4877 9667 4904 9667 4891 9667 4878 9668 4903 9668 4891 9668 4878 9669 4891 9669 4902 9669 4879 9670 4898 9670 4880 9670 4883 9671 4897 9671 4831 9671 4831 9672 4897 9672 4884 9672 4884 9673 4897 9673 4885 9673 4885 9674 4897 9674 4836 9674 4886 9675 4896 9675 4887 9675 4887 9676 4896 9676 4905 9676 4887 9677 4905 9677 4891 9677 4888 9678 4893 9678 4889 9678 4888 9679 4892 9679 4868 9679 4889 9680 4893 9680 4890 9680 4891 9681 4905 9681 4902 9681 4891 9682 4904 9682 4892 9682 4892 9683 4904 9683 4873 9683 4892 9684 4873 9684 4868 9684 4893 9685 4867 9685 4906 9685 4893 9686 4906 9686 4894 9686 4894 9687 4906 9687 4901 9687 4894 9688 4901 9688 4895 9688 4896 9689 4900 9689 4907 9689 4896 9690 4907 9690 4905 9690 4898 9691 4902 9691 4899 9691 4899 9692 4902 9692 4908 9692 4899 9693 4908 9693 4907 9693 4899 9694 4907 9694 4900 9694 4901 9695 4906 9695 4867 9695 4902 9696 4905 9696 4908 9696 4905 9697 4907 9697 4908 9697 4909 9698 4910 9698 4911 9698 4909 9699 4911 9699 4912 9699 4909 9700 4912 9700 4913 9700 4909 9701 4913 9701 4914 9701 4909 9702 4914 9702 4915 9702 4909 9703 4915 9703 4916 9703 4909 9704 4916 9704 4917 9704 4909 9705 4917 9705 4918 9705 4909 9706 4918 9706 4919 9706 4909 9707 4919 9707 4920 9707 4909 9708 4920 9708 4921 9708 4909 9709 4921 9709 4922 9709 4909 9710 4922 9710 4923 9710 4909 9711 4923 9711 4924 9711 4909 9712 4924 9712 4925 9712 4909 9713 4925 9713 4926 9713 4909 9714 4926 9714 4927 9714 4909 9715 4927 9715 4928 9715 4909 9716 4928 9716 4929 9716 4909 9717 4929 9717 4910 9717 4910 9718 4929 9718 4911 9718 4916 9719 4915 9719 4930 9719 4916 9720 4930 9720 4931 9720 4916 9721 4931 9721 4932 9721 4916 9722 4932 9722 4933 9722 4916 9723 4933 9723 4917 9723 4929 9724 4928 9724 4934 9724 4929 9725 4934 9725 4911 9725 4911 9726 4934 9726 4912 9726 4915 9727 4914 9727 4935 9727 4915 9728 4935 9728 4930 9728 4917 9729 4933 9729 4936 9729 4917 9730 4936 9730 4937 9730 4917 9731 4937 9731 4938 9731 4917 9732 4938 9732 4918 9732 4928 9733 4927 9733 4939 9733 4928 9734 4939 9734 4934 9734 4934 9735 4939 9735 4940 9735 4934 9736 4940 9736 4941 9736 4934 9737 4941 9737 4942 9737 4934 9738 4942 9738 4943 9738 4934 9739 4943 9739 4944 9739 4934 9740 4944 9740 4945 9740 4934 9741 4945 9741 4946 9741 4934 9742 4946 9742 4947 9742 4934 9743 4947 9743 4938 9743 4934 9744 4938 9744 4937 9744 4934 9745 4937 9745 4936 9745 4934 9746 4936 9746 4948 9746 4934 9747 4948 9747 4949 9747 4934 9748 4949 9748 4950 9748 4934 9749 4950 9749 4951 9749 4934 9750 4951 9750 4935 9750 4934 9751 4935 9751 4952 9751 4934 9752 4952 9752 4953 9752 4934 9753 4953 9753 4913 9753 4934 9754 4913 9754 4912 9754 4930 9755 4935 9755 4951 9755 4930 9756 4951 9756 4931 9756 4914 9757 4913 9757 4953 9757 4914 9758 4953 9758 4952 9758 4914 9759 4952 9759 4935 9759 4933 9760 4932 9760 4936 9760 4936 9761 4932 9761 4948 9761 4918 9762 4938 9762 4947 9762 4918 9763 4947 9763 4919 9763 4927 9764 4926 9764 4939 9764 4939 9765 4926 9765 4940 9765 4931 9766 4954 9766 4932 9766 4931 9767 4951 9767 4950 9767 4931 9768 4950 9768 4949 9768 4931 9769 4949 9769 4954 9769 4932 9770 4954 9770 4949 9770 4932 9771 4949 9771 4948 9771 4947 9772 4946 9772 4919 9772 4919 9773 4946 9773 4920 9773 4926 9774 4925 9774 4940 9774 4940 9775 4925 9775 4941 9775 4946 9776 4945 9776 4920 9776 4920 9777 4945 9777 4944 9777 4920 9778 4944 9778 4921 9778 4925 9779 4924 9779 4942 9779 4925 9780 4942 9780 4941 9780 4944 9781 4943 9781 4921 9781 4921 9782 4943 9782 4922 9782 4924 9783 4923 9783 4943 9783 4924 9784 4943 9784 4942 9784 4943 9785 4923 9785 4922 9785 4955 9786 4956 9786 4957 9786 4955 9787 4957 9787 4958 9787 4955 9788 4958 9788 4959 9788 4955 9789 4959 9789 4960 9789 4955 9790 4960 9790 4961 9790 4955 9791 4961 9791 4962 9791 4955 9792 4962 9792 4963 9792 4955 9793 4963 9793 4964 9793 4955 9794 4964 9794 4965 9794 4955 9795 4965 9795 4966 9795 4955 9796 4966 9796 4967 9796 4955 9797 4967 9797 4968 9797 4955 9798 4968 9798 4969 9798 4955 9799 4969 9799 4970 9799 4955 9800 4970 9800 4971 9800 4955 9801 4971 9801 4972 9801 4955 9802 4972 9802 4973 9802 4955 9803 4973 9803 4974 9803 4955 9804 4974 9804 4975 9804 4955 9805 4975 9805 4976 9805 4955 9806 4976 9806 4977 9806 4955 9807 4977 9807 4978 9807 4955 9808 4978 9808 4979 9808 4955 9809 4979 9809 4980 9809 4955 9810 4980 9810 4956 9810 4956 9811 4980 9811 4981 9811 4956 9812 4981 9812 4957 9812 4961 9813 4960 9813 4982 9813 4961 9814 4982 9814 4983 9814 4961 9815 4983 9815 4984 9815 4961 9816 4984 9816 4985 9816 4961 9817 4985 9817 4986 9817 4961 9818 4986 9818 4987 9818 4961 9819 4987 9819 4988 9819 4961 9820 4988 9820 4962 9820 4966 9821 4965 9821 4967 9821 4957 9822 4981 9822 4989 9822 4957 9823 4989 9823 4990 9823 4957 9824 4990 9824 4958 9824 4980 9825 4979 9825 4991 9825 4980 9826 4991 9826 4992 9826 4980 9827 4992 9827 4993 9827 4980 9828 4993 9828 4994 9828 4980 9829 4994 9829 4988 9829 4980 9830 4988 9830 4987 9830 4980 9831 4987 9831 4986 9831 4980 9832 4986 9832 4985 9832 4980 9833 4985 9833 4984 9833 4980 9834 4984 9834 4983 9834 4980 9835 4983 9835 4982 9835 4980 9836 4982 9836 4995 9836 4980 9837 4995 9837 4990 9837 4980 9838 4990 9838 4989 9838 4980 9839 4989 9839 4981 9839 4962 9840 4988 9840 4996 9840 4962 9841 4996 9841 4963 9841 4960 9842 4959 9842 4995 9842 4960 9843 4995 9843 4982 9843 4988 9844 4994 9844 4996 9844 4967 9845 4965 9845 4968 9845 4965 9846 4964 9846 4968 9846 4958 9847 4990 9847 4995 9847 4958 9848 4995 9848 4959 9848 4979 9849 4978 9849 4991 9849 4963 9850 4996 9850 4964 9850 4996 9851 4994 9851 4997 9851 4996 9852 4997 9852 4998 9852 4996 9853 4998 9853 4999 9853 4996 9854 4999 9854 4964 9854 4994 9855 5000 9855 4997 9855 4994 9856 4993 9856 5000 9856 4968 9857 4964 9857 4969 9857 4964 9858 4999 9858 4969 9858 4978 9859 4977 9859 4991 9859 4991 9860 5001 9860 4992 9860 4991 9861 4977 9861 4976 9861 4991 9862 4976 9862 4975 9862 4991 9863 4975 9863 4974 9863 4991 9864 4974 9864 4973 9864 4991 9865 4973 9865 4972 9865 4991 9866 4972 9866 5001 9866 4997 9867 5000 9867 4998 9867 4998 9868 5000 9868 4993 9868 4998 9869 4993 9869 5002 9869 4998 9870 5002 9870 5003 9870 4998 9871 5003 9871 5004 9871 4998 9872 5004 9872 4971 9872 4998 9873 4971 9873 4999 9873 4999 9874 4971 9874 4970 9874 4999 9875 4970 9875 4969 9875 4993 9876 4992 9876 5003 9876 4993 9877 5003 9877 5002 9877 5001 9878 5003 9878 4992 9878 5001 9879 4972 9879 5003 9879 4972 9880 4971 9880 5004 9880 4972 9881 5004 9881 5003 9881 4282 9882 5005 9882 5006 9882 4282 9883 5006 9883 5007 9883 4282 9884 5007 9884 5008 9884 4282 9885 5008 9885 5009 9885 4282 9886 5009 9886 5010 9886 4282 9887 5010 9887 5011 9887 4282 9888 5011 9888 5012 9888 4282 9889 5012 9889 5013 9889 4282 9890 5013 9890 5014 9890 4282 9891 5014 9891 5015 9891 4282 9892 5015 9892 5016 9892 4282 9893 5016 9893 5017 9893 4282 9894 5017 9894 5018 9894 4282 9895 5018 9895 5019 9895 4282 9896 5019 9896 5020 9896 4282 9897 5020 9897 5021 9897 4282 9898 5021 9898 5022 9898 4282 9899 5022 9899 5023 9899 4282 9900 5023 9900 5024 9900 4282 9901 5024 9901 5025 9901 4282 9902 5025 9902 5005 9902 5005 9903 5025 9903 5026 9903 5005 9904 5026 9904 5006 9904 5015 9905 5014 9905 5027 9905 5015 9906 5027 9906 5028 9906 5015 9907 5028 9907 5029 9907 5015 9908 5029 9908 5030 9908 5015 9909 5030 9909 5016 9909 5019 9910 5018 9910 5031 9910 5019 9911 5031 9911 5020 9911 5025 9912 5032 9912 5026 9912 5025 9913 5024 9913 5033 9913 5025 9914 5033 9914 5034 9914 5025 9915 5034 9915 5035 9915 5025 9916 5035 9916 5032 9916 5026 9917 5032 9917 5006 9917 5006 9918 5032 9918 5036 9918 5006 9919 5036 9919 5037 9919 5006 9920 5037 9920 5007 9920 5014 9921 5013 9921 5038 9921 5014 9922 5038 9922 5027 9922 5016 9923 5030 9923 5039 9923 5016 9924 5039 9924 5040 9924 5016 9925 5040 9925 5041 9925 5016 9926 5041 9926 5042 9926 5016 9927 5042 9927 5043 9927 5016 9928 5043 9928 5044 9928 5016 9929 5044 9929 5045 9929 5016 9930 5045 9930 5046 9930 5016 9931 5046 9931 5047 9931 5016 9932 5047 9932 5048 9932 5016 9933 5048 9933 5049 9933 5016 9934 5049 9934 5050 9934 5016 9935 5050 9935 5051 9935 5016 9936 5051 9936 5021 9936 5016 9937 5021 9937 5020 9937 5016 9938 5020 9938 5031 9938 5016 9939 5031 9939 5017 9939 5018 9940 5017 9940 5031 9940 5032 9941 5035 9941 5052 9941 5032 9942 5052 9942 5036 9942 5024 9943 5023 9943 5053 9943 5024 9944 5053 9944 5033 9944 5033 9945 5054 9945 5034 9945 5033 9946 5053 9946 5055 9946 5033 9947 5055 9947 5054 9947 5034 9948 5054 9948 5035 9948 5035 9949 5054 9949 5056 9949 5035 9950 5056 9950 5052 9950 5036 9951 5052 9951 5057 9951 5036 9952 5057 9952 5058 9952 5036 9953 5058 9953 5037 9953 5037 9954 5058 9954 5059 9954 5037 9955 5059 9955 5007 9955 5007 9956 5059 9956 5008 9956 5013 9957 5012 9957 5060 9957 5013 9958 5060 9958 5061 9958 5013 9959 5061 9959 5062 9959 5013 9960 5062 9960 5038 9960 5038 9961 5062 9961 5027 9961 5027 9962 5062 9962 5063 9962 5027 9963 5063 9963 5064 9963 5027 9964 5064 9964 5065 9964 5027 9965 5065 9965 5028 9965 5030 9966 5029 9966 5066 9966 5030 9967 5066 9967 5039 9967 5021 9968 5051 9968 5022 9968 5052 9969 5056 9969 5067 9969 5052 9970 5067 9970 5057 9970 5023 9971 5022 9971 5068 9971 5023 9972 5068 9972 5069 9972 5023 9973 5069 9973 5070 9973 5023 9974 5070 9974 5053 9974 5054 9975 5071 9975 5056 9975 5054 9976 5055 9976 5071 9976 5053 9977 5070 9977 5072 9977 5053 9978 5072 9978 5055 9978 5056 9979 5071 9979 5073 9979 5056 9980 5073 9980 5067 9980 5057 9981 5067 9981 5074 9981 5057 9982 5074 9982 5058 9982 5058 9983 5074 9983 5075 9983 5058 9984 5075 9984 5059 9984 5059 9985 5076 9985 5010 9985 5059 9986 5010 9986 5009 9986 5059 9987 5009 9987 5008 9987 5059 9988 5075 9988 5077 9988 5059 9989 5077 9989 5076 9989 5012 9990 5011 9990 5076 9990 5012 9991 5076 9991 5060 9991 5060 9992 5076 9992 5078 9992 5060 9993 5078 9993 5061 9993 5061 9994 5078 9994 5079 9994 5061 9995 5079 9995 5080 9995 5061 9996 5080 9996 5062 9996 5062 9997 5080 9997 5063 9997 5063 9998 5081 9998 5082 9998 5063 9999 5082 9999 5064 9999 5063 10000 5080 10000 5081 10000 5064 10001 5082 10001 5065 10001 5065 10002 5083 10002 5084 10002 5065 10003 5084 10003 5029 10003 5065 10004 5029 10004 5028 10004 5065 10005 5082 10005 5083 10005 5039 10006 5066 10006 5040 10006 5029 10007 5084 10007 5085 10007 5029 10008 5085 10008 5086 10008 5029 10009 5086 10009 5066 10009 5066 10010 5087 10010 5040 10010 5066 10011 5086 10011 5087 10011 5051 10012 5088 10012 5089 10012 5051 10013 5089 10013 5068 10013 5051 10014 5068 10014 5022 10014 5051 10015 5050 10015 5088 10015 5067 10016 5073 10016 5074 10016 5068 10017 5089 10017 5090 10017 5068 10018 5090 10018 5091 10018 5068 10019 5091 10019 5069 10019 5069 10020 5092 10020 5093 10020 5069 10021 5093 10021 5070 10021 5069 10022 5091 10022 5092 10022 5070 10023 5093 10023 5094 10023 5070 10024 5094 10024 5072 10024 5071 10025 5095 10025 5096 10025 5071 10026 5096 10026 5073 10026 5071 10027 5055 10027 5072 10027 5071 10028 5072 10028 5097 10028 5071 10029 5097 10029 5098 10029 5071 10030 5098 10030 5095 10030 5072 10031 5099 10031 5097 10031 5072 10032 5094 10032 5099 10032 5073 10033 5100 10033 5074 10033 5073 10034 5096 10034 5101 10034 5073 10035 5101 10035 5100 10035 5074 10036 5102 10036 5103 10036 5074 10037 5103 10037 5075 10037 5074 10038 5100 10038 5102 10038 5075 10039 5103 10039 5104 10039 5075 10040 5104 10040 5077 10040 5076 10041 5011 10041 5010 10041 5076 10042 5077 10042 5078 10042 5078 10043 5077 10043 5105 10043 5078 10044 5105 10044 5079 10044 5079 10045 5105 10045 5106 10045 5079 10046 5106 10046 5080 10046 5080 10047 5106 10047 5081 10047 5081 10048 5106 10048 5096 10048 5081 10049 5096 10049 5095 10049 5081 10050 5095 10050 5082 10050 5082 10051 5095 10051 5107 10051 5082 10052 5107 10052 5083 10052 5083 10053 5107 10053 5084 10053 5084 10054 5108 10054 5085 10054 5084 10055 5107 10055 5108 10055 5040 10056 5087 10056 5109 10056 5040 10057 5109 10057 5041 10057 5085 10058 5110 10058 5111 10058 5085 10059 5111 10059 5086 10059 5085 10060 5108 10060 5110 10060 5086 10061 5111 10061 5112 10061 5086 10062 5112 10062 5087 10062 5087 10063 5113 10063 5109 10063 5087 10064 5112 10064 5114 10064 5087 10065 5114 10065 5113 10065 5088 10066 5050 10066 5089 10066 5089 10067 5050 10067 5090 10067 5050 10068 5049 10068 5115 10068 5050 10069 5115 10069 5090 10069 5090 10070 5115 10070 5116 10070 5090 10071 5116 10071 5091 10071 5091 10072 5116 10072 5117 10072 5091 10073 5117 10073 5092 10073 5092 10074 5117 10074 5118 10074 5092 10075 5118 10075 5119 10075 5092 10076 5119 10076 5093 10076 5093 10077 5119 10077 5094 10077 5094 10078 5119 10078 5120 10078 5094 10079 5120 10079 5099 10079 5095 10080 5121 10080 5107 10080 5095 10081 5098 10081 5121 10081 5097 10082 5099 10082 5122 10082 5097 10083 5122 10083 5098 10083 5099 10084 5120 10084 5123 10084 5099 10085 5123 10085 5122 10085 5100 10086 5101 10086 5124 10086 5100 10087 5124 10087 5102 10087 5096 10088 5106 10088 5105 10088 5096 10089 5105 10089 5101 10089 5102 10090 5124 10090 5104 10090 5102 10091 5104 10091 5103 10091 5077 10092 5104 10092 5105 10092 5105 10093 5104 10093 5124 10093 5105 10094 5124 10094 5101 10094 5107 10095 5121 10095 5108 10095 5108 10096 5122 10096 5110 10096 5108 10097 5121 10097 5122 10097 5041 10098 5109 10098 5113 10098 5041 10099 5113 10099 5125 10099 5041 10100 5125 10100 5042 10100 5110 10101 5122 10101 5123 10101 5110 10102 5123 10102 5126 10102 5110 10103 5126 10103 5111 10103 5111 10104 5126 10104 5112 10104 5112 10105 5126 10105 5127 10105 5112 10106 5127 10106 5114 10106 5113 10107 5114 10107 5128 10107 5113 10108 5128 10108 5129 10108 5113 10109 5129 10109 5130 10109 5113 10110 5130 10110 5125 10110 5114 10111 5127 10111 5131 10111 5114 10112 5131 10112 5128 10112 5049 10113 5048 10113 5132 10113 5049 10114 5132 10114 5115 10114 5115 10115 5132 10115 5116 10115 5116 10116 5133 10116 5134 10116 5116 10117 5134 10117 5117 10117 5116 10118 5132 10118 5135 10118 5116 10119 5135 10119 5133 10119 5117 10120 5136 10120 5118 10120 5117 10121 5134 10121 5136 10121 5118 10122 5137 10122 5138 10122 5118 10123 5138 10123 5120 10123 5118 10124 5120 10124 5119 10124 5118 10125 5136 10125 5139 10125 5118 10126 5139 10126 5137 10126 5120 10127 5138 10127 5140 10127 5120 10128 5140 10128 5123 10128 5121 10129 5098 10129 5122 10129 5042 10130 5125 10130 5043 10130 5125 10131 5130 10131 5043 10131 5123 10132 5140 10132 5127 10132 5123 10133 5127 10133 5126 10133 5127 10134 5140 10134 5141 10134 5127 10135 5141 10135 5142 10135 5127 10136 5142 10136 5131 10136 5128 10137 5134 10137 5133 10137 5128 10138 5133 10138 5129 10138 5128 10139 5131 10139 5136 10139 5128 10140 5136 10140 5134 10140 5129 10141 5133 10141 5135 10141 5129 10142 5135 10142 5130 10142 5130 10143 5135 10143 5046 10143 5130 10144 5046 10144 5045 10144 5130 10145 5045 10145 5044 10145 5130 10146 5044 10146 5043 10146 5131 10147 5142 10147 5139 10147 5131 10148 5139 10148 5136 10148 5048 10149 5047 10149 5135 10149 5048 10150 5135 10150 5132 10150 5135 10151 5047 10151 5046 10151 5137 10152 5141 10152 5140 10152 5137 10153 5140 10153 5138 10153 5137 10154 5139 10154 5142 10154 5137 10155 5142 10155 5141 10155</p>
                </triangles>
            </mesh>
        </geometry>
    </library_geometries>
    <library_visual_scenes>
        <visual_scene id="VisualSceneNode" name="VisualScene">
            <node id="node" name="node">
                <instance_geometry url="#shape0-lib"/>
            </node>
        </visual_scene>
    </library_visual_scenes>
    <scene>
        <instance_visual_scene url="#VisualSceneNode"/>
    </scene>
</COLLADA>
